case,bias,lambda,policy,accepted,reference_safe,optimistic,validated_acceptance,runtime_s
a100-s0-fast-decode,1.0,0.006,unmodified,True,True,False,True,0.02564741700189188
a100-s0-fast-decode,1.0,0.006,fixed_compute_margin_10pct,True,True,False,True,0.025889625016134232
a100-s0-fast-decode,1.0,0.006,fixed_compute_margin_25pct,True,True,False,True,0.02618370804702863
a100-s0-fast-decode,1.0,0.006,fixed_sla_margin_10pct,True,True,False,True,0.028393917018547654
a100-s0-fast-decode,1.0,0.006,load_stress_10pct,True,True,False,True,0.0247220000019297
a100-s0-fast-decode,1.0,0.006,load_stress_20pct,True,True,False,True,0.019945166015531868
a100-s0-fast-decode,1.0,0.006,capacity_derating_10pct,True,True,False,True,1.2919772416353226e-06
a100-s0-fast-decode,1.0,0.006,capacity_derating_20pct,True,True,False,True,5.839974619448185e-07
a100-s0-fast-decode,1.0,0.006,finite_four_scenarios,True,True,False,True,0.1000756670255214
a100-s0-fast-decode,1.0,0.01,unmodified,True,True,False,True,0.026476166967768222
a100-s0-fast-decode,1.0,0.01,fixed_compute_margin_10pct,True,True,False,True,0.024581125006079674
a100-s0-fast-decode,1.0,0.01,fixed_compute_margin_25pct,True,True,False,True,0.02002620801795274
a100-s0-fast-decode,1.0,0.01,fixed_sla_margin_10pct,True,True,False,True,0.021904124994762242
a100-s0-fast-decode,1.0,0.01,load_stress_10pct,True,True,False,True,0.023798500013072044
a100-s0-fast-decode,1.0,0.01,load_stress_20pct,True,True,False,True,0.02533624996431172
a100-s0-fast-decode,1.0,0.01,capacity_derating_10pct,True,True,False,True,1.458043698221445e-06
a100-s0-fast-decode,1.0,0.01,capacity_derating_20pct,True,True,False,True,6.67001586407423e-07
a100-s0-fast-decode,1.0,0.01,finite_four_scenarios,True,True,False,True,0.09972929197829217
a100-s0-fast-decode,1.0,0.0131,unmodified,True,True,False,True,0.020639416994526982
a100-s0-fast-decode,1.0,0.0131,fixed_compute_margin_10pct,True,True,False,True,0.02454429102363065
a100-s0-fast-decode,1.0,0.0131,fixed_compute_margin_25pct,False,True,False,False,0.025663790991529822
a100-s0-fast-decode,1.0,0.0131,fixed_sla_margin_10pct,True,True,False,True,0.027331250021234155
a100-s0-fast-decode,1.0,0.0131,load_stress_10pct,True,True,False,True,0.02898416598327458
a100-s0-fast-decode,1.0,0.0131,load_stress_20pct,False,True,False,False,0.019300082989502698
a100-s0-fast-decode,1.0,0.0131,capacity_derating_10pct,True,True,False,True,1.2909877113997936e-06
a100-s0-fast-decode,1.0,0.0131,capacity_derating_20pct,False,True,False,False,6.249756552278996e-07
a100-s0-fast-decode,1.0,0.0131,finite_four_scenarios,False,True,False,False,0.093173208006192
a100-s0-fast-decode,1.0,0.0132,unmodified,True,True,False,True,0.02708070899825543
a100-s0-fast-decode,1.0,0.0132,fixed_compute_margin_10pct,True,True,False,True,0.026368666032794863
a100-s0-fast-decode,1.0,0.0132,fixed_compute_margin_25pct,False,True,False,False,0.022104165982455015
a100-s0-fast-decode,1.0,0.0132,fixed_sla_margin_10pct,True,True,False,True,0.021062042040284723
a100-s0-fast-decode,1.0,0.0132,load_stress_10pct,True,True,False,True,0.022207832953426987
a100-s0-fast-decode,1.0,0.0132,load_stress_20pct,False,True,False,False,0.02257804200053215
a100-s0-fast-decode,1.0,0.0132,capacity_derating_10pct,True,True,False,True,1.333013642579317e-06
a100-s0-fast-decode,1.0,0.0132,capacity_derating_20pct,False,True,False,False,4.1601015254855156e-07
a100-s0-fast-decode,1.0,0.0132,finite_four_scenarios,False,True,False,False,0.11045645800186321
a100-s0-fast-decode,1.0,0.015,unmodified,True,True,False,True,0.020330582978203893
a100-s0-fast-decode,1.0,0.015,fixed_compute_margin_10pct,False,True,False,False,0.019673333037644625
a100-s0-fast-decode,1.0,0.015,fixed_compute_margin_25pct,False,True,False,False,0.021890582982450724
a100-s0-fast-decode,1.0,0.015,fixed_sla_margin_10pct,True,True,False,True,0.024975334003102034
a100-s0-fast-decode,1.0,0.015,load_stress_10pct,False,True,False,False,0.024983666953630745
a100-s0-fast-decode,1.0,0.015,load_stress_20pct,False,True,False,False,0.02547887503169477
a100-s0-fast-decode,1.0,0.015,capacity_derating_10pct,False,True,False,False,8.329516276717186e-07
a100-s0-fast-decode,1.0,0.015,capacity_derating_20pct,False,True,False,False,6.249756552278996e-07
a100-s0-fast-decode,1.0,0.015,finite_four_scenarios,False,True,False,False,0.0874820000026375
a100-s0-fast-decode,1.0,0.01625,unmodified,False,False,False,False,0.022629707993473858
a100-s0-fast-decode,1.0,0.01625,fixed_compute_margin_10pct,False,False,False,False,0.025303915957920253
a100-s0-fast-decode,1.0,0.01625,fixed_compute_margin_25pct,False,False,False,False,0.026604500017128885
a100-s0-fast-decode,1.0,0.01625,fixed_sla_margin_10pct,False,False,False,False,0.025425708037801087
a100-s0-fast-decode,1.0,0.01625,load_stress_10pct,False,False,False,False,0.01864466699771583
a100-s0-fast-decode,1.0,0.01625,load_stress_20pct,False,False,False,False,0.02062262501567602
a100-s0-fast-decode,1.0,0.01625,capacity_derating_10pct,False,False,False,False,7.919734343886375e-07
a100-s0-fast-decode,1.0,0.01625,capacity_derating_20pct,False,False,False,False,6.25033862888813e-07
a100-s0-fast-decode,1.0,0.01625,finite_four_scenarios,False,False,False,False,0.09746991598512977
a100-s0-fast-decode,1.0,0.0175,unmodified,False,False,False,False,0.02562070800922811
a100-s0-fast-decode,1.0,0.0175,fixed_compute_margin_10pct,False,False,False,False,0.01950770796975121
a100-s0-fast-decode,1.0,0.0175,fixed_compute_margin_25pct,False,False,False,False,0.019638707977719605
a100-s0-fast-decode,1.0,0.0175,fixed_sla_margin_10pct,False,False,False,False,0.02083908300846815
a100-s0-fast-decode,1.0,0.0175,load_stress_10pct,False,False,False,False,0.022692750033456832
a100-s0-fast-decode,1.0,0.0175,load_stress_20pct,False,False,False,False,0.02409020799677819
a100-s0-fast-decode,1.0,0.0175,capacity_derating_10pct,False,False,False,False,1.00000761449337e-06
a100-s0-fast-decode,1.0,0.0175,capacity_derating_20pct,False,False,False,False,6.67001586407423e-07
a100-s0-fast-decode,1.0,0.0175,finite_four_scenarios,False,False,False,False,0.08987500000512227
a100-s0-fast-decode,1.0,0.02,unmodified,False,False,False,False,0.020138291991315782
a100-s0-fast-decode,1.0,0.02,fixed_compute_margin_10pct,False,False,False,False,0.02066774998093024
a100-s0-fast-decode,1.0,0.02,fixed_compute_margin_25pct,False,False,False,False,0.021874041005503386
a100-s0-fast-decode,1.0,0.02,fixed_sla_margin_10pct,False,False,False,False,0.025015208986587822
a100-s0-fast-decode,1.0,0.02,load_stress_10pct,False,False,False,False,0.024295875045936555
a100-s0-fast-decode,1.0,0.02,load_stress_20pct,False,False,False,False,0.0254029170027934
a100-s0-fast-decode,1.0,0.02,capacity_derating_10pct,False,False,False,False,8.749775588512421e-07
a100-s0-fast-decode,1.0,0.02,capacity_derating_20pct,False,False,False,False,5.830079317092896e-07
a100-s0-fast-decode,1.0,0.02,finite_four_scenarios,False,False,False,False,0.08072662499034777
a100-s0-fast-decode,1.0,0.025,unmodified,False,False,False,False,0.02247658302076161
a100-s0-fast-decode,1.0,0.025,fixed_compute_margin_10pct,False,False,False,False,0.0244351250003092
a100-s0-fast-decode,1.0,0.025,fixed_compute_margin_25pct,False,False,False,False,0.025706374959554523
a100-s0-fast-decode,1.0,0.025,fixed_sla_margin_10pct,False,False,False,False,0.02224104100605473
a100-s0-fast-decode,1.0,0.025,load_stress_10pct,False,False,False,False,0.016797499964013696
a100-s0-fast-decode,1.0,0.025,load_stress_20pct,False,False,False,False,0.017366499989293516
a100-s0-fast-decode,1.0,0.025,capacity_derating_10pct,False,False,False,False,9.579816833138466e-07
a100-s0-fast-decode,1.0,0.025,capacity_derating_20pct,False,False,False,False,5.00003807246685e-07
a100-s0-fast-decode,1.0,0.025,finite_four_scenarios,False,False,False,False,0.08669829199789092
a100-s0-fast-decode,1.0,0.04,unmodified,False,False,False,False,0.02636562497355044
a100-s0-fast-decode,1.0,0.04,fixed_compute_margin_10pct,False,False,False,False,0.026937332993838936
a100-s0-fast-decode,1.0,0.04,fixed_compute_margin_25pct,False,False,False,False,0.019157250004354864
a100-s0-fast-decode,1.0,0.04,fixed_sla_margin_10pct,False,False,False,False,0.019070208014454693
a100-s0-fast-decode,1.0,0.04,load_stress_10pct,False,False,False,False,0.021693500049877912
a100-s0-fast-decode,1.0,0.04,load_stress_20pct,False,False,False,False,0.022875499969813973
a100-s0-fast-decode,1.0,0.04,capacity_derating_10pct,False,False,False,False,1.0420335456728935e-06
a100-s0-fast-decode,1.0,0.04,capacity_derating_20pct,False,False,False,False,6.67001586407423e-07
a100-s0-fast-decode,1.0,0.04,finite_four_scenarios,False,False,False,False,0.09603666700422764
a100-s0-fast-decode,1.0,0.08,unmodified,False,False,False,False,0.024869333021342754
a100-s0-fast-decode,1.0,0.08,fixed_compute_margin_10pct,False,False,False,False,0.029441624996252358
a100-s0-fast-decode,1.0,0.08,fixed_compute_margin_25pct,False,False,False,False,0.03222437499789521
a100-s0-fast-decode,1.0,0.08,fixed_sla_margin_10pct,False,False,False,False,0.03088162501808256
a100-s0-fast-decode,1.0,0.08,load_stress_10pct,False,False,False,False,0.031232750043272972
a100-s0-fast-decode,1.0,0.08,load_stress_20pct,False,False,False,False,0.026537417026702315
a100-s0-fast-decode,1.0,0.08,capacity_derating_10pct,False,False,False,False,1.167005393654108e-06
a100-s0-fast-decode,1.0,0.08,capacity_derating_20pct,False,False,False,False,5.409820005297661e-07
a100-s0-fast-decode,1.0,0.08,finite_four_scenarios,False,False,False,False,0.11800666601629928
a100-s0-fast-decode,1.0,0.16,unmodified,False,False,False,False,0.033879707974847406
a100-s0-fast-decode,1.0,0.16,fixed_compute_margin_10pct,False,False,False,False,0.03425987501395866
a100-s0-fast-decode,1.0,0.16,fixed_compute_margin_25pct,False,False,False,False,0.03922579099889845
a100-s0-fast-decode,1.0,0.16,fixed_sla_margin_10pct,False,False,False,False,0.03958041698206216
a100-s0-fast-decode,1.0,0.16,load_stress_10pct,False,False,False,False,0.046753083006478846
a100-s0-fast-decode,1.0,0.16,load_stress_20pct,False,False,False,False,0.03611537499818951
a100-s0-fast-decode,1.0,0.16,capacity_derating_10pct,False,False,False,False,9.579816833138466e-07
a100-s0-fast-decode,1.0,0.16,capacity_derating_20pct,False,False,False,False,6.25033862888813e-07
a100-s0-fast-decode,1.0,0.16,finite_four_scenarios,False,False,False,False,0.16064887499669567
a100-s0-fast-decode,1.0,0.32,unmodified,False,False,False,False,0.05148945900145918
a100-s0-fast-decode,1.0,0.32,fixed_compute_margin_10pct,False,False,False,False,0.0622827080078423
a100-s0-fast-decode,1.0,0.32,fixed_compute_margin_25pct,False,False,False,False,0.0547630829969421
a100-s0-fast-decode,1.0,0.32,fixed_sla_margin_10pct,False,False,False,False,0.05611850001150742
a100-s0-fast-decode,1.0,0.32,load_stress_10pct,False,False,False,False,0.06627408403437585
a100-s0-fast-decode,1.0,0.32,load_stress_20pct,False,False,False,False,0.049771167046856135
a100-s0-fast-decode,1.0,0.32,capacity_derating_10pct,False,False,False,False,1.167005393654108e-06
a100-s0-fast-decode,1.0,0.32,capacity_derating_20pct,False,False,False,False,7.92031642049551e-07
a100-s0-fast-decode,1.0,0.32,finite_four_scenarios,False,False,False,False,0.22678075003204867
a100-s0-fast-decode,1.0,0.64,unmodified,False,False,False,False,0.08229141699848697
a100-s0-fast-decode,1.0,0.64,fixed_compute_margin_10pct,False,False,False,False,0.07017974997870624
a100-s0-fast-decode,1.0,0.64,fixed_compute_margin_25pct,False,False,False,False,0.08596016699448228
a100-s0-fast-decode,1.0,0.64,fixed_sla_margin_10pct,False,False,False,False,0.07086300000082701
a100-s0-fast-decode,1.0,0.64,load_stress_10pct,False,False,False,False,0.08400179201271385
a100-s0-fast-decode,1.0,0.64,load_stress_20pct,False,False,False,False,0.11721183400368318
a100-s0-fast-decode,1.0,0.64,capacity_derating_10pct,False,False,False,False,2.2909953258931637e-06
a100-s0-fast-decode,1.0,0.64,capacity_derating_20pct,False,False,False,False,5.409820005297661e-07
a100-s0-fast-decode,1.0,0.64,finite_four_scenarios,False,False,False,False,0.30743812496075407
a100-s0-fast-decode,1.0,1.28,unmodified,False,False,False,False,0.09354645799612626
a100-s0-fast-decode,1.0,1.28,fixed_compute_margin_10pct,False,False,False,False,0.08816583303268999
a100-s0-fast-decode,1.0,1.28,fixed_compute_margin_25pct,False,False,False,False,0.0248925419873558
a100-s0-fast-decode,1.0,1.28,fixed_sla_margin_10pct,False,False,False,False,0.08949420799035579
a100-s0-fast-decode,1.0,1.28,load_stress_10pct,False,False,False,False,0.09386354102753103
a100-s0-fast-decode,1.0,1.28,load_stress_20pct,False,False,False,False,0.09248191700316966
a100-s0-fast-decode,1.0,1.28,capacity_derating_10pct,False,False,False,False,2.5830231606960297e-06
a100-s0-fast-decode,1.0,1.28,capacity_derating_20pct,False,False,False,False,5.41971530765295e-07
a100-s0-fast-decode,1.0,1.28,finite_four_scenarios,False,False,False,False,0.22164920903742313
a100-s0-fast-decode,0.9,0.006,unmodified,True,True,False,True,0.02341262501431629
a100-s0-fast-decode,0.9,0.006,fixed_compute_margin_10pct,True,True,False,True,0.023003082955256104
a100-s0-fast-decode,0.9,0.006,fixed_compute_margin_25pct,True,True,False,True,0.02603045798605308
a100-s0-fast-decode,0.9,0.006,fixed_sla_margin_10pct,True,True,False,True,0.025646166992373765
a100-s0-fast-decode,0.9,0.006,load_stress_10pct,True,True,False,True,0.018828459025826305
a100-s0-fast-decode,0.9,0.006,load_stress_20pct,True,True,False,True,0.019274124992080033
a100-s0-fast-decode,0.9,0.006,capacity_derating_10pct,True,True,False,True,7.500057108700275e-07
a100-s0-fast-decode,0.9,0.006,capacity_derating_20pct,True,True,False,True,6.249756552278996e-07
a100-s0-fast-decode,0.9,0.006,finite_four_scenarios,True,True,False,True,0.09372591599822044
a100-s0-fast-decode,0.9,0.01,unmodified,True,True,False,True,0.026373458036687225
a100-s0-fast-decode,0.9,0.01,fixed_compute_margin_10pct,True,True,False,True,0.024459499982185662
a100-s0-fast-decode,0.9,0.01,fixed_compute_margin_25pct,True,True,False,True,0.01862024998990819
a100-s0-fast-decode,0.9,0.01,fixed_sla_margin_10pct,True,True,False,True,0.02051462500821799
a100-s0-fast-decode,0.9,0.01,load_stress_10pct,True,True,False,True,0.02286770800128579
a100-s0-fast-decode,0.9,0.01,load_stress_20pct,True,True,False,True,0.024128999968525022
a100-s0-fast-decode,0.9,0.01,capacity_derating_10pct,True,True,False,True,1.00000761449337e-06
a100-s0-fast-decode,0.9,0.01,capacity_derating_20pct,True,True,False,True,6.249756552278996e-07
a100-s0-fast-decode,0.9,0.01,finite_four_scenarios,True,True,False,True,0.09873320802580565
a100-s0-fast-decode,0.9,0.0131,unmodified,True,True,False,True,0.0209892499842681
a100-s0-fast-decode,0.9,0.0131,fixed_compute_margin_10pct,True,True,False,True,0.022228999994695187
a100-s0-fast-decode,0.9,0.0131,fixed_compute_margin_25pct,True,True,False,True,0.021521083021070808
a100-s0-fast-decode,0.9,0.0131,fixed_sla_margin_10pct,True,True,False,True,0.023715958988759667
a100-s0-fast-decode,0.9,0.0131,load_stress_10pct,True,True,False,True,0.02577245800057426
a100-s0-fast-decode,0.9,0.0131,load_stress_20pct,True,True,False,True,0.025385166984051466
a100-s0-fast-decode,0.9,0.0131,capacity_derating_10pct,True,True,False,True,1.0409858077764511e-06
a100-s0-fast-decode,0.9,0.0131,capacity_derating_20pct,False,True,False,False,6.249756552278996e-07
a100-s0-fast-decode,0.9,0.0131,finite_four_scenarios,True,True,False,True,0.07991716603282839
a100-s0-fast-decode,0.9,0.0132,unmodified,True,True,False,True,0.02357629098696634
a100-s0-fast-decode,0.9,0.0132,fixed_compute_margin_10pct,True,True,False,True,0.025222875003237277
a100-s0-fast-decode,0.9,0.0132,fixed_compute_margin_25pct,True,True,False,True,0.026284667022991925
a100-s0-fast-decode,0.9,0.0132,fixed_sla_margin_10pct,True,True,False,True,0.027116957993712276
a100-s0-fast-decode,0.9,0.0132,load_stress_10pct,True,True,False,True,0.022217332967557013
a100-s0-fast-decode,0.9,0.0132,load_stress_20pct,True,True,False,True,0.021539167035371065
a100-s0-fast-decode,0.9,0.0132,capacity_derating_10pct,True,True,False,True,1.3339449651539326e-06
a100-s0-fast-decode,0.9,0.0132,capacity_derating_20pct,False,True,False,False,5.00003807246685e-07
a100-s0-fast-decode,0.9,0.0132,finite_four_scenarios,True,True,False,True,0.09671029099263251
a100-s0-fast-decode,0.9,0.015,unmodified,True,True,False,True,0.027349249983672053
a100-s0-fast-decode,0.9,0.015,fixed_compute_margin_10pct,True,True,False,True,0.025845165946520865
a100-s0-fast-decode,0.9,0.015,fixed_compute_margin_25pct,False,True,False,False,0.019360832986421883
a100-s0-fast-decode,0.9,0.015,fixed_sla_margin_10pct,True,True,False,True,0.02107620902825147
a100-s0-fast-decode,0.9,0.015,load_stress_10pct,False,True,False,False,0.022585041995625943
a100-s0-fast-decode,0.9,0.015,load_stress_20pct,False,True,False,False,0.023396374948788434
a100-s0-fast-decode,0.9,0.015,capacity_derating_10pct,False,True,False,False,1.0410440154373646e-06
a100-s0-fast-decode,0.9,0.015,capacity_derating_20pct,False,True,False,False,7.499475032091141e-07
a100-s0-fast-decode,0.9,0.015,finite_four_scenarios,False,True,False,False,0.09778358304174617
a100-s0-fast-decode,0.9,0.01625,unmodified,True,False,True,False,0.02176045801024884
a100-s0-fast-decode,0.9,0.01625,fixed_compute_margin_10pct,False,False,False,False,0.023764624958857894
a100-s0-fast-decode,0.9,0.01625,fixed_compute_margin_25pct,False,False,False,False,0.021493749984074384
a100-s0-fast-decode,0.9,0.01625,fixed_sla_margin_10pct,True,False,True,False,0.022799208003561944
a100-s0-fast-decode,0.9,0.01625,load_stress_10pct,False,False,False,False,0.024955415981821716
a100-s0-fast-decode,0.9,0.01625,load_stress_20pct,False,False,False,False,0.02489216602407396
a100-s0-fast-decode,0.9,0.01625,capacity_derating_10pct,False,False,False,False,8.749775588512421e-07
a100-s0-fast-decode,0.9,0.01625,capacity_derating_20pct,False,False,False,False,7.079797796905041e-07
a100-s0-fast-decode,0.9,0.01625,finite_four_scenarios,False,False,False,False,0.08680091600399464
a100-s0-fast-decode,0.9,0.0175,unmodified,False,False,False,False,0.02114087500376627
a100-s0-fast-decode,0.9,0.0175,fixed_compute_margin_10pct,False,False,False,False,0.022896540991496295
a100-s0-fast-decode,0.9,0.0175,fixed_compute_margin_25pct,False,False,False,False,0.02540745900478214
a100-s0-fast-decode,0.9,0.0175,fixed_sla_margin_10pct,False,False,False,False,0.0232700000051409
a100-s0-fast-decode,0.9,0.0175,load_stress_10pct,False,False,False,False,0.0185472919838503
a100-s0-fast-decode,0.9,0.0175,load_stress_20pct,False,False,False,False,0.017323292035143822
a100-s0-fast-decode,0.9,0.0175,capacity_derating_10pct,False,False,False,False,1.00000761449337e-06
a100-s0-fast-decode,0.9,0.0175,capacity_derating_20pct,False,False,False,False,4.169996827840805e-07
a100-s0-fast-decode,0.9,0.0175,finite_four_scenarios,False,False,False,False,0.08909887500340119
a100-s0-fast-decode,0.9,0.02,unmodified,False,False,False,False,0.024432958045508713
a100-s0-fast-decode,0.9,0.02,fixed_compute_margin_10pct,False,False,False,False,0.022534500050824136
a100-s0-fast-decode,0.9,0.02,fixed_compute_margin_25pct,False,False,False,False,0.016061000002082437
a100-s0-fast-decode,0.9,0.02,fixed_sla_margin_10pct,False,False,False,False,0.018008499988354743
a100-s0-fast-decode,0.9,0.02,load_stress_10pct,False,False,False,False,0.02084358298452571
a100-s0-fast-decode,0.9,0.02,load_stress_20pct,False,False,False,False,0.021555709012318403
a100-s0-fast-decode,0.9,0.02,capacity_derating_10pct,False,False,False,False,8.750357665121555e-07
a100-s0-fast-decode,0.9,0.02,capacity_derating_20pct,False,False,False,False,7.090275175869465e-07
a100-s0-fast-decode,0.9,0.02,finite_four_scenarios,False,False,False,False,0.09401900001103058
a100-s0-fast-decode,0.9,0.025,unmodified,False,False,False,False,0.017546041985042393
a100-s0-fast-decode,0.9,0.025,fixed_compute_margin_10pct,False,False,False,False,0.018980499997269362
a100-s0-fast-decode,0.9,0.025,fixed_compute_margin_25pct,False,False,False,False,0.020616957976017147
a100-s0-fast-decode,0.9,0.025,fixed_sla_margin_10pct,False,False,False,False,0.020152958983089775
a100-s0-fast-decode,0.9,0.025,load_stress_10pct,False,False,False,False,0.022859917022287846
a100-s0-fast-decode,0.9,0.025,load_stress_20pct,False,False,False,False,0.0235429159947671
a100-s0-fast-decode,0.9,0.025,capacity_derating_10pct,False,False,False,False,1.1249794624745846e-06
a100-s0-fast-decode,0.9,0.025,capacity_derating_20pct,False,False,False,False,5.41971530765295e-07
a100-s0-fast-decode,0.9,0.025,finite_four_scenarios,False,False,False,False,0.08668362500611693
a100-s0-fast-decode,0.9,0.04,unmodified,False,False,False,False,0.020829499990213662
a100-s0-fast-decode,0.9,0.04,fixed_compute_margin_10pct,False,False,False,False,0.02265333302784711
a100-s0-fast-decode,0.9,0.04,fixed_compute_margin_25pct,False,False,False,False,0.02577033400302753
a100-s0-fast-decode,0.9,0.04,fixed_sla_margin_10pct,False,False,False,False,0.026667584024835378
a100-s0-fast-decode,0.9,0.04,load_stress_10pct,False,False,False,False,0.026850791997276247
a100-s0-fast-decode,0.9,0.04,load_stress_20pct,False,False,False,False,0.02800799999386072
a100-s0-fast-decode,0.9,0.04,capacity_derating_10pct,False,False,False,False,1.00000761449337e-06
a100-s0-fast-decode,0.9,0.04,capacity_derating_20pct,False,False,False,False,7.500057108700275e-07
a100-s0-fast-decode,0.9,0.04,finite_four_scenarios,False,False,False,False,0.08951449999585748
a100-s0-fast-decode,0.9,0.08,unmodified,False,False,False,False,0.032646833977196366
a100-s0-fast-decode,0.9,0.08,fixed_compute_margin_10pct,False,False,False,False,0.03449295897735283
a100-s0-fast-decode,0.9,0.08,fixed_compute_margin_25pct,False,False,False,False,0.035967250005342066
a100-s0-fast-decode,0.9,0.08,fixed_sla_margin_10pct,False,False,False,False,0.025329791998956352
a100-s0-fast-decode,0.9,0.08,load_stress_10pct,False,False,False,False,0.02918358298484236
a100-s0-fast-decode,0.9,0.08,load_stress_20pct,False,False,False,False,0.03360491700004786
a100-s0-fast-decode,0.9,0.08,capacity_derating_10pct,False,False,False,False,8.330098353326321e-07
a100-s0-fast-decode,0.9,0.08,capacity_derating_20pct,False,False,False,False,4.5803608372807503e-07
a100-s0-fast-decode,0.9,0.08,finite_four_scenarios,False,False,False,False,0.12866658298298717
a100-s0-fast-decode,0.9,0.16,unmodified,False,False,False,False,0.03621062496677041
a100-s0-fast-decode,0.9,0.16,fixed_compute_margin_10pct,False,False,False,False,0.04420583299361169
a100-s0-fast-decode,0.9,0.16,fixed_compute_margin_25pct,False,False,False,False,0.04771116602933034
a100-s0-fast-decode,0.9,0.16,fixed_sla_margin_10pct,False,False,False,False,0.03207908303011209
a100-s0-fast-decode,0.9,0.16,load_stress_10pct,False,False,False,False,0.03536670800531283
a100-s0-fast-decode,0.9,0.16,load_stress_20pct,False,False,False,False,0.04522570897825062
a100-s0-fast-decode,0.9,0.16,capacity_derating_10pct,False,False,False,False,1.2080417945981026e-06
a100-s0-fast-decode,0.9,0.16,capacity_derating_20pct,False,False,False,False,1.2090313248336315e-06
a100-s0-fast-decode,0.9,0.16,finite_four_scenarios,False,False,False,False,0.1671274169930257
a100-s0-fast-decode,0.9,0.32,unmodified,False,False,False,False,0.060729458986315876
a100-s0-fast-decode,0.9,0.32,fixed_compute_margin_10pct,False,False,False,False,0.04746054200222716
a100-s0-fast-decode,0.9,0.32,fixed_compute_margin_25pct,False,False,False,False,0.06246929202461615
a100-s0-fast-decode,0.9,0.32,fixed_sla_margin_10pct,False,False,False,False,0.06356933299684897
a100-s0-fast-decode,0.9,0.32,load_stress_10pct,False,False,False,False,0.05303949996596202
a100-s0-fast-decode,0.9,0.32,load_stress_20pct,False,False,False,False,0.06106733396882191
a100-s0-fast-decode,0.9,0.32,capacity_derating_10pct,False,False,False,False,9.5803989097476e-07
a100-s0-fast-decode,0.9,0.32,capacity_derating_20pct,False,False,False,False,5.409820005297661e-07
a100-s0-fast-decode,0.9,0.32,finite_four_scenarios,False,False,False,False,0.2324570000055246
a100-s0-fast-decode,0.9,0.64,unmodified,False,False,False,False,0.06805879104649648
a100-s0-fast-decode,0.9,0.64,fixed_compute_margin_10pct,False,False,False,False,0.08225008303998038
a100-s0-fast-decode,0.9,0.64,fixed_compute_margin_25pct,False,False,False,False,0.07505666703218594
a100-s0-fast-decode,0.9,0.64,fixed_sla_margin_10pct,False,False,False,False,0.07814599998528138
a100-s0-fast-decode,0.9,0.64,load_stress_10pct,False,False,False,False,0.07906162500148639
a100-s0-fast-decode,0.9,0.64,load_stress_20pct,False,False,False,False,0.08161058399127796
a100-s0-fast-decode,0.9,0.64,capacity_derating_10pct,False,False,False,False,1.2080417945981026e-06
a100-s0-fast-decode,0.9,0.64,capacity_derating_20pct,False,False,False,False,6.67001586407423e-07
a100-s0-fast-decode,0.9,0.64,finite_four_scenarios,False,False,False,False,0.3189027499756776
a100-s0-fast-decode,0.9,1.28,unmodified,False,False,False,False,0.09822350001195446
a100-s0-fast-decode,0.9,1.28,fixed_compute_margin_10pct,False,False,False,False,0.08471741701941937
a100-s0-fast-decode,0.9,1.28,fixed_compute_margin_25pct,False,False,False,False,0.10415387502871454
a100-s0-fast-decode,0.9,1.28,fixed_sla_margin_10pct,False,False,False,False,0.07715058396570385
a100-s0-fast-decode,0.9,1.28,load_stress_10pct,False,False,False,False,0.09224737505428493
a100-s0-fast-decode,0.9,1.28,load_stress_20pct,False,False,False,False,0.082902499998454
a100-s0-fast-decode,0.9,1.28,capacity_derating_10pct,False,False,False,False,1.374981366097927e-06
a100-s0-fast-decode,0.9,1.28,capacity_derating_20pct,False,False,False,False,5.420297384262085e-07
a100-s0-fast-decode,0.9,1.28,finite_four_scenarios,False,False,False,False,0.37100420898059383
a100-s0-slow-decode,1.0,0.006,unmodified,True,True,False,True,0.028923125006258488
a100-s0-slow-decode,1.0,0.006,fixed_compute_margin_10pct,True,True,False,True,0.025431541027501225
a100-s0-slow-decode,1.0,0.006,fixed_compute_margin_25pct,True,True,False,True,0.021737208007834852
a100-s0-slow-decode,1.0,0.006,fixed_sla_margin_10pct,True,True,False,True,0.02303270803531632
a100-s0-slow-decode,1.0,0.006,load_stress_10pct,True,True,False,True,0.02449608303140849
a100-s0-slow-decode,1.0,0.006,load_stress_20pct,True,True,False,True,0.026771874981932342
a100-s0-slow-decode,1.0,0.006,capacity_derating_10pct,True,True,False,True,9.589712135493755e-07
a100-s0-slow-decode,1.0,0.006,capacity_derating_20pct,True,True,False,True,7.500057108700275e-07
a100-s0-slow-decode,1.0,0.006,finite_four_scenarios,True,True,False,True,0.15654970798641443
a100-s0-slow-decode,1.0,0.01,unmodified,True,True,False,True,0.025477459013927728
a100-s0-slow-decode,1.0,0.01,fixed_compute_margin_10pct,True,True,False,True,0.02692620799643919
a100-s0-slow-decode,1.0,0.01,fixed_compute_margin_25pct,True,True,False,True,0.02906641602749005
a100-s0-slow-decode,1.0,0.01,fixed_sla_margin_10pct,True,True,False,True,0.02934970799833536
a100-s0-slow-decode,1.0,0.01,load_stress_10pct,True,True,False,True,0.02269337500911206
a100-s0-slow-decode,1.0,0.01,load_stress_20pct,True,True,False,True,0.02201704098843038
a100-s0-slow-decode,1.0,0.01,capacity_derating_10pct,True,True,False,True,1.04197533801198e-06
a100-s0-slow-decode,1.0,0.01,capacity_derating_20pct,True,True,False,True,6.67001586407423e-07
a100-s0-slow-decode,1.0,0.01,finite_four_scenarios,True,True,False,True,0.10812158399494365
a100-s0-slow-decode,1.0,0.0131,unmodified,True,True,False,True,0.028455791005399078
a100-s0-slow-decode,1.0,0.0131,fixed_compute_margin_10pct,True,True,False,True,0.02217629097867757
a100-s0-slow-decode,1.0,0.0131,fixed_compute_margin_25pct,False,True,False,False,0.02006191696273163
a100-s0-slow-decode,1.0,0.0131,fixed_sla_margin_10pct,True,True,False,True,0.02431524998974055
a100-s0-slow-decode,1.0,0.0131,load_stress_10pct,True,True,False,True,0.027903332957066596
a100-s0-slow-decode,1.0,0.0131,load_stress_20pct,False,True,False,False,0.026185875001829118
a100-s0-slow-decode,1.0,0.0131,capacity_derating_10pct,True,True,False,True,1.6249832697212696e-06
a100-s0-slow-decode,1.0,0.0131,capacity_derating_20pct,False,True,False,False,4.5797787606716156e-07
a100-s0-slow-decode,1.0,0.0131,finite_four_scenarios,False,True,False,False,0.10421016695909202
a100-s0-slow-decode,1.0,0.0132,unmodified,True,True,False,True,0.02200649998849258
a100-s0-slow-decode,1.0,0.0132,fixed_compute_margin_10pct,True,True,False,True,0.025035750004462898
a100-s0-slow-decode,1.0,0.0132,fixed_compute_margin_25pct,False,True,False,False,0.02536054200027138
a100-s0-slow-decode,1.0,0.0132,fixed_sla_margin_10pct,True,True,False,True,0.028061167045962065
a100-s0-slow-decode,1.0,0.0132,load_stress_10pct,True,True,False,True,0.02943504200084135
a100-s0-slow-decode,1.0,0.0132,load_stress_20pct,False,True,False,False,0.023367916990537196
a100-s0-slow-decode,1.0,0.0132,capacity_derating_10pct,True,True,False,True,1.0830117389559746e-06
a100-s0-slow-decode,1.0,0.0132,capacity_derating_20pct,False,True,False,False,6.67001586407423e-07
a100-s0-slow-decode,1.0,0.0132,finite_four_scenarios,False,True,False,False,0.09383566601900384
a100-s0-slow-decode,1.0,0.015,unmodified,True,True,False,True,0.027396541961934417
a100-s0-slow-decode,1.0,0.015,fixed_compute_margin_10pct,False,True,False,False,0.027642207976896316
a100-s0-slow-decode,1.0,0.015,fixed_compute_margin_25pct,False,True,False,False,0.02614929201081395
a100-s0-slow-decode,1.0,0.015,fixed_sla_margin_10pct,True,True,False,True,0.018259334028698504
a100-s0-slow-decode,1.0,0.015,load_stress_10pct,False,True,False,False,0.02109275001566857
a100-s0-slow-decode,1.0,0.015,load_stress_20pct,False,True,False,False,0.019991124980151653
a100-s0-slow-decode,1.0,0.015,capacity_derating_10pct,False,True,False,False,9.160139597952366e-07
a100-s0-slow-decode,1.0,0.015,capacity_derating_20pct,False,True,False,False,2.500019036233425e-07
a100-s0-slow-decode,1.0,0.015,finite_four_scenarios,False,True,False,False,0.1031879170332104
a100-s0-slow-decode,1.0,0.01625,unmodified,False,False,False,False,0.02695049997419119
a100-s0-slow-decode,1.0,0.01625,fixed_compute_margin_10pct,False,False,False,False,0.019151375046931207
a100-s0-slow-decode,1.0,0.01625,fixed_compute_margin_25pct,False,False,False,False,0.021676416043192148
a100-s0-slow-decode,1.0,0.01625,fixed_sla_margin_10pct,False,False,False,False,0.023117292032111436
a100-s0-slow-decode,1.0,0.01625,load_stress_10pct,False,False,False,False,0.024241084000095725
a100-s0-slow-decode,1.0,0.01625,load_stress_20pct,False,False,False,False,0.031019333051517606
a100-s0-slow-decode,1.0,0.01625,capacity_derating_10pct,False,False,False,False,8.330098353326321e-07
a100-s0-slow-decode,1.0,0.01625,capacity_derating_20pct,False,False,False,False,8.750357665121555e-07
a100-s0-slow-decode,1.0,0.01625,finite_four_scenarios,False,False,False,False,0.09690658404724672
a100-s0-slow-decode,1.0,0.0175,unmodified,False,False,False,False,0.023480375006329268
a100-s0-slow-decode,1.0,0.0175,fixed_compute_margin_10pct,False,False,False,False,0.02581345901126042
a100-s0-slow-decode,1.0,0.0175,fixed_compute_margin_25pct,False,False,False,False,0.024719416978769004
a100-s0-slow-decode,1.0,0.0175,fixed_sla_margin_10pct,False,False,False,False,0.028140874987002462
a100-s0-slow-decode,1.0,0.0175,load_stress_10pct,False,False,False,False,0.027536584006156772
a100-s0-slow-decode,1.0,0.0175,load_stress_20pct,False,False,False,False,0.024738083011470735
a100-s0-slow-decode,1.0,0.0175,capacity_derating_10pct,False,False,False,False,8.33999365568161e-07
a100-s0-slow-decode,1.0,0.0175,capacity_derating_20pct,False,False,False,False,5.00003807246685e-07
a100-s0-slow-decode,1.0,0.0175,finite_four_scenarios,False,False,False,False,0.09223254199605435
a100-s0-slow-decode,1.0,0.02,unmodified,False,False,False,False,0.027106833003927022
a100-s0-slow-decode,1.0,0.02,fixed_compute_margin_10pct,False,False,False,False,0.026775875012390316
a100-s0-slow-decode,1.0,0.02,fixed_compute_margin_25pct,False,False,False,False,0.027780207979958504
a100-s0-slow-decode,1.0,0.02,fixed_sla_margin_10pct,False,False,False,False,0.01945879199774936
a100-s0-slow-decode,1.0,0.02,load_stress_10pct,False,False,False,False,0.02003595797577873
a100-s0-slow-decode,1.0,0.02,load_stress_20pct,False,False,False,False,0.02209116698941216
a100-s0-slow-decode,1.0,0.02,capacity_derating_10pct,False,False,False,False,1.0409858077764511e-06
a100-s0-slow-decode,1.0,0.02,capacity_derating_20pct,False,False,False,False,5.41971530765295e-07
a100-s0-slow-decode,1.0,0.02,finite_four_scenarios,False,False,False,False,0.108880165964365
a100-s0-slow-decode,1.0,0.025,unmodified,False,False,False,False,0.023682833008933812
a100-s0-slow-decode,1.0,0.025,fixed_compute_margin_10pct,False,False,False,False,0.0209168330184184
a100-s0-slow-decode,1.0,0.025,fixed_compute_margin_25pct,False,False,False,False,0.02406291599618271
a100-s0-slow-decode,1.0,0.025,fixed_sla_margin_10pct,False,False,False,False,0.026233124954160303
a100-s0-slow-decode,1.0,0.025,load_stress_10pct,False,False,False,False,0.02618854201864451
a100-s0-slow-decode,1.0,0.025,load_stress_20pct,False,False,False,False,0.02781391702592373
a100-s0-slow-decode,1.0,0.025,capacity_derating_10pct,False,False,False,False,1.2500095181167126e-06
a100-s0-slow-decode,1.0,0.025,capacity_derating_20pct,False,False,False,False,6.25033862888813e-07
a100-s0-slow-decode,1.0,0.025,finite_four_scenarios,False,False,False,False,0.09096791699994355
a100-s0-slow-decode,1.0,0.04,unmodified,False,False,False,False,0.02698904200224206
a100-s0-slow-decode,1.0,0.04,fixed_compute_margin_10pct,False,False,False,False,0.027787541039288044
a100-s0-slow-decode,1.0,0.04,fixed_compute_margin_25pct,False,False,False,False,0.03074362501502037
a100-s0-slow-decode,1.0,0.04,fixed_sla_margin_10pct,False,False,False,False,0.029612583050038666
a100-s0-slow-decode,1.0,0.04,load_stress_10pct,False,False,False,False,0.022753083030693233
a100-s0-slow-decode,1.0,0.04,load_stress_20pct,False,False,False,False,0.023695541953202337
a100-s0-slow-decode,1.0,0.04,capacity_derating_10pct,False,False,False,False,1.00000761449337e-06
a100-s0-slow-decode,1.0,0.04,capacity_derating_20pct,False,False,False,False,5.409820005297661e-07
a100-s0-slow-decode,1.0,0.04,finite_four_scenarios,False,False,False,False,0.10783100000116974
a100-s0-slow-decode,1.0,0.08,unmodified,False,False,False,False,0.03826570900855586
a100-s0-slow-decode,1.0,0.08,fixed_compute_margin_10pct,False,False,False,False,0.03138620802201331
a100-s0-slow-decode,1.0,0.08,fixed_compute_margin_25pct,False,False,False,False,0.03047879203222692
a100-s0-slow-decode,1.0,0.08,fixed_sla_margin_10pct,False,False,False,False,0.032506167015526444
a100-s0-slow-decode,1.0,0.08,load_stress_10pct,False,False,False,False,0.0368374579702504
a100-s0-slow-decode,1.0,0.08,load_stress_20pct,False,False,False,False,0.03785562497796491
a100-s0-slow-decode,1.0,0.08,capacity_derating_10pct,False,False,False,False,1.334003172814846e-06
a100-s0-slow-decode,1.0,0.08,capacity_derating_20pct,False,False,False,False,1.0410440154373646e-06
a100-s0-slow-decode,1.0,0.08,finite_four_scenarios,False,False,False,False,0.12684583303052932
a100-s0-slow-decode,1.0,0.16,unmodified,False,False,False,False,0.04038341698469594
a100-s0-slow-decode,1.0,0.16,fixed_compute_margin_10pct,False,False,False,False,0.03644595801597461
a100-s0-slow-decode,1.0,0.16,fixed_compute_margin_25pct,False,False,False,False,0.04480012500425801
a100-s0-slow-decode,1.0,0.16,fixed_sla_margin_10pct,False,False,False,False,0.04314320901175961
a100-s0-slow-decode,1.0,0.16,load_stress_10pct,False,False,False,False,0.03344845899846405
a100-s0-slow-decode,1.0,0.16,load_stress_20pct,False,False,False,False,0.03793229203438386
a100-s0-slow-decode,1.0,0.16,capacity_derating_10pct,False,False,False,False,1.0409858077764511e-06
a100-s0-slow-decode,1.0,0.16,capacity_derating_20pct,False,False,False,False,6.249756552278996e-07
a100-s0-slow-decode,1.0,0.16,finite_four_scenarios,False,False,False,False,0.16099058295367286
a100-s0-slow-decode,1.0,0.32,unmodified,False,False,False,False,0.05702424998162314
a100-s0-slow-decode,1.0,0.32,fixed_compute_margin_10pct,False,False,False,False,0.0669434160226956
a100-s0-slow-decode,1.0,0.32,fixed_compute_margin_25pct,False,False,False,False,0.050380249973386526
a100-s0-slow-decode,1.0,0.32,fixed_sla_margin_10pct,False,False,False,False,0.056155958969611675
a100-s0-slow-decode,1.0,0.32,load_stress_10pct,False,False,False,False,0.06944300001487136
a100-s0-slow-decode,1.0,0.32,load_stress_20pct,False,False,False,False,0.06067958299536258
a100-s0-slow-decode,1.0,0.32,capacity_derating_10pct,False,False,False,False,1.0410440154373646e-06
a100-s0-slow-decode,1.0,0.32,capacity_derating_20pct,False,False,False,False,7.079797796905041e-07
a100-s0-slow-decode,1.0,0.32,finite_four_scenarios,False,False,False,False,0.26031737501034513
a100-s0-slow-decode,1.0,0.64,unmodified,False,False,False,False,0.09227308299159631
a100-s0-slow-decode,1.0,0.64,fixed_compute_margin_10pct,False,False,False,False,0.07411979197058827
a100-s0-slow-decode,1.0,0.64,fixed_compute_margin_25pct,False,False,False,False,0.027500249969307333
a100-s0-slow-decode,1.0,0.64,fixed_sla_margin_10pct,False,False,False,False,0.09266637498512864
a100-s0-slow-decode,1.0,0.64,load_stress_10pct,False,False,False,False,0.07901341700926423
a100-s0-slow-decode,1.0,0.64,load_stress_20pct,False,False,False,False,0.10376929200720042
a100-s0-slow-decode,1.0,0.64,capacity_derating_10pct,False,False,False,False,1.2500095181167126e-06
a100-s0-slow-decode,1.0,0.64,capacity_derating_20pct,False,False,False,False,6.25033862888813e-07
a100-s0-slow-decode,1.0,0.64,finite_four_scenarios,False,False,False,False,0.29882979101967067
a100-s0-slow-decode,1.0,1.28,unmodified,False,False,False,False,0.11965458298800513
a100-s0-slow-decode,1.0,1.28,fixed_compute_margin_10pct,False,False,False,False,0.09720529202604666
a100-s0-slow-decode,1.0,1.28,fixed_compute_margin_25pct,False,False,False,False,0.018997249950189143
a100-s0-slow-decode,1.0,1.28,fixed_sla_margin_10pct,False,False,False,False,0.1086728330119513
a100-s0-slow-decode,1.0,1.28,load_stress_10pct,False,False,False,False,0.11497479199897498
a100-s0-slow-decode,1.0,1.28,load_stress_20pct,False,False,False,False,0.10881104198051617
a100-s0-slow-decode,1.0,1.28,capacity_derating_10pct,False,False,False,False,9.999494068324566e-07
a100-s0-slow-decode,1.0,1.28,capacity_derating_20pct,False,False,False,False,5.839974619448185e-07
a100-s0-slow-decode,1.0,1.28,finite_four_scenarios,False,False,False,False,0.25401854200754315
a100-s0-slow-decode,0.9,0.006,unmodified,True,True,False,True,0.02356875000987202
a100-s0-slow-decode,0.9,0.006,fixed_compute_margin_10pct,True,True,False,True,0.022444083006121218
a100-s0-slow-decode,0.9,0.006,fixed_compute_margin_25pct,True,True,False,True,0.023976208991371095
a100-s0-slow-decode,0.9,0.006,fixed_sla_margin_10pct,True,True,False,True,0.02794599998742342
a100-s0-slow-decode,0.9,0.006,load_stress_10pct,True,True,False,True,0.029171250003855675
a100-s0-slow-decode,0.9,0.006,load_stress_20pct,True,True,False,True,0.029612834041472524
a100-s0-slow-decode,0.9,0.006,capacity_derating_10pct,True,True,False,True,1.0409858077764511e-06
a100-s0-slow-decode,0.9,0.006,capacity_derating_20pct,True,True,False,True,9.160139597952366e-07
a100-s0-slow-decode,0.9,0.006,finite_four_scenarios,True,True,False,True,0.10459766699932516
a100-s0-slow-decode,0.9,0.01,unmodified,True,True,False,True,0.026386667042970657
a100-s0-slow-decode,0.9,0.01,fixed_compute_margin_10pct,True,True,False,True,0.02867241599597037
a100-s0-slow-decode,0.9,0.01,fixed_compute_margin_25pct,True,True,False,True,0.029290333040989935
a100-s0-slow-decode,0.9,0.01,fixed_sla_margin_10pct,True,True,False,True,0.03378666698699817
a100-s0-slow-decode,0.9,0.01,load_stress_10pct,True,True,False,True,0.030155958025716245
a100-s0-slow-decode,0.9,0.01,load_stress_20pct,True,True,False,True,0.02197712502675131
a100-s0-slow-decode,0.9,0.01,capacity_derating_10pct,True,True,False,True,8.750357665121555e-07
a100-s0-slow-decode,0.9,0.01,capacity_derating_20pct,True,True,False,True,4.1705789044499397e-07
a100-s0-slow-decode,0.9,0.01,finite_four_scenarios,True,True,False,True,0.11113704100716859
a100-s0-slow-decode,0.9,0.0131,unmodified,True,True,False,True,0.03436291601974517
a100-s0-slow-decode,0.9,0.0131,fixed_compute_margin_10pct,True,True,False,True,0.02875904197571799
a100-s0-slow-decode,0.9,0.0131,fixed_compute_margin_25pct,True,True,False,True,0.021494666987564415
a100-s0-slow-decode,0.9,0.0131,fixed_sla_margin_10pct,True,True,False,True,0.025405207998119295
a100-s0-slow-decode,0.9,0.0131,load_stress_10pct,True,True,False,True,0.02676124998833984
a100-s0-slow-decode,0.9,0.0131,load_stress_20pct,True,True,False,True,0.029027750017121434
a100-s0-slow-decode,0.9,0.0131,capacity_derating_10pct,True,True,False,True,1.00000761449337e-06
a100-s0-slow-decode,0.9,0.0131,capacity_derating_20pct,False,True,False,False,4.5803608372807503e-07
a100-s0-slow-decode,0.9,0.0131,finite_four_scenarios,True,True,False,True,0.12112445902312174
a100-s0-slow-decode,0.9,0.0132,unmodified,True,True,False,True,0.026363625016529113
a100-s0-slow-decode,0.9,0.0132,fixed_compute_margin_10pct,True,True,False,True,0.02797941700555384
a100-s0-slow-decode,0.9,0.0132,fixed_compute_margin_25pct,True,True,False,True,0.02752079104539007
a100-s0-slow-decode,0.9,0.0132,fixed_sla_margin_10pct,True,True,False,True,0.02705408399924636
a100-s0-slow-decode,0.9,0.0132,load_stress_10pct,True,True,False,True,0.019089499954134226
a100-s0-slow-decode,0.9,0.0132,load_stress_20pct,True,True,False,True,0.02188200003001839
a100-s0-slow-decode,0.9,0.0132,capacity_derating_10pct,True,True,False,True,7.909839041531086e-07
a100-s0-slow-decode,0.9,0.0132,capacity_derating_20pct,False,True,False,False,5.00003807246685e-07
a100-s0-slow-decode,0.9,0.0132,finite_four_scenarios,True,True,False,True,0.10299204103648663
a100-s0-slow-decode,0.9,0.015,unmodified,True,True,False,True,0.026228875038214028
a100-s0-slow-decode,0.9,0.015,fixed_compute_margin_10pct,True,True,False,True,0.022615833033341914
a100-s0-slow-decode,0.9,0.015,fixed_compute_margin_25pct,False,True,False,False,0.021484082972165197
a100-s0-slow-decode,0.9,0.015,fixed_sla_margin_10pct,True,True,False,True,0.025113458978012204
a100-s0-slow-decode,0.9,0.015,load_stress_10pct,False,True,False,False,0.02567570802057162
a100-s0-slow-decode,0.9,0.015,load_stress_20pct,False,True,False,False,0.026097542024217546
a100-s0-slow-decode,0.9,0.015,capacity_derating_10pct,False,True,False,False,1.04197533801198e-06
a100-s0-slow-decode,0.9,0.015,capacity_derating_20pct,False,True,False,False,7.92031642049551e-07
a100-s0-slow-decode,0.9,0.015,finite_four_scenarios,False,True,False,False,0.09155070799170062
a100-s0-slow-decode,0.9,0.01625,unmodified,True,False,True,False,0.024951166997198015
a100-s0-slow-decode,0.9,0.01625,fixed_compute_margin_10pct,False,False,False,False,0.025341042026411742
a100-s0-slow-decode,0.9,0.01625,fixed_compute_margin_25pct,False,False,False,False,0.026949207996949553
a100-s0-slow-decode,0.9,0.01625,fixed_sla_margin_10pct,True,False,True,False,0.029019500012509525
a100-s0-slow-decode,0.9,0.01625,load_stress_10pct,False,False,False,False,0.029802916978951544
a100-s0-slow-decode,0.9,0.01625,load_stress_20pct,False,False,False,False,0.03083116700872779
a100-s0-slow-decode,0.9,0.01625,capacity_derating_10pct,False,False,False,False,8.750357665121555e-07
a100-s0-slow-decode,0.9,0.01625,capacity_derating_20pct,False,False,False,False,8.330098353326321e-07
a100-s0-slow-decode,0.9,0.01625,finite_four_scenarios,False,False,False,False,0.09544850001111627
a100-s0-slow-decode,0.9,0.0175,unmodified,False,False,False,False,0.02681754098739475
a100-s0-slow-decode,0.9,0.0175,fixed_compute_margin_10pct,False,False,False,False,0.02836933301296085
a100-s0-slow-decode,0.9,0.0175,fixed_compute_margin_25pct,False,False,False,False,0.029278207977768034
a100-s0-slow-decode,0.9,0.0175,fixed_sla_margin_10pct,False,False,False,False,0.0290495419758372
a100-s0-slow-decode,0.9,0.0175,load_stress_10pct,False,False,False,False,0.038926040986552835
a100-s0-slow-decode,0.9,0.0175,load_stress_20pct,False,False,False,False,0.021483791002538055
a100-s0-slow-decode,0.9,0.0175,capacity_derating_10pct,False,False,False,False,8.749775588512421e-07
a100-s0-slow-decode,0.9,0.0175,capacity_derating_20pct,False,False,False,False,4.5803608372807503e-07
a100-s0-slow-decode,0.9,0.0175,finite_four_scenarios,False,False,False,False,0.19900712498929352
a100-s0-slow-decode,0.9,0.02,unmodified,False,False,False,False,0.022176207974553108
a100-s0-slow-decode,0.9,0.02,fixed_compute_margin_10pct,False,False,False,False,0.025653958960901946
a100-s0-slow-decode,0.9,0.02,fixed_compute_margin_25pct,False,False,False,False,0.0282222920213826
a100-s0-slow-decode,0.9,0.02,fixed_sla_margin_10pct,False,False,False,False,0.029784416023176163
a100-s0-slow-decode,0.9,0.02,load_stress_10pct,False,False,False,False,0.03334720805287361
a100-s0-slow-decode,0.9,0.02,load_stress_20pct,False,False,False,False,0.03498879203107208
a100-s0-slow-decode,0.9,0.02,capacity_derating_10pct,False,False,False,False,8.330098353326321e-07
a100-s0-slow-decode,0.9,0.02,capacity_derating_20pct,False,False,False,False,7.910421118140221e-07
a100-s0-slow-decode,0.9,0.02,finite_four_scenarios,False,False,False,False,0.10241520794807002
a100-s0-slow-decode,0.9,0.025,unmodified,False,False,False,False,0.027839165995828807
a100-s0-slow-decode,0.9,0.025,fixed_compute_margin_10pct,False,False,False,False,0.02951500000199303
a100-s0-slow-decode,0.9,0.025,fixed_compute_margin_25pct,False,False,False,False,0.033021667040884495
a100-s0-slow-decode,0.9,0.025,fixed_sla_margin_10pct,False,False,False,False,0.02846916700946167
a100-s0-slow-decode,0.9,0.025,load_stress_10pct,False,False,False,False,0.021637375000864267
a100-s0-slow-decode,0.9,0.025,load_stress_20pct,False,False,False,False,0.023677000019233674
a100-s0-slow-decode,0.9,0.025,capacity_derating_10pct,False,False,False,False,8.329516276717186e-07
a100-s0-slow-decode,0.9,0.025,capacity_derating_20pct,False,False,False,False,5.830079317092896e-07
a100-s0-slow-decode,0.9,0.025,finite_four_scenarios,False,False,False,False,0.11798587499652058
a100-s0-slow-decode,0.9,0.04,unmodified,False,False,False,False,0.03156400000443682
a100-s0-slow-decode,0.9,0.04,fixed_compute_margin_10pct,False,False,False,False,0.022742750006727874
a100-s0-slow-decode,0.9,0.04,fixed_compute_margin_25pct,False,False,False,False,0.027025624993257225
a100-s0-slow-decode,0.9,0.04,fixed_sla_margin_10pct,False,False,False,False,0.028582290979102254
a100-s0-slow-decode,0.9,0.04,load_stress_10pct,False,False,False,False,0.031213624984957278
a100-s0-slow-decode,0.9,0.04,load_stress_20pct,False,False,False,False,0.0330054999794811
a100-s0-slow-decode,0.9,0.04,capacity_derating_10pct,False,False,False,False,9.589712135493755e-07
a100-s0-slow-decode,0.9,0.04,capacity_derating_20pct,False,False,False,False,6.25033862888813e-07
a100-s0-slow-decode,0.9,0.04,finite_four_scenarios,False,False,False,False,0.11169841699302197
a100-s0-slow-decode,0.9,0.08,unmodified,False,False,False,False,0.04210433299886063
a100-s0-slow-decode,0.9,0.08,fixed_compute_margin_10pct,False,False,False,False,0.04185720800887793
a100-s0-slow-decode,0.9,0.08,fixed_compute_margin_25pct,False,False,False,False,0.04493783396901563
a100-s0-slow-decode,0.9,0.08,fixed_sla_margin_10pct,False,False,False,False,0.03336670802673325
a100-s0-slow-decode,0.9,0.08,load_stress_10pct,False,False,False,False,0.030019416008144617
a100-s0-slow-decode,0.9,0.08,load_stress_20pct,False,False,False,False,0.03775645903078839
a100-s0-slow-decode,0.9,0.08,capacity_derating_10pct,False,False,False,False,9.579816833138466e-07
a100-s0-slow-decode,0.9,0.08,capacity_derating_20pct,False,False,False,False,7.92031642049551e-07
a100-s0-slow-decode,0.9,0.08,finite_four_scenarios,False,False,False,False,0.15480483300052583
a100-s0-slow-decode,0.9,0.16,unmodified,False,False,False,False,0.039473666984122247
a100-s0-slow-decode,0.9,0.16,fixed_compute_margin_10pct,False,False,False,False,0.048427583009470254
a100-s0-slow-decode,0.9,0.16,fixed_compute_margin_25pct,False,False,False,False,0.061277832952328026
a100-s0-slow-decode,0.9,0.16,fixed_sla_margin_10pct,False,False,False,False,0.043549666996113956
a100-s0-slow-decode,0.9,0.16,load_stress_10pct,False,False,False,False,0.043785582995042205
a100-s0-slow-decode,0.9,0.16,load_stress_20pct,False,False,False,False,0.05954824999207631
a100-s0-slow-decode,0.9,0.16,capacity_derating_10pct,False,False,False,False,1.04197533801198e-06
a100-s0-slow-decode,0.9,0.16,capacity_derating_20pct,False,False,False,False,5.00003807246685e-07
a100-s0-slow-decode,0.9,0.16,finite_four_scenarios,False,False,False,False,0.18950570898596197
a100-s0-slow-decode,0.9,0.32,unmodified,False,False,False,False,0.07608858303865418
a100-s0-slow-decode,0.9,0.32,fixed_compute_margin_10pct,False,False,False,False,0.057705707964487374
a100-s0-slow-decode,0.9,0.32,fixed_compute_margin_25pct,False,False,False,False,0.07917604094836861
a100-s0-slow-decode,0.9,0.32,fixed_sla_margin_10pct,False,False,False,False,0.07081141701200977
a100-s0-slow-decode,0.9,0.32,load_stress_10pct,False,False,False,False,0.06197249999968335
a100-s0-slow-decode,0.9,0.32,load_stress_20pct,False,False,False,False,0.08397558401338756
a100-s0-slow-decode,0.9,0.32,capacity_derating_10pct,False,False,False,False,1.00000761449337e-06
a100-s0-slow-decode,0.9,0.32,capacity_derating_20pct,False,False,False,False,8.330098353326321e-07
a100-s0-slow-decode,0.9,0.32,finite_four_scenarios,False,False,False,False,0.2767375420080498
a100-s0-slow-decode,0.9,0.64,unmodified,False,False,False,False,0.09947687503881752
a100-s0-slow-decode,0.9,0.64,fixed_compute_margin_10pct,False,False,False,False,0.09543587500229478
a100-s0-slow-decode,0.9,0.64,fixed_compute_margin_25pct,False,False,False,False,0.1034902089741081
a100-s0-slow-decode,0.9,0.64,fixed_sla_margin_10pct,False,False,False,False,0.08820237498730421
a100-s0-slow-decode,0.9,0.64,load_stress_10pct,False,False,False,False,0.09902075002901256
a100-s0-slow-decode,0.9,0.64,load_stress_20pct,False,False,False,False,0.09397004096535966
a100-s0-slow-decode,0.9,0.64,capacity_derating_10pct,False,False,False,False,1.00000761449337e-06
a100-s0-slow-decode,0.9,0.64,capacity_derating_20pct,False,False,False,False,5.830079317092896e-07
a100-s0-slow-decode,0.9,0.64,finite_four_scenarios,False,False,False,False,0.3967042079893872
a100-s0-slow-decode,0.9,1.28,unmodified,False,False,False,False,0.10599762503989041
a100-s0-slow-decode,0.9,1.28,fixed_compute_margin_10pct,False,False,False,False,0.13750854198588058
a100-s0-slow-decode,0.9,1.28,fixed_compute_margin_25pct,False,False,False,False,0.10019070899579674
a100-s0-slow-decode,0.9,1.28,fixed_sla_margin_10pct,False,False,False,False,0.12701804202515632
a100-s0-slow-decode,0.9,1.28,load_stress_10pct,False,False,False,False,0.13054220797494054
a100-s0-slow-decode,0.9,1.28,load_stress_20pct,False,False,False,False,0.11463037499925122
a100-s0-slow-decode,0.9,1.28,capacity_derating_10pct,False,False,False,False,9.170034900307655e-07
a100-s0-slow-decode,0.9,1.28,capacity_derating_20pct,False,False,False,False,6.660120561718941e-07
a100-s0-slow-decode,0.9,1.28,finite_four_scenarios,False,False,False,False,0.46184374997392297
a100-s0-slow-prefill,1.0,0.006,unmodified,True,True,False,True,0.025990708963945508
a100-s0-slow-prefill,1.0,0.006,fixed_compute_margin_10pct,True,True,False,True,0.02940879197558388
a100-s0-slow-prefill,1.0,0.006,fixed_compute_margin_25pct,True,True,False,True,0.033485665975604206
a100-s0-slow-prefill,1.0,0.006,fixed_sla_margin_10pct,True,True,False,True,0.028502542001660913
a100-s0-slow-prefill,1.0,0.006,load_stress_10pct,True,True,False,True,0.02623299998231232
a100-s0-slow-prefill,1.0,0.006,load_stress_20pct,True,True,False,True,0.03739300003508106
a100-s0-slow-prefill,1.0,0.006,capacity_derating_10pct,True,True,False,True,1.0410440154373646e-06
a100-s0-slow-prefill,1.0,0.006,capacity_derating_20pct,True,True,False,True,8.330098353326321e-07
a100-s0-slow-prefill,1.0,0.006,finite_four_scenarios,True,True,False,True,0.12352745805401355
a100-s0-slow-prefill,1.0,0.01,unmodified,True,True,False,True,0.03451091703027487
a100-s0-slow-prefill,1.0,0.01,fixed_compute_margin_10pct,True,True,False,True,0.029618665983434767
a100-s0-slow-prefill,1.0,0.01,fixed_compute_margin_25pct,True,True,False,True,0.021167667000554502
a100-s0-slow-prefill,1.0,0.01,fixed_sla_margin_10pct,True,True,False,True,0.03439029201399535
a100-s0-slow-prefill,1.0,0.01,load_stress_10pct,True,True,False,True,0.03477941598976031
a100-s0-slow-prefill,1.0,0.01,load_stress_20pct,True,True,False,True,0.02124812500551343
a100-s0-slow-prefill,1.0,0.01,capacity_derating_10pct,True,True,False,True,1.00000761449337e-06
a100-s0-slow-prefill,1.0,0.01,capacity_derating_20pct,True,True,False,True,5.00003807246685e-07
a100-s0-slow-prefill,1.0,0.01,finite_four_scenarios,True,True,False,True,0.10884258401347324
a100-s0-slow-prefill,1.0,0.0131,unmodified,True,True,False,True,0.03313804202480242
a100-s0-slow-prefill,1.0,0.0131,fixed_compute_margin_10pct,True,True,False,True,0.03342145896749571
a100-s0-slow-prefill,1.0,0.0131,fixed_compute_margin_25pct,True,True,False,True,0.029268749989569187
a100-s0-slow-prefill,1.0,0.0131,fixed_sla_margin_10pct,True,True,False,True,0.0359349999926053
a100-s0-slow-prefill,1.0,0.0131,load_stress_10pct,True,True,False,True,0.024133125029038638
a100-s0-slow-prefill,1.0,0.0131,load_stress_20pct,True,True,False,True,0.03263024997431785
a100-s0-slow-prefill,1.0,0.0131,capacity_derating_10pct,True,True,False,True,1.2500095181167126e-06
a100-s0-slow-prefill,1.0,0.0131,capacity_derating_20pct,True,True,False,True,7.919734343886375e-07
a100-s0-slow-prefill,1.0,0.0131,finite_four_scenarios,True,True,False,True,0.11955225002020597
a100-s0-slow-prefill,1.0,0.0132,unmodified,True,True,False,True,0.022396459011361003
a100-s0-slow-prefill,1.0,0.0132,fixed_compute_margin_10pct,True,True,False,True,0.034181415976490825
a100-s0-slow-prefill,1.0,0.0132,fixed_compute_margin_25pct,True,True,False,True,0.035195750009734184
a100-s0-slow-prefill,1.0,0.0132,fixed_sla_margin_10pct,True,True,False,True,0.032530332973692566
a100-s0-slow-prefill,1.0,0.0132,load_stress_10pct,True,True,False,True,0.023354791977908462
a100-s0-slow-prefill,1.0,0.0132,load_stress_20pct,True,True,False,True,0.03110729204490781
a100-s0-slow-prefill,1.0,0.0132,capacity_derating_10pct,True,True,False,True,1.0830117389559746e-06
a100-s0-slow-prefill,1.0,0.0132,capacity_derating_20pct,True,True,False,True,7.499475032091141e-07
a100-s0-slow-prefill,1.0,0.0132,finite_four_scenarios,True,True,False,True,0.11829933297121897
a100-s0-slow-prefill,1.0,0.015,unmodified,True,True,False,True,0.03377216699300334
a100-s0-slow-prefill,1.0,0.015,fixed_compute_margin_10pct,True,True,False,True,0.034206915996037424
a100-s0-slow-prefill,1.0,0.015,fixed_compute_margin_25pct,True,True,False,True,0.025254791020415723
a100-s0-slow-prefill,1.0,0.015,fixed_sla_margin_10pct,True,True,False,True,0.024922333017457277
a100-s0-slow-prefill,1.0,0.015,load_stress_10pct,True,True,False,True,0.03599604096962139
a100-s0-slow-prefill,1.0,0.015,load_stress_20pct,True,True,False,True,0.03308900003321469
a100-s0-slow-prefill,1.0,0.015,capacity_derating_10pct,True,True,False,True,1.0830117389559746e-06
a100-s0-slow-prefill,1.0,0.015,capacity_derating_20pct,True,True,False,True,2.92027834802866e-07
a100-s0-slow-prefill,1.0,0.015,finite_four_scenarios,True,True,False,True,0.11034504196140915
a100-s0-slow-prefill,1.0,0.02,unmodified,True,True,False,True,0.023231833998579532
a100-s0-slow-prefill,1.0,0.02,fixed_compute_margin_10pct,True,True,False,True,0.02381633297773078
a100-s0-slow-prefill,1.0,0.02,fixed_compute_margin_25pct,True,True,False,True,0.04026687500299886
a100-s0-slow-prefill,1.0,0.02,fixed_sla_margin_10pct,True,True,False,True,0.03581650002161041
a100-s0-slow-prefill,1.0,0.02,load_stress_10pct,True,True,False,True,0.04153308301465586
a100-s0-slow-prefill,1.0,0.02,load_stress_20pct,True,True,False,True,0.040882374974898994
a100-s0-slow-prefill,1.0,0.02,capacity_derating_10pct,True,True,False,True,1.2919772416353226e-06
a100-s0-slow-prefill,1.0,0.02,capacity_derating_20pct,True,True,False,True,9.170034900307655e-07
a100-s0-slow-prefill,1.0,0.02,finite_four_scenarios,True,True,False,True,0.12037304200930521
a100-s0-slow-prefill,1.0,0.025,unmodified,True,True,False,True,0.1258148750057444
a100-s0-slow-prefill,1.0,0.025,fixed_compute_margin_10pct,True,True,False,True,0.031116667028982192
a100-s0-slow-prefill,1.0,0.025,fixed_compute_margin_25pct,True,True,False,True,0.030374124995432794
a100-s0-slow-prefill,1.0,0.025,fixed_sla_margin_10pct,True,True,False,True,0.03442325000651181
a100-s0-slow-prefill,1.0,0.025,load_stress_10pct,True,True,False,True,0.035736125020775944
a100-s0-slow-prefill,1.0,0.025,load_stress_20pct,True,True,False,True,0.03890774998581037
a100-s0-slow-prefill,1.0,0.025,capacity_derating_10pct,True,True,False,True,1.416949089616537e-06
a100-s0-slow-prefill,1.0,0.025,capacity_derating_20pct,True,True,False,True,1.2919772416353226e-06
a100-s0-slow-prefill,1.0,0.025,finite_four_scenarios,True,True,False,True,0.13722008297918364
a100-s0-slow-prefill,1.0,0.0325,unmodified,True,True,False,True,0.0336710000410676
a100-s0-slow-prefill,1.0,0.0325,fixed_compute_margin_10pct,True,True,False,True,0.03957854100735858
a100-s0-slow-prefill,1.0,0.0325,fixed_compute_margin_25pct,False,True,False,False,0.044281083974055946
a100-s0-slow-prefill,1.0,0.0325,fixed_sla_margin_10pct,True,True,False,True,0.024453666002955288
a100-s0-slow-prefill,1.0,0.0325,load_stress_10pct,True,True,False,True,0.030045791994780302
a100-s0-slow-prefill,1.0,0.0325,load_stress_20pct,True,True,False,True,0.034293291973881423
a100-s0-slow-prefill,1.0,0.0325,capacity_derating_10pct,True,True,False,True,1.374981366097927e-06
a100-s0-slow-prefill,1.0,0.0325,capacity_derating_20pct,True,True,False,True,7.919734343886375e-07
a100-s0-slow-prefill,1.0,0.0325,finite_four_scenarios,False,True,False,False,0.13873775000683963
a100-s0-slow-prefill,1.0,0.03625,unmodified,True,False,True,False,0.03438270901096985
a100-s0-slow-prefill,1.0,0.03625,fixed_compute_margin_10pct,True,False,True,False,0.040108458022587
a100-s0-slow-prefill,1.0,0.03625,fixed_compute_margin_25pct,False,False,False,False,0.037006250000558794
a100-s0-slow-prefill,1.0,0.03625,fixed_sla_margin_10pct,True,False,True,False,0.025676916993688792
a100-s0-slow-prefill,1.0,0.03625,load_stress_10pct,True,False,True,False,0.03232779196696356
a100-s0-slow-prefill,1.0,0.03625,load_stress_20pct,True,False,True,False,0.03686112503055483
a100-s0-slow-prefill,1.0,0.03625,capacity_derating_10pct,True,False,True,False,9.170034900307655e-07
a100-s0-slow-prefill,1.0,0.03625,capacity_derating_20pct,True,False,True,False,7.090275175869465e-07
a100-s0-slow-prefill,1.0,0.03625,finite_four_scenarios,False,False,False,False,0.14134770800592378
a100-s0-slow-prefill,1.0,0.04,unmodified,True,False,True,False,0.03222254099091515
a100-s0-slow-prefill,1.0,0.04,fixed_compute_margin_10pct,True,False,True,False,0.03610616602236405
a100-s0-slow-prefill,1.0,0.04,fixed_compute_margin_25pct,False,False,False,False,0.03589066700078547
a100-s0-slow-prefill,1.0,0.04,fixed_sla_margin_10pct,True,False,True,False,0.04187508299946785
a100-s0-slow-prefill,1.0,0.04,load_stress_10pct,True,False,True,False,0.039818957971874624
a100-s0-slow-prefill,1.0,0.04,load_stress_20pct,True,False,True,False,0.035352959006559104
a100-s0-slow-prefill,1.0,0.04,capacity_derating_10pct,True,False,True,False,9.579816833138466e-07
a100-s0-slow-prefill,1.0,0.04,capacity_derating_20pct,True,False,True,False,5.00003807246685e-07
a100-s0-slow-prefill,1.0,0.04,finite_four_scenarios,False,False,False,False,0.14390912500675768
a100-s0-slow-prefill,1.0,0.08,unmodified,True,False,True,False,0.05561691604088992
a100-s0-slow-prefill,1.0,0.08,fixed_compute_margin_10pct,False,False,False,False,0.04487979202531278
a100-s0-slow-prefill,1.0,0.08,fixed_compute_margin_25pct,False,False,False,False,0.03216654196148738
a100-s0-slow-prefill,1.0,0.08,fixed_sla_margin_10pct,False,False,False,False,0.04169945803005248
a100-s0-slow-prefill,1.0,0.08,load_stress_10pct,True,False,True,False,0.053955124982167035
a100-s0-slow-prefill,1.0,0.08,load_stress_20pct,True,False,True,False,0.06097300001420081
a100-s0-slow-prefill,1.0,0.08,capacity_derating_10pct,True,False,True,False,1.00000761449337e-06
a100-s0-slow-prefill,1.0,0.08,capacity_derating_20pct,True,False,True,False,5.41971530765295e-07
a100-s0-slow-prefill,1.0,0.08,finite_four_scenarios,False,False,False,False,0.16488541598664597
a100-s0-slow-prefill,1.0,0.16,unmodified,True,False,True,False,0.06113687495235354
a100-s0-slow-prefill,1.0,0.16,fixed_compute_margin_10pct,False,False,False,False,0.045744124974589795
a100-s0-slow-prefill,1.0,0.16,fixed_compute_margin_25pct,False,False,False,False,0.05669275001855567
a100-s0-slow-prefill,1.0,0.16,fixed_sla_margin_10pct,False,False,False,False,0.056408834003377706
a100-s0-slow-prefill,1.0,0.16,load_stress_10pct,True,False,True,False,0.060506040987093
a100-s0-slow-prefill,1.0,0.16,load_stress_20pct,True,False,True,False,0.08218512497842312
a100-s0-slow-prefill,1.0,0.16,capacity_derating_10pct,True,False,True,False,1.1249794624745846e-06
a100-s0-slow-prefill,1.0,0.16,capacity_derating_20pct,True,False,True,False,9.170034900307655e-07
a100-s0-slow-prefill,1.0,0.16,finite_four_scenarios,False,False,False,False,0.22642129100859165
a100-s0-slow-prefill,1.0,0.32,unmodified,True,False,True,False,0.07958904100814834
a100-s0-slow-prefill,1.0,0.32,fixed_compute_margin_10pct,False,False,False,False,0.08935379202011973
a100-s0-slow-prefill,1.0,0.32,fixed_compute_margin_25pct,False,False,False,False,0.07045579195255414
a100-s0-slow-prefill,1.0,0.32,fixed_sla_margin_10pct,False,False,False,False,0.08230712497606874
a100-s0-slow-prefill,1.0,0.32,load_stress_10pct,True,False,True,False,0.10225895803887397
a100-s0-slow-prefill,1.0,0.32,load_stress_20pct,True,False,True,False,0.10885100002633408
a100-s0-slow-prefill,1.0,0.32,capacity_derating_10pct,True,False,True,False,1.0830117389559746e-06
a100-s0-slow-prefill,1.0,0.32,capacity_derating_20pct,True,False,True,False,7.500057108700275e-07
a100-s0-slow-prefill,1.0,0.32,finite_four_scenarios,False,False,False,False,0.3420313340029679
a100-s0-slow-prefill,1.0,0.64,unmodified,True,False,True,False,0.12882679200265557
a100-s0-slow-prefill,1.0,0.64,fixed_compute_margin_10pct,False,False,False,False,0.10387799999443814
a100-s0-slow-prefill,1.0,0.64,fixed_compute_margin_25pct,False,False,False,False,0.09869083302328363
a100-s0-slow-prefill,1.0,0.64,fixed_sla_margin_10pct,False,False,False,False,0.09142787498421967
a100-s0-slow-prefill,1.0,0.64,load_stress_10pct,True,False,True,False,0.14004675002070144
a100-s0-slow-prefill,1.0,0.64,load_stress_20pct,True,False,True,False,0.13425837497925386
a100-s0-slow-prefill,1.0,0.64,capacity_derating_10pct,True,False,True,False,1.0840012691915035e-06
a100-s0-slow-prefill,1.0,0.64,capacity_derating_20pct,True,False,True,False,7.500057108700275e-07
a100-s0-slow-prefill,1.0,0.64,finite_four_scenarios,False,False,False,False,0.4669289579614997
a100-s0-slow-prefill,1.0,0.8,unmodified,True,False,True,False,0.15105566597776487
a100-s0-slow-prefill,1.0,0.8,fixed_compute_margin_10pct,False,False,False,False,0.10432191600557417
a100-s0-slow-prefill,1.0,0.8,fixed_compute_margin_25pct,False,False,False,False,0.11767320800572634
a100-s0-slow-prefill,1.0,0.8,fixed_sla_margin_10pct,False,False,False,False,0.10722308303229511
a100-s0-slow-prefill,1.0,0.8,load_stress_10pct,True,False,True,False,0.13995779195101932
a100-s0-slow-prefill,1.0,0.8,load_stress_20pct,False,False,False,False,0.13214508298551664
a100-s0-slow-prefill,1.0,0.8,capacity_derating_10pct,False,False,False,False,1.00000761449337e-06
a100-s0-slow-prefill,1.0,0.8,capacity_derating_20pct,False,False,False,False,6.67001586407423e-07
a100-s0-slow-prefill,1.0,0.8,finite_four_scenarios,False,False,False,False,0.4585176670225337
a100-s0-slow-prefill,1.0,0.96,unmodified,False,False,False,False,0.12211333296727389
a100-s0-slow-prefill,1.0,0.96,fixed_compute_margin_10pct,False,False,False,False,0.10190850001526996
a100-s0-slow-prefill,1.0,0.96,fixed_compute_margin_25pct,False,False,False,False,0.09668779198545963
a100-s0-slow-prefill,1.0,0.96,fixed_sla_margin_10pct,False,False,False,False,0.08279083401430398
a100-s0-slow-prefill,1.0,0.96,load_stress_10pct,False,False,False,False,0.09689937497023493
a100-s0-slow-prefill,1.0,0.96,load_stress_20pct,False,False,False,False,0.09592283394886181
a100-s0-slow-prefill,1.0,0.96,capacity_derating_10pct,False,False,False,False,9.160139597952366e-07
a100-s0-slow-prefill,1.0,0.96,capacity_derating_20pct,False,False,False,False,7.909839041531086e-07
a100-s0-slow-prefill,1.0,0.96,finite_four_scenarios,False,False,False,False,0.38543354196008295
a100-s0-slow-prefill,1.0,1.28,unmodified,False,False,False,False,0.10945191601058468
a100-s0-slow-prefill,1.0,1.28,fixed_compute_margin_10pct,False,False,False,False,0.10831874998984858
a100-s0-slow-prefill,1.0,1.28,fixed_compute_margin_25pct,False,False,False,False,0.1343530000303872
a100-s0-slow-prefill,1.0,1.28,fixed_sla_margin_10pct,False,False,False,False,0.11060524999629706
a100-s0-slow-prefill,1.0,1.28,load_stress_10pct,False,False,False,False,0.1285112500190735
a100-s0-slow-prefill,1.0,1.28,load_stress_20pct,False,False,False,False,0.10856312501709908
a100-s0-slow-prefill,1.0,1.28,capacity_derating_10pct,False,False,False,False,1.3750395737588406e-06
a100-s0-slow-prefill,1.0,1.28,capacity_derating_20pct,False,False,False,False,4.5797787606716156e-07
a100-s0-slow-prefill,1.0,1.28,finite_four_scenarios,False,False,False,False,0.5660020419745706
a100-s0-slow-prefill,0.9,0.006,unmodified,True,True,False,True,0.033198125020135194
a100-s0-slow-prefill,0.9,0.006,fixed_compute_margin_10pct,True,True,False,True,0.03053299995372072
a100-s0-slow-prefill,0.9,0.006,fixed_compute_margin_25pct,True,True,False,True,0.03348562499741092
a100-s0-slow-prefill,0.9,0.006,fixed_sla_margin_10pct,True,True,False,True,0.028567583009134978
a100-s0-slow-prefill,0.9,0.006,load_stress_10pct,True,True,False,True,0.02865312498761341
a100-s0-slow-prefill,0.9,0.006,load_stress_20pct,True,True,False,True,0.02519379195291549
a100-s0-slow-prefill,0.9,0.006,capacity_derating_10pct,True,True,False,True,1.04197533801198e-06
a100-s0-slow-prefill,0.9,0.006,capacity_derating_20pct,True,True,False,True,6.67001586407423e-07
a100-s0-slow-prefill,0.9,0.006,finite_four_scenarios,True,True,False,True,0.11748370801797137
a100-s0-slow-prefill,0.9,0.01,unmodified,True,True,False,True,0.030631416011601686
a100-s0-slow-prefill,0.9,0.01,fixed_compute_margin_10pct,True,True,False,True,0.0345462909899652
a100-s0-slow-prefill,0.9,0.01,fixed_compute_margin_25pct,True,True,False,True,0.026568250032141805
a100-s0-slow-prefill,0.9,0.01,fixed_sla_margin_10pct,True,True,False,True,0.027464166982099414
a100-s0-slow-prefill,0.9,0.01,load_stress_10pct,True,True,False,True,0.02650820801500231
a100-s0-slow-prefill,0.9,0.01,load_stress_20pct,True,True,False,True,0.02613025001483038
a100-s0-slow-prefill,0.9,0.01,capacity_derating_10pct,True,True,False,True,1.04197533801198e-06
a100-s0-slow-prefill,0.9,0.01,capacity_derating_20pct,True,True,False,True,9.170034900307655e-07
a100-s0-slow-prefill,0.9,0.01,finite_four_scenarios,True,True,False,True,0.11405000003287569
a100-s0-slow-prefill,0.9,0.0131,unmodified,True,True,False,True,0.027747124957386404
a100-s0-slow-prefill,0.9,0.0131,fixed_compute_margin_10pct,True,True,False,True,0.026676791021600366
a100-s0-slow-prefill,0.9,0.0131,fixed_compute_margin_25pct,True,True,False,True,0.025815042026806623
a100-s0-slow-prefill,0.9,0.0131,fixed_sla_margin_10pct,True,True,False,True,0.02425241598393768
a100-s0-slow-prefill,0.9,0.0131,load_stress_10pct,True,True,False,True,0.025776333000976592
a100-s0-slow-prefill,0.9,0.0131,load_stress_20pct,True,True,False,True,0.027796957991085947
a100-s0-slow-prefill,0.9,0.0131,capacity_derating_10pct,True,True,False,True,9.5803989097476e-07
a100-s0-slow-prefill,0.9,0.0131,capacity_derating_20pct,True,True,False,True,8.330098353326321e-07
a100-s0-slow-prefill,0.9,0.0131,finite_four_scenarios,True,True,False,True,0.12605700001586229
a100-s0-slow-prefill,0.9,0.0132,unmodified,True,True,False,True,0.039443292014766484
a100-s0-slow-prefill,0.9,0.0132,fixed_compute_margin_10pct,True,True,False,True,0.021699415985494852
a100-s0-slow-prefill,0.9,0.0132,fixed_compute_margin_25pct,True,True,False,True,0.025298166030552238
a100-s0-slow-prefill,0.9,0.0132,fixed_sla_margin_10pct,True,True,False,True,0.02765162498690188
a100-s0-slow-prefill,0.9,0.0132,load_stress_10pct,True,True,False,True,0.03050920902751386
a100-s0-slow-prefill,0.9,0.0132,load_stress_20pct,True,True,False,True,0.03499600000213832
a100-s0-slow-prefill,0.9,0.0132,capacity_derating_10pct,True,True,False,True,9.579816833138466e-07
a100-s0-slow-prefill,0.9,0.0132,capacity_derating_20pct,True,True,False,True,8.750357665121555e-07
a100-s0-slow-prefill,0.9,0.0132,finite_four_scenarios,True,True,False,True,0.11795299994992092
a100-s0-slow-prefill,0.9,0.015,unmodified,True,True,False,True,0.023094957985449582
a100-s0-slow-prefill,0.9,0.015,fixed_compute_margin_10pct,True,True,False,True,0.033483290986623615
a100-s0-slow-prefill,0.9,0.015,fixed_compute_margin_25pct,True,True,False,True,0.023229709011502564
a100-s0-slow-prefill,0.9,0.015,fixed_sla_margin_10pct,True,True,False,True,0.02729333401657641
a100-s0-slow-prefill,0.9,0.015,load_stress_10pct,True,True,False,True,0.03464462503325194
a100-s0-slow-prefill,0.9,0.015,load_stress_20pct,True,True,False,True,0.023881834000349045
a100-s0-slow-prefill,0.9,0.015,capacity_derating_10pct,True,True,False,True,9.579816833138466e-07
a100-s0-slow-prefill,0.9,0.015,capacity_derating_20pct,True,True,False,True,7.08969309926033e-07
a100-s0-slow-prefill,0.9,0.015,finite_four_scenarios,True,True,False,True,0.10902133403578773
a100-s0-slow-prefill,0.9,0.02,unmodified,True,True,False,True,0.042702583014033735
a100-s0-slow-prefill,0.9,0.02,fixed_compute_margin_10pct,True,True,False,True,0.025488417013548315
a100-s0-slow-prefill,0.9,0.02,fixed_compute_margin_25pct,True,True,False,True,0.026335625036153942
a100-s0-slow-prefill,0.9,0.02,fixed_sla_margin_10pct,True,True,False,True,0.041312290995847434
a100-s0-slow-prefill,0.9,0.02,load_stress_10pct,True,True,False,True,0.024039083975367248
a100-s0-slow-prefill,0.9,0.02,load_stress_20pct,True,True,False,True,0.024006374995224178
a100-s0-slow-prefill,0.9,0.02,capacity_derating_10pct,True,True,False,True,1.1249794624745846e-06
a100-s0-slow-prefill,0.9,0.02,capacity_derating_20pct,True,True,False,True,9.170034900307655e-07
a100-s0-slow-prefill,0.9,0.02,finite_four_scenarios,True,True,False,True,0.12310583295766264
a100-s0-slow-prefill,0.9,0.025,unmodified,True,True,False,True,0.02460045798216015
a100-s0-slow-prefill,0.9,0.025,fixed_compute_margin_10pct,True,True,False,True,0.02520429203286767
a100-s0-slow-prefill,0.9,0.025,fixed_compute_margin_25pct,True,True,False,True,0.03774270898429677
a100-s0-slow-prefill,0.9,0.025,fixed_sla_margin_10pct,True,True,False,True,0.034041875042021275
a100-s0-slow-prefill,0.9,0.025,load_stress_10pct,True,True,False,True,0.028326832980383188
a100-s0-slow-prefill,0.9,0.025,load_stress_20pct,True,True,False,True,0.03727604198502377
a100-s0-slow-prefill,0.9,0.025,capacity_derating_10pct,True,True,False,True,9.59029421210289e-07
a100-s0-slow-prefill,0.9,0.025,capacity_derating_20pct,True,True,False,True,4.5797787606716156e-07
a100-s0-slow-prefill,0.9,0.025,finite_four_scenarios,True,True,False,True,0.1307813330204226
a100-s0-slow-prefill,0.9,0.0325,unmodified,True,True,False,True,0.02939033298753202
a100-s0-slow-prefill,0.9,0.0325,fixed_compute_margin_10pct,True,True,False,True,0.027029083983507007
a100-s0-slow-prefill,0.9,0.0325,fixed_compute_margin_25pct,True,True,False,True,0.02594916697125882
a100-s0-slow-prefill,0.9,0.0325,fixed_sla_margin_10pct,True,True,False,True,0.027199250005651265
a100-s0-slow-prefill,0.9,0.0325,load_stress_10pct,True,True,False,True,0.03252900001825765
a100-s0-slow-prefill,0.9,0.0325,load_stress_20pct,True,True,False,True,0.037303792021702975
a100-s0-slow-prefill,0.9,0.0325,capacity_derating_10pct,True,True,False,True,1.00000761449337e-06
a100-s0-slow-prefill,0.9,0.0325,capacity_derating_20pct,True,True,False,True,7.500057108700275e-07
a100-s0-slow-prefill,0.9,0.0325,finite_four_scenarios,True,True,False,True,0.13688295794418082
a100-s0-slow-prefill,0.9,0.03625,unmodified,True,False,True,False,0.03430887497961521
a100-s0-slow-prefill,0.9,0.03625,fixed_compute_margin_10pct,True,False,True,False,0.034785083029419184
a100-s0-slow-prefill,0.9,0.03625,fixed_compute_margin_25pct,True,False,True,False,0.03358983399812132
a100-s0-slow-prefill,0.9,0.03625,fixed_sla_margin_10pct,True,False,True,False,0.036727291997522116
a100-s0-slow-prefill,0.9,0.03625,load_stress_10pct,True,False,True,False,0.029639291984494776
a100-s0-slow-prefill,0.9,0.03625,load_stress_20pct,True,False,True,False,0.03210270800627768
a100-s0-slow-prefill,0.9,0.03625,capacity_derating_10pct,True,False,True,False,1.292035449296236e-06
a100-s0-slow-prefill,0.9,0.03625,capacity_derating_20pct,True,False,True,False,9.170034900307655e-07
a100-s0-slow-prefill,0.9,0.03625,finite_four_scenarios,True,False,True,False,0.11931799998274073
a100-s0-slow-prefill,0.9,0.04,unmodified,True,False,True,False,0.03584920900175348
a100-s0-slow-prefill,0.9,0.04,fixed_compute_margin_10pct,True,False,True,False,0.03585529199335724
a100-s0-slow-prefill,0.9,0.04,fixed_compute_margin_25pct,True,False,True,False,0.0436778329894878
a100-s0-slow-prefill,0.9,0.04,fixed_sla_margin_10pct,True,False,True,False,0.040960458980407566
a100-s0-slow-prefill,0.9,0.04,load_stress_10pct,True,False,True,False,0.04284504195675254
a100-s0-slow-prefill,0.9,0.04,load_stress_20pct,True,False,True,False,0.03217987495008856
a100-s0-slow-prefill,0.9,0.04,capacity_derating_10pct,True,False,True,False,1.00000761449337e-06
a100-s0-slow-prefill,0.9,0.04,capacity_derating_20pct,True,False,True,False,6.249756552278996e-07
a100-s0-slow-prefill,0.9,0.04,finite_four_scenarios,True,False,True,False,0.15349420899292454
a100-s0-slow-prefill,0.9,0.08,unmodified,True,False,True,False,0.042550125042907894
a100-s0-slow-prefill,0.9,0.08,fixed_compute_margin_10pct,True,False,True,False,0.05819079099455848
a100-s0-slow-prefill,0.9,0.08,fixed_compute_margin_25pct,False,False,False,False,0.04745254199951887
a100-s0-slow-prefill,0.9,0.08,fixed_sla_margin_10pct,True,False,True,False,0.039374041953124106
a100-s0-slow-prefill,0.9,0.08,load_stress_10pct,True,False,True,False,0.05408349999925122
a100-s0-slow-prefill,0.9,0.08,load_stress_20pct,True,False,True,False,0.06484037498012185
a100-s0-slow-prefill,0.9,0.08,capacity_derating_10pct,True,False,True,False,1.2500095181167126e-06
a100-s0-slow-prefill,0.9,0.08,capacity_derating_20pct,True,False,True,False,7.92031642049551e-07
a100-s0-slow-prefill,0.9,0.08,finite_four_scenarios,False,False,False,False,0.1865410830359906
a100-s0-slow-prefill,0.9,0.16,unmodified,True,False,True,False,0.05655300000216812
a100-s0-slow-prefill,0.9,0.16,fixed_compute_margin_10pct,True,False,True,False,0.07991095900069922
a100-s0-slow-prefill,0.9,0.16,fixed_compute_margin_25pct,False,False,False,False,0.04916629201034084
a100-s0-slow-prefill,0.9,0.16,fixed_sla_margin_10pct,True,False,True,False,0.0579975419677794
a100-s0-slow-prefill,0.9,0.16,load_stress_10pct,True,False,True,False,0.0833953749970533
a100-s0-slow-prefill,0.9,0.16,load_stress_20pct,True,False,True,False,0.05624445900321007
a100-s0-slow-prefill,0.9,0.16,capacity_derating_10pct,True,False,True,False,1.166015863418579e-06
a100-s0-slow-prefill,0.9,0.16,capacity_derating_20pct,True,False,True,False,5.00003807246685e-07
a100-s0-slow-prefill,0.9,0.16,finite_four_scenarios,False,False,False,False,0.25151554198237136
a100-s0-slow-prefill,0.9,0.32,unmodified,True,False,True,False,0.09149795799748972
a100-s0-slow-prefill,0.9,0.32,fixed_compute_margin_10pct,True,False,True,False,0.09518533298978582
a100-s0-slow-prefill,0.9,0.32,fixed_compute_margin_25pct,False,False,False,False,0.07499637501314282
a100-s0-slow-prefill,0.9,0.32,fixed_sla_margin_10pct,True,False,True,False,0.08882704202551395
a100-s0-slow-prefill,0.9,0.32,load_stress_10pct,True,False,True,False,0.08419591700658202
a100-s0-slow-prefill,0.9,0.32,load_stress_20pct,True,False,True,False,0.09410545800346881
a100-s0-slow-prefill,0.9,0.32,capacity_derating_10pct,True,False,True,False,9.579816833138466e-07
a100-s0-slow-prefill,0.9,0.32,capacity_derating_20pct,True,False,True,False,6.249756552278996e-07
a100-s0-slow-prefill,0.9,0.32,finite_four_scenarios,False,False,False,False,0.34489395801210776
a100-s0-slow-prefill,0.9,0.64,unmodified,True,False,True,False,0.11838733300101012
a100-s0-slow-prefill,0.9,0.64,fixed_compute_margin_10pct,True,False,True,False,0.12145274999784306
a100-s0-slow-prefill,0.9,0.64,fixed_compute_margin_25pct,False,False,False,False,0.09258041699649766
a100-s0-slow-prefill,0.9,0.64,fixed_sla_margin_10pct,True,False,True,False,0.13267237500986084
a100-s0-slow-prefill,0.9,0.64,load_stress_10pct,True,False,True,False,0.11812670802464709
a100-s0-slow-prefill,0.9,0.64,load_stress_20pct,True,False,True,False,0.1350395000190474
a100-s0-slow-prefill,0.9,0.64,capacity_derating_10pct,True,False,True,False,1.3329554349184036e-06
a100-s0-slow-prefill,0.9,0.64,capacity_derating_20pct,True,False,True,False,9.579816833138466e-07
a100-s0-slow-prefill,0.9,0.64,finite_four_scenarios,False,False,False,False,0.5390991249587387
a100-s0-slow-prefill,0.9,0.8,unmodified,True,False,True,False,0.14281245798338205
a100-s0-slow-prefill,0.9,0.8,fixed_compute_margin_10pct,True,False,True,False,0.12866808398393914
a100-s0-slow-prefill,0.9,0.8,fixed_compute_margin_25pct,False,False,False,False,0.11248604202410206
a100-s0-slow-prefill,0.9,0.8,fixed_sla_margin_10pct,True,False,True,False,0.12202270800480619
a100-s0-slow-prefill,0.9,0.8,load_stress_10pct,True,False,True,False,0.15427391696721315
a100-s0-slow-prefill,0.9,0.8,load_stress_20pct,True,False,True,False,0.15483474999200553
a100-s0-slow-prefill,0.9,0.8,capacity_derating_10pct,True,False,True,False,9.579816833138466e-07
a100-s0-slow-prefill,0.9,0.8,capacity_derating_20pct,False,False,False,False,6.25033862888813e-07
a100-s0-slow-prefill,0.9,0.8,finite_four_scenarios,False,False,False,False,0.5523134999675676
a100-s0-slow-prefill,0.9,0.96,unmodified,True,False,True,False,0.15598629199666902
a100-s0-slow-prefill,0.9,0.96,fixed_compute_margin_10pct,True,False,True,False,0.14229912497103214
a100-s0-slow-prefill,0.9,0.96,fixed_compute_margin_25pct,False,False,False,False,0.13267849996918812
a100-s0-slow-prefill,0.9,0.96,fixed_sla_margin_10pct,True,False,True,False,0.12344891700195149
a100-s0-slow-prefill,0.9,0.96,load_stress_10pct,False,False,False,False,0.11548999999649823
a100-s0-slow-prefill,0.9,0.96,load_stress_20pct,False,False,False,False,0.09495920897461474
a100-s0-slow-prefill,0.9,0.96,capacity_derating_10pct,False,False,False,False,1.0840012691915035e-06
a100-s0-slow-prefill,0.9,0.96,capacity_derating_20pct,False,False,False,False,4.5797787606716156e-07
a100-s0-slow-prefill,0.9,0.96,finite_four_scenarios,False,False,False,False,0.46022183302557096
a100-s0-slow-prefill,0.9,1.28,unmodified,False,False,False,False,0.13050779199693352
a100-s0-slow-prefill,0.9,1.28,fixed_compute_margin_10pct,False,False,False,False,0.13065420795464888
a100-s0-slow-prefill,0.9,1.28,fixed_compute_margin_25pct,False,False,False,False,0.118995749973692
a100-s0-slow-prefill,0.9,1.28,fixed_sla_margin_10pct,False,False,False,False,0.10011433396721259
a100-s0-slow-prefill,0.9,1.28,load_stress_10pct,False,False,False,False,0.1300085830152966
a100-s0-slow-prefill,0.9,1.28,load_stress_20pct,False,False,False,False,0.09321262501180172
a100-s0-slow-prefill,0.9,1.28,capacity_derating_10pct,False,False,False,False,1.00000761449337e-06
a100-s0-slow-prefill,0.9,1.28,capacity_derating_20pct,False,False,False,False,6.249756552278996e-07
a100-s0-slow-prefill,0.9,1.28,finite_four_scenarios,False,False,False,False,0.4208970839972608
a100-s0-slow-ttft,1.0,0.006,unmodified,True,True,False,True,0.02994004200445488
a100-s0-slow-ttft,1.0,0.006,fixed_compute_margin_10pct,True,True,False,True,0.0351532920030877
a100-s0-slow-ttft,1.0,0.006,fixed_compute_margin_25pct,True,True,False,True,0.04488399997353554
a100-s0-slow-ttft,1.0,0.006,fixed_sla_margin_10pct,True,True,False,True,0.03306558297481388
a100-s0-slow-ttft,1.0,0.006,load_stress_10pct,True,True,False,True,0.02389566699275747
a100-s0-slow-ttft,1.0,0.006,load_stress_20pct,True,True,False,True,0.028438250010367483
a100-s0-slow-ttft,1.0,0.006,capacity_derating_10pct,True,True,False,True,1.00000761449337e-06
a100-s0-slow-ttft,1.0,0.006,capacity_derating_20pct,True,True,False,True,7.08969309926033e-07
a100-s0-slow-ttft,1.0,0.006,finite_four_scenarios,True,True,False,True,0.1355260830023326
a100-s0-slow-ttft,1.0,0.01,unmodified,True,True,False,True,0.026962875039316714
a100-s0-slow-ttft,1.0,0.01,fixed_compute_margin_10pct,True,True,False,True,0.03024787502363324
a100-s0-slow-ttft,1.0,0.01,fixed_compute_margin_25pct,True,True,False,True,0.03254879196174443
a100-s0-slow-ttft,1.0,0.01,fixed_sla_margin_10pct,True,True,False,True,0.05069870798615739
a100-s0-slow-ttft,1.0,0.01,load_stress_10pct,True,True,False,True,0.03020766598638147
a100-s0-slow-ttft,1.0,0.01,load_stress_20pct,True,True,False,True,0.027479832991957664
a100-s0-slow-ttft,1.0,0.01,capacity_derating_10pct,True,True,False,True,1.125037670135498e-06
a100-s0-slow-ttft,1.0,0.01,capacity_derating_20pct,True,True,False,True,7.090275175869465e-07
a100-s0-slow-ttft,1.0,0.01,finite_four_scenarios,True,True,False,True,0.13449079199926928
a100-s0-slow-ttft,1.0,0.0131,unmodified,True,True,False,True,0.024393250001594424
a100-s0-slow-ttft,1.0,0.0131,fixed_compute_margin_10pct,True,True,False,True,0.02750429103616625
a100-s0-slow-ttft,1.0,0.0131,fixed_compute_margin_25pct,True,True,False,True,0.03392549999989569
a100-s0-slow-ttft,1.0,0.0131,fixed_sla_margin_10pct,True,True,False,True,0.037824541970621794
a100-s0-slow-ttft,1.0,0.0131,load_stress_10pct,True,True,False,True,0.0329600420081988
a100-s0-slow-ttft,1.0,0.0131,load_stress_20pct,True,True,False,True,0.024340500007383525
a100-s0-slow-ttft,1.0,0.0131,capacity_derating_10pct,True,True,False,True,1.208973117172718e-06
a100-s0-slow-ttft,1.0,0.0131,capacity_derating_20pct,True,True,False,True,6.249756552278996e-07
a100-s0-slow-ttft,1.0,0.0131,finite_four_scenarios,True,True,False,True,0.10670249996474013
a100-s0-slow-ttft,1.0,0.0132,unmodified,True,True,False,True,0.026906208018772304
a100-s0-slow-ttft,1.0,0.0132,fixed_compute_margin_10pct,True,True,False,True,0.042141875019297004
a100-s0-slow-ttft,1.0,0.0132,fixed_compute_margin_25pct,True,True,False,True,0.026551290997304022
a100-s0-slow-ttft,1.0,0.0132,fixed_sla_margin_10pct,True,True,False,True,0.024565375002566725
a100-s0-slow-ttft,1.0,0.0132,load_stress_10pct,True,True,False,True,0.023914874996989965
a100-s0-slow-ttft,1.0,0.0132,load_stress_20pct,True,True,False,True,0.024292207963299006
a100-s0-slow-ttft,1.0,0.0132,capacity_derating_10pct,True,True,False,True,1.00000761449337e-06
a100-s0-slow-ttft,1.0,0.0132,capacity_derating_20pct,True,True,False,True,8.750357665121555e-07
a100-s0-slow-ttft,1.0,0.0132,finite_four_scenarios,True,True,False,True,0.11384687497047707
a100-s0-slow-ttft,1.0,0.015,unmodified,True,True,False,True,0.028655874950345606
a100-s0-slow-ttft,1.0,0.015,fixed_compute_margin_10pct,True,True,False,True,0.023490833002142608
a100-s0-slow-ttft,1.0,0.015,fixed_compute_margin_25pct,True,True,False,True,0.023432708985637873
a100-s0-slow-ttft,1.0,0.015,fixed_sla_margin_10pct,True,True,False,True,0.024416124972049147
a100-s0-slow-ttft,1.0,0.015,load_stress_10pct,True,True,False,True,0.023512499989010394
a100-s0-slow-ttft,1.0,0.015,load_stress_20pct,True,True,False,True,0.02465037500951439
a100-s0-slow-ttft,1.0,0.015,capacity_derating_10pct,True,True,False,True,8.330098353326321e-07
a100-s0-slow-ttft,1.0,0.015,capacity_derating_20pct,True,True,False,True,5.00003807246685e-07
a100-s0-slow-ttft,1.0,0.015,finite_four_scenarios,True,True,False,True,0.1198377080145292
a100-s0-slow-ttft,1.0,0.02,unmodified,True,True,False,True,0.032223083020653576
a100-s0-slow-ttft,1.0,0.02,fixed_compute_margin_10pct,True,True,False,True,0.03377870802069083
a100-s0-slow-ttft,1.0,0.02,fixed_compute_margin_25pct,True,True,False,True,0.026647625025361776
a100-s0-slow-ttft,1.0,0.02,fixed_sla_margin_10pct,True,True,False,True,0.025338792009279132
a100-s0-slow-ttft,1.0,0.02,load_stress_10pct,True,True,False,True,0.026506541995331645
a100-s0-slow-ttft,1.0,0.02,load_stress_20pct,True,True,False,True,0.036610124981962144
a100-s0-slow-ttft,1.0,0.02,capacity_derating_10pct,True,True,False,True,1.208973117172718e-06
a100-s0-slow-ttft,1.0,0.02,capacity_derating_20pct,True,True,False,True,5.839974619448185e-07
a100-s0-slow-ttft,1.0,0.02,finite_four_scenarios,True,True,False,True,0.12304825003957376
a100-s0-slow-ttft,1.0,0.025,unmodified,True,True,False,True,0.027398582955356687
a100-s0-slow-ttft,1.0,0.025,fixed_compute_margin_10pct,True,True,False,True,0.03964241698849946
a100-s0-slow-ttft,1.0,0.025,fixed_compute_margin_25pct,True,True,False,True,0.028774499951396137
a100-s0-slow-ttft,1.0,0.025,fixed_sla_margin_10pct,True,True,False,True,0.02483062498504296
a100-s0-slow-ttft,1.0,0.025,load_stress_10pct,True,True,False,True,0.02426325000124052
a100-s0-slow-ttft,1.0,0.025,load_stress_20pct,True,True,False,True,0.0240639999974519
a100-s0-slow-ttft,1.0,0.025,capacity_derating_10pct,True,True,False,True,1.0840012691915035e-06
a100-s0-slow-ttft,1.0,0.025,capacity_derating_20pct,True,True,False,True,5.420297384262085e-07
a100-s0-slow-ttft,1.0,0.025,finite_four_scenarios,True,True,False,True,0.11161695898044854
a100-s0-slow-ttft,1.0,0.04,unmodified,True,True,False,True,0.039438917010556906
a100-s0-slow-ttft,1.0,0.04,fixed_compute_margin_10pct,True,True,False,True,0.029961457999888808
a100-s0-slow-ttft,1.0,0.04,fixed_compute_margin_25pct,True,True,False,True,0.02927316603017971
a100-s0-slow-ttft,1.0,0.04,fixed_sla_margin_10pct,True,True,False,True,0.02820245799375698
a100-s0-slow-ttft,1.0,0.04,load_stress_10pct,True,True,False,True,0.028548708010930568
a100-s0-slow-ttft,1.0,0.04,load_stress_20pct,True,True,False,True,0.041442207992076874
a100-s0-slow-ttft,1.0,0.04,capacity_derating_10pct,True,True,False,True,1.2500095181167126e-06
a100-s0-slow-ttft,1.0,0.04,capacity_derating_20pct,True,True,False,True,1.1249794624745846e-06
a100-s0-slow-ttft,1.0,0.04,finite_four_scenarios,True,True,False,True,0.1650910839671269
a100-s0-slow-ttft,1.0,0.08,unmodified,True,True,False,True,0.036969417007640004
a100-s0-slow-ttft,1.0,0.08,fixed_compute_margin_10pct,True,True,False,True,0.04768695798702538
a100-s0-slow-ttft,1.0,0.08,fixed_compute_margin_25pct,True,True,False,True,0.07169154100120068
a100-s0-slow-ttft,1.0,0.08,fixed_sla_margin_10pct,True,True,False,True,0.06476604199269786
a100-s0-slow-ttft,1.0,0.08,load_stress_10pct,True,True,False,True,0.09721141698537394
a100-s0-slow-ttft,1.0,0.08,load_stress_20pct,True,True,False,True,0.04562429100042209
a100-s0-slow-ttft,1.0,0.08,capacity_derating_10pct,True,True,False,True,1.1249794624745846e-06
a100-s0-slow-ttft,1.0,0.08,capacity_derating_20pct,True,True,False,True,8.749775588512421e-07
a100-s0-slow-ttft,1.0,0.08,finite_four_scenarios,True,True,False,True,0.1991182920173742
a100-s0-slow-ttft,1.0,0.16,unmodified,True,True,False,True,0.05837370903464034
a100-s0-slow-ttft,1.0,0.16,fixed_compute_margin_10pct,True,True,False,True,0.06469745800131932
a100-s0-slow-ttft,1.0,0.16,fixed_compute_margin_25pct,True,True,False,True,0.08077800000319257
a100-s0-slow-ttft,1.0,0.16,fixed_sla_margin_10pct,True,True,False,True,0.06375633296556771
a100-s0-slow-ttft,1.0,0.16,load_stress_10pct,True,True,False,True,0.06125124997925013
a100-s0-slow-ttft,1.0,0.16,load_stress_20pct,True,True,False,True,0.0687384590273723
a100-s0-slow-ttft,1.0,0.16,capacity_derating_10pct,True,True,False,True,1.00000761449337e-06
a100-s0-slow-ttft,1.0,0.16,capacity_derating_20pct,True,True,False,True,6.25033862888813e-07
a100-s0-slow-ttft,1.0,0.16,finite_four_scenarios,True,True,False,True,0.32624095800565556
a100-s0-slow-ttft,1.0,0.32,unmodified,True,True,False,True,0.0970420420053415
a100-s0-slow-ttft,1.0,0.32,fixed_compute_margin_10pct,True,True,False,True,0.11703741602832451
a100-s0-slow-ttft,1.0,0.32,fixed_compute_margin_25pct,True,True,False,True,0.10902124998392537
a100-s0-slow-ttft,1.0,0.32,fixed_sla_margin_10pct,True,True,False,True,0.11785183299798518
a100-s0-slow-ttft,1.0,0.32,load_stress_10pct,True,True,False,True,0.1112416249816306
a100-s0-slow-ttft,1.0,0.32,load_stress_20pct,True,True,False,True,0.12247695901896805
a100-s0-slow-ttft,1.0,0.32,capacity_derating_10pct,True,True,False,True,1.334003172814846e-06
a100-s0-slow-ttft,1.0,0.32,capacity_derating_20pct,True,True,False,True,4.589674063026905e-07
a100-s0-slow-ttft,1.0,0.32,finite_four_scenarios,True,True,False,True,0.4239830420119688
a100-s0-slow-ttft,1.0,0.64,unmodified,True,True,False,True,0.13430475001223385
a100-s0-slow-ttft,1.0,0.64,fixed_compute_margin_10pct,True,True,False,True,0.12363975000334904
a100-s0-slow-ttft,1.0,0.64,fixed_compute_margin_25pct,True,True,False,True,0.12933162500848994
a100-s0-slow-ttft,1.0,0.64,fixed_sla_margin_10pct,True,True,False,True,0.11562837503151968
a100-s0-slow-ttft,1.0,0.64,load_stress_10pct,True,True,False,True,0.136430874990765
a100-s0-slow-ttft,1.0,0.64,load_stress_20pct,True,True,False,True,0.15573408297495916
a100-s0-slow-ttft,1.0,0.64,capacity_derating_10pct,True,True,False,True,1.7499551177024841e-06
a100-s0-slow-ttft,1.0,0.64,capacity_derating_20pct,True,True,False,True,1.167005393654108e-06
a100-s0-slow-ttft,1.0,0.64,finite_four_scenarios,True,True,False,True,0.49411124998005107
a100-s0-slow-ttft,1.0,1.28,unmodified,True,True,False,True,0.13169387500965968
a100-s0-slow-ttft,1.0,1.28,fixed_compute_margin_10pct,True,True,False,True,0.14788279199274257
a100-s0-slow-ttft,1.0,1.28,fixed_compute_margin_25pct,True,True,False,True,0.1431223750114441
a100-s0-slow-ttft,1.0,1.28,fixed_sla_margin_10pct,True,True,False,True,0.15870633401209489
a100-s0-slow-ttft,1.0,1.28,load_stress_10pct,True,True,False,True,0.14511579199461266
a100-s0-slow-ttft,1.0,1.28,load_stress_20pct,True,True,False,True,0.17147087503690273
a100-s0-slow-ttft,1.0,1.28,capacity_derating_10pct,True,True,False,True,1.1249794624745846e-06
a100-s0-slow-ttft,1.0,1.28,capacity_derating_20pct,True,True,False,True,6.67001586407423e-07
a100-s0-slow-ttft,1.0,1.28,finite_four_scenarios,True,True,False,True,0.6649583330145106
a100-s0-slow-ttft,1.0,2.56,unmodified,True,True,False,True,0.2013599170022644
a100-s0-slow-ttft,1.0,2.56,fixed_compute_margin_10pct,True,True,False,True,0.22110329201677814
a100-s0-slow-ttft,1.0,2.56,fixed_compute_margin_25pct,False,True,False,False,0.026104999997187406
a100-s0-slow-ttft,1.0,2.56,fixed_sla_margin_10pct,False,True,False,False,0.16530220897402614
a100-s0-slow-ttft,1.0,2.56,load_stress_10pct,True,True,False,True,0.20160354202380404
a100-s0-slow-ttft,1.0,2.56,load_stress_20pct,True,True,False,True,0.2115372089901939
a100-s0-slow-ttft,1.0,2.56,capacity_derating_10pct,True,True,False,True,1.0829535312950611e-06
a100-s0-slow-ttft,1.0,2.56,capacity_derating_20pct,True,True,False,True,7.500057108700275e-07
a100-s0-slow-ttft,1.0,2.56,finite_four_scenarios,False,True,False,False,0.4056378749664873
a100-s0-slow-ttft,1.0,3.2,unmodified,True,True,False,True,0.1793454160215333
a100-s0-slow-ttft,1.0,3.2,fixed_compute_margin_10pct,False,True,False,False,0.14301274996250868
a100-s0-slow-ttft,1.0,3.2,fixed_compute_margin_25pct,False,True,False,False,0.01611920801224187
a100-s0-slow-ttft,1.0,3.2,fixed_sla_margin_10pct,False,True,False,False,0.02409641700796783
a100-s0-slow-ttft,1.0,3.2,load_stress_10pct,True,True,False,True,0.1721237919991836
a100-s0-slow-ttft,1.0,3.2,load_stress_20pct,False,True,False,False,0.018880375020671636
a100-s0-slow-ttft,1.0,3.2,capacity_derating_10pct,False,True,False,False,1.04197533801198e-06
a100-s0-slow-ttft,1.0,3.2,capacity_derating_20pct,False,True,False,False,8.330098353326321e-07
a100-s0-slow-ttft,1.0,3.2,finite_four_scenarios,False,True,False,False,0.38402870896970853
a100-s0-slow-ttft,1.0,3.84,unmodified,False,True,False,False,0.017537874984554946
a100-s0-slow-ttft,1.0,3.84,fixed_compute_margin_10pct,False,True,False,False,0.017840082990005612
a100-s0-slow-ttft,1.0,3.84,fixed_compute_margin_25pct,False,True,False,False,0.028504124958999455
a100-s0-slow-ttft,1.0,3.84,fixed_sla_margin_10pct,False,True,False,False,0.01823162502842024
a100-s0-slow-ttft,1.0,3.84,load_stress_10pct,False,True,False,False,0.019001082982867956
a100-s0-slow-ttft,1.0,3.84,load_stress_20pct,False,True,False,False,0.016369415970984846
a100-s0-slow-ttft,1.0,3.84,capacity_derating_10pct,False,True,False,False,1.0829535312950611e-06
a100-s0-slow-ttft,1.0,3.84,capacity_derating_20pct,False,True,False,False,5.420297384262085e-07
a100-s0-slow-ttft,1.0,3.84,finite_four_scenarios,False,True,False,False,0.08107924996875226
a100-s0-slow-ttft,1.0,5.12,unmodified,False,True,False,False,0.017528458032757044
a100-s0-slow-ttft,1.0,5.12,fixed_compute_margin_10pct,False,True,False,False,0.016341666982043535
a100-s0-slow-ttft,1.0,5.12,fixed_compute_margin_25pct,False,True,False,False,0.01156174996867776
a100-s0-slow-ttft,1.0,5.12,fixed_sla_margin_10pct,False,True,False,False,0.017744207987561822
a100-s0-slow-ttft,1.0,5.12,load_stress_10pct,False,True,False,False,0.06403204100206494
a100-s0-slow-ttft,1.0,5.12,load_stress_20pct,False,True,False,False,0.06369933398673311
a100-s0-slow-ttft,1.0,5.12,capacity_derating_10pct,False,True,False,False,8.33999365568161e-07
a100-s0-slow-ttft,1.0,5.12,capacity_derating_20pct,False,True,False,False,4.159519448876381e-07
a100-s0-slow-ttft,1.0,5.12,finite_four_scenarios,False,True,False,False,0.054832540976349264
a100-s0-slow-ttft,1.0,10.24,unmodified,False,True,False,False,0.00871758395805955
a100-s0-slow-ttft,1.0,10.24,fixed_compute_margin_10pct,False,True,False,False,0.007903208024799824
a100-s0-slow-ttft,1.0,10.24,fixed_compute_margin_25pct,False,True,False,False,0.0066647499916143715
a100-s0-slow-ttft,1.0,10.24,fixed_sla_margin_10pct,False,True,False,False,0.010246958991046995
a100-s0-slow-ttft,1.0,10.24,load_stress_10pct,False,True,False,False,0.0157049999688752
a100-s0-slow-ttft,1.0,10.24,load_stress_20pct,False,True,False,False,0.008773916983045638
a100-s0-slow-ttft,1.0,10.24,capacity_derating_10pct,False,True,False,False,9.5803989097476e-07
a100-s0-slow-ttft,1.0,10.24,capacity_derating_20pct,False,True,False,False,6.249756552278996e-07
a100-s0-slow-ttft,1.0,10.24,finite_four_scenarios,False,True,False,False,0.029273834021296352
a100-s0-slow-ttft,1.0,20.48,unmodified,False,True,False,False,0.004455916990991682
a100-s0-slow-ttft,1.0,20.48,fixed_compute_margin_10pct,False,True,False,False,0.0037184999673627317
a100-s0-slow-ttft,1.0,20.48,fixed_compute_margin_25pct,False,True,False,False,0.0022597499773837626
a100-s0-slow-ttft,1.0,20.48,fixed_sla_margin_10pct,False,True,False,False,0.0031905000214464962
a100-s0-slow-ttft,1.0,20.48,load_stress_10pct,False,True,False,False,0.00628816697280854
a100-s0-slow-ttft,1.0,20.48,load_stress_20pct,False,True,False,False,0.004867333045694977
a100-s0-slow-ttft,1.0,20.48,capacity_derating_10pct,False,True,False,False,1.0420335456728935e-06
a100-s0-slow-ttft,1.0,20.48,capacity_derating_20pct,False,True,False,False,8.330098353326321e-07
a100-s0-slow-ttft,1.0,20.48,finite_four_scenarios,False,True,False,False,0.02592191699659452
a100-s0-slow-ttft,1.0,40.96,unmodified,False,True,False,False,0.0026760000037029386
a100-s0-slow-ttft,1.0,40.96,fixed_compute_margin_10pct,False,True,False,False,0.0018057910492643714
a100-s0-slow-ttft,1.0,40.96,fixed_compute_margin_25pct,False,True,False,False,0.0022946670069359243
a100-s0-slow-ttft,1.0,40.96,fixed_sla_margin_10pct,False,True,False,False,0.0016988749848678708
a100-s0-slow-ttft,1.0,40.96,load_stress_10pct,False,True,False,False,0.0026024580001831055
a100-s0-slow-ttft,1.0,40.96,load_stress_20pct,False,True,False,False,0.002149874984752387
a100-s0-slow-ttft,1.0,40.96,capacity_derating_10pct,False,True,False,False,1.0420335456728935e-06
a100-s0-slow-ttft,1.0,40.96,capacity_derating_20pct,False,True,False,False,7.08969309926033e-07
a100-s0-slow-ttft,1.0,40.96,finite_four_scenarios,False,True,False,False,0.010152333008591086
a100-s0-slow-ttft,1.0,51.2,unmodified,False,False,False,False,0.003040082985535264
a100-s0-slow-ttft,1.0,51.2,fixed_compute_margin_10pct,False,False,False,False,0.0019351670052856207
a100-s0-slow-ttft,1.0,51.2,fixed_compute_margin_25pct,False,False,False,False,0.002042708045337349
a100-s0-slow-ttft,1.0,51.2,fixed_sla_margin_10pct,False,False,False,False,0.0018717090133577585
a100-s0-slow-ttft,1.0,51.2,load_stress_10pct,False,False,False,False,0.002782625029794872
a100-s0-slow-ttft,1.0,51.2,load_stress_20pct,False,False,False,False,0.008180625038221478
a100-s0-slow-ttft,1.0,51.2,capacity_derating_10pct,False,False,False,False,9.170034900307655e-07
a100-s0-slow-ttft,1.0,51.2,capacity_derating_20pct,False,False,False,False,6.67001586407423e-07
a100-s0-slow-ttft,1.0,51.2,finite_four_scenarios,False,False,False,False,0.0252516659675166
a100-s0-slow-ttft,1.0,61.44,unmodified,False,False,False,False,0.005329707986675203
a100-s0-slow-ttft,1.0,61.44,fixed_compute_margin_10pct,False,False,False,False,0.0022190420422703028
a100-s0-slow-ttft,1.0,61.44,fixed_compute_margin_25pct,False,False,False,False,0.0018914169631898403
a100-s0-slow-ttft,1.0,61.44,fixed_sla_margin_10pct,False,False,False,False,0.0016817079740576446
a100-s0-slow-ttft,1.0,61.44,load_stress_10pct,False,False,False,False,0.002131291024852544
a100-s0-slow-ttft,1.0,61.44,load_stress_20pct,False,False,False,False,0.002121457946486771
a100-s0-slow-ttft,1.0,61.44,capacity_derating_10pct,False,False,False,False,8.330098353326321e-07
a100-s0-slow-ttft,1.0,61.44,capacity_derating_20pct,False,False,False,False,7.919734343886375e-07
a100-s0-slow-ttft,1.0,61.44,finite_four_scenarios,False,False,False,False,0.008637084043584764
a100-s0-slow-ttft,1.0,81.92,unmodified,False,False,False,False,0.0016302079893648624
a100-s0-slow-ttft,1.0,81.92,fixed_compute_margin_10pct,False,False,False,False,0.002130082983057946
a100-s0-slow-ttft,1.0,81.92,fixed_compute_margin_25pct,False,False,False,False,0.002006624999921769
a100-s0-slow-ttft,1.0,81.92,fixed_sla_margin_10pct,False,False,False,False,0.0016402500332333148
a100-s0-slow-ttft,1.0,81.92,load_stress_10pct,False,False,False,False,0.002317916019819677
a100-s0-slow-ttft,1.0,81.92,load_stress_20pct,False,False,False,False,0.001911125029437244
a100-s0-slow-ttft,1.0,81.92,capacity_derating_10pct,False,False,False,False,9.5803989097476e-07
a100-s0-slow-ttft,1.0,81.92,capacity_derating_20pct,False,False,False,False,4.169996827840805e-07
a100-s0-slow-ttft,1.0,81.92,finite_four_scenarios,False,False,False,False,0.008069208008237183
a100-s0-slow-ttft,0.9,0.006,unmodified,True,True,False,True,0.04374195804120973
a100-s0-slow-ttft,0.9,0.006,fixed_compute_margin_10pct,True,True,False,True,0.04479041701415554
a100-s0-slow-ttft,0.9,0.006,fixed_compute_margin_25pct,True,True,False,True,0.026805958012118936
a100-s0-slow-ttft,0.9,0.006,fixed_sla_margin_10pct,True,True,False,True,0.02741408400470391
a100-s0-slow-ttft,0.9,0.006,load_stress_10pct,True,True,False,True,0.03248037496814504
a100-s0-slow-ttft,0.9,0.006,load_stress_20pct,True,True,False,True,0.04626466700574383
a100-s0-slow-ttft,0.9,0.006,capacity_derating_10pct,True,True,False,True,1.2909877113997936e-06
a100-s0-slow-ttft,0.9,0.006,capacity_derating_20pct,True,True,False,True,9.170034900307655e-07
a100-s0-slow-ttft,0.9,0.006,finite_four_scenarios,True,True,False,True,0.13428158295573667
a100-s0-slow-ttft,0.9,0.01,unmodified,True,True,False,True,0.03759520797757432
a100-s0-slow-ttft,0.9,0.01,fixed_compute_margin_10pct,True,True,False,True,0.027250417042523623
a100-s0-slow-ttft,0.9,0.01,fixed_compute_margin_25pct,True,True,False,True,0.02341712504858151
a100-s0-slow-ttft,0.9,0.01,fixed_sla_margin_10pct,True,True,False,True,0.03581633302383125
a100-s0-slow-ttft,0.9,0.01,load_stress_10pct,True,True,False,True,0.02222116698976606
a100-s0-slow-ttft,0.9,0.01,load_stress_20pct,True,True,False,True,0.03186308400472626
a100-s0-slow-ttft,0.9,0.01,capacity_derating_10pct,True,True,False,True,1.374981366097927e-06
a100-s0-slow-ttft,0.9,0.01,capacity_derating_20pct,True,True,False,True,9.160139597952366e-07
a100-s0-slow-ttft,0.9,0.01,finite_four_scenarios,True,True,False,True,0.12214470800245181
a100-s0-slow-ttft,0.9,0.0131,unmodified,True,True,False,True,0.03996874997392297
a100-s0-slow-ttft,0.9,0.0131,fixed_compute_margin_10pct,True,True,False,True,0.028082665987312794
a100-s0-slow-ttft,0.9,0.0131,fixed_compute_margin_25pct,True,True,False,True,0.02517504198476672
a100-s0-slow-ttft,0.9,0.0131,fixed_sla_margin_10pct,True,True,False,True,0.02530091698281467
a100-s0-slow-ttft,0.9,0.0131,load_stress_10pct,True,True,False,True,0.043330583022907376
a100-s0-slow-ttft,0.9,0.0131,load_stress_20pct,True,True,False,True,0.0312707910197787
a100-s0-slow-ttft,0.9,0.0131,capacity_derating_10pct,True,True,False,True,9.170034900307655e-07
a100-s0-slow-ttft,0.9,0.0131,capacity_derating_20pct,True,True,False,True,7.079797796905041e-07
a100-s0-slow-ttft,0.9,0.0131,finite_four_scenarios,True,True,False,True,0.11602879199199378
a100-s0-slow-ttft,0.9,0.0132,unmodified,True,True,False,True,0.03538183297496289
a100-s0-slow-ttft,0.9,0.0132,fixed_compute_margin_10pct,True,True,False,True,0.023249292047694325
a100-s0-slow-ttft,0.9,0.0132,fixed_compute_margin_25pct,True,True,False,True,0.025754457979928702
a100-s0-slow-ttft,0.9,0.0132,fixed_sla_margin_10pct,True,True,False,True,0.025888542004395276
a100-s0-slow-ttft,0.9,0.0132,load_stress_10pct,True,True,False,True,0.03541829198366031
a100-s0-slow-ttft,0.9,0.0132,load_stress_20pct,True,True,False,True,0.03341854101745412
a100-s0-slow-ttft,0.9,0.0132,capacity_derating_10pct,True,True,False,True,8.33999365568161e-07
a100-s0-slow-ttft,0.9,0.0132,capacity_derating_20pct,True,True,False,True,5.00003807246685e-07
a100-s0-slow-ttft,0.9,0.0132,finite_four_scenarios,True,True,False,True,0.12562512495787814
a100-s0-slow-ttft,0.9,0.015,unmodified,True,True,False,True,0.025452125002630055
a100-s0-slow-ttft,0.9,0.015,fixed_compute_margin_10pct,True,True,False,True,0.036449333012569696
a100-s0-slow-ttft,0.9,0.015,fixed_compute_margin_25pct,True,True,False,True,0.02854433294851333
a100-s0-slow-ttft,0.9,0.015,fixed_sla_margin_10pct,True,True,False,True,0.030970958003308624
a100-s0-slow-ttft,0.9,0.015,load_stress_10pct,True,True,False,True,0.023934624972753227
a100-s0-slow-ttft,0.9,0.015,load_stress_20pct,True,True,False,True,0.04106641700491309
a100-s0-slow-ttft,0.9,0.015,capacity_derating_10pct,True,True,False,True,1.5840050764381886e-06
a100-s0-slow-ttft,0.9,0.015,capacity_derating_20pct,True,True,False,True,7.499475032091141e-07
a100-s0-slow-ttft,0.9,0.015,finite_four_scenarios,True,True,False,True,0.12456404097611085
a100-s0-slow-ttft,0.9,0.02,unmodified,True,True,False,True,0.02386700001079589
a100-s0-slow-ttft,0.9,0.02,fixed_compute_margin_10pct,True,True,False,True,0.03093320899643004
a100-s0-slow-ttft,0.9,0.02,fixed_compute_margin_25pct,True,True,False,True,0.027121792023535818
a100-s0-slow-ttft,0.9,0.02,fixed_sla_margin_10pct,True,True,False,True,0.03617229202063754
a100-s0-slow-ttft,0.9,0.02,load_stress_10pct,True,True,False,True,0.04019420797703788
a100-s0-slow-ttft,0.9,0.02,load_stress_20pct,True,True,False,True,0.02701791696017608
a100-s0-slow-ttft,0.9,0.02,capacity_derating_10pct,True,True,False,True,1.1249794624745846e-06
a100-s0-slow-ttft,0.9,0.02,capacity_derating_20pct,True,True,False,True,7.500057108700275e-07
a100-s0-slow-ttft,0.9,0.02,finite_four_scenarios,True,True,False,True,0.12258504197234288
a100-s0-slow-ttft,0.9,0.025,unmodified,True,True,False,True,0.02899737498955801
a100-s0-slow-ttft,0.9,0.025,fixed_compute_margin_10pct,True,True,False,True,0.040581375011242926
a100-s0-slow-ttft,0.9,0.025,fixed_compute_margin_25pct,True,True,False,True,0.026093667023815215
a100-s0-slow-ttft,0.9,0.025,fixed_sla_margin_10pct,True,True,False,True,0.03674795903498307
a100-s0-slow-ttft,0.9,0.025,load_stress_10pct,True,True,False,True,0.029117042024154216
a100-s0-slow-ttft,0.9,0.025,load_stress_20pct,True,True,False,True,0.026048500032629818
a100-s0-slow-ttft,0.9,0.025,capacity_derating_10pct,True,True,False,True,1.207983586937189e-06
a100-s0-slow-ttft,0.9,0.025,capacity_derating_20pct,True,True,False,True,7.919734343886375e-07
a100-s0-slow-ttft,0.9,0.025,finite_four_scenarios,True,True,False,True,0.12610133300768211
a100-s0-slow-ttft,0.9,0.04,unmodified,True,True,False,True,0.028793583041988313
a100-s0-slow-ttft,0.9,0.04,fixed_compute_margin_10pct,True,True,False,True,0.032281916006468236
a100-s0-slow-ttft,0.9,0.04,fixed_compute_margin_25pct,True,True,False,True,0.047243750013876706
a100-s0-slow-ttft,0.9,0.04,fixed_sla_margin_10pct,True,True,False,True,0.028171584010124207
a100-s0-slow-ttft,0.9,0.04,load_stress_10pct,True,True,False,True,0.0306477919803001
a100-s0-slow-ttft,0.9,0.04,load_stress_20pct,True,True,False,True,0.031879167014267296
a100-s0-slow-ttft,0.9,0.04,capacity_derating_10pct,True,True,False,True,1.00000761449337e-06
a100-s0-slow-ttft,0.9,0.04,capacity_derating_20pct,True,True,False,True,8.33999365568161e-07
a100-s0-slow-ttft,0.9,0.04,finite_four_scenarios,True,True,False,True,0.17196408298332244
a100-s0-slow-ttft,0.9,0.08,unmodified,True,True,False,True,0.037863582954742014
a100-s0-slow-ttft,0.9,0.08,fixed_compute_margin_10pct,True,True,False,True,0.043294375005643815
a100-s0-slow-ttft,0.9,0.08,fixed_compute_margin_25pct,True,True,False,True,0.058933750027790666
a100-s0-slow-ttft,0.9,0.08,fixed_sla_margin_10pct,True,True,False,True,0.04532799997832626
a100-s0-slow-ttft,0.9,0.08,load_stress_10pct,True,True,False,True,0.041708083008416
a100-s0-slow-ttft,0.9,0.08,load_stress_20pct,True,True,False,True,0.044621707987971604
a100-s0-slow-ttft,0.9,0.08,capacity_derating_10pct,True,True,False,True,1.0409858077764511e-06
a100-s0-slow-ttft,0.9,0.08,capacity_derating_20pct,True,True,False,True,1.00000761449337e-06
a100-s0-slow-ttft,0.9,0.08,finite_four_scenarios,True,True,False,True,0.19981199997710064
a100-s0-slow-ttft,0.9,0.16,unmodified,True,True,False,True,0.0693726249737665
a100-s0-slow-ttft,0.9,0.16,fixed_compute_margin_10pct,True,True,False,True,0.07546116696903482
a100-s0-slow-ttft,0.9,0.16,fixed_compute_margin_25pct,True,True,False,True,0.0653227079892531
a100-s0-slow-ttft,0.9,0.16,fixed_sla_margin_10pct,True,True,False,True,0.07150695798918605
a100-s0-slow-ttft,0.9,0.16,load_stress_10pct,True,True,False,True,0.05442733399104327
a100-s0-slow-ttft,0.9,0.16,load_stress_20pct,True,True,False,True,0.10851454100338742
a100-s0-slow-ttft,0.9,0.16,capacity_derating_10pct,True,True,False,True,1.0830117389559746e-06
a100-s0-slow-ttft,0.9,0.16,capacity_derating_20pct,True,True,False,True,1.04197533801198e-06
a100-s0-slow-ttft,0.9,0.16,finite_four_scenarios,True,True,False,True,0.28622670902404934
a100-s0-slow-ttft,0.9,0.32,unmodified,True,True,False,True,0.10737783298827708
a100-s0-slow-ttft,0.9,0.32,fixed_compute_margin_10pct,True,True,False,True,0.09335924999322742
a100-s0-slow-ttft,0.9,0.32,fixed_compute_margin_25pct,True,True,False,True,0.11489679099759087
a100-s0-slow-ttft,0.9,0.32,fixed_sla_margin_10pct,True,True,False,True,0.12043079198338091
a100-s0-slow-ttft,0.9,0.32,load_stress_10pct,True,True,False,True,0.09442237502662465
a100-s0-slow-ttft,0.9,0.32,load_stress_20pct,True,True,False,True,0.13875262503279373
a100-s0-slow-ttft,0.9,0.32,capacity_derating_10pct,True,True,False,True,1.333013642579317e-06
a100-s0-slow-ttft,0.9,0.32,capacity_derating_20pct,True,True,False,True,1.0840012691915035e-06
a100-s0-slow-ttft,0.9,0.32,finite_four_scenarios,True,True,False,True,0.4132021659752354
a100-s0-slow-ttft,0.9,0.64,unmodified,True,True,False,True,0.12166245799744502
a100-s0-slow-ttft,0.9,0.64,fixed_compute_margin_10pct,True,True,False,True,0.1292637920123525
a100-s0-slow-ttft,0.9,0.64,fixed_compute_margin_25pct,True,True,False,True,0.11875958304153755
a100-s0-slow-ttft,0.9,0.64,fixed_sla_margin_10pct,True,True,False,True,0.12565229198662564
a100-s0-slow-ttft,0.9,0.64,load_stress_10pct,True,True,False,True,0.12098220799816772
a100-s0-slow-ttft,0.9,0.64,load_stress_20pct,True,True,False,True,0.12882849999004975
a100-s0-slow-ttft,0.9,0.64,capacity_derating_10pct,True,True,False,True,1.0420335456728935e-06
a100-s0-slow-ttft,0.9,0.64,capacity_derating_20pct,True,True,False,True,9.59029421210289e-07
a100-s0-slow-ttft,0.9,0.64,finite_four_scenarios,True,True,False,True,0.6139278750051744
a100-s0-slow-ttft,0.9,1.28,unmodified,True,True,False,True,0.15811383299296722
a100-s0-slow-ttft,0.9,1.28,fixed_compute_margin_10pct,True,True,False,True,0.14761533302953467
a100-s0-slow-ttft,0.9,1.28,fixed_compute_margin_25pct,True,True,False,True,0.1620934999664314
a100-s0-slow-ttft,0.9,1.28,fixed_sla_margin_10pct,True,True,False,True,0.13622137502534315
a100-s0-slow-ttft,0.9,1.28,load_stress_10pct,True,True,False,True,0.140595167002175
a100-s0-slow-ttft,0.9,1.28,load_stress_20pct,True,True,False,True,0.1466170420171693
a100-s0-slow-ttft,0.9,1.28,capacity_derating_10pct,True,True,False,True,1.167005393654108e-06
a100-s0-slow-ttft,0.9,1.28,capacity_derating_20pct,True,True,False,True,5.420297384262085e-07
a100-s0-slow-ttft,0.9,1.28,finite_four_scenarios,True,True,False,True,0.6900292910286225
a100-s0-slow-ttft,0.9,2.56,unmodified,True,True,False,True,0.19921087502734736
a100-s0-slow-ttft,0.9,2.56,fixed_compute_margin_10pct,True,True,False,True,0.2059410840156488
a100-s0-slow-ttft,0.9,2.56,fixed_compute_margin_25pct,True,True,False,True,0.21455262502422556
a100-s0-slow-ttft,0.9,2.56,fixed_sla_margin_10pct,True,True,False,True,0.17233912501251325
a100-s0-slow-ttft,0.9,2.56,load_stress_10pct,True,True,False,True,0.16378354199696332
a100-s0-slow-ttft,0.9,2.56,load_stress_20pct,True,True,False,True,0.16363662498770282
a100-s0-slow-ttft,0.9,2.56,capacity_derating_10pct,True,True,False,True,1.249951310455799e-06
a100-s0-slow-ttft,0.9,2.56,capacity_derating_20pct,True,True,False,True,8.330098353326321e-07
a100-s0-slow-ttft,0.9,2.56,finite_four_scenarios,True,True,False,True,0.7213588749873452
a100-s0-slow-ttft,0.9,3.2,unmodified,True,True,False,True,0.18643479200545698
a100-s0-slow-ttft,0.9,3.2,fixed_compute_margin_10pct,True,True,False,True,0.1752349580056034
a100-s0-slow-ttft,0.9,3.2,fixed_compute_margin_25pct,False,True,False,False,0.13446720800129697
a100-s0-slow-ttft,0.9,3.2,fixed_sla_margin_10pct,True,True,False,True,0.1979604999651201
a100-s0-slow-ttft,0.9,3.2,load_stress_10pct,True,True,False,True,0.1932786660036072
a100-s0-slow-ttft,0.9,3.2,load_stress_20pct,True,True,False,True,0.20986520795850083
a100-s0-slow-ttft,0.9,3.2,capacity_derating_10pct,True,True,False,True,8.749775588512421e-07
a100-s0-slow-ttft,0.9,3.2,capacity_derating_20pct,False,True,False,False,6.67001586407423e-07
a100-s0-slow-ttft,0.9,3.2,finite_four_scenarios,False,True,False,False,0.7103227080078796
a100-s0-slow-ttft,0.9,3.84,unmodified,True,True,False,True,0.23556712502613664
a100-s0-slow-ttft,0.9,3.84,fixed_compute_margin_10pct,True,True,False,True,0.22115458303596824
a100-s0-slow-ttft,0.9,3.84,fixed_compute_margin_25pct,False,True,False,False,0.017881291976664215
a100-s0-slow-ttft,0.9,3.84,fixed_sla_margin_10pct,False,True,False,False,0.019197333022020757
a100-s0-slow-ttft,0.9,3.84,load_stress_10pct,False,True,False,False,0.02340366702992469
a100-s0-slow-ttft,0.9,3.84,load_stress_20pct,False,True,False,False,0.026295957970432937
a100-s0-slow-ttft,0.9,3.84,capacity_derating_10pct,False,True,False,False,9.589712135493755e-07
a100-s0-slow-ttft,0.9,3.84,capacity_derating_20pct,False,True,False,False,7.500057108700275e-07
a100-s0-slow-ttft,0.9,3.84,finite_four_scenarios,False,True,False,False,0.5036340410006233
a100-s0-slow-ttft,0.9,5.12,unmodified,False,True,False,False,0.02133499999763444
a100-s0-slow-ttft,0.9,5.12,fixed_compute_margin_10pct,False,True,False,False,0.03279774996917695
a100-s0-slow-ttft,0.9,5.12,fixed_compute_margin_25pct,False,True,False,False,0.01672233297722414
a100-s0-slow-ttft,0.9,5.12,fixed_sla_margin_10pct,False,True,False,False,0.016986540984362364
a100-s0-slow-ttft,0.9,5.12,load_stress_10pct,False,True,False,False,0.019062125007621944
a100-s0-slow-ttft,0.9,5.12,load_stress_20pct,False,True,False,False,0.02127504098461941
a100-s0-slow-ttft,0.9,5.12,capacity_derating_10pct,False,True,False,False,1.2500095181167126e-06
a100-s0-slow-ttft,0.9,5.12,capacity_derating_20pct,False,True,False,False,9.160139597952366e-07
a100-s0-slow-ttft,0.9,5.12,finite_four_scenarios,False,True,False,False,0.09337170794606209
a100-s0-slow-ttft,0.9,10.24,unmodified,False,True,False,False,0.016885291959624738
a100-s0-slow-ttft,0.9,10.24,fixed_compute_margin_10pct,False,True,False,False,0.009111333987675607
a100-s0-slow-ttft,0.9,10.24,fixed_compute_margin_25pct,False,True,False,False,0.008376749989110976
a100-s0-slow-ttft,0.9,10.24,fixed_sla_margin_10pct,False,True,False,False,0.009322375000920147
a100-s0-slow-ttft,0.9,10.24,load_stress_10pct,False,True,False,False,0.008720333047676831
a100-s0-slow-ttft,0.9,10.24,load_stress_20pct,False,True,False,False,0.008004083996638656
a100-s0-slow-ttft,0.9,10.24,capacity_derating_10pct,False,True,False,False,1.0829535312950611e-06
a100-s0-slow-ttft,0.9,10.24,capacity_derating_20pct,False,True,False,False,7.92031642049551e-07
a100-s0-slow-ttft,0.9,10.24,finite_four_scenarios,False,True,False,False,0.05081474996404722
a100-s0-slow-ttft,0.9,20.48,unmodified,False,True,False,False,0.004219916008878499
a100-s0-slow-ttft,0.9,20.48,fixed_compute_margin_10pct,False,True,False,False,0.004760166979394853
a100-s0-slow-ttft,0.9,20.48,fixed_compute_margin_25pct,False,True,False,False,0.003458417020738125
a100-s0-slow-ttft,0.9,20.48,fixed_sla_margin_10pct,False,True,False,False,0.0036503749433904886
a100-s0-slow-ttft,0.9,20.48,load_stress_10pct,False,True,False,False,0.00498795899329707
a100-s0-slow-ttft,0.9,20.48,load_stress_20pct,False,True,False,False,0.0043721250258386135
a100-s0-slow-ttft,0.9,20.48,capacity_derating_10pct,False,True,False,False,1.125037670135498e-06
a100-s0-slow-ttft,0.9,20.48,capacity_derating_20pct,False,True,False,False,5.410402081906796e-07
a100-s0-slow-ttft,0.9,20.48,finite_four_scenarios,False,True,False,False,0.017118083022069186
a100-s0-slow-ttft,0.9,40.96,unmodified,False,True,False,False,0.003276541014201939
a100-s0-slow-ttft,0.9,40.96,fixed_compute_margin_10pct,False,True,False,False,0.0034042089828290045
a100-s0-slow-ttft,0.9,40.96,fixed_compute_margin_25pct,False,True,False,False,0.0039102500304579735
a100-s0-slow-ttft,0.9,40.96,fixed_sla_margin_10pct,False,True,False,False,0.004504084005020559
a100-s0-slow-ttft,0.9,40.96,load_stress_10pct,False,True,False,False,0.006960375001654029
a100-s0-slow-ttft,0.9,40.96,load_stress_20pct,False,True,False,False,0.005833833012729883
a100-s0-slow-ttft,0.9,40.96,capacity_derating_10pct,False,True,False,False,1.374981366097927e-06
a100-s0-slow-ttft,0.9,40.96,capacity_derating_20pct,False,True,False,False,7.500057108700275e-07
a100-s0-slow-ttft,0.9,40.96,finite_four_scenarios,False,True,False,False,0.017655583971645683
a100-s0-slow-ttft,0.9,51.2,unmodified,False,False,False,False,0.0025625419802963734
a100-s0-slow-ttft,0.9,51.2,fixed_compute_margin_10pct,False,False,False,False,0.0024099170113913715
a100-s0-slow-ttft,0.9,51.2,fixed_compute_margin_25pct,False,False,False,False,0.0019071249989792705
a100-s0-slow-ttft,0.9,51.2,fixed_sla_margin_10pct,False,False,False,False,0.0021781669929623604
a100-s0-slow-ttft,0.9,51.2,load_stress_10pct,False,False,False,False,0.002924167027231306
a100-s0-slow-ttft,0.9,51.2,load_stress_20pct,False,False,False,False,0.0032059589866548777
a100-s0-slow-ttft,0.9,51.2,capacity_derating_10pct,False,False,False,False,1.0420335456728935e-06
a100-s0-slow-ttft,0.9,51.2,capacity_derating_20pct,False,False,False,False,8.329516276717186e-07
a100-s0-slow-ttft,0.9,51.2,finite_four_scenarios,False,False,False,False,0.011435624968726188
a100-s0-slow-ttft,0.9,61.44,unmodified,False,False,False,False,0.0033838750096037984
a100-s0-slow-ttft,0.9,61.44,fixed_compute_margin_10pct,False,False,False,False,0.0024082500021904707
a100-s0-slow-ttft,0.9,61.44,fixed_compute_margin_25pct,False,False,False,False,0.0022967500262893736
a100-s0-slow-ttft,0.9,61.44,fixed_sla_margin_10pct,False,False,False,False,0.0025834160041995347
a100-s0-slow-ttft,0.9,61.44,load_stress_10pct,False,False,False,False,0.0032542499830015004
a100-s0-slow-ttft,0.9,61.44,load_stress_20pct,False,False,False,False,0.003444708010647446
a100-s0-slow-ttft,0.9,61.44,capacity_derating_10pct,False,False,False,False,8.749775588512421e-07
a100-s0-slow-ttft,0.9,61.44,capacity_derating_20pct,False,False,False,False,7.080379873514175e-07
a100-s0-slow-ttft,0.9,61.44,finite_four_scenarios,False,False,False,False,0.010548749996814877
a100-s0-slow-ttft,0.9,81.92,unmodified,False,False,False,False,0.0021585409995168447
a100-s0-slow-ttft,0.9,81.92,fixed_compute_margin_10pct,False,False,False,False,0.0022162499953992665
a100-s0-slow-ttft,0.9,81.92,fixed_compute_margin_25pct,False,False,False,False,0.0020815409952774644
a100-s0-slow-ttft,0.9,81.92,fixed_sla_margin_10pct,False,False,False,False,0.002159833034966141
a100-s0-slow-ttft,0.9,81.92,load_stress_10pct,False,False,False,False,0.002429415995720774
a100-s0-slow-ttft,0.9,81.92,load_stress_20pct,False,False,False,False,0.0025826659984886646
a100-s0-slow-ttft,0.9,81.92,capacity_derating_10pct,False,False,False,False,8.330098353326321e-07
a100-s0-slow-ttft,0.9,81.92,capacity_derating_20pct,False,False,False,False,4.5803608372807503e-07
a100-s0-slow-ttft,0.9,81.92,finite_four_scenarios,False,False,False,False,0.008886124996934086
a100-s19-fast-decode,1.0,0.006,unmodified,True,True,False,True,0.09484970796620473
a100-s19-fast-decode,1.0,0.006,fixed_compute_margin_10pct,True,True,False,True,0.032421833951957524
a100-s19-fast-decode,1.0,0.006,fixed_compute_margin_25pct,True,True,False,True,0.03301541699329391
a100-s19-fast-decode,1.0,0.006,fixed_sla_margin_10pct,True,True,False,True,0.020643208001274616
a100-s19-fast-decode,1.0,0.006,load_stress_10pct,True,True,False,True,0.03203812497667968
a100-s19-fast-decode,1.0,0.006,load_stress_20pct,True,True,False,True,0.02217920799739659
a100-s19-fast-decode,1.0,0.006,capacity_derating_10pct,True,True,False,True,1.04197533801198e-06
a100-s19-fast-decode,1.0,0.006,capacity_derating_20pct,True,True,False,True,9.160139597952366e-07
a100-s19-fast-decode,1.0,0.006,finite_four_scenarios,True,True,False,True,0.10332983400439844
a100-s19-fast-decode,1.0,0.01,unmodified,True,True,False,True,0.027036750048864633
a100-s19-fast-decode,1.0,0.01,fixed_compute_margin_10pct,True,True,False,True,0.03115708299446851
a100-s19-fast-decode,1.0,0.01,fixed_compute_margin_25pct,True,True,False,True,0.021786500001326203
a100-s19-fast-decode,1.0,0.01,fixed_sla_margin_10pct,True,True,False,True,0.03534125001169741
a100-s19-fast-decode,1.0,0.01,load_stress_10pct,True,True,False,True,0.024616500013507903
a100-s19-fast-decode,1.0,0.01,load_stress_20pct,True,True,False,True,0.03114829200785607
a100-s19-fast-decode,1.0,0.01,capacity_derating_10pct,True,True,False,True,1.374981366097927e-06
a100-s19-fast-decode,1.0,0.01,capacity_derating_20pct,True,True,False,True,8.330098353326321e-07
a100-s19-fast-decode,1.0,0.01,finite_four_scenarios,True,True,False,True,0.10334591695573181
a100-s19-fast-decode,1.0,0.0131,unmodified,True,True,False,True,0.021617375023197383
a100-s19-fast-decode,1.0,0.0131,fixed_compute_margin_10pct,True,True,False,True,0.02221637504408136
a100-s19-fast-decode,1.0,0.0131,fixed_compute_margin_25pct,False,True,False,False,0.021517749992199242
a100-s19-fast-decode,1.0,0.0131,fixed_sla_margin_10pct,True,True,False,True,0.019237208005506545
a100-s19-fast-decode,1.0,0.0131,load_stress_10pct,True,True,False,True,0.023727875028271228
a100-s19-fast-decode,1.0,0.0131,load_stress_20pct,False,True,False,False,0.03156704199500382
a100-s19-fast-decode,1.0,0.0131,capacity_derating_10pct,True,True,False,True,1.4159595593810081e-06
a100-s19-fast-decode,1.0,0.0131,capacity_derating_20pct,False,True,False,False,8.330098353326321e-07
a100-s19-fast-decode,1.0,0.0131,finite_four_scenarios,False,True,False,False,0.09500708302948624
a100-s19-fast-decode,1.0,0.0132,unmodified,True,True,False,True,0.024657667032442987
a100-s19-fast-decode,1.0,0.0132,fixed_compute_margin_10pct,True,True,False,True,0.023064499953761697
a100-s19-fast-decode,1.0,0.0132,fixed_compute_margin_25pct,False,True,False,False,0.01968229201156646
a100-s19-fast-decode,1.0,0.0132,fixed_sla_margin_10pct,True,True,False,True,0.034681459015700966
a100-s19-fast-decode,1.0,0.0132,load_stress_10pct,True,True,False,True,0.02648770803352818
a100-s19-fast-decode,1.0,0.0132,load_stress_20pct,False,True,False,False,0.019699209020473063
a100-s19-fast-decode,1.0,0.0132,capacity_derating_10pct,True,True,False,True,1.2500095181167126e-06
a100-s19-fast-decode,1.0,0.0132,capacity_derating_20pct,False,True,False,False,7.500057108700275e-07
a100-s19-fast-decode,1.0,0.0132,finite_four_scenarios,False,True,False,False,0.09596558404155076
a100-s19-fast-decode,1.0,0.015,unmodified,True,True,False,True,0.020666416035965085
a100-s19-fast-decode,1.0,0.015,fixed_compute_margin_10pct,False,True,False,False,0.01987700001336634
a100-s19-fast-decode,1.0,0.015,fixed_compute_margin_25pct,False,True,False,False,0.024424957984592766
a100-s19-fast-decode,1.0,0.015,fixed_sla_margin_10pct,True,True,False,True,0.021932124975137413
a100-s19-fast-decode,1.0,0.015,load_stress_10pct,False,True,False,False,0.036076457996387035
a100-s19-fast-decode,1.0,0.015,load_stress_20pct,False,True,False,False,0.023732999979984015
a100-s19-fast-decode,1.0,0.015,capacity_derating_10pct,False,True,False,False,9.579816833138466e-07
a100-s19-fast-decode,1.0,0.015,capacity_derating_20pct,False,True,False,False,3.750319592654705e-07
a100-s19-fast-decode,1.0,0.015,finite_four_scenarios,False,True,False,False,0.10204154200619087
a100-s19-fast-decode,1.0,0.01625,unmodified,False,True,False,False,0.021541375026572496
a100-s19-fast-decode,1.0,0.01625,fixed_compute_margin_10pct,False,True,False,False,0.021202959003858268
a100-s19-fast-decode,1.0,0.01625,fixed_compute_margin_25pct,False,True,False,False,0.01952750002965331
a100-s19-fast-decode,1.0,0.01625,fixed_sla_margin_10pct,False,True,False,False,0.019567749986890703
a100-s19-fast-decode,1.0,0.01625,load_stress_10pct,False,True,False,False,0.034339417004957795
a100-s19-fast-decode,1.0,0.01625,load_stress_20pct,False,True,False,False,0.027971082949079573
a100-s19-fast-decode,1.0,0.01625,capacity_derating_10pct,False,True,False,False,1.0420335456728935e-06
a100-s19-fast-decode,1.0,0.01625,capacity_derating_20pct,False,True,False,False,4.169996827840805e-07
a100-s19-fast-decode,1.0,0.01625,finite_four_scenarios,False,True,False,False,0.12474083300912753
a100-s19-fast-decode,1.0,0.0175,unmodified,False,True,False,False,0.022188084025401622
a100-s19-fast-decode,1.0,0.0175,fixed_compute_margin_10pct,False,True,False,False,0.04112812498351559
a100-s19-fast-decode,1.0,0.0175,fixed_compute_margin_25pct,False,True,False,False,0.02552216697949916
a100-s19-fast-decode,1.0,0.0175,fixed_sla_margin_10pct,False,True,False,False,0.036838209023699164
a100-s19-fast-decode,1.0,0.0175,load_stress_10pct,False,True,False,False,0.03192329197190702
a100-s19-fast-decode,1.0,0.0175,load_stress_20pct,False,True,False,False,0.042404749954584986
a100-s19-fast-decode,1.0,0.0175,capacity_derating_10pct,False,True,False,False,1.2500095181167126e-06
a100-s19-fast-decode,1.0,0.0175,capacity_derating_20pct,False,True,False,False,7.500057108700275e-07
a100-s19-fast-decode,1.0,0.0175,finite_four_scenarios,False,True,False,False,0.12697262497385964
a100-s19-fast-decode,1.0,0.02,unmodified,False,True,False,False,0.023637540987692773
a100-s19-fast-decode,1.0,0.02,fixed_compute_margin_10pct,False,True,False,False,0.024625874997582287
a100-s19-fast-decode,1.0,0.02,fixed_compute_margin_25pct,False,True,False,False,0.026199874992016703
a100-s19-fast-decode,1.0,0.02,fixed_sla_margin_10pct,False,True,False,False,0.025642167020123452
a100-s19-fast-decode,1.0,0.02,load_stress_10pct,False,True,False,False,0.025976624980103225
a100-s19-fast-decode,1.0,0.02,load_stress_20pct,False,True,False,False,0.020864040998276323
a100-s19-fast-decode,1.0,0.02,capacity_derating_10pct,False,True,False,False,1.208973117172718e-06
a100-s19-fast-decode,1.0,0.02,capacity_derating_20pct,False,True,False,False,4.5797787606716156e-07
a100-s19-fast-decode,1.0,0.02,finite_four_scenarios,False,True,False,False,0.09497912501683459
a100-s19-fast-decode,1.0,0.025,unmodified,False,True,False,False,0.031566791993100196
a100-s19-fast-decode,1.0,0.025,fixed_compute_margin_10pct,False,True,False,False,0.03022666700417176
a100-s19-fast-decode,1.0,0.025,fixed_compute_margin_25pct,False,True,False,False,0.04584970895666629
a100-s19-fast-decode,1.0,0.025,fixed_sla_margin_10pct,False,True,False,False,0.03482966701267287
a100-s19-fast-decode,1.0,0.025,load_stress_10pct,False,True,False,False,0.028958290989976376
a100-s19-fast-decode,1.0,0.025,load_stress_20pct,False,True,False,False,0.02082495903596282
a100-s19-fast-decode,1.0,0.025,capacity_derating_10pct,False,True,False,False,1.0409858077764511e-06
a100-s19-fast-decode,1.0,0.025,capacity_derating_20pct,False,True,False,False,4.169996827840805e-07
a100-s19-fast-decode,1.0,0.025,finite_four_scenarios,False,True,False,False,0.12339562503620982
a100-s19-fast-decode,1.0,0.04,unmodified,False,True,False,False,0.033429040980990976
a100-s19-fast-decode,1.0,0.04,fixed_compute_margin_10pct,False,True,False,False,0.031799291959032416
a100-s19-fast-decode,1.0,0.04,fixed_compute_margin_25pct,False,True,False,False,0.03379100002348423
a100-s19-fast-decode,1.0,0.04,fixed_sla_margin_10pct,False,True,False,False,0.03331566700944677
a100-s19-fast-decode,1.0,0.04,load_stress_10pct,False,True,False,False,0.0503222499974072
a100-s19-fast-decode,1.0,0.04,load_stress_20pct,False,True,False,False,0.018041083007119596
a100-s19-fast-decode,1.0,0.04,capacity_derating_10pct,False,True,False,False,9.999494068324566e-07
a100-s19-fast-decode,1.0,0.04,capacity_derating_20pct,False,True,False,False,6.660120561718941e-07
a100-s19-fast-decode,1.0,0.04,finite_four_scenarios,False,True,False,False,0.09991704201092944
a100-s19-fast-decode,1.0,0.05,unmodified,False,False,False,False,0.039992625010199845
a100-s19-fast-decode,1.0,0.05,fixed_compute_margin_10pct,False,False,False,False,0.023786958947312087
a100-s19-fast-decode,1.0,0.05,fixed_compute_margin_25pct,False,False,False,False,0.01883762498619035
a100-s19-fast-decode,1.0,0.05,fixed_sla_margin_10pct,False,False,False,False,0.02044679201208055
a100-s19-fast-decode,1.0,0.05,load_stress_10pct,False,False,False,False,0.029100082989316434
a100-s19-fast-decode,1.0,0.05,load_stress_20pct,False,False,False,False,0.020449292031116784
a100-s19-fast-decode,1.0,0.05,capacity_derating_10pct,False,False,False,False,8.33999365568161e-07
a100-s19-fast-decode,1.0,0.05,capacity_derating_20pct,False,False,False,False,3.3300602808594704e-07
a100-s19-fast-decode,1.0,0.05,finite_four_scenarios,False,False,False,False,0.11521504103438929
a100-s19-fast-decode,1.0,0.06,unmodified,False,False,False,False,0.021915875026024878
a100-s19-fast-decode,1.0,0.06,fixed_compute_margin_10pct,False,False,False,False,0.037073458021041006
a100-s19-fast-decode,1.0,0.06,fixed_compute_margin_25pct,False,False,False,False,0.03625950001878664
a100-s19-fast-decode,1.0,0.06,fixed_sla_margin_10pct,False,False,False,False,0.03053237497806549
a100-s19-fast-decode,1.0,0.06,load_stress_10pct,False,False,False,False,0.028580875019542873
a100-s19-fast-decode,1.0,0.06,load_stress_20pct,False,False,False,False,0.023492167005315423
a100-s19-fast-decode,1.0,0.06,capacity_derating_10pct,False,False,False,False,9.160139597952366e-07
a100-s19-fast-decode,1.0,0.06,capacity_derating_20pct,False,False,False,False,5.409820005297661e-07
a100-s19-fast-decode,1.0,0.06,finite_four_scenarios,False,False,False,False,0.10619308397872373
a100-s19-fast-decode,1.0,0.08,unmodified,False,False,False,False,0.03222524997545406
a100-s19-fast-decode,1.0,0.08,fixed_compute_margin_10pct,False,False,False,False,0.041493583004921675
a100-s19-fast-decode,1.0,0.08,fixed_compute_margin_25pct,False,False,False,False,0.023975875054020435
a100-s19-fast-decode,1.0,0.08,fixed_sla_margin_10pct,False,False,False,False,0.025105416018050164
a100-s19-fast-decode,1.0,0.08,load_stress_10pct,False,False,False,False,0.0362579160137102
a100-s19-fast-decode,1.0,0.08,load_stress_20pct,False,False,False,False,0.023718915996141732
a100-s19-fast-decode,1.0,0.08,capacity_derating_10pct,False,False,False,False,2.00001522898674e-06
a100-s19-fast-decode,1.0,0.08,capacity_derating_20pct,False,False,False,False,7.92031642049551e-07
a100-s19-fast-decode,1.0,0.08,finite_four_scenarios,False,False,False,False,0.12560383300296962
a100-s19-fast-decode,1.0,0.16,unmodified,False,False,False,False,0.04026529099792242
a100-s19-fast-decode,1.0,0.16,fixed_compute_margin_10pct,False,False,False,False,0.04670454195002094
a100-s19-fast-decode,1.0,0.16,fixed_compute_margin_25pct,False,False,False,False,0.044737332966178656
a100-s19-fast-decode,1.0,0.16,fixed_sla_margin_10pct,False,False,False,False,0.03689766698516905
a100-s19-fast-decode,1.0,0.16,load_stress_10pct,False,False,False,False,0.03975958295632154
a100-s19-fast-decode,1.0,0.16,load_stress_20pct,False,False,False,False,0.038244874973315746
a100-s19-fast-decode,1.0,0.16,capacity_derating_10pct,False,False,False,False,9.160139597952366e-07
a100-s19-fast-decode,1.0,0.16,capacity_derating_20pct,False,False,False,False,7.919734343886375e-07
a100-s19-fast-decode,1.0,0.16,finite_four_scenarios,False,False,False,False,0.16973658301867545
a100-s19-fast-decode,1.0,0.32,unmodified,False,False,False,False,0.05831366695929319
a100-s19-fast-decode,1.0,0.32,fixed_compute_margin_10pct,False,False,False,False,0.060324208985548466
a100-s19-fast-decode,1.0,0.32,fixed_compute_margin_25pct,False,False,False,False,0.05581891705514863
a100-s19-fast-decode,1.0,0.32,fixed_sla_margin_10pct,False,False,False,False,0.0567187910201028
a100-s19-fast-decode,1.0,0.32,load_stress_10pct,False,False,False,False,0.05016395897837356
a100-s19-fast-decode,1.0,0.32,load_stress_20pct,False,False,False,False,0.06545662495773286
a100-s19-fast-decode,1.0,0.32,capacity_derating_10pct,False,False,False,False,1.00000761449337e-06
a100-s19-fast-decode,1.0,0.32,capacity_derating_20pct,False,False,False,False,7.500057108700275e-07
a100-s19-fast-decode,1.0,0.32,finite_four_scenarios,False,False,False,False,0.24949420796474442
a100-s19-fast-decode,1.0,0.64,unmodified,False,False,False,False,0.07989895896753296
a100-s19-fast-decode,1.0,0.64,fixed_compute_margin_10pct,False,False,False,False,0.09053841698914766
a100-s19-fast-decode,1.0,0.64,fixed_compute_margin_25pct,False,False,False,False,0.09719283296726644
a100-s19-fast-decode,1.0,0.64,fixed_sla_margin_10pct,False,False,False,False,0.0733889159746468
a100-s19-fast-decode,1.0,0.64,load_stress_10pct,False,False,False,False,0.08111258305143565
a100-s19-fast-decode,1.0,0.64,load_stress_20pct,False,False,False,False,0.08795370801817626
a100-s19-fast-decode,1.0,0.64,capacity_derating_10pct,False,False,False,False,1.2909877113997936e-06
a100-s19-fast-decode,1.0,0.64,capacity_derating_20pct,False,False,False,False,5.830079317092896e-07
a100-s19-fast-decode,1.0,0.64,finite_four_scenarios,False,False,False,False,0.35917887499090284
a100-s19-fast-decode,1.0,1.28,unmodified,False,False,False,False,0.12542383302934468
a100-s19-fast-decode,1.0,1.28,fixed_compute_margin_10pct,False,False,False,False,0.11616254202090204
a100-s19-fast-decode,1.0,1.28,fixed_compute_margin_25pct,False,False,False,False,0.07299441698705778
a100-s19-fast-decode,1.0,1.28,fixed_sla_margin_10pct,False,False,False,False,0.12017804197967052
a100-s19-fast-decode,1.0,1.28,load_stress_10pct,False,False,False,False,0.12008620897540823
a100-s19-fast-decode,1.0,1.28,load_stress_20pct,False,False,False,False,0.12060149997705594
a100-s19-fast-decode,1.0,1.28,capacity_derating_10pct,False,False,False,False,9.579816833138466e-07
a100-s19-fast-decode,1.0,1.28,capacity_derating_20pct,False,False,False,False,5.420297384262085e-07
a100-s19-fast-decode,1.0,1.28,finite_four_scenarios,False,False,False,False,0.3435861659818329
a100-s19-fast-decode,0.9,0.006,unmodified,True,True,False,True,0.027089667040854692
a100-s19-fast-decode,0.9,0.006,fixed_compute_margin_10pct,True,True,False,True,0.023892332974355668
a100-s19-fast-decode,0.9,0.006,fixed_compute_margin_25pct,True,True,False,True,0.03221999999368563
a100-s19-fast-decode,0.9,0.006,fixed_sla_margin_10pct,True,True,False,True,0.02995216695126146
a100-s19-fast-decode,0.9,0.006,load_stress_10pct,True,True,False,True,0.022862333978991956
a100-s19-fast-decode,0.9,0.006,load_stress_20pct,True,True,False,True,0.0299037920194678
a100-s19-fast-decode,0.9,0.006,capacity_derating_10pct,True,True,False,True,1.4589750207960606e-06
a100-s19-fast-decode,0.9,0.006,capacity_derating_20pct,True,True,False,True,9.579816833138466e-07
a100-s19-fast-decode,0.9,0.006,finite_four_scenarios,True,True,False,True,0.12580141698708758
a100-s19-fast-decode,0.9,0.01,unmodified,True,True,False,True,0.030093332985416055
a100-s19-fast-decode,0.9,0.01,fixed_compute_margin_10pct,True,True,False,True,0.031147750036325306
a100-s19-fast-decode,0.9,0.01,fixed_compute_margin_25pct,True,True,False,True,0.02371987496735528
a100-s19-fast-decode,0.9,0.01,fixed_sla_margin_10pct,True,True,False,True,0.022841125028207898
a100-s19-fast-decode,0.9,0.01,load_stress_10pct,True,True,False,True,0.022741499997209758
a100-s19-fast-decode,0.9,0.01,load_stress_20pct,True,True,False,True,0.023471124994102865
a100-s19-fast-decode,0.9,0.01,capacity_derating_10pct,True,True,False,True,1.2500095181167126e-06
a100-s19-fast-decode,0.9,0.01,capacity_derating_20pct,True,True,False,True,4.5902561396360397e-07
a100-s19-fast-decode,0.9,0.01,finite_four_scenarios,True,True,False,True,0.19211241597076878
a100-s19-fast-decode,0.9,0.0131,unmodified,True,True,False,True,0.03214975004084408
a100-s19-fast-decode,0.9,0.0131,fixed_compute_margin_10pct,True,True,False,True,0.027043291949667037
a100-s19-fast-decode,0.9,0.0131,fixed_compute_margin_25pct,True,True,False,True,0.04761700000381097
a100-s19-fast-decode,0.9,0.0131,fixed_sla_margin_10pct,True,True,False,True,0.021435709029901773
a100-s19-fast-decode,0.9,0.0131,load_stress_10pct,True,True,False,True,0.029849167040083557
a100-s19-fast-decode,0.9,0.0131,load_stress_20pct,True,True,False,True,0.032458624977152795
a100-s19-fast-decode,0.9,0.0131,capacity_derating_10pct,True,True,False,True,1.167005393654108e-06
a100-s19-fast-decode,0.9,0.0131,capacity_derating_20pct,False,True,False,False,7.910421118140221e-07
a100-s19-fast-decode,0.9,0.0131,finite_four_scenarios,True,True,False,True,0.10553345800144598
a100-s19-fast-decode,0.9,0.0132,unmodified,True,True,False,True,0.02500287495786324
a100-s19-fast-decode,0.9,0.0132,fixed_compute_margin_10pct,True,True,False,True,0.03568537504179403
a100-s19-fast-decode,0.9,0.0132,fixed_compute_margin_25pct,True,True,False,True,0.023017541971057653
a100-s19-fast-decode,0.9,0.0132,fixed_sla_margin_10pct,True,True,False,True,0.02171129098860547
a100-s19-fast-decode,0.9,0.0132,load_stress_10pct,True,True,False,True,0.03559579100692645
a100-s19-fast-decode,0.9,0.0132,load_stress_20pct,True,True,False,True,0.021510374965146184
a100-s19-fast-decode,0.9,0.0132,capacity_derating_10pct,True,True,False,True,9.5803989097476e-07
a100-s19-fast-decode,0.9,0.0132,capacity_derating_20pct,False,True,False,False,5.830079317092896e-07
a100-s19-fast-decode,0.9,0.0132,finite_four_scenarios,True,True,False,True,0.10294337500818074
a100-s19-fast-decode,0.9,0.015,unmodified,True,True,False,True,0.02937987499171868
a100-s19-fast-decode,0.9,0.015,fixed_compute_margin_10pct,True,True,False,True,0.02226087497547269
a100-s19-fast-decode,0.9,0.015,fixed_compute_margin_25pct,False,True,False,False,0.02320716599933803
a100-s19-fast-decode,0.9,0.015,fixed_sla_margin_10pct,True,True,False,True,0.024138915992807597
a100-s19-fast-decode,0.9,0.015,load_stress_10pct,True,True,False,True,0.03446658403845504
a100-s19-fast-decode,0.9,0.015,load_stress_20pct,False,True,False,False,0.020364041964057833
a100-s19-fast-decode,0.9,0.015,capacity_derating_10pct,False,True,False,False,1.374981366097927e-06
a100-s19-fast-decode,0.9,0.015,capacity_derating_20pct,False,True,False,False,7.090275175869465e-07
a100-s19-fast-decode,0.9,0.015,finite_four_scenarios,False,True,False,False,0.11341675004223362
a100-s19-fast-decode,0.9,0.01625,unmodified,True,True,False,True,0.023056834004819393
a100-s19-fast-decode,0.9,0.01625,fixed_compute_margin_10pct,False,True,False,False,0.029333332960959524
a100-s19-fast-decode,0.9,0.01625,fixed_compute_margin_25pct,False,True,False,False,0.025445332983508706
a100-s19-fast-decode,0.9,0.01625,fixed_sla_margin_10pct,True,True,False,True,0.023516957997344434
a100-s19-fast-decode,0.9,0.01625,load_stress_10pct,False,True,False,False,0.023060666979290545
a100-s19-fast-decode,0.9,0.01625,load_stress_20pct,False,True,False,False,0.03172625001752749
a100-s19-fast-decode,0.9,0.01625,capacity_derating_10pct,False,True,False,False,9.579816833138466e-07
a100-s19-fast-decode,0.9,0.01625,capacity_derating_20pct,False,True,False,False,7.500057108700275e-07
a100-s19-fast-decode,0.9,0.01625,finite_four_scenarios,False,True,False,False,0.12332258297828957
a100-s19-fast-decode,0.9,0.0175,unmodified,False,True,False,False,0.026542416017036885
a100-s19-fast-decode,0.9,0.0175,fixed_compute_margin_10pct,False,True,False,False,0.04003220796585083
a100-s19-fast-decode,0.9,0.0175,fixed_compute_margin_25pct,False,True,False,False,0.022039166011381894
a100-s19-fast-decode,0.9,0.0175,fixed_sla_margin_10pct,False,True,False,False,0.021754707966465503
a100-s19-fast-decode,0.9,0.0175,load_stress_10pct,False,True,False,False,0.02621608297340572
a100-s19-fast-decode,0.9,0.0175,load_stress_20pct,False,True,False,False,0.03350958396913484
a100-s19-fast-decode,0.9,0.0175,capacity_derating_10pct,False,True,False,False,7.909839041531086e-07
a100-s19-fast-decode,0.9,0.0175,capacity_derating_20pct,False,True,False,False,5.409820005297661e-07
a100-s19-fast-decode,0.9,0.0175,finite_four_scenarios,False,True,False,False,0.1051301250117831
a100-s19-fast-decode,0.9,0.02,unmodified,False,True,False,False,0.024723291979171336
a100-s19-fast-decode,0.9,0.02,fixed_compute_margin_10pct,False,True,False,False,0.023194874986074865
a100-s19-fast-decode,0.9,0.02,fixed_compute_margin_25pct,False,True,False,False,0.03832008404424414
a100-s19-fast-decode,0.9,0.02,fixed_sla_margin_10pct,False,True,False,False,0.022070584003813565
a100-s19-fast-decode,0.9,0.02,load_stress_10pct,False,True,False,False,0.023086042026989162
a100-s19-fast-decode,0.9,0.02,load_stress_20pct,False,True,False,False,0.028427500044927
a100-s19-fast-decode,0.9,0.02,capacity_derating_10pct,False,True,False,False,1.167005393654108e-06
a100-s19-fast-decode,0.9,0.02,capacity_derating_20pct,False,True,False,False,5.830079317092896e-07
a100-s19-fast-decode,0.9,0.02,finite_four_scenarios,False,True,False,False,0.10074545803945512
a100-s19-fast-decode,0.9,0.025,unmodified,False,True,False,False,0.03454049996798858
a100-s19-fast-decode,0.9,0.025,fixed_compute_margin_10pct,False,True,False,False,0.022271167021244764
a100-s19-fast-decode,0.9,0.025,fixed_compute_margin_25pct,False,True,False,False,0.022541291022207588
a100-s19-fast-decode,0.9,0.025,fixed_sla_margin_10pct,False,True,False,False,0.025746583007276058
a100-s19-fast-decode,0.9,0.025,load_stress_10pct,False,True,False,False,0.03858475002925843
a100-s19-fast-decode,0.9,0.025,load_stress_20pct,False,True,False,False,0.02272054203785956
a100-s19-fast-decode,0.9,0.025,capacity_derating_10pct,False,True,False,False,8.33999365568161e-07
a100-s19-fast-decode,0.9,0.025,capacity_derating_20pct,False,True,False,False,7.079797796905041e-07
a100-s19-fast-decode,0.9,0.025,finite_four_scenarios,False,True,False,False,0.1284525829833001
a100-s19-fast-decode,0.9,0.04,unmodified,False,True,False,False,0.03217983403010294
a100-s19-fast-decode,0.9,0.04,fixed_compute_margin_10pct,False,True,False,False,0.03692141699139029
a100-s19-fast-decode,0.9,0.04,fixed_compute_margin_25pct,False,True,False,False,0.04310470802010968
a100-s19-fast-decode,0.9,0.04,fixed_sla_margin_10pct,False,True,False,False,0.030392375017981976
a100-s19-fast-decode,0.9,0.04,load_stress_10pct,False,True,False,False,0.03349691699258983
a100-s19-fast-decode,0.9,0.04,load_stress_20pct,False,True,False,False,0.028092166990973055
a100-s19-fast-decode,0.9,0.04,capacity_derating_10pct,False,True,False,False,2.249958924949169e-06
a100-s19-fast-decode,0.9,0.04,capacity_derating_20pct,False,True,False,False,5.830079317092896e-07
a100-s19-fast-decode,0.9,0.04,finite_four_scenarios,False,True,False,False,0.09958616702351719
a100-s19-fast-decode,0.9,0.05,unmodified,False,False,False,False,0.0377112080459483
a100-s19-fast-decode,0.9,0.05,fixed_compute_margin_10pct,False,False,False,False,0.04007195896701887
a100-s19-fast-decode,0.9,0.05,fixed_compute_margin_25pct,False,False,False,False,0.03702262503793463
a100-s19-fast-decode,0.9,0.05,fixed_sla_margin_10pct,False,False,False,False,0.021733624977059662
a100-s19-fast-decode,0.9,0.05,load_stress_10pct,False,False,False,False,0.024421999987680465
a100-s19-fast-decode,0.9,0.05,load_stress_20pct,False,False,False,False,0.027954625023994595
a100-s19-fast-decode,0.9,0.05,capacity_derating_10pct,False,False,False,False,1.3329554349184036e-06
a100-s19-fast-decode,0.9,0.05,capacity_derating_20pct,False,False,False,False,6.249756552278996e-07
a100-s19-fast-decode,0.9,0.05,finite_four_scenarios,False,False,False,False,0.13478216697694734
a100-s19-fast-decode,0.9,0.06,unmodified,False,False,False,False,0.023129750043153763
a100-s19-fast-decode,0.9,0.06,fixed_compute_margin_10pct,False,False,False,False,0.027011999976821244
a100-s19-fast-decode,0.9,0.06,fixed_compute_margin_25pct,False,False,False,False,0.04329591698478907
a100-s19-fast-decode,0.9,0.06,fixed_sla_margin_10pct,False,False,False,False,0.044519249990116805
a100-s19-fast-decode,0.9,0.06,load_stress_10pct,False,False,False,False,0.037270500033628196
a100-s19-fast-decode,0.9,0.06,load_stress_20pct,False,False,False,False,0.022117291984613985
a100-s19-fast-decode,0.9,0.06,capacity_derating_10pct,False,False,False,False,7.92031642049551e-07
a100-s19-fast-decode,0.9,0.06,capacity_derating_20pct,False,False,False,False,6.249756552278996e-07
a100-s19-fast-decode,0.9,0.06,finite_four_scenarios,False,False,False,False,0.13742687500780448
a100-s19-fast-decode,0.9,0.08,unmodified,False,False,False,False,0.03474812500644475
a100-s19-fast-decode,0.9,0.08,fixed_compute_margin_10pct,False,False,False,False,0.025009084027260542
a100-s19-fast-decode,0.9,0.08,fixed_compute_margin_25pct,False,False,False,False,0.029398791026324034
a100-s19-fast-decode,0.9,0.08,fixed_sla_margin_10pct,False,False,False,False,0.024812875024508685
a100-s19-fast-decode,0.9,0.08,load_stress_10pct,False,False,False,False,0.03335204202448949
a100-s19-fast-decode,0.9,0.08,load_stress_20pct,False,False,False,False,0.02661554201040417
a100-s19-fast-decode,0.9,0.08,capacity_derating_10pct,False,False,False,False,8.750357665121555e-07
a100-s19-fast-decode,0.9,0.08,capacity_derating_20pct,False,False,False,False,8.329516276717186e-07
a100-s19-fast-decode,0.9,0.08,finite_four_scenarios,False,False,False,False,0.11873537499923259
a100-s19-fast-decode,0.9,0.16,unmodified,False,False,False,False,0.051685374986846
a100-s19-fast-decode,0.9,0.16,fixed_compute_margin_10pct,False,False,False,False,0.031443624990060925
a100-s19-fast-decode,0.9,0.16,fixed_compute_margin_25pct,False,False,False,False,0.03374158404767513
a100-s19-fast-decode,0.9,0.16,fixed_sla_margin_10pct,False,False,False,False,0.02958566602319479
a100-s19-fast-decode,0.9,0.16,load_stress_10pct,False,False,False,False,0.034079707984346896
a100-s19-fast-decode,0.9,0.16,load_stress_20pct,False,False,False,False,0.04459812497952953
a100-s19-fast-decode,0.9,0.16,capacity_derating_10pct,False,False,False,False,8.750357665121555e-07
a100-s19-fast-decode,0.9,0.16,capacity_derating_20pct,False,False,False,False,6.660120561718941e-07
a100-s19-fast-decode,0.9,0.16,finite_four_scenarios,False,False,False,False,0.15037020901218057
a100-s19-fast-decode,0.9,0.32,unmodified,False,False,False,False,0.04897387500386685
a100-s19-fast-decode,0.9,0.32,fixed_compute_margin_10pct,False,False,False,False,0.06018062500515953
a100-s19-fast-decode,0.9,0.32,fixed_compute_margin_25pct,False,False,False,False,0.052005750010721385
a100-s19-fast-decode,0.9,0.32,fixed_sla_margin_10pct,False,False,False,False,0.06574787496356294
a100-s19-fast-decode,0.9,0.32,load_stress_10pct,False,False,False,False,0.04721358302049339
a100-s19-fast-decode,0.9,0.32,load_stress_20pct,False,False,False,False,0.08523749996675178
a100-s19-fast-decode,0.9,0.32,capacity_derating_10pct,False,False,False,False,9.169452823698521e-07
a100-s19-fast-decode,0.9,0.32,capacity_derating_20pct,False,False,False,False,5.830079317092896e-07
a100-s19-fast-decode,0.9,0.32,finite_four_scenarios,False,False,False,False,0.22686950000934303
a100-s19-fast-decode,0.9,0.64,unmodified,False,False,False,False,0.08642129198415205
a100-s19-fast-decode,0.9,0.64,fixed_compute_margin_10pct,False,False,False,False,0.08937399997375906
a100-s19-fast-decode,0.9,0.64,fixed_compute_margin_25pct,False,False,False,False,0.09522033401299268
a100-s19-fast-decode,0.9,0.64,fixed_sla_margin_10pct,False,False,False,False,0.09274983295472339
a100-s19-fast-decode,0.9,0.64,load_stress_10pct,False,False,False,False,0.0872037920053117
a100-s19-fast-decode,0.9,0.64,load_stress_20pct,False,False,False,False,0.08966691698879004
a100-s19-fast-decode,0.9,0.64,capacity_derating_10pct,False,False,False,False,1.1249794624745846e-06
a100-s19-fast-decode,0.9,0.64,capacity_derating_20pct,False,False,False,False,8.330098353326321e-07
a100-s19-fast-decode,0.9,0.64,finite_four_scenarios,False,False,False,False,0.3501420419779606
a100-s19-fast-decode,0.9,1.28,unmodified,False,False,False,False,0.10991091601317748
a100-s19-fast-decode,0.9,1.28,fixed_compute_margin_10pct,False,False,False,False,0.10587633302202448
a100-s19-fast-decode,0.9,1.28,fixed_compute_margin_25pct,False,False,False,False,0.11583966697799042
a100-s19-fast-decode,0.9,1.28,fixed_sla_margin_10pct,False,False,False,False,0.10072616604156792
a100-s19-fast-decode,0.9,1.28,load_stress_10pct,False,False,False,False,0.11909562500659376
a100-s19-fast-decode,0.9,1.28,load_stress_20pct,False,False,False,False,0.11310454201884568
a100-s19-fast-decode,0.9,1.28,capacity_derating_10pct,False,False,False,False,1.04197533801198e-06
a100-s19-fast-decode,0.9,1.28,capacity_derating_20pct,False,False,False,False,6.25033862888813e-07
a100-s19-fast-decode,0.9,1.28,finite_four_scenarios,False,False,False,False,0.46861216699471697
a100-s19-slow-decode,1.0,0.006,unmodified,True,True,False,True,0.04567079205298796
a100-s19-slow-decode,1.0,0.006,fixed_compute_margin_10pct,True,True,False,True,0.05139237502589822
a100-s19-slow-decode,1.0,0.006,fixed_compute_margin_25pct,False,True,False,False,0.020689458993729204
a100-s19-slow-decode,1.0,0.006,fixed_sla_margin_10pct,False,True,False,False,0.025052666023839265
a100-s19-slow-decode,1.0,0.006,load_stress_10pct,True,True,False,True,0.027289458026643842
a100-s19-slow-decode,1.0,0.006,load_stress_20pct,True,True,False,True,0.03416120901238173
a100-s19-slow-decode,1.0,0.006,capacity_derating_10pct,True,True,False,True,1.334003172814846e-06
a100-s19-slow-decode,1.0,0.006,capacity_derating_20pct,True,True,False,True,7.919734343886375e-07
a100-s19-slow-decode,1.0,0.006,finite_four_scenarios,False,True,False,False,0.2298338750260882
a100-s19-slow-decode,1.0,0.01,unmodified,True,True,False,True,0.024343582976143807
a100-s19-slow-decode,1.0,0.01,fixed_compute_margin_10pct,True,True,False,True,0.02424366702325642
a100-s19-slow-decode,1.0,0.01,fixed_compute_margin_25pct,False,True,False,False,0.016706041002180427
a100-s19-slow-decode,1.0,0.01,fixed_sla_margin_10pct,False,True,False,False,0.025327750016003847
a100-s19-slow-decode,1.0,0.01,load_stress_10pct,True,True,False,True,0.025728249980602413
a100-s19-slow-decode,1.0,0.01,load_stress_20pct,True,True,False,True,0.036157333001028746
a100-s19-slow-decode,1.0,0.01,capacity_derating_10pct,True,True,False,True,1.04197533801198e-06
a100-s19-slow-decode,1.0,0.01,capacity_derating_20pct,True,True,False,True,4.5902561396360397e-07
a100-s19-slow-decode,1.0,0.01,finite_four_scenarios,False,True,False,False,0.13754079199861735
a100-s19-slow-decode,1.0,0.0131,unmodified,True,True,False,True,0.027517624956090003
a100-s19-slow-decode,1.0,0.0131,fixed_compute_margin_10pct,True,True,False,True,0.04108141700271517
a100-s19-slow-decode,1.0,0.0131,fixed_compute_margin_25pct,False,True,False,False,0.04916574998060241
a100-s19-slow-decode,1.0,0.0131,fixed_sla_margin_10pct,False,True,False,False,0.06027812499087304
a100-s19-slow-decode,1.0,0.0131,load_stress_10pct,True,True,False,True,0.04357324994634837
a100-s19-slow-decode,1.0,0.0131,load_stress_20pct,False,True,False,False,0.03607633302453905
a100-s19-slow-decode,1.0,0.0131,capacity_derating_10pct,True,True,False,True,1.2500095181167126e-06
a100-s19-slow-decode,1.0,0.0131,capacity_derating_20pct,False,True,False,False,5.00003807246685e-07
a100-s19-slow-decode,1.0,0.0131,finite_four_scenarios,False,True,False,False,0.09788041695719585
a100-s19-slow-decode,1.0,0.0132,unmodified,True,True,False,True,0.04398375004529953
a100-s19-slow-decode,1.0,0.0132,fixed_compute_margin_10pct,True,True,False,True,0.054313542030286044
a100-s19-slow-decode,1.0,0.0132,fixed_compute_margin_25pct,False,True,False,False,0.018893917032983154
a100-s19-slow-decode,1.0,0.0132,fixed_sla_margin_10pct,False,True,False,False,0.03362804203061387
a100-s19-slow-decode,1.0,0.0132,load_stress_10pct,True,True,False,True,0.045419041998684406
a100-s19-slow-decode,1.0,0.0132,load_stress_20pct,False,True,False,False,0.04071725002722815
a100-s19-slow-decode,1.0,0.0132,capacity_derating_10pct,True,True,False,True,1.7500133253633976e-06
a100-s19-slow-decode,1.0,0.0132,capacity_derating_20pct,False,True,False,False,1.00000761449337e-06
a100-s19-slow-decode,1.0,0.0132,finite_four_scenarios,False,True,False,False,0.09988375002285466
a100-s19-slow-decode,1.0,0.015,unmodified,True,True,False,True,0.02470087498659268
a100-s19-slow-decode,1.0,0.015,fixed_compute_margin_10pct,False,True,False,False,0.043454583967104554
a100-s19-slow-decode,1.0,0.015,fixed_compute_margin_25pct,False,True,False,False,0.022423624992370605
a100-s19-slow-decode,1.0,0.015,fixed_sla_margin_10pct,False,True,False,False,0.028414000000339
a100-s19-slow-decode,1.0,0.015,load_stress_10pct,False,True,False,False,0.02830029104370624
a100-s19-slow-decode,1.0,0.015,load_stress_20pct,False,True,False,False,0.0248970829998143
a100-s19-slow-decode,1.0,0.015,capacity_derating_10pct,False,True,False,False,1.1249794624745846e-06
a100-s19-slow-decode,1.0,0.015,capacity_derating_20pct,False,True,False,False,7.090275175869465e-07
a100-s19-slow-decode,1.0,0.015,finite_four_scenarios,False,True,False,False,0.10972841701004654
a100-s19-slow-decode,1.0,0.01625,unmodified,False,False,False,False,0.033558249997440726
a100-s19-slow-decode,1.0,0.01625,fixed_compute_margin_10pct,False,False,False,False,0.030313250026665628
a100-s19-slow-decode,1.0,0.01625,fixed_compute_margin_25pct,False,False,False,False,0.024024499987717718
a100-s19-slow-decode,1.0,0.01625,fixed_sla_margin_10pct,False,False,False,False,0.038572165998630226
a100-s19-slow-decode,1.0,0.01625,load_stress_10pct,False,False,False,False,0.025844499992672354
a100-s19-slow-decode,1.0,0.01625,load_stress_20pct,False,False,False,False,0.03450487501686439
a100-s19-slow-decode,1.0,0.01625,capacity_derating_10pct,False,False,False,False,1.500011421740055e-06
a100-s19-slow-decode,1.0,0.01625,capacity_derating_20pct,False,False,False,False,7.500057108700275e-07
a100-s19-slow-decode,1.0,0.01625,finite_four_scenarios,False,False,False,False,0.10316916700685397
a100-s19-slow-decode,1.0,0.0175,unmodified,False,True,False,False,0.04462054104078561
a100-s19-slow-decode,1.0,0.0175,fixed_compute_margin_10pct,False,True,False,False,0.04234024998731911
a100-s19-slow-decode,1.0,0.0175,fixed_compute_margin_25pct,False,True,False,False,0.01784312498057261
a100-s19-slow-decode,1.0,0.0175,fixed_sla_margin_10pct,False,True,False,False,0.022943916032090783
a100-s19-slow-decode,1.0,0.0175,load_stress_10pct,False,True,False,False,0.04245008301222697
a100-s19-slow-decode,1.0,0.0175,load_stress_20pct,False,True,False,False,0.027416625001933426
a100-s19-slow-decode,1.0,0.0175,capacity_derating_10pct,False,True,False,False,1.2500095181167126e-06
a100-s19-slow-decode,1.0,0.0175,capacity_derating_20pct,False,True,False,False,6.660120561718941e-07
a100-s19-slow-decode,1.0,0.0175,finite_four_scenarios,False,True,False,False,0.10320116596994922
a100-s19-slow-decode,1.0,0.01875,unmodified,False,False,False,False,0.02441483299480751
a100-s19-slow-decode,1.0,0.01875,fixed_compute_margin_10pct,False,False,False,False,0.02898904198082164
a100-s19-slow-decode,1.0,0.01875,fixed_compute_margin_25pct,False,False,False,False,0.022858790995087475
a100-s19-slow-decode,1.0,0.01875,fixed_sla_margin_10pct,False,False,False,False,0.030798208026681095
a100-s19-slow-decode,1.0,0.01875,load_stress_10pct,False,False,False,False,0.03771537501597777
a100-s19-slow-decode,1.0,0.01875,load_stress_20pct,False,False,False,False,0.039719958032947034
a100-s19-slow-decode,1.0,0.01875,capacity_derating_10pct,False,False,False,False,9.5803989097476e-07
a100-s19-slow-decode,1.0,0.01875,capacity_derating_20pct,False,False,False,False,7.079797796905041e-07
a100-s19-slow-decode,1.0,0.01875,finite_four_scenarios,False,False,False,False,0.09341345797292888
a100-s19-slow-decode,1.0,0.02,unmodified,False,False,False,False,0.030879166966769844
a100-s19-slow-decode,1.0,0.02,fixed_compute_margin_10pct,False,False,False,False,0.03456749999895692
a100-s19-slow-decode,1.0,0.02,fixed_compute_margin_25pct,False,False,False,False,0.02069187501911074
a100-s19-slow-decode,1.0,0.02,fixed_sla_margin_10pct,False,False,False,False,0.02356679196236655
a100-s19-slow-decode,1.0,0.02,load_stress_10pct,False,False,False,False,0.03787391597870737
a100-s19-slow-decode,1.0,0.02,load_stress_20pct,False,False,False,False,0.033949458971619606
a100-s19-slow-decode,1.0,0.02,capacity_derating_10pct,False,False,False,False,1.125037670135498e-06
a100-s19-slow-decode,1.0,0.02,capacity_derating_20pct,False,False,False,False,5.830079317092896e-07
a100-s19-slow-decode,1.0,0.02,finite_four_scenarios,False,False,False,False,0.11824645794695243
a100-s19-slow-decode,1.0,0.025,unmodified,False,False,False,False,0.031259208044502884
a100-s19-slow-decode,1.0,0.025,fixed_compute_margin_10pct,False,False,False,False,0.023570708988700062
a100-s19-slow-decode,1.0,0.025,fixed_compute_margin_25pct,False,False,False,False,0.019542583031579852
a100-s19-slow-decode,1.0,0.025,fixed_sla_margin_10pct,False,False,False,False,0.034634542011190206
a100-s19-slow-decode,1.0,0.025,load_stress_10pct,False,False,False,False,0.03655399999115616
a100-s19-slow-decode,1.0,0.025,load_stress_20pct,False,False,False,False,0.04654999997001141
a100-s19-slow-decode,1.0,0.025,capacity_derating_10pct,False,False,False,False,9.579816833138466e-07
a100-s19-slow-decode,1.0,0.025,capacity_derating_20pct,False,False,False,False,7.500057108700275e-07
a100-s19-slow-decode,1.0,0.025,finite_four_scenarios,False,False,False,False,0.10663045902037993
a100-s19-slow-decode,1.0,0.04,unmodified,False,False,False,False,0.033438124984968454
a100-s19-slow-decode,1.0,0.04,fixed_compute_margin_10pct,False,False,False,False,0.03456979099428281
a100-s19-slow-decode,1.0,0.04,fixed_compute_margin_25pct,False,False,False,False,0.03692608297569677
a100-s19-slow-decode,1.0,0.04,fixed_sla_margin_10pct,False,False,False,False,0.03749866597354412
a100-s19-slow-decode,1.0,0.04,load_stress_10pct,False,False,False,False,0.022346707992255688
a100-s19-slow-decode,1.0,0.04,load_stress_20pct,False,False,False,False,0.027075040969066322
a100-s19-slow-decode,1.0,0.04,capacity_derating_10pct,False,False,False,False,1.00000761449337e-06
a100-s19-slow-decode,1.0,0.04,capacity_derating_20pct,False,False,False,False,5.830079317092896e-07
a100-s19-slow-decode,1.0,0.04,finite_four_scenarios,False,False,False,False,0.12856741703581065
a100-s19-slow-decode,1.0,0.08,unmodified,False,False,False,False,0.02146399999037385
a100-s19-slow-decode,1.0,0.08,fixed_compute_margin_10pct,False,False,False,False,0.024182833964005113
a100-s19-slow-decode,1.0,0.08,fixed_compute_margin_25pct,False,False,False,False,0.02748937497381121
a100-s19-slow-decode,1.0,0.08,fixed_sla_margin_10pct,False,False,False,False,0.0417221249663271
a100-s19-slow-decode,1.0,0.08,load_stress_10pct,False,False,False,False,0.048232375003863126
a100-s19-slow-decode,1.0,0.08,load_stress_20pct,False,False,False,False,0.043826375040225685
a100-s19-slow-decode,1.0,0.08,capacity_derating_10pct,False,False,False,False,9.579816833138466e-07
a100-s19-slow-decode,1.0,0.08,capacity_derating_20pct,False,False,False,False,5.830079317092896e-07
a100-s19-slow-decode,1.0,0.08,finite_four_scenarios,False,False,False,False,0.11565041699213907
a100-s19-slow-decode,1.0,0.16,unmodified,False,False,False,False,0.03384824999375269
a100-s19-slow-decode,1.0,0.16,fixed_compute_margin_10pct,False,False,False,False,0.03780433302745223
a100-s19-slow-decode,1.0,0.16,fixed_compute_margin_25pct,False,False,False,False,0.030527458002325147
a100-s19-slow-decode,1.0,0.16,fixed_sla_margin_10pct,False,False,False,False,0.026456916006281972
a100-s19-slow-decode,1.0,0.16,load_stress_10pct,False,False,False,False,0.041399958019610494
a100-s19-slow-decode,1.0,0.16,load_stress_20pct,False,False,False,False,0.03738112497376278
a100-s19-slow-decode,1.0,0.16,capacity_derating_10pct,False,False,False,False,1.0420335456728935e-06
a100-s19-slow-decode,1.0,0.16,capacity_derating_20pct,False,False,False,False,5.00003807246685e-07
a100-s19-slow-decode,1.0,0.16,finite_four_scenarios,False,False,False,False,0.12576754204928875
a100-s19-slow-decode,1.0,0.32,unmodified,False,False,False,False,0.04948804201558232
a100-s19-slow-decode,1.0,0.32,fixed_compute_margin_10pct,False,False,False,False,0.057288624986540526
a100-s19-slow-decode,1.0,0.32,fixed_compute_margin_25pct,False,False,False,False,0.03542758402181789
a100-s19-slow-decode,1.0,0.32,fixed_sla_margin_10pct,False,False,False,False,0.029277166002430022
a100-s19-slow-decode,1.0,0.32,load_stress_10pct,False,False,False,False,0.04427204199600965
a100-s19-slow-decode,1.0,0.32,load_stress_20pct,False,False,False,False,0.048596125037875026
a100-s19-slow-decode,1.0,0.32,capacity_derating_10pct,False,False,False,False,1.00000761449337e-06
a100-s19-slow-decode,1.0,0.32,capacity_derating_20pct,False,False,False,False,7.500057108700275e-07
a100-s19-slow-decode,1.0,0.32,finite_four_scenarios,False,False,False,False,0.13542945898370817
a100-s19-slow-decode,1.0,0.64,unmodified,False,False,False,False,0.06291458301711828
a100-s19-slow-decode,1.0,0.64,fixed_compute_margin_10pct,False,False,False,False,0.029081542044878006
a100-s19-slow-decode,1.0,0.64,fixed_compute_margin_25pct,False,False,False,False,0.027099958970211446
a100-s19-slow-decode,1.0,0.64,fixed_sla_margin_10pct,False,False,False,False,0.029254459019284695
a100-s19-slow-decode,1.0,0.64,load_stress_10pct,False,False,False,False,0.06414583401056007
a100-s19-slow-decode,1.0,0.64,load_stress_20pct,False,False,False,False,0.06491516600362957
a100-s19-slow-decode,1.0,0.64,capacity_derating_10pct,False,False,False,False,1.1249794624745846e-06
a100-s19-slow-decode,1.0,0.64,capacity_derating_20pct,False,False,False,False,6.67001586407423e-07
a100-s19-slow-decode,1.0,0.64,finite_four_scenarios,False,False,False,False,0.15164520899998024
a100-s19-slow-decode,1.0,1.28,unmodified,False,False,False,False,0.07698775001335889
a100-s19-slow-decode,1.0,1.28,fixed_compute_margin_10pct,False,False,False,False,0.026292041991837323
a100-s19-slow-decode,1.0,1.28,fixed_compute_margin_25pct,False,False,False,False,0.0014967499882914126
a100-s19-slow-decode,1.0,1.28,fixed_sla_margin_10pct,False,False,False,False,0.025832957995589823
a100-s19-slow-decode,1.0,1.28,load_stress_10pct,False,False,False,False,0.029606458032503724
a100-s19-slow-decode,1.0,1.28,load_stress_20pct,False,False,False,False,0.030700040981173515
a100-s19-slow-decode,1.0,1.28,capacity_derating_10pct,False,False,False,False,9.169452823698521e-07
a100-s19-slow-decode,1.0,1.28,capacity_derating_20pct,False,False,False,False,8.33999365568161e-07
a100-s19-slow-decode,1.0,1.28,finite_four_scenarios,False,False,False,False,0.13582529197447002
a100-s19-slow-decode,0.9,0.006,unmodified,True,True,False,True,0.018967374984640628
a100-s19-slow-decode,0.9,0.006,fixed_compute_margin_10pct,True,True,False,True,0.019865333975758404
a100-s19-slow-decode,0.9,0.006,fixed_compute_margin_25pct,False,True,False,False,0.019569875032175332
a100-s19-slow-decode,0.9,0.006,fixed_sla_margin_10pct,True,True,False,True,0.022957374982070178
a100-s19-slow-decode,0.9,0.006,load_stress_10pct,True,True,False,True,0.02299687499180436
a100-s19-slow-decode,0.9,0.006,load_stress_20pct,True,True,False,True,0.024499875027686357
a100-s19-slow-decode,0.9,0.006,capacity_derating_10pct,True,True,False,True,2.1249870769679546e-06
a100-s19-slow-decode,0.9,0.006,capacity_derating_20pct,True,True,False,True,7.079797796905041e-07
a100-s19-slow-decode,0.9,0.006,finite_four_scenarios,False,True,False,False,0.09309020801447332
a100-s19-slow-decode,0.9,0.01,unmodified,True,True,False,True,0.0244457499939017
a100-s19-slow-decode,0.9,0.01,fixed_compute_margin_10pct,True,True,False,True,0.023892833036370575
a100-s19-slow-decode,0.9,0.01,fixed_compute_margin_25pct,False,True,False,False,0.022593375004362315
a100-s19-slow-decode,0.9,0.01,fixed_sla_margin_10pct,True,True,False,True,0.023635667050257325
a100-s19-slow-decode,0.9,0.01,load_stress_10pct,True,True,False,True,0.023786958015989512
a100-s19-slow-decode,0.9,0.01,load_stress_20pct,True,True,False,True,0.023680834041442722
a100-s19-slow-decode,0.9,0.01,capacity_derating_10pct,True,True,False,True,9.589712135493755e-07
a100-s19-slow-decode,0.9,0.01,capacity_derating_20pct,True,True,False,True,7.080379873514175e-07
a100-s19-slow-decode,0.9,0.01,finite_four_scenarios,False,True,False,False,0.08466479199705645
a100-s19-slow-decode,0.9,0.0131,unmodified,True,True,False,True,0.020261208002921194
a100-s19-slow-decode,0.9,0.0131,fixed_compute_margin_10pct,True,True,False,True,0.02323845901992172
a100-s19-slow-decode,0.9,0.0131,fixed_compute_margin_25pct,False,True,False,False,0.02521787502337247
a100-s19-slow-decode,0.9,0.0131,fixed_sla_margin_10pct,True,True,False,True,0.027831167040858418
a100-s19-slow-decode,0.9,0.0131,load_stress_10pct,True,True,False,True,0.02513270900817588
a100-s19-slow-decode,0.9,0.0131,load_stress_20pct,True,True,False,True,0.024789916002191603
a100-s19-slow-decode,0.9,0.0131,capacity_derating_10pct,True,True,False,True,1.333013642579317e-06
a100-s19-slow-decode,0.9,0.0131,capacity_derating_20pct,False,True,False,False,5.420297384262085e-07
a100-s19-slow-decode,0.9,0.0131,finite_four_scenarios,False,True,False,False,0.10248729196609929
a100-s19-slow-decode,0.9,0.0132,unmodified,True,True,False,True,0.02460354199865833
a100-s19-slow-decode,0.9,0.0132,fixed_compute_margin_10pct,True,True,False,True,0.025710750021971762
a100-s19-slow-decode,0.9,0.0132,fixed_compute_margin_25pct,False,True,False,False,0.023756875016260892
a100-s19-slow-decode,0.9,0.0132,fixed_sla_margin_10pct,True,True,False,True,0.024877249961718917
a100-s19-slow-decode,0.9,0.0132,load_stress_10pct,True,True,False,True,0.02476270799525082
a100-s19-slow-decode,0.9,0.0132,load_stress_20pct,True,True,False,True,0.025618832965847105
a100-s19-slow-decode,0.9,0.0132,capacity_derating_10pct,True,True,False,True,1.0829535312950611e-06
a100-s19-slow-decode,0.9,0.0132,capacity_derating_20pct,False,True,False,False,7.500057108700275e-07
a100-s19-slow-decode,0.9,0.0132,finite_four_scenarios,False,True,False,False,0.10001891601132229
a100-s19-slow-decode,0.9,0.015,unmodified,True,True,False,True,0.026729707955382764
a100-s19-slow-decode,0.9,0.015,fixed_compute_margin_10pct,True,True,False,True,0.024892750021535903
a100-s19-slow-decode,0.9,0.015,fixed_compute_margin_25pct,False,True,False,False,0.023618165985681117
a100-s19-slow-decode,0.9,0.015,fixed_sla_margin_10pct,True,True,False,True,0.024282249971292913
a100-s19-slow-decode,0.9,0.015,load_stress_10pct,True,True,False,True,0.025166374980472028
a100-s19-slow-decode,0.9,0.015,load_stress_20pct,False,True,False,False,0.023474958026781678
a100-s19-slow-decode,0.9,0.015,capacity_derating_10pct,False,True,False,False,1.00000761449337e-06
a100-s19-slow-decode,0.9,0.015,capacity_derating_20pct,False,True,False,False,6.67001586407423e-07
a100-s19-slow-decode,0.9,0.015,finite_four_scenarios,False,True,False,False,0.10405512503348291
a100-s19-slow-decode,0.9,0.01625,unmodified,True,False,True,False,0.02700620802352205
a100-s19-slow-decode,0.9,0.01625,fixed_compute_margin_10pct,False,False,False,False,0.02400187501916662
a100-s19-slow-decode,0.9,0.01625,fixed_compute_margin_25pct,False,False,False,False,0.02555141696939245
a100-s19-slow-decode,0.9,0.01625,fixed_sla_margin_10pct,True,False,True,False,0.024737957981415093
a100-s19-slow-decode,0.9,0.01625,load_stress_10pct,False,False,False,False,0.029350416036322713
a100-s19-slow-decode,0.9,0.01625,load_stress_20pct,False,False,False,False,0.05708887503715232
a100-s19-slow-decode,0.9,0.01625,capacity_derating_10pct,False,False,False,False,1.208973117172718e-06
a100-s19-slow-decode,0.9,0.01625,capacity_derating_20pct,False,False,False,False,7.500057108700275e-07
a100-s19-slow-decode,0.9,0.01625,finite_four_scenarios,False,False,False,False,0.17465100000845268
a100-s19-slow-decode,0.9,0.0175,unmodified,False,True,False,False,0.02294083300512284
a100-s19-slow-decode,0.9,0.0175,fixed_compute_margin_10pct,False,True,False,False,0.025266250013373792
a100-s19-slow-decode,0.9,0.0175,fixed_compute_margin_25pct,False,True,False,False,0.03218358295271173
a100-s19-slow-decode,0.9,0.0175,fixed_sla_margin_10pct,False,True,False,False,0.03336641698842868
a100-s19-slow-decode,0.9,0.0175,load_stress_10pct,False,True,False,False,0.036049542017281055
a100-s19-slow-decode,0.9,0.0175,load_stress_20pct,False,True,False,False,0.0325511249830015
a100-s19-slow-decode,0.9,0.0175,capacity_derating_10pct,False,True,False,False,1.0830117389559746e-06
a100-s19-slow-decode,0.9,0.0175,capacity_derating_20pct,False,True,False,False,1.4999532140791416e-06
a100-s19-slow-decode,0.9,0.0175,finite_four_scenarios,False,True,False,False,0.10714649996953085
a100-s19-slow-decode,0.9,0.01875,unmodified,False,False,False,False,0.033284958044532686
a100-s19-slow-decode,0.9,0.01875,fixed_compute_margin_10pct,False,False,False,False,0.04542624996975064
a100-s19-slow-decode,0.9,0.01875,fixed_compute_margin_25pct,False,False,False,False,0.027219625015277416
a100-s19-slow-decode,0.9,0.01875,fixed_sla_margin_10pct,False,False,False,False,0.022743916953913867
a100-s19-slow-decode,0.9,0.01875,load_stress_10pct,False,False,False,False,0.024935916997492313
a100-s19-slow-decode,0.9,0.01875,load_stress_20pct,False,False,False,False,0.025614292011596262
a100-s19-slow-decode,0.9,0.01875,capacity_derating_10pct,False,False,False,False,1.2500095181167126e-06
a100-s19-slow-decode,0.9,0.01875,capacity_derating_20pct,False,False,False,False,6.249756552278996e-07
a100-s19-slow-decode,0.9,0.01875,finite_four_scenarios,False,False,False,False,0.09472041699336842
a100-s19-slow-decode,0.9,0.02,unmodified,False,False,False,False,0.023936084005981684
a100-s19-slow-decode,0.9,0.02,fixed_compute_margin_10pct,False,False,False,False,0.023264333023689687
a100-s19-slow-decode,0.9,0.02,fixed_compute_margin_25pct,False,False,False,False,0.05850858404301107
a100-s19-slow-decode,0.9,0.02,fixed_sla_margin_10pct,False,False,False,False,0.05024387495359406
a100-s19-slow-decode,0.9,0.02,load_stress_10pct,False,False,False,False,0.022755749989300966
a100-s19-slow-decode,0.9,0.02,load_stress_20pct,False,False,False,False,0.024418208980932832
a100-s19-slow-decode,0.9,0.02,capacity_derating_10pct,False,False,False,False,8.330098353326321e-07
a100-s19-slow-decode,0.9,0.02,capacity_derating_20pct,False,False,False,False,7.919734343886375e-07
a100-s19-slow-decode,0.9,0.02,finite_four_scenarios,False,False,False,False,0.0907289590104483
a100-s19-slow-decode,0.9,0.025,unmodified,False,False,False,False,0.022397082997485995
a100-s19-slow-decode,0.9,0.025,fixed_compute_margin_10pct,False,False,False,False,0.023505207966081798
a100-s19-slow-decode,0.9,0.025,fixed_compute_margin_25pct,False,False,False,False,0.024077958019915968
a100-s19-slow-decode,0.9,0.025,fixed_sla_margin_10pct,False,False,False,False,0.023436417046468705
a100-s19-slow-decode,0.9,0.025,load_stress_10pct,False,False,False,False,0.023161874967627227
a100-s19-slow-decode,0.9,0.025,load_stress_20pct,False,False,False,False,0.022948249999899417
a100-s19-slow-decode,0.9,0.025,capacity_derating_10pct,False,False,False,False,8.749775588512421e-07
a100-s19-slow-decode,0.9,0.025,capacity_derating_20pct,False,False,False,False,6.249756552278996e-07
a100-s19-slow-decode,0.9,0.025,finite_four_scenarios,False,False,False,False,0.09396991698304191
a100-s19-slow-decode,0.9,0.04,unmodified,False,False,False,False,0.024388624995481223
a100-s19-slow-decode,0.9,0.04,fixed_compute_margin_10pct,False,False,False,False,0.023409874993376434
a100-s19-slow-decode,0.9,0.04,fixed_compute_margin_25pct,False,False,False,False,0.021801624970976263
a100-s19-slow-decode,0.9,0.04,fixed_sla_margin_10pct,False,False,False,False,0.019982708035968244
a100-s19-slow-decode,0.9,0.04,load_stress_10pct,False,False,False,False,0.020805582986213267
a100-s19-slow-decode,0.9,0.04,load_stress_20pct,False,False,False,False,0.022004041995387524
a100-s19-slow-decode,0.9,0.04,capacity_derating_10pct,False,False,False,False,8.33999365568161e-07
a100-s19-slow-decode,0.9,0.04,capacity_derating_20pct,False,False,False,False,5.839974619448185e-07
a100-s19-slow-decode,0.9,0.04,finite_four_scenarios,False,False,False,False,0.09133762499550357
a100-s19-slow-decode,0.9,0.08,unmodified,False,False,False,False,0.024085416982416064
a100-s19-slow-decode,0.9,0.08,fixed_compute_margin_10pct,False,False,False,False,0.024782499996945262
a100-s19-slow-decode,0.9,0.08,fixed_compute_margin_25pct,False,False,False,False,0.026810041978023946
a100-s19-slow-decode,0.9,0.08,fixed_sla_margin_10pct,False,False,False,False,0.023191167041659355
a100-s19-slow-decode,0.9,0.08,load_stress_10pct,False,False,False,False,0.025695041986182332
a100-s19-slow-decode,0.9,0.08,load_stress_20pct,False,False,False,False,0.02551745797973126
a100-s19-slow-decode,0.9,0.08,capacity_derating_10pct,False,False,False,False,1.0830117389559746e-06
a100-s19-slow-decode,0.9,0.08,capacity_derating_20pct,False,False,False,False,6.249756552278996e-07
a100-s19-slow-decode,0.9,0.08,finite_four_scenarios,False,False,False,False,0.09136166604002938
a100-s19-slow-decode,0.9,0.16,unmodified,False,False,False,False,0.03013820800697431
a100-s19-slow-decode,0.9,0.16,fixed_compute_margin_10pct,False,False,False,False,0.034036958997603506
a100-s19-slow-decode,0.9,0.16,fixed_compute_margin_25pct,False,False,False,False,0.034205084026325494
a100-s19-slow-decode,0.9,0.16,fixed_sla_margin_10pct,False,False,False,False,0.031441375031135976
a100-s19-slow-decode,0.9,0.16,load_stress_10pct,False,False,False,False,0.03372841700911522
a100-s19-slow-decode,0.9,0.16,load_stress_20pct,False,False,False,False,0.035059083020314574
a100-s19-slow-decode,0.9,0.16,capacity_derating_10pct,False,False,False,False,9.170034900307655e-07
a100-s19-slow-decode,0.9,0.16,capacity_derating_20pct,False,False,False,False,8.749775588512421e-07
a100-s19-slow-decode,0.9,0.16,finite_four_scenarios,False,False,False,False,0.13138758298009634
a100-s19-slow-decode,0.9,0.32,unmodified,False,False,False,False,0.044058875006157905
a100-s19-slow-decode,0.9,0.32,fixed_compute_margin_10pct,False,False,False,False,0.04750241700094193
a100-s19-slow-decode,0.9,0.32,fixed_compute_margin_25pct,False,False,False,False,0.05223745800321922
a100-s19-slow-decode,0.9,0.32,fixed_sla_margin_10pct,False,False,False,False,0.04573912499472499
a100-s19-slow-decode,0.9,0.32,load_stress_10pct,False,False,False,False,0.051257167011499405
a100-s19-slow-decode,0.9,0.32,load_stress_20pct,False,False,False,False,0.05477279203478247
a100-s19-slow-decode,0.9,0.32,capacity_derating_10pct,False,False,False,False,1.6249832697212696e-06
a100-s19-slow-decode,0.9,0.32,capacity_derating_20pct,False,False,False,False,7.500057108700275e-07
a100-s19-slow-decode,0.9,0.32,finite_four_scenarios,False,False,False,False,0.17187329201260582
a100-s19-slow-decode,0.9,0.64,unmodified,False,False,False,False,0.060208290989976376
a100-s19-slow-decode,0.9,0.64,fixed_compute_margin_10pct,False,False,False,False,0.06521783297648653
a100-s19-slow-decode,0.9,0.64,fixed_compute_margin_25pct,False,False,False,False,0.033696958038490266
a100-s19-slow-decode,0.9,0.64,fixed_sla_margin_10pct,False,False,False,False,0.06962050002766773
a100-s19-slow-decode,0.9,0.64,load_stress_10pct,False,False,False,False,0.07427199999801815
a100-s19-slow-decode,0.9,0.64,load_stress_20pct,False,False,False,False,0.07704433402977884
a100-s19-slow-decode,0.9,0.64,capacity_derating_10pct,False,False,False,False,1.1249794624745846e-06
a100-s19-slow-decode,0.9,0.64,capacity_derating_20pct,False,False,False,False,6.659538485109806e-07
a100-s19-slow-decode,0.9,0.64,finite_four_scenarios,False,False,False,False,0.24622999998973683
a100-s19-slow-decode,0.9,1.28,unmodified,False,False,False,False,0.08388037502299994
a100-s19-slow-decode,0.9,1.28,fixed_compute_margin_10pct,False,False,False,False,0.08748024998931214
a100-s19-slow-decode,0.9,1.28,fixed_compute_margin_25pct,False,False,False,False,0.030749875004403293
a100-s19-slow-decode,0.9,1.28,fixed_sla_margin_10pct,False,False,False,False,0.08725829201284796
a100-s19-slow-decode,0.9,1.28,load_stress_10pct,False,False,False,False,0.08971995901083574
a100-s19-slow-decode,0.9,1.28,load_stress_20pct,False,False,False,False,0.03295633301604539
a100-s19-slow-decode,0.9,1.28,capacity_derating_10pct,False,False,False,False,9.5803989097476e-07
a100-s19-slow-decode,0.9,1.28,capacity_derating_20pct,False,False,False,False,3.33995558321476e-07
a100-s19-slow-decode,0.9,1.28,finite_four_scenarios,False,False,False,False,0.24520149995805696
a100-s7-fast-decode,1.0,0.006,unmodified,True,True,False,True,0.030002541025169194
a100-s7-fast-decode,1.0,0.006,fixed_compute_margin_10pct,True,True,False,True,0.02849320904351771
a100-s7-fast-decode,1.0,0.006,fixed_compute_margin_25pct,True,True,False,True,0.029039665998425335
a100-s7-fast-decode,1.0,0.006,fixed_sla_margin_10pct,True,True,False,True,0.028202333021909
a100-s7-fast-decode,1.0,0.006,load_stress_10pct,True,True,False,True,0.028031499998178333
a100-s7-fast-decode,1.0,0.006,load_stress_20pct,True,True,False,True,0.02902458398602903
a100-s7-fast-decode,1.0,0.006,capacity_derating_10pct,True,True,False,True,1.333013642579317e-06
a100-s7-fast-decode,1.0,0.006,capacity_derating_20pct,True,True,False,True,5.00003807246685e-07
a100-s7-fast-decode,1.0,0.006,finite_four_scenarios,True,True,False,True,0.11049833399010822
a100-s7-fast-decode,1.0,0.01,unmodified,True,True,False,True,0.027700291946530342
a100-s7-fast-decode,1.0,0.01,fixed_compute_margin_10pct,True,True,False,True,0.027835457993205637
a100-s7-fast-decode,1.0,0.01,fixed_compute_margin_25pct,True,True,False,True,0.02762004197575152
a100-s7-fast-decode,1.0,0.01,fixed_sla_margin_10pct,True,True,False,True,0.026976541033945978
a100-s7-fast-decode,1.0,0.01,load_stress_10pct,True,True,False,True,0.02774729096563533
a100-s7-fast-decode,1.0,0.01,load_stress_20pct,True,True,False,True,0.027075624966528267
a100-s7-fast-decode,1.0,0.01,capacity_derating_10pct,True,True,False,True,1.1249794624745846e-06
a100-s7-fast-decode,1.0,0.01,capacity_derating_20pct,True,True,False,True,4.5803608372807503e-07
a100-s7-fast-decode,1.0,0.01,finite_four_scenarios,True,True,False,True,0.11058345797937363
a100-s7-fast-decode,1.0,0.0131,unmodified,True,True,False,True,0.027998666977509856
a100-s7-fast-decode,1.0,0.0131,fixed_compute_margin_10pct,False,True,False,False,0.02596491703297943
a100-s7-fast-decode,1.0,0.0131,fixed_compute_margin_25pct,False,True,False,False,0.026873749971855432
a100-s7-fast-decode,1.0,0.0131,fixed_sla_margin_10pct,True,True,False,True,0.027252749947365373
a100-s7-fast-decode,1.0,0.0131,load_stress_10pct,False,True,False,False,0.026688833022490144
a100-s7-fast-decode,1.0,0.0131,load_stress_20pct,False,True,False,False,0.026723166985902935
a100-s7-fast-decode,1.0,0.0131,capacity_derating_10pct,False,True,False,False,8.750357665121555e-07
a100-s7-fast-decode,1.0,0.0131,capacity_derating_20pct,False,True,False,False,5.830079317092896e-07
a100-s7-fast-decode,1.0,0.0131,finite_four_scenarios,False,True,False,False,0.10859191603958607
a100-s7-fast-decode,1.0,0.01315,unmodified,True,True,False,True,0.026183416019193828
a100-s7-fast-decode,1.0,0.01315,fixed_compute_margin_10pct,False,True,False,False,0.02600820903899148
a100-s7-fast-decode,1.0,0.01315,fixed_compute_margin_25pct,False,True,False,False,0.026073958026245236
a100-s7-fast-decode,1.0,0.01315,fixed_sla_margin_10pct,True,True,False,True,0.027590790996327996
a100-s7-fast-decode,1.0,0.01315,load_stress_10pct,False,True,False,False,0.02694958302890882
a100-s7-fast-decode,1.0,0.01315,load_stress_20pct,False,True,False,False,0.027302584028802812
a100-s7-fast-decode,1.0,0.01315,capacity_derating_10pct,False,True,False,False,9.589712135493755e-07
a100-s7-fast-decode,1.0,0.01315,capacity_derating_20pct,False,True,False,False,7.080379873514175e-07
a100-s7-fast-decode,1.0,0.01315,finite_four_scenarios,False,True,False,False,0.10510320798493922
a100-s7-fast-decode,1.0,0.013175,unmodified,False,True,False,False,0.025622041954193264
a100-s7-fast-decode,1.0,0.013175,fixed_compute_margin_10pct,False,True,False,False,0.02524220896884799
a100-s7-fast-decode,1.0,0.013175,fixed_compute_margin_25pct,False,True,False,False,0.02530687494436279
a100-s7-fast-decode,1.0,0.013175,fixed_sla_margin_10pct,False,True,False,False,0.02636725001502782
a100-s7-fast-decode,1.0,0.013175,load_stress_10pct,False,True,False,False,0.0262325830408372
a100-s7-fast-decode,1.0,0.013175,load_stress_20pct,False,True,False,False,0.026833707990590483
a100-s7-fast-decode,1.0,0.013175,capacity_derating_10pct,False,True,False,False,9.160139597952366e-07
a100-s7-fast-decode,1.0,0.013175,capacity_derating_20pct,False,True,False,False,6.249756552278996e-07
a100-s7-fast-decode,1.0,0.013175,finite_four_scenarios,False,True,False,False,0.10514866601442918
a100-s7-fast-decode,1.0,0.0132,unmodified,False,True,False,False,0.027294291998259723
a100-s7-fast-decode,1.0,0.0132,fixed_compute_margin_10pct,False,True,False,False,0.025768249994143844
a100-s7-fast-decode,1.0,0.0132,fixed_compute_margin_25pct,False,True,False,False,0.025992165959905833
a100-s7-fast-decode,1.0,0.0132,fixed_sla_margin_10pct,False,True,False,False,0.026111874962225556
a100-s7-fast-decode,1.0,0.0132,load_stress_10pct,False,True,False,False,0.025375707948114723
a100-s7-fast-decode,1.0,0.0132,load_stress_20pct,False,True,False,False,0.02646841696696356
a100-s7-fast-decode,1.0,0.0132,capacity_derating_10pct,False,True,False,False,9.59029421210289e-07
a100-s7-fast-decode,1.0,0.0132,capacity_derating_20pct,False,True,False,False,6.67001586407423e-07
a100-s7-fast-decode,1.0,0.0132,finite_four_scenarios,False,True,False,False,0.10825175000354648
a100-s7-fast-decode,1.0,0.01365,unmodified,False,True,False,False,0.02540424995822832
a100-s7-fast-decode,1.0,0.01365,fixed_compute_margin_10pct,False,True,False,False,0.026417958026286215
a100-s7-fast-decode,1.0,0.01365,fixed_compute_margin_25pct,False,True,False,False,0.028089750034268945
a100-s7-fast-decode,1.0,0.01365,fixed_sla_margin_10pct,False,True,False,False,0.027404166001360863
a100-s7-fast-decode,1.0,0.01365,load_stress_10pct,False,True,False,False,0.028727958037052304
a100-s7-fast-decode,1.0,0.01365,load_stress_20pct,False,True,False,False,0.024884500016923994
a100-s7-fast-decode,1.0,0.01365,capacity_derating_10pct,False,True,False,False,1.207983586937189e-06
a100-s7-fast-decode,1.0,0.01365,capacity_derating_20pct,False,True,False,False,1.0830117389559746e-06
a100-s7-fast-decode,1.0,0.01365,finite_four_scenarios,False,True,False,False,0.1106701249955222
a100-s7-fast-decode,1.0,0.0141,unmodified,False,False,False,False,0.033256541995797306
a100-s7-fast-decode,1.0,0.0141,fixed_compute_margin_10pct,False,False,False,False,0.040892083023209125
a100-s7-fast-decode,1.0,0.0141,fixed_compute_margin_25pct,False,False,False,False,0.04128325002966449
a100-s7-fast-decode,1.0,0.0141,fixed_sla_margin_10pct,False,False,False,False,0.0479831249685958
a100-s7-fast-decode,1.0,0.0141,load_stress_10pct,False,False,False,False,0.027716874959878623
a100-s7-fast-decode,1.0,0.0141,load_stress_20pct,False,False,False,False,0.029057832958642393
a100-s7-fast-decode,1.0,0.0141,capacity_derating_10pct,False,False,False,False,1.166015863418579e-06
a100-s7-fast-decode,1.0,0.0141,capacity_derating_20pct,False,False,False,False,1.1249794624745846e-06
a100-s7-fast-decode,1.0,0.0141,finite_four_scenarios,False,False,False,False,0.11498149996623397
a100-s7-fast-decode,1.0,0.015,unmodified,False,False,False,False,0.024773542012553662
a100-s7-fast-decode,1.0,0.015,fixed_compute_margin_10pct,False,False,False,False,0.024167875002603978
a100-s7-fast-decode,1.0,0.015,fixed_compute_margin_25pct,False,False,False,False,0.02819854096742347
a100-s7-fast-decode,1.0,0.015,fixed_sla_margin_10pct,False,False,False,False,0.02680229104589671
a100-s7-fast-decode,1.0,0.015,load_stress_10pct,False,False,False,False,0.027639208012260497
a100-s7-fast-decode,1.0,0.015,load_stress_20pct,False,False,False,False,0.02991591702448204
a100-s7-fast-decode,1.0,0.015,capacity_derating_10pct,False,False,False,False,9.170034900307655e-07
a100-s7-fast-decode,1.0,0.015,capacity_derating_20pct,False,False,False,False,6.25033862888813e-07
a100-s7-fast-decode,1.0,0.015,finite_four_scenarios,False,False,False,False,0.09789525001542643
a100-s7-fast-decode,1.0,0.02,unmodified,False,False,False,False,0.02386779204243794
a100-s7-fast-decode,1.0,0.02,fixed_compute_margin_10pct,False,False,False,False,0.024367166974116117
a100-s7-fast-decode,1.0,0.02,fixed_compute_margin_25pct,False,False,False,False,0.025363625027239323
a100-s7-fast-decode,1.0,0.02,fixed_sla_margin_10pct,False,False,False,False,0.027421083010267466
a100-s7-fast-decode,1.0,0.02,load_stress_10pct,False,False,False,False,0.025252750026993454
a100-s7-fast-decode,1.0,0.02,load_stress_20pct,False,False,False,False,0.022802833991590887
a100-s7-fast-decode,1.0,0.02,capacity_derating_10pct,False,False,False,False,2.082961145788431e-06
a100-s7-fast-decode,1.0,0.02,capacity_derating_20pct,False,False,False,False,5.839974619448185e-07
a100-s7-fast-decode,1.0,0.02,finite_four_scenarios,False,False,False,False,0.08354795898776501
a100-s7-fast-decode,1.0,0.025,unmodified,False,False,False,False,0.021360541984904557
a100-s7-fast-decode,1.0,0.025,fixed_compute_margin_10pct,False,False,False,False,0.022947208024561405
a100-s7-fast-decode,1.0,0.025,fixed_compute_margin_25pct,False,False,False,False,0.02408512501278892
a100-s7-fast-decode,1.0,0.025,fixed_sla_margin_10pct,False,False,False,False,0.022197790967766196
a100-s7-fast-decode,1.0,0.025,load_stress_10pct,False,False,False,False,0.0232623330084607
a100-s7-fast-decode,1.0,0.025,load_stress_20pct,False,False,False,False,0.025042499997653067
a100-s7-fast-decode,1.0,0.025,capacity_derating_10pct,False,False,False,False,1.0830117389559746e-06
a100-s7-fast-decode,1.0,0.025,capacity_derating_20pct,False,False,False,False,1.207983586937189e-06
a100-s7-fast-decode,1.0,0.025,finite_four_scenarios,False,False,False,False,0.08799250004813075
a100-s7-fast-decode,1.0,0.04,unmodified,False,False,False,False,0.023508874990511686
a100-s7-fast-decode,1.0,0.04,fixed_compute_margin_10pct,False,False,False,False,0.0230765410233289
a100-s7-fast-decode,1.0,0.04,fixed_compute_margin_25pct,False,False,False,False,0.025427874992601573
a100-s7-fast-decode,1.0,0.04,fixed_sla_margin_10pct,False,False,False,False,0.02512383396970108
a100-s7-fast-decode,1.0,0.04,load_stress_10pct,False,False,False,False,0.025881375011522323
a100-s7-fast-decode,1.0,0.04,load_stress_20pct,False,False,False,False,0.026860499987378716
a100-s7-fast-decode,1.0,0.04,capacity_derating_10pct,False,False,False,False,1.291045919060707e-06
a100-s7-fast-decode,1.0,0.04,capacity_derating_20pct,False,False,False,False,7.500057108700275e-07
a100-s7-fast-decode,1.0,0.04,finite_four_scenarios,False,False,False,False,0.10323083400726318
a100-s7-fast-decode,1.0,0.08,unmodified,False,False,False,False,0.0306417079991661
a100-s7-fast-decode,1.0,0.08,fixed_compute_margin_10pct,False,False,False,False,0.03244787501171231
a100-s7-fast-decode,1.0,0.08,fixed_compute_margin_25pct,False,False,False,False,0.035299832990858704
a100-s7-fast-decode,1.0,0.08,fixed_sla_margin_10pct,False,False,False,False,0.037087665987201035
a100-s7-fast-decode,1.0,0.08,load_stress_10pct,False,False,False,False,0.04298720898805186
a100-s7-fast-decode,1.0,0.08,load_stress_20pct,False,False,False,False,0.037467499962076545
a100-s7-fast-decode,1.0,0.08,capacity_derating_10pct,False,False,False,False,9.160139597952366e-07
a100-s7-fast-decode,1.0,0.08,capacity_derating_20pct,False,False,False,False,7.090275175869465e-07
a100-s7-fast-decode,1.0,0.08,finite_four_scenarios,False,False,False,False,0.21684149996144697
a100-s7-fast-decode,1.0,0.16,unmodified,False,False,False,False,0.05648229201324284
a100-s7-fast-decode,1.0,0.16,fixed_compute_margin_10pct,False,False,False,False,0.05558854195987806
a100-s7-fast-decode,1.0,0.16,fixed_compute_margin_25pct,False,False,False,False,0.10177216696320102
a100-s7-fast-decode,1.0,0.16,fixed_sla_margin_10pct,False,False,False,False,0.08090987504692748
a100-s7-fast-decode,1.0,0.16,load_stress_10pct,False,False,False,False,0.05458891700254753
a100-s7-fast-decode,1.0,0.16,load_stress_20pct,False,False,False,False,0.0702593750320375
a100-s7-fast-decode,1.0,0.16,capacity_derating_10pct,False,False,False,False,1.04197533801198e-06
a100-s7-fast-decode,1.0,0.16,capacity_derating_20pct,False,False,False,False,7.500057108700275e-07
a100-s7-fast-decode,1.0,0.16,finite_four_scenarios,False,False,False,False,0.2734653750085272
a100-s7-fast-decode,1.0,0.32,unmodified,False,False,False,False,0.06626591604435816
a100-s7-fast-decode,1.0,0.32,fixed_compute_margin_10pct,False,False,False,False,0.09111804200801998
a100-s7-fast-decode,1.0,0.32,fixed_compute_margin_25pct,False,False,False,False,0.07204633299261332
a100-s7-fast-decode,1.0,0.32,fixed_sla_margin_10pct,False,False,False,False,0.07542474998626858
a100-s7-fast-decode,1.0,0.32,load_stress_10pct,False,False,False,False,0.06995195796480402
a100-s7-fast-decode,1.0,0.32,load_stress_20pct,False,False,False,False,0.07089545804774389
a100-s7-fast-decode,1.0,0.32,capacity_derating_10pct,False,False,False,False,1.458043698221445e-06
a100-s7-fast-decode,1.0,0.32,capacity_derating_20pct,False,False,False,False,9.170034900307655e-07
a100-s7-fast-decode,1.0,0.32,finite_four_scenarios,False,False,False,False,0.2789421249763109
a100-s7-fast-decode,1.0,0.64,unmodified,False,False,False,False,0.08714850002434105
a100-s7-fast-decode,1.0,0.64,fixed_compute_margin_10pct,False,False,False,False,0.09127616602927446
a100-s7-fast-decode,1.0,0.64,fixed_compute_margin_25pct,False,False,False,False,0.09263695799745619
a100-s7-fast-decode,1.0,0.64,fixed_sla_margin_10pct,False,False,False,False,0.08759833400836214
a100-s7-fast-decode,1.0,0.64,load_stress_10pct,False,False,False,False,0.09398237499408424
a100-s7-fast-decode,1.0,0.64,load_stress_20pct,False,False,False,False,0.09813862497685477
a100-s7-fast-decode,1.0,0.64,capacity_derating_10pct,False,False,False,False,1.00000761449337e-06
a100-s7-fast-decode,1.0,0.64,capacity_derating_20pct,False,False,False,False,7.500057108700275e-07
a100-s7-fast-decode,1.0,0.64,finite_four_scenarios,False,False,False,False,0.36191629205131903
a100-s7-fast-decode,1.0,1.28,unmodified,False,False,False,False,0.10301750001963228
a100-s7-fast-decode,1.0,1.28,fixed_compute_margin_10pct,False,False,False,False,0.10819658398395404
a100-s7-fast-decode,1.0,1.28,fixed_compute_margin_25pct,False,False,False,False,0.10950312501518056
a100-s7-fast-decode,1.0,1.28,fixed_sla_margin_10pct,False,False,False,False,0.10545770800672472
a100-s7-fast-decode,1.0,1.28,load_stress_10pct,False,False,False,False,0.10608520900132135
a100-s7-fast-decode,1.0,1.28,load_stress_20pct,False,False,False,False,0.10852487501688302
a100-s7-fast-decode,1.0,1.28,capacity_derating_10pct,False,False,False,False,1.1659576557576656e-06
a100-s7-fast-decode,1.0,1.28,capacity_derating_20pct,False,False,False,False,6.67001586407423e-07
a100-s7-fast-decode,1.0,1.28,finite_four_scenarios,False,False,False,False,0.4194069170043804
a100-s7-fast-decode,0.9,0.006,unmodified,True,True,False,True,0.042010749981272966
a100-s7-fast-decode,0.9,0.006,fixed_compute_margin_10pct,True,True,False,True,0.03937529196264222
a100-s7-fast-decode,0.9,0.006,fixed_compute_margin_25pct,True,True,False,True,0.02856787503696978
a100-s7-fast-decode,0.9,0.006,fixed_sla_margin_10pct,True,True,False,True,0.03005445800954476
a100-s7-fast-decode,0.9,0.006,load_stress_10pct,True,True,False,True,0.02708179096225649
a100-s7-fast-decode,0.9,0.006,load_stress_20pct,True,True,False,True,0.027904583956114948
a100-s7-fast-decode,0.9,0.006,capacity_derating_10pct,True,True,False,True,1.04197533801198e-06
a100-s7-fast-decode,0.9,0.006,capacity_derating_20pct,True,True,False,True,5.839974619448185e-07
a100-s7-fast-decode,0.9,0.006,finite_four_scenarios,True,True,False,True,0.11189325002487749
a100-s7-fast-decode,0.9,0.01,unmodified,True,True,False,True,0.027762749989051372
a100-s7-fast-decode,0.9,0.01,fixed_compute_margin_10pct,True,True,False,True,0.02693562494823709
a100-s7-fast-decode,0.9,0.01,fixed_compute_margin_25pct,True,True,False,True,0.02802545903250575
a100-s7-fast-decode,0.9,0.01,fixed_sla_margin_10pct,True,True,False,True,0.026737082982435822
a100-s7-fast-decode,0.9,0.01,load_stress_10pct,True,True,False,True,0.027540499984752387
a100-s7-fast-decode,0.9,0.01,load_stress_20pct,True,True,False,True,0.026501084037590772
a100-s7-fast-decode,0.9,0.01,capacity_derating_10pct,True,True,False,True,1.125037670135498e-06
a100-s7-fast-decode,0.9,0.01,capacity_derating_20pct,True,True,False,True,7.090275175869465e-07
a100-s7-fast-decode,0.9,0.01,finite_four_scenarios,True,True,False,True,0.10917808295926079
a100-s7-fast-decode,0.9,0.0131,unmodified,True,True,False,True,0.02728058397769928
a100-s7-fast-decode,0.9,0.0131,fixed_compute_margin_10pct,True,True,False,True,0.027262042043730617
a100-s7-fast-decode,0.9,0.0131,fixed_compute_margin_25pct,False,True,False,False,0.026185167022049427
a100-s7-fast-decode,0.9,0.0131,fixed_sla_margin_10pct,True,True,False,True,0.02809104201151058
a100-s7-fast-decode,0.9,0.0131,load_stress_10pct,True,True,False,True,0.027730084024369717
a100-s7-fast-decode,0.9,0.0131,load_stress_20pct,False,True,False,False,0.026606334024108946
a100-s7-fast-decode,0.9,0.0131,capacity_derating_10pct,False,True,False,False,9.170034900307655e-07
a100-s7-fast-decode,0.9,0.0131,capacity_derating_20pct,False,True,False,False,5.830079317092896e-07
a100-s7-fast-decode,0.9,0.0131,finite_four_scenarios,False,True,False,False,0.10454575001494959
a100-s7-fast-decode,0.9,0.01315,unmodified,True,True,False,True,0.028518500039353967
a100-s7-fast-decode,0.9,0.01315,fixed_compute_margin_10pct,True,True,False,True,0.027061082946602255
a100-s7-fast-decode,0.9,0.01315,fixed_compute_margin_25pct,False,True,False,False,0.026188540970906615
a100-s7-fast-decode,0.9,0.01315,fixed_sla_margin_10pct,True,True,False,True,0.027630291995592415
a100-s7-fast-decode,0.9,0.01315,load_stress_10pct,False,True,False,False,0.026420165959279984
a100-s7-fast-decode,0.9,0.01315,load_stress_20pct,False,True,False,False,0.025724290986545384
a100-s7-fast-decode,0.9,0.01315,capacity_derating_10pct,False,True,False,False,8.749775588512421e-07
a100-s7-fast-decode,0.9,0.01315,capacity_derating_20pct,False,True,False,False,4.169996827840805e-07
a100-s7-fast-decode,0.9,0.01315,finite_four_scenarios,False,True,False,False,0.10089604201493785
a100-s7-fast-decode,0.9,0.013175,unmodified,True,True,False,True,0.026094125001691282
a100-s7-fast-decode,0.9,0.013175,fixed_compute_margin_10pct,True,True,False,True,0.026595584000460804
a100-s7-fast-decode,0.9,0.013175,fixed_compute_margin_25pct,False,True,False,False,0.026156375010032207
a100-s7-fast-decode,0.9,0.013175,fixed_sla_margin_10pct,True,True,False,True,0.026321625045966357
a100-s7-fast-decode,0.9,0.013175,load_stress_10pct,False,True,False,False,0.024984000017866492
a100-s7-fast-decode,0.9,0.013175,load_stress_20pct,False,True,False,False,0.023899500025436282
a100-s7-fast-decode,0.9,0.013175,capacity_derating_10pct,False,True,False,False,7.92031642049551e-07
a100-s7-fast-decode,0.9,0.013175,capacity_derating_20pct,False,True,False,False,5.830079317092896e-07
a100-s7-fast-decode,0.9,0.013175,finite_four_scenarios,False,True,False,False,0.09847924998030066
a100-s7-fast-decode,0.9,0.0132,unmodified,True,True,False,True,0.026022750011179596
a100-s7-fast-decode,0.9,0.0132,fixed_compute_margin_10pct,True,True,False,True,0.0270314589724876
a100-s7-fast-decode,0.9,0.0132,fixed_compute_margin_25pct,False,True,False,False,0.025507332989946008
a100-s7-fast-decode,0.9,0.0132,fixed_sla_margin_10pct,True,True,False,True,0.026799750048667192
a100-s7-fast-decode,0.9,0.0132,load_stress_10pct,False,True,False,False,0.024743916001170874
a100-s7-fast-decode,0.9,0.0132,load_stress_20pct,False,True,False,False,0.025433250004425645
a100-s7-fast-decode,0.9,0.0132,capacity_derating_10pct,False,True,False,False,9.170034900307655e-07
a100-s7-fast-decode,0.9,0.0132,capacity_derating_20pct,False,True,False,False,4.169996827840805e-07
a100-s7-fast-decode,0.9,0.0132,finite_four_scenarios,False,True,False,False,0.10956316697411239
a100-s7-fast-decode,0.9,0.01365,unmodified,True,True,False,True,0.02897329197730869
a100-s7-fast-decode,0.9,0.01365,fixed_compute_margin_10pct,False,True,False,False,0.027207624982111156
a100-s7-fast-decode,0.9,0.01365,fixed_compute_margin_25pct,False,True,False,False,0.0259532910422422
a100-s7-fast-decode,0.9,0.01365,fixed_sla_margin_10pct,True,True,False,True,0.028457457956392318
a100-s7-fast-decode,0.9,0.01365,load_stress_10pct,False,True,False,False,0.02518375002546236
a100-s7-fast-decode,0.9,0.01365,load_stress_20pct,False,True,False,False,0.026310958026442677
a100-s7-fast-decode,0.9,0.01365,capacity_derating_10pct,False,True,False,False,1.2500095181167126e-06
a100-s7-fast-decode,0.9,0.01365,capacity_derating_20pct,False,True,False,False,5.830079317092896e-07
a100-s7-fast-decode,0.9,0.01365,finite_four_scenarios,False,True,False,False,0.10920725000323728
a100-s7-fast-decode,0.9,0.0141,unmodified,True,False,True,False,0.02782604197273031
a100-s7-fast-decode,0.9,0.0141,fixed_compute_margin_10pct,False,False,False,False,0.026113291969522834
a100-s7-fast-decode,0.9,0.0141,fixed_compute_margin_25pct,False,False,False,False,0.027186082967091352
a100-s7-fast-decode,0.9,0.0141,fixed_sla_margin_10pct,True,False,True,False,0.02849758299998939
a100-s7-fast-decode,0.9,0.0141,load_stress_10pct,False,False,False,False,0.02726987499045208
a100-s7-fast-decode,0.9,0.0141,load_stress_20pct,False,False,False,False,0.027005083044059575
a100-s7-fast-decode,0.9,0.0141,capacity_derating_10pct,False,False,False,False,9.5803989097476e-07
a100-s7-fast-decode,0.9,0.0141,capacity_derating_20pct,False,False,False,False,3.3300602808594704e-07
a100-s7-fast-decode,0.9,0.0141,finite_four_scenarios,False,False,False,False,0.10959304100833833
a100-s7-fast-decode,0.9,0.015,unmodified,False,False,False,False,0.027474709029775113
a100-s7-fast-decode,0.9,0.015,fixed_compute_margin_10pct,False,False,False,False,0.026276499964296818
a100-s7-fast-decode,0.9,0.015,fixed_compute_margin_25pct,False,False,False,False,0.028426083037629724
a100-s7-fast-decode,0.9,0.015,fixed_sla_margin_10pct,False,False,False,False,0.0258767920313403
a100-s7-fast-decode,0.9,0.015,load_stress_10pct,False,False,False,False,0.026243874977808446
a100-s7-fast-decode,0.9,0.015,load_stress_20pct,False,False,False,False,0.027703333995305002
a100-s7-fast-decode,0.9,0.015,capacity_derating_10pct,False,False,False,False,8.329516276717186e-07
a100-s7-fast-decode,0.9,0.015,capacity_derating_20pct,False,False,False,False,5.410402081906796e-07
a100-s7-fast-decode,0.9,0.015,finite_four_scenarios,False,False,False,False,0.10689441696740687
a100-s7-fast-decode,0.9,0.02,unmodified,False,False,False,False,0.02771270798984915
a100-s7-fast-decode,0.9,0.02,fixed_compute_margin_10pct,False,False,False,False,0.02791083400370553
a100-s7-fast-decode,0.9,0.02,fixed_compute_margin_25pct,False,False,False,False,0.025924500019755214
a100-s7-fast-decode,0.9,0.02,fixed_sla_margin_10pct,False,False,False,False,0.027443875034805387
a100-s7-fast-decode,0.9,0.02,load_stress_10pct,False,False,False,False,0.027962542022578418
a100-s7-fast-decode,0.9,0.02,load_stress_20pct,False,False,False,False,0.025681166967842728
a100-s7-fast-decode,0.9,0.02,capacity_derating_10pct,False,False,False,False,1.167005393654108e-06
a100-s7-fast-decode,0.9,0.02,capacity_derating_20pct,False,False,False,False,4.169996827840805e-07
a100-s7-fast-decode,0.9,0.02,finite_four_scenarios,False,False,False,False,0.10763608402339742
a100-s7-fast-decode,0.9,0.025,unmodified,False,False,False,False,0.02694150002207607
a100-s7-fast-decode,0.9,0.025,fixed_compute_margin_10pct,False,False,False,False,0.026334583992138505
a100-s7-fast-decode,0.9,0.025,fixed_compute_margin_25pct,False,False,False,False,0.027032207988668233
a100-s7-fast-decode,0.9,0.025,fixed_sla_margin_10pct,False,False,False,False,0.026768207957502455
a100-s7-fast-decode,0.9,0.025,load_stress_10pct,False,False,False,False,0.026971457991749048
a100-s7-fast-decode,0.9,0.025,load_stress_20pct,False,False,False,False,0.028112041007261723
a100-s7-fast-decode,0.9,0.025,capacity_derating_10pct,False,False,False,False,9.170034900307655e-07
a100-s7-fast-decode,0.9,0.025,capacity_derating_20pct,False,False,False,False,7.080379873514175e-07
a100-s7-fast-decode,0.9,0.025,finite_four_scenarios,False,False,False,False,0.10618804197292775
a100-s7-fast-decode,0.9,0.04,unmodified,False,False,False,False,0.029325957992114127
a100-s7-fast-decode,0.9,0.04,fixed_compute_margin_10pct,False,False,False,False,0.029716625052969903
a100-s7-fast-decode,0.9,0.04,fixed_compute_margin_25pct,False,False,False,False,0.030642792000435293
a100-s7-fast-decode,0.9,0.04,fixed_sla_margin_10pct,False,False,False,False,0.02867725002579391
a100-s7-fast-decode,0.9,0.04,load_stress_10pct,False,False,False,False,0.030038375000003725
a100-s7-fast-decode,0.9,0.04,load_stress_20pct,False,False,False,False,0.030339416989590973
a100-s7-fast-decode,0.9,0.04,capacity_derating_10pct,False,False,False,False,1.208973117172718e-06
a100-s7-fast-decode,0.9,0.04,capacity_derating_20pct,False,False,False,False,7.08969309926033e-07
a100-s7-fast-decode,0.9,0.04,finite_four_scenarios,False,False,False,False,0.11884225002722815
a100-s7-fast-decode,0.9,0.08,unmodified,False,False,False,False,0.037754832999780774
a100-s7-fast-decode,0.9,0.08,fixed_compute_margin_10pct,False,False,False,False,0.05805474997032434
a100-s7-fast-decode,0.9,0.08,fixed_compute_margin_25pct,False,False,False,False,0.20386570802656934
a100-s7-fast-decode,0.9,0.08,fixed_sla_margin_10pct,False,False,False,False,0.035358999972231686
a100-s7-fast-decode,0.9,0.08,load_stress_10pct,False,False,False,False,0.04004875000100583
a100-s7-fast-decode,0.9,0.08,load_stress_20pct,False,False,False,False,0.04389908298617229
a100-s7-fast-decode,0.9,0.08,capacity_derating_10pct,False,False,False,False,1.00000761449337e-06
a100-s7-fast-decode,0.9,0.08,capacity_derating_20pct,False,False,False,False,7.08969309926033e-07
a100-s7-fast-decode,0.9,0.08,finite_four_scenarios,False,False,False,False,0.14671520795673132
a100-s7-fast-decode,0.9,0.16,unmodified,False,False,False,False,0.05233654199400917
a100-s7-fast-decode,0.9,0.16,fixed_compute_margin_10pct,False,False,False,False,0.0633212499669753
a100-s7-fast-decode,0.9,0.16,fixed_compute_margin_25pct,False,False,False,False,0.0634004159946926
a100-s7-fast-decode,0.9,0.16,fixed_sla_margin_10pct,False,False,False,False,0.0494469580007717
a100-s7-fast-decode,0.9,0.16,load_stress_10pct,False,False,False,False,0.05849066696828231
a100-s7-fast-decode,0.9,0.16,load_stress_20pct,False,False,False,False,0.08317591698141769
a100-s7-fast-decode,0.9,0.16,capacity_derating_10pct,False,False,False,False,8.330098353326321e-07
a100-s7-fast-decode,0.9,0.16,capacity_derating_20pct,False,False,False,False,4.5803608372807503e-07
a100-s7-fast-decode,0.9,0.16,finite_four_scenarios,False,False,False,False,0.2085526249720715
a100-s7-fast-decode,0.9,0.32,unmodified,False,False,False,False,0.06243445799918845
a100-s7-fast-decode,0.9,0.32,fixed_compute_margin_10pct,False,False,False,False,0.06311670801369473
a100-s7-fast-decode,0.9,0.32,fixed_compute_margin_25pct,False,False,False,False,0.06714395800372586
a100-s7-fast-decode,0.9,0.32,fixed_sla_margin_10pct,False,False,False,False,0.06274283298989758
a100-s7-fast-decode,0.9,0.32,load_stress_10pct,False,False,False,False,0.06631987501168624
a100-s7-fast-decode,0.9,0.32,load_stress_20pct,False,False,False,False,0.06845341698499396
a100-s7-fast-decode,0.9,0.32,capacity_derating_10pct,False,False,False,False,9.170034900307655e-07
a100-s7-fast-decode,0.9,0.32,capacity_derating_20pct,False,False,False,False,5.00003807246685e-07
a100-s7-fast-decode,0.9,0.32,finite_four_scenarios,False,False,False,False,0.2589737079688348
a100-s7-fast-decode,0.9,0.64,unmodified,False,False,False,False,0.08228358399355784
a100-s7-fast-decode,0.9,0.64,fixed_compute_margin_10pct,False,False,False,False,0.0861942499759607
a100-s7-fast-decode,0.9,0.64,fixed_compute_margin_25pct,False,False,False,False,0.09146595903439447
a100-s7-fast-decode,0.9,0.64,fixed_sla_margin_10pct,False,False,False,False,0.085822457971517
a100-s7-fast-decode,0.9,0.64,load_stress_10pct,False,False,False,False,0.08822899998631328
a100-s7-fast-decode,0.9,0.64,load_stress_20pct,False,False,False,False,0.08652904198970646
a100-s7-fast-decode,0.9,0.64,capacity_derating_10pct,False,False,False,False,8.749775588512421e-07
a100-s7-fast-decode,0.9,0.64,capacity_derating_20pct,False,False,False,False,6.25033862888813e-07
a100-s7-fast-decode,0.9,0.64,finite_four_scenarios,False,False,False,False,0.3412560420110822
a100-s7-fast-decode,0.9,1.28,unmodified,False,False,False,False,0.09810975001892075
a100-s7-fast-decode,0.9,1.28,fixed_compute_margin_10pct,False,False,False,False,0.1004847910371609
a100-s7-fast-decode,0.9,1.28,fixed_compute_margin_25pct,False,False,False,False,0.10105637495871633
a100-s7-fast-decode,0.9,1.28,fixed_sla_margin_10pct,False,False,False,False,0.10121533297933638
a100-s7-fast-decode,0.9,1.28,load_stress_10pct,False,False,False,False,0.10991266701603308
a100-s7-fast-decode,0.9,1.28,load_stress_20pct,False,False,False,False,0.1054653330356814
a100-s7-fast-decode,0.9,1.28,capacity_derating_10pct,False,False,False,False,9.170034900307655e-07
a100-s7-fast-decode,0.9,1.28,capacity_derating_20pct,False,False,False,False,5.41971530765295e-07
a100-s7-fast-decode,0.9,1.28,finite_four_scenarios,False,False,False,False,0.4134728339849971
a100-s7-slow-decode,1.0,0.006,unmodified,True,True,False,True,0.033922625007107854
a100-s7-slow-decode,1.0,0.006,fixed_compute_margin_10pct,True,True,False,True,0.047082250006496906
a100-s7-slow-decode,1.0,0.006,fixed_compute_margin_25pct,True,True,False,True,0.04705541703151539
a100-s7-slow-decode,1.0,0.006,fixed_sla_margin_10pct,True,True,False,True,0.02771125000435859
a100-s7-slow-decode,1.0,0.006,load_stress_10pct,True,True,False,True,0.02957966597750783
a100-s7-slow-decode,1.0,0.006,load_stress_20pct,True,True,False,True,0.03029675001744181
a100-s7-slow-decode,1.0,0.006,capacity_derating_10pct,True,True,False,True,1.0830117389559746e-06
a100-s7-slow-decode,1.0,0.006,capacity_derating_20pct,True,True,False,True,6.67001586407423e-07
a100-s7-slow-decode,1.0,0.006,finite_four_scenarios,True,True,False,True,0.1466859580250457
a100-s7-slow-decode,1.0,0.01,unmodified,True,True,False,True,0.02614758297568187
a100-s7-slow-decode,1.0,0.01,fixed_compute_margin_10pct,True,True,False,True,0.027799875009804964
a100-s7-slow-decode,1.0,0.01,fixed_compute_margin_25pct,True,True,False,True,0.030419207992963493
a100-s7-slow-decode,1.0,0.01,fixed_sla_margin_10pct,True,True,False,True,0.03425374999642372
a100-s7-slow-decode,1.0,0.01,load_stress_10pct,True,True,False,True,0.031410374969709665
a100-s7-slow-decode,1.0,0.01,load_stress_20pct,True,True,False,True,0.027073749981354922
a100-s7-slow-decode,1.0,0.01,capacity_derating_10pct,True,True,False,True,1.167005393654108e-06
a100-s7-slow-decode,1.0,0.01,capacity_derating_20pct,True,True,False,True,5.00003807246685e-07
a100-s7-slow-decode,1.0,0.01,finite_four_scenarios,True,True,False,True,0.11301824997644871
a100-s7-slow-decode,1.0,0.0131,unmodified,True,True,False,True,0.029182749975007027
a100-s7-slow-decode,1.0,0.0131,fixed_compute_margin_10pct,False,True,False,False,0.027586542011704296
a100-s7-slow-decode,1.0,0.0131,fixed_compute_margin_25pct,False,True,False,False,0.027547000034246594
a100-s7-slow-decode,1.0,0.0131,fixed_sla_margin_10pct,True,True,False,True,0.028097458998672664
a100-s7-slow-decode,1.0,0.0131,load_stress_10pct,False,True,False,False,0.026037832954898477
a100-s7-slow-decode,1.0,0.0131,load_stress_20pct,False,True,False,False,0.027441459009423852
a100-s7-slow-decode,1.0,0.0131,capacity_derating_10pct,False,True,False,False,1.500011421740055e-06
a100-s7-slow-decode,1.0,0.0131,capacity_derating_20pct,False,True,False,False,7.500057108700275e-07
a100-s7-slow-decode,1.0,0.0131,finite_four_scenarios,False,True,False,False,0.10971991595579311
a100-s7-slow-decode,1.0,0.01315,unmodified,True,True,False,True,0.026596832962241024
a100-s7-slow-decode,1.0,0.01315,fixed_compute_margin_10pct,False,True,False,False,0.026861583988647908
a100-s7-slow-decode,1.0,0.01315,fixed_compute_margin_25pct,False,True,False,False,0.02624100004322827
a100-s7-slow-decode,1.0,0.01315,fixed_sla_margin_10pct,True,True,False,True,0.026568250032141805
a100-s7-slow-decode,1.0,0.01315,load_stress_10pct,False,True,False,False,0.02592874999390915
a100-s7-slow-decode,1.0,0.01315,load_stress_20pct,False,True,False,False,0.02668183302739635
a100-s7-slow-decode,1.0,0.01315,capacity_derating_10pct,False,True,False,False,1.2500095181167126e-06
a100-s7-slow-decode,1.0,0.01315,capacity_derating_20pct,False,True,False,False,5.839974619448185e-07
a100-s7-slow-decode,1.0,0.01315,finite_four_scenarios,False,True,False,False,0.10790187498787418
a100-s7-slow-decode,1.0,0.013175,unmodified,False,True,False,False,0.025885916023980826
a100-s7-slow-decode,1.0,0.013175,fixed_compute_margin_10pct,False,True,False,False,0.02537637500790879
a100-s7-slow-decode,1.0,0.013175,fixed_compute_margin_25pct,False,True,False,False,0.02645854197908193
a100-s7-slow-decode,1.0,0.013175,fixed_sla_margin_10pct,False,True,False,False,0.026853333984036
a100-s7-slow-decode,1.0,0.013175,load_stress_10pct,False,True,False,False,0.02530758298235014
a100-s7-slow-decode,1.0,0.013175,load_stress_20pct,False,True,False,False,0.025977165962103754
a100-s7-slow-decode,1.0,0.013175,capacity_derating_10pct,False,True,False,False,9.5803989097476e-07
a100-s7-slow-decode,1.0,0.013175,capacity_derating_20pct,False,True,False,False,7.500057108700275e-07
a100-s7-slow-decode,1.0,0.013175,finite_four_scenarios,False,True,False,False,0.10507958399830386
a100-s7-slow-decode,1.0,0.0132,unmodified,False,True,False,False,0.02313504199264571
a100-s7-slow-decode,1.0,0.0132,fixed_compute_margin_10pct,False,True,False,False,0.022896666021551937
a100-s7-slow-decode,1.0,0.0132,fixed_compute_margin_25pct,False,True,False,False,0.022293540998362005
a100-s7-slow-decode,1.0,0.0132,fixed_sla_margin_10pct,False,True,False,False,0.02210012497380376
a100-s7-slow-decode,1.0,0.0132,load_stress_10pct,False,True,False,False,0.025655125034973025
a100-s7-slow-decode,1.0,0.0132,load_stress_20pct,False,True,False,False,0.026769792020786554
a100-s7-slow-decode,1.0,0.0132,capacity_derating_10pct,False,True,False,False,1.0830117389559746e-06
a100-s7-slow-decode,1.0,0.0132,capacity_derating_20pct,False,True,False,False,5.420297384262085e-07
a100-s7-slow-decode,1.0,0.0132,finite_four_scenarios,False,True,False,False,0.1010247910162434
a100-s7-slow-decode,1.0,0.01365,unmodified,False,False,False,False,0.025711416034027934
a100-s7-slow-decode,1.0,0.01365,fixed_compute_margin_10pct,False,False,False,False,0.02607349999016151
a100-s7-slow-decode,1.0,0.01365,fixed_compute_margin_25pct,False,False,False,False,0.027988541987724602
a100-s7-slow-decode,1.0,0.01365,fixed_sla_margin_10pct,False,False,False,False,0.02551979204872623
a100-s7-slow-decode,1.0,0.01365,load_stress_10pct,False,False,False,False,0.025522167037706822
a100-s7-slow-decode,1.0,0.01365,load_stress_20pct,False,False,False,False,0.02600933297071606
a100-s7-slow-decode,1.0,0.01365,capacity_derating_10pct,False,False,False,False,1.125037670135498e-06
a100-s7-slow-decode,1.0,0.01365,capacity_derating_20pct,False,False,False,False,7.499475032091141e-07
a100-s7-slow-decode,1.0,0.01365,finite_four_scenarios,False,False,False,False,0.10368883301271126
a100-s7-slow-decode,1.0,0.0141,unmodified,False,False,False,False,0.025846041971817613
a100-s7-slow-decode,1.0,0.0141,fixed_compute_margin_10pct,False,False,False,False,0.02547379198949784
a100-s7-slow-decode,1.0,0.0141,fixed_compute_margin_25pct,False,False,False,False,0.027049416967201978
a100-s7-slow-decode,1.0,0.0141,fixed_sla_margin_10pct,False,False,False,False,0.022016957984305918
a100-s7-slow-decode,1.0,0.0141,load_stress_10pct,False,False,False,False,0.024463667010422796
a100-s7-slow-decode,1.0,0.0141,load_stress_20pct,False,False,False,False,0.026730499987024814
a100-s7-slow-decode,1.0,0.0141,capacity_derating_10pct,False,False,False,False,1.04197533801198e-06
a100-s7-slow-decode,1.0,0.0141,capacity_derating_20pct,False,False,False,False,5.830079317092896e-07
a100-s7-slow-decode,1.0,0.0141,finite_four_scenarios,False,False,False,False,0.10450704098911956
a100-s7-slow-decode,1.0,0.015,unmodified,False,False,False,False,0.02905854204436764
a100-s7-slow-decode,1.0,0.015,fixed_compute_margin_10pct,False,False,False,False,0.027178459044080228
a100-s7-slow-decode,1.0,0.015,fixed_compute_margin_25pct,False,False,False,False,0.027022792026400566
a100-s7-slow-decode,1.0,0.015,fixed_sla_margin_10pct,False,False,False,False,0.02695662499172613
a100-s7-slow-decode,1.0,0.015,load_stress_10pct,False,False,False,False,0.028288790956139565
a100-s7-slow-decode,1.0,0.015,load_stress_20pct,False,False,False,False,0.027165541949216276
a100-s7-slow-decode,1.0,0.015,capacity_derating_10pct,False,False,False,False,9.170034900307655e-07
a100-s7-slow-decode,1.0,0.015,capacity_derating_20pct,False,False,False,False,5.00003807246685e-07
a100-s7-slow-decode,1.0,0.015,finite_four_scenarios,False,False,False,False,0.10924729099497199
a100-s7-slow-decode,1.0,0.02,unmodified,False,False,False,False,0.02819295902736485
a100-s7-slow-decode,1.0,0.02,fixed_compute_margin_10pct,False,False,False,False,0.02547583298292011
a100-s7-slow-decode,1.0,0.02,fixed_compute_margin_25pct,False,False,False,False,0.026842000021133572
a100-s7-slow-decode,1.0,0.02,fixed_sla_margin_10pct,False,False,False,False,0.02815654198639095
a100-s7-slow-decode,1.0,0.02,load_stress_10pct,False,False,False,False,0.02575495804194361
a100-s7-slow-decode,1.0,0.02,load_stress_20pct,False,False,False,False,0.025176708004437387
a100-s7-slow-decode,1.0,0.02,capacity_derating_10pct,False,False,False,False,1.2919772416353226e-06
a100-s7-slow-decode,1.0,0.02,capacity_derating_20pct,False,False,False,False,8.330098353326321e-07
a100-s7-slow-decode,1.0,0.02,finite_four_scenarios,False,False,False,False,0.10120612499304116
a100-s7-slow-decode,1.0,0.025,unmodified,False,False,False,False,0.022947999997995794
a100-s7-slow-decode,1.0,0.025,fixed_compute_margin_10pct,False,False,False,False,0.023240250011440367
a100-s7-slow-decode,1.0,0.025,fixed_compute_margin_25pct,False,False,False,False,0.026374541979748756
a100-s7-slow-decode,1.0,0.025,fixed_sla_margin_10pct,False,False,False,False,0.02603454201016575
a100-s7-slow-decode,1.0,0.025,load_stress_10pct,False,False,False,False,0.02631816698703915
a100-s7-slow-decode,1.0,0.025,load_stress_20pct,False,False,False,False,0.02713608299382031
a100-s7-slow-decode,1.0,0.025,capacity_derating_10pct,False,False,False,False,1.0409858077764511e-06
a100-s7-slow-decode,1.0,0.025,capacity_derating_20pct,False,False,False,False,1.0830117389559746e-06
a100-s7-slow-decode,1.0,0.025,finite_four_scenarios,False,False,False,False,0.1084462910075672
a100-s7-slow-decode,1.0,0.04,unmodified,False,False,False,False,0.028363333025481552
a100-s7-slow-decode,1.0,0.04,fixed_compute_margin_10pct,False,False,False,False,0.030546125024557114
a100-s7-slow-decode,1.0,0.04,fixed_compute_margin_25pct,False,False,False,False,0.030250249954406172
a100-s7-slow-decode,1.0,0.04,fixed_sla_margin_10pct,False,False,False,False,0.02906879101647064
a100-s7-slow-decode,1.0,0.04,load_stress_10pct,False,False,False,False,0.030001999984961003
a100-s7-slow-decode,1.0,0.04,load_stress_20pct,False,False,False,False,0.03198299999348819
a100-s7-slow-decode,1.0,0.04,capacity_derating_10pct,False,False,False,False,1.00000761449337e-06
a100-s7-slow-decode,1.0,0.04,capacity_derating_20pct,False,False,False,False,5.829497240483761e-07
a100-s7-slow-decode,1.0,0.04,finite_four_scenarios,False,False,False,False,0.11873920896323398
a100-s7-slow-decode,1.0,0.08,unmodified,False,False,False,False,0.037229124980513006
a100-s7-slow-decode,1.0,0.08,fixed_compute_margin_10pct,False,False,False,False,0.039662333962041885
a100-s7-slow-decode,1.0,0.08,fixed_compute_margin_25pct,False,False,False,False,0.03925504197832197
a100-s7-slow-decode,1.0,0.08,fixed_sla_margin_10pct,False,False,False,False,0.037110624951310456
a100-s7-slow-decode,1.0,0.08,load_stress_10pct,False,False,False,False,0.07888383296085522
a100-s7-slow-decode,1.0,0.08,load_stress_20pct,False,False,False,False,0.05626695795217529
a100-s7-slow-decode,1.0,0.08,capacity_derating_10pct,False,False,False,False,8.750357665121555e-07
a100-s7-slow-decode,1.0,0.08,capacity_derating_20pct,False,False,False,False,7.92031642049551e-07
a100-s7-slow-decode,1.0,0.08,finite_four_scenarios,False,False,False,False,0.23730370798148215
a100-s7-slow-decode,1.0,0.16,unmodified,False,False,False,False,0.060985042015090585
a100-s7-slow-decode,1.0,0.16,fixed_compute_margin_10pct,False,False,False,False,0.059536458051297814
a100-s7-slow-decode,1.0,0.16,fixed_compute_margin_25pct,False,False,False,False,0.08506387495435774
a100-s7-slow-decode,1.0,0.16,fixed_sla_margin_10pct,False,False,False,False,0.07659604103537276
a100-s7-slow-decode,1.0,0.16,load_stress_10pct,False,False,False,False,0.056673542014323175
a100-s7-slow-decode,1.0,0.16,load_stress_20pct,False,False,False,False,0.07337075000395998
a100-s7-slow-decode,1.0,0.16,capacity_derating_10pct,False,False,False,False,1.500011421740055e-06
a100-s7-slow-decode,1.0,0.16,capacity_derating_20pct,False,False,False,False,1.0420335456728935e-06
a100-s7-slow-decode,1.0,0.16,finite_four_scenarios,False,False,False,False,0.2646528329933062
a100-s7-slow-decode,1.0,0.32,unmodified,False,False,False,False,0.06625320803141221
a100-s7-slow-decode,1.0,0.32,fixed_compute_margin_10pct,False,False,False,False,0.0680449579958804
a100-s7-slow-decode,1.0,0.32,fixed_compute_margin_25pct,False,False,False,False,0.07099175004987046
a100-s7-slow-decode,1.0,0.32,fixed_sla_margin_10pct,False,False,False,False,0.06463058403460309
a100-s7-slow-decode,1.0,0.32,load_stress_10pct,False,False,False,False,0.06744449998950586
a100-s7-slow-decode,1.0,0.32,load_stress_20pct,False,False,False,False,0.07182204100536183
a100-s7-slow-decode,1.0,0.32,capacity_derating_10pct,False,False,False,False,1.6249832697212696e-06
a100-s7-slow-decode,1.0,0.32,capacity_derating_20pct,False,False,False,False,8.330098353326321e-07
a100-s7-slow-decode,1.0,0.32,finite_four_scenarios,False,False,False,False,0.27869533299235627
a100-s7-slow-decode,1.0,0.64,unmodified,False,False,False,False,0.08674800000153482
a100-s7-slow-decode,1.0,0.64,fixed_compute_margin_10pct,False,False,False,False,0.09033187496243045
a100-s7-slow-decode,1.0,0.64,fixed_compute_margin_25pct,False,False,False,False,0.012555958004668355
a100-s7-slow-decode,1.0,0.64,fixed_sla_margin_10pct,False,False,False,False,0.08884437498636544
a100-s7-slow-decode,1.0,0.64,load_stress_10pct,False,False,False,False,0.09278929198626429
a100-s7-slow-decode,1.0,0.64,load_stress_20pct,False,False,False,False,0.09499466698616743
a100-s7-slow-decode,1.0,0.64,capacity_derating_10pct,False,False,False,False,9.170034900307655e-07
a100-s7-slow-decode,1.0,0.64,capacity_derating_20pct,False,False,False,False,8.749775588512421e-07
a100-s7-slow-decode,1.0,0.64,finite_four_scenarios,False,False,False,False,0.21064275002572685
a100-s7-slow-decode,1.0,1.28,unmodified,False,False,False,False,0.1024755829712376
a100-s7-slow-decode,1.0,1.28,fixed_compute_margin_10pct,False,False,False,False,0.1069025409524329
a100-s7-slow-decode,1.0,1.28,fixed_compute_margin_25pct,False,False,False,False,0.01066170900594443
a100-s7-slow-decode,1.0,1.28,fixed_sla_margin_10pct,False,False,False,False,0.022152666002511978
a100-s7-slow-decode,1.0,1.28,load_stress_10pct,False,False,False,False,0.10391275002621114
a100-s7-slow-decode,1.0,1.28,load_stress_20pct,False,False,False,False,0.10745424998458475
a100-s7-slow-decode,1.0,1.28,capacity_derating_10pct,False,False,False,False,1.0420335456728935e-06
a100-s7-slow-decode,1.0,1.28,capacity_derating_20pct,False,False,False,False,5.00003807246685e-07
a100-s7-slow-decode,1.0,1.28,finite_four_scenarios,False,False,False,False,0.13989591703284532
a100-s7-slow-decode,0.9,0.006,unmodified,True,True,False,True,0.028261333995033056
a100-s7-slow-decode,0.9,0.006,fixed_compute_margin_10pct,True,True,False,True,0.02772879198892042
a100-s7-slow-decode,0.9,0.006,fixed_compute_margin_25pct,True,True,False,True,0.027700666978489608
a100-s7-slow-decode,0.9,0.006,fixed_sla_margin_10pct,True,True,False,True,0.027264582982752472
a100-s7-slow-decode,0.9,0.006,load_stress_10pct,True,True,False,True,0.026549666945356876
a100-s7-slow-decode,0.9,0.006,load_stress_20pct,True,True,False,True,0.027422041981481016
a100-s7-slow-decode,0.9,0.006,capacity_derating_10pct,True,True,False,True,1.00000761449337e-06
a100-s7-slow-decode,0.9,0.006,capacity_derating_20pct,True,True,False,True,6.67001586407423e-07
a100-s7-slow-decode,0.9,0.006,finite_four_scenarios,True,True,False,True,0.1098125419812277
a100-s7-slow-decode,0.9,0.01,unmodified,True,True,False,True,0.027256084023974836
a100-s7-slow-decode,0.9,0.01,fixed_compute_margin_10pct,True,True,False,True,0.02699512499384582
a100-s7-slow-decode,0.9,0.01,fixed_compute_margin_25pct,True,True,False,True,0.02785458299331367
a100-s7-slow-decode,0.9,0.01,fixed_sla_margin_10pct,True,True,False,True,0.027535625034943223
a100-s7-slow-decode,0.9,0.01,load_stress_10pct,True,True,False,True,0.04355483397375792
a100-s7-slow-decode,0.9,0.01,load_stress_20pct,True,True,False,True,0.05261604202678427
a100-s7-slow-decode,0.9,0.01,capacity_derating_10pct,True,True,False,True,1.3329554349184036e-06
a100-s7-slow-decode,0.9,0.01,capacity_derating_20pct,True,True,False,True,8.33999365568161e-07
a100-s7-slow-decode,0.9,0.01,finite_four_scenarios,True,True,False,True,0.1860563749796711
a100-s7-slow-decode,0.9,0.0131,unmodified,True,True,False,True,0.028346500010229647
a100-s7-slow-decode,0.9,0.0131,fixed_compute_margin_10pct,True,True,False,True,0.02921145799336955
a100-s7-slow-decode,0.9,0.0131,fixed_compute_margin_25pct,False,True,False,False,0.029716040997300297
a100-s7-slow-decode,0.9,0.0131,fixed_sla_margin_10pct,True,True,False,True,0.034042416024021804
a100-s7-slow-decode,0.9,0.0131,load_stress_10pct,True,True,False,True,0.036957459000404924
a100-s7-slow-decode,0.9,0.0131,load_stress_20pct,False,True,False,False,0.03912345797289163
a100-s7-slow-decode,0.9,0.0131,capacity_derating_10pct,False,True,False,False,1.00000761449337e-06
a100-s7-slow-decode,0.9,0.0131,capacity_derating_20pct,False,True,False,False,6.25033862888813e-07
a100-s7-slow-decode,0.9,0.0131,finite_four_scenarios,False,True,False,False,0.11574154201662168
a100-s7-slow-decode,0.9,0.01315,unmodified,True,True,False,True,0.03220633399905637
a100-s7-slow-decode,0.9,0.01315,fixed_compute_margin_10pct,True,True,False,True,0.037294458015821874
a100-s7-slow-decode,0.9,0.01315,fixed_compute_margin_25pct,False,True,False,False,0.02889816602692008
a100-s7-slow-decode,0.9,0.01315,fixed_sla_margin_10pct,True,True,False,True,0.03806933300802484
a100-s7-slow-decode,0.9,0.01315,load_stress_10pct,False,True,False,False,0.036268208001274616
a100-s7-slow-decode,0.9,0.01315,load_stress_20pct,False,True,False,False,0.02640279202023521
a100-s7-slow-decode,0.9,0.01315,capacity_derating_10pct,False,True,False,False,9.589712135493755e-07
a100-s7-slow-decode,0.9,0.01315,capacity_derating_20pct,False,True,False,False,5.830079317092896e-07
a100-s7-slow-decode,0.9,0.01315,finite_four_scenarios,False,True,False,False,0.1245082919485867
a100-s7-slow-decode,0.9,0.013175,unmodified,True,True,False,True,0.027474959031678736
a100-s7-slow-decode,0.9,0.013175,fixed_compute_margin_10pct,True,True,False,True,0.028094332956243306
a100-s7-slow-decode,0.9,0.013175,fixed_compute_margin_25pct,False,True,False,False,0.02643824997358024
a100-s7-slow-decode,0.9,0.013175,fixed_sla_margin_10pct,True,True,False,True,0.027344042027834803
a100-s7-slow-decode,0.9,0.013175,load_stress_10pct,False,True,False,False,0.02689095796085894
a100-s7-slow-decode,0.9,0.013175,load_stress_20pct,False,True,False,False,0.02586954098660499
a100-s7-slow-decode,0.9,0.013175,capacity_derating_10pct,False,True,False,False,9.159557521343231e-07
a100-s7-slow-decode,0.9,0.013175,capacity_derating_20pct,False,True,False,False,7.92031642049551e-07
a100-s7-slow-decode,0.9,0.013175,finite_four_scenarios,False,True,False,False,0.11237529100617394
a100-s7-slow-decode,0.9,0.0132,unmodified,True,True,False,True,0.027053457975853235
a100-s7-slow-decode,0.9,0.0132,fixed_compute_margin_10pct,True,True,False,True,0.02714750001905486
a100-s7-slow-decode,0.9,0.0132,fixed_compute_margin_25pct,False,True,False,False,0.024717874999623746
a100-s7-slow-decode,0.9,0.0132,fixed_sla_margin_10pct,True,True,False,True,0.023190040956251323
a100-s7-slow-decode,0.9,0.0132,load_stress_10pct,False,True,False,False,0.022583916957955807
a100-s7-slow-decode,0.9,0.0132,load_stress_20pct,False,True,False,False,0.024019083997700363
a100-s7-slow-decode,0.9,0.0132,capacity_derating_10pct,False,True,False,False,9.160139597952366e-07
a100-s7-slow-decode,0.9,0.0132,capacity_derating_20pct,False,True,False,False,4.1601015254855156e-07
a100-s7-slow-decode,0.9,0.0132,finite_four_scenarios,False,True,False,False,0.09776383405551314
a100-s7-slow-decode,0.9,0.01365,unmodified,True,False,True,False,0.02374404203146696
a100-s7-slow-decode,0.9,0.01365,fixed_compute_margin_10pct,False,False,False,False,0.023429749999195337
a100-s7-slow-decode,0.9,0.01365,fixed_compute_margin_25pct,False,False,False,False,0.02371283300453797
a100-s7-slow-decode,0.9,0.01365,fixed_sla_margin_10pct,True,False,True,False,0.026018750038929284
a100-s7-slow-decode,0.9,0.01365,load_stress_10pct,False,False,False,False,0.024894666043110192
a100-s7-slow-decode,0.9,0.01365,load_stress_20pct,False,False,False,False,0.026509625022299588
a100-s7-slow-decode,0.9,0.01365,capacity_derating_10pct,False,False,False,False,8.749775588512421e-07
a100-s7-slow-decode,0.9,0.01365,capacity_derating_20pct,False,False,False,False,6.67001586407423e-07
a100-s7-slow-decode,0.9,0.01365,finite_four_scenarios,False,False,False,False,0.10393166600260884
a100-s7-slow-decode,0.9,0.0141,unmodified,True,False,True,False,0.027837666973937303
a100-s7-slow-decode,0.9,0.0141,fixed_compute_margin_10pct,False,False,False,False,0.02487808302976191
a100-s7-slow-decode,0.9,0.0141,fixed_compute_margin_25pct,False,False,False,False,0.025907541974447668
a100-s7-slow-decode,0.9,0.0141,fixed_sla_margin_10pct,True,False,True,False,0.027002250018995255
a100-s7-slow-decode,0.9,0.0141,load_stress_10pct,False,False,False,False,0.02278091700281948
a100-s7-slow-decode,0.9,0.0141,load_stress_20pct,False,False,False,False,0.02666733303340152
a100-s7-slow-decode,0.9,0.0141,capacity_derating_10pct,False,False,False,False,1.2090313248336315e-06
a100-s7-slow-decode,0.9,0.0141,capacity_derating_20pct,False,False,False,False,5.00003807246685e-07
a100-s7-slow-decode,0.9,0.0141,finite_four_scenarios,False,False,False,False,0.10636366700055078
a100-s7-slow-decode,0.9,0.015,unmodified,False,False,False,False,0.025147249980363995
a100-s7-slow-decode,0.9,0.015,fixed_compute_margin_10pct,False,False,False,False,0.02459466696018353
a100-s7-slow-decode,0.9,0.015,fixed_compute_margin_25pct,False,False,False,False,0.026705541997216642
a100-s7-slow-decode,0.9,0.015,fixed_sla_margin_10pct,False,False,False,False,0.026040333963464946
a100-s7-slow-decode,0.9,0.015,load_stress_10pct,False,False,False,False,0.026528958056587726
a100-s7-slow-decode,0.9,0.015,load_stress_20pct,False,False,False,False,0.023521540977526456
a100-s7-slow-decode,0.9,0.015,capacity_derating_10pct,False,False,False,False,8.749775588512421e-07
a100-s7-slow-decode,0.9,0.015,capacity_derating_20pct,False,False,False,False,7.080379873514175e-07
a100-s7-slow-decode,0.9,0.015,finite_four_scenarios,False,False,False,False,0.09479287499561906
a100-s7-slow-decode,0.9,0.02,unmodified,False,False,False,False,0.025894999969750643
a100-s7-slow-decode,0.9,0.02,fixed_compute_margin_10pct,False,False,False,False,0.027444457984529436
a100-s7-slow-decode,0.9,0.02,fixed_compute_margin_25pct,False,False,False,False,0.025191667024046183
a100-s7-slow-decode,0.9,0.02,fixed_sla_margin_10pct,False,False,False,False,0.02699258300708607
a100-s7-slow-decode,0.9,0.02,load_stress_10pct,False,False,False,False,0.02814391697756946
a100-s7-slow-decode,0.9,0.02,load_stress_20pct,False,False,False,False,0.025861958973109722
a100-s7-slow-decode,0.9,0.02,capacity_derating_10pct,False,False,False,False,1.541979145258665e-06
a100-s7-slow-decode,0.9,0.02,capacity_derating_20pct,False,False,False,False,5.830079317092896e-07
a100-s7-slow-decode,0.9,0.02,finite_four_scenarios,False,False,False,False,0.09858462499687448
a100-s7-slow-decode,0.9,0.025,unmodified,False,False,False,False,0.024165333015844226
a100-s7-slow-decode,0.9,0.025,fixed_compute_margin_10pct,False,False,False,False,0.02296345797367394
a100-s7-slow-decode,0.9,0.025,fixed_compute_margin_25pct,False,False,False,False,0.027522499964106828
a100-s7-slow-decode,0.9,0.025,fixed_sla_margin_10pct,False,False,False,False,0.02552870800718665
a100-s7-slow-decode,0.9,0.025,load_stress_10pct,False,False,False,False,0.024885417020414025
a100-s7-slow-decode,0.9,0.025,load_stress_20pct,False,False,False,False,0.02645079098874703
a100-s7-slow-decode,0.9,0.025,capacity_derating_10pct,False,False,False,False,8.330098353326321e-07
a100-s7-slow-decode,0.9,0.025,capacity_derating_20pct,False,False,False,False,7.909839041531086e-07
a100-s7-slow-decode,0.9,0.025,finite_four_scenarios,False,False,False,False,0.09851466701366007
a100-s7-slow-decode,0.9,0.04,unmodified,False,False,False,False,0.02796337497420609
a100-s7-slow-decode,0.9,0.04,fixed_compute_margin_10pct,False,False,False,False,0.02857870899606496
a100-s7-slow-decode,0.9,0.04,fixed_compute_margin_25pct,False,False,False,False,0.029715292039327323
a100-s7-slow-decode,0.9,0.04,fixed_sla_margin_10pct,False,False,False,False,0.022900915995705873
a100-s7-slow-decode,0.9,0.04,load_stress_10pct,False,False,False,False,0.02557495899964124
a100-s7-slow-decode,0.9,0.04,load_stress_20pct,False,False,False,False,0.029890624980907887
a100-s7-slow-decode,0.9,0.04,capacity_derating_10pct,False,False,False,False,9.579816833138466e-07
a100-s7-slow-decode,0.9,0.04,capacity_derating_20pct,False,False,False,False,6.659538485109806e-07
a100-s7-slow-decode,0.9,0.04,finite_four_scenarios,False,False,False,False,0.11439579201396555
a100-s7-slow-decode,0.9,0.08,unmodified,False,False,False,False,0.03724512498592958
a100-s7-slow-decode,0.9,0.08,fixed_compute_margin_10pct,False,False,False,False,0.03793641703668982
a100-s7-slow-decode,0.9,0.08,fixed_compute_margin_25pct,False,False,False,False,0.03928987501421943
a100-s7-slow-decode,0.9,0.08,fixed_sla_margin_10pct,False,False,False,False,0.038146624981891364
a100-s7-slow-decode,0.9,0.08,load_stress_10pct,False,False,False,False,0.0384074590401724
a100-s7-slow-decode,0.9,0.08,load_stress_20pct,False,False,False,False,0.040449458989314735
a100-s7-slow-decode,0.9,0.08,capacity_derating_10pct,False,False,False,False,1.0840012691915035e-06
a100-s7-slow-decode,0.9,0.08,capacity_derating_20pct,False,False,False,False,4.169996827840805e-07
a100-s7-slow-decode,0.9,0.08,finite_four_scenarios,False,False,False,False,0.1532606670516543
a100-s7-slow-decode,0.9,0.16,unmodified,False,False,False,False,0.0501308329985477
a100-s7-slow-decode,0.9,0.16,fixed_compute_margin_10pct,False,False,False,False,0.10995479201665148
a100-s7-slow-decode,0.9,0.16,fixed_compute_margin_25pct,False,False,False,False,0.054105125018395483
a100-s7-slow-decode,0.9,0.16,fixed_sla_margin_10pct,False,False,False,False,0.048358250001911074
a100-s7-slow-decode,0.9,0.16,load_stress_10pct,False,False,False,False,0.05061050003860146
a100-s7-slow-decode,0.9,0.16,load_stress_20pct,False,False,False,False,0.05365683394484222
a100-s7-slow-decode,0.9,0.16,capacity_derating_10pct,False,False,False,False,1.125037670135498e-06
a100-s7-slow-decode,0.9,0.16,capacity_derating_20pct,False,False,False,False,7.079797796905041e-07
a100-s7-slow-decode,0.9,0.16,finite_four_scenarios,False,False,False,False,0.20084095903439447
a100-s7-slow-decode,0.9,0.32,unmodified,False,False,False,False,0.06370208400767297
a100-s7-slow-decode,0.9,0.32,fixed_compute_margin_10pct,False,False,False,False,0.06714037497295067
a100-s7-slow-decode,0.9,0.32,fixed_compute_margin_25pct,False,False,False,False,0.07497662503737956
a100-s7-slow-decode,0.9,0.32,fixed_sla_margin_10pct,False,False,False,False,0.078876500017941
a100-s7-slow-decode,0.9,0.32,load_stress_10pct,False,False,False,False,0.11060025001643226
a100-s7-slow-decode,0.9,0.32,load_stress_20pct,False,False,False,False,0.12096983299124986
a100-s7-slow-decode,0.9,0.32,capacity_derating_10pct,False,False,False,False,1.208973117172718e-06
a100-s7-slow-decode,0.9,0.32,capacity_derating_20pct,False,False,False,False,7.500057108700275e-07
a100-s7-slow-decode,0.9,0.32,finite_four_scenarios,False,False,False,False,0.33462741697439924
a100-s7-slow-decode,0.9,0.64,unmodified,False,False,False,False,0.125634457974229
a100-s7-slow-decode,0.9,0.64,fixed_compute_margin_10pct,False,False,False,False,0.09836566698504612
a100-s7-slow-decode,0.9,0.64,fixed_compute_margin_25pct,False,False,False,False,0.1377014999743551
a100-s7-slow-decode,0.9,0.64,fixed_sla_margin_10pct,False,False,False,False,0.0943642079946585
a100-s7-slow-decode,0.9,0.64,load_stress_10pct,False,False,False,False,0.08776020799996331
a100-s7-slow-decode,0.9,0.64,load_stress_20pct,False,False,False,False,0.08930283400695771
a100-s7-slow-decode,0.9,0.64,capacity_derating_10pct,False,False,False,False,1.1249794624745846e-06
a100-s7-slow-decode,0.9,0.64,capacity_derating_20pct,False,False,False,False,2.9103830456733704e-07
a100-s7-slow-decode,0.9,0.64,finite_four_scenarios,False,False,False,False,0.3503835420124233
a100-s7-slow-decode,0.9,1.28,unmodified,False,False,False,False,0.09925366699462757
a100-s7-slow-decode,0.9,1.28,fixed_compute_margin_10pct,False,False,False,False,0.10224079102044925
a100-s7-slow-decode,0.9,1.28,fixed_compute_margin_25pct,False,False,False,False,0.10281700000632554
a100-s7-slow-decode,0.9,1.28,fixed_sla_margin_10pct,False,False,False,False,0.09750958398217335
a100-s7-slow-decode,0.9,1.28,load_stress_10pct,False,False,False,False,0.09881191700696945
a100-s7-slow-decode,0.9,1.28,load_stress_20pct,False,False,False,False,0.11214079201454297
a100-s7-slow-decode,0.9,1.28,capacity_derating_10pct,False,False,False,False,8.750357665121555e-07
a100-s7-slow-decode,0.9,1.28,capacity_derating_20pct,False,False,False,False,6.67001586407423e-07
a100-s7-slow-decode,0.9,1.28,finite_four_scenarios,False,False,False,False,0.40769108303356916
a100-s7-slow-prefill,1.0,0.006,unmodified,True,True,False,True,0.027696916018612683
a100-s7-slow-prefill,1.0,0.006,fixed_compute_margin_10pct,True,True,False,True,0.02760704100364819
a100-s7-slow-prefill,1.0,0.006,fixed_compute_margin_25pct,True,True,False,True,0.0273407920030877
a100-s7-slow-prefill,1.0,0.006,fixed_sla_margin_10pct,True,True,False,True,0.02694154198979959
a100-s7-slow-prefill,1.0,0.006,load_stress_10pct,True,True,False,True,0.024786374997347593
a100-s7-slow-prefill,1.0,0.006,load_stress_20pct,True,True,False,True,0.0253482079715468
a100-s7-slow-prefill,1.0,0.006,capacity_derating_10pct,True,True,False,True,1.00000761449337e-06
a100-s7-slow-prefill,1.0,0.006,capacity_derating_20pct,True,True,False,True,5.00003807246685e-07
a100-s7-slow-prefill,1.0,0.006,finite_four_scenarios,True,True,False,True,0.09942812501685694
a100-s7-slow-prefill,1.0,0.01,unmodified,True,True,False,True,0.02862204099074006
a100-s7-slow-prefill,1.0,0.01,fixed_compute_margin_10pct,True,True,False,True,0.025193125009536743
a100-s7-slow-prefill,1.0,0.01,fixed_compute_margin_25pct,True,True,False,True,0.024253542011138052
a100-s7-slow-prefill,1.0,0.01,fixed_sla_margin_10pct,True,True,False,True,0.02449954202165827
a100-s7-slow-prefill,1.0,0.01,load_stress_10pct,True,True,False,True,0.02362462499877438
a100-s7-slow-prefill,1.0,0.01,load_stress_20pct,True,True,False,True,0.02461645897710696
a100-s7-slow-prefill,1.0,0.01,capacity_derating_10pct,True,True,False,True,1.0420335456728935e-06
a100-s7-slow-prefill,1.0,0.01,capacity_derating_20pct,True,True,False,True,8.749775588512421e-07
a100-s7-slow-prefill,1.0,0.01,finite_four_scenarios,True,True,False,True,0.1080058750230819
a100-s7-slow-prefill,1.0,0.0131,unmodified,True,True,False,True,0.028591500013135374
a100-s7-slow-prefill,1.0,0.0131,fixed_compute_margin_10pct,True,True,False,True,0.02817145799053833
a100-s7-slow-prefill,1.0,0.0131,fixed_compute_margin_25pct,False,True,False,False,0.02511645801132545
a100-s7-slow-prefill,1.0,0.0131,fixed_sla_margin_10pct,True,True,False,True,0.025092209049034864
a100-s7-slow-prefill,1.0,0.0131,load_stress_10pct,True,True,False,True,0.028534332988783717
a100-s7-slow-prefill,1.0,0.0131,load_stress_20pct,True,True,False,True,0.029693624994251877
a100-s7-slow-prefill,1.0,0.0131,capacity_derating_10pct,True,True,False,True,9.5803989097476e-07
a100-s7-slow-prefill,1.0,0.0131,capacity_derating_20pct,True,True,False,True,8.330098353326321e-07
a100-s7-slow-prefill,1.0,0.0131,finite_four_scenarios,False,True,False,False,0.12054670799989253
a100-s7-slow-prefill,1.0,0.0132,unmodified,True,True,False,True,0.026703833020292222
a100-s7-slow-prefill,1.0,0.0132,fixed_compute_margin_10pct,True,True,False,True,0.025041958026122302
a100-s7-slow-prefill,1.0,0.0132,fixed_compute_margin_25pct,False,True,False,False,0.025511834013741463
a100-s7-slow-prefill,1.0,0.0132,fixed_sla_margin_10pct,True,True,False,True,0.027533084037713706
a100-s7-slow-prefill,1.0,0.0132,load_stress_10pct,True,True,False,True,0.02880095795262605
a100-s7-slow-prefill,1.0,0.0132,load_stress_20pct,True,True,False,True,0.030180000001564622
a100-s7-slow-prefill,1.0,0.0132,capacity_derating_10pct,True,True,False,True,1.00000761449337e-06
a100-s7-slow-prefill,1.0,0.0132,capacity_derating_20pct,True,True,False,True,8.330098353326321e-07
a100-s7-slow-prefill,1.0,0.0132,finite_four_scenarios,False,True,False,False,0.11038816696964204
a100-s7-slow-prefill,1.0,0.01365,unmodified,True,False,True,False,0.02839820901863277
a100-s7-slow-prefill,1.0,0.01365,fixed_compute_margin_10pct,True,False,True,False,0.031119999999646097
a100-s7-slow-prefill,1.0,0.01365,fixed_compute_margin_25pct,False,False,False,False,0.031752875016536564
a100-s7-slow-prefill,1.0,0.01365,fixed_sla_margin_10pct,True,False,True,False,0.035112999961711466
a100-s7-slow-prefill,1.0,0.01365,load_stress_10pct,True,False,True,False,0.04316791699966416
a100-s7-slow-prefill,1.0,0.01365,load_stress_20pct,True,False,True,False,0.05422212497796863
a100-s7-slow-prefill,1.0,0.01365,capacity_derating_10pct,True,False,True,False,1.5840050764381886e-06
a100-s7-slow-prefill,1.0,0.01365,capacity_derating_20pct,True,False,True,False,7.92031642049551e-07
a100-s7-slow-prefill,1.0,0.01365,finite_four_scenarios,False,False,False,False,0.1217773329699412
a100-s7-slow-prefill,1.0,0.0141,unmodified,True,False,True,False,0.04887008300283924
a100-s7-slow-prefill,1.0,0.0141,fixed_compute_margin_10pct,True,False,True,False,0.04497604095377028
a100-s7-slow-prefill,1.0,0.0141,fixed_compute_margin_25pct,False,False,False,False,0.044042458990588784
a100-s7-slow-prefill,1.0,0.0141,fixed_sla_margin_10pct,True,False,True,False,0.029190541012212634
a100-s7-slow-prefill,1.0,0.0141,load_stress_10pct,True,False,True,False,0.030026833002921194
a100-s7-slow-prefill,1.0,0.0141,load_stress_20pct,True,False,True,False,0.03277299995534122
a100-s7-slow-prefill,1.0,0.0141,capacity_derating_10pct,True,False,True,False,1.1669471859931946e-06
a100-s7-slow-prefill,1.0,0.0141,capacity_derating_20pct,True,False,True,False,6.249756552278996e-07
a100-s7-slow-prefill,1.0,0.0141,finite_four_scenarios,False,False,False,False,0.11525133304530755
a100-s7-slow-prefill,1.0,0.015,unmodified,True,False,True,False,0.029023332986980677
a100-s7-slow-prefill,1.0,0.015,fixed_compute_margin_10pct,True,False,True,False,0.030093416979070753
a100-s7-slow-prefill,1.0,0.015,fixed_compute_margin_25pct,False,False,False,False,0.02895416598767042
a100-s7-slow-prefill,1.0,0.015,fixed_sla_margin_10pct,True,False,True,False,0.029000707960221916
a100-s7-slow-prefill,1.0,0.015,load_stress_10pct,True,False,True,False,0.029273958003614098
a100-s7-slow-prefill,1.0,0.015,load_stress_20pct,True,False,True,False,0.0312377079972066
a100-s7-slow-prefill,1.0,0.015,capacity_derating_10pct,True,False,True,False,1.00000761449337e-06
a100-s7-slow-prefill,1.0,0.015,capacity_derating_20pct,True,False,True,False,7.090275175869465e-07
a100-s7-slow-prefill,1.0,0.015,finite_four_scenarios,False,False,False,False,0.11535674997139722
a100-s7-slow-prefill,1.0,0.02,unmodified,True,False,True,False,0.03017612500116229
a100-s7-slow-prefill,1.0,0.02,fixed_compute_margin_10pct,True,False,True,False,0.030815540987532586
a100-s7-slow-prefill,1.0,0.02,fixed_compute_margin_25pct,False,False,False,False,0.029985749977640808
a100-s7-slow-prefill,1.0,0.02,fixed_sla_margin_10pct,True,False,True,False,0.030193917045835406
a100-s7-slow-prefill,1.0,0.02,load_stress_10pct,True,False,True,False,0.028993832995183766
a100-s7-slow-prefill,1.0,0.02,load_stress_20pct,True,False,True,False,0.03187875001458451
a100-s7-slow-prefill,1.0,0.02,capacity_derating_10pct,True,False,True,False,1.1249794624745846e-06
a100-s7-slow-prefill,1.0,0.02,capacity_derating_20pct,True,False,True,False,5.41971530765295e-07
a100-s7-slow-prefill,1.0,0.02,finite_four_scenarios,False,False,False,False,0.12204591697081923
a100-s7-slow-prefill,1.0,0.025,unmodified,True,False,True,False,0.03289758297614753
a100-s7-slow-prefill,1.0,0.025,fixed_compute_margin_10pct,True,False,True,False,0.033097082981839776
a100-s7-slow-prefill,1.0,0.025,fixed_compute_margin_25pct,False,False,False,False,0.032050957961473614
a100-s7-slow-prefill,1.0,0.025,fixed_sla_margin_10pct,True,False,True,False,0.031206583022139966
a100-s7-slow-prefill,1.0,0.025,load_stress_10pct,True,False,True,False,0.03334954101592302
a100-s7-slow-prefill,1.0,0.025,load_stress_20pct,True,False,True,False,0.03505120798945427
a100-s7-slow-prefill,1.0,0.025,capacity_derating_10pct,True,False,True,False,1.0420335456728935e-06
a100-s7-slow-prefill,1.0,0.025,capacity_derating_20pct,True,False,True,False,6.660120561718941e-07
a100-s7-slow-prefill,1.0,0.025,finite_four_scenarios,False,False,False,False,0.13105537503724918
a100-s7-slow-prefill,1.0,0.04,unmodified,True,False,True,False,0.03720466699451208
a100-s7-slow-prefill,1.0,0.04,fixed_compute_margin_10pct,True,False,True,False,0.03829850000329316
a100-s7-slow-prefill,1.0,0.04,fixed_compute_margin_25pct,False,False,False,False,0.03354020800907165
a100-s7-slow-prefill,1.0,0.04,fixed_sla_margin_10pct,True,False,True,False,0.038078416022472084
a100-s7-slow-prefill,1.0,0.04,load_stress_10pct,True,False,True,False,0.038148250023368746
a100-s7-slow-prefill,1.0,0.04,load_stress_20pct,False,False,False,False,0.03249324997887015
a100-s7-slow-prefill,1.0,0.04,capacity_derating_10pct,False,False,False,False,1.166015863418579e-06
a100-s7-slow-prefill,1.0,0.04,capacity_derating_20pct,False,False,False,False,6.67001586407423e-07
a100-s7-slow-prefill,1.0,0.04,finite_four_scenarios,False,False,False,False,0.14090166700771078
a100-s7-slow-prefill,1.0,0.05,unmodified,False,False,False,False,0.0328439999721013
a100-s7-slow-prefill,1.0,0.05,fixed_compute_margin_10pct,False,False,False,False,0.034502541995607316
a100-s7-slow-prefill,1.0,0.05,fixed_compute_margin_25pct,False,False,False,False,0.03639820800162852
a100-s7-slow-prefill,1.0,0.05,fixed_sla_margin_10pct,False,False,False,False,0.03434791701147333
a100-s7-slow-prefill,1.0,0.05,load_stress_10pct,False,False,False,False,0.03408387501258403
a100-s7-slow-prefill,1.0,0.05,load_stress_20pct,False,False,False,False,0.03508045797934756
a100-s7-slow-prefill,1.0,0.05,capacity_derating_10pct,False,False,False,False,1.166015863418579e-06
a100-s7-slow-prefill,1.0,0.05,capacity_derating_20pct,False,False,False,False,7.500057108700275e-07
a100-s7-slow-prefill,1.0,0.05,finite_four_scenarios,False,False,False,False,0.1386315410491079
a100-s7-slow-prefill,1.0,0.06,unmodified,False,False,False,False,0.037256832991261035
a100-s7-slow-prefill,1.0,0.06,fixed_compute_margin_10pct,False,False,False,False,0.036104333004914224
a100-s7-slow-prefill,1.0,0.06,fixed_compute_margin_25pct,False,False,False,False,0.03853633301332593
a100-s7-slow-prefill,1.0,0.06,fixed_sla_margin_10pct,False,False,False,False,0.035901541996281594
a100-s7-slow-prefill,1.0,0.06,load_stress_10pct,False,False,False,False,0.035894916974939406
a100-s7-slow-prefill,1.0,0.06,load_stress_20pct,False,False,False,False,0.03816066699801013
a100-s7-slow-prefill,1.0,0.06,capacity_derating_10pct,False,False,False,False,1.0410440154373646e-06
a100-s7-slow-prefill,1.0,0.06,capacity_derating_20pct,False,False,False,False,6.67001586407423e-07
a100-s7-slow-prefill,1.0,0.06,finite_four_scenarios,False,False,False,False,0.19746466598007828
a100-s7-slow-prefill,1.0,0.08,unmodified,False,False,False,False,0.05060308403335512
a100-s7-slow-prefill,1.0,0.08,fixed_compute_margin_10pct,False,False,False,False,0.040418583957944065
a100-s7-slow-prefill,1.0,0.08,fixed_compute_margin_25pct,False,False,False,False,0.04089391598245129
a100-s7-slow-prefill,1.0,0.08,fixed_sla_margin_10pct,False,False,False,False,0.03810158302076161
a100-s7-slow-prefill,1.0,0.08,load_stress_10pct,False,False,False,False,0.040089125046506524
a100-s7-slow-prefill,1.0,0.08,load_stress_20pct,False,False,False,False,0.042874875012785196
a100-s7-slow-prefill,1.0,0.08,capacity_derating_10pct,False,False,False,False,9.170034900307655e-07
a100-s7-slow-prefill,1.0,0.08,capacity_derating_20pct,False,False,False,False,6.249756552278996e-07
a100-s7-slow-prefill,1.0,0.08,finite_four_scenarios,False,False,False,False,0.16148470801999792
a100-s7-slow-prefill,1.0,0.16,unmodified,False,False,False,False,0.049410499981604517
a100-s7-slow-prefill,1.0,0.16,fixed_compute_margin_10pct,False,False,False,False,0.053427667007781565
a100-s7-slow-prefill,1.0,0.16,fixed_compute_margin_25pct,False,False,False,False,0.054122791974805295
a100-s7-slow-prefill,1.0,0.16,fixed_sla_margin_10pct,False,False,False,False,0.05044766602804884
a100-s7-slow-prefill,1.0,0.16,load_stress_10pct,False,False,False,False,0.04651491699041799
a100-s7-slow-prefill,1.0,0.16,load_stress_20pct,False,False,False,False,0.05249433300923556
a100-s7-slow-prefill,1.0,0.16,capacity_derating_10pct,False,False,False,False,1.0420335456728935e-06
a100-s7-slow-prefill,1.0,0.16,capacity_derating_20pct,False,False,False,False,7.079797796905041e-07
a100-s7-slow-prefill,1.0,0.16,finite_four_scenarios,False,False,False,False,0.21275929204421118
a100-s7-slow-prefill,1.0,0.32,unmodified,False,False,False,False,0.0711128749535419
a100-s7-slow-prefill,1.0,0.32,fixed_compute_margin_10pct,False,False,False,False,0.08934000000590459
a100-s7-slow-prefill,1.0,0.32,fixed_compute_margin_25pct,False,False,False,False,0.07765504100825638
a100-s7-slow-prefill,1.0,0.32,fixed_sla_margin_10pct,False,False,False,False,0.07483299996238202
a100-s7-slow-prefill,1.0,0.32,load_stress_10pct,False,False,False,False,0.0939283330226317
a100-s7-slow-prefill,1.0,0.32,load_stress_20pct,False,False,False,False,0.0866033750353381
a100-s7-slow-prefill,1.0,0.32,capacity_derating_10pct,False,False,False,False,1.0830117389559746e-06
a100-s7-slow-prefill,1.0,0.32,capacity_derating_20pct,False,False,False,False,5.830079317092896e-07
a100-s7-slow-prefill,1.0,0.32,finite_four_scenarios,False,False,False,False,0.3228894159547053
a100-s7-slow-prefill,1.0,0.64,unmodified,False,False,False,False,0.08663291699485853
a100-s7-slow-prefill,1.0,0.64,fixed_compute_margin_10pct,False,False,False,False,0.09294683299958706
a100-s7-slow-prefill,1.0,0.64,fixed_compute_margin_25pct,False,False,False,False,0.09406304103322327
a100-s7-slow-prefill,1.0,0.64,fixed_sla_margin_10pct,False,False,False,False,0.08860329200979322
a100-s7-slow-prefill,1.0,0.64,load_stress_10pct,False,False,False,False,0.09231070795794949
a100-s7-slow-prefill,1.0,0.64,load_stress_20pct,False,False,False,False,0.09106587496353313
a100-s7-slow-prefill,1.0,0.64,capacity_derating_10pct,False,False,False,False,1.2919772416353226e-06
a100-s7-slow-prefill,1.0,0.64,capacity_derating_20pct,False,False,False,False,4.169996827840805e-07
a100-s7-slow-prefill,1.0,0.64,finite_four_scenarios,False,False,False,False,0.3061172919697128
a100-s7-slow-prefill,1.0,1.28,unmodified,False,False,False,False,0.08692112495191395
a100-s7-slow-prefill,1.0,1.28,fixed_compute_margin_10pct,False,False,False,False,0.10010316700208932
a100-s7-slow-prefill,1.0,1.28,fixed_compute_margin_25pct,False,False,False,False,0.011115250003058463
a100-s7-slow-prefill,1.0,1.28,fixed_sla_margin_10pct,False,False,False,False,0.1030864579952322
a100-s7-slow-prefill,1.0,1.28,load_stress_10pct,False,False,False,False,0.10535033303312957
a100-s7-slow-prefill,1.0,1.28,load_stress_20pct,False,False,False,False,0.10814220795873553
a100-s7-slow-prefill,1.0,1.28,capacity_derating_10pct,False,False,False,False,9.59029421210289e-07
a100-s7-slow-prefill,1.0,1.28,capacity_derating_20pct,False,False,False,False,6.249756552278996e-07
a100-s7-slow-prefill,1.0,1.28,finite_four_scenarios,False,False,False,False,0.2409958330099471
a100-s7-slow-prefill,0.9,0.006,unmodified,True,True,False,True,0.027857999957632273
a100-s7-slow-prefill,0.9,0.006,fixed_compute_margin_10pct,True,True,False,True,0.027699584024958313
a100-s7-slow-prefill,0.9,0.006,fixed_compute_margin_25pct,True,True,False,True,0.02864412503549829
a100-s7-slow-prefill,0.9,0.006,fixed_sla_margin_10pct,True,True,False,True,0.02841987495776266
a100-s7-slow-prefill,0.9,0.006,load_stress_10pct,True,True,False,True,0.02795274998061359
a100-s7-slow-prefill,0.9,0.006,load_stress_20pct,True,True,False,True,0.027648249990306795
a100-s7-slow-prefill,0.9,0.006,capacity_derating_10pct,True,True,False,True,9.999494068324566e-07
a100-s7-slow-prefill,0.9,0.006,capacity_derating_20pct,True,True,False,True,6.660120561718941e-07
a100-s7-slow-prefill,0.9,0.006,finite_four_scenarios,True,True,False,True,0.11181783297797665
a100-s7-slow-prefill,0.9,0.01,unmodified,True,True,False,True,0.02712420903844759
a100-s7-slow-prefill,0.9,0.01,fixed_compute_margin_10pct,True,True,False,True,0.027046667004469782
a100-s7-slow-prefill,0.9,0.01,fixed_compute_margin_25pct,True,True,False,True,0.028320959012489766
a100-s7-slow-prefill,0.9,0.01,fixed_sla_margin_10pct,True,True,False,True,0.02663754194509238
a100-s7-slow-prefill,0.9,0.01,load_stress_10pct,True,True,False,True,0.030956749978940934
a100-s7-slow-prefill,0.9,0.01,load_stress_20pct,True,True,False,True,0.03207658400060609
a100-s7-slow-prefill,0.9,0.01,capacity_derating_10pct,True,True,False,True,1.00000761449337e-06
a100-s7-slow-prefill,0.9,0.01,capacity_derating_20pct,True,True,False,True,7.500057108700275e-07
a100-s7-slow-prefill,0.9,0.01,finite_four_scenarios,True,True,False,True,0.1118942080065608
a100-s7-slow-prefill,0.9,0.0131,unmodified,True,True,False,True,0.027851375052705407
a100-s7-slow-prefill,0.9,0.0131,fixed_compute_margin_10pct,True,True,False,True,0.02839512500213459
a100-s7-slow-prefill,0.9,0.0131,fixed_compute_margin_25pct,True,True,False,True,0.029160457954276353
a100-s7-slow-prefill,0.9,0.0131,fixed_sla_margin_10pct,True,True,False,True,0.029010500002186745
a100-s7-slow-prefill,0.9,0.0131,load_stress_10pct,True,True,False,True,0.028467791038565338
a100-s7-slow-prefill,0.9,0.0131,load_stress_20pct,True,True,False,True,0.029906417010352015
a100-s7-slow-prefill,0.9,0.0131,capacity_derating_10pct,True,True,False,True,1.334003172814846e-06
a100-s7-slow-prefill,0.9,0.0131,capacity_derating_20pct,True,True,False,True,7.079797796905041e-07
a100-s7-slow-prefill,0.9,0.0131,finite_four_scenarios,True,True,False,True,0.1892344580264762
a100-s7-slow-prefill,0.9,0.0132,unmodified,True,True,False,True,0.04123529203934595
a100-s7-slow-prefill,0.9,0.0132,fixed_compute_margin_10pct,True,True,False,True,0.04869550000876188
a100-s7-slow-prefill,0.9,0.0132,fixed_compute_margin_25pct,True,True,False,True,0.049386665981728584
a100-s7-slow-prefill,0.9,0.0132,fixed_sla_margin_10pct,True,True,False,True,0.04987499996786937
a100-s7-slow-prefill,0.9,0.0132,load_stress_10pct,True,True,False,True,0.031132208998315036
a100-s7-slow-prefill,0.9,0.0132,load_stress_20pct,True,True,False,True,0.030685999954584986
a100-s7-slow-prefill,0.9,0.0132,capacity_derating_10pct,True,True,False,True,1.00000761449337e-06
a100-s7-slow-prefill,0.9,0.0132,capacity_derating_20pct,True,True,False,True,7.500057108700275e-07
a100-s7-slow-prefill,0.9,0.0132,finite_four_scenarios,True,True,False,True,0.1524312500259839
a100-s7-slow-prefill,0.9,0.01365,unmodified,True,False,True,False,0.025495167006738484
a100-s7-slow-prefill,0.9,0.01365,fixed_compute_margin_10pct,True,False,True,False,0.02756033302284777
a100-s7-slow-prefill,0.9,0.01365,fixed_compute_margin_25pct,True,False,True,False,0.030008917034137994
a100-s7-slow-prefill,0.9,0.01365,fixed_sla_margin_10pct,True,False,True,False,0.031063166970852762
a100-s7-slow-prefill,0.9,0.01365,load_stress_10pct,True,False,True,False,0.029916749976109713
a100-s7-slow-prefill,0.9,0.01365,load_stress_20pct,True,False,True,False,0.03704470896627754
a100-s7-slow-prefill,0.9,0.01365,capacity_derating_10pct,True,False,True,False,9.170034900307655e-07
a100-s7-slow-prefill,0.9,0.01365,capacity_derating_20pct,True,False,True,False,7.500057108700275e-07
a100-s7-slow-prefill,0.9,0.01365,finite_four_scenarios,True,False,True,False,0.11836704198503867
a100-s7-slow-prefill,0.9,0.0141,unmodified,True,False,True,False,0.027289833000395447
a100-s7-slow-prefill,0.9,0.0141,fixed_compute_margin_10pct,True,False,True,False,0.02816508401883766
a100-s7-slow-prefill,0.9,0.0141,fixed_compute_margin_25pct,True,False,True,False,0.027583957999013364
a100-s7-slow-prefill,0.9,0.0141,fixed_sla_margin_10pct,True,False,True,False,0.02669549995334819
a100-s7-slow-prefill,0.9,0.0141,load_stress_10pct,True,False,True,False,0.028676292044110596
a100-s7-slow-prefill,0.9,0.0141,load_stress_20pct,True,False,True,False,0.029366708011366427
a100-s7-slow-prefill,0.9,0.0141,capacity_derating_10pct,True,False,True,False,1.167005393654108e-06
a100-s7-slow-prefill,0.9,0.0141,capacity_derating_20pct,True,False,True,False,5.00003807246685e-07
a100-s7-slow-prefill,0.9,0.0141,finite_four_scenarios,True,False,True,False,0.11591508303536102
a100-s7-slow-prefill,0.9,0.015,unmodified,True,False,True,False,0.02663941599894315
a100-s7-slow-prefill,0.9,0.015,fixed_compute_margin_10pct,True,False,True,False,0.0276455829734914
a100-s7-slow-prefill,0.9,0.015,fixed_compute_margin_25pct,True,False,True,False,0.029730624984949827
a100-s7-slow-prefill,0.9,0.015,fixed_sla_margin_10pct,True,False,True,False,0.02789766702335328
a100-s7-slow-prefill,0.9,0.015,load_stress_10pct,True,False,True,False,0.028549041016958654
a100-s7-slow-prefill,0.9,0.015,load_stress_20pct,True,False,True,False,0.029527458013035357
a100-s7-slow-prefill,0.9,0.015,capacity_derating_10pct,True,False,True,False,9.589712135493755e-07
a100-s7-slow-prefill,0.9,0.015,capacity_derating_20pct,True,False,True,False,7.079797796905041e-07
a100-s7-slow-prefill,0.9,0.015,finite_four_scenarios,True,False,True,False,0.11598029203014448
a100-s7-slow-prefill,0.9,0.02,unmodified,True,False,True,False,0.025086834037210792
a100-s7-slow-prefill,0.9,0.02,fixed_compute_margin_10pct,True,False,True,False,0.025455541966948658
a100-s7-slow-prefill,0.9,0.02,fixed_compute_margin_25pct,True,False,True,False,0.026573458046186715
a100-s7-slow-prefill,0.9,0.02,fixed_sla_margin_10pct,True,False,True,False,0.025698375015053898
a100-s7-slow-prefill,0.9,0.02,load_stress_10pct,True,False,True,False,0.028887457970995456
a100-s7-slow-prefill,0.9,0.02,load_stress_20pct,True,False,True,False,0.03022200003033504
a100-s7-slow-prefill,0.9,0.02,capacity_derating_10pct,True,False,True,False,1.0830117389559746e-06
a100-s7-slow-prefill,0.9,0.02,capacity_derating_20pct,True,False,True,False,4.169996827840805e-07
a100-s7-slow-prefill,0.9,0.02,finite_four_scenarios,True,False,True,False,0.12075100000947714
a100-s7-slow-prefill,0.9,0.025,unmodified,True,False,True,False,0.03049854200799018
a100-s7-slow-prefill,0.9,0.025,fixed_compute_margin_10pct,True,False,True,False,0.028236958954948932
a100-s7-slow-prefill,0.9,0.025,fixed_compute_margin_25pct,True,False,True,False,0.028077583003323525
a100-s7-slow-prefill,0.9,0.025,fixed_sla_margin_10pct,True,False,True,False,0.025845375028438866
a100-s7-slow-prefill,0.9,0.025,load_stress_10pct,True,False,True,False,0.0275506250327453
a100-s7-slow-prefill,0.9,0.025,load_stress_20pct,True,False,True,False,0.027119875012431294
a100-s7-slow-prefill,0.9,0.025,capacity_derating_10pct,True,False,True,False,9.999494068324566e-07
a100-s7-slow-prefill,0.9,0.025,capacity_derating_20pct,True,False,True,False,5.830079317092896e-07
a100-s7-slow-prefill,0.9,0.025,finite_four_scenarios,True,False,True,False,0.11538162501528859
a100-s7-slow-prefill,0.9,0.04,unmodified,True,False,True,False,0.030205249960999936
a100-s7-slow-prefill,0.9,0.04,fixed_compute_margin_10pct,True,False,True,False,0.02831758401589468
a100-s7-slow-prefill,0.9,0.04,fixed_compute_margin_25pct,True,False,True,False,0.030462958035059273
a100-s7-slow-prefill,0.9,0.04,fixed_sla_margin_10pct,True,False,True,False,0.0320077920332551
a100-s7-slow-prefill,0.9,0.04,load_stress_10pct,True,False,True,False,0.033088958996813744
a100-s7-slow-prefill,0.9,0.04,load_stress_20pct,True,False,True,False,0.03465200000209734
a100-s7-slow-prefill,0.9,0.04,capacity_derating_10pct,True,False,True,False,1.458043698221445e-06
a100-s7-slow-prefill,0.9,0.04,capacity_derating_20pct,True,False,True,False,7.500057108700275e-07
a100-s7-slow-prefill,0.9,0.04,finite_four_scenarios,True,False,True,False,0.13538599997991696
a100-s7-slow-prefill,0.9,0.05,unmodified,True,False,True,False,0.030017165991012007
a100-s7-slow-prefill,0.9,0.05,fixed_compute_margin_10pct,True,False,True,False,0.033788500004448
a100-s7-slow-prefill,0.9,0.05,fixed_compute_margin_25pct,False,False,False,False,0.03327612503198907
a100-s7-slow-prefill,0.9,0.05,fixed_sla_margin_10pct,True,False,True,False,0.03195645799860358
a100-s7-slow-prefill,0.9,0.05,load_stress_10pct,False,False,False,False,0.02694054099265486
a100-s7-slow-prefill,0.9,0.05,load_stress_20pct,False,False,False,False,0.027624916983768344
a100-s7-slow-prefill,0.9,0.05,capacity_derating_10pct,False,False,False,False,1.0420335456728935e-06
a100-s7-slow-prefill,0.9,0.05,capacity_derating_20pct,False,False,False,False,5.409820005297661e-07
a100-s7-slow-prefill,0.9,0.05,finite_four_scenarios,False,False,False,False,0.1262927500065416
a100-s7-slow-prefill,0.9,0.06,unmodified,False,False,False,False,0.08041808399138972
a100-s7-slow-prefill,0.9,0.06,fixed_compute_margin_10pct,False,False,False,False,0.04268737498205155
a100-s7-slow-prefill,0.9,0.06,fixed_compute_margin_25pct,False,False,False,False,0.029998832964338362
a100-s7-slow-prefill,0.9,0.06,fixed_sla_margin_10pct,False,False,False,False,0.03056262497557327
a100-s7-slow-prefill,0.9,0.06,load_stress_10pct,False,False,False,False,0.03358470799867064
a100-s7-slow-prefill,0.9,0.06,load_stress_20pct,False,False,False,False,0.035977834020741284
a100-s7-slow-prefill,0.9,0.06,capacity_derating_10pct,False,False,False,False,1.00000761449337e-06
a100-s7-slow-prefill,0.9,0.06,capacity_derating_20pct,False,False,False,False,7.08969309926033e-07
a100-s7-slow-prefill,0.9,0.06,finite_four_scenarios,False,False,False,False,0.1206838340149261
a100-s7-slow-prefill,0.9,0.08,unmodified,False,False,False,False,0.03222283301874995
a100-s7-slow-prefill,0.9,0.08,fixed_compute_margin_10pct,False,False,False,False,0.03451708296779543
a100-s7-slow-prefill,0.9,0.08,fixed_compute_margin_25pct,False,False,False,False,0.040246291959192604
a100-s7-slow-prefill,0.9,0.08,fixed_sla_margin_10pct,False,False,False,False,0.037404042028356344
a100-s7-slow-prefill,0.9,0.08,load_stress_10pct,False,False,False,False,0.04144575004465878
a100-s7-slow-prefill,0.9,0.08,load_stress_20pct,False,False,False,False,0.039439374988432974
a100-s7-slow-prefill,0.9,0.08,capacity_derating_10pct,False,False,False,False,9.160139597952366e-07
a100-s7-slow-prefill,0.9,0.08,capacity_derating_20pct,False,False,False,False,6.67001586407423e-07
a100-s7-slow-prefill,0.9,0.08,finite_four_scenarios,False,False,False,False,0.14098849997390062
a100-s7-slow-prefill,0.9,0.16,unmodified,False,False,False,False,0.04709420900326222
a100-s7-slow-prefill,0.9,0.16,fixed_compute_margin_10pct,False,False,False,False,0.049972041975706816
a100-s7-slow-prefill,0.9,0.16,fixed_compute_margin_25pct,False,False,False,False,0.05414854100672528
a100-s7-slow-prefill,0.9,0.16,fixed_sla_margin_10pct,False,False,False,False,0.04883633303688839
a100-s7-slow-prefill,0.9,0.16,load_stress_10pct,False,False,False,False,0.05107045796466991
a100-s7-slow-prefill,0.9,0.16,load_stress_20pct,False,False,False,False,0.05375291599193588
a100-s7-slow-prefill,0.9,0.16,capacity_derating_10pct,False,False,False,False,9.589712135493755e-07
a100-s7-slow-prefill,0.9,0.16,capacity_derating_20pct,False,False,False,False,5.409820005297661e-07
a100-s7-slow-prefill,0.9,0.16,finite_four_scenarios,False,False,False,False,0.20668449997901917
a100-s7-slow-prefill,0.9,0.32,unmodified,False,False,False,False,0.06612924998626113
a100-s7-slow-prefill,0.9,0.32,fixed_compute_margin_10pct,False,False,False,False,0.06720816600136459
a100-s7-slow-prefill,0.9,0.32,fixed_compute_margin_25pct,False,False,False,False,0.08665991696761921
a100-s7-slow-prefill,0.9,0.32,fixed_sla_margin_10pct,False,False,False,False,0.10429570899577811
a100-s7-slow-prefill,0.9,0.32,load_stress_10pct,False,False,False,False,0.07933241600403562
a100-s7-slow-prefill,0.9,0.32,load_stress_20pct,False,False,False,False,0.11393424996640533
a100-s7-slow-prefill,0.9,0.32,capacity_derating_10pct,False,False,False,False,8.749775588512421e-07
a100-s7-slow-prefill,0.9,0.32,capacity_derating_20pct,False,False,False,False,7.500057108700275e-07
a100-s7-slow-prefill,0.9,0.32,finite_four_scenarios,False,False,False,False,0.319216916046571
a100-s7-slow-prefill,0.9,0.64,unmodified,False,False,False,False,0.13004720798926428
a100-s7-slow-prefill,0.9,0.64,fixed_compute_margin_10pct,False,False,False,False,0.09582616703119129
a100-s7-slow-prefill,0.9,0.64,fixed_compute_margin_25pct,False,False,False,False,0.09553712501656264
a100-s7-slow-prefill,0.9,0.64,fixed_sla_margin_10pct,False,False,False,False,0.08981479104841128
a100-s7-slow-prefill,0.9,0.64,load_stress_10pct,False,False,False,False,0.09087637503398582
a100-s7-slow-prefill,0.9,0.64,load_stress_20pct,False,False,False,False,0.0953962909989059
a100-s7-slow-prefill,0.9,0.64,capacity_derating_10pct,False,False,False,False,8.750357665121555e-07
a100-s7-slow-prefill,0.9,0.64,capacity_derating_20pct,False,False,False,False,7.080379873514175e-07
a100-s7-slow-prefill,0.9,0.64,finite_four_scenarios,False,False,False,False,0.36705316696316004
a100-s7-slow-prefill,0.9,1.28,unmodified,False,False,False,False,0.1054531250265427
a100-s7-slow-prefill,0.9,1.28,fixed_compute_margin_10pct,False,False,False,False,0.10967425000853837
a100-s7-slow-prefill,0.9,1.28,fixed_compute_margin_25pct,False,False,False,False,0.1098552499897778
a100-s7-slow-prefill,0.9,1.28,fixed_sla_margin_10pct,False,False,False,False,0.10694095899816602
a100-s7-slow-prefill,0.9,1.28,load_stress_10pct,False,False,False,False,0.10737154097296298
a100-s7-slow-prefill,0.9,1.28,load_stress_20pct,False,False,False,False,0.11066783400019631
a100-s7-slow-prefill,0.9,1.28,capacity_derating_10pct,False,False,False,False,8.749775588512421e-07
a100-s7-slow-prefill,0.9,1.28,capacity_derating_20pct,False,False,False,False,7.910421118140221e-07
a100-s7-slow-prefill,0.9,1.28,finite_four_scenarios,False,False,False,False,0.4692590410122648
a100-s7-slow-ttft,1.0,0.006,unmodified,True,True,False,True,0.024129875004291534
a100-s7-slow-ttft,1.0,0.006,fixed_compute_margin_10pct,True,True,False,True,0.023204167024232447
a100-s7-slow-ttft,1.0,0.006,fixed_compute_margin_25pct,False,True,False,False,0.008534417022019625
a100-s7-slow-ttft,1.0,0.006,fixed_sla_margin_10pct,False,True,False,False,0.018618332978803664
a100-s7-slow-ttft,1.0,0.006,load_stress_10pct,True,True,False,True,0.021059749997220933
a100-s7-slow-ttft,1.0,0.006,load_stress_20pct,True,True,False,True,0.024459666979964823
a100-s7-slow-ttft,1.0,0.006,capacity_derating_10pct,True,True,False,True,1.125037670135498e-06
a100-s7-slow-ttft,1.0,0.006,capacity_derating_20pct,True,True,False,True,5.00003807246685e-07
a100-s7-slow-ttft,1.0,0.006,finite_four_scenarios,False,True,False,False,0.06718729098793119
a100-s7-slow-ttft,1.0,0.01,unmodified,True,True,False,True,0.027926874987315387
a100-s7-slow-ttft,1.0,0.01,fixed_compute_margin_10pct,True,True,False,True,0.025968166009988636
a100-s7-slow-ttft,1.0,0.01,fixed_compute_margin_25pct,False,True,False,False,0.00936341704800725
a100-s7-slow-ttft,1.0,0.01,fixed_sla_margin_10pct,False,True,False,False,0.022061416995711625
a100-s7-slow-ttft,1.0,0.01,load_stress_10pct,True,True,False,True,0.02592595899477601
a100-s7-slow-ttft,1.0,0.01,load_stress_20pct,True,True,False,True,0.025129124987870455
a100-s7-slow-ttft,1.0,0.01,capacity_derating_10pct,True,True,False,True,1.1249794624745846e-06
a100-s7-slow-ttft,1.0,0.01,capacity_derating_20pct,True,True,False,True,7.499475032091141e-07
a100-s7-slow-ttft,1.0,0.01,finite_four_scenarios,False,True,False,False,0.06811120797647163
a100-s7-slow-ttft,1.0,0.0131,unmodified,True,True,False,True,0.02312650001840666
a100-s7-slow-ttft,1.0,0.0131,fixed_compute_margin_10pct,True,True,False,True,0.024083416035864502
a100-s7-slow-ttft,1.0,0.0131,fixed_compute_margin_25pct,False,True,False,False,0.008659916988108307
a100-s7-slow-ttft,1.0,0.0131,fixed_sla_margin_10pct,False,True,False,False,0.022221875027753413
a100-s7-slow-ttft,1.0,0.0131,load_stress_10pct,True,True,False,True,0.02703366696368903
a100-s7-slow-ttft,1.0,0.0131,load_stress_20pct,True,True,False,True,0.029987207963131368
a100-s7-slow-ttft,1.0,0.0131,capacity_derating_10pct,True,True,False,True,1.374981366097927e-06
a100-s7-slow-ttft,1.0,0.0131,capacity_derating_20pct,True,True,False,True,8.749775588512421e-07
a100-s7-slow-ttft,1.0,0.0131,finite_four_scenarios,False,True,False,False,0.08255887503037229
a100-s7-slow-ttft,1.0,0.0132,unmodified,True,True,False,True,0.029553833010140806
a100-s7-slow-ttft,1.0,0.0132,fixed_compute_margin_10pct,True,True,False,True,0.023370749957393855
a100-s7-slow-ttft,1.0,0.0132,fixed_compute_margin_25pct,False,True,False,False,0.008215041016228497
a100-s7-slow-ttft,1.0,0.0132,fixed_sla_margin_10pct,False,True,False,False,0.02295658300863579
a100-s7-slow-ttft,1.0,0.0132,load_stress_10pct,True,True,False,True,0.026645291014574468
a100-s7-slow-ttft,1.0,0.0132,load_stress_20pct,True,True,False,True,0.02832116698846221
a100-s7-slow-ttft,1.0,0.0132,capacity_derating_10pct,True,True,False,True,1.291045919060707e-06
a100-s7-slow-ttft,1.0,0.0132,capacity_derating_20pct,True,True,False,True,6.67001586407423e-07
a100-s7-slow-ttft,1.0,0.0132,finite_four_scenarios,False,True,False,False,0.07749362499453127
a100-s7-slow-ttft,1.0,0.015,unmodified,True,True,False,True,0.024607750005088747
a100-s7-slow-ttft,1.0,0.015,fixed_compute_margin_10pct,True,True,False,True,0.025709084002301097
a100-s7-slow-ttft,1.0,0.015,fixed_compute_margin_25pct,False,True,False,False,0.009066290978807956
a100-s7-slow-ttft,1.0,0.015,fixed_sla_margin_10pct,False,True,False,False,0.021411374968010932
a100-s7-slow-ttft,1.0,0.015,load_stress_10pct,True,True,False,True,0.025391125003807247
a100-s7-slow-ttft,1.0,0.015,load_stress_20pct,True,True,False,True,0.0306145420181565
a100-s7-slow-ttft,1.0,0.015,capacity_derating_10pct,True,True,False,True,1.334003172814846e-06
a100-s7-slow-ttft,1.0,0.015,capacity_derating_20pct,True,True,False,True,5.839974619448185e-07
a100-s7-slow-ttft,1.0,0.015,finite_four_scenarios,False,True,False,False,0.07758045801892877
a100-s7-slow-ttft,1.0,0.02,unmodified,True,True,False,True,0.02631275000749156
a100-s7-slow-ttft,1.0,0.02,fixed_compute_margin_10pct,True,True,False,True,0.027834000007715076
a100-s7-slow-ttft,1.0,0.02,fixed_compute_margin_25pct,False,True,False,False,0.008604540955275297
a100-s7-slow-ttft,1.0,0.02,fixed_sla_margin_10pct,False,True,False,False,0.02523991698399186
a100-s7-slow-ttft,1.0,0.02,load_stress_10pct,True,True,False,True,0.03162008401704952
a100-s7-slow-ttft,1.0,0.02,load_stress_20pct,True,True,False,True,0.033237333002034575
a100-s7-slow-ttft,1.0,0.02,capacity_derating_10pct,True,True,False,True,1.5829573385417461e-06
a100-s7-slow-ttft,1.0,0.02,capacity_derating_20pct,True,True,False,True,9.170034900307655e-07
a100-s7-slow-ttft,1.0,0.02,finite_four_scenarios,False,True,False,False,0.09033149998867884
a100-s7-slow-ttft,1.0,0.025,unmodified,True,True,False,True,0.037393500038888305
a100-s7-slow-ttft,1.0,0.025,fixed_compute_margin_10pct,True,True,False,True,0.04068429104518145
a100-s7-slow-ttft,1.0,0.025,fixed_compute_margin_25pct,False,True,False,False,0.012400333944242448
a100-s7-slow-ttft,1.0,0.025,fixed_sla_margin_10pct,False,True,False,False,0.03284479200374335
a100-s7-slow-ttft,1.0,0.025,load_stress_10pct,True,True,False,True,0.031353000027593225
a100-s7-slow-ttft,1.0,0.025,load_stress_20pct,True,True,False,True,0.034036750032100827
a100-s7-slow-ttft,1.0,0.025,capacity_derating_10pct,True,True,False,True,1.5840050764381886e-06
a100-s7-slow-ttft,1.0,0.025,capacity_derating_20pct,True,True,False,True,1.00000761449337e-06
a100-s7-slow-ttft,1.0,0.025,finite_four_scenarios,False,True,False,False,0.08933870797045529
a100-s7-slow-ttft,1.0,0.04,unmodified,True,True,False,True,0.03927974996622652
a100-s7-slow-ttft,1.0,0.04,fixed_compute_margin_10pct,True,True,False,True,0.03648624999914318
a100-s7-slow-ttft,1.0,0.04,fixed_compute_margin_25pct,False,True,False,False,0.010909291973803192
a100-s7-slow-ttft,1.0,0.04,fixed_sla_margin_10pct,False,True,False,False,0.03053912497125566
a100-s7-slow-ttft,1.0,0.04,load_stress_10pct,True,True,False,True,0.03960662498138845
a100-s7-slow-ttft,1.0,0.04,load_stress_20pct,True,True,False,True,0.04372370900819078
a100-s7-slow-ttft,1.0,0.04,capacity_derating_10pct,True,True,False,True,9.579816833138466e-07
a100-s7-slow-ttft,1.0,0.04,capacity_derating_20pct,True,True,False,True,8.329516276717186e-07
a100-s7-slow-ttft,1.0,0.04,finite_four_scenarios,False,True,False,False,0.11724354099715129
a100-s7-slow-ttft,1.0,0.08,unmodified,True,True,False,True,0.04912595899077132
a100-s7-slow-ttft,1.0,0.08,fixed_compute_margin_10pct,True,True,False,True,0.050934708036947995
a100-s7-slow-ttft,1.0,0.08,fixed_compute_margin_25pct,False,True,False,False,0.011295792006421834
a100-s7-slow-ttft,1.0,0.08,fixed_sla_margin_10pct,False,True,False,False,0.040195624984335154
a100-s7-slow-ttft,1.0,0.08,load_stress_10pct,True,True,False,True,0.05146945803426206
a100-s7-slow-ttft,1.0,0.08,load_stress_20pct,True,True,False,True,0.0548187909880653
a100-s7-slow-ttft,1.0,0.08,capacity_derating_10pct,True,True,False,True,1.00000761449337e-06
a100-s7-slow-ttft,1.0,0.08,capacity_derating_20pct,True,True,False,True,9.999494068324566e-07
a100-s7-slow-ttft,1.0,0.08,finite_four_scenarios,False,True,False,False,0.12533045804593712
a100-s7-slow-ttft,1.0,0.16,unmodified,True,True,False,True,0.06718254199950024
a100-s7-slow-ttft,1.0,0.16,fixed_compute_margin_10pct,True,True,False,True,0.0702183329849504
a100-s7-slow-ttft,1.0,0.16,fixed_compute_margin_25pct,False,True,False,False,0.012802917044609785
a100-s7-slow-ttft,1.0,0.16,fixed_sla_margin_10pct,False,True,False,False,0.0521036249701865
a100-s7-slow-ttft,1.0,0.16,load_stress_10pct,True,True,False,True,0.0687388340011239
a100-s7-slow-ttft,1.0,0.16,load_stress_20pct,True,True,False,True,0.07339979201788083
a100-s7-slow-ttft,1.0,0.16,capacity_derating_10pct,True,True,False,True,1.2500095181167126e-06
a100-s7-slow-ttft,1.0,0.16,capacity_derating_20pct,True,True,False,True,6.249756552278996e-07
a100-s7-slow-ttft,1.0,0.16,finite_four_scenarios,False,True,False,False,0.16986520803766325
a100-s7-slow-ttft,1.0,0.32,unmodified,True,True,False,True,0.08841141598531976
a100-s7-slow-ttft,1.0,0.32,fixed_compute_margin_10pct,True,True,False,True,0.15265733300475404
a100-s7-slow-ttft,1.0,0.32,fixed_compute_margin_25pct,False,True,False,False,0.013725749973673373
a100-s7-slow-ttft,1.0,0.32,fixed_sla_margin_10pct,False,True,False,False,0.07000433403300121
a100-s7-slow-ttft,1.0,0.32,load_stress_10pct,True,True,False,True,0.09490462497342378
a100-s7-slow-ttft,1.0,0.32,load_stress_20pct,True,True,False,True,0.09674937499221414
a100-s7-slow-ttft,1.0,0.32,capacity_derating_10pct,True,True,False,True,1.00000761449337e-06
a100-s7-slow-ttft,1.0,0.32,capacity_derating_20pct,True,True,False,True,8.749775588512421e-07
a100-s7-slow-ttft,1.0,0.32,finite_four_scenarios,False,True,False,False,0.2131671670358628
a100-s7-slow-ttft,1.0,0.64,unmodified,True,True,False,True,0.11773029202595353
a100-s7-slow-ttft,1.0,0.64,fixed_compute_margin_10pct,True,True,False,True,0.12290683400351554
a100-s7-slow-ttft,1.0,0.64,fixed_compute_margin_25pct,False,True,False,False,0.015193208993878216
a100-s7-slow-ttft,1.0,0.64,fixed_sla_margin_10pct,False,True,False,False,0.08861066697863862
a100-s7-slow-ttft,1.0,0.64,load_stress_10pct,True,True,False,True,0.12216829200042412
a100-s7-slow-ttft,1.0,0.64,load_stress_20pct,True,True,False,True,0.10789762501372024
a100-s7-slow-ttft,1.0,0.64,capacity_derating_10pct,True,True,False,True,1.167005393654108e-06
a100-s7-slow-ttft,1.0,0.64,capacity_derating_20pct,True,True,False,True,8.33999365568161e-07
a100-s7-slow-ttft,1.0,0.64,finite_four_scenarios,False,True,False,False,0.2659461669973098
a100-s7-slow-ttft,1.0,1.28,unmodified,True,True,False,True,0.17057937500067055
a100-s7-slow-ttft,1.0,1.28,fixed_compute_margin_10pct,False,True,False,False,0.15261920902412385
a100-s7-slow-ttft,1.0,1.28,fixed_compute_margin_25pct,False,True,False,False,0.015305333014111966
a100-s7-slow-ttft,1.0,1.28,fixed_sla_margin_10pct,False,True,False,False,0.029308374971151352
a100-s7-slow-ttft,1.0,1.28,load_stress_10pct,True,True,False,True,0.16885704203741625
a100-s7-slow-ttft,1.0,1.28,load_stress_20pct,False,True,False,False,0.017335540964268148
a100-s7-slow-ttft,1.0,1.28,capacity_derating_10pct,False,True,False,False,1.0840012691915035e-06
a100-s7-slow-ttft,1.0,1.28,capacity_derating_20pct,False,True,False,False,7.090275175869465e-07
a100-s7-slow-ttft,1.0,1.28,finite_four_scenarios,False,True,False,False,0.3802627919940278
a100-s7-slow-ttft,1.0,1.6,unmodified,False,True,False,False,0.015982457960490137
a100-s7-slow-ttft,1.0,1.6,fixed_compute_margin_10pct,False,True,False,False,0.015229874989017844
a100-s7-slow-ttft,1.0,1.6,fixed_compute_margin_25pct,False,True,False,False,0.012626708950847387
a100-s7-slow-ttft,1.0,1.6,fixed_sla_margin_10pct,False,True,False,False,0.014991417003329843
a100-s7-slow-ttft,1.0,1.6,load_stress_10pct,False,True,False,False,0.015120790980290622
a100-s7-slow-ttft,1.0,1.6,load_stress_20pct,False,True,False,False,0.013945957995019853
a100-s7-slow-ttft,1.0,1.6,capacity_derating_10pct,False,True,False,False,1.0409858077764511e-06
a100-s7-slow-ttft,1.0,1.6,capacity_derating_20pct,False,True,False,False,7.08969309926033e-07
a100-s7-slow-ttft,1.0,1.6,finite_four_scenarios,False,True,False,False,0.05724512494634837
a100-s7-slow-ttft,1.0,1.92,unmodified,False,True,False,False,0.016226875013671815
a100-s7-slow-ttft,1.0,1.92,fixed_compute_margin_10pct,False,True,False,False,0.014422582986298949
a100-s7-slow-ttft,1.0,1.92,fixed_compute_margin_25pct,False,True,False,False,0.010989083035383373
a100-s7-slow-ttft,1.0,1.92,fixed_sla_margin_10pct,False,True,False,False,0.014788666041567922
a100-s7-slow-ttft,1.0,1.92,load_stress_10pct,False,True,False,False,0.014751582988537848
a100-s7-slow-ttft,1.0,1.92,load_stress_20pct,False,True,False,False,0.015113458037376404
a100-s7-slow-ttft,1.0,1.92,capacity_derating_10pct,False,True,False,False,1.1249794624745846e-06
a100-s7-slow-ttft,1.0,1.92,capacity_derating_20pct,False,True,False,False,3.7497375160455704e-07
a100-s7-slow-ttft,1.0,1.92,finite_four_scenarios,False,True,False,False,0.05467016698094085
a100-s7-slow-ttft,1.0,2.56,unmodified,False,True,False,False,0.013794792001135647
a100-s7-slow-ttft,1.0,2.56,fixed_compute_margin_10pct,False,True,False,False,0.013163541967514902
a100-s7-slow-ttft,1.0,2.56,fixed_compute_margin_25pct,False,True,False,False,0.01094879099400714
a100-s7-slow-ttft,1.0,2.56,fixed_sla_margin_10pct,False,True,False,False,0.013681166979949921
a100-s7-slow-ttft,1.0,2.56,load_stress_10pct,False,True,False,False,0.013336999982129782
a100-s7-slow-ttft,1.0,2.56,load_stress_20pct,False,True,False,False,0.013227290997747332
a100-s7-slow-ttft,1.0,2.56,capacity_derating_10pct,False,True,False,False,9.589712135493755e-07
a100-s7-slow-ttft,1.0,2.56,capacity_derating_20pct,False,True,False,False,3.750319592654705e-07
a100-s7-slow-ttft,1.0,2.56,finite_four_scenarios,False,True,False,False,0.04824891698081046
a100-s7-slow-ttft,1.0,5.12,unmodified,False,True,False,False,0.007887124957051128
a100-s7-slow-ttft,1.0,5.12,fixed_compute_margin_10pct,False,True,False,False,0.00888258300255984
a100-s7-slow-ttft,1.0,5.12,fixed_compute_margin_25pct,False,True,False,False,0.00632929103448987
a100-s7-slow-ttft,1.0,5.12,fixed_sla_margin_10pct,False,True,False,False,0.008616584003902972
a100-s7-slow-ttft,1.0,5.12,load_stress_10pct,False,True,False,False,0.007655791996512562
a100-s7-slow-ttft,1.0,5.12,load_stress_20pct,False,True,False,False,0.007899582968093455
a100-s7-slow-ttft,1.0,5.12,capacity_derating_10pct,False,True,False,False,8.750357665121555e-07
a100-s7-slow-ttft,1.0,5.12,capacity_derating_20pct,False,True,False,False,7.499475032091141e-07
a100-s7-slow-ttft,1.0,5.12,finite_four_scenarios,False,True,False,False,0.028020290948916227
a100-s7-slow-ttft,1.0,10.24,unmodified,False,True,False,False,0.003260291996411979
a100-s7-slow-ttft,1.0,10.24,fixed_compute_margin_10pct,False,True,False,False,0.0028006670181639493
a100-s7-slow-ttft,1.0,10.24,fixed_compute_margin_25pct,False,True,False,False,0.0023332919809035957
a100-s7-slow-ttft,1.0,10.24,fixed_sla_margin_10pct,False,True,False,False,0.0031856250134296715
a100-s7-slow-ttft,1.0,10.24,load_stress_10pct,False,True,False,False,0.003633374988567084
a100-s7-slow-ttft,1.0,10.24,load_stress_20pct,False,True,False,False,0.0034328330075368285
a100-s7-slow-ttft,1.0,10.24,capacity_derating_10pct,False,True,False,False,1.2500095181167126e-06
a100-s7-slow-ttft,1.0,10.24,capacity_derating_20pct,False,True,False,False,3.33995558321476e-07
a100-s7-slow-ttft,1.0,10.24,finite_four_scenarios,False,True,False,False,0.010742417012806982
a100-s7-slow-ttft,1.0,12.8,unmodified,False,True,False,False,0.0033292919979430735
a100-s7-slow-ttft,1.0,12.8,fixed_compute_margin_10pct,False,True,False,False,0.0026539170066826046
a100-s7-slow-ttft,1.0,12.8,fixed_compute_margin_25pct,False,True,False,False,0.0018678340129554272
a100-s7-slow-ttft,1.0,12.8,fixed_sla_margin_10pct,False,True,False,False,0.0019330829964019358
a100-s7-slow-ttft,1.0,12.8,load_stress_10pct,False,True,False,False,0.0032430410501547158
a100-s7-slow-ttft,1.0,12.8,load_stress_20pct,False,True,False,False,0.003211124974768609
a100-s7-slow-ttft,1.0,12.8,capacity_derating_10pct,False,True,False,False,8.749775588512421e-07
a100-s7-slow-ttft,1.0,12.8,capacity_derating_20pct,False,True,False,False,3.3294782042503357e-07
a100-s7-slow-ttft,1.0,12.8,finite_four_scenarios,False,True,False,False,0.0106667919899337
a100-s7-slow-ttft,1.0,15.36,unmodified,False,False,False,False,0.003406292002182454
a100-s7-slow-ttft,1.0,15.36,fixed_compute_margin_10pct,False,False,False,False,0.0025031249970197678
a100-s7-slow-ttft,1.0,15.36,fixed_compute_margin_25pct,False,False,False,False,0.0019728339975699782
a100-s7-slow-ttft,1.0,15.36,fixed_sla_margin_10pct,False,False,False,False,0.0017403329838998616
a100-s7-slow-ttft,1.0,15.36,load_stress_10pct,False,False,False,False,0.0033750419970601797
a100-s7-slow-ttft,1.0,15.36,load_stress_20pct,False,False,False,False,0.002136583032552153
a100-s7-slow-ttft,1.0,15.36,capacity_derating_10pct,False,False,False,False,9.999494068324566e-07
a100-s7-slow-ttft,1.0,15.36,capacity_derating_20pct,False,False,False,False,4.5803608372807503e-07
a100-s7-slow-ttft,1.0,15.36,finite_four_scenarios,False,False,False,False,0.010218249983154237
a100-s7-slow-ttft,1.0,20.48,unmodified,False,False,False,False,0.0020693750120699406
a100-s7-slow-ttft,1.0,20.48,fixed_compute_margin_10pct,False,False,False,False,0.002221791015472263
a100-s7-slow-ttft,1.0,20.48,fixed_compute_margin_25pct,False,False,False,False,0.0018172080162912607
a100-s7-slow-ttft,1.0,20.48,fixed_sla_margin_10pct,False,False,False,False,0.0018972499528899789
a100-s7-slow-ttft,1.0,20.48,load_stress_10pct,False,False,False,False,0.0024775000056251884
a100-s7-slow-ttft,1.0,20.48,load_stress_20pct,False,False,False,False,0.0024010419729165733
a100-s7-slow-ttft,1.0,20.48,capacity_derating_10pct,False,False,False,False,9.159557521343231e-07
a100-s7-slow-ttft,1.0,20.48,capacity_derating_20pct,False,False,False,False,5.829497240483761e-07
a100-s7-slow-ttft,1.0,20.48,finite_four_scenarios,False,False,False,False,0.008014040999114513
a100-s7-slow-ttft,0.9,0.006,unmodified,True,True,False,True,0.02686483401339501
a100-s7-slow-ttft,0.9,0.006,fixed_compute_margin_10pct,True,True,False,True,0.027258957969024777
a100-s7-slow-ttft,0.9,0.006,fixed_compute_margin_25pct,True,True,False,True,0.0283248329651542
a100-s7-slow-ttft,0.9,0.006,fixed_sla_margin_10pct,True,True,False,True,0.027061000000685453
a100-s7-slow-ttft,0.9,0.006,load_stress_10pct,True,True,False,True,0.026956707995850593
a100-s7-slow-ttft,0.9,0.006,load_stress_20pct,True,True,False,True,0.026549375033937395
a100-s7-slow-ttft,0.9,0.006,capacity_derating_10pct,True,True,False,True,9.579816833138466e-07
a100-s7-slow-ttft,0.9,0.006,capacity_derating_20pct,True,True,False,True,1.0410440154373646e-06
a100-s7-slow-ttft,0.9,0.006,finite_four_scenarios,True,True,False,True,0.10974587500095367
a100-s7-slow-ttft,0.9,0.01,unmodified,True,True,False,True,0.027774334012065083
a100-s7-slow-ttft,0.9,0.01,fixed_compute_margin_10pct,True,True,False,True,0.028707958001177758
a100-s7-slow-ttft,0.9,0.01,fixed_compute_margin_25pct,True,True,False,True,0.026898874959442765
a100-s7-slow-ttft,0.9,0.01,fixed_sla_margin_10pct,True,True,False,True,0.026886791980359703
a100-s7-slow-ttft,0.9,0.01,load_stress_10pct,True,True,False,True,0.02748337498633191
a100-s7-slow-ttft,0.9,0.01,load_stress_20pct,True,True,False,True,0.027239250019192696
a100-s7-slow-ttft,0.9,0.01,capacity_derating_10pct,True,True,False,True,8.330098353326321e-07
a100-s7-slow-ttft,0.9,0.01,capacity_derating_20pct,True,True,False,True,7.079797796905041e-07
a100-s7-slow-ttft,0.9,0.01,finite_four_scenarios,True,True,False,True,0.10663958301302046
a100-s7-slow-ttft,0.9,0.0131,unmodified,True,True,False,True,0.027598166023381054
a100-s7-slow-ttft,0.9,0.0131,fixed_compute_margin_10pct,True,True,False,True,0.026539749989751726
a100-s7-slow-ttft,0.9,0.0131,fixed_compute_margin_25pct,True,True,False,True,0.02857708401279524
a100-s7-slow-ttft,0.9,0.0131,fixed_sla_margin_10pct,True,True,False,True,0.024964499985799193
a100-s7-slow-ttft,0.9,0.0131,load_stress_10pct,True,True,False,True,0.02283987501868978
a100-s7-slow-ttft,0.9,0.0131,load_stress_20pct,True,True,False,True,0.023415000003296882
a100-s7-slow-ttft,0.9,0.0131,capacity_derating_10pct,True,True,False,True,9.159557521343231e-07
a100-s7-slow-ttft,0.9,0.0131,capacity_derating_20pct,True,True,False,True,6.249756552278996e-07
a100-s7-slow-ttft,0.9,0.0131,finite_four_scenarios,True,True,False,True,0.10235729097621515
a100-s7-slow-ttft,0.9,0.0132,unmodified,True,True,False,True,0.026895957998931408
a100-s7-slow-ttft,0.9,0.0132,fixed_compute_margin_10pct,True,True,False,True,0.027064708003308624
a100-s7-slow-ttft,0.9,0.0132,fixed_compute_margin_25pct,True,True,False,True,0.02401641703909263
a100-s7-slow-ttft,0.9,0.0132,fixed_sla_margin_10pct,True,True,False,True,0.022951791004743427
a100-s7-slow-ttft,0.9,0.0132,load_stress_10pct,True,True,False,True,0.02193124999757856
a100-s7-slow-ttft,0.9,0.0132,load_stress_20pct,True,True,False,True,0.025225041958037764
a100-s7-slow-ttft,0.9,0.0132,capacity_derating_10pct,True,True,False,True,8.750357665121555e-07
a100-s7-slow-ttft,0.9,0.0132,capacity_derating_20pct,True,True,False,True,5.84055669605732e-07
a100-s7-slow-ttft,0.9,0.0132,finite_four_scenarios,True,True,False,True,0.09653841704130173
a100-s7-slow-ttft,0.9,0.015,unmodified,True,True,False,True,0.025790332991164178
a100-s7-slow-ttft,0.9,0.015,fixed_compute_margin_10pct,True,True,False,True,0.02721341699361801
a100-s7-slow-ttft,0.9,0.015,fixed_compute_margin_25pct,True,True,False,True,0.028342290956061333
a100-s7-slow-ttft,0.9,0.015,fixed_sla_margin_10pct,True,True,False,True,0.02634983300231397
a100-s7-slow-ttft,0.9,0.015,load_stress_10pct,True,True,False,True,0.028567040979396552
a100-s7-slow-ttft,0.9,0.015,load_stress_20pct,True,True,False,True,0.028284333006013185
a100-s7-slow-ttft,0.9,0.015,capacity_derating_10pct,True,True,False,True,9.589712135493755e-07
a100-s7-slow-ttft,0.9,0.015,capacity_derating_20pct,True,True,False,True,5.839974619448185e-07
a100-s7-slow-ttft,0.9,0.015,finite_four_scenarios,True,True,False,True,0.10617499996442348
a100-s7-slow-ttft,0.9,0.02,unmodified,True,True,False,True,0.026367042039055377
a100-s7-slow-ttft,0.9,0.02,fixed_compute_margin_10pct,True,True,False,True,0.030636415991466492
a100-s7-slow-ttft,0.9,0.02,fixed_compute_margin_25pct,True,True,False,True,0.03077899996424094
a100-s7-slow-ttft,0.9,0.02,fixed_sla_margin_10pct,True,True,False,True,0.03015187504934147
a100-s7-slow-ttft,0.9,0.02,load_stress_10pct,True,True,False,True,0.029575292021036148
a100-s7-slow-ttft,0.9,0.02,load_stress_20pct,True,True,False,True,0.030755124986171722
a100-s7-slow-ttft,0.9,0.02,capacity_derating_10pct,True,True,False,True,1.1249794624745846e-06
a100-s7-slow-ttft,0.9,0.02,capacity_derating_20pct,True,True,False,True,3.750319592654705e-07
a100-s7-slow-ttft,0.9,0.02,finite_four_scenarios,True,True,False,True,0.12370020797243342
a100-s7-slow-ttft,0.9,0.025,unmodified,True,True,False,True,0.031142625026404858
a100-s7-slow-ttft,0.9,0.025,fixed_compute_margin_10pct,True,True,False,True,0.031428499962203205
a100-s7-slow-ttft,0.9,0.025,fixed_compute_margin_25pct,True,True,False,True,0.032888874993659556
a100-s7-slow-ttft,0.9,0.025,fixed_sla_margin_10pct,True,True,False,True,0.03211170801660046
a100-s7-slow-ttft,0.9,0.025,load_stress_10pct,True,True,False,True,0.0319292499916628
a100-s7-slow-ttft,0.9,0.025,load_stress_20pct,True,True,False,True,0.040008457959629595
a100-s7-slow-ttft,0.9,0.025,capacity_derating_10pct,True,True,False,True,1.00000761449337e-06
a100-s7-slow-ttft,0.9,0.025,capacity_derating_20pct,True,True,False,True,6.67001586407423e-07
a100-s7-slow-ttft,0.9,0.025,finite_four_scenarios,True,True,False,True,0.2154649579897523
a100-s7-slow-ttft,0.9,0.04,unmodified,True,True,False,True,0.054835665971040726
a100-s7-slow-ttft,0.9,0.04,fixed_compute_margin_10pct,True,True,False,True,0.04928858298808336
a100-s7-slow-ttft,0.9,0.04,fixed_compute_margin_25pct,True,True,False,True,0.03759483399335295
a100-s7-slow-ttft,0.9,0.04,fixed_sla_margin_10pct,True,True,False,True,0.03632983297575265
a100-s7-slow-ttft,0.9,0.04,load_stress_10pct,True,True,False,True,0.04531220899662003
a100-s7-slow-ttft,0.9,0.04,load_stress_20pct,True,True,False,True,0.056570124987047166
a100-s7-slow-ttft,0.9,0.04,capacity_derating_10pct,True,True,False,True,1.04197533801198e-06
a100-s7-slow-ttft,0.9,0.04,capacity_derating_20pct,True,True,False,True,6.67001586407423e-07
a100-s7-slow-ttft,0.9,0.04,finite_four_scenarios,True,True,False,True,0.1668544170097448
a100-s7-slow-ttft,0.9,0.08,unmodified,True,True,False,True,0.05051487497985363
a100-s7-slow-ttft,0.9,0.08,fixed_compute_margin_10pct,True,True,False,True,0.04684391600312665
a100-s7-slow-ttft,0.9,0.08,fixed_compute_margin_25pct,True,True,False,True,0.04857545800041407
a100-s7-slow-ttft,0.9,0.08,fixed_sla_margin_10pct,True,True,False,True,0.04610429098829627
a100-s7-slow-ttft,0.9,0.08,load_stress_10pct,True,True,False,True,0.04726104100700468
a100-s7-slow-ttft,0.9,0.08,load_stress_20pct,True,True,False,True,0.052186959015671164
a100-s7-slow-ttft,0.9,0.08,capacity_derating_10pct,True,True,False,True,9.579816833138466e-07
a100-s7-slow-ttft,0.9,0.08,capacity_derating_20pct,True,True,False,True,7.500057108700275e-07
a100-s7-slow-ttft,0.9,0.08,finite_four_scenarios,True,True,False,True,0.1954232080024667
a100-s7-slow-ttft,0.9,0.16,unmodified,True,True,False,True,0.06289991695666686
a100-s7-slow-ttft,0.9,0.16,fixed_compute_margin_10pct,True,True,False,True,0.06475454097380862
a100-s7-slow-ttft,0.9,0.16,fixed_compute_margin_25pct,True,True,False,True,0.06955320900306106
a100-s7-slow-ttft,0.9,0.16,fixed_sla_margin_10pct,True,True,False,True,0.06340158398961648
a100-s7-slow-ttft,0.9,0.16,load_stress_10pct,True,True,False,True,0.0666075840126723
a100-s7-slow-ttft,0.9,0.16,load_stress_20pct,True,True,False,True,0.07181087497156113
a100-s7-slow-ttft,0.9,0.16,capacity_derating_10pct,True,True,False,True,8.749775588512421e-07
a100-s7-slow-ttft,0.9,0.16,capacity_derating_20pct,True,True,False,True,8.330098353326321e-07
a100-s7-slow-ttft,0.9,0.16,finite_four_scenarios,True,True,False,True,0.2664975000079721
a100-s7-slow-ttft,0.9,0.32,unmodified,True,True,False,True,0.1440125840017572
a100-s7-slow-ttft,0.9,0.32,fixed_compute_margin_10pct,True,True,False,True,0.08763412496773526
a100-s7-slow-ttft,0.9,0.32,fixed_compute_margin_25pct,True,True,False,True,0.09093916695564985
a100-s7-slow-ttft,0.9,0.32,fixed_sla_margin_10pct,True,True,False,True,0.08439224999165162
a100-s7-slow-ttft,0.9,0.32,load_stress_10pct,True,True,False,True,0.08719225000822917
a100-s7-slow-ttft,0.9,0.32,load_stress_20pct,True,True,False,True,0.09221762500237674
a100-s7-slow-ttft,0.9,0.32,capacity_derating_10pct,True,True,False,True,1.0409858077764511e-06
a100-s7-slow-ttft,0.9,0.32,capacity_derating_20pct,True,True,False,True,3.750319592654705e-07
a100-s7-slow-ttft,0.9,0.32,finite_four_scenarios,True,True,False,True,0.34789695899235085
a100-s7-slow-ttft,0.9,0.64,unmodified,True,True,False,True,0.11532904201885685
a100-s7-slow-ttft,0.9,0.64,fixed_compute_margin_10pct,True,True,False,True,0.1192461249884218
a100-s7-slow-ttft,0.9,0.64,fixed_compute_margin_25pct,True,True,False,True,0.12156587501522154
a100-s7-slow-ttft,0.9,0.64,fixed_sla_margin_10pct,True,True,False,True,0.11066579195903614
a100-s7-slow-ttft,0.9,0.64,load_stress_10pct,True,True,False,True,0.11629308300325647
a100-s7-slow-ttft,0.9,0.64,load_stress_20pct,True,True,False,True,0.18060408398741856
a100-s7-slow-ttft,0.9,0.64,capacity_derating_10pct,True,True,False,True,1.2909877113997936e-06
a100-s7-slow-ttft,0.9,0.64,capacity_derating_20pct,True,True,False,True,8.330098353326321e-07
a100-s7-slow-ttft,0.9,0.64,finite_four_scenarios,True,True,False,True,0.4429856250062585
a100-s7-slow-ttft,0.9,1.28,unmodified,True,True,False,True,0.13294070900883526
a100-s7-slow-ttft,0.9,1.28,fixed_compute_margin_10pct,True,True,False,True,0.12830012501217425
a100-s7-slow-ttft,0.9,1.28,fixed_compute_margin_25pct,False,True,False,False,0.10952795797493309
a100-s7-slow-ttft,0.9,1.28,fixed_sla_margin_10pct,False,True,False,False,0.1040289580123499
a100-s7-slow-ttft,0.9,1.28,load_stress_10pct,True,True,False,True,0.1438260840368457
a100-s7-slow-ttft,0.9,1.28,load_stress_20pct,True,True,False,True,0.17612929100869223
a100-s7-slow-ttft,0.9,1.28,capacity_derating_10pct,True,True,False,True,9.159557521343231e-07
a100-s7-slow-ttft,0.9,1.28,capacity_derating_20pct,True,True,False,True,7.079797796905041e-07
a100-s7-slow-ttft,0.9,1.28,finite_four_scenarios,False,True,False,False,0.5008704159990884
a100-s7-slow-ttft,0.9,1.6,unmodified,True,True,False,True,0.14692208304768428
a100-s7-slow-ttft,0.9,1.6,fixed_compute_margin_10pct,False,True,False,False,0.016464750049635768
a100-s7-slow-ttft,0.9,1.6,fixed_compute_margin_25pct,False,True,False,False,0.015480083005968481
a100-s7-slow-ttft,0.9,1.6,fixed_sla_margin_10pct,False,True,False,False,0.11002049996750429
a100-s7-slow-ttft,0.9,1.6,load_stress_10pct,False,True,False,False,0.015743708005174994
a100-s7-slow-ttft,0.9,1.6,load_stress_20pct,False,True,False,False,0.0166544999810867
a100-s7-slow-ttft,0.9,1.6,capacity_derating_10pct,False,True,False,False,1.04197533801198e-06
a100-s7-slow-ttft,0.9,1.6,capacity_derating_20pct,False,True,False,False,9.579816833138466e-07
a100-s7-slow-ttft,0.9,1.6,finite_four_scenarios,False,True,False,False,0.33095087500987574
a100-s7-slow-ttft,0.9,1.92,unmodified,False,True,False,False,0.016077417007181793
a100-s7-slow-ttft,0.9,1.92,fixed_compute_margin_10pct,False,True,False,False,0.015612417017109692
a100-s7-slow-ttft,0.9,1.92,fixed_compute_margin_25pct,False,True,False,False,0.015227959025651217
a100-s7-slow-ttft,0.9,1.92,fixed_sla_margin_10pct,False,True,False,False,0.015097166993655264
a100-s7-slow-ttft,0.9,1.92,load_stress_10pct,False,True,False,False,0.016546334023587406
a100-s7-slow-ttft,0.9,1.92,load_stress_20pct,False,True,False,False,0.014806999999564141
a100-s7-slow-ttft,0.9,1.92,capacity_derating_10pct,False,True,False,False,9.160139597952366e-07
a100-s7-slow-ttft,0.9,1.92,capacity_derating_20pct,False,True,False,False,6.25033862888813e-07
a100-s7-slow-ttft,0.9,1.92,finite_four_scenarios,False,True,False,False,0.06166549999034032
a100-s7-slow-ttft,0.9,2.56,unmodified,False,True,False,False,0.015876125020440668
a100-s7-slow-ttft,0.9,2.56,fixed_compute_margin_10pct,False,True,False,False,0.015653832990210503
a100-s7-slow-ttft,0.9,2.56,fixed_compute_margin_25pct,False,True,False,False,0.012310416030231863
a100-s7-slow-ttft,0.9,2.56,fixed_sla_margin_10pct,False,True,False,False,0.014695332967676222
a100-s7-slow-ttft,0.9,2.56,load_stress_10pct,False,True,False,False,0.014587959041818976
a100-s7-slow-ttft,0.9,2.56,load_stress_20pct,False,True,False,False,0.012769875000230968
a100-s7-slow-ttft,0.9,2.56,capacity_derating_10pct,False,True,False,False,8.33999365568161e-07
a100-s7-slow-ttft,0.9,2.56,capacity_derating_20pct,False,True,False,False,6.249756552278996e-07
a100-s7-slow-ttft,0.9,2.56,finite_four_scenarios,False,True,False,False,0.05583329196088016
a100-s7-slow-ttft,0.9,5.12,unmodified,False,True,False,False,0.010325416980776936
a100-s7-slow-ttft,0.9,5.12,fixed_compute_margin_10pct,False,True,False,False,0.007821584003977478
a100-s7-slow-ttft,0.9,5.12,fixed_compute_margin_25pct,False,True,False,False,0.008154666051268578
a100-s7-slow-ttft,0.9,5.12,fixed_sla_margin_10pct,False,True,False,False,0.0075077079818584025
a100-s7-slow-ttft,0.9,5.12,load_stress_10pct,False,True,False,False,0.008386250003241003
a100-s7-slow-ttft,0.9,5.12,load_stress_20pct,False,True,False,False,0.008293666993267834
a100-s7-slow-ttft,0.9,5.12,capacity_derating_10pct,False,True,False,False,1.166015863418579e-06
a100-s7-slow-ttft,0.9,5.12,capacity_derating_20pct,False,True,False,False,8.329516276717186e-07
a100-s7-slow-ttft,0.9,5.12,finite_four_scenarios,False,True,False,False,0.03553125000325963
a100-s7-slow-ttft,0.9,10.24,unmodified,False,True,False,False,0.006510874954983592
a100-s7-slow-ttft,0.9,10.24,fixed_compute_margin_10pct,False,True,False,False,0.006345083005726337
a100-s7-slow-ttft,0.9,10.24,fixed_compute_margin_25pct,False,True,False,False,0.0029587499448098242
a100-s7-slow-ttft,0.9,10.24,fixed_sla_margin_10pct,False,True,False,False,0.004837415996007621
a100-s7-slow-ttft,0.9,10.24,load_stress_10pct,False,True,False,False,0.0033930829958990216
a100-s7-slow-ttft,0.9,10.24,load_stress_20pct,False,True,False,False,0.0032656670082360506
a100-s7-slow-ttft,0.9,10.24,capacity_derating_10pct,False,True,False,False,7.500057108700275e-07
a100-s7-slow-ttft,0.9,10.24,capacity_derating_20pct,False,True,False,False,5.830079317092896e-07
a100-s7-slow-ttft,0.9,10.24,finite_four_scenarios,False,True,False,False,0.018547332962043583
a100-s7-slow-ttft,0.9,12.8,unmodified,False,True,False,False,0.0037255840143188834
a100-s7-slow-ttft,0.9,12.8,fixed_compute_margin_10pct,False,True,False,False,0.0032133330241777003
a100-s7-slow-ttft,0.9,12.8,fixed_compute_margin_25pct,False,True,False,False,0.002854042046237737
a100-s7-slow-ttft,0.9,12.8,fixed_sla_margin_10pct,False,True,False,False,0.0019528329721651971
a100-s7-slow-ttft,0.9,12.8,load_stress_10pct,False,True,False,False,0.0030906659667380154
a100-s7-slow-ttft,0.9,12.8,load_stress_20pct,False,True,False,False,0.0031471250113099813
a100-s7-slow-ttft,0.9,12.8,capacity_derating_10pct,False,True,False,False,7.500057108700275e-07
a100-s7-slow-ttft,0.9,12.8,capacity_derating_20pct,False,True,False,False,5.00003807246685e-07
a100-s7-slow-ttft,0.9,12.8,finite_four_scenarios,False,True,False,False,0.013040083984378725
a100-s7-slow-ttft,0.9,15.36,unmodified,False,False,False,False,0.003413375001400709
a100-s7-slow-ttft,0.9,15.36,fixed_compute_margin_10pct,False,False,False,False,0.00329504202818498
a100-s7-slow-ttft,0.9,15.36,fixed_compute_margin_25pct,False,False,False,False,0.002799167006742209
a100-s7-slow-ttft,0.9,15.36,fixed_sla_margin_10pct,False,False,False,False,0.0022588330321013927
a100-s7-slow-ttft,0.9,15.36,load_stress_10pct,False,False,False,False,0.0032957090297713876
a100-s7-slow-ttft,0.9,15.36,load_stress_20pct,False,False,False,False,0.0030162499751895666
a100-s7-slow-ttft,0.9,15.36,capacity_derating_10pct,False,False,False,False,9.579816833138466e-07
a100-s7-slow-ttft,0.9,15.36,capacity_derating_20pct,False,False,False,False,6.67001586407423e-07
a100-s7-slow-ttft,0.9,15.36,finite_four_scenarios,False,False,False,False,0.011971958039794117
a100-s7-slow-ttft,0.9,20.48,unmodified,False,False,False,False,0.003274582966696471
a100-s7-slow-ttft,0.9,20.48,fixed_compute_margin_10pct,False,False,False,False,0.002282583969645202
a100-s7-slow-ttft,0.9,20.48,fixed_compute_margin_25pct,False,False,False,False,0.0023114170180633664
a100-s7-slow-ttft,0.9,20.48,fixed_sla_margin_10pct,False,False,False,False,0.0019105420215055346
a100-s7-slow-ttft,0.9,20.48,load_stress_10pct,False,False,False,False,0.003147292009089142
a100-s7-slow-ttft,0.9,20.48,load_stress_20pct,False,False,False,False,0.002843292022589594
a100-s7-slow-ttft,0.9,20.48,capacity_derating_10pct,False,False,False,False,1.167005393654108e-06
a100-s7-slow-ttft,0.9,20.48,capacity_derating_20pct,False,False,False,False,5.41971530765295e-07
a100-s7-slow-ttft,0.9,20.48,finite_four_scenarios,False,False,False,False,0.011024167004507035
