workload,full_workload,candidate,intensity,physical_id,input_hash,source,source_sha256,inventory_source,membership,reference_status,evaluator_status,pairable,E_status,R_status,grid_membership
h101,h101-o60-d30,-2,0.128,1898046addcc9c28751c687de622c957736e0f6dd8878445bfda9e79438e2297,1898046addcc9c28751c687de622c957736e0f6dd8878445bfda9e79438e2297,results/stage6b_jb_avg_v1/reference/1898046addcc9c28751c687de622c957736e0f6dd8878445bfda9e79438e2297.json.gz,4c718733486ae427d2fd8c387f9068a6f36c60b9eadd85d424d2d2e1f04599f4,protocol selected midpoint,G1_only,complete,complete,True,complete,complete,G1
h101,h101-o60-d30,-1,0.128,b0f7b421732450f82161a234754b55c618857b33b1d0a24b745a2b3146e5bcb7,b0f7b421732450f82161a234754b55c618857b33b1d0a24b745a2b3146e5bcb7,results/stage6b_jb_avg_v1/reference/b0f7b421732450f82161a234754b55c618857b33b1d0a24b745a2b3146e5bcb7.json.gz,78d54617533860db58430ed160cd648f93a845865d19a48f04008beb85e4fc55,protocol selected midpoint,G1_only,complete,complete,True,complete,complete,G1
h101,h101-o60-d30,0,0.128,6d9fae8c141158e4824f13a336f2506d2930faa95e1aaff9038c65c336a95dae,6d9fae8c141158e4824f13a336f2506d2930faa95e1aaff9038c65c336a95dae,results/stage6b_jb_avg_v1/reference/6d9fae8c141158e4824f13a336f2506d2930faa95e1aaff9038c65c336a95dae.json.gz,758c594161174dc10691ca48fe031eceb0dda484a9ab3eeb8287ffe1e81b42f9,protocol selected midpoint,G1_only,complete,complete,True,complete,complete,G1
h101,h101-o60-d30,1,0.128,1d5b1ca4e7a17af518d5f21fb2aa5d40405ce6dbb5ef1aca88c9f1c974d84c20,1d5b1ca4e7a17af518d5f21fb2aa5d40405ce6dbb5ef1aca88c9f1c974d84c20,results/stage6b_jb_avg_v1/reference/1d5b1ca4e7a17af518d5f21fb2aa5d40405ce6dbb5ef1aca88c9f1c974d84c20.json.gz,7646715e4870076882eaa0d3b0a81d7f634c1486ea34c50f20a739e8e2791bf9,protocol selected midpoint,G1_only,complete,complete,True,complete,complete,G1
h101,h101-o60-d30,2,0.128,263eb4d6a6796b83e987e69626fbe918fd9e9100bab3985313bb015878d28fa6,263eb4d6a6796b83e987e69626fbe918fd9e9100bab3985313bb015878d28fa6,results/stage6b_jb_avg_v1/reference/263eb4d6a6796b83e987e69626fbe918fd9e9100bab3985313bb015878d28fa6.json.gz,30bbfb7f929405dbd774bcc8ab9c67486579bdd26143c75fffa32e7445098f34,protocol selected midpoint,G1_only,complete,complete,True,complete,complete,G1
h102,h102-o300-d120,-2,0.032,cac15bf22ba3143704cbf7000deb1714fd6d0c67cc3916217035751ef482cc32,cac15bf22ba3143704cbf7000deb1714fd6d0c67cc3916217035751ef482cc32,results/stage6b_jb_avg_v1/reference/cac15bf22ba3143704cbf7000deb1714fd6d0c67cc3916217035751ef482cc32.json.gz,f393c47100f53b6eb1c7241fbab669e947eea305e9ec406ab4efcda161fa002d,protocol selected midpoint,G1_only,complete,complete,True,complete,complete,G1
h102,h102-o300-d120,-1,0.032,b367c9c9ab45f4b262d237b4c2402ae0a14b5ae932d6d02845355756ccafb962,b367c9c9ab45f4b262d237b4c2402ae0a14b5ae932d6d02845355756ccafb962,results/stage6b_jb_avg_v1/reference/b367c9c9ab45f4b262d237b4c2402ae0a14b5ae932d6d02845355756ccafb962.json.gz,ec04306b6ada01c7236946615b79c00dcbd4fc8ca4fd1749f4c77d5422b6f7b0,protocol selected midpoint,G1_only,complete,complete,True,complete,complete,G1
h102,h102-o300-d120,0,0.032,cebc1571252c8d12ed7924fd6908d4f9ebe2db769b10a2b6e75d8f00b70f2875,cebc1571252c8d12ed7924fd6908d4f9ebe2db769b10a2b6e75d8f00b70f2875,results/stage6b_jb_avg_v1/reference/cebc1571252c8d12ed7924fd6908d4f9ebe2db769b10a2b6e75d8f00b70f2875.json.gz,202f49b10f424348238f0c972c6d0332b0b850e7d6a4d2a61d3cd5d6a87e06a4,protocol selected midpoint,G1_only,complete,complete,True,complete,complete,G1
h102,h102-o300-d120,1,0.032,7bff84fd1338766ae043b5f283309c330fa475a5becd927a51fef53a9edbd18a,7bff84fd1338766ae043b5f283309c330fa475a5becd927a51fef53a9edbd18a,results/stage6b_jb_avg_v1/reference/7bff84fd1338766ae043b5f283309c330fa475a5becd927a51fef53a9edbd18a.json.gz,ea6bee1ee319eb851c41c76b8e347ffa24edfbd1ee43616e59e65b897bc54871,protocol selected midpoint,G1_only,complete,complete,True,complete,complete,G1
h102,h102-o300-d120,2,0.032,682b279e8576283a88bc053290095b0cb597cb089b62e29beabddd5c419045c9,682b279e8576283a88bc053290095b0cb597cb089b62e29beabddd5c419045c9,results/stage6b_jb_avg_v1/reference/682b279e8576283a88bc053290095b0cb597cb089b62e29beabddd5c419045c9.json.gz,2dfe4a83650c8fe172d40d7cbafc63ff77dd683ae72307a41006d064dde3d845,protocol selected midpoint,G1_only,complete,complete,True,complete,complete,G1
h103,h103-o500-d30,-2,0.032,2fddc07fabce45cb3abf4ddd4f07ed742cf127bf5d1a9ded7d2a09093be92406,2fddc07fabce45cb3abf4ddd4f07ed742cf127bf5d1a9ded7d2a09093be92406,results/stage6b_jb_avg_v1/reference/2fddc07fabce45cb3abf4ddd4f07ed742cf127bf5d1a9ded7d2a09093be92406.json.gz,5c18ec548b91b4095c2f5dc8304c6d113ccc527f0751d13526162d7e3dfbb08c,protocol selected midpoint,G1_only,complete,complete,True,complete,complete,G1
h103,h103-o500-d30,-1,0.032,27a31c081ee3b0d22537863fa0576886c73fa621f988449da6130cde98b146b1,27a31c081ee3b0d22537863fa0576886c73fa621f988449da6130cde98b146b1,results/stage6b_jb_avg_v1/reference/27a31c081ee3b0d22537863fa0576886c73fa621f988449da6130cde98b146b1.json.gz,ff9727f0d38dbebe94b3c1c3bff6a7dd9db3ae5f42092720db78902b6a6338a7,protocol selected midpoint,G1_only,complete,complete,True,complete,complete,G1
h103,h103-o500-d30,0,0.032,c4441486fd67b83b31119041457e2ab432e1538c7ac9d59dc98019f4dca78f45,c4441486fd67b83b31119041457e2ab432e1538c7ac9d59dc98019f4dca78f45,results/stage6b_jb_avg_v1/reference/c4441486fd67b83b31119041457e2ab432e1538c7ac9d59dc98019f4dca78f45.json.gz,e095777f373e5f1f228b6aa522eec082c333c5220c9607f3e22b237dd6d4b7a9,protocol selected midpoint,G1_only,complete,complete,True,complete,complete,G1
h103,h103-o500-d30,1,0.032,b7dd9b0bb752e3c820ccac422c8460046b59849c96733764e9e3652297b7ff84,b7dd9b0bb752e3c820ccac422c8460046b59849c96733764e9e3652297b7ff84,results/stage6b_jb_avg_v1/reference/b7dd9b0bb752e3c820ccac422c8460046b59849c96733764e9e3652297b7ff84.json.gz,c0fca03b968c4ed418dd7fe8d094cb09dde588586df81b1e324b54f1e39a7435,protocol selected midpoint,G1_only,complete,complete,True,complete,complete,G1
h103,h103-o500-d30,2,0.032,fb68ff830db8a00ce1d3a855f736b7274555db09f9fbce0222d525473686277e,fb68ff830db8a00ce1d3a855f736b7274555db09f9fbce0222d525473686277e,results/stage6b_jb_avg_v1/reference/fb68ff830db8a00ce1d3a855f736b7274555db09f9fbce0222d525473686277e.json.gz,fb3cb3838ee4309f07c625911e5c97ffbd31cff18ba24cfd5cef8726b5966ec4,protocol selected midpoint,G1_only,complete,complete,True,complete,complete,G1
h104,h104-o700-d120,-2,0.032,a59e22f91b0dd6e05ac1debe117ed375dac671336a73977e95b4bf889a10c107,a59e22f91b0dd6e05ac1debe117ed375dac671336a73977e95b4bf889a10c107,results/stage6b_jb_avg_v1/reference/a59e22f91b0dd6e05ac1debe117ed375dac671336a73977e95b4bf889a10c107.json.gz,ff052e7557cd56f43b230161c9d8e2fc9962c59b050bb9f7e07dc48dad2b8c21,protocol selected midpoint,G1_only,complete,complete,True,complete,complete,G1
h104,h104-o700-d120,-1,0.032,07c5fcdef4688ef1de90c1bc5cf62f17d808e2e3b663e55403272a3c81ce343a,07c5fcdef4688ef1de90c1bc5cf62f17d808e2e3b663e55403272a3c81ce343a,results/stage6b_jb_avg_v1/reference/07c5fcdef4688ef1de90c1bc5cf62f17d808e2e3b663e55403272a3c81ce343a.json.gz,6487c84bff51a4cc40fedd5e6c044c1ee5f7bceaff505a7c2fcc1c01a9ded7e6,protocol selected midpoint,G1_only,complete,complete,True,complete,complete,G1
h104,h104-o700-d120,0,0.032,767b5d6351eb1fe601891cfc47fe43c413a08c436ef0d9f26611610d6fde636a,767b5d6351eb1fe601891cfc47fe43c413a08c436ef0d9f26611610d6fde636a,results/stage6b_jb_avg_v1/reference/767b5d6351eb1fe601891cfc47fe43c413a08c436ef0d9f26611610d6fde636a.json.gz,4041db4a2fa9ad99823f09141436b88e9ceb320a724124c6a7b90f4ad7066f89,protocol selected midpoint,G1_only,complete,complete,True,complete,complete,G1
h104,h104-o700-d120,1,0.032,f15e510b5408c7de2036bdd74a331d1d26a846f5a3e0063223b9a2b9111dceca,f15e510b5408c7de2036bdd74a331d1d26a846f5a3e0063223b9a2b9111dceca,results/stage6b_jb_avg_v1/reference/f15e510b5408c7de2036bdd74a331d1d26a846f5a3e0063223b9a2b9111dceca.json.gz,2adb110530d9cbcf0c4f44afdfe59f8d15f269fef92f2dab1fa0a00682bee95c,protocol selected midpoint,G1_only,complete,complete,True,complete,complete,G1
h104,h104-o700-d120,2,0.032,2cc9a5be07799f851c48b5683218b2ea45527033a099ad0464246b0e1684aaa8,2cc9a5be07799f851c48b5683218b2ea45527033a099ad0464246b0e1684aaa8,results/stage6b_jb_avg_v1/reference/2cc9a5be07799f851c48b5683218b2ea45527033a099ad0464246b0e1684aaa8.json.gz,eb00c0551cdfcfec18ecb57743cd614c3e89d4d751b98814fe2a68a4c955186c,protocol selected midpoint,G1_only,complete,complete,True,complete,complete,G1
h105,h105-o900-d30,-2,0.128,3a890328a6c4510a3d90f33d77e3701578f5d5570be96400c82eff99e4c74c05,3a890328a6c4510a3d90f33d77e3701578f5d5570be96400c82eff99e4c74c05,results/stage6b_jb_avg_v1/reference/3a890328a6c4510a3d90f33d77e3701578f5d5570be96400c82eff99e4c74c05.json.gz,a3e0c3315a794622e75c11d5defb21d5fd23952b503dba854531b46e882f4f76,protocol selected midpoint,G1_only,complete,complete,True,complete,complete,G1
h105,h105-o900-d30,-1,0.128,a580290fdedaf0167235aa35de9ddd206263b4249fda4779b585a17d10abd08c,a580290fdedaf0167235aa35de9ddd206263b4249fda4779b585a17d10abd08c,results/stage6b_jb_avg_v1/reference/a580290fdedaf0167235aa35de9ddd206263b4249fda4779b585a17d10abd08c.json.gz,2ef6a8d7798dd8b0fae91d7fe11f908d15b9a9baa6508e96e3c86e8115fb922c,protocol selected midpoint,G1_only,complete,complete,True,complete,complete,G1
h105,h105-o900-d30,0,0.128,10f47e1cffcee3bbab53662be9568a15fae135b27d6ef088f4ae4d7a44de60c9,10f47e1cffcee3bbab53662be9568a15fae135b27d6ef088f4ae4d7a44de60c9,results/stage6b_jb_avg_v1/reference/10f47e1cffcee3bbab53662be9568a15fae135b27d6ef088f4ae4d7a44de60c9.json.gz,d334cb501da9049c2cd0068ea99afca6645622c5ac2b7adec77a665067ef929c,protocol selected midpoint,G1_only,complete,complete,True,complete,complete,G1
h105,h105-o900-d30,1,0.128,e912b56d93f4a8617d8b68cf970975096549b6249badc6c57d8f4c6bef7c94e4,e912b56d93f4a8617d8b68cf970975096549b6249badc6c57d8f4c6bef7c94e4,results/stage6b_jb_avg_v1/reference/e912b56d93f4a8617d8b68cf970975096549b6249badc6c57d8f4c6bef7c94e4.json.gz,a67851b5a24765099ab9ca3dee7dd7a3c3f870a286ae1da780a51927e4fb8cbb,protocol selected midpoint,G1_only,complete,complete,True,complete,complete,G1
h105,h105-o900-d30,2,0.128,f5d50b952240cc20010db2138374560d3b17ea5ff1298496a4d345a87cc0339e,f5d50b952240cc20010db2138374560d3b17ea5ff1298496a4d345a87cc0339e,results/stage6b_jb_avg_v1/reference/f5d50b952240cc20010db2138374560d3b17ea5ff1298496a4d345a87cc0339e.json.gz,d064cd3a11719eb085c72c4b55d00546455541f8dc341ec2b479930956efdae9,protocol selected midpoint,G1_only,complete,complete,True,complete,complete,G1
h106,h106-o1100-d120,-2,0.032,7598c288755af09403fba675d730df5b54b1ee8792f65c952ddafe040de1a1a9,7598c288755af09403fba675d730df5b54b1ee8792f65c952ddafe040de1a1a9,results/stage6b_jb_avg_v1/reference/7598c288755af09403fba675d730df5b54b1ee8792f65c952ddafe040de1a1a9.json.gz,6f9f208cb70b495e9f117ce6017ee5c3a14ac7e0c0fee25def168c757b8391e7,protocol selected midpoint,G1_only,complete,complete,True,complete,complete,G1
h106,h106-o1100-d120,-1,0.032,c09fd185f69c78c60c5ca58bfa5fc9efd07d38420ff51e47218b78dfff7e6be6,c09fd185f69c78c60c5ca58bfa5fc9efd07d38420ff51e47218b78dfff7e6be6,results/stage6b_jb_avg_v1/reference/c09fd185f69c78c60c5ca58bfa5fc9efd07d38420ff51e47218b78dfff7e6be6.json.gz,ffb80217dbf7930b1074b9becd6578e5855f94305c2fa0a8586ecc8f25ef2218,protocol selected midpoint,G1_only,complete,complete,True,complete,complete,G1
h106,h106-o1100-d120,0,0.032,9bc16d3705727e289c0635548f2acb93391cdeb54ebc1726f039654b4945b491,9bc16d3705727e289c0635548f2acb93391cdeb54ebc1726f039654b4945b491,results/stage6b_jb_avg_v1/reference/9bc16d3705727e289c0635548f2acb93391cdeb54ebc1726f039654b4945b491.json.gz,95a7fa97a45891af45122cd7e92261480ba33ca81572cc38eb557a41fe9c7c47,protocol selected midpoint,G1_only,complete,complete,True,complete,complete,G1
h106,h106-o1100-d120,1,0.032,13723e3fef6a2f82acb6bdacab23c93059dbf5e8f38ea5c04fc2d4b454073890,13723e3fef6a2f82acb6bdacab23c93059dbf5e8f38ea5c04fc2d4b454073890,results/stage6b_jb_avg_v1/reference/13723e3fef6a2f82acb6bdacab23c93059dbf5e8f38ea5c04fc2d4b454073890.json.gz,c7dff5f93be52c923296317fb9286c39b9f0360f664f3a06873fb9c9b27154b3,protocol selected midpoint,G1_only,complete,complete,True,complete,complete,G1
h106,h106-o1100-d120,2,0.032,4e9063f144d132125c1bde582cf9bc23592cdc20a4df21932ef3bbce82e0dc0a,4e9063f144d132125c1bde582cf9bc23592cdc20a4df21932ef3bbce82e0dc0a,results/stage6b_jb_avg_v1/reference/4e9063f144d132125c1bde582cf9bc23592cdc20a4df21932ef3bbce82e0dc0a.json.gz,acc48e782a9ee8636e58301637d340caf8735dccc9fb92cc40bff2d38472a0ab,protocol selected midpoint,G1_only,complete,complete,True,complete,complete,G1
w201,w201,-2,0.128,61ac72fef4b1736ad96749c5bcf816d0752b2820f3d8cc3f27c1e479eb46bcd2,61ac72fef4b1736ad96749c5bcf816d0752b2820f3d8cc3f27c1e479eb46bcd2,results/stage6b_jb_avg_v1/reference/61ac72fef4b1736ad96749c5bcf816d0752b2820f3d8cc3f27c1e479eb46bcd2.json.gz,bd983256d6636a53629d0703f27215643170c06557632c5cbea99a7b480a055e,protocol selected midpoint,G1_only,complete,complete,True,complete,complete,G1
w201,w201,-1,0.128,65a1306dd8aa6a5b99a12c940a801acb6d1050947669557552a7f89f4b265907,65a1306dd8aa6a5b99a12c940a801acb6d1050947669557552a7f89f4b265907,results/stage6b_jb_avg_v1/reference/65a1306dd8aa6a5b99a12c940a801acb6d1050947669557552a7f89f4b265907.json.gz,36238651255c611437d43466048aa95a40db202c183e1202cdf10648b7d30fe6,protocol selected midpoint,G1_only,complete,complete,True,complete,complete,G1
w201,w201,0,0.128,9d75c1a19f741a09494cffa508414b093876b0cc614aaaabf6d6067cb444b227,9d75c1a19f741a09494cffa508414b093876b0cc614aaaabf6d6067cb444b227,results/stage6b_jb_avg_v1/reference/9d75c1a19f741a09494cffa508414b093876b0cc614aaaabf6d6067cb444b227.json.gz,c9e624d470ebcc2cf09bc0ce8e230d6261fff2ece42241851f27974ebab9de03,protocol selected midpoint,G1_only,complete,complete,True,complete,complete,G1
w201,w201,1,0.128,c874da750a892a62f96452bd9e6b1560de0219003292e869b7deb748f0be58c5,c874da750a892a62f96452bd9e6b1560de0219003292e869b7deb748f0be58c5,results/stage6b_jb_avg_v1/reference/c874da750a892a62f96452bd9e6b1560de0219003292e869b7deb748f0be58c5.json.gz,ce16ec70ceb8f457eb5ff7ad8d2f89aa65075c0d898dc80f5f235ea4eb3788b1,protocol selected midpoint,G1_only,complete,complete,True,complete,complete,G1
w201,w201,2,0.128,c52d696e9656641f9ac2077a0c49017f7cf05608ea759e3fce2dfe1c7c8fb614,c52d696e9656641f9ac2077a0c49017f7cf05608ea759e3fce2dfe1c7c8fb614,results/stage6b_jb_avg_v1/reference/c52d696e9656641f9ac2077a0c49017f7cf05608ea759e3fce2dfe1c7c8fb614.json.gz,9e40d21728b9dcf2dc0289e89b95707c0c38eff3fa298c9c6743ef7d8ca5d7bb,protocol selected midpoint,G1_only,complete,complete,True,complete,complete,G1
w202,w202,-2,0.032,c9677ea1e86d5dff263be7ae48b89eac1de3feb581997c2d1cdd39b7a032e456,c9677ea1e86d5dff263be7ae48b89eac1de3feb581997c2d1cdd39b7a032e456,results/stage6b_jb_avg_v1/reference/c9677ea1e86d5dff263be7ae48b89eac1de3feb581997c2d1cdd39b7a032e456.json.gz,1efe31c539f03e8197dfa318e2b564657bad9bf79462c2d48ef841247a0f3fbd,protocol selected midpoint,G1_only,complete,complete,True,complete,complete,G1
w202,w202,-1,0.032,bb23fb5ee071783dbd05f6c0b68994ff553b6f1c9be1b91b159fb98de2b5345f,bb23fb5ee071783dbd05f6c0b68994ff553b6f1c9be1b91b159fb98de2b5345f,results/stage6b_jb_avg_v1/reference/bb23fb5ee071783dbd05f6c0b68994ff553b6f1c9be1b91b159fb98de2b5345f.json.gz,03da7b096bf8df5de400b01be4db2889dd2ca844b6355d6207cba376c99c7ed4,protocol selected midpoint,G1_only,complete,complete,True,complete,complete,G1
w202,w202,0,0.032,65dc3fa70b7a640b0028c4452ee204edcae123e783672397204b9a5aa4865bf4,65dc3fa70b7a640b0028c4452ee204edcae123e783672397204b9a5aa4865bf4,results/stage6b_jb_avg_v1/reference/65dc3fa70b7a640b0028c4452ee204edcae123e783672397204b9a5aa4865bf4.json.gz,ab9b43979f0d70386f958cf17534fcff8b48ba3bb85c4fb209c8bdbf6df69c47,protocol selected midpoint,G1_only,complete,complete,True,complete,complete,G1
w202,w202,1,0.032,e23970910f56b7a9d2ecb21141ac5ba5113d5c04424d6d570e744269c861f1ba,e23970910f56b7a9d2ecb21141ac5ba5113d5c04424d6d570e744269c861f1ba,results/stage6b_jb_avg_v1/reference/e23970910f56b7a9d2ecb21141ac5ba5113d5c04424d6d570e744269c861f1ba.json.gz,5d62c84d76ad9e6aef2ca56a4ddeac3e512a8c6091583b927176abf7b72c5000,protocol selected midpoint,G1_only,complete,complete,True,complete,complete,G1
w202,w202,2,0.032,3c986eacb635e79f51ac8853d45089a442fa7f8c8895564cbe710f54ab1f9de1,3c986eacb635e79f51ac8853d45089a442fa7f8c8895564cbe710f54ab1f9de1,results/stage6b_jb_avg_v1/reference/3c986eacb635e79f51ac8853d45089a442fa7f8c8895564cbe710f54ab1f9de1.json.gz,f84ff2247030f5e8bff3334fd89d3ea828c8adaeca452b1f38cf862f0e929ea1,protocol selected midpoint,G1_only,complete,complete,True,complete,complete,G1
w203,w203,-2,0.512,b33b8e586ba5758514ee549d18e281ddb3b8851238f4b7b5794d0c22a0305cf7,b33b8e586ba5758514ee549d18e281ddb3b8851238f4b7b5794d0c22a0305cf7,results/stage6b_jb_avg_v1/reference/b33b8e586ba5758514ee549d18e281ddb3b8851238f4b7b5794d0c22a0305cf7.json.gz,5f65407871b1e923bd6c6c87ebf8fc2ad09ff0aebdcf1d3a3982147014175201,protocol selected midpoint,G1_only,complete,complete,True,complete,complete,G1
w203,w203,-1,0.512,786d4ecbe6ab6b41a2d4a4697906a14dc5d767153d166540bd7e15233764940d,786d4ecbe6ab6b41a2d4a4697906a14dc5d767153d166540bd7e15233764940d,results/stage6b_jb_avg_v1/reference/786d4ecbe6ab6b41a2d4a4697906a14dc5d767153d166540bd7e15233764940d.json.gz,bac5d7f8bb6d911628a74ca6c211ae7fcbcd06854024d3fb496b73fb97a6a568,protocol selected midpoint,G1_only,complete,complete,True,complete,complete,G1
w203,w203,0,0.512,16e2b4d1cb49648a01ad0300489b5d8f4ab847d39540aaf77f1b3f865d7f2dad,16e2b4d1cb49648a01ad0300489b5d8f4ab847d39540aaf77f1b3f865d7f2dad,results/stage6b_jb_avg_v1/reference/16e2b4d1cb49648a01ad0300489b5d8f4ab847d39540aaf77f1b3f865d7f2dad.json.gz,6c4f2e4b6bbe77d395238236216a1fc382d5a59a4d90479e20cc486d607026dc,protocol selected midpoint,G1_only,complete,complete,True,complete,complete,G1
w203,w203,1,0.512,7b33c7e5c6253291a4c6c56d902c72197c8e4a29de1a5a7fcb411759fb381f33,7b33c7e5c6253291a4c6c56d902c72197c8e4a29de1a5a7fcb411759fb381f33,results/stage6b_jb_avg_v1/reference/7b33c7e5c6253291a4c6c56d902c72197c8e4a29de1a5a7fcb411759fb381f33.json.gz,6751cd9025938e67e3b8ee51db1e7cc080220b3a4358a1a29b9a1bce82f1b66e,protocol selected midpoint,G1_only,complete,complete,True,complete,complete,G1
w203,w203,2,0.512,20a0e5c6f9727cd7c67ab863ff13b9a0a5687f17e0668a64edd38215bc9eb8ef,20a0e5c6f9727cd7c67ab863ff13b9a0a5687f17e0668a64edd38215bc9eb8ef,results/stage6b_jb_avg_v1/reference/20a0e5c6f9727cd7c67ab863ff13b9a0a5687f17e0668a64edd38215bc9eb8ef.json.gz,ca40db9469166cc776a438e777ec01ea339186e00e7a4e3aa9abf33eabe43a99,protocol selected midpoint,G1_only,complete,complete,True,complete,complete,G1
w204,w204,-2,0.032,2383464a22c07bab324a36bfca2134e1bab0eed2b82b19611c36f5e7b06b182e,2383464a22c07bab324a36bfca2134e1bab0eed2b82b19611c36f5e7b06b182e,results/stage6b_jb_avg_v1/reference/2383464a22c07bab324a36bfca2134e1bab0eed2b82b19611c36f5e7b06b182e.json.gz,87fb37be9d8f7b9492c564b97117c815c314195697913c00d65c6fdaeede28eb,protocol selected midpoint,G1_only,complete,complete,True,complete,complete,G1
w204,w204,-1,0.032,db8a64383e175e05326121baa5f2762268aabb9dd411e9ee110e7df7aa5728b5,db8a64383e175e05326121baa5f2762268aabb9dd411e9ee110e7df7aa5728b5,results/stage6b_jb_avg_v1/reference/db8a64383e175e05326121baa5f2762268aabb9dd411e9ee110e7df7aa5728b5.json.gz,ceb1024e2dbc01b3ef3faab2612af8be85c352a664353402594637fc7914f798,protocol selected midpoint,G1_only,complete,complete,True,complete,complete,G1
w204,w204,0,0.032,d43f8432436ce09443aa6bd46fc845cb9263dc3e5e1eb5551e026000671a57a8,d43f8432436ce09443aa6bd46fc845cb9263dc3e5e1eb5551e026000671a57a8,results/stage6b_jb_avg_v1/reference/d43f8432436ce09443aa6bd46fc845cb9263dc3e5e1eb5551e026000671a57a8.json.gz,ec79c00e6c5f628303f0389295700995acd12ca2855a5020810940c07e89cd48,protocol selected midpoint,G1_only,complete,complete,True,complete,complete,G1
w204,w204,1,0.032,b152ac15361f9d2ce992141274663ef1887281323444d7107b91291cdcddef75,b152ac15361f9d2ce992141274663ef1887281323444d7107b91291cdcddef75,results/stage6b_jb_avg_v1/reference/b152ac15361f9d2ce992141274663ef1887281323444d7107b91291cdcddef75.json.gz,9630456eed0d24042843092f4d7780bd727cb8dc3fd2969a35412a865066c385,protocol selected midpoint,G1_only,complete,complete,True,complete,complete,G1
w204,w204,2,0.032,bcd6420e02d51c337f07639c8968e7ed5bb4d9d624bb1674722ae72614c1cd85,bcd6420e02d51c337f07639c8968e7ed5bb4d9d624bb1674722ae72614c1cd85,results/stage6b_jb_avg_v1/reference/bcd6420e02d51c337f07639c8968e7ed5bb4d9d624bb1674722ae72614c1cd85.json.gz,dddda50a5a784f0e1e70920371a82db157fce643b8741a4d95e7670c28830a32,protocol selected midpoint,G1_only,complete,complete,True,complete,complete,G1
h101,h101-o60-d30,-2,0.045254834,cace9e39e22397005a4d862652d89d12d2f0fcec2b2e3900b0cb16b8a05094df,cace9e39e22397005a4d862652d89d12d2f0fcec2b2e3900b0cb16b8a05094df,results/stage6b_jb_avg_v1/reference/cace9e39e22397005a4d862652d89d12d2f0fcec2b2e3900b0cb16b8a05094df.json.gz,ec3369a693fbbe0a8f29f47d29e86a01213f1fb249383da247f8d7deb7a98eb4,protocol selected midpoint,G1_only,complete,complete,True,complete,complete,G1
h101,h101-o60-d30,-1,0.045254834,5a0059a8e3dd01f028f51b2567f1c085abffcf6dcc911d3c68b2bc98558fa482,5a0059a8e3dd01f028f51b2567f1c085abffcf6dcc911d3c68b2bc98558fa482,results/stage6b_jb_avg_v1/reference/5a0059a8e3dd01f028f51b2567f1c085abffcf6dcc911d3c68b2bc98558fa482.json.gz,dc18750729175ec7087528b76fc444c9b807d5e9bee0e43bcef51cd130eb6440,protocol selected midpoint,G1_only,complete,complete,True,complete,complete,G1
h101,h101-o60-d30,0,0.045254834,46ab30b58932b7455c6b1ebf4924baf8e81ea12ed188868226f9f0d645e7d622,46ab30b58932b7455c6b1ebf4924baf8e81ea12ed188868226f9f0d645e7d622,results/stage6b_jb_avg_v1/reference/46ab30b58932b7455c6b1ebf4924baf8e81ea12ed188868226f9f0d645e7d622.json.gz,fa2cff14ee638b827ac266650b57ddfbdc9f184ca565af639966da7290a50833,protocol selected midpoint,G1_only,complete,complete,True,complete,complete,G1
h101,h101-o60-d30,1,0.045254834,c7f87efa933b7de0ba98382243f5ddb4e00d2daaebb241fe817e71b5211e512b,c7f87efa933b7de0ba98382243f5ddb4e00d2daaebb241fe817e71b5211e512b,results/stage6b_jb_avg_v1/reference/c7f87efa933b7de0ba98382243f5ddb4e00d2daaebb241fe817e71b5211e512b.json.gz,567c1cbbd8f1071d856055cf700e1861d42c38a6fc192da03539fe2951acb3b9,protocol selected midpoint,G1_only,complete,complete,True,complete,complete,G1
h101,h101-o60-d30,2,0.045254834,8028c9d6b5772861ef669bd1bdc3e49e354c6c35bb6f64b9dcaff295c4fb913d,8028c9d6b5772861ef669bd1bdc3e49e354c6c35bb6f64b9dcaff295c4fb913d,results/stage6b_jb_avg_v1/reference/8028c9d6b5772861ef669bd1bdc3e49e354c6c35bb6f64b9dcaff295c4fb913d.json.gz,06a381bfdb6aa2439d99bac89260d4bc8c61e6df5977f7c02f673afdd1fbc5a7,protocol selected midpoint,G1_only,complete,complete,True,complete,complete,G1
h102,h102-o300-d120,-2,0.128,32f91391f66364af569c9aeb0c3af4f489231255909c1790447b5cdbab4c3046,32f91391f66364af569c9aeb0c3af4f489231255909c1790447b5cdbab4c3046,results/stage6b_jb_avg_v1/reference/32f91391f66364af569c9aeb0c3af4f489231255909c1790447b5cdbab4c3046.json.gz,656557efa9fb5fe6dec5a21345dcd31e4bef4a7335e0ce6982a34b5bc7ac3a88,protocol selected midpoint,G1_only,complete,complete,True,complete,complete,G1
h102,h102-o300-d120,-1,0.128,1197c5516335d1098260d3837f94c85bd42af19510a52ddf95aa43832e9a0666,1197c5516335d1098260d3837f94c85bd42af19510a52ddf95aa43832e9a0666,results/stage6b_jb_avg_v1/reference/1197c5516335d1098260d3837f94c85bd42af19510a52ddf95aa43832e9a0666.json.gz,277902339e447bf2edbb8fe811cd5d0f2fdbbc6ffb46a76508fb836915b08309,protocol selected midpoint,G1_only,complete,complete,True,complete,complete,G1
h102,h102-o300-d120,0,0.128,f62d4964724e48f0e1e5b4492334861ee25caf3754aa93a1aa7116fcaa8fcd03,f62d4964724e48f0e1e5b4492334861ee25caf3754aa93a1aa7116fcaa8fcd03,results/stage6b_jb_avg_v1/reference/f62d4964724e48f0e1e5b4492334861ee25caf3754aa93a1aa7116fcaa8fcd03.json.gz,40c5f91f74515d0abcb32d97d050c311580dfe9e6616556a22a97c2813858b25,protocol selected midpoint,G1_only,complete,complete,True,complete,complete,G1
h102,h102-o300-d120,1,0.128,2093e767c3a4cb312e0d19eb7967929b5884fc45478a57912ffb9894602dede9,2093e767c3a4cb312e0d19eb7967929b5884fc45478a57912ffb9894602dede9,results/stage6b_jb_avg_v1/reference/2093e767c3a4cb312e0d19eb7967929b5884fc45478a57912ffb9894602dede9.json.gz,4ce1ed39a066fd03c80696d0cac97556e3fad1d4e7103d79db29c84525a5b0c0,protocol selected midpoint,G1_only,complete,complete,True,complete,complete,G1
h102,h102-o300-d120,2,0.128,175a6bf5728ac334952fd6008602672d67c81c91ac4f47c5408f25169ebb6b07,175a6bf5728ac334952fd6008602672d67c81c91ac4f47c5408f25169ebb6b07,results/stage6b_jb_avg_v1/reference/175a6bf5728ac334952fd6008602672d67c81c91ac4f47c5408f25169ebb6b07.json.gz,d4aa26c66984074e68ca1ef0d2b924f673c435a7d8a207b9ee68639d047b946d,protocol selected midpoint,G1_only,complete,complete,True,complete,complete,G1
h103,h103-o500-d30,-2,0.128,f95c7102cfc43594b7a3d18978795b57d49a37fe18f462f36a305ad7d111af57,f95c7102cfc43594b7a3d18978795b57d49a37fe18f462f36a305ad7d111af57,results/stage6b_jb_avg_v1/reference/f95c7102cfc43594b7a3d18978795b57d49a37fe18f462f36a305ad7d111af57.json.gz,0c78904bd7036da39e42f43c706f71f11e93c1215d844989b8a3d832e7f2b96f,protocol selected midpoint,G1_only,complete,complete,True,complete,complete,G1
h103,h103-o500-d30,-1,0.128,37196570c2abfb8a382a6ca6ac306eaf71103ddaae63894fb0edc4cf010af057,37196570c2abfb8a382a6ca6ac306eaf71103ddaae63894fb0edc4cf010af057,results/stage6b_jb_avg_v1/reference/37196570c2abfb8a382a6ca6ac306eaf71103ddaae63894fb0edc4cf010af057.json.gz,ebca4f36efffe8d6f83e53515c979be5388a8f71555e7c429b6670b08d2d09f6,protocol selected midpoint,G1_only,complete,complete,True,complete,complete,G1
h103,h103-o500-d30,0,0.128,b4a8d33e744d4293b444bb86dbd24bb1856571b9ca7378e093ff93b51dd86ba2,b4a8d33e744d4293b444bb86dbd24bb1856571b9ca7378e093ff93b51dd86ba2,results/stage6b_jb_avg_v1/reference/b4a8d33e744d4293b444bb86dbd24bb1856571b9ca7378e093ff93b51dd86ba2.json.gz,c6a0c8d5634a434373cfaa054e92931f4b98f9a66f05fcf3a8732d811ae95547,protocol selected midpoint,G1_only,complete,complete,True,complete,complete,G1
h103,h103-o500-d30,1,0.128,3f601df35aa86ce1263c85db7c411165efcdf15e3792ace5f879ebfc79b26b15,3f601df35aa86ce1263c85db7c411165efcdf15e3792ace5f879ebfc79b26b15,results/stage6b_jb_avg_v1/reference/3f601df35aa86ce1263c85db7c411165efcdf15e3792ace5f879ebfc79b26b15.json.gz,d8b62085563b1b17d4b37488d34d46ba28b7ef1560cb6ea52b9f43dbbe6466cd,protocol selected midpoint,G1_only,complete,complete,True,complete,complete,G1
h103,h103-o500-d30,2,0.128,b107dcb1ba1c178d43acb0414c70ad905d61a37961bd565f4dc0e2fd9a0f5d13,b107dcb1ba1c178d43acb0414c70ad905d61a37961bd565f4dc0e2fd9a0f5d13,results/stage6b_jb_avg_v1/reference/b107dcb1ba1c178d43acb0414c70ad905d61a37961bd565f4dc0e2fd9a0f5d13.json.gz,7c137cdfde58a77885266a4a799c3a8360572a45987b72cf75da62a39d605486,protocol selected midpoint,G1_only,complete,complete,True,complete,complete,G1
h104,h104-o700-d120,-2,0.128,ccfb049c849ecc6dc717d152ad607938723890e66e659711493fdb1a75fbb9d1,ccfb049c849ecc6dc717d152ad607938723890e66e659711493fdb1a75fbb9d1,results/stage6b_jb_avg_v1/reference/ccfb049c849ecc6dc717d152ad607938723890e66e659711493fdb1a75fbb9d1.json.gz,e1ef12a43b56e6f2c0cd00a6282982cd022ba12fa9f4fbb8223ec417485831a9,protocol selected midpoint,G1_only,complete,complete,True,complete,complete,G1
h104,h104-o700-d120,-1,0.128,191bf6522f9d8a02734fcc5479bfab117b639daaee3d91164b974c40d6b98e4b,191bf6522f9d8a02734fcc5479bfab117b639daaee3d91164b974c40d6b98e4b,results/stage6b_jb_avg_v1/reference/191bf6522f9d8a02734fcc5479bfab117b639daaee3d91164b974c40d6b98e4b.json.gz,f80c91200f534860f79d71c9d93459c77630bffd3749cea88263a746e75c9b0d,protocol selected midpoint,G1_only,complete,complete,True,complete,complete,G1
h104,h104-o700-d120,0,0.128,1ccefba6a948a7d9136a542b8846d9693202c07e87f5e1fb44274763ad71567a,1ccefba6a948a7d9136a542b8846d9693202c07e87f5e1fb44274763ad71567a,results/stage6b_jb_avg_v1/reference/1ccefba6a948a7d9136a542b8846d9693202c07e87f5e1fb44274763ad71567a.json.gz,623d894b94580081bb1d2f46f75cca93e8628e1ecb3ece1dde2463c2b732fd68,protocol selected midpoint,G1_only,complete,complete,True,complete,complete,G1
h104,h104-o700-d120,1,0.128,4dfdc0e14169ae0f15d0226439eae9d0cca65fdcc79111716ed07283ad459c92,4dfdc0e14169ae0f15d0226439eae9d0cca65fdcc79111716ed07283ad459c92,results/stage6b_jb_avg_v1/reference/4dfdc0e14169ae0f15d0226439eae9d0cca65fdcc79111716ed07283ad459c92.json.gz,862d417d6f68c0656e14fb1acc38d38f541d0ea9a630a31214b4672d23f72ad6,protocol selected midpoint,G1_only,complete,complete,True,complete,complete,G1
h104,h104-o700-d120,2,0.128,260d8a1f81032af7f85c0660071ce8f71b9294b733d87d1a25a9c1d6efaf1335,260d8a1f81032af7f85c0660071ce8f71b9294b733d87d1a25a9c1d6efaf1335,results/stage6b_jb_avg_v1/reference/260d8a1f81032af7f85c0660071ce8f71b9294b733d87d1a25a9c1d6efaf1335.json.gz,81e8516df9b9dc73ef09585381e78bbbd67a142d5b2f573eab26cc23c1099e74,protocol selected midpoint,G1_only,complete,complete,True,complete,complete,G1
h105,h105-o900-d30,-2,0.090509668,08baf02eaad3bb1e4e1cca6ffbfdabb9ccde929c8e01afa281968da978c082c3,08baf02eaad3bb1e4e1cca6ffbfdabb9ccde929c8e01afa281968da978c082c3,results/stage6b_jb_avg_v1/reference/08baf02eaad3bb1e4e1cca6ffbfdabb9ccde929c8e01afa281968da978c082c3.json.gz,1bbdfc2d9450e2a6c666505624040a899ce21f86853918d761ac54fcd616f9c9,protocol selected midpoint,G1_only,complete,complete,True,complete,complete,G1
h105,h105-o900-d30,-1,0.090509668,689c8811e77ebf237b9f57787dab164f7e51bcc7a9897c5b7ca6c7ad9c7f01dd,689c8811e77ebf237b9f57787dab164f7e51bcc7a9897c5b7ca6c7ad9c7f01dd,results/stage6b_jb_avg_v1/reference/689c8811e77ebf237b9f57787dab164f7e51bcc7a9897c5b7ca6c7ad9c7f01dd.json.gz,164d2a950aea8acb310312e20aa8af7229aa7285ade31f59ae410109430a6a94,protocol selected midpoint,G1_only,complete,complete,True,complete,complete,G1
h105,h105-o900-d30,0,0.090509668,dbfb8ba3e76e0eb46417c239bf9c53db98ecf712be57e54d233731fe734b94ff,dbfb8ba3e76e0eb46417c239bf9c53db98ecf712be57e54d233731fe734b94ff,results/stage6b_jb_avg_v1/reference/dbfb8ba3e76e0eb46417c239bf9c53db98ecf712be57e54d233731fe734b94ff.json.gz,fb05dcf14ca84a4d1ea84db959dca28452067a5e95daa9aabae8561fcfac890c,protocol selected midpoint,G1_only,complete,complete,True,complete,complete,G1
h105,h105-o900-d30,1,0.090509668,e621f4f86abce0401f33cd6cd4a50fc6b0cc3b5addc733115b96c28820075ba5,e621f4f86abce0401f33cd6cd4a50fc6b0cc3b5addc733115b96c28820075ba5,results/stage6b_jb_avg_v1/reference/e621f4f86abce0401f33cd6cd4a50fc6b0cc3b5addc733115b96c28820075ba5.json.gz,e1778d8d350b51859fe87b9b50c151a8f8bee162f190cae141a08baaf0375978,protocol selected midpoint,G1_only,complete,complete,True,complete,complete,G1
h105,h105-o900-d30,2,0.090509668,8c5861564f20bcbc52133a9aa2a4d051a6353932b095bff13edee91d9975b6d3,8c5861564f20bcbc52133a9aa2a4d051a6353932b095bff13edee91d9975b6d3,results/stage6b_jb_avg_v1/reference/8c5861564f20bcbc52133a9aa2a4d051a6353932b095bff13edee91d9975b6d3.json.gz,7681f390cf5e12b417f77aa0a2ca3a89d9b5e3092b35f6dce118f0de073a39d4,protocol selected midpoint,G1_only,complete,complete,True,complete,complete,G1
h106,h106-o1100-d120,-2,0.045254834,e5e014d771e26af65f0f805644ea283a18a67369c1f40b28f592465b42881bd9,e5e014d771e26af65f0f805644ea283a18a67369c1f40b28f592465b42881bd9,results/stage6b_jb_avg_v1/reference/e5e014d771e26af65f0f805644ea283a18a67369c1f40b28f592465b42881bd9.json.gz,3b80e09bdeb2d9874a0914c27447a708862025a6c0c63cf4f690cef24b609866,protocol selected midpoint,G1_only,complete,complete,True,complete,complete,G1
h106,h106-o1100-d120,-1,0.045254834,5ca8c4e28356b2cd633cd4a20f701ce72b9060447695db2a677e17e1c446c0a1,5ca8c4e28356b2cd633cd4a20f701ce72b9060447695db2a677e17e1c446c0a1,results/stage6b_jb_avg_v1/reference/5ca8c4e28356b2cd633cd4a20f701ce72b9060447695db2a677e17e1c446c0a1.json.gz,ec5eeb419a897e42298167fc8f602eaae9945c228c08e7ba29b020e0ce1bb7c1,protocol selected midpoint,G1_only,complete,complete,True,complete,complete,G1
h106,h106-o1100-d120,0,0.045254834,118bb0e5b3d045f129df454f0690ec1092a6ecde78a977b46eede97b221a6325,118bb0e5b3d045f129df454f0690ec1092a6ecde78a977b46eede97b221a6325,results/stage6b_jb_avg_v1/reference/118bb0e5b3d045f129df454f0690ec1092a6ecde78a977b46eede97b221a6325.json.gz,9338a6db43f715daf6dc76c372006964626ee0c3a6a6f7b578edf2cbbb8828f7,protocol selected midpoint,G1_only,complete,complete,True,complete,complete,G1
h106,h106-o1100-d120,1,0.045254834,279606eda2ccca0480e93fff32aab007f159b6c6b1710f6a0e8f323e68aaae49,279606eda2ccca0480e93fff32aab007f159b6c6b1710f6a0e8f323e68aaae49,results/stage6b_jb_avg_v1/reference/279606eda2ccca0480e93fff32aab007f159b6c6b1710f6a0e8f323e68aaae49.json.gz,aa0a4c7da4a9a6a4fd5dd0d708b7875484f49a664beaaf40dc832325457a3b92,protocol selected midpoint,G1_only,complete,complete,True,complete,complete,G1
h106,h106-o1100-d120,2,0.045254834,41e35a54a86df4cb339ebb0e803df6d80ebfcb6f64cbf98cf3268caca00fed2a,41e35a54a86df4cb339ebb0e803df6d80ebfcb6f64cbf98cf3268caca00fed2a,results/stage6b_jb_avg_v1/reference/41e35a54a86df4cb339ebb0e803df6d80ebfcb6f64cbf98cf3268caca00fed2a.json.gz,db181de41e2392c587571337c8b0a13d9f10033b88ffdabe61b4d90271fd2c32,protocol selected midpoint,G1_only,complete,complete,True,complete,complete,G1
w201,w201,-2,0.045254834,8d1d9edf8b27ac165833a4831e83a0d467154d2c1207c74d0d3517fbbe8d088b,8d1d9edf8b27ac165833a4831e83a0d467154d2c1207c74d0d3517fbbe8d088b,results/stage6b_jb_avg_v1/reference/8d1d9edf8b27ac165833a4831e83a0d467154d2c1207c74d0d3517fbbe8d088b.json.gz,84656407cc76a47272905407ca21e2f78bddf08bb1a8b92f25a9b1080fa26f5a,protocol selected midpoint,G1_only,complete,complete,True,complete,complete,G1
w201,w201,-1,0.045254834,e80eff2d7b4deb877307f0b6cad74bb6e6774d0a894bdee8e5e7a0a0ff9b2e74,e80eff2d7b4deb877307f0b6cad74bb6e6774d0a894bdee8e5e7a0a0ff9b2e74,results/stage6b_jb_avg_v1/reference/e80eff2d7b4deb877307f0b6cad74bb6e6774d0a894bdee8e5e7a0a0ff9b2e74.json.gz,d7f38579e85bc808ab40837ab93d37f4036995e35744b1c8d271057567ceab7c,protocol selected midpoint,G1_only,complete,complete,True,complete,complete,G1
w201,w201,0,0.045254834,ae1867c2f887a032aa06e1410ff562e982125ee90c461c812f32d8daec1cd685,ae1867c2f887a032aa06e1410ff562e982125ee90c461c812f32d8daec1cd685,results/stage6b_jb_avg_v1/reference/ae1867c2f887a032aa06e1410ff562e982125ee90c461c812f32d8daec1cd685.json.gz,cf5c3a8dde9d62f8aaa4e7d51f7f1e56470a771a8a7e5e518d7ccfa4cff6c967,protocol selected midpoint,G1_only,complete,complete,True,complete,complete,G1
w201,w201,1,0.045254834,c9ecb5c9500e7ac3d432ce9ccc452cce8e8d13c9e0b9a8c2e9d3330c90403492,c9ecb5c9500e7ac3d432ce9ccc452cce8e8d13c9e0b9a8c2e9d3330c90403492,results/stage6b_jb_avg_v1/reference/c9ecb5c9500e7ac3d432ce9ccc452cce8e8d13c9e0b9a8c2e9d3330c90403492.json.gz,e0ed53679e8d4e2ee10a7ed34ff9e46b4b67ca8b1274f6f469fa42541027a7d3,protocol selected midpoint,G1_only,complete,complete,True,complete,complete,G1
w201,w201,2,0.045254834,d1c7855f535ec3dd716c056446c1eca6a8599415729c053e8130a7840170118e,d1c7855f535ec3dd716c056446c1eca6a8599415729c053e8130a7840170118e,results/stage6b_jb_avg_v1/reference/d1c7855f535ec3dd716c056446c1eca6a8599415729c053e8130a7840170118e.json.gz,879fac6c5e1fced2763198ec86fb69721282383154f3db4cb3642e3e21acf807,protocol selected midpoint,G1_only,complete,complete,True,complete,complete,G1
w202,w202,-2,0.045254834,daffa23ffa5a1f2447594515e28b5781e7073b4615f98fdc47d8a57b2551e9c5,daffa23ffa5a1f2447594515e28b5781e7073b4615f98fdc47d8a57b2551e9c5,results/stage6b_jb_avg_v1/reference/daffa23ffa5a1f2447594515e28b5781e7073b4615f98fdc47d8a57b2551e9c5.json.gz,57023a2787141d0aff8cd389845b487cba6100c85cb03b29a66201781be523e3,protocol selected midpoint,G1_only,complete,complete,True,complete,complete,G1
w202,w202,-1,0.045254834,244698b080c35e9d379a51b3707c75f8fe33a69fe13ca9c4fd4041dc29f7f6ca,244698b080c35e9d379a51b3707c75f8fe33a69fe13ca9c4fd4041dc29f7f6ca,results/stage6b_jb_avg_v1/reference/244698b080c35e9d379a51b3707c75f8fe33a69fe13ca9c4fd4041dc29f7f6ca.json.gz,461881aec0bd87e9ee7beba2d8eb6d80b869e5aac2bd2d48d5d74be89c70b2f7,protocol selected midpoint,G1_only,complete,complete,True,complete,complete,G1
w202,w202,0,0.045254834,17e8d2233aab5ed48f708633bde1d5e01e4f8cbdd8e99e95fc9c6b5bfa9fe72b,17e8d2233aab5ed48f708633bde1d5e01e4f8cbdd8e99e95fc9c6b5bfa9fe72b,results/stage6b_jb_avg_v1/reference/17e8d2233aab5ed48f708633bde1d5e01e4f8cbdd8e99e95fc9c6b5bfa9fe72b.json.gz,f085821f1a85dd44d7a103a62bbaff79cdf89abc9ab64e3c134b7ec779d1ec1b,protocol selected midpoint,G1_only,complete,complete,True,complete,complete,G1
w202,w202,1,0.045254834,fea8353f7c71177a28fa209ed87cd2ed2cf771878b6ac845b12dc92441986d3a,fea8353f7c71177a28fa209ed87cd2ed2cf771878b6ac845b12dc92441986d3a,results/stage6b_jb_avg_v1/reference/fea8353f7c71177a28fa209ed87cd2ed2cf771878b6ac845b12dc92441986d3a.json.gz,7fb8cd669dba8536dfe2930ca1ef20634d96f22a92e90333ff903648159d86f8,protocol selected midpoint,G1_only,complete,complete,True,complete,complete,G1
w202,w202,2,0.045254834,407987ad7848dc2f6954d9472266d911dca6e229bbfec8808193717e3a9694ff,407987ad7848dc2f6954d9472266d911dca6e229bbfec8808193717e3a9694ff,results/stage6b_jb_avg_v1/reference/407987ad7848dc2f6954d9472266d911dca6e229bbfec8808193717e3a9694ff.json.gz,1c0733579fe3121458d52b1a94378b55147a38bf4355ec650ea0016e4d276c16,protocol selected midpoint,G1_only,complete,complete,True,complete,complete,G1
w203,w203,-2,0.181019336,301151c2edbe1774e0f46bb65cc584d428a8293a978897961b832794bb179bfd,301151c2edbe1774e0f46bb65cc584d428a8293a978897961b832794bb179bfd,results/stage6b_jb_avg_v1/reference/301151c2edbe1774e0f46bb65cc584d428a8293a978897961b832794bb179bfd.json.gz,44b7a0197c6ab0a96f1ad7917a7be5880a7774a7f0ad18df9bc511162597330f,protocol selected midpoint,G1_only,complete,complete,True,complete,complete,G1
w203,w203,-1,0.181019336,76ad1617e42141b591455a07636f57fc1b234abb264cb035cf2f017d89f151e0,76ad1617e42141b591455a07636f57fc1b234abb264cb035cf2f017d89f151e0,results/stage6b_jb_avg_v1/reference/76ad1617e42141b591455a07636f57fc1b234abb264cb035cf2f017d89f151e0.json.gz,eda4c7b1e1f61b5b96d820f0ff5dbdc8faf3f85599aff86cf5a4c14072b65015,protocol selected midpoint,G1_only,complete,complete,True,complete,complete,G1
w203,w203,0,0.181019336,3c1a8857a291ef97b469713958bf9a5e349f51317b7788ceb630c8d8b804da92,3c1a8857a291ef97b469713958bf9a5e349f51317b7788ceb630c8d8b804da92,results/stage6b_jb_avg_v1/reference/3c1a8857a291ef97b469713958bf9a5e349f51317b7788ceb630c8d8b804da92.json.gz,1b270556ecb553f20260e82a1f3cbd595db4ee064909e76a997d67e101aec61a,protocol selected midpoint,G1_only,complete,complete,True,complete,complete,G1
w203,w203,1,0.181019336,4ae7630b418187b02d848ef2c7a99eed120a6982a67be03e1bf641379b0ce25f,4ae7630b418187b02d848ef2c7a99eed120a6982a67be03e1bf641379b0ce25f,results/stage6b_jb_avg_v1/reference/4ae7630b418187b02d848ef2c7a99eed120a6982a67be03e1bf641379b0ce25f.json.gz,8a23e07f552887b1233498cd6093f956785c20662975a8ddcd6cfb73fb04edc3,protocol selected midpoint,G1_only,complete,complete,True,complete,complete,G1
w203,w203,2,0.181019336,fecf46fb3c8d475e0f946194a792efc428038614a75e3f57b7cc59692c3edc8d,fecf46fb3c8d475e0f946194a792efc428038614a75e3f57b7cc59692c3edc8d,results/stage6b_jb_avg_v1/reference/fecf46fb3c8d475e0f946194a792efc428038614a75e3f57b7cc59692c3edc8d.json.gz,a49a8835c16e6488d51dd6eff3067935aee2219d57b0750df1d80d37539240c7,protocol selected midpoint,G1_only,complete,complete,True,complete,complete,G1
w204,w204,-2,0.128,2c08615c5fcd9386532ba95cdf572fd2f6dad6f2b7b1c75580abce49ab431cfd,2c08615c5fcd9386532ba95cdf572fd2f6dad6f2b7b1c75580abce49ab431cfd,results/stage6b_jb_avg_v1/reference/2c08615c5fcd9386532ba95cdf572fd2f6dad6f2b7b1c75580abce49ab431cfd.json.gz,4043e44d604c850ddcfc2c02543166624dfbfa329aeed02dcd7db952979a4175,protocol selected midpoint,G1_only,complete,complete,True,complete,complete,G1
w204,w204,-1,0.128,1d8536ff4c3a3395096ecbeb52f00dc8ee00c51dd25ecd6bef962e9689c403f5,1d8536ff4c3a3395096ecbeb52f00dc8ee00c51dd25ecd6bef962e9689c403f5,results/stage6b_jb_avg_v1/reference/1d8536ff4c3a3395096ecbeb52f00dc8ee00c51dd25ecd6bef962e9689c403f5.json.gz,93880ce75127ff09e828fa213a2db8868abb736f1f80764ede8a896cf08887e2,protocol selected midpoint,G1_only,complete,complete,True,complete,complete,G1
w204,w204,0,0.128,40afe6df425d9fa473cafd0de950e94345c6f3531ab61c1be50fd13a8eb794ab,40afe6df425d9fa473cafd0de950e94345c6f3531ab61c1be50fd13a8eb794ab,results/stage6b_jb_avg_v1/reference/40afe6df425d9fa473cafd0de950e94345c6f3531ab61c1be50fd13a8eb794ab.json.gz,60bc6fd61605767bbbe21d08d64d8b8dcf87dd6e837e58c74f57e35a0739f1f1,protocol selected midpoint,G1_only,complete,complete,True,complete,complete,G1
w204,w204,1,0.128,dfb5206dae79ddd5e503fe7e97f37d1ce1bb3c85c393f8db3ec5403729760a92,dfb5206dae79ddd5e503fe7e97f37d1ce1bb3c85c393f8db3ec5403729760a92,results/stage6b_jb_avg_v1/reference/dfb5206dae79ddd5e503fe7e97f37d1ce1bb3c85c393f8db3ec5403729760a92.json.gz,640d11d27953f1fad6e398a2cb28ac12a2d415a767d848d31ccd1d8fff479e6c,protocol selected midpoint,G1_only,complete,complete,True,complete,complete,G1
w204,w204,2,0.128,89df5f6ab5d427ae6846e10c0bc4ab5dc79d23ed1df24d313695df3b873d4975,89df5f6ab5d427ae6846e10c0bc4ab5dc79d23ed1df24d313695df3b873d4975,results/stage6b_jb_avg_v1/reference/89df5f6ab5d427ae6846e10c0bc4ab5dc79d23ed1df24d313695df3b873d4975.json.gz,6eefb8a42c871aa10d1c90860acf8e0fb57129b90f08876da20d2f67d49bd920,protocol selected midpoint,G1_only,complete,complete,True,complete,complete,G1
h101,h101-o60-d30,-2,0.090509668,49981da485cd2c38ea0fc66a9520b689905896fe7dc28d5a4f37f867a68165b0,49981da485cd2c38ea0fc66a9520b689905896fe7dc28d5a4f37f867a68165b0,results/stage6b_jb_avg_v1/reference/49981da485cd2c38ea0fc66a9520b689905896fe7dc28d5a4f37f867a68165b0.json.gz,f74bdf8c9694387955716aa4887b3da89a260c1b0d4a1b013adf1dca00a65449,protocol selected midpoint,G1_only,complete,complete,True,complete,complete,G1
h101,h101-o60-d30,-1,0.090509668,6e06329930ecac3704d3284e2f1a57a66e751b293d3697c23e347b234143ded4,6e06329930ecac3704d3284e2f1a57a66e751b293d3697c23e347b234143ded4,results/stage6b_jb_avg_v1/reference/6e06329930ecac3704d3284e2f1a57a66e751b293d3697c23e347b234143ded4.json.gz,f68721d9192a1a9c3d019d5580a11ff5ed68cfb3ad446a841fb547fc04ecf345,protocol selected midpoint,G1_only,complete,complete,True,complete,complete,G1
h101,h101-o60-d30,0,0.090509668,b113db5b28d0ad07ae2d0cdef3231cd63fb85d960764f71b4c093239dcbcec37,b113db5b28d0ad07ae2d0cdef3231cd63fb85d960764f71b4c093239dcbcec37,results/stage6b_jb_avg_v1/reference/b113db5b28d0ad07ae2d0cdef3231cd63fb85d960764f71b4c093239dcbcec37.json.gz,3f8a2648ddeafad8e441a44b09613774e7f6a9a43a6498a2b1f03137bb87b486,protocol selected midpoint,G1_only,complete,complete,True,complete,complete,G1
h101,h101-o60-d30,1,0.090509668,e316f5cf0585b1b3e0fb49e2985cdc7b0d90165614bf4115ef11b1070002245a,e316f5cf0585b1b3e0fb49e2985cdc7b0d90165614bf4115ef11b1070002245a,results/stage6b_jb_avg_v1/reference/e316f5cf0585b1b3e0fb49e2985cdc7b0d90165614bf4115ef11b1070002245a.json.gz,a4a8abef40be8132d1e2d21fc3c3d98268cbe277feabd6a51c1f4c15566e5f15,protocol selected midpoint,G1_only,complete,complete,True,complete,complete,G1
h101,h101-o60-d30,2,0.090509668,0724de13d305235b33b9b8c1c865b339c6f29e68e3e6ca0a093ffe5eca96107d,0724de13d305235b33b9b8c1c865b339c6f29e68e3e6ca0a093ffe5eca96107d,results/stage6b_jb_avg_v1/reference/0724de13d305235b33b9b8c1c865b339c6f29e68e3e6ca0a093ffe5eca96107d.json.gz,7c1548c549bdf6291171da75c96d0fb5a194e12d49b869c32c0eb200844ae640,protocol selected midpoint,G1_only,complete,complete,True,complete,complete,G1
h102,h102-o300-d120,-2,0.045254834,0b13f88b2192fd9bcab2b9ae11fe32f5e7f832079f9af53735535303be3b5aae,0b13f88b2192fd9bcab2b9ae11fe32f5e7f832079f9af53735535303be3b5aae,results/stage6b_jb_avg_v1/reference/0b13f88b2192fd9bcab2b9ae11fe32f5e7f832079f9af53735535303be3b5aae.json.gz,1adb4562592f1fdedb561b3fc550d2b5e4c9789413a094fd8c35a529ec96082b,protocol selected midpoint,G1_only,complete,complete,True,complete,complete,G1
h102,h102-o300-d120,-1,0.045254834,72df4c88c4f2b7a81b684164ecc7c15acc5f22e32765783c9f8ce3997edf1cbd,72df4c88c4f2b7a81b684164ecc7c15acc5f22e32765783c9f8ce3997edf1cbd,results/stage6b_jb_avg_v1/reference/72df4c88c4f2b7a81b684164ecc7c15acc5f22e32765783c9f8ce3997edf1cbd.json.gz,7e756118000bf18655a86fe48eddbbc54b3958f157ac727be3ee904342e92f0f,protocol selected midpoint,G1_only,complete,complete,True,complete,complete,G1
h102,h102-o300-d120,0,0.045254834,bd6b6d55bc683aa67e4c093245031e1a734013d0064218729bbcd650901653d5,bd6b6d55bc683aa67e4c093245031e1a734013d0064218729bbcd650901653d5,results/stage6b_jb_avg_v1/reference/bd6b6d55bc683aa67e4c093245031e1a734013d0064218729bbcd650901653d5.json.gz,a8d404f02217aca2ddc36f80b593824b7c1875a4559e88664e1bedb370d9d3f5,protocol selected midpoint,G1_only,complete,complete,True,complete,complete,G1
h102,h102-o300-d120,1,0.045254834,6a78100f3afcd9c845d5d7836e986a2d42389377d3618245566c15586457c22d,6a78100f3afcd9c845d5d7836e986a2d42389377d3618245566c15586457c22d,results/stage6b_jb_avg_v1/reference/6a78100f3afcd9c845d5d7836e986a2d42389377d3618245566c15586457c22d.json.gz,b2e7c84f82ea6819ef06cbcb3a31c616ca57ab4abb3eccbab43acc1670366260,protocol selected midpoint,G1_only,complete,complete,True,complete,complete,G1
h102,h102-o300-d120,2,0.045254834,57231b3beb63ec9fa1295c84abb651cc962edc3ce69595ba22945ef9e248977a,57231b3beb63ec9fa1295c84abb651cc962edc3ce69595ba22945ef9e248977a,results/stage6b_jb_avg_v1/reference/57231b3beb63ec9fa1295c84abb651cc962edc3ce69595ba22945ef9e248977a.json.gz,7ea10276ebbaa761a5fd3a1ff7a2db06bcde2f6e2ac7d33e50215316a7bdd48e,protocol selected midpoint,G1_only,complete,complete,True,complete,complete,G1
h103,h103-o500-d30,-2,0.045254834,be05143ba154b8080b8fad807e897d62192f1e1feb4610ccb354c93c1b673755,be05143ba154b8080b8fad807e897d62192f1e1feb4610ccb354c93c1b673755,results/stage6b_jb_avg_v1/reference/be05143ba154b8080b8fad807e897d62192f1e1feb4610ccb354c93c1b673755.json.gz,6f946bda82e9c50148b2b7ae9d48be4953ffc718bf2f85e823de5f70821a95f1,protocol selected midpoint,G1_only,complete,complete,True,complete,complete,G1
h103,h103-o500-d30,-1,0.045254834,5b66dd9dda217db84e1c1423d76ccc2770209e82819003059721e2d9132cd084,5b66dd9dda217db84e1c1423d76ccc2770209e82819003059721e2d9132cd084,results/stage6b_jb_avg_v1/reference/5b66dd9dda217db84e1c1423d76ccc2770209e82819003059721e2d9132cd084.json.gz,01f05a14e7945d90e4539fa2e12e1c6197751e5e928c29c3b8cb5009001ba2a1,protocol selected midpoint,G1_only,complete,complete,True,complete,complete,G1
h103,h103-o500-d30,0,0.045254834,8179d54bd41fa6ceaaf4f98002f46394abe8a0fde249beea3eed87451899c26d,8179d54bd41fa6ceaaf4f98002f46394abe8a0fde249beea3eed87451899c26d,results/stage6b_jb_avg_v1/reference/8179d54bd41fa6ceaaf4f98002f46394abe8a0fde249beea3eed87451899c26d.json.gz,e9e202875359cb9c990141564daefc80aeca78b3ff9e972674dac086add7f960,protocol selected midpoint,G1_only,complete,complete,True,complete,complete,G1
h103,h103-o500-d30,1,0.045254834,b0b58ae6fe4e77ba7ac28682921d4762279bf7236fbb731ee2efe055b2b6bec3,b0b58ae6fe4e77ba7ac28682921d4762279bf7236fbb731ee2efe055b2b6bec3,results/stage6b_jb_avg_v1/reference/b0b58ae6fe4e77ba7ac28682921d4762279bf7236fbb731ee2efe055b2b6bec3.json.gz,94bc2b1ad8e29fccae99267c2f419657d802c967e39b7ac6b31a72b8050c735c,protocol selected midpoint,G1_only,complete,complete,True,complete,complete,G1
h103,h103-o500-d30,2,0.045254834,c5557d2b9ba8c32b19002f7c95167ace0b2bef4652a47962bd0d623a41f1ad59,c5557d2b9ba8c32b19002f7c95167ace0b2bef4652a47962bd0d623a41f1ad59,results/stage6b_jb_avg_v1/reference/c5557d2b9ba8c32b19002f7c95167ace0b2bef4652a47962bd0d623a41f1ad59.json.gz,020fdd97304c04570d0fa10e0534cf1b5389a9d094c86b456661a04d1d23c47a,protocol selected midpoint,G1_only,complete,complete,True,complete,complete,G1
h104,h104-o700-d120,-2,0.022627417,e1c67856df6b9f7f6436acf5ef9f9d329a0b5e07d7babf7619ddb17a5d0ff32c,e1c67856df6b9f7f6436acf5ef9f9d329a0b5e07d7babf7619ddb17a5d0ff32c,results/stage6b_jb_avg_v1/reference/e1c67856df6b9f7f6436acf5ef9f9d329a0b5e07d7babf7619ddb17a5d0ff32c.json.gz,0ea4f8ada5e1bae711fe397bc4fb76a59a5735102fe4e670e542973c13ddc30e,protocol selected midpoint,G1_only,complete,complete,True,complete,complete,G1
h104,h104-o700-d120,-1,0.022627417,5be0553c06417f842767706fb1bbc31527969041d19dd1625b01d8bcc0b0e96b,5be0553c06417f842767706fb1bbc31527969041d19dd1625b01d8bcc0b0e96b,results/stage6b_jb_avg_v1/reference/5be0553c06417f842767706fb1bbc31527969041d19dd1625b01d8bcc0b0e96b.json.gz,e7d969c1eeb12f60018de3f2ac2c446fac3ec7abd4bba1ed6981696080d6f220,protocol selected midpoint,G1_only,complete,complete,True,complete,complete,G1
h104,h104-o700-d120,0,0.022627417,f91a6ebd833a49284613c0bfc9e603aa3c75d512d8db20baf9d42f817748cea3,f91a6ebd833a49284613c0bfc9e603aa3c75d512d8db20baf9d42f817748cea3,results/stage6b_jb_avg_v1/reference/f91a6ebd833a49284613c0bfc9e603aa3c75d512d8db20baf9d42f817748cea3.json.gz,10df2a35f350b4f4aa984e16990621e513463c39e810dc266598e88d5f7285c2,protocol selected midpoint,G1_only,complete,complete,True,complete,complete,G1
h104,h104-o700-d120,1,0.022627417,62b22c188cd7d1ac28a0d8c3e5dfa4d076b2e0db5c6d23452d600a815e5ab791,62b22c188cd7d1ac28a0d8c3e5dfa4d076b2e0db5c6d23452d600a815e5ab791,results/stage6b_jb_avg_v1/reference/62b22c188cd7d1ac28a0d8c3e5dfa4d076b2e0db5c6d23452d600a815e5ab791.json.gz,175595670b561fadf201f6c8b284d236d8f06bca07701d54e7e9a82ff510aeb9,protocol selected midpoint,G1_only,complete,complete,True,complete,complete,G1
h104,h104-o700-d120,2,0.022627417,0ae21079f64709c32a39e9f90d5fe254f96d95e82ea0a3c616632c1ae8bafc45,0ae21079f64709c32a39e9f90d5fe254f96d95e82ea0a3c616632c1ae8bafc45,results/stage6b_jb_avg_v1/reference/0ae21079f64709c32a39e9f90d5fe254f96d95e82ea0a3c616632c1ae8bafc45.json.gz,86ee7616880bfd45d7a9435b683012ff11efd9a31e3fc2be219b9e4dc6d57874,protocol selected midpoint,G1_only,complete,complete,True,complete,complete,G1
h105,h105-o900-d30,-2,0.181019336,5c0ee9fda5bbca5b2392978da388ae27640fc518466a9e3c85530d95aa0faac6,5c0ee9fda5bbca5b2392978da388ae27640fc518466a9e3c85530d95aa0faac6,results/stage6b_jb_avg_v1/reference/5c0ee9fda5bbca5b2392978da388ae27640fc518466a9e3c85530d95aa0faac6.json.gz,b2c4b3d2b60283726e3851e4e50c84de01e787f81b7e4daf364dd50712bb1a91,protocol selected midpoint,G1_only,complete,complete,True,complete,complete,G1
h105,h105-o900-d30,-1,0.181019336,d706e347dd917a5088e02dc2c80bf41b87cb6c1b2d25af9db89a90d6d8243d14,d706e347dd917a5088e02dc2c80bf41b87cb6c1b2d25af9db89a90d6d8243d14,results/stage6b_jb_avg_v1/reference/d706e347dd917a5088e02dc2c80bf41b87cb6c1b2d25af9db89a90d6d8243d14.json.gz,e3bad24e57b75c09e86a164d61cfba2e210435a6b87c03861d23e7b28d0ac7ba,protocol selected midpoint,G1_only,complete,complete,True,complete,complete,G1
h105,h105-o900-d30,0,0.181019336,e9db092248c63aa2d9cf85e964f81191573aad675f3cc56181ba5a3d6c8a9253,e9db092248c63aa2d9cf85e964f81191573aad675f3cc56181ba5a3d6c8a9253,results/stage6b_jb_avg_v1/reference/e9db092248c63aa2d9cf85e964f81191573aad675f3cc56181ba5a3d6c8a9253.json.gz,adb642e03d32b011e748753fcc59fa7611967407797225aefc1933db27287cd7,protocol selected midpoint,G1_only,complete,complete,True,complete,complete,G1
h105,h105-o900-d30,1,0.181019336,3fb34ecbf4ea5db0791581be8a3b157332ea094c89d489ec373d13f5ed692fda,3fb34ecbf4ea5db0791581be8a3b157332ea094c89d489ec373d13f5ed692fda,results/stage6b_jb_avg_v1/reference/3fb34ecbf4ea5db0791581be8a3b157332ea094c89d489ec373d13f5ed692fda.json.gz,7d4d9283f646f4064dfa148e6dad9335d11c7bb72902ba71c1987901a0476b3a,protocol selected midpoint,G1_only,complete,complete,True,complete,complete,G1
h105,h105-o900-d30,2,0.181019336,88d72c81a6246453c8f6bed30743b4b6f01d31c6e41c2f8a9abedda904f54b45,88d72c81a6246453c8f6bed30743b4b6f01d31c6e41c2f8a9abedda904f54b45,results/stage6b_jb_avg_v1/reference/88d72c81a6246453c8f6bed30743b4b6f01d31c6e41c2f8a9abedda904f54b45.json.gz,f73565fe080301b57513a07829fa5e8063287b53b9e5d6d4710d18b94a79b5d9,protocol selected midpoint,G1_only,complete,complete,True,complete,complete,G1
h106,h106-o1100-d120,-2,0.7240773439,2734bb7ddee3392d2d59e7d0f15f8aec8728026a45315a78426be3c3a4b82aca,2734bb7ddee3392d2d59e7d0f15f8aec8728026a45315a78426be3c3a4b82aca,results/stage6b_jb_avg_v1/reference/2734bb7ddee3392d2d59e7d0f15f8aec8728026a45315a78426be3c3a4b82aca.json.gz,cd2e3b9389718e034e418f969db723759c9e9579ed564dc94c5d5be08a4e2e9f,protocol selected midpoint,G1_only,complete,complete,True,complete,complete,G1
h106,h106-o1100-d120,-1,0.7240773439,221078a08ebfd688196114552687844ede150ef628614ebb06a4ca21f19939c9,221078a08ebfd688196114552687844ede150ef628614ebb06a4ca21f19939c9,results/stage6b_jb_avg_v1/reference/221078a08ebfd688196114552687844ede150ef628614ebb06a4ca21f19939c9.json.gz,c9da61230ab6a468fd18c2c248a807ad4a80998ab79172564a5bd5cce5cf7588,protocol selected midpoint,G1_only,complete,complete,True,complete,complete,G1
h106,h106-o1100-d120,0,0.7240773439,76671d19e5e44aee07356ed61651710b98db830984678e6214c3ca3561835523,76671d19e5e44aee07356ed61651710b98db830984678e6214c3ca3561835523,results/stage6b_jb_avg_v1/reference/76671d19e5e44aee07356ed61651710b98db830984678e6214c3ca3561835523.json.gz,64e353a91fcda59e1ec42080e32f8ae273fdf7d0deeccf68f8512827a4509fb4,protocol selected midpoint,G1_only,complete,complete,True,complete,complete,G1
h106,h106-o1100-d120,1,0.7240773439,b4cc9889c52ca7b8e8b78f99e2bcdb05e82a21606fec0cf2f45412dd20bd3e18,b4cc9889c52ca7b8e8b78f99e2bcdb05e82a21606fec0cf2f45412dd20bd3e18,results/stage6b_jb_avg_v1/reference/b4cc9889c52ca7b8e8b78f99e2bcdb05e82a21606fec0cf2f45412dd20bd3e18.json.gz,5d66d5d6b6d4245d0751084347d834e65442d98d075c5813f407dfb7d2ced1f3,protocol selected midpoint,G1_only,complete,complete,True,complete,complete,G1
h106,h106-o1100-d120,2,0.7240773439,c677cb2184a846e6d6f7801a489244c377f9089ec4efcaf52bef92aa0649e784,c677cb2184a846e6d6f7801a489244c377f9089ec4efcaf52bef92aa0649e784,results/stage6b_jb_avg_v1/reference/c677cb2184a846e6d6f7801a489244c377f9089ec4efcaf52bef92aa0649e784.json.gz,0b767839f049b8e88fbdd70ae921ec0f55eac3d54671fd6065d2146a6708b006,protocol selected midpoint,G1_only,complete,complete,True,complete,complete,G1
w201,w201,-2,0.090509668,73cb40b7ed613f722c5d46349694d8816274a47f6456789ca3f802682e1ef3b9,73cb40b7ed613f722c5d46349694d8816274a47f6456789ca3f802682e1ef3b9,results/stage6b_jb_avg_v1/reference/73cb40b7ed613f722c5d46349694d8816274a47f6456789ca3f802682e1ef3b9.json.gz,ad3f30f73105267c0ca0b8dc01ecf90ac7d99e32d0abcae4857de008343c797f,protocol selected midpoint,G1_only,complete,complete,True,complete,complete,G1
w201,w201,-1,0.090509668,2d4beb5daec4eeaa1af0452a4e43249848e3a5d2e751010aa10e09bc2615eecc,2d4beb5daec4eeaa1af0452a4e43249848e3a5d2e751010aa10e09bc2615eecc,results/stage6b_jb_avg_v1/reference/2d4beb5daec4eeaa1af0452a4e43249848e3a5d2e751010aa10e09bc2615eecc.json.gz,d253d5b03acfa475f4a27f5193a1c0978b0afab606dc52b9a31212da8d5b8b60,protocol selected midpoint,G1_only,complete,complete,True,complete,complete,G1
w201,w201,0,0.090509668,e06eea797df707e691df96c567d4a6e967fb8c4e77fbe7a7e0f4892d2e7fda6d,e06eea797df707e691df96c567d4a6e967fb8c4e77fbe7a7e0f4892d2e7fda6d,results/stage6b_jb_avg_v1/reference/e06eea797df707e691df96c567d4a6e967fb8c4e77fbe7a7e0f4892d2e7fda6d.json.gz,9ea687325ef4825e613930f0242d2ac112d8c8de1f2d7a25bb9d1114223c90af,protocol selected midpoint,G1_only,complete,complete,True,complete,complete,G1
w201,w201,1,0.090509668,ac2dd7ab9c8a49d580d06002de75c67d720e6635929b7031422d9efa9c4dee9b,ac2dd7ab9c8a49d580d06002de75c67d720e6635929b7031422d9efa9c4dee9b,results/stage6b_jb_avg_v1/reference/ac2dd7ab9c8a49d580d06002de75c67d720e6635929b7031422d9efa9c4dee9b.json.gz,b0ac89981095912b2e287818c0e1340aacc6b02c43df6b75a75564253357e93b,protocol selected midpoint,G1_only,complete,complete,True,complete,complete,G1
w201,w201,2,0.090509668,7fbeb2ec7b1920a5d4555a4937b4d41131a34f28ef3ee682125a10bed143c292,7fbeb2ec7b1920a5d4555a4937b4d41131a34f28ef3ee682125a10bed143c292,results/stage6b_jb_avg_v1/reference/7fbeb2ec7b1920a5d4555a4937b4d41131a34f28ef3ee682125a10bed143c292.json.gz,90ffce6962e6c8d7811d3cf2801f8a1ea5abc8d6d5f768afd30bbb9ca092f3cc,protocol selected midpoint,G1_only,complete,complete,True,complete,complete,G1
w202,w202,-2,0.0761092554,5fec0ff87a5d84460193a63930260acb2c3b6ffeb68e19f00a5ff62bedc64e37,5fec0ff87a5d84460193a63930260acb2c3b6ffeb68e19f00a5ff62bedc64e37,results/stage6b_jb_avg_v1/reference/5fec0ff87a5d84460193a63930260acb2c3b6ffeb68e19f00a5ff62bedc64e37.json.gz,cb2bc11ef7713516a19a7af2a6d19c96401fa0a8bc6397f09d229a37f0bd1d0d,protocol selected midpoint,G1_only,complete,complete,True,complete,complete,G1
w202,w202,-1,0.0761092554,ac58e09302d03b8c9c7ad5d8b242f64058a3d48c147726986cbe74ec9e36c53b,ac58e09302d03b8c9c7ad5d8b242f64058a3d48c147726986cbe74ec9e36c53b,results/stage6b_jb_avg_v1/reference/ac58e09302d03b8c9c7ad5d8b242f64058a3d48c147726986cbe74ec9e36c53b.json.gz,871bcfce6d43e9873c9d0eec94f855fb04f5cfff72d0b67d0bec5abfcdf555aa,protocol selected midpoint,G1_only,complete,complete,True,complete,complete,G1
w202,w202,0,0.0761092554,c57747175ef25bd7449ecaacec52aab01c6acc028e928e9a8b5dd038dc467229,c57747175ef25bd7449ecaacec52aab01c6acc028e928e9a8b5dd038dc467229,results/stage6b_jb_avg_v1/reference/c57747175ef25bd7449ecaacec52aab01c6acc028e928e9a8b5dd038dc467229.json.gz,638886225448cab0128529b601e4a5f6c1320e20e9a6400665c97d11c087a955,protocol selected midpoint,G1_only,complete,complete,True,complete,complete,G1
w202,w202,1,0.0761092554,3d4dc73c14675950d3cefbd76ca3504e72b011963831006f6a984094217938f8,3d4dc73c14675950d3cefbd76ca3504e72b011963831006f6a984094217938f8,results/stage6b_jb_avg_v1/reference/3d4dc73c14675950d3cefbd76ca3504e72b011963831006f6a984094217938f8.json.gz,ad8600ecd60afdc08c2f097b6bbc29bcfbb34f4fb0a0c38bfc62db6e21fc5810,protocol selected midpoint,G1_only,complete,complete,True,complete,complete,G1
w202,w202,2,0.0761092554,0bca49327c9870b47a640e790b8a76f428276d657eaf6d2af2956342c8e9f4a4,0bca49327c9870b47a640e790b8a76f428276d657eaf6d2af2956342c8e9f4a4,results/stage6b_jb_avg_v1/reference/0bca49327c9870b47a640e790b8a76f428276d657eaf6d2af2956342c8e9f4a4.json.gz,a29bce81921f6402b0763b1b60638cb3ffbfc2f4026190da70f1ca66508cd688,protocol selected midpoint,G1_only,complete,complete,True,complete,complete,G1
w203,w203,-2,0.362038672,c9a0133ec484786edbb9d39c7864d776aaec19ed581ef2157311d5b5689f131d,c9a0133ec484786edbb9d39c7864d776aaec19ed581ef2157311d5b5689f131d,results/stage6b_jb_avg_v1/reference/c9a0133ec484786edbb9d39c7864d776aaec19ed581ef2157311d5b5689f131d.json.gz,88da10f0830a69c6e6369d2bddcebc4cb57be2e341cc114ebceb2a5fde19d427,protocol selected midpoint,G1_only,complete,complete,True,complete,complete,G1
w203,w203,-1,0.362038672,9f18163319e8f8f9af856f8f70b5f93c3b498306b445ef72e1f547a74ba067ed,9f18163319e8f8f9af856f8f70b5f93c3b498306b445ef72e1f547a74ba067ed,results/stage6b_jb_avg_v1/reference/9f18163319e8f8f9af856f8f70b5f93c3b498306b445ef72e1f547a74ba067ed.json.gz,4c87fd7dd5ef4adb34bb969451b561ceb5d9ed795be68f8703e243f9d3135e32,protocol selected midpoint,G1_only,complete,complete,True,complete,complete,G1
w203,w203,0,0.362038672,84d938080ae505fa710f8b16932a24ec979e4061c1498e462f501241ab5736ac,84d938080ae505fa710f8b16932a24ec979e4061c1498e462f501241ab5736ac,results/stage6b_jb_avg_v1/reference/84d938080ae505fa710f8b16932a24ec979e4061c1498e462f501241ab5736ac.json.gz,6d152efbd870ea639a3472a0d65af45fcf57e9bf51b5ccacff4b9f451064dba0,protocol selected midpoint,G1_only,complete,complete,True,complete,complete,G1
w203,w203,1,0.362038672,e0d6c1b219017d4d03bda10eb8173c53ee27f2ae0764f30b9e56f45f779e04c5,e0d6c1b219017d4d03bda10eb8173c53ee27f2ae0764f30b9e56f45f779e04c5,results/stage6b_jb_avg_v1/reference/e0d6c1b219017d4d03bda10eb8173c53ee27f2ae0764f30b9e56f45f779e04c5.json.gz,0ab07c44c6ff61fd873c3c2fd6108525cedb2d98ee6f01a5c2e449de4c071c41,protocol selected midpoint,G1_only,complete,complete,True,complete,complete,G1
w203,w203,2,0.362038672,b9465bd77fd73e1a3247b3483979e7f352ce30169619337ed13445dbcf209eba,b9465bd77fd73e1a3247b3483979e7f352ce30169619337ed13445dbcf209eba,results/stage6b_jb_avg_v1/reference/b9465bd77fd73e1a3247b3483979e7f352ce30169619337ed13445dbcf209eba.json.gz,257a1369131e653df8a40068e553f1bdfb49ae3851c200ac71d33f0c76c179a4,protocol selected midpoint,G1_only,complete,complete,True,complete,complete,G1
w204,w204,-2,0.045254834,4254db68f2b357d96f6d1d8d1b4c0e52a275b9c890dc15b31c5d85a91ce049f6,4254db68f2b357d96f6d1d8d1b4c0e52a275b9c890dc15b31c5d85a91ce049f6,results/stage6b_jb_avg_v1/reference/4254db68f2b357d96f6d1d8d1b4c0e52a275b9c890dc15b31c5d85a91ce049f6.json.gz,89f5c5df1db76e59c1cfcf36b49cc6be50f0205003f9e7d1b09882d51991cb3c,protocol selected midpoint,G1_only,complete,complete,True,complete,complete,G1
w204,w204,-1,0.045254834,b701ed41a70d5298f226ee588fbf4d58f403af1ef0771640087e4cd81bef58e9,b701ed41a70d5298f226ee588fbf4d58f403af1ef0771640087e4cd81bef58e9,results/stage6b_jb_avg_v1/reference/b701ed41a70d5298f226ee588fbf4d58f403af1ef0771640087e4cd81bef58e9.json.gz,3419f8bf84fcb08a9567698ee0547551676420119de7ca2d1bc48e7b2e4a250f,protocol selected midpoint,G1_only,complete,complete,True,complete,complete,G1
w204,w204,0,0.045254834,9094a6557477b4c345aa727d2719e8e9d8d19cfd6872d82282268e4ff8ccb405,9094a6557477b4c345aa727d2719e8e9d8d19cfd6872d82282268e4ff8ccb405,results/stage6b_jb_avg_v1/reference/9094a6557477b4c345aa727d2719e8e9d8d19cfd6872d82282268e4ff8ccb405.json.gz,73d38a859492aae609f122dc1287a919f793771b37d55a9df5284503158181b8,protocol selected midpoint,G1_only,complete,complete,True,complete,complete,G1
w204,w204,1,0.045254834,c0877920e6c544d0573e260c3fc1e475742cc67394d9d7038cd95a543f3ffe08,c0877920e6c544d0573e260c3fc1e475742cc67394d9d7038cd95a543f3ffe08,results/stage6b_jb_avg_v1/reference/c0877920e6c544d0573e260c3fc1e475742cc67394d9d7038cd95a543f3ffe08.json.gz,9c150d8843b51731c336bcb49591e42e37892edc6937998af2c6720020a70929,protocol selected midpoint,G1_only,complete,complete,True,complete,complete,G1
w204,w204,2,0.045254834,f4b2d9665537f8573d0527c05a1e5de30119f19444bbea459bf876b9228c12c5,f4b2d9665537f8573d0527c05a1e5de30119f19444bbea459bf876b9228c12c5,results/stage6b_jb_avg_v1/reference/f4b2d9665537f8573d0527c05a1e5de30119f19444bbea459bf876b9228c12c5.json.gz,b7d2c7c3c98fb9905d5ff755449edfe65cb6e17a1d94576931284c87b8224c9d,protocol selected midpoint,G1_only,complete,complete,True,complete,complete,G1
h101,h101-o60-d30,-2,0.181019336,b29527c1b6cda645b52d352a1476488ca8844ebbcf30b570acc564e8275da159,b29527c1b6cda645b52d352a1476488ca8844ebbcf30b570acc564e8275da159,results/stage6b_jb_avg_v1/reference/b29527c1b6cda645b52d352a1476488ca8844ebbcf30b570acc564e8275da159.json.gz,1cc7ab5a43ea0faea876b57c455a94b7b4a6dfd7aa08ec9b1703a4613ab2c326,protocol selected midpoint,G1_only,complete,complete,True,complete,complete,G1
h101,h101-o60-d30,-1,0.181019336,b3a61a850d7634f591aef628ecc0af5f597fee805ba6c442e538f8fd362a1199,b3a61a850d7634f591aef628ecc0af5f597fee805ba6c442e538f8fd362a1199,results/stage6b_jb_avg_v1/reference/b3a61a850d7634f591aef628ecc0af5f597fee805ba6c442e538f8fd362a1199.json.gz,e3d3ef80b63508441bff183717e7d3f1647799c7eef6af07865eca18ee94372c,protocol selected midpoint,G1_only,complete,complete,True,complete,complete,G1
h101,h101-o60-d30,0,0.181019336,620a68e67e2dda38a8b259505691306f8a02ff3f6d33d39e50d2c323520f1629,620a68e67e2dda38a8b259505691306f8a02ff3f6d33d39e50d2c323520f1629,results/stage6b_jb_avg_v1/reference/620a68e67e2dda38a8b259505691306f8a02ff3f6d33d39e50d2c323520f1629.json.gz,792e60618b3b2e1d248b9b7316b19afa3401a5294537ee101ba4d9c77e2ae6bf,protocol selected midpoint,G1_only,complete,complete,True,complete,complete,G1
h101,h101-o60-d30,1,0.181019336,d2ca8cd807b3be6083a093cc73c6f978fac2ce7aa5034e2a1bdacb5349f2b86f,d2ca8cd807b3be6083a093cc73c6f978fac2ce7aa5034e2a1bdacb5349f2b86f,results/stage6b_jb_avg_v1/reference/d2ca8cd807b3be6083a093cc73c6f978fac2ce7aa5034e2a1bdacb5349f2b86f.json.gz,d87d7c2567a1d30069f3411e7ad596d222c4c9799fce580bf143058b69b55fc8,protocol selected midpoint,G1_only,complete,complete,True,complete,complete,G1
h101,h101-o60-d30,2,0.181019336,0fb4ec99438208eecee225745f7fba1b77befc289b8deb87ba694e501cbf1834,0fb4ec99438208eecee225745f7fba1b77befc289b8deb87ba694e501cbf1834,results/stage6b_jb_avg_v1/reference/0fb4ec99438208eecee225745f7fba1b77befc289b8deb87ba694e501cbf1834.json.gz,26946f9b9318c1a8e8ff659f3de999b4d869fe70bcf031e875452d5fa514bebb,protocol selected midpoint,G1_only,complete,complete,True,complete,complete,G1
h102,h102-o300-d120,-2,0.090509668,350bbc2885e31720d67959ee4b5a083bf0f6ab128b90162c3b1e43e439024e64,350bbc2885e31720d67959ee4b5a083bf0f6ab128b90162c3b1e43e439024e64,results/stage6b_jb_avg_v1/reference/350bbc2885e31720d67959ee4b5a083bf0f6ab128b90162c3b1e43e439024e64.json.gz,37d746ab4c799ded84f0da6fed7871d8b37ed8cc5b7092bceb978a9f131070e8,protocol selected midpoint,G1_only,complete,complete,True,complete,complete,G1
h102,h102-o300-d120,-1,0.090509668,16113362121edea8df61d4186a3e03e4a2c02be8ac76187842f4c31606c334e3,16113362121edea8df61d4186a3e03e4a2c02be8ac76187842f4c31606c334e3,results/stage6b_jb_avg_v1/reference/16113362121edea8df61d4186a3e03e4a2c02be8ac76187842f4c31606c334e3.json.gz,fdb80e4fc4121f4bef1e9d742442cfed1f1fce8fbd587987a96f585334afe862,protocol selected midpoint,G1_only,complete,complete,True,complete,complete,G1
h102,h102-o300-d120,0,0.090509668,01ec486a5236a935dac0c4d90b843c461e42986fdc7c5800ba9e0b5f1cc7bd72,01ec486a5236a935dac0c4d90b843c461e42986fdc7c5800ba9e0b5f1cc7bd72,results/stage6b_jb_avg_v1/reference/01ec486a5236a935dac0c4d90b843c461e42986fdc7c5800ba9e0b5f1cc7bd72.json.gz,f6b879ba7d8670fae55417a5f97117aae40e5a4c126f4fbc2ac547471e5e9288,protocol selected midpoint,G1_only,complete,complete,True,complete,complete,G1
h102,h102-o300-d120,1,0.090509668,f1cf66f375129ea45832ac6cb604a58fd6dfebe3b8764edfe6b339ead71caece,f1cf66f375129ea45832ac6cb604a58fd6dfebe3b8764edfe6b339ead71caece,results/stage6b_jb_avg_v1/reference/f1cf66f375129ea45832ac6cb604a58fd6dfebe3b8764edfe6b339ead71caece.json.gz,00a1f39fc835147c82870815d2a789a7d7029b11c652659654a9b2884ec59a52,protocol selected midpoint,G1_only,complete,complete,True,complete,complete,G1
h102,h102-o300-d120,2,0.090509668,253c5b8bffe37ebe476a9ea60e94c29bfbb792070484a4c42a5f12e087f92866,253c5b8bffe37ebe476a9ea60e94c29bfbb792070484a4c42a5f12e087f92866,results/stage6b_jb_avg_v1/reference/253c5b8bffe37ebe476a9ea60e94c29bfbb792070484a4c42a5f12e087f92866.json.gz,6dc0c44aba84ff45e1b5213d7d1ee053aeea60cd0c1c1b319ce76a3ee9fbb0be,protocol selected midpoint,G1_only,complete,complete,True,complete,complete,G1
h103,h103-o500-d30,-2,0.090509668,dd5abc07d622c4733267285597d700e06d1affad8da6f6d07e23708b9fda46f7,dd5abc07d622c4733267285597d700e06d1affad8da6f6d07e23708b9fda46f7,results/stage6b_jb_avg_v1/reference/dd5abc07d622c4733267285597d700e06d1affad8da6f6d07e23708b9fda46f7.json.gz,9153cba4c049716f90285cffacd5401f958bfa477bae54cd32f867ecd7836790,protocol selected midpoint,G1_only,complete,complete,True,complete,complete,G1
h103,h103-o500-d30,-1,0.090509668,26ce83d16a25dc2543d56ed1136639a99aad9e84e79b85c611c06021ac82e0f9,26ce83d16a25dc2543d56ed1136639a99aad9e84e79b85c611c06021ac82e0f9,results/stage6b_jb_avg_v1/reference/26ce83d16a25dc2543d56ed1136639a99aad9e84e79b85c611c06021ac82e0f9.json.gz,73d1ea67895f33d88ea385831d833ddefd314c1e9c74ed688f823f8230575f54,protocol selected midpoint,G1_only,complete,complete,True,complete,complete,G1
h103,h103-o500-d30,0,0.090509668,7f72d85758c56cc732342ffe343108214d6d7afe2f496725cdad3fc24311ea11,7f72d85758c56cc732342ffe343108214d6d7afe2f496725cdad3fc24311ea11,results/stage6b_jb_avg_v1/reference/7f72d85758c56cc732342ffe343108214d6d7afe2f496725cdad3fc24311ea11.json.gz,18d1f7843499617613d0425fc048ec55f5c6ebccc2439f4867b15bd2301d098b,protocol selected midpoint,G1_only,complete,complete,True,complete,complete,G1
h103,h103-o500-d30,1,0.090509668,bbbf11328a37b980ada2d0b354e0bbb2b8fa97aac4db15d4b8690309edbc0112,bbbf11328a37b980ada2d0b354e0bbb2b8fa97aac4db15d4b8690309edbc0112,results/stage6b_jb_avg_v1/reference/bbbf11328a37b980ada2d0b354e0bbb2b8fa97aac4db15d4b8690309edbc0112.json.gz,50c97791936713c195ef7393cbb36df6cf68b91e4a7e043e6f0a3f6643182c7f,protocol selected midpoint,G1_only,complete,complete,True,complete,complete,G1
h103,h103-o500-d30,2,0.090509668,c732347eefafa302325310a718d79f0d8416029feb0f9d5022561b77754bf5ba,c732347eefafa302325310a718d79f0d8416029feb0f9d5022561b77754bf5ba,results/stage6b_jb_avg_v1/reference/c732347eefafa302325310a718d79f0d8416029feb0f9d5022561b77754bf5ba.json.gz,8d54b593aa4a0a077263447a3ee48b411bbc3523f1bfa67532047d78abad6e8a,protocol selected midpoint,G1_only,complete,complete,True,complete,complete,G1
h104,h104-o700-d120,-2,0.045254834,e0a39b884dd4988b5e380e0037e9b267c444ddb5e82b10316479cdebf78dc10d,e0a39b884dd4988b5e380e0037e9b267c444ddb5e82b10316479cdebf78dc10d,results/stage6b_jb_avg_v1/reference/e0a39b884dd4988b5e380e0037e9b267c444ddb5e82b10316479cdebf78dc10d.json.gz,0a0cd267b3e59ae81bac3b8e8c127fe58cacac5eebe193568e37ba3a212a03d1,protocol selected midpoint,G1_only,complete,complete,True,complete,complete,G1
h104,h104-o700-d120,-1,0.045254834,8f5485dee99f45007163334606818269905e5d0e96309e99fb887d1f400b75f5,8f5485dee99f45007163334606818269905e5d0e96309e99fb887d1f400b75f5,results/stage6b_jb_avg_v1/reference/8f5485dee99f45007163334606818269905e5d0e96309e99fb887d1f400b75f5.json.gz,d29d34307d2068551731eda229cd2c28327d211e57cb6c6aa7367fb09f2402e1,protocol selected midpoint,G1_only,complete,complete,True,complete,complete,G1
h104,h104-o700-d120,0,0.045254834,585346e97f7b9129cabedfa592d4ed7a792b3c2bb7ab7cca30dc3def6039973c,585346e97f7b9129cabedfa592d4ed7a792b3c2bb7ab7cca30dc3def6039973c,results/stage6b_jb_avg_v1/reference/585346e97f7b9129cabedfa592d4ed7a792b3c2bb7ab7cca30dc3def6039973c.json.gz,19f0433acb9cb04edff8f38d8a43947be45727ea89ead0ea3854375ad1866aa0,protocol selected midpoint,G1_only,complete,complete,True,complete,complete,G1
h104,h104-o700-d120,1,0.045254834,75931015cc736d49172f4915eeed0073ed4220c58b91dd9397c728e3ff9fa48e,75931015cc736d49172f4915eeed0073ed4220c58b91dd9397c728e3ff9fa48e,results/stage6b_jb_avg_v1/reference/75931015cc736d49172f4915eeed0073ed4220c58b91dd9397c728e3ff9fa48e.json.gz,75a92a05b3d6dd310b6174286d662a3c96e0992d4598e7af9ac64c4a4319f969,protocol selected midpoint,G1_only,complete,complete,True,complete,complete,G1
h104,h104-o700-d120,2,0.045254834,c870a3c4046b90387dd9518a33ddae542deb948b8ddfda8f7f58858eec0a203f,c870a3c4046b90387dd9518a33ddae542deb948b8ddfda8f7f58858eec0a203f,results/stage6b_jb_avg_v1/reference/c870a3c4046b90387dd9518a33ddae542deb948b8ddfda8f7f58858eec0a203f.json.gz,42ec8c4acf4dedf38886cc8c2affdff3b2ef7eb24f730ee79ad5b4a2bb6e3863,protocol selected midpoint,G1_only,complete,complete,True,complete,complete,G1
h105,h105-o900-d30,-2,0.362038672,8291b4b7df13f0fdd6f0ebc8162f413a578f6e5a9762d08167ac125babc67e1b,8291b4b7df13f0fdd6f0ebc8162f413a578f6e5a9762d08167ac125babc67e1b,results/stage6b_jb_avg_v1/reference/8291b4b7df13f0fdd6f0ebc8162f413a578f6e5a9762d08167ac125babc67e1b.json.gz,0d529a93f0a3a3df84890dc141c95ad3e425008d2f32e8ae0bdc3630ae5841fc,protocol selected midpoint,G1_only,complete,complete,True,complete,complete,G1
h105,h105-o900-d30,-1,0.362038672,ac3f7c2adbd1eedc6fbe4e9c68f5a90373a3c0de3b1f414a97ef00061006bbe0,ac3f7c2adbd1eedc6fbe4e9c68f5a90373a3c0de3b1f414a97ef00061006bbe0,results/stage6b_jb_avg_v1/reference/ac3f7c2adbd1eedc6fbe4e9c68f5a90373a3c0de3b1f414a97ef00061006bbe0.json.gz,b9a1eb7010733664d76bb689829e6a9285eb3c3eff4bec959ef2353863192a39,protocol selected midpoint,G1_only,complete,complete,True,complete,complete,G1
h105,h105-o900-d30,0,0.362038672,e39f37e533f2cdc470b9db35753ba11be52101667702028e258ac809572185c1,e39f37e533f2cdc470b9db35753ba11be52101667702028e258ac809572185c1,results/stage6b_jb_avg_v1/reference/e39f37e533f2cdc470b9db35753ba11be52101667702028e258ac809572185c1.json.gz,6cab9b05998068308457e25bb2df66393a2152f127f94011e2579d912bf6f2dc,protocol selected midpoint,G1_only,complete,complete,True,complete,complete,G1
h105,h105-o900-d30,1,0.362038672,ea0b43e33c139ab4f158d8a00ef5f2be3a04931eacea3c9fd9219a5c7b9c08cc,ea0b43e33c139ab4f158d8a00ef5f2be3a04931eacea3c9fd9219a5c7b9c08cc,results/stage6b_jb_avg_v1/reference/ea0b43e33c139ab4f158d8a00ef5f2be3a04931eacea3c9fd9219a5c7b9c08cc.json.gz,d90c699bd3a440b3469c3be9cccf7455fce6b943c7c1f21879fe360799fbe9b1,protocol selected midpoint,G1_only,complete,complete,True,complete,complete,G1
h105,h105-o900-d30,2,0.362038672,23a3472dbd735a5826479bd80acee5a980825d10f73bfcd1ea1f028a00f6cf76,23a3472dbd735a5826479bd80acee5a980825d10f73bfcd1ea1f028a00f6cf76,results/stage6b_jb_avg_v1/reference/23a3472dbd735a5826479bd80acee5a980825d10f73bfcd1ea1f028a00f6cf76.json.gz,c7313d828dfb5d622d7f2f0fb77dcc22d13aaa86048ad2fdce914d8dbf0b6306,protocol selected midpoint,G1_only,complete,complete,True,complete,complete,G1
h106,h106-o1100-d120,-2,0.0761092554,954035223b3d6897ea5dfecec869072943dc6cef4b40f7758c5ac51e9991f79d,954035223b3d6897ea5dfecec869072943dc6cef4b40f7758c5ac51e9991f79d,results/stage6b_jb_avg_v1/reference/954035223b3d6897ea5dfecec869072943dc6cef4b40f7758c5ac51e9991f79d.json.gz,8cd12375dbb61bf2f473594f0885bac9770b6c9a95df86c4959db821ccd9fac3,protocol selected midpoint,G1_only,complete,complete,True,complete,complete,G1
h106,h106-o1100-d120,-1,0.0761092554,4d82a7e67caa217c87d87f74b664db5e8eb0d89eb1044cb938e9bb7499979eea,4d82a7e67caa217c87d87f74b664db5e8eb0d89eb1044cb938e9bb7499979eea,results/stage6b_jb_avg_v1/reference/4d82a7e67caa217c87d87f74b664db5e8eb0d89eb1044cb938e9bb7499979eea.json.gz,f8d98165debfaac8b127627782baf3d748311da3b87d562b4eb05889cef73cce,protocol selected midpoint,G1_only,complete,complete,True,complete,complete,G1
h106,h106-o1100-d120,0,0.0761092554,155085cf3e8ef0b95d1cdf79c529db03dd69c855121bc0f88f7aa6c04b65671a,155085cf3e8ef0b95d1cdf79c529db03dd69c855121bc0f88f7aa6c04b65671a,results/stage6b_jb_avg_v1/reference/155085cf3e8ef0b95d1cdf79c529db03dd69c855121bc0f88f7aa6c04b65671a.json.gz,d34e61fb32a126ad225347b65a04adc7fe77faa4d59cb43eeec1a3a9afbbf816,protocol selected midpoint,G1_only,complete,complete,True,complete,complete,G1
h106,h106-o1100-d120,1,0.0761092554,91f7472eb3b5f6b5dfcdc773d1a512addad1aa9f1783d948dbf3f2d2df2118b0,91f7472eb3b5f6b5dfcdc773d1a512addad1aa9f1783d948dbf3f2d2df2118b0,results/stage6b_jb_avg_v1/reference/91f7472eb3b5f6b5dfcdc773d1a512addad1aa9f1783d948dbf3f2d2df2118b0.json.gz,db7aa79331427734acf1b499520d74467146bd3ef812edf95a35055a57f8e985,protocol selected midpoint,G1_only,complete,complete,True,complete,complete,G1
h106,h106-o1100-d120,2,0.0761092554,c4faf6853a28dfc19464d2a54e0402117b89876a6059fc9b32c5ec426aa73e2e,c4faf6853a28dfc19464d2a54e0402117b89876a6059fc9b32c5ec426aa73e2e,results/stage6b_jb_avg_v1/reference/c4faf6853a28dfc19464d2a54e0402117b89876a6059fc9b32c5ec426aa73e2e.json.gz,27132b9e30170e676d3d574472a2b92e1cd313a77896f54707c69fdbdade1281,protocol selected midpoint,G1_only,complete,complete,True,complete,complete,G1
w201,w201,-2,0.181019336,9e46e329607f877a24a4e03c0aec6c0caf7848c1c23bbeb99df4049cc5fd7523,9e46e329607f877a24a4e03c0aec6c0caf7848c1c23bbeb99df4049cc5fd7523,results/stage6b_jb_avg_v1/reference/9e46e329607f877a24a4e03c0aec6c0caf7848c1c23bbeb99df4049cc5fd7523.json.gz,55b6651606c731ceea8cbfd9f8926676ab2756ddc3e21d50ab2539f3820e9d18,protocol selected midpoint,G1_only,complete,complete,True,complete,complete,G1
w201,w201,-1,0.181019336,3794c50851cad01d1b78b96e0cb6583fd7ac91d2118874a12288676f402cbdb6,3794c50851cad01d1b78b96e0cb6583fd7ac91d2118874a12288676f402cbdb6,results/stage6b_jb_avg_v1/reference/3794c50851cad01d1b78b96e0cb6583fd7ac91d2118874a12288676f402cbdb6.json.gz,1a99dfb517543eff91ffb462db023e8188ecf834e4116d595f97bd3fb2aeb181,protocol selected midpoint,G1_only,complete,complete,True,complete,complete,G1
w201,w201,0,0.181019336,db43efed0a88e56afb44582c08126848f7d644c761ba6db1c82228bafea271c8,db43efed0a88e56afb44582c08126848f7d644c761ba6db1c82228bafea271c8,results/stage6b_jb_avg_v1/reference/db43efed0a88e56afb44582c08126848f7d644c761ba6db1c82228bafea271c8.json.gz,1703b4b8f5081daeb82bcadc8c9fc8432291328d4d691caca73400abb0702311,protocol selected midpoint,G1_only,complete,complete,True,complete,complete,G1
w201,w201,1,0.181019336,5a86271008829ee5b3f490743d589bffcfe3f0b975e84e4ebf52d0bc8f1f32f0,5a86271008829ee5b3f490743d589bffcfe3f0b975e84e4ebf52d0bc8f1f32f0,results/stage6b_jb_avg_v1/reference/5a86271008829ee5b3f490743d589bffcfe3f0b975e84e4ebf52d0bc8f1f32f0.json.gz,c0c1fa9201585f879f19d4b70df4d801a2da8d706ac679fae0fc2093e33fa953,protocol selected midpoint,G1_only,complete,complete,True,complete,complete,G1
w201,w201,2,0.181019336,992ac8d2c781709bc65dd46ef7c98b8b8788fb6251229e38057c95f5491b9e4c,992ac8d2c781709bc65dd46ef7c98b8b8788fb6251229e38057c95f5491b9e4c,results/stage6b_jb_avg_v1/reference/992ac8d2c781709bc65dd46ef7c98b8b8788fb6251229e38057c95f5491b9e4c.json.gz,266f3f0452b991103a7474ea456a6a158649a602c0e6557a6a69bcd520531ce7,protocol selected midpoint,G1_only,complete,complete,True,complete,complete,G1
w202,w202,-2,0.1522185107,b4fc3416b8901afcd0fd1c0fbb7d33ae03b10e93a3009e8ca019f294f076de4d,b4fc3416b8901afcd0fd1c0fbb7d33ae03b10e93a3009e8ca019f294f076de4d,results/stage6b_jb_avg_v1/reference/b4fc3416b8901afcd0fd1c0fbb7d33ae03b10e93a3009e8ca019f294f076de4d.json.gz,427de705d15b3bf90174adb1f95583650e3e41df713b3868ad02ed72e1223d0f,protocol selected midpoint,G1_only,complete,complete,True,complete,complete,G1
w202,w202,-1,0.1522185107,b865f1ca351b9b95e24f44155a832cd1b81267c57070576fcace7ab5e68f716b,b865f1ca351b9b95e24f44155a832cd1b81267c57070576fcace7ab5e68f716b,results/stage6b_jb_avg_v1/reference/b865f1ca351b9b95e24f44155a832cd1b81267c57070576fcace7ab5e68f716b.json.gz,b043e3b806f97c1e5c68ec65a2ad9e1b1eadf419d4ea0671bbf3f8b7f77f5666,protocol selected midpoint,G1_only,complete,complete,True,complete,complete,G1
w202,w202,0,0.1522185107,f6289b8b33d3613a698bcd235632ad205dc0744fbb604de7fe7d43dd3c579982,f6289b8b33d3613a698bcd235632ad205dc0744fbb604de7fe7d43dd3c579982,results/stage6b_jb_avg_v1/reference/f6289b8b33d3613a698bcd235632ad205dc0744fbb604de7fe7d43dd3c579982.json.gz,0f271e7062cd291c8909c1dc7f7a3355d65da3348a529ae3df436a84fd7cdce2,protocol selected midpoint,G1_only,complete,complete,True,complete,complete,G1
w202,w202,1,0.1522185107,c02babecd85b2182306032717ae145dce697e4207735ed82b54f5957466c51d2,c02babecd85b2182306032717ae145dce697e4207735ed82b54f5957466c51d2,results/stage6b_jb_avg_v1/reference/c02babecd85b2182306032717ae145dce697e4207735ed82b54f5957466c51d2.json.gz,bf3790c27c16f205a846d426b29c3e3666b4e565a33aa444b674d22f8b0fc412,protocol selected midpoint,G1_only,complete,complete,True,complete,complete,G1
w202,w202,2,0.1522185107,6cfa6f78f6c276c8dfccae261910720d9f30f8ad2bf342b929605ffc89a55a95,6cfa6f78f6c276c8dfccae261910720d9f30f8ad2bf342b929605ffc89a55a95,results/stage6b_jb_avg_v1/reference/6cfa6f78f6c276c8dfccae261910720d9f30f8ad2bf342b929605ffc89a55a95.json.gz,0e29823bb995cd16ad4a84d7c95277e55e15d3f464ae5679f88129afe96eb685,protocol selected midpoint,G1_only,complete,complete,True,complete,complete,G1
w203,w203,-2,0.7240773439,8ceacc1ec91d1bcd8a23ea0e4ed04f98a778d8a48a82445cd09f4131648284e5,8ceacc1ec91d1bcd8a23ea0e4ed04f98a778d8a48a82445cd09f4131648284e5,results/stage6b_jb_avg_v1/reference/8ceacc1ec91d1bcd8a23ea0e4ed04f98a778d8a48a82445cd09f4131648284e5.json.gz,e93f2ce7527639a2792edbb0cb20c4288c57859f3d4fa18e8d2c20bb1ab27652,protocol selected midpoint,G1_only,complete,complete,True,complete,complete,G1
w203,w203,-1,0.7240773439,cadbb5d79b8eb9dfd7f1146bf1dabe351b4ac35d04cb908d29492c03432fcfa0,cadbb5d79b8eb9dfd7f1146bf1dabe351b4ac35d04cb908d29492c03432fcfa0,results/stage6b_jb_avg_v1/reference/cadbb5d79b8eb9dfd7f1146bf1dabe351b4ac35d04cb908d29492c03432fcfa0.json.gz,02bcee529aee74aba44c3e9ac8f353e0187dcb539c43d146c40a8fce4958c6df,protocol selected midpoint,G1_only,complete,complete,True,complete,complete,G1
w203,w203,0,0.7240773439,30120e20f9f84274c44a3ccd454f0e735f7916c5ab6a80e0544b838a1ecc6e55,30120e20f9f84274c44a3ccd454f0e735f7916c5ab6a80e0544b838a1ecc6e55,results/stage6b_jb_avg_v1/reference/30120e20f9f84274c44a3ccd454f0e735f7916c5ab6a80e0544b838a1ecc6e55.json.gz,e935159ae62e27ca87afc2199a603f93e8e23caa1fbadb75e3255fdfa549971f,protocol selected midpoint,G1_only,complete,complete,True,complete,complete,G1
w203,w203,1,0.7240773439,ce5c07029735ba5e4726c6e0bbd1936c29a39c88a8b0a2abdc3d2c95a2012a6f,ce5c07029735ba5e4726c6e0bbd1936c29a39c88a8b0a2abdc3d2c95a2012a6f,results/stage6b_jb_avg_v1/reference/ce5c07029735ba5e4726c6e0bbd1936c29a39c88a8b0a2abdc3d2c95a2012a6f.json.gz,70c1a7e5fde1f2751cc9f4c85210e681a46144ad6f67b379c6fd3c357c71b0f2,protocol selected midpoint,G1_only,complete,complete,True,complete,complete,G1
w203,w203,2,0.7240773439,b5853cf83d8906556031c279f83a3e805388aaa5b96a3b64b29d833efbc6ec78,b5853cf83d8906556031c279f83a3e805388aaa5b96a3b64b29d833efbc6ec78,results/stage6b_jb_avg_v1/reference/b5853cf83d8906556031c279f83a3e805388aaa5b96a3b64b29d833efbc6ec78.json.gz,7f6aab052baf0703a643f2ad331c364a7d532440e9edba01d873c34544ad0753,protocol selected midpoint,G1_only,complete,complete,True,complete,complete,G1
w204,w204,-2,0.090509668,bbd08e45a926f22ef54c97dbd7ce1c636f61cb0f9cbc32f428a1020b450d269d,bbd08e45a926f22ef54c97dbd7ce1c636f61cb0f9cbc32f428a1020b450d269d,results/stage6b_jb_avg_v1/reference/bbd08e45a926f22ef54c97dbd7ce1c636f61cb0f9cbc32f428a1020b450d269d.json.gz,ee36e25bca8e829e9c1f39c5409a1d68d845c9bd1212e4f68d3b185013357356,protocol selected midpoint,G1_only,complete,complete,True,complete,complete,G1
w204,w204,-1,0.090509668,97726ae10dfb2eec05d0941baae24a30137a0bbe27abc73887203d175781dc16,97726ae10dfb2eec05d0941baae24a30137a0bbe27abc73887203d175781dc16,results/stage6b_jb_avg_v1/reference/97726ae10dfb2eec05d0941baae24a30137a0bbe27abc73887203d175781dc16.json.gz,c5929ea95cf67c88f9fe9713900e8dae5b25e49e5e090fadf22ac8cb9fa47add,protocol selected midpoint,G1_only,complete,complete,True,complete,complete,G1
w204,w204,0,0.090509668,6696a0e44b6ce0264301901848674138f2f9c3ba8cc7bc610d2e5c622ea883cc,6696a0e44b6ce0264301901848674138f2f9c3ba8cc7bc610d2e5c622ea883cc,results/stage6b_jb_avg_v1/reference/6696a0e44b6ce0264301901848674138f2f9c3ba8cc7bc610d2e5c622ea883cc.json.gz,1a0753bb5e76bc056fc0815632f5a78dbef697e4bc8c0798c656b42a3b3a257e,protocol selected midpoint,G1_only,complete,complete,True,complete,complete,G1
w204,w204,1,0.090509668,c01fb5d6639d5b9a0e77aa03a697732cb1f4aa8f7a1991b0ab53f8bcf5bab6cb,c01fb5d6639d5b9a0e77aa03a697732cb1f4aa8f7a1991b0ab53f8bcf5bab6cb,results/stage6b_jb_avg_v1/reference/c01fb5d6639d5b9a0e77aa03a697732cb1f4aa8f7a1991b0ab53f8bcf5bab6cb.json.gz,4fad064e407d9ff345cd2621f2f3a14720fcb75210654f0d5f7ec3b770a8d065,protocol selected midpoint,G1_only,complete,complete,True,complete,complete,G1
w204,w204,2,0.090509668,29943f2fa5041e6684636971e1a4788f0097ee1c9571554a926170b54a9c9e19,29943f2fa5041e6684636971e1a4788f0097ee1c9571554a926170b54a9c9e19,results/stage6b_jb_avg_v1/reference/29943f2fa5041e6684636971e1a4788f0097ee1c9571554a926170b54a9c9e19.json.gz,9da38d70fc4e7c4ebeeffc4d5d45bf9f04dd8415410615dfb297bae1a5c8daf8,protocol selected midpoint,G1_only,complete,complete,True,complete,complete,G1
h101,h101-o60-d30,-2,0.362038672,9fdef55a92a87278ab29e1959bd2fabf040e235ed36181253d8773684c4915d3,9fdef55a92a87278ab29e1959bd2fabf040e235ed36181253d8773684c4915d3,results/stage6b_jb_avg_v1/reference/9fdef55a92a87278ab29e1959bd2fabf040e235ed36181253d8773684c4915d3.json.gz,87f68f4aaa6f9675fafba36f6db2a57e6188790038e3d163df90ca72e6437be9,protocol selected midpoint,G1_only,complete,complete,True,complete,complete,G1
h101,h101-o60-d30,-1,0.362038672,1d42cd92b692d4b2de5e64e528e43e789445086f6aac2a294d7f00d5667a8717,1d42cd92b692d4b2de5e64e528e43e789445086f6aac2a294d7f00d5667a8717,results/stage6b_jb_avg_v1/reference/1d42cd92b692d4b2de5e64e528e43e789445086f6aac2a294d7f00d5667a8717.json.gz,e63e6bc91f2dcdb44be754138f24decb77586ee662ea83df1a42dca01b1c27cb,protocol selected midpoint,G1_only,complete,complete,True,complete,complete,G1
h101,h101-o60-d30,0,0.362038672,dc161e8fd7530a9cf97fa6b0724058d521cfa0b826892ea4195d2656addc8443,dc161e8fd7530a9cf97fa6b0724058d521cfa0b826892ea4195d2656addc8443,results/stage6b_jb_avg_v1/reference/dc161e8fd7530a9cf97fa6b0724058d521cfa0b826892ea4195d2656addc8443.json.gz,0a2ac54a2d607d490f557003036a032ae1b3dedd8b8859d1b67202ddeff338a8,protocol selected midpoint,G1_only,complete,complete,True,complete,complete,G1
h101,h101-o60-d30,1,0.362038672,a5745fb20d25cbe2025227106199e22959ce77485e52b64288b4494ac05ad477,a5745fb20d25cbe2025227106199e22959ce77485e52b64288b4494ac05ad477,results/stage6b_jb_avg_v1/reference/a5745fb20d25cbe2025227106199e22959ce77485e52b64288b4494ac05ad477.json.gz,0c02facd3f6f805f771496d5ab5305d0e6bc157c1b016b031b93566ff1435670,protocol selected midpoint,G1_only,complete,complete,True,complete,complete,G1
h101,h101-o60-d30,2,0.362038672,1a1ca80c418aabe177c0b9bce552bf8d633d3ba39acca1b9e5dcbd26b9c4e394,1a1ca80c418aabe177c0b9bce552bf8d633d3ba39acca1b9e5dcbd26b9c4e394,results/stage6b_jb_avg_v1/reference/1a1ca80c418aabe177c0b9bce552bf8d633d3ba39acca1b9e5dcbd26b9c4e394.json.gz,579fb23a6fa490f121f811642e3927be1df89a1d6c2299e64364c35ece3b2624,protocol selected midpoint,G1_only,complete,complete,True,complete,complete,G1
h102,h102-o300-d120,-2,0.181019336,9c6cd17967492ea5e3fd76f460f8e10fe7836df039facc65691b0df04daab2d2,9c6cd17967492ea5e3fd76f460f8e10fe7836df039facc65691b0df04daab2d2,results/stage6b_jb_avg_v1/reference/9c6cd17967492ea5e3fd76f460f8e10fe7836df039facc65691b0df04daab2d2.json.gz,1e7a7e79b89a4be1d142619822749904b7fbea8ee6308ba1c16054aa1f2de906,protocol selected midpoint,G1_only,complete,complete,True,complete,complete,G1
h102,h102-o300-d120,-1,0.181019336,7e422c0404a167cd6dcc5d2a0ac383896a351b85876f7537e432a49283cf1bb2,7e422c0404a167cd6dcc5d2a0ac383896a351b85876f7537e432a49283cf1bb2,results/stage6b_jb_avg_v1/reference/7e422c0404a167cd6dcc5d2a0ac383896a351b85876f7537e432a49283cf1bb2.json.gz,bc0aec7c5a549a797a8b9e1eb08197f29c326e060613bcb063dc18de44957168,protocol selected midpoint,G1_only,complete,complete,True,complete,complete,G1
h102,h102-o300-d120,0,0.181019336,c3cf99ab25fb589fdb695b4d4820aebcf221b22934b9d30821b02b2127136568,c3cf99ab25fb589fdb695b4d4820aebcf221b22934b9d30821b02b2127136568,results/stage6b_jb_avg_v1/reference/c3cf99ab25fb589fdb695b4d4820aebcf221b22934b9d30821b02b2127136568.json.gz,2dbaef58852d3f3857582be876d0d97c5871dc12915018e55e1f3537d45a820a,protocol selected midpoint,G1_only,complete,complete,True,complete,complete,G1
h102,h102-o300-d120,1,0.181019336,85f3f2766c7a74cd8feed6180d29ddd92f635fa23d6fbc8f0bdf1d1baae9f9c5,85f3f2766c7a74cd8feed6180d29ddd92f635fa23d6fbc8f0bdf1d1baae9f9c5,results/stage6b_jb_avg_v1/reference/85f3f2766c7a74cd8feed6180d29ddd92f635fa23d6fbc8f0bdf1d1baae9f9c5.json.gz,5e0a281b6737b1c2a19cc16687c86364b2d094ddd03c1582a869b2615df11a88,protocol selected midpoint,G1_only,complete,complete,True,complete,complete,G1
h102,h102-o300-d120,2,0.181019336,38033cf01b22650a5bb3ad3174df342f5027d255e5cae3037d555aaaa7360d87,38033cf01b22650a5bb3ad3174df342f5027d255e5cae3037d555aaaa7360d87,results/stage6b_jb_avg_v1/reference/38033cf01b22650a5bb3ad3174df342f5027d255e5cae3037d555aaaa7360d87.json.gz,d87892ebd3a08a41613bf8e7ceb120a41dc41301ee8391578bb3c6bb13dfb837,protocol selected midpoint,G1_only,complete,complete,True,complete,complete,G1
h103,h103-o500-d30,-2,0.181019336,b51406affa82a20c90f7782ed680ee0bda9be3669792d0cc95472a85c59ae030,b51406affa82a20c90f7782ed680ee0bda9be3669792d0cc95472a85c59ae030,results/stage6b_jb_avg_v1/reference/b51406affa82a20c90f7782ed680ee0bda9be3669792d0cc95472a85c59ae030.json.gz,011484f8cb7eba5f047976d0fbbd128821827a2e157c6f248d9fb9997ade41ca,protocol selected midpoint,G1_only,complete,complete,True,complete,complete,G1
h103,h103-o500-d30,-1,0.181019336,16b1e62ef79150f32994a1f44e69795f97e159d104533684c8a62c879e1ea906,16b1e62ef79150f32994a1f44e69795f97e159d104533684c8a62c879e1ea906,results/stage6b_jb_avg_v1/reference/16b1e62ef79150f32994a1f44e69795f97e159d104533684c8a62c879e1ea906.json.gz,999a17b59282568ed976c0681ebc419fdc7f8d65ab32bd0741fe004317200877,protocol selected midpoint,G1_only,complete,complete,True,complete,complete,G1
h103,h103-o500-d30,0,0.181019336,f377846f00a16a678df6b04320cfabec21b1fa5db75b581f8602f61bd4e79458,f377846f00a16a678df6b04320cfabec21b1fa5db75b581f8602f61bd4e79458,results/stage6b_jb_avg_v1/reference/f377846f00a16a678df6b04320cfabec21b1fa5db75b581f8602f61bd4e79458.json.gz,b553c9c0bf73d65471cecccdac3c5ee2e754fe98f5230b6ae0ac3ce5c6cf5706,protocol selected midpoint,G1_only,complete,complete,True,complete,complete,G1
h103,h103-o500-d30,1,0.181019336,d5a204f70f6b1bd45cbcd59a1108bcd530324b2eca277439e905523ad25833df,d5a204f70f6b1bd45cbcd59a1108bcd530324b2eca277439e905523ad25833df,results/stage6b_jb_avg_v1/reference/d5a204f70f6b1bd45cbcd59a1108bcd530324b2eca277439e905523ad25833df.json.gz,bb5194ed59261114cc82b133f676ea1583d88a6d291cecc2e2c794e4e1817191,protocol selected midpoint,G1_only,complete,complete,True,complete,complete,G1
h103,h103-o500-d30,2,0.181019336,31f5e0e62537462ae6d343516d2069ea0967445bf691079115ee954b002cec90,31f5e0e62537462ae6d343516d2069ea0967445bf691079115ee954b002cec90,results/stage6b_jb_avg_v1/reference/31f5e0e62537462ae6d343516d2069ea0967445bf691079115ee954b002cec90.json.gz,82deb0e80daac314b2caad22a1242abe240dbb43ce011ed4165427843cfb9094,protocol selected midpoint,G1_only,complete,complete,True,complete,complete,G1
h104,h104-o700-d120,-2,0.090509668,26992a73844f6f05f08ceeb6caf14051721894376a663e725be04f545cfe14ab,26992a73844f6f05f08ceeb6caf14051721894376a663e725be04f545cfe14ab,results/stage6b_jb_avg_v1/reference/26992a73844f6f05f08ceeb6caf14051721894376a663e725be04f545cfe14ab.json.gz,c8b40920d7823d9589d986613599f24c9a9ede853ff5bc1f2274ae6f8ecd2f2b,protocol selected midpoint,G1_only,complete,complete,True,complete,complete,G1
h104,h104-o700-d120,-1,0.090509668,d9e2249a6c39a20ea684cdd1ab64ef69148cf72f0a11777415cc999e721ea926,d9e2249a6c39a20ea684cdd1ab64ef69148cf72f0a11777415cc999e721ea926,results/stage6b_jb_avg_v1/reference/d9e2249a6c39a20ea684cdd1ab64ef69148cf72f0a11777415cc999e721ea926.json.gz,abdb857e8a56aede9d5c361862ca96ce03aa45401a3178a982870f7aa472bb0d,protocol selected midpoint,G1_only,complete,complete,True,complete,complete,G1
h104,h104-o700-d120,0,0.090509668,21730c6c0fdd5502779d3277ba7f21f773c93a7587e69d0edf3a680c60979752,21730c6c0fdd5502779d3277ba7f21f773c93a7587e69d0edf3a680c60979752,results/stage6b_jb_avg_v1/reference/21730c6c0fdd5502779d3277ba7f21f773c93a7587e69d0edf3a680c60979752.json.gz,4ae43a3fe9c405114b5fefc4c269ec90bd36e0cbdb496dd9584ca1ebc4e8c85d,protocol selected midpoint,G1_only,complete,complete,True,complete,complete,G1
h104,h104-o700-d120,1,0.090509668,d62b423a73943d04904129585b802b6b353407fb566a08b940def42830634bc1,d62b423a73943d04904129585b802b6b353407fb566a08b940def42830634bc1,results/stage6b_jb_avg_v1/reference/d62b423a73943d04904129585b802b6b353407fb566a08b940def42830634bc1.json.gz,8be5325d7e0bc1f708bcb37646ec020bbb48c7483fabd5575342457522745622,protocol selected midpoint,G1_only,complete,complete,True,complete,complete,G1
h104,h104-o700-d120,2,0.090509668,fb699b06976b5051d20edc5a3f8e10587a26576a5e210125a07ba81009eb340c,fb699b06976b5051d20edc5a3f8e10587a26576a5e210125a07ba81009eb340c,results/stage6b_jb_avg_v1/reference/fb699b06976b5051d20edc5a3f8e10587a26576a5e210125a07ba81009eb340c.json.gz,3cf3be3d138ece71a586ce4da436d9c906d9ade5b51e76508e767eecf0aa804e,protocol selected midpoint,G1_only,complete,complete,True,complete,complete,G1
h105,h105-o900-d30,-2,1.4481546879,4510f0cd83fa47f6f8ca372fddb2ba9569aff36eb4e77177fd8ede87babc2539,4510f0cd83fa47f6f8ca372fddb2ba9569aff36eb4e77177fd8ede87babc2539,results/stage6b_jb_avg_v1/reference/4510f0cd83fa47f6f8ca372fddb2ba9569aff36eb4e77177fd8ede87babc2539.json.gz,35eb1e970500105f25cb058d5dab4c657fab3905b4297a9d5832042badf96fc8,protocol selected midpoint,G1_only,complete,complete,True,complete,complete,G1
h105,h105-o900-d30,-1,1.4481546879,73637433657fa3b8280974eea8fc5606f0e0c8cece369407ed77d6163e57f190,73637433657fa3b8280974eea8fc5606f0e0c8cece369407ed77d6163e57f190,results/stage6b_jb_avg_v1/reference/73637433657fa3b8280974eea8fc5606f0e0c8cece369407ed77d6163e57f190.json.gz,b83a1f5c7783c4f291307d297f05fe475da2479a285e34f9cf4275eebcd7477a,protocol selected midpoint,G1_only,complete,complete,True,complete,complete,G1
h105,h105-o900-d30,0,1.4481546879,8dacb5afd9aa45a869ca122c40325d05a4c6679bcbb34a06513a863bde1b239a,8dacb5afd9aa45a869ca122c40325d05a4c6679bcbb34a06513a863bde1b239a,results/stage6b_jb_avg_v1/reference/8dacb5afd9aa45a869ca122c40325d05a4c6679bcbb34a06513a863bde1b239a.json.gz,e2244ed7cd67a416b4f95432ada813ff531be3de6615f41038cee8b722a22a7d,protocol selected midpoint,G1_only,complete,complete,True,complete,complete,G1
h105,h105-o900-d30,1,1.4481546879,3bccb97ebbd093f501617bba92e501cbabb78f8a555e6cdb3386090bf8413501,3bccb97ebbd093f501617bba92e501cbabb78f8a555e6cdb3386090bf8413501,results/stage6b_jb_avg_v1/reference/3bccb97ebbd093f501617bba92e501cbabb78f8a555e6cdb3386090bf8413501.json.gz,7281e3f205879b036f5759c718b5a2d2c2fe850bd73077a69868b0f597ba9c62,protocol selected midpoint,G1_only,complete,complete,True,complete,complete,G1
h105,h105-o900-d30,2,1.4481546879,f516a0270e3836b3269749a277866689b20ae15f206c4604483c379bebf9dadd,f516a0270e3836b3269749a277866689b20ae15f206c4604483c379bebf9dadd,results/stage6b_jb_avg_v1/reference/f516a0270e3836b3269749a277866689b20ae15f206c4604483c379bebf9dadd.json.gz,380a72d30e9133c3aab42667490170aec7bc2b4391c2def8c587630f6883c3fe,protocol selected midpoint,G1_only,complete,complete,True,complete,complete,G1
h106,h106-o1100-d120,-2,0.6088740429,82eed6688fe58a3ea79b110a4774e3bd1940e0681368b0eb65754f89eb24c2eb,82eed6688fe58a3ea79b110a4774e3bd1940e0681368b0eb65754f89eb24c2eb,results/stage6b_jb_avg_v1/reference/82eed6688fe58a3ea79b110a4774e3bd1940e0681368b0eb65754f89eb24c2eb.json.gz,2ac734d32e6610933d6a8482587e0e1115f723c6e0b61985a7f7a728bf4493f1,protocol selected midpoint,G1_only,complete,complete,True,complete,complete,G1
h106,h106-o1100-d120,-1,0.6088740429,55c4976cdf966f2f6a9d20e716b82c28ab151217c2ea12a0b5a5047e67090f35,55c4976cdf966f2f6a9d20e716b82c28ab151217c2ea12a0b5a5047e67090f35,results/stage6b_jb_avg_v1/reference/55c4976cdf966f2f6a9d20e716b82c28ab151217c2ea12a0b5a5047e67090f35.json.gz,cfbb7a34b28ba4669e19a53223db26445fa1100cd1367555444b8ee101c5ebb7,protocol selected midpoint,G1_only,complete,complete,True,complete,complete,G1
h106,h106-o1100-d120,0,0.6088740429,601dd1773d8a5d0251c61f4a02a35ec9a7366e7b716a5cb47a541f944fbf5987,601dd1773d8a5d0251c61f4a02a35ec9a7366e7b716a5cb47a541f944fbf5987,results/stage6b_jb_avg_v1/reference/601dd1773d8a5d0251c61f4a02a35ec9a7366e7b716a5cb47a541f944fbf5987.json.gz,f8b6d2720df26cbb383b6621561629f48a6ec06caff52db0f6611bd7b3f93c03,protocol selected midpoint,G1_only,complete,complete,True,complete,complete,G1
h106,h106-o1100-d120,1,0.6088740429,96ecc9c4f1a3126dbe2a99e570aa15631a428841d36a7fcbbd999a9014574acc,96ecc9c4f1a3126dbe2a99e570aa15631a428841d36a7fcbbd999a9014574acc,results/stage6b_jb_avg_v1/reference/96ecc9c4f1a3126dbe2a99e570aa15631a428841d36a7fcbbd999a9014574acc.json.gz,e3665339a09a9d120ac5f5fa64706feaa28e71260b42359be5143804726a02c2,protocol selected midpoint,G1_only,complete,complete,True,complete,complete,G1
h106,h106-o1100-d120,2,0.6088740429,c0c69faa36e7684a15b505e893132aad1095660e25ab250d12416f5b1b021dc3,c0c69faa36e7684a15b505e893132aad1095660e25ab250d12416f5b1b021dc3,results/stage6b_jb_avg_v1/reference/c0c69faa36e7684a15b505e893132aad1095660e25ab250d12416f5b1b021dc3.json.gz,97117504e6472e1542251a2ea9ba4897358bf0cf15b9bd69b418764d89446fe0,protocol selected midpoint,G1_only,complete,complete,True,complete,complete,G1
w201,w201,-2,0.362038672,3741a0c803c6f2dd44242095c44b6719a54f66944946b0b4bb1e4a96503db51e,3741a0c803c6f2dd44242095c44b6719a54f66944946b0b4bb1e4a96503db51e,results/stage6b_jb_avg_v1/reference/3741a0c803c6f2dd44242095c44b6719a54f66944946b0b4bb1e4a96503db51e.json.gz,337d040b6669eb3f3d0d88300d12be48df86936511e382941f5242eda41f02dd,protocol selected midpoint,G1_only,complete,complete,True,complete,complete,G1
w201,w201,-1,0.362038672,0948cf32dc72d649a7946c2ddf0a1fa64ed2575cbcf7f46c26e1f4f246fb7c2b,0948cf32dc72d649a7946c2ddf0a1fa64ed2575cbcf7f46c26e1f4f246fb7c2b,results/stage6b_jb_avg_v1/reference/0948cf32dc72d649a7946c2ddf0a1fa64ed2575cbcf7f46c26e1f4f246fb7c2b.json.gz,e5362487b90dc732e38c51984eb8c41b3711556d5392a913b1724fb569e1d1ed,protocol selected midpoint,G1_only,complete,complete,True,complete,complete,G1
w201,w201,0,0.362038672,ef12a22c832e88f00a74ed6d02abb830cbc2701064be8600fd44aec6ee78e11f,ef12a22c832e88f00a74ed6d02abb830cbc2701064be8600fd44aec6ee78e11f,results/stage6b_jb_avg_v1/reference/ef12a22c832e88f00a74ed6d02abb830cbc2701064be8600fd44aec6ee78e11f.json.gz,fb11f36530c71c94c5a039900a3fc3f160ea1c0314a14aa2c80b39674076ea89,protocol selected midpoint,G1_only,complete,complete,True,complete,complete,G1
w201,w201,1,0.362038672,064dbc10dc3861f4d3090a5a433f49abc3b9bbeb41efa858cbdf94c4e933f9b1,064dbc10dc3861f4d3090a5a433f49abc3b9bbeb41efa858cbdf94c4e933f9b1,results/stage6b_jb_avg_v1/reference/064dbc10dc3861f4d3090a5a433f49abc3b9bbeb41efa858cbdf94c4e933f9b1.json.gz,ba1d08e87b2f19b2e9f3c6bf5814aa789289f1695f6767229aafbaed45518ba6,protocol selected midpoint,G1_only,complete,complete,True,complete,complete,G1
w201,w201,2,0.362038672,4b4024f06d1b7e4e660e02ed4cb92674d7becb83025a4aee28a00ad56bb290aa,4b4024f06d1b7e4e660e02ed4cb92674d7becb83025a4aee28a00ad56bb290aa,results/stage6b_jb_avg_v1/reference/4b4024f06d1b7e4e660e02ed4cb92674d7becb83025a4aee28a00ad56bb290aa.json.gz,41d450a1d2c7e5c37851108e288fad3a726536b47f9bd579f5d5e7764663364b,protocol selected midpoint,G1_only,complete,complete,True,complete,complete,G1
w202,w202,-2,0.3044370215,d21df9d3b18699e60707e1605626c4329e517abea0ffa4ad03b792c714dc801f,d21df9d3b18699e60707e1605626c4329e517abea0ffa4ad03b792c714dc801f,results/stage6b_jb_avg_v1/reference/d21df9d3b18699e60707e1605626c4329e517abea0ffa4ad03b792c714dc801f.json.gz,6d10ce127952e65f80944c6e098c1d425307fc96428ca5085585774ed9276e17,protocol selected midpoint,G1_only,complete,complete,True,complete,complete,G1
w202,w202,-1,0.3044370215,9a8c431364318ff4d4d482a6891f42ddfb63835b116df6db44aef54616681bf8,9a8c431364318ff4d4d482a6891f42ddfb63835b116df6db44aef54616681bf8,results/stage6b_jb_avg_v1/reference/9a8c431364318ff4d4d482a6891f42ddfb63835b116df6db44aef54616681bf8.json.gz,c86f767e4abaa187f3dc3af6fe4e1518daa7c2deaf774c6030c0d675386ecc6d,protocol selected midpoint,G1_only,complete,complete,True,complete,complete,G1
w202,w202,0,0.3044370215,9e31c44ca0b2a9592b4a902655d5d02c169b12ed34be76d72b915b1481354d11,9e31c44ca0b2a9592b4a902655d5d02c169b12ed34be76d72b915b1481354d11,results/stage6b_jb_avg_v1/reference/9e31c44ca0b2a9592b4a902655d5d02c169b12ed34be76d72b915b1481354d11.json.gz,fb3b1c5aeaa11b6b35f3ae8a1377851cd0104d8323c1d05da48eb002c61f8fe7,protocol selected midpoint,G1_only,complete,complete,True,complete,complete,G1
w202,w202,1,0.3044370215,9984f6e86d12b2120cc46e747e7e6e878f2816b70eabd360b8417dce579fe0cc,9984f6e86d12b2120cc46e747e7e6e878f2816b70eabd360b8417dce579fe0cc,results/stage6b_jb_avg_v1/reference/9984f6e86d12b2120cc46e747e7e6e878f2816b70eabd360b8417dce579fe0cc.json.gz,390346b37e90d3dfd775e3865659be8fa1d92a5877436b614abb8f8dedfda3d6,protocol selected midpoint,G1_only,complete,complete,True,complete,complete,G1
w202,w202,2,0.3044370215,ebae404a874c1bc15685d39b6ec425b8092952a08aac18b56fe28af24bbddf16,ebae404a874c1bc15685d39b6ec425b8092952a08aac18b56fe28af24bbddf16,results/stage6b_jb_avg_v1/reference/ebae404a874c1bc15685d39b6ec425b8092952a08aac18b56fe28af24bbddf16.json.gz,f3c204db79de05aa033b8b10c9fc4aab5405607d9bc3506fb337e03ce800e8a8,protocol selected midpoint,G1_only,complete,complete,True,complete,complete,G1
w203,w203,-2,2.4354961715,421de6d538fe460a2cdec3424e1075234776cd5c7479c479f6931d0aea2e4806,421de6d538fe460a2cdec3424e1075234776cd5c7479c479f6931d0aea2e4806,results/stage6b_jb_avg_v1/reference/421de6d538fe460a2cdec3424e1075234776cd5c7479c479f6931d0aea2e4806.json.gz,ff5d08d9e1984e4333db9ad614fce883a0d6b7eb5dc1e08f29188d19af7655be,protocol selected midpoint,G1_only,complete,complete,True,complete,complete,G1
w203,w203,-1,2.4354961715,6f0424873c627b0132f2f3e86fb7dec920970ed22799a340f2139a449a11fd72,6f0424873c627b0132f2f3e86fb7dec920970ed22799a340f2139a449a11fd72,results/stage6b_jb_avg_v1/reference/6f0424873c627b0132f2f3e86fb7dec920970ed22799a340f2139a449a11fd72.json.gz,72bfec7c972a18a15747b326fc4dbaedd58e0dbb3810d40e73afb67051d04f14,protocol selected midpoint,G1_only,complete,complete,True,complete,complete,G1
w203,w203,0,2.4354961715,0109599b128db19e954c8a9aaaa214e3e5271a8e22453a58ee1df1442d92eb14,0109599b128db19e954c8a9aaaa214e3e5271a8e22453a58ee1df1442d92eb14,results/stage6b_jb_avg_v1/reference/0109599b128db19e954c8a9aaaa214e3e5271a8e22453a58ee1df1442d92eb14.json.gz,623348669e0d8a63cf932594dd6143e3635bca0bd5763c69c8d93a5168e744be,protocol selected midpoint,G1_only,complete,complete,True,complete,complete,G1
w203,w203,1,2.4354961715,37dd18ae31d4e10800261348d3f565c41348bf5c4ca771883143373b034e6bce,37dd18ae31d4e10800261348d3f565c41348bf5c4ca771883143373b034e6bce,results/stage6b_jb_avg_v1/reference/37dd18ae31d4e10800261348d3f565c41348bf5c4ca771883143373b034e6bce.json.gz,5d9eea29263f583f7f9d62e2899139def9bd50f38a60939b96f94547f7f1e130,protocol selected midpoint,G1_only,complete,complete,True,complete,complete,G1
w203,w203,2,2.4354961715,a227dd109b22d9ffacec4495fd9b88531e3400c56749b2cd605f04de6a455dc3,a227dd109b22d9ffacec4495fd9b88531e3400c56749b2cd605f04de6a455dc3,results/stage6b_jb_avg_v1/reference/a227dd109b22d9ffacec4495fd9b88531e3400c56749b2cd605f04de6a455dc3.json.gz,1acdcc56a8bbc7b81421883d8b3538d04b1478c35b1417af3f3d7aa37958cadf,protocol selected midpoint,G1_only,complete,complete,True,complete,complete,G1
w204,w204,-2,0.181019336,75b156825c43ef53b3d9b9d431e9e77199628517566fbd82bac2481154e91f20,75b156825c43ef53b3d9b9d431e9e77199628517566fbd82bac2481154e91f20,results/stage6b_jb_avg_v1/reference/75b156825c43ef53b3d9b9d431e9e77199628517566fbd82bac2481154e91f20.json.gz,309029ed66f35e6bec64bd717a29bb0d51e042b0dbd106bfbe9822616f991392,protocol selected midpoint,G1_only,complete,complete,True,complete,complete,G1
w204,w204,-1,0.181019336,f19661eb108c97fe764a028e09b11f9f227dd42e0c658245e154a86db5d8560f,f19661eb108c97fe764a028e09b11f9f227dd42e0c658245e154a86db5d8560f,results/stage6b_jb_avg_v1/reference/f19661eb108c97fe764a028e09b11f9f227dd42e0c658245e154a86db5d8560f.json.gz,8bd9d82b12eb5f4f2bb4e403808526b1f0e7f995289ea92fa8e042ca1b42f86b,protocol selected midpoint,G1_only,complete,complete,True,complete,complete,G1
w204,w204,0,0.181019336,220a30746f0b2c71638fef4c307b14647cb1f9d0d55ffd26464bb586d2e059d3,220a30746f0b2c71638fef4c307b14647cb1f9d0d55ffd26464bb586d2e059d3,results/stage6b_jb_avg_v1/reference/220a30746f0b2c71638fef4c307b14647cb1f9d0d55ffd26464bb586d2e059d3.json.gz,8639b536bf63a928fec3637c16fa6eb3469aa71adab0c2c3f3a08825077979f5,protocol selected midpoint,G1_only,complete,complete,True,complete,complete,G1
w204,w204,1,0.181019336,f2bd4afb9b0761edf91fbcadc2db8d08f5e3e11c471bedd845f689e4323e827f,f2bd4afb9b0761edf91fbcadc2db8d08f5e3e11c471bedd845f689e4323e827f,results/stage6b_jb_avg_v1/reference/f2bd4afb9b0761edf91fbcadc2db8d08f5e3e11c471bedd845f689e4323e827f.json.gz,cf325b2153fa5c540e6f202066f10420eab1ba972bf9dd67785a74de82a4a846,protocol selected midpoint,G1_only,complete,complete,True,complete,complete,G1
w204,w204,2,0.181019336,0e3c466d8d95c02f3844eaac8f81fc3a48ebcb73df18a283bd7a3f86ee2c66bb,0e3c466d8d95c02f3844eaac8f81fc3a48ebcb73df18a283bd7a3f86ee2c66bb,results/stage6b_jb_avg_v1/reference/0e3c466d8d95c02f3844eaac8f81fc3a48ebcb73df18a283bd7a3f86ee2c66bb.json.gz,ffda7ff2f9676264209c9a52426038bfb86fa6e20e921b9dba5c2a39d0c9f08a,protocol selected midpoint,G1_only,complete,complete,True,complete,complete,G1
h101,h101-o60-d30,-2,0.0380546277,e57e5c82640645a905555ca3ccafa3e5b51046aca3bcd90bb7ed54e19eee0f14,e57e5c82640645a905555ca3ccafa3e5b51046aca3bcd90bb7ed54e19eee0f14,results/stage6b_jb_avg_v1/reference/e57e5c82640645a905555ca3ccafa3e5b51046aca3bcd90bb7ed54e19eee0f14.json.gz,6174f426363a22bef3dfd18ea3cb7fafdff2c58a7f54fc3cb36ac6050837dd81,protocol selected midpoint,G1_only,complete,complete,True,complete,complete,G1
h101,h101-o60-d30,-1,0.0380546277,329635d0361b2121b35f958a1dbd6c58c33331c09375599e0fdbf5fb6b79409d,329635d0361b2121b35f958a1dbd6c58c33331c09375599e0fdbf5fb6b79409d,results/stage6b_jb_avg_v1/reference/329635d0361b2121b35f958a1dbd6c58c33331c09375599e0fdbf5fb6b79409d.json.gz,124218b76654c9d921d6c99ff4b3a89d811609bcb75d650f96065c74bcf346f6,protocol selected midpoint,G1_only,complete,complete,True,complete,complete,G1
h101,h101-o60-d30,0,0.0380546277,aff2aa10287aa3ab27c9f9cc8547bff78c839a29a11e78d096690d04f7a910a9,aff2aa10287aa3ab27c9f9cc8547bff78c839a29a11e78d096690d04f7a910a9,results/stage6b_jb_avg_v1/reference/aff2aa10287aa3ab27c9f9cc8547bff78c839a29a11e78d096690d04f7a910a9.json.gz,e4459751e08e5ddccb3b7abff841fecf4fdd08b40b711052fb86c46e663180e5,protocol selected midpoint,G1_only,complete,complete,True,complete,complete,G1
h101,h101-o60-d30,1,0.0380546277,fab832ae8bd9243d73ab516ce92bcd558d210d4950e1c9ca09c60365f19d3fcd,fab832ae8bd9243d73ab516ce92bcd558d210d4950e1c9ca09c60365f19d3fcd,results/stage6b_jb_avg_v1/reference/fab832ae8bd9243d73ab516ce92bcd558d210d4950e1c9ca09c60365f19d3fcd.json.gz,743ed59549254aa0a0832244046138d20b7928c029fe4c1c65264d74ea0bc113,protocol selected midpoint,G1_only,complete,complete,True,complete,complete,G1
h101,h101-o60-d30,2,0.0380546277,7d371322c575b1e9fc392c4c425078f50308827f5635ffa14788fe57410be267,7d371322c575b1e9fc392c4c425078f50308827f5635ffa14788fe57410be267,results/stage6b_jb_avg_v1/reference/7d371322c575b1e9fc392c4c425078f50308827f5635ffa14788fe57410be267.json.gz,82a68e41748505bbbf7678283d5e7530c08af39af21309bb432a6fc3b3017956,protocol selected midpoint,G1_only,complete,complete,True,complete,complete,G1
h102,h102-o300-d120,-2,0.0380546277,594c8b854727556015679c41a10cac983fdaa468f27c8e2a0c9587ed048c771b,594c8b854727556015679c41a10cac983fdaa468f27c8e2a0c9587ed048c771b,results/stage6b_jb_avg_v1/reference/594c8b854727556015679c41a10cac983fdaa468f27c8e2a0c9587ed048c771b.json.gz,9bc5a8fd2e73b711dbfa2fd5791826b36ce2a3731183e39bcc0d3034bd4f4e6d,protocol selected midpoint,G1_only,complete,complete,True,complete,complete,G1
h102,h102-o300-d120,-1,0.0380546277,c39d81b0e7b6e86371fa92627f93a78fd50180e555903e3d9be3cc01091eb145,c39d81b0e7b6e86371fa92627f93a78fd50180e555903e3d9be3cc01091eb145,results/stage6b_jb_avg_v1/reference/c39d81b0e7b6e86371fa92627f93a78fd50180e555903e3d9be3cc01091eb145.json.gz,a4a6d070739561d2a27801e6a2a96adca351b5363dcfc48f70dfeef17b4d175e,protocol selected midpoint,G1_only,complete,complete,True,complete,complete,G1
h102,h102-o300-d120,0,0.0380546277,b9a99566a547a560ef7cf90329a4b709199a3938ecfe331d503a31ef3195cbef,b9a99566a547a560ef7cf90329a4b709199a3938ecfe331d503a31ef3195cbef,results/stage6b_jb_avg_v1/reference/b9a99566a547a560ef7cf90329a4b709199a3938ecfe331d503a31ef3195cbef.json.gz,9764418dd28b10e2da5d1e5b3f04cbf29368be1fa1af8ee70460a2872dc85bfc,protocol selected midpoint,G1_only,complete,complete,True,complete,complete,G1
h102,h102-o300-d120,1,0.0380546277,8ef06bfcca18558f0fce9619d429ee263d3191fee47abaad3e4c5f0aff7d669b,8ef06bfcca18558f0fce9619d429ee263d3191fee47abaad3e4c5f0aff7d669b,results/stage6b_jb_avg_v1/reference/8ef06bfcca18558f0fce9619d429ee263d3191fee47abaad3e4c5f0aff7d669b.json.gz,a72b54204b16e0f595b7b4ff1edf533feacc21e89dcf39aebdef2060326ef303,protocol selected midpoint,G1_only,complete,complete,True,complete,complete,G1
h102,h102-o300-d120,2,0.0380546277,8bb74652f16fff88f80fc7002356297a5eeecc48b16a079c5fdcf0a0061ba149,8bb74652f16fff88f80fc7002356297a5eeecc48b16a079c5fdcf0a0061ba149,results/stage6b_jb_avg_v1/reference/8bb74652f16fff88f80fc7002356297a5eeecc48b16a079c5fdcf0a0061ba149.json.gz,015f16a665e2773f5777d7408d9f74027dd210cfc81966f769f3607289f584b2,protocol selected midpoint,G1_only,complete,complete,True,complete,complete,G1
h103,h103-o500-d30,-2,0.362038672,2c4919c381d3b6ac60b2ecc7fa7935fa07a0358e4ab6531c17f4ca382ad92cef,2c4919c381d3b6ac60b2ecc7fa7935fa07a0358e4ab6531c17f4ca382ad92cef,results/stage6b_jb_avg_v1/reference/2c4919c381d3b6ac60b2ecc7fa7935fa07a0358e4ab6531c17f4ca382ad92cef.json.gz,63ff97394ea34b1f236df87e119abb1250685dc49d290e4dd001ce593c2c3ec6,protocol selected midpoint,G1_only,complete,complete,True,complete,complete,G1
h103,h103-o500-d30,-1,0.362038672,bdc94ba705b2da53b4e77df82bd0189c40c4f26d692548a068c896d51dba8e82,bdc94ba705b2da53b4e77df82bd0189c40c4f26d692548a068c896d51dba8e82,results/stage6b_jb_avg_v1/reference/bdc94ba705b2da53b4e77df82bd0189c40c4f26d692548a068c896d51dba8e82.json.gz,3c37361400525e50b149a46d41543afdf58f3e5ce4f9be3e0ee8fa98f05ef65c,protocol selected midpoint,G1_only,complete,complete,True,complete,complete,G1
h103,h103-o500-d30,0,0.362038672,2e28a4150c32406858f1caeb8eb78fdd2de75dd874af173fee009511e2cd8702,2e28a4150c32406858f1caeb8eb78fdd2de75dd874af173fee009511e2cd8702,results/stage6b_jb_avg_v1/reference/2e28a4150c32406858f1caeb8eb78fdd2de75dd874af173fee009511e2cd8702.json.gz,b7f1b680fb54045551894aa94f719ab9858683297b50ba69a416031804e8d983,protocol selected midpoint,G1_only,complete,complete,True,complete,complete,G1
h103,h103-o500-d30,1,0.362038672,11141577cce678c680e9348f4113244c4660e177e2afa1ff60a960d6ecf2471e,11141577cce678c680e9348f4113244c4660e177e2afa1ff60a960d6ecf2471e,results/stage6b_jb_avg_v1/reference/11141577cce678c680e9348f4113244c4660e177e2afa1ff60a960d6ecf2471e.json.gz,0d718ef0e69f7f072b169c2879c2a124bf770c59a0e537c1f32ca87f7693ac3c,protocol selected midpoint,G1_only,complete,complete,True,complete,complete,G1
h103,h103-o500-d30,2,0.362038672,48768faa064e40e3b5f6dfa32732830178b7a613c9f64b0b5a06a26ebfd067be,48768faa064e40e3b5f6dfa32732830178b7a613c9f64b0b5a06a26ebfd067be,results/stage6b_jb_avg_v1/reference/48768faa064e40e3b5f6dfa32732830178b7a613c9f64b0b5a06a26ebfd067be.json.gz,c1d3f4a32c7240d4a8c1c14f07e6414ce2370dcb827e87e621a8bc699e597c3f,protocol selected midpoint,G1_only,complete,complete,True,complete,complete,G1
h104,h104-o700-d120,-2,0.181019336,89f275af1c45c8ff6531d0255460ae3d236ede624cd4246b45be4e1158fdef04,89f275af1c45c8ff6531d0255460ae3d236ede624cd4246b45be4e1158fdef04,results/stage6b_jb_avg_v1/reference/89f275af1c45c8ff6531d0255460ae3d236ede624cd4246b45be4e1158fdef04.json.gz,99ecbe3095f4f1317b7b7b70c27407f2bd1200636245b2ecdba9e1fc131b8488,protocol selected midpoint,G1_only,complete,complete,True,complete,complete,G1
h104,h104-o700-d120,-1,0.181019336,a8ebd7e778c41ee548cd2871bf0e08bd569717119fec9f578fc7be8318ca18ce,a8ebd7e778c41ee548cd2871bf0e08bd569717119fec9f578fc7be8318ca18ce,results/stage6b_jb_avg_v1/reference/a8ebd7e778c41ee548cd2871bf0e08bd569717119fec9f578fc7be8318ca18ce.json.gz,c74205099f220d3f328300b8b69bf179714164a46cc2b36ec0e6801deebb298f,protocol selected midpoint,G1_only,complete,complete,True,complete,complete,G1
h104,h104-o700-d120,0,0.181019336,c18bc6ec70f0a1fa3252ef26ecfa299392e78b15cdb85c65c2f41db607dcf999,c18bc6ec70f0a1fa3252ef26ecfa299392e78b15cdb85c65c2f41db607dcf999,results/stage6b_jb_avg_v1/reference/c18bc6ec70f0a1fa3252ef26ecfa299392e78b15cdb85c65c2f41db607dcf999.json.gz,1f6e139a5b25b1b2c876b57892d319d385bc79c7b567310dc07d0ed864221c9a,protocol selected midpoint,G1_only,complete,complete,True,complete,complete,G1
h104,h104-o700-d120,1,0.181019336,15a3c7c90e89be5b73b0d1daa8a10129c25da894ed4e395e85dbf02be8fba2ed,15a3c7c90e89be5b73b0d1daa8a10129c25da894ed4e395e85dbf02be8fba2ed,results/stage6b_jb_avg_v1/reference/15a3c7c90e89be5b73b0d1daa8a10129c25da894ed4e395e85dbf02be8fba2ed.json.gz,cee097e9a955034be29adb6befcdd7527e064c1519b17a1a414b96c96a023eee,protocol selected midpoint,G1_only,complete,complete,True,complete,complete,G1
h104,h104-o700-d120,2,0.181019336,a1704473e38d5c85dd519904b3412adc043d58211fde18187a501e24346ae254,a1704473e38d5c85dd519904b3412adc043d58211fde18187a501e24346ae254,results/stage6b_jb_avg_v1/reference/a1704473e38d5c85dd519904b3412adc043d58211fde18187a501e24346ae254.json.gz,a1d57eeef71d622263a408ecf272ea0ca56fd03a9ba8874296244c66aaa6b941,protocol selected midpoint,G1_only,complete,complete,True,complete,complete,G1
h105,h105-o900-d30,-2,0.0761092554,6e87b130f08a6dee2500b2aa1705a9ce05771118265768773ee03059609eff09,6e87b130f08a6dee2500b2aa1705a9ce05771118265768773ee03059609eff09,results/stage6b_jb_avg_v1/reference/6e87b130f08a6dee2500b2aa1705a9ce05771118265768773ee03059609eff09.json.gz,499d9ca5c1b819df29429e467082ff15183f1b591474522ea88116ddd9448986,protocol selected midpoint,G1_only,complete,complete,True,complete,complete,G1
h105,h105-o900-d30,-1,0.0761092554,d6756f90c9c63a225b9cd44d034f3117d0d1d2e851083c7a8aebb416f7ac2fc7,d6756f90c9c63a225b9cd44d034f3117d0d1d2e851083c7a8aebb416f7ac2fc7,results/stage6b_jb_avg_v1/reference/d6756f90c9c63a225b9cd44d034f3117d0d1d2e851083c7a8aebb416f7ac2fc7.json.gz,1bc64d880fcce56b6ea9de56b996b6e0321335f300579006390b68eecf26c5c1,protocol selected midpoint,G1_only,complete,complete,True,complete,complete,G1
h105,h105-o900-d30,0,0.0761092554,13ba7a901f01346a8be4f77ba3507798a4e61aa2b48989e607f410fd26ecf7b3,13ba7a901f01346a8be4f77ba3507798a4e61aa2b48989e607f410fd26ecf7b3,results/stage6b_jb_avg_v1/reference/13ba7a901f01346a8be4f77ba3507798a4e61aa2b48989e607f410fd26ecf7b3.json.gz,ed10cc5217bc94e488caae095a3f653be6f2d9c84e9f10a3233b00e41a4e15c8,protocol selected midpoint,G1_only,complete,complete,True,complete,complete,G1
h105,h105-o900-d30,1,0.0761092554,82930fa21bfcc90460e708e44620e80263d758716eccf25d0c1f3b8e69257278,82930fa21bfcc90460e708e44620e80263d758716eccf25d0c1f3b8e69257278,results/stage6b_jb_avg_v1/reference/82930fa21bfcc90460e708e44620e80263d758716eccf25d0c1f3b8e69257278.json.gz,c1ba4e094d7ad39819b106b94e22ea7f174f155ff5d4bb777287a0f26692dec7,protocol selected midpoint,G1_only,complete,complete,True,complete,complete,G1
h105,h105-o900-d30,2,0.0761092554,1871f10c92b333d158a38ea904624fc3657c1a7c8a446ea1495146fd76d57900,1871f10c92b333d158a38ea904624fc3657c1a7c8a446ea1495146fd76d57900,results/stage6b_jb_avg_v1/reference/1871f10c92b333d158a38ea904624fc3657c1a7c8a446ea1495146fd76d57900.json.gz,c9ef51e9bf53ae18a3c17524da4248df5e07894dbfaf58bbc557521876c44f9d,protocol selected midpoint,G1_only,complete,complete,True,complete,complete,G1
h106,h106-o1100-d120,-2,0.0538173706,fb5648775c3825525678d5766fd61c5f6eec00c7e296241d48dba0bad80397ff,fb5648775c3825525678d5766fd61c5f6eec00c7e296241d48dba0bad80397ff,results/stage6b_jb_avg_v1/reference/fb5648775c3825525678d5766fd61c5f6eec00c7e296241d48dba0bad80397ff.json.gz,ebc4eb3da5fce4d51198cba0be4070662162628f6f16dd2238ef79ce596492d0,protocol selected midpoint,G1_only,complete,complete,True,complete,complete,G1
h106,h106-o1100-d120,-1,0.0538173706,771b90e15771765625d14eede91e11fad70ac6b9a0ee2e12ba3e6b2ae4ec096e,771b90e15771765625d14eede91e11fad70ac6b9a0ee2e12ba3e6b2ae4ec096e,results/stage6b_jb_avg_v1/reference/771b90e15771765625d14eede91e11fad70ac6b9a0ee2e12ba3e6b2ae4ec096e.json.gz,c4518cf2d6ddbc9e33abd5c994dc7de5ac323f013bd43d2b64aaca952dd25679,protocol selected midpoint,G1_only,complete,complete,True,complete,complete,G1
h106,h106-o1100-d120,0,0.0538173706,fdc168dcfc69aed4f99f60ea2a1589ea0af0dbf0b2f04be120b096ff24ffe472,fdc168dcfc69aed4f99f60ea2a1589ea0af0dbf0b2f04be120b096ff24ffe472,results/stage6b_jb_avg_v1/reference/fdc168dcfc69aed4f99f60ea2a1589ea0af0dbf0b2f04be120b096ff24ffe472.json.gz,69250ead4718d300ace21681cd8e6e6f5f67df39dd49ce5b07839188306b23cb,protocol selected midpoint,G1_only,complete,complete,True,complete,complete,G1
h106,h106-o1100-d120,1,0.0538173706,3ba1ae954c36bdd329f8bfe3f33a1c648125e349565b9304c93f20a0f09b0908,3ba1ae954c36bdd329f8bfe3f33a1c648125e349565b9304c93f20a0f09b0908,results/stage6b_jb_avg_v1/reference/3ba1ae954c36bdd329f8bfe3f33a1c648125e349565b9304c93f20a0f09b0908.json.gz,ffa8c359bf818a5dd0a5a8cf8d1d848a0f36318278e9b6d309b9c31cf5abedef,protocol selected midpoint,G1_only,complete,complete,True,complete,complete,G1
h106,h106-o1100-d120,2,0.0538173706,eb73233552dcbf2f10ce932db9224ca8ea8d56a30a3b127c7c7d56abcafdddc8,eb73233552dcbf2f10ce932db9224ca8ea8d56a30a3b127c7c7d56abcafdddc8,results/stage6b_jb_avg_v1/reference/eb73233552dcbf2f10ce932db9224ca8ea8d56a30a3b127c7c7d56abcafdddc8.json.gz,052162e5096842a2cfb2f90e0bed3feaa4ba8cf68f32d94d8a1c397c1ff64509,protocol selected midpoint,G1_only,complete,complete,True,complete,complete,G1
w201,w201,-2,5.7926187515,6524dbe8016b0ed183f480eb5e2262b56ca78db3fb97759b2846a763515025ce,6524dbe8016b0ed183f480eb5e2262b56ca78db3fb97759b2846a763515025ce,results/stage6b_jb_avg_v1/reference/6524dbe8016b0ed183f480eb5e2262b56ca78db3fb97759b2846a763515025ce.json.gz,a13f3fed3e51deb54993aa31ea5f6040c818f597f96e3f6563db9fb8776d2ec5,protocol selected midpoint,G1_only,complete,unsupported_profile_domain,False,unsupported_profile_domain,complete,G1
w201,w201,-1,5.7926187515,7283334b42aeaaf4c5434cc444307b491a3f3217b4b9afff5ee07e8b485fc259,7283334b42aeaaf4c5434cc444307b491a3f3217b4b9afff5ee07e8b485fc259,results/stage6b_jb_avg_v1/reference/7283334b42aeaaf4c5434cc444307b491a3f3217b4b9afff5ee07e8b485fc259.json.gz,bc05ec9b0e0c11dae242ed8b02396716977e878c85cf98e6a07f0f3a87aa8835,protocol selected midpoint,G1_only,complete,unsupported_profile_domain,False,unsupported_profile_domain,complete,G1
w201,w201,0,5.7926187515,1230157b8b1ac1b11df244652fd327d9567d6ef418d4dd380c0987291d4475a5,1230157b8b1ac1b11df244652fd327d9567d6ef418d4dd380c0987291d4475a5,results/stage6b_jb_avg_v1/reference/1230157b8b1ac1b11df244652fd327d9567d6ef418d4dd380c0987291d4475a5.json.gz,a715611ac7f1cdefa05c8c90bfae9bdfbe7a2a459296b1c98445a4bee103c68c,protocol selected midpoint,G1_only,complete,unsupported_profile_domain,False,unsupported_profile_domain,complete,G1
w201,w201,1,5.7926187515,194686bfa21cf9284129ea43973584cf09a77d5997c795e209a7008fde316027,194686bfa21cf9284129ea43973584cf09a77d5997c795e209a7008fde316027,results/stage6b_jb_avg_v1/reference/194686bfa21cf9284129ea43973584cf09a77d5997c795e209a7008fde316027.json.gz,26950a34e4cdc39a902cae989e022644de4f8098f9c628ec6574c1e32e6ddfe4,protocol selected midpoint,G1_only,complete,unsupported_profile_domain,False,unsupported_profile_domain,complete,G1
w201,w201,2,5.7926187515,3a6bddbe769afb3f463a59feeff8d4f63b75fb093861139913e6cecb4898b7e8,3a6bddbe769afb3f463a59feeff8d4f63b75fb093861139913e6cecb4898b7e8,results/stage6b_jb_avg_v1/reference/3a6bddbe769afb3f463a59feeff8d4f63b75fb093861139913e6cecb4898b7e8.json.gz,782de8f5f08da1d44f56bf611528a030571c7bcd62dcfffe33981a87e9d1dcfa,protocol selected midpoint,G1_only,complete,unsupported_profile_domain,False,unsupported_profile_domain,complete,G1
w202,w202,-2,0.6088740429,dde41350e688602039b42d7722df8f644bd84be43f36fd03dcaa52f879ac972d,dde41350e688602039b42d7722df8f644bd84be43f36fd03dcaa52f879ac972d,results/stage6b_jb_avg_v1/reference/dde41350e688602039b42d7722df8f644bd84be43f36fd03dcaa52f879ac972d.json.gz,0a86b2ac50225041328bb5e7658a1f71094d396d83c9da9ec094d256691c28fa,protocol selected midpoint,G1_only,complete,complete,True,complete,complete,G1
w202,w202,-1,0.6088740429,a5d3bbd83b5c5c9ed5735c02690c5b97dbcf08d330f6998b43f013b2bc150b1b,a5d3bbd83b5c5c9ed5735c02690c5b97dbcf08d330f6998b43f013b2bc150b1b,results/stage6b_jb_avg_v1/reference/a5d3bbd83b5c5c9ed5735c02690c5b97dbcf08d330f6998b43f013b2bc150b1b.json.gz,7a77b57a25628d73d40d6fd2daf5fc47aa5ec5c25e5c325860ee33f18557e54a,protocol selected midpoint,G1_only,complete,complete,True,complete,complete,G1
w202,w202,0,0.6088740429,72b64201905634e7d97aeec66be6ff98f7c614bc0de80b40a95f45d2b08ddc98,72b64201905634e7d97aeec66be6ff98f7c614bc0de80b40a95f45d2b08ddc98,results/stage6b_jb_avg_v1/reference/72b64201905634e7d97aeec66be6ff98f7c614bc0de80b40a95f45d2b08ddc98.json.gz,41e81bbce9900f31593ae19939b04b50f95f67962d6d4770e53739bd6605ae2d,protocol selected midpoint,G1_only,complete,complete,True,complete,complete,G1
w202,w202,1,0.6088740429,5872529b801d1387965a3fd4b7829a36b97fcac3dcacacddbf2cea432927b8fc,5872529b801d1387965a3fd4b7829a36b97fcac3dcacacddbf2cea432927b8fc,results/stage6b_jb_avg_v1/reference/5872529b801d1387965a3fd4b7829a36b97fcac3dcacacddbf2cea432927b8fc.json.gz,4cbf42981cc25ac56f3c0d87bb92bd1472d88ad9467fe10a18fc1e7864546f2e,protocol selected midpoint,G1_only,complete,complete,True,complete,complete,G1
w202,w202,2,0.6088740429,56745f5f8a50af644915c71e41257975bd1f368239205748111321dc359c6995,56745f5f8a50af644915c71e41257975bd1f368239205748111321dc359c6995,results/stage6b_jb_avg_v1/reference/56745f5f8a50af644915c71e41257975bd1f368239205748111321dc359c6995.json.gz,de71a204326bd3dad1c5f7327f4c9b15723daa1f0f3ff03924280b9ab64f27ef,protocol selected midpoint,G1_only,complete,complete,True,complete,complete,G1
w203,w203,-2,0.6088740429,38f65b36aba34431b221e36bc287070c14068459ba27eec082882cfd94a1475a,38f65b36aba34431b221e36bc287070c14068459ba27eec082882cfd94a1475a,results/stage6b_jb_avg_v1/reference/38f65b36aba34431b221e36bc287070c14068459ba27eec082882cfd94a1475a.json.gz,9bddfb36c5caa50ccbf3b077a1635f2ab2eb2709877f58de1cccc84aec50cadd,protocol selected midpoint,G1_only,complete,complete,True,complete,complete,G1
w203,w203,-1,0.6088740429,78b22f6dfb8a7d3298d900f0385da394e889434abd559cd9afdddad74e7668d2,78b22f6dfb8a7d3298d900f0385da394e889434abd559cd9afdddad74e7668d2,results/stage6b_jb_avg_v1/reference/78b22f6dfb8a7d3298d900f0385da394e889434abd559cd9afdddad74e7668d2.json.gz,2568e61954259636d3422c7b3300f285e4449286d3e526ea63266e218e647965,protocol selected midpoint,G1_only,complete,complete,True,complete,complete,G1
w203,w203,0,0.6088740429,99d2553550c28a55fc007b2b30fb7c9a28158b3feee9aece9bb37b65c9ea77f1,99d2553550c28a55fc007b2b30fb7c9a28158b3feee9aece9bb37b65c9ea77f1,results/stage6b_jb_avg_v1/reference/99d2553550c28a55fc007b2b30fb7c9a28158b3feee9aece9bb37b65c9ea77f1.json.gz,80c0e39a3418337716599a10ffac422d87bd346370de6ea2badd661d552acf28,protocol selected midpoint,G1_only,complete,complete,True,complete,complete,G1
w203,w203,1,0.6088740429,558f7a31bbef669ae9410a79513f6e3fc8ab5c59b0ebf43f50fd6a4d4777018a,558f7a31bbef669ae9410a79513f6e3fc8ab5c59b0ebf43f50fd6a4d4777018a,results/stage6b_jb_avg_v1/reference/558f7a31bbef669ae9410a79513f6e3fc8ab5c59b0ebf43f50fd6a4d4777018a.json.gz,c9f64052a369fdba670469ee52276d99723684ebd553032176248ca712e3c03c,protocol selected midpoint,G1_only,complete,complete,True,complete,complete,G1
w203,w203,2,0.6088740429,4bbe8ef1ad1f13e8c2f5e920250b69828ae7452ab3675022ead93b77c359ff0f,4bbe8ef1ad1f13e8c2f5e920250b69828ae7452ab3675022ead93b77c359ff0f,results/stage6b_jb_avg_v1/reference/4bbe8ef1ad1f13e8c2f5e920250b69828ae7452ab3675022ead93b77c359ff0f.json.gz,df8713d9e65d7726de7c024ada551d226a8ee5eda3c8bb9d65aa6d35f8b3e8a4,protocol selected midpoint,G1_only,complete,complete,True,complete,complete,G1
w204,w204,-2,0.0380546277,4015b52fcf4c6b789074b3973432daa036dd7bbb8e1ca18ddbfbf0ac785c7c51,4015b52fcf4c6b789074b3973432daa036dd7bbb8e1ca18ddbfbf0ac785c7c51,results/stage6b_jb_avg_v1/reference/4015b52fcf4c6b789074b3973432daa036dd7bbb8e1ca18ddbfbf0ac785c7c51.json.gz,ed175bd1e0aa6b5c43dc78e453763214a5649ea74b7c8f610c3ab1c012723511,protocol selected midpoint,G1_only,complete,complete,True,complete,complete,G1
w204,w204,-1,0.0380546277,86002f0469de80e5f32ac8e217df76613d86fcd9f312a5b77524b50cb3f90807,86002f0469de80e5f32ac8e217df76613d86fcd9f312a5b77524b50cb3f90807,results/stage6b_jb_avg_v1/reference/86002f0469de80e5f32ac8e217df76613d86fcd9f312a5b77524b50cb3f90807.json.gz,f88eb7026ee9dcb334f168a7431ba32653119d11ed9a16a3aa25c5839ea86011,protocol selected midpoint,G1_only,complete,complete,True,complete,complete,G1
w204,w204,0,0.0380546277,a115c11a85a8f3172a757f9fb32ee6d231ab2e58d519d4125028baccb0fd340e,a115c11a85a8f3172a757f9fb32ee6d231ab2e58d519d4125028baccb0fd340e,results/stage6b_jb_avg_v1/reference/a115c11a85a8f3172a757f9fb32ee6d231ab2e58d519d4125028baccb0fd340e.json.gz,e08a3f83b184bff3348b44565f0634d1bb553e4e39d9c789a42a8183160c1093,protocol selected midpoint,G1_only,complete,complete,True,complete,complete,G1
w204,w204,1,0.0380546277,96c6e1f317f8b21c93afd6e4af467b9a29cd410a67789d2f900019372cbb1087,96c6e1f317f8b21c93afd6e4af467b9a29cd410a67789d2f900019372cbb1087,results/stage6b_jb_avg_v1/reference/96c6e1f317f8b21c93afd6e4af467b9a29cd410a67789d2f900019372cbb1087.json.gz,4d21539e29dc69bec702c0368070160cdfa9b836bdcc3366a48fe0028a695709,protocol selected midpoint,G1_only,complete,complete,True,complete,complete,G1
w204,w204,2,0.0380546277,a7547d2f10b56c268d4ee015769bbed3e8bf2791a3cab6905774f5e4e6f39f7f,a7547d2f10b56c268d4ee015769bbed3e8bf2791a3cab6905774f5e4e6f39f7f,results/stage6b_jb_avg_v1/reference/a7547d2f10b56c268d4ee015769bbed3e8bf2791a3cab6905774f5e4e6f39f7f.json.gz,85778773b44482f18592cf1aaae04cbb99ffcbb5a376b66afed5286683097bd6,protocol selected midpoint,G1_only,complete,complete,True,complete,complete,G1
