physical_id,read_decompress_s,recover_s,six_R_classify_s,six_E_classify_s,is_reference_execution
4041fcad9434fa76e17e3ca2aed9319571622e33d579a547488d4e0ccbe19368,0.00105749999784166,0.00167199999850709,0.0001793000046745874,0.00029799999902024865,False
377c81293f143e67e566f814cdd7bd8a4b21d844b277b1358590b8a5f1ecbcfa,0.0010495999958948232,0.0014473000046564266,0.00016619999951217324,0.00020819999917875975,False
096990c9500876ed1ff8fe596ca615d066426a2a5de29f9eee6ed6a3ca1a1287,0.0009589999972376972,0.0014597999979741871,0.00018290000298293307,0.00021239999477984384,False
126aeee650922720ce5a33dcbac178a0a8fa76eb42860f6e5b84794aa4d7b750,0.0010133999967365526,0.0015712000022176653,0.00017260000458918512,0.00023610000062035397,False
9ca01735dce2c0fd7de96a8b09c1e7db683df50cdf6512a254c19c2e1375d12b,0.000999500000034459,0.0015959000011207536,0.0001686000032350421,0.00020599999697878957,False
5b59ca4defcc6a607c41da0ebd24e51e0f0acbc1cdbf881edae8c712eaa542d7,0.000935200005187653,0.0016019000031519681,0.0001714999962132424,0.00021380000544013456,False
e6007cdc959b3ba18af48af8eb92bf4480ea887179c32dd2fd7b5716f8f3fb08,0.0010786000057123601,0.0014662999965366907,0.00016710000636521727,0.0002086000022245571,False
d52000494858f9405a00d4297307165e856991608f056e9a6f3feca95a5ad021,0.0009538000012980774,0.0019868000017595477,0.00017179999849759042,0.0002117000040016137,False
932d94d391101e95b6e3fb79d7c108b70409b17959ba6dc21344404ecd269d16,0.0011033999981009401,0.0014803000012761913,0.00018400000408291817,0.000206899996555876,False
83cb48a5316a90ecafac11667371af1c2846170dcaf82dc93e34463dbce48501,0.0009703999967314303,0.0015449000056833029,0.00016849999519763514,0.00020650000078603625,False
ede61d94011f6bf150283d2c216eeff82a73f3ea9f3e5baa62d8e96c751c824f,0.0009550000031595118,0.0016150000010384247,0.00016709999908925965,0.00020989999757148325,False
f6620db8c1ccfd6b33ab06cf0a15fd8b4faa07216c1b822f3e715ad976a4b874,0.0009695999979157932,0.0015930000008665957,0.0001751000017975457,0.00034250000317115337,False
7d3618c2f0a31aabd9d8cc1dd292b6754b8addf0ea93f942c1e4e0a61dc54e30,0.0011208999931113794,0.0016074999948614277,0.00016630000027362257,0.0004992999965907075,False
9e8908c3958bab7bf4ba7cb2f76104101684526fec4cbb89584d79b85fe070b7,0.0012676000042119995,0.0014196999982232228,0.00026249999791616574,0.0003316000002087094,False
519d9aef84360a26c136d497452207a2f9361b08f45998c97ce0d6063a918b8b,0.0011300999976811,0.0016978000057861209,0.00017010000010486692,0.00020629999926313758,False
54bd19a127f79006c98e1f2413a120a89c7ee77b98634be0852e89d09e542927,0.0010752000016509555,0.0014862000025459565,0.00046909999946365133,0.0003145000009681098,False
dc0f10732cd41b082c8be573176d0785f3006f5772f15b40f740f5cc6ce3fa8e,0.0010826999932760373,0.0014324000003398396,0.00018419999832985923,0.0002133999951183796,False
27d11b1bb1de5fef9e59ec1afe8336c1e8df81ff5e373103ba2fe32b85768567,0.000949099994613789,0.0014191000009304844,0.0001688999982434325,0.00020729999960167333,False
a63b84c80d3c1cc74872e21552f1a6e74267accf3228b92c5e4e3a7f775e82e3,0.0010572000028332695,0.0016931999998632818,0.00017669999942881986,0.00021270000434014946,False
2efc79a040fd98795bded18c9a7bc9275cea65d6e354616dc362cb0c2ae58ab4,0.0009577000018907711,0.0015262999950209633,0.0001790000023902394,0.0004061999934492633,False
57f218900dba0153786eafe346cd0980d226ac95cce386c4fabfdc81e5b77161,0.0012552999978652224,0.001490999995439779,0.00022679999528918415,0.00028300000121816993,False
fa634a38e6cd20146bd6b342c0703c7fe4a17e475877d37382c718ec547081b2,0.0010223999997833744,0.002374499999859836,0.00017349999689031392,0.00022429999808082357,False
2f83ba2fb6de3122cc3becc744e900a3c9415322ea7c250175dd795ef92894f4,0.0010971000010613352,0.0017268000010517426,0.00017759999900590628,0.00021700000070268288,False
3b8f052a8573f62703fc8e4d9cf7459f2b3724b2786a98801853bcfb0082f7ce,0.0016189000016311184,0.002194900000176858,0.00017220000154338777,0.00021209999977145344,False
c75cb61e40589e5ebe3b792894eac5199c5ff59c0fd1bed782482b603675e8c7,0.0009358000024803914,0.0016174000047612935,0.00033680000342428684,0.00021330000163288787,False
e89d25931e07c0647e29daf027abf14b4c00fa4dbb5493270eb0e46c7456ac51,0.0012410999988787808,0.0018727999995462596,0.00017379999917466193,0.00021639999613398686,False
4969b132f8c8a3273cadf723a30d4829e358959c5aef541a39debca25c858da2,0.0010230000043520704,0.002274099999340251,0.00032669999927747995,0.0005658000009134412,False
e60671fc764924bdec1cc7d69d37ae0d3fcfdc1022709a21976ac53f02454e56,0.0009849999987636693,0.001709399999526795,0.00018060000002151355,0.00021289999858709052,False
4d78d50a03481140a25548851ba93b33f7eb5ecbd044d0e73209e3a6f2e3b893,0.001148099996498786,0.0014556999958585948,0.00020059999951627105,0.00022229999740375206,False
4e1543fdf461929d897b770a582f3e513c20475de0994acb42f4582897e7696b,0.0013579000005847774,0.0022891000044182874,0.0003555000002961606,0.0002134000023943372,False
6bc884e62a1658ae03113e16f1aa40137f42a87665a1c632892cc05bd1478059,0.0026315999930375256,0.00835660000302596,0.00020840000070165843,0.0002623999971547164,False
abff9d96f48bc0d8ab942f419825d70d4214a29eab24e881ab5bd67a6a7a7f57,0.0009707999997772276,0.0014792000001762062,0.00017320000188192353,0.00023010000586509705,False
d33ecf109f6103afb9d1305dd72807d571d9b974b41f05e2f0445dd4a501bb73,0.001047699995979201,0.0017547999959788285,0.0002023999986704439,0.0002275000006193295,False
3df90d89448179398f8af7967756947068555194cb13154633192ebcf55753aa,0.000977800002146978,0.0020670000012614764,0.00019610000163083896,0.000240100001974497,False
6b653b1fbedbea764f0dad55dfff8f398774ad6da90a7b729f2b0bbac9f6bf12,0.0010818999944604002,0.0015056999982334673,0.00016840000171214342,0.00020869999571004882,False
0edc28ba1f48fe3f637f37ba58119243e222542973662bc6b2f0e6470aaac3a2,0.0011423000032664277,0.0024875000017345883,0.0002195999986724928,0.00028500000189524144,False
c1b3eb8d7ad1313eeb385ccfa2a12abc7041a9ca70ab573cd980667cf2877398,0.0022261999984038994,0.0032091000030050054,0.00017120000120485201,0.0002099999983329326,False
6946a1d00bec023c9790a0af4cec34f81374b0fe0e58648f632df4bb5e2354d6,0.0010048000040114857,0.0015617999961250462,0.000185500000952743,0.0002533000006224029,False
593cb966c882df24eb7e04b399f6ee235fb918612e46243e095e727c32551790,0.0010953000019071624,0.001484200001868885,0.00017780000052880496,0.000240100001974497,False
f2e16f8c443d3594215e29b129454ddc0e869f703d8ea0f4441f48939eba2a99,0.001283900004636962,0.0021030999996582977,0.0001714000027277507,0.00021149999520275742,False
3b1f82f0226cb921d8d6619f83cacf5e7a5271d19fbe6917faafce7f22ddf1ee,0.0010241999989375472,0.0029565000004367903,0.0002212999970652163,0.0002108000044245273,False
d347c8688e50bc60399a498ed03d2bd200567b031538cf014062065f2f4db635,0.000963500002399087,0.001793200004613027,0.00017420000222045928,0.0002136999974027276,False
65e606421ef859c60de95774cc76faf1a5fab8ae38798e2e1d2c16eb1c788845,0.0010209999963990413,0.001513299997895956,0.00046010000369278714,0.0005275000003166497,False
3922de067017be5eda51cd52fc3249c35cba72bc71bca7a2303d96d2172f60cd,0.0018726999987848103,0.0014578000045730732,0.00017130000196630135,0.0002125000028172508,False
c8a5aa7e5b93c0f0d3015c70e9e046c6b308b645839c5c1b0a13d4712dc6dff2,0.0011512000055518001,0.0022499999977299012,0.0006340999971143901,0.0002521999995224178,False
263763b18a4a7bd6af888f26845d09b24207f2b416d5c132e920b69781cc0377,0.0011215999984415248,0.0018008999977610074,0.00017110000044340268,0.000221800000872463,False
9659f63c78957f3cb4af505cda5ec4f5127f5ad9c09c4f102c82c635f11180d8,0.0011739999972633086,0.0015220999994198792,0.0001725999973132275,0.00033509999775560573,False
36ef72cd5857050e0a43dc7d68909a9928ab1e0d0bebddf427d5c4f0be097a32,0.0011386000041966327,0.0014685999994981103,0.00017549999756738544,0.0002206999997724779,False
4a4a7e76e567eec4937d04983f4bff42559452974071162ba16c77e928f4e19c,0.001102900001569651,0.0015698999995947815,0.00017600000137463212,0.00026149999757763,False
968ddf679ed740cfe5026644e66a2f3a9a9d6209f7cea32309c054dc8ee43c48,0.0010275999957229942,0.0014424999972106889,0.00018170000112149864,0.0002201999959652312,False
de95c3600a9429cec2590231094b926fd375e7d9247fc441d2738e2f41be27cc,0.0010388000009697862,0.0016956000035861507,0.0003062999967369251,0.0003538000019034371,False
6bd3bf916812cd206c4baa3fd34cc49d87c97e0892526b7e1f3974868cbb51fe,0.003737499995622784,0.0028279999969527125,0.00016989999858196825,0.00020900000527035445,False
aec9c28333cd55f958dd5dc6508690def3f3c6a483214965bba8150a5c36040e,0.0008965999950305559,0.002493200001481455,0.00017410000145900995,0.0002333999946131371,False
1d8d264bfcd050f363ae6a2ffc189bacd3432f983b47c992a8b1016fa659ee8e,0.0022247000015340745,0.001746300004015211,0.00023069999588187784,0.000320400002237875,False
e4b4b44145238323641ff125fcd154bb71177c997315c01a01af38e4abae6421,0.0012629000048036687,0.001462699998228345,0.00023610000062035397,0.0003074999985983595,False
78fe8e2bdf7d48e190277fcc64436dcd7fd0b8358483897a72a722ea9fc57025,0.001042899995809421,0.0030200999972294085,0.000185500000952743,0.00021940000442555174,False
524a26d7dbce474565f116aa5a96dc99251aea7a2ce4095ec5b28ffe3f9d8fc0,0.0012189999979455024,0.0014924999995855615,0.0002921999985119328,0.0003378999972483143,False
2e1ee85c0f9e56501e77a12943cce43f9fb0098d80d50e18e31a3d46b08087e0,0.0010153000039281324,0.0017693000045255758,0.00017729999672155827,0.00021879999985685572,False
2cd4772f13a0feb74df84b274070267b14096ff043e625165d4c654542a89f05,0.000956299998506438,0.0021341000028769486,0.0002086000022245571,0.00022799999715061858,False
d92112eac640b4ff62bf82e0af8920156a4804901387dbafc98d865c7398b94e,0.0010503000012249686,0.0014843000026303343,0.0001773999974830076,0.00021150000247871503,False
d2d81329295d8e866639b9e9c246256d4532c70486efb63cee40f36de97f3191,0.0018854000009014271,0.00206130000151461,0.0003555000002961606,0.00021289999858709052,False
53233ce99d65a9e0a3da9786e1cd68bb73d6eba95d0fb7bcb0419fbfe5829a07,0.00149529999907827,0.0017618999991100281,0.0003956000000471249,0.000407600004109554,False
f5cc2c18a00538677a8f5930480e951397e90a97fdfde678917b053e777cddb5,0.0009441000001970679,0.0015476999979000539,0.00018399999680696055,0.0003797999961534515,False
c143f3e04250c45aa26cb25336d25bd6d9fdcb6bd04a727f695e51d38dd62b41,0.0010232999993604608,0.0016706999958842061,0.00016990000585792586,0.00021009999909438193,False
668cd2a1d3c39410abd8642f222cf8dd5291bc578d1dfd2e834538567f9b7a94,0.0015925999978207983,0.0024296999981743284,0.00017389999993611127,0.0002173000029870309,False
ad49c6bc3a8b06f4b07af31b4c34bd2817015af6f9ff1c01f70ea6fb037113c7,0.001003500001388602,0.0017344000007142313,0.0003152999997837469,0.0004451000058907084,False
069a8e3c9592d0edd70523bd63bc13d8ebaf0f0a8ac600cceaae5e11ac75d33a,0.0010752999951364473,0.0014700000028824434,0.0001838000025600195,0.00024169999960577115,False
644e93507520a714f2ea9ac1bee5cfb705d6bedc9e73417bded63cbd5c318ff8,0.001464799999666866,0.0015108000006875955,0.0001883000004454516,0.0003240000005462207,False
04d23fc5afcafb72aab7657f8411ec618552623707251207093490122fbcec8b,0.0024966000055428594,0.0016735000026528724,0.00030359999800566584,0.00037169999995967373,False
01c04ef6ebd67028323fce4da9262136c7cc28179249fae3ac023a509b8392b7,0.0013250999982119538,0.001544799997645896,0.00021279999782564119,0.0002587999988463707,False
dbe122c18fe090550594546c01db03c2f4f2a116ca8933453729cfb4f432975b,0.0012346999938017689,0.0016880999974091537,0.0002671000038390048,0.00021729999571107328,False
a53b11fc21a97146d937dcafa886f62cade0380b98dc1b8adbcc282212607f9a,0.0010015000007115304,0.0016089999990072101,0.0002958000040962361,0.0003685000046971254,False
e1ea34d4fc0ce7f31d9c161a1146a0c1f8827eeff1716ec3cc7ce7bdba6f9421,0.0012533000044641085,0.001545400002214592,0.00017079999815905467,0.00020960000256309286,False
035e734e4fc8db18b35726bb2078bc10a58bcecf11f6d4615e300ee985208531,0.0010086999973282218,0.0023633000018890016,0.00018149999959859997,0.00020940000104019418,False
72938c4a7ead57f63d7037814a95cedb73e81621f02d673ec817ef4a907ddbe1,0.0009609999979147688,0.0020483000043896027,0.0001801999969757162,0.00023009999858913943,False
db82ec00c46b40f490a65c6bd37a8eafdc72c2c6cb7737de6e1dcc5ecdb1adde,0.0010287999975844286,0.0014627999989897944,0.00017159999697469175,0.00021860000560991466,False
209016483c9836aa072db8eb0970e9421664013b22eea444b998fe6ab7b32435,0.0010365000052843243,0.0018749000009847805,0.00020059999951627105,0.00026419999630888924,False
73359e8fab7c34405f7e30281d2028d9e11b283d9bb15847f1ce12799f2f8ee6,0.0009753999984241091,0.0016857000009622425,0.0002673999988473952,0.0003397999971639365,False
90fb05f51a680f6cbbb73dc31236ba277fe73bad9ea0cdc0ff55e84c1c6aa321,0.0019518999979482032,0.0016286999962176196,0.00018370000179857016,0.00021249999554129317,False
70cd532efd7eece0df12bb913439c49a19c94024c03d1abd27456517a737b2ab,0.0010408000016468577,0.0018158999955630861,0.00020090000180061907,0.00021810000180266798,False
e29807d44310f4a5009338c66240418744feaa87ed4cf26537554632c6eab283,0.0009785000002011657,0.001538500000606291,0.00023979999969014898,0.00033400000393157825,False
56aa1d6c99b8f5010a53ffaf6b7fde996617e87b5b73081b3af2c37654868932,0.0016680000044289045,0.007390300001134165,0.00017669999942881986,0.00021670000569429249,False
ab5fa385d6fe3f32691d944648350d7db2c33df437f944007c61bc730e450711,0.0010375999991083518,0.001641299997572787,0.002539100001740735,0.001123000001825858,False
6a4d5451b07344177e8c602dec52b31737d9a0f7056084342605cfcb02ffe64c,0.0013718999980483204,0.0014826999977231026,0.00031149999995250255,0.00023809999402146786,False
41c690060a68afbeec8aac1c61ff6bf59762703558c96f80f3d6e6a694f42973,0.000953099995967932,0.0021667999972123653,0.0003645000033429824,0.00022259999968810007,False
2cfc9ba0ab06973ecc3548558932ac506b6f4c908186ce8ba495e53b2755562a,0.0011078000025008805,0.0014931999976397492,0.00022699999681208283,0.0003032000022358261,False
841eea1b66c7025f9d142160907466f9c8d019e1701ee26ada9119d55ac2b4ab,0.0011423999967519194,0.0017070000030798838,0.0003507000001263805,0.00021069999638712034,False
70f3f2e7ad433ce2036132a960b03e59e3fb3171c8d3c1d9828e35011ed8d3c3,0.0030629999964730814,0.0014351000063470565,0.00017079999815905467,0.00021099999867146835,False
9e52746ec15976774ba77dad65c4766be445790a35493095b6cb4663aab54c6b,0.0015706999984104186,0.00181460000021616,0.0003829000052064657,0.00045540000428445637,False
cb88ec57cb0d3e2a1bfbc4c3a8783f720bbd26c9251f60f8c68f4e3d8f4e9032,0.0015286999987438321,0.001476500001444947,0.00019999999494757503,0.0002497000023140572,False
93212fd3a0d7d4d9c78bd5878f34b6a4c275dc2e08b88b22841af93808c3cb96,0.001408399999490939,0.00149049999890849,0.00017549999756738544,0.0002282999994349666,False
cefc81d96365e6e90a66dd5f5aa831c09241711e37a6151e6373920dd739f96f,0.0011290999973425642,0.0015883000014582649,0.00018249999993713573,0.00039310000283876434,False
2d152e0fe41db3b795fe130f96ce814ceb63f4dfa86fba2085c83b97be01b6e7,0.001468199996452313,0.0035934999978053384,0.00018060000002151355,0.00021939999714959413,False
640ed03d02ab704c490e605add0411aad878123754d5b52c5e98fd3083f446d4,0.0012629000048036687,0.0014389999996637926,0.0003043000033358112,0.00027299999783281237,False
ed29956b414dd2072737af4fffdf28c98fc6b90242d9dbee0a04f913e20b3fec,0.0011389999999664724,0.0015156999943428673,0.0001975999985006638,0.0002553000012994744,False
3a91643b0abf7268b0b5f5eccd69f99ce4093bf94b87e37de0eafff067c9d2c9,0.001330999999481719,0.0014532000059261918,0.00017490000027464703,0.00021139999444130808,False
c791dba5185efb5b4c43f875ca47e11a8138de9d1dca25a68e146bed203ad1e5,0.0009467000054428354,0.002486299999873154,0.00016980000509647653,0.0002085999949485995,False
e047c8d686b6acea2a2abd0b64ccd286d3ff708975357099097c4572d162b892,0.0008744000006117858,0.002284500005771406,0.00018740000086836517,0.0002199000009568408,False
4f8db10eb817a7761692cdc0b9a366a6e5b71aaae76f4e95061cfb4483df995a,0.0009841999999480322,0.0015170000042417087,0.00019130000146105886,0.00027240000054007396,False
6e97c160eeb7acaf362e2bdd74694c9a4cb621544b79c87c924f419f894468d3,0.0029114999997545965,0.0014319000038085505,0.0001717000050120987,0.00021779999951831996,False
dccfba9e862de30b807aa7b58fd029b88f09e9c064cf10eb646771b720a1505f,0.0009523999979137443,0.002457200003846083,0.0001773000039975159,0.0002142000012099743,False
17de435bf4f55350f7a3e9e076d790b185ac789b37e5e3c1f233bff1a9582b31,0.000999500000034459,0.0019705000013345852,0.00018030000501312315,0.00021459999697981402,False
6ec1bfefb696b92b2566b599a2aefdace0fd1e717c46bb49baae6f8af06d2c1c,0.0035105999995721504,0.0017720999967423268,0.00017629999638302252,0.00021800000104121864,False
33713e5967b14e3927933436fc1d8822864bcae3f8b87960902bea71f41f1e5a,0.0010250999985146336,0.001702800000202842,0.0002496999950380996,0.00031599999783793464,False
79b5990310052242faf531e1f4b18d5e366d6cc72f68cc393562f569a0432eaf,0.0010048999974969774,0.001865399994130712,0.0001751000017975457,0.0002192999963881448,False
391083577b43253b01db61ce1c6ceeaf400226d12d7898d9edc65cccffc91f40,0.0015276000049198046,0.0014287000012700446,0.00040940000326372683,0.000495000000228174,False
2079e008163632172352e3992b4c12d7939b6e2cdcaace210e643dd22507bd05,0.0013805999988107942,0.0014625999974668957,0.0001762000028975308,0.00022420000459533185,False
7de0dbdc54558650dd052a7a4ca90d8fbc7cd50ee6bea7d36b24cd0040a86e87,0.000986300001386553,0.001546699997561518,0.0002571000004536472,0.00032509999437024817,False
6d3a0131bd8d1be71501655c955e54c70254ece360532bdd5bf74601b15c9106,0.0010553000029176474,0.0016315000029862858,0.0003614000015659258,0.000538200001756195,False
b6a8ab354a5ee52da9c05a7875aea4f96f42e13cb392cdfbf6d3da6effdbefa2,0.0017814000020734966,0.0019072999930358492,0.00016709999908925965,0.0002069000038318336,False
b4597f17c0f705bdab89f8781a2ded64619817150755f782a92cabdff24d0bc9,0.0010240999981760979,0.001487400004407391,0.00019189999875379726,0.00020819999917875975,False
c1e0e085433fe83285057e79e6dc9eedde7d1dfa358cede0b74eb8b86f972d0d,0.0010926999966613948,0.003667799996037502,0.000204100004339125,0.0003077000001212582,False
e0d88f3784097f3f2c016669980ae6fcf38c154473d00e8e2dd3cb857934addc,0.0010045000017271377,0.0016203999985009432,0.00022790000366512686,0.00021289999858709052,False
a6226f21b292b55794d1d5c36954c1ca04a79b13c906ddc9031a13b91e59dcb1,0.0012764999992214143,0.003523699997458607,0.00017700000171316788,0.00022470000112662092,False
642ac2bf285411f8cf1723c5d9c6e377ab8601f4a0a4695c1007acbb3ac306e7,0.000992900000710506,0.002038200000242796,0.0003203000014764257,0.0003485999986878596,False
5282a3f8118063d2bc3b198cbd0fac163eaa87cb372ff3b5ad003a0a25338c4c,0.000985500002570916,0.0018973999976878986,0.0001762000028975308,0.00026590000197757035,False
742a8d39b25df8199d71c3fdfe85aba2d0818f7734443fe35e1e38f5c8539ca4,0.0013794000042253174,0.0030727000048500486,0.00017699999443721026,0.00022629999875789508,False
754e41e3e690cb41eb5260817abe12a862a2f365b7bdb3e010e64083d5ce29a6,0.0010715999960666522,0.0017428999999538064,0.000440099996922072,0.00043200000072829425,False
130eabdc33ad7365bc0b1a311bf77f227e9cfb5c83b05e23ea28415f9f64675d,0.0009462000016355887,0.0017957999953068793,0.00025779999850783497,0.0003345000004628673,False
6c3b9776f457ffce49d41fc8886a11d31fe093373bc56d21b3668c886f642fa0,0.0010860999973374419,0.001767699999618344,0.00017410000145900995,0.00020979999681003392,False
5e2954f43ee90d57bf7ca73a5d7bedc5cc6671792297277a1ac66d1a210c3f94,0.00231540000095265,0.0015650999994250014,0.00018249999993713573,0.00022619999799644575,False
760f54e7bf6c417fbb119612c7ea9ec3d5b8ee797cfbdea2ed5a5ddc5d896ebf,0.0010901999994530343,0.0015219999986584298,0.00017600000137463212,0.00021469999774126336,False
91a8a9e7e6c99ab106cd4c42921351f4e7b4760f2946b112b961856a38560e1d,0.000928000001295004,0.0018143999986932613,0.00017260000458918512,0.00022229999740375206,False
85131e7932fad5f644fdf56013095fb1af00e23c54531162d412217b06539304,0.0010777999996207654,0.0022326000034809113,0.00020760000188602135,0.00024119999579852447,False
b079dbf49a68fee5cb73b45bcc17460c2f752f588a8f4c39b744886159678079,0.0009834000011323951,0.0017914999989443459,0.00018400000408291817,0.00020930000027874485,False
55a43b020e07ae4dc090086ea819a7b40270d24db8fd4bf1e3e556b2cdfd1a07,0.0009623999940231442,0.0016992000018944964,0.0001790999958757311,0.000458500006061513,False
44678d0b7ae858eeb8d901ee006e686466ada801af7345ce8b542a56d6eab216,0.0012296999993850477,0.0015148999955272302,0.00017619999562157318,0.0002182000025641173,False
a063f0472e2d9b9666976953a717e220f9c0df21062939183b356cf3e1bd057c,0.0008816000045044348,0.002427600004011765,0.00017700000171316788,0.00021580000611720607,False
b5f655c91aac44b4cb9432901ee4489fb808300c2b2e73d5dd4943b574bc8c56,0.0009859000056167133,0.0017412999950465746,0.00017069999739760533,0.00021120000019436702,False
bdebcae3a74ecb9ded7e1799c75a3cbb2a318dc64d00633fb9e38e0ff1c5126e,0.0016484000007039867,0.0032412000000476837,0.0001816000003600493,0.00023569999757455662,False
5980cd723d0dee6f6bd41b3d28dd293ba856b5000766a99fa4149993bdf74503,0.0010611000034259632,0.0015473000021302141,0.00018099999579135329,0.00028200000087963417,False
00bab02bd05b89e4ca6af613d9f2afe09a9238805158d454669fca41e972827d,0.0011155000029248185,0.0024169999960577115,0.00020799999765586108,0.000240100001974497,False
8ade5d9e09f919d2b05ead84851543cf42b5ccfad42738865cd562c4763b8852,0.0010283000010531396,0.0015558000013697892,0.00036469999758992344,0.0004545999981928617,False
299c2994b9fda9c91b06c0c3b55c8a2e11167bf6160f89e5594853e717e2008c,0.0009905000042635947,0.002300000000104774,0.00017260000458918512,0.00021039999410277233,False
336234711c75e537427c2507fc2c7a47d13697864466acfd4c25a94b34fd9479,0.0010914000013144687,0.003116699997917749,0.00031689999741502106,0.0003752000047825277,False
6354fe71e0c9d2f104184e3d2954175d0b2f1084f90590a87992d1f8ed1b5d44,0.0012724999978672713,0.0015276000049198046,0.00017080000543501228,0.00021639999613398686,False
3e8146094be619e8e75d8ee46826738dfd98cb45fbabdd8fd853203f5ac46a3a,0.002747899998212233,0.0017095000002882443,0.0001979000007850118,0.00025179999647662044,False
d1a288b376639943bf0b209da5ff814bce30b7308bce98e06d138731737f24bb,0.0009684000033303164,0.002117500000167638,0.0001784999985829927,0.00021639999613398686,False
dc925f68880443dee2a2305f7612133556242f395b69ce1a710556d111c95da3,0.0011252999975113198,0.0015624000006937422,0.0003578999967430718,0.0004306999981054105,False
5f781e359b987661a8e9dc2b75d32e209e82e71c7fe03537ab755beff6781568,0.0013238000028650276,0.0015583000058541074,0.00020219999714754522,0.00025689999893074855,False
067b8ca18db62a156fea33616e3560a1418e2eff362b083065486af04b1134e9,0.0010563000032561831,0.0048633999977028,0.0001864000005298294,0.00021639999613398686,False
a453016d7b9238c8ae2d874220f4e587b39a5d2e3af2acfdac8d57f04c6466bf,0.0013334000032045878,0.0025033999991137534,0.0002583999958005734,0.00045479999971576035,False
8e98ca7d1f6e85fd60af4c4c4ccdac250ef2b028e1ec27ca814590a5a15a03cf,0.0010352999961469322,0.0016554999965592287,0.00017520000255899504,0.00021360000391723588,False
04463e4631a15a56c4c2e0472639d7f423b089ef125d3035623af985b5959848,0.0010863000061362982,0.002201199997216463,0.0007688999976380728,0.0009043999962159432,False
0cdf40974365cb42a43720c06e6e10fad7d2911efea0052aa6488f0502f60fc5,0.0020804999949177727,0.002369300003920216,0.00022799999715061858,0.00043620000360533595,False
4ccb2f26ef1467f0724928d4db20f7c98e0fe97ddfa58722cd7a09b159bd2ae9,0.0010213999994448386,0.002035700003034435,0.00017250000382773578,0.00022209999588085338,False
f6aea84774e099526564564d882be00aeceebe9555002de708d020bab5cdb43e,0.0009698999929241836,0.0017224999974132515,0.00023180000425782055,0.0002736000024015084,False
f182bc8ba88b34fb7c93416f1542d0c0a536ec01b206c4f7fc302c21fbc624d0,0.0012723000036203302,0.001673400001891423,0.00017169999773614109,0.00021389999892562628,False
6666a84d15c185f37fb6cbbd281dd7f2dec8972674baca227acb9335e76b048e,0.0010059000051114708,0.001692199999524746,0.0002055000004475005,0.00023499999952036887,False
012553136cddb8759157281acc5e1e997267388ea65f39f02d05c4b4644ad4a6,0.0009999000030802563,0.0017776000022422522,0.00017899999511428177,0.00022510000417241827,False
feac4949a18511cb9caed243cf46a37aae6caa7c30ac349e924d4bfa7048aacc,0.0011180000001331791,0.0017595999961486086,0.00017829999706009403,0.00022030000400263816,False
2ae9fb55a576de71681e6ebd5564f8bbfb808d166b8d3fd44ca67fd8be58d58c,0.0011541999992914498,0.0018674999955692329,0.0001725999973132275,0.00046609999844804406,False
a8b15d4a4d373c1ebd35a871ef85d21b27949eae34a2b50fee9c13bad85ebf0e,0.001315900000918191,0.0017902000035974197,0.0001827000014600344,0.0002190000013797544,False
cb7ff366d15b49770cec449efdfcfcf424e64afa50bf41686e994e4aa6ac3acd,0.0024032000001170672,0.005769399998825975,0.00017769999976735562,0.00022220000391826034,False
87f8e4cd5f19b618c591d063770d3d68adf68f6c258e396823891d27cdcc8fcc,0.0017691999964881688,0.0017375000024912879,0.00019389999943086877,0.0006302999972831458,False
e75bb5430f9d981bcad02221d7bf06283ee95e5cf0e3168d1dc9a8ce521e2518,0.0015644000013708137,0.001680800000031013,0.00017850000585895032,0.00022140000510262325,False
7b01b54df50fc45ef4d48253b4f23412913c4af1ab780dac726233fe81f23d4f,0.0014857999995001592,0.0020784000007552095,0.0001751000017975457,0.00021939999714959413,False
83419ba733852ca31515cd9d8c23b99c0213e9ab5f133bac5c1379c5c6daae41,0.0016609000012977049,0.0031869999947957695,0.00018899999849963933,0.00023890000011306256,False
23e8698b2c78ca922a7853a602872fca45ed138657334d93ef83419683c888ef,0.002293400000780821,0.0017918000012286939,0.0002192999963881448,0.0002817999993567355,False
9436bf9d8d243d4c45c468cee0e318d72b9ef0dc023369c9df3bb83bea57588b,0.0013208000018494204,0.0016956000035861507,0.0002142000012099743,0.00027200000477023423,False
216244f3f40cb47b085211e13b1e34dbf61d2d2f7310b6352cd4e624901dad50,0.0016948999982560053,0.0023759999967296608,0.00018060000002151355,0.0006106000000727363,False
89799698e11f9cee753f9156e9364d1aaf46f089828d8211258f27e388b1dcf3,0.0042498999973759055,0.001757400001224596,0.00019949999841628596,0.00021299999934853986,False
9a6f37ce209b3250c348bdb5d4da7fea70fd23d35324bcb32a8f301aa89eecd9,0.0012845000019297004,0.002097900003718678,0.00022700000408804044,0.00028960000054212287,False
4ddc70578ad28c2cde96dd940c45dd99a3b49aa5610d70f20cdf572aee741335,0.001345600001513958,0.0017597999976715073,0.00017769999976735562,0.0002375999974901788,False
0a3bbb07d0e35c0442b617babdc7d554414e89a521bebafd2475a0452f2efcf3,0.001044299999193754,0.001905500001157634,0.0001781999962986447,0.00021830000332556665,False
3b982d89d47ba255260c88db62bbef897a33148a0fb19818d62953306321fc94,0.0015216999963740818,0.001710000004095491,0.00027379999664844945,0.00033510000503156334,False
1630e891ed2d82a659c3e363a65592dbccb18f45791289fe6b45eaa208bb24f9,0.0010761999947135337,0.001934100000653416,0.0001754000040818937,0.0002218999943579547,False
a89d4f373d8bf57319e55ff18ec754d21e57ba873714d611e97c08ed8bcd177d,0.001050599996233359,0.0018361999973421916,0.00022159999934956431,0.00026280000020051375,False
8ed23c9b3ce22dbdd8fa6b171918f6e15f3e68f53abaf322e80c41400f255c44,0.0010922999936155975,0.0016391999961342663,0.00046209999709390104,0.00045089999912306666,False
c8a8540c26a2f85cd0b044674e4900221d0cd49eff9dfd2118c1f24613e746c9,0.001228699999046512,0.0019756000037887134,0.0001779000012902543,0.00028839999868068844,False
85c6aed0e02b60eb8eb4fdc513b27ad121cc3e0f12e709b94eb3f928d29dd147,0.0010898000036831945,0.0023320000036619604,0.00017870000010589138,0.00023089999740477651,False
4593b7c97dcf21cb9f9a187817e94ab65c8d6c14e4c59907a429160b22e36412,0.0026694999978644773,0.0017026999994413927,0.0001864000005298294,0.00031460000172955915,False
e8d9fcec6b3943a706797d36a50fad3f00127878f37302fb2f9cb9314538dad2,0.0014616000044043176,0.0026228999995510094,0.0001812999980757013,0.0002393000031588599,False
586b9a85e74ade9807b9bd63a2148edcff91a97c243a7b5ff3e1ecb597e87aff,0.0012013999948976561,0.0018352000042796135,0.00017659999866737053,0.00022879999596625566,False
860047710db4f9dccb9a61ac1f3c0ed43ebf09056cf8d9e180d94eb0b0e966e1,0.001101999994716607,0.0018162000051233917,0.0001722999950288795,0.00023520000104326755,False
33fc3c330c9e882a23ecaa72f62fd2671a7191a396d06d82738ab73e33442e4e,0.0011475999999674968,0.001766599998518359,0.00018959999579237774,5.510000482900068e-05,False
e4f293e7abafd569b621c73192d2581f78918e1b5d70b839ac62b0bbc73aeec5,0.0010914000013144687,0.0017761999988579191,0.00018950000230688602,5.5900003644637764e-05,False
c4839ef47422ad8fd5a6bf9eb13aa25ffc7d27f798aea6ace335b6c27e192e1a,0.001015699999697972,0.0019535999963409267,0.0001841000048443675,5.570000212173909e-05,False
13fe1523b00ac8e4b1c58f6ae8884cb1c082c78d020d5348c41e62bd731ef3a3,0.0010411999974166974,0.001806599997507874,0.00018509999790694565,5.149999924469739e-05,False
ed82643c6068d8f31dc5ef459d1898aaf4517b615b2c5f074628cf7aac27df22,0.0010888999968301505,0.0017096999945351854,0.00019189999875379726,5.6700002460274845e-05,False
1e23e0c680ece7627c28349b9c62ed00b59c1394d708dd85891842d983bc7334,0.0011187999989488162,0.0017250999953830615,0.0001956999985850416,5.439999949885532e-05,False
b9399900ae6def3262f3c729f3bb996caef6002688584ea59035c4a3fd7724d8,0.0011585999964154325,0.001688800002739299,0.00018819999968400225,5.3800002206116915e-05,False
ed9d4c2dc6e5fd66c186aa4fd0c23b1fc20f85aba1372c6f5e60b346611c77f2,0.0010858000023290515,0.0018144999994547106,0.00018500000442145392,5.5000004067551345e-05,False
aeb405c9d0132ee27c9c1909dbf2b622f1fb12c47e0dee94d22e07add284192f,0.0009876999974949285,0.0018386999945505522,0.0001886000027297996,5.3499999921768904e-05,False
3afe37d9243ed7060ce8d8a3a31d34945df290709b1e1a3ccd404c6e82be49f1,0.0009841999999480322,0.0021201999988988973,0.00019359999714652076,5.690000398317352e-05,False
1436fe49733121a8f5d2818c78818244e9bebe0feb76230ad3a325abe299002e,0.0009983999989344738,0.0019324000022606924,0.00018740000086836517,5.1200004236306995e-05,False
00d1ced13b4f876a5b702f41d8d27412c74fabf7c515454090179a1310306cf1,0.0010559999936958775,0.0017886999994516373,0.00019720000273082405,5.570000212173909e-05,False
2fd15bc07443b404647c234409bca760c7dbe57c1182b0fba877f6905698123a,0.0010746999978437088,0.0019255000006523915,0.0001880999989225529,5.419999797595665e-05,False
5471cca6cfe64df4afb8c6b475b1ab33f7b9ad0a46ac0d0526dbcb9fae4f9a5f,0.001007699996989686,0.0019975999966845848,0.00021330000163288787,5.43000060133636e-05,False
21138f57c0617f6862d0f0a01bb7f98132d1c6de4fbd7477b74e4408fcbad256,0.0009938000002875924,0.0019066999957431108,0.00018900000577559695,5.360000068321824e-05,False
f19e6c46310e7be40967d406ff67da1cf569bbcb328cb4804d296b3e678838f9,0.001017499998852145,0.0017250999953830615,0.0001871999993454665,5.830000009154901e-05,False
5353d137a357301347928cef92998aea40aec0c8839821971c8f79bf0bba79ae,0.0014234999980544671,0.0017692999972496182,0.00019120000069960952,5.3300005674827844e-05,False
c439d0ad0b80f127300191ee431079cceeed5f5f2385a8c9ac7910404f1f37cf,0.0010384999986854382,0.0023164000012911856,0.000265499998931773,7.929999992484227e-05,False
3b8fdc2036fcb779bc609bd5807980c2609a8e2459ae8b6fa44325dd0c2c617a,0.0012415999954100698,0.0020645999975386076,0.000210599995625671,5.510000482900068e-05,False
0a70a2c63457fe3add070c748aba5b3539296b80b4547b6faee407f9dd8ac4ff,0.0010605000061332248,0.001796799995645415,0.00021289999858709052,5.619999865302816e-05,False
5ef5678966166c4990dd1bbf94db6017760501614ef059462816c71365552d73,0.0011538999970071018,0.0018262000012327917,0.0001917000045068562,5.2799994591623545e-05,False
a4abc3459c2249ced68e06ab849ec6ce8b629f1598f33a52b6f7c878be644e4d,0.0011140999995404854,0.001729699994029943,0.00019109999993816018,5.830000009154901e-05,False
585b28bdc47b83797450fd18c3ebae4b9f29ef0e432e0161487bcd8395d70e2b,0.0010758999997051433,0.001803200000722427,0.0001914000022225082,5.43000060133636e-05,False
dadf9d7beb9bad6a168e0e6c12ac2f16bba31fde9c3096e4efc12e31dd1f47ee,0.0011003000035998411,0.001817500000470318,0.00020190000213915482,5.589999636868015e-05,False
6fef4d3fea16123a2e764ff77598a391c82c97d57c704c5f6bd3ec492ca5f822,0.001062900002580136,0.0018357000008109026,0.00019669999892357737,5.389999569160864e-05,False
dfad3de147b4f906febb8ab9c759da8e44b8adfd0a8588460132f72a0f4d2346,0.0011067000014008954,0.00214129999949364,0.00021629999537253752,5.360000068321824e-05,False
9c524b4dd8f6d32c6c50502cc016a952bc592404756b5a2d36073f9a1bad35b1,0.001174400000309106,0.0016535000031581149,0.0001886000027297996,5.340000643627718e-05,False
0ec1892905607a8e816c65f957480df95d27e75fa76bde45ad2fed05ffa6343b,0.001215500000398606,0.0016972000012174249,0.00018699999782256782,5.4799995268695056e-05,False
bb35ba085d5046642234048d6c38b96e7ecd6259e08a888609c6ded5bf7781d0,0.001170899995486252,0.001811500005715061,0.00018900000577559695,5.249999958323315e-05,False
c09efb621e526bce43d110a58e7cacf090cab402f4ff43401ca7d4397a514566,0.0010409999958937988,0.0020172000004095025,0.00018659999477677047,5.249999958323315e-05,False
2449dc6ccf02f5df9176d238db6efdf0f6a293dbe4bdd1bc8c4ac58217f61416,0.0010847000012290664,0.0018294000037712976,0.00018709999858401716,5.4600001021753997e-05,False
8becdfcf04b3b2089a4e3755394ee03de39d7e73897b63dd6ee5bc50b8fb75ca,0.0010228999963146634,0.0018243999948026612,0.00037709999742219225,5.280000186758116e-05,False
d7698969e46cd61c54d5f5312b6c863e002973cdf085db41f66ca24108efbf50,0.0010524999961489812,0.001821699996071402,0.0001942999952007085,5.4299998737405986e-05,False
1a13029de0bc92a6aca76c1a6b95dec3c6543e8b411035fd1479f7f9e428b7ad,0.0009862000006251037,0.0018113000041921623,0.00019529999553924426,5.9600002714432776e-05,False
dcd7171abe551a14c5c4a9915f1775efa26b7b115cab136b08603c1cd88abe3e,0.0011068000021623448,0.0019027000016649254,0.00019279999833088368,5.299999611452222e-05,False
c687419038a1e17730ed579b9d60173a66950d54a01a9b1be11b674132ddd154,0.0011598999990383163,0.0016994999969028868,0.00019299999985378236,5.570000212173909e-05,False
c265075118196036140c267a9d19e7b3c0633172801fd44ecba1aef44f69e8f4,0.0010601999965729192,0.001764000000548549,0.00018739999359240755,5.400000372901559e-05,False
219d869be5879a1be2e3af236031ca3110aa631a61accbc04bb97adc1dbf4ff7,0.0010225000005448237,0.0017980999982682988,0.00019120000069960952,5.4100004490464926e-05,False
40b7b3515f3051f2a02d20f062dfa87a14f09d8e6a724bbf0748d52e3169f723,0.0010499999989406206,0.0018063000024994835,0.0001897000038297847,5.4100004490464926e-05,False
4bfca1947186caf548cd22cdcb760b4a079d92d9f963f5b33d04ee84eef84cee,0.0009853000010480173,0.0018064999967464246,0.00020560000120894983,5.249999958323315e-05,False
173cf2d6948c74014dc2c410c34a09d59828963cf51398347f8808748c989d15,0.0011497000014060177,0.001934400002937764,0.00018699999782256782,6.659999780822545e-05,False
20e81be17da0142bac2f85a072cf6bfe58c291aa31337ebf03757539061e4640,0.001124100002925843,0.0017163999946205877,0.00018350000027567148,5.490000330610201e-05,False
68adb85c2ea975a28e8b3fd197d742ec8d8f92f0c91751526c16dbdec7cb949d,0.001047699995979201,0.0017768999969121069,0.00022950000129640102,8.86999987415038e-05,False
6a56da79c63687ccce8f5b00ff09b6aa39a3407761f7e419befd9d929c9f2edf,0.001032899999700021,0.0020135000013397075,0.00019859999883919954,5.3499999921768904e-05,False
290484b99651ae0fce97768f4f4bf2972c2c57835ee50c129609e4b89a58d6d6,0.0011121999996248633,0.0018122000037692487,0.0001923000017995946,5.280000186758116e-05,False
e8ed02cd0bef050bf83f1ce54c17a48e829efbad8a0e0c4922732563eac0cdc7,0.0011008000001311302,0.0017516000007162802,0.0001875000016298145,5.360000068321824e-05,False
4b7ca34ab291e95e441e62dbaca3afa17a1200f2c19d507e24748b76fd23449d,0.001126899995142594,0.001724199995805975,0.00018930000078398734,5.300000339047983e-05,False
0cd1c9c85ecdb5e52e4b374a73380dfb2282673c6bd150f4ff3f2f8213078744,0.0010636000006343238,0.0017785000018193386,0.00018960000306833535,5.2299998060334474e-05,False
c214422e6850e4d114e28071bdb3771741d06357c3f192874b46ec35f72615bf,0.0010583999974187464,0.0018256000039400533,0.0001857999959611334,5.249999958323315e-05,False
c1925976b921c9a71cb3590e3f78973dfc9426eb4759c7dd1f81b62f6bf01c96,0.0009427000040886924,0.0019217000008211471,0.00018190000264439732,5.299999611452222e-05,False
487201f7cd215b3661bf894ad72bb64a13e326973991710b8e59afdbab26b3a4,0.0011646999992080964,0.0017704999991110526,0.00019969999993918464,5.360000068321824e-05,False
6654fd8acb0fc33e88a142a0569e6de256b98a56be6168b5f123836997f5a44d,0.0011137000037706457,0.0016927999968174845,0.0001964999974006787,5.4299998737405986e-05,False
ec8fc957fc67c7405c95ab454d085090accf189c2c12262fcda01ec6f3e6fb83,0.0010316999978385866,0.0016927000033319928,0.0001866000020527281,5.360000068321824e-05,False
c6d254c67008f4e2eeec07b31c0d86528349cfed1a5ee65f4134f807b702d08b,0.0010022000060416758,0.0016964000024017878,0.00020850000146310776,5.249999958323315e-05,False
b9a582fc23804880c2c70a3cab8697a2aae31364cba17a75e0b2a5193613bf12,0.001050599996233359,0.002013700002862606,0.00018629999976838008,5.270000110613182e-05,False
57d90e86c60972a7696b0399b083ed2e0c3a2c0f9bde2a92dfa84802dc6f6f61,0.0010764999969978817,0.0017737999951350503,0.00018709999858401716,5.660000169882551e-05,False
9cbe7aa656eec88bfa0931ae09e415060e4d0a9a862c4848100df394002e9765,0.0010447000022395514,0.001857499999459833,0.00018619999900693074,5.2100003813393414e-05,False
9e88deae3025873896d08e46c0afaf5ff919e83f30f730a99f8653728b992996,0.001077200002328027,0.0018218999975943007,0.00019299999985378236,5.9300000430084765e-05,False
e0fff2e539e363d74b5db472589cde518c0cf564be23dc1018458f65bfeaed6a,0.0009964999990188517,0.0017158999980892986,0.00027660000341711566,5.559999408433214e-05,False
86c1e22ec0d02731f19ec8d85eeadf4bb5c61c90843b4dd201d2faae1bc9fb7b,0.0010228000028291717,0.0018771999966702424,0.00020009999570902437,5.570000212173909e-05,False
2c137e7320ad0d3929848208f5e06d6dcabdf66a1aa8af32921c8de8f1c05887,0.0010674000004655682,0.0018239999990328215,0.0002378999997745268,5.239999882178381e-05,False
9b21ef0dc3728c71eebe67c15ce09dea78f7cdae9b7d105c676457d6567db5ba,0.0010557999994489364,0.0018034000022453256,0.00019139999494655058,7.339999865507707e-05,False
1f4709ede3edfd4040b5d6ebf430e66dd48ff9ff33355192a6069867f58143ea,0.0010345999980927445,0.0017770999984350055,0.00018650000129127875,5.199999577598646e-05,False
db734aaac438f6df78f5ec0b81df952ea2719e1022da2ee3ce9fbe0921c89571,0.0010542000018176623,0.0020061999966856092,0.000185500000952743,5.059999966761097e-05,False
be7e99d4d4230bdeaeaf728a212698145be67b736eee042d2ca8a2c92f809604,0.0009611999994376674,0.0019260999979451299,0.00018629999976838008,5.20999965374358e-05,False
4c0f5373c4e30079f36d78f800bd6e1789f50f0ca96ddacee43b20a4202a867c,0.0012238999988767318,0.001787100001820363,0.0005273999995552003,5.3999996453057975e-05,False
107f5e448e299fdbe5f79ea63db97da6fb2f3b8734e0dc284b5d83f51ca10ed6,0.0012082000030204654,0.0018714999969233759,0.00020049999875482172,8.740000339457765e-05,False
44b21415945acee22dea1af708d2a3a34ecd7250820a974b3e52915091b2a130,0.0010312000013072975,0.0018654999948921613,0.00018819999968400225,5.919999966863543e-05,False
adcfb38f4b63fd7dec16b2e31403499bab1f6ca7e381bd493e6cb30029d4bad4,0.0009947999933501706,0.0020552999994833954,0.0001852000059443526,5.4100004490464926e-05,False
a04f400be8987ba03cba6e88560294674751b013dfa7f819ecbc743919464464,0.0013411000036285259,0.0018030999999609776,0.0002249000026495196,6.320000102277845e-05,False
2eea4599e3e091212adea71798152eaae411ae6870ef25d6064afda4ac319d6e,0.0011250000025029294,0.0019633999982033856,0.00018930000078398734,5.409999721450731e-05,False
5c8c3a2edee69b7c070f2053da3850e098c81e091982bea794fc439b0d061d10,0.0010832999978447333,0.001931000006152317,0.0001934000028995797,5.660000169882551e-05,False
ed01cd70ebb86195cb3a86283f91aebbbd581b2c8830ac7104f2585d38e07e78,0.0010433999996166676,0.0016975000035017729,0.00018959999579237774,5.3800002206116915e-05,False
b1971d8c4bc9b3600bd9bb747865b3b057d1fc991fdb72055a9ee377fb4de9ab,0.0009983999989344738,0.0019789999932982028,0.00019410000095376745,9.470000077271834e-05,False
1e871929544513239ca0c3b8c52bfa9a68f072de2d96a5c45fed7dc658d242c1,0.0010872999991988763,0.001883500000985805,0.0001906000034068711,5.320000491337851e-05,False
77852bb3c1c15fa3d10120f518ef46e3b3844f10c0b82ec362b8e9e2e4a41193,0.0011396000045351684,0.001835800001572352,0.00018540000019129366,5.62999994144775e-05,False
670081764b12cb688e093eb5d02fcb82d6dd41a6bee6919e30b7934a7de7da19,0.001101800000469666,0.0016926000025705434,0.00018709999858401716,5.360000068321824e-05,False
393a3595acdac2bad343b1bfa8d6b4ec981706bdbbdff70efab9729182fdd665,0.0010594999985187314,0.0017943999991985038,0.00018899999849963933,5.409999721450731e-05,False
0b3004fe601ce025ec1aa892654106a534dd2a84318567602469293fcb45ff77,0.0010150000016437843,0.0018751999959931709,0.0001883000004454516,7.309999637072906e-05,False
143437e459d20e3685f4be3a22f7b9ec9146943cca95fa25053770f80e31a71f,0.0009499000007053837,0.0017979999975068495,0.00018870000349124894,6.219999340828508e-05,False
2a8a6bc17ad7dbf3fae4e9de20ec20ff390485914a814ec06c190a843e74c8be,0.0013734999956795946,0.001855200003774371,0.0001956999985850416,5.299999611452222e-05,False
e8d510e9697bff3ebf63bbe0936ce5d0b21d0a7f041ffbdabf9ee9a46726193c,0.001181300001917407,0.0017735999936121516,0.0001877999966382049,5.310000415192917e-05,False
e3feb3e19481fe2b0b0d2d7405d33c132f04846dcd2daf9b9b41ed3500d75bfb,0.0012271000014152378,0.0017910999958985485,0.00019189999875379726,5.300000339047983e-05,False
6859f2c63447aeeec77457492083fa65d8feecab979c13c83db468707149465c,0.001034000000800006,0.001745699999446515,0.00019109999993816018,5.360000068321824e-05,False
d9b7d05d7efeffa27eb4ae25490ddbc28534b41add2b1b460e952c6251cec1ff,0.0010490999993635342,0.0018584999997983687,0.00018570000247564167,5.409999721450731e-05,False
23f8438273dc8072a8000d3b219c1d765f12d510a891e8f523853f744b007d6e,0.0010838999951374717,0.0019260999979451299,0.00018699999782256782,5.190000229049474e-05,False
95642148a3fff639520ff42ee9b717f277c1d12f21794cf78b820845b95ed9a6,0.0010167000000365078,0.0022841999962111004,0.00018620000628288835,5.2100003813393414e-05,False
a605f71741ad629850643e87a111a827922f943f3140623e15bc8114db5c2880,0.0010199999960605055,0.001782799998181872,0.0001840999975684099,6.0699996538460255e-05,False
cfd395051e72c1e02beddc6d09aa57643d73e1831a35afe1de0a0beeb94911c2,0.0009806000016396865,0.0017593000011402182,0.00018389999604551122,5.390000296756625e-05,False
b4880d1f0ab46af745055ae1c3fe3efef6c87b9ae227bdc13a5dbeb0bb6f728f,0.0009825000015553087,0.001898599999549333,0.0002023999986704439,5.119999696034938e-05,False
870c916de0bae78f4c5f5296e12ea2c27d1e19354f0a6d80c91a7f586fe1023a,0.0011053999987780116,0.0017567000031704083,0.00040249999437946826,5.4700001783203334e-05,False
886909573bd053306e2355ceb9b2686dd205b71fd4fae3cf5723ead504aae63b,0.001051200000802055,0.0018977999934577383,0.0002082999999402091,5.7600002037361264e-05,False
6f3b4f425408c58064136bb4cb34ed4d384c5b7423d76dec1137eea47a27f3cb,0.0013507999974535778,0.0018514999974286184,0.0001964999974006787,5.9600002714432776e-05,False
00b32c80cc26fda4c0e5e3cd0e1e4a57f91f8371dc9f14a79e5b54b7e5059885,0.001126899995142594,0.0017899000013130717,0.0001905999961309135,5.9300000430084765e-05,False
9084fb2e2baec8f7d202631ff78fbba3a860e74d8f33d168ae5f51f2d2d43858,0.0010097999984282069,0.0018016999965766445,0.00018149999959859997,5.3800002206116915e-05,False
0875c2c20f0c945e89e2834102a4445429c7a1ce03382101b8f2ce8fe5156e64,0.0010521999938646331,0.0017837999985204078,0.00021919999562669545,6.639999628532678e-05,False
dd68f4e29c40bf4bd32c5b1c88bc74fb0159bd2d0b2069293eca15370397c5f6,0.001037699999869801,0.0018427000031806529,0.00019529999553924426,6.0800004575867206e-05,False
07e9b70df91bf9f153936b892e9b20a6fad0ed4589c9f924b922f912b41d43f3,0.0011321999991196208,0.0016685999944456853,0.0001883000004454516,5.5999997130129486e-05,False
1aac135014ccf152a7010caa3113f6d44bcdf0d9f715bd64929e6b684431a16b,0.0009999000030802563,0.0018526999992900528,0.00018339999951422215,5.270000110613182e-05,False
892da8380d9a3748719ede697567371923cc9075ca48914b47db33d518268622,0.0010007000018958934,0.001670000005105976,0.00018509999790694565,5.2600000344682485e-05,False
9e6e5790a8eb3666a9ae2a97e658d707f61a198cce906a6c684834437a7aa558,0.0010831000035977922,0.0017129999978351407,0.0001843999998527579,5.360000068321824e-05,False
249cc63fa426e38c1368cac9a1f52643fbeeb26595a360d33ea294d0f3a5ccfc,0.0011512999990372919,0.0017575000019860454,0.00018770000315271318,5.329999839887023e-05,False
60f36cccbb182fb120f3dad051154ff09d8408e1d01d3108424f55ef4790c3d5,0.0011736999949789606,0.0019453999993856996,0.00023370000417344272,5.959999543847516e-05,False
05021fc814ac85924dfce72782cc8123c71d3f649050513c8a70b07d490aae5d,0.0010304000024916604,0.001774900003510993,0.00032310000096913427,5.37999949301593e-05,False
09adc5ddfed482abd9160c3a5a0e76d7e5ad1bfcb8bf1d6030739009b6fcd61d,0.0009707999997772276,0.0018415999948047101,0.00018610000552143902,5.439999949885532e-05,False
08112f11269f570a34d463c4fd9370d3bb6130c7f3fcc59fe1bf140bcdb13332,0.0010887999960687011,0.0019217000008211471,0.00020260000019334257,5.77000027988106e-05,False
c5afd8182305e7ca32184314b75a2b9cdd9f336cd193ed3a972af6df70eae657,0.0011968000035267323,0.0017408000057912432,0.00028900000324938446,5.920000694459304e-05,False
b3a05f74cd41a5606343d69bb66f46013a26593550001953a22ecba2f62fbce0,0.001117800005886238,0.0016765999971539713,0.0001849999971454963,5.729999975301325e-05,False
838cc46f34008541a0362ac92d83ecb512878f0e352d812abd0113614218a3a7,0.0010834000058821402,0.0018691000004764646,0.00018899999849963933,5.5500000598840415e-05,False
fdc839993e29bc0888cc37ef61da9035fcac4b83aa548009819154ef8908a50f,0.0009953999979188666,0.0017128000035881996,0.00019009999959962443,5.2600000344682485e-05,False
745a91df5d3ae1eee5890173fd1d1205994e95b60a372e51c1ca285c76b959cc,0.0010832000043592416,0.00179980000393698,0.00018899999849963933,5.409999721450731e-05,False
6b5e8b7e519aba954233fe78b5346229ab5b4cb009e1d559ed26e50bbaf34d35,0.00109859999793116,0.0019382000027690083,0.00018889999773819,5.4700001783203334e-05,False
640327a49b866a7034c8f00d17ac26f44e8bb2a1714bdff6fd4f34bc1b7b4156,0.001102299997000955,0.0017127000028267503,0.0001923000017995946,5.96999961999245e-05,False
0b69cd3abd871da9022641d2bbcdb2ebf1cbbd3e3ac228896f8ca49dd1232f75,0.0010479000047780573,0.0017828999989433214,0.0001880999989225529,5.249999958323315e-05,False
0ad8df62f255f79e52f791d7a73cb50b9b63cfa64ed8d2e4d215f34528accf94,0.001043800002662465,0.0018119999949703924,0.0001956999985850416,5.4600001021753997e-05,False
70f520a5ef02eda99c175242138a19e9aebd091c3b403408d425e0cdc25d98f6,0.0011986999961663969,0.0017758000030880794,0.00019459999748505652,5.7799996284302324e-05,False
a7ee502bf81cd414e6b6e5d16525e8fa90169deb4e42b6049912fbcf00b9932a,0.0010994999975082465,0.001851699998951517,0.00018789999739965424,5.329999839887023e-05,False
6935e8ea3d3f2d03f6fc047cb10f58967d808a561c42c03e5c2619af74a38b04,0.0011650000014924444,0.0017365000021527521,0.0001875000016298145,5.4700001783203334e-05,False
4b42a7a8305ef9b126691e85abbda15f47648a8c28119f976471868272be3995,0.0010279000052832998,0.0018199999976786785,0.0001906000034068711,5.5500000598840415e-05,False
90ec5b7adf63da087f6f30297db4da4cf65a15a7bed96e17009c57aaac720fef,0.0010709999987739138,0.0018186999950557947,0.00019629999587778002,5.319999763742089e-05,False
9a2773c1e6e3434f57f2ae214a1c49d3679e28ad6969873b98d3357cdd8236cc,0.0011365999962436035,0.0018112999969162047,0.00018909999926108867,5.560000136028975e-05,False
9ec83a6326886e79bb4030da193cabd8bb92845720c4297d152a832fa4b8512f,0.0010813999979291111,0.0018108000003849156,0.00018899999849963933,5.459999374579638e-05,False
0d8bcf19d9b6548eab36b8bfbf06fb97c440e300d333ba5c18791e94ab019936,0.0010339000000385568,0.001843800004280638,0.00019079999765381217,5.970000347588211e-05,False
45874002d036187c21c9b621e7fb0fd8ec3ba7be043d570a854f56fae333e6e1,0.0011211000019102357,0.0017125000013038516,0.0001875000016298145,5.469999450724572e-05,False
95f94b85814e805962acaf2448368d245fff7811cf4fa514aa3c9e1a33f71486,0.0010107999987667426,0.002007000002777204,0.00019160000374540687,5.300000339047983e-05,False
7a266218c7eb6aea516a4e70ee127024bcdb5de7f229f2ff103fdecdfb1fca10,0.0011855999982799403,0.002059999998891726,0.00018710000585997477,5.129999772179872e-05,False
36302e10b2af2c1db56e129ef514c1291e35d2c8e330ae2f0fba61ea70acb087,0.0010876000014832243,0.001772199997503776,0.00032559999817749485,5.5000004067551345e-05,False
171ba744e1b4bd138d101b58cf5138325628548baa0f20ddc2bfc5e613b872d9,0.001028400001814589,0.0018497999990358949,0.00021040000137872994,5.570000212173909e-05,False
f679d3e0128acbff073214fe294f7ac1b4dcd926348a9d37ea816c75f42a89bd,0.0011226000060560182,0.0019069999980274588,0.0001962000023922883,5.529999907594174e-05,False
9b23a124eaf3594c5e4806229323af688bfa421cdd2e5756f3854d883e9cfbdf,0.0010615999999572523,0.0017375999959767796,0.00019349999638507143,6.209999992279336e-05,False
5718c314548677f100860d122e91b5bbdf3aa5cc6af3c94fba9f411c9156bb36,0.0012925999981234781,0.001949699995748233,0.0003051000021514483,5.319999763742089e-05,False
b4ed3cb640f219d1cff3a05ac953e830ebd63543619dc2bf5f8e3352da0cea6f,0.0010387000002083369,0.00171050000062678,0.00018679999629966915,5.480000254465267e-05,False
80405f134ebd8a08731246527e284d343954242a5f50573ad5bb298c95e57fa6,0.0010217000017291866,0.002028200004133396,0.00018849999469239265,5.280000186758116e-05,False
b1825ee9621f5d35d6ac796484f03c5ffb53b725628ba85d26c7483813519f01,0.0010066000031656586,0.0017689000014797784,0.0001883000004454516,5.320000491337851e-05,False
8c1c6388f19985029ab8443fbf75a83854b6118c166a3cc2314e8f0e9ea5cd4c,0.001019099996483419,0.0019115000031888485,0.00020180000137770548,6.399999983841553e-05,False
ac0c1cbbca33fd38c56b51a1eb8489b155c37410273c2a390f2ee82912f3dc68,0.0011070999971707352,0.0022506000022985972,0.00019159999646944925,0.00011440000525908545,False
8389a71c245eb1ae453f0bd351fb0c65b06017b32b8453ae06066018350b704a,0.001153699995484203,0.0018498999997973442,0.00032160000409930944,5.419999797595665e-05,False
2bd235907e0c08b39c3e7d8d5dea2a459164cd2d09046ad89a3d1c64ff81e016,0.0011551999996299855,0.0017703000048641115,0.00019100000645266846,5.970000347588211e-05,False
fdcb7d88ff479844fd09c037952fc6db6b3013fa4662ae2e310d28fc3f8960e6,0.001087199998437427,0.0018964999981108122,0.0001849999971454963,5.480000254465267e-05,False
39b8c5b99a013a552cd067468cd17f5e2265fdd377ed20447da8df7f6cf4e5e9,0.000984599995717872,0.0016840999960550107,0.00018819999968400225,5.439999949885532e-05,False
014ebc5915e9d963de4b39cf84d52dec4933344b0b09271db5c6a52114ecd4bb,0.0010935000027529895,0.0018940000009024516,0.00019189999875379726,5.259999306872487e-05,False
6e749c2780a73c2cf1db9d5eba0b078045767e3ed26b3affea60eab358d0a327,0.0010667999958968721,0.0018755999990389682,0.00018930000078398734,5.149999924469739e-05,False
54e555833f203b1ff83d802b23342e98fa8ffe4c24ce10dc569026a4e0fb1c90,0.0011691999970935285,0.0018858000039472245,0.00018969999655382708,5.270000110613182e-05,False
1334b4f834c65b575e4d7f13806a54cab8f7eab2c964ec71a7bd76229d921411,0.0010093000018969178,0.001894900000479538,0.0002451999971526675,5.339999916031957e-05,False
9e4bc78b9468fe69d72d8df3bcd427bc7d136c1d3af5115dda1c2630dc741d47,0.0009611999994376674,0.0018370000034337863,0.0001923000017995946,5.669999518431723e-05,False
e4a739c27bff8f03532096b5519e3270e0910ee36af01fbdf5f3295043dcea12,0.0010268000041833147,0.001808300003176555,0.00019839999731630087,7.680000271648169e-05,False
302052bb35bc35825105fe1fed50920a8b9c54480646dbc0a652dcfe01ef7539,0.0010481999997864477,0.001661700000113342,0.00018360000103712082,5.280000186758116e-05,False
9efc79eb3b64be005e36d393c4d0d128cb44551051fe56c2f01a674980c3911c,0.001115900005970616,0.0017736000008881092,0.0001899999988381751,5.6400000175926834e-05,False
e0f2faec83b7eff8630d465f0f0b206a4c7e7c718908655d5a7f27414250fdbb,0.0011063999991165474,0.0018321999959880486,0.00018489999638404697,5.5800002883188426e-05,False
1b9351e4e7cd282c4d04106c0b81206ce2138fc6e579abcbd40f200d07859dbe,0.0009766000002855435,0.0018507999993744306,0.000185500000952743,5.5900003644637764e-05,False
d8627b70e1a6d301b4f1739187b7122f1b54f95ba70e4748757caf209120e4fc,0.001104700000723824,0.002207799996540416,0.0001931000006152317,5.249999958323315e-05,False
98d9a3950683d093cd6926f369f19c18ee1ddec779c2fa89aca2de793078b3f1,0.0010750999936135486,0.0017942999984370545,0.00023469999723602086,5.950000195298344e-05,False
d694c8e2369190725b0c3540e797bfb8e0b0c95d6a4b71413a65471fb74ae525,0.001022900003590621,0.00243909999699099,0.00018909999926108867,5.4600001021753997e-05,False
62528d7ad22c16706fa2ef9575c71dcf8f143e0494d626240127247ab583cc5e,0.0011171000005560927,0.0017834999962360598,0.00019330000213813037,5.570000212173909e-05,False
8906a560819e8b54f421e588cc148baf1b349730f331250a209a020001f1b006,0.0010060999993584119,0.0017305000001215376,0.0001880999989225529,5.4700001783203334e-05,False
9f84873ed23e2745dbd62a0b8606bae4c8048a245367c44f8401e05ebf4fac1a,0.0011144999953103252,0.0018820000041159801,0.00019579999934649095,5.669999518431723e-05,False
4d2933cb3b629973c12b5523045594225658b6fe340827ee4aca8b338f34fec4,0.0011398999995435588,0.0017120999982580543,0.00018950000230688602,5.609999789157882e-05,False
e0f36c33ba78f7ad6c0f5db12d933ce31f6aebe33b299354abb953f240b1bbe6,0.0012830999985453673,0.0017697000002954155,0.0001880000054370612,6.330000178422779e-05,False
2b7d30a8307138cab469cb894f981db9b164731f62d67cb7b6f4dd1dd2d0f3eb,0.0010465000013937242,0.001808799999707844,0.00018879999697674066,5.239999882178381e-05,False
946b22edfc5704f294dc36f0023730334cf199c42d1865f735ed533b46cf9adf,0.0011010999951395206,0.0016961000001174398,0.00018709999858401716,5.2900002629030496e-05,False
018d24b8d2d8cb722abcda83cc97a8344b28b93ae151b2283bbfa2cb76b6c495,0.0010636000006343238,0.00171050000062678,0.00018799999816110358,5.20999965374358e-05,False
74a8622b897f36ae4de120ba9cab76903cd1ce21895806f2fc35ef20b03e893d,0.001062100003764499,0.0016961000001174398,0.00018429999909130856,5.100000271340832e-05,False
91367b95266d8368f33c71f5732f2944b0e7cc16f45a08a1d77b1e9ece7746d2,0.0014923999988241121,0.0017969999971683137,0.00018540000019129366,5.589999636868015e-05,False
ed3b7b412fd03a2c52ff0478f1d16f3590fa42a3f9be668aa39924a5bb406942,0.0010143999970750883,0.0018201999992015772,0.00018619999900693074,5.360000068321824e-05,False
32da5e6be4f8f844ffb6a7c7819b968a54beda3c9b312fa4a9acfa8fed57be1e,0.0009582999991835095,0.0017646999986027367,0.00018490000366000459,5.480000254465267e-05,False
926cd8c1180c0ae5cd3485a071ee5ae6e6477ac291705c18d419a0f44002f6bb,0.0010422999985166825,0.0019781999944825657,0.00018880000425269827,5.870000313734636e-05,False
238d7b5b4e985c40655776b6534a99e7782b08aed359bd4b04aa2c1e4065e42c,0.0010452999995322898,0.0019003999987035058,0.00018309999722987413,5.20999965374358e-05,False
a720a283250b07fa6f7fcca4bab7685a203b4d512b14d0a9b75a794cd5ccd649,0.0010207000013906509,0.001800300000468269,0.0001897000038297847,5.579999560723081e-05,False
d5c9a6490928149db0ffe865bf4ff9c3b1b0f42faeeaa20a099ac77c9a88012c,0.0015379999967990443,0.0020476999998209067,0.0002666000000317581,0.00011390000145183876,False
af18c10a2e217313ca7a0a6f3abc32040c2531164908da9700bfd9127d084667,0.0010016000014729798,0.00178089999826625,0.00018909999926108867,5.439999949885532e-05,False
9d5d155faf509d33ade7ff19fb548993a833186f5c2799cc0d16a0c2a9bb6a25,0.0011704999997164123,0.0017537999956402928,0.00019630000315373763,5.43000060133636e-05,False
e1d0a14342fd9864e23ca1d068cc11b8d1fd467b6d6e110cb521fa4cb8767a22,0.0011129999984405003,0.001778799996827729,0.0001916999972308986,5.3999996453057975e-05,False
60031161e07f84f047316a1a22847a51a5932b303cc88e3ed62a8d8d55435cc4,0.0011757999964174815,0.0017575999954715371,0.00019210000027669594,5.5999997130129486e-05,False
2ffe5eb03374b123371d0fe9a90c5beade788202a77dd50ae383ee484bf55d4e,0.0010324999966542237,0.0017619999998714775,0.00021800000104121864,6.009999924572185e-05,False
0a27734302bee28ac20957cfb3557004fe0c695bdf5a374d48532c26a015453f,0.0009640999996918254,0.001997699997446034,0.0003389999983482994,5.909999890718609e-05,False
a6ae6c88aa8b0c175ae69ffc725db27d62ecd833eaecdc1a12f69bdde89b32c3,0.0011785000024246983,0.001811399997677654,0.0001883000004454516,5.4700001783203334e-05,False
11312f6ccd82b9905a59ab6aed922259aab63e9203fe4c7cee692e4e74d5fc10,0.0010429000030853786,0.0021803999989060685,0.00018879999697674066,6.120000034570694e-05,False
9e13ca97d87e4cf4eecd30574b611b21c3b370b958da91f91b44e4b0394b2b76,0.0010709999987739138,0.0017922000042744912,0.00018769999587675557,7.190000178525224e-05,False
0492add60cb4b65a651e6989c98c752be5dd77d20441283220b7e4ad0f2c718e,0.0011936000009882264,0.0017393000016454607,0.00018519999866839498,5.239999882178381e-05,False
6dca3d775900d0899d64c900273390c312e50ee2fb27c107a198eef7802dfd11,0.001108899996324908,0.0017482000039308332,0.00018700000509852543,5.269999383017421e-05,False
d12e78c02b2a2a211ecf7af8d4cb2950381206ac4e3939990d760803da8c3c86,0.0011133000007248484,0.0018711000011535361,0.0001849999971454963,5.3499999921768904e-05,False
64709984fe3f1536bdd9653c225d801c9ed43e81d4c9ef5979490a1541ba50ca,0.0011258000013185665,0.0017939000026672147,0.00018529999942984432,5.37999949301593e-05,False
05a7857d3e5b604952c5bc1af89e892c8ab1608f7142dc541bb3965b433a291e,0.0011697000009007752,0.0017246999996132217,0.0001880999989225529,5.339999916031957e-05,False
6e354528f17ba89b7861d6f65a0ebd3db7e80ced439977017a44b02c701d983b,0.0010395999997854233,0.0017735999936121516,0.00018780000391416252,5.499999679159373e-05,False
93e50c40b210bac1f7934bfbbaa3cea7cead4c4ae9b220714bea8bd49daa5279,0.0009776000006240793,0.0017067000007955357,0.00019489999976940453,5.5500000598840415e-05,False
33ab770f4a13fca4cc688a2c7bb703ee68ce74109582289f2be2c20c0303b553,0.0010441999984323047,0.0018159000028390437,0.00018799999816110358,5.589999636868015e-05,False
597fc5c453ebab1077fae8071657357632b14af36cc3e52a5caee03cc8a005ee,0.0010583000039332546,0.0017488000012235716,0.00018940000154543668,5.3499999921768904e-05,False
ff9299860ed6ff563fa3f1ae30bfd637c0072e3dfee494dc5331ccd9187f30e7,0.0010399000020697713,0.0018906999976024963,0.000189200000022538,5.6899996707215905e-05,False
83cc4267ab1a2ecf19c3a924bea4b7bef418643fe98e3a4df014f4c1921e30c1,0.001272200002858881,0.001832599999033846,0.00019710000196937472,5.37999949301593e-05,False
12da8777030a43528358928303f3e3662c021be1d5cd1999ed675fc370be7590,0.0010910999990301207,0.0017019000006257556,0.000207199998840224,5.469999450724572e-05,False
3f10b545ae83d472b921a77628f701bfd9623cf9fe4a5096484b779018e03251,0.0010451999987708405,0.0018396000014035963,0.00018509999790694565,5.529999907594174e-05,False
537f246eac55e2c5d38cdba9d8ef1645d69a73ce490e1ff3bcfbe2abd32aad24,0.0010245000012218952,0.0017290999967372045,0.0001933999956236221,5.609999789157882e-05,False
c4bfc43016750046dedd13f0b990f5d3e6a4ed50537943a0d9cc471a53d0e311,0.0010015000007115304,0.0016606999997748062,0.00018209999689133838,5.300000339047983e-05,False
578b6822ced68211310201174255e966451c396ca419969c56aeab09dd175482,0.001171000003523659,0.0018242000005557202,0.00018519999866839498,5.300000339047983e-05,False
cdf2636852715154655cf2962dbb6e0b385d1f6702dd893d30b2a27e5cb18e7e,0.0009844999949564226,0.0017334000003756955,0.00018689999706111848,5.249999958323315e-05,False
3e54b76ef681c037d56c59e50742d1c5363e72129e506e0753199207e4872b4e,0.0012332999976933934,0.0017828000054578297,0.0001840999975684099,5.890000466024503e-05,False
d011c3c39270a96c1041ea48b4f58c2cf625d26623db14c34a32242736302f20,0.0010053000005427748,0.0018274000030942261,0.00019040000188397244,5.989999772282317e-05,False
439c19b59a51c598091da598559297323ae68c0870f4e4fc78fa72735b1dbd42,0.001069999998435378,0.0016849000021466054,0.0001864000005298294,5.7000004744622856e-05,False
e97336a8533ad06b5ce7e236885031adc5a291a17aad98f67b170169f9b1dbc6,0.0010175999996135943,0.0018935999978566542,0.00019579999934649095,5.680000322172418e-05,False
d0224171bb08cec9c72fea906adc0bd34285127bb83ab515c0ca2d273abd38d8,0.0010495000024093315,0.0018809999965014867,0.0002009999952861108,5.419999797595665e-05,False
871a6e88f7cc97995c1b01d5a0515f753872d8cbc35a98a8cf6ee1815e32d73a,0.0034654999981285073,0.005313499998010229,0.00046909999946365133,0.0007657999958610162,False
55fb4626e967560515560c26c005ef498da71a1448ce3abca8f0417feb21fd2a,0.003700000001117587,0.005533299998205621,0.0005139999993843958,0.0005144999959156848,False
96df805b9a1ea378762563e84651da900b2674eccfbf2c0678de99ae8aefe557,0.003519999998388812,0.005554099996516015,0.0004526999982772395,0.0005178999999770895,False
ad0f18d13147a6743226fa5a1bde275d00fb127ef87f58c46c4740af4393ae09,0.0029203000012785196,0.005087600002298132,0.00046570000267820433,0.0005344000019249506,False
5a7519032715bc6bf61839d4cac571895724f3f7db3bb56d9a27a82d21e9faa7,0.003516900003887713,0.005888599996978883,0.0004470999992918223,0.0005081999988760799,False
02d0bfeb305c97ad0688b3638a78ed596188d443dea28b96f2600e80113303f4,0.0033489999987068586,0.0057333000004291534,0.0004447999963304028,0.0005631000021821819,False
5812ca3740723cdc76192c3713ae753ec7dbf925a8d9edba29d9515686c1ee09,0.003267399995820597,0.005499999999301508,0.0004470999992918223,0.0004993000038666651,False
b434aae2fa367b692cd7cf0e2cfec3e66bfc8308121b013fd85dbd50b6cb8020,0.003372699997271411,0.005593399997451343,0.00044579999666893855,0.0005053000058978796,False
7381ce294c7442272a989cef99cca7105ad2c4a6f28a9b886a4ad55b4cd52288,0.0032253000026685186,0.005521400002180599,0.000465600001916755,0.0005117999971844256,False
4b679e86ceae3933ba3b54efc385e9c3f81133f4936fc28821f02dfc69443acd,0.003332699998281896,0.005531700000574347,0.00044439999328460544,0.0005037000009906478,False
3b82405d0883001ed13838d07c1f0cb31fe3f121bfeb34f24ae68e5bba790d75,0.0033260000054724514,0.005568900000071153,0.00047980000090319663,0.0005282999991322868,False
63676d2fb52344789b9da6f26c75c201639e9ad85aeaae234074da967cd6834b,0.0030274000018835068,0.0054894999993848614,0.0008384999964619055,0.0008415000047534704,False
1db1d4bdb9c35ccb4412b37c1bb5d3af598f57d68630077280b3a863e36f345b,0.0037248000007821247,0.006042299995897338,0.0004802999974344857,0.0005413999970187433,False
abd5816adfec74e808c090dc458799a030a5a452c2aafd91bbac0b983b0e3e4a,0.003453999997873325,0.00547339999320684,0.0004837000014958903,0.0005481999978655949,False
719e87654591ee4ce60ba4b4348b0a5703cef44cbcc42fd487c07d26dc3274ae,0.0033899999980349094,0.005264800005534198,0.00046290000318549573,0.0005392000020947307,False
2e854b087eff1f7ec17a537ed90d999835caccc47975982e502a2b6f4214ccc7,0.0033983000030275434,0.005445599999802653,0.000465600001916755,0.0005411999954958446,False
7b0539e9212138edcc2f8a3ee8c3b0fe7c0e1501ab630a520489403ff17b0e26,0.0029474999973899685,0.00540049999835901,0.0004597000006469898,0.0005786000037915073,False
e7ccb2e1866eaece3f8472815f7752b61895d2144ddce2198f37b3f020b37ee0,0.0034097000025212765,0.005731299999752082,0.0004717999981949106,0.0006197999973664992,False
881f3c65b3e439d4305c3e4323314cb5de5a4d8041ab343b8513429f82a907e2,0.00329250000504544,0.005592900000920054,0.0005095999949844554,0.0006930000017746352,False
99215a84478cd0cc6b5620fd4298394b83cbae1400a9d9cec34722ecf9bbccec,0.0034826000046450645,0.005807499997899868,0.000473300002340693,0.0006085999993956648,False
cfd885fda0fc2a172700afd499f77f7330cdbdaa413b5fb795a469218fbb5841,0.0035184000007575378,0.006016499995894264,0.0004831000042031519,0.0005923999997321516,False
b6cbace9ae3d9cb0bbdd7852532cc76f6ab684213b3c4e20bae8f94845f490bd,0.0034127999970223755,0.005139400003827177,0.0005727000025217421,0.0005259999961708672,False
44b4aebf5105b26c5ef2c77dffe4201cd1b517835d9768b892742cd0fa0c44b7,0.003349899998283945,0.005405500000051688,0.0004695999959949404,0.0005477000013343059,False
b6523761c8bc40e428af61ab223772f7f2580fa11cce83d907dfc7af4bfcd820,0.0035136000005877577,0.005322400000295602,0.0004712000009021722,0.0005294000002322719,False
84196c531e4df595af4dc04965f75a27a73c9b08d83acf45f133602fd57ace8d,0.003499400001601316,0.005602199998975266,0.0005222999971010722,0.0006830999991507269,False
5967cb4104c79bc06fd2abb9dcabe6955377fcf157efa44eda945c1528f39d95,0.003376500004378613,0.005680200003553182,0.0004830000034417026,0.0005468000017572194,False
0af08af2570661a06e8cd60200274ffd506021914e75e0d92be7c9f31bf37f4c,0.003429399999731686,0.006140199999208562,0.0005402999959187582,0.0006551999977091327,False
613d2ae1e9405c8da5b3060fe034a9733bc9b302a34bfd97aacdbf7e3c1e3c9c,0.00343099999736296,0.005479600004036911,0.0004771000021719374,0.0005447000003186986,False
645db0e561cb7206372ff8cc061aef6312f692756a44bea1eeee5ce7d54d1692,0.0034296000012545846,0.0054801000005682,0.0005993000013404526,0.0005443999980343506,False
7077727be60f9b15198bee5178df05beab92208a6190391aec84ee4e79d67c5e,0.0032418000046163797,0.005528099994990043,0.0005046000005677342,0.0005318000039551407,False
c957852c6cdd3b306050beb1d015f18e4e9e8711c98854c697df4a0d5721dbe8,0.0034988999977940693,0.005284600003506057,0.0004620000036084093,0.0005247000008239411,False
f284139ff1605bd972b757166e0ac74e131f424521bb344fb6b6b60bfad084af,0.002995500006363727,0.005484799999976531,0.0005799999998998828,0.0005209000009926967,False
a9da781b1656eb9f955c990478a79fb0a805cfa93eb7cbc375820ea85b2db1ff,0.0034013999975286424,0.005699499997717794,0.00048570000217296183,0.0006069000010029413,False
4e8a9bcf78d616210b9c8c485a6bffb877d6f51567cb85f279a9d707cafc5da4,0.0035597000023699366,0.005994999999529682,0.00046640000073239207,0.0005120999994687736,False
0f7e3942c2f633a75b71ea6d117e273ebca9d48900ef4ae16cd4a2d09e019cb9,0.0033141999956569634,0.005431700003100559,0.00047249999624909833,0.0005394999971031211,False
82c0fe9f8aaf4b61257b542323fd51440b2ced9548643af25e2180c323fdb37c,0.0035513999973773025,0.005449299998872448,0.0004645999943022616,0.0005244999993010424,False
5253cac8bd750849e3e86a6d2416bd742672859fa91a9cbae100d86c8e3be313,0.003100299996731337,0.005582500001764856,0.0004684000014094636,0.0005553999944822863,False
12c1308426109fe70f333af19e616d70ed95e2529c62c0c87cd68308e3d2a36b,0.0033132000025943853,0.0058742000037455,0.0005318000039551407,0.000592500000493601,False
11a4dbb38eff2ca3c1f540fa225424dcfb4be1890f08e9841da4adb40a906162,0.0033029000042006373,0.005538799996429589,0.0007012999994913116,0.0005315999951562844,False
09a02caf5cda90418cd8aba24a359aef29d5e12f8836157e385ff184c84d061e,0.0033877000023494475,0.0055588999966857955,0.00045759999920846894,0.0005167999988771044,False
8fb97565e00f09858bebeed49f6fc2913eca74a253dd9d6f1baf6c625b745cae,0.0033757999990484677,0.005537700002605561,0.0004474000015761703,0.000498399997013621,False
552aa53f8724c098b49dd9f3ed16f676e7b2249fb3ffc02414bccb20eb0c763b,0.0030939999996917322,0.005274700000882149,0.0004436999952304177,0.0005027000006521121,False
6f6bf26d31e88b65b68756fba9c2d554e62e20b829197453b28a894b2d896825,0.0034137999973609112,0.0053735000037704594,0.00047810000251047313,0.0004996999996365048,False
02dbb5a83a297517e8871049d09b08b183e37cdbff3b0f5ba49023936d3f8f3d,0.0035272999957669526,0.005242200000793673,0.0004617000013240613,0.0005055000001448207,False
cbc8899fe5a6a4cf49e9ef533bcc55e0e737044255624f0bb895e7e8f3198c91,0.0033177000004798174,0.005696499996702187,0.0005086000019218773,0.0005396999986260198,False
62e3877bdbf0b53ee1638389aa61776a651ee66930781666ca56b10c03ad5f32,0.003391500002180692,0.005335899993951898,0.00046660000225529075,0.0005363000018405728,False
9c4e60fa6fd68124eee6f300963bc91588a54c23090e759d04e72139c87eef97,0.003078499998082407,0.005688500001269858,0.0005209000009926967,0.0005356999972718768,False
fd34e26a243fdf466c1c996b943d04a0184a33707dc9c726a3c8c526df1b5dc8,0.003420200002437923,0.005547400003706571,0.0004789000013261102,0.0005248000015853904,False
583b3bcd9b5fd0cf9fde308b4c5981c8f1ee65ec126ea0e21fd5b3bf186098f8,0.003371599996171426,0.005754900004831143,0.0004715000031865202,0.0005431000026874244,False
abc55db0e820e25546943b5cb55bf53b767cb74384722cc11bfe6e5a06a4f816,0.003461300002527423,0.005751800003054086,0.0005673000050592236,0.0005827999993925914,False
11e05c088967ebd35b140810bcd11d09f2f72ff930cdfcb5df57c34b15b69666,0.003745800000615418,0.00571460000355728,0.0004772000029333867,0.0005238000012468547,False
5b0b82c27fc350e15a66d6d39b4dffddddae7d60b4f333a9e608d155807f3205,0.0031902999980957247,0.005673299994668923,0.00046489999658660963,0.0005779999992228113,False
4a4a9055857ef62f495733a666352a545a63972506dc32dcba40afa117e5b394,0.003373500003363006,0.005600500000582542,0.00047569999878760427,0.0005282999991322868,False
8d621284d72f30d2207f6b8d9b8e5a28a5330321f6926d18f334473a8e56975d,0.0033024000003933907,0.005765000001701992,0.00046629999997094274,0.0006701000020257197,False
ac9184bd730406111cb556c3b5246c8eafc7c534b1674679fa10e4a40a06abad,0.00346729999728268,0.005779899998742621,0.00047400000039488077,0.0005367999983718619,False
f9e7d3a6501824485ea01f234b4f8f0ee81ee21d7041de0d7d295a516cc56f97,0.0034582000007503666,0.005375300002924632,0.00046839999413350597,0.0005180000007385388,False
5a4008b949b01561e29452041b27946240a2411512ee90df6cf30582212a8afd,0.0033382999972673133,0.005190500000026077,0.000585400004638359,0.0005222000036155805,False
ea3183009e86b90eebe567e5778e0fa6795407eeaa857d18239e550734dedf13,0.003639800001110416,0.005608600004052278,0.00046239999937824905,0.0005241999970166944,False
a163cd5f852eab46272c6ce465aa8622c835ef89e856d7fedc8177a7dfe61686,0.0034636000054888427,0.006344200002786238,0.00047220000124070793,0.0005208000002312474,False
9b67d9d8330a840569b6132db410569ef147d3d1c6a771dd6a11cb68099b2009,0.003482699998130556,0.005639399998472072,0.0004761000018334016,0.0005421000023488887,False
621a055a7ecee28659e87f5490728ff4c96b6db60a55af7b2ccc7cbb93afbc36,0.003390999998373445,0.0055159999974421225,0.00047089999861782417,0.0005200000014156103,False
0a26321e20330de92ff6070ade46b0e84721132ddf8712947426a7a65f7eed26,0.002919499995186925,0.005615900001430418,0.0004668000037781894,0.0005228999943938106,False
fdd1e0457a2336c655efc6fceed5439e03c37313fb47e6df40488a61e2974178,0.00361920000432292,0.005574399998295121,0.00048329999845009297,0.0005807999987155199,False
e717a4708a59ef8b538d64b971b65063c089f1bbafc6f52bcc6bef74956ecf3a,0.0034441000025253743,0.005240099999355152,0.00047990000166464597,0.0005510000046342611,False
ce1560543083e55eb9469cc7e33e3be5d0be4bd2fd9aaf34d91bbe9e72244843,0.0034863000037148595,0.005430999997770414,0.000476099994557444,0.000669400003971532,False
0763f2511e3c345467b82d100f5e10feff0d0298b167fb1bd530ac2f5bc440d1,0.003359399997862056,0.005435400002170354,0.0004515000036917627,0.0005190999945625663,False
28b0c4be4b896b33e1ea0f34607a25e64b6f847212a075e71e3ebcf73ba2d8ab,0.0030031999995117076,0.005613099994661752,0.000473000000056345,0.0005288000029395334,False
93665d9c51109a8872e83368d6bf89930d0451f732b19878e5b8171f7099f4cd,0.0034549999982118607,0.005432199999631848,0.00047059999633347616,0.0005203000036999583,False
d4283a03c13b3074bc67de37df3c7b789b8d5437587f41e0e4296116e0b10039,0.0034493999992264435,0.00532490000477992,0.0005278999960864894,0.0006043999965186231,False
291753244e761942957d81c5240f01c91310e3707b9bde5f012ae20c7d5cddc1,0.0033418000020901673,0.005684900002961513,0.0004805999997188337,0.0005434999984572642,False
dfb08ef08466d8b53e64fedd5c3bde918cddf395ba7b3c7b350792478edfbfe4,0.0034582000007503666,0.00564940000185743,0.0006123000057414174,0.0005332000000635162,False
9811350894f3e9efa0611d7c5e1ce62e8aedecffdd628682ab86f569b4af8902,0.003184599998348858,0.005513299998710863,0.0004594999991240911,0.0005221999963396229,False
5f5d21ecbb19a7be9917a3e29d4e8bcef4040a22c24362aabb3a363a8a78bfa3,0.003743699999176897,0.005380700000387151,0.0004639999970095232,0.0006092000039643608,False
89ff50b21ed5cf146ab786e953320480fc0cec8beb7c9b2f9ab09b94d55b8296,0.0035446999972919002,0.005494099998031743,0.00046519999887095764,0.0005296999952406622,False
9f575a550ff77fc36ef1996109740323e8234f78bec9a396a0c058982080f127,0.003300600001239218,0.0057660999955260195,0.0005698999957530759,0.0005234000054770149,False
cb6add6e940dda69d36d9f9df78d27fd50eefa1464f683419b6af1f866f92abc,0.0037214999974821694,0.0054678000014973804,0.0004778000002261251,0.0005270000037853606,False
551a61eeb987a92e18c68a8e497a9164ebb914698f072c63f9501751c6e7a93c,0.0031130999996094033,0.005218700003752019,0.0005287000021780841,0.0005326999962562695,False
dfe2616384df17f555b9869e0de25b3bb3e722affe4af2f1a3b62028292e46ad,0.0035084999981336296,0.005997300002491102,0.0004773999971803278,0.0005289999971864745,False
2c5e0f143b2643f8b9f7f85acdc5cfadfbbb4a626f732c6ae6e5542cd0325e8f,0.003281600002082996,0.005414699997345451,0.0004661000057240017,0.0005286000014166348,False
adecaf3cc24fe95930cd9d38831e2a57b3d4756e1686b4eef07d22973ade6613,0.0033180000027641654,0.0055845999959274195,0.0004808000012417324,0.0005288999964250252,False
df9a87e3a116b85fb9f9a4d6ec480d93ce6a561aee9fa72c64297982d4d5f8f2,0.003647500001534354,0.00544860000081826,0.0005042999982833862,0.0005505000008270144,False
0ea938b9ae4d4ce607b471a9b75a193a7c89d94150a7efbc4f4e93faf58f9020,0.003191199997672811,0.005700500005332287,0.0006673000025330111,0.0005387000055634417,False
6607cfb7d0a221ff58c3b0a33733000be26d933ef246cca1d1f7684be43539e0,0.0032723999975132756,0.005323599994881079,0.0005443999980343506,0.0006916999991517514,False
7368659d1a4284c66999cc08973811fd7e1b8a377ac14463dd24b047e5a82571,0.0034556999962660484,0.005368199999793433,0.00046489999658660963,0.0005347999976947904,False
62e0d42add14552fca8cce6456ef14f6b51e3c3c3f36fbebc43f8ffd1cb4a668,0.0035748000009334646,0.005595900001935661,0.0004676000025938265,0.0005433999976958148,False
1e8c865c519d372fe80d1dc59547ea7764a123c243433c2c7ff9a6789a5a07fc,0.0033520000069984235,0.00536889999784762,0.0004658999969251454,0.000534999999217689,False
bd733828a564cb76a6afa06f4aa26d06a649ab4ae1ebc4951d1b873671602477,0.0030592000039177947,0.005524899999727495,0.00045569999929284677,0.0005387000055634417,False
81dd28a013073320e23e11b35576ff538fc980dfb7abef7d128dcb7d4f695976,0.0032707999998820014,0.005646500001603272,0.0004665000014938414,0.0005421999958343804,False
51cfa9b6ae4853b7ae35cae47ca31ed6d1d3637da1de944273d07edd65731eb3,0.0033966999981203116,0.005916800000704825,0.00046640000073239207,0.0005311999993864447,False
07008012bdff2993d1fda468bc1222a72d324bfd0d2549d059be972aa9e6d809,0.0032987999948090874,0.005773199998657219,0.0004658999969251454,0.0005735000013373792,False
9323bfd1786aca54aba43b8d9427a93f18d2561f775f39fa1c03cf6f60bd1f71,0.003373399995325599,0.005680599999323022,0.0005622999960905872,0.0005267000015010126,False
0d510798117502279366d31ddc7188c6cc755de2ea3697851bbeb0e2a50fb147,0.0030211999983293936,0.005329899999196641,0.00046190000284696,0.0006015999970259145,False
95d46d8fa1d2aa28ee7f51c7eb52448662737a3dbbba489deeed0b0b82e5d17b,0.0032759000023361295,0.005599299998721108,0.00046750000183237717,0.000523599999723956,False
38ae2b82fe91c46123872cd4149e9cbac6e7130403c085155dbd781751c678f7,0.003193299999111332,0.005842400001711212,0.0005380000002332963,0.000531300000147894,False
73e0d683a27c53a113f54d95467548eb717dcd4f8209c0dfae0688401ba3933d,0.003306999999040272,0.005281300000206102,0.000458399998024106,0.000552500001504086,False
7eca7977454be3b1841e15ab986a2c56c1412340ef9f96c121511e7dd0f79bec,0.003321600001072511,0.00568599999678554,0.00047199999971780926,0.0005482000051415525,False
f7a4f4f3a10b74b36231cbfa323cf053b1d0d80158de5c755cb7be616ac0baca,0.0034813999955076724,0.005541400001675356,0.0004813000050489791,0.0005366000041249208,False
e371bf078336c067722830b4daad89e4143c0519113a85fc636c45bd774cdcb1,0.003337000001920387,0.005861999998160172,0.00046190000284696,0.0005268999957479537,False
c320ca44e2aca0b47a6f3f0e4fa8e7248055221ee8b92773c7488147219e7961,0.003262500002165325,0.0058682000017142855,0.00047500000073341653,0.0005734000005759299,False
491d29bc395cbc5d30a4b8cf253b858a6714649b8b5aaa8677eb80f787e55834,0.003321699994558003,0.005343500000890344,0.0004914000019198284,0.0005397999993874691,False
3a05beb076d2c18d65e5a9dc19137b6b921233cb840982dd400c36260ee11ef2,0.003491200004646089,0.005625600002531428,0.00048499999684281647,0.0006811999992351048,False
4013e072fd77df6c8d0d83cc14c4d05e40ca36b544c43d9071c31fa149e8068b,0.003289799999038223,0.0055818000037106685,0.00046290000318549573,0.0005657000001519918,False
706195cf0743d091b7f739ecc89f882bdb25b5fa86760351b863dc5daf4addb1,0.0034860000014305115,0.005349799997929949,0.0006671000010101125,0.000611400006164331,False
894c9159c1f9c80348cfd2e22d6633e4e841b8c160574528b5d4cf1d6d39a7f2,0.0033048999976017512,0.005546899999899324,0.0004685000021709129,0.0006248999998206273,False
f2d648c5c7c02643d13c88270ca9d18070c5d4d3f415cb7ed1b5900b577564a0,0.0036707000035676174,0.005601600001682527,0.0005031999971834011,0.0005552000002353452,False
0285399d9e095f7589eeaf7be76dcd420b7f83aa24ed09db2a8006a4646d8de2,0.004026900001917966,0.006444999999075662,0.00048659999447409064,0.0005935000008321367,False
85a38fc98cc7bfbacbcd0f20172b39b4a9ce6b8b03f8073396e1c1db0e384690,0.0031982000000425614,0.005954300002485979,0.000567299997783266,0.0007777999999234453,False
ed14a0326a3ea35fc3a48ace846d44546981a7a5872b70f5775255d2b7a4bb10,0.0036012999989907257,0.006708100001560524,0.00048499999684281647,0.0005515000011655502,False
5ad3c3a5a773ecb5e9b01a339e2de36913297f0081873d4bd1ed86287b7798c5,0.0032367000021622516,0.00557680000201799,0.0004889000047114678,0.0006279000008362345,False
338e4f11a141966c1de625f3dc8e8896bae4915bd6b7dc414c5041b33d39e381,0.003670999998576008,0.005583000005572103,0.000589600000239443,0.0005254999996395782,False
bcc1a653adda0aa3c6c1fd0eb6144a7d92eb2cba2ebe535e9346ed83fc592fe3,0.003320999996503815,0.0057739000039873645,0.000465299999632407,0.0005373000021791086,False
794843117e707a7c33ac8bbc243f9cda7f0bc619a4009c1713190161381062f6,0.003161000000545755,0.005448099997011013,0.00047079999785637483,0.0005509000038728118,False
18ba7b2c0a7f43d113d98abc16053b5296ae93f8a0b2150098de59845935adf6,0.0034659000011743046,0.005402499999036081,0.00047389999963343143,0.0005441999965114519,False
1cc12bac9c8fe598b7afc352f17d1dca89290c3ec37dd5ffa9074435384ec98a,0.003279099997598678,0.005450700002256781,0.00046799999836366624,0.0005329999985406175,False
9fb8595ad7a5a3336178d290f33d5d74ab855fb4a0287acb98ae479fb8b1d92f,0.003326100006233901,0.005288699998345692,0.0004732000015792437,0.0006015999970259145,False
b01b8f1a9781c01aac3f6b7ded1b5edb3072ec9d0f824c708df05805c78a4c5e,0.0035586000012699515,0.005578800002695061,0.00045200000022305176,0.0005053999993833713,False
dd67c3ca912bc14164e4e5e008133b169ce675714495b73399f2612806a205a3,0.0031780999997863546,0.005412099999375641,0.0004476999965845607,0.0005216999998083338,False
409fb296d9fde7e657896f5b3c6472de65a1d3018474c8bb78121baecd6d11e8,0.003464299996267073,0.005929399994784035,0.00044379999599186704,0.0005184999972698279,False
134d6ea5d6b443a8fe64210ffba1dc44f96cc64e1d782926e457d8fc00f59c9c,0.003363000003446359,0.005289500004437286,0.0004609000025084242,0.0005267999949865043,False
8c6e4eb90b20ba6af4659ce929b76694ea420613ec228f37d8778301e25f344c,0.0033144999979413114,0.005392400002165232,0.0004454000008990988,0.000519299996085465,False
acc7d03e63add839982c3ac05843765e155b3d0cdf4a1f52ac07a9eeacf25cb1,0.003345200006151572,0.0055697999996482395,0.00046299999667098746,0.0005410000012489036,False
052e12fbff75fcb9dd2bfac0a18c27662c1dfb8ba24a532458c51b6ee7055163,0.0034223999973619357,0.005992600003082771,0.00045620000310009345,0.0005316999959177338,False
76c5a8215d4c922c4036222acc4f12fbc1be24d84d2f9b5c59881535f98ee0a5,0.003274700000474695,0.005714200000511482,0.00045390000013867393,0.0005931999985477887,False
4b566e7ee3467d52d71b7605ec5611ed16376f77768af80b5525dbacd3e9779f,0.0031132000003708526,0.005597399998805486,0.0004713000016636215,0.0005234999989625067,False
75f62574fdb84c8f08fc1729e71ba3b8f5b2f37d06089166c677f72b9a7e0dd0,0.0032781000045360997,0.0055638000048929825,0.0004746000049635768,0.000577899998461362,False
cd02baf7a8b35f0ccec376dc332292dce119fd4e19a8f201f7baee1eeea0caf1,0.0034911999973701313,0.006034700003510807,0.0005400000009103678,0.0005696000007446855,False
a3051e6e53cc5cc5e75230bb79fc72c4144fce53cc777abfd744d5f83aac912f,0.0033665000009932555,0.006494000001111999,0.0005524000007426366,0.0006114999996498227,False
05a09b0b233f1071985c0fbd82de3223833940f95911dd7e0e7d6b9a9fea66ff,0.003759400002309121,0.0065818000002764165,0.0006425999963539653,0.0005677000008290634,False
b8f0038026c93b66852bc145e4c4846cb98ebecc0ee5ca5bc0dd988c82bccb80,0.003508099995087832,0.006828099998529069,0.0004530000005615875,0.0005485000001499429,False
0c8e3b4e3993d9aa871b81d8df2e654f53564b58cdccee3dd5a46a8c61a077fe,0.003592100001696963,0.006345299996610265,0.0005177999992156401,0.0007403999989037402,False
8d3c63cb58a282b485fca46774fe6d4cabca4837828b948da49eb3c00c1686a4,0.003712000005180016,0.006300000000919681,0.0004608999952324666,0.0006072000032872893,False
47766517d3ddfebf64c19c350980dd0a5eef91ae24f77f1eeafd424491c81d00,0.003637899993918836,0.006016599996655714,0.0005355000030249357,0.0007126999989850447,False
7a000e28057ce78b06bad3e3bf6b1aad5f9b19d6827bf612335430d0581a13ab,0.003975700004957616,0.006334399993647821,0.0005660000024363399,0.0005334000015864149,False
868fbaef3e321eee47d0024d9bf121ac4b9641e192c971b7120c959db21cde0e,0.0036965999970561825,0.006477900002209935,0.0005332000000635162,0.0006119000026956201,False
468f8621643b100c74fa7d17624ad0d29fcf0254146256374918924faef49261,0.003927199999452569,0.0068794000035268255,0.000490999998874031,0.0005855999988853,False
b576e33cd9991795e59bca5351fe8285816943acafa866ee069ba6fb39251d48,0.0038047999987611547,0.007618000003276393,0.00048519999836571515,0.0006099999955040403,False
8c1cb525665089b8508c81fd343f6e05f18e3fed5fd4ce9d642eb25805dce794,0.0042134000032092445,0.0068249999967520125,0.0004933000018354505,0.0005872999972780235,False
ad9165d5c1a2568f33e3be151aab18c5fee726be35867e49e16539e7bc639e76,0.005300700002408121,0.007519099999626633,0.0005414000042947009,0.000548999996681232,False
2a503925ee52ee77e161b5e668dd0947861a58a4312857941fd9937b5384e937,0.0039996000050450675,0.00654690000374103,0.0005388999998103827,0.0005641000025207177,False
69ca265c270d7ce43a884754eda02fb65b1677195631eba735178bd2cc3dd5b4,0.0037779999984195456,0.006153799993626308,0.0005986000032862648,0.0005544999949051999,False
50e54eb2b029b9ba74b124060799ecaa6cbc370b218074a52f056cdde6554da9,0.003766699999687262,0.006567999997059815,0.00047079999785637483,0.0005430999954114668,False
edb5f11960dfe9699394ca5a48fe054581f4be3f15318e3a5e51a4f89c500a46,0.003928699996322393,0.006462199999077711,0.0004728999992948957,0.0005593000023509376,False
2228e8f46e18af2428a69ce2ac420c71ac3445a58e611c28cb01b86cd94011c3,0.004090599999472033,0.008010500001546461,0.0004902000000583939,0.0005488000024342909,False
902cf2b8e2faab282a233a40bb4567431867567c9030ecedaee10e4f4ae477cf,0.003892100001394283,0.006184899997606408,0.0004904000015812926,0.0005891999971936457,False
63ff9b822c495703e14eaf99e40366bd0a60f2a65ae980b1284aab9743aa5066,0.0038655000025755726,0.006090399998356588,0.0004769999941345304,0.0005426999996416271,False
1ff898dcd3930f29cdc92012a69a6416407f57d79f5a6a94d5bf964394dd5652,0.003797000004851725,0.006390000002284069,0.00047810000251047313,0.0006031000011716969,False
0d1458e9f46d9ffa3f1f95f1fb9d8bbef0ec3a5f7c488df0db6ff3d1e9f4584e,0.0038788999954704195,0.007559100005892105,0.0004830000034417026,0.0005835999982082285,False
45eb895e5494cbe41a2c9113d8c7b0d0a6a5145824dfb7a4d31b4abdd9a9b843,0.0038266999981715344,0.006715699993947055,0.00048039999819593504,0.0005392000020947307,False
1ba20a2e98cc9cabde80289f7be7bd53c0286656327b736f4f3d72f0814b27ae,0.0037082999988342635,0.006002399997669272,0.0006063000037102029,0.0005376000044634566,False
9c663bed8dd8813b3147abe5692f8b0f48bb5195d7890c8c913b43268cedcefd,0.003831200003332924,0.006391399998392444,0.0004966999986208975,0.0005253999988781288,False
bdfef7c5277fd699230c550821087b368ebbe67c7c4a774adf9650c9a9f6a715,0.003818700002739206,0.006662400002824143,0.00048019999667303637,5.560000136028975e-05,False
4b0e75fc2390c687149238c8e47c440129967f8a375cbd857ec80a66439fb27b,0.003983599999628495,0.005965099997411016,0.00048319999768864363,6.040000153006986e-05,False
bb84283943ce8f42c281e352ba93cc153b9c4b8e53e68eb1d63eeb1601ddb2ad,0.003575200003979262,0.006289500001003034,0.0005457000006572343,6.10999995842576e-05,False
130c8721dbd09f0d5c61e6c817784499891cfe470f60bf6bbf4f0354319c0438,0.003489800001261756,0.006150299996079411,0.0004971000016666949,6.22000006842427e-05,False
927dd9700d11ed10f2ebe89e3099dc20081f19cbe14c3f93e77a63c7fa7569e1,0.0037795999960508198,0.0061854000014136545,0.0005795999968540855,6.230000144569203e-05,False
c4eee84c9fcc47aff971847c1a2847e390c364c97812796d2c2c8e2619a7044c,0.0034980000054929405,0.006576200001290999,0.0004896999962511472,5.830000009154901e-05,False
22f0de31d3fa37b5d06a551f09c4371b1eb20640729191d3c2e6470ff500882b,0.0037177000049268827,0.006634899997152388,0.000528200005646795,6.81000019540079e-05,False
5e5b16b93b9b185e7f7509a204a53502fd94e367e95f36abdb62f11c089ab11a,0.004067600006237626,0.006258399997022934,0.0004881999993813224,6.350000330712646e-05,False
f58de871448496645754670455c2ab4d049053d64e41a2ace35936fc8e01067d,0.003679400004330091,0.006325099995592609,0.0005734000005759299,6.040000153006986e-05,False
93a8292995e6c4ecfb0c439d1d1106ed35883e0e72f61faf1765596216f86ca6,0.003619799994339701,0.006546999997226521,0.0004745999976876192,5.5900003644637764e-05,False
ec3ad7bfa34c9af004b89eceaa7398660055add5e0cf3d8004ae27748368e512,0.004225999997288454,0.006529600002977531,0.0004946000044583343,5.9100006183143705e-05,False
8a733318247aa9a91344f8ce092411926b24d33f61c2915c39bd360650fa20ce,0.0035766000000876375,0.00615049999760231,0.0004954000032739714,5.959999543847516e-05,False
45af4cfe01cf9a0437767540ac3ff6bd8ae32f66ba0ec54728e4ed7dc3a8a35e,0.003595800000766758,0.0067199000041000545,0.0004955999975209124,6.289999873843044e-05,False
54dd7b369866f782c0c5e4b5df65dfefab0b0bf2d8cdd13f58dc59560652ce37,0.0038889999996172264,0.0060684999989462085,0.00047810000251047313,5.740000051446259e-05,False
2d07529173245b4c1c5508c411646d2c334721b4fa585dd3ce106e1d9e6d77f8,0.003743699999176897,0.006147299995063804,0.00048160000005736947,5.8099998568650335e-05,False
5a25268d8a0bfc02534a407e48ec34ee428316c2191b2fee14e595ea902e07b1,0.0038806000011391006,0.0064797999948496,0.0007416000007651746,5.329999839887023e-05,False
e3de0c76a52cd631afbdd94b409c1372cb8d00024a223adab82d6dc63a83f9e8,0.003639000002294779,0.006047899994882755,0.00048319999768864363,5.8400000852998346e-05,False
47decb9cfde55343190982b4eddb25ab75ba6b159b3c45f767a56d119edef458,0.0035688999996636994,0.0065268999969703145,0.0004780000017490238,5.609999789157882e-05,False
39adbf94ddc8f00a0703e7e58af5a4f71dd7c6cb26a1a7350720a721082c7248,0.003364800002600532,0.006186300000990741,0.0004802999974344857,5.62999994144775e-05,False
33ec5b54f4c92e8bcdf599ebf2b88a093106eb307ac24f9a62a78cb647dd8b70,0.00369920000230195,0.00736690000485396,0.0004837000014958903,5.8800003898795694e-05,False
00c355cecf1f54463aad4e28edb1cfbf07e343256d24678decf5052c92e88532,0.0035996000005980022,0.006066599999030586,0.0006257999993977137,5.7199998991563916e-05,False
6e53a563ba93d15ee201240ee347a8eb3a142ff9c97b21dc039639d2e475fad4,0.0038105999992694706,0.00652280000213068,0.0004935999968438409,5.750000127591193e-05,False
30df79a62049c721bcb0fc3058ef0ba79e1aaab841707c2c8f46b8cdc357d939,0.003659399997559376,0.0066144000011263415,0.0004793999978573993,5.4600001021753997e-05,False
3171d3b27371ab1ae79fb9499638483e863a04ddf4207dfcc3edf7d912dea8c5,0.0034933999995701015,0.006133800001407508,0.0006097000004956499,6.009999924572185e-05,False
daa69281d5e36f60b3386addca3b57441583ddad663d2bd8f1c785de81aefae7,0.003983800001151394,0.006807099998695776,0.000490699996589683,5.740000051446259e-05,False
820649062ce8656eb7c405f086a89a423320abfd88e925d428fbabc3f8e59cd7,0.0035685000038938597,0.0064937999995891005,0.0004989999943063594,5.539999983739108e-05,False
818fd02641880103fdd27b7733dd4acec029b37600d68cfc0a416fb6a3a4fb7f,0.003722499997820705,0.006714600000123028,0.0004994000046281144,5.4299998737405986e-05,False
63dc7e7fd79612cda9bfe77af4a216c49f0f1bc0afa48e17a8273d486c16565d,0.0039443999994546175,0.006620100000873208,0.0006017999985488132,6.0999998822808266e-05,False
f7946a91ecf11ef9efd199e3b1c55107c6b3a2db94e131f5c3436d8465b81554,0.003751899996132124,0.006929000002855901,0.0005401000016718172,6.660000508418307e-05,False
18c916adf95dedee01d8c722b38a0674934ee6163e829181ee0db5932471ab5c,0.003944899995985907,0.006829999998444691,0.000501299997267779,5.699999746866524e-05,False
ca72cc212e42c4efeb1c1d6eab9b8675f9b069b5695beae8d1d4f4e38b0edaba,0.0038340999963111244,0.0074137999981758185,0.0004936000041197985,5.6899996707215905e-05,False
e8f012c036f7f644beaaf40d70756fd996a719905e93bbb1229dfe7a34f0f6e5,0.0038194000007933937,0.006701399994199164,0.0004998000003979541,5.660000169882551e-05,False
3d321a70f0850941454c81e8c5a01484f2a4d41e1cb0cd63b2b5fff1fbb97286,0.0037088000026415102,0.0067743999970844015,0.0005126000032760203,5.419999797595665e-05,False
d502a3812de5f186ee3876cd3887ea2c71fa77a884017f689ad26485a1ece9d3,0.003590000000258442,0.006819900001573842,0.0007590999957756139,5.980000423733145e-05,False
2ff5b6d1b3e6e486b80d23ca95950323cff520b61f34596427f6eb4fc4798f5f,0.00382960000570165,0.006407000000763219,0.0004762999960803427,5.660000169882551e-05,False
b71a1d4aaac5e84d5042f45dda564088a9c72e81044059d7ee3b9bfe2eaae5f3,0.003708700001880061,0.006590700002561789,0.0004809000020031817,5.5500000598840415e-05,False
d1019d5d9b30b8cae22927f61f8fe8264c38ffcc448cb4994e594972fbe991d2,0.003635799999756273,0.006795699999202043,0.00049560000479687,5.559999408433214e-05,False
517b9b8f028b185a78604222a93bcc9fe984bac89c0b04bfe92d72fcf7646a94,0.003627400001278147,0.0067445000022416934,0.000494200001412537,7.249999907799065e-05,False
db53e0dd70e12486a1a180ebf6733fccf91d688d42fcb500175b34d50ed37401,0.0035653999948408455,0.007183500005339738,0.0004808000012417324,5.3800002206116915e-05,False
da273e17e741e3495391fe796b23883260384284f6dd6e4fd3e39481aabfaf12,0.0035993999990751036,0.006415600000764243,0.0005287000021780841,6.340000254567713e-05,False
e12771a2d6f5723d1f85fa63afb0eb7be4770b1b7161066c89ffbb8552a6c5b5,0.003536599993822165,0.006865700001071673,0.0004913999946438707,6.22000006842427e-05,False
1c0a162ab531c569a43653fad83e68a9fa9d6af9aa77028c1213e2aea0831d85,0.003649899997981265,0.006614699996134732,0.0005109000048832968,5.750000127591193e-05,False
ea3b6ca7182348851d5826fc548826012a37dd86437d46290e2505a225c243e2,0.003870599997753743,0.00717840000288561,0.0004970000009052455,5.939999391557649e-05,False
47c646a1540322ecd492a95424924fcc9733d0be9fce9523d5fc457eea5b7316,0.003806399996392429,0.006618200000957586,0.0005548999979509972,8.879999950295314e-05,False
2846dd8820d2387f9111c5e504ee64c415608952bb3debb4e3dd63982b3445a8,0.0038658999983454123,0.006407100001524668,0.0004813999985344708,5.709999823011458e-05,False
d071e856e9e4671d31373d1aecc904118165e5a171413b791eeed4e0f8786e5c,0.0037357999972300604,0.006472500004747417,0.0004897999970125966,5.6700002460274845e-05,False
2583f21b83ffba1fa63bd7c5abaef19a54ed84a9de7b27ada9e1e83bf4604f41,0.003562400001101196,0.006924199995410163,0.0004847999953199178,5.329999839887023e-05,False
65d729baf5b49774978c0efa96d09fe7e7b83cd708dd9d513796ac38e06d9277,0.00381070000003092,0.006368700000166427,0.0005077000023447908,0.00010659999679774046,False
aa3bb246ebfa328d5ad07e38d899ba436378c7d666d83d4f4bc2a812d669be5e,0.003507900000840891,0.006364600005326793,0.0004870000047958456,5.4700001783203334e-05,False
d44a9afe20618f4e276c4123e37ce26038d87773381932327a766a806236de42,0.0035872000007657334,0.006585399998584762,0.0004945999971823767,5.619999865302816e-05,False
b95b732d009f0ae2d72291776fc47d6526220b5020fb1a2cefcddaa67f82cd33,0.003476300000329502,0.0063129000045591965,0.0004885999951511621,5.400000372901559e-05,False
b30470d6a5d2dd023aba952fe36ffd2079a20473e478f93d1a62decf5daa08e4,0.003641099996457342,0.00621790000150213,0.00047559999802615494,5.62999994144775e-05,False
0c80363853fa81590f3f8116aa5f55c67fe1cb356cd7543a537c308579436e80,0.0035206999964429997,0.006173800000397023,0.0007410999969579279,5.230000533629209e-05,False
af1de2779e5614d6ec8a369a00fcc349170a0695484a11142250601b3d5a7696,0.0034735000008367933,0.006235300003027078,0.00047840000479482114,5.539999983739108e-05,False
19a3c6b8e4befccd87fdad8d30b2a20bc5828ad83a38bbf858b4fcbf4160e12f,0.0036107999985688366,0.0064909000066109,0.0007105999975465238,5.8400000852998346e-05,False
c1784f371673cd8f8433d69492cfffa2ec63cb60b3d6e142d1f3fc49fc198095,0.0037628999998560175,0.0065564000033191405,0.0005024999991292134,5.239999882178381e-05,False
4cb0dbf214be1cc1c38dc534bb925925657780bc30c3b44d3bb99f6c8690751f,0.0037845999977434985,0.006451599998399615,0.0005013999980292283,5.419999797595665e-05,False
309aae58aee76265f7203f9089bebe270f012577847aa728ab45683dc5dcffb8,0.0037725000001955777,0.006429399996704888,0.0005911999978707172,5.490000330610201e-05,False
f9645829c190c62c75e683e7bcafdde5c1169201526e1b6da440e411caff5254,0.003789800000959076,0.006564200004504528,0.0004963000028510578,7.259999983943999e-05,False
2599739f60dccf03d24767de3d1d52e3fe35023afec8e551d4d7f2514c9d3c26,0.0036653999995905906,0.0067276000045239925,0.00049560000479687,5.6400000175926834e-05,False
d356c213ffb3af13d86d1a847bf69a2a8c31355da9c7c6ff3785cf684144d005,0.003444000001763925,0.006241000002773944,0.0006099999955040403,5.9300000430084765e-05,False
e46dd6af681ebd67f9ec58f27d499a8630580adc1c81f3cd4d3be8dcac213208,0.0034923999992315657,0.00644789999932982,0.0004786000063177198,6.84000042383559e-05,False
8b503989ffef20ec669fe7ea702cea52addfc44597d2eb9e7716fee505ddbe9f,0.0034652999966056086,0.006806799996411428,0.0005155999970156699,7.660000119358301e-05,False
62e1ae8d4ca148298310f0af686eabb3465e02fed02f272c1dc1cfde7dd52b85,0.0036409999956958927,0.006280399997194763,0.0006443000020226464,7.190000178525224e-05,False
4d05feddb5e8c46a7a202070e7143ac7c9cec678aa95dc6f2dda599f547d5efc,0.0039117999986046925,0.0062474000005749986,0.0005059999966761097,5.4700001783203334e-05,False
4657f6cf4c23de0d84b944e9c46916d26a16f6944e8453e416a2a28a68f1864d,0.003554800001438707,0.006829899997683242,0.0004856000014115125,5.729999975301325e-05,False
8f1e09b8108220794b2171545a07c5186c874c72ef653c78b1b759d9e94cf0ab,0.003689400000439491,0.007076799993228633,0.0004884000009042211,5.750000127591193e-05,False
5bf0d6db2aca6b32ddffea7b7502f8faad398b1d7b9d613cf2b679b2e0711517,0.0035939000008511357,0.00645280000026105,0.0004883000001427718,5.4700001783203334e-05,False
59a542d71024af1d4878098c8f4f910bcf7714df0df07e838754428d2585953c,0.003543799997714814,0.006551399994350504,0.0004929999995511025,5.889999738428742e-05,False
9a60a4cf08e98cce3cd0217e4f22efc37dba522492b056c0aa0a44cbe418930b,0.003762000000278931,0.006183700003020931,0.0004886000024271198,5.539999983739108e-05,False
5cd2d3afb6ab378bf171855b1f26a243d660a49d4f22b768e4d017dbde09c569,0.0035256999981356785,0.006707900000037625,0.00048149999929592013,5.2600000344682485e-05,False
0622366fe3d238f9700e458be79a24a797c5e5113a420678b38e7ad23e14fdae,0.003747099995962344,0.006565299998328555,0.00047729999641887844,5.300000339047983e-05,False
10558e8f8538dbe69fe3b25bcd2d5612db4f13a2352485a4655a511859efb949,0.0034134000015910715,0.0068906999949831516,0.000494699997943826,5.539999983739108e-05,False
413886e4c518348a43480a26b581b4b843e5e0d58b26630f9e25263c68f54ea1,0.003489499998977408,0.006245299999136478,0.0004852999991271645,5.5000004067551345e-05,False
477291d6f0fca1a73eb550f007e5a72ffe71594e4c3390716831f3497a8725cb,0.003715099999681115,0.006205100005900022,0.0004944000029354356,5.5000004067551345e-05,False
430f5893156b2087afceb744512951b06a08d7a507c3bff9ca7ac03fdb77b190,0.003561899997293949,0.006443300000682939,0.0004697999975178391,5.400000372901559e-05,False
f83d325cfebb09bf380283fd3abf4ca753b73fb604b185cf5215de1f55cf4e8b,0.003515299998980481,0.006774900000891648,0.0005971999999019317,6.090000533731654e-05,False
63eef446785ef7b1079df6f7bc6d234bd53ad9e3d655a0b93c0c249f2d233c86,0.0036450000043259934,0.00647420000314014,0.0005801000006613322,8.859999798005447e-05,False
d40af59b4b6fb5725d0e90cec88af29f4b01c818fa3868bb315fa035070a6af1,0.003766800000448711,0.006238800000573974,0.0006166000021039508,5.3099996875971556e-05,False
40ad95d314efe27c2a1c0791547a0d2b5029439d2605d3b66798c4354457356e,0.003617800000938587,0.006351399999402929,0.0004713000016636215,5.299999611452222e-05,False
88ef2924189419e6ac805c7be87166876c4760a6139d2b1d88b8a11d328df9b6,0.003845999999612104,0.00649610000255052,0.0004778000002261251,5.4299998737405986e-05,False
6ff31442fadf4e3aa17ca98d06654df8dc04299d6ee304ac9f57251bf7000ea5,0.003538600001775194,0.007236700002977159,0.0005101999995531514,6.189999839989468e-05,False
b456d123da7ddab6d7d8ebbcd436799ac96c79dee84c201123e60c64cfff3068,0.0037248000007821247,0.006515099994430784,0.0005048999955761246,5.690000398317352e-05,False
e06ad4d78272517aa1936ecd338fde0c756c0610b7a79abf1aa45f293a1cfe4e,0.003513399999064859,0.006563299997651484,0.0004990000015823171,5.769999552285299e-05,False
5e367c77a45420d2b01a9416927353bbf60bea60d0d796ea377ca97aac23c7dd,0.003898200004186947,0.006637200000113808,0.0005103000003146008,6.140000186860561e-05,False
f8a0b4a485cdda0c890c565765be4083ac90df331313fa696d20fde418fe3dcb,0.003616800000600051,0.006583599999430589,0.0004963000028510578,5.7199998991563916e-05,False
0009f50f7ba4fbf1ffd14eb3aab8d7d04ab7d7062bc6d7f33905b0052dfa685b,0.0035219000055803917,0.00664870000036899,0.0004912000003969297,5.850000161444768e-05,False
87fceda198b12b8cd378f11de91fb0669b1b3a8f1d8f78f9337f1442e623a258,0.003690899997309316,0.006262299997615628,0.0004717999981949106,5.5199998314492404e-05,False
4e835769b477e317525677d485d007880f4b0f9ce3ad592936166c81f13ee430,0.0036463999931584112,0.006290000004810281,0.0004878000036114827,6.049999501556158e-05,False
f6cd8aa5ead484a2c72e710152ca5decabb7783af921948cc7f1ff6525d4a274,0.003547799999068957,0.0069335999942268245,0.0004907999973511323,5.789999704575166e-05,False
ffe1f0c923b87a1c13a14f6df2d3a448affa0103acb19831a48adcd1d942985c,0.0038215000022319146,0.006587500000023283,0.0004817000008188188,5.390000296756625e-05,False
b18f0dbf75e1b0816cb2103484538b3e4c82e6d67116bc2bd4211fd9e8575ca9,0.0035501000020303763,0.006314199999906123,0.0005161000008229166,5.499999679159373e-05,False
59c4675ca7d6b19b750cb39e61d8d76d32f393fd8f3fee8ac1b6478ac979b3f5,0.0036983000027248636,0.006240499998966698,0.00047849999828031287,5.3999996453057975e-05,False
2ca9954f1bcc26273d5b648a62fcc70259cfb9a3dda7e781641c80e519e8b803,0.0034885999994003214,0.006285200004640501,0.00048209999658865854,5.419999797595665e-05,False
20017b697033d0c12497d0332f54bf283139d38ccb6f828e5e4eee1ca5ba9407,0.003726800001459196,0.006291199999395758,0.0004858999964199029,5.4600001021753997e-05,False
dbdfe904588a1a7e8667f80444bc825bddb28a8fb27d1b61bd83c7bc2d1503fc,0.0035646999967866577,0.006651999996392988,0.0004731999943032861,5.370000144466758e-05,False
9623ef6db148ec6217565547e4326bef10b56f7a21cbdc66bc02e63f873bb415,0.003530200003297068,0.006857000000309199,0.0004704000020865351,5.499999679159373e-05,False
a753837095017837f25cca744707fc8b293104ddbbb37b130c453e44a0a3361c,0.0036218999957782216,0.0061293999970075674,0.000476399996841792,5.5199998314492404e-05,False
04a08475c77a7a19fd9555c5ef4c3e7b7aaa9b708a412ec0a09abd5a619e822c,0.0037773999938508496,0.006131900001491886,0.00048499999684281647,5.490000330610201e-05,False
58a7813924b72dff2b7da21623fd9635638ddd5e00e16c1bba1180f8e185bccb,0.003493199998047203,0.0065418000012869015,0.0005868000007467344,5.339999916031957e-05,False
b0cccc5c9e397b6466364733f88c84c66193514aadfef25601ba0c8efbad20c6,0.0034290000039618462,0.0065877999950316735,0.0005428000004030764,0.00011939999967580661,False
92bd7db1fe3c2c6093042838a94e3ee16319eeacf939614057faed0b5b6e5098,0.0036619000020436943,0.006558300003234763,0.00046859999565640464,5.4700001783203334e-05,False
0323280e226bb06c2fe936badfd1894a7911445193f326a23b0ae234dddd4714,0.003614700006437488,0.006351099997118581,0.0005760999993071891,6.420000136131421e-05,False
6e6fa5bda1cbbb515db95605163f5dccd28bb8f6426d40a2c538befc17437384,0.003696799998579081,0.006623699999181554,0.0004918000049656257,5.7900004321709275e-05,False
286c4ec97ed82449bc618e40f74078d9c701c0b06f3e4db93389b897dec9127f,0.004077099998539779,0.006866600000648759,0.0005177000057301484,5.5999997130129486e-05,False
ad28855051a34bbb331b405914e2fcc3a370e05da4affb2c3bc5f21e4d6f7694,0.0037081000045873225,0.006874599996081088,0.0006674000032944605,5.37999949301593e-05,False
d88877903f6411552e6abdd0ade9bd4627c0ae27e943c39248d311e546d6b634,0.0035617999965325,0.00647200000094017,0.0005055000001448207,5.3999996453057975e-05,False
241ea62ba5a7ae33bbbbbcf7130c4c2d7c2ddc564ec0a8ab2e3b2118c3abafb5,0.0037711000040872023,0.006568799995875452,0.00049080000462709,6.030000076862052e-05,False
d7904fd00d592fb44e333b37c85753945b6b07e13632e2bc9b3027957278af92,0.0034177999987150542,0.006532599996717181,0.0006292000034591183,6.510000093840063e-05,False
56b146f472bdeafd8d74f789cf1d7d4d1b22054da50fa6f534b258495bb323c5,0.0036408000014489517,0.006344800000078976,0.000603599997702986,5.650000093737617e-05,False
f6fd652410ff6bc5b6d5817e93a8bd4173a36ce9e06d7de4e87cbd43a9b43fba,0.003565899998648092,0.006415700001525693,0.0004884000009042211,5.5500000598840415e-05,False
9011d678d20e7fa30a0946ee2405ca864aea8a10d3e9b9771cbc92fc1ab9285d,0.0036888000031467527,0.006364599998050835,0.00047420000191777945,5.699999746866524e-05,False
959729b3cbd326e508b7b33006bb11f8f2aae492ae31debb504825667390d563,0.0038564999995287508,0.006691199996566866,0.0004868000032729469,5.409999721450731e-05,False
6d624d7594083ff688b57c19200bed6d4813333b8f50411b6873cc8d33d0da1e,0.0035714999976335093,0.006605100003071129,0.00047729999641887844,5.400000372901559e-05,False
bdb28df275d02c9e673063d15b4f55413e5561a44b36ff4e093790a9c64986e4,0.0036260999986552633,0.006320799999230076,0.0005001000026823021,5.7999997807201e-05,False
c53ff76acf79faedbc84d9101f4aae860ec8499c93a3f12ae2f9d3078062a9c6,0.0037074000065331347,0.006453399997553788,0.0004991000023437664,5.5999997130129486e-05,False
b61d40e5d8623358bf59181de56610eab2d5995d3420990cf6877f60012be6b8,0.0036617000005207956,0.006589699994947296,0.000502099996083416,5.609999789157882e-05,False
2980e4054abd020da3e839a6392ff61887c0fab79a51d769e9818f3d173cbb60,0.0037478000012924895,0.006913999997777864,0.00048580000293441117,5.709999823011458e-05,False
f692e4cf4c3c4de7f316b2a23327070a28427b12c4b4a20881cd69ad4f1e43e2,0.003645899996627122,0.0066936000002897345,0.0005148999989614822,6.10999995842576e-05,False
d47289a5eee523bd9c2e67bcaa2f2951dcb7492c545231bf33c16ab119999324,0.0038926999986870214,0.00623279999854276,0.0004991000023437664,6.0200000007171184e-05,False
43cc5192da5584ee1421a92f1d40e4004b86317eb9b0acf68bac36ebf2739503,0.0038765999997849576,0.006335600002785213,0.0005269000030239113,5.439999949885532e-05,False
66e15c00c5818aff8ea2f057a5d2fddc8dbc3f4da3fab40a6901ed1b583a8647,0.0037148999981582165,0.006633200006035622,0.0006781999982194975,5.299999611452222e-05,False
cbba7831d1d051752489f42a5756b9d73c76f87083c5dd2ded2e788672e67660,0.003589399995689746,0.006143599995994009,0.0005075000008218922,5.499999679159373e-05,False
d7fd2b4ecb727778535e81fd23f4e9d3586e43325d408f17538ffb0d78581da3,0.003641099996457342,0.0062975000037113205,0.0005275999938021414,6.060000305296853e-05,False
f30ccf6de2ae1fa89867ab0458d9414303d1c79da9df42d8ae2c3e03f055c823,0.003523699997458607,0.006719699995301198,0.0004899999985354953,5.560000136028975e-05,False
569840269436d2261bc850dc72e801a19d985a83c307202936f1a02afa7bc5f3,0.0035190999988117255,0.006220700000994839,0.0004929999995511025,5.869999586138874e-05,False
41f6314bcf9bb9fef13a30163590b0a2edaecdc537525ebd1b1b8fbe9827c17d,0.0038256999978329986,0.006994099996518344,0.00048179999430431053,5.8800003898795694e-05,False
b924d3da7d612a4895e0bb7424a86aa924b8416edcb72aaf153a7bfd35c63f28,0.0037415999977383763,0.006218400005309377,0.0005237000004854053,5.579999560723081e-05,False
0c51a34edc6361020f0b3542c0a6545afde7922e1fd9a741dacab6df9d125258,0.003492199997708667,0.006381999999575783,0.00048239999887300655,5.2100003813393414e-05,False
05c903bf0f919789c17e6eef47292c3c93cac9d9bf4765018d6999866b14ce45,0.0037496000004466623,0.006755800000973977,0.0006950000024517067,5.299999611452222e-05,False
e4ac82a2b2b1749491f724c5e6afb52afe136da0ae279710e3281791a7c55a3a,0.003481899999314919,0.00613090000115335,0.0004999000011594035,5.4299998737405986e-05,False
50d3c0c07c0b8bedef8ac6f17541900ba9a5667d5dbc07c9ddf6e20974b9d47f,0.0038193000000319444,0.006464800004323479,0.0008068000024650246,5.1899995014537126e-05,False
aee3abbfb5a67281de2284f9f8a08fbbacf1f31654d6e0a410204b33fa3e4d12,0.003925299999536946,0.006871999998111278,0.0005201000021770597,6.330000178422779e-05,False
27ac48bae849e3d04820e8dc773f906ca4702ac7bb4b7c1143daaefa049b5832,0.0034709000028669834,0.0062250999981188215,0.00048800000513438135,5.110000347485766e-05,False
dbf33a22af81ac84cb769669261a54bf8b3579fbcf63b44e83b4b755e561d96f,0.0033856000009109266,0.006330899996100925,0.0004960000005667098,5.419999797595665e-05,False
fca894abec159c3bc8875758fc0924adb0ebdb88712ac47ddee63fef699ff2d5,0.0033925999960047193,0.006482900003902614,0.0005488999959197827,0.00018870000349124894,False
b20fa6339c7b96dfa79312b1812614ad42061d0afd6ee1e376cad3c6886b49bd,0.003440799999225419,0.006736700001056306,0.0005046000005677342,0.00019359999714652076,False
f31a9cbefc2c4c5d7d76a8b9171ebed2abe596cb761fd2913058eb8bfd83c4bc,0.0036231999984011054,0.0070320000013452955,0.0005081999988760799,5.679999594576657e-05,False
59cd903846159bfad288454557eadf985c441a0c9bce8ceacfac0bc223798960,0.003657000001112465,0.007352300002821721,0.0005048000020906329,5.5000004067551345e-05,False
333f05aaacc0a70251241f8b5d18ad1ee076108392fced3fa422826ce60433db,0.004070899994985666,0.00651129999459954,0.0006162000063341111,5.469999450724572e-05,False
aede41084a179920a95fa0487efa2ebdf9ceeda34621e9147b2623bc3d5dcc52,0.003595800000766758,0.006559900000866037,0.0005883999983780086,5.650000093737617e-05,False
420566f468feb040c0644323540fc0437d6b3e184842b6c93290c02107da6f62,0.003596299997298047,0.006800000002840534,0.0005048999955761246,5.77000027988106e-05,False
1835c3ec46fb89fc3ebec7b080937aefedd3b84699a987a9201bdb0249c1b506,0.003528000001097098,0.006432700000004843,0.0005586000042967498,5.5900003644637764e-05,False
27be5f7831a64c90ce6985cb2ae530a007721a3a08727577783597d29f4245ba,0.003581500001018867,0.0062682999996468425,0.0006687000059173442,5.4700001783203334e-05,False
57904a7db953d29f47ed0cb4e3013d6ebd664c2d5d85deb4a4034f988f77e984,0.004149000000325032,0.006396500000846572,0.00048639999295119196,5.439999949885532e-05,False
eef5050de82b5a68a050abc1c9d505256d762c3f66c6f5e12e5dcca8788619e7,0.0035819000040646642,0.006961999999475665,0.00046920000022510067,5.270000110613182e-05,False
06a467993f0a89bbee10cc1d7fe2373c4e9b773bee94c46a6413d2c5b9cd1224,0.003545200001099147,0.006470999993325677,0.0004945999971823767,5.4700001783203334e-05,False
015b30f72835627079c07b2e0e0360189604eda185849a36b12fe4d4fef27f0a,0.00499110000237124,0.006676500001049135,0.000508999997691717,5.5199998314492404e-05,False
cc4409bb7da7e4061ba971f763d25b7530d3bc3b070e621d23cc45b770fb2818,0.003594800000428222,0.007003300001088064,0.00048550000065006316,5.319999763742089e-05,False
214fa95ecfdffdb6ccf774e9d8a855139b48072ea641b570b131dd6fae88c5f4,0.004102200000488665,0.0065193000045837834,0.0004894000012427568,5.329999839887023e-05,False
9c6fc4bc6b2156a57a3980da2c9d1d44fca1e25ecf4981f8d3798e5678c3363c,0.0038443000012193806,0.006611999997403473,0.0004910000061499886,5.310000415192917e-05,False
f65538457179d5d7b2404060b0fd630a89258bbad536edad31d504ea9c36e82b,0.003580899996450171,0.006586000003153458,0.000632800001767464,6.19000056758523e-05,False
1cf0eb0ebccf07ed10450eb57c1fa947280fa0b857837efa3fcdad9a23cbf1ad,0.003695500003232155,0.006412099995941389,0.0004923000014969148,9.180000051856041e-05,False
16efa0794e05030d7ef7185ce606cf65027caf9204e759ef84b72538234b73c3,0.003467599999567028,0.006466999999247491,0.0005114000014145859,0.0001444000008632429,False
99124c26bd3c05f1790f0256fc2d6b367904a28f7a30306e5e386e312950acca,0.004066699999384582,0.006358999999065418,0.0005069999970146455,5.4700001783203334e-05,False
de241c8e64abfaf50bdcd747776807fa60eb688d91e35f5a7329a485678a73ad,0.0034978999974555336,0.0065121000006911345,0.0004907999973511323,5.680000322172418e-05,False
228f30ed3b21a5752f27e843e0ef3ae848e4a5ad3baa342db11a591b80bfd05f,0.0037849000000278465,0.006793100001232233,0.0004853999998886138,5.6899996707215905e-05,False
af04ffd7bf36f32ce0108f88585f361ace5ccf443dc93296ef3ab782bd1f8ff6,0.0037097000022185966,0.006327999995846767,0.0004834000064874999,5.60000044060871e-05,False
b792c35c6476a390a17425352db47b90100707f92e9e1abbb1490e998f6038d3,0.003813200004515238,0.0067665000024135225,0.0004813000050489791,5.400000372901559e-05,False
9b23a69a4d7afa35e11ee15f771f66c03e3a87aab2e374c15a0b98bf5f839aa4,0.0036095000032219104,0.006609700001718011,0.00047510000149486586,5.360000068321824e-05,False
ed96eee2387d3e9f7382d660b9cc5854dbfa511407285da143f06cda4c3fe727,0.003750900003069546,0.006462900004407857,0.00046519999887095764,5.160000000614673e-05,False
94d5b4ab4877e6b7a561f8c729aa64a8c401b5ca4206505c7cfd2398f5d398ee,0.0037255999995977618,0.006389499998476822,0.00047470000572502613,6.330000178422779e-05,False
34b1b74a101e39c8d1975724c567ca61938d03578c6161b56cdd521c841facb5,0.004024499998195097,0.006733300004270859,0.0005292999994708225,0.00011490000179037452,False
ff9989049badde6618a15a0e4f39dc4bd3a29ef8cc54136cc77bfa45b8f467b2,0.003574900001694914,0.006190500003867783,0.00047279999853344634,5.4299998737405986e-05,False
c6ed32090860e9424cf9364455a419f8ee504eed5417a750fc646fec21d31451,0.0039949999991222285,0.006345699999656063,0.00048609999794280156,5.450000026030466e-05,False
7f6e8e42a26ad28ee8ffabb9508c5fff0de24371ef2efb0efe60b1615bfca182,0.003612799999245908,0.006464099998993333,0.0004769000006490387,5.830000009154901e-05,False
8256f63a07a7f779d5437a6f1d51177c55151a762ac1c014799d9ff1662798ab,0.003584400001273025,0.006645100002060644,0.0005046000005677342,6.350000330712646e-05,False
92e9df813c9485cb435ceddb94c6aff66df886de232f8dc93f2ac6995624704b,0.0038188000035006553,0.006705400002829265,0.0004966000051354058,5.499999679159373e-05,False
02f7e0413baf44a658a52dbfedf01ab7444674351236b1fa822a7a0ad130ff11,0.0038289000003715046,0.006324699999822769,0.000497599998197984,5.280000186758116e-05,False
cf8f170ef9130ec2b5674b673785fd3c7e8526a8bb03bf3d4d8a000fbe6f063d,0.0036678000033134595,0.006764900004782248,0.000593299999309238,5.60000044060871e-05,False
bc9616292f8c783964b690a09050eef9e8de0e8008ab0ec4e1137668b984deb4,0.0036476000022958033,0.0072803000002750196,0.0005665999997290783,5.94000011915341e-05,False
5ddbec080186c7d7cf25f34d35063b33d96393876f1f827d4dfec609aafdffb2,0.00361249999696156,0.0064568999951006845,0.0005734000005759299,5.339999916031957e-05,False
af37588991027184b1b0478b46481acabc39dcc5728130778899ad147c2ebe1e,0.0037614999964716844,0.006376999997883104,0.000567900002351962,5.4600001021753997e-05,False
f58085c726bd1f1d26e661b759b5c9a2cbc2d893c799dea7e70e013a06761adc,0.0034988999977940693,0.006499999995867256,0.0004698999982792884,5.149999924469739e-05,False
ef2077773bc5fb47e73f7be244c596cf9201674c994140d6a9ca3e2244093c05,0.003584099998988677,0.006593400001293048,0.0004996999996365048,5.450000026030466e-05,False
bf2b02447b531745646585527b469aaf76cd8d8c48b548c23502f3a7ed1719b1,0.003823899998678826,0.00710389999585459,0.0006433000016841106,5.390000296756625e-05,False
b4d4a8afac1502fc13d28dde92477f424091dbf40a4511b1ac62c8d0b06000c1,0.0036202000046614558,0.00676240000029793,0.00048019999667303637,5.7199998991563916e-05,False
4343eecc331e45df262aeff88f685c34187a9aac37e965bf01d6d8770aa83c86,0.0035234000024502166,0.006586600000446197,0.0005602999954135157,5.4700001783203334e-05,False
b19ff94ce5ac07940991b51e01db894583c523553b1d521665cf09c87dd40316,0.0034060000034514815,0.006553400002303533,0.0004904000015812926,5.2299998060334474e-05,False
177883932de0a53aae4141f566b0cd9f05c856b5af79998f8c7cb6b696aa78f1,0.003714999998919666,0.006852000005892478,0.00048720000631874427,5.299999611452222e-05,False
6914abd170d9f224a2d970658ba8d0b3b0076aaffcc719fc169782c0ca63bb36,0.003428600000916049,0.006674500000372063,0.0006375000011757948,0.00020199999562464654,False
5fdd097860d21ad779b0bd9671e8a4710fc0bcc647194ad1b95cf9a6290fcf9a,0.0037250000023050234,0.00625420000142185,0.0005197999998927116,5.339999916031957e-05,False
61c3d983ec758b450a27f33ec6661c06ea025977ca86ec14a9f6eae1932be51c,0.004089399997610599,0.0063518000024487264,0.0004611000040313229,5.37999949301593e-05,False
1e3593a416f832d725bc3445ef2cb9fc7852ec8e63a54af362ef4886dbfdc085,0.003346500001498498,0.006684500003757421,0.00047530000301776454,5.850000161444768e-05,False
0692f5c44b46aa6b9787345ed83f495e2d0fc857a8c35d9cc407ce568340dd80,0.0034214000042993575,0.0065887000018847175,0.0004870999982813373,5.370000144466758e-05,False
df1c24a09eb635e4ab46edce9ae253e7a3d677836900a273ce7f0ab4ac5fa4c8,0.0037276000002748333,0.006462700002884958,0.00046100000326987356,5.6599994422867894e-05,False
d57a84225aad0bc1c1a5a7fc4193e49c77ac3da8bc1278e2948245143a2b8f48,0.003466000001935754,0.006550500002049375,0.0005097999965073541,8.119999984046444e-05,False
565b74131e1cd28b7865f8056809c73f500661019defccd5a94242fb0d3268d0,0.0037148999981582165,0.006768399995053187,0.0005535000018426217,5.490000330610201e-05,False
031bf24859fa7f38bf3a4ffddec4fb12437d3a17de3ea4b46004c6a776f519f4,0.0035873000015271828,0.006657400001131464,0.0005278000026009977,5.62999994144775e-05,False
6eb65de2cd053bd8e7da4e1755d4f03199a8d1024e06dfed4e642f2c6704d3dd,0.003774599994358141,0.006259900001168717,0.0005346000034478493,6.030000076862052e-05,False
de43f2ed5d808c33d23363935b2246b733d33c860d3c38e718e800916c1aebad,0.0034673000045586377,0.00635869999678107,0.0005043999990448356,5.780000356025994e-05,False
af5877bfec91408fb51030901360967b9fbd01351d64ddc3666ef595a7928b5f,0.003786700006457977,0.006216900001163594,0.0004793999978573993,5.5500000598840415e-05,False
a30d60d8f0bbd76e99d0923f339747424972a3afa59c56bf5aa73c0d7a7558c5,0.003627900005085394,0.006408599998394493,0.00047229999472619966,5.400000372901559e-05,False
8e19ebe5b3f020564f2e48e89bcc9dcaaa9838087296626d0d527e6cb5e4ebde,0.0037214000039966777,0.0064354999994975515,0.0004955999975209124,5.7199998991563916e-05,False
971de3c308bdc64eb39bb575b9ce42bb8d8c63772af698e6d8583c34631dea03,0.0035986000002594665,0.006465099999331869,0.0005108000041218475,5.5500000598840415e-05,False
cb59ea668e6a8fd3b471ba4e9b695bf5dd265467282e62d51fe220066552ad97,0.0038179999974090606,0.006696600001305342,0.0004841999980271794,5.650000093737617e-05,False
3981d9eb807fd640313b08e03eccec4df2a77483891829383c554da72ecf5da1,0.003673699997307267,0.006444899998314213,0.0006092999974498525,5.830000009154901e-05,False
88a9f238a25236bbd1799155ff3bef4c053a3b3fd42a7f17a96ae1e9f8603dec,0.003607200000260491,0.006175399998028297,0.0004988000000594184,5.839999357704073e-05,False
be8a65b72077b21faeadf62943f9cf767510069f44ab7003edd0978df4293eaf,0.0036781000017072074,0.0063669000010122545,0.0004727000050479546,5.360000068321824e-05,False
41b85fe0ca88dc2fc77a40a2c09e6acf16706f8a2535af082d93000a7f0f0203,0.0035497999997460283,0.006840300004114397,0.0005839000004925765,9.219999628840014e-05,False
eeca89d1c3c0e801d33b602e1fb8a972b02f82179e2089d4fc9e469feec834ce,0.003581199998734519,0.006546599994180724,0.00047060000360943377,5.480000254465267e-05,False
ee777c3652ef6542898fd4dd8e1f44450a2baa232bf91f0bbd54bf373c9f1f93,0.0035274000038043596,0.006314300000667572,0.00047679999988758937,6.479999865405262e-05,False
f741abf600905c52a1a1929f6af0da5772ee0020ffb41f465c1d740bb7ca446f,0.0039590000014868565,0.006401899998309091,0.000574999998207204,5.3999996453057975e-05,False
b90eff0809cc2fe72fd2a10f6bfb42b221e87fd79bab3f1a154cf5c633ded480,0.0035634000014397316,0.006560699999681674,0.00048460000107297674,5.360000068321824e-05,False
680dd5defa7339ad1faca8747fe98c398a77c7b47d51db01b6690567d31797ed,0.0036869999967166223,0.0064971999963745475,0.0005225999993854202,5.370000144466758e-05,False
c5ab9b4f3dc5ac8dd148eeb0d598594e026f1cc55d7583c7c36c063c0203ea3c,0.0037019000010332093,0.006527699995785952,0.0004984999977750704,7.280000136233866e-05,False
3cdda446cae318becd511d73213b4bcdc517ac7a7ca9aa961c997fd8cc59bf30,0.003496800003631506,0.006494099994597491,0.0004859000036958605,5.5500000598840415e-05,False
0fdb5b2e7730e41fd5a81513453ae5d083da02c999090ef0dc8cf244cfd1bfad,0.0037530999979935586,0.0065694999939296395,0.00048599999718135223,5.619999865302816e-05,False
7155f6f0ebc8648ad78cc482ffed364d8a075fe9f452cf00f5d1e03170a338a6,0.003500500002701301,0.005980100002489053,0.0004966999986208975,5.4600001021753997e-05,False
29421bc386755e6e0efd78ec143ade77bcc567004220ae20c24cc68f25f19457,0.003617300004407298,0.006800100003601983,0.0004897999970125966,5.5800002883188426e-05,False
884867b484366795ba5e30831043f5bfbbd7ec3c90f65fac0877e21f427e86d5,0.0036545000039041042,0.0067127000002074055,0.00047220000124070793,5.7199998991563916e-05,False
f6aa935ba10115dd977d7d1ea4d5e770ac7bb26b61bf590400c6985179319c54,0.0036290999996708706,0.006288800002948847,0.0004908999981125817,8.689999958733097e-05,False
2d7eaf244c89de8e41939740d904af07994974cf1cc30713e9b3b7acada59651,0.0034962999998242594,0.00768660000176169,0.00048800000513438135,6.0699996538460255e-05,False
21041e876be34dca78caa7018b4d93f478b7edf7a6e96011db5ee2e4dc329b4d,0.003752700002223719,0.0072435000038240105,0.0004728999992948957,5.219999729888514e-05,False
4556e1e79542bd50ee9d321a2f99007c99da38d248cca000272170a4b26d6197,0.003751799995370675,0.006463799996708985,0.00048120000428752974,5.3599993407260627e-05,False
0e25cdf725420f9dd7cda9e4009c0cdf727a495e7c2748c432637e5646b6325b,0.00380619999486953,0.006419400000595488,0.00047229999472619966,5.2900002629030496e-05,False
7e23477783b811cd130a2e11ca84ff82c49a202dccbb6c5f0ea487f7d84355eb,0.003550800000084564,0.006277100001170766,0.00047060000360943377,5.589999636868015e-05,False
3d65f6837df41318caddaca5021ef9e183f70061c8ff5579e6a0765fb16d5f6e,0.003548599997884594,0.006249800004297867,0.0004920999999740161,5.480000254465267e-05,False
714813e8555c351c651aa63641395d3172c9ae2ac07301c9542ed70c836de377,0.003799099999014288,0.0072340000042459,0.0004926999972667545,5.919999966863543e-05,False
ffeee8c90f53dd7ffd5dcd1f2cbe67a31dd9307c63abc04d8f66773463a5fb1b,0.004065500004799105,0.006696500000543892,0.0004837000014958903,5.360000068321824e-05,False
41d3aa694be8e0ffdb92c03443f089115daece590f70d8be084240b9ffebe2a7,0.003549699998984579,0.006738500000210479,0.0005426000061561354,5.60000044060871e-05,False
136cbebdf67046442f82c6d7c01deaf5251182b7a7b2f3081d2c0ae520471226,0.003820999998424668,0.006319100000837352,0.00047340000310214236,5.4299998737405986e-05,False
bd1b3a9bd0488990e1cd0db4b1cc07d70c070b319e21c751f7fc16b3ada376eb,0.0038629999980912544,0.00649870000052033,0.00048750000132713467,5.319999763742089e-05,False
f68911dd7f06aa434cad004eabdc5770393f542ff041dd38aeddfa807648e30a,0.003460699997958727,0.00646240000060061,0.0006045999980415218,5.3800002206116915e-05,False
a4d1f474e372173eb855ef7b41e68324b36b28d8b4c61024cb0eef07850fb099,0.003840099998342339,0.006126899999799207,0.0004673000003094785,5.270000110613182e-05,False
26dfb3ac348f515525a9d38b2071293b820cf684fcbafc3d741b38e715894ab8,0.003768400005355943,0.00633870000456227,0.00047220000124070793,5.509999755304307e-05,False
f7a02631e33de5ba64b05af229a766f58a6d7949a7191129c14138027229c23d,0.003570100001525134,0.006380799997714348,0.0004825000069104135,5.6200005928985775e-05,False
8ff4a91b4e07e5667bd9f520fff41d16b4af3835769b1e59f42cb4797354868a,0.0038071000017225742,0.00642639999568928,0.0004910999996354803,6.040000153006986e-05,False
676008f004e5273363caba0448e3fbf44845e59dfdb9d10ad2d8af6713568ba1,0.0037688999946112745,0.006575599996722303,0.00048490000335732475,5.4700001783203334e-05,False
e86a7f40c8da3ee62f2f124faa6ac64b1f14d5d3e9dce19bc6e04805883c9cdd,0.0035788999957730994,0.006681400001980364,0.000509600002260413,5.510000482900068e-05,False
0b4319d69bd7044475232b29959f4eb1010a1bd489ccbc0b8d31800251d8d327,0.003678399996715598,0.006610299999010749,0.000473300002340693,5.2299998060334474e-05,False
19c16fe4b06a70b283d793aaeb307ae4552c5811b4593195449c4dce2b1cbc48,0.0037009000006946735,0.006716800002322998,0.0004867000025114976,5.539999983739108e-05,False
877d5609a006123ee739062ae4ca09fdc283b39d54a14a3334102963e09a0382,0.003754699995624833,0.007137499997043051,0.0005817000055685639,5.4700001783203334e-05,False
043948d72ce4bb33083bd5dd5efb2a40b962011e068296896ba71d8b64e422dd,0.003976599997258745,0.0065596000058576465,0.0006483999968622811,5.18000015290454e-05,False
44eb91361f7c5c6251891cc94968c0cdd15096bd8664621b5d50ea438bdc4400,0.0036994999973103404,0.006396500000846572,0.0005033000052208081,0.00011390000145183876,False
b3c0fd1fb4847606453743502d4b53c570c983cb95dc206ae046a64ecf94c72b,0.0013401000032899901,0.0017070000030798838,0.00016110000433400273,0.00021419999393401667,False
356917bc60a1bc94f323e9f15517f5d07ed2ce05304720bac251376e812eec8b,0.001090099998691585,0.0018396000014035963,0.00016119999781949446,0.00021040000137872994,False
a99653e49eb8e6e4f3fb6b0bfe719bb53ca8ef9cb1cd108fa2753733ad607859,0.0012062000023433939,0.0017411000007996336,0.00019500000053085387,0.00027179999597137794,False
6ec05911a04e369d0bd2f67966814d29ec9aa4dbb029a62ad117cb3c71f72fb2,0.0012828999970224686,0.0017139999981736764,0.0003008999992744066,0.0004360000020824373,False
c190f1dcbc38c8f34d0ffa73ad74e78a0fffc346adeb9a030eb8ee2472b11a95,0.0013648000021930784,0.0017513999991933815,0.00016679999680491164,0.00021939999714959413,False
5358022ad88126e7bdbc30ed911605e8ffefc7ba2c0573b7e4b4ac0ea1a64c8c,0.001222599996253848,0.0017674000046099536,0.0001582000040798448,0.0002125000028172508,False
842d2c6fb7b2f5d80b3bb9ff5165141f424b2c705088b857d35c44bd62ebf62f,0.0010926000031759031,0.0017607000045245513,0.00016070000128820539,0.00021569999807979912,False
2f8cf42ba0f88b214a1a5c7b8c11ac32613dad33b0d4a8fc26bc130167173491,0.0011235999991185963,0.002020399995672051,0.00015929999790387228,0.0002049999966402538,False
06422b9b1d504dfc92401cfb9fc79760d21cadffd39e1fc4483ec0d56d691d3e,0.0013223999994806945,0.0017914000054588541,0.00015609999536536634,0.00020809999841731042,False
fbfc4a6455ce620e7c647b314bcf804f2771d10e61a6eaa544f5c94ef78d0708,0.0012023000017507002,0.00195240000175545,0.00016489999688928947,0.00020909999875584617,False
6b7158c77d66d8eb6f1345f0cf40242a7149a2176f12d669c48eebd48e312c28,0.0011521999986143783,0.001694799997494556,0.0001680999994277954,0.00022170000011101365,False
33294369b00a71f4f19b3c7a15dd9fcb6775b652c6b96dfaa25e997c4e334492,0.0011191000012331642,0.0018768999943858944,0.00016820000018924475,0.00021640000340994447,False
5121825d866cd3bf6a53e76f12d4a237a562423d68f9f1d77b2b23b0ff7e7e17,0.0012454999960027635,0.0018209000045317225,0.00017289999959757552,0.0002151000007870607,False
e817be44a9f88b6fe0f9b63f7a7429199a4ae9367da0f68d58a00ffbcf1d19b0,0.0011372000008122995,0.0017418999996152706,0.00016199999663513154,0.00022200000239536166,False
0af712b9e8bf09c65dd491c8ec7c8357e7a82e2577881951c2e8919672810ae6,0.0011920000033569522,0.0016955000028247014,0.00019270000484539196,0.00021329999435693026,False
e842589cf781affaadb8cc6b2aba77f4774e78a0b78ee7749e892532b7e699cc,0.0011637000061455183,0.0019056000019190833,0.00018489999638404697,0.00021279999782564119,False
3ff6ae4794e04e5e7c077560a68e4ccd26c7d1b0cee376852cbb206286d04cc8,0.0012308000004850328,0.0017111999986809678,0.00017579999985173345,0.00022370000078808516,False
00f8b2be510a370f28f1641ab15f15ebc2e40a92fd61dee582bd6f97cc367b15,0.0012468999993870966,0.0019178000002284534,0.0001647000026423484,0.00020990000484744087,False
1b8aa87b28cf46f766c557d3b953f9ba7520ad31a2861ada3f1ed98383b3a17b,0.0011076000009779818,0.0017678000003797933,0.00016940000205067918,0.00021569999807979912,False
277ba8d26c366bba504dd8e2161e8687c7ccaa58967152dbcd8f747853176f75,0.0011797999977716245,0.001820899997255765,0.000170599996636156,0.00021770000603282824,False
1bae9b9b3ed730e2b542552e4563b7fa662c511ed709f0b20ee04b618583d70c,0.0011213999969186261,0.0018436000027577393,0.00016570000298088416,0.00021719999494962394,False
27bac69c7fcea86e38d69b4cb5cdc99f626f5fff8d56eb010482266a567fcfd8,0.0011528000031830743,0.001723200002743397,0.00016830000095069408,0.00021019999985583127,False
1ea03d7ff15c1a0d15c179367113a325857ecb324e6fa0f531b80ed5a998c68c,0.0013300999999046326,0.001712299999780953,0.00028220000240253285,0.00020799999765586108,False
8ad8ba6b7ea7ea40fe522e62fd393869ed5202a5cf12e4873db0dc41e7dea367,0.0012223999947309494,0.001786600005289074,0.00016250000044237822,0.000214299994695466,False
56eac63d9e640e0b105c11a340ee3710f69f406030d7fe7aa0b37041e0ddc00b,0.0011585999964154325,0.001760600003763102,0.00016820000018924475,0.0002133999951183796,False
d97497fbb5cc0446412d1c57ed6a492c494c4dad7054b8d876b4adc4f5dac7be,0.0012186000021756627,0.0018151999975088984,0.0002657000004546717,0.00021689999994123355,False
dd7b609f70c2a0cef14f8f635a434abafe553ec7476aae705de1a010ff6cd281,0.0010716999968281016,0.0017179999995278195,0.0001677999971434474,0.000221800000872463,False
63119f2c9e7ddf0e5ddb090e92a9573d5187180a0193db4c66b277e508bc20c3,0.001366500000585802,0.0017486999931861646,0.000170599996636156,0.0002241000038338825,False
8837cb3d799732aa83f4d940655b1ab27f01e3795f4b5b1e943fc948147fcebc,0.0013509999989764765,0.00193089999811491,0.0001616000008652918,0.00020879999647149816,False
1c04e7148ee345699c0611ddd07b710992283801ae70a5bc5b4bed3407e88ce5,0.0012231000000610948,0.0019020000036107376,0.00017120000120485201,0.00021800000104121864,False
e0b00a0a6cf73dbfae50eac40f9657a57caa824b0774ca07b020243ae9769487,0.0012814000001526438,0.0017080000034184195,0.0001764999979059212,0.0003169000046909787,False
dc916541b769f0f35c088ba8de3ce8ce80fdd7abaea817068ebb8bfb6d3c5a55,0.001073699997505173,0.0017463999975007027,0.00016909999976633117,0.00021289999858709052,False
36211ff5fb66be54adcf6ad2610005363782eb7085188182b27d99a5ea0c376a,0.0010971000010613352,0.001859700001659803,0.00017330000264337286,0.00021380000544013456,False
2e6b4cab6434afae2549dd88201ffb4e87bd66974575cb58005cf090f0101c6f,0.0011704999997164123,0.001850599997851532,0.00016349999350495636,0.00021070000366307795,False
dc082d7bbea1d42dcf8a282a51f4cb3de54c40913d8bfd811c5f8849032cb184,0.001142100001743529,0.0019662999984575436,0.00017159999697469175,0.0002134000023943372,False
94db03bf901a012bec294c5ce2fb4d27bce4597045977800edeb5a6f98aa2dd4,0.001130899996496737,0.0019784999967669137,0.00016540000069653615,0.00021330000163288787,False
29ccf474b180ab4c8752ba7d96266ad7584cb1b739b42eb18f7901e28443c1da,0.0010781000019051135,0.0018018999980995432,0.00016480000340379775,0.0002175999979954213,False
d5af9a49af087153988d5b5886b00a0fd16260f404d645aee5e708e6dc9af4a0,0.0012237000046297908,0.001753399999870453,0.00018149999959859997,0.0002134000023943372,False
75f3745259cb503ff007fc0ae5692255fb7ef420410b8f5fa4a96db4b27e0a6c,0.0011947000020882115,0.0017365000021527521,0.00023599999985890463,0.0002271999983349815,False
065e9650ef2e84040ac38126c414b7d3c0c304e482dbe50d4d8fed4f9b1bb6ef,0.0012300999951548874,0.0018166000008932315,0.00017459999799029902,0.0002238000015495345,False
e0041085c46b8b87a483b588fb42972bcb5b5e6e78cef7e52b910ac1230d1c62,0.0011146000033477321,0.0019409999949857593,0.0001584999990882352,0.00022020000324118882,False
89fe599bbf832be3e240a03d6bc4cf131ddb012bf06d5486740f6034ad4502e4,0.0010682000065571629,0.001916900000651367,0.00022819999867351726,0.0003012000015587546,False
e6b33840c11087779410c66fc2ee2adc9ff86a206472610d3ba89eb9c815df1b,0.0011335000017425045,0.0018654000014066696,0.00017329999536741525,0.00020629999926313758,False
a07aa0034ca11e1066819798323b6b2f3d63401c7ba707cff2394d5c0c744a37,0.0012919999935547821,0.0018890999999712221,0.00015700000221841037,0.00021040000137872994,False
9daa858ae53e978c2c868c9892d52dc5c276356aa31ceb080a939d3285a0af1d,0.00120009999955073,0.0018291000014869496,0.00016820000018924475,0.0003243999963160604,False
85752b4ba15dc478eca0fd1e31c5a2d056a953661372dda3c2608136b4e181d5,0.001139500003773719,0.001832599999033846,0.00016480000340379775,0.00021579999884124845,False
b0f42edc8f265bde42ea754a3c114381fd9ea6e43cc3afaecdf11f0c5d4a3bf5,0.001164900000730995,0.001942599999892991,0.0001692000005277805,0.0002119999990100041,False
e0911d649417c83fff5790f6a0cf1a9cca06f7f7cfbc7f5e45413e86095aa3a4,0.001083499999367632,0.0020054999986314215,0.00016760000289650634,0.00023839999630581588,False
5caef2f4e28756efe924a4d1df9828e24138dca039798eddefe4d0bac2e1c751,0.0017857999991974793,0.0017452999964007176,0.00015939999866532162,0.0002119999990100041,False
c69ec7d66344f017825286f87e387ff7ffa123208d1fc7d003fbbda8eb58878a,0.0014249000014388002,0.0016946999967331067,0.0001720000000204891,0.00022529999841935933,False
d84e79bdc7dde4e37514f9ce7d4f58b0ad194e61742d610ca7d1183602a77e95,0.0012059000000590459,0.0018774999989545904,0.00016679999680491164,0.00021800000104121864,False
61bce2a06f0a6b05eac9c0353dc95320a28f627f86a426acbb1f4bc0c40a571f,0.00110119999590097,0.001838899996073451,0.0001646999953663908,0.0002195999986724928,False
31f24f059ac2789e014a1be58bfe1510bfca05cf1edc9fc947c8d75e7af5f317,0.0012964999987161718,0.0017235999985132366,0.00016709999908925965,0.00020899999799439684,False
3c206bd792b304bf8b34c3327fdb4ead18c95358cb3ffd110335832f50fb28a9,0.0012504000042099506,0.0016828000007080846,0.0001647000026423484,0.0002286000017193146,False
8f2e0701c4ab2ca9aa664d3fc15ede1809ddd01454fb5ada73a5c3b72402cdb6,0.0015286999987438321,0.0017851000011432916,0.00017590000061318278,0.00021249999554129317,False
aa104c972dd88836e737528e61ef237397b4a33b54c8fbd72cb4203320ef7903,0.0011618999997153878,0.0017866999987745658,0.00016740000137360767,0.00021669999841833487,False
71aab4714ab8da0ba538ea6e5c1ebb3c87eaf7fc69410c7ad416c6bc88d5d98d,0.0011872999966726638,0.0017857000057119876,0.00016399999731220305,0.00021150000247871503,False
27c4b2618f575148a6ef65e1cba2506c0d30dcea025629678e4aca3b6d2f4195,0.0014245999991544522,0.0016537000046810135,0.00016250000044237822,0.00022029999672668055,False
6594af79e7eab951dae15a52850968f0251eebbea66924e5a7780dba1a9ad2e8,0.0011193999962415546,0.00225279999722261,0.00016220000543398783,0.00020760000188602135,False
e9260e300b78dcfb637b6107a2c41e64970c8fa2541c4314981104e2c555657c,0.001149999996414408,0.0019504000010783784,0.00017110000044340268,0.00021720000222558156,False
ab7b11859172fb6a03b16dcb20a8869a4a2906139de4cfc496a78c1d5522c085,0.0011725000003934838,0.0017443000033381395,0.00017419999494450167,0.00021330000163288787,False
ea05666ca3c4306aac73dfefa0fa2335c248a4c2df1359ab461243edc18ee8d9,0.0011015999989467673,0.002181900003051851,0.00016230000619543716,0.00020870000298600644,False
e58a417c89dca564c4806bb91269e3ca6e64608d1a847486522b153a3c3643be,0.0012244000026839785,0.001808799999707844,0.00016869999672053382,0.00021750000450992957,False
384f42137098ecf4ea7bb2f00116e27acdf52a5390e4bd105319e4c1f237f74d,0.0011241999964113347,0.0016761000006226823,0.00016590000450378284,0.0002153999957954511,False
013d66dd9c2d701892dbe12780a07e3256e81cf8da4391b3771a54b3d9e484df,0.0010906999959843233,0.001969099997950252,0.00017300000035902485,0.0002142000012099743,False
9fadbe84711c06b6efb8e61efd548050b95c3b2e7878e4b7fb37a0fdc278543b,0.0011993999942205846,0.0018811999980243854,0.00017550000484334305,0.00022499999613501132,False
d81244ff98d8a80637e644761edb08ad4d1da03edc552aa75a5d22518dbccef0,0.0011655999987851828,0.0017273000048589893,0.00017579999985173345,0.00021050000214017928,False
e003526c6e2eb1d3066024eec7f71a9370a83d348ec6e5d6a49aa0eab3b3711d,0.001323900003626477,0.001795800002582837,0.00016599999798927456,0.0002190000013797544,False
3dcacb89d46fea755309082effce83db5164e2ec123cc7efeb7f032c219f2c75,0.0012163999999756925,0.0017084999999497086,0.00016309999773511663,0.00020950000180164352,False
0b2ff41ea629b59f661e48745aaebaf89e8516748253e2ce4f68e4310179fa5e,0.0011288000023341738,0.0018030999999609776,0.00016770000365795568,0.00020939999376423657,False
bd328d604b5f16abb8d0e3479c8af31ee71a863abdb9a587aed2dd6a84f8ac1a,0.0011386999976821244,0.0018536999996285886,0.0001703000016277656,0.00022000000171829015,False
c8575b84a966a033bdd9b29f177fe739115173a91b53b724582647ce94ac928a,0.0011396999980206601,0.0018453000011504628,0.00025180000375257805,0.0002479999966453761,False
33d7512f39ba92e6377d545cc542b8a19783ac64f1f2b9215c9a2d8355c27d44,0.0011051000037696213,0.001941199996508658,0.0001677999971434474,0.00021630000264849514,False
bf255663966d99c3f0b9f57ef09425c4267ae19fb92acb281b7f909042b0f384,0.0011346000028424896,0.0017001999949570745,0.0001714000027277507,0.0003253999966545962,False
b3d73c73817ade123cec61ec3380860a9be69d21bf73d74fca8dd84389a45478,0.0013751000005868264,0.0017894999982672743,0.00016940000205067918,0.00021459999697981402,False
5ad25217821b1aa12bf7b845e84703ac472d41fe7471f16024020fe3decd1950,0.0012459000063245185,0.0018005000019911677,0.0001688999982434325,0.0002212999970652163,False
c4d23117bb421dbb375a855a566dfc089cd15df3b373353c178a0ce9a9d93521,0.001174200006062165,0.0017731999978423119,0.00020020000374643132,0.00026780000189319253,False
860ad2c007b2c43f0d70d82b1456b9eecca54879d8490d8b5affb6fbc9ec36b8,0.0015277999991667457,0.0018433000004733913,0.00016060000052675605,0.00021010000637033954,False
d6b3acb444ab17fa720934f79cceeeb1084a7832776b30b04db372354f39d1ef,0.0011775999955716543,0.0017776000022422522,0.00016450000111944973,0.0002603999964776449,False
a5e52e307534bc760e5a5c7477800f6926c0bf9066ab752c1ec4089ad3d86ac1,0.0011375000030966476,0.0019071999995503575,0.00019189999875379726,0.00026730000536190346,False
55990ee6f7821277d5e0fa1794d1e6210eeeca4fde410ed2232d7a6521e6371d,0.0011229000010644086,0.0018515999981900677,0.00016630000027362257,0.00022529999841935933,False
46533caea83a5373fc4a23ccf860663d30e9d3ff66132041c7dd7ba437a52cc1,0.0011794000020017847,0.0018903000018326566,0.0001923000017995946,0.00030029999470571056,False
3e59afbf6f98653eb0d23749fe9f20a0428c68d59c826e3107636df10869c4ec,0.0013952000008430332,0.0019240000037825666,0.0001688999982434325,0.00022840000019641593,False
36b7153b4a972f1361bbe7c7746c21e5ccd724c2f0881d5c536a3ec0972ced0f,0.0013428000020212494,0.0018478999991202727,0.00017169999773614109,0.00021550000383285806,False
034f17d106795e8c257738c9cc8bceb7b32ccb12f2ffd531519de690b800704d,0.0010968999995384365,0.0020365000018500723,0.00021090000518597662,0.0002815999978338368,False
34ae4cfd17cffa28c2eb813234a6680f35682376ee688fbf1c2a3688cf017f61,0.0013478999971994199,0.0019073000003118068,0.00017120000120485201,0.00022679999528918415,False
818454d35ce06df654adf5ce565a43c6e9592de7887c1d9b294d7b554e963e6e,0.0010509999992791563,0.002127300002030097,0.00017449999722884968,0.0002286000017193146,False
2ecf844e7f0b82564874e83a74e62161be2ae3be684cd7437b64273f81fd7ec7,0.0011470000026747584,0.0021677000040654093,0.00016739999409765005,0.0002190000013797544,False
26c056b72e733dcc09b10452e3700716eef57e9dd937ece5368d43836523a983,0.0012178000033600256,0.0018426000024192035,0.00016509999841218814,0.00021610000112559646,False
bf8c47bb81aa549e50e93c0fee0d08dd1dea619e1d4e96cf18a35a237cd94343,0.0012779000026057474,0.0018268000058014877,0.00018090000230586156,0.00021109999943291768,False
e96216757b724ed0a1e98446b0fecf560fc3a88f858931bb8cc2ce3fc4525ba6,0.0012467000051401556,0.001965700001164805,0.00024899999698391184,0.00021410000044852495,False
87d0f33e504a307d3cc875bb2542256412e64adf918d1ab4ca3a6355da492e43,0.0012241000003996305,0.001876900001661852,0.00016759999562054873,0.00033799999800976366,False
d07cac1f226eb276a21ea928abefdec881a0a9e4f19ac7f6195df518f78da2cb,0.0012672000011662021,0.0022301999997580424,0.0001782000035746023,0.0002182000025641173,False
8a22156ea8960e1379fca0b9e6a8f76b1da7ea80e97aac085fcfc3330f103657,0.0012867000041296706,0.0018746999994618818,0.0001664000010350719,0.00022179999359650537,False
6637d477b0209f469064d2f33303b407556a2015696e7d48b083cec3c52e3898,0.0012349000026006252,0.0018925000040326267,0.00018090000230586156,0.0003498999940347858,False
90b081e9af14b120261897e1161cd067d9864c11888fc8ed26f181df0e9b76da,0.0012486999985412695,0.0022356000044965185,0.00016849999519763514,0.00022850000095786527,False
5dc10ad7acc991c8ada34babea4650b562221f96ac9d149058149ca32ffbd44e,0.0011994000014965422,0.0022099000052548945,0.00016930000128922984,0.0002334000018890947,False
1d7ec3ef656bf72e4d6ed4ec6c41e526a32bea1ce99d5e5ccfde58ce67f38aa4,0.0014168999987305142,0.002103699996951036,0.00017269999807467684,0.00023089999740477651,False
c0791b6fc54ee5c2f504a5980cdc0ff1930e18586d8e6d2133b01d23d938f178,0.0011922999983653426,0.0018869000050472096,0.00017339999612886459,0.0003304999991087243,False
868216785e7fde36c6799cf40fff313589100a274c57f7bfc9aeefdb50bdd106,0.0012501000019256026,0.0020281999968574382,0.00017389999993611127,0.00022729999909643084,False
c33869e4a4bd808e0812b3fa864409f327f1d5a55c502c47682283497dfe980f,0.0013914000010117888,0.0020596000031218864,0.0001694999955361709,0.00021890000061830506,False
09c74f8fe153a6b8f14073381406638172db9b9de5119893dd4d6317aed0aca4,0.0012205000020912848,0.0019472999993013218,0.00016899999900488183,0.00022809999791206792,False
c09f3160c0e9a3cd32de4f2d5fc5ea1132e3d88fdc2c52d8ea260fcf65d23db7,0.0011618999997153878,0.0020135999948251992,0.00017939999816007912,0.0002223999981652014,False
9d63676b22a039c89cc1823c989e5b71d4e23cf6f16a5039fa64e50a9ea3bf5a,0.0013385999991442077,0.001948400000401307,0.00017279999883612618,0.00022670000180369243,False
30b98fe434b90901017450eabc2d8b977e6f3d116a90120b3513cefd5b7c2b77,0.0011709000027622096,0.001915199994982686,0.0001664000010350719,0.00027660000341711566,False
f70a510795d91ff9c7fb967490513dd5bf814c74cf0dbc1894c86697ce7e98ca,0.0012168000030214898,0.0021333000040613115,0.00017010000010486692,0.0002176000052713789,False
07389a20a9f9c9a2b7fbffb87ce5bb2fb6562aa7e0970779345bcb551dceaf5f,0.0011434000043664128,0.0020311999978730455,0.00021939999714959413,0.0002958999975817278,False
7db0723703efd40f6c12b7a5d7c0a234b5138d206df0684997b9a44232396a51,0.0012281000017537735,0.0018903999953181483,0.00017079999815905467,0.00022329999774228781,False
3dca0ea0635363006358155c2c4228a95839b2304b05e11fc9d86bfb2c47eb69,0.0018598000024212524,0.002126999999745749,0.00017010000010486692,0.00022259999968810007,False
a4216a2066542ecfeacef782574d85330c28864e85ae2b6f3af50ade1da6a56c,0.0011423999967519194,0.0018598000024212524,0.00017380000645061955,0.00023050000163493678,False
dbe4a948de6a8a8736ecf9572de3bfea1eba6e54e905601841aa20c4a2353fe2,0.0011764000009861775,0.0021128000007593073,0.00020670000230893493,0.0003404000017326325,False
220054e5ae5ea31525dc6e59a34c251155f8ef793580134389fd9396d87d44ff,0.0012457999982871115,0.0018924000032711774,0.00017189999925903976,0.0002275000006193295,False
92138d3041d2154275af9d7507f3d6490ae2851ee98349437393922cc3936633,0.0014118000035523437,0.0019526000032783486,0.00017220000154338777,0.0002268999960506335,False
f40ac16d3be16f1bf235a107eaf4d747bb57f1e5e6dc17f5d5ade5abf175e0cf,0.0013600000020232983,0.001984700000321027,0.00016849999519763514,0.0002162000018870458,False
bd8524ddf054e70a8bf68750920acfe99f59835aa786e1fc9587d12feae26875,0.001219800004037097,0.002472000000125263,0.00016680000408086926,0.00022460000036517158,False
c3d43418406e9a995cd7ad1b50c01d68f58cd7c30e3989abfce32bbd5a31e0a0,0.0013758000059169717,0.0018863000004785135,0.0001692000005277805,0.00021379999816417694,False
52449a5b87175ff612ae0ddfb3c824951ae8e2f4acc5281e4c9ae6089ef356d2,0.001143200002843514,0.0021048999988124706,0.00016619999951217324,0.00021410000044852495,False
78d5cca3a12a6ca4978c605e92677b5fed9cd85645b32c18e3376806cf762c52,0.0012665000031120144,0.0020629000064218417,0.00016519999917363748,0.0002147999985027127,False
4e4e35d514850a467eeaaa081b71c68c6436c955cdfcc39a5eccfb1c6239db5c,0.0012238999988767318,0.002018099999986589,0.00017270000535063446,0.00021600000036414713,False
238ccf880956adf8b7bba8276f5cdc2553f098bf8190fa18b95dee4097b50c5b,0.0014116999955149367,0.0020685999988927506,0.00016660000255797058,0.00021639999613398686,False
17223bd713784cc8c45242782f1e38f6aaae6330afa3c8ece2beda3601202e45,0.001730299998598639,0.002064300002530217,0.0001697999978205189,0.00021270000434014946,False
c9a9ae3d83cf2499db093c3c8a4f02b961a9a5cd2a4421030addf862c741212d,0.0010961000007227995,0.0020791999995708466,0.00016489999688928947,0.00021040000137872994,False
73c5c2df648e32fc58eb4a8631b558924fb4379ff4c298b82b2f190b1d20d7a5,0.001334699998551514,0.0019992000015918165,0.00016519999917363748,0.00021209999977145344,False
7de4140bbe5e4bae98e62014cf33eb54e6a00baa9c3a8e70beea96127f310588,0.0011509000032674521,0.0020579999982146546,0.0001790000023902394,0.0003099000023212284,False
a16988cd2796151b07540df368a76df9f7dc4beb6a78fc095c61a05a90630acd,0.0012602000060724095,0.0021074000032967888,0.00016930000128922984,0.00022560000070370734,False
f2dbb430860007ea378068f97100a413635d1f35e05d2ad06cd4d33b6d2846fa,0.0012119999955757521,0.0019238999957451597,0.0001779000012902543,0.00021669999841833487,False
7594fda9e23de9589457acb01857690da8deed2d7309568d89b57ab05d4bfe6e,0.001283300000068266,0.0020285999999032356,0.0002747000035014935,0.00021359999664127827,False
5472a9492132b359909a6244a41ecff17419bd0d04ea4d1a4ea0132559b80f61,0.0012152999988757074,0.002059500002360437,0.00017360000492772087,0.0002271999983349815,False
5818bbc98b1e41618fee55a4cb464f859964dcc1651a0bb48aa1a355625cfeac,0.0011603000020841137,0.0021487000049091876,0.0001666999960434623,0.00021659999765688553,False
6ae0ea4879620b17d98645ca8340037d07b0b9c1fe6bae99c434a702fc6c7b0a,0.0012913999962620437,0.0019357000055606477,0.0001692000005277805,0.0002173000029870309,False
d636da1e1cb5149313aedc0e262497a0de1e8a3969b5c22f4accd4690c228d54,0.0013764999966952018,0.002128599997377023,0.00026149999757763,0.00021230000129435211,False
6c6cf86eb1a32da694fc78d3b35122c0ce07e7d3da3e11b0969698f810a238c3,0.0013233999998192303,0.0020234000039636157,0.00017320000188192353,0.00021469999774126336,False
c36f051eece2f214bddd75b1686a89f82e474dc459d45c2a3cf19f422971713f,0.0011842000021715648,0.002172100001189392,0.00016480000340379775,0.00021779999951831996,False
e044bd249248cd6ffd855ea0fbe034e36e6ea03354a95c341a4dfb57d6e0385b,0.0011916999937966466,0.0020564000005833805,0.0001714000027277507,0.00021869999909540638,False
93c5c10594ce4903297e02b6dcb3cb2e7b223eac6f4c96a0ea59904460393729,0.0011768000040319748,0.0022160000007716008,0.00016989999858196825,0.0002179000002797693,False
e5eebf3f80de2557440682accfbbabdb04d36e29bce53157ad85c20e9664c8f8,0.001248299995495472,0.002160700001695659,0.00018080000154441223,0.0002234999992651865,False
410f76c4bf4cef1a61b1298a2c41e607bdde4930482d5a2fda97eadf93a94f80,0.0013252000062493607,0.0020616999972844496,0.0001677999971434474,0.00021330000163288787,False
1029e5250da76c8db51de0efd4f552962bc6b13b58094fb36e0e1993bedc49c8,0.0011539999977685511,0.0018994999991264194,0.00017269999807467684,0.00022680000256514177,False
77e5604722f87edfebaa6753a6a084b271970fea57e48c2b345df4d15bc7e4dc,0.001171500000054948,0.0022049999970477074,0.00016740000137360767,0.00021500000002561137,False
f07e39811b3f55930b02ca5bffdcc0b5cf10a4abffdd378b7c2cf2b1dd02ec20,0.0011558000041986816,0.002082200000586454,0.00016519999917363748,0.0002164999968954362,False
8cc970b8bcf4c233e23c1fac4c02c6d4110c3aab524c20572e3118b9fc31eb27,0.0011794000020017847,0.0022228000016184524,0.0001995999991777353,8.919999527279288e-05,False
8a16511dbdd1260238507951fcc1940b0f7d40a9a5d0dd75d668b2d352c501bf,0.0013002999985474162,0.0021533999970415607,0.00018670000281417742,5.870000313734636e-05,False
47f0bbc8f985e4430ad5367b692d454604134ed0696662f74394812d179c2ec4,0.0011720000038621947,0.0019819000008283183,0.00018309999722987413,5.509999755304307e-05,False
3488de0c0043aec78be520dd8e78fe8765c7d652ed3a290442975ba5717d7035,0.001179800005047582,0.0019293999939691275,0.00019329999486217275,5.62999994144775e-05,False
2e68353f8b85760600982671d0a30a2eb98069cffcf01d9be261fbf7c5012d77,0.0011957000024267472,0.001938900000823196,0.00021189999824855477,5.709999823011458e-05,False
cc7579201cb216b207788365653d81604005811ec8afcde0073cb0a929864245,0.0011987999969278462,0.002098700002534315,0.0001843999998527579,5.390000296756625e-05,False
d6d895d3108ada121926e5764b33e6f33a5597280a3601b3c1dfd40151490c27,0.0012045000039506704,0.002033500000834465,0.00018989999807672575,5.4600001021753997e-05,False
2bb57d7bca3c900cd33b8aafe1fed775df4907bf9c2dbbe61e8fc59e1a58f730,0.0011186999981873669,0.0019069999980274588,0.0001982000030693598,5.389999569160864e-05,False
ae31a66fddcd1b68762b4e9e542f1dd2337941a213f87bfe5b2bb149a0ca2732,0.0011356000031810254,0.0020213999960105866,0.0001880000054370612,5.730000702897087e-05,False
94c02047a97fe8111c4b20dd7e48f40010720b55f01b84f989d5cdbac0ee7dba,0.0012541000032797456,0.0022589000000152737,0.00018540000019129366,5.529999907594174e-05,False
8d9bb2c34f4043b08d3ee6cc3b2eb729ea24877d8e6071f37d5ee031683bc3dc,0.001786000000720378,0.0020337999958428554,0.00018519999866839498,5.3499999921768904e-05,False
f31b88075e8350565b2b78d8a9425a2a3f77682dc5e145dcc4ac628000a73fdc,0.0011033999981009401,0.001993399993807543,0.00018319999799132347,5.4299998737405986e-05,False
cb683706ef461c2dc22944bc31d2904bde5b6f2c869af127fe35280069b57901,0.0013015000004088506,0.0020809999987250194,0.00019780000002356246,5.709999823011458e-05,False
9651ca0dc3298d0d22b34fcfcff53826fd55fbb267fad3f13865e35c36057f98,0.0011716000008163974,0.002118299998983275,0.00024810000468278304,5.329999839887023e-05,False
25b69310bf55ef27b908ba8dcf46dea34bcad9a31fd9c90e10862371948d1a13,0.0012833999935537577,0.0019365999978617765,0.00019050000264542177,5.37999949301593e-05,False
b70150b408ff5db90810d53e009e52e838ffcaf84c2df61cec21ef9b1434e2c4,0.0011720000038621947,0.002071599999908358,0.00018120000459020957,5.239999882178381e-05,False
3f1aa9bd58f1de490cc5d4e9a1c9a5c89e7850e2f34ff3631888636ac62e5d99,0.0010783000034280121,0.0021785999997518957,0.00019619999511633068,5.4600001021753997e-05,False
9bfc28f25bfd7d5dbba6d68d62acd00144baf134543311c234716a2093f3c1df,0.001256999996257946,0.00206830000388436,0.0001799000019673258,5.450000026030466e-05,False
213d555b60b003f8d80dd49717f6c1fb90df2edbca9df15854c431f8871b2730,0.0011622999954852276,0.002115799994498957,0.00018419999832985923,5.5500000598840415e-05,False
bad1c42a0b5898612c2aadd463c0c75da28bfb3aa7f3af4b39bf735a5c9fe88c,0.001311899999564048,0.0019245000003138557,0.0001816000003600493,5.469999450724572e-05,False
53f90438510c28f1b82900dea0b4744acbe9a15ec7fe86fe007602df353b3001,0.0013184999988880008,0.0019248999960836954,0.00018089999502990395,5.650000093737617e-05,False
7d501981c698dca127a6c635b33784156f5dae6400f3323255bb11ed10837836,0.0011985000019194558,0.002062700004898943,0.00018249999993713573,5.679999594576657e-05,False
2e0d221bd97124ac43e48c4d44167f24f70736e28a0a43850cc7f24d95a58774,0.0013088999985484406,0.0018818000025930814,0.00017830000433605164,5.099999543745071e-05,False
68e844e09c0ac6c66ee33ba86eb9ed266bb05d1ba840208e7a42d6431064bfc9,0.0011359999989508651,0.001878000002761837,0.0003540999969118275,5.490000330610201e-05,False
e0b83d704ea84fa0b5a7f54e64193f23f998c82872fdfdf67ad74d4813ebf0e5,0.001145800000813324,0.002122500001860317,0.00017890000162879005,5.509999755304307e-05,False
0b579fa0abc39edbd54fe75811d984962e1eec8330f19bfecdcb227aa51364fe,0.0012761999969370663,0.0019899000035366043,0.00020309999672463164,5.529999907594174e-05,False
bf081981274521ae4bbfff5f1f65ca0184802bdcf1bba04b588d95ac84ac8c9e,0.0011306000014883466,0.002056199999060482,0.00019109999993816018,6.269999721553177e-05,False
c490720da09a5cefea699dfa9ef66ec615b9c83fbcf01b693b319c28ccc54d38,0.0012777000010828488,0.002019200001086574,0.0001866000020527281,5.3699994168709964e-05,False
9119d6e023e3d36b5ab65ecd38ac57a556df19fef0d6d6a5a3775a45792531ae,0.0012316000065766275,0.0019148999999742955,0.0001864000005298294,5.5500000598840415e-05,False
54d2a3ba44a1709c8eac868387923edea645c3255078449e91d3e0a16dafc02f,0.0011692000043694861,0.001938400004291907,0.0001871999993454665,5.7600002037361264e-05,False
e14e0a69be2dc26bede4bc503820b043c5711607e2025883100f5a2842388c82,0.0011338000040268525,0.0019003999987035058,0.00018600000475998968,5.3499999921768904e-05,False
3acfc09b24b454f3ad1709427a3f31e612506844cdcdf199f7797e7173b05647,0.0011073000059695914,0.0018768000009004027,0.00017720000323606655,5.239999882178381e-05,False
709e39e267f435484a2e79ffd2f1d1119152fd58e0d5c617e8c9231035f1f540,0.0011727999954018742,0.002081800004816614,0.00040699999954085797,5.879999662283808e-05,False
38b2571ee39ffcde304d70dfb66687ff0322567de0ccf8bd9dd267c60b1d2ba3,0.001253900001756847,0.0020125000010011718,0.00018209999689133838,5.490000330610201e-05,False
446168545f28b77632e83804f79bc28324fe93d7475dad67b345849dfb4ae1ac,0.0012193999937153421,0.002035900004557334,0.00019139999494655058,6.330000178422779e-05,False
beff1f97b31372ba2b072386b08311e9fb4c794bcdae700d26155163f98043c9,0.0012281000017537735,0.002001900000323076,0.000370699999621138,5.7799996284302324e-05,False
440f347c41e763cb7ef84ccd6a6a3fd8caaddea6a664b73ea9dc1a02f2ef2c8a,0.0011643000034382567,0.002030799994827248,0.0001864000005298294,5.450000026030466e-05,False
cdf25bf022a95b8ba26944b2b961942e487b1a0c2c98eabf6ef099edcddc092a,0.0012094999983673915,0.0019396000061533414,0.00018590000399854034,5.679999594576657e-05,False
0709d59f8cf1904de176dd766f7629d86b59acc1aa61ec849cabbc14d9d44a31,0.0012962000037077814,0.0020817999975406565,0.00019330000213813037,6.179999763844535e-05,False
248e1f7f76471fbfbbc0c93e1b72d555c24b788bcc04c435529e798523981995,0.0012208999978611246,0.0021198999966145493,0.00018599999748403206,5.539999983739108e-05,False
831d521ff88e61b70f316c00ce3f2466c400bd4060bcca7f0d48ecba2969c1b1,0.0013047000029473566,0.0019756000037887134,0.0001883000004454516,5.539999983739108e-05,False
dba2cf58762bcc5eb841ac3dcb491e8d3df31dbb8a8a131ea5bfcb9497f61e30,0.0011805000031017698,0.002023599998210557,0.00018799999816110358,5.450000026030466e-05,False
955abf442263eb0c5fde6978e6f2cd4349248273f74274e2eca3702923a22adb,0.0012580000038724393,0.0020437000057427213,0.0001829999964684248,5.5000004067551345e-05,False
cda2daaf6ae4d7ec0f3014edc2432b638b98d0650c397cd44196303f998a0c76,0.0011438000001362525,0.0019147999992128462,0.0001847000021371059,5.499999679159373e-05,False
0a6521cd410414547e4a6ee7dccd8650e1f574e29ccd6ce64b2973e9fdd030bf,0.001189199996588286,0.0019708000036189333,0.00020560000120894983,5.529999907594174e-05,False
ca1303b2a64fa543d9e4d0bc820c0430fbcecb0c00cebcaa17d72d89f2296ae3,0.001204599997436162,0.0022521999999298714,0.00018450000061420724,6.289999873843044e-05,False
1373eb269040d76a262da4ea43d57b60f6e3a57eb97890c945227921223094f9,0.0011143000010633841,0.0019492999999783933,0.0002490999977453612,5.329999839887023e-05,False
9e0eb18bf249e712c6ba6536872302350853a36d58fe1721becb2c1953d3ed22,0.0013060000055702403,0.0018976999999722466,0.00018170000112149864,5.4299998737405986e-05,False
d1565b8772251425e3d9d50634fea25d5499ace130009ca6f533a00c70245972,0.0011531000054674223,0.0019134000031044707,0.00018139999883715063,5.249999958323315e-05,False
77c77383828a5a83484c1fd641afbd52c1ff40c49cfdaea091d13ebd935ae219,0.0011976000023423694,0.0020521999977063388,0.00017929999739862978,5.4700001783203334e-05,False
7a5f2044b998d790372fc72106aee3dc96da363eedbc8530cfe92f29101ce2df,0.0012640000059036538,0.0019921999992220663,0.00018819999968400225,5.3499999921768904e-05,False
7d596d49927c8a1a6f93972c81f98f95e16a56128ac51a7ff7813b8176b58ff5,0.0012313000042922795,0.0021248000048217364,0.00017669999942881986,5.2600000344682485e-05,False
1eccac9262b9768f62b70aa89b149a7031984c60563a6ac3ec206f2f7c4444d1,0.0014213000031304546,0.002153800000087358,0.00018000000272877514,5.219999729888514e-05,False
3918c7a29791ea2824c0747c7ebdf0c43205e3ad278c147f5a1393fbad685487,0.0012047999989590608,0.0020883000033791177,0.00018339999951422215,5.539999983739108e-05,False
9ab2f440d909195301d77f32cc91433bde4e7751d2a6d7ecc9999b4b1a900222,0.0012817000024369918,0.0022010999964550138,0.00017799999477574602,5.320000491337851e-05,False
25ec61ae8404ced45929815c92b8a67a6af8bc044c6b7700b0ef0f6e9188c8e7,0.0011789999989559874,0.002113199996529147,0.00024590000248281285,7.599999662488699e-05,False
f97b3ef4e0fab902ef8d8074009d5fc4315ca8675776dd05b5becea0825a6eb5,0.0010774999973364174,0.002191400002629962,0.00017970000044442713,5.319999763742089e-05,False
4b059500cc4c1af74f4a8513a04f67c18e5bd53cf535a7adfe80f2afb22802b6,0.0011984000011580065,0.0020016000053146854,0.0003951999970013276,8.000000525498763e-05,False
f1ecd15fe879cdd32f8d8e8aa3dc2fe12351cab83dd6d0bea8dc2fac8672b8c5,0.0011803000015788712,0.0020202999949106015,0.00018370000179857016,5.669999518431723e-05,False
dea8168863329fa45ce162f1bcd1aa5550ad4323294fa0e7cf88aa1d358e609b,0.001228699999046512,0.002101600002788473,0.00019489999976940453,5.289999535307288e-05,False
54343793d0a69eac0b7f6e4c3ed37da1096d8f646aa356480523987c73b13572,0.001258399999642279,0.0024195000005420297,0.00018209999689133838,5.5199998314492404e-05,False
47b799d19c721cadb823c11f3e37c56e3fe5e69c19e851ed4d1d0359421754d2,0.0011325000014039688,0.002033500000834465,0.00017759999900590628,5.679999594576657e-05,False
a9ba0857be110da2a88db8768abec9b9cd169fa45f4195722bef96c5587a84a7,0.0012282000025152229,0.0018959000008180737,0.00019210000027669594,5.43000060133636e-05,False
f310d943f86df6becd8cdddbb3a4cb685d133f0239f94853dfcc5bd11343f2da,0.0011904999992111698,0.0021540000016102567,0.00018149999959859997,5.5500000598840415e-05,False
b6d14af3daf06247a7031a8d29dbf6b171d3aedf4530f9f4be3897ee60fac560,0.0013000000035390258,0.0019272999998065643,0.00018859999545384198,5.439999949885532e-05,False
87b6b03216aa88cf711ecae22f56c6ba3a538632adb1cf1dfa82e73341018d3f,0.0011827999987872317,0.0021271000005071983,0.00018170000112149864,5.749999399995431e-05,False
8c1f344cd1f5c5c18cbf90534106dc04af71c2fee1ac9b5b6e5cbf55ca138a6c,0.00109379999776138,0.0018979000014951453,0.00018099999579135329,5.0900001951958984e-05,False
ec673892782f52ae20f939633c700f7219394944504d468d31a7feb0483de595,0.001208599998790305,0.0019089999987045303,0.0002021000036620535,5.3999996453057975e-05,False
e4468dcb58fdf7d0a8d952e0a752acceedecb26346d630afbea29f264cd33951,0.0011679000017466024,0.002077999997709412,0.00017729999672155827,5.320000491337851e-05,False
82ddbe5fcc05b51a8098050bec3dc65c6ca327d44bf8ad7d1e8afcaa6e6f3d83,0.0012215999959153123,0.002149300002201926,0.0001807000007829629,5.4799995268695056e-05,False
d1bd35e4759b83980e650b14a34ff6e87a17cb9df1951e4377e7760015cab9ba,0.0012330999961704947,0.0020342000061646104,0.0001905999961309135,5.699999746866524e-05,False
aee0995598f8dc73e60ac696473376d1bd9dedfe878382df73d9ed92dc1309bc,0.0010978999998769723,0.001998900006583426,0.00019389999943086877,5.709999823011458e-05,False
2fa5637bc477f93d95a9f8627647c3237eb1b935bd1df7289da78ed26d270e9c,0.001174599994556047,0.0022521999999298714,0.00018509999790694565,5.650000093737617e-05,False
8b2e084509fc04ff50258ad949e766aae687b30330656433063a3cb9d4e8ec78,0.0011966000020038337,0.0020917000001645647,0.00018379999528406188,5.4100004490464926e-05,False
ab98b5fa42a2ee4f0358b71a57d38a8d00bd64adc3d24b2d2e9257b12f862275,0.0013474999941536225,0.002058599995507393,0.00018460000137565657,5.560000136028975e-05,False
8c0a4596e57d8a0ac767f23ec47f35123e1680de9cd5f92a51b0dbd466c7cc12,0.0011310999980196357,0.00199609999981476,0.00018049999926006421,5.5999997130129486e-05,False
bbc241dcf10835cd55603565408e4dcc729129743fb260ba0413d08bedaf1eff,0.0011261000036029145,0.0020634999964386225,0.0001804000057745725,5.4700001783203334e-05,False
a8d40927922b9edcf1cbd3769c304a121c618788b49f3985d0ebcd1a1db91d28,0.0012829000042984262,0.0020010000007459894,0.0001807000007829629,5.5800002883188426e-05,False
2c02f23ca80b6b4f4321a4bd89b442620ba1084c7469c332189ab9b921355056,0.0012398999970173463,0.0019772000014199875,0.0001816000003600493,5.529999907594174e-05,False
d1beaa0662c177f501e68ba7e87f6cfcbae8d8f20dedd8c4de1a5079de598f73,0.0011918000018340535,0.002027399998041801,0.00017780000052880496,5.420000525191426e-05,False
cd82dbe155d165cd854ed7b820883feb7a2b6e244af17f57acbf9b64b6c1a125,0.001186900000902824,0.0019331000003148802,0.00017589999333722517,5.420000525191426e-05,False
b348f27d10e41a51f91eb4e10e41244005d9a7f0cefc5776ca9b067c321a01a4,0.0011042999976780266,0.0019446000005700625,0.00017669999942881986,5.219999729888514e-05,False
f606701479420a652386638b15180a30578de5133532711a83d513eb33bd86f9,0.0011434999978519045,0.002206199998909142,0.0002294999940204434,5.390000296756625e-05,False
621713f4e93ee2409226acf1d9b60670d5f6e37020c9e5b79e5657515a24097f,0.0012340999965090305,0.0019197000001440756,0.0002525000018067658,5.3499999921768904e-05,False
cd354f6e09abe907fb1e98e4a8d2cab84f5e661dcfa250affca0aebb10905b59,0.0011674000052153133,0.0020068000012543052,0.00024249999842140824,5.7199998991563916e-05,False
bcd1a9959fd2c489c577124d50ae5a2fd018038fd865fd997eee9385e498960f,0.0013166000062483363,0.001921200004289858,0.000192599996807985,5.320000491337851e-05,False
0ccd469e1cb0a305693f453992ce917c979567f9f381b1fdd57415af6bcc9345,0.0011440000016591512,0.0018722000022535212,0.00017980000120587647,5.6899996707215905e-05,False
3bc071b30b8ccadf77f379bcfa0d7b5b1ab19f494adbde83245677d8f08ba689,0.001127800001995638,0.0020610999999917112,0.00018119999731425196,5.560000136028975e-05,False
5ac4228c3b448fea770815d7d89a637b84a71c443479abe4aa917537f0dc8eeb,0.0014348999975482002,0.002156500006094575,0.00018139999883715063,5.4100004490464926e-05,False
c21ae63bf0bd366c909cce494794c4d4958ae73d5d1f785a67903a47387a0c6e,0.0011999999987892807,0.0019790000005741604,0.0001864000005298294,5.300000339047983e-05,False
2f4fb4feb159a95999b9b80e8c4741c4d9257b5f8a76fc04010baddd70a85e7a,0.001341299997875467,0.0024105999982566573,0.00018149999959859997,5.4899996030144393e-05,False
94c5a003c56688ec9391cc90b027ab4ec2cf62b9c78de10d9364e7b7af93c8b9,0.0012708000067505054,0.0020017999995616265,0.00018989999807672575,5.729999975301325e-05,False
056a57b32710b407fad27804e0493f8469170a4f211afb8c0c70eba5161bbeb3,0.0011882000035257079,0.002278300002217293,0.00023299999884329736,5.7600002037361264e-05,False
64c1891275ab9ed92d3b23395a8c821c8f961463f9872159ed4c22379fa4ea0c,0.001537700001790654,0.0019479999973555095,0.0001903000011225231,5.409999721450731e-05,False
35c775fd09725672264d110632fabba6d8ac7502f4e710c7b33619c101242997,0.0011838000064017251,0.001983399997698143,0.00017920000391313806,5.579999560723081e-05,False
8f159929c7b2f964abb02d298c56848df993730c75abe1d51547d663a8a782fa,0.001233499999216292,0.0021914999961154535,0.00018099999579135329,5.280000186758116e-05,False
d511122b3bcd96315b6cf66fd0567393c737a228caed8c87c2c0630042227e0b,0.0012046000047121197,0.001927999997860752,0.00017949999892152846,5.450000026030466e-05,False
ece14344fd6e83e6cf815ba2d49a161b950737f830c3432acc5c0bd0abc586ba,0.0013615999996545725,0.00217720000364352,0.0001768000001902692,5.499999679159373e-05,False
43e27254efb47db8669e214405cbce8c3d6fb81574468730ae40a0ce4024a8fe,0.0011863999970955774,0.002028099996095989,0.0001919999995152466,5.3499999921768904e-05,False
481ee81ff8b64ad3787ce868d68cb80b75ad39a5193381ef9a0a5811fdadc517,0.0011587999979383312,0.0021557000000029802,0.00020980000408599153,5.4100004490464926e-05,False
2d051a9d0a406819636bd5bc88e3b1df04f9547e67edbbf6f5d44887cbc6fb98,0.0012519000010797754,0.002100600002449937,0.00018570000247564167,5.909999890718609e-05,False
b7054546448b06eb87ffdd0154c8ec655f1259ccfe8e8370ee9869741ed53e92,0.0012332999976933934,0.002446600003167987,0.0001784999985829927,5.310000415192917e-05,False
5438ed02ccc268b1fd306c86293272e0c68285518facfbb23b082cae57b79dd3,0.0012107999937143177,0.0021235000021988526,0.00027550000231713057,5.619999865302816e-05,False
480c9ccb6a9d4d3a2a702f9e430f3840b0e43ea1492ca186d74476953399809a,0.0015529000011156313,0.002157499999157153,0.00017970000044442713,5.340000643627718e-05,False
030d104c73436e9974d7ee01e76ad68b951a9f56625ed638011ea74c7383d40e,0.0011768000040319748,0.001976999999897089,0.000221800000872463,8.009999874047935e-05,False
da51864f17c45b66460a75cdd9de747db71a16d3413bd8a86b23be6e6692e353,0.001382500006002374,0.0018918999994639307,0.00018280000222148374,5.5000004067551345e-05,False
b8877dcb1f720bcd1ade9b611d45a425e2c564d98cd8f5b37a2bb093af1ce48c,0.0012695999976131134,0.0019925000015064143,0.00018060000002151355,5.100000271340832e-05,False
4a322595cd25205c860aab6d2e290c61891eec1235c6cf5f36983136a2540c15,0.001153199998952914,0.0021856999956071377,0.0001860999982454814,5.950000195298344e-05,False
0561c16eb3e8c93a75d410b299d31d5e41df64bfa37f0108a2af235dc2877a53,0.0012199999982840382,0.0019548000054783188,0.00017839999782154337,5.419999797595665e-05,False
8d8570aa75b836e5ff82c8640839c6962ae34d85b0076e6174065be43b4ce610,0.0011936000009882264,0.002157800001441501,0.0001843999998527579,6.320000102277845e-05,False
9553b6cb7260cb6dcb493c2264915483350b46435bf0e9681a8ee3740d800463,0.0012092999968444929,0.002011800002946984,0.00018109999655280262,5.570000212173909e-05,False
ca24ca18362af6e241146e6fdc4623e14ef5abd90edc7a4dd8cbf27b3b7e27c8,0.0011374000023351982,0.001923999996506609,0.00018350000027567148,5.450000026030466e-05,False
1d11e63f68bcddf1a3f243f73f5cb9247513666456c5120106d5c45f554c2bb5,0.0011917000010726042,0.0021015999955125153,0.00018109999655280262,5.589999636868015e-05,False
3dbe9a6733cb896c50e2096de03d3857e1c94d603ceb55a10f5d0de445b17ee4,0.001352999999653548,0.0019965000028605573,0.00019349999638507143,6.600000051548705e-05,False
4fe00c5ed93f7af76525f07686602d8e3757ba2379b3f91a43ffdb4df38d5e4d,0.0012346000003162771,0.0020546999949146993,0.00018309999722987413,5.4600001021753997e-05,False
8cf617194c5451aac53499dfa70f3cee04bb96d1bed2506605e32126928f4a40,0.0012497999996412545,0.0020225000043865293,0.00017800000205170363,5.149999924469739e-05,False
c1a50086bc934d41325ef4ae1edee5ba98cf4fe1cb4d004a58981cf8460085d0,0.001120299995818641,0.0019611999960034154,0.00023100000544218346,5.200000305194408e-05,False
92b662700f8636de7f2eddf78b41b6eda11171450d375a3274ae99835e5bc2c4,0.0011910999965039082,0.0019511999998940155,0.0003297000002930872,6.429999484680593e-05,False
265100fc8577e8fd0c8e06771b36515ad58fb32a6f38ba42590d72b35ba6a7a0,0.0012466000043787062,0.0020798999976250343,0.00018670000281417742,6.479999865405262e-05,False
1ac6195265a9565c72e3c66e23de574dd9a6d3d974618d7c29c7c3e1f36148a9,0.0012379999971017241,0.001965600000403356,0.00018200000340584666,5.7600002037361264e-05,False
6bf3852d43c15752262da699a191be90322b1b4f11355a9b2d44f226819ab2a9,0.0012146999943070114,0.001973700003873091,0.0001843999998527579,5.6200005928985775e-05,False
90d7e4f2df1a8beee81a70dfd4822714d2f8869f7b4019a4f68ebe496ba17e98,0.0011169999997946434,0.002096199998049997,0.0002645999993546866,5.300000339047983e-05,False
1301520c902782ed930390321128996e21b8174bc143dd25b0bd22b5bfce8dcb,0.001156599995738361,0.0018848000036086887,0.00019890000112354755,5.490000330610201e-05,False
4fa929f18ba0457fecc0ab2640918fc484480f731f6614a937f13df9f8da3e4b,0.001304999997955747,0.0020522000049822964,0.0001919999995152466,5.5500000598840415e-05,False
62be225b1b045b892b8ecf64141eda24697739b97aa7d146d758487dd1f1b5f5,0.0011664000048767775,0.0020597999973688275,0.0001816000003600493,5.390000296756625e-05,False
7b546e719884e89a5ef67148d4459c588e75e0b8630c096fa735bbc92fc11d41,0.0011956999951507896,0.002091800000926014,0.0001810000030673109,6.130000110715628e-05,False
6020d6125486af128288d9dd5bfb1e0927d12ca2c9da9b62159897d965f9b8e4,0.0011865000051329844,0.0020282999976188876,0.00019289999909233302,0.00011559999984456226,False
2cb2126b77921af7836b7220746471ddb42b018ba16cec85f012cf845ef13a7a,0.001147200004197657,0.001966199997696094,0.00018209999689133838,5.5000004067551345e-05,False
cc64742b1761996f87ed0e444bd6e654964b8cdf8aa3cc580228d019d68d26c6,0.0011929999964195304,0.0020766000016010366,0.00018819999968400225,5.4299998737405986e-05,False
7743014ab92b47c67aff7fefe62d4cf27ffc73374adc70490d6664d8295343b5,0.001229499997862149,0.0019593999968492426,0.00017980000120587647,5.579999560723081e-05,False
61f0cd232e269e350ae8bffb435a06164500e94cb03a75835d2b5f26b9d02803,0.0011671000029309653,0.0020295000067562796,0.0001953999963006936,5.160000000614673e-05,False
272dbd8d6fa992b514ae8f6919cf9aa8da45ca75eaf1f0a89fc563903b60dac2,0.001066100005118642,0.0020330999977886677,0.00017880000086734071,5.360000068321824e-05,False
ef5c8572dac22bdcaa4ae1436a5d4c03fc16d1b047bb401e740430454f456ff0,0.001320700001087971,0.0019086000029346906,0.0001829999964684248,5.520000559045002e-05,False
237dad2aab615098cf2d6378a535aa53ce9658580bd351fa2fe12ff1e2b65b3f,0.0012447999979485758,0.002048900001682341,0.00018500000442145392,6.030000076862052e-05,False
0d40747f964eb1c271397cab0186aa7947b6b45423fa9945242b17745082c81a,0.001254700000572484,0.0019489999976940453,0.00018509999790694565,5.750000127591193e-05,False
8d60e8353bb1b3f5a4b6f370a1ac3a578783060e57567ccce0749789b1824a10,0.0011709999962477013,0.002018599996517878,0.00018419999832985923,5.8999998145736754e-05,False
a76fe7787b5ae4b311a811925e5e845303b8243dcb182b0df0a7528dd8f74276,0.001284700003452599,0.0020443000030354597,0.00018199999612988904,5.819999933009967e-05,False
31317c64f2fe205e197773e6ce3086eee5de4ee467d1b093f011769a9213df56,0.0011936000009882264,0.001991400000406429,0.0001771000024746172,5.319999763742089e-05,False
d4fc057b8ff1d4220dbcdfa6995ac2f4897e700c07aaab5f3084168d04c03317,0.0011860000013257377,0.0020396999971126206,0.00017769999976735562,5.5500000598840415e-05,False
0d7ba601b3c7f7d8382e8ae07204830944436aa3b989a0f19825790b9bdd2a67,0.0012397000027704053,0.0020315000001573935,0.00018149999959859997,5.4799995268695056e-05,False
fa7045e75e842687f536978c63f1436452f7b2b6f536defae1a458f4ed954b8d,0.001207799999974668,0.0021641999992425554,0.00017759999900590628,5.5000004067551345e-05,False
44ddc79d47193c436444609181035e5af55b590bf3d2c4c686a8feb0c36a7622,0.0012772999980370514,0.002074900003208313,0.0001866999955382198,5.3499999921768904e-05,False
92ce62726349dc0854f20ef3cb8a25f4c210b513db6a1da5e1f4f48a5ca21ae1,0.0011530999981914647,0.001981800000066869,0.00017750000552041456,5.20999965374358e-05,False
43696ea38aa06448e96142deade4f9270d26204f333eed30c7600981c3e16b36,0.0014184999963617884,0.0020488999944063835,0.00020090000180061907,5.5699994845781475e-05,False
c1bb15f5ec993cad505346a9a691b003bfc3431fd026cfbead980b785fb68288,0.0012500000011641532,0.0018963999973493628,0.00018080000154441223,6.36000040685758e-05,False
dd6f0cef64be6fc5db0d03ea8c15d6479bef8837295c982fa5c341d84cd3b9a8,0.0013506000032066368,0.002119200005836319,0.0001773000039975159,5.18000015290454e-05,False
2574809d06e808f4960919da8dc7231b419c2e346fdb876ba502e863349f4775,0.0011322000063955784,0.0019210000027669594,0.00018090000230586156,5.560000136028975e-05,False
42ac9c0af7523e345aa0c163c1456a940db47300022d6229aa0ab3dfa7fc7af1,0.0011900000026798807,0.0020462999964365736,0.0001779000012902543,5.299999611452222e-05,False
71d0a5fd9d340054333e0d60a9a48a4a88eaa68c25672fe9034c467b83374229,0.001197199999296572,0.0020361999995657243,0.00018350000027567148,5.589999636868015e-05,False
6338aef44215cf7d588e780fbe40af49965453038d8f15235943a915970d4160,0.0012413999938871711,0.0020162000000709668,0.0002179000002797693,6.480000593001023e-05,False
ee669630bc6e8dfbf4f8fd68819b0435e54667117e9f4d7b43478eee07d78702,0.0014090999975451268,0.002227899996796623,0.00024680000205989927,5.7000004744622856e-05,False
524db0923e9593c5f505b88cfc1e5a8e93ed1b8a778fd1e0b39686792d61311c,0.0012166999949840829,0.001973300000827294,0.00018060000002151355,5.7900004321709275e-05,False
0b8ddd878167b964b194e5f3520e8b508ec5692a09718f9e17a274ac8de7e21c,0.0012251000007381663,0.001956599997356534,0.0001880000054370612,5.529999907594174e-05,False
53c71760d95052ef3f147cdca8f8df58a51d110eb34ed561e737769407eabfc9,0.0012372999990475364,0.001993800004129298,0.0001799000019673258,5.299999611452222e-05,False
81de6b964ef204b20a108792d7fe81304bbc8cbbf82bd501f64ae8d70dba2827,0.00121489999582991,0.0020252000031177886,0.00018109999655280262,5.680000322172418e-05,False
3d67f4fe6ad9f91ca6056124bb6df3fe09233299b14c3e459449d557a0c59773,0.0013122999953338876,0.0020552999994833954,0.00019150000298395753,5.509999755304307e-05,False
f00d121bd59382eea264f004b521e40e3ee09a68c25b0cc5be9a4652ff6b32aa,0.00111270000343211,0.0020552000059979036,0.00017690000095171854,5.5000004067551345e-05,False
2ba346025a4fae46cc34e385e53473c2d1e6613062f2e1f12a5e7aba91aae867,0.0016963999951258302,0.001958699998795055,0.0001841000048443675,5.780000356025994e-05,False
8f4e7714f1a76b7041f88ca34ce0a0aa3a6ae281a18547c0af2c80fe3da1a0b0,0.001269600004889071,0.002005799993639812,0.00018509999790694565,5.8800003898795694e-05,False
8f6ddf7300c22e2a4c38494042b4c2909e75db7abb9423179e68a2008dd1d9a0,0.0012635000020964071,0.001954300001671072,0.0001903000011225231,5.8599995099939406e-05,False
d6c0f7dd8df3b290b344b12e46a57015c972ef641c6f93a2aca354f33f382beb,0.001339499998721294,0.0020193000018480234,0.00018049999926006421,5.4299998737405986e-05,False
fac66209c9c70df5ed95c77379279b4e232c38d71fcabc30f91bb6a0257ad72d,0.001279299998714123,0.0019589000003179535,0.00018219999765278772,5.8999998145736754e-05,False
fbf2620a923a462b52a103a0a1aeebe7664efef96e938d663337c373cfb2d917,0.001673400001891423,0.0019572999954107217,0.00019420000171521679,5.219999729888514e-05,False
c1ef4f3f86e03b02ff41aadc8e341b65445ed64fa452bcd0d9be7f8a66afa715,0.0012294000043766573,0.0021016999962739646,0.00019359999714652076,5.4700001783203334e-05,False
21bb7e49dcd97417f697a24d8b79e91b3b7ab0457f15fd215fe81b5ea3f5f128,0.0011629000000539236,0.0024438000036752783,0.0001804000057745725,5.300000339047983e-05,False
d3a93939bd738da0119b467cf642be90b2eb63a1d6cc5311a769bf79cf868807,0.0012438000048859976,0.002173100001527928,0.00017809999553719535,5.439999949885532e-05,False
9f022f3b05f2afc4d6a957e78074848fab092d68e2a38e94382e6ba4bdefe3a2,0.0011622000019997358,0.0022088000041549094,0.0001847000021371059,5.409999721450731e-05,False
04a0a44e4134778b19d8be8812d227a98b19321f5b0adbba7765e8fba94ae52a,0.0011481999972602352,0.0022060999981476925,0.00018480000289855525,5.669999518431723e-05,False
70f8df8c382bc02d886eff07f356ac00b9693a65c709f67d6ac81c005aa51c1f,0.0015618999968864955,0.0020883000033791177,0.00018260000069858506,5.539999983739108e-05,False
fe0017724e56da8dab8052f2a68625f2ca10b535caecfd4cd72a5b01672c5c1e,0.0011775999955716543,0.0020334999935585074,0.0003091000035055913,5.249999958323315e-05,False
b3d5d8594fbdb61f3bf313e390d171ca038db1c52b7ec06c976163235db3c2f5,0.0011837999991257675,0.002071900002192706,0.00017970000044442713,5.249999958323315e-05,False
b2c0ecb825cd2298d1a04ecfdabb3da5f53b0bd9b3656267f3e8e4e7ab776688,0.0010828000013134442,0.0018940000009024516,0.0001795999996829778,5.4100004490464926e-05,False
f42f5a622e66758e13b66b3ee78fa94b6f9568d343c387871634004507662b7b,0.0011442000031820498,0.0022033999994164333,0.00018009999621426687,5.6700002460274845e-05,False
1bc36b5dddb48c6c04d3697592605a0be34603119f14bb749b6fcc9a9918b583,0.0012522000033641234,0.001926899996760767,0.00018360000103712082,5.77000027988106e-05,False
106c8142caa4b8174b3199a67abc5ffd67cf24c84029c31f035b46f57080fc62,0.0011798999985330738,0.0019383000035304576,0.00017999999545281753,5.2600000344682485e-05,False
df22dbd0eadd522da2b004fed8bc4b53c651c98a5e6b2c2015dd7c5d7585fd60,0.0011818999992101453,0.0019314999954076484,0.00019500000053085387,5.62999994144775e-05,False
3f1376d199f010fc9968718b8cd31deef6fd4e5b4dab10a96b132ce013761409,0.0012844999946537428,0.0021257999978843145,0.00020650000078603625,5.339999916031957e-05,False
e23386d7b8715c28d3fb86cafd6ec4c3a0ae702fc31d0912feeb66bbfd73208a,0.001184699998702854,0.0020737000013468787,0.0001883000004454516,5.360000068321824e-05,False
68d0267e0ef2769af5023fb47dc7158b80487eb93a1d0351476259674c3cc9e5,0.0012149000031058677,0.0020576999959303066,0.0001903000011225231,5.560000136028975e-05,False
1f28c828912d460f13e54fa6d4063f8bc4d16b74c33428e35cc0ddb386cb9f05,0.0012051000012434088,0.002045500004896894,0.00017880000086734071,5.280000186758116e-05,False
139893f1629faffeace95b31cbc957de0d113ba33d459af168eb1cf2e76a7cc9,0.0012181000056443736,0.0020724999994854443,0.00018009999621426687,5.729999975301325e-05,False
8a7923c3cae2f61347e0a9cf96a8161e4f9c35bf03ccf7480cc0bb6c191e3d57,0.0011570999995456077,0.0019369000001461245,0.00018540000019129366,6.320000102277845e-05,False
dddd064b91d61cc5511bedc80f88527c3bbf358214e6e652b62ed0d47b3ec484,0.001213900002767332,0.0025093000003835186,0.00018180000188294798,5.419999797595665e-05,False
731a7b78d93220e7ab24ab7ace3fa3a8ba7eeddc718712968b05966ed1dc18f0,0.0012692999953287654,0.0021114999981364235,0.0001816000003600493,5.400000372901559e-05,False
cbd1b0e920c1ca8fcbbc6ccc37c8b39be92cadd7343807878c807b1af52a4ad5,0.0012841999996453524,0.00203239999973448,0.0002058000027318485,0.0001334000044153072,False
8c93c30ef8251913cccef086d0dc34baf20f834d5b57f2fb9b20ef0884ed46a1,0.0012522999968496151,0.0023108000023057684,0.00018339999951422215,5.4899996030144393e-05,False
10769d2ab85532ab6239e244fdb28c9a59e93cc4baaef1ac9060e710271fb16a,0.0012093000041204505,0.001969700002518948,0.0001940000001923181,5.7600002037361264e-05,False
25c5d0c3128ee5b7a2fb41483795254cfb3abb7bf38cc8b068276b5de5632f49,0.0012023000017507002,0.0021268999989842996,0.00018560000171419233,6.040000153006986e-05,False
0c8618a5590940c75a638696667c5b8b1729110ac385a7cd88eddb50d26e5773,0.0013228000025264919,0.0019889000031980686,0.0003045999983442016,0.0003260000012232922,False
fdc539e1dae5971ef464f0a614d73c30c755248da658d466a3ef384850c57548,0.001309600003878586,0.0020791999995708466,0.00020339999900897965,5.8800003898795694e-05,False
abbe81e07a9cfc883f3b03ab012c945304f3f10a47887aca5e3010d93235f200,0.001192399999126792,0.0022020999967935495,0.00019099999917671084,6.620000203838572e-05,False
987c73432ad1b388a62747ccccc27bbf2e936f70582196ab72f191e8a0424f7a,0.0012435000026016496,0.002049299997452181,0.00017939999816007912,5.419999797595665e-05,False
be8f06b7c5e3c42030150a19d127e62410d0063c005e22fa07a6588396771bc3,0.0012348999953246675,0.002116399999067653,0.00018110000382876024,5.579999560723081e-05,False
d979da3077f995cc00ad86874bf1e072ab5de1758d66a30f49e75829604170bc,0.0012799999967683107,0.0021579000022029504,0.00018880000425269827,5.5999997130129486e-05,False
88c8f30ad6979987bf8da671038ac613295b8feddfe3117154d56804b5155a1f,0.0011940000040340237,0.0020084999996470287,0.00018390000332146883,5.419999797595665e-05,False
16d94653089ce0e6da58f3b8f35eeef012763cc1e87ff5ea391a6209e223d7e5,0.0012795000002370216,0.0021059999999124557,0.00018370000179857016,5.319999763742089e-05,False
7afec23373821b330bb2351e9b26caba6709bff614f1fb32ae1f14b73d08f6ec,0.0011293999996269122,0.0023278000007849187,0.0001762000028975308,5.280000186758116e-05,False
2a9e9c8bb8c7e0d327d311de906b07beef0e1fc55db3ec36fb23ec87f6747195,0.001239799996255897,0.002016799997363705,0.00018029999773716554,5.419999797595665e-05,False
b9d8c8185226890d5c8bb32734d4cbe6de59d75fd2d1c13ceb395b5c57c7063c,0.00127010000142036,0.0018999000021722168,0.00017859999934444204,5.360000068321824e-05,False
8592467007c37b0ad0cc554b7f3728d8d767e7e69372a47ad37c3b42d4f252a6,0.0011479000022518449,0.00200349999795435,0.00018309999722987413,5.5800002883188426e-05,False
26dcb7aaa55c78d7c16ac88cc0afdf5866f55a201bcc35503e96c3feef2e349f,0.0012391999989631586,0.002050399998552166,0.0001754000040818937,5.539999983739108e-05,False
e18b4571b464e929786574e3c5d02246608af4c5a17d9e7bd7c6188dd80c47b7,0.0016152000025613233,0.0019751999934669584,0.0001771000024746172,5.319999763742089e-05,False
9b1c7f725d72348f944bdb13c294391468cd40f93fc6df135fd095b17f96f872,0.0011436999993748032,0.0020707000003312714,0.00018619999900693074,5.3300005674827844e-05,False
a830c62fd222bb259e5ddb4d6e94258ba97e3bbea7f43958ab9c7d865097a835,0.0011984999946434982,0.0020425999973667786,0.00017780000052880496,5.419999797595665e-05,False
8a9051069b01fe3da00527f6064bdfc4837d8d621da4c1e9fa705246217bcdf3,0.0012439999991329387,0.0019241999980295077,0.0001793000046745874,5.419999797595665e-05,False
c670fe089618e3d223858e051e1aec310d227c4d7d713dc50b5a2ec6ae6a5c9f,0.0011579999991226941,0.002198299996962305,0.0001725999973132275,5.529999907594174e-05,False
2dd409720345a6bee9ce7bf4f5248b5a33641f07954b6c88be197156d08401a3,0.0011932000052183867,0.001997200000914745,0.00018000000272877514,5.60000044060871e-05,False
03a00cd2af197e9884368597691b03f5150c0cd9914da0d7f595f87a6e13086c,0.0011830000003101304,0.001996899998630397,0.00017950000619748607,5.690000398317352e-05,False
f66ddb361242c8f949c152945829aed741514683ef42016ca3f557e6e8dac8bb,0.0012515999987954274,0.002053600001090672,0.00018029999773716554,5.43000060133636e-05,False
7bed77a30efc4748fc87f018e67b43c2da5e65bff3be61180feb841fb960dac6,0.0012665000031120144,0.001983699999982491,0.00017729999672155827,5.390000296756625e-05,False
c393076b1680d163b6d17bcc069354cf0a514488aff7a7556c5361bb60f3df74,0.004903599998215213,0.007786000001942739,0.0006560000038007274,0.0007026000021141954,False
4cc7ab56c3fa448e98908ffddde07b2a339ca1adf5dabf52e900c2b3d1414747,0.00496969999949215,0.008301800000481308,0.0006575000006705523,0.0007178000014391728,False
1a600cf60c3ad0f1d539bf891442a4b8beb340a26331c092764dc4555490d5f9,0.004618200000550132,0.008706899992830586,0.0007627000013599172,0.0008461999968858436,False
3de42413cb93d368c618d2c94e07c9f426492f4549a576316d7178c1050cf5ef,0.004830199999560136,0.008154900002409704,0.0006437999982153997,0.0007052000000840053,False
330751d7e5279c798cb54b7b229eddd2774799bd6a5e9cfebb0e2c3678402ac8,0.004536799999186769,0.007929400002467446,0.0006433999951696023,0.0009333000052720308,False
f32ab92de51c34e11ab5ad2bb3a9899e221bbf3f82496640c665747deedbd3df,0.004456000002392102,0.0076068000053055584,0.0006358000027830712,0.0007169999953475781,False
f04c459ae82af67d90d9d991528a7ece7f075c44d7e4954b0ecdeff11524c30b,0.004646699999284465,0.007858299999497831,0.0006520999959320761,0.0007919999989098869,False
e87c88c8282d03a28cc53345a6fe0fa2b51942ed104f3df64a72ae2d907b0952,0.00445449999824632,0.007667799996852409,0.0006566999945789576,0.0007527000052505173,False
a7405c5bdefa8dc02a5eb4ece378cec7122516c84e60f1dc5ee3cf9c90f3ccf0,0.004870299999311101,0.007533299998613074,0.0007535999975516461,0.0008357999977306463,False
dc0f35e5628e6153b89394d141b1aa27251de0e2943ff4992f96a9a3b6dc7a29,0.004764199999044649,0.008236399997258559,0.0006345000001601875,0.000775100001192186,False
0c1b5b00f4a57acabfe03c54d92d85d9ac0c88d05095ebda6afb1c7c7cea7270,0.004361899998912122,0.007765000002109446,0.0006925999987288378,0.0008926999944378622,False
0b04367cfdcb9cfd4fdb0cdcf6753460b8acbc910e645686bc799d7b9c4b8070,0.004802499999641441,0.00793129999510711,0.0006659999999101274,0.0007480999993276782,False
a8250141d9efba2af7988e500cfda5966bd35d85545f679cbf5be112a6557be2,0.0053450999985216185,0.007459799999196548,0.0006839999987278134,0.0007602999976370484,False
223ecc58f4b4f2709e3fbe53b2920dde31cb1fecc8d33a99ffed896c57cc639c,0.00491889999830164,0.007913400004326832,0.000683899997966364,0.0007773000033921562,False
b91f11a9e811d352fe5e865016d7efd7576274c0bdf48cb3e4deac0e7af63147,0.004911399999400601,0.007524799999373499,0.0007551000016974285,0.0008499999967170879,False
c6271e8d6a11b8608ea99d6f3942fb4abcd6f520aefe2c50bd4da2ae77f1ded9,0.004612100005033426,0.007888999993156176,0.0008088000031420961,0.0009465000039199367,False
5a616cd988688000ee0457409878811b39d9f9c0278544f8e8de195eadceedbb,0.004738000003271736,0.007859499994083308,0.0006738000010955147,0.0007926999969640747,False
0cbaadffdb829c70c823376598b035a9503c53ea9b9a529bd0486c0c9cb1f653,0.004738000003271736,0.007641999996849336,0.0006844999952591024,0.0007403000054182485,False
932c5f03899bf60cd1c653b80f21a85929c4523e6f605f1e21f15df8eb098006,0.004731400003947783,0.0076903999943169765,0.0007716000036452897,0.0007542000021203421,False
70cf12deac2a3e8cdb2578966d4c203248fece789d008702fac0b691eeee73eb,0.004867399999056943,0.008158099997672252,0.0006896999984746799,0.0007661999989068136,False
eea8428a253594f2f607b51ec49babc22c9e53639c84fd5227f8e4b4144d4b44,0.004287900002964307,0.007852499998989515,0.0007840999969630502,0.0007841999977244996,False
a33a0b4047a4ae7861a14f29de3fbe2513ceea54744df1edd6332ce602a0749f,0.004673199997341726,0.007833600000594743,0.0007536000048276037,0.0007451000055880286,False
761df326b53c6d0528774bf04c28ee0cc03b93880cebc9749e31307d74721717,0.004592999997839797,0.007688799996685702,0.0006749000021954998,0.0007408000019495375,False
1864b23a3c1c1dda944a8e6d069f0405d2d511fb1366f27b827952e7d28444d6,0.004718999996839557,0.00769620000210125,0.0006891999946674332,0.0009639000054448843,False
97da3f06fde8ae8cdece7612af4d15a5e5d416c06cff18c3f3a3632dc2b6c7d6,0.004833799997868482,0.008012699996470474,0.0006732000038027763,0.0007605000064359047,False
64350045ee6696ced19788e94c893f0f16c2a7598b90883f8a7ed54219919454,0.004284900001948699,0.00814100000570761,0.0007184000060078688,0.0008453000045847148,False
f996dcfc90cffa01bef7e2a4064006c2a92ffd3e2825c12f1f50066a2346315f,0.005049500003224239,0.008025299997825641,0.0008696000004420057,0.0007340999945881777,False
6493122048f6e5f8c153fd0026d0ed69ceb2f88545ba3187bedc8778f8b180f9,0.004801600000064354,0.007280999998329207,0.0007990000012796372,0.0007859999968786724,False
fd315f0bcbbd24c979a9c71645b1c773a86442e3f27c70cdfaa65b166f8dd2a8,0.004764800003613345,0.007754099999147002,0.0006675000040559098,0.0007444000002578832,False
670300acc6ca62be69556705fb19010095bd72d5115915c6c4c190b250cc1123,0.0048023999988799915,0.008324700000230223,0.000697899995429907,0.0007524000029661693,False
a84bf95f349b3e0738e8a496dc04102c5beb1f25c59a33cf678b98f475150edb,0.004564100003335625,0.007489299998269416,0.0006729000015184283,0.0007609999956912361,False
95df5aeabe503fd8665981532c7260d6fe5517b1adc6b0430cb8526e479772f2,0.0048110000061569735,0.007936200003314298,0.000683400001435075,0.0007486000031349249,False
22b03a932b561e6e6d24e204762baef38425e02755f3180e6c4231cd24faf0b3,0.005122300004586577,0.007678000001760665,0.0008567000040784478,0.0007447000025422312,False
5457b1f619012373e0ae24a1ae5b68d574efaaf960a550b362ccc3bc687bb39a,0.004859200002101716,0.008031400000618305,0.0007571000023745,0.0008059999963734299,False
e6af7aa267110d856f78124d81fa29ad8bd10b70c727cd3a6f5f54323b59bf00,0.005219899998337496,0.008756300005188677,0.0007334999972954392,0.0008047000010265037,False
fd76a7ba504b2ca9d65087a168aa615540541c34fa528370535db34d51fe1eda,0.0050905000025522895,0.009773099998710677,0.0006961999970371835,0.00075970000034431,False
03e13d9f00540f3e2d998a1bcb0aaf53493631afbbdd1012851c72b00da9c6b8,0.004909700001007877,0.008424499996181112,0.0008150999929057434,0.0007509000060963444,False
ee327cb9eddace88553325ed9c44e57a316e86681c48db065f97d05be06cd6de,0.004826500000490341,0.007857900003727991,0.0007418000022880733,0.000912600000447128,False
93b56725466ac67926cff6f3f93c44c67e3457cc2b13b7727180f3a5d312501a,0.004729599997517653,0.007800999999744818,0.0006779000032111071,0.0007514999961131252,False
831ffbaaa07789bd8a940738f0fc5eccc5c95b7f2b72ef564fb191266588f463,0.00471560000005411,0.007985299998836126,0.0010173999980906956,0.0007408000019495375,False
3ac7bc8b030c7c4229c758d0e57c5161edfd52fd89fe3c2151979d5a9c9f58e4,0.004549799996311776,0.0077096000022720546,0.0007560000012745149,0.0007427999953506514,False
ff1e71c369aa0b422c87e6bb9c7c639c58051c7d162c9a9205bda8901ca08e9b,0.0046791999993729405,0.007972799998242408,0.0006846999967820011,0.0007447000025422312,False
2d93035aeb89271c1aaca369532d6b52cea2a465558100a3db536135d9a08391,0.004804700001841411,0.007732699996267911,0.0007353000037255697,0.0007734999962849542,False
9a4a81a08c21de6ffbe9d87d8953bcf952243ab48756c62e5f02b41ea638a83e,0.004768099999637343,0.007786299996951129,0.000687899999320507,0.0010092999946209602,False
9054717e18bcadc444b79726456b4aa54a019d8e661341257553cb78585e7795,0.004967599998053629,0.00804690000222763,0.0006646000038017519,0.0008441999962087721,False
a3d32e4bd750de0162e26a7f94844788969e141a9d72a30298ea2a6dd70d0e89,0.0041811000046436675,0.0075899000003119,0.0006743999983882532,0.0007535000040661544,False
5d4753f9bdbc15aedb5f371c3aa0271a294206446127375f94023740161eb2f7,0.005409799996414222,0.007947199999762233,0.0007370000021182932,0.0007613999987370335,False
f3c9972c678f330e232533c9fc00d5f8d0681934085fc1408ef965cf3e061df7,0.004802199997357093,0.007793899996613618,0.0006910000010975637,0.0008985999957076274,False
31d99914197fc7449abe69f4f9a288dd67bdcab5891c8189554168646094e337,0.004920400002447423,0.007968499994603917,0.000778499997977633,0.0007595999995828606,False
d44cf267ab70b4bd7c3d6a3a40ad46c2a46a5b9f1515aa28fae832ec9fba58c6,0.005048400002124254,0.00782999999501044,0.0006868999989819713,0.0008189000000129454,False
95487f659ea51f5d466fe9ac96c658529b527690e1eaa373e937106028e74d60,0.004563999995298218,0.007750199998554308,0.0006884000031277537,0.0007645000005140901,False
c6d409afc8d75bb8b0223f1fcd74181842c96313182c61f28f9d18e42415074d,0.004665799999202136,0.007930599997052923,0.0007138000000850298,0.0008673999982420355,False
3178f1c56179d84f8048b3d4c91efb27a93b88b76f09d22c506ffe07496b396c,0.004850699995586183,0.00776689999474911,0.0006865999966976233,0.000756499997805804,False
8575913392b750c3abe4499d8cac9f982216bcb4a8950617139e4540322be52b,0.004702599995653145,0.007683799994993024,0.0006752000044798478,0.000785599993832875,False
b9c30874111bfd829000a9b0c60d0adb1db18ac75fe02252bd33cd9be743e3d1,0.00512190000154078,0.008352700002433266,0.000672800000756979,0.0007593000045744702,False
50c5719907516fa500c17726e0860e8a4fe58f03115b071787e3f203ce50e701,0.004732199995487463,0.007613699999637902,0.000676800002111122,0.0007659999973839149,False
3dfa2e9e45771fce7120be84e669107feac732cb5807cb0b64a2bc8a74a09c6a,0.004943300002196338,0.008306099996843841,0.000720000003639143,0.0007547000059275888,False
8382b16a3df5b0f532326f73493d2ca1f2348dda1c900234f259ff71e593ef64,0.004897700004221406,0.008094999997410923,0.0006735000060871243,0.0007636000009370036,False
381731bd7b0b64d10f9750055cb99d399a53d8cd6a75fe75d3e6e9fab61fa499,0.00479069999710191,0.007931899999675807,0.0007048999977996573,0.000850900003570132,False
c12a623753bcff11fe3a8e6431b039f893a0bbe275dad66b860d129d8561b899,0.004899299994576722,0.0077528000038000755,0.000683899997966364,0.0008158999989973381,False
58fccad8d51b97ec1b23ab67efe776c31ceede5b1b1875ad6edd217423d53ba9,0.004231300001265481,0.008021000001463108,0.0008085000008577481,0.0007518999991589226,False
dbc982376bdc489cbaa6945ac13c9b616b362b4923b9da871253ad51fc304c2e,0.004643499996745959,0.0077459000021917745,0.0007235000011860393,0.0007256000026245601,False
e4b21508cbbc14dd8187771645b0b89994463e2586c5cb3cca10f0076d1a4630,0.0048944000009214506,0.00772799999685958,0.0006552999984705821,0.0007649999970453791,False
84567be8551a47e437b7ba7a34f0b374909f1b4df5b47ad1c4ffec14ca9e4a81,0.004701900004874915,0.008494100002280902,0.0008304000002681278,0.0007066999969538301,False
621571ca88f3d23a58628e65199a9012d4384c8e5feee08beef614459657ec40,0.004730199994810391,0.00845149999804562,0.0008549999984097667,0.0007431999983964488,False
c0fd47d19f7e3421ba3b8bcf4a77208a3a7ede8d967b2d32e9017228cd93f77b,0.0043876999989151955,0.007949300001200754,0.0006584000002476387,0.001105499999539461,False
3f0f070d08122c1d5ba94fb2d578734fc060415356660aeb1eeb10a4568059e8,0.005264200000965502,0.008000300003914163,0.0008165999970515259,0.0007200999971246347,False
919e3713716c9dcd27eef7a72b9a8227ebd3adce53e566f7b006f0bc37da57ce,0.004840400004468393,0.007682499999646097,0.0006590999983018264,0.0007470000055036508,False
2f2aa972ff27a1162014c9e6d25485ee15beaeacf4fd28a7561108902f79d976,0.005194199999095872,0.008249899998190813,0.0006611000062548555,0.0007485000023734756,False
f0b3ee340a899343d3aeec2650e0af4b511cf27b893105b46c40a501b6946831,0.004583300004014745,0.00800840000010794,0.0007083000018610619,0.0007473000005120412,False
59df57117b4ff4b649c8dbd21848859f1b3de1ece0ec8abaf990557e2df40636,0.004803999996511266,0.008140700003423262,0.0006659999999101274,0.0007289999994100071,False
0c377055c9a6b3ecce97e0cc4bfd2c5c46a2b00aa7c3b8c14de8679603a5c357,0.005497300000570249,0.008346700000402052,0.0007105000040610321,0.0009113000051002018,False
b8bfdcfeb677ac288dc256b4daf571ab144fc9480be64b5a9f6badbbb68dfc3e,0.004819900001166388,0.008226899997680448,0.0006700000012642704,0.000826000003144145,False
a87b323a1bff83bcc00244960331296f0b0590a15f2a06e81695862384cbb94f,0.004908999995677732,0.009118200003285892,0.0006928000002517365,0.0008056000006035902,False
6380da0256d26805c9205b2fa591a8dbe04362ef11fd51586d73d66107820ece,0.004736099996080156,0.008353099998203106,0.0007572000031359494,0.0007371999963652343,False
45e7a8a554251059e060ef836012cf765fb6a95438edfe12d1e484246ceb9f9a,0.005080299997644033,0.009021700003359001,0.0006483999968622811,0.0008229000013670884,False
00c04439447601613e70e72d8d722a8f62ba0c29dd56e0b7658a18cd2654db4d,0.005242500003078021,0.00890380000055302,0.0006750000029569492,0.0007361999960266985,False
d38d25d0165c06b9d3fdbc88db03ff116568dd682de3372b05faffe73c67a959,0.00526009999884991,0.008907800001907162,0.0007989000005181879,0.0007767999995849095,False
55815058118be20cf4633ca5259351ac8f1f639bf9b922565210f27fd7904900,0.005083099997136742,0.008744999999180436,0.0006790999977965839,0.0007340999945881777,False
2420aff38e6f39ee9b89c2b7c216ceaf954a4e01c2d4b3b49e0d96d998c75ea1,0.005475299993122462,0.008818700000119861,0.0007305000035557896,0.0008630000011180528,False
3468ce8a3cc7a7870b62c651b206991660a8183cc460731460f36ef90062c1c9,0.005429500000900589,0.009343799996713642,0.0006615000020246953,0.0007551999951829202,False
fc3771e89f41e00d9716b172bb6dca4a36eaa67eb32ca8191bb1864f4233c9da,0.00525970000308007,0.008969800001068506,0.0006763999990653247,0.0007535999975516461,False
1daf33ae07b69199b6c2d72b129f9885e906ceb8f94d4bcf156bbf5d7586ad53,0.005384300005971454,0.008928399998694658,0.0007070999999996275,0.0007537999990745448,False
004a9a809b8b142417cf1bc7c2cf135bf63a234afb2961e571dc66cfe57c598a,0.005180400003155228,0.008854899999278132,0.0006710999950882979,0.0007436000014422461,False
7ccf7cf5fd81dcbd239a03655295856af5bfafad9e744aa2d567dc958c423716,0.005770000003394671,0.008719100005691871,0.0006594000005861744,0.0007401999973808415,False
bbf3e9035cc995684a89e0000f2ccff4d20782a65199796496eb0ade7eaadaf9,0.005082700001366902,0.00849999999627471,0.0006744999991497025,0.0007532000017818063,False
2d671ea118843f8ef0e1ebbc4a46f2adb2ec6a5d541a94229c5c414efd921c1d,0.005160299995623063,0.009043199999723583,0.0006640999999945052,0.0009216000034939498,False
0194068ff8ec7c36856c07058483cdf9d495ee35b7190439589a88e25d4366cf,0.005376799999794457,0.008502799995767418,0.0006554999999934807,0.0007464000009349547,False
133c7ad29c07d0298154db695002cd9fc5ec77923e8c87f7cf6d634afae0ed10,0.005319299998518545,0.008633899997221306,0.0006639999992330559,0.0007903000005171634,False
c7c764812200beebd5425a7b1757583a038dcd035083b406fff9cbc502166089,0.005542899998545181,0.008525299999746494,0.0006575000006705523,0.0008794999957899563,False
610c4cdac60ea1433b921cc53d2122182fce0705a67b73336affd7d775494140,0.0054022999975131825,0.008737100004509557,0.0006549000027007423,0.0008316999956150539,False
b892ab90cb8b7490365235f491d775f21c8cf2dc5d36a3ddf89135ae033f3b20,0.005495799996424466,0.008772200002567843,0.0007123999967006966,0.0007496999969589524,False
8f6437dd47040f61daa49e7a09b5e7529db68c0f4a9f53e3d73ab34761d29843,0.00523790000443114,0.008480200005578808,0.0007011999987298623,0.0009043000027304515,False
ff4e037e524e2bf2618e23b0028c8179fd6cb541a93539d6a019a8006059a95e,0.00515340000129072,0.008735200004593935,0.0007556999989901669,0.0007441999987349845,False
693512d3a8f4d36d138ad0eb7d55d0ba782d331697084a4a7bee82c348dbed28,0.005258500001218636,0.008613700003479607,0.0006610999989788979,0.0007484000016120262,False
a669b9c7878af1395d331fd27d8976f16e00b04c835e43ed70f91d94436ff9b1,0.005405700001574587,0.008570099998905789,0.0006658000056631863,0.0007949999999254942,False
ea81ce1ac6f7250f79dad5a2ee0c4a5cf89f28b50f371f0116093eef1c426f57,0.00533749999885913,0.008623200003057718,0.0006643999950028956,0.000848000003315974,False
8357d23342376c41a779828369a15d3093069fed91ce4e693c06e75d35cfc70c,0.005425300005299505,0.008896999999706168,0.0008044999995036051,0.0008223999975598417,False
76f309f261184852e5dcd03c795429d84fc69d5a3de4db707eb3c3d84974b616,0.0057586999973864295,0.008794499997748062,0.0007545000044046901,0.0009027000050991774,False
c5a0faa12ab5d984a245dc428ad9d1d96eee9ff6d6003891d2be5d6dcad1ba4e,0.005138100001204293,0.009023999999044463,0.0008686000001034699,0.0007487000038963743,False
3a931504398f82477a060bad8a9fe5862d5ec2ac9a20dd198b0620a3f553d981,0.005244899999524932,0.00954479999927571,0.0008990000060293823,0.000771700004406739,False
37664eee0e4f089029d49ca3432e9df9f1d330b5272eb98972ba1dac6caf7b29,0.005564099999901373,0.009160800000245217,0.0006611999997403473,0.0008171000008587725,False
12185a643ac793bab91e44e307966cda33bb95827d770662f56e5e58cd56acfc,0.005988100005197339,0.009158300003036857,0.0008776000031502917,0.0008677000005263835,False
3c67dd35154f2f6c98d70a2c7d3be784e13e7c3afc6ab11a34ea93f284d507af,0.0056460999985574745,0.009309400003985502,0.0006567000018549152,0.0007649999970453791,False
dfe7a80e014f272fc77868cc1aa84838d4c2bb0268f1c0daf3cb83237a43697f,0.005638299997372087,0.008420999998634215,0.0006929000010131858,0.0008536000023013912,False
a033e0fff16b92c82a24015127f80d73189d48592538c67bd7e9640945cd9c39,0.005532399998628534,0.010314999999536667,0.000676499999826774,0.0007387000005110167,False
f945326b9b296ef69d9562ac7c76259d55f6bb938a2b5d125c5e19d62c0c6401,0.005253199997241609,0.009102899995923508,0.0006815000015194528,0.0007785000052535906,False
4530631b501104efd64382f9fd7e2147824be4bb82df13d9041f5ddeb62cb7bd,0.0052574000001186505,0.008412299997871742,0.0008970999988378026,0.0007331000015255995,False
a9719414dad94613621167828a19769c8cc15322857440e87a35a7dc498fa42b,0.005496500001754612,0.009015399999043439,0.0008457000003545545,0.0007461000059265643,False
1043f9bd355d03fe0408cbd731f7cf76ae5e4899335698aba0d9ce05336d5180,0.005971999999019317,0.009566399996401742,0.0006455000038840808,0.0007387000005110167,False
b1c69d645227df737e43c60184a3a266ca7184a5f0246ffc2d375d6129f7f4de,0.005127700002049096,0.008778999996138737,0.0006704999977955595,7.110000296961516e-05,False
19658015b44a1cf4b0a4b00386ec219883d4161b457b2d80bb48596fc6093480,0.004626399997505359,0.008488200001011137,0.0007186000002548099,8.299999899463728e-05,False
63d3c13855c5331fa13912c7c825012bc51cbc7702deed5a82cb50de0671e2bf,0.005433300000731833,0.008884599999873899,0.0008490999971400015,0.00010699999984353781,False
05b0f5efb285ab51420872c3cfba8d875e9593ca455f85a741850f8f85359e77,0.00504930000170134,0.008686900000611786,0.0006771999978809617,6.929999653948471e-05,False
9a801dcc4028e78f3600bc41838d48803e02fd3f9e18bd14b6ddee3f11fccd6b,0.004958900004567113,0.009248499998648185,0.000665100000333041,6.86999992467463e-05,False
f2b09fb4c4f07fc2b7e4047f821a4b95ebba2932224128c5a77daccd68221528,0.00468709999404382,0.008551699997042306,0.000672499998472631,5.8099998568650335e-05,False
a87def5a0736f2dd60eb287a2c3f852dc0697b019d4f8f911b38f6ba7381bb3d,0.004979100005584769,0.008609900003648363,0.0006818999972892925,6.27999979769811e-05,False
321170a3e0012e6c957aa4e7a0461b3d445c5f84c4f0cf1c34e314a5399d028a,0.005090999999083579,0.008720599995285738,0.0007408000019495375,5.5999997130129486e-05,False
8013dbd06b74967f45372a860de6dd76549d7893220b96851e89a3763270b0ec,0.004603600005793851,0.008933900004194584,0.0007325999977183528,5.819999933009967e-05,False
2efad90a901aa013139e0f16f9705d7ece5663b6254edc27543a4958924dc975,0.005239500002062414,0.008689100002811756,0.0006780999974580482,5.9600002714432776e-05,False
6d03eb3d90663be292d6a68eb0de1d745ddec17b876184c21e7cd4ef791679a6,0.0046862999952281825,0.009207100003550295,0.0006910000010975637,5.409999721450731e-05,False
7d416f5c814136ccdead127a6ebaccc046b571ac3fd57a091b8539f9b8e2e9bb,0.004785700002685189,0.009212500001012813,0.0006950999959371984,5.980000423733145e-05,False
8051c95f150d90f7d13ddbdd6fcf2572cf01ee468df205c284b4d00b1c914a6b,0.0053496999971685,0.008957300000474788,0.0006818999972892925,6.009999924572185e-05,False
7d248dde3108633e34965bd5089e18c82ae014097ddd10fb1eb5be1c35341536,0.004692000002251007,0.008515200002875645,0.0007421000045724213,5.869999586138874e-05,False
e2e251d0091e5dd547aebc8b5f0498042f910cd3f01ccc072be6822fe205ccd6,0.004895800004305784,0.009287900000344962,0.000690799999574665,6.819999543949962e-05,False
1077dcbb6cf192806f210c089ab8129b19c6294ae912e8e68ad659158659c6e6,0.004695600000559352,0.008657800004584715,0.0006853999948361889,6.079999729990959e-05,False
3b3dc66a3f50807b61468b7176f2c8cca3cfdf26a8616140c5d0ede5058074ed,0.004649200003768783,0.009025599996675737,0.0006862999944132753,5.860000237589702e-05,False
ee50b2a15f87ca8c5636e349413358502f69a99f55f5ed91330c2cc2e630f0c2,0.005075300003227312,0.009084700002858881,0.0006926999994902872,5.62999994144775e-05,False
5671fee70d309c99297242dba8e1f4d8c6c8c16b11efae3b4bd00b57be093d93,0.004842900001676753,0.009022500002174638,0.0006802999996580184,6.209999992279336e-05,False
9d6f1bf42ec4a5dafb5fa3f0a00eb276843da651c78c5aebe43aea8771a22d1d,0.004833200000575744,0.00995870000042487,0.0006949000016902573,0.0001857999959611334,False
176028e7cf97eaf9b5870386a9ac88d9ae9813396baa9705f332639c2fd34fa0,0.004864499998802785,0.008813400003418792,0.0007219999970402569,6.0500002291519195e-05,False
e6049325fd32600f366512b5fdb43b73a9daf128f4bbc9bc227f36eeeda946d6,0.004615600002580322,0.009321699995780364,0.0006772999986424111,6.169999687699601e-05,False
997c439035ec2da62f742e58a7ab4c88d0db2ac1a44e250fddc822c89ec35d3e,0.004862100002355874,0.008954099997936282,0.0006720999954268336,6.150000263005495e-05,False
0252125f52f71469c53cac991481f4b3df0cd7c322fa168b4b6a4d2e075c05d4,0.004627199996320996,0.009073900000657886,0.0006862000009277835,5.699999746866524e-05,False
a985c6ab46804a6c5287d71e3bbe7e7efbd0b7bbf711e83a0219e276b5d3b65d,0.0049555999939912,0.009131500002695248,0.000727599996025674,6.340000254567713e-05,False
4f4aed87c780c4bc1daa0c095894a99b37d21e2af5ef0337712275c2b116e072,0.004753099994559307,0.008798300004855264,0.0007297999982256442,5.62999994144775e-05,False
e9880770d399e4e6ee0b83d65042e4622a9f82c3f523b2ba5979ff656ef1c445,0.004621599997335579,0.008646000002045184,0.0006863999951747246,5.7900004321709275e-05,False
2becc6cdf12406dbe3ec79c9f3397017f21991b6468ec7476f1cecce698e2e65,0.004969399997207802,0.009121700000832789,0.0006824000010965392,5.5500000598840415e-05,False
b7d761de45f28bd36620ddbb6004dfbb2fe2e789ee54cdf5151ecef7bf688d76,0.0046872000020812266,0.008911600001738407,0.0007474999947589822,6.27999979769811e-05,False
9ed7bc5968f1de8aecdd5b09fb0ccf7caec119dfe907b60c80f662ff64635148,0.005327300001226831,0.00873439999850234,0.0006731999965268187,5.7199998991563916e-05,False
5d537cb70dbc0c4170d98207b3c0a15f0e9b37cdf6b248afc41f3fb31e9c8c8b,0.004678199999034405,0.00952809999580495,0.0006961999970371835,6.969999958528206e-05,False
727d7aee8b756ccc71f38c102ec73da2b84537e53d293e77ec68a6cb28d26f97,0.004877999999735039,0.00873410000349395,0.0008811000006971881,5.7000004744622856e-05,False
48d072d97330a9532311ac0b5974e98488f1064ccda2777c0a9c87cc420cf7bd,0.005110600002808496,0.009444200004509185,0.0006749000021954998,5.800000508315861e-05,False
c87bb161864e0ca002f2a47e83bc2221faef71c904e147d8f570139731bb6d27,0.00491860000329325,0.008600900000601541,0.0006940000021131709,5.62999994144775e-05,False
75c8fc1304cf026d9dd453483896cca28b0d2f2dda2da9439171d4f9cf2a6774,0.005212199997913558,0.008906600000045728,0.0008454999988316558,5.6400000175926834e-05,False
4aa50dbc3c003aadca05d2d91ea5d33af341030c11d3370a4252fd55f5393bfc,0.0047153000050457194,0.008900000000721775,0.0006869999997434206,6.089999806135893e-05,False
0d944ca5b432a07c4749bfe929dff186e10107e926988b3a9eb80e42228d54e9,0.004502299998421222,0.008757600000535604,0.000970900000538677,5.740000051446259e-05,False
f55870be14ef9f5cf7bcd6fabd2b568096c76997a6e8b8b553f1aacccdeef1de,0.0050651000055950135,0.009168399999907706,0.0006754999994882382,5.7000004744622856e-05,False
77a62fda6e7575e14b0697765b23bc715518e7ffd3125ed3bd3d1d1a1e5136e8,0.004832499995245598,0.008764099999098107,0.0006683000028715469,5.8400000852998346e-05,False
cc65868c931979b3a8d3cb03d844aebd8081e7e3cb58b08c5f32c5710f748c40,0.004922300002363045,0.008693999996467028,0.00067299999500392,5.560000136028975e-05,False
b6e64933f59f2bac113f8ff990c165549124b434e134a53e408f13f568882af8,0.005158299994945992,0.009230200004822109,0.0006854000021121465,5.879999662283808e-05,False
a657da48888b51f2cc382bbfe40ba8bd68300b80bbd0e70057f84d0e9fc31fc4,0.005310600005032029,0.009282999999413732,0.0007654000000911765,5.62999994144775e-05,False
977f3f48272efc5251172bfa99ff5763d0302fa44a84132b05719d6e158cc096,0.0050028000041493215,0.008904300004360266,0.0009466999981668778,5.950000195298344e-05,False
b955c8103209dee08ae54cbb901c3be42784361208b327bb23f0bc69cb7e7ddf,0.004784600001585204,0.008948199996666517,0.0007008999964455143,7.670000195503235e-05,False
2ecef9a61edd934d22ce40005786194aa915ae8c7ec4c4138c7c4dd2999bb420,0.00488970000151312,0.009032900001329836,0.0008423999970545992,6.10999995842576e-05,False
3d1d797f8c3855134266e03527110e2949adb91531717aa39beb606f9118d1f6,0.0048544000019319355,0.00978699999541277,0.0006900000007590279,5.989999772282317e-05,False
687d3ec89c0663965ac7fbb7e1e5ca5089845febcaa57e9f82453cc0dc9b67a4,0.004636699995899107,0.011573900002986193,0.0009322999976575375,5.660000169882551e-05,False
46025ca5216a963e342bfc6f838b2f7dd30ae74439f5995b322bb5f75b9a6dcf,0.004990299996279646,0.009184900001855567,0.0007999999943422154,0.00044039999920642003,False
aa55ac7ff641d7dc882b1563a9f1f2a1e600db06baa5d76aae73e29ad51c44f8,0.0046652000019093975,0.009002699996926822,0.0006789000035496429,5.6400000175926834e-05,False
db7bb0145b1fb303ab9a9c16ee9e67193af701f5127531e848ad3ef8ec790ad9,0.0053009000039310195,0.00884809999843128,0.000680199998896569,6.839999696239829e-05,False
d526448a7f8a84a72fe1b043765713525656b2e98a955a5222c8cd87f3e284df,0.004794100001163315,0.009032000001752749,0.0006685000043944456,5.270000110613182e-05,False
31a0998084977d126dd3c8a90ec1d4ce1a0f58134fb2b7937f80196d02bc4eea,0.004601499997079372,0.00913379999838071,0.0007989000005181879,5.660000169882551e-05,False
53edfcfa8f23c3e24716b02cbb8650c30c188bb1c38fa18dedca1c1a553d8919,0.005147800002305303,0.008874099999957252,0.0008271000042441301,5.62999994144775e-05,False
6dbdeef2347409b1f9d02962e156387a629390496a2ae5bb0cdd96a843df6928,0.005026099999668077,0.008812200001557358,0.0006606000024476089,5.319999763742089e-05,False
222f7f57a3cfdcf4c9fe8d260ba281ac781c25ce91b3fc52dc6fa80003eb5a7e,0.005119800000102259,0.008793100001639687,0.000665700004901737,5.289999535307288e-05,False
1459a09029915acc76e000596ca0283fcd641b02fc4ff44dd0c36584fbeaeca0,0.00502039999992121,0.008794599998509511,0.0006745000064256601,5.220000457484275e-05,False
14cd7c14bbece15770ebcf1c6ae5f9ebcbd7edcc228a8e1f3871533ad4b7e902,0.0047058999989531,0.008507400001690257,0.0006866000039735809,5.37999949301593e-05,False
78f8c5d06d4700b571ed180ee019f2fd3cd14af0ad8bf70d8899eb2a9986ed19,0.004736599999887403,0.008847299999615643,0.0007126999989850447,5.3499999921768904e-05,False
3fbee9283c3f1464850c1d7f2738dd4b6e3dec536261da0f47cdfb96f1093d99,0.0047469999990426,0.008527600002707914,0.0007283000013558194,6.009999924572185e-05,False
2f5931c94d1d80c26f635340d84d9c36c24215ad409954872852ff1dc680adf9,0.004924199995002709,0.008892500001820736,0.0007544999971287325,5.4299998737405986e-05,False
572a3ec8c3070979e392ba5400634ed3ec6da3d3968abc4ebeca1f54a60f53e5,0.004781100004038308,0.00905100000090897,0.0007245000015245751,5.370000144466758e-05,False
13b1717206c9f17063b90480d77d4015ca1fa2565ad80e6636c2a04170d52efa,0.004636900004697964,0.008933199998864438,0.0007655000008526258,6.179999763844535e-05,False
d26184dfef3bbce207bc6fc758ac089dfa70b410268af58cda948f95767e094c,0.005157600004167762,0.009132999999565072,0.0006882000016048551,5.8400000852998346e-05,False
439c3992f0c3e7b24add349bfb5d9f8eded841ddfd8c2db440e5375fc0288c06,0.005091699997137766,0.00910920000023907,0.0007663000069442205,5.660000169882551e-05,False
86748fa80c8f7c8f221df037ea9b7e9fb326a47f30c803cabad2c0febdd2da04,0.005033699999330565,0.009759300002770033,0.0008016000065254048,5.300000339047983e-05,False
b0e4aa72fec35c370a7e4ea1f07e6c349312f1466381297fa525ca7a8f470d39,0.005032299995946232,0.008797200003755279,0.0006827999968663789,5.5000004067551345e-05,False
a29b7f4c051d5c15f6df62f89bfb5f3d623b6383bec275f52818facf21df1c6e,0.004827600001590326,0.008880899993528146,0.0007727999982307665,5.3099996875971556e-05,False
c9f2a17f2133593b921a82fc86239ef95ae59dd9fbc50c314cb8c7c2c642ead5,0.005123399998410605,0.008920399995986372,0.00072340000042459,5.589999636868015e-05,False
f2a0b5d1d2ea77aaea365947de2d0a39bc9f85f069aab34a9a0fca36f4fccd94,0.004877999999735039,0.00880400000460213,0.0006720000019413419,5.469999450724572e-05,False
6758175a74335281fe3baa78af97895260eff112db09d5df67506b2f6f5569fa,0.004946900000504684,0.00916259999939939,0.0006969999958528206,5.870000313734636e-05,False
5922a071e114ff07bb2dee08490cc709eced3b58a87ddfbb99a50c2ded426cce,0.0048397999998996966,0.008856200001901016,0.0006712999966111965,5.2900002629030496e-05,False
65ea3571d6077ec55977f6351b0610b745d4e3595c3d2e32405a36aa4863657e,0.004864800001087133,0.008691600000020117,0.0006745999999111518,5.3800002206116915e-05,False
c6e59dcaa0f8f9e7780ec4541d1ebf49a87e98d2a914a03b2ba277364055c11b,0.005143100002896972,0.00907030000234954,0.0007008000029600225,5.6700002460274845e-05,False
e14004710175271199cec8be19234431cc89254de6cdc480e56a93c353bd5bef,0.00491600000532344,0.00874889999977313,0.0007759000000078231,5.650000093737617e-05,False
72cf7367560a04d104e9e4c958b46a7065ea6bff82759f26c44732f41fc7ed33,0.004971499998646323,0.00882850000198232,0.0006701999955112115,5.360000068321824e-05,False
fa7a247e1f391ff866760162792f0fb07c3bd25a9512492a7753b7cbe5bf89ac,0.005240300000878051,0.00904850000370061,0.0006931000025360845,5.409999721450731e-05,False
89ee83458f83fef9b29db4c34c14a9f1ee967071bf20ff9a7fb0b3b900b74022,0.004676900003687479,0.008743500002310611,0.0006685000043944456,5.370000144466758e-05,False
e1689102bf88f03d0f6eba00b2d744ef60623e042259ecf16a73ceab6fcc5041,0.005007899999327492,0.00911370000540046,0.0006663000021944754,5.319999763742089e-05,False
3450057a1803119805cb9b7a30058a89e9a9e93658ac92d1fd3167b2af59f388,0.004456100003153551,0.008856699998432305,0.0006689000001642853,5.819999933009967e-05,False
3196a25f633feb4542e0e01a83e7f14f505dc324ac08e2095a1fe9ba974f5860,0.005382100003771484,0.009624399994208943,0.0006575000006705523,5.280000186758116e-05,False
26344b2f9acc5e70ad84dee670d0f639138b905f4a2e57b01fa2b88c43baa92a,0.004655999997339677,0.00901259999955073,0.0006819999980507419,5.360000068321824e-05,False
a43b65631340ba40cb78e1d374f87674b685157a65d784bf3521735cc9848953,0.0049875999975483865,0.00877319999563042,0.0009281000020564534,5.3499999921768904e-05,False
6bf2d3f296f8bc2aa6ae888be8e969f8688554af225e3e4bddfed9db25160fbe,0.005011000001104549,0.009029000000737142,0.0007362000033026561,5.409999721450731e-05,False
df7bf73ad3f69443e67d297af5f3fd0e7d290601563396546151cd5fb5165e1d,0.00472779999836348,0.009490500000538304,0.0006890999939059839,5.490000330610201e-05,False
e056b0159e1293e875e4aad1cd5cf618861c2eea5faf154cf6653267eed789f6,0.005050300002039876,0.008961999999883119,0.0006794000000809319,5.5300006351899356e-05,False
d9c98a5f92471414cd03c351f1edc03d0133c0c529801428a010ecea19e05bc7,0.004674199997680262,0.008575299994845409,0.0006957000005058944,8.309999975608662e-05,False
30b5fef620fca1247d6573bd57324f4b35ec8a583df0552d183457ec3e54035c,0.004808699995919596,0.008893199999874923,0.000738499998988118,6.159999611554667e-05,False
bd7bf12a707c2bafbba9415964078a77e0e3638337fe9f344a075a48d731e04d,0.005124900002556387,0.00925709999864921,0.0006872000012663193,5.4299998737405986e-05,False
098c86da741725b92c46feeae79265d304617657501388b88955abe0da7dca65,0.005128099997818936,0.008974700001999736,0.0006693000032100827,5.4700001783203334e-05,False
ecd5757cb5d000d88d8f4120877362077d548685fafe1dc5e1b2fec1d9233c8c,0.0051234000056865625,0.009019500001159031,0.0006649000060860999,5.249999958323315e-05,False
5571df3c7a29842efcce5c74db2f9be77d40a25e7fe6cabaf588ae114a16129b,0.004954600000928622,0.008712299997569062,0.0006560000038007274,5.439999949885532e-05,False
207783812a41e8baed94f3c162adbb5a2daaeb35f619b0b8bbf75a0a04310019,0.004647499998100102,0.008602199995948467,0.0006696999989799224,5.4600001021753997e-05,False
a75adbee9dda81c1d2e414a665414dfa0f960128a0c57f046406bd01f4806a84,0.004944000000250526,0.008733499998925254,0.0007874000002630055,5.5500000598840415e-05,False
15e09cb302beb5b9aea745bf76a8bbc12a44edd81a4596400e7792b0af388ba0,0.004953200004820246,0.008710900001460686,0.0006617999970330857,5.3499999921768904e-05,False
4d78516db552e91ebc0a5ba89c56f793484d33c4c98f25c3492e0fb7d1904e40,0.005210400006035343,0.008752599998842925,0.0006848000048194081,5.3099996875971556e-05,False
4a757806fbdf50ee8fbb731b7ca7c777efa4892fbc579ee5076122a9f38953cd,0.004782399999385234,0.008642799999506678,0.0006726999999955297,5.3800002206116915e-05,False
1451385952560d2c3270a43a909d615d1ed0b7c0ec03907ead93e6eeceef9a0c,0.004583099995215889,0.008691899995028507,0.0007040999989840202,5.830000009154901e-05,False
5b82bf187b6b89494b1aeb97aea4964ed4fc0f550bbf75d2ea8a113407ac6265,0.004852500002016313,0.00865219999832334,0.0006856000036350451,5.320000491337851e-05,False
be6219cc8635a2b93403c257b216e5b4da2516af54daa134cd59ff39d6be5249,0.004637999998521991,0.009074399997189175,0.0009180000051856041,5.520000559045002e-05,False
d36e5bfa2baf5c9bb41da923de8c6bc3f9081cef96ece22d32ef1f5bf0209abb,0.0049093000052380376,0.008836200002406258,0.0006723000042256899,5.6400000175926834e-05,False
1f755cd2117b238f09aaa0461716961a7c552fbef1c289299e8529e36d900271,0.0048166999986278825,0.009185799994156696,0.0006630999996559694,5.320000491337851e-05,False
c3e54788ec5bbfd98436ac6609d9bd41b79ba7c8b73200933f7f4c3c83fb8d85,0.005009100001188926,0.008980400001746602,0.0006749000021954998,5.4799995268695056e-05,False
78a8580d2c91f33ffdef00a8b7be280fd34835484b91e261d8d94b0386853d5f,0.0051191000020480715,0.00897360000089975,0.0006710000016028062,5.4700001783203334e-05,False
d50baa1c69e261968964be13fc29a95bc33e8698660376d122bc404b22cfd17b,0.004766199999721721,0.009017099997436162,0.000672800000756979,5.4700001783203334e-05,False
ee32b6f43fe2677f5926bd5f7d83632a87e846ee6a4e1493242fe47ec9997265,0.004948800000420306,0.008708400004252326,0.0007069000057526864,5.300000339047983e-05,False
bb03c324399033db2319f0c91f05356bbed8bc9e55ee9d5b6088a243df5aa046,0.004958199999236967,0.00875629999791272,0.0006541000038851053,5.299999611452222e-05,False
ea16be439adcb924b6f7e7a0146e9d5cb40b1dd25e1a36d99f621a346dd901d5,0.004737099996418692,0.008488100000249688,0.0006543000054080039,5.559999408433214e-05,False
84a1c04cfdf3a6381b638f18d10ec72c580853816af09ba6f6adab7dfe9dbf92,0.005178600004001055,0.008832600004097912,0.0006718000004184432,5.280000186758116e-05,False
05fbb8a5269273420074c6c37e0e6b10c98943dc3d96ca3384cba65ddb1f6915,0.004938700003549457,0.008727699998416938,0.0007246000022860244,5.3800002206116915e-05,False
576031f05227e5cb17debe98d68d765ef4c91e7a56d15debb31c5b82aa17fb8d,0.0050241999997524545,0.008716799995454494,0.000680199998896569,5.5199998314492404e-05,False
25ef55ed629cdcac56ce1c4bbf14526a427df416f2168c470a93b22e9cd90bad,0.004956199998559896,0.008839399997668806,0.000662500002363231,5.319999763742089e-05,False
b7b790d69e0e9ebf4498871edee4c6eb1a5c2955805cf4c04ebe5158eb392630,0.004639499995391816,0.008551599996280856,0.0008130999995046295,5.20999965374358e-05,False
cb8c922e2746b78ac3225df17a09e6e7f97fad1495b5dbc41c387846dd943d94,0.005178599996725097,0.008754599999519996,0.000669100001687184,5.329999839887023e-05,False
07341e33ea1b69a49121805fd6f97457a3193425ac3b2fd60e074fd4b9a53963,0.0048504000005777925,0.008602200003224425,0.000690499997290317,5.2600000344682485e-05,False
5aabb302d21960b98eb6deda4011278d2c75d7a27351a438f24f9a792d4bf190,0.004871999997703824,0.009110499995585997,0.0006636999969487078,5.2600000344682485e-05,False
fb56601bd398ea76a8c7cd74bb649a68f5b929edf35524f3b73cf7755b3477b7,0.004647699999623001,0.00865440000052331,0.0007331000015255995,5.3699994168709964e-05,False
f4ba382a72cc9a514c894efeff0caba8854f70deae6bf249b3f2a45a5eb50fc9,0.004513700005190913,0.008937200000218581,0.0006929000010131858,5.249999958323315e-05,False
9a5b155dae793001f94d1407fd21620b8d3dbabeba5de7c9678238705a5db526,0.004858300002524629,0.008867900003679097,0.0008174999966286123,5.2299998060334474e-05,False
a7af3e2ef7a3400fecd60da256961d59fc25bdba051576df2199d6fcab8c28d5,0.0045876999938627705,0.00903209999523824,0.0008787000042502768,6.819999543949962e-05,False
bf0f75860556cef7089ff1d599f5368b03b080e876255ab3c229a3da681f515e,0.004949199996190146,0.008804199998849072,0.0006796000016038306,5.4799995268695056e-05,False
3704f23a39b1c61cb93b2fc2a5f8f1c4bd3f9f4ec56f057668b1fabb7e084f87,0.004625400004442781,0.009168399999907706,0.0006799999973736703,5.560000136028975e-05,False
5d03b8d79484b37d76a9f6d9c724da04627543de6bc93651033ce1742f28f16c,0.004877000006672461,0.009113699998124503,0.0006638000049861148,5.729999975301325e-05,False
e9c8fe056e3cdfbdbe208300bf0315a362e86ea029bfb6cb48f80a5d87f4ded7,0.004736999995657243,0.009029799999552779,0.0006781999982194975,5.740000051446259e-05,False
06dd7ebf73637ab5fb5060d8d3e7c4119005f7caf6b7ab6a603a99147052262b,0.004670300004363526,0.008516000001691282,0.0007335000045713969,5.110000347485766e-05,False
bb48f1570fb3305ef80cc5514f0b34ed8d5376a8bd261c0360496f57f6f0e37b,0.004889499999990221,0.008805400000710506,0.0006624000016017817,5.219999729888514e-05,False
1a35d0c5ce58288a66cfa5b19a7ca0a1af1bfaf3ed8738ff58a2ce3937a07307,0.0048349999997299165,0.008900599998014513,0.000665100000333041,5.140000575920567e-05,False
3d5dad3da9f27784af9d8e924850ea1b912e98e17e8ad0da9f4b9eb201c28a10,0.005004100006772205,0.009644000005209818,0.000734499997633975,6.450000364566222e-05,False
56518b98213ca49f18005f51b393cdeec9d60fd42e6ed73caed264bd97e8e2be,0.005199499995796941,0.00896420000208309,0.000668799999402836,5.4299998737405986e-05,False
9a63dcf99aae8f0b99672980b9297139339e90abf4497fae614b12af74af68f9,0.005170999997062609,0.008976799996162299,0.0006715000054100528,5.409999721450731e-05,False
9e79c5010c0a556e709c050f2ea1936c1733e6089a174c3cff4637a334e419da,0.004912299998977687,0.008881999994628131,0.0006731999965268187,5.239999882178381e-05,False
f82449f776d2261b22b1a3c9557aada6e20734f697e923f8e446bad03f8d03a4,0.004692299997259397,0.00934409999899799,0.001021999996737577,5.319999763742089e-05,False
fce5a47d5b8a6460e5aa97d1a96e9c3c8f40ccdd17bfba9d84c375fee576937e,0.004619200000888668,0.009013300004880875,0.0006678999998257495,5.3800002206116915e-05,False
459759e6c8d44b80ddb4d31ff0fccdeac376d5d3f84b632875a55f194ffd6bd0,0.005188399998587556,0.009278199999243952,0.0006769999963580631,5.439999949885532e-05,False
148e09cbd58a2d067a34d0379e9014e829e4d116a38d7068aa2727873cd85d64,0.004724099999293685,0.008921699998609256,0.0007141999958548695,5.5900003644637764e-05,False
df5f5125a184d9b522c192587140d9f97ee6dd869a2f3ab2f45203063190911a,0.005314499998348765,0.008955699995567556,0.0006826999961049296,5.360000068321824e-05,False
8bb4cc178ccd91ea81b860b9353479ef07083b8a15bc7f53f9115f231bbfa9be,0.005209599999943748,0.009037800002261065,0.0008847999997669831,5.509999755304307e-05,False
0536beddf5f219fa0dc275622547ba0521e9d3f9cc1b9bf6d1c1cb91536f5821,0.005001900004572235,0.00918439999804832,0.0006825000018579885,5.6899996707215905e-05,False
7169f84afbb4dbd1622893227221e3f3dc07f69b60faf7f7a2f0af88ed043be8,0.005158399995707441,0.008937200000218581,0.0006876000043121167,5.389999569160864e-05,False
599d25e1fdb4809a9a4d894d99d0781163067e6960d05ea010179f22f19c7b35,0.005024100006266963,0.008587299998907838,0.0006950999959371984,5.539999983739108e-05,False
8e5e5605c3c77967aa050029f19316d24fea24a958a7718167ca372373214676,0.0050216000017826445,0.008881599998858292,0.000708799998392351,5.679999594576657e-05,False
6913d9563feedcac0488e9f7d2eecbe11604316795d3405dbfcf995d8d3dcdeb,0.004738299998280127,0.008927199996833224,0.0014471999966190197,6.0999998822808266e-05,False
b6745c9aa540e9da1fb22c71e702d647e6f49f93c586c4dfdf32869a28805552,0.004709099994215649,0.010222700002486818,0.0006742999976268038,6.410000059986487e-05,False
1901f87505835fdda1ad721a5521beae5fe718024ffcd35c22510656c7d7c418,0.005076800000097137,0.008958300000813324,0.0006888999996590428,5.2900002629030496e-05,False
ad923203500e665920ae3897c1552d37da00f5bc5f3de1df836b2b8873584fa7,0.0047617999953217804,0.009103199998207856,0.0006636999969487078,5.270000110613182e-05,False
a3853072123f78498756910374ea9bd5528b1d63bf9837dad92e9628f3104df7,0.00510519999807002,0.009441700000024866,0.0007076999972923659,6.25000029685907e-05,False
9d679045526b94c67fec05dedb7621fedf90a1aa88dd78c8f0444c0bd9e324de,0.004805700002179947,0.009333299996796995,0.0006891000011819415,5.729999975301325e-05,False
97808ea1b0d01b24e65d3c40350496662ab3844fe745241a7f9407079c51fa97,0.004714599999715574,0.009267900000850204,0.0006666000044788234,5.480000254465267e-05,False
1a55ff574afa694d3d3fac053bf4ac2162652969fda37f9de09381344e60c298,0.004919899998640176,0.008941699998104014,0.0007627000013599172,5.409999721450731e-05,False
4ec5c5cf783b431119bc033a5b322716b760c2c8edc7a5e1481151f1fbe56c54,0.004961799997545313,0.00871210000332212,0.0006835000021965243,5.3499999921768904e-05,False
f4f31428ac38a4aec186137c9f3bf489024b008491060932c0808342ea8167c8,0.005074799999420065,0.009071300002688076,0.0006627000038861297,5.439999949885532e-05,False
fcdb09306c31314b1e52e29ac50abf3823b25c6711e3175e9745aa2c9d049e9e,0.0010930999997071922,0.0018348000012338161,0.00018029999773716554,0.00020629999926313758,False
29230c6eb694df73e14a7d86a43377edfa646e9b8dcc754c886118fa1fb62c89,0.0011711999977706,0.001491600000008475,0.00016229999891947955,0.00024709999706828967,False
1831474ff32ea1fa1424348aff97cdc3c14e0bf7f87dbf3b25445356ab352277,0.0010753000024124049,0.001573699999426026,0.00015420000272570178,0.00019769999926211312,False
e209787baa7a7fb85b68de8a2a852f9bf444c8b730ea02ca1786e75e35dbd967,0.001129799995396752,0.001564999998663552,0.00015779999375808984,0.0002537000036682002,False
8e9dab2916d10a09a171ad80ddb95f9fe90254ec0b8702d139ae5e344ef86696,0.0012337000007391907,0.0015391999986604787,0.0001570999957039021,0.00019500000053085387,False
0d7ae4681dcb0a9aa26971ce1728d6da1768abf9dd0f717a997dfc575c3d990e,0.0009912000023177825,0.001542500001960434,0.00015609999536536634,0.0001993000041693449,False
bd09f173365df6b3fb41ff024aedc5208633a2cc1fa75733058f5b765a69cca9,0.0010697000034269877,0.0016937000036705285,0.00015970000094966963,0.0001999000014620833,False
21e5c4637fc17eb63a1058c6a7dbc30a0f7c07a46c97b553fe3a49b609e49807,0.001032100000884384,0.0015567000009468757,0.00018850000196835026,0.0001866999955382198,False
6bcc9057d1a502e7296ea62d952982347890f182f119dd53cbadf5cc764a4a1f,0.0010172999973292463,0.0015644000013708137,0.00015690000145696104,0.00019919999613193795,False
dfcc12f808a729e182bf095d39c7f58de5383bb77e0284d85e0df9c0ca32c4ad,0.0011457000000518747,0.0015262999950209633,0.00016529999993508682,0.0001956000050995499,False
d456199022a2512cd6a5fd632e4ea9874328b466a3093595ed461dbd7adceae7,0.0009875000032479875,0.0016388000003644265,0.0001838000025600195,0.00021319999359548092,False
ce2d4d8d88bb2831f353ed9275ae68bb3892fa738285774e919c13ee987962fe,0.001284400001168251,0.0020927000005031005,0.00018290000298293307,0.00027459999546408653,False
e47507ad29e1d3650ac64c537f66a79538785cbd6b7cd47c45d46484a1a5b1ec,0.0010983999964082614,0.0015538000006927177,0.0001616000008652918,0.0002027000009547919,False
5967735d1b0a890d36008f62ebb260df40f333c0a5957f5ef2abeaa69640b4bc,0.0011104000004706904,0.001887999998871237,0.0001610000035725534,0.00021330000163288787,False
29de260bd7007e7cee64143ad028eb45b9caca60c1b51b337adc9e91dd7fbc20,0.001010400002996903,0.0015233000012813136,0.00015969999367371202,0.0002069000038318336,False
24c4f732afa6bec5cf227b61f04efb542eb2c2d52c7400bfcd12704a3a024875,0.0010407000008854084,0.0015318999940063804,0.00016090000281110406,0.00021349999587982893,False
771bd4d0200d3a584d5ee9687f1a948934d8c77753d88d314a117f680aa09ead,0.0010599000015645288,0.0017290999967372045,0.0001807999942684546,0.00020090000180061907,False
b09a3489d205d10abcaec025a0d5aa8805e3a16f5b31586980f10a3b04d42283,0.0010980000006384216,0.001582199998665601,0.00017579999985173345,0.0002023999986704439,False
47cb117def532d50472d7c68694debd183df214ebff127181b161e6aea1a4549,0.0011873999974341132,0.001814100003684871,0.00015900000289548188,0.00022819999867351726,False
4e0877d9a2b3336253dbc611c35d7a85e4b61d95df01708735b6490b49d370e9,0.0013946000035502948,0.0015410000050906092,0.00016660000255797058,0.00021239999477984384,False
c0932a94def48551b03dc3dbfff484f65b9dd8990d07a987de0d5e3d1df6e4f5,0.001320599993050564,0.0015685999969718978,0.0001573999979882501,0.00019869999960064888,False
7322fcfd2b347b6b9a4e0843a6cdf3c4b0a4a212c4c70aaa2c252e530862375a,0.0011014000046998262,0.0015550999960396439,0.00016760000289650634,0.0002603999964776449,False
80d9b18e8317b0d796406422134129ccf5fce1a8c5f4146045e4b9ca7465d17c,0.0010515999965718947,0.0016523999947821721,0.00017189999925903976,0.0002125000028172508,False
701e5b1a951f39c8adf20730d1a46c9e80a122e12433ca18cf30bbc890f4a16c,0.00106489999598125,0.0016252999994321726,0.0001579000017954968,0.0002029999959631823,False
ac1b48dcdc224c36d40309ed12b1e29ce7d23ced21e0d109567eca6c9d29194f,0.0010279999987687916,0.001538000004075002,0.00016200000391108915,0.00021449999621836469,False
b858d8f92e16b480c45aa43b691b5fb89f2df5916f0ddbc9d402596b096f54b2,0.0010603000046103261,0.0014918000015313737,0.00015750000602565706,0.00019799999427050352,False
6473d60aec7d8d8ea900a3a20025ae841db3050aa72ae2c4c4db28e60d3c867d,0.0010583999974187464,0.0018300999945495278,0.00015330000314861536,0.00019460000476101413,False
c2443a61f09385cbbcd9e3eb6cb7e6421b9db0bdb34f23fd25f714801973cdfc,0.001032100000884384,0.001545400002214592,0.00015270000585587695,0.00019999999494757503,False
7641139c4395c55d130680c045d00fbf5ad15972cdeb6ec6c1c226f5d31f1728,0.0011060000033467077,0.0016057999964687042,0.00015410000196425244,0.00019439999596215785,False
2ac93ce3c8260515f2368e8950ac2150746b4d44cc40916481e06f6b45b07474,0.00101859999995213,0.002110800000082236,0.0003789999973378144,0.0002125000028172508,False
d95ad9ba0e49c26884b43ce8d930d274bf868da294d6799c56a89e96dd79bc38,0.0011485000068205409,0.0016222000049310736,0.0001697999978205189,0.00023069999588187784,False
529945b1e5c28be397ddac7fd013cfe56a62289da443d85d2984c9d314fb2974,0.0012357000014162622,0.0017426999984309077,0.00017120000120485201,0.0002040999970631674,False
75325c59132468d618f3f81036024f215c3fcf8bf71b403076e02ea27a2d90a5,0.0010620000030030496,0.0016312000007019378,0.0001655000014579855,0.0002147999985027127,False
17544f9c3a753915dcee27513b4e8429542b435ee7ca9d5a26cc003b9e920b0b,0.0010527000049478374,0.0015305999986594543,0.00015500000154133886,0.0002032999982475303,False
bdaf1963c13da14111e6b29caf2f41287f678bfe1609de46df66228128f176d5,0.000996599999780301,0.0018262000012327917,0.000221800000872463,0.00020780000340892002,False
f05c731e71b036b160a0f29004d8fa440616b424bc321a9172eb85fed68ce094,0.0010536999980104156,0.0016761000006226823,0.00016200000391108915,0.00020729999960167333,False
7ef2fa8c5e683d744ec4c27ee1d2b77f014993967e47f15e4c3ff0a6a0b3e90c,0.001124299997172784,0.001661700000113342,0.0001542999962111935,0.0001984999980777502,False
1adefdc1524c50ceadc8f5ddd6e2153c7f6761b2dfa9557f5fb66d5398337b07,0.0010675000012270175,0.0016102000008686446,0.0001548000000184402,0.0002108000044245273,False
93588f04d123b6ee63d8b2fa528dd8fc87c770097468876e8e165a4fff184391,0.0011434000043664128,0.0016032999992603436,0.00015959999291226268,0.00020600000425474718,False
bc4cc253ab1ece8d08097a00db9b47f40a8f13628fdb5e70338cb8fe261a7a41,0.0010540000002947636,0.0015844000008655712,0.00015520000306423753,0.0002032999982475303,False
f5e2d5db549b8b59c6746c49ee41e7d16bf0f1b2901c93ea8ab827f00d4a2814,0.0013103000019327737,0.001550200002384372,0.00015729999722680077,0.00020509999740170315,False
91e15e9130ea375b6f0d905ef04c5d572af9538a19016632740a007639b38308,0.0012225000027683564,0.0017656999989412725,0.00015669999993406236,0.00020200000290060416,False
01edb253f90905b0a15a1cf86a0d029f83d16506e9713aba829175f2a4b52006,0.0010107999987667426,0.0016498000040883198,0.00016039999900385737,0.00020470000163186342,False
1aa3e17804dead506fc71c0550357e74f752851804cf12d8085332f4f1272acc,0.0010312000013072975,0.0016098999985842966,0.0001582000040798448,0.00020369999401737005,False
45924408e42fed1d7ff26184eacc7fe411e1c3cc7526f25a39f98ec5a95d8020,0.001012000000628177,0.0017729000028339215,0.0001604999997653067,0.00020930000027874485,False
5f1e18c2c9750da539274dd840e0f58a75319ec51baa8d60d40211feb6ec7be3,0.0011677000002237037,0.0016270999985863455,0.00016000000323401764,0.00020650000078603625,False
724f4b460d8150715b768a39d5f03f89f6c56ece8a80cda9bddcc6ca4575312a,0.0011613000024226494,0.0015481000009458512,0.00015759999951114878,0.0002023999986704439,False
751a55cd604d394b83aebc3c1133f58233b16fbead32321da9b3f1c164ee9784,0.0010716000033426099,0.0015693000023020431,0.00021740000374848023,0.0002199000009568408,False
9b9665e45c0d726fda233cff5f594d69bbf26a40b584af97e4dced0c8dcdfbe4,0.001061800001480151,0.0015863000007811934,0.00017490000027464703,0.00020680000307038426,False
f69a95d1c4d14c9333cc91829c6ba53cf4ba9687bf9e508b1f321b599ad33c95,0.0010030000048573129,0.0021056999976281077,0.0001598999951966107,0.00020699999731732532,False
0dafc658a8c7082a55f722dd85423b0de9e47664483f3e9ebc0304ae6e27c03c,0.0010327999989385717,0.0015590000039082952,0.00015740000526420772,0.0002049000031547621,False
479402f02bec92b780a19065e2e2165242b142d59ea89e32e2fb30b8af17d9e1,0.001083499999367632,0.0016988999996101484,0.00015900000289548188,0.0002142000012099743,False
1534d54bd7961e045c8d54e8c3c3324c8f7bf587be0b13dd1bb802e9461c4b2e,0.0010064000016427599,0.0017598999984329566,0.00016599999798927456,0.0002536000029067509,False
6a314248a197c4d6ff2974a87cd2e20ce9852ebee783ca901b776c6ba43ea872,0.0010892999998759478,0.0015710000006947666,0.00015980000171111897,0.0002190000013797544,False
0fba0fac271624d2eb99691a0dde0372cf750cfb06295ae94142abc9bd7e9f54,0.0012003999945591204,0.001567599996633362,0.00016790000518085435,0.00020980000408599153,False
52b8bceba8b04f4d43e6a9843f41bca41cd19d5b748f15954010427e8eb0d2dd,0.0011182000016560778,0.0016402000037487596,0.00015939999866532162,0.000225499999942258,False
b880af514f99f64754e025068b67d760c93c70f35d62330047079fa57f66a325,0.0011426999990362674,0.001802899998438079,0.0001680999994277954,0.0002119999990100041,False
87a2acea0be7a0a497b27567e70d6cacd2465e01500ab3668c15a63bfc96f13b,0.001068400000804104,0.001672799997322727,0.00016760000289650634,0.0002327999973203987,False
575de814d3b82a572d893e210b1598f9c3d7eadb705c2066cd2b972cec1d78d0,0.0011040000026696362,0.0016315000029862858,0.0001647000026423484,0.00020529999892460182,False
9bc41ee9337bc3451f4277ab4f9745cd4a954778d2738f1ab53f04ac6f835dff,0.001051200000802055,0.0018418999970890582,0.0001649999976507388,0.00021040000137872994,False
34fa17b774a864026fa302a9ff4768a28475597402d357db471b37644e6e13f4,0.001091699996322859,0.001647400000365451,0.0001790999958757311,0.00021150000247871503,False
52c5da798e0faf9dc9ee27e12934204946a37ddce989f4ffc34693c2206bb16a,0.0010879000037675723,0.0017988000035984442,0.0001610000035725534,0.00021410000044852495,False
282762f821c9d513a08b9e0a4afebb548b8e212911def58968a2f182e3f21ef2,0.00099709999631159,0.0015366000006906688,0.00015999999595806003,0.000207199998840224,False
f368809ad8716c42125d2ec690f6d2c3a3c0e09901ed3d7e7191bf181d9cf813,0.0011045999999623746,0.001597100002982188,0.00015810000331839547,0.00020309999672463164,False
8de6a09309d87fc705a2e717e7537473183ed8c244859e3ab475c55ed3b674ea,0.0010212999986833893,0.0016274999943561852,0.0003175000019837171,0.00025019999884534627,False
9f086d6cc64cd748d05cbe57e3f57ccfc99eac165ac06d56018f57959a0c919e,0.0010857000015676022,0.001571100001456216,0.0003346999947098084,0.00020000000222353265,False
d59fac8fc8898f92b70d5580725181312bade61c939ec2623be15e9e7113fb91,0.0011723000061465427,0.0016219000026467256,0.00015420000272570178,0.00019949999841628596,False
8d5d67434e88573c1c0c862413e2df90f35e0915fce085a47c3cb0d3a55cdb15,0.0009952000036719255,0.0017345999949611723,0.0001553999973111786,0.00020339999900897965,False
a078228f0fe45ce476a7bbe771ac860d0c5075bea13ae201c57c099f2d14d88d,0.0011109999977634288,0.001556499999423977,0.00015320000238716602,0.00019719999545486644,False
8c08551930425e33a071d4cfd95fb260e1e58e31427d5b100938bbf995bf7dca,0.0010814999986905605,0.0019619999948190525,0.00022020000324118882,0.0002083999934257008,False
4bb7fd44b4dc3d949ac7703bf8c74d27ad8e85689a4e4d33a4c2411bd1783a81,0.0010426000008010305,0.0015896999975666404,0.0001827000014600344,0.00025969999842345715,False
9c9a241a216ab1124393b2da1c55cfa253b79f6f8325f06cf900c661f5516f93,0.0011947000020882115,0.0016519000055268407,0.0001644000003580004,0.00020509999740170315,False
f71997f25e8f6089cd358225c14ae4ff66eafdd524adcb394400268acc81c957,0.0010282000002916902,0.0017020999948726967,0.00015770000027259812,0.00020590000349329785,False
4fbd0c5940dc447f3d5624fab907f528c9b286a77c0bb26bbb455cb163281a76,0.0010695999953895807,0.0016794000039226376,0.00015600000187987462,0.00020220000442350283,False
cb5f14afe65be5a887a9db85e0c941f5f28bbe465137d4a5ba537983c69b9dfa,0.0010305999967386015,0.0022449999960372224,0.00015269999857991934,0.00019969999993918464,False
f9665f7c0a997e8087c9f3288c647de2b4f149d95876ff3d43acae41df3ff1e1,0.0010600999958114699,0.001653999999689404,0.0002606999987619929,0.00023240000155055895,False
c1bfae2ed8735fae68ae4f78a45050f44460eeb710554127723e941aeb2963e2,0.001101000001654029,0.001595699999597855,0.00015920000441838056,0.00020789999689441174,False
27187e126cc6e96cca75b4e691e716fbee130b103f1e0799807a03f7f3234ae3,0.0009984999996959232,0.001706800001556985,0.00015039999561849982,0.0001975999985006638,False
8d8bd6893e2194b66cb9985e98722e5f0445c0d3ddb25cb62a346148a635aae8,0.001003500001388602,0.001549100001284387,0.00015220000204863027,0.00020110000332351774,False
8b3824217aaa2a1f92ae565c6a3bd5405de6c558a0bab3da9ed709a744e09bbf,0.0010457000025780872,0.0017066000000340864,0.00016039999900385737,0.00020450000010896474,False
92e365ff4f9ed94fcd2333509f67ad00d8a976abd3fa5e346d64930508d1fc4f,0.0010139000005437993,0.0016169000009540468,0.0001556999995955266,0.00021009999909438193,False
820e0b17299e5d100e3c2d4d031ae35eea4bcd50f7bae9b25c1629184eca77b7,0.001116899999033194,0.001727099996060133,0.00015939999866532162,0.00020370000129332766,False
7f4ac320ac01609564961100b2f4e963ef71f1fa3e29d8e93651335544fdf4c1,0.0009686000048532151,0.001574000001710374,0.0001540000012028031,0.00020290000247769058,False
20745e7cf673e17fc306a38803c7d7ed5b726f7ff49637f37a5a64960cdffbb7,0.0011910000030184165,0.00163310000061756,0.00015239999629557133,0.00019980000070063397,False
838b480966e9be7fc4d5e1f7ae2250cdba975c7430fc87e9719f898d88201d2d,0.0010317000051145442,0.0016442999985883944,0.00015919999714242294,0.00020760000188602135,False
56831de405b827115f79e012537246a89f495513f39ba4a60128b23fc2466c41,0.0012569000027724542,0.001684300004853867,0.00016099999629659578,0.00021610000112559646,False
1f576fba20f9b9b3fc6475451b1310b090adf9d7774d7fe819326e307741d368,0.0011481999972602352,0.0017569999981787987,0.00015700000221841037,0.00021050000214017928,False
5729e731e80393bf3d34f68a2b67f5caa498d2fcc9605b5d7045cd12d41ed1f6,0.0010755999974207953,0.0016640000030747615,0.00015799999528098851,0.0002055000004475005,False
057c978a8ef330909ca04492f992b6b5dc37c12f00b14d2ff1f87284ecc7f74b,0.001047999998263549,0.0016443999993498437,0.00016060000052675605,0.00021489999926416203,False
ba1dffe8cd09ca68231baf9d7c7eec4fda1a2e55d1e6b538c564bf9e0c76c210,0.0010178999946219847,0.0015642999933334067,0.00015870000061113387,0.0002131000001099892,False
f5307a6d2ea753f59976f9a4a1b406efacd23ee2d27be76878eb29f11631f3a0,0.0010573999970802106,0.0016612999970675446,0.0001599000024725683,0.00020450000010896474,False
023b4f304f98a8430054234b33e539ec5ec0a43308f929575d9cbcfc426fe1d4,0.0010280000060447492,0.0016806999992695637,0.00017490000027464703,0.00021600000036414713,False
e6256b3c12314535940ab1391fd743b98dcd352490578bd9231c7c187d328ad6,0.001007800005027093,0.0016185999993467703,0.0001564999984111637,0.00020190000213915482,False
a36369dad55beeb1ccb7011fd423ea48f8f18e93d6d1437eb3c770f6d9daf98b,0.0011383000019122846,0.0016563999961363152,0.0001545999984955415,0.0002077999961329624,False
62f541ef7e225e5d5c731c041237f5eef6b7cb1dde495832dd7f4cddc4dfe691,0.0012083999972674064,0.0017133000001194887,0.0001629999969736673,0.00020489999587880448,False
2f61280f0bbe9c9ae05a9d134316939f18a5b361751fd3e9083cafcc8a5547a8,0.0011045000064768828,0.001600499999767635,0.00020809999841731042,0.00021009999909438193,False
5d948cfa559cc7b5f4eedf8a13001c94fa78ed0d450572d4acf0eb7bcdd5a404,0.0011331999994581565,0.0015946999992593192,0.00016080000204965472,0.00020899999799439684,False
1545a2cf4e1c5b4f67a64554e85e66fca44704763c7a4b9570bcfd49664937d8,0.0010296000036760233,0.0016761000006226823,0.0002721999990171753,0.00021189999824855477,False
30cfeff5149136e04fd1565b1970aa0e8bc7ae81c417601ae12bda00fba1fa78,0.0010638999956427142,0.0016026000012061559,0.00015700000221841037,0.00020699999731732532,False
b62058be7dce46138d5cdba89512d074a5de0372955da111f9a9802eb5886ab3,0.0010194999995292164,0.0015570999967167154,0.0001610000035725534,0.0002547999974922277,False
ba927fa3b12d2cf8a91357e06add90840189fd215387a2ce57db4e216d88672e,0.0013150000013411045,0.0015899999998509884,0.00015809999604243785,0.0002055000004475005,False
c3b02f0f27f0c4d551110bef313e65d60caf2d02c3b4c10adcc61741ddcc8a4a,0.0010567999997874722,0.0015696000045863912,0.00018199999612988904,0.00027440000121714547,False
879b15c0857650b97472662f0e00774d6927d9ffefe3014e3e5e422fed3c78a0,0.0010015000007115304,0.00176830000418704,0.00016180000238819048,0.00023049999435897917,False
02cb0fef32a068fe36fcf1f34e8fffc4de3778ea8c293d3af02fc1be5e6c4d0d,0.0010963000022456981,0.001630200000363402,0.0001630000042496249,0.0002133999951183796,False
980addfeb9a43e657d163f8a4ec5e8d4bb9aa008e86ffa863aa7ddc8a47dc6b0,0.00108860000182176,0.0017727000013110228,0.0001621999981580302,0.00020819999917875975,False
b7921af5d2685ead75b08de76afd82494ccdbef0db22696d684ca838d57b5bed,0.0010493000008864328,0.001708600000711158,0.00016350000078091398,0.0002091999995172955,False
a922cb8db388c4ad7e26566b0daa5615dad33b6e9fd7615dcd1e9a226d67372d,0.0010549999933573417,0.0016805999985081144,0.0001647000026423484,0.00021519999427255243,False
3573c12dd4048400aa2b5de06e636baa222149c6352d536712a14194e18dbae0,0.0011423000032664277,0.0016685000009601936,0.00022199999511940405,0.00023220000002766028,False
27fd77f4721dfdb5120d80492b82cf7a4a6f823a3cfaa006e2306ba2d1ade032,0.0010722000006353483,0.0017668000000412576,0.00015609999536536634,0.00023130000045057386,False
36dfe0e9ad00ce579848423e33f1fa4a2328c43b952da741ae06bf9b8c840cd2,0.0010710999995353632,0.001665399999183137,0.00018979999731527641,0.00022149999858811498,False
d4dca59700c1e918a0b694c0627286abb6b8b4f26a095d19e34843717ac61b7a,0.001167800000985153,0.0017042000035871752,0.00016070000128820539,0.00020879999647149816,False
655cb9c497491d714a36204f49441908aa96f1c5f46eccb20118c7a3d028ab86,0.0010999000005540438,0.001698199994280003,0.00016710000636521727,0.00022460000036517158,False
3842e65cfef8dea623758f4c593212c3e9e800890f10954a8b53c10a69488d40,0.001120299995818641,0.0016981000007945113,0.00015970000094966963,0.0002080000049318187,False
cd7aad9428da34a5c3919ef5f90a4b457400c0b8afb169e57385751058f65315,0.0010481999997864477,0.0016457000019727275,0.0001663999937591143,0.0002300000051036477,False
67874c35a8154513820a13225e97f745cfde51b08e127e5bcc100553ba354483,0.0010894000006373972,0.00217980000161333,0.00015829999756533653,0.00020220000442350283,False
58cdb8c0bf918f4629e866f7c09b4043e745a9e4a25af068080510416aff0f04,0.0012229999992996454,0.0017597999976715073,0.0001629999969736673,0.00020969999604858458,False
f414392028ea755cdecdf048143795bed864b771df6f92cf970c1c247721bc46,0.001113800004532095,0.0017257999934372492,0.00016099999629659578,0.0002069000038318336,False
0706ffc4c14691163272e584c20425e4ae5c28aaf6b02c7ed1a8df232802546b,0.0013682999997399747,0.0018137000006390736,0.00017409999418305233,0.00020140000560786575,False
10426bce4badf2a30d3a82c2f4712257c9d871109f429bd84d83e3402699a9f3,0.0010702999934437685,0.0017665000050328672,0.00016090000281110406,0.00020429999858606607,False
2755f54ac245fbd51532ba070a69ccab9629d9a85dae40e70f199ca7ddb61b5a,0.0010640999971656129,0.0017112000059569255,0.00015970000094966963,0.0002058000027318485,False
e553738d3c60123d3b43d9594202de101520bdebdcd497a4a6659fc889fc7065,0.0010993000032613054,0.001690799996140413,0.0001768000001902692,0.00024280000070575625,False
6442019e9fbedd1b93447a02602282226c3dfdb7eb540318d6338b37d3a78a85,0.0010857999950530939,0.0016632999977446161,0.00016089999553514645,0.00020480000239331275,False
e55bcf70106506a0e92be2d2524c3a082e2e31039b0cabe0e39c9021991c602f,0.0012394000004860573,0.0018711000011535361,0.00017300000035902485,0.0002457000009599142,False
1affec79e5a8350c3c15f03df7ef9e7508630d84ed05f9ca513a563a76317dde,0.0010411999974166974,0.0018647000033524819,0.0002342000007047318,0.00032220000139204785,False
1556862d02a5a84304781b6907e8c94b90d5742872a4904cdfc88c78eb5e7a86,0.0010750999936135486,0.0018625000011525117,0.00016689999756636098,0.00021120000019436702,False
49063ca4f48905eb15ef13a330b5bf423a46306b1f26a15d33e914471dc93813,0.0010554000036790967,0.001854900001490023,0.00016319999849656597,0.00021379999816417694,False
2c58ed8613d32ce22bd60e2f7b8558d4f07a6112bbf0d4b31cad91c19191c4bb,0.0010975999975926243,0.0017118999967351556,0.00015829999756533653,0.00021320000087143853,False
ce6e140ddc0fa7e7d8f625c22736e0736fe6b69f71ace8a8774b401646962cfc,0.0011214999976800755,0.001792299997759983,0.00016660000255797058,0.00021639999613398686,False
a8b13779c14e9b6bb113fbaadc242f3ab55e96079347b3e78a7b575f806549a8,0.0011363999947207049,0.0018009999985224567,0.00021800000104121864,0.0002274999933433719,False
06c8647638166cd8d7ad8654fcdd5329696f42623d73212d3cbcda7c49e9aea6,0.0011586999971768819,0.001829200002248399,0.0001847000021371059,0.00021689999994123355,False
51417977360d6f5964df961a86a3bb57487de6ac5bd072048a4c85e0ffa821a2,0.0011016999997082166,0.0018668000047910027,0.00015830000484129414,0.00021180000476306304,False
1ad8c55b33c8b3f2b84f556b5b13ad7fff5c60660d4998fe45dc1f9ad11f12db,0.0011176999978488311,0.0017716000002110377,0.0001638999965507537,0.0002007000002777204,False
8a1da7a244a637ff158ae8efbd34392f9a46a0193ef27dea784da2c8db96f544,0.0010727999979280867,0.0016850000029080547,0.0001911999934236519,0.000204100004339125,False
16ac3e285608786a456ca9a3c76c04ed08dfa3883e4faf5e52f2f93624b670dd,0.0010972999953082763,0.001755999997840263,0.0002114000017172657,0.00031650000164518133,False
5b9d7dccfb0dfbb14f936e086dca6373fe02df07428aebdb07d3dcacbeef8e8e,0.0011015999989467673,0.0017578000042703934,0.00015609999536536634,0.00020950000180164352,False
15924c78843d55039963c761c9a7d1a39748653670804b36df90273f18e504ed,0.0012529000014183111,0.001789200003258884,0.00017300000035902485,5.18000015290454e-05,False
a8e90064dcb353e6575fc5c6ab84082d907221f82724881c9ffb99dde7ea4ee7,0.0010395000062999316,0.0018684000024222769,0.0001816000003600493,5.360000068321824e-05,False
880314f656a6794585a5fdb0b5b21e29e81b790225b08974b3feac868e6e0faf,0.001145000001997687,0.0017396999974153005,0.00017590000061318278,5.389999569160864e-05,False
789ffb577cb752787eed4d0839e5ba6265e55ac2be99696bcae36a75d154a11f,0.0010888999968301505,0.0019963999948231503,0.0002486000012140721,5.419999797595665e-05,False
6bec5249f57429fe7363f670c91ec945be997c7e3052ee0e033149bb8489f54e,0.0010408000016468577,0.0018496999982744455,0.0001779000012902543,5.2299998060334474e-05,False
654a7e4de8108fc767dc4ef173bbe61ba445d0335cff61f4b813cff001adf91b,0.001123000001825858,0.0019772000014199875,0.00017490000027464703,5.319999763742089e-05,False
9bdacca819c9fee251663763a085ef7e5ba5825d4463a1fe155200831cb720fd,0.0010760999939520843,0.0018210999987786636,0.00017799999477574602,5.080000119050965e-05,False
02646ce78f5a4ea9c2840e2cf44573e5cd21e3642f70948d6dd8bdcccb75c197,0.0010620999964885414,0.0017118000032496639,0.00025970000569941476,5.480000254465267e-05,False
e05220f09bced45aca1413bbf8a9fb96e012cd5b82036e9940b9ca40f9a460f8,0.0010304999959771521,0.0016845999998622574,0.0001754000040818937,5.160000000614673e-05,False
b3ae5b0b864930da7b0d03dc5df614745ac88f4028dc3574901e88418307d309,0.0010427000015624799,0.0017063999985111877,0.00017300000035902485,5.299999611452222e-05,False
6f1edfb2a1d34ed7cd1bd8ed1ec142bbc4b60df7096b8bd17a75d5346b17816d,0.0010489999986020848,0.0018462000007275492,0.00023910000163596123,7.18000010238029e-05,False
d3b06db8ba6db5ce41429e8c8407f2b0578f0164be8ef6b2deb1fd8e09661704,0.0010623999987728894,0.0018636000022524968,0.00018389999604551122,5.570000212173909e-05,False
7e2dabd87f30fb1429a2c25b693f39480823f0dca774328e6bf97e7488bd90d6,0.001057800000126008,0.0017662000027485192,0.00017249999655177817,5.2600000344682485e-05,False
6f4de9750d8d0b8ec16758f1a813752ae12769cd44bbb5201f00251c4fc74334,0.001157200000307057,0.0019080999991274439,0.0001773000039975159,5.129999772179872e-05,False
16fb29f64143300151e2f792142a1863e40be0a54a064d974ed29adeed7b0359,0.0010586999997030944,0.0019471999985398725,0.00017439999646740034,5.1700000767596066e-05,False
e138d9b0e2f4e090cef27a5c0e89350e3ed65f4fb084e60449a20f92148634ce,0.001068899997335393,0.0019259999971836805,0.0002592000018921681,5.389999569160864e-05,False
4c6debbe282d7b790b25abca3c087b8b1c01320633807f3353fdd8b3dbce7480,0.001134099999035243,0.0017092999987653457,0.000272599994787015,8.840000373311341e-05,False
a74b11a1459fb94c175b6abd5d0901b5a0a6bf8fd36f76b7a30759a220b04d97,0.0011225999987800606,0.0018378999957349151,0.00017499999376013875,5.340000643627718e-05,False
ac33ce73e830fc7c87ebf2f5df44f12a77ea9643e81e5d7717ea040dfb02e853,0.0011249999952269718,0.0018217999968328513,0.0001745000045048073,5.8099998568650335e-05,False
5bee22d993d38c3841b72197310a47b976a2f5ae1ae4b8096b50afb14e4937d5,0.0010744999963208102,0.0020099999965168536,0.0001737000056891702,5.419999797595665e-05,False
e828dc809bb1920774d7ed59d431ee02cdf9bf0d1527021a4f0349a8ca5eed2d,0.0011320000048726797,0.0018543999976827763,0.00018339999951422215,5.4600001021753997e-05,False
2ef85ae5b202ca5f936a7b45719b9094909feb1524022027d951babc0f91803f,0.0011001000020769425,0.001738799997838214,0.0001731000011204742,5.6599994422867894e-05,False
3843285c05efe4ad072c8ff61473f386407cf4b3a6672b352894aa0c4cf6812c,0.0011158999986946583,0.00175199999648612,0.00017579999985173345,5.409999721450731e-05,False
b67d6aeccb451cd313f667e87033b5ce4da8d2f83bc6a382dec766562991bccb,0.0010169999950448982,0.0017168999984278344,0.00017560000560479239,5.190000229049474e-05,False
4cb942d41f9f962a1500e8eef0e716633d09b941e883e5af6fd0dddc8c91b249,0.001068400000804104,0.0017385999963153154,0.00017099999968195334,5.2299998060334474e-05,False
7eb32a1eaed82b1c3ba5c9eb211185ae17c4812b43ec23e5bef5a43164e0bcdd,0.0010337999992771074,0.0018784999992931262,0.00018360000103712082,5.450000026030466e-05,False
f5e7dd3c62445e3490a904530fb9aad9c0bc6b2fc18b7a14a9b3200e54a3f3dd,0.0012814000001526438,0.001766599998518359,0.00017459999799029902,5.339999916031957e-05,False
a4baf3f5c15ed9a006f3347c9b4db4b2ce974e9aafdff1b707c8cd8deeb8e4f7,0.0011785000024246983,0.0019125000035273843,0.0001731000011204742,5.190000229049474e-05,False
02a55203eca2371f84d5a6df41a92f470c0ad1083392b14727a1ca3d4a796611,0.0011219000007258728,0.00207129999762401,0.00018190000264439732,5.4700001783203334e-05,False
f1410a57aa5ca9ed5007c6b2f690bf0921d54b9c37374951589e3739e8104d74,0.0010520999931031838,0.0018030999999609776,0.00017279999883612618,5.4100004490464926e-05,False
14d7cfb900b573ad3a1c4b20c316183568f0808fe56788bdb699a49d613cdc48,0.0010418000019853935,0.0018081000016536564,0.00021470000501722097,6.959999882383272e-05,False
24421cffa4634d68663a9cfc5da9ae92eb6d3b8c0307325deb3dd2543eebe7b5,0.0012648999982047826,0.001884299999801442,0.00017559999832883477,5.7600002037361264e-05,False
871b6ce8e745658f5cb48852a429376a052e2776b1e708b23958b7ceba463a3c,0.0011134000014862977,0.001999600004637614,0.00018039999849861488,5.729999975301325e-05,False
85d96416a2debb1efce455723598fc6ff41bc987d0b086ca72fec9af4ddbbdb2,0.0010925000024144538,0.0017833000019891188,0.0001823999991756864,5.480000254465267e-05,False
c6f5c5d7d5abea67d1be774777fc5e9c644c759e880d2b5dabddd797448dc94b,0.0011479000022518449,0.0017984000005526468,0.0001799000019673258,5.3099996875971556e-05,False
763a70c1da3ed43a8e356ab806483fda892198b70773dc3e4d65167a94572ed6,0.0010927999974228442,0.0019783999960054643,0.0001740000006975606,5.469999450724572e-05,False
57bf74f07b09c73f855184b6a192a76b686459b427315b292d01c102db806fbe,0.0010947999980999157,0.0018015000023297034,0.0001779000012902543,5.390000296756625e-05,False
c09bcaf095cd28a316d2793b8f1a4e0fd6be2391105909fdb1b053dcce9742ed,0.0011472999976831488,0.0017979999975068495,0.00017590000061318278,5.509999755304307e-05,False
333e748ebfc12adc0b71fc238007ea9e6038b3ea9fdad2da581c7953b286304e,0.0014089999967836775,0.001866300000983756,0.0001745000045048073,5.389999569160864e-05,False
c9a92d5ec39ca7ab1a43e2dcd38350b24be79a11778dfa317f23947b54edb0fd,0.001083300005120691,0.0017377000040141866,0.00018960000306833535,5.319999763742089e-05,False
cf2bd846cf69a54de34bb7d95e5199fa6d399dba104ed80d3e9ef4d5a8091381,0.0010933999947155826,0.0017327999958069995,0.0001737000056891702,5.4600001021753997e-05,False
46d1715f30da6d3c554cd430be1e6f2ac101878dfc6465ee0f0ced3d426c8d58,0.0011587999979383312,0.0019060999984503724,0.00016969999705906957,5.510000482900068e-05,False
c0bb10780df83602ed6fb723bad8302532fc7d9ec1357a624c7369af4d82798c,0.0011598000055528246,0.0019253999998909421,0.00017619999562157318,5.310000415192917e-05,False
711b3bd990d5bad5c602b908cd93f50d85eaf5947ecea1ec1c4c336b3142b191,0.001068400000804104,0.0023022999957902357,0.00018429999909130856,5.7799996284302324e-05,False
3558feae3b7d115e5f1f2e87264a9fff0f1a7bf01adc80521cf26a0b6ca31794,0.001018900002236478,0.0017580999992787838,0.00028310000197961926,5.319999763742089e-05,False
6a4a602340b5394c6535993747d86bd64f89cbaad7dc1586b49573fe90798023,0.0010896000021602958,0.001840100005210843,0.0001779000012902543,5.609999789157882e-05,False
43c798ca28940c72afef1d312c021b09f2d669d2473931882a9512133bb51d45,0.001148099996498786,0.0018806999942171387,0.0001751000017975457,5.8099998568650335e-05,False
c46aecea74ca6cf466b66fe3a4dd48010dd87d1ec95771b3b38c4db1bb83eee7,0.0011768999975174665,0.0018731000018306077,0.0001762000028975308,5.560000136028975e-05,False
d761cabe0aab58255d543712295519392bc129895232a36689f64ea91f11e699,0.001050599996233359,0.0017406999977538362,0.00017690000095171854,5.619999865302816e-05,False
c64223f0637559752fca1ddfdd1f0cd5ae264e69673b320a7eb6696cb92d3872,0.0011128000041935593,0.0019325000030221418,0.0001728000061120838,5.390000296756625e-05,False
ff4610f39d5cb0e10fc7025fe7f20bfb755a9ab0878d3780ec58479fce44d2cc,0.0011214999976800755,0.0017411999942851253,0.0001764999979059212,5.2600000344682485e-05,False
ab4a687accddeb43ad4ef63743f0933ef55c2c965a032f4a3ab712f6e3655fdd,0.001141799999459181,0.0018782999977702275,0.0001745000045048073,5.269999383017421e-05,False
ba2612cb56a8f377c5fc8127b03ee5ab7581649fcc46d37611e5feba52b32a06,0.0011165000032633543,0.001935200001753401,0.00017359999765176326,5.439999949885532e-05,False
d91afec02eaad4b938628f78e1a3bbc0d8cada2b2e05efe0451db96a8796db4d,0.0014242999968701042,0.0017560999986017123,0.00017800000205170363,6.170000415295362e-05,False
896d13d954502df2e4ed6e42dce92e28b4cbe89250132013dafa246ef7e31621,0.0011023999977624044,0.0017176000037579797,0.00017169999773614109,5.480000254465267e-05,False
094b92bb06141ebeabccefdd9cd2f276773431f081eecd3ad47cfee4c33ea0e0,0.0012720000013359822,0.002188999998907093,0.00017469999875174835,5.249999958323315e-05,False
3293f539d07c995ff859fcea447d8ea0f0b17d697227f33aa96307e81c7dccba,0.0011600999932852574,0.0020010000007459894,0.0001720000000204891,5.319999763742089e-05,False
e86f6ad01e7138e3519b4777fdd62f971f3e882a74bca2f9a2000b7fb7279516,0.0010784999976749532,0.0018209000045317225,0.00017260000458918512,5.3099996875971556e-05,False
aba87d0c7664bdc20e20d30a7cbe013c7391efa96ad5b86ff8c5b868510a9429,0.001137199993536342,0.0017795999956433661,0.00017289999959757552,5.2299998060334474e-05,False
823f0739f51b4c232b5c90b7129552b86c1d91b14b6cdd3be34b46b7cf7d69a5,0.0011365000027581118,0.0018147000009776093,0.00017169999773614109,5.390000296756625e-05,False
60ef10cdfff2e4b56b9c3f6dc52284de666e7b89815b32ab36650da0bfea30f5,0.0011196999985259026,0.001737999999022577,0.00017349999689031392,5.280000186758116e-05,False
ddb4750b9bc6a7f36f70449fbb2cc4657392a90d1471e806ee364d97bd9ca557,0.0011455999992904253,0.0017217999993590638,0.00017640000442042947,5.699999746866524e-05,False
ee989b8bee8c255da567b6f1ecf53ed1ae822d485afb62ebb56114733944641d,0.0011350999993737787,0.002294000005349517,0.0001762000028975308,5.480000254465267e-05,False
2ec6a5a64552c42d9055ac7987dea99614d1a6a50c4b441edf60f2b966b26ad5,0.001088299999537412,0.0018662000002223067,0.0002386999985901639,5.780000356025994e-05,False
0c513ab29a68cb3ae93d9d8b05398492fc7fea9960f05454c9e5086e174779fc,0.0010513000015635043,0.0018106999996234663,0.0001720000000204891,5.3800002206116915e-05,False
cb45170bba0653d78f22b474b477517987931280c48b7c409870bcba47357e6c,0.0012296999993850477,0.0017780000052880496,0.00017430000298190862,5.469999450724572e-05,False
6204206835e6f725e5a484e7a4f77b8ec52c2de8cd8ffb21a2ab2d2621605299,0.0012798000025213696,0.0017855999976745807,0.00017240000306628644,5.6200005928985775e-05,False
4de01a1a8ab3bc78f05bdf99797d522adc8f2d1f50d72f31e574dbc8321dd46e,0.001135500002419576,0.0019809999939752743,0.00017769999976735562,5.6200005928985775e-05,False
3fd8acc815501e3dbbcc888067f257d6d3b50c50c5e1370118c3f76f6e816786,0.001073699997505173,0.0017252000034204684,0.00017440000374335796,5.389999569160864e-05,False
46ec22f76fe3d9350f5280fcc98f9687c36659702d7d35362cfc13a1e6598c4d,0.0010705999957281165,0.0018379999964963645,0.00017330000264337286,5.219999729888514e-05,False
d61658f418440a201c1a82c54380f7908cb0201d37fc409f1046dcdb64db9c6b,0.0011020999954780564,0.0018478999991202727,0.00017559999832883477,5.199999577598646e-05,False
3cd6cc2bea3f2ef2d5eee081f32a8504da55a6657ec81f6ac4982b257440999f,0.0011013999974238686,0.0018361000038567,0.000182100004167296,5.740000051446259e-05,False
5903e1ef851812e133e0253ae40140d997d73ea4beaf2c4d80b850211434bbee,0.0010731000002124347,0.0017365000021527521,0.00017410000145900995,5.339999916031957e-05,False
4b0a04aa12eb41b221709900aef98846c7c5b97c33cb4de460fd54dc31ac83e2,0.0010342999958083965,0.0018019999988609925,0.00028139999631093815,6.199999916134402e-05,False
525ef9f4c5de3d1363dcc7c4dda420aa3d385307c28d0115ddc88c56c28609be,0.0010646000009728596,0.0018507999993744306,0.0001880000054370612,0.00010460000339662656,False
5a0317e3d2f6a626c81de5801929abad4da120e59851e80f052c1185110e8a6a,0.001243499995325692,0.001762599997164216,0.0001812999980757013,5.609999789157882e-05,False
f4a4e87c987fd747d298464c792f43fd21e661cf3d3592c6dd7f8ec675b1668a,0.0011389999999664724,0.0016870000035851263,0.0001773999974830076,5.62999994144775e-05,False
35a6dcf8972237b12066123f63d3c6e07693a7e176188be92104fe3ce052f553,0.0011995999957434833,0.0017816000035963953,0.00018989999807672575,5.419999797595665e-05,False
4aded5f1ca13d097ea040136eba7ba3c44ec3f6df196e12f7fcdd921299db085,0.0010832999978447333,0.0017941999976756051,0.00017490000027464703,5.219999729888514e-05,False
6a6e049b5bc805f525ee7087bf01a319f383d4de2bb52f137ed14a7c8d6b2e13,0.0010738999990280718,0.0017989999978453852,0.00017669999942881986,6.0699996538460255e-05,False
798bc3e97947923a6ef46a60568e3423d32df1a0816bd5d7b161f543d85eec46,0.0010547999991104007,0.0018374999999650754,0.00017420000222045928,5.5999997130129486e-05,False
9cdeefb662e370fb2f0c675e6643837fda84b36560b29ceca6ea54e9726b5e21,0.0011192000019946136,0.0018445000023348257,0.0001779000012902543,5.280000186758116e-05,False
88551573e5913cbeca9dd2e73530b4abb8d8de606304c059bcbe40874a806a55,0.0011958999966736883,0.0018443999942974187,0.0001807000007829629,7.599999662488699e-05,False
a52fe898da345baf62281b77d6f75dae21b92e622876273c202f99ce55731437,0.0011383000019122846,0.0017850000003818423,0.00018009999621426687,6.269999721553177e-05,False
83f66661fa61408fc342c4a5740fbb4af4048b430deb55cf3792480b8b2aa661,0.0010924000016530044,0.001790000002074521,0.0001964999974006787,5.529999907594174e-05,False
f01679224ce2cd57e746810be3ec95d5fe201e442f9263354deb99d555066039,0.0010764999969978817,0.0018423000001348555,0.00017379999917466193,5.239999882178381e-05,False
0bae63b7bf0e9dd90aaa244ca6094b80b09b8db0f0b387e37fb736f75fb115ce,0.001103200003853999,0.0017535000006319024,0.00018039999849861488,5.149999924469739e-05,False
2d629c1830bee22ec78738ee566221435d9229a8000700c71db3afecc25421fa,0.0011099000039394014,0.0017896000063046813,0.00017549999756738544,5.329999839887023e-05,False
e99c0cd06a416368a5240686bf0aa414c843fc6a64c40f3e569a6bd9cd40574a,0.0010677000027499162,0.001912899999297224,0.00020309999672463164,5.280000186758116e-05,False
5c8c167146c4de4db809e8e3d9413cdfb6523532ecf5fbb5fe3a4ebcd53fd83e,0.0010598000008030795,0.001848499996413011,0.00017430000298190862,5.560000136028975e-05,False
89581176bcbfd3c3cee6b60405ed06afda5b89f0c6681b7389895d0fbf6ea769,0.0010744000028353184,0.0018082000024151057,0.00016740000137360767,5.320000491337851e-05,False
6613b9c7860dd83edf9110d4fc2f191357b7ec68498fcf18b7ea2eed1b1b2bff,0.0011113000000477768,0.0017923999985214323,0.0001697999978205189,5.3499999921768904e-05,False
dba01f2788d8d6e49a16d8ae0cd63ce57d5d8d34f07fdf24e570cfecbefc2fc8,0.0012275999979465269,0.0019182999967597425,0.00017949999892152846,5.450000026030466e-05,False
91d7418760e3f669c08f5a85d5bd78859e2d7ecf533799398d3f447e9fc99166,0.0010774999973364174,0.0017784000010578893,0.00017439999646740034,5.360000068321824e-05,False
2b4867a4c8939b84993abde99e3dcd97abf7a261a6bc21633bdd4eef2bbb3ba5,0.0011554000011528842,0.0018024999953922816,0.0001697999978205189,5.199999577598646e-05,False
dea66da242e7e8d404d5decd8408d3ba43ba56f6d94bbf89de1bec00598991bf,0.0010980000006384216,0.0018941999951493926,0.00017159999697469175,5.529999907594174e-05,False
1ee27c45428b890361dec616dfd20c7dc506d28c9333255ecc8d98065cac9e7b,0.0010904999944614246,0.0019285000016679987,0.0001728000061120838,5.2600000344682485e-05,False
02a40a310374cb265367ffe4a272f5fd114842d7f184214ffa731baf31a3ef05,0.0010728000052040443,0.0018793999988702126,0.00017289999959757552,5.409999721450731e-05,False
11f0f9b2783da4c0e5f5a9a9728dafab49e9c71902e4b502c6212c5dc9ba7cea,0.0010905000017373823,0.001861699995060917,0.00018460000137565657,5.6700002460274845e-05,False
42bc83bdda0198652219c7fc13ba38569bcfb280f781a544ab0a0be4e34d90a2,0.0011892000038642436,0.001750499999616295,0.00017269999807467684,5.3499999921768904e-05,False
eb4ba8463dbc4a679382ccbc92868d685b7d727a8940cc3e5c3d246422a76cc6,0.0010231999985990115,0.0017982999997911975,0.00017469999875174835,5.6700002460274845e-05,False
4c07d566612cc7baa956899e8ad924b191c60b7568017b69d2ca5d34a2469afd,0.0013281000065035187,0.0017527000018162653,0.00017980000120587647,5.2299998060334474e-05,False
ce230f4dde346b45b75a3f0e5a356d1e80f815ae1dee5e63d80a8e06c3d238ac,0.0010842000046977773,0.001721400003589224,0.00017179999849759042,5.609999789157882e-05,False
8e807715ecec16eb9d831c8ffe82e0286ec50ccd8d916228fafe008f2975f231,0.0010856000008061528,0.0017866999987745658,0.00017669999942881986,5.419999797595665e-05,False
4c155cdf661eb3876de4f4b717f33b4d7a93f7670de63018b04a09a257ee36de,0.001076100001228042,0.0018845000013243407,0.00023160000273492187,5.0199996621813625e-05,False
aec4d3f9d5a5d6368b37f115063bc0a5f516d6496841a3d51540d0127981ea32,0.001088299999537412,0.001833200003602542,0.0001714000027277507,5.2600000344682485e-05,False
71c802718d6cd4b24f7b22c9ca8898ffa3003cf323691904640724796725c573,0.0013545999972848222,0.0018148000017390586,0.0001731000011204742,6.310000026132911e-05,False
cc3bad426fcf20d4187de7bfcdcc723f7e6d37b871429fc637d131d5214324ff,0.0010743000020738691,0.0020236000054865144,0.00017220000154338777,5.529999907594174e-05,False
b8702e69c243277f44132a3455003aa29514134f89050084ff39cd6d51d00321,0.0010674000004655682,0.0018551000030129217,0.00017469999875174835,5.420000525191426e-05,False
574f94db51186cd22f53508cbc3f68e991ad89477b80fcb64e80c9321a74d894,0.0012146000008215196,0.0018251000001328066,0.0001773000039975159,5.4799995268695056e-05,False
453e27631b418f5300d01555b73ccc448ee5c07368b045c011dd40f2ca5181c2,0.0010971000010613352,0.0017347000029985793,0.0001753999968059361,5.690000398317352e-05,False
1c7f6df787750a551977845bb9f767cc96732b0912c44f0fe0072c4f46c2d00d,0.0011632999958237633,0.001759500002663117,0.00017300000035902485,5.690000398317352e-05,False
4b9a0f4c9f93713e932d09e084f82654c20417dac7a387948fb84ff9377e18c4,0.001139800006058067,0.0018334999986109324,0.0001916999972308986,5.389999569160864e-05,False
d6a83bef768e470d64de5424e2c576d665f8644075af692007ecf5ee205c785a,0.0010869999969145283,0.0018314000044483691,0.00020190000213915482,0.00016689999756636098,False
c81f5207f5b757705becde7fd75bfb7e77c1d71ab4b43ccf9c63551a322c5970,0.0011076000009779818,0.001866300000983756,0.00017410000145900995,5.4600001021753997e-05,False
1fff6949eae86ae696ebe44cb9a781e7a8382efc17389bf42d89c380c8c224c1,0.0010822000040207058,0.0018173000062233768,0.0001736999984132126,5.219999729888514e-05,False
636e3f9ff3e86428ee4200577ead0d262b76b3f0614b0b8085e6d3eebe571c95,0.0011990999992121942,0.001854100002674386,0.000170899998920504,5.280000186758116e-05,False
4ab9787975d5b78b456e23dc6d24c767ae82c24858fe92cf1133eec7f4bd99be,0.0011073999994550832,0.0017427000057068653,0.00017690000095171854,5.5199998314492404e-05,False
9f5778232796e7a01a7cd81ccfce4899d174ce83bc6c002b02257f1088c89471,0.0012251000007381663,0.001880299998447299,0.00019690000044647604,5.130000499775633e-05,False
a97c79e52e8be6f1588f1e39ba75c6d1d807cb47059eb05afa4f637216b19cc4,0.0010975999975926243,0.001983299996936694,0.00017859999934444204,8.580000576330349e-05,False
48ce695961826e6977ea37bb57c495f65800b1ecb9d82e1fd671ceff7d0244aa,0.0011236999998800457,0.001959499997610692,0.0001830000037443824,6.249999569263309e-05,False
14d1b92a1e575923384f25c72445efc5e57021e69a9d203b78f2714a61bb89a0,0.0011746999953174964,0.001819700002670288,0.0001751000017975457,5.4899996030144393e-05,False
700a74d0fb8bee6de68955b930d245f48df24de59f55c5efc00b8f49479d6a04,0.0011228000003029592,0.0017972999994526617,0.00018869999621529132,5.610000516753644e-05,False
2c1f37ace68e4f921b1090ba77050043a67f6a4ac7c10d751bd8f692a2e9aebf,0.0011005000051227398,0.0019419000018388033,0.00017099999968195334,5.5500000598840415e-05,False
7282a0a85416c54394725827476a0af7461b24de9d651ac2316264a989178ade,0.001157500002591405,0.0019394999981159344,0.0001736999984132126,5.3499999921768904e-05,False
a1bd15459cdc6dddfb7126de78ca39ca0c014a221ee07587d5dabb5d4dc0c01f,0.001073999999789521,0.0019131000008201227,0.0001827000014600344,5.77000027988106e-05,False
de847d9f7f2b1732befad45b8b2e30bbb134f4e2c28eb4ce509a30bb940ab331,0.001181799998448696,0.001723699999274686,0.00018699999782256782,6.730000313837081e-05,False
32275fbc181c0ddde40fa6e99d47e07eb4e5589615396b132eaafa4632b2d4f4,0.0011013999974238686,0.0017695999995339662,0.00018090000230586156,5.230000533629209e-05,False
5acb8f5dfdb7dbc2b5ac6ef96de75ad07d1bb56ca31d17bcb97238d11fc10025,0.0013502000001608394,0.0017621000006329268,0.00017079999815905467,5.2900002629030496e-05,False
bd30b32e5fcca3b93157dc7b09f94f4e0c4c63d06d0d5c725aaade1b5d7b542b,0.001069199999619741,0.0019599000006564893,0.0001723000023048371,5.579999560723081e-05,False
8f88af3eabb60bbc00b8e9c2180e67fb5c56621ce4e31702f92760b9f87b2d31,0.0010572999963187613,0.0018581999975140207,0.00017099999968195334,5.270000110613182e-05,False
dcd8eb1fea342bfc377bcf4b792457ab39acdea13454f17d7eaa27dbfef76fe7,0.001072599996405188,0.0018654000014066696,0.00021840000408701599,5.2799994591623545e-05,False
d0e5972af2833b5e4b4021d07d63e764707703df748cbe9f12487edde3adea80,0.0011109999977634288,0.0017845000038505532,0.00016980000509647653,5.169999349163845e-05,False
00b93c1d49ebf55c9b437b5cc7b0c10eef069861aab4e6661f5a44313b07b4ef,0.0011202000023331493,0.0018522999962442555,0.00019359999714652076,5.300000339047983e-05,False
738b1af4f1890008f1ea5e66c7685de1a43bceb0f8080ad54d4658fd886bfcbe,0.0010939999992842786,0.001815399999031797,0.00017910000315168872,5.329999839887023e-05,False
7de8fe9986972888a700fab414e295fd77d0462446c3e40ed429a1ba4c4a37cb,0.001087800003006123,0.0017411000007996336,0.00017389999993611127,5.419999797595665e-05,False
32c9ae4c3e1abfc808947d87695d9d8c63a4d5bbc5c712b126f33a3e161d26a2,0.001097499996831175,0.0017322999992757104,0.00018379999528406188,5.360000068321824e-05,False
edf86853e99408fc459a411cc15eb91a95819dbed2ea7d1774466931ddb32b32,0.0010910999990301207,0.0018540000019129366,0.000167800004419405,5.559999408433214e-05,False
415dbe0e111d4dee270c3712f636de73b7fa21cec6aa570ea65a9190b8d81805,0.0010320000001229346,0.0018962999965879135,0.00017120000120485201,5.400000372901559e-05,False
bbf3a25eae6c3b1ad37d6e4f15a671fcd93298d7e8451a4fa69dc547776b99c6,0.0011693999986164272,0.0018225999956484884,0.00016930000128922984,5.4899996030144393e-05,False
f705de9b01444c5c211b291d2d17b63e1d0b630e956e03e425c5b6a97b62ab41,0.0013271999996504746,0.0018284999969182536,0.00016940000205067918,5.419999797595665e-05,False
b1db4f33e11b5b95f3c880aa19dcd4dd17287a8b11843811fbf3bcb6ee4a49a1,0.0013509999989764765,0.0017708999948808923,0.00016840000171214342,5.2299998060334474e-05,False
fa0e767aff28ab085221fac1143512733ffb80eedbed17962311e8e6a6c2c0f8,0.0010685000015655532,0.002107899999828078,0.00017079999815905467,5.720000626752153e-05,False
2c0ceb1fe9c52f3634f972bfab682c9789aaeac3de04613b9edd142bdc18062a,0.0010949999996228144,0.0018796000003931113,0.00016879999748198316,4.959999932907522e-05,False
e6c40073330709d6b8e3c89369172d3f2585488d65535ee047fc8daf3dab8a83,0.0010550000006332994,0.0017474999986006878,0.00017269999807467684,5.650000093737617e-05,False
ad77832eb9c9fd62a33c0efe0ce3689385adfb07b22cfab55db03173c6f71f41,0.0010996000055456534,0.0017535000006319024,0.00018730000010691583,5.4100004490464926e-05,False
4ad085c3bdbd296ba80d75972cf0136c2a2597a468d9a8bd0c59e72cec79ae29,0.0011000000013154931,0.0018454000019119121,0.00018149999959859997,5.96999961999245e-05,False
3a667facc0075c67cec79bc4c84cf7904245eb2abef77a6f8a112c0649dcb56a,0.0010697999969124794,0.0018797000011545606,0.0001722999950288795,5.2600000344682485e-05,False
f89206d10e8d0e2b44b2686528ab77005e7143bfe73562710ef4a563b60a56a2,0.0011130999992019497,0.0018264000027556904,0.0001773999974830076,5.370000144466758e-05,False
5317463b346c54e9f0c431b14f24799db2f79209c5c76d4eb3683575e8daba2a,0.0010877000022446737,0.0018266999977640808,0.00017519999528303742,5.4299998737405986e-05,False
11d939f6ddb60f45446920066733c86014dfb957973901e1f09f9d46524dfc0b,0.001422399996954482,0.0018640999987837858,0.00017859999934444204,5.329999839887023e-05,False
cf6c1dab50778a0b1a73cece8437c706de3794b6a1d4f95aa39b434c535b7033,0.0011616999981924891,0.001763699998264201,0.0001782000035746023,5.5199998314492404e-05,False
813b46f3289396280de73fce4774ac914c5bc74abedaaf547ef0ec88aed912f6,0.0010888000033446588,0.0023691000023973174,0.000167500002135057,5.319999763742089e-05,False
b11c4367a9fb83ba37d7bb9538f7e362de2e9cacd9efdf3d508e59914b84faf9,0.0012179999976069666,0.0018531000023358501,0.00017409999418305233,5.100000271340832e-05,False
9fec4c91a39dd455796f2a217b6ab318aa72fce2d0ed3b1239fb3bbbd9ed6f70,0.0011484999995445833,0.00192090000200551,0.00021700000070268288,5.160000000614673e-05,False
605bc5d756cadee40d92200420494aa4e1fa63ab11e37c2ef0d846b152643a23,0.0011497000014060177,0.0020143000001553446,0.00018769999587675557,6.299999949987978e-05,False
8bda5395fbaa75c64cff52dc7e365bc69a6025467bfd325a66e3fa6bcb02c343,0.0012121999970986508,0.0018742000029305927,0.0001872000066214241,5.310000415192917e-05,False
6ec1a25ca2e36d0a896a6e1069fccf7a64cd3e551fccdaa1b5a1e6dda1fbec89,0.0011403000025893562,0.0018539000011514872,0.00017339999612886459,5.60000044060871e-05,False
bc7f8023cce781e233d0973ccb24253d117db7acedad23a8c61d1e9b34216d04,0.0010565999982645735,0.0017659000004641712,0.000170599996636156,5.300000339047983e-05,False
2a543ea339f2ee452da7099c5735243484b48dd24e0db769951dd926a50c5dce,0.0012324999988777563,0.0018596000008983538,0.00021520000154851004,0.00011539999832166359,False
30b83fc68027a95e228995bd70d3cf7372ae1b594a62de3c980cce19996d7cf4,0.001054599997587502,0.0017509999961475842,0.0001720000000204891,5.289999535307288e-05,False
2b21d3b3b88a46ab3a3b5cab58a6a91f1c3ba0f3545e3b8aa8929ba554d19da5,0.0011636999988695607,0.0018074000035994686,0.0001753999968059361,5.249999958323315e-05,False
35f45c2dec9bce430f56769701f2135c60ef23893395de4de46a62e35730f7c4,0.0011677000002237037,0.0017768000034266151,0.00018109999655280262,0.00011039999662898481,False
aa9c0b50ba94ce24e15db12c6909765ee5fe0a2c90f8dc4a3fcb2f5a111f3188,0.0011289999965811148,0.0018387000018265098,0.00017389999993611127,5.2900002629030496e-05,False
96222aabe8eeb46074385411e3b9d86fb1042862ebe66c512f203652ac330f21,0.001141799999459181,0.0018460999999660999,0.00017120000120485201,5.129999772179872e-05,False
0830b60136b7c9fb6ceade49460e70e8140262c07ff56df8d513831f6ffa519a,0.0013844999994034879,0.00191090000589611,0.00017359999765176326,5.310000415192917e-05,False
c2f2d267dfa547b6ea2c833f6736eee35aceedbb6e33591dae914a3bab8faa9c,0.0010984999971697107,0.0021087999994051643,0.00017360000492772087,6.529999518534169e-05,False
2dc34d9a4ba90d6e2fc6f7b388413dfd3d6a7d6f183bef57448bf16d9d57950e,0.0010774000038509257,0.001919800000905525,0.0001686000032350421,5.2400006097741425e-05,False
0a192f689ccabb050f988a4aec6ac74dbdcd53c1a1bd05d2fcabd09ae75330ba,0.0011608000058913603,0.0017752999992808327,0.00017490000027464703,5.3699994168709964e-05,False
295bdb90913c41083fb7dc084ecdae03e9ec6cd77aff82deee91a600c84e8d32,0.0010806999998749234,0.0018171000047004782,0.00017120000120485201,5.439999949885532e-05,False
fe4b4ffe9120e69995a86b67e47dc86c1ae5fba5738d0d1e1a43ccb5c5362c5c,0.0010947999980999157,0.0018382999987807125,0.0001903000011225231,5.3099996875971556e-05,False
0bb48a5fc4146014f5081ffc891d2fc239ebed4c3cd2d1ee7436e85977387fad,0.0011312999995425344,0.001901499999803491,0.00016999999934341758,5.4600001021753997e-05,False
2892ae21fae48f37450182138a2793a2e944d266add8239a584869686e1bd590,0.001113500002247747,0.001976199993805494,0.0001768000001902692,5.310000415192917e-05,False
131eccbb6702309ee05079434f6f6ea5798d4842c6ce7514fe9a008e27be5b43,0.0011323999933665618,0.0017559000043547712,0.00017289999959757552,5.3099996875971556e-05,False
59e4a2b16cb893cfd4eb3832b2195f3344aee11cd074ddc678137d5787e46f66,0.0011104000004706904,0.0017660999947111122,0.00017139999545179307,5.510000482900068e-05,False
4124065b056cd32be2cd41bd8cd1e13d95f9b54c27574def01b883607c28f6f0,0.0011316000018268824,0.0019293000004836358,0.00016959999629762024,5.319999763742089e-05,False
0814f1b2634274415cd9cf6c73979db28b37f105c1e0dfcac5bbf7814273056b,0.0011291999981040135,0.0018647999968379736,0.0001731000011204742,5.269999383017421e-05,False
b7aec95f7e71a371ca227a00ef2eec9f76032874ea0ed446e842d23e9efe79cc,0.0011307999957352877,0.001843800004280638,0.0001723000023048371,5.110000347485766e-05,False
e8a6b9ae342a01e6ec90bf3fa1105bc01597d9151246c4cf1dc80c4055ad7107,0.001072899998689536,0.0018418000036035664,0.00017449999722884968,5.1200004236306995e-05,False
cc2040261a6fbd284fc37d612bcb8ac5d4eb0d2f985b091ce0e20a6a2ce71872,0.0012525999991339631,0.001891699997941032,0.00018089999502990395,8.47000046633184e-05,False
d36f7b0f6dd00fecd07c2a3dc9ee3841e9a35af4aece8da9aa896ea3908dfd53,0.0011379999996279366,0.0018485000036889687,0.0003249000001233071,5.3099996875971556e-05,False
0385703839dcd1c6e919a31a947a5422d1e739fb81d9ec8016930a683ada893a,0.0011082999990321696,0.0018503000028431416,0.0001714999962132424,5.360000068321824e-05,False
6479213f0f36962df50d648358de0cef5cb23993af3ce3dddab3b84dae2d0edf,0.0011545999950612895,0.0019998000061605126,0.00017050000315066427,5.2600000344682485e-05,False
6aad57ecbe130a9b17691343cb276dc5b5c6282e3dc14d639fd51acedf6fd362,0.001109000004362315,0.0019618000005721115,0.00019189999875379726,5.5999997130129486e-05,False
cc5d5ec19f9c42f0b835f3ad63675ee4655f02a265898d6ec9442b003f54e1ac,0.0011540999985300004,0.0017968000029213727,0.00017559999832883477,5.439999949885532e-05,False
14756e8d85c9ebc8049d39f8005d20ba0959584467a651e3166ead31fedbb828,0.0011546000023372471,0.0018471000003046356,0.0001984999980777502,5.589999636868015e-05,False
15dc01336ca79d6f7af2102079851656d95842dfd9c50a8071de9fe439afa2c7,0.0013139000002411194,0.0018829999971785583,0.00017350000416627154,5.059999966761097e-05,False
1a0e7cfe8a6e101b9ccff9d18c5b2556c1038dfa3da17143454623b27856bd9e,0.001130700002249796,0.001818299999285955,0.00017120000120485201,5.329999839887023e-05,False
7be0ba093acac498c897f80598e67f5a338e7fae5b7c0b1fffd2ae1a334e6e1c,0.0010939999992842786,0.0019045000008190982,0.00017129999469034374,5.110000347485766e-05,False
5cfe2a592df4825645628a88c581f1328196943fce4581a1103fd6999e442b4d,0.0012366000009933487,0.0019712000066647306,0.00017320000188192353,5.03999981447123e-05,False
fddc01ca8fc033d41c7ab5e28251611eee1c69a01a655770645e71d02bd88362,0.001098900000215508,0.0017824000024120323,0.00020370000129332766,5.100000271340832e-05,False
0a828d502eea544bd553ef7dccbf6c27a260a88276cf5dcf91868b09dd22d93f,0.0011375999965821393,0.0017886999994516373,0.00017130000196630135,5.289999535307288e-05,False
524acfd41f9e9a29b3a8b2d093542772980e4414068ce3b5d08f39d9a0c03b0c,0.0011585000029299408,0.0018959000008180737,0.00017279999883612618,5.329999839887023e-05,False
bdcab082fb5d94ac1954458a236878b834c51b6d92e90c8ca1db873d31023f13,0.001165200003015343,0.0019088000044575892,0.00017389999993611127,5.319999763742089e-05,False
36ecc692e9e225117d38701e2496dbded0c61556183a3e4a4b2e14bfd4b7701e,0.0010949999996228144,0.00201309999829391,0.00018599999748403206,5.249999958323315e-05,False
b0389dbde654ea13331f47a65a89ba9519ff2642464892015a1dfd20e2f6481d,0.00143009999737842,0.00182679999852553,0.00017160000425064936,5.3099996875971556e-05,False
d3493f2944a221a0a479dce6fbd3a231189a3dc8a4d4549fa945bdec2ad0f942,0.0011902000042027794,0.0018245000028400682,0.00017120000120485201,5.249999958323315e-05,False
1b0fae9154b845691ab93b900992b1ddf8db652d8545fb24f723ff970d639f54,0.0012743999977828935,0.0018884000019170344,0.00017169999773614109,5.239999882178381e-05,False
35592596df934e16d8ab7e3dd0afeb32960a216b6a76da3e89ff161ac595af47,0.0012062999958288856,0.0017942000049515627,0.00017880000086734071,5.9799996961373836e-05,False
cce7cabe804a1722078839fd4bda6d03c6d20032cdbb53d92a12344f32f24fe2,0.001109000004362315,0.0018320999952265993,0.00017469999875174835,5.319999763742089e-05,False
ce5eb105106a43bba729895e7bc738a0ce992698e6a65ce7caf6e82729d5a559,0.0011602000013226643,0.0018705999973462895,0.00018889999773819,5.699999746866524e-05,False
d22f95e46d214cf540dde752383f0a133c7911fd9ab0b82f0ec0d14db31c67e1,0.0011874999981955625,0.0017475999993621372,0.00019209999300073832,5.03999981447123e-05,False
e545d063c6d72bceaf95d3e4becf2241b25bf3a1a7f5ad096fc3c0971b986c6f,0.0013063000005786307,0.0019214999992982484,0.00020489999587880448,5.3800002206116915e-05,False
c80161bcc95362326f6242c551bee05e9a796f8487510d2fe76980686abd7184,0.0011479000022518449,0.0019144000034430064,0.00017269999807467684,5.3099996875971556e-05,False
b7c8b0df06efb8ca1ce037bce45543d94b36310e25e9aa80cbf7e94fffbd88e8,0.001126099996326957,0.0018764999986160547,0.00017910000315168872,5.4299998737405986e-05,False
358ed5d8297302c6d6e8123971c277470697e2bf1b58ce7b4202aa5b377a0ea3,0.0012309999947319739,0.0019084000014117919,0.00017300000035902485,5.280000186758116e-05,False
cc608067d5f5851d06290674a66a5d4e9ad0c105cd9438eab6d5d6cc5ccb44ac,0.0011173000020789914,0.0018014999950537458,0.00017699999443721026,5.1200004236306995e-05,False
7dc638fe802149282865392b4825e5da9f0a50cd89577f12b4c885eb29db7738,0.0011822000014944933,0.0019118000054731965,0.00019150000298395753,5.249999958323315e-05,False
2819d08fe5338c783b08921d594c0314be3b1fd581be4bc3a769ac28e7e0a7ed,0.0011075999937020242,0.0018122999972547404,0.00019639999663922936,5.239999882178381e-05,False
8f2879b7deebf06ad02973e3eeb4e2dcbc822937b68b3f15f0323ea1c4d0f835,0.0012700000006589107,0.0018979000014951453,0.00017389999993611127,5.37999949301593e-05,False
54004919b1bb347e35ad7fed82069d2de1d290a489160d4793447fb3909752b4,0.0011403999960748479,0.0017950000037671998,0.00017940000543603674,5.5500000598840415e-05,False
d3e804acf1ba92cfa22ea068df6d10b2f28d9672df11ee5b238e67d382c2e480,0.001255000002856832,0.0017872000025818124,0.0001740000006975606,5.409999721450731e-05,False
f09f2c3f8ac21ccf6dbc621ce37e06ddfdd8056f2152de3582140a700a78ec3a,0.001401000001351349,0.0018803999992087483,0.00018249999993713573,6.089999806135893e-05,False
ea32246a7b4ae8a1e0c8551dc48bb13369106acebc10ff8acb7e866ab0aa7d14,0.0012599999972735532,0.0019104000020888634,0.00017609999486012384,5.420000525191426e-05,False
ee96e1ab9fde3b2cc21f181045a0f68e41fc3f1337e68538f499e2c4ba0d2145,0.001164599998446647,0.002024099994741846,0.00017639999714447185,5.729999975301325e-05,False
710eea34d2be4e550a95915d95a5459fdffc8d2a37b04ffa9f7ae18fab0e3241,0.0011247999937040731,0.001875499998277519,0.0001874999943538569,5.43000060133636e-05,False
9e392160074ee68f4d9299f367421efef363c4ae20501e044668b902fa33cad6,0.0011833000025944784,0.0018989999953191727,0.00024090000079013407,5.8400000852998346e-05,False
7588fa783eea97dd080d49e3db3d83595f9cd9c0b95b2f988f7f1be414b2f86c,0.0011112000065622851,0.0017917000004672445,0.00017379999917466193,5.750000127591193e-05,False
b82dd31c1cbf97be4577f8d5ddf0da01019c004b041141dcd87ff0b90270220a,0.0012069000003975816,0.0018012000000453554,0.00017099999968195334,5.370000144466758e-05,False
6a351bed561ebbbb48753a356b2caadacc97963cd09dc0d5075cc4856844df94,0.001111799996579066,0.0019335999968461692,0.00017099999968195334,5.1899995014537126e-05,False
ee6c7dfa82121c117a2574da490e467bc1d7910cae634355def7e2431927174e,0.0011013999974238686,0.001894900000479538,0.00017099999968195334,4.999999509891495e-05,False
b3de6ccaa0b4affb92bf5e368a6424e919a9e70e5256c75856a368f8f4094b42,0.001314100001764018,0.0018341999966651201,0.0001919999995152466,5.439999949885532e-05,False
ac8de2b60d543328ea0dc146865018d0806c84152045f8da0bf23d2944e4508e,0.0012628000040422194,0.0024278999990201555,0.0001751000017975457,5.480000254465267e-05,False
426edae3c88f846f008431df7efffc1b95f51c86cd0d896aaa8c6aed1e9e53df,0.0011312999995425344,0.0018985000060638413,0.00017500000103609636,5.6899996707215905e-05,False
d66e95614676140e843a328d523564f077708b4fae02cd827d04a6d983a3bd98,0.0011007999928551726,0.0018803999992087483,0.0001747999995131977,5.419999797595665e-05,False
f005e729458e87968446e1f96754606fa6ab44205bf71efda2392a22d49610c9,0.0011517000020830892,0.0019545999966794625,0.00017629999638302252,5.609999789157882e-05,False
619f7252bb2c2a5ff23b3580b655d4da7cb9f41c24ca464aab937bde84e8e290,0.0011440000016591512,0.0017971999986912124,0.00017359999765176326,5.4799995268695056e-05,False
5447a34b1a6f5fa70219e422f02f6ff63b11962b3920f39506b1663d726e39d0,0.0012149000031058677,0.0017604000022402033,0.00035680000291904435,6.439999560825527e-05,False
2247740b234dd037ee00fda4b82c115441d33e79bc457b9b9fd6d7dd66910f94,0.0013271999996504746,0.0018165999936172739,0.0001768000001902692,6.0500002291519195e-05,False
8900f475028072e75bdcd8ac14b691921cd86e9a52ff8bc47a0849dda7cafdfa,0.0010977000056300312,0.0021114999981364235,0.0001823999991756864,5.999999848427251e-05,False
c7bdb646a4215ca137ba85105b7aef95baef8c47758c8179c67c900bceeaa491,0.003195199999026954,0.00491150000016205,0.00041900000360328704,0.0004914999954053201,False
9f7323984315ab993c4aa95f63749132783357a4d4dd7d6e99fc26c8b15af788,0.0035944000046583824,0.004828500001167413,0.00041769999370444566,0.000505900003190618,False
c3c41f5b6d09347f7a605ae662989712ffd211fceb4ed66d7ed399e927a8dd43,0.0033030999984475784,0.004846900003030896,0.00039929999911691993,0.00048010000318754464,False
5ec97447fa02ffadf896f0bd3c2a371f12086e37a9937b1813e328a0676c7244,0.003012599998328369,0.004877300001680851,0.0004133000038564205,0.0004870000047958456,False
5c0fb6674585b7809b2110ab9acc19d757e4d4b5a0a368572c4837f5ac7043ad,0.0032260000007227063,0.00491860000329325,0.0004200999974273145,0.0005520000049727969,False
f084d9811fd544162b8821cf90d8b5c35a8079be3ad2174ec6811010145165bc,0.002924999993410893,0.004966400003468152,0.0004124999977648258,0.00047479999921051785,False
1318b0629ccddd10bf7c6e1e6153d6760e7bcf7235a5a574b5a97553a6a120e7,0.003071999999519903,0.004896300000837073,0.00042389999725855887,0.0004721000004792586,False
1a946f0cc928a9bb8cee5afbe2dd9e0b6e29a0592518bc88c8ffc487756806f2,0.0031013000043458305,0.005197899998165667,0.0004090000002179295,0.0005307000028551556,False
2aaba83edc8edcd9091620af782353ba433cac2551ce1fd5ba4c49778f3afdb5,0.0028964000011910684,0.005256700002064463,0.0004163999983575195,0.00048439999955007806,False
e77877e917a2866defc92103d179416d9910baf9ff47fd7049ccabe2140c1294,0.0028821000014431775,0.0051231000034022145,0.0004915000026812777,0.00046749999455641955,False
d0a1485a5e2dfd6d3b09c7a84bcafa1f5539728d4916accb4bdec434718a5c43,0.0030828999952063896,0.004772000000230037,0.000425900005211588,0.00047249999624909833,False
fa2e71e32100566fb8d4dac1083788f7393d2ac48f1788535f197ee3c6356451,0.0030767999996896833,0.004891399999905843,0.0004155999995418824,0.0004916999969282188,False
9228e26f42d910da6a13a39ea7c4d598221772de67565016f207405502b90343,0.0029768999957013875,0.00512890000391053,0.0005024999991292134,0.0004875999948126264,False
814294252e8c0aa4e24cf2ec340148622df569040970a82cfc50d81d324338d8,0.0028074000001652166,0.00490410000202246,0.0004093999959877692,0.000473300002340693,False
752b334cd0f577d73a0cd8dfe5e28ac28ba1dc4b548616bc1abf6fb7cecb1939,0.0032161999988602474,0.004814699997950811,0.0004132999965804629,0.0004571000026771799,False
61525752772ee49572fd5b2f689c605df7c98baf13a9bd99db39098186cd70bf,0.003005800004757475,0.004909899995254818,0.0004043000008095987,0.0005068000027677044,False
766ff1fc42f4ca6c4f714d6885028b2f2241897a6ce661e49d177ec752cecc2f,0.0033650999976089224,0.00483439999516122,0.00042070000199601054,0.0004968000066583045,False
72d30a120c4e1046e5b3ebf2ae459bee6e774fe459d33aa91c1c6b90bbe7761e,0.00321030000486644,0.0050532999957795255,0.0003971999976783991,0.0004712000009021722,False
5e3f9f3e0cf165cbb2a1f9712900a67173576db7905371639124f41d693cd1e1,0.003272100002504885,0.005423400005383883,0.00041360000614076853,0.0004721000004792586,False
5586bd18c324e577f114c1725e41640a458d3008abeed444375d3d379b9ad884,0.0030046999963815324,0.004751200001919642,0.0004239999980200082,0.0006004999959259294,False
d2b932eaa6226a97ccc524f365ab82a9d4bfe52d9a8036e4bfa13f0486fab8b8,0.003034499997738749,0.004980300000170246,0.00048099999548867345,0.0004793999978573993,False
4d605a768b4e4e16f20d432c8ff377fab20e96bc42a816fb65e8217dc38ad019,0.0027344999980414286,0.004758800001582131,0.0004163999983575195,0.0005610000007436611,False
d261ff39ea2fa814deb87eda363899119f768d0c771e0ec4655fee1eb553edba,0.0031787000043550506,0.0050275999965379015,0.0004067999980179593,0.0004755000045406632,False
647224228b55b4e5323ae5370e3a911158f51debad45328e807bfec06e067e09,0.0030237000028137118,0.0047957999995560385,0.00045149999641580507,0.000480500006233342,False
24fddc3c0bfad2689e474d00cb1bc509ef74a949b2bafe2aebfe587076948bab,0.0030885000014677644,0.00489219999872148,0.0004104000036022626,0.0004780000017490238,False
72b0d355be92d7ad5b92b49a5af9243b027967da93d620fb2c696d052e1369ed,0.003041199997824151,0.0051888000016333535,0.00043139999615959823,0.000497900000482332,False
75d905392571354117089d77626ed7777ea4210b4d60677a0b38c8555597ee73,0.002741500000411179,0.0050458999976399355,0.0004398000019136816,0.0004924000022583641,False
c163690c33397b44eca126de0d47d13d9ce1d3e21cf0fd96d6329b23b47effc3,0.0031025999996927567,0.005007499996281695,0.0004976000054739416,0.0005164999965927564,False
42132da923a3883fbeabd3a36e677b6103c820853ca863571b1daa6d96c90294,0.003066400000534486,0.005214299999352079,0.00045039999531582,0.0005774000019300729,False
ba4b1b01352815d2a0acc03c745d3c2ddee28c1ff8f323a3979dfa13930509df,0.003008100000442937,0.004939099999319296,0.0004398000019136816,0.0004976999989594333,False
b3ea7c2e1f8e1f38888200edb27b45c825276ab4228d1e073edcffbaf5e1a91b,0.0032909000001382083,0.005136600004334468,0.00042940000275848433,0.0005009000014979392,False
86092d995041e382dd658ff4f07df78893d2b41f8126bf5a127efe3524f03d18,0.003220900005544536,0.005113200000778306,0.00043530000402824953,0.0005290999979479238,False
6ddccc3c0704617177de0aa3b9baa1d31f6440ac442d75e31cf44f576d0d82f2,0.003349099999468308,0.005011499997635838,0.0004274000020814128,0.0004958999998052604,False
f4a01ef4403cd76478ceedabedbef2ecd53de9690e2239ecc627a18dce015048,0.003192100004525855,0.005005699997127522,0.00043849999929079786,0.0004888999974355102,False
231982f802b97ea22984646272c0c6c81f1e526f2192ca9601dff408dae30c99,0.0032190999991144054,0.004926499997964129,0.00043059999734396115,0.0004885999951511621,False
778dccb65a3325ecb5c491b3b25329ed9feb3b04831ee481cadfa9956f3e9d3d,0.0030837000012979843,0.005013100002543069,0.0004321000014897436,0.0005060999974375591,False
12c27f47e27e19d5dbf3f1dc4f967cbbbc7637b8912df0dc97051bf277380543,0.0027616000006673858,0.0048945000016829,0.0005749000047217123,0.0005065999939688481,False
8d9ca07a59d2d531fb87348bbe0969b3d2de9b6a533aa42309828dc980bc5fb6,0.0030472999933408573,0.005106500000692904,0.00044860000343760476,0.0009449999997741543,False
1e3265bb0e862030bb50553a3b5ee0a178a9b77fe5f1453740093dc5c5be92fd,0.0031575000029988587,0.004861800000071526,0.00046019999717827886,0.0005960999988019466,False
58d83ba05977b788ad628149db6079fbc5f36a867177978eab32d7b1791afad5,0.003012999994098209,0.004901200001768302,0.0004534999970928766,0.0005911000043852255,False
24cc0ef7174cb3ea0ae3b4b1c673e22dec3a8c75b1e4b2c960a28bbb61b2efab,0.0031291000050259754,0.004806299999472685,0.00042380000377306715,0.0004912999938824214,False
c2eca580a01a7e2b44d35382adef09892ea93395d5e0025fb7ad3faa3ff57933,0.0027931000004173256,0.0048363000023528,0.0004393999988678843,0.0005133999948156998,False
d9075691283b4b680ebef65534a13fcc4466dec629cafcd2b6f21950dc10c5ea,0.0031182000020635314,0.004869500000495464,0.00043149999692104757,0.0004893000004813075,False
ab28aa6ead35e1ff6dfddc1fb5757a7f924a5147b75487d94617fbe04fce65a0,0.003099199995631352,0.005178400002478156,0.00043539999751374125,0.00048740000056568533,False
65f2aec61791840d93ee73d869fdd678037157842057907a367a79affbb1cd72,0.003042199998162687,0.00506669999595033,0.0004211000050418079,0.0004709000058937818,False
d02bc3df4e3859a68860b0a6ac55709a67a2099fb4b8ad0e6560a7e2ec681630,0.003209300004527904,0.0049949999956879765,0.0004291000004741363,0.00047900000208755955,False
4630479a6e86004d4e596ffc618d102c3037fd9be0e1a5f86f950d443bcb9a59,0.0028180000008433126,0.004835400002775714,0.0005175999976927415,0.0005613999965135008,False
e5dd2418f67f651421b8a688c9078b39d47a7b3ededcdda003e7388bf3ed8d55,0.0033390999960829504,0.005006100000173319,0.00043339999683666974,0.00047820000327192247,False
15ec31eca520e1e9f6a8118145fbc4819ab20c95f2704f40153fab6267c15fbc,0.0033356999992975034,0.005078900001535658,0.0005186999987927265,0.0005070999977760948,False
dfad0016697b77bd6d3e637eae23d73f97ca89450e3d95394dca4b894fba4cd3,0.0030947999985073693,0.005040600000938866,0.0004746000049635768,0.0005880999960936606,False
f10979df94e8860868204d7f20f4fe489e027cb038cf20fb288b6848f9fab484,0.003182200001901947,0.005039000003307592,0.0006624999950872734,0.0005403000031947158,False
b7829d65c22eafe5caa6cdfafeb322b1d599c34aeef47a5096ae2888d8fc091a,0.0028294000003370456,0.004779099996085279,0.0004613999990397133,0.000548699994396884,False
a5d02fad2163d9fa90673ad54fdb5b1a663f86512d5bf40495c1e02e447fdaa9,0.0031197999996948056,0.005807800000184216,0.00042780000512721017,0.000504999996337574,False
fb5bcaff9e44ae9e9562e9ae611661157b502226a629a2963deb8070c6830b1b,0.0030640999975730665,0.004942599996866193,0.0004288000054657459,0.0004971999951521866,False
9cb20eb08ecbdbc97b6068b66c2575a0f02c1168e1b9d570b99774fe2c069c7f,0.0032514999984414317,0.005472400000144262,0.0004380000027595088,0.0005090000049676746,False
89e8a6247a6a2bb41bb1c147124cdc8847a76685b0e2bf60176eaf344b391572,0.0030144000047584996,0.005084600001282524,0.00041319999581901357,0.00048690000403439626,False
874ec5a5e6d19123a7153ca4d5420931f065805b0a3c2a454c49ebb6f4480b21,0.0032565000001341105,0.00484120000328403,0.00041849999979604036,0.0004919999992125668,False
6bdfa42d971123375081d7a418a4807433ac7cccc86e5b349f11237a43f0f7f2,0.0035128000017721206,0.005595000002358574,0.0007458000036422163,0.0004830999969271943,False
6b686dd020c859d67be458556a2349c5e3f0b573f008fd8b0924cd7cf837e755,0.003047900005185511,0.0053410999971674755,0.00041309999505756423,0.0004847000018344261,False
531ecf43811b4f136df9d8ea239e5366787556339483a5ca222d370a0bf5ecc0,0.003204699998605065,0.005011799999920186,0.00040949999674921855,0.00048660000175004825,False
d0318484a5f644ba53ae39b39dbc6b19417f42c5f13203c4054317f7bcf0e082,0.002889399998821318,0.005074299995612819,0.0004180000032647513,0.0004910999996354803,False
97ca0d498145ec62f9a12baf7e95e525a8f2b9c7ee01117e1a2d1bef425608a9,0.002960400001029484,0.00551419999828795,0.0004980000012437813,0.0004922000007354654,False
5cd3e4d2325ee68eab6edfa8412a86f76e4fdd9b1cfdfb267f920484c7ed775a,0.003045500001462642,0.00520890000188956,0.0004144000049564056,0.0005382999952416867,False
f6374c5ddb03115eb051dd35fd7efaeb58c1fcc84061d0e682bd0ced3554fb97,0.0032685999976820312,0.005162000001291744,0.0004561000023386441,0.0004922000007354654,False
87ef3a4bb58f0bed18653f11aa7b85e44cd47ef890c486f68ca60f59b58c3c46,0.003132099998765625,0.005539999998291023,0.0004303999958210625,0.0005257000011624768,False
439bae29e0eeb65ae025edee97838830246333b1fa90082f2cba0f4d55e100e1,0.003029300001799129,0.005100299997138791,0.0005769000053987838,0.000490399994305335,False
0fd189a44a1066189133ba1b6458cf221401a0aaa008cf71235749e896bcbba2,0.003039200004423037,0.005253499999525957,0.0004208999962429516,0.0004811000035260804,False
34d5c7c2817341ccba1fa85e108c7a606c9f1f38c819327d474168741cf7de91,0.0030772000027354807,0.0054430999953183345,0.0007062999939080328,0.0005369999998947605,False
97d6efaf22b5bd654e54c75c2a04a9d591520c81f0da3e11e0421fe432864327,0.0029121000043232925,0.00570049999805633,0.0004316000049584545,0.000501299997267779,False
8195775bb7c59b9fb2d347056b8595c206a9ea5bf51335eaf0f07c905f37ca54,0.003278899996075779,0.004932900003041141,0.0004189999963273294,0.000483600000734441,False
7357309b042805f403d089c9db000c15efc68363b10c2059c2cb4351900a832b,0.0030475000021397136,0.005043700002715923,0.0004230999984429218,0.0005070999977760948,False
3b28ee89d995887f57b83bb62387b9efd0e4f3c604d73d823ca9b7948b701b84,0.003013200002897065,0.005496400000993162,0.0005302999998093583,0.0007708999983151443,False
6a87dedffb9ea75e3719a8390c48148111b939477a158622fce096b480c19cf5,0.003263399994466454,0.005566799998632632,0.0004576999999699183,0.0004938999991281889,False
590846895b8bee9bcd92ebb80cdd70aea6e88f164a0e8882532b818858323687,0.003086299999267794,0.005070599996543024,0.00048039999819593504,0.0004885999951511621,False
6697c780ee8f9d3763c286a9ec7791fa868a03904c14fc5d42ec49efbcf63469,0.002980800003570039,0.005100899994431529,0.0004267000040272251,0.0004998000003979541,False
3f9fcad1bf47ea97821f8c6aabd45e77b3e79e37d9d9ee92eccd2fb23d6dc550,0.003001899996888824,0.005038399998738896,0.00042160000157309696,0.0006431000001612119,False
14f3aaac1fd247e89ae809b74fcf762b145064cf42531709bcd1811cd19036d6,0.0030270999995991588,0.005557800002861768,0.0005469999960041605,0.0005203000036999583,False
7292d0249f073467448bc1091e65ecbf27d74dbbb8a2aa14d09f033284b9601d,0.0030291000002762303,0.0056497999976272695,0.0004358000005595386,0.0005009000014979392,False
0c95886075d6876d4a87fe01a22ac4b4a6e9e952bcf66229f12d00ef6ef32fbd,0.0032110999964061193,0.005545400003029499,0.00042039999971166253,0.0005037000009906478,False
17134f5b2c116720d09a0095705b67969f6aae4695ea35d243500fd595e44b23,0.002973900001961738,0.005141000001458451,0.00042750000284286216,0.000487299999804236,False
195b4fb39f92bfb278d9ed43b8b50c7c6e6223a7ec3082ccd737898d30b1501a,0.003080700000282377,0.004952699993737042,0.00044129999878350645,0.0004954999967594631,False
1b3fc765d463d7399ae85d837abd613327c1970c78eb6927bb0341999341a4f4,0.0030944000027375296,0.005025399994337931,0.00042380000377306715,0.0005888999949092977,False
b5e317363bfc58a6b53c48059c2d20e17407196e0c54a9d7bdf91fc091f8475c,0.0031028000012156554,0.005753199999162462,0.0004805999997188337,0.0004952000017510727,False
585d581d564a9a055f21092ecb74cf8ae4f6960a6b7e1513d2b11dc9967fd3f2,0.0027831999977934174,0.004975600000761915,0.00041259999852627516,0.000483900003018789,False
676005decc0636a959b32bd4470f492bc28f0c5bb1710d0e4167f9a7f0068ae0,0.003034499997738749,0.004913500000839122,0.00043540000478969887,0.00048349999997299165,False
07c014ed6cb107a0cd8ff219f92216a3545f9dff2c196fd2294536075da17a6d,0.0032108999948832206,0.005223700005444698,0.0004265000025043264,0.0005575999966822565,False
e7973671bb397f011c9d6f4a67517a08c035ca617de7c8307de9344154af0152,0.003046300000278279,0.004970000001776498,0.0004265000025043264,0.000501799993799068,False
502f73caf21217ad016d4af0d8fb6ba09dec2831ec6a6dbde1ccaa8ae29208e1,0.00305359999765642,0.005010700006096158,0.00042379999649710953,0.0004785999990417622,False
b4623401b01a5bce3fda01c55d68e64b9261c7a19b3ee35d31c3df498db56878,0.0029572999992524274,0.005198999999265652,0.00043909999658353627,0.0004973000031895936,False
29e88cf204c6ed55651ca2f62ab09f999874002cd80017dd5b82787dd63c9a48,0.002937799996288959,0.005374599997594487,0.00044969999726163223,0.0005734000005759299,False
9cd0c59f8116870517bd64dfe50d4f7f805241450c246d616983953455af4799,0.002958100005344022,0.005023200006689876,0.0004186000005574897,0.0005066000012448058,False
d590774fdb9ed02877f0b53e897ec086d40357fb49205b191813a9775d5dc6cb,0.0029125000000931323,0.005550600006245077,0.00042689999827416614,0.00048770000285003334,False
b07e7a322c093b14e934e7927be995377346a11971d687e2a988584bf09b59a2,0.002962999998999294,0.0052676999985123985,0.00040920000174082816,0.0004741000011563301,False
e9ba7905cd6426e5cd7f4958c9d7068022cd84dacd6697ecad3af40efad7e178,0.0028949000043212436,0.005385799995565321,0.0004360000020824373,0.0005605999976978637,False
8d298de32501cd48c58e484b6094e136ac4a7c17dc96c95d1cf2169cb9a21492,0.002977799995278474,0.005322500001057051,0.0004161000033491291,0.00046609999844804406,False
0e7f2203e80f9caea00cfa4681669e939eb46d310f8449432fe85a7bfd08762d,0.003108699995209463,0.005057800000940915,0.0004318999999668449,0.000494500003696885,False
6c6010464ff88533fc5ab8c366647f965e4e0f67bb2006d9bc9e2f7ead9573aa,0.0034031999966828153,0.0051843000037479214,0.00043700000242097303,0.0005719999971915968,False
6add8ebeb85ae6fccca54fbe8ed7c81b5a5318f32ace54b247980b8360d23a9f,0.003372999999555759,0.005185300004086457,0.00043340000411262736,0.0004934999960823916,False
c0d5f3fb631a8d63389d6850408c1d6b30d0700bf820cdd9a4dbfbc09740ac4d,0.0029301000031409785,0.005009300002711825,0.00043990000267513096,0.0005817999990540557,False
2bf3574e8a536b58823d25eb38df7526fda24fef8f79df3ef40f02853b1e7057,0.0029997000019648112,0.005564499995671213,0.0004914999954053201,0.00048770000285003334,False
1d8bd507604eeae663e587445c2c258db0bd27a13a1ab47b4c6f421e97eea3d0,0.0033068999982788227,0.0051414000045042485,0.0005938999966019765,0.00048609999794280156,False
2f095c8207244752afced6091ee719f4a2e066b016811ffd2f3a27851a130519,0.0030244000008678995,0.005265600004349835,0.000432699998782482,0.00048149999929592013,False
56e8727d168580d0a1d757635df5525c0e2dfd9480dc9861007545101a91fcc3,0.003026400001544971,0.005103100003907457,0.0004371999966679141,0.0005118999979458749,False
e74109977fffeef9f36265c66e73103eedc640db360e879ca1887aa05bf7646a,0.002933700001449324,0.005066899997473229,0.0004461999997147359,0.0005644999982905574,False
d634ded5f5c3f4c87b777f4b8a92f6454405c982919bcee6e0906137cd67ec73,0.0029045999981462955,0.005226599998422898,0.00045649999810848385,0.0005299999975250103,False
dcbf4d77cc33e312de0e9e0a4d972261e0edb6560040554135c4ae37b79aea91,0.0032315999997081235,0.005220300001383293,0.00042409999878145754,0.0005135000028531067,False
ee8f54b30cc898033bd26b0d4f52d7997efccc55ffbac7b4592a2e2d8f11be89,0.002926699999079574,0.005042900003900286,0.0004307999988668598,0.0005095000014989637,False
ac02cd9cb64389a1b1db66be08db0cf4f9d71f5529ee3ae1698e0f3865c8bf38,0.0034999999988940544,0.005589899999904446,0.00042019999818876386,0.00047849999828031287,False
23e0009fbda7fcc7bb755a42bcbc310e75b606ec507ad62bc8747ec2a1760c16,0.002923799998825416,0.005041700002038851,0.0004335000048740767,0.0006616999962716363,False
73743a3653e516349f11a9e360855bca5aa212a2746045ff63fe32473ab9322c,0.0029404000015347265,0.005185900001379196,0.00041570000030333176,0.0004833999992115423,False
77430e8f2cee207cfc4314561c4a46196872ce4b65a67742dafed71bc817c380,0.003013200002897065,0.005414700004621409,0.000446999998530373,0.0005213999975239858,False
d2a82b0ff9fc3c4574ed4eb534b8cddf87f2c6a8627e348816a3767178ea4ef7,0.003112800004601013,0.0051584999964688905,0.0004291000004741363,0.0004878999970969744,False
4006341b3ea4e4fcbea290c4ff0198809139ccf31d609525b80998049662c7cc,0.0030989000006229617,0.005363600001146551,0.00048160000005736947,0.0004988000000594184,False
486b19d804c5cd802d023530aa10d4b76fe6bd9d46bdeb9303e13e7a5ea399ad,0.0029925999988336116,0.0051814000034937635,0.0004604999994626269,0.0005193000033614226,False
fc9f8bce30fb542ac2e39d79bca35581ce415dad69a70d3b5255d78374a67fca,0.003304799996840302,0.005120299996633548,0.0004896999962511472,0.0005189000003156252,False
61c9814d140fa21e9115e8931a17e0606aa8128bc3beef5045e5a0b695354b45,0.0031795000031706877,0.005353400003514253,0.00042070000199601054,0.0004893000004813075,False
ba7dcee69275bf7080b9a414a99400867884caa339cdd7f0f3b291da6fc019f6,0.002980699995532632,0.005072299994935747,0.0004315000041970052,0.0004984999977750704,False
5fa18249a8f6b45b355dee32364e2bb5feb07c9dc069f3ea87c346f20a4c9805,0.0031106000024010427,0.005408200006058905,0.00042380000377306715,0.0004886999959126115,False
413968db8485ff38d247ec63a045d07702d0e61d94c0cf3c6785453b321f8d9e,0.0036343999963719398,0.005299800002831034,0.00047199999971780926,0.0004994999981136061,False
b574c5896642988135bbb2b79316c6b1b26d8ddcf9dfe1b2348f76bbfd93ca73,0.0033184999992954545,0.005445099995995406,0.0004341000021668151,0.000490999998874031,False
9aff560432a39056a4a35c4b11e8067c23053a5eadbc344435d201dd3fdb6724,0.003102500006207265,0.005535699994652532,0.0005018000010750256,0.0004989999943063594,False
1275cc8e279942b8bccc212bcbaa28c9a6729fe4172cb7bda5862eda2d791436,0.0030203999995137565,0.005354700006137136,0.00042010000470327213,0.0004931999937980436,False
d468ffaf44883fb4d88cfa97f841e99771b952f61c71085b3384444807c3aa98,0.0031380000000353903,0.005765900001279078,0.0004120999947190285,0.0004886000024271198,False
54c4d7874454d8d84904152e70242b323cfc8ee84e19812e2280caa7881e925c,0.003195099998265505,0.005416799998783972,0.00043960000039078295,0.000516699998115655,False
0af487e63441a93fc8cbfa7f210f6cd155ddf1d5e83893442cf06bca79cf1978,0.003257200005464256,0.005485699999553617,0.00041360000614076853,0.0004858999964199029,False
17a5ca50cc34272e81bae7c23ebce99430d37abe201a77e029c227e33cea3ebc,0.0030991000021458603,0.005538899997191038,0.0005568999986280687,0.0004937000048812479,False
c92f8ab6a8b1e560355a4a283feab40800de67290a3e5b5d31e4be17066ce734,0.003189400005794596,0.005447899995488115,0.00048319999768864363,0.0004941000006510876,False
54c3ce177ccadd1875e8f3ac44a96606f8914543948f68aa528c782cc9fbec6d,0.003315699999802746,0.00547789999836823,0.0004551999954856001,0.0005262999984552152,False
01bacb99a4cbcae0c1f47dc7dfe784c64f6664747a02b40aad3d38d4eb1ccd11,0.0031852000029175542,0.0052687999996123835,0.00045039999531582,0.0005251999973552302,False
bc1db1e3b25c15c8561f37bf88c568d50374ec3254a192058663fcd02a34c332,0.003084399999352172,0.005969900004856754,0.00043449999793665484,0.0004973999966750853,False
4b8dd967dfd71e453974287c7285994536d8ee0b10ce4fcb5f006a3dfc3ad684,0.003122499998426065,0.005379200003517326,0.00045369999861577526,0.0005391000013332814,False
ea004d991a27f540b437e34ccd88577dc2a59b12a155884f120b5f67e551be04,0.003090500002144836,0.005413499995484017,0.00043569999979808927,0.0005061000047135167,False
0f592eb550703d0c91edcd1b001ec9fe2eb9367aa49b5eb762af7ec01e03e8e1,0.0034960999983013608,0.00592309999774443,0.00042949999624397606,0.0005426999996416271,False
d0e38d676dc8c0801e477776b45620ca456761441a63d4aaed2a2429ea9e407b,0.0032298000005539507,0.0057546999960322864,0.0004291000004741363,0.0005025999998906627,False
fa09d8a0cdc88b36a7762409d083935364d00ceafb7054ba8c2ba8140a6d3c84,0.003216899996914435,0.0060064999997848645,0.00041700000292621553,0.0005019999953219667,False
0346b589afa2848589741abf632c3efec4163583a940bd5e2b6188f59c943497,0.0031608999997843057,0.005982399998174515,0.0004936999976052903,0.0004992999965907075,False
493d70a027742fa176c94685b288637acab731fa663e99ec6c2ff8f830bd3d88,0.003243099999963306,0.005286599996907171,0.00045870000030845404,0.0005263999992166646,False
9e5c961d7ffe9c64ef0efe356305cebaf0fe0c6698e5278bc6b1f373a5a85a4e,0.003172200005792547,0.005275499999697786,0.0004582999972626567,0.0005774000019300729,False
64843c00182e9240defa0b05de16dad5b93e45144b006cab5af478869ba849be,0.0031501999983447604,0.005276199997751974,0.0004454000008990988,0.0005760999993071891,False
a942e081002f480fbd13e29067fb7f8c6469644766c06ecfb03a822067dd30d4,0.0030906000029062852,0.005686000004061498,0.0005149999997229315,0.0004924999957438558,False
c614f04c0626e09d49a99d853a26fcd2e6985fa58c7934bdbf16f6e467d5a614,0.0030840000035823323,0.005574999995587859,0.0004256999964127317,0.0005040999967604876,False
b4fdb3820fb8802355c3148457dc44ec9e841dbc6d592e0ef4ebbea2edc50f52,0.0030657000024802983,0.005434999999124557,0.0004445000013220124,0.000520200002938509,False
0dff5a15d1f854879f0b2048534482d39d381d0a95d283aef9553395065a26e5,0.0032190000056289136,0.005551900001592003,0.0004305000038584694,0.000570999996853061,False
13a77ca7c822b0055790dd002d450250e0069da706dcf7a121ac0095d671d1b9,0.0033470999987912364,0.005430999997770414,0.00042380000377306715,0.0005001999961677939,False
c7030157f24e245a2788b7100a97ea7238649e54993b4abf94aad3bd0dc34127,0.0031318000037572347,0.005740300002798904,0.00042439999378984794,0.0005085000011604279,False
197d3e7221bc95fdb70fe32a6951aaa67c85f0ac396ce30b0d35ab89c9de341a,0.003494299999147188,0.00554790000023786,0.0004191999978502281,0.00048299999616574496,False
941b0c37df6fddfc073484ad22c440bab286cd8c791e048457a205a8ba1c7fd0,0.0031719999969936907,0.005606799997622147,0.00042720000055851415,0.0005538000041269697,False
d18223687f397dad8c991b76dbd43daca39758ac46c9852bf6aab89834c77ae0,0.0032954999987850897,0.005669799997122027,0.00041309999505756423,0.0005483000059030019,False
0843f9a4a1dde879a0563c92d3158e9d7312313b98d58615b21b974881cc65b8,0.003313900000648573,0.005390899998019449,0.0006122999984654598,0.00048750000132713467,False
844cfc73ae72e4b32d4a0cb4e8b0e56af091283f170f32491e81898488e9e61d,0.003248399996664375,0.005704999995941762,0.000415000002249144,0.000490399994305335,False
b01ac2ba971ceb9cffba9298ce3f07a28da217b76a5e1f5e59f1784887840a4a,0.003411700003198348,0.00553300000319723,0.0004291000004741363,0.000494399995659478,False
b071646c266d6743510513dcbe70d7da84951eb675d966f51a8b94afa8923af4,0.0035083999973721802,0.005856000003404915,0.0004545999981928617,0.0005502999993041158,False
df8e45b0484e908b2b490f3c3b5cc11eabd23b21e975a971bbec2fb7e47dd17a,0.0033059000052162446,0.00555299999541603,0.0004856000014115125,0.0004956999982823618,False
645832ac8f3db2e33f06ef4b46a745850633dde130093619a122908eb6d5d529,0.003464100002020132,0.005556899996008724,0.00046010000369278714,0.0005037000009906478,False
bc4e5063ff8287f6be69911de1e3b09d5809a251a66f2a3c0f5aaf5271c87c47,0.003312000000732951,0.005663300005835481,0.0004419000033522025,0.0005222000036155805,False
091085e5cb03e95e280b83e69ef428708171fefc1c4cb04e4353ee5779810d8e,0.003401900001335889,0.005870400003914256,0.0004259999986970797,0.0004937999983667396,False
b600a02cde6e93a1fa205f958fdb465a6cec8d096887a2e9bbd887d70a465adf,0.003436600003624335,0.005528000001504552,0.0004619999963324517,0.0005087000026833266,False
89fe9cfadfeb5a47f328fd4ce11dac5c855bf7172ceb7d9de5698003d8e5b810,0.0033255000016652048,0.005698000000847969,0.0004310000003897585,0.0005037000009906478,False
d9d66dd25c2aaea94e3f91289526f6b6efb961ffb77867e2426b9963d2b64724,0.003229599999031052,0.00586749999638414,0.00042270000267308205,0.0004916999969282188,False
22c8eb1a67aee039238845d22a63594921b5fe86c0662ec10c1c9079f5d9d1a5,0.0032719999944674782,0.00577010000415612,0.00044129999878350645,0.0005276999945635907,False
21c434e663aa422e0f76e3d70f967ff886da078b0236d3459adbda9a587ce8fc,0.0036735999965458177,0.005771199997980148,0.00041139999666484073,0.0004905000023427419,False
9854259a703e5b343ad6b1ddfd227efe2e6c6af392bcbfd95f1047c6095ba23d,0.003458900006080512,0.005591900000581518,0.00043030000233557075,0.0005134999955771491,False
ddf16cd9f5b35b5e2cbc8e70811fc968c78271e86098ce74e2e24e2d3634e140,0.0034852000026148744,0.005649399994581472,0.0004177000009804033,0.0004824999996344559,False
1af760873716a412465ecf7bbe2640bf4d1c6e67c926d911b1073e9e7334ee25,0.0035446000038064085,0.005447700001241174,0.0005029999956605025,0.0004951000009896234,False
9add734acc5ba25214110eb86e82194d7c56ec0dc692da38bfcc1c8ced5cfc7d,0.0034029999951599166,0.005433300000731833,0.0004478000046219677,0.0005268999957479537,False
37231fcba72877611891245be4b4070df3be0e5b9d4e311e72bea3d7d0e29ea1,0.003387500000826549,0.005508800000825431,0.0004920999999740161,0.0006512000036309473,False
3a414873f5b93ff814a2307f95bc43154530a2f11e93a108acb76bc5e47ef984,0.003322900003695395,0.005584699996688869,0.00041459999920334667,0.0004967999993823469,False
a9c257e469e2b6408dcb9233d2734e3d44eadef8742c89e7b02432f38cc3cfbb,0.0037794000018038787,0.00588900000002468,0.0004197999951429665,0.0005025999998906627,False
5a60b0aac9915e06e91f9c8b7b0e2a2cde440c5d6a64739b7df67ad3c2d1b1e9,0.003572499997972045,0.005416200001491234,0.0004186000005574897,0.0004994000046281144,False
5ce9300684184e195b001ceb1bcd5737a3280150a2c83c58d1db12b1376bfb39,0.003421699999307748,0.005798599995614495,0.00042020000546472147,0.00048579999565845355,False
a33f443decf662067cbe81786a1625eee71fe0a3043af0907489b15d48ab328f,0.0032762000046204776,0.0054509000037796795,0.00041819999751169235,0.0004890999989584088,False
1b135fa99109a20f022e89d154e9982e8a93c10c56bf806cf7673245d17013b5,0.0033400000029359944,0.005556700001761783,0.000414699999964796,0.0004977999997208826,False
713b26e59e9246214dc926b5a6bec32368e113c6e45e420ed05aff93ba083b31,0.0032686999984434806,0.005929999999352731,0.0004230999984429218,0.00047869999980321154,False
26876da463393eb62c6e76bc568ba1340f522b86f438596cafd0a75bca737713,0.0033088999989558943,0.005513199997949414,0.0004172999979346059,0.000491300001158379,False
1c9c1b99c8b1013fefa84c79f2fb4ff9d0e69d16e787e20c2a478e45ed5c4870,0.0034666999999899417,0.0054832000023452565,0.0005384000032790937,0.00048460000107297674,False
794b65080f1a6c2d71d57bed02923823d3bf01a8848d69006fe1d436a3f1ff10,0.003500899998471141,0.005361700001230929,0.00041420000343350694,0.0004929999995511025,False
0ee4fde39379d69e60c2681a7984faf6ce9c56f0f5b4929696f7868a9fd15a50,0.003700699999171775,0.006655699995462783,0.00043870000081369653,0.0005720999979530461,False
043952f2f84b36f0d48146a7cf118c6dd12ef2fad821794671d67ad165cfe7fa,0.003407399999559857,0.005820799997309223,0.0004215000008116476,0.00047959999938029796,False
34ebc5a03a1e3451a6c992a7c388053b703281fdfe20f8f7203a93aa87f6fffc,0.0034007999929599464,0.0059056000027339906,0.000570500000321772,0.0005181000014999881,False
cd4ea8caf1efd94afc55511be46e949d3a113ccfec8d3061d08bfb2ad5c3a19c,0.003356000001076609,0.00546050000411924,0.0004245999953127466,0.0005018000010750256,False
cd4417786573950526c5e40b6cb14164aa0b39adb1f7a96fef8999b0d72ac5b8,0.003435300001001451,0.005596499999228399,0.00041110000165645033,0.0004819999958272092,False
1bdb2bdd235fdb6c06b6af32f53ac99ea6d61b6541a8a71df49da28f8971b290,0.0034153000015066937,0.00558160000218777,0.0004141999961575493,0.000564200003282167,False
3059b6720e135efdf8e163d96b8e606e9380d46c9b60d741fca4b445dcb894f7,0.0033475999953225255,0.0059049999981652945,0.0004216999950585887,0.0005527000030269846,False
8f414df8b12b443f062e558329ad7b7338c39d6f2af9dc2fc16d13ae22b07620,0.003368199999385979,0.00565939999796683,0.0004679000048781745,0.0005103000003146008,False
a190267212a0421c65207fbb9075f8f3d7fc9761587d59f32b0b453016763b95,0.003287100000306964,0.00591599999461323,0.00044219999836059287,0.000582500004384201,False
9a5aa2dfcdf60a4ab4602441ad66e27dd1b2e7434788ff237a047003401deb9f,0.0033787000065785833,0.005580299999564886,0.0005576000039582141,5.830000009154901e-05,False
2c7006ed78d94da5e4b4acfe98a21b4a42567b5df271093bd98d0533a95ca2e8,0.0030907000036677346,0.005522100000234786,0.00044209999759914353,5.360000068321824e-05,False
493f3f54db7537cf3daf5db4d1598b82e9179a98ce574a3e563ee3030137cba5,0.0032475000043632463,0.005837299999257084,0.00043729999742936343,5.499999679159373e-05,False
067a23ea61dfa188770f504b1a75875fad6d884a32843944040b4ccb3fc47cf2,0.003266500003519468,0.005679099995177239,0.00043059999734396115,5.329999839887023e-05,False
4c3691094f95ed6ecc8c9fe9b8f07651dcd8b7a2266bb7bf0a4d1fe300a00204,0.0031659000014769845,0.005555799994908739,0.00043319999531377107,5.419999797595665e-05,False
21168e671e7c9ace2d338d967a6de8c2c9a53a10e6a6620e6205e37ca7d143dd,0.0032434999957331456,0.0056941000002552755,0.00043120000191265717,5.62999994144775e-05,False
023167b54df717200b3754bccb3341c69fe4fd6b1203e336cd1275c24cf34b94,0.0030576999997720122,0.00555039999744622,0.0004454000008990988,5.2900002629030496e-05,False
0a12b3cc75a4a531bb006d6d022df13722a06de6641c748cf387a4a4cb83043e,0.0038844999944558367,0.006256600005144719,0.00047000000631669536,5.490000330610201e-05,False
b09ba1a4c1cca9ad42c61417e86bb909cd6369cf2e82a0c2d2944e40af58daff,0.0032850999996298924,0.005904899997403845,0.0004408999957377091,5.370000144466758e-05,False
c2d665caa25fe94d790a0bf12e351c3794f6a7b72f332b8e281e8ab429f1bf75,0.0033954999962588772,0.0055924000043887645,0.00045539999700849876,5.370000144466758e-05,False
4a02c5c972225207191fec78a0d4eb6bb45d3da00a1d2b72bbe2af456abce749,0.003334199995151721,0.005587599996943027,0.0004487000041990541,6.079999729990959e-05,False
35fb9395778189ecf6ed4fdd2da53d0a7f78786f1fc9b53a813cd8f253bd0b2a,0.003265700004703831,0.005724399998143781,0.00044290000369073823,5.589999636868015e-05,False
e0c8b3790fd4060a069c78e3193d21865902c7b39696c7f742a1ff005c1e40a2,0.003392300000996329,0.005814600001031067,0.0005989999990561046,5.220000457484275e-05,False
acba17f621cc67b6eab187e02222c61e6dcb635a5a1ca76ca9ab6bd576f1fdb1,0.003241699996578973,0.005990199999359902,0.0004792000036104582,5.3099996875971556e-05,False
1f30ef5db501e06330a2fc258ce898062aacae00f10da9331d06007b6aa6bb52,0.0034417999995639548,0.0055705999984638765,0.000443900004029274,5.1700000767596066e-05,False
6dbc05626630fff6d67bad22861fef5b4bbbf7dd057e110ce808ec757467ff04,0.0033048000041162595,0.005622800003038719,0.0004414000068209134,5.5800002883188426e-05,False
b15443de681285743d37731736e95043a356a01d56770f0266aef8278e8af20c,0.0030893000002834015,0.005617899994831532,0.00044410000555217266,5.230000533629209e-05,False
8dfb12e6145ab36c1f696826dd3dac0242aac43f7e8169c28727bfd27c2ad705,0.003259900004195515,0.005671699997037649,0.0005356000037863851,5.289999535307288e-05,False
ea5cd471d3c0277ff5077eb18903adf874c4bdff3d81c006b0e9274ce9bcca6a,0.0032227000046987087,0.005752999997639563,0.00042940000275848433,5.539999983739108e-05,False
639594b98e215f9b4c967cb484df1a72380c4a6f0df76c55e9798e09aad917a1,0.0031758000041008927,0.005528900001081638,0.00043619999632937834,5.409999721450731e-05,False
44288915333fd9fd8c4fdce03a993fe99dde9a19386432bb4cebba93c4729c85,0.003172200005792547,0.005848499997227918,0.00046189999557100236,5.690000398317352e-05,False
2047cf204e75733123b8854f254111d82da9388affc09b72611aac3aa0ec1c79,0.003360800001246389,0.006055199999536853,0.0004563999973470345,5.4600001021753997e-05,False
12bdf70ad0dc5f3e483ea363bd70d30f215cc693ec587f8a38f9492793909163,0.0032732000036048703,0.005472699995152652,0.0005171000011614524,5.539999983739108e-05,False
8f6c112df61627247a2cf6ad89a069fc08c3896ed75ddd6ceb811f551a64fce9,0.0032951999965007417,0.0057340999992447905,0.0004397000011522323,5.219999729888514e-05,False
61b1f2c417636c90a66fd13a1a88433aca84ee53612c51cf7bd5753e419de817,0.0033958999993046746,0.005751099997723941,0.0004482000003918074,5.7799996284302324e-05,False
750b200ae89c578c5eab89a8d531da0e7fef24ef4521151b8b799e3c4cf898d5,0.0032385000013164245,0.006146200001239777,0.0004521000009845011,5.499999679159373e-05,False
105697943458479a93c855db1a2ccef517588c9e029371d1d42fac5be9e331cb,0.00320359999750508,0.005734999998821877,0.00044979999802308157,5.4899996030144393e-05,False
6514906f93dd2efbd65bda21becb00dcfe2472ae41285d4f5b0d34b491fe6f33,0.0033209000030183233,0.0056621000039740466,0.00044800000614486635,5.450000026030466e-05,False
1bcdc2982a6afc036c87a5aa2babbc36ace6637b4c00e6c384093a464f55ec21,0.0033661999987089075,0.00559419999626698,0.0004332999960752204,5.149999924469739e-05,False
f19a3bdf71309eb61ed18e0fc30677dbc44874b44aeb6811340876aeab6e3b7d,0.003144199996313546,0.005640800001856405,0.0004427999956533313,5.2100003813393414e-05,False
ed2e6c07e2a6772b04a8a7e5c21242396a8d85be7c1b6fa5134252996736a43e,0.0032371999986935407,0.005893099994864315,0.0004427999956533313,5.4600001021753997e-05,False
d9161945efc3f5762e5b1bb238bcfa9e5df6a81834990594ca21e47b4f82da2d,0.003229599999031052,0.005668199999490753,0.0004613999990397133,5.529999907594174e-05,False
a2658c2e8bd193b88ac43a1d4fbc1317441bbc8d9c274ca3ff48257fd8819874,0.0038783999989391305,0.0059306999974069186,0.0004602999979397282,5.270000110613182e-05,False
cf5d1010978c16fbd3916671adcbe0a9bd81b2727ff109d4a3e84477eb0aeeee,0.0032330000030924566,0.006371800001943484,0.00044410000555217266,5.579999560723081e-05,False
3e4079dbb63ab5a43180475fcc6d777b548b5965fce17e43ab5523ff46b08a5f,0.0032110999964061193,0.005875800001376774,0.0004346999994595535,5.3999996453057975e-05,False
11dd07f952480e6b8670c05645381bf473621ef6f2229002b806cc8fb03bb5e9,0.003242599996156059,0.005793399999674875,0.0004426000014063902,5.8099998568650335e-05,False
e764aaddfbe5350e5c719efdda8c8a933d6c45a9986856ab1534e4fbf47ea382,0.0030382000040845014,0.006022400004439987,0.0004335000048740767,5.110000347485766e-05,False
392378ea962b0acee4457ea2b1b5e8537e639ff240a1d63622d49432396ea708,0.003321600001072511,0.0057087000022875145,0.0004257000036886893,5.3099996875971556e-05,False
5c2c660dd0169ad038fee6779c4e60b9591c2883f49269d3c14660d0ced88c93,0.003661199996713549,0.0057628999929875135,0.0004422999991220422,5.329999839887023e-05,False
8940d2d7066616aa7c4f9379304f6c884c4c6f9d5da977ee20fe47731f7687f3,0.0030937999981688336,0.005727799994929228,0.0004379999954835512,5.4299998737405986e-05,False
5677dc1136b6de227222b15066dd6af358c62f150cc2c15252e706d008857a0f,0.003304600002593361,0.006292199999734294,0.0004391999973449856,5.6700002460274845e-05,False
334c395608e074a89b9c7a6ee0415225afd2cc3058be70b49d41f2cea4cca0bf,0.003109799996309448,0.005648500002280343,0.00043790000199805945,5.20999965374358e-05,False
c5b7cc22fa288a51464b64ac5c9d6858c4da7440cabe1a0494a7fdd0eee1e0fd,0.0034288999959244393,0.005670699996699113,0.0004417000018293038,5.160000000614673e-05,False
821f9b6c1ed157acf15f0f7e50a8f4a0080f799b33d3434054a381a2915a0b35,0.0034484000061638653,0.005633900000248104,0.0004433999929460697,5.5500000598840415e-05,False
c1b279cd76ed4ce40214f2d822f21af6ce17e3db809a3841eab8b4ccc273ed8b,0.0032103999983519316,0.0057098000033875,0.00044219999836059287,5.220000457484275e-05,False
c21a981d403af924b24cb1d1238da183fa625acb6b25eb2dedf38d77d21599d9,0.0033688999974401668,0.00568819999898551,0.000436399997852277,5.310000415192917e-05,False
def3d46554b93bb3b602961431e4dbc8f83328299ce08740ea6dabb54635a2fb,0.0032111999971675687,0.006386099994415417,0.0004754000037792139,5.129999772179872e-05,False
fdb85b3ddb84fa71686d0df44e4d3e759434ca4406eba5948a966e9ddd6a898c,0.0033861000047181733,0.0056834999995771796,0.0004502000010688789,5.289999535307288e-05,False
b06229cf476f42efd90c564152eb84d5c59411a74e20cdeb15d7e635a773dd17,0.0033088999989558943,0.006074600001738872,0.00043390000064391643,5.080000119050965e-05,False
c403090686c4060eddcf111581ca20650e8f5f62064564254f15177a4b878af1,0.003356600005645305,0.005768700000771787,0.0004826000003959052,5.360000068321824e-05,False
690916238e5bb1e7546893fa0b340bec693d9b366d76f3c2a1b5626f3b6e45a6,0.003132400001049973,0.006718299999192823,0.0004408999957377091,5.850000161444768e-05,False
8daaa155b4dd2431f32d6a4be43f5f7e8b4417049034cae76bb78163ba650c94,0.0034037999939755537,0.005516199998965021,0.0004771999956574291,8.510000043315813e-05,False
6533e5223e321cc356883a06d155de50280d6d91db7e1f76d0c3f2ab16df5b1f,0.003337899994221516,0.006062400003429502,0.0005827000059070997,5.5800002883188426e-05,False
29fa90f666d6919f417a6b5c4df46ddebe2032e82863742ea391fec6546c6754,0.0034941999983857386,0.0058023999954457395,0.0005231999966781586,5.329999839887023e-05,False
bd7c11303af5bf9f22ae9c65d2a86a82fa812ddb8375969af5ce8610bb8de306,0.0033258000039495528,0.005938800000876654,0.00044319999869912863,5.370000144466758e-05,False
82f6d9cd9f5142220029d0d88cb875a7aba75ac036e6a8e0693ac77a21e43e6e,0.0031585000033373944,0.00616009999794187,0.0004416999945533462,5.439999949885532e-05,False
05efb96371eab035d72b0e6ffb584aa01b658069c85b80f9676528367a7f09c8,0.00317400000494672,0.005798799997137394,0.00045870000030845404,5.270000110613182e-05,False
ba6dc8810e670f7ad7be41412d597955bfe6badd660a4c6eea7be4c134a16363,0.003261099998780992,0.005880199998500757,0.0004301000008126721,5.080000119050965e-05,False
bdc86423a48e112603c5d3867c55b23789f31be68ebb4ab49620b76aa6d79ddd,0.003307600003608968,0.005620600000838749,0.0004393999988678843,5.339999916031957e-05,False
e7d1a537cacffddf6e52ef067d7f51d0afc084157e7410abb985c38d3946b97e,0.0034254000056535006,0.005975699998089112,0.00043449999793665484,5.300000339047983e-05,False
7a3caeef58acc6320a355adf07ee4009d4ff2289e328f47b96458d4b099676b0,0.0033748000059858896,0.006148699998448137,0.0004943000021739863,5.579999560723081e-05,False
b21495296c068c727fdd53493d34de21ef9571531b8c395f5a523c402181bacb,0.0033034000007319264,0.0056764000037219375,0.0006113999988883734,5.319999763742089e-05,False
561e6ef1835f64e1cddc1173b875a6c941d8eb8c177012317583dc52e8824d11,0.0032584000000497326,0.005568100001255516,0.000497599998197984,5.5500000598840415e-05,False
57d9e811907d0e446cc90c9ebe7ada6b1ed71f66cd26bd7d391c9c88c08b11b7,0.003326099998957943,0.005701299996871967,0.00043960000039078295,5.499999679159373e-05,False
7828a7580e8760c033b80662f1ae53e018f4b946c42765dd9c464d9f30d10882,0.0033981000015046448,0.005945400000200607,0.0004419999968376942,5.339999916031957e-05,False
aae0cc12a005709b8325fcfc3ab711d4614c7aaafa8928e30581db46913e4f8e,0.0032025000036810525,0.005945000004430767,0.0004467999970074743,5.62999994144775e-05,False
e79c524988d9fab17c5510882cc58b6b6ea1c059dc05de63fcc0775a7b931d0a,0.0031978999977582134,0.005553199996938929,0.0004439999975147657,5.360000068321824e-05,False
f54d9b21acbab886a81c505810bf3571a723f42503ee1c61b5bc7e85ddb861aa,0.0032473999963258393,0.006142099999124184,0.0004365999993751757,5.249999958323315e-05,False
557c3ce97c01c2ec795b693aa646f753a703265ad8f4221d2262c3a238449229,0.003917699999874458,0.006204699995578267,0.0004386000000522472,5.2100003813393414e-05,False
6bf578facabddcad9bb327adfb7189a00700811cb7ddba45b84c5eb7896517c0,0.003289799999038223,0.005796699995698873,0.0004408999957377091,5.1700000767596066e-05,False
33d8d88fec2fb5bfb35c4bac1cfcd89b7ad9ab7abcb1225239c3ed1fa4b05867,0.0032011000002967194,0.005956100001640152,0.00043680000089807436,5.4600001021753997e-05,False
5a233fa87f8a00dd1ff77835ccde37ca4630a7721242b2c37fe9b84d9f898c90,0.003144000002066605,0.0055338000020128675,0.000440099996922072,5.62999994144775e-05,False
153f04e72f000040479c8c796e3bdc7c1a115fa06e01432353f6b45d71b7b3da,0.003416999999899417,0.005886600003577769,0.00048209999658865854,5.149999924469739e-05,False
ddb5e2323447d2a5d2e06771e0947d01b6a3dc9219897eb2312ece920450c8b7,0.0033138000071630813,0.005630800005747005,0.00042669999675126746,5.1399998483248055e-05,False
e7706b3b1a8932b57daa46fbdfab254d57d2a9ac056623e527d4515005b543b2,0.003232000002753921,0.005585799997788854,0.000432699998782482,5.199999577598646e-05,False
6d44fc48a016b64af84a7aa94ae94771ae0fe3012495849f7e774e4827aa3aa8,0.0031795000031706877,0.005731400000513531,0.0004334999975981191,5.200000305194408e-05,False
4c83d04f0ca2e2916e61f3aec46c4dc83ead8e4f936960ed4c923ce602f51f10,0.0033385999995516613,0.005862899997737259,0.0005277000018395483,5.469999450724572e-05,False
8f76c31bee3e46fcc1de91fb151de0aa361e95bc4dd75e3eaf6ee2c4f6333860,0.0034321999992243946,0.005849799999850802,0.0004355000055511482,5.3099996875971556e-05,False
d398fc8453de5915a2f261ef5dd5c139f43d5451a07331b328465589e3e1665d,0.0031551000065519474,0.005807899993669707,0.00043000000005122274,5.220000457484275e-05,False
9652e557bdcf60f9431fd3c48fc285e5538deda5770a8cf683801c03afe7130b,0.0032539999956497923,0.005510200004209764,0.00047649999760324135,5.570000212173909e-05,False
eb421df61fa6949e2f0bb2adfbfeb6e8e5b6dc278d49e6d1aac71a9d88a26455,0.003226699998776894,0.005909200001042336,0.00043089999962830916,6.999999459367245e-05,False
a7b59171b7dd3f3b8ee243c4f01ec91aa289ab372d20294c4ef00a88a31ba97a,0.003331899999466259,0.005847799999173731,0.00043170000571990386,5.230000533629209e-05,False
8e7803b950beb2e3cb2c60139a09bd025f56453e232d9a5401adada19fb94296,0.00330470000335481,0.0056251999994856305,0.00045139999565435573,5.360000068321824e-05,False
183a2472a88b2d210e4a9687dbc73d66ce4be44821f714a7001ceabdfc5a8664,0.0031649999946239404,0.005755899997893721,0.00042380000377306715,5.280000186758116e-05,False
fe7192f9b04df043772469af826db32bfa04cef03408da3f8ba143e194cc398a,0.0032672000015736558,0.005792100004327949,0.0004562999965855852,6.030000076862052e-05,False
e664cc3b49fbdf4c6701c9fa5b8dd9e5095e4979bffab773aea2592d5e91e989,0.0031410000010509975,0.005759500003478024,0.00047249999624909833,5.070000042906031e-05,False
0563fb5fd10aa45ca3093dbf2c205e69e849f6599b4114df0df1542ce5becc13,0.003415099999983795,0.005898299998079892,0.00044019999768352136,5.0900001951958984e-05,False
781f81cc27057578f40c473cc36ee25884a18548369efe0eff97aec33335ee62,0.0032306000066455454,0.0056794999982230365,0.00046999999904073775,0.00012179999612271786,False
8bcad450ed611d3bc755a6e2ae3c5445b70095cc877e35ef88d5a990ca58ad4c,0.003402700000151526,0.005735899998398963,0.0004411999980220571,6.0500002291519195e-05,False
80c8545d8450c8f747e6f7b41be7dbf42ec309f3f820d6b80a8638e7f98d30bf,0.003354500004206784,0.005952100000286009,0.0004430999979376793,5.2600000344682485e-05,False
0c7c71ad05b72cc219c8bd8b9ee6b7a2a1a80633519a793f974b5151b2bffcc6,0.003522699997120071,0.005848699998750817,0.00044830000115325674,5.339999916031957e-05,False
86086ca4adc5a05d73fff4c616ded844f7f947152a23a5e495bf7d112d7abce9,0.003127600000880193,0.005624199999147095,0.00045169999793870375,5.3499999921768904e-05,False
20dfdd875856fee47cb708e1aa08f6a3501a8ed498a4e4c813259e1759de5996,0.003337000001920387,0.006299000000581145,0.000432399996498134,5.1700000767596066e-05,False
b49f40d43af06f71e8959ad3ebd6b306419cff89cded31956894c25330e1bfc0,0.0035175000011804514,0.005885599995963275,0.00044949999573873356,6.209999992279336e-05,False
179745c4f3133397c4014f7a8ca3dd520300292a350744576a710f02da54d0c9,0.0034694999994826503,0.0060567999971681274,0.0004352999967522919,6.38999990769662e-05,False
7b319f046217f14618d5f9c37a742f29332960e6fee61c9099e809ad50adcd02,0.003393400002096314,0.005846599997312296,0.00044319999869912863,5.249999958323315e-05,False
3576d7f078b1d6c9a2bed7e3bbfde5500601f8bfaaeb67d469c4334b489199ed,0.00325140000495594,0.005655200002365746,0.00046379999548662454,6.189999839989468e-05,False
246d2463f13250e3acaebfedfa3bb8bd87dabdb3bf45acc2f93b98662999a151,0.003449999996519182,0.006124699997599237,0.0004487999976845458,5.280000186758116e-05,False
22f91db5e4dc1f61037e4c267f2841bf637e31441daea58e421a7628c61ee530,0.003260899997258093,0.005642100004479289,0.0004441999990376644,5.149999924469739e-05,False
cfedc9ecf05a317a67e0511c62aca648d5bf9db0a9f2abb1d564c4cb92e30af5,0.003530900001351256,0.0058831000060308725,0.00044300000445218757,5.190000229049474e-05,False
97c803f7bfe0caf7d3f00a03d91d7c80534b154609c8cebc51d7dff8bcde84bf,0.0031326000025728717,0.0059372999967308715,0.00044160000106785446,5.370000144466758e-05,False
d3d3965929199e56f23405e1534bf5f4b48ce6da7d935b3cfdbcaf1c6f83ca8b,0.003552500005753245,0.005604899997706525,0.0005450999960885383,5.149999924469739e-05,False
c19146ddaa6e47c57f7646e9a3ee567e2b030fd7965e6f578d44d48ecfe53b01,0.0033925999960047193,0.005977600005280692,0.00043649999861372635,5.239999882178381e-05,False
36cc93ea55337f59ed873ec118ae7982992d8c6efd0d01fac28d58ec783210b5,0.0032326000000466593,0.005999799999699462,0.00044389999675331637,5.3499999921768904e-05,False
1659fbdb0908299f7181a383bc9a590b5873bf775e4c4d683770fa474eef0226,0.0035920000009355135,0.005607799997960683,0.0004989000008208677,6.209999992279336e-05,False
40920f98cd68e4aeacf546d5a704e81a7b69933b8493850e783b7873fdb65ac2,0.003194899996742606,0.006062400003429502,0.0004399999961606227,5.2299998060334474e-05,False
a4b1b80fccb6738598ca2340aa4bf49eacb9bbb9f9355b3da2cf9279caf9a70d,0.0035979999956907704,0.005752500001108274,0.00044889999844599515,5.200000305194408e-05,False
a650112993e6c0b23b03adf5f63280d83b82c82647d56c4794938ba0ed4da377,0.003225899999961257,0.00554079999710666,0.00045060000411467627,5.3099996875971556e-05,False
a9d75d26c07872bcbf18bc8b211750079acc7dc5d0cc8686e721aeab628019c2,0.0032748000012361445,0.0059559000001172535,0.0004495000030146912,5.5199998314492404e-05,False
68ea7d265626987b30b26692ed9e893ca856b8b615d34ae6af39fe3fd6a3cfec,0.0035876000038115308,0.005813099996885285,0.000436099995567929,5.0900001951958984e-05,False
e708050a31bd3035a7862d456c23e5a33997e87b5fa6931c44dfccb5800810bb,0.0032525999995414168,0.005788199996459298,0.00045559999853139743,5.350000719772652e-05,False
07fe358640d58805aed73ef31d96b5bda05d2b3935be011c90ca5e9fa36f4e5b,0.0032759999958216213,0.005983700000797398,0.00043960000039078295,5.339999916031957e-05,False
e255e08d4a9589a7d4322530959496955be92e01b6b00c25f7fb08cf99772f8c,0.003448499999649357,0.0061891000004834495,0.00044470000284491107,5.3800002206116915e-05,False
6e22cba1d1d3af269a3d5d675e4f8b7e73fc678ee5753f0a9efccd107c71e366,0.0031763000006321818,0.005750000003899913,0.00048269999388139695,5.1700000767596066e-05,False
b853bb0bd8eaf804b6c1a7fe33ea471edbb820b42ffddd14667744dbc0b0405f,0.0032374000002164394,0.006146300002001226,0.00044239999988349155,5.609999789157882e-05,False
b06a425ffe53f76ad8c034fa38175c0e15e9aea4f176a5ce16614a1a1a6379f9,0.00344510000286391,0.00559159999829717,0.00042469999607419595,5.059999966761097e-05,False
d16b6d0488e86d9cd5d311780e0d729b9cbb2dcf1e2fbaf9ee1ae3db207267b1,0.003244399995310232,0.0056358000001637265,0.000429900006565731,5.420000525191426e-05,False
ddcb4cc177deb55cbc2d311fa59d7b1db3ac38a798ab90d544362ca0da4f2d95,0.003214500000467524,0.00598570000147447,0.00045390000013867393,5.319999763742089e-05,False
6a6ce725c28bd6737ab49bcf43d55eb167f9fcca5ee581518bbede3066118e26,0.0035590999978012405,0.005653200001688674,0.00043680000089807436,5.280000186758116e-05,False
63e0cafc7d690200d4cb7eae2aff02bb55a2218000b20276aabbbf03ffbdc506,0.0031823000026633963,0.0056688999975449406,0.00044100000377511606,5.1399998483248055e-05,False
520440cd95dd0abec1c37182151de968973a2ba86cdf084cbd57c158930db320,0.0031583000018144958,0.00561569999990752,0.00043029999505961314,5.300000339047983e-05,False
0cb35d29c64c4b2a59ab80662bdeee39ee7d99263f10bc7707e3eeecc37a6fe2,0.0031868000005488284,0.00591079999867361,0.000432399996498134,5.270000110613182e-05,False
a0ce7144b0023e5aad4535903c9b9c998f9b4358bdc611199490f86e680e3644,0.00352250000287313,0.005791999996290542,0.00044350000098347664,5.1700000767596066e-05,False
ca452235e2a4df069d6ec31f3e14b98a148b715a50e13a5f869535fc1ea15c30,0.003370099999301601,0.00572929999907501,0.00043559999903663993,5.3300005674827844e-05,False
0d50c2a9323115a2035ad0a773c28d6dbece87215fec221e5c884e264ef033c3,0.0032898999997996725,0.00574159999814583,0.0004363000043667853,5.079999391455203e-05,False
dff4b4dfc6ce3906839de59ae8b94d2714224a81bc465be33338210f0c897298,0.004284299997380003,0.005499700004293118,0.0005802000014227815,5.459999374579638e-05,False
ded99dbd0576ec5475586940e1ccda2c3699907b6254ed7ee26d01397d0e8c78,0.0033163999978569336,0.005613599998468999,0.00042969999776687473,5.6899996707215905e-05,False
e117fe2b1846e0f1e32d73feee8514fd72068b33d335764a34323848963cc596,0.003278099997260142,0.0059269999983371235,0.0004609000025084242,4.9299997044727206e-05,False
d0ead9dfbff0538c26d21b4f77a0e3bf3f48d668c99600ee7aba7ac798d8653d,0.0035341999973752536,0.005825100000947714,0.00042749999556690454,5.0300004659220576e-05,False
ef6b4b51fa042532e342af0bcd032aa6e9431c95e7e4133722c336c8c3ffb7b0,0.003151199998683296,0.0056791999959386885,0.000555599996005185,5.059999966761097e-05,False
df8d8fa01680454b94358613bba09ef314e4b2e70170bf410a52d757c2b3db2d,0.0008259000023826957,0.001226599997607991,0.00016340000001946464,0.00020190000213915482,False
03be57e05bb09414652a808b9f95a6254ee26381cee0e86f6cb053050b52c12a,0.0009479000000283122,0.0013833999983035028,0.00015690000145696104,0.00019269999756943434,False
3c04980f7a77b1a18eb05ea3df4aaca9a555dc3614e6c237c5bd3c65c7f13cbc,0.000916299999516923,0.0017373000009683892,0.00016060000052675605,0.0002555999963078648,False
9c77b376572058bd2bcdc2b21f2ba99d91e033b6068b27513d38589ca91d3ae1,0.0009390000050188974,0.001428499999747146,0.00017139999545179307,0.00023399999918183312,False
4d6adbc650c645f741263526668b524a42e02b87f020ef8d0e93b557ead84363,0.000872299999173265,0.0012868999983766116,0.0001556999995955266,0.0001975999985006638,False
0157cc712305c1cc93e2015ac352f24946b3c79d65730622572d1c23c0e937ec,0.000971200002823025,0.0012818000031984411,0.00014460000238614157,0.0001804000057745725,False
e3cfeb60f8e5f56e101b61c16240fec455d9b1c83712091f42bc69e13286df51,0.0009465000039199367,0.0012369999967631884,0.00014789999841013923,0.00019079999765381217,False
c4442a3769038181a7f698d9353d8418b1cf71fadc81cbea9e42238e026102d2,0.0008649000010336749,0.0013146999990567565,0.0001447000031475909,0.0001829999964684248,False
b8ab97893f675430230320a25e6482f14f82c951e240acbb12e32dcf670d3d31,0.0009035000039148144,0.001271900000574533,0.00022589999571209773,0.000207500001124572,False
a1c18e2232414f49ac35f4a5b053dac54f421bd120c327a5f52494396b554c15,0.000927699999010656,0.001247300002432894,0.0001933999956236221,0.0002489000034984201,False
2a805a28b7e198b2b1fea70f597488629ac39c017f132273a454845b20d3f30c,0.000927200002479367,0.0013324999963515438,0.00015980000171111897,0.0001877999966382049,False
7a9a960d98541486b5ee21240dc9390c762ab557c2f4621e245697469fa88745,0.0008980999991763383,0.0014407999988179654,0.00015529999654972926,0.00017880000086734071,False
272160d40db20739171e345c9ef959b2d3e0f41f0ce9f6e10680d12b3743a25b,0.0009174999941023998,0.0014671000026282854,0.00017010000010486692,0.0002573999954620376,False
60df7ef072680d091ebd6ec65a5cb73a9be3ae78d18a091cd3dbd130e6b091fb,0.0009468999996897765,0.0013954999958514236,0.000145500001963228,0.0001992999968933873,False
ca04d3fbfc677c55bc7ec668da75f15cce2c8ce592ce2d64c2fa86b17f44d7a7,0.0009884999963105656,0.0013180999958422035,0.00014590000500902534,0.00018389999604551122,False
947ee379bc92ce20f5fe570728a9577d2675bd82a54264afc3359d8617e7dc5b,0.0009135000000242144,0.0013865000000805594,0.00016060000052675605,0.0002649000016390346,False
9774aab8e2028cf23cc905716746c904e0e40777ea5304e672b6fe5d4dfbfd55,0.0009193000005325302,0.001351599996269215,0.00014709999959450215,0.00019409999367780983,False
5bd9061a66f3ed5ed9e0d18a172fd4e40b8d8c720b2fb3b990f632add9ee32b9,0.0011396999980206601,0.0015286000052583404,0.00015179999900283292,0.0001967999996850267,False
6cfb89c8d36cf6d8c20f68328ce5e0e16bce29b99084ab6bf077b200b35fa048,0.0009340000033262186,0.0012455999967642128,0.00014989999908721074,0.00019080000492976978,False
cc4225976d9ced733f3b94e4a519fab55e310f7a11aadd3a2c6d76a453566270,0.0008705000000190921,0.0013768999997409992,0.0001508999994257465,0.00018850000196835026,False
62e0e6c581f174560498c3f7a7df697208db66e6b6578926177a7cd1698a3560,0.0009024000028148293,0.0013843999986420386,0.0001553999973111786,0.00021220000053290278,False
e0270d996c5882917b28fff1441e0ed5ec50a0f35ee30f16c94808371fc82436,0.0009025000035762787,0.0012968000010005198,0.00014999999984866008,0.0002319999985047616,False
2fca517a3fe7c702fc717309c34db59274e1c1a1576e8db4dc249ff2bea79237,0.0008540999988326803,0.0012226000035298057,0.00014620000001741573,0.00019349999638507143,False
c98f059d659d211d878255dc4cc101192a836188fe6da914f2cfb8821cef6cf1,0.0009356000009574927,0.0012786000006599352,0.0002181999952881597,0.00018940000154543668,False
13cd1c23298d705f0c890148101d1c756bfbf6521e2ec9fefb43748668348ad6,0.0009006000036606565,0.0012643000009120442,0.00015189999976428226,0.00019780000002356246,False
78464bcb26a84026d62bf9890dbe7314ad97dc67a50a26ebaf72c80e9caa34ba,0.0008935000005294569,0.0013143000032869168,0.00016840000171214342,0.00018930000078398734,False
387cd8ce376b9fda3b346844e229c495d088dd256f9599f1924d6ce8507e09bc,0.0010257000030833296,0.0012589999969350174,0.0001508999994257465,0.00024590000248281285,False
2f274a13ce4d10ac5486749ccd02a6cdf0de63fd0fad7fa4b01e3e6b276454c5,0.001072700004442595,0.0013625999999931082,0.00014540000120177865,0.00018429999909130856,False
0af49d6579b48ecf10e1e2292643d90f4aa524c9a91e660658f4d7c7c74919e6,0.0010127999994438142,0.0012739000012516044,0.00014569999621016905,0.0001827000014600344,False
cb95bbdbe87367d54a21bc28faf9b3f7d12606858263bed1b928eae06bbe5bf5,0.0008974000011221506,0.0013669000036315992,0.00014630000077886507,0.00019130000146105886,False
de9ca4f130680eac2d0b07eebf478eabfa52b49f5345874490acb8638b2f0ee6,0.0009124999996856786,0.0014413999961107038,0.00015210000128718093,0.0001995999991777353,False
93e10988ff7445b947743db3f316c5b2888c28fba247d995e5d37105dca1a814,0.0012384000001475215,0.001349600002868101,0.00015249999705702066,0.00019749999773921445,False
6d3d326c4a2dcc49eb803065e7427c6f6fec43907c69ca0eed4e338517cad5e8,0.0009259999933419749,0.001421400003891904,0.00015079999866429716,0.0001908999984152615,False
b9907042842b14e261fe144db1c570ea278d05b1acc1ae46e995f2e0e2be96e6,0.0009613999936846085,0.0012896999978693202,0.00014849999570287764,0.0002640000020619482,False
067d28356a8ee0ef3c7e86f0c7bc3e8734989358ae086999c667ddb14cb55fbb,0.0009700000009615906,0.0014114000005065463,0.00014630000077886507,0.00018770000315271318,False
13aaf028ae971ae977c96cacf78b6f2a50929a291bd39fed9797e9912e15b00b,0.0010084000023198314,0.0015915999974822626,0.00015140000323299319,0.00020200000290060416,False
84af7221a1119b38649568f482372a6077f0463f8b4c8410b97b8c3aef3f60d1,0.001039199996739626,0.0012845000019297004,0.00014849999570287764,0.00019500000053085387,False
3c989e4722bf92b5dfcdb43766dcd38277ca702384090dee5c905f0976f5ddcf,0.0008807999984128401,0.0013932000001659617,0.0001438999970559962,0.00019639999663922936,False
988af4800ba1ad17e907edf2377c1c66ff1f690af143c0ba04c920bdec7286c8,0.0011434999978519045,0.0013653999994858168,0.00015159999747993425,0.0003833999944617972,False
a1ec6df581a582ff8cf17223d2878c927d09fe4843cb2c0b39c142f2cf377cda,0.001236099997186102,0.001454500001273118,0.0001512000017100945,0.0001914000022225082,False
b06f54e3ffa7759b7ac3a90c1c3725348f26233a193ae208ced0715d59bc985e,0.0008978999976534396,0.0013352000023587607,0.000152900000102818,0.00019690000044647604,False
22ba8b82ad8296935cd6b20fcada548e6f4f5b495a929d9755cba162a7a838b2,0.00109119999979157,0.00143009999737842,0.000167199999850709,0.00018909999926108867,False
f584d4b43874e4b31e63402f2bb5f6ea1b998cf59778d66d37f966c56b996b16,0.001175800003693439,0.0014204000035533682,0.00015100000018719584,0.00019410000095376745,False
f3179972e79ed83f4c02af104bf04437513e5b96aa12bc2e5212b24973e83d52,0.0008977000034064986,0.0013946999970357865,0.00015359999815700576,0.0001945000039995648,False
785ead8d9ca4769b9c9b68880c8becee13981a710c40d1f3e3d45b8976bed5b1,0.0008432000031461939,0.0014510999972117133,0.00015139999595703557,0.00018510000518290326,False
0e4df6bd8b1f73d079434fd17b5d971e30a7ef9de523de2c120d03f95b318f1e,0.0011096000016550533,0.0013375000053201802,0.00015490000077988952,0.00020339999900897965,False
4f162c2be5336b097f2252841340204562a02e345c46975da4d19fa51485b790,0.0008927000017138198,0.0015501000016229227,0.00017249999655177817,0.00026559999969322234,False
06b729c56b337b0ce9150471ad4e2685ea8763d12c71f99986c09091a3dc4466,0.000898600002983585,0.0013744999960181303,0.00015520000306423753,0.00018799999816110358,False
c1bf119a7de1e912f1544db9558126dbaa88bd17d2d835f0966cb9dd85861ec1,0.0008971999995992519,0.0015874999953666702,0.0001564999984111637,0.00019109999993816018,False
229a04e3aab590d30da924ea8ee4d0542f79d14aebd84b9e27474bbbc5a8d37b,0.0008856999993440695,0.0013652999987243675,0.00015320000238716602,0.00019440000323811546,False
da32300382eb21c5af97990c1260d4d5a8842d20c115b5f7386ce11786df9f31,0.000920300000871066,0.0014184000028762966,0.00014759999612579122,0.00019099999917671084,False
2cba5691d931b8c32a13b54e3fabd0d65b4656b9f232f8e980b44240894fbfc0,0.0008649000010336749,0.0016491999995196238,0.00015379999967990443,0.00019289999909233302,False
48969de0c7d924e32d5fd4894b041f09cae641767eb6e7688d45df6319bcf142,0.000931399998080451,0.0017652000024099834,0.0001534000039100647,0.00019519999477779493,False
faf91beeb3b06cff7e9a6ae519e6d5296860003e4a61da4bda50e86e545b77ab,0.0008637999999336898,0.0015134999994188547,0.00015239999629557133,0.00019430000247666612,False
e7e4a2b17cfc96036dc4475a41f88cf8d9722f4b956a65fd045dbfb0e273fee2,0.0008667000001878478,0.0014983000000938773,0.0002060999977402389,0.00019330000213813037,False
6a6fc55059819e81a538939e036f068a322919105e2240278bca27cefc787b15,0.000915999997232575,0.0017115000009653158,0.00014929999451851472,0.00019520000205375254,False
f2478a396013dc3c3dc3a34976806ad2c47123a6e56bf77fe087cad1b81c9b61,0.0009293999974033795,0.0014529000036418438,0.00015100000018719584,0.00019669999892357737,False
fa8592c821e9cbdcf316650ad1815fc14df8d51288f71467223a3f349b963a61,0.0009112999978242442,0.0014942999987397343,0.0001508999994257465,0.00020869999571004882,False
6999ca8ad8aff2f3229319536607ce531d5364eb133f4639a211b8c50b601802,0.000876799997058697,0.0014125000016065314,0.00014980000560171902,0.00019360000442247838,False
60b06c589a4398fc310a32c329ceb7652837da455662ac56529491638e6fc88a,0.0011363000012352131,0.0015763999981572852,0.00019189999875379726,0.0002327999973203987,False
354f6d8b39971c8883c1e9eb1f503a1dbdfcef486d2f725174d1b81005b56f75,0.0009414000014658086,0.0015404000005219132,0.00015279999934136868,0.00019120000069960952,False
4fde0b6bf7b98d1032c6a9da64db6d589a24222eff450baea63cd48b58ffcd44,0.001161500003945548,0.0013937999974587,0.00016039999900385737,0.00020130000484641641,False
32bd12de4bb31cac9c6a94e251c122483dd417fe8987455e5fb1fa1228fc22fe,0.0009482999957981519,0.0014676999999210238,0.0001588000013725832,0.00019719999545486644,False
be00dfbbe2ac02d82ece452d987bd2e5df9ac7268e0223c56c2e2cd7560a1307,0.0008729999972274527,0.0017645999978412874,0.00015100000018719584,0.00019600000086938962,False
260faeb2d39b10e8a2630eda01722a899a1b3a667245fe85470fe822f6804c2f,0.0008928000024752691,0.0014785000021220185,0.0001478000049246475,0.00019220000103814527,False
69d5a17c30f61b7eddfa47804435b214ad663cd8df3fe80a6e8d154b9e50ca71,0.0009145000003627501,0.0014408999995794147,0.00016370000230381265,0.00019500000053085387,False
0cad4a444e802f38640d750a73b52a59ef3c6951f06758423a4ffe70eebe6e91,0.0009372999993502162,0.0016293000007863156,0.00017789999401429668,0.00019980000070063397,False
f9c5d2d3c5181d2af4a18d288a530cc0cd69616106a45cce41ded37fadc14f3c,0.000973999995039776,0.0014092999990680255,0.00015269999857991934,0.00021150000247871503,False
fb034021d14a3bbff4b56b222d7ead47e96b8641197da10890eaca6d992baf9a,0.0009484999973210506,0.001458399994589854,0.00015639999764971435,0.00021750000450992957,False
3f9b84a28c259522f3c2898fce65c3cbd6c97f04662de83893b93627721d9769,0.0009454000028199516,0.0015114999987417832,0.00015020000137155876,0.00019189999875379726,False
e4d8d3cd980a991641f51bfcdd7d381a21fb57a8e876304eb2b952d35dc6f082,0.00093120000383351,0.0014483000049949624,0.0001520000005257316,0.00020199999562464654,False
87c658fbc5c1bf39ebbe996d517e5ed3c7f63681b9cb8635fbb9de566135af21,0.0010235000008833595,0.0014699999956064858,0.00015559999883407727,0.0002027000009547919,False
39f26642e86c0a98afe69ab8dc9ce57bf9dd77322d1ef18bddeb5823e9ccf3b3,0.0009105999997700565,0.0015787000011187047,0.00015729999722680077,0.00020389999554026872,False
67ab609c4741e058b51672ffde257a32ba9b5fa94563a5d2af36ed41e8ada856,0.0010165999992750585,0.001451299998734612,0.0001940000001923181,0.00019800000154646114,False
4368448e97cea4341711e103845ac18778df67b7566785cf9f44a02033814ef7,0.0010254000007989816,0.0015367000014521182,0.00016119999781949446,0.00019420000171521679,False
08ab721af822364fe6c884b5c6237018d2d8253c13c655172c534742dc8ac58b,0.001127000003180001,0.0014375999962794594,0.00015090000670170411,0.00019080000492976978,False
5323141e9f8095122acaf53d00854f7457cce025962b47869df8fe76b3ce0508,0.0009577000018907711,0.0014245999991544522,0.0001548000000184402,0.00019800000154646114,False
616b280d9daef397ed1a31ba08b1de4187d9a5ee70ab527e2237f230c8ad1cf0,0.0009341999975731596,0.0014287999947555363,0.00015829999756533653,0.0002089000045089051,False
8c5c50fe8971b6e0bb23d8531308219b79d658d9718fe93b7474bba5d32f0c9d,0.0009477000057813711,0.0015243000016198494,0.0001534000039100647,0.00020180000137770548,False
ebaee7b1e03576c10db1d07256e9422055b9baad042dbccec3bb2b0a56f30205,0.0009483999965596013,0.0015448000049218535,0.00015390000044135377,0.00019749999773921445,False
a44f3ed8dfd7c61815deba8de930ae33260b639a4ff65a707a75d25483ae4bde,0.0009037000054377131,0.001557100003992673,0.00016909999976633117,0.00019939999765483662,False
16130dc8d90c80a2c6092c7aad0411625ee148d2d2e3697c22ec2da956b19abc,0.0009046999985002913,0.0015261000007740222,0.00015490000077988952,0.00020109999604756013,False
34012709ee6276f787b20b4a0afff1e059cbb11cff776f724784c94a2b32bc70,0.0009176000021398067,0.00195720000192523,0.0001523000028100796,0.0001973999969777651,False
9b6d8bfa79a5df4bd35ac9954c2dd4dcc5983c66fc632de638b2f2dbb60b9172,0.0008918999956222251,0.001513100003649015,0.00019909999537048861,0.0001864000005298294,False
5d10ab8279d3f6ca19b39be8953945941ebd4f0b9576695ffe41e7b72c3ac548,0.0009420999995199963,0.001443400004063733,0.00015339999663410708,0.00019009999959962443,False
4453b0b89e39efdde2e5e9819ba792ecc9ae2b41b08073c3d281046686e29036,0.0009360999974887818,0.001454999997804407,0.00017249999655177817,5.919999966863543e-05,False
fbe22e425fdeff7927118ad406595bf268bf3d90575f7e90ffcbd9544becd002,0.000959999997576233,0.0014446000059251674,0.00016960000357357785,5.990000499878079e-05,False
370b061e8f4fbc36e4b751e3d38cceaeade9c5b393baa68858822c5fdc68801a,0.0010416000004624948,0.0016315999964717776,0.00017419999494450167,5.2600000344682485e-05,False
c2cd38a3bacd2c4296e08143e4b28315798d6c6c3fade020c07c97912a3595be,0.0008868000004440546,0.0014641000016126782,0.00016909999976633117,5.339999916031957e-05,False
5ca02f54535bc2e7e44b1160cae3acddc6cd7698838a21cb337cdc1b6d53de74,0.0010459000041009858,0.0014277000009315088,0.00016480000340379775,5.199999577598646e-05,False
ccd4ea6499e0ffe9a43bedaddc2938eb469be6026951762402e3c5de9b63d765,0.0009045999977388419,0.0016747000045143068,0.0001638999965507537,5.219999729888514e-05,False
eed84c54f24c26aa82eceda78d34bfb6ce13ce102e8da3257ce6c4cad0831f1f,0.0008928000024752691,0.0015874000018811785,0.0001664000010350719,5.160000000614673e-05,False
db5ab68b1336018988facecf77f1b63ef91ef62505eeefc9c0780bf56cf83bd4,0.000898300000699237,0.0018433000004733913,0.00016510000568814576,5.400000372901559e-05,False
1973651214c7c37743d4f106852f97d832f1208f88c21cb5e43c4940667967b2,0.0009027999985846691,0.0014416999983950518,0.00016869999672053382,6.10999995842576e-05,False
6896eb7df5943fa0237d26e4ec97bb7bdc3742de1d9b7e1ccffa1542614ac310,0.0009116000001085922,0.0016112000012071803,0.00017440000374335796,8.05000017862767e-05,False
f9f714c386cb65274f0adc771d2943fb680b8e99ceb68b782ab9a23c3c676ce1,0.0008652000033180229,0.0015473999956157058,0.0001717000050120987,5.319999763742089e-05,False
0c15d8ff729cc22ac3782a92cc6cee57f68bc5b656fe02ef30c07b4f4d5ffe08,0.0008944000001065433,0.0015454999957000837,0.0001658000037423335,5.089999467600137e-05,False
f03b6b6b25f2b5f97c25e51a27ea352685db7b5dfb153a1e01c2955e1cbf7e24,0.0009241000007023104,0.001574499998241663,0.00017919999663718045,5.059999966761097e-05,False
0fc1012ff03b1df60c2ec7620bd7384f786f85e2fbeb4de94768e7c36087a01a,0.0010551999948802404,0.0015148999955272302,0.00016789999790489674,5.619999865302816e-05,False
afde2f8f5f239f7c0d9b6a35e924afaac15272476ec691deec4681846cd27ebe,0.0011204999973415397,0.0015076999989105389,0.00015890000213403255,5.2900002629030496e-05,False
db4c686f1be6f056bda0b9fdd53a45a631840e7cae67ddf769c9298e07b30c8d,0.0009189000047626905,0.0014251999964471906,0.0001658000037423335,5.469999450724572e-05,False
322771167abeaab7dd17784135a0b7e62cbaacd693849bcbac413eee95afe699,0.0008729999972274527,0.0014751000053365715,0.00017249999655177817,5.5500000598840415e-05,False
aead6cc8a6cde4013dd96b544e63c9a0761f30cb22d8901ce38f26acf0333cd7,0.0010196000002906658,0.0014694999990751967,0.00016370000230381265,5.4299998737405986e-05,False
adda622745569f4989ea03700c22f52651d9105fd1bbd644dd3386b592748ee7,0.000978600000962615,0.0014129999981378205,0.0001711999939288944,5.539999983739108e-05,False
59de2f4af0f4ea252f0fae39bb0e37741632adc7a93423814af5d5fef7af745f,0.0009292000031564385,0.0015449999991687946,0.00016940000205067918,5.2100003813393414e-05,False
ee24bbaf91184575bf5ff64713edc9b19162c0b157bc831adbc72dae0fd407c8,0.00097749999986263,0.001542199999676086,0.00018589999672258273,5.270000110613182e-05,False
ecb8f54c1f4f6fabc486973f53d668a618e179febf54d20075a75cde92f21ec2,0.0009494999976595864,0.0015373000060208142,0.00017019999359035864,5.2900002629030496e-05,False
9462ceea5cc9dcf249e6783827c1bffda28a217005dcb04f8b405ccdb5599734,0.001038899994455278,0.0015507999996771105,0.00016590000450378284,5.329999839887023e-05,False
ae6208449c2e7f86de7c54c82e30c3ffb703f24a62b5992e7fce55fdbee76aac,0.0009092999971471727,0.0015226000032271259,0.00016789999790489674,5.509999755304307e-05,False
79f3dfd2909ba68c4788c460c5cfdc8c345fa30e225ee37d6993b4e28b9afd75,0.0009038000061991625,0.0015101999961188994,0.00016740000137360767,5.4299998737405986e-05,False
2f687a305d8e2a50dac995ed41ca7bf2f1e027c9055f98f2f8921a2c03bdaacc,0.0009485999980825,0.0015626000022166409,0.0001720000000204891,5.5699994845781475e-05,False
27ef85ffdb60d8e39246a70da1ad210d46401692cda712aa5708d3147fd17adf,0.0009427000040886924,0.001509100002294872,0.00017339999612886459,5.570000212173909e-05,False
0be6c06ea3429e29c8a57bfd187dfcc950a8c2b4ea5530e34d530cc44e42787b,0.0009539000020595267,0.0014964000001782551,0.00016990000585792586,5.299999611452222e-05,False
b10c76e74f6497b23ffb4a6ce4f6ac72116f931703d1514e269248e83380b41c,0.0009221999935107306,0.001497400000516791,0.0001686000032350421,5.4799995268695056e-05,False
348c311f11e93f2b50f53e97b5837623bf1565745a4e9ed9ef29aa0be63e2f01,0.0009218000050168484,0.0014745999942533672,0.00020670000230893493,6.359999679261819e-05,False
150d485648f38c062bf546755f7e2c6800f13753d90134fadec3c176f9a174c2,0.0008882999973138794,0.0015275000041583553,0.0001632999992580153,5.149999924469739e-05,False
282b630ace1082a2fdabd69ad39c95ebdc4f702166e54d70bf426895f9f1c93e,0.0009288999935961328,0.0014806000035605393,0.00016699999832781032,5.219999729888514e-05,False
cec9c7498e6d197bf5daf406c5954011e75295606cd1eb784105b9e869f04ec4,0.0009902999954647385,0.001578199997311458,0.00016679999680491164,6.030000076862052e-05,False
1303cf6bf536f1b03a9192123d6d0dcbd8324a7071d13776d72d003afca00c69,0.0010309999997843988,0.0015452000006916933,0.00016480000340379775,5.2900002629030496e-05,False
8313336a07a16208e8a655d4b6004c003f62bb2e404dec49e13b80bb01d78498,0.001029800005198922,0.0014841000011074357,0.00017860000662039965,5.450000026030466e-05,False
89dc4dcc310db14860cf4e11087af71f20b108139a3756fe973df031e1487bfd,0.0012067999996361323,0.0015268999995896593,0.00017929999739862978,5.650000093737617e-05,False
c67f772c67c209ae0e08287bb64c0d5c8020ac4289e408ae85ecf1175b19dbe1,0.0009190000055241399,0.001491100003477186,0.00016740000137360767,5.3800002206116915e-05,False
620e10a8747fd9467531e18bafea282cbd035578447beca03bb4ebfc1c872277,0.0009334999995189719,0.0014544000005116686,0.00016360000154236332,5.1399998483248055e-05,False
8d86f1c5a03bc3336651ccaa8b6b0e8ec1dd754c8fa10060dd99b6b25de9e40a,0.0009063999968930148,0.0014436999990721233,0.000163800003065262,5.280000186758116e-05,False
3bff6a5c9ef5b6b8e4491b7ee3e422d5b177756f7b29d45d89a192c14c51a4be,0.0011457000000518747,0.001708900002995506,0.00016419999883510172,5.390000296756625e-05,False
0548e029f522c74c428caf119c05556b4b3ddbbeb1e2b4c8ad6bd457827843e4,0.00263910000649048,0.004541599999356549,0.00043960000039078295,0.0005789999995613471,False
5cf053d2ad4b4bd94e69564febfa900b35b38b7b534c82620e633ce32aae145d,0.003159400002914481,0.004462999997485895,0.00042660000326577574,0.0004808000012417324,False
3bc05f322b0ea36aa11d11369afe48298936457f3d61bcaa563b56c7890e1d26,0.0029206000035628676,0.0047183999995468184,0.00040600000647827983,0.0004685000021709129,False
c962fcab311b3efe6514ff1c8a24a80032bc50db00ab2d97eb1816d3a45a8971,0.002534799998102244,0.004361100000096485,0.0004248000041116029,0.0005767999973613769,False
aaa53b53e4424429d257d0c1baf460bff1b77116e6ec15697cab8c7ae85ed7f9,0.002882499997213017,0.004452600005606655,0.00040580000495538116,0.0004606000002240762,False
176009c3d30759d13779454adbc2aecd3e11cef4b2b193f84efd0c9e5d1d2b1c,0.0028233000048203394,0.004437700001290068,0.00039909999759402126,0.00045700000191573054,False
db4ac97b325f27b8a623ddaebee238586affa58f398c49a7245e419c24b1cabf,0.002806199998303782,0.004662700004701037,0.00040660000377101824,0.0004676999960793182,False
539b04ec479d72c6866d68b419302ffcd529e6bade101844c06c2436fcee2816,0.002855200000340119,0.004526899996562861,0.00039670000114711,0.00045429999590851367,False
874c6b93bedb97c1cd8e7d42ea5c734c776ee08e1191180c61d18f154d643e77,0.002860699998564087,0.004623799999535549,0.00040669999725650996,0.00046270000166259706,False
2ad9e0dc2584fe55742919d8954dd31108d115f7c7e945d5fb43cb26fe5c72b1,0.002945000000181608,0.00483669999812264,0.0004122000027564354,0.0004620000036084093,False
53703a016ee371ad1586ae7feb6a65092e4ae99169b2497211ed249b5cf74817,0.002870100004656706,0.004460399999516085,0.0004902000000583939,0.0004881999993813224,False
381346a69abf3b404b4ee0e66e10ccf5a00ff3ddc8fd1ca1c9279f13898e23b9,0.003065600001718849,0.004642699997930322,0.0004214000000501983,0.0005010999957448803,False
f74df795e486325660bcdbf59bbf15a201ae9a3bbc224fc8bbd680ffecd99375,0.003275499999290332,0.004729699998279102,0.000421799995820038,0.0005481999978655949,False
8ee97b6f2d075ac0ffcdc5ebd596c5f1dc7c342a3fa17203b128a29ecb9c3617,0.003181599997333251,0.0045959999988554046,0.0004117999997106381,0.0005124000017531216,False
a7273babc4ef085ace140cbeb082c439925b9b7b9a31f420a6d8871dc35838c3,0.002892299999075476,0.004382099999929778,0.0005364999960875139,0.0005545000021811575,False
f9d50e063055edf3e100baabfc385cf965ccd1f2d955a3bf51c5e0259f3fba05,0.0032611999995424412,0.004665499996917788,0.0004648000031011179,0.00047980000090319663,False
a23481f33f837cd00567c761ce9f6ef9d8d989233607911d4e66250245b81299,0.002685299994482193,0.004836899999645539,0.00042950000351993367,0.0005233999982010573,False
5ef95cc1070f35e7e0dc149f392db8d6d68d0f84dadc476ce583689966c7a4bf,0.0029919999942649156,0.004583499998261686,0.0004813000050489791,0.0006633000011788681,False
f9c79c408e59053e4a1325efe1d983d1b8bc66684d7c6a3cae93f8c56e426dea,0.002947099994344171,0.004818399997020606,0.0004197999951429665,0.00047620000259485096,False
e0f47a34a080a36a39b0cfb2d4473ff4f5896e6444d6457f5bb33c60c271e075,0.0029353999998420477,0.004525299998931587,0.00042559999565128237,0.0004917000042041764,False
304388d4a65c87d41292c1d5cde200ec03e3f37c90b73f94242b9b0bcea00771,0.002885099995182827,0.004721099998278078,0.0004109999936190434,0.0004669999980251305,False
486a499c83104b6d720ca10f8488051b66aa3912d78dec371492d2879ddac5de,0.002668900000571739,0.004494200002227444,0.00040330000047106296,0.00046519999887095764,False
b68e203d75c93285e766e764fdd69e873684b5fe5e12ea3b4ed7f2ed2e5c5667,0.0029412000003503636,0.00525789999664994,0.0005143000016687438,0.0004718999989563599,False
3434a7f2f34f53342ca2d11cb26f015bde783db9b29617333ab91e2718149dc5,0.0028043000056641176,0.004792799998540431,0.00042099999700440094,0.0006061999956727959,False
507aacb2858129317e84bcd0f53f462486bd36a978908ab10d12b0b948a8b908,0.0029665999973076396,0.004577100000460632,0.0004200999974273145,0.000468999998702202,False
2244b260b332ca954bc5bd41a1f17271f7fcbf9879c83625d2e6ad428994c6db,0.0029543999989982694,0.004647100002330262,0.0004141999961575493,0.0004852999991271645,False
b0012bb7c881618ebd2d0400c04ceaf83a6ac242a9583006af0cf12f282b0b0a,0.0028868000008515082,0.004796300003363285,0.00042469999607419595,0.0005522999999811873,False
3abd83b4bde38cf4655c7926284b6800ef860c1504e5dd7bdae2600fa8f98957,0.0027527999991434626,0.004807899997103959,0.00042719999328255653,0.0004817000008188188,False
19fbe32fff239a94ca1660a86d39f0d8526b5379abcb637cb5eb74b4d5614a2b,0.0030393999986699782,0.004536799999186769,0.0004267000040272251,0.0004774999979417771,False
625cab13dc62a20abef20f9b75f74e654ff94b5ce59c2a24c2b21dbf311bbcd9,0.002798099994834047,0.004474699999263976,0.0004778000002261251,0.00048429999878862873,False
f83da5f93cc2cbf160514d9d159f0c9828c72684718a81235c2fa5883113c948,0.002980100005515851,0.004898699997283984,0.00041819999751169235,0.00048609999794280156,False
435efb84da0a99c8e8315b802664a54e141dd4d9b2e546ca4f8fee4c6198de7e,0.0026157999964198098,0.0045156999985920265,0.0005892000044696033,0.0004700999998021871,False
45a017f5335c205c2ad064a4deeaab803804d7a6b2b6ed2cb341df333c76cc0d,0.0028151000005891547,0.004566199997498188,0.00043569999979808927,0.0005636999994749203,False
3bcbb82bb19802171b93d8d05c18cb183a268b5e0e29ed79afdbc29beca4cac9,0.0031099999978323467,0.00475670000014361,0.0004273000013199635,0.000494699997943826,False
74801bad17e53e302764e4714ec6bd2c86909dae51ffce30f7d472a109c56fe8,0.002898099999583792,0.004602000000886619,0.000531300000147894,0.0005248000015853904,False
386bd24d9fe816f1864dca892381859bd0f72fa385dfb92349230a40db575f21,0.003078900001128204,0.004877100000157952,0.0004174000059720129,0.000527900003362447,False
146debc91c4a214726ecfb41dc181975cd0dedfb35c650865209c021a045e0be,0.0028384000033838674,0.004768400001921691,0.0004045000023324974,0.0004698000047937967,False
0b5d2f1a6ea84c8f706bc61bc20e85518704ef29498a1edf80edf632d8938ed6,0.003295299997262191,0.00464040000224486,0.0004107999993721023,0.0004737999988719821,False
4658c6da81a7dc145eff844e046436b86b0839ab0b8534cc2cbb2411bb0c7156,0.0029572999992524274,0.004438399999344256,0.0004043000008095987,0.0004697999975178391,False
92448af9b41faeaa571a5cf8d4b703ef8973bba610b5b435361e1c6d2faee2ce,0.0030142999967210926,0.004646399997000117,0.0004058999984408729,0.00047449999692616984,False
ebe1531c2bd64093a5303e54c6815f1bd8098f616310f250e8ab80699a5aee30,0.0028659000017796643,0.004620400002750102,0.0004110999943804927,0.0005464999994728714,False
5dade1d06ca0049e23b6a00d63e230b0d1189444c41a746696f63b41065ae7c0,0.0032202000002143905,0.004683999999542721,0.00042019999818876386,0.0004819000023417175,False
256e43f879a47e3aa093e37a73b0078afeac45646a2b9d3583385cd38e212261,0.0027852000057464465,0.004789500002516434,0.00042469999607419595,0.00048799999785842374,False
d9106699eda5c86e5668ef73040b713139bb3d7f23e84e3a05a7e739ba49f38c,0.002761700001428835,0.004859200002101716,0.0004030999989481643,0.0005295000009937212,False
ec13218fea3f229099319a04d7a69808af84ee216140fc5747fc83e75497b81a,0.002893799995945301,0.005003099999157712,0.0004117999997106381,0.0006656999976257794,False
f4738d133f51b3c525a361e2e60c231308e4c16ff48e66fdc0c2402a98399937,0.0029518999945139512,0.005227199995715637,0.00042779999785125256,0.0005320999989635311,False
faacadd55cdfb3a1a35fc3e5cd7a70a3928f80ad0257461a982ebc90974318c3,0.0027761000019381754,0.004860200002440251,0.0004393999988678843,0.0004896000027656555,False
48bf0085c65147a932890d79297f2752366337152b715e4d87c0837f4e27ed12,0.0028829000002588145,0.004725999999209307,0.00045870000030845404,0.00048719999904278666,False
ef7e602da13ad56b8ae57a6279d0cf93a2ab3f3852c35aa550d615f64d778ad8,0.0027673000004142523,0.005027300001529511,0.0005909000028623268,0.00047640000411774963,False
f22522b5c83950e80c1381fd873a9afa3734e57121b89e0a72e37c6e5843a2a3,0.0028568999987328425,0.00459190000401577,0.0004189000028418377,0.0004902999935438856,False
734060233793ca917dd89159f27aa9eed6f8cf0bdf7c7eba264d89e81a7381d0,0.00338989999727346,0.005141900001035538,0.0004917999976896681,0.0004684000014094636,False
46ee590d3b966602ee1136cb240175a5020277bc671ea04e08c9888ada947dd8,0.0028982000003452413,0.004796799999894574,0.00039909999759402126,0.0004684000014094636,False
2b9df7105e764089e5972b42e1528a21f17fed9003ff28243a669934a870c81e,0.0028901999976369552,0.004663100000470877,0.0004198000024189241,0.00048629999946570024,False
77fb3aa7fd271d3c6224d60ac69723345fa6406b28dd0e85a0e0755eacaab4e2,0.0027578000008361414,0.004615099998773076,0.00039900000410852954,0.00046969999675638974,False
e4b6bfe6729720b26fa3f1deac4234cf335b28daf339a7a6bfcd957acee501e6,0.002718999996432103,0.004894600002444349,0.0004104999970877543,0.0004813999985344708,False
8f581d3ef88caab03f2e51dfb12c0c8b3a3ccc8f582f8b5be97d36e58bb4bf5b,0.002903900000092108,0.004897999999229796,0.0004102000020793639,0.00048039999819593504,False
9c492bfa8c0adb5d551d7db6253fe5b0f23a51bd2835f32763f617cb1e1c8f9a,0.0029353999998420477,0.004679099998611491,0.000414699999964796,0.00048570000217296183,False
16c79b276f393599f270baaf460ef221100ee633932f31161b0bb34741431048,0.0030817000006209128,0.005394699997850694,0.0004078999991179444,0.0004970000009052455,False
4f89154595894f0c0c185ed13ca98944af44dc31edd7f3597f6a8b88b303b4a8,0.002907399997639004,0.004866000002948567,0.0004566999996313825,0.0004984999977750704,False
58f54604154e33803afc0f8e53edc2c29d5cd8f63dcec351f76c2f23bede8e43,0.0029415000026347116,0.004974600000423379,0.0006377000026986934,0.0005689000026904978,False
6b502ea11d6f8100fe4398ef06250cbc5c25e3dc5634ef157d7f756ab1c5cac2,0.0031028000012156554,0.005404999996244442,0.00040810000064084306,0.00047479999921051785,False
f94c11f42e4aebad0f3e9edc03b825e9f645004a126d46d7d8039076d11658d3,0.002977099997224286,0.005222500003583264,0.0004016999955638312,0.00046300000394694507,False
3d10236ed5e58767f9de3c47d123c3a28bd88e0e74a976c3237d28a10f46beee,0.002910900002461858,0.0051154000029782765,0.000414699999964796,0.0004748999999719672,False
e5b123b5001f1feeb2f2979df71f86171dd3274d9e932a8e9e0b541cc4ddcf54,0.0028814999968744814,0.004825500000151806,0.00039770000148564577,0.00048460000107297674,False
e10dda1b1fa030851f58324b869278aedc485b907605e3cf7ae17e7214df0c89,0.0030766000054427423,0.005049400002462789,0.0005149999997229315,0.00047900000208755955,False
3440257011572964aff365c2fe294990473fb0c8de6b643fbaa2254fa8c2e5ee,0.003114599996479228,0.005249000001640525,0.0004174999994575046,0.00048329999845009297,False
2c272c964abfa24c468cccce1410999dee9cc5b4b07b6317b445ebe7d8b892ed,0.003000700002303347,0.00502559999586083,0.0004152000037720427,0.0004881999993813224,False
f61c781a2030b5b7ab61967d0e42f1c577222a8bfd46080c49d8abca105c3ea9,0.0030441000053542666,0.005197999998927116,0.0004082000014022924,0.00048070000048028305,False
bb390eea052d471d1e006ebe82172d3c86356d93a2a2cda9cdd43d972a3cd8cd,0.0030585999993490987,0.005206900001212489,0.0004082000014022924,0.00047790000098757446,False
2df4901438f38a728fc98cf5b7411862edbb2eab53fea60b867dfd059b2661c6,0.0032948999942163937,0.005118599998240825,0.0005321999997249804,0.0005046000005677342,False
4dfcffc89d39393992e64f5c5b4181fa82c4798a23beca1da6de8d544918f24a,0.0031476000003749505,0.005122200003825128,0.0003983999995398335,0.0005145000031916425,False
9e42ae58469d92573bc42cca305fe86a661d40cd083d3ba615609965b11bfae4,0.003374300002178643,0.005294200003845617,0.00040660000377101824,0.00046129999827826396,False
a9d0cb96a6572ac8c51bdd70c6443795514782ffb553b0503dff37f0ed0c0e83,0.003104300005361438,0.00736250000045402,0.0004030999989481643,0.00047279999853344634,False
5a7c3ab7898260517ef267aca42d3cb454a3ada6c846e6c647a9f838977cf457,0.003325300000142306,0.005008299995097332,0.0004045000023324974,0.00047479999921051785,False
4c17e7d84f24da8cd3f40ecc2122d46756ba3d7fa3360ba063e288a0f57e0318,0.0033288999984506518,0.005455499995150603,0.0004071000003023073,0.00047569999878760427,False
6e2e227e174ea9c2b1a30f8c18aad01b27acb44ec583ba953e077645b78e1dda,0.0032216999970842153,0.005282899997837376,0.00040889999945648015,0.0004915999961667694,False
815267af32a63b3be8ca47500fc7bd79edd27ed0ace8af50ea080ba7f6e90f3c,0.0031234999987646006,0.005724199996620882,0.0007610000029671937,0.00047819999599596485,False
bf414ba327635dfd7751d911d6bcfa31f05b60ddc0c689562feb67a4a8df0ba6,0.0030875000011292286,0.005423900001915172,0.0004972999959136359,0.0005053999993833713,False
578123e2fa26e017f33c11f3eed13390f83ce6bd6db0f5725ca671f8427f7d9f,0.0036983999962103553,0.005945899996731896,0.0004130000015720725,0.000491600003442727,False
ead7bae7bc66b88520ece737754a416e2e270b0a525d8deafbd62bb88c79f509,0.003148999996483326,0.005367799996747635,0.000410699998610653,0.0005721999987144955,False
df49eebf6dfc315e8c7838998154a62a48300c474f77bb2d28c1f03c330e3d28,0.0030219999971450306,0.005338100003427826,0.0008081000050879084,6.160000339150429e-05,False
7def00adc25ad4effbdfed7da03334aa46801535ae9d43490430f8eac69c22a6,0.0032195999956456944,0.005393599996750709,0.0004208000027574599,5.4299998737405986e-05,False
0e9629b1ca4069d95244c451175aa77ee0514ff153bd5e256d9715a3d9151814,0.0032366000014008023,0.0050865000011981465,0.00042949999624397606,5.360000068321824e-05,False
5017a9d95152f84c68bce2a7e394107e77c851f05391d56199a1261d2d415e8e,0.0029960000028950162,0.00535189999936847,0.00044409999827621505,5.7999997807201e-05,False
13d2a9588619912d593647e8aac4c8537b134a1d0468c09f57dd6a0b72e82fe2,0.0030057999974815175,0.0049962000048253685,0.00044920000073034316,5.499999679159373e-05,False
7c25062e11ab62b3abd97619ac34ce07d4b36783b6ce84081cbf40f885fd890d,0.003111500001978129,0.0055212000006577,0.00045909999607829377,5.740000051446259e-05,False
a4a1a1c4eb380a099b8bb08ffe408d404d2889f1bc843452ddc86841f2bd135d,0.0030490999997709878,0.005412099999375641,0.0007158000007621013,5.699999746866524e-05,False
a8e04d26acd257c8122ab3f38f8f9b1462fadd917456eebb6a7e444d02325b1a,0.0029705999986617826,0.005222100000537466,0.0004498000052990392,5.480000254465267e-05,False
459e1bbd8d33f625b04a35bfa9408c277044c4ffa2c471012c2a3f4f3653873b,0.0032950000022538006,0.0052874000029987656,0.0004504999960772693,5.729999975301325e-05,False
b1f51d51842918a185371de7fefbcaa248bd64d2cd73464083095985ac4a4aec,0.0031696000005467795,0.005437300002085976,0.00044350000098347664,5.539999983739108e-05,False
98cc37c2183240b1fe63750a0716afbef07046bca4d8751fb2854bee510d0fe2,0.0030182999980752356,0.0059412999980850145,0.00043569999979808927,5.6899996707215905e-05,False
8aa73472c6b6531c6c92195afa75a9583c6d642a675e1a138b814a90a04abcd7,0.003080200003751088,0.005349500002921559,0.0005469999960041605,0.00010070000280393288,False
3548d8c95aa97f12615ac153e64828299d3429e56f3b2aef0345864100c34d72,0.0033874000000650994,0.005535800002689939,0.00043429999641375616,5.619999865302816e-05,False
a22b948fc73c89433d639ba8beb6dc28de984c1ca03b1e86f29991edc0e61f48,0.0031482000049436465,0.005262799997581169,0.00043259999802103266,5.400000372901559e-05,False
8b261797e5e44692aa26b9e04811eb4537abfe4a88eff65b583157be74d838b7,0.003064900003664661,0.00542969999514753,0.00043680000089807436,5.390000296756625e-05,False
9c1ccab8adbced2dda3aeced893326ff98a73388704acea9e344a83ee57302c5,0.003129699995042756,0.0054356999971787445,0.0004241999995429069,5.610000516753644e-05,False
4ff072a629f161c769d203ddbc7162fad1a2519bc87e8b4ba56fc5d72809c6e7,0.0031244000056176446,0.005468399998790119,0.00044040000648237765,6.030000076862052e-05,False
6572f06f3fbddf9e01bfe0c09f1c6ca56686202b6abf84324fe5f4eabad28060,0.0031575000029988587,0.005296200004522689,0.00044809999963035807,5.239999882178381e-05,False
c5838dbe0baf3f9406fb738e30eaba8042219b632a963c6cbb4db06d42b44fee,0.003058899994357489,0.005706800002371892,0.0004371999966679141,6.859999848529696e-05,False
20c4db30d2f137c04906ab8e04042eb4a3192837a81270dc975a1c857ba2954a,0.0032667999985278584,0.005323100005625747,0.0004276000036043115,5.2900002629030496e-05,False
1376eeadc74dad64252948bba79a5f4a8c819c698ba56d6a3fa1e2560e16cdd9,0.003258000004279893,0.005295200004184153,0.0004335000048740767,5.099999543745071e-05,False
ea1229466583584b5187345cb7ba7cc646a2602ff1ad75a4b05254536aec1eb4,0.002989499997056555,0.005408299999544397,0.00044550000166054815,5.7999997807201e-05,False
0c7b5e8b262467d7d942d1d37e5c0c008ab3111fbcb873fb7feb412e1851017a,0.002996399998664856,0.005521099999896251,0.00046999999904073775,5.439999949885532e-05,False
eae1635e4673a0955f16623f5a3fb9964e7a02e4176cb6efad75ea2466cd43f9,0.003056599998672027,0.00546310000208905,0.0005481999978655949,5.3099996875971556e-05,False
d864b46a11ce9b6fcca6c7b6122a3939acc7ba2667e7d99ac0f1aae65be61635,0.0029968000017106533,0.0052643000017269515,0.00042070000199601054,5.539999983739108e-05,False
9f8bfc210c142181fed33cc9a20259994769a76f02670510381fcf0ff9135955,0.002986400002555456,0.005444100002932828,0.000432399996498134,5.699999746866524e-05,False
564a512fe20b746f879474d21a1af83d113b410f68425a2694f431e85d069765,0.0031750999987707473,0.005570799999986775,0.0004417000018293038,5.360000068321824e-05,False
8e36d29ea8bb53106bf8988f02f638bfd439cf272d29990ae2c86ee3cd07903e,0.0032661000004736707,0.005230499999015592,0.00041680000140331686,5.419999797595665e-05,False
e78a630a0d6dbb9b3925b624a4c6bcf07a1775f6d5002f4839f4d25700246639,0.0031579999995301478,0.005444499998702668,0.00044219999836059287,5.219999729888514e-05,False
e8ee227cb64f4d1800ebea2de91a1a7180cb96152a8f95c194324e1902b143bb,0.0030247999966377392,0.005261800004518591,0.000585400004638359,5.2600000344682485e-05,False
c2265c5ad12e3b27ec7b3b85a9afaee94d9a8788f4c909ba28f34a9fb8fa35a7,0.0029144000000087544,0.00541450000309851,0.00042379999649710953,5.2900002629030496e-05,False
5d61970ecdf8f67d36adf0e85c0dc2bad7937a6997477a77d885b05815fc6879,0.0028825999979744665,0.006140700003015809,0.00042149999353569,5.130000499775633e-05,False
20fcda6398a78950d50920bc3bf8be9bb3e2c5cabbcbcc03844692549b20a2bb,0.0030549000002793036,0.005165800001122989,0.0004589000018313527,6.320000102277845e-05,False
a00092afc73373b01bfbb9a34db5b6c79e3e9408e768889615453f642044ae6f,0.003030899999430403,0.005331599997589365,0.0004360000020824373,9.780000254977494e-05,False
5736a2805d9defc08c100b40394c53a5722843b3bcdb7a885fb53244d7f20aca,0.00351290000253357,0.005528099994990043,0.00043290000030538067,5.320000491337851e-05,False
75feac7c592b0c2f2969d42bcd388a05f30936ee3d930e21ac9ce1d628c841fa,0.0030428999962168746,0.0055012000011629425,0.0004360000020824373,5.329999839887023e-05,False
6f824cc1997415c4614070d32c03c1c7b95635ed95abedcccad21e107c3d4764,0.0034309000038774684,0.005449700001918245,0.00045140000293031335,5.3999996453057975e-05,False
0aa322177f9c03670c82191f9dbf3f8a98db19d0fdae4f3f9927baf9694f8ad9,0.0031043999988469295,0.005344199998944532,0.00042799999937415123,5.849999433849007e-05,False
63c9b87a2b90a20f2667f0e8d222866d0fa527fbcfb4889bb65069aa15105e71,0.0032477999993716367,0.005414400002337061,0.00044350000098347664,5.249999958323315e-05,False
f29c0a331fca83686beaaf13465ec21c055a23755de5712cd2ce8d6baeca2f88,0.0032475000043632463,0.005860400000528898,0.0004388999950606376,5.239999882178381e-05,False
96cfb0e1c66f7a76aa39e4e6db201f118956920ebbaf165fc744c4e2e686609e,0.0030728999990969896,0.005269500004942529,0.0004318999999668449,5.450000026030466e-05,False
834a5f317ea7d611b8eea741e36bc14912d8483a9b4b8a764cd4eb7daa902684,0.003104600000369828,0.005215299999690615,0.000429600004281383,5.450000026030466e-05,False
ab24e52096d35a387721f4f516eb3a1d4258027c380a9aca220afabff87c1b2c,0.003201300001819618,0.005244299994956236,0.00042689999827416614,5.480000254465267e-05,False
d8be2b67a63475551ee5c59c22d9e4e1d7348f913161c3a1456ce69101db2463,0.003156699996907264,0.005273499999020714,0.00044099999649915844,6.0699996538460255e-05,False
64bd0d5eabe4c2d65514a64b4dc009d5ba4133253765c42c02a8e1d68cc90a3d,0.0031897000008029863,0.005374599997594487,0.0004822000046260655,5.329999839887023e-05,False
86a88b6e37cc212c62d1f2551d5db3ae5b2be3dc170d8a459a422bd9e0ee5301,0.0006646000038017519,0.0005713000064133666,8.53000019560568e-05,0.00013190000026952475,False
22708e8c57d3289f460c2054937bc1331604e0528a8e990fe1f8c0ed396fe307,0.0004134999981033616,0.0005119999987073243,8.140000136336312e-05,0.00012599999899975955,False
0f0609de8311115e0e1481d28bacd34ebd393a7176c85c81af954cec0f461198,0.000447300000814721,0.0007064000019454397,8.209999941755086e-05,0.00012319999950705096,False
31ad17a3b915bb5fe76e9d01eb468101ca5ee5f81b9a57122f8c2f1be6b8052c,0.0005432999969343655,0.0005061999981990084,8.27999974717386e-05,0.00013279999984661117,False
b37fabb036600b5dba79dcc6c967cbb473da72df3506947da6e3a922822ba39e,0.00043119999463669956,0.0007819000020390376,7.960000220919028e-05,0.00012340000102994964,False
90045236871b49579268eff543de646cd5c5d354615ce84e468bff1ef12e63a6,0.000440099996922072,0.000502200004120823,8.240000170189887e-05,0.00012549999519251287,False
ab480ab5eb238a32e95f93a5473ee2fb325d14f4b2376708dfe484776e15fd1d,0.0005287000021780841,0.0006179999982123263,8.36000035633333e-05,0.00012710000009974465,False
75b94c936edb2e469b02c4ed77658189dca9972f302dedb3133300d28ea5ca8d,0.00042329999996582046,0.0005970999991404824,8.119999984046444e-05,0.00012509999942267314,False
1ed16264da9dada139b7cca5aea442c21fd6324ab20692d7f0b244dc22d1fbde,0.00041539999801898375,0.0004953999959980138,8.340000204043463e-05,0.00012679999781539664,False
d9f02c8f37e62366b0504a110ad51cca1c905930ff4c86a2a43a2930f3451a96,0.0004512999948929064,0.0006243999960133806,8.230000094044954e-05,0.00012550000246847048,False
13c16227855919322b805d30f40e02dd785c54f7085faf9c43361919a459293c,0.0006285999988904223,0.0006027999988873489,8.10999990790151e-05,0.0001227000029757619,False
ea0437c9c3f6b378c795c865bd2eb58938687832bce6e1f8d5be1546a777265a,0.00039590000233147293,0.0005125999960000627,8.359999628737569e-05,0.00012879999849246815,False
30a200378546798fcd9ae1679f9bae62fa586e044bc75d20a257728a8b076e48,0.00047900000208755955,0.0005003999976906925,8.47000046633184e-05,0.00013130000297678635,False
cf6a57bac6448aecc897eb10cc551adb7218f3f231ca7a679ae2f48f34b6b69e,0.00041710000368766487,0.0005063999997219071,8.479999814881012e-05,0.00012269999569980428,False
135fbe21e66e2fc86a74db5e9b34d85b60bc97a6b8bb1d3f4b49cdf2c62ca65c,0.0004489999992074445,0.0005567999978666194,7.949999417178333e-05,0.00012070000229869038,False
fddea6a83559cfd90a061adcdfd6ba8d26fdc10189be4abc6dc82024c437ddc1,0.00041200000123353675,0.0004982999962521717,8.010000601643696e-05,0.00011870000162161887,False
8ac380d42aee18e9162fb72dd7abdddde173da321cc0b289b3018b5065e26f71,0.000428699997428339,0.0008109999980661087,8.209999941755086e-05,0.0001306000049225986,False
cbd303fe19b3413f4de23364e852a8e539c3695d86dd3239ed24d85a988f95a8,0.00041259999852627516,0.0006198999981279485,8.119999984046444e-05,0.00011749999976018444,False
4cddf9f8939a68be0d355b6e171467d0e6b7e80058adefbe66039fb1b9d7e8be,0.00042039999971166253,0.0004967999993823469,7.919999916339293e-05,0.00012040000001434237,False
609486c282f861e1f5138de8c20a0cbdd83e6c34a056ca55a157c3e297ed3cd9,0.0004700999998021871,0.0005145000031916425,8.199999865610152e-05,0.00012479999713832512,False
a2e2e1d701d00b0c04d3e9ae557c04dbe9f1f2270546fbfa8d77b18dc93167bc,0.00043559999903663993,0.0005884999991394579,8.519999391864985e-05,0.00012370000331429765,False
8b6058c0e8ccb760ad0f440363e3bedf0510f784100462659391d3b9d0d52b30,0.00040360000275541097,0.0005168999996385537,9.169999975711107e-05,0.00014340000052470714,False
9355a9eca82955e18a0031cdab9b9d683906b3d7e5e2ad173f6ffbd40b0f0f05,0.00044630000047618523,0.0005258000019239262,8.650000381749123e-05,0.00012570000399136916,False
fa18d3c8e232f906cc6f76bef3bb271f82823bd404bfaae3cc593e32abb30884,0.00042100000428035855,0.0005220000020926818,8.07999967946671e-05,0.00012340000102994964,False
5f433770c3c1b5c991b9b7409a69f8c4ea270bbaee01736340e2a018ed35139b,0.000523599999723956,0.0006030000004102476,8.450000314041972e-05,0.00012480000441428274,False
1b9d0c57a2d1d2d9f260700358dec77dc6340d2c27d5529745efc21c202533bc,0.0004576999999699183,0.000519299996085465,8.759999764151871e-05,0.0001401999979862012,False
a02113c043797c35c319b368d92f8557afe9738e329a26cfb3d59867af447ff7,0.0004377000004751608,0.0005047000013291836,8.740000339457765e-05,0.00012570000399136916,False
fdf877d71c163d92e2ab0195628f9ba4660a798f859f419b48109d5695dae6e3,0.00044579999666893855,0.0005920999974478036,9.200000204145908e-05,0.0001329000006080605,False
354616bbaa628b7254d604fab2061060a1f5500e0f97bb075857651254b05b71,0.00040920000174082816,0.0005948999969405122,8.669999806443229e-05,0.0001249999986612238,False
d8caf12c6f85edc2dd535f7d14de3388bb0ca13dfab046b7a885da67856a547e,0.0005974999949103221,0.0005200000014156103,9.100000170292333e-05,0.0001236000025528483,False
a7110d0e56a9fc05155c88ea2d9b0f572b6eeab023d6e773e0e544d53191b22f,0.0004925000030198134,0.000509299999976065,8.53000019560568e-05,0.00012229999992996454,False
f9f537aeda56a24f6f332c046551e6c98b0521ccb96365e53fe842e4bde15376,0.0003769000031752512,0.000516200001584366,8.239999442594126e-05,0.00013729999773204327,False
79f311992264098a62d28277ba0db9d7350fdb413ea261ae8abd1038cf8358a8,0.0004558000000542961,0.0005246000000624917,8.119999984046444e-05,0.00012589999823831022,False
deb21fd8fcdef5dbfcd64f5f7043ccdcda793165dba3270cdc1b84c4cf07bda6,0.0004155999995418824,0.0005767999973613769,8.130000060191378e-05,0.00011890000314451754,False
642979c476cb8da4678b3609c7d64317d2ca6547aa2deab65f39adf67a13505a,0.00041259999852627516,0.000534200000402052,8.05000017862767e-05,0.00012119999882997945,False
f0b14eec618b622f470f2823261a65e4f4d225688b20861244181f79b2ce4c4c,0.0006169999978737906,0.0005243999985395931,9.389999468112364e-05,0.000130899999930989,False
112794d2fe629fe51d35080a8a81ff480df4b8a48d59b5dd3ee83d6fafd70ead,0.00048570000217296183,0.0005474999998114072,8.710000111022964e-05,0.00012900000001536682,False
64c35794c7d5255e04b8885ac07f910ecd8ee030e670fee1500dd002f09b1d24,0.0005554999952437356,0.0005146000039530918,8.589999924879521e-05,0.00012430000060703605,False
e65f92e66a38a8d88c4eb2372500b98bcdbd437e66c4cd49c38419adb635bf41,0.000654800001939293,0.0005097999965073541,8.38999985717237e-05,0.00012799999967683107,False
c1c98f1cecc9abb29d24101bd3fc160a31986de35cc590e89031724b2bea7d05,0.0004580000022542663,0.0005659000016748905,8.689999958733097e-05,0.0001221999991685152,False
c5630fd03043a732936471374df609e9643000c1c421a8fc8ea69773549e51a9,0.00041700000292621553,0.0006078000005800277,9.109999518841505e-05,0.000127500003145542,False
dc0e126cb5295d9049b542ed811845af1510a9965dc8590a2990705ae07cfd6d,0.00040330000047106296,0.0005164000031072646,8.929999603424221e-05,0.00012910000077681616,False
9074d24f1121a13cf25b222d4a31181d6110487d1aa4fecf0fc7395adb30244f,0.00043340000411262736,0.0006759999960195273,9.139999747276306e-05,0.00013609999587060884,False
0ecd14b95e0c75a4d436391b5580cebda9bc36e3c1f563e0971a9f7bfc983173,0.00041849999979604036,0.0005467000009957701,0.0001221999991685152,0.00027910000062547624,False
8052b6b30c88b42a7518928b4d8cbf9707e49b512f9237587f0487fdc3b79f75,0.0005624999976134859,0.0006200999996508472,8.710000111022964e-05,0.0001246999963768758,False
0b805b966964972fcd9134b396a061950e14d48731c04b3727f750abb751baeb,0.0004622999986167997,0.0006422000005841255,8.269999671028927e-05,0.00014260000170907006,False
17f5f3172a87f5874a1ceaf24100d7d6d4e76b652c2357cd008bf7d7be30546d,0.0004090000002179295,0.0005392000020947307,8.510000043315813e-05,0.00012229999992996454,False
f5f51aaa7f33df78f254a9279e4812456e68a05f36d6029da1c6ac4ec963ca3d,0.00043880000157514587,0.0005178999999770895,8.669999806443229e-05,0.0001247000036528334,False
ebc212d3a472868cda246e08524fe44e19ecff6fe73b3f76314d6975809d5021,0.0004231999992043711,0.0005472000048030168,0.00010059999476652592,0.00019410000095376745,False
e265dfbc20e3d65954383f2c2ce263d8b291a1e16d72e6199f371ebafb40421e,0.000454399996669963,0.0005277999953250401,8.710000111022964e-05,0.00012450000212993473,False
c225d9f3ca5f471e09abb1d56738bd9214ed2baf7bfd7d9c71fbf14a6f7ca55a,0.00042969999776687473,0.0005309000043780543,8.569999772589654e-05,0.00012649999553104863,False
480e396cde09052d27ccd94e47176a1d05a2c294da26487bce5c922221092fde,0.00040720000106375664,0.0005505000008270144,8.660000457894057e-05,0.0001247000036528334,False
c619cb1390706a0a501c066d94b44831dfe720f0a2cf5d40fa24d8f49d25d35c,0.0004250999991199933,0.0005187999995541759,8.86999987415038e-05,0.00012720000086119398,False
ea5e5eb16c5ed832f57fe335110c6df4619648237ad7cefd01083745e4469f70,0.00044470000284491107,0.0006045999980415218,8.289999823318794e-05,0.0001255999959539622,False
4aaf570ad62af544deaf6f094f100cfff703b65483d693c4ee7947302eedb373,0.00045929999760119244,0.0005545999956666492,8.240000170189887e-05,0.00013069999840809032,False
50257b6e787e2691d296b5a5b92e624beb92b9f3ae369d39860c8d713bacd6e4,0.00044189999607624486,0.0005457000006572343,8.710000111022964e-05,0.0001235999952768907,False
323e9ed2cfd01149e343cbb3e84d51052b16d87db047b1a0ffb828ac524af70a,0.0004016999955638312,0.0005184999972698279,8.610000077169389e-05,0.00012210000568302348,False
4091a842de0d1870b9fbd2a14a5535bd63f32bb8fde0b42c571ae15b3d82e20f,0.00042180000309599563,0.0005872999972780235,8.589999924879521e-05,0.00012150000111432746,False
00d5de364a62d1fa26cd64fac0139641b34269f55d3200af70064d7c86a91d9e,0.00041799999598879367,0.0005209000009926967,8.30000062705949e-05,0.00013949999993201345,False
370fd0a176ea7513f73f781e5c12558705f3af41927ef39bc4d39e488b0c50f9,0.0004703999948105775,0.0005286000014166348,8.849999721860513e-05,0.00012879999849246815,False
aa2026f935ade2b01d6e0d24b910091b09f3dbe09578f6af8821969ce9e208f8,0.0004362999970908277,0.000593299999309238,8.81000014487654e-05,0.00012009999772999436,False
5a1c36a4865c3c7a981252f5bc798a92ac41e116144eb02e9ca801589fcd1249,0.000491600003442727,0.0005794999960926361,8.469999738736078e-05,0.00012170000263722613,False
1375b033ae75131b6c88b338c9b1abb455dda61f2ee1a0e3a623c902c8d27069,0.0005076999950688332,0.0005323000004864298,8.81000014487654e-05,0.00012399999832268804,False
12fcaa6773c3e9e672e689b183f8c1751d8cd36dc1e8ac1c0f58211f5ede1b42,0.00042240000038873404,0.0006533999985549599,8.86999987415038e-05,0.00012309999874560162,False
ae67121614f30117d359d5661629778e403c7f3101c7eb32fbc4a027b7bbc6c0,0.0005133999948156998,0.0005826999986311421,8.53000019560568e-05,0.00011950000043725595,False
0822d0dff329e219a3e46fd7c539355ae8917e9835a7c3b2a2c4bc3d8b35fe2c,0.0004295999970054254,0.0005160000000614673,8.800000068731606e-05,0.0001286999977310188,False
4c43c26f11e3ff69ef79eca83c41435f6e8b419b535356e0d6ffa12278ba3e4e,0.0005403999966802076,0.000530999997863546,9.090000094147399e-05,0.00012700000661425292,False
231c8ca8f0ec1f2547c0d20db6013f2a112dc3985b2ef923969a0c9ce5c1b3a2,0.00046269999438663945,0.0005301999990479089,8.990000060293823e-05,0.0001810000030673109,False
3b324ba419d5807a10f49125a45044ab78733dc948dfe54924f38a8673c2770b,0.00052039999718545,0.0005257000011624768,9.240000508725643e-05,0.00012670000432990491,False
01fa7f48f99049e225b495d9812aded25183017ca3dc317416165521819a37c8,0.0004231999992043711,0.0005248000015853904,8.969999908003956e-05,0.00012370000331429765,False
59bcab661999c4e0067f50382ca7c48af4747a46f66c32787f31951923db3f05,0.0005311999993864447,0.0005374000029405579,0.00010380000458098948,0.00016700000560376793,False
7aed7043652c0db17d52525b215b35d24e3688c195fcc91bf03f49741b7bdf5a,0.00040160000207833946,0.0005330999993020669,8.809999417280778e-05,0.00012140000035287812,False
e6e6251710642ec76f2e908f68c14c15b5b0369ab294f86fca33494b685d0f09,0.00042270000267308205,0.000517000000400003,8.779999916441739e-05,0.00012369999603834003,False
d09534f88e73c55c4432e51d35497a0ce3fef9b21f7ec3cdd1eedd4d62773f41,0.0004282000008970499,0.0005190999945625663,8.369999704882503e-05,0.00012879999849246815,False
d8ea944cd4a9458212cca9d77e05dcf2df2f0282c2bbdd8f376b6e39538e4343,0.0004426000014063902,0.0005247000008239411,8.689999958733097e-05,0.00012589999823831022,False
f0fe846988570503778866035c2269904cb65a5ade3444907785893dcf2310c4,0.00045960000716149807,0.0005332999935490079,8.589999924879521e-05,0.00012319999950705096,False
60a5c36ca26461990e117ca8deaf93756702eca8c358c53ca097b88b6ab62e8d,0.00044720000005327165,0.0005087999961688183,8.619999425718561e-05,0.00012600000627571717,False
f8b11cfc6034f83dd650c76684c97074de3ad045faffc73bb402d4f22239e106,0.0005021000033593737,0.0005373000021791086,0.00010990000009769574,0.00017490000027464703,False
fbc22ca2e2e151dec2ef1b9bfb0e6b67e655cd3642c4a9228b88b5272c39cc2c,0.0004239000045345165,0.0006209999992279336,8.670000534038991e-05,0.00012369999603834003,False
bb4667071a958f0e86bb230132d0765ab0726293d033bd737605cfa49730f773,0.0006280000015976839,0.0005420000015874393,8.70000003487803e-05,0.00012650000280700624,False
c1ef6b076af0ce961424c888349d8eeb5999f5c02bf54cd493993738d068b52a,0.00042389999725855887,0.0005219000013312325,8.919999527279288e-05,0.00015020000137155876,False
79b0fb03d62549676df122c333bd8d256db4f649eef3e469a3df4b74f756f412,0.0004588000010699034,0.000513600003614556,0.00010059999476652592,0.00015500000154133886,False
e66cc3fd7f8a895f4d8e783f174acb5be76122704748c60c13d16fb36d048bfe,0.0004358000005595386,0.0005354000022634864,8.199999865610152e-05,0.00012399999832268804,False
9aa3c2be2f259a9169ee6fca0d570084fad466e6638aae458bdac3d23240092f,0.00044440000056056306,0.0005297000025166199,8.779999916441739e-05,0.0001221999991685152,False
62ee0814117b82330571c4caa09f010e8544efd453dbf9299133ca7657b8e3ee,0.0005454999991343357,0.0005432999969343655,8.600000001024455e-05,0.0001188000023830682,False
20dcada87e070b8f84545167829a939d174ee9e6a5e5251879e63d5d0c2e1aaa,0.00044640000123763457,0.0005051000043749809,8.410000009462237e-05,0.00012109999806853011,False
73ae2389c403b0b480c5ee6ec764b4de638e66b683e7001da4efce014e667118,0.0006221000003279187,0.0006347000016830862,8.789999992586672e-05,0.00012129999959142879,False
70bddf1df19b4df3dfb16279c62de6aeb61504107899306f0dcbf2e2730c21cb,0.000414699999964796,0.0005526000022655353,8.019999950192869e-05,0.00012229999992996454,False
5fc6bae861a579b0b303642876e9868be2c63d6787a6fabff8049ecbe387d2df,0.00042379999649710953,0.0005333000008249655,8.739999611862004e-05,0.0001244000013684854,False
1ecae441eec22e7e1e6911f0910781e3a6f8fb9940baba74c4efec7c8b066553,0.00046039999870117754,0.0005243999985395931,8.679999882588163e-05,0.00012089999654563144,False
1e1130d38ba352fd515852cfae51fc023b68f2d05ab452a58a5c41d44cdc4f1e,0.0004273000013199635,0.0005388999998103827,8.630000229459256e-05,0.0001260999997612089,False
e94907ed12c4d14bf3d798fe06d394a97d680d14d38b8db0e68b60eda18f753e,0.00043000000005122274,0.0005935999943176284,8.990000060293823e-05,0.00012280000373721123,False
e98fd89f505c7a42fb5fd5abce1a64ee8cbdf008476003cb18f11dda0bd8d415,0.00043110000115120783,0.0005468000017572194,8.730000263312832e-05,0.0001205000007757917,False
e2081b6fe5c6b48375a95f71081825614b07c3f2a709b2f5b6b1b3f7144ce98d,0.0006326000002445653,0.0006377000026986934,8.680000610183924e-05,0.00012579999747686088,False
05d38e9fe230505c14a9157a9b8a491ae0f083e10198eff022deaacb607911f1,0.0004442999997991137,0.0005271000045468099,8.779999916441739e-05,0.00012579999747686088,False
7f25fab9b2a0dd97033bccd9e5f326893a3f0fad3ca8cc144090c7460f792df2,0.0004270999997970648,0.0005155999970156699,8.499999967170879e-05,0.00012759999663103372,False
464af7b8b5489e10aeb7b1b9e26ea7b0985495572e86b5fc8898c571e5af7ef8,0.0004398000019136816,0.0005268000022624619,8.630000229459256e-05,0.00013839999883202836,False
eced84edfcbf034a2ad6fb8e7f8077fa454ee6715b50967b86457046d2b33708,0.0004377999939606525,0.0005165999973542057,8.83999964571558e-05,0.0001227000029757619,False
acabfd294f4e0a11521b533f7ee87220b03af1b168d23e9f359f3a9cebca7038,0.0004521999944699928,0.0005645999990520068,8.510000043315813e-05,0.00011829999857582152,False
5cd3e2a34b944c7cae46ec16900f1370fe4a81ca07b116e194be366fadc580ac,0.0004287999981897883,0.000512500002514571,8.770000567892566e-05,0.0001188000023830682,False
642fef621da1bdabdd00b0d1c8c223f2c27994a2161933947aff9d5e3fadd2e2,0.0005535999953281134,0.0005807000052300282,0.00010270000348100439,0.0002533000006224029,False
95199412a6718fb9984cfaa2466e7564ea2293afd780ee64c3f8708b7aacbc1c,0.00040240000089397654,0.0005244000058155507,9.259999933419749e-05,0.00012289999722270295,False
697414703e35d5519235649748dabfe356ad700e60deb364a2818a59da16c187,0.0004572000034386292,0.0005220000020926818,9.000000136438757e-05,0.0001221999991685152,False
34528cd1c49f0ca01ef18f433698b88b002ee1e1cac89c6ae3729bfed4f64ebe,0.00041850000707199797,0.0005095000014989637,8.620000153314322e-05,0.00012010000500595197,False
345657a0a04da884eab4060882f4f5422e7e6c232a9d986b793103b84a8aab6f,0.00040249999437946826,0.0006060000014258549,8.719999459572136e-05,0.00012119999882997945,False
03077efcd90f64ec8b517fddf4fe4def060746683bf73928a8f3a7da81e4bf18,0.000465600001916755,0.0005250999965937808,0.00021879999985685572,0.00028790000214939937,False
b5c14d5758fe9c7ecae78920b4e441e417f8d763293d328632ac5314c89ae627,0.0004345999986981042,0.0006073000040487386,8.480000542476773e-05,0.00016569999570492655,False
e97f8a440238ca493c572778ddc810c236fe517a64be59b42137ff22745724b4,0.00046660000225529075,0.0005236999932094477,9.429999772692099e-05,0.0001205000007757917,False
1ea1fde6bd48bb2d7fba7b4c50cf2d9b421a0f7c65c0c77b5ca363ac05152b8f,0.00042160000157309696,0.0005431000026874244,9.069999941857532e-05,0.0001269999993382953,False
6311c36b4e1d0fc273311a86afb41362c8e1609ba9507e5b7b3dd6ae24c309da,0.0004340999948908575,0.0005467000009957701,8.600000001024455e-05,0.00012119999882997945,False
c1176353cc0314b42e06c71f9587f6347a2828cbaa2865feee40971ca7547718,0.00041819999751169235,0.0006168000036268495,8.830000297166407e-05,0.00013250000483822078,False
ba143cd60eb75628b1ba2f9dde4a1f837c6a3e60b0c24448ed630c10655e9cf8,0.0003958000015700236,0.0005381000009947456,8.620000153314322e-05,0.0001230000052601099,False
0f56646a14cc708c4dcd51250ad32d26a3aa9d4a185959000abcd0743aa95bd9,0.0004107999993721023,0.0005536999960895628,9.010000212583691e-05,0.00013010000111535192,False
a1a5696bc58acc5ebb8419d0069cef5a98fe9dcad0494205865d7396722905cc,0.0004284000024199486,0.0005387999990489334,8.86999987415038e-05,0.00012520000018412247,False
752207e29d8ec41bd4da88c051cc2266edafc28c8c5ea4fe091b8e68eee118a7,0.0004154999987804331,0.0005420000015874393,8.420000085607171e-05,0.0001201999984914437,False
de8936e8dbe34fa957efcc7e596dc9a3a02ee6d05411bfb16c885e813d117ae8,0.00043390000064391643,0.0005017000003135763,8.449999586446211e-05,0.00012290000449866056,False
a4f2285ce37d334468edc8175ce6fbf8586aa485dd3e9fe044f2b3076e6a035e,0.00045730000420007855,0.0005808999994769692,8.639999578008428e-05,0.00011749999976018444,False
b6077fb9fcf74bab6829d28b097e88536269a0947a13e80246af669aa25b25dc,0.00043559999903663993,0.0005231999966781586,9.480000153416768e-05,0.00012080000306013972,False
b220b245afc42a4ea610bf2d783bad3a2fca6bbad94234270458ab5767151ea0,0.00043730000470532104,0.0008920999971451238,8.739999611862004e-05,0.00011929999891435727,False
894492b87f0c7f1fc721ecf08b3f32011cf529ef0c3bc3135fc92b619705766a,0.0004267000040272251,0.0005282999991322868,0.00013590000162366778,0.00012250000145286322,False
af7037fb6c98867fffb55393c22f7f3749bd2bf658990f7e95331a7db7d50b5c,0.0004976999989594333,0.0007627000013599172,8.579999848734587e-05,0.00012450000212993473,False
a75470f65603409d567a537637e920f6ee567e7f8f593214f5b3df41478795d3,0.00041539999801898375,0.0005273999995552003,8.939999679569155e-05,0.00012280000373721123,False
f19dac2653169e9fe36d5e14850527afc9feb10016246b6f9ac96a913c62554b,0.0004530000005615875,0.0005471000040415674,8.789999992586672e-05,0.00012350000179139897,False
2de888a880518448f9b6e4522c53b79464272bbf51597f79bbebf6ca21f107fa,0.00041110000165645033,0.00050560000090627,0.0001036000030580908,0.00018679999629966915,False
53a4a52426ab892d7c9ed2982bc7f0b20aeb3fd19203e3a4214235c945bf9ef1,0.000567600000067614,0.0006503000040538609,8.86999987415038e-05,0.00012180000339867547,False
8e150ce6c83b9ac2543f6591be707e526d6d1e0c77b9d43653506809cda35c5b,0.0024505000037606806,0.0037683999980799854,0.0003966000003856607,0.0004468000042834319,False
d0e3cd017c1ba7c50ad2c11b932bb2e4f3306ae606d013e9840dd6eae234f8bf,0.0023011999946902506,0.003921499999705702,0.00043420000292826444,0.00044320000597508624,False
eb6c0b9a9966ac20f3310d9057051bea8f519a80f46c9fa106a20e3b819ec8ce,0.0023904000045149587,0.0038226999968173914,0.0003786000015679747,0.00043990000267513096,False
d7a832d5a04ba63ec716b2f87d80f6415afe16f85cdff33b71634be0b5713e97,0.0025964000014937483,0.003964299998187926,0.0003832000002148561,0.00044120000529801473,False
df3941ce921ae8733ef008a4800d2a1321945bafa40a4c45bd3f301b61e0758a,0.0025615000049583614,0.0038270000004558824,0.0005680000031134114,0.0004971000016666949,False
6c4377b741eeb25fb7e5fed6c6a9bd6c7fa4d4a69b8ad0b5e0a9cec10503accf,0.002100300000165589,0.003918300004443154,0.0004920999999740161,0.0004349000009824522,False
8d08a867735973a7a9a84f999edb6a8633ccd9a70e242b9ac5bf26bcf84a8a17,0.0023236999986693263,0.0037874000045121647,0.0003727000002982095,0.0004521000009845011,False
c9d3427b88e3ddb8ca940aeb52327735cc85ac9e4e88a0a740f505c95daafed6,0.0025400000013178214,0.00367769999866141,0.0004544000039459206,0.00043149999692104757,False
e7aead728a43d7163c3bda71512b81c84141cf793442d25d6feeed0e938f8151,0.0022881999975652434,0.003998400003183633,0.000399799995648209,0.000497900000482332,False
dd6279a13a29f0d4328ddb8d336ea3f3561fed41f7854bf40ce4d138fe1f4533,0.002497399997082539,0.0037580999996862374,0.00038130000029923394,0.0004588999945553951,False
330804f1656b0026431dcd6fb94f2be5f5cc652eb351d9f8c2214aa96dce818c,0.002204899996286258,0.003860600001644343,0.0005404999974416569,0.0006880000000819564,False
9a1f72f441d37344ee77436793ccc8f4e430c52f417c70d9e02b02e262ab297f,0.0024062000011326745,0.003846699997666292,0.00039619999733986333,0.00045200000022305176,False
ae3866a29a1b2135d1b6bb20232f257bd879a5c0f0019cd392087106a04ad94d,0.0024231999996118248,0.003911899999366142,0.00038839999615447596,0.00045060000411467627,False
0ab85ade608a7669fdf2101c2d01819e2c7775587172c2abdc294ea9bee80904,0.0024029999985941686,0.004031399999803398,0.0004799999951501377,0.0004408000022522174,False
53155552bd66f689d8a42b9f5e3d38d01e8f70b4dc7cba8bb7cef0255a875373,0.0023691000023973174,0.0038750000021536835,0.00039819999801693484,0.00044779999734601006,False
f66e180a2a801ca944647fb74cb31e6e169ce4b005ee5891083658c3c84cd763,0.002110800000082236,0.00405260000115959,0.00039290000131586567,0.0004450999986147508,False
13e0fdf46d1c33ed83238e5c11016d22c21ca04e192125eeeed6e87cab9795d9,0.0026560999976936728,0.004884699999820441,0.0004059999992023222,0.00046909999946365133,False
0d6cd98a48f7af33dbefbaefba69bb8db82dd3051500b7df3910a883f6d7c837,0.002492899999197107,0.003956400003517047,0.0003939000016544014,0.00045429999590851367,False
7451bbc1de4fcb67c7f1a8b8a54aea559fa932b04b30155a3c5049b312ecd8f2,0.00264949999836972,0.0038340000028256327,0.0004063000014866702,0.0004394999996293336,False
5654c71ecaaa03c777bcb3d95130f3139c096e759b1eee565f1f3304f0173f61,0.002466999998432584,0.003907899998011999,0.00040159999480238184,0.0004549000004772097,False
2f398dac09d3e9152eb24d0eaca8f40be4ed1848aaf77f6ea112fdd9f269d168,0.00224280000111321,0.00395330000173999,0.00037879999581491575,0.0004315999976824969,False
45a0433973f1fa2e49acf8e8f2160f1a00367bdec35c01f48ac7a3f99d443d77,0.0025647000002209097,0.003713699996296782,0.0005476000005728565,0.0004365999993751757,False
283914b9529c4a637529562b8facb41bd187d8ed8ae93bb7d1bd1f29580e530d,0.0023633000018890016,0.003801699996984098,0.0003991999983554706,0.00041930000588763505,False
278fd047f5ad28582c69981dddd69f541eaf37e5de01381a711e15d92ff14402,0.0025528000041958876,0.0037478000012924895,0.0003766000008909032,0.0004411000045365654,False
f80a3520ea5a5431765b025f94e5dd79d01821f9fc37608f369deecb20707c3a,0.0024694999956409447,0.004180900003120769,0.00038240000139921904,0.0004282000008970499,False
f818be557fd96b3df59630d8174bffe17777a038799a3b440f513bab65ddfa2c,0.002158600000257138,0.0037731999982497655,0.0003932000036002137,0.0004535999978543259,False
ef06b5915dd00b31d63e111a8a1d399607be3f6127d3828afe128a2fd0931066,0.002408200001809746,0.004095999996934552,0.0004797000001417473,0.00044320000597508624,False
5fc0495410a32f88160847a26dcd25d391892629b74aab8e765a823108853353,0.0023853999955463223,0.0037148000046727248,0.0004341000021668151,0.0004504000025917776,False
aa882bafe4e4688c691b73ecf547457f9a29d9d47104dd1b0303479ef7062195,0.0024736999985179864,0.003788199996051844,0.0003819999983534217,0.0005287000021780841,False
83bf2938451e85b8a58830fb1e7d6c508865525acc1aedbd790ded1af2d929d3,0.0026561000049696304,0.003808299996308051,0.00038749999657738954,0.0004717999981949106,False
2eef594de1241494cf2f4d0edd5b7fe6e67ff92b279624aa8e473b0de7f0d0fa,0.002228800003649667,0.004038200000650249,0.0003856999974232167,0.0004428999964147806,False
ab34d84df3e2ba7b09bdd29910e260619de5b1a86fc19c088a8c1fbe8fcc94a7,0.002507299999706447,0.004498200003581587,0.0003977999949711375,0.00045700000191573054,False
7f4acb59074b3623c9a3aa52e0574f3314862dc72d1726a648dee62309a22643,0.002587100003438536,0.0038155000002007,0.0003851000001304783,0.0004518999994616024,False
313b45cd84ff84fb87841c229f005b2b917be38abe3c762d8524587bfccc66d9,0.0025067999958992004,0.0041302999961772,0.0003953000050387345,0.00048069999320432544,False
5c9148ae4d2b4d6b4f0e18bae7d20184b09cfe3ba14e776aad8f8888b4b2c0e3,0.002311700001882855,0.0037389999997685663,0.00039570000080857426,0.0004504000025917776,False
9a393b7d5bb2b157282c0ffbd4c882b77ce158f8ac7833cc3c7c49fa9a9e8449,0.0025724000006448478,0.003934699998353608,0.0003694000042742118,0.0004369999951450154,False
55cb5965498b50593928bad95786afa244b43d6ad7c31c041f50a4964c8d5091,0.0025729000044520944,0.0038267999989329837,0.0004214000000501983,0.00044299999717622995,False
9f9e0fa075a13434aecad50f9fa8bac326313328779eb128c2b4261e96349eb0,0.0022745000023860484,0.004037500002596062,0.00037319999682949856,0.000432399996498134,False
138184357eed5d231f18fc2ba76a2d6b9182b1f5b16dc180ca08d9fe43b41f96,0.002435700000205543,0.003936799999792129,0.0003941000031773001,0.0005057000016677193,False
f4fe9ef3fe1ad1a884d4817a9b93564bdc3a66be01a022de7ebc6705bd4ca6dc,0.0023024000038276426,0.003997100000560749,0.00037989999691490084,0.00045559999853139743,False
90b0bfc48552e935e0e775abde1acdf68cbed8c8c5e860ef4978fca0e30648c3,0.00231280000298284,0.003889999999955762,0.0003673999963211827,0.00043710000318242237,False
25cf0fcb61ba2d958167c2ace4a969de89b63902e53416cf5c58ea96279192fb,0.002483399999618996,0.0039079000052879564,0.00037600000359816477,0.00043870000081369653,False
59c11d9fc1f8de38b2f12ba27c5226295d1476efd02255296a9075dcd47134b3,0.0022033999994164333,0.003984299997682683,0.0003732000041054562,0.00043089999962830916,False
55d27bd1e5f904c84ff8d376adfddce4cc7f351ddf6cfdd95bb6cc1f48fee626,0.0023182000004453585,0.004395100004330743,0.0004484999954001978,0.0004467000035219826,False
8c19c45f9a24fd51524772707b55dc045af5e2963e24d41d23e26969b3ba2cd5,0.0023326999944401905,0.0038230999998631887,0.00037349999911384657,0.00045089999912306666,False
e12a7a7d40307c066afc48f0b753c500bf60cffcc10c1291e03eca7be50a117c,0.002413000001979526,0.004236299995682202,0.0004512000014074147,0.00045369999861577526,False
643ac5a3477ba5730a9bb882e058822160b0891d5af94df814a06f8941d142e6,0.002576599996245932,0.004215900000417605,0.00037650000012945384,0.00045980000140843913,False
4c07a870453b59e33dd60a1bdf86b420d8e2030b6eac1fffd3ef4b0e01256f1d,0.0026852000009967014,0.004725700004200917,0.0004938999991281889,0.0005627999998978339,False
8acbdc8599ee98ce7236988d9cdb6de108e5f7abdde63bf80cbe5c7ef290de10,0.002380099998845253,0.004057899997860659,0.00039039999683154747,0.0005220000020926818,False
d9e910017a0002668f6e5f46ca57f1e7161100013440f2f55d55b4b491ff00b1,0.0024084000033326447,0.004434700000274461,0.00040749999607214704,0.0005253999988781288,False
eefc3abe2e2cf0af410c93c58e78516b67a08383df434bbbff3cc125d8d6ca16,0.0027446000021882355,0.00438659999781521,0.0003798000034294091,0.0004450999986147508,False
da2d291f7502e6417782ceeb4c3c6fa38d3a102204fe634fe06039c8ac03e494,0.002551800003857352,0.004167899998719804,0.00040689999877940863,0.00044440000056056306,False
d0a4350472461d1366147c4422d90115efcc90958a773689cb09019f91a21a47,0.002540699999372009,0.00423150000278838,0.00042209999810438603,0.000454699998954311,False
42195fc574544e7f6ef6bdc25ec97eccb523af052d7e8d2fc9e940537483a6c1,0.0024384999996982515,0.00432330000330694,0.0003862000012304634,0.000447600003099069,False
802303f716131fc3f1e8cbb91a2cbf01885757dcac6ad331f92eae6248eb266a,0.0025341000000480562,0.004240300004312303,0.0003782999992836267,0.00044320000597508624,False
89c4d108cab3d47abde4a0b4096624cd22faf5256c841b7d3d86d382a7b52298,0.002555999999458436,0.004524999996647239,0.00046460000157821923,0.0005718000029446557,False
389c03626352aa83e3116a82794cc3dca8f14e237408223d6d8b5437f402b784,0.0029404000015347265,0.0044352000040817074,0.0003904000041075051,0.0004789000013261102,False
8c52c14f0124dfb55b3af332fe0f11fed1bef22eb9e66dc9732a9b37f179c181,0.0025180000011459924,0.0042018999956781045,0.00046839999413350597,0.0006122999984654598,False
2cfea6c286d24d97f9337611f19e41f1d437ae33fc04d9b8a2f8d7a51f47c751,0.0027755999981309287,0.004408699998748489,0.0003859999997075647,0.0004864000002271496,False
0ea8b2fea6b1c02c4d1c70c2a1a9e236f390851baa94518ce0a4287dedc3df86,0.002511500002583489,0.004442000004928559,0.0003829000052064657,0.0004639000035240315,False
5085c8192e6fe8f29e34b5cba010a9ebc17c4cabf6212535feccc97b61b6d612,0.002743599994573742,0.0053377000003820285,0.0003749999959836714,0.00044499999785330147,False
bc948075a0ba3539b87f094a11876230a591ae09421e734a35c192ae1d972be9,0.0028655999994953163,0.004340700004831888,0.0003845000028377399,0.0006024999966030009,False
afe10d1f1f4cf66ca792b793863c72974dc2146511cbe325925214bdd53af8c7,0.0026416000036988407,0.004257000000507105,0.00045810000301571563,0.00045039999531582,False
2228c621f810fb23ad9777346ab290e721fc3251dcf3d7ef06731a6b0b186cdc,0.0028003999977954663,0.004192699998384342,0.00036660000478150323,0.0004388999950606376,False
1b63e12af75b914a1aec05c453507ccc1227a983daa93d8c5fbb0bbc9966e587,0.00258649999886984,0.0044610999975702725,0.00040779999835649505,0.0004465000019990839,False
1b3d031dafcd57db94f69d96ab35aab5d55a499e9549c5b5a21becc7076e144e,0.0026683999967644922,0.004433499998413026,0.0003958000015700236,0.0005191000018385239,False
bfa4a9a2bb191e45957b1879d83d921a88297eca3d9201d0927837f4d69b4a0e,0.0027677999969455414,0.004393600000184961,0.00061450000066543,0.0006039999934728257,False
436e82a4d1766982021d7e872d3e1e02b148c3ecc1bfc531857faa634d46fe6c,0.0028323999940766953,0.004545699994196184,0.000385600003937725,0.000462200005131308,False
86949a141a05ef99788735bd3f385c23e4ecb7827b4f0350d3cd1ffae91bbe26,0.002845900002284907,0.0042945000022882596,0.0003825000021606684,0.0004518999994616024,False
3adef89ca318fe5c17897dd9a147f740b86fad4e23f03dbcaa01e50259508f59,0.0027303000024403445,0.004357800004072487,0.0004189000028418377,0.00046430000656982884,False
dc98c9afd31848b0fd65746d489062dac8ddc3db724f18b9b7fc343e08a996c4,0.002689799999643583,0.004919500002870336,0.0004893999939667992,0.000608200003625825,False
1f566299cd46a99054eefef8ab3130006096350e3ab015f50f3747f5e4be147e,0.002844599999662023,0.004549299999780487,0.00039290000131586567,0.0004704000020865351,False
9fe24c666413ba357a7a6107ccaa10a62aa03936582bbdb3f930a43623b5ffcd,0.002733799999987241,0.004670100002840627,0.0004026000024168752,0.00047089999861782417,False
9815be8f000905e3b364edcd393d170ae3834b83b4f540f9563a2b8874417885,0.002794799998810049,0.0042784999968716875,0.00040750000334810466,0.0005504999935510568,False
27c4d6dedafd356f0656391fc78635d6b6021b7bdb64cbfc464b3307021fd36a,0.0025161000012303703,0.004437499999767169,0.00037770000199088827,0.0004470999992918223,False
af3c9e36706ead517251725896cd0eada82d742f9b88a2a1597f58ca4b09fa62,0.002520300004107412,0.004537599998002406,0.000374099996406585,0.00044409999827621505,False
8834d1619c4b570e0a6a7faeaa52caad7c1273bfe0b69bd7b005031fa6e1b430,0.0029639999993378296,0.004765199999383185,0.00037739999970654026,0.0004382999977678992,False
8d20ca7a5c9d428f1e849f5c6648e6f184c3659d8da4df1c771757c9239125bc,0.0027568000004976057,0.004461300006369129,0.00038050000148359686,0.0004676000025938265,False
6b16220054cad747b14f0900a5cdccfa29ee5bad7b23c45d6213ce074b144bda,0.0027341999957570806,0.004496800000197254,0.00037710000469814986,0.0004565999988699332,False
04229dd2a03b08da57c6d06371295be9d828ef5577a24c616a785f36897781a0,0.0025371000010636635,0.004301600005419459,0.00037420000444399193,0.00045650000538444147,False
d03d34deffefb9aa70700bc86083bc0f64aa6611a0aa095b41c47095d5798045,0.002574499994807411,0.004351600000518374,0.00045449999743141234,5.4700001783203334e-05,False
8d16972458ebfc5f5dccafb606acccb86f6fc1ea55a8d038f4bddba9e5fbc2f6,0.0025946000023395754,0.004411400004755706,0.00040580000495538116,5.749999399995431e-05,False
5ff162bc7b34f341a4061247c2042008048a4a28d59b68da8bffc02f573a76dc,0.0027685000022756867,0.004508099998929538,0.0004062000007252209,5.480000254465267e-05,False
ba84af3f5aed3ced9ea333ccdb4f170d7d2054d303ce493d6b67aafde756a868,0.0024854000002960674,0.004612699995050207,0.00041059999784920365,5.509999755304307e-05,False
82435fd592f63c8ba68567c5df7f6b55b649fb3ab332fbe9a0fdc5db567fa207,0.002478299997164868,0.004353500000433996,0.00040189999708672985,5.490000330610201e-05,False
9263a6cc7a1ad79ba6c69d1902b506829abd25ec646205b54e3c1ebf9a523962,0.0024582999976701103,0.004504700002144091,0.00038949999725446105,5.4600001021753997e-05,False
128520ac1b27fb754e61a8ee3dfa46e25893661972c80c4d548ff47520a9a5ad,0.0030115999979898334,0.004485800003749318,0.00041259999852627516,5.439999949885532e-05,False
b62d61eb65316ad34c739ee40f60896efe259eebde34a4a1542c958a0bc1ae69,0.0024619999967399053,0.004549400000541937,0.00039339999784715474,5.300000339047983e-05,False
663d491587ce8fd9bcb5a789a76a9bc730c3890367de0f266f3bee0fab9f23f8,0.002508799996576272,0.004473000000871252,0.00040219999937107787,5.409999721450731e-05,False
1559f7540920c6ef17620ac7e709f2928989e2b999bc06a9b7fbb5ba47382474,0.002591600001323968,0.004358300000603776,0.000486999997519888,5.7600002037361264e-05,False
1a39e8693c3e11287a3c01ad82ff1b2dc74b314fcca948ea09df5465a5fc48c9,0.00299799999629613,0.004435299997567199,0.00040359999547945336,5.4100004490464926e-05,False
2eec094c98e0702cf252884b8f3a215d9332ded5eef0085f9ee39282ce9591b6,0.0026596000025165267,0.0043017000061809085,0.0004043000008095987,7.429999823216349e-05,False
54732b757ab1a03f50869935185f3ac3e35f431c7c90e7cefc6462680141922f,0.002691099994990509,0.00469629999861354,0.0003974999999627471,5.4600001021753997e-05,False
5078acc8bf86299e432cffd2ed24099f3245525474a55ca282a92ceabb159481,0.0024919999996200204,0.0045802999957231805,0.00040889999945648015,5.2600000344682485e-05,False
708eac281cf352ebfe173836bbe6cd8698a46e55c2665c9bf4ed059b0e5eb8d3,0.0024869999979273416,0.004463400000531692,0.0004518999994616024,5.619999865302816e-05,False
7bad5d39cf9f08fc0b655ffb9b726cf5ed6fb1d371a546a6de8923e0e8b5fde8,0.0025584000031813048,0.004452099994523451,0.00043310000182827935,5.129999772179872e-05,False
43dd66df88bd13a690baf3314a941f8e36867f709dcde24033d97b8877feda3d,0.0024728999997023493,0.004450699998415075,0.0004023000001325272,5.370000144466758e-05,False
58ed680881646ef417dfa39db134d1ad95a9c59af11ee9e98a280293e9d80c32,0.0025239000024157576,0.004389000001538079,0.0003884999969159253,5.2900002629030496e-05,False
77c276a454c4e4ef9341d83bfe4a26484bc3f3278ac1bea9c3ba18eb46b5a8d6,0.0026746000003186055,0.004363899999589194,0.0004168999948888086,5.520000559045002e-05,False
fc59efc05a1416fa0d91b2398a64d603d0a73b82fb9034661d56a908466d782e,0.002447899998514913,0.004459799994947389,0.00043169999844394624,5.439999949885532e-05,False
29483fe0f7fafa35e58a73cfa3c4a05eb4e2ff8f859764b09f48ac727878cbdc,0.0025221999967470765,0.004747500002849847,0.0004101000013179146,5.329999839887023e-05,False
570b8bf7147776bffd1bb4162d94919ec05183d1616950fedc31ad501c347cac,0.002481600000464823,0.0046674999975948595,0.0004087999986950308,5.459999374579638e-05,False
02e3d2bde105448c29aeb8f6f595f5fe4220bd405a6c620c1943f1cc4d2722b6,0.00253280000470113,0.004677700002503116,0.00040520000038668513,5.750000127591193e-05,False
161fb0fd47d0b2206d40230adc7d9c3cc271c4013d79de84c379412cf18f76a0,0.002497200002835598,0.004469499996048398,0.0004158000010647811,5.509999755304307e-05,False
a8a895a5a27f20e60f615c64ff9da0b538817024d30a3ffd6aa93f3f8fb0cda5,0.002397900003415998,0.005217699996137526,0.000396399998862762,5.070000042906031e-05,False
4da414a4d583f98dad6ab310038379a37a9990be48bc130540dd721e5ee0a035,0.0023789000042597763,0.0044797000009566545,0.0003949000019929372,5.4600001021753997e-05,False
8502806ea9a86a2501948c5c0738f4e444a5deb865923199353c190e5886f123,0.002546199997595977,0.004207900004985277,0.00041090000013355166,5.3499999921768904e-05,False
e29dec923d4416e0ad20ffb142051e76757504a347a101d83588d3ddd2709c2a,0.002468300001055468,0.004394299998239148,0.0004126999992877245,5.2600000344682485e-05,False
5e571974c3230bc135c3670e0396a2d0c24a1b96d28b565358699d1b900afc23,0.002520199996070005,0.004281800000171643,0.0004008000032627024,5.4899996030144393e-05,False
5c61f43aceaa59c8f24fec153cbf0dc823f9db73fee5bb772213a6cac73c251d,0.00253540000267094,0.004418299999088049,0.0003956000000471249,5.389999569160864e-05,False
f23250005866307f1386ce41ccd0b23278d2ebcc9486d60dfafbb873c9f3c6cb,0.002697299998544622,0.0042860000030486844,0.0004071000003023073,6.320000102277845e-05,False
c62d73477a0bc39cf85cf8dd851a8618c53620f658659c87561aa272ef68e776,0.002413899994280655,0.0044973999974899925,0.00040190000436268747,8.07999967946671e-05,False
5b08ef081a5759a371143d6e0401294c8fae40253acaf633c8f53e940d702a5f,0.0025139999997918494,0.00441300000238698,0.0004064999957336113,5.680000322172418e-05,False
ee0eb275ce160dd47b6d2262f23b2a82c5629def2289390a8d10c947ce966469,0.002520499998354353,0.004266099997039419,0.00039480000123148784,5.20999965374358e-05,False
6b2b352db82054eb7c6aade353d30b0a57f988ddf9bca90e58ad4daa7803544a,0.002698100004636217,0.004600300002493896,0.0004050999996252358,5.4700001783203334e-05,False
8b3569b61ac0aea6552b65606cdf27d7ad263fb9097165edc98f51ede0fda96f,0.002656399999978021,0.004402400001708884,0.00042630000098142773,5.4700001783203334e-05,False
cef5cf826a072c17018f2e4730bbb7601e26e3cbc421813e53eff0e0a79fb4ec,0.0026889000000664964,0.00440589999925578,0.00040440000157104805,5.3099996875971556e-05,False
10c4f4777ceb04d9f3af34fe3ce755a385f15fdf387a5d8e0a47634fee76fb0a,0.002565999995567836,0.0046435000040219165,0.0004833000057260506,5.259999306872487e-05,False
9b3c6be528c48010d48c6a075ee2f44df49ba4e0b52631470e5f9d91ca94d108,0.0026124000069103204,0.004414700000779703,0.0004034000012325123,6.98000003467314e-05,False
f774f7a4939c6f6554d7885db6dea9bdbec482cc7e6312bf67c65abb726636a9,0.0024792999975034036,0.0044826000012108125,0.00039230000402312726,5.339999916031957e-05,False
ba55a297f2627e2376a883b2243e50026afb8fc0b9ab136b5432c29a7e85489f,0.0025089999980991706,0.004687500004365575,0.00039509999623987824,5.2600000344682485e-05,False
470fd07a0cd2432ec362c33f27eb2330e4659b9525d91d9390f9ad579a69d6a2,0.0024704999959794804,0.004374099997221492,0.0003905000048689544,5.439999949885532e-05,False
846bd0bcb3b87c6d249753152c1b1bf45815660c22f01e4f8f48824f93fdd929,0.002656999997270759,0.0043990999984089285,0.0003904999975929968,5.480000254465267e-05,False
02bb2910986a626730e850937bfae48afd5f5c35def1468bdf16bf05cb732eee,0.0024693000013940036,0.004345699999248609,0.0003919000009773299,5.329999839887023e-05,False
821818c927c169b11e46c42050e91a07be4b2b5f309b345dc8f5a57ffc738d38,0.002664100000401959,0.004562499998428393,0.00039120000292314216,5.360000068321824e-05,False
1898046addcc9c28751c687de622c957736e0f6dd8878445bfda9e79438e2297,0.0010492000001249835,0.001637599998502992,0.0003479999941191636,0.00022149999858811498,False
b0f7b421732450f82161a234754b55c618857b33b1d0a24b745a2b3146e5bcb7,0.0010114999968209304,0.0017106000013882294,0.00017769999976735562,0.00021520000154851004,False
6d9fae8c141158e4824f13a336f2506d2930faa95e1aaff9038c65c336a95dae,0.0009693000029074028,0.0017408999992767349,0.00019830000383080915,0.00022369999351212755,False
1d5b1ca4e7a17af518d5f21fb2aa5d40405ce6dbb5ef1aca88c9f1c974d84c20,0.0012949000010848977,0.001666000003751833,0.00017829999706009403,0.00021570000535575673,False
263eb4d6a6796b83e987e69626fbe918fd9e9100bab3985313bb015878d28fa6,0.0011217999999644235,0.001631999999517575,0.00017529999604448676,0.00022130000434117392,False
cac15bf22ba3143704cbf7000deb1714fd6d0c67cc3916217035751ef482cc32,0.003264499995566439,0.0053590999959851615,0.0005070999977760948,0.0005625999983749352,False
b367c9c9ab45f4b262d237b4c2402ae0a14b5ae932d6d02845355756ccafb962,0.0031567999976687133,0.005788000002212357,0.00045840000530006364,0.0005358000053092837,False
cebc1571252c8d12ed7924fd6908d4f9ebe2db769b10a2b6e75d8f00b70f2875,0.003543499995430466,0.005726900002628099,0.0004470999992918223,0.0005114000014145859,False
7bff84fd1338766ae043b5f283309c330fa475a5becd927a51fef53a9edbd18a,0.0033257000031881034,0.00532050000037998,0.000476399996841792,0.0005028000014135614,False
682b279e8576283a88bc053290095b0cb597cb089b62e29beabddd5c419045c9,0.0034137999973609112,0.005720300003304146,0.00047259999701054767,0.0005051000043749809,False
2fddc07fabce45cb3abf4ddd4f07ed742cf127bf5d1a9ded7d2a09093be92406,0.0011928000021725893,0.0017201000009663403,0.00016709999908925965,0.00020599999697878957,False
27a31c081ee3b0d22537863fa0576886c73fa621f988449da6130cde98b146b1,0.0010735999967437238,0.0018763999978546053,0.00016280000272672623,0.00020699999731732532,False
c4441486fd67b83b31119041457e2ab432e1538c7ac9d59dc98019f4dca78f45,0.0013064999948255718,0.0018730000010691583,0.0001649999976507388,0.00020140000560786575,False
b7dd9b0bb752e3c820ccac422c8460046b59849c96733764e9e3652297b7ff84,0.0011654999980237335,0.0017470000020693988,0.0001652000064495951,0.00021240000205580145,False
fb68ff830db8a00ce1d3a855f736b7274555db09f9fbce0222d525473686277e,0.0011163000017404556,0.002081800004816614,0.00028839999868068844,0.00020260000019334257,False
a59e22f91b0dd6e05ac1debe117ed375dac671336a73977e95b4bf889a10c107,0.004615000005287584,0.00806360000569839,0.000662800004647579,0.0007353000037255697,False
07c5fcdef4688ef1de90c1bc5cf62f17d808e2e3b663e55403272a3c81ce343a,0.004770600004121661,0.007747700001345947,0.0006472000022768043,0.0007361999960266985,False
767b5d6351eb1fe601891cfc47fe43c413a08c436ef0d9f26611610d6fde636a,0.004548699995211791,0.008497599999827798,0.000683899997966364,0.0007392999978037551,False
f15e510b5408c7de2036bdd74a331d1d26a846f5a3e0063223b9a2b9111dceca,0.004801100003533065,0.008350499992957339,0.0006587000025319867,0.000749299993913155,False
2cc9a5be07799f851c48b5683218b2ea45527033a099ad0464246b0e1684aaa8,0.004486199999519158,0.007749399999738671,0.000654499999654945,0.0007186000002548099,False
3a890328a6c4510a3d90f33d77e3701578f5d5570be96400c82eff99e4c74c05,0.0009516999998595566,0.0019295000020065345,0.0001587999940966256,0.0001973000034922734,False
a580290fdedaf0167235aa35de9ddd206263b4249fda4779b585a17d10abd08c,0.0009897999989334494,0.0019830000019283034,0.00016150000010384247,0.0003245999978389591,False
10f47e1cffcee3bbab53662be9568a15fae135b27d6ef088f4ae4d7a44de60c9,0.001120299995818641,0.0015814999933354557,0.00016009999671950936,0.00019950000569224358,False
e912b56d93f4a8617d8b68cf970975096549b6249badc6c57d8f4c6bef7c94e4,0.0011834000033559278,0.001604500001121778,0.0001579000017954968,0.00019690000044647604,False
f5d50b952240cc20010db2138374560d3b17ea5ff1298496a4d345a87cc0339e,0.0010694000011426397,0.001679699998931028,0.00016139999934239313,0.0001967999996850267,False
7598c288755af09403fba675d730df5b54b1ee8792f65c952ddafe040de1a1a9,0.0031173999959719367,0.004899400002614129,0.0004161000033491291,0.00047980000090319663,False
c09fd185f69c78c60c5ca58bfa5fc9efd07d38420ff51e47218b78dfff7e6be6,0.0030287000045063905,0.005270500005281065,0.0004397000011522323,0.0004861999987042509,False
9bc16d3705727e289c0635548f2acb93391cdeb54ebc1726f039654b4945b491,0.0029959999956190586,0.004929899994749576,0.0004174999994575046,0.0005163000023458153,False
13723e3fef6a2f82acb6bdacab23c93059dbf5e8f38ea5c04fc2d4b454073890,0.0032472000020788983,0.005134400002134498,0.0004155000060563907,0.0005752000070060603,False
4e9063f144d132125c1bde582cf9bc23592cdc20a4df21932ef3bbce82e0dc0a,0.003114899998763576,0.004711699999461416,0.00047730000369483605,0.0004867999959969893,False
61ac72fef4b1736ad96749c5bcf816d0752b2820f3d8cc3f27c1e479eb46bcd2,0.0009764999995240942,0.0013249000039650127,0.00015040000289445743,0.00018229999841423705,False
65a1306dd8aa6a5b99a12c940a801acb6d1050947669557552a7f89f4b265907,0.0008622999957879074,0.001647700002649799,0.00018490000366000459,0.0005103999938000925,False
9d75c1a19f741a09494cffa508414b093876b0cc614aaaabf6d6067cb444b227,0.0008796000038273633,0.0014642000023741275,0.0001508999994257465,0.00018529999942984432,False
c874da750a892a62f96452bd9e6b1560de0219003292e869b7deb748f0be58c5,0.0008658000006107613,0.0014711000039824285,0.00014840000221738592,0.00019829999655485153,False
c52d696e9656641f9ac2077a0c49017f7cf05608ea759e3fce2dfe1c7c8fb614,0.0009079000010387972,0.0013380000018514693,0.00015380000695586205,0.00018570000247564167,False
c9677ea1e86d5dff263be7ae48b89eac1de3feb581997c2d1cdd39b7a032e456,0.0027313000027788803,0.004492500003834721,0.000450999999884516,0.00047500000073341653,False
bb23fb5ee071783dbd05f6c0b68994ff553b6f1c9be1b91b159fb98de2b5345f,0.002726099999563303,0.004767599995830096,0.00041090000013355166,0.000466200006485451,False
65dc3fa70b7a640b0028c4452ee204edcae123e783672397204b9a5aa4865bf4,0.002819500004989095,0.004694399998697918,0.0004211000050418079,0.0005951999992248602,False
e23970910f56b7a9d2ecb21141ac5ba5113d5c04424d6d570e744269c861f1ba,0.0029855999964638613,0.005067100006272085,0.0005089000042062253,0.0004816999935428612,False
3c986eacb635e79f51ac8853d45089a442fa7f8c8895564cbe710f54ab1f9de1,0.0029970999967190437,0.004660500002501067,0.0004231999992043711,0.00045400000090012327,False
b33b8e586ba5758514ee549d18e281ddb3b8851238f4b7b5794d0c22a0305cf7,0.00042749999556690454,0.0005390000005718321,8.489999891025946e-05,0.00012029999925289303,False
786d4ecbe6ab6b41a2d4a4697906a14dc5d767153d166540bd7e15233764940d,0.00038080000376794487,0.0005376999979489483,8.629999501863495e-05,0.00012170000263722613,False
16e2b4d1cb49648a01ad0300489b5d8f4ab847d39540aaf77f1b3f865d7f2dad,0.00039789999573258683,0.0005288000029395334,9.690000297268853e-05,0.00012369999603834003,False
7b33c7e5c6253291a4c6c56d902c72197c8e4a29de1a5a7fcb411759fb381f33,0.00047899999481160194,0.0007495999961975031,8.710000111022964e-05,0.00011999999696854502,False
20a0e5c6f9727cd7c67ab863ff13b9a0a5687f17e0668a64edd38215bc9eb8ef,0.0005165999973542057,0.0005474000063259155,8.209999941755086e-05,0.0001227000029757619,False
2383464a22c07bab324a36bfca2134e1bab0eed2b82b19611c36f5e7b06b182e,0.002483700001903344,0.004111399997782428,0.00037370000063674524,0.0004352000032668002,False
db8a64383e175e05326121baa5f2762268aabb9dd411e9ee110e7df7aa5728b5,0.002391600006376393,0.003949199999624398,0.0004600000029313378,0.0004988000000594184,False
d43f8432436ce09443aa6bd46fc845cb9263dc3e5e1eb5551e026000671a57a8,0.0025139999997918494,0.0040059000020846725,0.00037599999632220715,0.00042440000106580555,False
b152ac15361f9d2ce992141274663ef1887281323444d7107b91291cdcddef75,0.002227700002549682,0.0038091000023996457,0.0004640000042854808,0.0004268000047886744,False
bcd6420e02d51c337f07639c8968e7ed5bb4d9d624bb1674722ae72614c1cd85,0.0025209000014001504,0.00396290000207955,0.0003817000033450313,0.00043139999615959823,False
cace9e39e22397005a4d862652d89d12d2f0fcec2b2e3900b0cb16b8a05094df,0.0009620000055292621,0.0014789999986533076,0.00020789999689441174,0.00023779999901307747,False
5a0059a8e3dd01f028f51b2567f1c085abffcf6dcc911d3c68b2bc98558fa482,0.0010271000064676628,0.001590800005942583,0.00017809999553719535,0.00021920000290265307,False
46ab30b58932b7455c6b1ebf4924baf8e81ea12ed188868226f9f0d645e7d622,0.0009968000013031997,0.0019475000008242205,0.0001790999958757311,0.00022170000011101365,False
c7f87efa933b7de0ba98382243f5ddb4e00d2daaebb241fe817e71b5211e512b,0.0009360000040032901,0.001688800002739299,0.00017809999553719535,0.00021440000273287296,False
8028c9d6b5772861ef669bd1bdc3e49e354c6c35bb6f64b9dcaff295c4fb913d,0.0009662000011303462,0.0018969999946421012,0.0001734000034048222,0.00021379999816417694,False
32f91391f66364af569c9aeb0c3af4f489231255909c1790447b5cdbab4c3046,0.003114700004516635,0.005757099999755155,0.0004656999954022467,0.0006855000028735958,False
1197c5516335d1098260d3837f94c85bd42af19510a52ddf95aa43832e9a0666,0.0032492999962414615,0.0060651000021607615,0.0004852999991271645,0.0005120999994687736,False
f62d4964724e48f0e1e5b4492334861ee25caf3754aa93a1aa7116fcaa8fcd03,0.0036397000003489666,0.005439700005808845,0.000450699997600168,0.0005387999990489334,False
2093e767c3a4cb312e0d19eb7967929b5884fc45478a57912ffb9894602dede9,0.003216099998098798,0.005526200002350379,0.0004560000015771948,0.0005018000010750256,False
175a6bf5728ac334952fd6008602672d67c81c91ac4f47c5408f25169ebb6b07,0.0033459999976912513,0.005790199997136369,0.0004450000051292591,0.0004959000070812181,False
f95c7102cfc43594b7a3d18978795b57d49a37fe18f462f36a305ad7d111af57,0.0011833000025944784,0.0018085999981849454,0.00016260000120382756,0.00020539999968605116,False
37196570c2abfb8a382a6ca6ac306eaf71103ddaae63894fb0edc4cf010af057,0.0009948000006261282,0.0019375000047148205,0.0001664000010350719,0.00021129999367985874,False
b4a8d33e744d4293b444bb86dbd24bb1856571b9ca7378e093ff93b51dd86ba2,0.0011222999964957125,0.0017884000044432469,0.00016280000272672623,0.00020489999587880448,False
3f601df35aa86ce1263c85db7c411165efcdf15e3792ace5f879ebfc79b26b15,0.001153399993199855,0.0018711000011535361,0.00017289999959757552,0.00020909999875584617,False
b107dcb1ba1c178d43acb0414c70ad905d61a37961bd565f4dc0e2fd9a0f5d13,0.0011565000022528693,0.0017728999955579638,0.0001644000003580004,0.0002089000045089051,False
ccfb049c849ecc6dc717d152ad607938723890e66e659711493fdb1a75fbb9d1,0.005038299997977447,0.008539599999494385,0.000647400003799703,0.0007270000060088933,False
191bf6522f9d8a02734fcc5479bfab117b639daaee3d91164b974c40d6b98e4b,0.004746900005557109,0.008549699996365234,0.0006476999988080934,0.0007086999976309016,False
1ccefba6a948a7d9136a542b8846d9693202c07e87f5e1fb44274763ad71567a,0.004472900000109803,0.008300200002850033,0.0007686000026296824,0.0008794999957899563,False
4dfdc0e14169ae0f15d0226439eae9d0cca65fdcc79111716ed07283ad459c92,0.004407400003401563,0.008436399999482092,0.0006562999988091178,0.0007333000030484982,False
260d8a1f81032af7f85c0660071ce8f71b9294b733d87d1a25a9c1d6efaf1335,0.004687300002842676,0.008584800001699477,0.0007144999981392175,0.0008207999999285676,False
08baf02eaad3bb1e4e1cca6ffbfdabb9ccde929c8e01afa281968da978c082c3,0.001056000000971835,0.0015713000029791147,0.00016090000281110406,0.00019980000070063397,False
689c8811e77ebf237b9f57787dab164f7e51bcc7a9897c5b7ca6c7ad9c7f01dd,0.0010619000022416003,0.0019186999998055398,0.00016709999908925965,0.00020709999807877466,False
dbfb8ba3e76e0eb46417c239bf9c53db98ecf712be57e54d233731fe734b94ff,0.0010983000029227696,0.0015926999985822476,0.00016309999773511663,0.00020339999900897965,False
e621f4f86abce0401f33cd6cd4a50fc6b0cc3b5addc733115b96c28820075ba5,0.0009872999944491312,0.0019142000019201078,0.0002941999991890043,0.00033599999733269215,False
8c5861564f20bcbc52133a9aa2a4d051a6353932b095bff13edee91d9975b6d3,0.001190299997688271,0.0018017999973380938,0.0002863000045181252,0.0003397000036784448,False
e5e014d771e26af65f0f805644ea283a18a67369c1f40b28f592465b42881bd9,0.0028594999967026524,0.004909700001007877,0.00042320000648032874,0.0004748999999719672,False
5ca8c4e28356b2cd633cd4a20f701ce72b9060447695db2a677e17e1c446c0a1,0.00594269999419339,0.006997399999818299,0.0005225000058999285,0.0006350000039674342,False
118bb0e5b3d045f129df454f0690ec1092a6ecde78a977b46eede97b221a6325,0.003456599995843135,0.010933699995803181,0.00042440000106580555,0.0004969000001437962,False
279606eda2ccca0480e93fff32aab007f159b6c6b1710f6a0e8f323e68aaae49,0.004868300005909987,0.005183399996894877,0.0005411000020103529,0.0005266000007395633,False
41e35a54a86df4cb339ebb0e803df6d80ebfcb6f64cbf98cf3268caca00fed2a,0.004775100002007093,0.005778200000349898,0.0004056000034324825,0.00048689999675843865,False
8d1d9edf8b27ac165833a4831e83a0d467154d2c1207c74d0d3517fbbe8d088b,0.00458299999445444,0.0015109999949345365,0.0001860999982454814,0.0002629000009619631,False
e80eff2d7b4deb877307f0b6cad74bb6e6774d0a894bdee8e5e7a0a0ff9b2e74,0.0013857000012649223,0.0016967999981716275,0.0001621999981580302,0.00018560000171419233,False
ae1867c2f887a032aa06e1410ff562e982125ee90c461c812f32d8daec1cd685,0.0009080000018002465,0.0013165999989723787,0.00015129999519558623,0.0001940000001923181,False
c9ecb5c9500e7ac3d432ce9ccc452cce8e8d13c9e0b9a8c2e9d3330c90403492,0.0011729999969247729,0.0013667999955941923,0.00015469999925699085,0.00019079999765381217,False
d1c7855f535ec3dd716c056446c1eca6a8599415729c053e8130a7840170118e,0.0010216000009677373,0.001345799995760899,0.00015839999832678586,0.00020220000442350283,False
daffa23ffa5a1f2447594515e28b5781e7073b4615f98fdc47d8a57b2551e9c5,0.00299319999612635,0.004739800002425909,0.000497900000482332,0.0004856999948970042,False
244698b080c35e9d379a51b3707c75f8fe33a69fe13ca9c4fd4041dc29f7f6ca,0.0027467000036267564,0.004971100002876483,0.0004217000023345463,0.0004788000005646609,False
17e8d2233aab5ed48f708633bde1d5e01e4f8cbdd8e99e95fc9c6b5bfa9fe72b,0.003066700002818834,0.005156499995791819,0.0006350000039674342,0.000556200000573881,False
fea8353f7c71177a28fa209ed87cd2ed2cf771878b6ac845b12dc92441986d3a,0.0028700000038952567,0.004716999996162485,0.0004343000036897138,0.000502099996083416,False
407987ad7848dc2f6954d9472266d911dca6e229bbfec8808193717e3a9694ff,0.002940200000011828,0.005140000001119915,0.0006846000032965094,0.00048010000318754464,False
301151c2edbe1774e0f46bb65cc584d428a8293a978897961b832794bb179bfd,0.0004571999961626716,0.0005495000004884787,8.879999950295314e-05,0.00012350000179139897,False
76ad1617e42141b591455a07636f57fc1b234abb264cb035cf2f017d89f151e0,0.0003859999997075647,0.0005431000026874244,8.749999688006938e-05,0.00011970000196015462,False
3c1a8857a291ef97b469713958bf9a5e349f51317b7788ceb630c8d8b804da92,0.00041170000622514635,0.000520200002938509,0.000145500001963228,0.00012209999840706587,False
4ae7630b418187b02d848ef2c7a99eed120a6982a67be03e1bf641379b0ce25f,0.0004062999942107126,0.000523599999723956,9.819999831961468e-05,0.00012209999840706587,False
fecf46fb3c8d475e0f946194a792efc428038614a75e3f57b7cc59692c3edc8d,0.0004298999992897734,0.0005260000034468248,8.450000314041972e-05,0.000130899999930989,False
2c08615c5fcd9386532ba95cdf572fd2f6dad6f2b7b1c75580abce49ab431cfd,0.002475699999195058,0.0039887000020826235,0.0003998000029241666,0.0004476999965845607,False
1d8536ff4c3a3395096ecbeb52f00dc8ee00c51dd25ecd6bef962e9689c403f5,0.002434900001389906,0.004204899996693712,0.0003876000046147965,0.0004549000004772097,False
40afe6df425d9fa473cafd0de950e94345c6f3531ab61c1be50fd13a8eb794ab,0.0024917999980971217,0.003982399997767061,0.00040779999835649505,0.0004415000003064051,False
dfb5206dae79ddd5e503fe7e97f37d1ce1bb3c85c393f8db3ec5403729760a92,0.0021508999998332,0.00406440000369912,0.00038019999919924885,0.00043540000478969887,False
89df5f6ab5d427ae6846e10c0bc4ab5dc79d23ed1df24d313695df3b873d4975,0.002359400001296308,0.004226699995342642,0.0004067000045324676,0.0005086000019218773,False
49981da485cd2c38ea0fc66a9520b689905896fe7dc28d5a4f37f867a68165b0,0.001171999996586237,0.0017011000018101186,0.0001813000053516589,0.00022480000188807026,False
6e06329930ecac3704d3284e2f1a57a66e751b293d3697c23e347b234143ded4,0.001084100003936328,0.001668900004005991,0.00021219999325694516,0.00023630000214325264,False
b113db5b28d0ad07ae2d0cdef3231cd63fb85d960764f71b4c093239dcbcec37,0.0011511999982758425,0.0016214999996009283,0.00021500000002561137,0.00021909999486524612,False
e316f5cf0585b1b3e0fb49e2985cdc7b0d90165614bf4115ef11b1070002245a,0.0010240000046906061,0.0015392000059364364,0.00030929999775253236,0.00034610000147949904,False
0724de13d305235b33b9b8c1c865b339c6f29e68e3e6ca0a093ffe5eca96107d,0.0009547999943606555,0.0016828000007080846,0.0001843999998527579,0.0002190000013797544,False
0b13f88b2192fd9bcab2b9ae11fe32f5e7f832079f9af53735535303be3b5aae,0.003249800000048708,0.00567090000549797,0.0004819000023417175,0.0005467000009957701,False
72df4c88c4f2b7a81b684164ecc7c15acc5f22e32765783c9f8ce3997edf1cbd,0.0034334999945713207,0.005390099999203812,0.00048800000513438135,0.0005553000009967946,False
bd6b6d55bc683aa67e4c093245031e1a734013d0064218729bbcd650901653d5,0.0035260000004200265,0.005620999996608589,0.0004858999964199029,0.0005310000051395036,False
6a78100f3afcd9c845d5d7836e986a2d42389377d3618245566c15586457c22d,0.0035398000036366284,0.005719399996451102,0.00048770000285003334,0.0005715999941457994,False
57231b3beb63ec9fa1295c84abb651cc962edc3ce69595ba22945ef9e248977a,0.003361100003530737,0.005923700002313126,0.0004833999992115423,0.0005906999940634705,False
be05143ba154b8080b8fad807e897d62192f1e1feb4610ccb354c93c1b673755,0.001083499999367632,0.0017442999960621819,0.0001714000027277507,0.00021299999934853986,False
5b66dd9dda217db84e1c1423d76ccc2770209e82819003059721e2d9132cd084,0.001168299997516442,0.0021033000011811964,0.0001694999955361709,0.00021850000484846532,False
8179d54bd41fa6ceaaf4f98002f46394abe8a0fde249beea3eed87451899c26d,0.0011001999955624342,0.001829200002248399,0.00016740000137360767,0.0002142000012099743,False
b0b58ae6fe4e77ba7ac28682921d4762279bf7236fbb731ee2efe055b2b6bec3,0.0012941000022692606,0.001912899999297224,0.00017020000086631626,0.00023580000561196357,False
c5557d2b9ba8c32b19002f7c95167ace0b2bef4652a47962bd0d623a41f1ad59,0.0012254000030225143,0.0019322000007377937,0.00016999999934341758,0.00021069999638712034,False
e1c67856df6b9f7f6436acf5ef9f9d329a0b5e07d7babf7619ddb17a5d0ff32c,0.0048001000031945296,0.008088599999609869,0.0006663000021944754,0.0007321000011870638,False
5be0553c06417f842767706fb1bbc31527969041d19dd1625b01d8bcc0b0e96b,0.004791699997440446,0.007875600000261329,0.0006653000018559396,0.0007621000040671788,False
f91a6ebd833a49284613c0bfc9e603aa3c75d512d8db20baf9d42f817748cea3,0.004654199998185504,0.007386299999780022,0.0006917999999132007,0.000840300002892036,False
62b22c188cd7d1ac28a0d8c3e5dfa4d076b2e0db5c6d23452d600a815e5ab791,0.004653000003600027,0.007526000001234934,0.001120900000387337,0.0008307999960379675,False
0ae21079f64709c32a39e9f90d5fe254f96d95e82ea0a3c616632c1ae8bafc45,0.004895400001259986,0.007945199999085162,0.0006900000007590279,0.0007686000026296824,False
5c0ee9fda5bbca5b2392978da388ae27640fc518466a9e3c85530d95aa0faac6,0.000992400004179217,0.0016579000002820976,0.0001613000058569014,0.0002024000059464015,False
d706e347dd917a5088e02dc2c80bf41b87cb6c1b2d25af9db89a90d6d8243d14,0.0010274000014760531,0.0017422000018996187,0.00016430000687250867,0.000207500001124572,False
e9db092248c63aa2d9cf85e964f81191573aad675f3cc56181ba5a3d6c8a9253,0.001098900000215508,0.0016251999986707233,0.0001847000021371059,0.00019829999655485153,False
3fb34ecbf4ea5db0791581be8a3b157332ea094c89d489ec373d13f5ed692fda,0.0010670999981812201,0.0017502999980933964,0.0001616000008652918,0.00020679999579442665,False
88d72c81a6246453c8f6bed30743b4b6f01d31c6e41c2f8a9abedda904f54b45,0.0010142000028281473,0.0017701999968267046,0.00016170000162674114,0.0002018999948631972,False
2734bb7ddee3392d2d59e7d0f15f8aec8728026a45315a78426be3c3a4b82aca,0.0034309000038774684,0.005688700002792757,0.0004284999959054403,0.000501900001836475,False
221078a08ebfd688196114552687844ede150ef628614ebb06a4ca21f19939c9,0.0037489000023924746,0.005848999993759207,0.0004487999976845458,0.0005074000000604428,False
76671d19e5e44aee07356ed61651710b98db830984678e6214c3ca3561835523,0.0034009000009973533,0.005715800005418714,0.00047080000513233244,0.0004907999973511323,False
b4cc9889c52ca7b8e8b78f99e2bcdb05e82a21606fec0cf2f45412dd20bd3e18,0.003809599998930935,0.005609100000583567,0.0004967999993823469,0.0004826000003959052,False
c677cb2184a846e6d6f7801a489244c377f9089ec4efcaf52bef92aa0649e784,0.003536800002621021,0.0060427999997045845,0.000436700000136625,0.0005137999978614971,False
73cb40b7ed613f722c5d46349694d8816274a47f6456789ca3f802682e1ef3b9,0.0009218999985023402,0.0013532000011764467,0.00015809999604243785,0.00019669999892357737,False
2d4beb5daec4eeaa1af0452a4e43249848e3a5d2e751010aa10e09bc2615eecc,0.0009702000024844892,0.0013766999982181005,0.00015770000027259812,0.00020049999875482172,False
e06eea797df707e691df96c567d4a6e967fb8c4e77fbe7a7e0f4892d2e7fda6d,0.0009360000040032901,0.0013591000024462119,0.00015699999494245276,0.00020130000484641641,False
ac2dd7ab9c8a49d580d06002de75c67d720e6635929b7031422d9efa9c4dee9b,0.0008887000003596768,0.0013204000060795806,0.00017929999739862978,0.00023530000180471689,False
7fbeb2ec7b1920a5d4555a4937b4d41131a34f28ef3ee682125a10bed143c292,0.0010006999946199358,0.0017235999985132366,0.00024250000569736585,0.00019349999638507143,False
5fec0ff87a5d84460193a63930260acb2c3b6ffeb68e19f00a5ff62bedc64e37,0.002608800001326017,0.005216500001552049,0.00042889999895123765,0.00047140000242507085,False
ac58e09302d03b8c9c7ad5d8b242f64058a3d48c147726986cbe74ec9e36c53b,0.0027460999990580603,0.004732800000056159,0.0004239999980200082,0.0004715999966720119,False
c57747175ef25bd7449ecaacec52aab01c6acc028e928e9a8b5dd038dc467229,0.002982899997732602,0.004849000004469417,0.0004306999981054105,0.00048210000386461616,False
3d4dc73c14675950d3cefbd76ca3504e72b011963831006f6a984094217938f8,0.0029294999985722825,0.004728499996417668,0.0004833000057260506,0.0004994000046281144,False
0bca49327c9870b47a640e790b8a76f428276d657eaf6d2af2956342c8e9f4a4,0.002857600004062988,0.005112799997732509,0.0004275999963283539,0.0005055000001448207,False
c9a0133ec484786edbb9d39c7864d776aaec19ed581ef2157311d5b5689f131d,0.0005479999963426962,0.0005326000027707778,8.510000043315813e-05,0.00013929999840911478,False
9f18163319e8f8f9af856f8f70b5f93c3b498306b445ef72e1f547a74ba067ed,0.0004014000005554408,0.0005257000011624768,8.910000178730115e-05,0.00012229999992996454,False
84d938080ae505fa710f8b16932a24ec979e4061c1498e462f501241ab5736ac,0.0004046000030939467,0.0005253999988781288,8.710000111022964e-05,0.0001201999984914437,False
e0d6c1b219017d4d03bda10eb8173c53ee27f2ae0764f30b9e56f45f779e04c5,0.0004211000050418079,0.0005696000007446855,8.769999840296805e-05,0.00011810000432888046,False
b9465bd77fd73e1a3247b3483979e7f352ce30169619337ed13445dbcf209eba,0.00041790000250330195,0.0005840000012540258,0.00010029999975813553,0.00012229999992996454,False
4254db68f2b357d96f6d1d8d1b4c0e52a275b9c890dc15b31c5d85a91ce049f6,0.0024373999985982664,0.003758699996978976,0.0003992000056314282,0.00045030000183032826,False
b701ed41a70d5298f226ee588fbf4d58f403af1ef0771640087e4cd81bef58e9,0.0024581000034231693,0.003792000003159046,0.00043220000225119293,0.00044070000149076805,False
9094a6557477b4c345aa727d2719e8e9d8d19cfd6872d82282268e4ff8ccb405,0.0024077999987639487,0.003870400003506802,0.0003974999999627471,0.00046470000233966857,False
c0877920e6c544d0573e260c3fc1e475742cc67394d9d7038cd95a543f3ffe08,0.0025357999984407797,0.0038578000021516345,0.00045089999912306666,0.00045200000022305176,False
f4b2d9665537f8573d0527c05a1e5de30119f19444bbea459bf876b9228c12c5,0.002497000001312699,0.004008100004284643,0.00040050000097835436,0.00043990000267513096,False
b29527c1b6cda645b52d352a1476488ca8844ebbcf30b570acc564e8275da159,0.001139200001489371,0.0016677000021445565,0.0001841000048443675,0.00022869999520480633,False
b3a61a850d7634f591aef628ecc0af5f597fee805ba6c442e538f8fd362a1199,0.0009591999987605959,0.0018469999995431863,0.00018139999883715063,0.00023480000527342781,False
620a68e67e2dda38a8b259505691306f8a02ff3f6d33d39e50d2c323520f1629,0.0010292999941157177,0.001589100000273902,0.00018039999849861488,0.00022080000053392723,False
d2ca8cd807b3be6083a093cc73c6f978fac2ce7aa5034e2a1bdacb5349f2b86f,0.0009971000035875477,0.0018018000046140514,0.00017810000281315297,0.0002136999974027276,False
0fb4ec99438208eecee225745f7fba1b77befc289b8deb87ba694e501cbf1834,0.0010208000021521002,0.0015819999971427023,0.000170899998920504,0.00021399999968707561,False
350bbc2885e31720d67959ee4b5a083bf0f6ab128b90162c3b1e43e439024e64,0.003257899996242486,0.006098999998357613,0.0004735999973490834,0.0005440000022645108,False
16113362121edea8df61d4186a3e03e4a2c02be8ac76187842f4c31606c334e3,0.0034588999988045543,0.005599200005235616,0.00048439999955007806,0.0005691000042133965,False
01ec486a5236a935dac0c4d90b843c461e42986fdc7c5800ba9e0b5f1cc7bd72,0.003456800004641991,0.005454499994812068,0.0004973999966750853,0.0005926000012550503,False
f1cf66f375129ea45832ac6cb604a58fd6dfebe3b8764edfe6b339ead71caece,0.004108799999812618,0.005597600000328384,0.0004805999997188337,0.0006247999990591779,False
253c5b8bffe37ebe476a9ea60e94c29bfbb792070484a4c42a5f12e087f92866,0.0032902999955695122,0.0055624000015086494,0.0004695000025094487,0.0005779999992228113,False
dd5abc07d622c4733267285597d700e06d1affad8da6f6d07e23708b9fda46f7,0.0011031000030925497,0.0019260999979451299,0.00017110000044340268,0.00021719999494962394,False
26ce83d16a25dc2543d56ed1136639a99aad9e84e79b85c611c06021ac82e0f9,0.0010929999989457428,0.002084899999317713,0.0001725999973132275,0.00022209999588085338,False
7f72d85758c56cc732342ffe343108214d6d7afe2f496725cdad3fc24311ea11,0.0011786000031861477,0.001782300001650583,0.0001731999946059659,0.00035180000122636557,False
bbbf11328a37b980ada2d0b354e0bbb2b8fa97aac4db15d4b8690309edbc0112,0.001354400003037881,0.0018408000032650307,0.00016599999798927456,0.00021009999909438193,False
c732347eefafa302325310a718d79f0d8416029feb0f9d5022561b77754bf5ba,0.0011325000014039688,0.0017678000003797933,0.00017099999968195334,0.0002164999968954362,False
e0a39b884dd4988b5e380e0037e9b267c444ddb5e82b10316479cdebf78dc10d,0.004529400001047179,0.00818759999674512,0.000724199999240227,0.0007284000021172687,False
8f5485dee99f45007163334606818269905e5d0e96309e99fb887d1f400b75f5,0.00466039999446366,0.008309600001666695,0.0006461999946623109,0.0007506000038119964,False
585346e97f7b9129cabedfa592d4ed7a792b3c2bb7ab7cca30dc3def6039973c,0.00470149999455316,0.007769999996526167,0.0006953999982215464,0.0008933999997680075,False
75931015cc736d49172f4915eeed0073ed4220c58b91dd9397c728e3ff9fa48e,0.00444699999934528,0.007777300001180265,0.0008267000011983328,0.0007632999986526556,False
c870a3c4046b90387dd9518a33ddae542deb948b8ddfda8f7f58858eec0a203f,0.004678600002080202,0.008369200004381128,0.0007422999988193624,0.0007433999999193475,False
8291b4b7df13f0fdd6f0ebc8162f413a578f6e5a9762d08167ac125babc67e1b,0.0011584000021684915,0.0017529999968246557,0.00016400000458816066,0.0001984999980777502,False
ac3f7c2adbd1eedc6fbe4e9c68f5a90373a3c0de3b1f414a97ef00061006bbe0,0.0010574000043561682,0.0016315999964717776,0.000167199999850709,0.00025019999884534627,False
e39f37e533f2cdc470b9db35753ba11be52101667702028e258ac809572185c1,0.0010429999965708703,0.0017771999991964549,0.0002266000010422431,0.00019890000112354755,False
ea0b43e33c139ab4f158d8a00ef5f2be3a04931eacea3c9fd9219a5c7b9c08cc,0.0010412999981781468,0.0017990999986068346,0.0001596000001882203,0.00020700000459328294,False
23a3472dbd735a5826479bd80acee5a980825d10f73bfcd1ea1f028a00f6cf76,0.0010337999992771074,0.0018424000008963048,0.00017130000196630135,0.00023399999918183312,False
954035223b3d6897ea5dfecec869072943dc6cef4b40f7758c5ac51e9991f79d,0.002942899998743087,0.005220600003667641,0.00041539999801898375,0.000556999999389518,False
4d82a7e67caa217c87d87f74b664db5e8eb0d89eb1044cb938e9bb7499979eea,0.003218800004106015,0.005096200002299156,0.00045900000259280205,0.00048689999675843865,False
155085cf3e8ef0b95d1cdf79c529db03dd69c855121bc0f88f7aa6c04b65671a,0.0030785000053583644,0.005611400003544986,0.0005006999999750406,0.0005206999994697981,False
91f7472eb3b5f6b5dfcdc773d1a512addad1aa9f1783d948dbf3f2d2df2118b0,0.0030698999980813824,0.0052973999991081655,0.00042380000377306715,0.0004999000011594035,False
c4faf6853a28dfc19464d2a54e0402117b89876a6059fc9b32c5ec426aa73e2e,0.0031417999998666346,0.005064299999503419,0.00042219999886583537,0.0005472999982885085,False
9e46e329607f877a24a4e03c0aec6c0caf7848c1c23bbeb99df4049cc5fd7523,0.0011652999965008348,0.0013956999973743223,0.00015729999722680077,0.0001923000017995946,False
3794c50851cad01d1b78b96e0cb6583fd7ac91d2118874a12288676f402cbdb6,0.0008329999982379377,0.0015376000010292046,0.00015979999443516135,0.00019969999993918464,False
db43efed0a88e56afb44582c08126848f7d644c761ba6db1c82228bafea271c8,0.0008621999950264581,0.001369899997371249,0.0001540000012028031,0.00019460000476101413,False
5a86271008829ee5b3f490743d589bffcfe3f0b975e84e4ebf52d0bc8f1f32f0,0.000934600000618957,0.0014878000001772307,0.00015590000111842528,0.00019579999934649095,False
992ac8d2c781709bc65dd46ef7c98b8b8788fb6251229e38057c95f5491b9e4c,0.0008705000000190921,0.0015085999984876253,0.00015430000348715112,0.00019889999384758994,False
b4fc3416b8901afcd0fd1c0fbb7d33ae03b10e93a3009e8ca019f294f076de4d,0.003286700004537124,0.004780999996000901,0.0004284000024199486,0.000497599998197984,False
b865f1ca351b9b95e24f44155a832cd1b81267c57070576fcace7ab5e68f716b,0.003052799998840783,0.006103699997765943,0.0004349000009824522,0.00048210000386461616,False
f6289b8b33d3613a698bcd235632ad205dc0744fbb604de7fe7d43dd3c579982,0.00819210000190651,0.007232399999338668,0.00041590000182623044,0.00047559999802615494,False
c02babecd85b2182306032717ae145dce697e4207735ed82b54f5957466c51d2,0.005336199996236246,0.009540700004436076,0.0004172999979346059,0.0004695000025094487,False
6cfa6f78f6c276c8dfccae261910720d9f30f8ad2bf342b929605ffc89a55a95,0.003286900006060023,0.007691099999647122,0.0004194999928586185,0.0004698000047937967,False
8ceacc1ec91d1bcd8a23ea0e4ed04f98a778d8a48a82445cd09f4131648284e5,0.0004278999986127019,0.0005282999991322868,8.779999916441739e-05,0.00011939999967580661,False
cadbb5d79b8eb9dfd7f1146bf1dabe351b4ac35d04cb908d29492c03432fcfa0,0.00041879999480443075,0.0005323999939719215,8.879999950295314e-05,0.00012009999772999436,False
30120e20f9f84274c44a3ccd454f0e735f7916c5ab6a80e0544b838a1ecc6e55,0.0005727000025217421,0.000556999999389518,8.70000003487803e-05,0.00011960000119870529,False
ce5c07029735ba5e4726c6e0bbd1936c29a39c88a8b0a2abdc3d2c95a2012a6f,0.00043030000233557075,0.0005314000009093434,8.800000068731606e-05,0.00011860000086016953,False
b5853cf83d8906556031c279f83a3e805388aaa5b96a3b64b29d833efbc6ec78,0.0004450999986147508,0.0005238000012468547,8.270000398624688e-05,0.00012179999612271786,False
bbd08e45a926f22ef54c97dbd7ce1c636f61cb0f9cbc32f428a1020b450d269d,0.004836199994315393,0.0053377000003820285,0.0003944000054616481,0.00045680000039283186,False
97726ae10dfb2eec05d0941baae24a30137a0bbe27abc73887203d175781dc16,0.0027609999960986897,0.0061700000005657785,0.00043169999844394624,0.0005124000017531216,False
6696a0e44b6ce0264301901848674138f2f9c3ba8cc7bc610d2e5c622ea883cc,0.0022452999983215705,0.0037580999996862374,0.0006857999978819862,0.0023655999975744635,False
c01fb5d6639d5b9a0e77aa03a697732cb1f4aa8f7a1991b0ab53f8bcf5bab6cb,0.002525299998524133,0.004142800004046876,0.0004956999982823618,0.0004588000010699034,False
29943f2fa5041e6684636971e1a4788f0097ee1c9571554a926170b54a9c9e19,0.0025873999984469265,0.004738299998280127,0.0004307000053813681,0.0004929999995511025,False
9fdef55a92a87278ab29e1959bd2fabf040e235ed36181253d8773684c4915d3,0.0010045999952126294,0.0018873000008170493,0.00030730000435141847,0.00035740000021178275,False
1d42cd92b692d4b2de5e64e528e43e789445086f6aac2a294d7f00d5667a8717,0.0010009999969042838,0.002152699998987373,0.00024000000121304765,0.0002945000014733523,False
dc161e8fd7530a9cf97fa6b0724058d521cfa0b826892ea4195d2656addc8443,0.0017377000040141866,0.002556300001742784,0.000283199995465111,0.0002179000002797693,False
a5745fb20d25cbe2025227106199e22959ce77485e52b64288b4494ac05ad477,0.0010339000000385568,0.0015945999984978698,0.00042409999878145754,0.0004237000030116178,False
1a1ca80c418aabe177c0b9bce552bf8d633d3ba39acca1b9e5dcbd26b9c4e394,0.0010171000030823052,0.001640800001041498,0.000301799998851493,0.0002119999990100041,False
9c6cd17967492ea5e3fd76f460f8e10fe7836df039facc65691b0df04daab2d2,0.0035256000046501867,0.006415600000764243,0.0004639000035240315,0.0005197999998927116,False
7e422c0404a167cd6dcc5d2a0ac383896a351b85876f7537e432a49283cf1bb2,0.0033241000055568293,0.007366500001808163,0.00046579999616369605,0.0005368999991333112,False
c3cf99ab25fb589fdb695b4d4820aebcf221b22934b9d30821b02b2127136568,0.0032262999957310967,0.005931100000452716,0.00048290000268025324,0.002013700002862606,False
85f3f2766c7a74cd8feed6180d29ddd92f635fa23d6fbc8f0bdf1d1baae9f9c5,0.0035499999939929694,0.007661099996767007,0.0004647999958251603,0.0005182000022614375,False
38033cf01b22650a5bb3ad3174df342f5027d255e5cae3037d555aaaa7360d87,0.0074650000024121255,0.007905400001618546,0.0004515999971772544,0.0005049000028520823,False
b51406affa82a20c90f7782ed680ee0bda9be3669792d0cc95472a85c59ae030,0.0012745999993057922,0.0038406000021495856,0.0002606000052765012,0.00029579999682027847,False
16b1e62ef79150f32994a1f44e69795f97e159d104533684c8a62c879e1ea906,0.0010331999947084114,0.001768800000718329,0.00016940000205067918,0.0002111000067088753,False
f377846f00a16a678df6b04320cfabec21b1fa5db75b581f8602f61bd4e79458,0.0016780000005383044,0.0025888000018312596,0.00018480000289855525,0.0002066000015474856,False
d5a204f70f6b1bd45cbcd59a1108bcd530324b2eca277439e905523ad25833df,0.0015254999962053262,0.0019699999975273386,0.0001737000056891702,0.000207199998840224,False
31f5e0e62537462ae6d343516d2069ea0967445bf691079115ee954b002cec90,0.0011974000008194707,0.0023648999995202757,0.00016760000289650634,0.0002103000006172806,False
26992a73844f6f05f08ceeb6caf14051721894376a663e725be04f545cfe14ab,0.00976519999676384,0.007941399999253917,0.000658500001009088,0.0007286999971256591,False
d9e2249a6c39a20ea684cdd1ab64ef69148cf72f0a11777415cc999e721ea926,0.005102800001623109,0.015762000002723653,0.0008601999943493865,0.0008775000023888424,False
21730c6c0fdd5502779d3277ba7f21f773c93a7587e69d0edf3a680c60979752,0.006962100000237115,0.01911390000168467,0.0006595000013476238,0.0007489999989047647,False
d62b423a73943d04904129585b802b6b353407fb566a08b940def42830634bc1,0.0054543000005651265,0.010961899999529123,0.0007966999983182177,0.0009352999986731447,False
fb699b06976b5051d20edc5a3f8e10587a26576a5e210125a07ba81009eb340c,0.006443400001444388,0.00972409999667434,0.0006615000020246953,0.0007286999971256591,False
4510f0cd83fa47f6f8ca372fddb2ba9569aff36eb4e77177fd8ede87babc2539,0.001065199998265598,0.002252700003737118,0.0001612999985809438,0.0002873999983421527,False
73637433657fa3b8280974eea8fc5606f0e0c8cece369407ed77d6163e57f190,0.0010484000013093464,0.0031123000007937662,0.00016309999773511663,0.00019950000569224358,False
8dacb5afd9aa45a869ca122c40325d05a4c6679bcbb34a06513a863bde1b239a,0.0010352000026614405,0.00503930000559194,0.00016379999578930438,0.00020149999909335747,False
3bccb97ebbd093f501617bba92e501cbabb78f8a555e6cdb3386090bf8413501,0.0012615999949048273,0.004182000004220754,0.00016099999629659578,0.0001936999979079701,False
f516a0270e3836b3269749a277866689b20ae15f206c4604483c379bebf9dadd,0.0010459000041009858,0.0023127000022213906,0.000163800003065262,0.0002701999983401038,False
82eed6688fe58a3ea79b110a4774e3bd1940e0681368b0eb65754f89eb24c2eb,0.003386199998203665,0.006094399999710731,0.0004161000033491291,0.0004667000030167401,False
55c4976cdf966f2f6a9d20e716b82c28ab151217c2ea12a0b5a5047e67090f35,0.009431299993593711,0.01423629999771947,0.0004192000051261857,0.0004837000014958903,False
601dd1773d8a5d0251c61f4a02a35ec9a7366e7b716a5cb47a541f944fbf5987,0.0050931000005220994,0.012005700002191588,0.0006915999983903021,0.0005623000033665448,False
96ecc9c4f1a3126dbe2a99e570aa15631a428841d36a7fcbbd999a9014574acc,0.0036368000000948086,0.006121899998106528,0.0004240000052959658,0.00047649999760324135,False
c0c69faa36e7684a15b505e893132aad1095660e25ab250d12416f5b1b021dc3,0.01009170000179438,0.008629999996628612,0.0010024000002886169,0.0004746999984490685,False
3741a0c803c6f2dd44242095c44b6719a54f66944946b0b4bb1e4a96503db51e,0.0008511999985785224,0.002593700002762489,0.00018930000078398734,0.00021919999562669545,False
0948cf32dc72d649a7946c2ddf0a1fa64ed2575cbcf7f46c26e1f4f246fb7c2b,0.0008990999995148741,0.002059899998130277,0.0001599000024725683,0.00018519999866839498,False
ef12a22c832e88f00a74ed6d02abb830cbc2701064be8600fd44aec6ee78e11f,0.0008610000004409812,0.0015818000028957613,0.00038610000046901405,0.00039570000080857426,False
064dbc10dc3861f4d3090a5a433f49abc3b9bbeb41efa858cbdf94c4e933f9b1,0.001135000005888287,0.0016969999996945262,0.00019070000416832045,0.00021960000594845042,False
4b4024f06d1b7e4e660e02ed4cb92674d7becb83025a4aee28a00ad56bb290aa,0.0014317000022856519,0.0020040000017615966,0.00015210000128718093,0.0001843999998527579,False
d21df9d3b18699e60707e1605626c4329e517abea0ffa4ad03b792c714dc801f,0.005289600005198736,0.005224599997745827,0.0004120999947190285,0.0005461999971885234,False
9a8c431364318ff4d4d482a6891f42ddfb63835b116df6db44aef54616681bf8,0.004259299996192567,0.007067600003210828,0.0005231999966781586,0.0004713000016636215,False
9e31c44ca0b2a9592b4a902655d5d02c169b12ed34be76d72b915b1481354d11,0.007400799993774854,0.005886700004339218,0.0007895999951870181,0.0004636000012396835,False
9984f6e86d12b2120cc46e747e7e6e878f2816b70eabd360b8417dce579fe0cc,0.0036619000020436943,0.007339399999182206,0.0005184999972698279,0.00047759999870322645,False
ebae404a874c1bc15685d39b6ec425b8092952a08aac18b56fe28af24bbddf16,0.007239899998239707,0.0066939000025740825,0.0005547000037040561,0.0011748000033549033,False
421de6d538fe460a2cdec3424e1075234776cd5c7479c479f6931d0aea2e4806,0.0006358000027830712,0.0005369999998947605,0.00036499999987427145,0.0005727999960072339,False
6f0424873c627b0132f2f3e86fb7dec920970ed22799a340f2139a449a11fd72,0.000450999999884516,0.0009254999968106858,0.00013980000221636146,0.00016540000069653615,False
0109599b128db19e954c8a9aaaa214e3e5271a8e22453a58ee1df1442d92eb14,0.0005338999981177039,0.0005973000006633811,8.649999654153362e-05,0.00011660000018309802,False
37dd18ae31d4e10800261348d3f565c41348bf5c4ca771883143373b034e6bce,0.0007029999978840351,0.0005212000032770447,8.630000229459256e-05,0.00011699999595293775,False
a227dd109b22d9ffacec4495fd9b88531e3400c56749b2cd605f04de6a455dc3,0.00042019999818876386,0.0005511999988812022,8.949999755714089e-05,0.0001221999991685152,False
75b156825c43ef53b3d9b9d431e9e77199628517566fbd82bac2481154e91f20,0.003163400004268624,0.004547199998341966,0.0003955999927711673,0.0005367000048863702,False
f19661eb108c97fe764a028e09b11f9f227dd42e0c658245e154a86db5d8560f,0.002295900005265139,0.004406200001540128,0.000567900002351962,0.00044209999759914353,False
220a30746f0b2c71638fef4c307b14647cb1f9d0d55ffd26464bb586d2e059d3,0.0025253999992855825,0.005410799996752758,0.0006551999977091327,0.0007259999983943999,False
f2bd4afb9b0761edf91fbcadc2db8d08f5e3e11c471bedd845f689e4323e827f,0.004096099997696001,0.005128799995873123,0.00039420000393874943,0.00043899999582208693,False
0e3c466d8d95c02f3844eaac8f81fc3a48ebcb73df18a283bd7a3f86ee2c66bb,0.002296400001796428,0.004004900001746137,0.0003910000014002435,0.0005913999993936159,False
e57e5c82640645a905555ca3ccafa3e5b51046aca3bcd90bb7ed54e19eee0f14,0.0009695999979157932,0.001499300000432413,0.00029910000012023374,0.00021399999968707561,False
329635d0361b2121b35f958a1dbd6c58c33331c09375599e0fdbf5fb6b79409d,0.0009671000007074326,0.0017478000008850358,0.00017430000298190862,0.00021529999503400177,False
aff2aa10287aa3ab27c9f9cc8547bff78c839a29a11e78d096690d04f7a910a9,0.0017597999976715073,0.005129199998918921,0.00018460000137565657,0.00021710000146413222,False
fab832ae8bd9243d73ab516ce92bcd558d210d4950e1c9ca09c60365f19d3fcd,0.0014271000036387704,0.0016403999979957007,0.00030330000299727544,0.0003544999999576248,False
7d371322c575b1e9fc392c4c425078f50308827f5635ffa14788fe57410be267,0.0017125999947893433,0.0018669999990379438,0.00019769999926211312,0.00025800000003073364,False
594c8b854727556015679c41a10cac983fdaa468f27c8e2a0c9587ed048c771b,0.011159200003021397,0.0076766999991377816,0.0004811000035260804,0.0005250999965937808,False
c39d81b0e7b6e86371fa92627f93a78fd50180e555903e3d9be3cc01091eb145,0.0041449999989708886,0.008171800000127405,0.0004602999979397282,0.0005323000004864298,False
b9a99566a547a560ef7cf90329a4b709199a3938ecfe331d503a31ef3195cbef,0.004307199997128919,0.009884500002954155,0.00046329999895533547,0.0004992000031052157,False
8ef06bfcca18558f0fce9619d429ee263d3191fee47abaad3e4c5f0aff7d669b,0.003439000000071246,0.012918399996124208,0.0004619999963324517,0.0005509000038728118,False
8bb74652f16fff88f80fc7002356297a5eeecc48b16a079c5fdcf0a0061ba149,0.0034806999974534847,0.007400800001050811,0.00046270000166259706,0.0005219000013312325,False
2c4919c381d3b6ac60b2ecc7fa7935fa07a0358e4ab6531c17f4ca382ad92cef,0.0011945000005653128,0.0019343999956618063,0.0008995999960461631,0.0009327000007033348,False
bdc94ba705b2da53b4e77df82bd0189c40c4f26d692548a068c896d51dba8e82,0.0015222000001813285,0.007400999995297752,0.00018769999587675557,0.0002201000024797395,False
2e28a4150c32406858f1caeb8eb78fdd2de75dd874af173fee009511e2cd8702,0.0011803000015788712,0.0035820000048261136,0.00021189999824855477,0.0003494000047794543,False
11141577cce678c680e9348f4113244c4660e177e2afa1ff60a960d6ecf2471e,0.005417400003352668,0.003728600000613369,0.00022699999681208283,0.0002716000017244369,False
48768faa064e40e3b5f6dfa32732830178b7a613c9f64b0b5a06a26ebfd067be,0.0027450999987195246,0.005733899997721892,0.00016730000061215833,0.00020619999850168824,False
89f275af1c45c8ff6531d0255460ae3d236ede624cd4246b45be4e1158fdef04,0.004941599996527657,0.011425600001530256,0.0006642000007559545,0.000727599996025674,False
a8ebd7e778c41ee548cd2871bf0e08bd569717119fec9f578fc7be8318ca18ce,0.010696599994844291,0.008762600002228282,0.0011082999990321696,0.0011884000050486065,False
c18bc6ec70f0a1fa3252ef26ecfa299392e78b15cdb85c65c2f41db607dcf999,0.005099900001368951,0.008645400004752446,0.0007722000009380281,0.0008688000016263686,False
15a3c7c90e89be5b73b0d1daa8a10129c25da894ed4e395e85dbf02be8fba2ed,0.005724399998143781,0.010795200003485661,0.0006532999977935106,0.0007652999993297271,False
a1704473e38d5c85dd519904b3412adc043d58211fde18187a501e24346ae254,0.012158799996541347,0.01217000000178814,0.0007432000056724064,0.0010562000024947338,False
6e87b130f08a6dee2500b2aa1705a9ce05771118265768773ee03059609eff09,0.001425599999492988,0.0027627999952528626,0.00016099999629659578,0.0002088999972329475,False
d6756f90c9c63a225b9cd44d034f3117d0d1d2e851083c7a8aebb416f7ac2fc7,0.0010217000017291866,0.0027792999972007237,0.002021600004809443,0.002939199999673292,False
13ba7a901f01346a8be4f77ba3507798a4e61aa2b48989e607f410fd26ecf7b3,0.0010454000002937391,0.0022010999964550138,0.0002514000007067807,0.00030720000358996913,False
82930fa21bfcc90460e708e44620e80263d758716eccf25d0c1f3b8e69257278,0.0009978999951272272,0.0017355000018142164,0.00017330000264337286,0.0002114000017172657,False
1871f10c92b333d158a38ea904624fc3657c1a7c8a446ea1495146fd76d57900,0.0009873000017250888,0.0029314000057638623,0.00015870000061113387,0.00019379999866941944,False
fb5648775c3825525678d5766fd61c5f6eec00c7e296241d48dba0bad80397ff,0.007530299997597467,0.005069500002718996,0.00045449999743141234,0.0005105000018374994,False
771b90e15771765625d14eede91e11fad70ac6b9a0ee2e12ba3e6b2ae4ec096e,0.004277899999578949,0.005586599996604491,0.0007219000035547651,0.0008447000000160187,False
fdc168dcfc69aed4f99f60ea2a1589ea0af0dbf0b2f04be120b096ff24ffe472,0.003006399994774256,0.00647430000390159,0.000487299999804236,0.0006844000017736107,False
3ba1ae954c36bdd329f8bfe3f33a1c648125e349565b9304c93f20a0f09b0908,0.0037284999998519197,0.010127300003659911,0.00041849999979604036,0.0005005999992135912,False
eb73233552dcbf2f10ce932db9224ca8ea8d56a30a3b127c7c7d56abcafdddc8,0.0033164000051328912,0.005155699996976182,0.0004349000009824522,0.0006202000004122965,False
6524dbe8016b0ed183f480eb5e2262b56ca78db3fb97759b2846a763515025ce,0.0016618000008747913,0.002663799998117611,0.00028300000121816993,7.660000119358301e-05,False
7283334b42aeaaf4c5434cc444307b491a3f3217b4b9afff5ee07e8b485fc259,0.0010657000020728447,0.0015673999951104634,0.00029240000003483146,5.4299998737405986e-05,False
1230157b8b1ac1b11df244652fd327d9567d6ef418d4dd380c0987291d4475a5,0.0008940999978221953,0.002278299994941335,0.00016369999502785504,5.2600000344682485e-05,False
194686bfa21cf9284129ea43973584cf09a77d5997c795e209a7008fde316027,0.001039800001308322,0.0014749000038136728,0.0002134000023943372,6.519999442389235e-05,False
3a6bddbe769afb3f463a59feeff8d4f63b75fb093861139913e6cecb4898b7e8,0.0016915000014705583,0.004240000002027955,0.00017010000010486692,5.400000372901559e-05,False
dde41350e688602039b42d7722df8f644bd84be43f36fd03dcaa52f879ac972d,0.004225399999995716,0.0074794999964069575,0.0005257000011624768,0.0005338999981177039,False
a5d3bbd83b5c5c9ed5735c02690c5b97dbcf08d330f6998b43f013b2bc150b1b,0.0032843000008142553,0.005869499997061212,0.00043599999480647966,0.0006778000024496578,False
72b64201905634e7d97aeec66be6ff98f7c614bc0de80b40a95f45d2b08ddc98,0.003267499996582046,0.006353800003125798,0.00043300000106683,0.00047669999912614003,False
5872529b801d1387965a3fd4b7829a36b97fcac3dcacacddbf2cea432927b8fc,0.004720600001746789,0.007597799994982779,0.0004306999981054105,0.0004741000011563301,False
56745f5f8a50af644915c71e41257975bd1f368239205748111321dc359c6995,0.004056900004798081,0.010264100004860666,0.0004552000027615577,0.0006489000006695278,False
38f65b36aba34431b221e36bc287070c14068459ba27eec082882cfd94a1475a,0.0004493999949772842,0.0005479999963426962,8.370000432478264e-05,0.0001252999936696142,False
78b22f6dfb8a7d3298d900f0385da394e889434abd559cd9afdddad74e7668d2,0.0006787000020267442,0.0009483999965596013,9.019999561132863e-05,0.0001216000018757768,False
99d2553550c28a55fc007b2b30fb7c9a28158b3feee9aece9bb37b65c9ea77f1,0.00042950000351993367,0.0006208999984664842,0.00016600000526523218,0.00020959999528713524,False
558f7a31bbef669ae9410a79513f6e3fc8ab5c59b0ebf43f50fd6a4d4777018a,0.001368099998217076,0.0021227000033832155,8.969999908003956e-05,0.00012240000069141388,False
4bbe8ef1ad1f13e8c2f5e920250b69828ae7452ab3675022ead93b77c359ff0f,0.000595899997279048,0.0005249000023468398,8.679999882588163e-05,0.00012109999806853011,False
4015b52fcf4c6b789074b3973432daa036dd7bbb8e1ca18ddbfbf0ac785c7c51,0.0029397999969660304,0.003857399999105837,0.0006649000060860999,0.0007193000055849552,False
86002f0469de80e5f32ac8e217df76613d86fcd9f312a5b77524b50cb3f90807,0.0025128000052063726,0.004016099999716971,0.00039649999962421134,0.0004335999983595684,False
a115c11a85a8f3172a757f9fb32ee6d231ab2e58d519d4125028baccb0fd340e,0.00367289999849163,0.0055299999949056655,0.0004193999993731268,0.0005593000023509376,False
96c6e1f317f8b21c93afd6e4af467b9a29cd410a67789d2f900019372cbb1087,0.0022372999956132844,0.007372200001555029,0.00038700000004610047,0.00043339999683666974,False
a7547d2f10b56c268d4ee015769bbed3e8bf2791a3cab6905774f5e4e6f39f7f,0.0023421000005328096,0.003734099998837337,0.000513300001330208,0.000432099994213786,False
