physical_id,workload,candidate,status,median_five_wall_s,measurement_count,min_s,max_s,na_reason
4041fcad9434fa76e17e3ca2aed9319571622e33d579a547488d4e0ccbe19368,h101,0,complete,0.012428000001818873,5,0.012156500000855885,0.012823099998058751,
377c81293f143e67e566f814cdd7bd8a4b21d844b277b1358590b8a5f1ecbcfa,h101,-1,complete,0.012482400001317728,5,0.012289099999179598,0.012517600000137463,
096990c9500876ed1ff8fe596ca615d066426a2a5de29f9eee6ed6a3ca1a1287,h101,1,complete,0.012517399998614565,5,0.012305299998843111,0.01267560000269441,
126aeee650922720ce5a33dcbac178a0a8fa76eb42860f6e5b84794aa4d7b750,h101,-2,complete,0.01257400000031339,5,0.012198500000522472,0.01311600000190083,
9ca01735dce2c0fd7de96a8b09c1e7db683df50cdf6512a254c19c2e1375d12b,h101,2,complete,0.012865500000771135,5,0.012262799995369278,0.013257899998279754,
5b59ca4defcc6a607c41da0ebd24e51e0f0acbc1cdbf881edae8c712eaa542d7,h101,0,complete,0.012681499996688217,5,0.011875700001837686,0.01275250000617234,
e6007cdc959b3ba18af48af8eb92bf4480ea887179c32dd2fd7b5716f8f3fb08,h101,-1,complete,0.012332700003753416,5,0.012170599999080878,0.013920299999881536,
d52000494858f9405a00d4297307165e856991608f056e9a6f3feca95a5ad021,h101,1,complete,0.012692800002696458,5,0.012291899998672307,0.013170800004445482,
932d94d391101e95b6e3fb79d7c108b70409b17959ba6dc21344404ecd269d16,h101,-2,complete,0.012406599998939782,5,0.012114099998143502,0.013126899997587316,
83cb48a5316a90ecafac11667371af1c2846170dcaf82dc93e34463dbce48501,h101,2,complete,0.012583499999891501,5,0.012242199998581782,0.014510200002405327,
ede61d94011f6bf150283d2c216eeff82a73f3ea9f3e5baa62d8e96c751c824f,h101,0,complete,0.01254069999413332,5,0.012277299996640068,0.012632700003450736,
f6620db8c1ccfd6b33ab06cf0a15fd8b4faa07216c1b822f3e715ad976a4b874,h101,-1,complete,0.012678999999479856,5,0.012270999999600463,0.013057000003755093,
7d3618c2f0a31aabd9d8cc1dd292b6754b8addf0ea93f942c1e4e0a61dc54e30,h101,1,complete,0.012759600002027582,5,0.012485999999626074,0.01308729999436764,
9e8908c3958bab7bf4ba7cb2f76104101684526fec4cbb89584d79b85fe070b7,h101,-2,complete,0.012263299999176525,5,0.012065100003383122,0.013165299998945557,
519d9aef84360a26c136d497452207a2f9361b08f45998c97ce0d6063a918b8b,h101,2,complete,0.012430399998265784,5,0.012255800000275485,0.012911799996800255,
54bd19a127f79006c98e1f2413a120a89c7ee77b98634be0852e89d09e542927,h101,0,complete,0.014672600002086256,5,0.012648899995838292,0.020366499993542675,
dc0f10732cd41b082c8be573176d0785f3006f5772f15b40f740f5cc6ce3fa8e,h101,-1,complete,0.0186732000001939,5,0.016479899997648317,0.034314199998334516,
27d11b1bb1de5fef9e59ec1afe8336c1e8df81ff5e373103ba2fe32b85768567,h101,1,complete,0.01941909999732161,5,0.016393300000345334,0.022440700005972758,
a63b84c80d3c1cc74872e21552f1a6e74267accf3228b92c5e4e3a7f775e82e3,h101,-2,complete,0.01659039999503875,5,0.012306800002988894,0.020688399999926332,
2efc79a040fd98795bded18c9a7bc9275cea65d6e354616dc362cb0c2ae58ab4,h101,2,complete,0.013954899994132575,5,0.01346929999999702,0.01829880000150297,
57f218900dba0153786eafe346cd0980d226ac95cce386c4fabfdc81e5b77161,h101,0,complete,0.020259600001736544,5,0.017727800004649907,0.024641000003612135,
fa634a38e6cd20146bd6b342c0703c7fe4a17e475877d37382c718ec547081b2,h101,-1,complete,0.016789900000730995,5,0.014722399995662272,0.025799900002311915,
2f83ba2fb6de3122cc3becc744e900a3c9415322ea7c250175dd795ef92894f4,h101,1,complete,0.023112700000638142,5,0.015212600002996624,0.03461460000107763,
3b8f052a8573f62703fc8e4d9cf7459f2b3724b2786a98801853bcfb0082f7ce,h101,-2,complete,0.015292600000975654,5,0.012765200001013,0.015373300004284829,
c75cb61e40589e5ebe3b792894eac5199c5ff59c0fd1bed782482b603675e8c7,h101,2,complete,0.01878930000384571,5,0.01345180000498658,0.027481600001920015,
e89d25931e07c0647e29daf027abf14b4c00fa4dbb5493270eb0e46c7456ac51,h101,0,complete,0.02098919999843929,5,0.017815300001529977,0.026478100000531413,
4969b132f8c8a3273cadf723a30d4829e358959c5aef541a39debca25c858da2,h101,-1,complete,0.014908100005413871,5,0.013857199999620207,0.02354149999882793,
e60671fc764924bdec1cc7d69d37ae0d3fcfdc1022709a21976ac53f02454e56,h101,1,complete,0.015507199997955468,5,0.013694500004930887,0.021418500000436325,
4d78d50a03481140a25548851ba93b33f7eb5ecbd044d0e73209e3a6f2e3b893,h101,-2,complete,0.015747599994938355,5,0.014150499999232125,0.019661100006487686,
4e1543fdf461929d897b770a582f3e513c20475de0994acb42f4582897e7696b,h101,2,complete,0.01774209999712184,5,0.015057000004162546,0.020169399998849258,
6bc884e62a1658ae03113e16f1aa40137f42a87665a1c632892cc05bd1478059,h101,0,complete,0.016749000002164394,5,0.014738700003363192,0.022432999998272862,
abff9d96f48bc0d8ab942f419825d70d4214a29eab24e881ab5bd67a6a7a7f57,h101,-1,complete,0.01792800000112038,5,0.01463970000622794,0.020987500000046566,
d33ecf109f6103afb9d1305dd72807d571d9b974b41f05e2f0445dd4a501bb73,h101,1,complete,0.02051410000422038,5,0.016185599997697864,0.023628999995708,
3df90d89448179398f8af7967756947068555194cb13154633192ebcf55753aa,h101,-2,complete,0.01696720000472851,5,0.013615899995784275,0.030385400001250673,
6b653b1fbedbea764f0dad55dfff8f398774ad6da90a7b729f2b0bbac9f6bf12,h101,2,complete,0.014309800004411954,5,0.013557300000684336,0.016671700002916623,
0edc28ba1f48fe3f637f37ba58119243e222542973662bc6b2f0e6470aaac3a2,h101,0,complete,0.014696300000650808,5,0.012393100005283486,0.02539470000192523,
c1b3eb8d7ad1313eeb385ccfa2a12abc7041a9ca70ab573cd980667cf2877398,h101,-1,complete,0.014486899999610614,5,0.012865500000771135,0.02787249999528285,
6946a1d00bec023c9790a0af4cec34f81374b0fe0e58648f632df4bb5e2354d6,h101,1,complete,0.015383600002678577,5,0.012953599994943943,0.017890800001623575,
593cb966c882df24eb7e04b399f6ee235fb918612e46243e095e727c32551790,h101,-2,complete,0.015417499998875428,5,0.01488460000109626,0.03171640000073239,
f2e16f8c443d3594215e29b129454ddc0e869f703d8ea0f4441f48939eba2a99,h101,2,complete,0.014853199994831812,5,0.013496699997631367,0.018777199999021832,
3b1f82f0226cb921d8d6619f83cacf5e7a5271d19fbe6917faafce7f22ddf1ee,h101,0,complete,0.01682069999515079,5,0.016020100003515836,0.017856000005849637,
d347c8688e50bc60399a498ed03d2bd200567b031538cf014062065f2f4db635,h101,-1,complete,0.015591999996104278,5,0.014748200002941303,0.024619899995741434,
65e606421ef859c60de95774cc76faf1a5fab8ae38798e2e1d2c16eb1c788845,h101,1,complete,0.024067099999228958,5,0.013474999999743886,0.026662299998861272,
3922de067017be5eda51cd52fc3249c35cba72bc71bca7a2303d96d2172f60cd,h101,-2,complete,0.021503099997062236,5,0.015472099999897182,0.02766640000481857,
c8a5aa7e5b93c0f0d3015c70e9e046c6b308b645839c5c1b0a13d4712dc6dff2,h101,2,complete,0.015396600007079542,5,0.013823300003423356,0.018270000000484288,
263763b18a4a7bd6af888f26845d09b24207f2b416d5c132e920b69781cc0377,h101,0,complete,0.015214599996397737,5,0.014577999994799029,0.01662930000020424,
9659f63c78957f3cb4af505cda5ec4f5127f5ad9c09c4f102c82c635f11180d8,h101,-1,complete,0.01660670000273967,5,0.013885799999115989,0.01997529999789549,
36ef72cd5857050e0a43dc7d68909a9928ab1e0d0bebddf427d5c4f0be097a32,h101,1,complete,0.015495500003453344,5,0.01376439999876311,0.01987159999407595,
4a4a7e76e567eec4937d04983f4bff42559452974071162ba16c77e928f4e19c,h101,-2,complete,0.016705900001397822,5,0.01547950000531273,0.02234429999953136,
968ddf679ed740cfe5026644e66a2f3a9a9d6209f7cea32309c054dc8ee43c48,h101,2,complete,0.01813209999818355,5,0.013810099997499492,0.02444110000215005,
de95c3600a9429cec2590231094b926fd375e7d9247fc441d2738e2f41be27cc,h101,0,complete,0.015789099998073652,5,0.01279880000220146,0.020206400004099123,
6bd3bf916812cd206c4baa3fd34cc49d87c97e0892526b7e1f3974868cbb51fe,h101,-1,complete,0.01648860000568675,5,0.0137449000030756,0.025367199996253476,
aec9c28333cd55f958dd5dc6508690def3f3c6a483214965bba8150a5c36040e,h101,1,complete,0.01978880000388017,5,0.014457500001299195,0.03335010000591865,
1d8d264bfcd050f363ae6a2ffc189bacd3432f983b47c992a8b1016fa659ee8e,h101,-2,complete,0.015427099999214988,5,0.013954499998362735,0.01744920000055572,
e4b4b44145238323641ff125fcd154bb71177c997315c01a01af38e4abae6421,h101,2,complete,0.020251900001312606,5,0.015293199998268392,0.023988399996596854,
78fe8e2bdf7d48e190277fcc64436dcd7fd0b8358483897a72a722ea9fc57025,h101,0,complete,0.014370600001711864,5,0.013055000003078021,0.028434100000595208,
524a26d7dbce474565f116aa5a96dc99251aea7a2ce4095ec5b28ffe3f9d8fc0,h101,-1,complete,0.01691430000209948,5,0.014637499996752013,0.02629719999822555,
2e1ee85c0f9e56501e77a12943cce43f9fb0098d80d50e18e31a3d46b08087e0,h101,1,complete,0.014701699998113327,5,0.01236629999766592,0.02927579999959562,
2cd4772f13a0feb74df84b274070267b14096ff043e625165d4c654542a89f05,h101,-2,complete,0.016298499998811167,5,0.012302399998588953,0.026012700000137556,
d92112eac640b4ff62bf82e0af8920156a4804901387dbafc98d865c7398b94e,h101,2,complete,0.015079599994351156,5,0.013918199998443015,0.025736499999766238,
d2d81329295d8e866639b9e9c246256d4532c70486efb63cee40f36de97f3191,h101,0,complete,0.014391700002306607,5,0.012858300004154444,0.01592740000342019,
53233ce99d65a9e0a3da9786e1cd68bb73d6eba95d0fb7bcb0419fbfe5829a07,h101,-1,complete,0.016792299997177906,5,0.01377590000629425,0.019192899999325164,
f5cc2c18a00538677a8f5930480e951397e90a97fdfde678917b053e777cddb5,h101,1,complete,0.015526799994404428,5,0.014565899997251108,0.021914899996772874,
c143f3e04250c45aa26cb25336d25bd6d9fdcb6bd04a727f695e51d38dd62b41,h101,-2,complete,0.014697899998282082,5,0.012870000005932525,0.021065000000817236,
668cd2a1d3c39410abd8642f222cf8dd5291bc578d1dfd2e834538567f9b7a94,h101,2,complete,0.02216480000060983,5,0.015422800002852455,0.028410300001269206,
ad49c6bc3a8b06f4b07af31b4c34bd2817015af6f9ff1c01f70ea6fb037113c7,h101,0,complete,0.018614100001286715,5,0.013981100004457403,0.02532420000352431,
069a8e3c9592d0edd70523bd63bc13d8ebaf0f0a8ac600cceaae5e11ac75d33a,h101,-1,complete,0.013477800006512552,5,0.012648399999307003,0.019211499995435588,
644e93507520a714f2ea9ac1bee5cfb705d6bedc9e73417bded63cbd5c318ff8,h101,1,complete,0.013744099996984005,5,0.012866199998825323,0.020818600001803134,
04d23fc5afcafb72aab7657f8411ec618552623707251207093490122fbcec8b,h101,-2,complete,0.01318600000377046,5,0.012304500000027474,0.01472500000090804,
01c04ef6ebd67028323fce4da9262136c7cc28179249fae3ac023a509b8392b7,h101,2,complete,0.016426100002718158,5,0.012808700004825369,0.02010599999630358,
dbe122c18fe090550594546c01db03c2f4f2a116ca8933453729cfb4f432975b,h101,0,complete,0.01883539999835193,5,0.014440500002820045,0.020621700001356658,
a53b11fc21a97146d937dcafa886f62cade0380b98dc1b8adbcc282212607f9a,h101,-1,complete,0.01569789999484783,5,0.013622300000861287,0.01892290000250796,
e1ea34d4fc0ce7f31d9c161a1146a0c1f8827eeff1716ec3cc7ce7bdba6f9421,h101,1,complete,0.016739099999540485,5,0.013996200003020931,0.020664199997554533,
035e734e4fc8db18b35726bb2078bc10a58bcecf11f6d4615e300ee985208531,h101,-2,complete,0.017827800002123695,5,0.013181599999370519,0.01984519999678014,
72938c4a7ead57f63d7037814a95cedb73e81621f02d673ec817ef4a907ddbe1,h101,2,complete,0.01862299999629613,5,0.01398410000547301,0.02729110000655055,
db82ec00c46b40f490a65c6bd37a8eafdc72c2c6cb7737de6e1dcc5ecdb1adde,h101,0,complete,0.01744880000478588,5,0.01378149999800371,0.023609800002304837,
209016483c9836aa072db8eb0970e9421664013b22eea444b998fe6ab7b32435,h101,-1,complete,0.01658290000341367,5,0.014717700003529899,0.03403550000075484,
73359e8fab7c34405f7e30281d2028d9e11b283d9bb15847f1ce12799f2f8ee6,h101,1,complete,0.01574339999933727,5,0.013034499999776017,0.019611099996836856,
90fb05f51a680f6cbbb73dc31236ba277fe73bad9ea0cdc0ff55e84c1c6aa321,h101,-2,complete,0.016809799999464303,5,0.014575900000636466,0.019731200001842808,
70cd532efd7eece0df12bb913439c49a19c94024c03d1abd27456517a737b2ab,h101,2,complete,0.017973699999856763,5,0.013546299996960443,0.02178049999929499,
e29807d44310f4a5009338c66240418744feaa87ed4cf26537554632c6eab283,h101,0,complete,0.022058800001104828,5,0.018112700003257487,0.030324799998197705,
56aa1d6c99b8f5010a53ffaf6b7fde996617e87b5b73081b3af2c37654868932,h101,-1,complete,0.01719079999747919,5,0.01394570000411477,0.02493069999763975,
ab5fa385d6fe3f32691d944648350d7db2c33df437f944007c61bc730e450711,h101,1,complete,0.017912499999511056,5,0.01572660000238102,0.026808599999640137,
6a4d5451b07344177e8c602dec52b31737d9a0f7056084342605cfcb02ffe64c,h101,-2,complete,0.017020299994328525,5,0.014249600004404783,0.029352500001550652,
41c690060a68afbeec8aac1c61ff6bf59762703558c96f80f3d6e6a694f42973,h101,2,complete,0.0196533000053023,5,0.01450190000468865,0.024805200002447236,
2cfc9ba0ab06973ecc3548558932ac506b6f4c908186ce8ba495e53b2755562a,h101,0,complete,0.016836499999044463,5,0.015718300004664343,0.018633899999258574,
841eea1b66c7025f9d142160907466f9c8d019e1701ee26ada9119d55ac2b4ab,h101,-1,complete,0.022763499997381587,5,0.014483200000540819,0.028988600002776366,
70f3f2e7ad433ce2036132a960b03e59e3fb3171c8d3c1d9828e35011ed8d3c3,h101,1,complete,0.016140199993969873,5,0.014601400005631149,0.021575699996901676,
9e52746ec15976774ba77dad65c4766be445790a35493095b6cb4663aab54c6b,h101,-2,complete,0.018011399995884858,5,0.012853699998231605,0.023226099998282734,
cb88ec57cb0d3e2a1bfbc4c3a8783f720bbd26c9251f60f8c68f4e3d8f4e9032,h101,2,complete,0.021137899995665066,5,0.015404799996758811,0.026971799998136703,
93212fd3a0d7d4d9c78bd5878f34b6a4c275dc2e08b88b22841af93808c3cb96,h101,0,complete,0.02276730000448879,5,0.015125900004932191,0.031488100001297425,
cefc81d96365e6e90a66dd5f5aa831c09241711e37a6151e6373920dd739f96f,h101,-1,complete,0.01840010000159964,5,0.015555499994661659,0.020559299999149516,
2d152e0fe41db3b795fe130f96ce814ceb63f4dfa86fba2085c83b97be01b6e7,h101,1,complete,0.017358300006890204,5,0.013249800002085976,0.019325000001117587,
640ed03d02ab704c490e605add0411aad878123754d5b52c5e98fd3083f446d4,h101,-2,complete,0.01550830000633141,5,0.014162600004056003,0.028154300001915544,
ed29956b414dd2072737af4fffdf28c98fc6b90242d9dbee0a04f913e20b3fec,h101,2,complete,0.01978590000362601,5,0.012941200002387632,0.022224799999094103,
3a91643b0abf7268b0b5f5eccd69f99ce4093bf94b87e37de0eafff067c9d2c9,h101,0,complete,0.018302199998288415,5,0.015768900004331954,0.027542299998458475,
c791dba5185efb5b4c43f875ca47e11a8138de9d1dca25a68e146bed203ad1e5,h101,-1,complete,0.015200900001218542,5,0.014725200002430938,0.02004560000204947,
e047c8d686b6acea2a2abd0b64ccd286d3ff708975357099097c4572d162b892,h101,1,complete,0.0172387000056915,5,0.01504459999705432,0.026964399999997113,
4f8db10eb817a7761692cdc0b9a366a6e5b71aaae76f4e95061cfb4483df995a,h101,-2,complete,0.017931200003658887,5,0.01416849999804981,0.019685400002344977,
6e97c160eeb7acaf362e2bdd74694c9a4cb621544b79c87c924f419f894468d3,h101,2,complete,0.020167000002402347,5,0.01629759999923408,0.022257399999944028,
dccfba9e862de30b807aa7b58fd029b88f09e9c064cf10eb646771b720a1505f,h101,0,complete,0.015370000000984874,5,0.014035799998964649,0.017402000004949514,
17de435bf4f55350f7a3e9e076d790b185ac789b37e5e3c1f233bff1a9582b31,h101,-1,complete,0.02502959999401355,5,0.015345599997090176,0.029724499996518716,
6ec1bfefb696b92b2566b599a2aefdace0fd1e717c46bb49baae6f8af06d2c1c,h101,1,complete,0.020935100001224782,5,0.0171390000032261,0.026871599999140017,
33713e5967b14e3927933436fc1d8822864bcae3f8b87960902bea71f41f1e5a,h101,-2,complete,0.017327000001387205,5,0.013485899995430373,0.019842800000333227,
79b5990310052242faf531e1f4b18d5e366d6cc72f68cc393562f569a0432eaf,h101,2,complete,0.01863730000331998,5,0.014578999995137565,0.021994700000504963,
391083577b43253b01db61ce1c6ceeaf400226d12d7898d9edc65cccffc91f40,h101,0,complete,0.02159899999969639,5,0.015933499998936895,0.03868239999428624,
2079e008163632172352e3992b4c12d7939b6e2cdcaace210e643dd22507bd05,h101,-1,complete,0.015878499994869344,5,0.013522100001864601,0.029158899997128174,
7de0dbdc54558650dd052a7a4ca90d8fbc7cd50ee6bea7d36b24cd0040a86e87,h101,1,complete,0.019415899994783103,5,0.017803999995521735,0.02904549999948358,
6d3a0131bd8d1be71501655c955e54c70254ece360532bdd5bf74601b15c9106,h101,-2,complete,0.01783570000407053,5,0.015570499999739695,0.034200100002635736,
b6a8ab354a5ee52da9c05a7875aea4f96f42e13cb392cdfbf6d3da6effdbefa2,h101,2,complete,0.018178099999204278,5,0.012931400000525173,0.04435669999656966,
b4597f17c0f705bdab89f8781a2ded64619817150755f782a92cabdff24d0bc9,h101,0,complete,0.022225199994863942,5,0.01621529999829363,0.02333119999821065,
c1e0e085433fe83285057e79e6dc9eedde7d1dfa358cede0b74eb8b86f972d0d,h101,-1,complete,0.01629020000109449,5,0.014059499997529201,0.02339860000211047,
e0d88f3784097f3f2c016669980ae6fcf38c154473d00e8e2dd3cb857934addc,h101,1,complete,0.021614400000544265,5,0.016534099995624274,0.026290500005416106,
a6226f21b292b55794d1d5c36954c1ca04a79b13c906ddc9031a13b91e59dcb1,h101,-2,complete,0.0214921000006143,5,0.01629339999635704,0.025781299998925533,
642ac2bf285411f8cf1723c5d9c6e377ab8601f4a0a4695c1007acbb3ac306e7,h101,2,complete,0.017588900002010632,5,0.014042399998288602,0.022112799997557886,
5282a3f8118063d2bc3b198cbd0fac163eaa87cb372ff3b5ad003a0a25338c4c,h101,0,complete,0.015308800000639167,5,0.013308600005984772,0.020165500005532522,
742a8d39b25df8199d71c3fdfe85aba2d0818f7734443fe35e1e38f5c8539ca4,h101,-1,complete,0.01813419999962207,5,0.016615900000033434,0.029339799999434035,
754e41e3e690cb41eb5260817abe12a862a2f365b7bdb3e010e64083d5ce29a6,h101,1,complete,0.02095240000198828,5,0.015118700001039542,0.03257630000007339,
130eabdc33ad7365bc0b1a311bf77f227e9cfb5c83b05e23ea28415f9f64675d,h101,-2,complete,0.018871000000217464,5,0.017684999998891726,0.02747329999692738,
6c3b9776f457ffce49d41fc8886a11d31fe093373bc56d21b3668c886f642fa0,h101,2,complete,0.016670200006046798,5,0.014187200002197642,0.021900200001255143,
5e2954f43ee90d57bf7ca73a5d7bedc5cc6671792297277a1ac66d1a210c3f94,h101,0,complete,0.016507000000274274,5,0.014636699997936375,0.01739649999944959,
760f54e7bf6c417fbb119612c7ea9ec3d5b8ee797cfbdea2ed5a5ddc5d896ebf,h101,-1,complete,0.01770580000447808,5,0.014984499997808598,0.025880000001052395,
91a8a9e7e6c99ab106cd4c42921351f4e7b4760f2946b112b961856a38560e1d,h101,1,complete,0.019444000005023554,5,0.018387199997960124,0.023476700000173878,
85131e7932fad5f644fdf56013095fb1af00e23c54531162d412217b06539304,h101,-2,complete,0.017094499999075197,5,0.014828100000158884,0.021188500002608635,
b079dbf49a68fee5cb73b45bcc17460c2f752f588a8f4c39b744886159678079,h101,2,complete,0.020425400005478878,5,0.01631479999923613,0.034614799995324574,
55a43b020e07ae4dc090086ea819a7b40270d24db8fd4bf1e3e556b2cdfd1a07,h101,0,complete,0.017840000000433065,5,0.015067599997564685,0.028311899994150735,
44678d0b7ae858eeb8d901ee006e686466ada801af7345ce8b542a56d6eab216,h101,-1,complete,0.020332000000053085,5,0.016632300001219846,0.026256200006173458,
a063f0472e2d9b9666976953a717e220f9c0df21062939183b356cf3e1bd057c,h101,1,complete,0.019553899997845292,5,0.017348699999274686,0.02888840000377968,
b5f655c91aac44b4cb9432901ee4489fb808300c2b2e73d5dd4943b574bc8c56,h101,-2,complete,0.017966499995964114,5,0.01364550000289455,0.020315599998866674,
bdebcae3a74ecb9ded7e1799c75a3cbb2a318dc64d00633fb9e38e0ff1c5126e,h101,2,complete,0.014180300000589341,5,0.014106000002357177,0.01806120000401279,
5980cd723d0dee6f6bd41b3d28dd293ba856b5000766a99fa4149993bdf74503,h101,0,complete,0.01722650000010617,5,0.013933299997006543,0.02027500000258442,
00bab02bd05b89e4ca6af613d9f2afe09a9238805158d454669fca41e972827d,h101,-1,complete,0.019688200001837686,5,0.015484900002775248,0.020832499998505227,
8ade5d9e09f919d2b05ead84851543cf42b5ccfad42738865cd562c4763b8852,h101,1,complete,0.019707599996763747,5,0.016067299999122042,0.03389030000107596,
299c2994b9fda9c91b06c0c3b55c8a2e11167bf6160f89e5594853e717e2008c,h101,-2,complete,0.01911889999610139,5,0.014800900004047435,0.021237100001599174,
336234711c75e537427c2507fc2c7a47d13697864466acfd4c25a94b34fd9479,h101,2,complete,0.019746500001929235,5,0.01610149999760324,0.022860799996124115,
6354fe71e0c9d2f104184e3d2954175d0b2f1084f90590a87992d1f8ed1b5d44,h101,0,complete,0.01788479999959236,5,0.015834300000278745,0.020434599995496683,
3e8146094be619e8e75d8ee46826738dfd98cb45fbabdd8fd853203f5ac46a3a,h101,-1,complete,0.019318599996040575,5,0.014738799996848684,0.024660600000061095,
d1a288b376639943bf0b209da5ff814bce30b7308bce98e06d138731737f24bb,h101,1,complete,0.01831530000345083,5,0.014150900002277922,0.028571099996042904,
dc925f68880443dee2a2305f7612133556242f395b69ce1a710556d111c95da3,h101,-2,complete,0.019713099994987715,5,0.015658799995435402,0.02717319999646861,
5f781e359b987661a8e9dc2b75d32e209e82e71c7fe03537ab755beff6781568,h101,2,complete,0.02728170000045793,5,0.01893030000064755,0.032843399996636435,
067b8ca18db62a156fea33616e3560a1418e2eff362b083065486af04b1134e9,h101,0,complete,0.02069140000094194,5,0.018698600004427135,0.023819299996830523,
a453016d7b9238c8ae2d874220f4e587b39a5d2e3af2acfdac8d57f04c6466bf,h101,-1,complete,0.027215999994950835,5,0.018627800003741868,0.02816989999701036,
8e98ca7d1f6e85fd60af4c4c4ccdac250ef2b028e1ec27ca814590a5a15a03cf,h101,1,complete,0.021077599994896445,5,0.016802799997094553,0.027281499998935033,
04463e4631a15a56c4c2e0472639d7f423b089ef125d3035623af985b5959848,h101,-2,complete,0.028594899995368905,5,0.019461600000795443,0.030263400003605057,
0cdf40974365cb42a43720c06e6e10fad7d2911efea0052aa6488f0502f60fc5,h101,2,complete,0.026770300006319303,5,0.01978110000345623,0.03325500000210013,
4ccb2f26ef1467f0724928d4db20f7c98e0fe97ddfa58722cd7a09b159bd2ae9,h101,0,complete,0.036610999995900784,5,0.03537510000023758,0.04396970000379952,
f6aea84774e099526564564d882be00aeceebe9555002de708d020bab5cdb43e,h101,-1,complete,0.04288039999664761,5,0.03658759999962058,0.054035000001022127,
f182bc8ba88b34fb7c93416f1542d0c0a536ec01b206c4f7fc302c21fbc624d0,h101,1,complete,0.038773799999034964,5,0.03346130000136327,0.05001049999555107,
6666a84d15c185f37fb6cbbd281dd7f2dec8972674baca227acb9335e76b048e,h101,-2,complete,0.04049690000101691,5,0.03278829999908339,0.04473570000118343,
012553136cddb8759157281acc5e1e997267388ea65f39f02d05c4b4644ad4a6,h101,2,complete,0.04168800000479678,5,0.0346032000015839,0.07295179999346146,
feac4949a18511cb9caed243cf46a37aae6caa7c30ac349e924d4bfa7048aacc,h101,0,complete,0.05848250000417465,5,0.0460492999991402,0.08263440000155242,
2ae9fb55a576de71681e6ebd5564f8bbfb808d166b8d3fd44ca67fd8be58d58c,h101,-1,complete,0.056641000002855435,5,0.04747849999694154,0.06206659999588737,
a8b15d4a4d373c1ebd35a871ef85d21b27949eae34a2b50fee9c13bad85ebf0e,h101,1,complete,0.04816690000006929,5,0.04525830000056885,0.062385299999732524,
cb7ff366d15b49770cec449efdfcfcf424e64afa50bf41686e994e4aa6ac3acd,h101,-2,complete,0.05093860000488348,5,0.0480122000008123,0.06980640000256244,
87f8e4cd5f19b618c591d063770d3d68adf68f6c258e396823891d27cdcc8fcc,h101,2,complete,0.05149330000131158,5,0.045976200002769474,0.055664100000285544,
e75bb5430f9d981bcad02221d7bf06283ee95e5cf0e3168d1dc9a8ce521e2518,h101,0,complete,0.053491300001041964,5,0.04624039999907836,0.06107540000084555,
7b01b54df50fc45ef4d48253b4f23412913c4af1ab780dac726233fe81f23d4f,h101,-1,complete,0.05272270000568824,5,0.04827130000194302,0.060587100000702776,
83419ba733852ca31515cd9d8c23b99c0213e9ab5f133bac5c1379c5c6daae41,h101,1,complete,0.0555363999956171,5,0.046777399998973124,0.06912220000231173,
23e8698b2c78ca922a7853a602872fca45ed138657334d93ef83419683c888ef,h101,-2,complete,0.04978310000296915,5,0.04492989999562269,0.06733350000286009,
9436bf9d8d243d4c45c468cee0e318d72b9ef0dc023369c9df3bb83bea57588b,h101,2,complete,0.05449190000217641,5,0.05056490000424674,0.08026070000050822,
216244f3f40cb47b085211e13b1e34dbf61d2d2f7310b6352cd4e624901dad50,h101,0,complete,0.054686399998900015,5,0.04619049999746494,0.062051499997323845,
89799698e11f9cee753f9156e9364d1aaf46f089828d8211258f27e388b1dcf3,h101,-1,complete,0.05700359999900684,5,0.04664680000132648,0.059418500000901986,
9a6f37ce209b3250c348bdb5d4da7fea70fd23d35324bcb32a8f301aa89eecd9,h101,1,complete,0.04957470000226749,5,0.045625400001881644,0.05766790000052424,
4ddc70578ad28c2cde96dd940c45dd99a3b49aa5610d70f20cdf572aee741335,h101,-2,complete,0.05291550000401912,5,0.04983709999942221,0.05876930000522407,
0a3bbb07d0e35c0442b617babdc7d554414e89a521bebafd2475a0452f2efcf3,h101,2,complete,0.05227459999878192,5,0.05175269999745069,0.06193889999849489,
3b982d89d47ba255260c88db62bbef897a33148a0fb19818d62953306321fc94,h101,0,complete,0.05054749999544583,5,0.04531120000319788,0.06373899999744026,
1630e891ed2d82a659c3e363a65592dbccb18f45791289fe6b45eaa208bb24f9,h101,-1,complete,0.05434110000351211,5,0.04957229999854462,0.08128999999462394,
a89d4f373d8bf57319e55ff18ec754d21e57ba873714d611e97c08ed8bcd177d,h101,1,complete,0.05672730000515003,5,0.04857590000028722,0.05903089999628719,
8ed23c9b3ce22dbdd8fa6b171918f6e15f3e68f53abaf322e80c41400f255c44,h101,-2,complete,0.06303710000065621,5,0.051289399998495355,0.0698298000061186,
c8a8540c26a2f85cd0b044674e4900221d0cd49eff9dfd2118c1f24613e746c9,h101,2,complete,0.05896560000110185,5,0.05414030000247294,0.0782374999980675,
85c6aed0e02b60eb8eb4fdc513b27ad121cc3e0f12e709b94eb3f928d29dd147,h101,0,complete,0.05601319999550469,5,0.05046969999966677,0.07023529999423772,
4593b7c97dcf21cb9f9a187817e94ab65c8d6c14e4c59907a429160b22e36412,h101,-1,complete,0.051108100000419654,5,0.048792100002174266,0.0639764000006835,
e8d9fcec6b3943a706797d36a50fad3f00127878f37302fb2f9cb9314538dad2,h101,1,complete,0.05244959999981802,5,0.042720500001451,0.057966899999883026,
586b9a85e74ade9807b9bd63a2148edcff91a97c243a7b5ff3e1ecb597e87aff,h101,-2,complete,0.045697400004428346,5,0.044340899999951944,0.04623430000356166,
860047710db4f9dccb9a61ac1f3c0ed43ebf09056cf8d9e180d94eb0b0e966e1,h101,2,complete,0.04531159999896772,5,0.04410959999950137,0.046648700001242105,
33fc3c330c9e882a23ecaa72f62fd2671a7191a396d06d82738ab73e33442e4e,h101,0,unsupported_profile_domain,0.0016467000023112632,5,0.001601299998583272,0.0017769999976735562,
e4f293e7abafd569b621c73192d2581f78918e1b5d70b839ac62b0bbc73aeec5,h101,-1,unsupported_profile_domain,0.0018149999959859997,5,0.0016346999982488342,0.0021022000000812113,
c4839ef47422ad8fd5a6bf9eb13aa25ffc7d27f798aea6ace335b6c27e192e1a,h101,1,unsupported_profile_domain,0.0017706999933579937,5,0.0017129999978351407,0.002333300006284844,
13fe1523b00ac8e4b1c58f6ae8884cb1c082c78d020d5348c41e62bd731ef3a3,h101,-2,unsupported_profile_domain,0.0016468000030727126,5,0.0016346000047633424,0.0016858000017236918,
ed82643c6068d8f31dc5ef459d1898aaf4517b615b2c5f074628cf7aac27df22,h101,2,unsupported_profile_domain,0.0017096000010496937,5,0.0016131999946082942,0.0019264000002294779,
1e23e0c680ece7627c28349b9c62ed00b59c1394d708dd85891842d983bc7334,h101,0,unsupported_profile_domain,0.0012338999949861318,5,0.0012141999977757223,0.0014326000018627383,
b9399900ae6def3262f3c729f3bb996caef6002688584ea59035c4a3fd7724d8,h101,-1,unsupported_profile_domain,0.0012915999977849424,5,0.0012827999962610193,0.0013613999981316738,
ed9d4c2dc6e5fd66c186aa4fd0c23b1fc20f85aba1372c6f5e60b346611c77f2,h101,1,unsupported_profile_domain,0.001240700003108941,5,0.0012122999978601001,0.001356200002192054,
aeb405c9d0132ee27c9c1909dbf2b622f1fb12c47e0dee94d22e07add284192f,h101,-2,unsupported_profile_domain,0.0013150000013411045,5,0.0011973000000580214,0.0014004999975441024,
3afe37d9243ed7060ce8d8a3a31d34945df290709b1e1a3ccd404c6e82be49f1,h101,2,unsupported_profile_domain,0.001254700000572484,5,0.001207300003443379,0.0012904000031994656,
1436fe49733121a8f5d2818c78818244e9bebe0feb76230ad3a325abe299002e,h101,0,unsupported_profile_domain,0.0012277999994694255,5,0.0012145000000600703,0.0014477000004262663,
00d1ced13b4f876a5b702f41d8d27412c74fabf7c515454090179a1310306cf1,h101,-1,unsupported_profile_domain,0.0012258999995538034,5,0.0012185000014142133,0.0013230999975348823,
2fd15bc07443b404647c234409bca760c7dbe57c1182b0fba877f6905698123a,h101,1,unsupported_profile_domain,0.0012205999955767766,5,0.0012138000020058826,0.0012820999982068315,
5471cca6cfe64df4afb8c6b475b1ab33f7b9ad0a46ac0d0526dbcb9fae4f9a5f,h101,-2,unsupported_profile_domain,0.0012857000037911348,5,0.00122160000319127,0.0013266000023577362,
21138f57c0617f6862d0f0a01bb7f98132d1c6de4fbd7477b74e4408fcbad256,h101,2,unsupported_profile_domain,0.0013003999993088655,5,0.001222899998538196,0.0014238000003388152,
f19e6c46310e7be40967d406ff67da1cf569bbcb328cb4804d296b3e678838f9,h101,0,unsupported_profile_domain,0.001261799996427726,5,0.0012229000058141537,0.001305300000240095,
5353d137a357301347928cef92998aea40aec0c8839821971c8f79bf0bba79ae,h101,-1,unsupported_profile_domain,0.0012782000048900954,5,0.0012165000007371418,0.001439899999240879,
c439d0ad0b80f127300191ee431079cceeed5f5f2385a8c9ac7910404f1f37cf,h101,1,unsupported_profile_domain,0.0012512999965110794,5,0.0012017000044579618,0.001296999995247461,
3b8fdc2036fcb779bc609bd5807980c2609a8e2459ae8b6fa44325dd0c2c617a,h101,-2,unsupported_profile_domain,0.0012735999989672564,5,0.0012175000010756776,0.0014833000022917986,
0a70a2c63457fe3add070c748aba5b3539296b80b4547b6faee407f9dd8ac4ff,h101,2,unsupported_profile_domain,0.001246699997864198,5,0.0012420000057318248,0.001338699999905657,
5ef5678966166c4990dd1bbf94db6017760501614ef059462816c71365552d73,h101,0,unsupported_profile_domain,0.0012748999943141825,5,0.0012425000022631139,0.0013289999988046475,
a4abc3459c2249ced68e06ab849ec6ce8b629f1598f33a52b6f7c878be644e4d,h101,-1,unsupported_profile_domain,0.001280700002098456,5,0.0012618000037036836,0.0013479000044753775,
585b28bdc47b83797450fd18c3ebae4b9f29ef0e432e0161487bcd8395d70e2b,h101,1,unsupported_profile_domain,0.0013229000032879412,5,0.0012281000017537735,0.0013574000040534884,
dadf9d7beb9bad6a168e0e6c12ac2f16bba31fde9c3096e4efc12e31dd1f47ee,h101,-2,unsupported_profile_domain,0.0012781999976141378,5,0.0012309000012464821,0.0014697000005980954,
6fef4d3fea16123a2e764ff77598a391c82c97d57c704c5f6bd3ec492ca5f822,h101,2,unsupported_profile_domain,0.001294699999561999,5,0.0012270000006537884,0.0013927000036346726,
dfad3de147b4f906febb8ab9c759da8e44b8adfd0a8588460132f72a0f4d2346,h101,0,unsupported_profile_domain,0.0013172999970265664,5,0.0012885000032838434,0.0015280000006896444,
9c524b4dd8f6d32c6c50502cc016a952bc592404756b5a2d36073f9a1bad35b1,h101,-1,unsupported_profile_domain,0.0013311000002431683,5,0.0012405000015860423,0.001368700002785772,
0ec1892905607a8e816c65f957480df95d27e75fa76bde45ad2fed05ffa6343b,h101,1,unsupported_profile_domain,0.0012860999995609745,5,0.0012309000012464821,0.0013320999933057465,
bb35ba085d5046642234048d6c38b96e7ecd6259e08a888609c6ded5bf7781d0,h101,-2,unsupported_profile_domain,0.0012483999962569214,5,0.0012104999987059273,0.0013430999970296398,
c09efb621e526bce43d110a58e7cacf090cab402f4ff43401ca7d4397a514566,h101,2,unsupported_profile_domain,0.001243300001078751,5,0.0012169999972684309,0.0013127999991411343,
2449dc6ccf02f5df9176d238db6efdf0f6a293dbe4bdd1bc8c4ac58217f61416,h101,0,unsupported_profile_domain,0.0013092000008327886,5,0.0012111000032746233,0.0014229000007617287,
8becdfcf04b3b2089a4e3755394ee03de39d7e73897b63dd6ee5bc50b8fb75ca,h101,-1,unsupported_profile_domain,0.0012277999994694255,5,0.0012075999984517694,0.001293599998462014,
d7698969e46cd61c54d5f5312b6c863e002973cdf085db41f66ca24108efbf50,h101,1,unsupported_profile_domain,0.0012373999998089857,5,0.0012090999953215942,0.0012841999996453524,
1a13029de0bc92a6aca76c1a6b95dec3c6543e8b411035fd1479f7f9e428b7ad,h101,-2,unsupported_profile_domain,0.001255199997103773,5,0.0012201999998069368,0.0013051999994786456,
dcd7171abe551a14c5c4a9915f1775efa26b7b115cab136b08603c1cd88abe3e,h101,2,unsupported_profile_domain,0.0012821999989682809,5,0.0012509000007412396,0.0013422999982140027,
c687419038a1e17730ed579b9d60173a66950d54a01a9b1be11b674132ddd154,h101,0,unsupported_profile_domain,0.001279600000998471,5,0.0012629999982891604,0.0014607000048272312,
c265075118196036140c267a9d19e7b3c0633172801fd44ecba1aef44f69e8f4,h101,-1,unsupported_profile_domain,0.0013264000008348376,5,0.0012353999991319142,0.0018907999983639456,
219d869be5879a1be2e3af236031ca3110aa631a61accbc04bb97adc1dbf4ff7,h101,1,unsupported_profile_domain,0.0012485999977798201,5,0.0012141000042902306,0.0014274999994086102,
40b7b3515f3051f2a02d20f062dfa87a14f09d8e6a724bbf0748d52e3169f723,h101,-2,unsupported_profile_domain,0.0012330999961704947,5,0.0011992999934591353,0.0013221000044723041,
4bfca1947186caf548cd22cdcb760b4a079d92d9f963f5b33d04ee84eef84cee,h101,2,unsupported_profile_domain,0.0012237999981152825,5,0.0012172000060672872,0.001297799994063098,
173cf2d6948c74014dc2c410c34a09d59828963cf51398347f8808748c989d15,h101,0,unsupported_profile_domain,0.0013026000015088357,5,0.0012035999970976263,0.001363900002615992,
20e81be17da0142bac2f85a072cf6bfe58c291aa31337ebf03757539061e4640,h101,-1,unsupported_profile_domain,0.0013128999999025837,5,0.001228699999046512,0.0014668000003439374,
68adb85c2ea975a28e8b3fd197d742ec8d8f92f0c91751526c16dbdec7cb949d,h101,1,unsupported_profile_domain,0.0012343000053078867,5,0.0012320000023464672,0.001300699994317256,
6a56da79c63687ccce8f5b00ff09b6aa39a3407761f7e419befd9d929c9f2edf,h101,-2,unsupported_profile_domain,0.0013290999995660968,5,0.0012585000004037283,0.0015066000050865114,
290484b99651ae0fce97768f4f4bf2972c2c57835ee50c129609e4b89a58d6d6,h101,2,unsupported_profile_domain,0.0012802999990526587,5,0.0012092000033590011,0.001297900002100505,
e8ed02cd0bef050bf83f1ce54c17a48e829efbad8a0e0c4922732563eac0cdc7,h101,0,unsupported_profile_domain,0.0012952000033692457,5,0.0012464000028558075,0.001415799997630529,
4b7ca34ab291e95e441e62dbaca3afa17a1200f2c19d507e24748b76fd23449d,h101,-1,unsupported_profile_domain,0.0012747000000672415,5,0.0012266999983694404,0.0013188000011723489,
0cd1c9c85ecdb5e52e4b374a73380dfb2282673c6bd150f4ff3f2f8213078744,h101,1,unsupported_profile_domain,0.0012193999937153421,5,0.001207799999974668,0.0013179000015952624,
c214422e6850e4d114e28071bdb3771741d06357c3f192874b46ec35f72615bf,h101,-2,unsupported_profile_domain,0.0012224999954923987,5,0.0012092999968444929,0.0012297999928705394,
c1925976b921c9a71cb3590e3f78973dfc9426eb4759c7dd1f81b62f6bf01c96,h101,2,unsupported_profile_domain,0.0012568999954964966,5,0.0012289999940549023,0.0015987000006134622,
487201f7cd215b3661bf894ad72bb64a13e326973991710b8e59afdbab26b3a4,h101,0,unsupported_profile_domain,0.0013338000062503852,5,0.0012347000010777265,0.0016662999987602234,
6654fd8acb0fc33e88a142a0569e6de256b98a56be6168b5f123836997f5a44d,h101,-1,unsupported_profile_domain,0.0012983000051463023,5,0.0011999999987892807,0.0013747999983024783,
ec8fc957fc67c7405c95ab454d085090accf189c2c12262fcda01ec6f3e6fb83,h101,1,unsupported_profile_domain,0.0012312000035308301,5,0.0012022000009892508,0.0013334999966900796,
c6d254c67008f4e2eeec07b31c0d86528349cfed1a5ee65f4134f807b702d08b,h101,-2,unsupported_profile_domain,0.0012636000028578565,5,0.0012216999966767617,0.0016990000003715977,
b9a582fc23804880c2c70a3cab8697a2aae31364cba17a75e0b2a5193613bf12,h101,2,unsupported_profile_domain,0.0012368000025162473,5,0.0012150999973528087,0.001506699998572003,
57d90e86c60972a7696b0399b083ed2e0c3a2c0f9bde2a92dfa84802dc6f6f61,h101,0,unsupported_profile_domain,0.0012491000015870668,5,0.001208299996505957,0.001315900000918191,
9cbe7aa656eec88bfa0931ae09e415060e4d0a9a862c4848100df394002e9765,h101,-1,unsupported_profile_domain,0.0012321999965934083,5,0.0012060000008204952,0.001702800000202842,
9e88deae3025873896d08e46c0afaf5ff919e83f30f730a99f8653728b992996,h101,1,unsupported_profile_domain,0.0012667999981204048,5,0.001208100002259016,0.0013843000051565468,
e0fff2e539e363d74b5db472589cde518c0cf564be23dc1018458f65bfeaed6a,h101,-2,unsupported_profile_domain,0.001466699999582488,5,0.0012047999989590608,0.0014990999989095144,
86c1e22ec0d02731f19ec8d85eeadf4bb5c61c90843b4dd201d2faae1bc9fb7b,h101,2,unsupported_profile_domain,0.001275599999644328,5,0.001200899998366367,0.0014137999969534576,
2c137e7320ad0d3929848208f5e06d6dcabdf66a1aa8af32921c8de8f1c05887,h101,0,unsupported_profile_domain,0.0012548000013339333,5,0.0012117999940528534,0.0014513000060105696,
9b21ef0dc3728c71eebe67c15ce09dea78f7cdae9b7d105c676457d6567db5ba,h101,-1,unsupported_profile_domain,0.0012175000010756776,5,0.0012099000014131889,0.0013288999980431981,
1f4709ede3edfd4040b5d6ebf430e66dd48ff9ff33355192a6069867f58143ea,h101,1,unsupported_profile_domain,0.0012346000003162771,5,0.0012113999982830137,0.0012931000019307248,
db734aaac438f6df78f5ec0b81df952ea2719e1022da2ee3ce9fbe0921c89571,h101,-2,unsupported_profile_domain,0.0012942999965162016,5,0.0012095999991288409,0.0014165000029606745,
be7e99d4d4230bdeaeaf728a212698145be67b736eee042d2ca8a2c92f809604,h101,2,unsupported_profile_domain,0.001262899997527711,5,0.0012226000035298057,0.001408099997206591,
4c0f5373c4e30079f36d78f800bd6e1789f50f0ca96ddacee43b20a4202a867c,h101,0,unsupported_profile_domain,0.001237300006323494,5,0.0012319000015850179,0.00129420000303071,
107f5e448e299fdbe5f79ea63db97da6fb2f3b8734e0dc284b5d83f51ca10ed6,h101,-1,unsupported_profile_domain,0.0012810999978682958,5,0.0012260000003152527,0.0013948999985586852,
44b21415945acee22dea1af708d2a3a34ecd7250820a974b3e52915091b2a130,h101,1,unsupported_profile_domain,0.0012482000020099804,5,0.001219199999468401,0.0014048999946680851,
adcfb38f4b63fd7dec16b2e31403499bab1f6ca7e381bd493e6cb30029d4bad4,h101,-2,unsupported_profile_domain,0.0012551000036182813,5,0.0012268999998923391,0.0013699999981326982,
a04f400be8987ba03cba6e88560294674751b013dfa7f819ecbc743919464464,h101,2,unsupported_profile_domain,0.0012932000026921742,5,0.0012682000015047379,0.0017919000019901432,
2eea4599e3e091212adea71798152eaae411ae6870ef25d6064afda4ac319d6e,h101,0,unsupported_profile_domain,0.0013065000021015294,5,0.0012436999968485907,0.0013267999966046773,
5c8c3a2edee69b7c070f2053da3850e098c81e091982bea794fc439b0d061d10,h101,-1,unsupported_profile_domain,0.001277199997275602,5,0.0012127000009058975,0.001288100000238046,
ed01cd70ebb86195cb3a86283f91aebbbd581b2c8830ac7104f2585d38e07e78,h101,1,unsupported_profile_domain,0.0012322999973548576,5,0.0012196999959996901,0.0013082000004942529,
b1971d8c4bc9b3600bd9bb747865b3b057d1fc991fdb72055a9ee377fb4de9ab,h101,-2,unsupported_profile_domain,0.001228399996762164,5,0.0012117000005673617,0.0013050000052317046,
1e871929544513239ca0c3b8c52bfa9a68f072de2d96a5c45fed7dc658d242c1,h101,2,unsupported_profile_domain,0.0012602999995579012,5,0.0012024999959976412,0.0019567999988794327,
77852bb3c1c15fa3d10120f518ef46e3b3844f10c0b82ec362b8e9e2e4a41193,h101,0,unsupported_profile_domain,0.0013437999950838275,5,0.0012848000042140484,0.0014425999979721382,
670081764b12cb688e093eb5d02fcb82d6dd41a6bee6919e30b7934a7de7da19,h101,-1,unsupported_profile_domain,0.001241000005393289,5,0.0012132999981986359,0.0013057000032858923,
393a3595acdac2bad343b1bfa8d6b4ec981706bdbbdff70efab9729182fdd665,h101,1,unsupported_profile_domain,0.0012793999994755723,5,0.0012333999984548427,0.001311899999564048,
0b3004fe601ce025ec1aa892654106a534dd2a84318567602469293fcb45ff77,h101,-2,unsupported_profile_domain,0.0012483000027714297,5,0.001221499995153863,0.0013391000029514544,
143437e459d20e3685f4be3a22f7b9ec9146943cca95fa25053770f80e31a71f,h101,2,unsupported_profile_domain,0.0012271000014152378,5,0.001218099998368416,0.001276500006497372,
2a8a6bc17ad7dbf3fae4e9de20ec20ff390485914a814ec06c190a843e74c8be,h101,0,unsupported_profile_domain,0.0012545999998110346,5,0.0012237000046297908,0.0013781999950879253,
e8d510e9697bff3ebf63bbe0936ce5d0b21d0a7f041ffbdabf9ee9a46726193c,h101,-1,unsupported_profile_domain,0.0013638000018545426,5,0.0012263000025996007,0.0014795000024605542,
e3feb3e19481fe2b0b0d2d7405d33c132f04846dcd2daf9b9b41ed3500d75bfb,h101,1,unsupported_profile_domain,0.0013410000028670765,5,0.0012511000022641383,0.001444399997126311,
6859f2c63447aeeec77457492083fa65d8feecab979c13c83db468707149465c,h101,-2,unsupported_profile_domain,0.0013475000014295802,5,0.001211499999044463,0.0017014999975799583,
d9b7d05d7efeffa27eb4ae25490ddbc28534b41add2b1b460e952c6251cec1ff,h101,2,unsupported_profile_domain,0.0012851999999838881,5,0.0012166000014985912,0.0013894000003347173,
23f8438273dc8072a8000d3b219c1d765f12d510a891e8f523853f744b007d6e,h101,0,unsupported_profile_domain,0.0012346000003162771,5,0.0012167000022600405,0.0012955000056535937,
95642148a3fff639520ff42ee9b717f277c1d12f21794cf78b820845b95ed9a6,h101,-1,unsupported_profile_domain,0.0012741999962599948,5,0.001230100002430845,0.0014152000003377907,
a605f71741ad629850643e87a111a827922f943f3140623e15bc8114db5c2880,h101,1,unsupported_profile_domain,0.0013392999971983954,5,0.0012758000011672266,0.0014154000018606894,
cfd395051e72c1e02beddc6d09aa57643d73e1831a35afe1de0a0beeb94911c2,h101,-2,unsupported_profile_domain,0.0012291000020923093,5,0.001196899997012224,0.0012752000038744882,
b4880d1f0ab46af745055ae1c3fe3efef6c87b9ae227bdc13a5dbeb0bb6f728f,h101,2,unsupported_profile_domain,0.0012874000021838583,5,0.001224999999976717,0.0013547000053222291,
870c916de0bae78f4c5f5296e12ea2c27d1e19354f0a6d80c91a7f586fe1023a,h101,0,unsupported_profile_domain,0.0012981999971088953,5,0.0012703000029432587,0.0013255000012577511,
886909573bd053306e2355ceb9b2686dd205b71fd4fae3cf5723ead504aae63b,h101,-1,unsupported_profile_domain,0.001219500001752749,5,0.001216100004967302,0.001312399996095337,
6f3b4f425408c58064136bb4cb34ed4d384c5b7423d76dec1137eea47a27f3cb,h101,1,unsupported_profile_domain,0.0012262000018381514,5,0.0012056999985361472,0.0012988000016775914,
00b32c80cc26fda4c0e5e3cd0e1e4a57f91f8371dc9f14a79e5b54b7e5059885,h101,-2,unsupported_profile_domain,0.001252100002602674,5,0.001229800000146497,0.001378500004648231,
9084fb2e2baec8f7d202631ff78fbba3a860e74d8f33d168ae5f51f2d2d43858,h101,2,unsupported_profile_domain,0.0013175999993109144,5,0.0012130999966757372,0.0013803000038024038,
0875c2c20f0c945e89e2834102a4445429c7a1ce03382101b8f2ce8fe5156e64,h101,0,unsupported_profile_domain,0.0012485999977798201,5,0.0012231000000610948,0.001367600001685787,
dd68f4e29c40bf4bd32c5b1c88bc74fb0159bd2d0b2069293eca15370397c5f6,h101,-1,unsupported_profile_domain,0.001247799998964183,5,0.0012235000031068921,0.0013942000005044974,
07e9b70df91bf9f153936b892e9b20a6fad0ed4589c9f924b922f912b41d43f3,h101,1,unsupported_profile_domain,0.0012625000017578714,5,0.0012302999966777861,0.0013064999948255718,
1aac135014ccf152a7010caa3113f6d44bcdf0d9f715bd64929e6b684431a16b,h101,-2,unsupported_profile_domain,0.0013543000022764318,5,0.0012724999978672713,0.0015076999989105389,
892da8380d9a3748719ede697567371923cc9075ca48914b47db33d518268622,h101,2,unsupported_profile_domain,0.0013209000026108697,5,0.0012739000012516044,0.0013441999981296249,
9e6e5790a8eb3666a9ae2a97e658d707f61a198cce906a6c684834437a7aa558,h101,0,unsupported_profile_domain,0.001353600004222244,5,0.0012467999986256473,0.0019431999971857294,
249cc63fa426e38c1368cac9a1f52643fbeeb26595a360d33ea294d0f3a5ccfc,h101,-1,unsupported_profile_domain,0.0012655999962589704,5,0.001234100003784988,0.0013113999957568012,
60f36cccbb182fb120f3dad051154ff09d8408e1d01d3108424f55ef4790c3d5,h101,1,unsupported_profile_domain,0.0012780000033671968,5,0.001224999999976717,0.0016471000053570606,
05021fc814ac85924dfce72782cc8123c71d3f649050513c8a70b07d490aae5d,h101,-2,unsupported_profile_domain,0.001283600002352614,5,0.0012130999966757372,0.00132790000498062,
09adc5ddfed482abd9160c3a5a0e76d7e5ad1bfcb8bf1d6030739009b6fcd61d,h101,2,unsupported_profile_domain,0.0012382999993860722,5,0.0012308000004850328,0.00129640000523068,
08112f11269f570a34d463c4fd9370d3bb6130c7f3fcc59fe1bf140bcdb13332,h101,0,unsupported_profile_domain,0.0012655000027734786,5,0.0012149000031058677,0.0016010000035748817,
c5afd8182305e7ca32184314b75a2b9cdd9f336cd193ed3a972af6df70eae657,h101,-1,unsupported_profile_domain,0.0012489000000641681,5,0.0011957000024267472,0.0014418999999179505,
b3a05f74cd41a5606343d69bb66f46013a26593550001953a22ecba2f62fbce0,h101,1,unsupported_profile_domain,0.0013962999946670607,5,0.0013183999981265515,0.0015557999940938316,
838cc46f34008541a0362ac92d83ecb512878f0e352d812abd0113614218a3a7,h101,-2,unsupported_profile_domain,0.0013112000015098602,5,0.0012405000015860423,0.0014525000005960464,
fdc839993e29bc0888cc37ef61da9035fcac4b83aa548009819154ef8908a50f,h101,2,unsupported_profile_domain,0.0013458999965223484,5,0.0012806999948224984,0.0013553000026149675,
745a91df5d3ae1eee5890173fd1d1205994e95b60a372e51c1ca285c76b959cc,h101,0,unsupported_profile_domain,0.0013032000060775317,5,0.0012419000049703754,0.001367600001685787,
6b5e8b7e519aba954233fe78b5346229ab5b4cb009e1d559ed26e50bbaf34d35,h101,-1,unsupported_profile_domain,0.0013209999960963614,5,0.0012714999975287355,0.0013638000018545426,
640327a49b866a7034c8f00d17ac26f44e8bb2a1714bdff6fd4f34bc1b7b4156,h101,1,unsupported_profile_domain,0.0013508000047295354,5,0.001287900005991105,0.0014682000037282705,
0b69cd3abd871da9022641d2bbcdb2ebf1cbbd3e3ac228896f8ca49dd1232f75,h101,-2,unsupported_profile_domain,0.0012675000034505501,5,0.001234400006069336,0.0013924000013503246,
0ad8df62f255f79e52f791d7a73cb50b9b63cfa64ed8d2e4d215f34528accf94,h101,2,unsupported_profile_domain,0.001266100000066217,5,0.001258399999642279,0.0013469999976223335,
70f520a5ef02eda99c175242138a19e9aebd091c3b403408d425e0cdc25d98f6,h101,0,unsupported_profile_domain,0.001261799996427726,5,0.0012504999976954423,0.0013634999995701946,
a7ee502bf81cd414e6b6e5d16525e8fa90169deb4e42b6049912fbcf00b9932a,h101,-1,unsupported_profile_domain,0.001319299997703638,5,0.0012163999999756925,0.0013956999973743223,
6935e8ea3d3f2d03f6fc047cb10f58967d808a561c42c03e5c2619af74a38b04,h101,1,unsupported_profile_domain,0.0013263000000733882,5,0.0012133000054745935,0.0014236999995773658,
4b42a7a8305ef9b126691e85abbda15f47648a8c28119f976471868272be3995,h101,-2,unsupported_profile_domain,0.001305300000240095,5,0.001217299999552779,0.0013952000008430332,
90ec5b7adf63da087f6f30297db4da4cf65a15a7bed96e17009c57aaac720fef,h101,2,unsupported_profile_domain,0.0013187999938963912,5,0.0012483999962569214,0.0013315999967744574,
9a2773c1e6e3434f57f2ae214a1c49d3679e28ad6969873b98d3357cdd8236cc,h101,0,unsupported_profile_domain,0.0012444999956642278,5,0.001215500000398606,0.0015617999961250462,
9ec83a6326886e79bb4030da193cabd8bb92845720c4297d152a832fa4b8512f,h101,-1,unsupported_profile_domain,0.0012618000037036836,5,0.0012101000029360875,0.001403400005074218,
0d8bcf19d9b6548eab36b8bfbf06fb97c440e300d333ba5c18791e94ab019936,h101,1,unsupported_profile_domain,0.0012859000053140335,5,0.001237000004039146,0.0014158999983919784,
45874002d036187c21c9b621e7fb0fd8ec3ba7be043d570a854f56fae333e6e1,h101,-2,unsupported_profile_domain,0.0012365000002318993,5,0.001225199994223658,0.0018342999974265695,
95f94b85814e805962acaf2448368d245fff7811cf4fa514aa3c9e1a33f71486,h101,2,unsupported_profile_domain,0.0012633000005735084,5,0.0012040000001434237,0.0013905000014347024,
7a266218c7eb6aea516a4e70ee127024bcdb5de7f229f2ff103fdecdfb1fca10,h101,0,unsupported_profile_domain,0.0012548000013339333,5,0.0012141000042902306,0.0012946000060765073,
36302e10b2af2c1db56e129ef514c1291e35d2c8e330ae2f0fba61ea70acb087,h101,-1,unsupported_profile_domain,0.001430399999662768,5,0.0012153999996371567,0.0016751000002841465,
171ba744e1b4bd138d101b58cf5138325628548baa0f20ddc2bfc5e613b872d9,h101,1,unsupported_profile_domain,0.0013235000005806796,5,0.0012492000023485161,0.0013873999996576458,
f679d3e0128acbff073214fe294f7ac1b4dcd926348a9d37ea816c75f42a89bd,h101,-2,unsupported_profile_domain,0.001371300000755582,5,0.0012665000031120144,0.0014301000046543777,
9b23a124eaf3594c5e4806229323af688bfa421cdd2e5756f3854d883e9cfbdf,h101,2,unsupported_profile_domain,0.0013005000000703149,5,0.001257600000826642,0.0013453999999910593,
5718c314548677f100860d122e91b5bbdf3aa5cc6af3c94fba9f411c9156bb36,h101,0,unsupported_profile_domain,0.0012854000015067868,5,0.0012486999985412695,0.0013476999956765212,
b4ed3cb640f219d1cff3a05ac953e830ebd63543619dc2bf5f8e3352da0cea6f,h101,-1,unsupported_profile_domain,0.0012281000017537735,5,0.0012093999976059422,0.0015469999998458661,
80405f134ebd8a08731246527e284d343954242a5f50573ad5bb298c95e57fa6,h101,1,unsupported_profile_domain,0.0012352000048849732,5,0.0012244999961694703,0.0013218999956734478,
b1825ee9621f5d35d6ac796484f03c5ffb53b725628ba85d26c7483813519f01,h101,-2,unsupported_profile_domain,0.0012848999976995401,5,0.0012196000025141984,0.001400200002535712,
8c1c6388f19985029ab8443fbf75a83854b6118c166a3cc2314e8f0e9ea5cd4c,h101,2,unsupported_profile_domain,0.0012413000004016794,5,0.0012157000019215047,0.0013758000059169717,
ac0c1cbbca33fd38c56b51a1eb8489b155c37410273c2a390f2ee82912f3dc68,h101,0,unsupported_profile_domain,0.0013063000005786307,5,0.0012090000018361025,0.0014344000010169111,
8389a71c245eb1ae453f0bd351fb0c65b06017b32b8453ae06066018350b704a,h101,-1,unsupported_profile_domain,0.0013376999995671213,5,0.0012963999979547225,0.001415600003383588,
2bd235907e0c08b39c3e7d8d5dea2a459164cd2d09046ad89a3d1c64ff81e016,h101,1,unsupported_profile_domain,0.0012846999961766414,5,0.0012191000059829094,0.0013382999968598597,
fdcb7d88ff479844fd09c037952fc6db6b3013fa4662ae2e310d28fc3f8960e6,h101,-2,unsupported_profile_domain,0.0013739999994868413,5,0.001309600003878586,0.0014415000041481107,
39b8c5b99a013a552cd067468cd17f5e2265fdd377ed20447da8df7f6cf4e5e9,h101,2,unsupported_profile_domain,0.0012626999960048124,5,0.0012380999978631735,0.0017131999993580393,
014ebc5915e9d963de4b39cf84d52dec4933344b0b09271db5c6a52114ecd4bb,h101,0,unsupported_profile_domain,0.0012275999979465269,5,0.0012165999942226335,0.001312399996095337,
6e749c2780a73c2cf1db9d5eba0b078045767e3ed26b3affea60eab358d0a327,h101,-1,unsupported_profile_domain,0.0013067999971099198,5,0.0012210999993840232,0.0014065000068512745,
54e555833f203b1ff83d802b23342e98fa8ffe4c24ce10dc569026a4e0fb1c90,h101,1,unsupported_profile_domain,0.0012300000016693957,5,0.001217299999552779,0.001327300000411924,
1334b4f834c65b575e4d7f13806a54cab8f7eab2c964ec71a7bd76229d921411,h101,-2,unsupported_profile_domain,0.0013073000009171665,5,0.001221300000906922,0.0014958999963710085,
9e4bc78b9468fe69d72d8df3bcd427bc7d136c1d3af5115dda1c2630dc741d47,h101,2,unsupported_profile_domain,0.0012856999965151772,5,0.0012124999993829988,0.0012984999993932433,
e4a739c27bff8f03532096b5519e3270e0910ee36af01fbdf5f3295043dcea12,h101,0,unsupported_profile_domain,0.0013820000021951273,5,0.0012291000020923093,0.0018998000014107674,
302052bb35bc35825105fe1fed50920a8b9c54480646dbc0a652dcfe01ef7539,h101,-1,unsupported_profile_domain,0.001254099996003788,5,0.00121489999582991,0.0015615000011166558,
9efc79eb3b64be005e36d393c4d0d128cb44551051fe56c2f01a674980c3911c,h101,1,unsupported_profile_domain,0.0013546000045607798,5,0.0012017999979434535,0.001408099997206591,
e0f2faec83b7eff8630d465f0f0b206a4c7e7c718908655d5a7f27414250fdbb,h101,-2,unsupported_profile_domain,0.0012353999991319142,5,0.0012080000014975667,0.0013109999999869615,
1b9351e4e7cd282c4d04106c0b81206ce2138fc6e579abcbd40f200d07859dbe,h101,2,unsupported_profile_domain,0.0012963999979547225,5,0.0012113999982830137,0.001796600001398474,
d8627b70e1a6d301b4f1739187b7122f1b54f95ba70e4748757caf209120e4fc,h101,0,unsupported_profile_domain,0.0012496999988798052,5,0.0012130999966757372,0.0012790999971912242,
98d9a3950683d093cd6926f369f19c18ee1ddec779c2fa89aca2de793078b3f1,h101,-1,unsupported_profile_domain,0.0012921999950776808,5,0.00124639999557985,0.0015551999968010932,
d694c8e2369190725b0c3540e797bfb8e0b0c95d6a4b71413a65471fb74ae525,h101,1,unsupported_profile_domain,0.0013194999992265366,5,0.001246699997864198,0.0014489000022877008,
62528d7ad22c16706fa2ef9575c71dcf8f143e0494d626240127247ab583cc5e,h101,-2,unsupported_profile_domain,0.0013265999950817786,5,0.0013112999949953519,0.0013685999947483651,
8906a560819e8b54f421e588cc148baf1b349730f331250a209a020001f1b006,h101,2,unsupported_profile_domain,0.0012838999973610044,5,0.0012205000020912848,0.0015334999989136122,
9f84873ed23e2745dbd62a0b8606bae4c8048a245367c44f8401e05ebf4fac1a,h101,0,unsupported_profile_domain,0.0012522000033641234,5,0.0012243000019225292,0.0013267999966046773,
4d2933cb3b629973c12b5523045594225658b6fe340827ee4aca8b338f34fec4,h101,-1,unsupported_profile_domain,0.0012885999967693351,5,0.0012273000029381365,0.0013917999967816286,
e0f36c33ba78f7ad6c0f5db12d933ce31f6aebe33b299354abb953f240b1bbe6,h101,1,unsupported_profile_domain,0.001291199994739145,5,0.0011985999954049475,0.0014004999975441024,
2b7d30a8307138cab469cb894f981db9b164731f62d67cb7b6f4dd1dd2d0f3eb,h101,-2,unsupported_profile_domain,0.001367100005154498,5,0.0012002000003121793,0.001418200001353398,
946b22edfc5704f294dc36f0023730334cf199c42d1865f735ed533b46cf9adf,h101,2,unsupported_profile_domain,0.0014033999977982603,5,0.0012145000000600703,0.0015334999989136122,
018d24b8d2d8cb722abcda83cc97a8344b28b93ae151b2283bbfa2cb76b6c495,h101,0,unsupported_profile_domain,0.0012859999987995252,5,0.0012210999993840232,0.001348500001768116,
74a8622b897f36ae4de120ba9cab76903cd1ce21895806f2fc35ef20b03e893d,h101,-1,unsupported_profile_domain,0.0012805000005755574,5,0.001197199999296572,0.0013021999984630384,
91367b95266d8368f33c71f5732f2944b0e7cc16f45a08a1d77b1e9ece7746d2,h101,1,unsupported_profile_domain,0.0012496999988798052,5,0.0012016999971820042,0.0013115999972797,
ed3b7b412fd03a2c52ff0478f1d16f3590fa42a3f9be668aa39924a5bb406942,h101,-2,unsupported_profile_domain,0.0012280000009923242,5,0.0012188000036985613,0.0013611999966087751,
32da5e6be4f8f844ffb6a7c7819b968a54beda3c9b312fa4a9acfa8fed57be1e,h101,2,unsupported_profile_domain,0.0012827999962610193,5,0.0011977000031038187,0.0013030999980401248,
926cd8c1180c0ae5cd3485a071ee5ae6e6477ac291705c18d419a0f44002f6bb,h101,0,unsupported_profile_domain,0.001300999996601604,5,0.0012112999975215644,0.0013162999966880307,
238d7b5b4e985c40655776b6534a99e7782b08aed359bd4b04aa2c1e4065e42c,h101,-1,unsupported_profile_domain,0.0012542999975266866,5,0.0012164999934611842,0.0013400999960140325,
a720a283250b07fa6f7fcca4bab7685a203b4d512b14d0a9b75a794cd5ccd649,h101,1,unsupported_profile_domain,0.0012743000042974018,5,0.0012009999991278164,0.0013152000028640032,
d5c9a6490928149db0ffe865bf4ff9c3b1b0f42faeeaa20a099ac77c9a88012c,h101,-2,unsupported_profile_domain,0.0012321999965934083,5,0.0012248999992152676,0.001301299998885952,
af18c10a2e217313ca7a0a6f3abc32040c2531164908da9700bfd9127d084667,h101,2,unsupported_profile_domain,0.001290200001676567,5,0.0012416000026860274,0.0013977999988128431,
9d5d155faf509d33ade7ff19fb548993a833186f5c2799cc0d16a0c2a9bb6a25,h101,0,unsupported_profile_domain,0.0013405999998212792,5,0.0012419999984558672,0.001440200001525227,
e1d0a14342fd9864e23ca1d068cc11b8d1fd467b6d6e110cb521fa4cb8767a22,h101,-1,unsupported_profile_domain,0.001335799999651499,5,0.001262099998712074,0.0015050000001792796,
60031161e07f84f047316a1a22847a51a5932b303cc88e3ed62a8d8d55435cc4,h101,1,unsupported_profile_domain,0.001258099997357931,5,0.0012200999990454875,0.0014176000040606596,
2ffe5eb03374b123371d0fe9a90c5beade788202a77dd50ae383ee484bf55d4e,h101,-2,unsupported_profile_domain,0.001219800004037097,5,0.0012038999993819743,0.0013432999985525385,
0a27734302bee28ac20957cfb3557004fe0c695bdf5a374d48532c26a015453f,h101,2,unsupported_profile_domain,0.0012615000014193356,5,0.0012123000051360577,0.0012753999981214292,
a6ae6c88aa8b0c175ae69ffc725db27d62ecd833eaecdc1a12f69bdde89b32c3,h101,0,unsupported_profile_domain,0.0012896000043838285,5,0.0012295000051381066,0.0013222999987192452,
11312f6ccd82b9905a59ab6aed922259aab63e9203fe4c7cee692e4e74d5fc10,h101,-1,unsupported_profile_domain,0.0012531999964267015,5,0.0012321000031079166,0.0013102000011713244,
9e13ca97d87e4cf4eecd30574b611b21c3b370b958da91f91b44e4b0394b2b76,h101,1,unsupported_profile_domain,0.0013633999988087453,5,0.0012504000042099506,0.0016028999962145463,
0492add60cb4b65a651e6989c98c752be5dd77d20441283220b7e4ad0f2c718e,h101,-2,unsupported_profile_domain,0.0013532000011764467,5,0.0012266999983694404,0.001479400001699105,
6dca3d775900d0899d64c900273390c312e50ee2fb27c107a198eef7802dfd11,h101,2,unsupported_profile_domain,0.0012891999940620735,5,0.0012168999965069816,0.0013478999971994199,
d12e78c02b2a2a211ecf7af8d4cb2950381206ac4e3939990d760803da8c3c86,h101,0,unsupported_profile_domain,0.0013278999977046624,5,0.0012607000026036985,0.0018648000041139312,
64709984fe3f1536bdd9653c225d801c9ed43e81d4c9ef5979490a1541ba50ca,h101,-1,unsupported_profile_domain,0.0012435999960871413,5,0.0012312000035308301,0.0013382999968598597,
05a7857d3e5b604952c5bc1af89e892c8ab1608f7142dc541bb3965b433a291e,h101,1,unsupported_profile_domain,0.0012989000024390407,5,0.0012332999976933934,0.0013835999998264015,
6e354528f17ba89b7861d6f65a0ebd3db7e80ced439977017a44b02c701d983b,h101,-2,unsupported_profile_domain,0.0013146000055712648,5,0.0012473999959183857,0.0014517000017804094,
93e50c40b210bac1f7934bfbbaa3cea7cead4c4ae9b220714bea8bd49daa5279,h101,2,unsupported_profile_domain,0.0012865999960922636,5,0.0012204000013298355,0.00145419999898877,
33ab770f4a13fca4cc688a2c7bb703ee68ce74109582289f2be2c20c0303b553,h101,0,unsupported_profile_domain,0.001294500005315058,5,0.0012069000003975816,0.0013605999993160367,
597fc5c453ebab1077fae8071657357632b14af36cc3e52a5caee03cc8a005ee,h101,-1,unsupported_profile_domain,0.0012891999940620735,5,0.0012178999968455173,0.001386700001603458,
ff9299860ed6ff563fa3f1ae30bfd637c0072e3dfee494dc5331ccd9187f30e7,h101,1,unsupported_profile_domain,0.0013385999991442077,5,0.0012195999952382408,0.0015438999980688095,
83cc4267ab1a2ecf19c3a924bea4b7bef418643fe98e3a4df014f4c1921e30c1,h101,-2,unsupported_profile_domain,0.0013134000037098303,5,0.0012437000041245483,0.0014701000036438927,
12da8777030a43528358928303f3e3662c021be1d5cd1999ed675fc370be7590,h101,2,unsupported_profile_domain,0.001320700001087971,5,0.0012256999980309047,0.001343000003544148,
3f10b545ae83d472b921a77628f701bfd9623cf9fe4a5096484b779018e03251,h101,0,unsupported_profile_domain,0.001320399998803623,5,0.0012887999982922338,0.0014303000061772764,
537f246eac55e2c5d38cdba9d8ef1645d69a73ce490e1ff3bcfbe2abd32aad24,h101,-1,unsupported_profile_domain,0.0013288000045577064,5,0.0012188000036985613,0.0013671999986399896,
c4bfc43016750046dedd13f0b990f5d3e6a4ed50537943a0d9cc471a53d0e311,h101,1,unsupported_profile_domain,0.0013596999997389503,5,0.001206699998874683,0.0014462999970419332,
578b6822ced68211310201174255e966451c396ca419969c56aeab09dd175482,h101,-2,unsupported_profile_domain,0.0012480000004870817,5,0.0012205999955767766,0.0019070999987889081,
cdf2636852715154655cf2962dbb6e0b385d1f6702dd893d30b2a27e5cb18e7e,h101,2,unsupported_profile_domain,0.0012377999955788255,5,0.0012159000034444034,0.0013770000005024485,
3e54b76ef681c037d56c59e50742d1c5363e72129e506e0753199207e4872b4e,h101,0,unsupported_profile_domain,0.001222400002006907,5,0.0012154999931226484,0.0012608000033651479,
d011c3c39270a96c1041ea48b4f58c2cf625d26623db14c34a32242736302f20,h101,-1,unsupported_profile_domain,0.0012808000028599054,5,0.001251800000318326,0.0013381000026129186,
439c19b59a51c598091da598559297323ae68c0870f4e4fc78fa72735b1dbd42,h101,1,unsupported_profile_domain,0.0013026000015088357,5,0.0012329999954090454,0.0014529999971273355,
e97336a8533ad06b5ce7e236885031adc5a291a17aad98f67b170169f9b1dbc6,h101,-2,unsupported_profile_domain,0.0012905999974464066,5,0.0012233000015839934,0.0013853999989805743,
d0224171bb08cec9c72fea906adc0bd34285127bb83ab515c0ca2d273abd38d8,h101,2,unsupported_profile_domain,0.0012939999942318536,5,0.001235600000654813,0.0013359000004129484,
871a6e88f7cc97995c1b01d5a0515f753872d8cbc35a98a8cf6ee1815e32d73a,h102,0,complete,0.04989920000662096,5,0.04881949999980861,0.05027859999972861,
55fb4626e967560515560c26c005ef498da71a1448ce3abca8f0417feb21fd2a,h102,-1,complete,0.048666300004697405,5,0.0479676000031759,0.04941930000495631,
96df805b9a1ea378762563e84651da900b2674eccfbf2c0678de99ae8aefe557,h102,1,complete,0.04962560000421945,5,0.049070200002461206,0.05118829999992158,
ad0f18d13147a6743226fa5a1bde275d00fb127ef87f58c46c4740af4393ae09,h102,-2,complete,0.049264399996900465,5,0.048702899999625515,0.05030320000514621,
5a7519032715bc6bf61839d4cac571895724f3f7db3bb56d9a27a82d21e9faa7,h102,2,complete,0.04963980000320589,5,0.04852240000036545,0.0500322999942,
02d0bfeb305c97ad0688b3638a78ed596188d443dea28b96f2600e80113303f4,h102,0,complete,0.04876200000580866,5,0.04847460000019055,0.049590599999646656,
5812ca3740723cdc76192c3713ae753ec7dbf925a8d9edba29d9515686c1ee09,h102,-1,complete,0.04998150000028545,5,0.048572200001217425,0.05027309999422869,
b434aae2fa367b692cd7cf0e2cfec3e66bfc8308121b013fd85dbd50b6cb8020,h102,1,complete,0.04925070000172127,5,0.04831660000490956,0.049752700004319195,
7381ce294c7442272a989cef99cca7105ad2c4a6f28a9b886a4ad55b4cd52288,h102,-2,complete,0.0498821000001044,5,0.04956789999414468,0.05134629999520257,
4b679e86ceae3933ba3b54efc385e9c3f81133f4936fc28821f02dfc69443acd,h102,2,complete,0.0488818999947398,5,0.048696099998778664,0.04977869999856921,
3b82405d0883001ed13838d07c1f0cb31fe3f121bfeb34f24ae68e5bba790d75,h102,0,complete,0.04898970000067493,5,0.04825089999940246,0.050098799998522736,
63676d2fb52344789b9da6f26c75c201639e9ad85aeaae234074da967cd6834b,h102,-1,complete,0.049145600001793355,5,0.0485735999973258,0.050062300004356075,
1db1d4bdb9c35ccb4412b37c1bb5d3af598f57d68630077280b3a863e36f345b,h102,1,complete,0.04979509999975562,5,0.049609600006078836,0.050740599996061064,
abd5816adfec74e808c090dc458799a030a5a452c2aafd91bbac0b983b0e3e4a,h102,-2,complete,0.0490940999952727,5,0.0487760000032722,0.04938449999463046,
719e87654591ee4ce60ba4b4348b0a5703cef44cbcc42fd487c07d26dc3274ae,h102,2,complete,0.0493099999948754,5,0.048637599997164216,0.05050399999890942,
2e854b087eff1f7ec17a537ed90d999835caccc47975982e502a2b6f4214ccc7,h102,0,complete,0.049370500004442874,5,0.048306299999239855,0.05004470000130823,
7b0539e9212138edcc2f8a3ee8c3b0fe7c0e1501ab630a520489403ff17b0e26,h102,-1,complete,0.04938300000503659,5,0.048674199999368284,0.05084980000538053,
e7ccb2e1866eaece3f8472815f7752b61895d2144ddce2198f37b3f020b37ee0,h102,1,complete,0.04945900000166148,5,0.04873570000199834,0.049561699997866526,
881f3c65b3e439d4305c3e4323314cb5de5a4d8041ab343b8513429f82a907e2,h102,-2,complete,0.04949050000141142,5,0.04839170000195736,0.052300799994554836,
99215a84478cd0cc6b5620fd4298394b83cbae1400a9d9cec34722ecf9bbccec,h102,2,complete,0.04927479999605566,5,0.048862700001336634,0.049827800001366995,
cfd885fda0fc2a172700afd499f77f7330cdbdaa413b5fb795a469218fbb5841,h102,0,complete,0.04947040000115521,5,0.048487400003068615,0.04961300000286428,
b6cbace9ae3d9cb0bbdd7852532cc76f6ab684213b3c4e20bae8f94845f490bd,h102,-1,complete,0.04922480000095675,5,0.048826099999132566,0.049845000001369044,
44b4aebf5105b26c5ef2c77dffe4201cd1b517835d9768b892742cd0fa0c44b7,h102,1,complete,0.050186000000394415,5,0.049677900002279785,0.051949900000181515,
b6523761c8bc40e428af61ab223772f7f2580fa11cce83d907dfc7af4bfcd820,h102,-2,complete,0.049208299999008887,5,0.048991099996783305,0.05028899999888381,
84196c531e4df595af4dc04965f75a27a73c9b08d83acf45f133602fd57ace8d,h102,2,complete,0.04903080000076443,5,0.04859530000248924,0.04978529999789316,
5967cb4104c79bc06fd2abb9dcabe6955377fcf157efa44eda945c1528f39d95,h102,0,complete,0.05035440000210656,5,0.048591500002657995,0.05100780000066152,
0af08af2570661a06e8cd60200274ffd506021914e75e0d92be7c9f31bf37f4c,h102,-1,complete,0.0494475000014063,5,0.049177399996551685,0.050384399997710716,
613d2ae1e9405c8da5b3060fe034a9733bc9b302a34bfd97aacdbf7e3c1e3c9c,h102,1,complete,0.049062800004321616,5,0.048792000001412816,0.050555900001199916,
645db0e561cb7206372ff8cc061aef6312f692756a44bea1eeee5ce7d54d1692,h102,-2,complete,0.049852199997985736,5,0.04911309999442892,0.050294500004383735,
7077727be60f9b15198bee5178df05beab92208a6190391aec84ee4e79d67c5e,h102,2,complete,0.048811599997861777,5,0.04842389999976149,0.04954079999879468,
c957852c6cdd3b306050beb1d015f18e4e9e8711c98854c697df4a0d5721dbe8,h102,0,complete,0.04962060000252677,5,0.049047199994674884,0.05052599999908125,
f284139ff1605bd972b757166e0ac74e131f424521bb344fb6b6b60bfad084af,h102,-1,complete,0.05037349999474827,5,0.04909340000449447,0.05083770000055665,
a9da781b1656eb9f955c990478a79fb0a805cfa93eb7cbc375820ea85b2db1ff,h102,1,complete,0.04986379999900237,5,0.04869940000207862,0.05089859999861801,
4e8a9bcf78d616210b9c8c485a6bffb877d6f51567cb85f279a9d707cafc5da4,h102,-2,complete,0.04906140000093728,5,0.048704600005294196,0.04975399999966612,
0f7e3942c2f633a75b71ea6d117e273ebca9d48900ef4ae16cd4a2d09e019cb9,h102,2,complete,0.0497414999990724,5,0.04871670000284212,0.05000149999978021,
82c0fe9f8aaf4b61257b542323fd51440b2ced9548643af25e2180c323fdb37c,h102,0,complete,0.05032040000514826,5,0.049213899997994304,0.0504683000035584,
5253cac8bd750849e3e86a6d2416bd742672859fa91a9cbae100d86c8e3be313,h102,-1,complete,0.04982110000128159,5,0.04914260000077775,0.05046990000118967,
12c1308426109fe70f333af19e616d70ed95e2529c62c0c87cd68308e3d2a36b,h102,1,complete,0.05016359999717679,5,0.04956070000480395,0.0503582000019378,
11a4dbb38eff2ca3c1f540fa225424dcfb4be1890f08e9841da4adb40a906162,h102,-2,complete,0.049596099997870624,5,0.04900259999703849,0.05076499999995576,
09a02caf5cda90418cd8aba24a359aef29d5e12f8836157e385ff184c84d061e,h102,2,complete,0.049414100001740735,5,0.04878360000293469,0.05063959999824874,
8fb97565e00f09858bebeed49f6fc2913eca74a253dd9d6f1baf6c625b745cae,h102,0,complete,0.04947769999853335,5,0.04891910000151256,0.05096709999634186,
552aa53f8724c098b49dd9f3ed16f676e7b2249fb3ffc02414bccb20eb0c763b,h102,-1,complete,0.049753299994335975,5,0.04888999999820953,0.05035369999677641,
6f6bf26d31e88b65b68756fba9c2d554e62e20b829197453b28a894b2d896825,h102,1,complete,0.0498477000001003,5,0.04906910000136122,0.05138319999969099,
02dbb5a83a297517e8871049d09b08b183e37cdbff3b0f5ba49023936d3f8f3d,h102,-2,complete,0.04993000000104075,5,0.04871640000055777,0.052189299996825866,
cbc8899fe5a6a4cf49e9ef533bcc55e0e737044255624f0bb895e7e8f3198c91,h102,2,complete,0.05019920000631828,5,0.04888020000362303,0.050861100004112814,
62e3877bdbf0b53ee1638389aa61776a651ee66930781666ca56b10c03ad5f32,h102,0,complete,0.04997980000189273,5,0.04937659999995958,0.05103129999770317,
9c4e60fa6fd68124eee6f300963bc91588a54c23090e759d04e72139c87eef97,h102,-1,complete,0.050236200004292186,5,0.049314999996568076,0.0503930000049877,
fd34e26a243fdf466c1c996b943d04a0184a33707dc9c726a3c8c526df1b5dc8,h102,1,complete,0.05018529999506427,5,0.04929719999927329,0.05065889999968931,
583b3bcd9b5fd0cf9fde308b4c5981c8f1ee65ec126ea0e21fd5b3bf186098f8,h102,-2,complete,0.051500000001396984,5,0.04969310000160476,0.051613499999803025,
abc55db0e820e25546943b5cb55bf53b767cb74384722cc11bfe6e5a06a4f816,h102,2,complete,0.04917589999968186,5,0.04905750000034459,0.050396699996781535,
11e05c088967ebd35b140810bcd11d09f2f72ff930cdfcb5df57c34b15b69666,h102,0,complete,0.049036600001272745,5,0.04885729999659816,0.0496560999963549,
5b0b82c27fc350e15a66d6d39b4dffddddae7d60b4f333a9e608d155807f3205,h102,-1,complete,0.05039749999559717,5,0.04944149999937508,0.05103600000438746,
4a4a9055857ef62f495733a666352a545a63972506dc32dcba40afa117e5b394,h102,1,complete,0.04969359999813605,5,0.04862979999597883,0.051422299999103416,
8d621284d72f30d2207f6b8d9b8e5a28a5330321f6926d18f334473a8e56975d,h102,-2,complete,0.049728999998478685,5,0.04916860000230372,0.05064739999943413,
ac9184bd730406111cb556c3b5246c8eafc7c534b1674679fa10e4a40a06abad,h102,2,complete,0.051250000004074536,5,0.0497280999989016,0.05147890000080224,
f9e7d3a6501824485ea01f234b4f8f0ee81ee21d7041de0d7d295a516cc56f97,h102,0,complete,0.049886499997228384,5,0.04901909999898635,0.050565500001539476,
5a4008b949b01561e29452041b27946240a2411512ee90df6cf30582212a8afd,h102,-1,complete,0.05071889999817358,5,0.04934740000317106,0.05129709999891929,
ea3183009e86b90eebe567e5778e0fa6795407eeaa857d18239e550734dedf13,h102,1,complete,0.05056349999358645,5,0.04972020000423072,0.051954900001874194,
a163cd5f852eab46272c6ce465aa8622c835ef89e856d7fedc8177a7dfe61686,h102,-2,complete,0.05039340000075754,5,0.04947580000589369,0.05141249999724096,
9b67d9d8330a840569b6132db410569ef147d3d1c6a771dd6a11cb68099b2009,h102,2,complete,0.04970109999703709,5,0.049237799998081755,0.050198400000226684,
621a055a7ecee28659e87f5490728ff4c96b6db60a55af7b2ccc7cbb93afbc36,h102,0,complete,0.04994499999884283,5,0.04951700000674464,0.05216680000012275,
0a26321e20330de92ff6070ade46b0e84721132ddf8712947426a7a65f7eed26,h102,-1,complete,0.05159989999810932,5,0.05113809999602381,0.05285079999885056,
fdd1e0457a2336c655efc6fceed5439e03c37313fb47e6df40488a61e2974178,h102,1,complete,0.050643299997318536,5,0.04978100000153063,0.05123969999840483,
e717a4708a59ef8b538d64b971b65063c089f1bbafc6f52bcc6bef74956ecf3a,h102,-2,complete,0.049688299994159024,5,0.04856180000206223,0.0498756000015419,
ce1560543083e55eb9469cc7e33e3be5d0be4bd2fd9aaf34d91bbe9e72244843,h102,2,complete,0.04975909999484429,5,0.04937410000275122,0.05096939999930328,
0763f2511e3c345467b82d100f5e10feff0d0298b167fb1bd530ac2f5bc440d1,h102,0,complete,0.049704400000337046,5,0.04934920000232523,0.050810200002160855,
28b0c4be4b896b33e1ea0f34607a25e64b6f847212a075e71e3ebcf73ba2d8ab,h102,-1,complete,0.049961699995037634,5,0.048874300002353266,0.051964799997222144,
93665d9c51109a8872e83368d6bf89930d0451f732b19878e5b8171f7099f4cd,h102,1,complete,0.050396200000250246,5,0.04875770000217017,0.05063749999681022,
d4283a03c13b3074bc67de37df3c7b789b8d5437587f41e0e4296116e0b10039,h102,-2,complete,0.05047950000152923,5,0.04982900000322843,0.0516628999976092,
291753244e761942957d81c5240f01c91310e3707b9bde5f012ae20c7d5cddc1,h102,2,complete,0.05001839999749791,5,0.049633900001936127,0.051830900003551506,
dfb08ef08466d8b53e64fedd5c3bde918cddf395ba7b3c7b350792478edfbfe4,h102,0,complete,0.050118399994971696,5,0.04965200000151526,0.052075699997658376,
9811350894f3e9efa0611d7c5e1ce62e8aedecffdd628682ab86f569b4af8902,h102,-1,complete,0.049453100000391714,5,0.04880110000522109,0.050839600000472274,
5f5d21ecbb19a7be9917a3e29d4e8bcef4040a22c24362aabb3a363a8a78bfa3,h102,1,complete,0.05021300000225892,5,0.04882530000031693,0.053007200003776234,
89ff50b21ed5cf146ab786e953320480fc0cec8beb7c9b2f9ab09b94d55b8296,h102,-2,complete,0.04936520000046585,5,0.048937899999145884,0.05114579999644775,
9f575a550ff77fc36ef1996109740323e8234f78bec9a396a0c058982080f127,h102,2,complete,0.05094919999828562,5,0.05028200000379002,0.05216410000139149,
cb6add6e940dda69d36d9f9df78d27fd50eefa1464f683419b6af1f866f92abc,h102,0,complete,0.050117900005716365,5,0.049419399998441804,0.0504953999989084,
551a61eeb987a92e18c68a8e497a9164ebb914698f072c63f9501751c6e7a93c,h102,-1,complete,0.05003990000113845,5,0.04905000000144355,0.05172390000370797,
dfe2616384df17f555b9869e0de25b3bb3e722affe4af2f1a3b62028292e46ad,h102,1,complete,0.04993139999714913,5,0.04946349999954691,0.051062399994407315,
2c5e0f143b2643f8b9f7f85acdc5cfadfbbb4a626f732c6ae6e5542cd0325e8f,h102,-2,complete,0.04994749999605119,5,0.049760000001697335,0.05090309999650344,
adecaf3cc24fe95930cd9d38831e2a57b3d4756e1686b4eef07d22973ade6613,h102,2,complete,0.05053839999891352,5,0.04857480000646319,0.051467800003592856,
df9a87e3a116b85fb9f9a4d6ec480d93ce6a561aee9fa72c64297982d4d5f8f2,h102,0,complete,0.049808899995696265,5,0.049314999996568076,0.050285400000575464,
0ea938b9ae4d4ce607b471a9b75a193a7c89d94150a7efbc4f4e93faf58f9020,h102,-1,complete,0.04958260000421433,5,0.0488169000018388,0.051141999996616505,
6607cfb7d0a221ff58c3b0a33733000be26d933ef246cca1d1f7684be43539e0,h102,1,complete,0.05090780000318773,5,0.04954379999981029,0.05191249999916181,
7368659d1a4284c66999cc08973811fd7e1b8a377ac14463dd24b047e5a82571,h102,-2,complete,0.04951419999997597,5,0.04927440000028582,0.05238860000099521,
62e0d42add14552fca8cce6456ef14f6b51e3c3c3f36fbebc43f8ffd1cb4a668,h102,2,complete,0.049713899999915157,5,0.04877100000157952,0.05099010000412818,
1e8c865c519d372fe80d1dc59547ea7764a123c243433c2c7ff9a6789a5a07fc,h102,0,complete,0.04985319999832427,5,0.048956799997540656,0.050844299999880604,
bd733828a564cb76a6afa06f4aa26d06a649ab4ae1ebc4951d1b873671602477,h102,-1,complete,0.05073650000122143,5,0.04981489999772748,0.051124600002367515,
81dd28a013073320e23e11b35576ff538fc980dfb7abef7d128dcb7d4f695976,h102,1,complete,0.05042849999881582,5,0.04999160000443226,0.051001499996345956,
51cfa9b6ae4853b7ae35cae47ca31ed6d1d3637da1de944273d07edd65731eb3,h102,-2,complete,0.05058400000416441,5,0.04927329999918584,0.0512148000052548,
07008012bdff2993d1fda468bc1222a72d324bfd0d2549d059be972aa9e6d809,h102,2,complete,0.05013329999928828,5,0.04865150000114227,0.051098399999318644,
9323bfd1786aca54aba43b8d9427a93f18d2561f775f39fa1c03cf6f60bd1f71,h102,0,complete,0.05009219999919878,5,0.049280700004601385,0.050725100001727697,
0d510798117502279366d31ddc7188c6cc755de2ea3697851bbeb0e2a50fb147,h102,-1,complete,0.05009029999928316,5,0.0497590000013588,0.051562799999373965,
95d46d8fa1d2aa28ee7f51c7eb52448662737a3dbbba489deeed0b0b82e5d17b,h102,1,complete,0.05012410000199452,5,0.049673000001348555,0.05104379999829689,
38ae2b82fe91c46123872cd4149e9cbac6e7130403c085155dbd781751c678f7,h102,-2,complete,0.049678199997288175,5,0.04902730000321753,0.05177920000278391,
73e0d683a27c53a113f54d95467548eb717dcd4f8209c0dfae0688401ba3933d,h102,2,complete,0.051049900001089554,5,0.049535099999047816,0.05163840000022901,
7eca7977454be3b1841e15ab986a2c56c1412340ef9f96c121511e7dd0f79bec,h102,0,complete,0.04995710000366671,5,0.04903039999771863,0.05135619999782648,
f7a4f4f3a10b74b36231cbfa323cf053b1d0d80158de5c755cb7be616ac0baca,h102,-1,complete,0.050324299998464994,5,0.049914900002477225,0.05141349999757949,
e371bf078336c067722830b4daad89e4143c0519113a85fc636c45bd774cdcb1,h102,1,complete,0.05041939999500755,5,0.04999170000519371,0.051586400004453026,
c320ca44e2aca0b47a6f3f0e4fa8e7248055221ee8b92773c7488147219e7961,h102,-2,complete,0.049787599993578624,5,0.049586299996008165,0.05044910000287928,
491d29bc395cbc5d30a4b8cf253b858a6714649b8b5aaa8677eb80f787e55834,h102,2,complete,0.05063530000188621,5,0.049522500004968606,0.051749099999142345,
3a05beb076d2c18d65e5a9dc19137b6b921233cb840982dd400c36260ee11ef2,h102,0,complete,0.05092480000166688,5,0.050355100000160746,0.05198789999849396,
4013e072fd77df6c8d0d83cc14c4d05e40ca36b544c43d9071c31fa149e8068b,h102,-1,complete,0.05075819999910891,5,0.050229499996930826,0.0537393000049633,
706195cf0743d091b7f739ecc89f882bdb25b5fa86760351b863dc5daf4addb1,h102,1,complete,0.050996999998460524,5,0.05058199999621138,0.051680900003702845,
894c9159c1f9c80348cfd2e22d6633e4e841b8c160574528b5d4cf1d6d39a7f2,h102,-2,complete,0.05105620000540512,5,0.050570699997479096,0.05163399999582907,
f2d648c5c7c02643d13c88270ca9d18070c5d4d3f415cb7ed1b5900b577564a0,h102,2,complete,0.05185409999830881,5,0.05056309999781661,0.05452109999896493,
0285399d9e095f7589eeaf7be76dcd420b7f83aa24ed09db2a8006a4646d8de2,h102,0,complete,0.050660000000789296,5,0.04852430000028107,0.05140450000180863,
85a38fc98cc7bfbacbcd0f20172b39b4a9ce6b8b03f8073396e1c1db0e384690,h102,-1,complete,0.051199500005168375,5,0.050452199997380376,0.051308999994944315,
ed14a0326a3ea35fc3a48ace846d44546981a7a5872b70f5775255d2b7a4bb10,h102,1,complete,0.05162659999768948,5,0.04901120000431547,0.0617738000000827,
5ad3c3a5a773ecb5e9b01a339e2de36913297f0081873d4bd1ed86287b7798c5,h102,-2,complete,0.05095170000276994,5,0.04930679999961285,0.051296300000103656,
338e4f11a141966c1de625f3dc8e8896bae4915bd6b7dc414c5041b33d39e381,h102,2,complete,0.051352200003748294,5,0.05034650000015972,0.052210600006219465,
bcc1a653adda0aa3c6c1fd0eb6144a7d92eb2cba2ebe535e9346ed83fc592fe3,h102,0,complete,0.05106529999466147,5,0.05073209999682149,0.052014900000358466,
794843117e707a7c33ac8bbc243f9cda7f0bc619a4009c1713190161381062f6,h102,-1,complete,0.051277599995955825,5,0.051049699999566656,0.052400100001250394,
18ba7b2c0a7f43d113d98abc16053b5296ae93f8a0b2150098de59845935adf6,h102,1,complete,0.052228100001229905,5,0.05105080000066664,0.0528580999962287,
1cc12bac9c8fe598b7afc352f17d1dca89290c3ec37dd5ffa9074435384ec98a,h102,-2,complete,0.04989969999587629,5,0.04961800000455696,0.05094519999693148,
9fb8595ad7a5a3336178d290f33d5d74ab855fb4a0287acb98ae479fb8b1d92f,h102,2,complete,0.051680800002941396,5,0.050950799995916896,0.0530053999973461,
b01b8f1a9781c01aac3f6b7ded1b5edb3072ec9d0f824c708df05805c78a4c5e,h102,0,complete,0.05246929999702843,5,0.05131270000129007,0.05415570000332082,
dd67c3ca912bc14164e4e5e008133b169ce675714495b73399f2612806a205a3,h102,-1,complete,0.052528000000165775,5,0.05203579999943031,0.05341259999840986,
409fb296d9fde7e657896f5b3c6472de65a1d3018474c8bb78121baecd6d11e8,h102,1,complete,0.05270290000044042,5,0.05138750000332948,0.052803700004005805,
134d6ea5d6b443a8fe64210ffba1dc44f96cc64e1d782926e457d8fc00f59c9c,h102,-2,complete,0.052072700003918726,5,0.05174079999414971,0.055063699997845106,
8c6e4eb90b20ba6af4659ce929b76694ea420613ec228f37d8778301e25f344c,h102,2,complete,0.05302539999684086,5,0.05214200000045821,0.05411659999663243,
acc7d03e63add839982c3ac05843765e155b3d0cdf4a1f52ac07a9eeacf25cb1,h102,0,complete,0.06835920000594342,5,0.0669863999937661,0.06930730000021867,
052e12fbff75fcb9dd2bfac0a18c27662c1dfb8ba24a532458c51b6ee7055163,h102,-1,complete,0.0672065000035218,5,0.06605060000583762,0.06825649999518646,
76c5a8215d4c922c4036222acc4f12fbc1be24d84d2f9b5c59881535f98ee0a5,h102,1,complete,0.0676067999957013,5,0.06458439999551047,0.07043800000246847,
4b566e7ee3467d52d71b7605ec5611ed16376f77768af80b5525dbacd3e9779f,h102,-2,complete,0.06636910000088392,5,0.06543029999738792,0.06781560000672471,
75f62574fdb84c8f08fc1729e71ba3b8f5b2f37d06089166c677f72b9a7e0dd0,h102,2,complete,0.06941970000480069,5,0.06894820000161417,0.07130470000265632,
cd02baf7a8b35f0ccec376dc332292dce119fd4e19a8f201f7baee1eeea0caf1,h102,0,complete,0.16227990000334103,5,0.16068629999790573,0.16308430000208318,
a3051e6e53cc5cc5e75230bb79fc72c4144fce53cc777abfd744d5f83aac912f,h102,-1,complete,0.15788569999858737,5,0.15694339999754447,0.1586890000035055,
05a09b0b233f1071985c0fbd82de3223833940f95911dd7e0e7d6b9a9fea66ff,h102,1,complete,0.16360339999664575,5,0.16202009999688016,0.16627100000187056,
b8f0038026c93b66852bc145e4c4846cb98ebecc0ee5ca5bc0dd988c82bccb80,h102,-2,complete,0.15492470000026515,5,0.15485309999348829,0.15544410000438802,
0c8e3b4e3993d9aa871b81d8df2e654f53564b58cdccee3dd5a46a8c61a077fe,h102,2,complete,0.1666174999991199,5,0.16484179999679327,0.16790659999969648,
8d3c63cb58a282b485fca46774fe6d4cabca4837828b948da49eb3c00c1686a4,h102,0,complete,0.2298171000002185,5,0.2250586000009207,0.2311459999982617,
47766517d3ddfebf64c19c350980dd0a5eef91ae24f77f1eeafd424491c81d00,h102,-1,complete,0.23292339999898104,5,0.22287180000421358,0.23936430000321707,
7a000e28057ce78b06bad3e3bf6b1aad5f9b19d6827bf612335430d0581a13ab,h102,1,complete,0.24789289999898756,5,0.23666740000044229,0.26769639999838546,
868fbaef3e321eee47d0024d9bf121ac4b9641e192c971b7120c959db21cde0e,h102,-2,complete,0.23479519999818876,5,0.22306340000068303,0.24982530000124825,
468f8621643b100c74fa7d17624ad0d29fcf0254146256374918924faef49261,h102,2,complete,0.2503553999995347,5,0.24167649999435525,0.26857050000398885,
b576e33cd9991795e59bca5351fe8285816943acafa866ee069ba6fb39251d48,h102,0,complete,0.3234311999985948,5,0.31032430000050226,0.3260169999994105,
8c1cb525665089b8508c81fd343f6e05f18e3fed5fd4ce9d642eb25805dce794,h102,-1,complete,0.30687380000017583,5,0.27454500000021653,0.32583840000006603,
ad9165d5c1a2568f33e3be151aab18c5fee726be35867e49e16539e7bc639e76,h102,1,complete,0.2905001000035554,5,0.281731300005049,0.32770580000214977,
2a503925ee52ee77e161b5e668dd0947861a58a4312857941fd9937b5384e937,h102,-2,complete,0.29565849999926286,5,0.26916690000507515,0.31474330000492046,
69ca265c270d7ce43a884754eda02fb65b1677195631eba735178bd2cc3dd5b4,h102,2,complete,0.30422859999816865,5,0.2839806999982102,0.3313905999966664,
50e54eb2b029b9ba74b124060799ecaa6cbc370b218074a52f056cdde6554da9,h102,0,complete,0.3265629999950761,5,0.32390469999518245,0.3467143000016222,
edb5f11960dfe9699394ca5a48fe054581f4be3f15318e3a5e51a4f89c500a46,h102,-1,complete,0.34850180000648834,5,0.3279904000009992,0.36719710000033956,
2228e8f46e18af2428a69ce2ac420c71ac3445a58e611c28cb01b86cd94011c3,h102,1,complete,0.32980310000129975,5,0.32132090000231983,0.3640603000021656,
902cf2b8e2faab282a233a40bb4567431867567c9030ecedaee10e4f4ae477cf,h102,-2,complete,0.3261921999946935,5,0.3223513000048115,0.33231099999829894,
63ff9b822c495703e14eaf99e40366bd0a60f2a65ae980b1284aab9743aa5066,h102,2,complete,0.3301391999993939,5,0.3206452000013087,0.33693959999800427,
1ff898dcd3930f29cdc92012a69a6416407f57d79f5a6a94d5bf964394dd5652,h102,0,complete,0.47634739999921294,5,0.4687892000001739,0.49400629999581724,
0d1458e9f46d9ffa3f1f95f1fb9d8bbef0ec3a5f7c488df0db6ff3d1e9f4584e,h102,-1,complete,0.45934960000158753,5,0.45771850000164704,0.4643066999997245,
45eb895e5494cbe41a2c9113d8c7b0d0a6a5145824dfb7a4d31b4abdd9a9b843,h102,1,complete,0.468184299999848,5,0.46095900000364054,0.4807329999966896,
1ba20a2e98cc9cabde80289f7be7bd53c0286656327b736f4f3d72f0814b27ae,h102,-2,complete,0.4611344000004465,5,0.4600075000053039,0.4818505000002915,
9c663bed8dd8813b3147abe5692f8b0f48bb5195d7890c8c913b43268cedcefd,h102,2,complete,0.45678359999874374,5,0.4551199999987148,0.4601150000016787,
bdfef7c5277fd699230c550821087b368ebbe67c7c4a774adf9650c9a9f6a715,h102,0,unsupported_profile_domain,0.007101499999407679,5,0.006983899998886045,0.007291800000530202,
4b0e75fc2390c687149238c8e47c440129967f8a375cbd857ec80a66439fb27b,h102,-1,unsupported_profile_domain,0.007041700002446305,5,0.006925999994564336,0.007153599995945115,
bb84283943ce8f42c281e352ba93cc153b9c4b8e53e68eb1d63eeb1601ddb2ad,h102,1,unsupported_profile_domain,0.006973299998207949,5,0.006869500000902917,0.007119599998986814,
130c8721dbd09f0d5c61e6c817784499891cfe470f60bf6bbf4f0354319c0438,h102,-2,unsupported_profile_domain,0.0071042999989003874,5,0.006992700000409968,0.007329000000027008,
927dd9700d11ed10f2ebe89e3099dc20081f19cbe14c3f93e77a63c7fa7569e1,h102,2,unsupported_profile_domain,0.007557500000984874,5,0.0074068999965675175,0.007903500001702923,
c4eee84c9fcc47aff971847c1a2847e390c364c97812796d2c2c8e2619a7044c,h102,0,unsupported_profile_domain,0.006312999998044688,5,0.0061557000008178875,0.006534699998155702,
22f0de31d3fa37b5d06a551f09c4371b1eb20640729191d3c2e6470ff500882b,h102,-1,unsupported_profile_domain,0.006160999997518957,5,0.006008899996231776,0.006327999995846767,
5e5b16b93b9b185e7f7509a204a53502fd94e367e95f36abdb62f11c089ab11a,h102,1,unsupported_profile_domain,0.006121400001575239,5,0.006023699999786913,0.00644789999932982,
f58de871448496645754670455c2ab4d049053d64e41a2ace35936fc8e01067d,h102,-2,unsupported_profile_domain,0.006266099997446872,5,0.006156400006148033,0.006376400000590365,
93a8292995e6c4ecfb0c439d1d1106ed35883e0e72f61faf1765596216f86ca6,h102,2,unsupported_profile_domain,0.006090399998356588,5,0.0058073000036529265,0.006151199995656498,
ec3ad7bfa34c9af004b89eceaa7398660055add5e0cf3d8004ae27748368e512,h102,0,unsupported_profile_domain,0.00576119999459479,5,0.005577700001595076,0.006336999998893589,
8a733318247aa9a91344f8ce092411926b24d33f61c2915c39bd360650fa20ce,h102,-1,unsupported_profile_domain,0.005692400001862552,5,0.005654699998558499,0.005855199997313321,
45af4cfe01cf9a0437767540ac3ff6bd8ae32f66ba0ec54728e4ed7dc3a8a35e,h102,1,unsupported_profile_domain,0.00616230000014184,5,0.005822699997224845,0.006528099998831749,
54dd7b369866f782c0c5e4b5df65dfefab0b0bf2d8cdd13f58dc59560652ce37,h102,-2,unsupported_profile_domain,0.005280299999867566,5,0.0049808000039774925,0.005325400001311209,
2d07529173245b4c1c5508c411646d2c334721b4fa585dd3ce106e1d9e6d77f8,h102,2,unsupported_profile_domain,0.006252899998798966,5,0.005991999998514075,0.00731390000146348,
5a25268d8a0bfc02534a407e48ec34ee428316c2191b2fee14e595ea902e07b1,h102,0,unsupported_profile_domain,0.005176699996809475,5,0.005127300006279256,0.005866699997568503,
e3de0c76a52cd631afbdd94b409c1372cb8d00024a223adab82d6dc63a83f9e8,h102,-1,unsupported_profile_domain,0.004972900002030656,5,0.004836899999645539,0.0055623000007472,
47decb9cfde55343190982b4eddb25ab75ba6b159b3c45f767a56d119edef458,h102,1,unsupported_profile_domain,0.005352400003175717,5,0.005086299999675248,0.005457899998873472,
39adbf94ddc8f00a0703e7e58af5a4f71dd7c6cb26a1a7350720a721082c7248,h102,-2,unsupported_profile_domain,0.005220899998676032,5,0.004865800001425669,0.0053813999984413385,
33ec5b54f4c92e8bcdf599ebf2b88a093106eb307ac24f9a62a78cb647dd8b70,h102,2,unsupported_profile_domain,0.005171199998585507,5,0.00507639999705134,0.0052977000013925135,
00c355cecf1f54463aad4e28edb1cfbf07e343256d24678decf5052c92e88532,h102,0,unsupported_profile_domain,0.0037375000028987415,5,0.003668200006359257,0.004178500006673858,
6e53a563ba93d15ee201240ee347a8eb3a142ff9c97b21dc039639d2e475fad4,h102,-1,unsupported_profile_domain,0.0037385000032372773,5,0.003659399997559376,0.0038039999999455176,
30df79a62049c721bcb0fc3058ef0ba79e1aaab841707c2c8f46b8cdc357d939,h102,1,unsupported_profile_domain,0.0037706000002799556,5,0.00370660000044154,0.0049938000011025,
3171d3b27371ab1ae79fb9499638483e863a04ddf4207dfcc3edf7d912dea8c5,h102,-2,unsupported_profile_domain,0.0039710000055492856,5,0.003638199996203184,0.004234699998050928,
daa69281d5e36f60b3386addca3b57441583ddad663d2bd8f1c785de81aefae7,h102,2,unsupported_profile_domain,0.003968800003349315,5,0.0036525000032270327,0.004320100000768434,
820649062ce8656eb7c405f086a89a423320abfd88e925d428fbabc3f8e59cd7,h102,0,unsupported_profile_domain,0.0018893000014941208,5,0.0018350000027567148,0.00200570000015432,
818fd02641880103fdd27b7733dd4acec029b37600d68cfc0a416fb6a3a4fb7f,h102,-1,unsupported_profile_domain,0.0020185000030323863,5,0.0018232000002171844,0.002188200000091456,
63dc7e7fd79612cda9bfe77af4a216c49f0f1bc0afa48e17a8273d486c16565d,h102,1,unsupported_profile_domain,0.001932300001499243,5,0.0018258999989484437,0.0022654999993392266,
f7946a91ecf11ef9efd199e3b1c55107c6b3a2db94e131f5c3436d8465b81554,h102,-2,unsupported_profile_domain,0.002056800003629178,5,0.0018787000008160248,0.002103999999235384,
18c916adf95dedee01d8c722b38a0674934ee6163e829181ee0db5932471ab5c,h102,2,unsupported_profile_domain,0.0020021000018459745,5,0.0018591000043670647,0.002085599997371901,
ca72cc212e42c4efeb1c1d6eab9b8675f9b069b5695beae8d1d4f4e38b0edaba,h102,0,unsupported_profile_domain,0.0019637000004877336,5,0.0017468000005465,0.0019896000012522563,
e8f012c036f7f644beaaf40d70756fd996a719905e93bbb1229dfe7a34f0f6e5,h102,-1,unsupported_profile_domain,0.0018417999963276088,5,0.0016593000036664307,0.0020185000030323863,
3d321a70f0850941454c81e8c5a01484f2a4d41e1cb0cd63b2b5fff1fbb97286,h102,1,unsupported_profile_domain,0.0017694999987725168,5,0.0016998999999486841,0.0018359000023338012,
d502a3812de5f186ee3876cd3887ea2c71fa77a884017f689ad26485a1ece9d3,h102,-2,unsupported_profile_domain,0.0018112999969162047,5,0.0016641000038362108,0.0020662000024458393,
2ff5b6d1b3e6e486b80d23ca95950323cff520b61f34596427f6eb4fc4798f5f,h102,2,unsupported_profile_domain,0.0017258000007132068,5,0.0016427000009571202,0.001930099999299273,
b71a1d4aaac5e84d5042f45dda564088a9c72e81044059d7ee3b9bfe2eaae5f3,h102,0,unsupported_profile_domain,0.0017780000052880496,5,0.00172049999673618,0.0021095999982208014,
d1019d5d9b30b8cae22927f61f8fe8264c38ffcc448cb4994e594972fbe991d2,h102,-1,unsupported_profile_domain,0.001699100001133047,5,0.0016713000004529022,0.0018140999964089133,
517b9b8f028b185a78604222a93bcc9fe984bac89c0b04bfe92d72fcf7646a94,h102,1,unsupported_profile_domain,0.0017155999958049506,5,0.0016523000012966804,0.0018315000052098185,
db53e0dd70e12486a1a180ebf6733fccf91d688d42fcb500175b34d50ed37401,h102,-2,unsupported_profile_domain,0.001695099999778904,5,0.00167420000070706,0.0019782000017585233,
da273e17e741e3495391fe796b23883260384284f6dd6e4fd3e39481aabfaf12,h102,2,unsupported_profile_domain,0.001761700004863087,5,0.0016905000011320226,0.0018888999984483235,
e12771a2d6f5723d1f85fa63afb0eb7be4770b1b7161066c89ffbb8552a6c5b5,h102,0,unsupported_profile_domain,0.0017302000051131472,5,0.0017149999985122122,0.0018999999956577085,
1c0a162ab531c569a43653fad83e68a9fa9d6af9aa77028c1213e2aea0831d85,h102,-1,unsupported_profile_domain,0.0018213000003015622,5,0.001704900001641363,0.002042300002358388,
ea3b6ca7182348851d5826fc548826012a37dd86437d46290e2505a225c243e2,h102,1,unsupported_profile_domain,0.0017613000018172897,5,0.0017089999964809977,0.002334000004339032,
47c646a1540322ecd492a95424924fcc9733d0be9fce9523d5fc457eea5b7316,h102,-2,unsupported_profile_domain,0.0017968999964068644,5,0.0017637999990256503,0.0019257999956607819,
2846dd8820d2387f9111c5e504ee64c415608952bb3debb4e3dd63982b3445a8,h102,2,unsupported_profile_domain,0.0018248000051244162,5,0.0017796000029193237,0.0019224999996367842,
d071e856e9e4671d31373d1aecc904118165e5a171413b791eeed4e0f8786e5c,h102,0,unsupported_profile_domain,0.0018258999989484437,5,0.0017965000006370246,0.00190870000369614,
2583f21b83ffba1fa63bd7c5abaef19a54ed84a9de7b27ada9e1e83bf4604f41,h102,-1,unsupported_profile_domain,0.001793399998859968,5,0.0017264999987673946,0.0018148000017390586,
65d729baf5b49774978c0efa96d09fe7e7b83cd708dd9d513796ac38e06d9277,h102,1,unsupported_profile_domain,0.0017584999950486235,5,0.001716199993097689,0.001973300000827294,
aa3bb246ebfa328d5ad07e38d899ba436378c7d666d83d4f4bc2a812d669be5e,h102,-2,unsupported_profile_domain,0.0017904000051203184,5,0.0017136000024038367,0.0020814000017708167,
d44a9afe20618f4e276c4123e37ce26038d87773381932327a766a806236de42,h102,2,unsupported_profile_domain,0.0017306999943684787,5,0.0016585999983362854,0.0019516000029398128,
b95b732d009f0ae2d72291776fc47d6526220b5020fb1a2cefcddaa67f82cd33,h102,0,unsupported_profile_domain,0.0017726000005495735,5,0.001693699996394571,0.0020670000012614764,
b30470d6a5d2dd023aba952fe36ffd2079a20473e478f93d1a62decf5daa08e4,h102,-1,unsupported_profile_domain,0.0017679000011412427,5,0.0017468000005465,0.001982900001166854,
0c80363853fa81590f3f8116aa5f55c67fe1cb356cd7543a537c308579436e80,h102,1,unsupported_profile_domain,0.0018167000016546808,5,0.001669899997068569,0.0019881000043824315,
af1de2779e5614d6ec8a369a00fcc349170a0695484a11142250601b3d5a7696,h102,-2,unsupported_profile_domain,0.0017361999998684041,5,0.0016666000010445714,0.0020261999961803667,
19a3c6b8e4befccd87fdad8d30b2a20bc5828ad83a38bbf858b4fcbf4160e12f,h102,2,unsupported_profile_domain,0.001765400003932882,5,0.0016896000015549362,0.0021394000068539754,
c1784f371673cd8f8433d69492cfffa2ec63cb60b3d6e142d1f3fc49fc198095,h102,0,unsupported_profile_domain,0.0017770000049495138,5,0.0016695000012987293,0.001884299999801442,
4cb0dbf214be1cc1c38dc534bb925925657780bc30c3b44d3bb99f6c8690751f,h102,-1,unsupported_profile_domain,0.0017294000062975101,5,0.0016871999978320673,0.0018991999968420714,
309aae58aee76265f7203f9089bebe270f012577847aa728ab45683dc5dcffb8,h102,1,unsupported_profile_domain,0.0018750000017462298,5,0.0017394999958924018,0.0018958000000566244,
f9645829c190c62c75e683e7bcafdde5c1169201526e1b6da440e411caff5254,h102,-2,unsupported_profile_domain,0.0018429999981890433,5,0.0016995000041788444,0.0019480999981169589,
2599739f60dccf03d24767de3d1d52e3fe35023afec8e551d4d7f2514c9d3c26,h102,2,unsupported_profile_domain,0.0017772999999579042,5,0.0017344000007142313,0.0019955000025220215,
d356c213ffb3af13d86d1a847bf69a2a8c31355da9c7c6ff3785cf684144d005,h102,0,unsupported_profile_domain,0.0018266999977640808,5,0.0016978999992716126,0.0020842000012635253,
e46dd6af681ebd67f9ec58f27d499a8630580adc1c81f3cd4d3be8dcac213208,h102,-1,unsupported_profile_domain,0.001862799996160902,5,0.0016938999979174696,0.0019285000016679987,
8b503989ffef20ec669fe7ea702cea52addfc44597d2eb9e7716fee505ddbe9f,h102,1,unsupported_profile_domain,0.001808300003176555,5,0.0017509999961475842,0.0020994000005885027,
62e1ae8d4ca148298310f0af686eabb3465e02fed02f272c1dc1cfde7dd52b85,h102,-2,unsupported_profile_domain,0.00177830000029644,5,0.0017361999998684041,0.0021429000044008717,
4d05feddb5e8c46a7a202070e7143ac7c9cec678aa95dc6f2dda599f547d5efc,h102,2,unsupported_profile_domain,0.0018084000039380044,5,0.0017745000004651956,0.0019728000042960048,
4657f6cf4c23de0d84b944e9c46916d26a16f6944e8453e416a2a28a68f1864d,h102,0,unsupported_profile_domain,0.0018596000008983538,5,0.0017899000013130717,0.002031600000918843,
8f1e09b8108220794b2171545a07c5186c874c72ef653c78b1b759d9e94cf0ab,h102,-1,unsupported_profile_domain,0.0016032000057748519,5,0.0015715000045020133,0.0016300999996019527,
5bf0d6db2aca6b32ddffea7b7502f8faad398b1d7b9d613cf2b679b2e0711517,h102,1,unsupported_profile_domain,0.001822600002924446,5,0.001709399999526795,0.0019696999952429906,
59a542d71024af1d4878098c8f4f910bcf7714df0df07e838754428d2585953c,h102,-2,unsupported_profile_domain,0.0016603999974904582,5,0.0016210000030696392,0.001753099997586105,
9a60a4cf08e98cce3cd0217e4f22efc37dba522492b056c0aa0a44cbe418930b,h102,2,unsupported_profile_domain,0.0018246999970870093,5,0.0017950999972526915,0.001854299996921327,
5cd2d3afb6ab378bf171855b1f26a243d660a49d4f22b768e4d017dbde09c569,h102,0,unsupported_profile_domain,0.0012159000034444034,5,0.0011222000030102208,0.0013194999992265366,
0622366fe3d238f9700e458be79a24a797c5e5113a420678b38e7ad23e14fdae,h102,-1,unsupported_profile_domain,0.0011023999977624044,5,0.0010763000027509406,0.0012276999987079762,
10558e8f8538dbe69fe3b25bcd2d5612db4f13a2352485a4655a511859efb949,h102,1,unsupported_profile_domain,0.001094700004614424,5,0.0010798999937833287,0.001308699997025542,
413886e4c518348a43480a26b581b4b843e5e0d58b26630f9e25263c68f54ea1,h102,-2,unsupported_profile_domain,0.0011814000026788563,5,0.0010814999986905605,0.0012255999972694553,
477291d6f0fca1a73eb550f007e5a72ffe71594e4c3390716831f3497a8725cb,h102,2,unsupported_profile_domain,0.0011334000009810552,5,0.0011085000005550683,0.0011847999994643033,
430f5893156b2087afceb744512951b06a08d7a507c3bff9ca7ac03fdb77b190,h102,0,unsupported_profile_domain,0.0012540000025182962,5,0.0011525000008987263,0.0019162000025971793,
f83d325cfebb09bf380283fd3abf4ca753b73fb604b185cf5215de1f55cf4e8b,h102,-1,unsupported_profile_domain,0.0011279000027570873,5,0.0010884000002988614,0.0012002000003121793,
63eef446785ef7b1079df6f7bc6d234bd53ad9e3d655a0b93c0c249f2d233c86,h102,1,unsupported_profile_domain,0.001163000000815373,5,0.0010843999989447184,0.001254200004041195,
d40af59b4b6fb5725d0e90cec88af29f4b01c818fa3868bb315fa035070a6af1,h102,-2,unsupported_profile_domain,0.0010995999982696958,5,0.0010817000002134591,0.0011614000031840988,
40ad95d314efe27c2a1c0791547a0d2b5029439d2605d3b66798c4354457356e,h102,2,unsupported_profile_domain,0.001149999996414408,5,0.0011278999954811297,0.0012380999978631735,
88ef2924189419e6ac805c7be87166876c4760a6139d2b1d88b8a11d328df9b6,h102,0,unsupported_profile_domain,0.001116400002501905,5,0.0010966999980155379,0.0011873999974341132,
6ff31442fadf4e3aa17ca98d06654df8dc04299d6ee304ac9f57251bf7000ea5,h102,-1,unsupported_profile_domain,0.0011336000025039539,5,0.0011023999977624044,0.0012245999969309196,
b456d123da7ddab6d7d8ebbcd436799ac96c79dee84c201123e60c64cfff3068,h102,1,unsupported_profile_domain,0.0011738999965018593,5,0.0011090999978478067,0.0013246000016806647,
e06ad4d78272517aa1936ecd338fde0c756c0610b7a79abf1aa45f293a1cfe4e,h102,-2,unsupported_profile_domain,0.001163300003099721,5,0.001110600001993589,0.001189300004625693,
5e367c77a45420d2b01a9416927353bbf60bea60d0d796ea377ca97aac23c7dd,h102,2,unsupported_profile_domain,0.0011872999966726638,5,0.0011224999980186112,0.0012524999983725138,
f8a0b4a485cdda0c890c565765be4083ac90df331313fa696d20fde418fe3dcb,h102,0,unsupported_profile_domain,0.0011822000014944933,5,0.001113199999963399,0.0012461000005714595,
0009f50f7ba4fbf1ffd14eb3aab8d7d04ab7d7062bc6d7f33905b0052dfa685b,h102,-1,unsupported_profile_domain,0.0011642000026768073,5,0.0011291999981040135,0.0013800000015180558,
87fceda198b12b8cd378f11de91fb0669b1b3a8f1d8f78f9337f1442e623a258,h102,1,unsupported_profile_domain,0.0011509000032674521,5,0.0011012999966624193,0.0013622000042232685,
4e835769b477e317525677d485d007880f4b0f9ce3ad592936166c81f13ee430,h102,-2,unsupported_profile_domain,0.001112099998863414,5,0.00108860000182176,0.0012024000025121495,
f6cd8aa5ead484a2c72e710152ca5decabb7783af921948cc7f1ff6525d4a274,h102,2,unsupported_profile_domain,0.0012835000015911646,5,0.0011211999953957275,0.0013264000008348376,
ffe1f0c923b87a1c13a14f6df2d3a448affa0103acb19831a48adcd1d942985c,h102,0,unsupported_profile_domain,0.0011260000028414652,5,0.001106100004108157,0.001204400003189221,
b18f0dbf75e1b0816cb2103484538b3e4c82e6d67116bc2bd4211fd9e8575ca9,h102,-1,unsupported_profile_domain,0.0011610000001383014,5,0.0011158999986946583,0.0013190000026952475,
59c4675ca7d6b19b750cb39e61d8d76d32f393fd8f3fee8ac1b6478ac979b3f5,h102,1,unsupported_profile_domain,0.0012790000037057325,5,0.0010820000024978071,0.0013946999970357865,
2ca9954f1bcc26273d5b648a62fcc70259cfb9a3dda7e781641c80e519e8b803,h102,-2,unsupported_profile_domain,0.0011483000052976422,5,0.0010855999935301952,0.0012167999957455322,
20017b697033d0c12497d0332f54bf283139d38ccb6f828e5e4eee1ca5ba9407,h102,2,unsupported_profile_domain,0.0012000000060652383,5,0.0010939999992842786,0.0013656000010087155,
dbdfe904588a1a7e8667f80444bc825bddb28a8fb27d1b61bd83c7bc2d1503fc,h102,0,unsupported_profile_domain,0.0012101999964215793,5,0.001145000001997687,0.0013542999950004742,
9623ef6db148ec6217565547e4326bef10b56f7a21cbdc66bc02e63f873bb415,h102,-1,unsupported_profile_domain,0.0011727000019163825,5,0.0011111000058008358,0.0012229000058141537,
a753837095017837f25cca744707fc8b293104ddbbb37b130c453e44a0a3361c,h102,1,unsupported_profile_domain,0.0013117999988025986,5,0.0011041999969165772,0.0013281999999890104,
04a08475c77a7a19fd9555c5ef4c3e7b7aaa9b708a412ec0a09abd5a619e822c,h102,-2,unsupported_profile_domain,0.0010896000021602958,5,0.0010871000049519353,0.0011786000031861477,
58a7813924b72dff2b7da21623fd9635638ddd5e00e16c1bba1180f8e185bccb,h102,2,unsupported_profile_domain,0.0011487999945529737,5,0.0010881999987759627,0.0013373000037972815,
b0cccc5c9e397b6466364733f88c84c66193514aadfef25601ba0c8efbad20c6,h102,0,unsupported_profile_domain,0.0011540999985300004,5,0.0010922000001301058,0.0012762999976985157,
92bd7db1fe3c2c6093042838a94e3ee16319eeacf939614057faed0b5b6e5098,h102,-1,unsupported_profile_domain,0.0011349999986123294,5,0.0010892999998759478,0.0012648000047192909,
0323280e226bb06c2fe936badfd1894a7911445193f326a23b0ae234dddd4714,h102,1,unsupported_profile_domain,0.0011774000013247132,5,0.001080400004866533,0.0012226999970152974,
6e6fa5bda1cbbb515db95605163f5dccd28bb8f6426d40a2c538befc17437384,h102,-2,unsupported_profile_domain,0.0011355999959050678,5,0.001131699995312374,0.0013847000009263866,
286c4ec97ed82449bc618e40f74078d9c701c0b06f3e4db93389b897dec9127f,h102,2,unsupported_profile_domain,0.0011574000018299557,5,0.0011244999986956827,0.0012233000015839934,
ad28855051a34bbb331b405914e2fcc3a370e05da4affb2c3bc5f21e4d6f7694,h102,0,unsupported_profile_domain,0.0012009999991278164,5,0.001128100004279986,0.0012145000000600703,
d88877903f6411552e6abdd0ade9bd4627c0ae27e943c39248d311e546d6b634,h102,-1,unsupported_profile_domain,0.0011455999992904253,5,0.0011068999956478365,0.0011760000052163377,
241ea62ba5a7ae33bbbbbcf7130c4c2d7c2ddc564ec0a8ab2e3b2118c3abafb5,h102,1,unsupported_profile_domain,0.0011603000020841137,5,0.0011260000028414652,0.0014345000017783605,
d7904fd00d592fb44e333b37c85753945b6b07e13632e2bc9b3027957278af92,h102,-2,unsupported_profile_domain,0.001135500002419576,5,0.0011257000005571172,0.0012387000024318695,
56b146f472bdeafd8d74f789cf1d7d4d1b22054da50fa6f534b258495bb323c5,h102,2,unsupported_profile_domain,0.0011986000026809052,5,0.0011187999989488162,0.0012314999985392205,
f6fd652410ff6bc5b6d5817e93a8bd4173a36ce9e06d7de4e87cbd43a9b43fba,h102,0,unsupported_profile_domain,0.0011897999938810244,5,0.0011008000001311302,0.0012188000036985613,
9011d678d20e7fa30a0946ee2405ca864aea8a10d3e9b9771cbc92fc1ab9285d,h102,-1,unsupported_profile_domain,0.0011571999930310994,5,0.0011052999980165623,0.0015972000037436374,
959729b3cbd326e508b7b33006bb11f8f2aae492ae31debb504825667390d563,h102,1,unsupported_profile_domain,0.0011149999991175719,5,0.0010964000030071475,0.0012637999971047975,
6d624d7594083ff688b57c19200bed6d4813333b8f50411b6873cc8d33d0da1e,h102,-2,unsupported_profile_domain,0.0011405000041122548,5,0.0010848000019905157,0.0011958000031881966,
bdb28df275d02c9e673063d15b4f55413e5561a44b36ff4e093790a9c64986e4,h102,2,unsupported_profile_domain,0.0012174000003142282,5,0.0011324000006425194,0.0012483999962569214,
c53ff76acf79faedbc84d9101f4aae860ec8499c93a3f12ae2f9d3078062a9c6,h102,0,unsupported_profile_domain,0.001142100001743529,5,0.0011222999964957125,0.0011840000006486662,
b61d40e5d8623358bf59181de56610eab2d5995d3420990cf6877f60012be6b8,h102,-1,unsupported_profile_domain,0.0011604999963310547,5,0.0011203999965800904,0.0011731999984476715,
2980e4054abd020da3e839a6392ff61887c0fab79a51d769e9818f3d173cbb60,h102,1,unsupported_profile_domain,0.0011555999953998253,5,0.0011375999965821393,0.0012291000020923093,
f692e4cf4c3c4de7f316b2a23327070a28427b12c4b4a20881cd69ad4f1e43e2,h102,-2,unsupported_profile_domain,0.0012388000031933188,5,0.0011522000058903359,0.0013743000017711893,
d47289a5eee523bd9c2e67bcaa2f2951dcb7492c545231bf33c16ab119999324,h102,2,unsupported_profile_domain,0.0012036999978590757,5,0.0011440000016591512,0.0013505000024451874,
43cc5192da5584ee1421a92f1d40e4004b86317eb9b0acf68bac36ebf2739503,h102,0,unsupported_profile_domain,0.0011556999961612746,5,0.001116100000217557,0.0011696000001393259,
66e15c00c5818aff8ea2f057a5d2fddc8dbc3f4da3fab40a6901ed1b583a8647,h102,-1,unsupported_profile_domain,0.0011158999986946583,5,0.0010820000024978071,0.0012090000018361025,
cbba7831d1d051752489f42a5756b9d73c76f87083c5dd2ded2e788672e67660,h102,1,unsupported_profile_domain,0.0011976000023423694,5,0.0011279000027570873,0.0014926000003470108,
d7fd2b4ecb727778535e81fd23f4e9d3586e43325d408f17538ffb0d78581da3,h102,-2,unsupported_profile_domain,0.0012009999991278164,5,0.001145499998528976,0.001490800001192838,
f30ccf6de2ae1fa89867ab0458d9414303d1c79da9df42d8ae2c3e03f055c823,h102,2,unsupported_profile_domain,0.0011812999946414493,5,0.0011079000032623298,0.001261799996427726,
569840269436d2261bc850dc72e801a19d985a83c307202936f1a02afa7bc5f3,h102,0,unsupported_profile_domain,0.0012433999945642427,5,0.0010909000047831796,0.0013752000013482757,
41f6314bcf9bb9fef13a30163590b0a2edaecdc537525ebd1b1b8fbe9827c17d,h102,-1,unsupported_profile_domain,0.0011669000014080666,5,0.0011522999993758276,0.0012178000033600256,
b924d3da7d612a4895e0bb7424a86aa924b8416edcb72aaf153a7bfd35c63f28,h102,1,unsupported_profile_domain,0.001218099998368416,5,0.001111799996579066,0.0014071999976295047,
0c51a34edc6361020f0b3542c0a6545afde7922e1fd9a741dacab6df9d125258,h102,-2,unsupported_profile_domain,0.0011534000004758127,5,0.001109199998609256,0.0011961999989580363,
05c903bf0f919789c17e6eef47292c3c93cac9d9bf4765018d6999866b14ce45,h102,2,unsupported_profile_domain,0.001171500000054948,5,0.0011094000001321547,0.00127269999939017,
e4ac82a2b2b1749491f724c5e6afb52afe136da0ae279710e3281791a7c55a3a,h102,0,unsupported_profile_domain,0.0011430999948061071,5,0.001091500002075918,0.0012330999961704947,
50d3c0c07c0b8bedef8ac6f17541900ba9a5667d5dbc07c9ddf6e20974b9d47f,h102,-1,unsupported_profile_domain,0.0011200000008102506,5,0.0010781999953906052,0.0012548000013339333,
aee3abbfb5a67281de2284f9f8a08fbbacf1f31654d6e0a410204b33fa3e4d12,h102,1,unsupported_profile_domain,0.00113749999582069,5,0.0010790000014821999,0.001261299999896437,
27ac48bae849e3d04820e8dc773f906ca4702ac7bb4b7c1143daaefa049b5832,h102,-2,unsupported_profile_domain,0.0012397000027704053,5,0.0011057999945478514,0.001326800003880635,
dbf33a22af81ac84cb769669261a54bf8b3579fbcf63b44e83b4b755e561d96f,h102,2,unsupported_profile_domain,0.0011859000005642883,5,0.001077800006896723,0.0013436000008368865,
fca894abec159c3bc8875758fc0924adb0ebdb88712ac47ddee63fef699ff2d5,h102,0,unsupported_profile_domain,0.0011273999989498407,5,0.0010877000022446737,0.001277800001844298,
b20fa6339c7b96dfa79312b1812614ad42061d0afd6ee1e376cad3c6886b49bd,h102,-1,unsupported_profile_domain,0.001101499998185318,5,0.001088299999537412,0.0011744999937945977,
f31a9cbefc2c4c5d7d76a8b9171ebed2abe596cb761fd2913058eb8bfd83c4bc,h102,1,unsupported_profile_domain,0.0011831000010715798,5,0.001127999996242579,0.0012309000012464821,
59cd903846159bfad288454557eadf985c441a0c9bce8ceacfac0bc223798960,h102,-2,unsupported_profile_domain,0.0011827999987872317,5,0.0011111000058008358,0.0013250999982119538,
333f05aaacc0a70251241f8b5d18ad1ee076108392fced3fa422826ce60433db,h102,2,unsupported_profile_domain,0.0012019999994663522,5,0.0011440000016591512,0.0012424000015016645,
aede41084a179920a95fa0487efa2ebdf9ceeda34621e9147b2623bc3d5dcc52,h102,0,unsupported_profile_domain,0.0011763000002247281,5,0.0011271000039414503,0.0013125999976182356,
420566f468feb040c0644323540fc0437d6b3e184842b6c93290c02107da6f62,h102,-1,unsupported_profile_domain,0.0011283999992883764,5,0.0011094000001321547,0.0014687000002595596,
1835c3ec46fb89fc3ebec7b080937aefedd3b84699a987a9201bdb0249c1b506,h102,1,unsupported_profile_domain,0.0011295000003883615,5,0.0010819999952218495,0.0012673000019276515,
27be5f7831a64c90ce6985cb2ae530a007721a3a08727577783597d29f4245ba,h102,-2,unsupported_profile_domain,0.0011232000033487566,5,0.00108639999962179,0.0013349000000744127,
57904a7db953d29f47ed0cb4e3013d6ebd664c2d5d85deb4a4034f988f77e984,h102,2,unsupported_profile_domain,0.0011846000052173622,5,0.0010916000028373674,0.001232399998116307,
eef5050de82b5a68a050abc1c9d505256d762c3f66c6f5e12e5dcca8788619e7,h102,0,unsupported_profile_domain,0.001181799998448696,5,0.001121500004956033,0.0013295000026118942,
06a467993f0a89bbee10cc1d7fe2373c4e9b773bee94c46a6413d2c5b9cd1224,h102,-1,unsupported_profile_domain,0.0011480000030132942,5,0.0010868000026675873,0.0013443999996525235,
015b30f72835627079c07b2e0e0360189604eda185849a36b12fe4d4fef27f0a,h102,1,unsupported_profile_domain,0.0013161999959265813,5,0.0011339000047883019,0.0013813999976264313,
cc4409bb7da7e4061ba971f763d25b7530d3bc3b070e621d23cc45b770fb2818,h102,-2,unsupported_profile_domain,0.0011808999988716096,5,0.001146299997344613,0.001244599996425677,
214fa95ecfdffdb6ccf774e9d8a855139b48072ea641b570b131dd6fae88c5f4,h102,2,unsupported_profile_domain,0.0011439000008977018,5,0.0011261000036029145,0.001214700001582969,
9c6fc4bc6b2156a57a3980da2c9d1d44fca1e25ecf4981f8d3798e5678c3363c,h102,0,unsupported_profile_domain,0.001167199996416457,5,0.0011171000005560927,0.0014072000049054623,
f65538457179d5d7b2404060b0fd630a89258bbad536edad31d504ea9c36e82b,h102,-1,unsupported_profile_domain,0.0011136000030091964,5,0.0011029999950551428,0.0012170000045443885,
1cf0eb0ebccf07ed10450eb57c1fa947280fa0b857837efa3fcdad9a23cbf1ad,h102,1,unsupported_profile_domain,0.0011708000020007603,5,0.0010880999980145134,0.001462200001697056,
16efa0794e05030d7ef7185ce606cf65027caf9204e759ef84b72538234b73c3,h102,-2,unsupported_profile_domain,0.0011030000023311004,5,0.0010873999999603257,0.0012204000013298355,
99124c26bd3c05f1790f0256fc2d6b367904a28f7a30306e5e386e312950acca,h102,2,unsupported_profile_domain,0.0011479000022518449,5,0.0011086999948020093,0.0012575000000651926,
de241c8e64abfaf50bdcd747776807fa60eb688d91e35f5a7329a485678a73ad,h102,0,unsupported_profile_domain,0.0013347999993129633,5,0.0011847999994643033,0.0014751999988220632,
228f30ed3b21a5752f27e843e0ef3ae848e4a5ad3baa342db11a591b80bfd05f,h102,-1,unsupported_profile_domain,0.0011584000021684915,5,0.0011243000044487417,0.0012663000015891157,
af04ffd7bf36f32ce0108f88585f361ace5ccf443dc93296ef3ab782bd1f8ff6,h102,1,unsupported_profile_domain,0.001127300005464349,5,0.0011079000032623298,0.001157200000307057,
b792c35c6476a390a17425352db47b90100707f92e9e1abbb1490e998f6038d3,h102,-2,unsupported_profile_domain,0.0011314000003039837,5,0.001092100006644614,0.0012347000010777265,
9b23a69a4d7afa35e11ee15f771f66c03e3a87aab2e374c15a0b98bf5f839aa4,h102,2,unsupported_profile_domain,0.0011079999967478216,5,0.0010897000029217452,0.001468499998736661,
ed96eee2387d3e9f7382d660b9cc5854dbfa511407285da143f06cda4c3fe727,h102,0,unsupported_profile_domain,0.0011471999969216995,5,0.0011177999986102805,0.001290200001676567,
94d5b4ab4877e6b7a561f8c729aa64a8c401b5ca4206505c7cfd2398f5d398ee,h102,-1,unsupported_profile_domain,0.0011277000012341887,5,0.0010836000001290813,0.0012149999965913594,
34b1b74a101e39c8d1975724c567ca61938d03578c6161b56cdd521c841facb5,h102,1,unsupported_profile_domain,0.001094599996577017,5,0.0010821999967447482,0.0012010999998892657,
ff9989049badde6618a15a0e4f39dc4bd3a29ef8cc54136cc77bfa45b8f467b2,h102,-2,unsupported_profile_domain,0.0010987999994540587,5,0.0010895000013988465,0.0011138999980175868,
c6ed32090860e9424cf9364455a419f8ee504eed5417a750fc646fec21d31451,h102,2,unsupported_profile_domain,0.0011873999974341132,5,0.0010929000054602511,0.001341799994406756,
7f6e8e42a26ad28ee8ffabb9508c5fff0de24371ef2efb0efe60b1615bfca182,h102,0,unsupported_profile_domain,0.0011395999972592108,5,0.0011082999990321696,0.0013278000042191707,
8256f63a07a7f779d5437a6f1d51177c55151a762ac1c014799d9ff1662798ab,h102,-1,unsupported_profile_domain,0.001294399997277651,5,0.0011371000000508502,0.0014907000004313886,
92e9df813c9485cb435ceddb94c6aff66df886de232f8dc93f2ac6995624704b,h102,1,unsupported_profile_domain,0.001183200001833029,5,0.0011463999981060624,0.001259800003026612,
02f7e0413baf44a658a52dbfedf01ab7444674351236b1fa822a7a0ad130ff11,h102,-2,unsupported_profile_domain,0.0011130999992019497,5,0.001108899996324908,0.0012218000047141686,
cf8f170ef9130ec2b5674b673785fd3c7e8526a8bb03bf3d4d8a000fbe6f063d,h102,2,unsupported_profile_domain,0.0011537000027601607,5,0.0011144000018248335,0.0011999999987892807,
bc9616292f8c783964b690a09050eef9e8de0e8008ab0ec4e1137668b984deb4,h102,0,unsupported_profile_domain,0.0011028000008082017,5,0.0010901999994530343,0.0013760000001639128,
5ddbec080186c7d7cf25f34d35063b33d96393876f1f827d4dfec609aafdffb2,h102,-1,unsupported_profile_domain,0.0011728000026778318,5,0.0010837000008905306,0.0011908999949810095,
af37588991027184b1b0478b46481acabc39dcc5728130778899ad147c2ebe1e,h102,1,unsupported_profile_domain,0.0011243999979342334,5,0.0011094000001321547,0.0012169000037829392,
f58085c726bd1f1d26e661b759b5c9a2cbc2d893c799dea7e70e013a06761adc,h102,-2,unsupported_profile_domain,0.0010907999967457727,5,0.0010779000003822148,0.0011232999968342483,
ef2077773bc5fb47e73f7be244c596cf9201674c994140d6a9ca3e2244093c05,h102,2,unsupported_profile_domain,0.0011396999980206601,5,0.001080900001397822,0.0012922999958391301,
bf2b02447b531745646585527b469aaf76cd8d8c48b548c23502f3a7ed1719b1,h102,0,unsupported_profile_domain,0.001137799998105038,5,0.0011089000036008656,0.0012197999967611395,
b4d4a8afac1502fc13d28dde92477f424091dbf40a4511b1ac62c8d0b06000c1,h102,-1,unsupported_profile_domain,0.0012102000036975369,5,0.0010911000063060783,0.001323900003626477,
4343eecc331e45df262aeff88f685c34187a9aac37e965bf01d6d8770aa83c86,h102,1,unsupported_profile_domain,0.0011329999979352579,5,0.001103500006138347,0.0012253999957465567,
b19ff94ce5ac07940991b51e01db894583c523553b1d521665cf09c87dd40316,h102,-2,unsupported_profile_domain,0.0011057000010623597,5,0.001063200004864484,0.0011937999952351674,
177883932de0a53aae4141f566b0cd9f05c856b5af79998f8c7cb6b696aa78f1,h102,2,unsupported_profile_domain,0.0011602000013226643,5,0.001104899994970765,0.001203300002089236,
6914abd170d9f224a2d970658ba8d0b3b0076aaffcc719fc169782c0ca63bb36,h102,0,unsupported_profile_domain,0.0011617999989539385,5,0.0010929999989457428,0.0011987000034423545,
5fdd097860d21ad779b0bd9671e8a4710fc0bcc647194ad1b95cf9a6290fcf9a,h102,-1,unsupported_profile_domain,0.0011297000019112602,5,0.001090400000975933,0.0011612000016612,
61c3d983ec758b450a27f33ec6661c06ea025977ca86ec14a9f6eae1932be51c,h102,1,unsupported_profile_domain,0.0011191000012331642,5,0.0010924000016530044,0.0012415999954100698,
1e3593a416f832d725bc3445ef2cb9fc7852ec8e63a54af362ef4886dbfdc085,h102,-2,unsupported_profile_domain,0.0011260000028414652,5,0.0011149999991175719,0.001174700002593454,
0692f5c44b46aa6b9787345ed83f495e2d0fc857a8c35d9cc407ce568340dd80,h102,2,unsupported_profile_domain,0.0011859000005642883,5,0.0010899999979301356,0.001585099998919759,
df1c24a09eb635e4ab46edce9ae253e7a3d677836900a273ce7f0ab4ac5fa4c8,h102,0,unsupported_profile_domain,0.0011574999953154474,5,0.0010982000021613203,0.0012301999959163368,
d57a84225aad0bc1c1a5a7fc4193e49c77ac3da8bc1278e2948245143a2b8f48,h102,-1,unsupported_profile_domain,0.0011068999956478365,5,0.0010888999968301505,0.0012084999980288558,
565b74131e1cd28b7865f8056809c73f500661019defccd5a94242fb0d3268d0,h102,1,unsupported_profile_domain,0.0011650999949779361,5,0.0011002000028383918,0.00119270000141114,
031bf24859fa7f38bf3a4ffddec4fb12437d3a17de3ea4b46004c6a776f519f4,h102,-2,unsupported_profile_domain,0.0011220999949728139,5,0.0010932000004686415,0.001363600000331644,
6eb65de2cd053bd8e7da4e1755d4f03199a8d1024e06dfed4e642f2c6704d3dd,h102,2,unsupported_profile_domain,0.0011262000043643638,5,0.0011018999939551577,0.001480200000514742,
de43f2ed5d808c33d23363935b2246b733d33c860d3c38e718e800916c1aebad,h102,0,unsupported_profile_domain,0.0011634000038611703,5,0.0011228000003029592,0.0011827999987872317,
af5877bfec91408fb51030901360967b9fbd01351d64ddc3666ef595a7928b5f,h102,-1,unsupported_profile_domain,0.0011232000033487566,5,0.001098100001399871,0.001179500002763234,
a30d60d8f0bbd76e99d0923f339747424972a3afa59c56bf5aa73c0d7a7558c5,h102,1,unsupported_profile_domain,0.001250399996933993,5,0.0010857999950530939,0.0013465999945765361,
8e19ebe5b3f020564f2e48e89bcc9dcaaa9838087296626d0d527e6cb5e4ebde,h102,-2,unsupported_profile_domain,0.0011836999983643182,5,0.0011610000001383014,0.0013003999993088655,
971de3c308bdc64eb39bb575b9ce42bb8d8c63772af698e6d8583c34631dea03,h102,2,unsupported_profile_domain,0.0011659000010695308,5,0.0011217999999644235,0.0012153999996371567,
cb59ea668e6a8fd3b471ba4e9b695bf5dd265467282e62d51fe220066552ad97,h102,0,unsupported_profile_domain,0.001175199999124743,5,0.00112269999954151,0.0015461000002687797,
3981d9eb807fd640313b08e03eccec4df2a77483891829383c554da72ecf5da1,h102,-1,unsupported_profile_domain,0.0012332000042079017,5,0.0011207999996258877,0.0013188999946578406,
88a9f238a25236bbd1799155ff3bef4c053a3b3fd42a7f17a96ae1e9f8603dec,h102,1,unsupported_profile_domain,0.0012937999999849126,5,0.0010818000009749085,0.0013659000032930635,
be8a65b72077b21faeadf62943f9cf767510069f44ab7003edd0978df4293eaf,h102,-2,unsupported_profile_domain,0.0011463999981060624,5,0.0010959999999613501,0.0012455000032787211,
41b85fe0ca88dc2fc77a40a2c09e6acf16706f8a2535af082d93000a7f0f0203,h102,2,unsupported_profile_domain,0.0011999999987892807,5,0.001138100000389386,0.0012765999999828637,
eeca89d1c3c0e801d33b602e1fb8a972b02f82179e2089d4fc9e469feec834ce,h102,0,unsupported_profile_domain,0.0011790999997174367,5,0.0010967999987769872,0.0022940999988350086,
ee777c3652ef6542898fd4dd8e1f44450a2baa232bf91f0bbd54bf373c9f1f93,h102,-1,unsupported_profile_domain,0.001106299998355098,5,0.0010896000021602958,0.0013193999984650873,
f741abf600905c52a1a1929f6af0da5772ee0020ffb41f465c1d740bb7ca446f,h102,1,unsupported_profile_domain,0.0011566000030143186,5,0.0010827000005519949,0.0013982000018586405,
b90eff0809cc2fe72fd2a10f6bfb42b221e87fd79bab3f1a154cf5c633ded480,h102,-2,unsupported_profile_domain,0.001103200003853999,5,0.0010926999966613948,0.0011561999999685213,
680dd5defa7339ad1faca8747fe98c398a77c7b47d51db01b6690567d31797ed,h102,2,unsupported_profile_domain,0.0011123000003863126,5,0.0010928999981842935,0.0012394000004860573,
c5ab9b4f3dc5ac8dd148eeb0d598594e026f1cc55d7583c7c36c063c0203ea3c,h102,0,unsupported_profile_domain,0.0010980000006384216,5,0.0010866000011446886,0.0011341999997966923,
3cdda446cae318becd511d73213b4bcdc517ac7a7ca9aa961c997fd8cc59bf30,h102,-1,unsupported_profile_domain,0.0011659000010695308,5,0.001077200002328027,0.0013108999992255121,
0fdb5b2e7730e41fd5a81513453ae5d083da02c999090ef0dc8cf244cfd1bfad,h102,1,unsupported_profile_domain,0.0011553000003914349,5,0.0011071999979321845,0.0013009000031161122,
7155f6f0ebc8648ad78cc482ffed364d8a075fe9f452cf00f5d1e03170a338a6,h102,-2,unsupported_profile_domain,0.0011848000067402609,5,0.001102599999285303,0.001265499995497521,
29421bc386755e6e0efd78ec143ade77bcc567004220ae20c24cc68f25f19457,h102,2,unsupported_profile_domain,0.0011573999945539981,5,0.0011005999986082315,0.0012014999956591055,
884867b484366795ba5e30831043f5bfbbd7ec3c90f65fac0877e21f427e86d5,h102,0,unsupported_profile_domain,0.0011283000058028847,5,0.0011027999935322441,0.0012119000020902604,
f6aa935ba10115dd977d7d1ea4d5e770ac7bb26b61bf590400c6985179319c54,h102,-1,unsupported_profile_domain,0.0011154000021633692,5,0.0010980000006384216,0.0012232999943080358,
2d7eaf244c89de8e41939740d904af07994974cf1cc30713e9b3b7acada59651,h102,1,unsupported_profile_domain,0.0012729000009130687,5,0.0012115000063204207,0.0013430999970296398,
21041e876be34dca78caa7018b4d93f478b7edf7a6e96011db5ee2e4dc329b4d,h102,-2,unsupported_profile_domain,0.0011225999987800606,5,0.0011064999998779967,0.0011519999970914796,
4556e1e79542bd50ee9d321a2f99007c99da38d248cca000272170a4b26d6197,h102,2,unsupported_profile_domain,0.0011230999953113496,5,0.001080900001397822,0.0012618999971891753,
0e25cdf725420f9dd7cda9e4009c0cdf727a495e7c2748c432637e5646b6325b,h102,0,unsupported_profile_domain,0.0011982999931205995,5,0.0010894000006373972,0.0013707999969483353,
7e23477783b811cd130a2e11ca84ff82c49a202dccbb6c5f0ea487f7d84355eb,h102,-1,unsupported_profile_domain,0.0011336000025039539,5,0.0011119999981019646,0.0012411000061547384,
3d65f6837df41318caddaca5021ef9e183f70061c8ff5579e6a0765fb16d5f6e,h102,1,unsupported_profile_domain,0.0011400000003050081,5,0.001103500006138347,0.0011873000039486215,
714813e8555c351c651aa63641395d3172c9ae2ac07301c9542ed70c836de377,h102,-2,unsupported_profile_domain,0.0011815999969257973,5,0.0011070999971707352,0.0012773999987985007,
ffeee8c90f53dd7ffd5dcd1f2cbe67a31dd9307c63abc04d8f66773463a5fb1b,h102,2,unsupported_profile_domain,0.001181600004201755,5,0.0011132999934488907,0.0012394000004860573,
41d3aa694be8e0ffdb92c03443f089115daece590f70d8be084240b9ffebe2a7,h102,0,unsupported_profile_domain,0.001142900000559166,5,0.0010914000013144687,0.0012926999988849275,
136cbebdf67046442f82c6d7c01deaf5251182b7a7b2f3081d2c0ae520471226,h102,-1,unsupported_profile_domain,0.0011471000034362078,5,0.0011021999962395057,0.0012042000016663224,
bd1b3a9bd0488990e1cd0db4b1cc07d70c070b319e21c751f7fc16b3ada376eb,h102,1,unsupported_profile_domain,0.0011555999953998253,5,0.0011042000041925348,0.0012673999954131432,
f68911dd7f06aa434cad004eabdc5770393f542ff041dd38aeddfa807648e30a,h102,-2,unsupported_profile_domain,0.0011011000024154782,5,0.0010885000010603108,0.0011738999965018593,
a4d1f474e372173eb855ef7b41e68324b36b28d8b4c61024cb0eef07850fb099,h102,2,unsupported_profile_domain,0.0011532999997143634,5,0.0010885000010603108,0.0011838000064017251,
26dfb3ac348f515525a9d38b2071293b820cf684fcbafc3d741b38e715894ab8,h102,0,unsupported_profile_domain,0.0011201000015717,5,0.001109000004362315,0.001204599997436162,
f7a02631e33de5ba64b05af229a766f58a6d7949a7191129c14138027229c23d,h102,-1,unsupported_profile_domain,0.0011460999958217144,5,0.0010970000002998859,0.0012432000003173016,
8ff4a91b4e07e5667bd9f520fff41d16b4af3835769b1e59f42cb4797354868a,h102,1,unsupported_profile_domain,0.0012062999958288856,5,0.0010963000022456981,0.0013091000000713393,
676008f004e5273363caba0448e3fbf44845e59dfdb9d10ad2d8af6713568ba1,h102,-2,unsupported_profile_domain,0.0011621000012382865,5,0.0011110999985248782,0.0012822999997297302,
e86a7f40c8da3ee62f2f124faa6ac64b1f14d5d3e9dce19bc6e04805883c9cdd,h102,2,unsupported_profile_domain,0.0011478000014903955,5,0.0011258000013185665,0.0012169000037829392,
0b4319d69bd7044475232b29959f4eb1010a1bd489ccbc0b8d31800251d8d327,h102,0,unsupported_profile_domain,0.0011302999992039986,5,0.0010865000003832392,0.0012092999968444929,
19c16fe4b06a70b283d793aaeb307ae4552c5811b4593195449c4dce2b1cbc48,h102,-1,unsupported_profile_domain,0.001141799999459181,5,0.001104700000723824,0.0012050999939674512,
877d5609a006123ee739062ae4ca09fdc283b39d54a14a3334102963e09a0382,h102,1,unsupported_profile_domain,0.0011016999997082166,5,0.00108639999962179,0.0011675999994622543,
043948d72ce4bb33083bd5dd5efb2a40b962011e068296896ba71d8b64e422dd,h102,-2,unsupported_profile_domain,0.0011289999965811148,5,0.001104899994970765,0.0011696999936248176,
44eb91361f7c5c6251891cc94968c0cdd15096bd8664621b5d50ea438bdc4400,h102,2,unsupported_profile_domain,0.0011531000054674223,5,0.0010954999961541034,0.00119270000141114,
b3c0fd1fb4847606453743502d4b53c570c983cb95dc206ae046a64ecf94c72b,h103,0,complete,0.014836800000921357,5,0.014141599996946752,0.015550600001006387,
356917bc60a1bc94f323e9f15517f5d07ed2ce05304720bac251376e812eec8b,h103,-1,complete,0.014678400002594572,5,0.014361099994857796,0.015217899999697693,
a99653e49eb8e6e4f3fb6b0bfe719bb53ca8ef9cb1cd108fa2753733ad607859,h103,1,complete,0.01452370000333758,5,0.014357899999595247,0.014978300001530442,
6ec05911a04e369d0bd2f67966814d29ec9aa4dbb029a62ad117cb3c71f72fb2,h103,-2,complete,0.01471529999980703,5,0.014645099996414501,0.015182899995124899,
c190f1dcbc38c8f34d0ffa73ad74e78a0fffc346adeb9a030eb8ee2472b11a95,h103,2,complete,0.014849200000753626,5,0.014617599998018704,0.01503690000390634,
5358022ad88126e7bdbc30ed911605e8ffefc7ba2c0573b7e4b4ac0ea1a64c8c,h103,0,complete,0.014845900004729629,5,0.014659899999969639,0.014922800000931602,
842d2c6fb7b2f5d80b3bb9ff5165141f424b2c705088b857d35c44bd62ebf62f,h103,-1,complete,0.014752000002772547,5,0.014268300001276657,0.01504910000221571,
2f8cf42ba0f88b214a1a5c7b8c11ac32613dad33b0d4a8fc26bc130167173491,h103,1,complete,0.014564600001904182,5,0.014269799998146482,0.014938799999072216,
06422b9b1d504dfc92401cfb9fc79760d21cadffd39e1fc4483ec0d56d691d3e,h103,-2,complete,0.014651500001491513,5,0.014150599999993574,0.015166999997745734,
fbfc4a6455ce620e7c647b314bcf804f2771d10e61a6eaa544f5c94ef78d0708,h103,2,complete,0.01467669999692589,5,0.01413440000033006,0.015460199996596202,
6b7158c77d66d8eb6f1345f0cf40242a7149a2176f12d669c48eebd48e312c28,h103,0,complete,0.01430160000018077,5,0.014157699995848816,0.014861399999062996,
33294369b00a71f4f19b3c7a15dd9fcb6775b652c6b96dfaa25e997c4e334492,h103,-1,complete,0.0142651999994996,5,0.014061200003197882,0.014436099998420104,
5121825d866cd3bf6a53e76f12d4a237a562423d68f9f1d77b2b23b0ff7e7e17,h103,1,complete,0.015058900004078168,5,0.014310200000181794,0.015553400000499096,
e817be44a9f88b6fe0f9b63f7a7429199a4ae9367da0f68d58a00ffbcf1d19b0,h103,-2,complete,0.014716700003191363,5,0.014366100003826432,0.014904100004059728,
0af712b9e8bf09c65dd491c8ec7c8357e7a82e2577881951c2e8919672810ae6,h103,2,complete,0.014583899996068794,5,0.014209000000846572,0.015139299997827038,
e842589cf781affaadb8cc6b2aba77f4774e78a0b78ee7749e892532b7e699cc,h103,0,complete,0.014681000000564381,5,0.014541500000632368,0.014978800005337689,
3ff6ae4794e04e5e7c077560a68e4ccd26c7d1b0cee376852cbb206286d04cc8,h103,-1,complete,0.014949099997465964,5,0.014426699999603443,0.017530999997688923,
00f8b2be510a370f28f1641ab15f15ebc2e40a92fd61dee582bd6f97cc367b15,h103,1,complete,0.015004900000349153,5,0.014916599997377489,0.015206800002488308,
1b8aa87b28cf46f766c557d3b953f9ba7520ad31a2861ada3f1ed98383b3a17b,h103,-2,complete,0.014807999999902677,5,0.014510699998936616,0.01563200000236975,
277ba8d26c366bba504dd8e2161e8687c7ccaa58967152dbcd8f747853176f75,h103,2,complete,0.014862500000162981,5,0.014547700004186481,0.015161000002990477,
1bae9b9b3ed730e2b542552e4563b7fa662c511ed709f0b20ee04b618583d70c,h103,0,complete,0.015146199999435339,5,0.014293899999756832,0.015291600000637118,
27bac69c7fcea86e38d69b4cb5cdc99f626f5fff8d56eb010482266a567fcfd8,h103,-1,complete,0.014827099999820348,5,0.014783899998292327,0.015191300000878982,
1ea03d7ff15c1a0d15c179367113a325857ecb324e6fa0f531b80ed5a998c68c,h103,1,complete,0.015049900001031347,5,0.014958599997044075,0.01565870000194991,
8ad8ba6b7ea7ea40fe522e62fd393869ed5202a5cf12e4873db0dc41e7dea367,h103,-2,complete,0.014542500000970904,5,0.014334499996039085,0.014915399995516054,
56eac63d9e640e0b105c11a340ee3710f69f406030d7fe7aa0b37041e0ddc00b,h103,2,complete,0.015051000002131332,5,0.013995000001159497,0.015318500001740176,
d97497fbb5cc0446412d1c57ed6a492c494c4dad7054b8d876b4adc4f5dac7be,h103,0,complete,0.014574399996490683,5,0.014472399998339824,0.01496939999924507,
dd7b609f70c2a0cef14f8f635a434abafe553ec7476aae705de1a010ff6cd281,h103,-1,complete,0.01491580000583781,5,0.014829899999313056,0.014973699995607603,
63119f2c9e7ddf0e5ddb090e92a9573d5187180a0193db4c66b277e508bc20c3,h103,1,complete,0.015398299998196308,5,0.014516199997160584,0.015904700005194172,
8837cb3d799732aa83f4d940655b1ab27f01e3795f4b5b1e943fc948147fcebc,h103,-2,complete,0.014815100003033876,5,0.014648199998191558,0.014944700000341982,
1c04e7148ee345699c0611ddd07b710992283801ae70a5bc5b4bed3407e88ce5,h103,2,complete,0.01497600000584498,5,0.014546799997333437,0.01502749999781372,
e0b00a0a6cf73dbfae50eac40f9657a57caa824b0774ca07b020243ae9769487,h103,0,complete,0.014711399999214336,5,0.014508599997498095,0.01532269999734126,
dc916541b769f0f35c088ba8de3ce8ce80fdd7abaea817068ebb8bfb6d3c5a55,h103,-1,complete,0.015018700003565755,5,0.014376700004504528,0.01528159999725176,
36211ff5fb66be54adcf6ad2610005363782eb7085188182b27d99a5ea0c376a,h103,1,complete,0.014949199998227414,5,0.014624999996158294,0.01570940000237897,
2e6b4cab6434afae2549dd88201ffb4e87bd66974575cb58005cf090f0101c6f,h103,-2,complete,0.015277300000889227,5,0.014455600001383573,0.016030200000386685,
dc082d7bbea1d42dcf8a282a51f4cb3de54c40913d8bfd811c5f8849032cb184,h103,2,complete,0.01552359999914188,5,0.015234899998176843,0.015768800003570504,
94db03bf901a012bec294c5ce2fb4d27bce4597045977800edeb5a6f98aa2dd4,h103,0,complete,0.01509490000171354,5,0.01450450000265846,0.015383300000394229,
29ccf474b180ab4c8752ba7d96266ad7584cb1b739b42eb18f7901e28443c1da,h103,-1,complete,0.015091699999175034,5,0.01458279999496881,0.015307400004530791,
d5af9a49af087153988d5b5886b00a0fd16260f404d645aee5e708e6dc9af4a0,h103,1,complete,0.015183800001977943,5,0.01506639999570325,0.01548200000252109,
75f3745259cb503ff007fc0ae5692255fb7ef420410b8f5fa4a96db4b27e0a6c,h103,-2,complete,0.014771499998460058,5,0.014337599997816142,0.015440600000147242,
065e9650ef2e84040ac38126c414b7d3c0c304e482dbe50d4d8fed4f9b1bb6ef,h103,2,complete,0.015050500005600043,5,0.01472479999938514,0.015366600004199427,
e0041085c46b8b87a483b588fb42972bcb5b5e6e78cef7e52b910ac1230d1c62,h103,0,complete,0.015051199996378273,5,0.014653600002930034,0.015157899993937463,
89fe599bbf832be3e240a03d6bc4cf131ddb012bf06d5486740f6034ad4502e4,h103,-1,complete,0.015253400000801776,5,0.01479519999702461,0.015598099998896942,
e6b33840c11087779410c66fc2ee2adc9ff86a206472610d3ba89eb9c815df1b,h103,1,complete,0.01515790000121342,5,0.01449259999935748,0.015585900000587571,
a07aa0034ca11e1066819798323b6b2f3d63401c7ba707cff2394d5c0c744a37,h103,-2,complete,0.014949499993235804,5,0.014817499999480788,0.015365400002337992,
9daa858ae53e978c2c868c9892d52dc5c276356aa31ceb080a939d3285a0af1d,h103,2,complete,0.014943499998480547,5,0.014866099998471327,0.015520199995080475,
85752b4ba15dc478eca0fd1e31c5a2d056a953661372dda3c2608136b4e181d5,h103,0,complete,0.01498629999696277,5,0.014252100001613144,0.015868499998759944,
b0f42edc8f265bde42ea754a3c114381fd9ea6e43cc3afaecdf11f0c5d4a3bf5,h103,-1,complete,0.01495539999450557,5,0.014433799995458685,0.015130899999348912,
e0911d649417c83fff5790f6a0cf1a9cca06f7f7cfbc7f5e45413e86095aa3a4,h103,1,complete,0.01482419999956619,5,0.014677700004540384,0.015445199998794124,
5caef2f4e28756efe924a4d1df9828e24138dca039798eddefe4d0bac2e1c751,h103,-2,complete,0.014849800005322322,5,0.014609500001824927,0.01494519999687327,
c69ec7d66344f017825286f87e387ff7ffa123208d1fc7d003fbbda8eb58878a,h103,2,complete,0.015264600006048568,5,0.014868099999148399,0.015693900000769645,
d84e79bdc7dde4e37514f9ce7d4f58b0ad194e61742d610ca7d1183602a77e95,h103,0,complete,0.014782000005652662,5,0.014448200003243983,0.015486399999645073,
61bce2a06f0a6b05eac9c0353dc95320a28f627f86a426acbb1f4bc0c40a571f,h103,-1,complete,0.014907099997799378,5,0.014641300003859214,0.01544599999760976,
31f24f059ac2789e014a1be58bfe1510bfca05cf1edc9fc947c8d75e7af5f317,h103,1,complete,0.015140299998165574,5,0.014779199998883996,0.015489099998376332,
3c206bd792b304bf8b34c3327fdb4ead18c95358cb3ffd110335832f50fb28a9,h103,-2,complete,0.015071499998157378,5,0.014192299997375812,0.01532799999404233,
8f2e0701c4ab2ca9aa664d3fc15ede1809ddd01454fb5ada73a5c3b72402cdb6,h103,2,complete,0.014717099998961203,5,0.01435499999934109,0.015150300001550931,
aa104c972dd88836e737528e61ef237397b4a33b54c8fbd72cb4203320ef7903,h103,0,complete,0.015351299996837042,5,0.01427930000500055,0.015741900002467446,
71aab4714ab8da0ba538ea6e5c1ebb3c87eaf7fc69410c7ad416c6bc88d5d98d,h103,-1,complete,0.015169600002991501,5,0.014814099995419383,0.01594469999690773,
27c4b2618f575148a6ef65e1cba2506c0d30dcea025629678e4aca3b6d2f4195,h103,1,complete,0.01542380000319099,5,0.014703900000313297,0.015637600001355167,
6594af79e7eab951dae15a52850968f0251eebbea66924e5a7780dba1a9ad2e8,h103,-2,complete,0.015021699997305404,5,0.014645899995230138,0.015342799997597467,
e9260e300b78dcfb637b6107a2c41e64970c8fa2541c4314981104e2c555657c,h103,2,complete,0.0151867000022321,5,0.01475929999287473,0.01569300000119256,
ab7b11859172fb6a03b16dcb20a8869a4a2906139de4cfc496a78c1d5522c085,h103,0,complete,0.015375299997685943,5,0.014578000002074987,0.015590599999995902,
ea05666ca3c4306aac73dfefa0fa2335c248a4c2df1359ab461243edc18ee8d9,h103,-1,complete,0.015104300000530202,5,0.01477349999913713,0.015510999997786712,
e58a417c89dca564c4806bb91269e3ca6e64608d1a847486522b153a3c3643be,h103,1,complete,0.015270399999280926,5,0.015195100000710227,0.01542170000175247,
384f42137098ecf4ea7bb2f00116e27acdf52a5390e4bd105319e4c1f237f74d,h103,-2,complete,0.015069900000526104,5,0.014779500001168344,0.015555400001176167,
013d66dd9c2d701892dbe12780a07e3256e81cf8da4391b3771a54b3d9e484df,h103,2,complete,0.015142000003834255,5,0.014830200001597404,0.01665639999555424,
9fadbe84711c06b6efb8e61efd548050b95c3b2e7878e4b7fb37a0fdc278543b,h103,0,complete,0.015347500004281756,5,0.014932499994756654,0.01546539999981178,
d81244ff98d8a80637e644761edb08ad4d1da03edc552aa75a5d22518dbccef0,h103,-1,complete,0.015214400002150796,5,0.01502240000263555,0.01548430000548251,
e003526c6e2eb1d3066024eec7f71a9370a83d348ec6e5d6a49aa0eab3b3711d,h103,1,complete,0.015357199998106807,5,0.015282100001059007,0.015824400004930794,
3dcacb89d46fea755309082effce83db5164e2ec123cc7efeb7f032c219f2c75,h103,-2,complete,0.015154100001382176,5,0.014540200005285442,0.015323400002671406,
0b2ff41ea629b59f661e48745aaebaf89e8516748253e2ce4f68e4310179fa5e,h103,2,complete,0.014866400000755675,5,0.014631500001996756,0.015246100003423635,
bd328d604b5f16abb8d0e3479c8af31ee71a863abdb9a587aed2dd6a84f8ac1a,h103,0,complete,0.015357399999629706,5,0.015130400002817623,0.015549300005659461,
c8575b84a966a033bdd9b29f177fe739115173a91b53b724582647ce94ac928a,h103,-1,complete,0.015622900005837437,5,0.015451599996595178,0.016105700000480283,
33d7512f39ba92e6377d545cc542b8a19783ac64f1f2b9215c9a2d8355c27d44,h103,1,complete,0.016023600001062732,5,0.01581919999443926,0.01655830000527203,
bf255663966d99c3f0b9f57ef09425c4267ae19fb92acb281b7f909042b0f384,h103,-2,complete,0.016030599996156525,5,0.015277999998943415,0.016294699998979922,
b3d73c73817ade123cec61ec3380860a9be69d21bf73d74fca8dd84389a45478,h103,2,complete,0.01569980000203941,5,0.014970100004575215,0.015867499998421408,
5ad25217821b1aa12bf7b845e84703ac472d41fe7471f16024020fe3decd1950,h103,0,complete,0.015998000002582557,5,0.015539399995759595,0.016065900003013667,
c4d23117bb421dbb375a855a566dfc089cd15df3b373353c178a0ce9a9d93521,h103,-1,complete,0.016100599998026155,5,0.01592740000342019,0.016427700000349432,
860ad2c007b2c43f0d70d82b1456b9eecca54879d8490d8b5affb6fbc9ec36b8,h103,1,complete,0.01642089999950258,5,0.015900499995041173,0.016758600002503954,
d6b3acb444ab17fa720934f79cceeeb1084a7832776b30b04db372354f39d1ef,h103,-2,complete,0.015674900001613423,5,0.01526719999674242,0.01622520000091754,
a5e52e307534bc760e5a5c7477800f6926c0bf9066ab752c1ec4089ad3d86ac1,h103,2,complete,0.015865600005781744,5,0.015681699995184317,0.016442800006188918,
55990ee6f7821277d5e0fa1794d1e6210eeeca4fde410ed2232d7a6521e6371d,h103,0,complete,0.021592599994619377,5,0.02119469999888679,0.021689499997592065,
46533caea83a5373fc4a23ccf860663d30e9d3ff66132041c7dd7ba437a52cc1,h103,-1,complete,0.02120670000294922,5,0.02078520000213757,0.021653199997672345,
3e59afbf6f98653eb0d23749fe9f20a0428c68d59c826e3107636df10869c4ec,h103,1,complete,0.021374600000854116,5,0.021133399997779634,0.021660400001564994,
36b7153b4a972f1361bbe7c7746c21e5ccd724c2f0881d5c536a3ec0972ced0f,h103,-2,complete,0.021096000004035886,5,0.020508200002950616,0.021238700006506406,
034f17d106795e8c257738c9cc8bceb7b32ccb12f2ffd531519de690b800704d,h103,2,complete,0.021650299997418188,5,0.021236900000076275,0.021734900001320057,
34ae4cfd17cffa28c2eb813234a6680f35682376ee688fbf1c2a3688cf017f61,h103,0,complete,0.03595449999556877,5,0.0353564999968512,0.036150200001429766,
818454d35ce06df654adf5ce565a43c6e9592de7887c1d9b294d7b554e963e6e,h103,-1,complete,0.035196900003938936,5,0.03436140000121668,0.03555029999552062,
2ecf844e7f0b82564874e83a74e62161be2ae3be684cd7437b64273f81fd7ec7,h103,1,complete,0.03588149999995949,5,0.035673899998073466,0.03643239999655634,
26c056b72e733dcc09b10452e3700716eef57e9dd937ece5368d43836523a983,h103,-2,complete,0.03526910000073258,5,0.034336299999267794,0.03542349999770522,
bf8c47bb81aa549e50e93c0fee0d08dd1dea619e1d4e96cf18a35a237cd94343,h103,2,complete,0.03631109999696491,5,0.03557229999569245,0.036617400000977796,
e96216757b724ed0a1e98446b0fecf560fc3a88f858931bb8cc2ce3fc4525ba6,h103,0,complete,0.04347589999815682,5,0.04295050000655465,0.043874599999981,
87d0f33e504a307d3cc875bb2542256412e64adf918d1ab4ca3a6355da492e43,h103,-1,complete,0.043389400001615286,5,0.04291989999910584,0.044253799998841714,
d07cac1f226eb276a21ea928abefdec881a0a9e4f19ac7f6195df518f78da2cb,h103,1,complete,0.04386050000175601,5,0.04322619999584276,0.044982100000197534,
8a22156ea8960e1379fca0b9e6a8f76b1da7ea80e97aac085fcfc3330f103657,h103,-2,complete,0.043517800004337914,5,0.04304979999869829,0.044304499999270774,
6637d477b0209f469064d2f33303b407556a2015696e7d48b083cec3c52e3898,h103,2,complete,0.044158999997307546,5,0.0437785999965854,0.045100799994543195,
90b081e9af14b120261897e1161cd067d9864c11888fc8ed26f181df0e9b76da,h103,0,complete,0.04676560000370955,5,0.04620089999662014,0.04815529999905266,
5dc10ad7acc991c8ada34babea4650b562221f96ac9d149058149ca32ffbd44e,h103,-1,complete,0.04692020000220509,5,0.04576950000046054,0.04752050000388408,
1d7ec3ef656bf72e4d6ed4ec6c41e526a32bea1ce99d5e5ccfde58ce67f38aa4,h103,1,complete,0.046961199994257186,5,0.04596599999786122,0.048826699996425305,
c0791b6fc54ee5c2f504a5980cdc0ff1930e18586d8e6d2133b01d23d938f178,h103,-2,complete,0.04701059999933932,5,0.046215900001698174,0.04864570000063395,
868216785e7fde36c6799cf40fff313589100a274c57f7bfc9aeefdb50bdd106,h103,2,complete,0.047394100001838524,5,0.04630869999527931,0.048040199995739385,
c33869e4a4bd808e0812b3fa864409f327f1d5a55c502c47682283497dfe980f,h103,0,complete,0.04854260000138311,5,0.047520099993562326,0.04934949999733362,
09c74f8fe153a6b8f14073381406638172db9b9de5119893dd4d6317aed0aca4,h103,-1,complete,0.049015299999155104,5,0.04875429999810876,0.04991899999731686,
c09f3160c0e9a3cd32de4f2d5fc5ea1132e3d88fdc2c52d8ea260fcf65d23db7,h103,1,complete,0.048373600002378225,5,0.04830020000372315,0.04879629999777535,
9d63676b22a039c89cc1823c989e5b71d4e23cf6f16a5039fa64e50a9ea3bf5a,h103,-2,complete,0.048712700001487974,5,0.0479367000007187,0.04985110000416171,
30b98fe434b90901017450eabc2d8b977e6f3d116a90120b3513cefd5b7c2b77,h103,2,complete,0.04877989999658894,5,0.047965099998691585,0.050195600000733975,
f70a510795d91ff9c7fb967490513dd5bf814c74cf0dbc1894c86697ce7e98ca,h103,0,complete,0.048122000000148546,5,0.04698680000001332,0.05059280000568833,
07389a20a9f9c9a2b7fbffb87ce5bb2fb6562aa7e0970779345bcb551dceaf5f,h103,-1,complete,0.04883549999794923,5,0.048704600005294196,0.04969030000211205,
7db0723703efd40f6c12b7a5d7c0a234b5138d206df0684997b9a44232396a51,h103,1,complete,0.049232899997150525,5,0.04854180000256747,0.049591299997700844,
3dca0ea0635363006358155c2c4228a95839b2304b05e11fc9d86bfb2c47eb69,h103,-2,complete,0.04860740000003716,5,0.0470084999979008,0.0504092999981367,
a4216a2066542ecfeacef782574d85330c28864e85ae2b6f3af50ade1da6a56c,h103,2,complete,0.04826889999822015,5,0.047950199994375,0.04933470000105444,
dbe4a948de6a8a8736ecf9572de3bfea1eba6e54e905601841aa20c4a2353fe2,h103,0,complete,0.04772830000001704,5,0.047522399996523745,0.04828109999652952,
220054e5ae5ea31525dc6e59a34c251155f8ef793580134389fd9396d87d44ff,h103,-1,complete,0.048047199998109136,5,0.04708129999926314,0.04947420000098646,
92138d3041d2154275af9d7507f3d6490ae2851ee98349437393922cc3936633,h103,1,complete,0.04813750000175787,5,0.04756610000185901,0.04829139999492327,
f40ac16d3be16f1bf235a107eaf4d747bb57f1e5e6dc17f5d5ade5abf175e0cf,h103,-2,complete,0.047950300002412405,5,0.04748109999491135,0.04877389999455772,
bd8524ddf054e70a8bf68750920acfe99f59835aa786e1fc9587d12feae26875,h103,2,complete,0.04759309999644756,5,0.0475462999966112,0.04778589999477845,
c3d43418406e9a995cd7ad1b50c01d68f58cd7c30e3989abfce32bbd5a31e0a0,h103,0,complete,0.048352300000260584,5,0.04722319999564206,0.04914049999933923,
52449a5b87175ff612ae0ddfb3c824951ae8e2f4acc5281e4c9ae6089ef356d2,h103,-1,complete,0.04825089999940246,5,0.04778200000146171,0.048506700004509185,
78d5cca3a12a6ca4978c605e92677b5fed9cd85645b32c18e3376806cf762c52,h103,1,complete,0.04814700000133598,5,0.047868899993773084,0.04918470000120578,
4e4e35d514850a467eeaaa081b71c68c6436c955cdfcc39a5eccfb1c6239db5c,h103,-2,complete,0.04809249999379972,5,0.047955599999113474,0.04848340000171447,
238ccf880956adf8b7bba8276f5cdc2553f098bf8190fa18b95dee4097b50c5b,h103,2,complete,0.04808140000386629,5,0.047355399998195935,0.04827250000380445,
17223bd713784cc8c45242782f1e38f6aaae6330afa3c8ece2beda3601202e45,h103,0,complete,0.048006299999542534,5,0.04747349999524886,0.048533499997574836,
c9a9ae3d83cf2499db093c3c8a4f02b961a9a5cd2a4421030addf862c741212d,h103,-1,complete,0.04816539999592351,5,0.047614499999326654,0.04884889999812003,
73c5c2df648e32fc58eb4a8631b558924fb4379ff4c298b82b2f190b1d20d7a5,h103,1,complete,0.0484160999985761,5,0.04792230000020936,0.04857799999444978,
7de4140bbe5e4bae98e62014cf33eb54e6a00baa9c3a8e70beea96127f310588,h103,-2,complete,0.04876949999743374,5,0.048533100001804996,0.05154910000419477,
a16988cd2796151b07540df368a76df9f7dc4beb6a78fc095c61a05a90630acd,h103,2,complete,0.04841080000187503,5,0.04792579999775626,0.05049650000000838,
f2dbb430860007ea378068f97100a413635d1f35e05d2ad06cd4d33b6d2846fa,h103,0,complete,0.04835869999806164,5,0.0475665999983903,0.049817999999504536,
7594fda9e23de9589457acb01857690da8deed2d7309568d89b57ab05d4bfe6e,h103,-1,complete,0.047906600004353095,5,0.04767470000660978,0.049380399999790825,
5472a9492132b359909a6244a41ecff17419bd0d04ea4d1a4ea0132559b80f61,h103,1,complete,0.04893160000210628,5,0.04706560000340687,0.05274410000129137,
5818bbc98b1e41618fee55a4cb464f859964dcc1651a0bb48aa1a355625cfeac,h103,-2,complete,0.04766170000220882,5,0.04733980000310112,0.049858800004585646,
6ae0ea4879620b17d98645ca8340037d07b0b9c1fe6bae99c434a702fc6c7b0a,h103,2,complete,0.0483890000032261,5,0.04819080000015674,0.048651999997673556,
d636da1e1cb5149313aedc0e262497a0de1e8a3969b5c22f4accd4690c228d54,h103,0,complete,0.048288999998476356,5,0.04814329999499023,0.0492997999972431,
6c6cf86eb1a32da694fc78d3b35122c0ce07e7d3da3e11b0969698f810a238c3,h103,-1,complete,0.04794899999978952,5,0.047740299996803515,0.048315300002286676,
c36f051eece2f214bddd75b1686a89f82e474dc459d45c2a3cf19f422971713f,h103,1,complete,0.04759699999704026,5,0.04724100000021281,0.047759599998244084,
e044bd249248cd6ffd855ea0fbe034e36e6ea03354a95c341a4dfb57d6e0385b,h103,-2,complete,0.047960500000044703,5,0.04715610000130255,0.0484641000002739,
93c5c10594ce4903297e02b6dcb3cb2e7b223eac6f4c96a0ea59904460393729,h103,2,complete,0.04895929999474902,5,0.048245999998471234,0.050202999998873565,
e5eebf3f80de2557440682accfbbabdb04d36e29bce53157ad85c20e9664c8f8,h103,0,complete,0.04864570000063395,5,0.04813849999482045,0.049474400002509356,
410f76c4bf4cef1a61b1298a2c41e607bdde4930482d5a2fda97eadf93a94f80,h103,-1,complete,0.04831949999788776,5,0.04764310000609839,0.04884069999388885,
1029e5250da76c8db51de0efd4f552962bc6b13b58094fb36e0e1993bedc49c8,h103,1,complete,0.04852460000256542,5,0.04787590000341879,0.04878999999345979,
77e5604722f87edfebaa6753a6a084b271970fea57e48c2b345df4d15bc7e4dc,h103,-2,complete,0.04860170000029029,5,0.04728610000165645,0.049997699999948964,
f07e39811b3f55930b02ca5bffdcc0b5cf10a4abffdd378b7c2cf2b1dd02ec20,h103,2,complete,0.04860229999758303,5,0.04774860000179615,0.04928710000240244,
8cc970b8bcf4c233e23c1fac4c02c6d4110c3aab524c20572e3118b9fc31eb27,h103,0,unsupported_profile_domain,0.0013488999975379556,5,0.0012992999982088804,0.0014957000021240674,
8a16511dbdd1260238507951fcc1940b0f7d40a9a5d0dd75d668b2d352c501bf,h103,-1,unsupported_profile_domain,0.0012591000049724244,5,0.0012465999971027486,0.0013548999995691702,
47f0bbc8f985e4430ad5367b692d454604134ed0696662f74394812d179c2ec4,h103,1,unsupported_profile_domain,0.0012846000026911497,5,0.0012749999950756319,0.0013087000043014996,
3488de0c0043aec78be520dd8e78fe8765c7d652ed3a290442975ba5717d7035,h103,-2,unsupported_profile_domain,0.0012988000016775914,5,0.001241500001924578,0.0013151000021025538,
2e68353f8b85760600982671d0a30a2eb98069cffcf01d9be261fbf7c5012d77,h103,2,unsupported_profile_domain,0.001328099999227561,5,0.0012141000042902306,0.0014643000031355768,
cc7579201cb216b207788365653d81604005811ec8afcde0073cb0a929864245,h103,0,unsupported_profile_domain,0.0010130999944522046,5,0.000963800004683435,0.001108099997509271,
d6d895d3108ada121926e5764b33e6f33a5597280a3601b3c1dfd40151490c27,h103,-1,unsupported_profile_domain,0.0010345999980927445,5,0.0009738000007928349,0.0011001000020769425,
2bb57d7bca3c900cd33b8aafe1fed775df4907bf9c2dbbe61e8fc59e1a58f730,h103,1,unsupported_profile_domain,0.001004600002488587,5,0.0009425999960512854,0.001138899999205023,
ae31a66fddcd1b68762b4e9e542f1dd2337941a213f87bfe5b2bb149a0ca2732,h103,-2,unsupported_profile_domain,0.001015200003166683,5,0.000949699999182485,0.0011592999944696203,
94c02047a97fe8111c4b20dd7e48f40010720b55f01b84f989d5cdbac0ee7dba,h103,2,unsupported_profile_domain,0.0009854999952949584,5,0.0009622999932616949,0.0010551999948802404,
8d9bb2c34f4043b08d3ee6cc3b2eb729ea24877d8e6071f37d5ee031683bc3dc,h103,0,unsupported_profile_domain,0.0009794000070542097,5,0.0009653000015532598,0.0010062000001198612,
f31b88075e8350565b2b78d8a9425a2a3f77682dc5e145dcc4ac628000a73fdc,h103,-1,unsupported_profile_domain,0.0010443999999552034,5,0.0009611000059521757,0.0010891999991144985,
cb683706ef461c2dc22944bc31d2904bde5b6f2c869af127fe35280069b57901,h103,1,unsupported_profile_domain,0.0010269999984302558,5,0.0009441000001970679,0.0011191000012331642,
9651ca0dc3298d0d22b34fcfcff53826fd55fbb267fad3f13865e35c36057f98,h103,-2,unsupported_profile_domain,0.0009728000004542992,5,0.000937699995120056,0.0011413999964133836,
25b69310bf55ef27b908ba8dcf46dea34bcad9a31fd9c90e10862371948d1a13,h103,2,unsupported_profile_domain,0.0010032999998657033,5,0.0009651000000303611,0.0010412999981781468,
b70150b408ff5db90810d53e009e52e838ffcaf84c2df61cec21ef9b1434e2c4,h103,0,unsupported_profile_domain,0.0010498999981791712,5,0.0009323999984189868,0.0010962000014842488,
3f1aa9bd58f1de490cc5d4e9a1c9a5c89e7850e2f34ff3631888636ac62e5d99,h103,-1,unsupported_profile_domain,0.0010094999961438589,5,0.0009388999969814904,0.0011668000006466173,
9bfc28f25bfd7d5dbba6d68d62acd00144baf134543311c234716a2093f3c1df,h103,1,unsupported_profile_domain,0.0010221999982604757,5,0.0009467000054428354,0.0010827000005519949,
213d555b60b003f8d80dd49717f6c1fb90df2edbca9df15854c431f8871b2730,h103,-2,unsupported_profile_domain,0.001025199999276083,5,0.0009394000007887371,0.0010411999974166974,
bad1c42a0b5898612c2aadd463c0c75da28bfb3aa7f3af4b39bf735a5c9fe88c,h103,2,unsupported_profile_domain,0.0009521000029053539,5,0.0009461000008741394,0.001146299997344613,
53f90438510c28f1b82900dea0b4744acbe9a15ec7fe86fe007602df353b3001,h103,0,unsupported_profile_domain,0.0009972999978344887,5,0.0009542999978293665,0.0010469999979250133,
7d501981c698dca127a6c635b33784156f5dae6400f3323255bb11ed10837836,h103,-1,unsupported_profile_domain,0.0009616999959689565,5,0.0009543999985908158,0.001120900000387337,
2e0d221bd97124ac43e48c4d44167f24f70736e28a0a43850cc7f24d95a58774,h103,1,unsupported_profile_domain,0.000967800006037578,5,0.0009555999931762926,0.0009897999989334494,
68e844e09c0ac6c66ee33ba86eb9ed266bb05d1ba840208e7a42d6431064bfc9,h103,-2,unsupported_profile_domain,0.0009587999957147986,5,0.0009380999981658533,0.0012723000036203302,
e0b83d704ea84fa0b5a7f54e64193f23f998c82872fdfdf67ad74d4813ebf0e5,h103,2,unsupported_profile_domain,0.001010599997243844,5,0.0009510000018053688,0.0011730999976862222,
0b579fa0abc39edbd54fe75811d984962e1eec8330f19bfecdcb227aa51364fe,h103,0,unsupported_profile_domain,0.0009730999954626895,5,0.0009506999995210208,0.0014150999995763414,
bf081981274521ae4bbfff5f1f65ca0184802bdcf1bba04b588d95ac84ac8c9e,h103,-1,unsupported_profile_domain,0.0010276000029989518,5,0.0009434000021428801,0.001145300004282035,
c490720da09a5cefea699dfa9ef66ec615b9c83fbcf01b693b319c28ccc54d38,h103,1,unsupported_profile_domain,0.0010416000004624948,5,0.0009358000024803914,0.001218899997184053,
9119d6e023e3d36b5ab65ecd38ac57a556df19fef0d6d6a5a3775a45792531ae,h103,-2,unsupported_profile_domain,0.0009797000020626,5,0.0009479000000283122,0.0010432000053697266,
54d2a3ba44a1709c8eac868387923edea645c3255078449e91d3e0a16dafc02f,h103,2,unsupported_profile_domain,0.0009587000022293068,5,0.0009444999959669076,0.001117399995564483,
e14e0a69be2dc26bede4bc503820b043c5711607e2025883100f5a2842388c82,h103,0,unsupported_profile_domain,0.0010271999999531545,5,0.0009685000040917657,0.001076100001228042,
3acfc09b24b454f3ad1709427a3f31e612506844cdcdf199f7797e7173b05647,h103,-1,unsupported_profile_domain,0.0010063999943668023,5,0.0009783000059542246,0.0010275999957229942,
709e39e267f435484a2e79ffd2f1d1119152fd58e0d5c617e8c9231035f1f540,h103,1,unsupported_profile_domain,0.0010320000001229346,5,0.0009474999969825149,0.00113489999785088,
38b2571ee39ffcde304d70dfb66687ff0322567de0ccf8bd9dd267c60b1d2ba3,h103,-2,unsupported_profile_domain,0.0009902000019792467,5,0.0009610000051907264,0.0012351000041235238,
446168545f28b77632e83804f79bc28324fe93d7475dad67b345849dfb4ae1ac,h103,2,unsupported_profile_domain,0.0010187000007135794,5,0.0009761999972397462,0.0010999999940395355,
beff1f97b31372ba2b072386b08311e9fb4c794bcdae700d26155163f98043c9,h103,0,unsupported_profile_domain,0.0009905000042635947,5,0.0009768000018084422,0.0010216000009677373,
440f347c41e763cb7ef84ccd6a6a3fd8caaddea6a664b73ea9dc1a02f2ef2c8a,h103,-1,unsupported_profile_domain,0.0009890000001178123,5,0.0009834000011323951,0.0010150000016437843,
cdf25bf022a95b8ba26944b2b961942e487b1a0c2c98eabf6ef099edcddc092a,h103,1,unsupported_profile_domain,0.0010443999999552034,5,0.000990000000456348,0.0011453999977675267,
0709d59f8cf1904de176dd766f7629d86b59acc1aa61ec849cabbc14d9d44a31,h103,-2,unsupported_profile_domain,0.0010095999969053082,5,0.0009807999958866276,0.0012714999975287355,
248e1f7f76471fbfbbc0c93e1b72d555c24b788bcc04c435529e798523981995,h103,2,unsupported_profile_domain,0.001007500002742745,5,0.0009793000062927604,0.0011986000026809052,
831d521ff88e61b70f316c00ce3f2466c400bd4060bcca7f0d48ecba2969c1b1,h103,0,unsupported_profile_domain,0.0010160999954678118,5,0.0009617000032449141,0.0011988000042038038,
dba2cf58762bcc5eb841ac3dcb491e8d3df31dbb8a8a131ea5bfcb9497f61e30,h103,-1,unsupported_profile_domain,0.0009922000026563182,5,0.0009740000023157336,0.0010884000002988614,
955abf442263eb0c5fde6978e6f2cd4349248273f74274e2eca3702923a22adb,h103,1,unsupported_profile_domain,0.0009804000001167879,5,0.0009418999979970977,0.0010094000026583672,
cda2daaf6ae4d7ec0f3014edc2432b638b98d0650c397cd44196303f998a0c76,h103,-2,unsupported_profile_domain,0.0010302000009687617,5,0.0009347000013804063,0.0010987999994540587,
0a6521cd410414547e4a6ee7dccd8650e1f574e29ccd6ce64b2973e9fdd030bf,h103,2,unsupported_profile_domain,0.0009799999970709905,5,0.0009501999957137741,0.0011196999985259026,
ca1303b2a64fa543d9e4d0bc820c0430fbcecb0c00cebcaa17d72d89f2296ae3,h103,0,unsupported_profile_domain,0.0009664999961387366,5,0.0009511999960523099,0.0011376999973435886,
1373eb269040d76a262da4ea43d57b60f6e3a57eb97890c945227921223094f9,h103,-1,unsupported_profile_domain,0.0009804000001167879,5,0.0009553000054438598,0.001015200003166683,
9e0eb18bf249e712c6ba6536872302350853a36d58fe1721becb2c1953d3ed22,h103,1,unsupported_profile_domain,0.0010000999973271973,5,0.0009537000005366281,0.0012929000004078262,
d1565b8772251425e3d9d50634fea25d5499ace130009ca6f533a00c70245972,h103,-2,unsupported_profile_domain,0.0010024000002886169,5,0.0009414000014658086,0.0010824999990290962,
77c77383828a5a83484c1fd641afbd52c1ff40c49cfdaea091d13ebd935ae219,h103,2,unsupported_profile_domain,0.0009563000057823956,5,0.0009479000000283122,0.0010777000061352737,
7a5f2044b998d790372fc72106aee3dc96da363eedbc8530cfe92f29101ce2df,h103,0,unsupported_profile_domain,0.0009610999986762181,5,0.0009477999992668629,0.001123199996072799,
7d596d49927c8a1a6f93972c81f98f95e16a56128ac51a7ff7813b8176b58ff5,h103,-1,unsupported_profile_domain,0.0009615999952075072,5,0.0009405000018887222,0.0010579000008874573,
1eccac9262b9768f62b70aa89b149a7031984c60563a6ac3ec206f2f7c4444d1,h103,1,unsupported_profile_domain,0.0010047999967355281,5,0.0009404000011272728,0.0011497000014060177,
3918c7a29791ea2824c0747c7ebdf0c43205e3ad278c147f5a1393fbad685487,h103,-2,unsupported_profile_domain,0.0010078999985125847,5,0.0009755999999470077,0.001102599999285303,
9ab2f440d909195301d77f32cc91433bde4e7751d2a6d7ecc9999b4b1a900222,h103,2,unsupported_profile_domain,0.0010024000002886169,5,0.0009572999988449737,0.001053799998771865,
25ec61ae8404ced45929815c92b8a67a6af8bc044c6b7700b0ef0f6e9188c8e7,h103,0,unsupported_profile_domain,0.000994300004094839,5,0.00094600000011269,0.0010015999941970222,
f97b3ef4e0fab902ef8d8074009d5fc4315ca8675776dd05b5becea0825a6eb5,h103,-1,unsupported_profile_domain,0.000995199996395968,5,0.00094600000011269,0.0010476000024937093,
4b059500cc4c1af74f4a8513a04f67c18e5bd53cf535a7adfe80f2afb22802b6,h103,1,unsupported_profile_domain,0.0009955999994417652,5,0.0009499000007053837,0.001112899997679051,
f1ecd15fe879cdd32f8d8e8aa3dc2fe12351cab83dd6d0bea8dc2fac8672b8c5,h103,-2,unsupported_profile_domain,0.0009632000001147389,5,0.0009465000039199367,0.001046400000632275,
dea8168863329fa45ce162f1bcd1aa5550ad4323294fa0e7cf88aa1d358e609b,h103,2,unsupported_profile_domain,0.0009553999989293516,5,0.0009454999963054433,0.0010653999997884966,
54343793d0a69eac0b7f6e4c3ed37da1096d8f646aa356480523987c73b13572,h103,0,unsupported_profile_domain,0.0009913999965647236,5,0.0009371999985887669,0.0011233999975956976,
47b799d19c721cadb823c11f3e37c56e3fe5e69c19e851ed4d1d0359421754d2,h103,-1,unsupported_profile_domain,0.001032400003168732,5,0.0009619999982533045,0.001120599998102989,
a9ba0857be110da2a88db8768abec9b9cd169fa45f4195722bef96c5587a84a7,h103,1,unsupported_profile_domain,0.0009583999999449588,5,0.0009385000012116507,0.0010506000035093166,
f310d943f86df6becd8cdddbb3a4cb685d133f0239f94853dfcc5bd11343f2da,h103,-2,unsupported_profile_domain,0.0010210999971604906,5,0.0009348999956273474,0.0010659000035957433,
b6d14af3daf06247a7031a8d29dbf6b171d3aedf4530f9f4be3897ee60fac560,h103,2,unsupported_profile_domain,0.0009638999981689267,5,0.0009296999996877275,0.0010276000029989518,
87b6b03216aa88cf711ecae22f56c6ba3a538632adb1cf1dfa82e73341018d3f,h103,0,unsupported_profile_domain,0.0009639000054448843,5,0.0009501000022282824,0.001119799999287352,
8c1f344cd1f5c5c18cbf90534106dc04af71c2fee1ac9b5b6e5cbf55ca138a6c,h103,-1,unsupported_profile_domain,0.0009691999948699959,5,0.0009578000026522204,0.0011522000058903359,
ec673892782f52ae20f939633c700f7219394944504d468d31a7feb0483de595,h103,1,unsupported_profile_domain,0.0009672999949543737,5,0.000945200001297053,0.001039199996739626,
e4468dcb58fdf7d0a8d952e0a752acceedecb26346d630afbea29f264cd33951,h103,-2,unsupported_profile_domain,0.0010694000011426397,5,0.0009512999968137592,0.0012138000020058826,
82ddbe5fcc05b51a8098050bec3dc65c6ca327d44bf8ad7d1e8afcaa6e6f3d83,h103,2,unsupported_profile_domain,0.000977800002146978,5,0.0009447999982512556,0.0011060999968321994,
d1bd35e4759b83980e650b14a34ff6e87a17cb9df1951e4377e7760015cab9ba,h103,0,unsupported_profile_domain,0.0010235000008833595,5,0.0009734999985084869,0.001054599997587502,
aee0995598f8dc73e60ac696473376d1bd9dedfe878382df73d9ed92dc1309bc,h103,-1,unsupported_profile_domain,0.0010443999999552034,5,0.000960900004429277,0.0010601999965729192,
2fa5637bc477f93d95a9f8627647c3237eb1b935bd1df7289da78ed26d270e9c,h103,1,unsupported_profile_domain,0.001039499999023974,5,0.0009785000002011657,0.0010621999972499907,
8b2e084509fc04ff50258ad949e766aae687b30330656433063a3cb9d4e8ec78,h103,-2,unsupported_profile_domain,0.001015699999697972,5,0.0009485999980825,0.0011123000003863126,
ab98b5fa42a2ee4f0358b71a57d38a8d00bd64adc3d24b2d2e9257b12f862275,h103,2,unsupported_profile_domain,0.0009919000003719702,5,0.0009445999967283569,0.0010344000038458034,
8c0a4596e57d8a0ac767f23ec47f35123e1680de9cd5f92a51b0dbd466c7cc12,h103,0,unsupported_profile_domain,0.0009934000045177527,5,0.0009605000013834797,0.001105499999539461,
bbc241dcf10835cd55603565408e4dcc729129743fb260ba0413d08bedaf1eff,h103,-1,unsupported_profile_domain,0.0009655999965616502,5,0.0009486000053584576,0.0010989999937009998,
a8d40927922b9edcf1cbd3769c304a121c618788b49f3985d0ebcd1a1db91d28,h103,1,unsupported_profile_domain,0.0010097999984282069,5,0.0009542999978293665,0.0011327999964123592,
2c02f23ca80b6b4f4321a4bd89b442620ba1084c7469c332189ab9b921355056,h103,-2,unsupported_profile_domain,0.0010148000001208857,5,0.0009427999975741841,0.0010840999966603704,
d1beaa0662c177f501e68ba7e87f6cfcbae8d8f20dedd8c4de1a5079de598f73,h103,2,unsupported_profile_domain,0.0009797000020626,5,0.0009665999969001859,0.0011907000007340685,
cd82dbe155d165cd854ed7b820883feb7a2b6e244af17f57acbf9b64b6c1a125,h103,0,unsupported_profile_domain,0.0009638999981689267,5,0.0009549000023980625,0.0010767999992822297,
b348f27d10e41a51f91eb4e10e41244005d9a7f0cefc5776ca9b067c321a01a4,h103,-1,unsupported_profile_domain,0.001119499997003004,5,0.0009371999985887669,0.0013749000063398853,
f606701479420a652386638b15180a30578de5133532711a83d513eb33bd86f9,h103,1,unsupported_profile_domain,0.0009972999978344887,5,0.000960600002144929,0.0010402000043541193,
621713f4e93ee2409226acf1d9b60670d5f6e37020c9e5b79e5657515a24097f,h103,-2,unsupported_profile_domain,0.0009575000003678724,5,0.0009336000002804212,0.0011544999942998402,
cd354f6e09abe907fb1e98e4a8d2cab84f5e661dcfa250affca0aebb10905b59,h103,2,unsupported_profile_domain,0.0009836000026552938,5,0.0009511000025668181,0.0012193000002298504,
bcd1a9959fd2c489c577124d50ae5a2fd018038fd865fd997eee9385e498960f,h103,0,unsupported_profile_domain,0.0009582999991835095,5,0.0009204999951180071,0.0010493000008864328,
0ccd469e1cb0a305693f453992ce917c979567f9f381b1fdd57415af6bcc9345,h103,-1,unsupported_profile_domain,0.0010320000001229346,5,0.0009561999977449887,0.0010470999986864626,
3bc071b30b8ccadf77f379bcfa0d7b5b1ab19f494adbde83245677d8f08ba689,h103,1,unsupported_profile_domain,0.0010040000051958486,5,0.0009449999997741543,0.00101600000198232,
5ac4228c3b448fea770815d7d89a637b84a71c443479abe4aa917537f0dc8eeb,h103,-2,unsupported_profile_domain,0.0009697999994386919,5,0.0009499000007053837,0.0011506000009831041,
c21ae63bf0bd366c909cce494794c4d4958ae73d5d1f785a67903a47387a0c6e,h103,2,unsupported_profile_domain,0.0009922000026563182,5,0.0009425999960512854,0.001094100000045728,
2f4fb4feb159a95999b9b80e8c4741c4d9257b5f8a76fc04010baddd70a85e7a,h103,0,unsupported_profile_domain,0.00105489999987185,5,0.0009501000022282824,0.0011162000009790063,
94c5a003c56688ec9391cc90b027ab4ec2cf62b9c78de10d9364e7b7af93c8b9,h103,-1,unsupported_profile_domain,0.0009723999974085018,5,0.0009476999985054135,0.0010824999990290962,
056a57b32710b407fad27804e0493f8469170a4f211afb8c0c70eba5161bbeb3,h103,1,unsupported_profile_domain,0.00101859999995213,5,0.000941399994189851,0.0010990000009769574,
64c1891275ab9ed92d3b23395a8c821c8f961463f9872159ed4c22379fa4ea0c,h103,-2,unsupported_profile_domain,0.0009581000049365684,5,0.0009483999965596013,0.0010461999991093762,
35c775fd09725672264d110632fabba6d8ac7502f4e710c7b33619c101242997,h103,2,unsupported_profile_domain,0.0010240000046906061,5,0.0009613000001991168,0.0011602000013226643,
8f159929c7b2f964abb02d298c56848df993730c75abe1d51547d663a8a782fa,h103,0,unsupported_profile_domain,0.0009729999947012402,5,0.0009559000027365983,0.001039199996739626,
d511122b3bcd96315b6cf66fd0567393c737a228caed8c87c2c0630042227e0b,h103,-1,unsupported_profile_domain,0.0009617000032449141,5,0.0009519000013824552,0.0011547000030986965,
ece14344fd6e83e6cf815ba2d49a161b950737f830c3432acc5c0bd0abc586ba,h103,1,unsupported_profile_domain,0.001017499998852145,5,0.0009586999949533492,0.0010447000022395514,
43e27254efb47db8669e214405cbce8c3d6fb81574468730ae40a0ce4024a8fe,h103,-2,unsupported_profile_domain,0.0009581999984220602,5,0.0009425999960512854,0.0010543000025791116,
481ee81ff8b64ad3787ce868d68cb80b75ad39a5193381ef9a0a5811fdadc517,h103,2,unsupported_profile_domain,0.0009499000007053837,5,0.0009435999963898212,0.0010928999981842935,
2d051a9d0a406819636bd5bc88e3b1df04f9547e67edbbf6f5d44887cbc6fb98,h103,0,unsupported_profile_domain,0.0009623999940231442,5,0.0009464000031584874,0.001036299996485468,
b7054546448b06eb87ffdd0154c8ec655f1259ccfe8e8370ee9869741ed53e92,h103,-1,unsupported_profile_domain,0.0009868999986792915,5,0.0009445000032428652,0.001109999997424893,
5438ed02ccc268b1fd306c86293272e0c68285518facfbb23b082cae57b79dd3,h103,1,unsupported_profile_domain,0.0009540999963064678,5,0.0009484999973210506,0.0010295999964000657,
480c9ccb6a9d4d3a2a702f9e430f3840b0e43ea1492ca186d74476953399809a,h103,-2,unsupported_profile_domain,0.0009532999974908307,5,0.0009425000025657937,0.0012474000031943433,
030d104c73436e9974d7ee01e76ad68b951a9f56625ed638011ea74c7383d40e,h103,2,unsupported_profile_domain,0.0010290999998687766,5,0.0009652000007918105,0.0011878000004799105,
da51864f17c45b66460a75cdd9de747db71a16d3413bd8a86b23be6e6692e353,h103,0,unsupported_profile_domain,0.0009604000006220303,5,0.0009137000015471131,0.001189499998872634,
b8877dcb1f720bcd1ade9b611d45a425e2c564d98cd8f5b37a2bb093af1ce48c,h103,-1,unsupported_profile_domain,0.0009595000010449439,5,0.0009442000009585172,0.0010951000003842637,
4a322595cd25205c860aab6d2e290c61891eec1235c6cf5f36983136a2540c15,h103,1,unsupported_profile_domain,0.000980599994363729,5,0.0009435000029043294,0.0010286000033374876,
0561c16eb3e8c93a75d410b299d31d5e41df64bfa37f0108a2af235dc2877a53,h103,-2,unsupported_profile_domain,0.0010023000068031251,5,0.0009479000000283122,0.0010480000055395067,
8d8570aa75b836e5ff82c8640839c6962ae34d85b0076e6174065be43b4ce610,h103,2,unsupported_profile_domain,0.0009509000010439195,5,0.0009413000007043593,0.0010987999994540587,
9553b6cb7260cb6dcb493c2264915483350b46435bf0e9681a8ee3740d800463,h103,0,unsupported_profile_domain,0.0010055000020656735,5,0.000968000000284519,0.0011279000027570873,
ca24ca18362af6e241146e6fdc4623e14ef5abd90edc7a4dd8cbf27b3b7e27c8,h103,-1,unsupported_profile_domain,0.0009767999945324846,5,0.0009336000002804212,0.001040900002408307,
1d11e63f68bcddf1a3f243f73f5cb9247513666456c5120106d5c45f554c2bb5,h103,1,unsupported_profile_domain,0.0010074000019812956,5,0.0009475999977439642,0.0011350999993737787,
3dbe9a6733cb896c50e2096de03d3857e1c94d603ceb55a10f5d0de445b17ee4,h103,-2,unsupported_profile_domain,0.0010458999968250282,5,0.0009399999980814755,0.0012524999983725138,
4fe00c5ed93f7af76525f07686602d8e3757ba2379b3f91a43ffdb4df38d5e4d,h103,2,unsupported_profile_domain,0.0010430999973323196,5,0.0009971999970730394,0.0011314000003039837,
8cf617194c5451aac53499dfa70f3cee04bb96d1bed2506605e32126928f4a40,h103,0,unsupported_profile_domain,0.000994300004094839,5,0.0009513999975752085,0.0011872999966726638,
c1a50086bc934d41325ef4ae1edee5ba98cf4fe1cb4d004a58981cf8460085d0,h103,-1,unsupported_profile_domain,0.0009628999978303909,5,0.0009472000019741245,0.0010099999999511056,
92b662700f8636de7f2eddf78b41b6eda11171450d375a3274ae99835e5bc2c4,h103,1,unsupported_profile_domain,0.0010132999959751032,5,0.0009514999983366579,0.0011130999992019497,
265100fc8577e8fd0c8e06771b36515ad58fb32a6f38ba42590d72b35ba6a7a0,h103,-2,unsupported_profile_domain,0.0009854000018094666,5,0.0009694000036688522,0.0011327999964123592,
1ac6195265a9565c72e3c66e23de574dd9a6d3d974618d7c29c7c3e1f36148a9,h103,2,unsupported_profile_domain,0.0010231999985990115,5,0.0009909999935189262,0.0012978000013390556,
6bf3852d43c15752262da699a191be90322b1b4f11355a9b2d44f226819ab2a9,h103,0,unsupported_profile_domain,0.000986900005955249,5,0.0009755999999470077,0.0011761999994632788,
90d7e4f2df1a8beee81a70dfd4822714d2f8869f7b4019a4f68ebe496ba17e98,h103,-1,unsupported_profile_domain,0.000985000006039627,5,0.0009726999996928498,0.0010414999997010455,
1301520c902782ed930390321128996e21b8174bc143dd25b0bd22b5bfce8dcb,h103,1,unsupported_profile_domain,0.0010169000015594065,5,0.0009480999942752533,0.0011546000023372471,
4fa929f18ba0457fecc0ab2640918fc484480f731f6614a937f13df9f8da3e4b,h103,-2,unsupported_profile_domain,0.0010517999980947934,5,0.0009520999956293963,0.0011541999992914498,
62be225b1b045b892b8ecf64141eda24697739b97aa7d146d758487dd1f1b5f5,h103,2,unsupported_profile_domain,0.0010469000044395216,5,0.0009697999994386919,0.0011035999996238388,
7b546e719884e89a5ef67148d4459c588e75e0b8630c096fa735bbc92fc11d41,h103,0,unsupported_profile_domain,0.0009705000047688372,5,0.0009451000005356036,0.0010425000000395812,
6020d6125486af128288d9dd5bfb1e0927d12ca2c9da9b62159897d965f9b8e4,h103,-1,unsupported_profile_domain,0.0010027999960584566,5,0.0009706999990157783,0.0012229000058141537,
2cb2126b77921af7836b7220746471ddb42b018ba16cec85f012cf845ef13a7a,h103,1,unsupported_profile_domain,0.0010145000051124953,5,0.0009873000017250888,0.001124299997172784,
cc64742b1761996f87ed0e444bd6e654964b8cdf8aa3cc580228d019d68d26c6,h103,-2,unsupported_profile_domain,0.0009725999989314005,5,0.0009598000033292919,0.0010331000012229197,
7743014ab92b47c67aff7fefe62d4cf27ffc73374adc70490d6664d8295343b5,h103,2,unsupported_profile_domain,0.000977999996393919,5,0.0009509999945294112,0.0010261999996146187,
61f0cd232e269e350ae8bffb435a06164500e94cb03a75835d2b5f26b9d02803,h103,0,unsupported_profile_domain,0.0009594000002834946,5,0.000941999998758547,0.001110600001993589,
272dbd8d6fa992b514ae8f6919cf9aa8da45ca75eaf1f0a89fc563903b60dac2,h103,-1,unsupported_profile_domain,0.0010293000013916753,5,0.0009637999974074773,0.0012063000031048432,
ef5c8572dac22bdcaa4ae1436a5d4c03fc16d1b047bb401e740430454f456ff0,h103,1,unsupported_profile_domain,0.0009914000038406812,5,0.0009441000001970679,0.001051699997333344,
237dad2aab615098cf2d6378a535aa53ce9658580bd351fa2fe12ff1e2b65b3f,h103,-2,unsupported_profile_domain,0.0010601999965729192,5,0.0009860999998636544,0.001080299996829126,
0d40747f964eb1c271397cab0186aa7947b6b45423fa9945242b17745082c81a,h103,2,unsupported_profile_domain,0.0009923999969032593,5,0.0009645999962231144,0.0010436000011395663,
8d60e8353bb1b3f5a4b6f370a1ac3a578783060e57567ccce0749789b1824a10,h103,0,unsupported_profile_domain,0.0010427000015624799,5,0.0009799999970709905,0.0010898999971686862,
a76fe7787b5ae4b311a811925e5e845303b8243dcb182b0df0a7528dd8f74276,h103,-1,unsupported_profile_domain,0.0009789999967324547,5,0.0009437999979127198,0.0010574000043561682,
31317c64f2fe205e197773e6ce3086eee5de4ee467d1b093f011769a9213df56,h103,1,unsupported_profile_domain,0.0010350000011385418,5,0.0009546000001137145,0.001055699998687487,
d4fc057b8ff1d4220dbcdfa6995ac2f4897e700c07aaab5f3084168d04c03317,h103,-2,unsupported_profile_domain,0.0009849999987636693,5,0.0009565000000293367,0.0010343999965698458,
0d7ba601b3c7f7d8382e8ae07204830944436aa3b989a0f19825790b9bdd2a67,h103,2,unsupported_profile_domain,0.000985500002570916,5,0.0009546000001137145,0.0011045999999623746,
fa7045e75e842687f536978c63f1436452f7b2b6f536defae1a458f4ed954b8d,h103,0,unsupported_profile_domain,0.0010113000025739893,5,0.0009476000050199218,0.0010726999971666373,
44ddc79d47193c436444609181035e5af55b590bf3d2c4c686a8feb0c36a7622,h103,-1,unsupported_profile_domain,0.0009575000003678724,5,0.0009464000031584874,0.0011596999975154176,
92ce62726349dc0854f20ef3cb8a25f4c210b513db6a1da5e1f4f48a5ca21ae1,h103,1,unsupported_profile_domain,0.0010032999998657033,5,0.0009454000028199516,0.0011253000047872774,
43696ea38aa06448e96142deade4f9270d26204f333eed30c7600981c3e16b36,h103,-2,unsupported_profile_domain,0.0009777999948710203,5,0.0009553999989293516,0.001013499997498002,
c1bb15f5ec993cad505346a9a691b003bfc3431fd026cfbead980b785fb68288,h103,2,unsupported_profile_domain,0.0010210000036749989,5,0.0009598999968147837,0.0010866000011446886,
dd6f0cef64be6fc5db0d03ea8c15d6479bef8837295c982fa5c341d84cd3b9a8,h103,0,unsupported_profile_domain,0.001007200000458397,5,0.0009514999983366579,0.001043199998093769,
2574809d06e808f4960919da8dc7231b419c2e346fdb876ba502e863349f4775,h103,-1,unsupported_profile_domain,0.0009816000019782223,5,0.0009766000002855435,0.0010496000031707808,
42ac9c0af7523e345aa0c163c1456a940db47300022d6229aa0ab3dfa7fc7af1,h103,1,unsupported_profile_domain,0.0009726999996928498,5,0.0009603999933460727,0.0010374999983469024,
71d0a5fd9d340054333e0d60a9a48a4a88eaa68c25672fe9034c467b83374229,h103,-2,unsupported_profile_domain,0.0009741999965626746,5,0.0009394000007887371,0.0010935000027529895,
6338aef44215cf7d588e780fbe40af49965453038d8f15235943a915970d4160,h103,2,unsupported_profile_domain,0.00097490000189282,5,0.0009434000021428801,0.0010209000029135495,
ee669630bc6e8dfbf4f8fd68819b0435e54667117e9f4d7b43478eee07d78702,h103,0,unsupported_profile_domain,0.0009703000032459386,5,0.0009477999992668629,0.001022299999021925,
524db0923e9593c5f505b88cfc1e5a8e93ed1b8a778fd1e0b39686792d61311c,h103,-1,unsupported_profile_domain,0.001018900002236478,5,0.0009730000019771978,0.0010609000019030645,
0b8ddd878167b964b194e5f3520e8b508ec5692a09718f9e17a274ac8de7e21c,h103,1,unsupported_profile_domain,0.0009677999987616204,5,0.0009522000036668032,0.0010600000023259781,
53c71760d95052ef3f147cdca8f8df58a51d110eb34ed561e737769407eabfc9,h103,-2,unsupported_profile_domain,0.0009737000000313856,5,0.0009266999986721203,0.0010752000016509555,
81de6b964ef204b20a108792d7fe81304bbc8cbbf82bd501f64ae8d70dba2827,h103,2,unsupported_profile_domain,0.0009544999993522651,5,0.0009406000026501715,0.001164900000730995,
3d67f4fe6ad9f91ca6056124bb6df3fe09233299b14c3e459449d557a0c59773,h103,0,unsupported_profile_domain,0.0009997000015573576,5,0.000949399996898137,0.0011159999994561076,
f00d121bd59382eea264f004b521e40e3ee09a68c25b0cc5be9a4652ff6b32aa,h103,-1,unsupported_profile_domain,0.0009619000047678128,5,0.0009427999975741841,0.0010447999957250431,
2ba346025a4fae46cc34e385e53473c2d1e6613062f2e1f12a5e7aba91aae867,h103,1,unsupported_profile_domain,0.001071499995305203,5,0.0009841999999480322,0.0012604000003193505,
8f4e7714f1a76b7041f88ca34ce0a0aa3a6ae281a18547c0af2c80fe3da1a0b0,h103,-2,unsupported_profile_domain,0.0009981999974115752,5,0.0009553999989293516,0.0010574000043561682,
8f6ddf7300c22e2a4c38494042b4c2909e75db7abb9423179e68a2008dd1d9a0,h103,2,unsupported_profile_domain,0.000971500005107373,5,0.0009586999949533492,0.0009883000020636246,
d6c0f7dd8df3b290b344b12e46a57015c972ef641c6f93a2aca354f33f382beb,h103,0,unsupported_profile_domain,0.0010597000000416301,5,0.0009541000035824254,0.0012560000031953678,
fac66209c9c70df5ed95c77379279b4e232c38d71fcabc30f91bb6a0257ad72d,h103,-1,unsupported_profile_domain,0.0010343999965698458,5,0.0009465999974054284,0.0011619000069913454,
fbf2620a923a462b52a103a0a1aeebe7664efef96e938d663337c373cfb2d917,h103,1,unsupported_profile_domain,0.0009865999963949434,5,0.0009540999963064678,0.0010920999993686564,
c1ef4f3f86e03b02ff41aadc8e341b65445ed64fa452bcd0d9be7f8a66afa715,h103,-2,unsupported_profile_domain,0.0009541999970679171,5,0.0009391999992658384,0.0010382000036770478,
21bb7e49dcd97417f697a24d8b79e91b3b7ab0457f15fd215fe81b5ea3f5f128,h103,2,unsupported_profile_domain,0.0009772999983397312,5,0.0009441000001970679,0.0010619000022416003,
d3a93939bd738da0119b467cf642be90b2eb63a1d6cc5311a769bf79cf868807,h103,0,unsupported_profile_domain,0.0010237000024062581,5,0.0009334000060334802,0.0011549999981070869,
9f022f3b05f2afc4d6a957e78074848fab092d68e2a38e94382e6ba4bdefe3a2,h103,-1,unsupported_profile_domain,0.0009748999946168624,5,0.0009542999978293665,0.0010688000038499013,
04a0a44e4134778b19d8be8812d227a98b19321f5b0adbba7765e8fba94ae52a,h103,1,unsupported_profile_domain,0.0009769999960553832,5,0.0009457999985897914,0.0011856999990413897,
70f8df8c382bc02d886eff07f356ac00b9693a65c709f67d6ac81c005aa51c1f,h103,-2,unsupported_profile_domain,0.001037200003338512,5,0.0009532999974908307,0.001055699998687487,
fe0017724e56da8dab8052f2a68625f2ca10b535caecfd4cd72a5b01672c5c1e,h103,2,unsupported_profile_domain,0.0009893000024021603,5,0.0009374000001116656,0.0011053999987780116,
b3d5d8594fbdb61f3bf313e390d171ca038db1c52b7ec06c976163235db3c2f5,h103,0,unsupported_profile_domain,0.0010180000026593916,5,0.0009763999987626448,0.0011202000023331493,
b2c0ecb825cd2298d1a04ecfdabb3da5f53b0bd9b3656267f3e8e4e7ab776688,h103,-1,unsupported_profile_domain,0.0010913000005530193,5,0.0009531999967293814,0.0012251000007381663,
f42f5a622e66758e13b66b3ee78fa94b6f9568d343c387871634004507662b7b,h103,1,unsupported_profile_domain,0.0009594000002834946,5,0.0009461000008741394,0.0012314000050537288,
1bc36b5dddb48c6c04d3697592605a0be34603119f14bb749b6fcc9a9918b583,h103,-2,unsupported_profile_domain,0.000967200001468882,5,0.0009476000050199218,0.0010096000041812658,
106c8142caa4b8174b3199a67abc5ffd67cf24c84029c31f035b46f57080fc62,h103,2,unsupported_profile_domain,0.0010209999963990413,5,0.0009505999987595715,0.0011262999978498556,
df22dbd0eadd522da2b004fed8bc4b53c651c98a5e6b2c2015dd7c5d7585fd60,h103,0,unsupported_profile_domain,0.0009739000015542842,5,0.0009497999999439344,0.001072899998689536,
3f1376d199f010fc9968718b8cd31deef6fd4e5b4dab10a96b132ce013761409,h103,-1,unsupported_profile_domain,0.0010384000051999465,5,0.0009541000035824254,0.0011445999989518896,
e23386d7b8715c28d3fb86cafd6ec4c3a0ae702fc31d0912feeb66bbfd73208a,h103,1,unsupported_profile_domain,0.0009662000011303462,5,0.0009324999991804361,0.0010231999985990115,
68d0267e0ef2769af5023fb47dc7158b80487eb93a1d0351476259674c3cc9e5,h103,-2,unsupported_profile_domain,0.0010154999981750734,5,0.0009582999991835095,0.0013561000014306046,
1f28c828912d460f13e54fa6d4063f8bc4d16b74c33428e35cc0ddb386cb9f05,h103,2,unsupported_profile_domain,0.001042899995809421,5,0.0009659000061219558,0.0011082999990321696,
139893f1629faffeace95b31cbc957de0d113ba33d459af168eb1cf2e76a7cc9,h103,0,unsupported_profile_domain,0.000961200006713625,5,0.0009333999987575226,0.0010286999968229793,
8a7923c3cae2f61347e0a9cf96a8161e4f9c35bf03ccf7480cc0bb6c191e3d57,h103,-1,unsupported_profile_domain,0.0009648999985074624,5,0.000945699997828342,0.001625899996724911,
dddd064b91d61cc5511bedc80f88527c3bbf358214e6e652b62ed0d47b3ec484,h103,1,unsupported_profile_domain,0.0009967000005417503,5,0.0009779000029084273,0.0010853999992832541,
731a7b78d93220e7ab24ab7ace3fa3a8ba7eeddc718712968b05966ed1dc18f0,h103,-2,unsupported_profile_domain,0.001033699998515658,5,0.0009664000026532449,0.0010588000004645437,
cbd1b0e920c1ca8fcbbc6ccc37c8b39be92cadd7343807878c807b1af52a4ad5,h103,2,unsupported_profile_domain,0.0010849999962374568,5,0.0009821999992709607,0.0011201000015717,
8c93c30ef8251913cccef086d0dc34baf20f834d5b57f2fb9b20ef0884ed46a1,h103,0,unsupported_profile_domain,0.0009869999994407408,5,0.0009616000024834648,0.0011878000004799105,
10769d2ab85532ab6239e244fdb28c9a59e93cc4baaef1ac9060e710271fb16a,h103,-1,unsupported_profile_domain,0.0009769999960553832,5,0.0009581999984220602,0.0010701999999582767,
25c5d0c3128ee5b7a2fb41483795254cfb3abb7bf38cc8b068276b5de5632f49,h103,1,unsupported_profile_domain,0.0009828999973251484,5,0.000967699998000171,0.0009969999955501407,
0c8618a5590940c75a638696667c5b8b1729110ac385a7cd88eddb50d26e5773,h103,-2,unsupported_profile_domain,0.0009864000021480024,5,0.0009797000020626,0.001130399999965448,
fdc539e1dae5971ef464f0a614d73c30c755248da658d466a3ef384850c57548,h103,2,unsupported_profile_domain,0.001072599996405188,5,0.0010144999978365377,0.0010781000019051135,
abbe81e07a9cfc883f3b03ab012c945304f3f10a47887aca5e3010d93235f200,h103,0,unsupported_profile_domain,0.0010255999950459227,5,0.0010084000023198314,0.0010420999969937839,
987c73432ad1b388a62747ccccc27bbf2e936f70582196ab72f191e8a0424f7a,h103,-1,unsupported_profile_domain,0.0010566999990260229,5,0.0009742000038386323,0.0011436999993748032,
be8f06b7c5e3c42030150a19d127e62410d0063c005e22fa07a6588396771bc3,h103,1,unsupported_profile_domain,0.0009815999947022647,5,0.0009742000038386323,0.001081500005966518,
d979da3077f995cc00ad86874bf1e072ab5de1758d66a30f49e75829604170bc,h103,-2,unsupported_profile_domain,0.0009828999973251484,5,0.0009716000058688223,0.0010789000007207505,
88c8f30ad6979987bf8da671038ac613295b8feddfe3117154d56804b5155a1f,h103,2,unsupported_profile_domain,0.0009825999950408004,5,0.0009754999991855584,0.00104750000173226,
16d94653089ce0e6da58f3b8f35eeef012763cc1e87ff5ea391a6209e223d7e5,h103,0,unsupported_profile_domain,0.0010627999945427291,5,0.0009547000008751638,0.0011222000030102208,
7afec23373821b330bb2351e9b26caba6709bff614f1fb32ae1f14b73d08f6ec,h103,-1,unsupported_profile_domain,0.000970599998254329,5,0.000937699995120056,0.0010305000032531098,
2a9e9c8bb8c7e0d327d311de906b07beef0e1fc55db3ec36fb23ec87f6747195,h103,1,unsupported_profile_domain,0.0009623000005376525,5,0.00094600000011269,0.0010685000015655532,
b9d8c8185226890d5c8bb32734d4cbe6de59d75fd2d1c13ceb395b5c57c7063c,h103,-2,unsupported_profile_domain,0.0009538000012980774,5,0.0009332999979960732,0.00104010000359267,
8592467007c37b0ad0cc554b7f3728d8d767e7e69372a47ad37c3b42d4f252a6,h103,2,unsupported_profile_domain,0.0010235999943688512,5,0.0009462000016355887,0.001171000003523659,
26dcb7aaa55c78d7c16ac88cc0afdf5866f55a201bcc35503e96c3feef2e349f,h103,0,unsupported_profile_domain,0.000941999998758547,5,0.0009342000048491172,0.0010427000015624799,
e18b4571b464e929786574e3c5d02246608af4c5a17d9e7bd7c6188dd80c47b7,h103,-1,unsupported_profile_domain,0.0009697999994386919,5,0.0009475000042584725,0.0010450999980093911,
9b1c7f725d72348f944bdb13c294391468cd40f93fc6df135fd095b17f96f872,h103,1,unsupported_profile_domain,0.0009592999995220453,5,0.0009519000013824552,0.001090099998691585,
a830c62fd222bb259e5ddb4d6e94258ba97e3bbea7f43958ab9c7d865097a835,h103,-2,unsupported_profile_domain,0.0009802999993553385,5,0.0009399999980814755,0.0010426000008010305,
8a9051069b01fe3da00527f6064bdfc4837d8d621da4c1e9fa705246217bcdf3,h103,2,unsupported_profile_domain,0.0009780999971553683,5,0.0009442000009585172,0.0009882000013021752,
c670fe089618e3d223858e051e1aec310d227c4d7d713dc50b5a2ec6ae6a5c9f,h103,0,unsupported_profile_domain,0.0010003999996115454,5,0.000952599999436643,0.0010388000009697862,
2dd409720345a6bee9ce7bf4f5248b5a33641f07954b6c88be197156d08401a3,h103,-1,unsupported_profile_domain,0.0010308000055374578,5,0.0009594000002834946,0.0014055999999982305,
03a00cd2af197e9884368597691b03f5150c0cd9914da0d7f595f87a6e13086c,h103,1,unsupported_profile_domain,0.0009843000007094815,5,0.0009559000027365983,0.0010276000029989518,
f66ddb361242c8f949c152945829aed741514683ef42016ca3f557e6e8dac8bb,h103,-2,unsupported_profile_domain,0.0009666999976616353,5,0.0009461000008741394,0.0011662000033538789,
7bed77a30efc4748fc87f018e67b43c2da5e65bff3be61180feb841fb960dac6,h103,2,unsupported_profile_domain,0.000974299997324124,5,0.0009497999999439344,0.0010060999993584119,
c393076b1680d163b6d17bcc069354cf0a514488aff7a7556c5361bb60f3df74,h104,0,complete,0.07021820000227308,5,0.06959039999492234,0.07106959999509854,
4cc7ab56c3fa448e98908ffddde07b2a339ca1adf5dabf52e900c2b3d1414747,h104,-1,complete,0.07036449999577599,5,0.06913919999351492,0.07046779999654973,
1a600cf60c3ad0f1d539bf891442a4b8beb340a26331c092764dc4555490d5f9,h104,1,complete,0.07062610000139102,5,0.07007039999734843,0.07257150000077672,
3de42413cb93d368c618d2c94e07c9f426492f4549a576316d7178c1050cf5ef,h104,-2,complete,0.07051569999748608,5,0.07001889999810373,0.07123370000044815,
330751d7e5279c798cb54b7b229eddd2774799bd6a5e9cfebb0e2c3678402ac8,h104,2,complete,0.07094380000489764,5,0.07052540000586305,0.07223399999929825,
f32ab92de51c34e11ab5ad2bb3a9899e221bbf3f82496640c665747deedbd3df,h104,0,complete,0.06966419999662321,5,0.06902520000585355,0.07037259999924572,
f04c459ae82af67d90d9d991528a7ece7f075c44d7e4954b0ecdeff11524c30b,h104,-1,complete,0.0706038999996963,5,0.0697065999993356,0.07154269999591634,
e87c88c8282d03a28cc53345a6fe0fa2b51942ed104f3df64a72ae2d907b0952,h104,1,complete,0.07034890000068117,5,0.06991320000088308,0.07122260000323877,
a7405c5bdefa8dc02a5eb4ece378cec7122516c84e60f1dc5ee3cf9c90f3ccf0,h104,-2,complete,0.07010820000141393,5,0.06958619999932125,0.07287270000233548,
dc0f35e5628e6153b89394d141b1aa27251de0e2943ff4992f96a9a3b6dc7a29,h104,2,complete,0.07055620000028284,5,0.06964909999805968,0.07138180000038119,
0c1b5b00f4a57acabfe03c54d92d85d9ac0c88d05095ebda6afb1c7c7cea7270,h104,0,complete,0.07101390000025276,5,0.06990670000232058,0.07171699999889825,
0b04367cfdcb9cfd4fdb0cdcf6753460b8acbc910e645686bc799d7b9c4b8070,h104,-1,complete,0.07142469999962486,5,0.07096040000033099,0.07164449999982025,
a8250141d9efba2af7988e500cfda5966bd35d85545f679cbf5be112a6557be2,h104,1,complete,0.07163819999550469,5,0.07087549999414477,0.07210749999649124,
223ecc58f4b4f2709e3fbe53b2920dde31cb1fecc8d33a99ffed896c57cc639c,h104,-2,complete,0.07113309999840567,5,0.0707920999993803,0.0721144000053755,
b91f11a9e811d352fe5e865016d7efd7576274c0bdf48cb3e4deac0e7af63147,h104,2,complete,0.07086110000091139,5,0.06747769999492448,0.07350120000046445,
c6271e8d6a11b8608ea99d6f3942fb4abcd6f520aefe2c50bd4da2ae77f1ded9,h104,0,complete,0.07188640000094892,5,0.07127030000265222,0.07354160000249976,
5a616cd988688000ee0457409878811b39d9f9c0278544f8e8de195eadceedbb,h104,-1,complete,0.0720422000013059,5,0.06971799999882933,0.07394210000347812,
0cbaadffdb829c70c823376598b035a9503c53ea9b9a529bd0486c0c9cb1f653,h104,1,complete,0.07153729999845382,5,0.07075500000064494,0.0753303000019514,
932c5f03899bf60cd1c653b80f21a85929c4523e6f605f1e21f15df8eb098006,h104,-2,complete,0.07148520000191638,5,0.0710211999976309,0.07274020000477321,
70cf12deac2a3e8cdb2578966d4c203248fece789d008702fac0b691eeee73eb,h104,2,complete,0.07163939999736613,5,0.07140809999691555,0.07217999999556923,
eea8428a253594f2f607b51ec49babc22c9e53639c84fd5227f8e4b4144d4b44,h104,0,complete,0.07102659999509342,5,0.06950680000591092,0.07352610000089044,
a33a0b4047a4ae7861a14f29de3fbe2513ceea54744df1edd6332ce602a0749f,h104,-1,complete,0.0713365000046906,5,0.07053979999909643,0.07255289999739034,
761df326b53c6d0528774bf04c28ee0cc03b93880cebc9749e31307d74721717,h104,1,complete,0.07197540000197478,5,0.07083830000192393,0.07210190000478178,
1864b23a3c1c1dda944a8e6d069f0405d2d511fb1366f27b827952e7d28444d6,h104,-2,complete,0.070734300003096,5,0.07026069999847095,0.0716616999998223,
97da3f06fde8ae8cdece7612af4d15a5e5d416c06cff18c3f3a3632dc2b6c7d6,h104,2,complete,0.07131820000358857,5,0.07040430000051856,0.07209549999970477,
64350045ee6696ced19788e94c893f0f16c2a7598b90883f8a7ed54219919454,h104,0,complete,0.07090410000091651,5,0.06908450000628363,0.07336129999748664,
f996dcfc90cffa01bef7e2a4064006c2a92ffd3e2825c12f1f50066a2346315f,h104,-1,complete,0.07164589999592863,5,0.07067749999987427,0.07307940000464441,
6493122048f6e5f8c153fd0026d0ed69ceb2f88545ba3187bedc8778f8b180f9,h104,1,complete,0.07141460000275401,5,0.07087560000218218,0.07216300000436604,
fd315f0bcbbd24c979a9c71645b1c773a86442e3f27c70cdfaa65b166f8dd2a8,h104,-2,complete,0.07115879999764729,5,0.06989410000096541,0.07191670000611339,
670300acc6ca62be69556705fb19010095bd72d5115915c6c4c190b250cc1123,h104,2,complete,0.07174530000338564,5,0.07061930000054417,0.0729557999948156,
a84bf95f349b3e0738e8a496dc04102c5beb1f25c59a33cf678b98f475150edb,h104,0,complete,0.07102029999805382,5,0.07031470000219997,0.07108639999933075,
95df5aeabe503fd8665981532c7260d6fe5517b1adc6b0430cb8526e479772f2,h104,-1,complete,0.07125519999681273,5,0.0703155999945011,0.07232189999922412,
22b03a932b561e6e6d24e204762baef38425e02755f3180e6c4231cd24faf0b3,h104,1,complete,0.07078620000538649,5,0.07024470000033034,0.07155659999989439,
5457b1f619012373e0ae24a1ae5b68d574efaaf960a550b362ccc3bc687bb39a,h104,-2,complete,0.07418560000223806,5,0.07178399999975227,0.07951809999940451,
e6af7aa267110d856f78124d81fa29ad8bd10b70c727cd3a6f5f54323b59bf00,h104,2,complete,0.07335959999909392,5,0.07092389999888837,0.07970239999849582,
fd76a7ba504b2ca9d65087a168aa615540541c34fa528370535db34d51fe1eda,h104,0,complete,0.07364689999667462,5,0.07149260000005597,0.0776387000005343,
03e13d9f00540f3e2d998a1bcb0aaf53493631afbbdd1012851c72b00da9c6b8,h104,-1,complete,0.07203580000350485,5,0.07035439999890514,0.07254739999916637,
ee327cb9eddace88553325ed9c44e57a316e86681c48db065f97d05be06cd6de,h104,1,complete,0.07195240000146441,5,0.06990529999893624,0.07201769999664975,
93b56725466ac67926cff6f3f93c44c67e3457cc2b13b7727180f3a5d312501a,h104,-2,complete,0.07107430000178283,5,0.06955679999373388,0.07282259999919916,
831ffbaaa07789bd8a940738f0fc5eccc5c95b7f2b72ef564fb191266588f463,h104,2,complete,0.0714460000017425,5,0.07055419999960577,0.07415840000612661,
3ac7bc8b030c7c4229c758d0e57c5161edfd52fd89fe3c2151979d5a9c9f58e4,h104,0,complete,0.07180550000339281,5,0.07138269999995828,0.07254309999552788,
ff1e71c369aa0b422c87e6bb9c7c639c58051c7d162c9a9205bda8901ca08e9b,h104,-1,complete,0.07283079999615438,5,0.07087040000624256,0.07342450000578538,
2d93035aeb89271c1aaca369532d6b52cea2a465558100a3db536135d9a08391,h104,1,complete,0.07201930000155699,5,0.07036909999442287,0.07396519999747397,
9a4a81a08c21de6ffbe9d87d8953bcf952243ab48756c62e5f02b41ea638a83e,h104,-2,complete,0.0712855000019772,5,0.07061619999876712,0.07242519999999786,
9054717e18bcadc444b79726456b4aa54a019d8e661341257553cb78585e7795,h104,2,complete,0.0710627000007662,5,0.07026739999855636,0.07238979999965522,
a3d32e4bd750de0162e26a7f94844788969e141a9d72a30298ea2a6dd70d0e89,h104,0,complete,0.07124389999808045,5,0.0700349000035203,0.07245069999771658,
5d4753f9bdbc15aedb5f371c3aa0271a294206446127375f94023740161eb2f7,h104,-1,complete,0.07242060000135098,5,0.07098119999864139,0.07301120000192896,
f3c9972c678f330e232533c9fc00d5f8d0681934085fc1408ef965cf3e061df7,h104,1,complete,0.07136519999767188,5,0.07035419999738224,0.0735874000019976,
31d99914197fc7449abe69f4f9a288dd67bdcab5891c8189554168646094e337,h104,-2,complete,0.07184910000069067,5,0.07094530000176746,0.07227910000074189,
d44cf267ab70b4bd7c3d6a3a40ad46c2a46a5b9f1515aa28fae832ec9fba58c6,h104,2,complete,0.07290070000453852,5,0.07067000000097323,0.07508260000031441,
95487f659ea51f5d466fe9ac96c658529b527690e1eaa373e937106028e74d60,h104,0,complete,0.07161300000007031,5,0.0699631000024965,0.0724740000005113,
c6d409afc8d75bb8b0223f1fcd74181842c96313182c61f28f9d18e42415074d,h104,-1,complete,0.07134610000503017,5,0.07001580000360264,0.07183619999705115,
3178f1c56179d84f8048b3d4c91efb27a93b88b76f09d22c506ffe07496b396c,h104,1,complete,0.07162800000514835,5,0.07076049999886891,0.0723061000026064,
8575913392b750c3abe4499d8cac9f982216bcb4a8950617139e4540322be52b,h104,-2,complete,0.07131879999360535,5,0.07105800000135787,0.07278530000621686,
b9c30874111bfd829000a9b0c60d0adb1db18ac75fe02252bd33cd9be743e3d1,h104,2,complete,0.07213179999962449,5,0.07090050000260817,0.07324990000051912,
50c5719907516fa500c17726e0860e8a4fe58f03115b071787e3f203ce50e701,h104,0,complete,0.07122059999528574,5,0.07084329999634065,0.07269670000096085,
3dfa2e9e45771fce7120be84e669107feac732cb5807cb0b64a2bc8a74a09c6a,h104,-1,complete,0.0714908000009018,5,0.07068360000266694,0.07195019999926444,
8382b16a3df5b0f532326f73493d2ca1f2348dda1c900234f259ff71e593ef64,h104,1,complete,0.07148330000200076,5,0.07090189999871654,0.07161360000463901,
381731bd7b0b64d10f9750055cb99d399a53d8cd6a75fe75d3e6e9fab61fa499,h104,-2,complete,0.07234409999364289,5,0.07150820000242675,0.07295159999921452,
c12a623753bcff11fe3a8e6431b039f893a0bbe275dad66b860d129d8561b899,h104,2,complete,0.07264090000535361,5,0.07109350000246195,0.07298299999820301,
58fccad8d51b97ec1b23ab67efe776c31ceede5b1b1875ad6edd217423d53ba9,h104,0,complete,0.07156079999549547,5,0.07085530000040308,0.07296369999676244,
dbc982376bdc489cbaa6945ac13c9b616b362b4923b9da871253ad51fc304c2e,h104,-1,complete,0.07226889999583364,5,0.07179419999738457,0.07244480000372278,
e4b21508cbbc14dd8187771645b0b89994463e2586c5cb3cca10f0076d1a4630,h104,1,complete,0.07173840000177734,5,0.06975900000543334,0.0731417999995756,
84567be8551a47e437b7ba7a34f0b374909f1b4df5b47ad1c4ffec14ca9e4a81,h104,-2,complete,0.07203400000435067,5,0.07081080000352813,0.07209310000325786,
621571ca88f3d23a58628e65199a9012d4384c8e5feee08beef614459657ec40,h104,2,complete,0.07133769999927608,5,0.0710557000056724,0.07267679999495158,
c0fd47d19f7e3421ba3b8bcf4a77208a3a7ede8d967b2d32e9017228cd93f77b,h104,0,complete,0.07834860000002664,5,0.0773241000060807,0.08007259999430971,
3f0f070d08122c1d5ba94fb2d578734fc060415356660aeb1eeb10a4568059e8,h104,-1,complete,0.07718139999633422,5,0.07693070000095759,0.0784773999985191,
919e3713716c9dcd27eef7a72b9a8227ebd3adce53e566f7b006f0bc37da57ce,h104,1,complete,0.07931090000056429,5,0.0780702999982168,0.08498170000530081,
2f2aa972ff27a1162014c9e6d25485ee15beaeacf4fd28a7561108902f79d976,h104,-2,complete,0.0778680000003078,5,0.0772101999973529,0.08817789999739034,
f0b3ee340a899343d3aeec2650e0af4b511cf27b893105b46c40a501b6946831,h104,2,complete,0.08162240000092424,5,0.07939070000429638,0.10180409999884432,
59df57117b4ff4b649c8dbd21848859f1b3de1ece0ec8abaf990557e2df40636,h104,0,complete,0.12378650000027847,5,0.11830300000292482,0.12854820000211475,
0c377055c9a6b3ecce97e0cc4bfd2c5c46a2b00aa7c3b8c14de8679603a5c357,h104,-1,complete,0.11637649999465793,5,0.11363339999661548,0.11972279999463353,
b8bfdcfeb677ac288dc256b4daf571ab144fc9480be64b5a9f6badbbb68dfc3e,h104,1,complete,0.11940209999738727,5,0.11600430000544293,0.12487519999558572,
a87b323a1bff83bcc00244960331296f0b0590a15f2a06e81695862384cbb94f,h104,-2,complete,0.11652440000034403,5,0.11245240000425838,0.13408890000573592,
6380da0256d26805c9205b2fa591a8dbe04362ef11fd51586d73d66107820ece,h104,2,complete,0.11960390000604093,5,0.11750649999885354,0.1413262999994913,
45e7a8a554251059e060ef836012cf765fb6a95438edfe12d1e484246ceb9f9a,h104,0,complete,0.32590140000684187,5,0.32257620000018505,0.3329460000022664,
00c04439447601613e70e72d8d722a8f62ba0c29dd56e0b7658a18cd2654db4d,h104,-1,complete,0.32425119999970775,5,0.3171638999992865,0.3596023999998579,
d38d25d0165c06b9d3fdbc88db03ff116568dd682de3372b05faffe73c67a959,h104,1,complete,0.316949799998838,5,0.31322930000169436,0.3187889999971958,
55815058118be20cf4633ca5259351ac8f1f639bf9b922565210f27fd7904900,h104,-2,complete,0.30812000000150874,5,0.30350539999926696,0.30852369999774965,
2420aff38e6f39ee9b89c2b7c216ceaf954a4e01c2d4b3b49e0d96d998c75ea1,h104,2,complete,0.32075220000115223,5,0.3188030000019353,0.3237458000003244,
3468ce8a3cc7a7870b62c651b206991660a8183cc460731460f36ef90062c1c9,h104,0,complete,0.3476343999936944,5,0.34430240000074264,0.3490230000024894,
fc3771e89f41e00d9716b172bb6dca4a36eaa67eb32ca8191bb1864f4233c9da,h104,-1,complete,0.337230000004638,5,0.3348476000028313,0.33994459999667015,
1daf33ae07b69199b6c2d72b129f9885e906ceb8f94d4bcf156bbf5d7586ad53,h104,1,complete,0.3472159000011743,5,0.3421731000053114,0.35024990000238176,
004a9a809b8b142417cf1bc7c2cf135bf63a234afb2961e571dc66cfe57c598a,h104,-2,complete,0.3304490000009537,5,0.3257180000000517,0.3308116999978665,
7ccf7cf5fd81dcbd239a03655295856af5bfafad9e744aa2d567dc958c423716,h104,2,complete,0.35156129999813857,5,0.3494030000001658,0.3559984000021359,
bbf3e9035cc995684a89e0000f2ccff4d20782a65199796496eb0ade7eaadaf9,h104,0,complete,0.36065570000209846,5,0.35403320000477834,0.3640847999995458,
2d671ea118843f8ef0e1ebbc4a46f2adb2ec6a5d541a94229c5c414efd921c1d,h104,-1,complete,0.3553408000007039,5,0.347904499998549,0.35643319999508094,
0194068ff8ec7c36856c07058483cdf9d495ee35b7190439589a88e25d4366cf,h104,1,complete,0.36558350000268547,5,0.3637767000036547,0.370081900000514,
133c7ad29c07d0298154db695002cd9fc5ec77923e8c87f7cf6d634afae0ed10,h104,-2,complete,0.3527557999987039,5,0.3487877000006847,0.37153180000314023,
c7c764812200beebd5425a7b1757583a038dcd035083b406fff9cbc502166089,h104,2,complete,0.37912259999575326,5,0.37171159999707015,0.38948050000180956,
610c4cdac60ea1433b921cc53d2122182fce0705a67b73336affd7d775494140,h104,0,complete,0.36614450000342913,5,0.364109299996926,0.36985550000099465,
b892ab90cb8b7490365235f491d775f21c8cf2dc5d36a3ddf89135ae033f3b20,h104,-1,complete,0.37168439999368275,5,0.36435830000118585,0.3749262999990606,
8f6437dd47040f61daa49e7a09b5e7529db68c0f4a9f53e3d73ab34761d29843,h104,1,complete,0.37615509999886854,5,0.37443099999654805,0.3774593999987701,
ff4e037e524e2bf2618e23b0028c8179fd6cb541a93539d6a019a8006059a95e,h104,-2,complete,0.3602251000047545,5,0.3551398999989033,0.36059689999819966,
693512d3a8f4d36d138ad0eb7d55d0ba782d331697084a4a7bee82c348dbed28,h104,2,complete,0.37901309999870136,5,0.3760002999988501,0.3806308999992325,
a669b9c7878af1395d331fd27d8976f16e00b04c835e43ed70f91d94436ff9b1,h104,0,complete,0.37764379999862285,5,0.3767809999990277,0.3796199999997043,
ea81ce1ac6f7250f79dad5a2ee0c4a5cf89f28b50f371f0116093eef1c426f57,h104,-1,complete,0.3747497000003932,5,0.37017289999494096,0.39573029999883147,
8357d23342376c41a779828369a15d3093069fed91ce4e693c06e75d35cfc70c,h104,1,complete,0.38526070000079926,5,0.38019969999731984,0.39913050000177464,
76f309f261184852e5dcd03c795429d84fc69d5a3de4db707eb3c3d84974b616,h104,-2,complete,0.3700146999981371,5,0.3652360999985831,0.3747960999971838,
c5a0faa12ab5d984a245dc428ad9d1d96eee9ff6d6003891d2be5d6dcad1ba4e,h104,2,complete,0.3935180999978911,5,0.3860013999947114,0.40234700000291923,
3a931504398f82477a060bad8a9fe5862d5ec2ac9a20dd198b0620a3f553d981,h104,0,complete,0.49370539999654284,5,0.48862869999720715,0.5593215000044438,
37664eee0e4f089029d49ca3432e9df9f1d330b5272eb98972ba1dac6caf7b29,h104,-1,complete,0.49732529999891995,5,0.48425639999913983,0.5106497999950079,
12185a643ac793bab91e44e307966cda33bb95827d770662f56e5e58cd56acfc,h104,1,complete,0.507062999997288,5,0.5011232999968342,0.5610992000001715,
3c67dd35154f2f6c98d70a2c7d3be784e13e7c3afc6ab11a34ea93f284d507af,h104,-2,complete,0.4646320000028936,5,0.4618594999992638,0.4706727000011597,
dfe7a80e014f272fc77868cc1aa84838d4c2bb0268f1c0daf3cb83237a43697f,h104,2,complete,0.48711660000117263,5,0.47882380000373814,0.4962410000007367,
a033e0fff16b92c82a24015127f80d73189d48592538c67bd7e9640945cd9c39,h104,0,complete,0.6620058999978937,5,0.6410613000043668,0.6967766000016127,
f945326b9b296ef69d9562ac7c76259d55f6bb938a2b5d125c5e19d62c0c6401,h104,-1,complete,0.6326665000015055,5,0.6323792999974103,0.6407670000044163,
4530631b501104efd64382f9fd7e2147824be4bb82df13d9041f5ddeb62cb7bd,h104,1,complete,0.6426301000028616,5,0.6360950000016601,0.6485070999988238,
a9719414dad94613621167828a19769c8cc15322857440e87a35a7dc498fa42b,h104,-2,complete,0.6410242999991169,5,0.631594500002393,0.6489968000023509,
1043f9bd355d03fe0408cbd731f7cf76ae5e4899335698aba0d9ce05336d5180,h104,2,complete,0.6315156999989995,5,0.6273390999995172,0.6531020000038552,
b1c69d645227df737e43c60184a3a266ca7184a5f0246ffc2d375d6129f7f4de,h104,0,unsupported_profile_domain,0.02236599999741884,5,0.021686300002329517,0.022829499997897074,
19658015b44a1cf4b0a4b00386ec219883d4161b457b2d80bb48596fc6093480,h104,-1,unsupported_profile_domain,0.02214329999696929,5,0.021487800004251767,0.024420900001132395,
63d3c13855c5331fa13912c7c825012bc51cbc7702deed5a82cb50de0671e2bf,h104,1,unsupported_profile_domain,0.021737499999289867,5,0.021237399996607564,0.023675799995544367,
05b0f5efb285ab51420872c3cfba8d875e9593ca455f85a741850f8f85359e77,h104,-2,unsupported_profile_domain,0.022263400001975242,5,0.022158599997055717,0.022593699999561068,
9a801dcc4028e78f3600bc41838d48803e02fd3f9e18bd14b6ddee3f11fccd6b,h104,2,unsupported_profile_domain,0.02164710000215564,5,0.021505400000023656,0.02194690000033006,
f2b09fb4c4f07fc2b7e4047f821a4b95ebba2932224128c5a77daccd68221528,h104,0,unsupported_profile_domain,0.015645599996787496,5,0.015061800004332326,0.015684099998907186,
a87def5a0736f2dd60eb287a2c3f852dc0697b019d4f8f911b38f6ba7381bb3d,h104,-1,unsupported_profile_domain,0.014937200001440942,5,0.014626500000304077,0.015207700002065394,
321170a3e0012e6c957aa4e7a0461b3d445c5f84c4f0cf1c34e314a5399d028a,h104,1,unsupported_profile_domain,0.015723299999081064,5,0.01543390000006184,0.01599049999640556,
8013dbd06b74967f45372a860de6dd76549d7893220b96851e89a3763270b0ec,h104,-2,unsupported_profile_domain,0.015024200001789723,5,0.014768799999728799,0.015266300004441291,
2efad90a901aa013139e0f16f9705d7ece5663b6254edc27543a4958924dc975,h104,2,unsupported_profile_domain,0.015433000000484753,5,0.01534249999531312,0.01568560000305297,
6d03eb3d90663be292d6a68eb0de1d745ddec17b876184c21e7cd4ef791679a6,h104,0,unsupported_profile_domain,0.01438380000035977,5,0.014116099999228027,0.014506100000289734,
7d416f5c814136ccdead127a6ebaccc046b571ac3fd57a091b8539f9b8e2e9bb,h104,-1,unsupported_profile_domain,0.014207400003215298,5,0.013900300000386778,0.014740400001755916,
8051c95f150d90f7d13ddbdd6fcf2572cf01ee468df205c284b4d00b1c914a6b,h104,1,unsupported_profile_domain,0.015151699997659307,5,0.015032600000267848,0.01558600000134902,
7d248dde3108633e34965bd5089e18c82ae014097ddd10fb1eb5be1c35341536,h104,-2,unsupported_profile_domain,0.01396089999616379,5,0.01374010000290582,0.01438820000475971,
e2e251d0091e5dd547aebc8b5f0498042f910cd3f01ccc072be6822fe205ccd6,h104,2,unsupported_profile_domain,0.015469799996935762,5,0.015261100001225714,0.01620099999854574,
1077dcbb6cf192806f210c089ab8129b19c6294ae912e8e68ad659158659c6e6,h104,0,unsupported_profile_domain,0.013260699997772463,5,0.013006699999095872,0.013288699999975506,
3b3dc66a3f50807b61468b7176f2c8cca3cfdf26a8616140c5d0ede5058074ed,h104,-1,unsupported_profile_domain,0.013179100002162158,5,0.012790600005246233,0.013629799999762326,
ee50b2a15f87ca8c5636e349413358502f69a99f55f5ed91330c2cc2e630f0c2,h104,1,unsupported_profile_domain,0.013170400001399685,5,0.012614000006578863,0.013695599998754915,
5671fee70d309c99297242dba8e1f4d8c6c8c16b11efae3b4bd00b57be093d93,h104,-2,unsupported_profile_domain,0.013242200002423488,5,0.013095599999360275,0.013479399996867869,
9d6f1bf42ec4a5dafb5fa3f0a00eb276843da651c78c5aebe43aea8771a22d1d,h104,2,unsupported_profile_domain,0.014406900001631584,5,0.014188000001013279,0.01517940000485396,
176028e7cf97eaf9b5870386a9ac88d9ae9813396baa9705f332639c2fd34fa0,h104,0,unsupported_profile_domain,0.011570700000447687,5,0.011311500005831476,0.011922999998205341,
e6049325fd32600f366512b5fdb43b73a9daf128f4bbc9bc227f36eeeda946d6,h104,-1,unsupported_profile_domain,0.011552500000107102,5,0.011325399995257612,0.01174390000232961,
997c439035ec2da62f742e58a7ab4c88d0db2ac1a44e250fddc822c89ec35d3e,h104,1,unsupported_profile_domain,0.013143800002580974,5,0.012924100003147032,0.013162300005205907,
0252125f52f71469c53cac991481f4b3df0cd7c322fa168b4b6a4d2e075c05d4,h104,-2,unsupported_profile_domain,0.01155990000552265,5,0.011293499999737833,0.011902100006409455,
a985c6ab46804a6c5287d71e3bbe7e7efbd0b7bbf711e83a0219e276b5d3b65d,h104,2,unsupported_profile_domain,0.013079199998173863,5,0.012864099997386802,0.013546499998483341,
4f4aed87c780c4bc1daa0c095894a99b37d21e2af5ef0337712275c2b116e072,h104,0,unsupported_profile_domain,0.010702799998398405,5,0.01032669999403879,0.010939899999357294,
e9880770d399e4e6ee0b83d65042e4622a9f82c3f523b2ba5979ff656ef1c445,h104,-1,unsupported_profile_domain,0.010705399996368214,5,0.010410199996840674,0.011039299999538343,
2becc6cdf12406dbe3ec79c9f3397017f21991b6468ec7476f1cecce698e2e65,h104,1,unsupported_profile_domain,0.011050299995986279,5,0.01084409999748459,0.011207700001250487,
b7d761de45f28bd36620ddbb6004dfbb2fe2e789ee54cdf5151ecef7bf688d76,h104,-2,unsupported_profile_domain,0.010574400002951734,5,0.010469900000316557,0.010840000002644956,
9ed7bc5968f1de8aecdd5b09fb0ccf7caec119dfe907b60c80f662ff64635148,h104,2,unsupported_profile_domain,0.011375000001862645,5,0.011162999995576683,0.011785300004703458,
5d537cb70dbc0c4170d98207b3c0a15f0e9b37cdf6b248afc41f3fb31e9c8c8b,h104,0,unsupported_profile_domain,0.010657699996954761,5,0.010414799995487556,0.01122899999609217,
727d7aee8b756ccc71f38c102ec73da2b84537e53d293e77ec68a6cb28d26f97,h104,-1,unsupported_profile_domain,0.01056349999998929,5,0.010251099993183743,0.012408000002324115,
48d072d97330a9532311ac0b5974e98488f1064ccda2777c0a9c87cc420cf7bd,h104,1,unsupported_profile_domain,0.010392399999545887,5,0.01026379999530036,0.01103579999471549,
c87bb161864e0ca002f2a47e83bc2221faef71c904e147d8f570139731bb6d27,h104,-2,unsupported_profile_domain,0.010304699993866961,5,0.010126499997568317,0.010435700001835357,
75c8fc1304cf026d9dd453483896cca28b0d2f2dda2da9439171d4f9cf2a6774,h104,2,unsupported_profile_domain,0.010535699999309145,5,0.010460100005730055,0.011101399999461137,
4aa50dbc3c003aadca05d2d91ea5d33af341030c11d3370a4252fd55f5393bfc,h104,0,unsupported_profile_domain,0.009288400004152209,5,0.009057100003701635,0.009505400004854891,
0d944ca5b432a07c4749bfe929dff186e10107e926988b3a9eb80e42228d54e9,h104,-1,unsupported_profile_domain,0.009564799998770468,5,0.009434700004931074,0.009757900006661657,
f55870be14ef9f5cf7bcd6fabd2b568096c76997a6e8b8b553f1aacccdeef1de,h104,1,unsupported_profile_domain,0.009366699996462557,5,0.009282500002882443,0.009589999994204845,
77a62fda6e7575e14b0697765b23bc715518e7ffd3125ed3bd3d1d1a1e5136e8,h104,-2,unsupported_profile_domain,0.009330500004580244,5,0.00913849999778904,0.00970239999878686,
cc65868c931979b3a8d3cb03d844aebd8081e7e3cb58b08c5f32c5710f748c40,h104,2,unsupported_profile_domain,0.009279900004912633,5,0.009129399993980769,0.009839000005740672,
b6e64933f59f2bac113f8ff990c165549124b434e134a53e408f13f568882af8,h104,0,unsupported_profile_domain,0.008658099999593105,5,0.008528300000762101,0.009014999995997641,
a657da48888b51f2cc382bbfe40ba8bd68300b80bbd0e70057f84d0e9fc31fc4,h104,-1,unsupported_profile_domain,0.008669200004078448,5,0.008403799998632167,0.009066099999472499,
977f3f48272efc5251172bfa99ff5763d0302fa44a84132b05719d6e158cc096,h104,1,unsupported_profile_domain,0.00867399999697227,5,0.008595599996624514,0.008973399999376852,
b955c8103209dee08ae54cbb901c3be42784361208b327bb23f0bc69cb7e7ddf,h104,-2,unsupported_profile_domain,0.008439999997790437,5,0.008312300000397954,0.008949399998527952,
2ecef9a61edd934d22ce40005786194aa915ae8c7ec4c4138c7c4dd2999bb420,h104,2,unsupported_profile_domain,0.008614700003818143,5,0.008525100005499553,0.008923900000809226,
3d1d797f8c3855134266e03527110e2949adb91531717aa39beb606f9118d1f6,h104,0,unsupported_profile_domain,0.003675799998745788,5,0.003547799999068957,0.003924800003005657,
687d3ec89c0663965ac7fbb7e1e5ca5089845febcaa57e9f82453cc0dc9b67a4,h104,-1,unsupported_profile_domain,0.003377000000909902,5,0.003355199994985014,0.003580800002964679,
46025ca5216a963e342bfc6f838b2f7dd30ae74439f5995b322bb5f75b9a6dcf,h104,1,unsupported_profile_domain,0.00390999999945052,5,0.0038696999981766567,0.004015699996671174,
aa55ac7ff641d7dc882b1563a9f1f2a1e600db06baa5d76aae73e29ad51c44f8,h104,-2,unsupported_profile_domain,0.0036476000022958033,5,0.003403399998205714,0.0041268000059062615,
db7bb0145b1fb303ab9a9c16ee9e67193af701f5127531e848ad3ef8ec790ad9,h104,2,unsupported_profile_domain,0.004039999999804422,5,0.003896800000802614,0.0042175999988103285,
d526448a7f8a84a72fe1b043765713525656b2e98a955a5222c8cd87f3e284df,h104,0,unsupported_profile_domain,0.0012707999994745478,5,0.0012341999972704798,0.0013044000006630085,
31a0998084977d126dd3c8a90ec1d4ce1a0f58134fb2b7937f80196d02bc4eea,h104,-1,unsupported_profile_domain,0.0012818000031984411,5,0.0012559999959194101,0.0013259000043035485,
53edfcfa8f23c3e24716b02cbb8650c30c188bb1c38fa18dedca1c1a553d8919,h104,1,unsupported_profile_domain,0.001298700000916142,5,0.0012332000042079017,0.0015469999998458661,
6dbdeef2347409b1f9d02962e156387a629390496a2ae5bb0cdd96a843df6928,h104,-2,unsupported_profile_domain,0.0012691000010818243,5,0.0012315999993006699,0.0013337999989744276,
222f7f57a3cfdcf4c9fe8d260ba281ac781c25ce91b3fc52dc6fa80003eb5a7e,h104,2,unsupported_profile_domain,0.001346700002613943,5,0.0012609000041265972,0.0013844999994034879,
1459a09029915acc76e000596ca0283fcd641b02fc4ff44dd0c36584fbeaeca0,h104,0,unsupported_profile_domain,0.0012214000016683713,5,0.0012022000009892508,0.0013206000003265217,
14cd7c14bbece15770ebcf1c6ae5f9ebcbd7edcc228a8e1f3871533ad4b7e902,h104,-1,unsupported_profile_domain,0.0013256999955046922,5,0.0012337000007391907,0.0013615999996545725,
78f8c5d06d4700b571ed180ee019f2fd3cd14af0ad8bf70d8899eb2a9986ed19,h104,1,unsupported_profile_domain,0.0012244000026839785,5,0.001204400003189221,0.0013231999982963316,
3fbee9283c3f1464850c1d7f2738dd4b6e3dec536261da0f47cdfb96f1093d99,h104,-2,unsupported_profile_domain,0.001240099998540245,5,0.0012272999956621788,0.0012502999961725436,
2f5931c94d1d80c26f635340d84d9c36c24215ad409954872852ff1dc680adf9,h104,2,unsupported_profile_domain,0.0012768000015057623,5,0.0012416999961715192,0.0013655000002472661,
572a3ec8c3070979e392ba5400634ed3ec6da3d3968abc4ebeca1f54a60f53e5,h104,0,unsupported_profile_domain,0.0013096999973640777,5,0.0012298999936319888,0.001484699998400174,
13b1717206c9f17063b90480d77d4015ca1fa2565ad80e6636c2a04170d52efa,h104,-1,unsupported_profile_domain,0.0013951000000815839,5,0.0012459999998100102,0.0017520000037620775,
d26184dfef3bbce207bc6fc758ac089dfa70b410268af58cda948f95767e094c,h104,1,unsupported_profile_domain,0.001319599999987986,5,0.0012416000026860274,0.001370800004224293,
439c3992f0c3e7b24add349bfb5d9f8eded841ddfd8c2db440e5375fc0288c06,h104,-2,unsupported_profile_domain,0.001247600004717242,5,0.0012274999971850775,0.0013116999980411492,
86748fa80c8f7c8f221df037ea9b7e9fb326a47f30c803cabad2c0febdd2da04,h104,2,unsupported_profile_domain,0.00128009999752976,5,0.001247300002432894,0.001326800003880635,
b0e4aa72fec35c370a7e4ea1f07e6c349312f1466381297fa525ca7a8f470d39,h104,0,unsupported_profile_domain,0.0012656999970204197,5,0.0012394000004860573,0.001380999994580634,
a29b7f4c051d5c15f6df62f89bfb5f3d623b6383bec275f52818facf21df1c6e,h104,-1,unsupported_profile_domain,0.0012507999999797903,5,0.0012347000010777265,0.0014060999965295196,
c9f2a17f2133593b921a82fc86239ef95ae59dd9fbc50c314cb8c7c2c642ead5,h104,1,unsupported_profile_domain,0.001255000002856832,5,0.0012295999986235984,0.0014114000005065463,
f2a0b5d1d2ea77aaea365947de2d0a39bc9f85f069aab34a9a0fca36f4fccd94,h104,-2,unsupported_profile_domain,0.001276700000744313,5,0.001228699999046512,0.0013145999982953072,
6758175a74335281fe3baa78af97895260eff112db09d5df67506b2f6f5569fa,h104,2,unsupported_profile_domain,0.0012733999974443577,5,0.0012273000029381365,0.0015604000000166707,
5922a071e114ff07bb2dee08490cc709eced3b58a87ddfbb99a50c2ded426cce,h104,0,unsupported_profile_domain,0.001242699996510055,5,0.0012368000025162473,0.0014874999978928827,
65ea3571d6077ec55977f6351b0610b745d4e3595c3d2e32405a36aa4863657e,h104,-1,unsupported_profile_domain,0.001243499995325692,5,0.0012292000028537586,0.0012790999971912242,
c6e59dcaa0f8f9e7780ec4541d1ebf49a87e98d2a914a03b2ba277364055c11b,h104,1,unsupported_profile_domain,0.0013239999971119687,5,0.0013005000000703149,0.0017799999986891635,
e14004710175271199cec8be19234431cc89254de6cdc480e56a93c353bd5bef,h104,-2,unsupported_profile_domain,0.001299199997447431,5,0.0012303000039537437,0.0014568000042345375,
72cf7367560a04d104e9e4c958b46a7065ea6bff82759f26c44732f41fc7ed33,h104,2,unsupported_profile_domain,0.0012863000010838732,5,0.0011801000000559725,0.0013715000022784807,
fa7a247e1f391ff866760162792f0fb07c3bd25a9512492a7753b7cbe5bf89ac,h104,0,unsupported_profile_domain,0.0012747999935527332,5,0.0012159000034444034,0.0013918000040575862,
89ee83458f83fef9b29db4c34c14a9f1ee967071bf20ff9a7fb0b3b900b74022,h104,-1,unsupported_profile_domain,0.001302700002270285,5,0.0012452000009943731,0.0016101000001071952,
e1689102bf88f03d0f6eba00b2d744ef60623e042259ecf16a73ceab6fcc5041,h104,1,unsupported_profile_domain,0.0012447999979485758,5,0.0012287999998079613,0.001314100001764018,
3450057a1803119805cb9b7a30058a89e9a9e93658ac92d1fd3167b2af59f388,h104,-2,unsupported_profile_domain,0.0012798000025213696,5,0.0012156000011600554,0.0012986000001546927,
3196a25f633feb4542e0e01a83e7f14f505dc324ac08e2095a1fe9ba974f5860,h104,2,unsupported_profile_domain,0.0012483000027714297,5,0.001228399996762164,0.001324099997873418,
26344b2f9acc5e70ad84dee670d0f639138b905f4a2e57b01fa2b88c43baa92a,h104,0,unsupported_profile_domain,0.0012731000024359673,5,0.0012281000017537735,0.0014878000001772307,
a43b65631340ba40cb78e1d374f87674b685157a65d784bf3521735cc9848953,h104,-1,unsupported_profile_domain,0.0012927999996463768,5,0.0012390999982017092,0.0013460000045597553,
6bf2d3f296f8bc2aa6ae888be8e969f8688554af225e3e4bddfed9db25160fbe,h104,1,unsupported_profile_domain,0.0013005000000703149,5,0.001237500000570435,0.0013404999990598299,
df7bf73ad3f69443e67d297af5f3fd0e7d290601563396546151cd5fb5165e1d,h104,-2,unsupported_profile_domain,0.0013451999984681606,5,0.0012541000032797456,0.0014465999993262812,
e056b0159e1293e875e4aad1cd5cf618861c2eea5faf154cf6653267eed789f6,h104,2,unsupported_profile_domain,0.0013058000040473416,5,0.0012265000041224994,0.0013873999996576458,
d9c98a5f92471414cd03c351f1edc03d0133c0c529801428a010ecea19e05bc7,h104,0,unsupported_profile_domain,0.0013270999988890253,5,0.0012578000023495406,0.0013996999987284653,
30b5fef620fca1247d6573bd57324f4b35ec8a583df0552d183457ec3e54035c,h104,-1,unsupported_profile_domain,0.0013138000067556277,5,0.0012992999982088804,0.0013258999970275909,
bd7bf12a707c2bafbba9415964078a77e0e3638337fe9f344a075a48d731e04d,h104,1,unsupported_profile_domain,0.001256999996257946,5,0.0012395000012475066,0.0015115999995032325,
098c86da741725b92c46feeae79265d304617657501388b88955abe0da7dca65,h104,-2,unsupported_profile_domain,0.0012648999982047826,5,0.0012277999994694255,0.00129489999380894,
ecd5757cb5d000d88d8f4120877362077d548685fafe1dc5e1b2fec1d9233c8c,h104,2,unsupported_profile_domain,0.0012243000019225292,5,0.001202999999804888,0.0014924999995855615,
5571df3c7a29842efcce5c74db2f9be77d40a25e7fe6cabaf588ae114a16129b,h104,0,unsupported_profile_domain,0.0013431999977910891,5,0.0012660000065807253,0.0017290000032517128,
207783812a41e8baed94f3c162adbb5a2daaeb35f619b0b8bbf75a0a04310019,h104,-1,unsupported_profile_domain,0.0013008000023546629,5,0.0012274999971850775,0.0013334999966900796,
a75adbee9dda81c1d2e414a665414dfa0f960128a0c57f046406bd01f4806a84,h104,1,unsupported_profile_domain,0.0012369000032776967,5,0.001218400000652764,0.0012599000037880614,
15e09cb302beb5b9aea745bf76a8bbc12a44edd81a4596400e7792b0af388ba0,h104,-2,unsupported_profile_domain,0.0012678999992203899,5,0.001204400003189221,0.0012825999947381206,
4d78516db552e91ebc0a5ba89c56f793484d33c4c98f25c3492e0fb7d1904e40,h104,2,unsupported_profile_domain,0.0012864999953308143,5,0.0012019999994663522,0.0013853999989805743,
4a757806fbdf50ee8fbb731b7ca7c777efa4892fbc579ee5076122a9f38953cd,h104,0,unsupported_profile_domain,0.0012626000025193207,5,0.001211199996760115,0.0013016000011703,
1451385952560d2c3270a43a909d615d1ed0b7c0ec03907ead93e6eeceef9a0c,h104,-1,unsupported_profile_domain,0.0012284000040381216,5,0.0012044999966747127,0.001437300001271069,
5b82bf187b6b89494b1aeb97aea4964ed4fc0f550bbf75d2ea8a113407ac6265,h104,1,unsupported_profile_domain,0.0012377000020933338,5,0.0012003000010736287,0.0012923999966005795,
be6219cc8635a2b93403c257b216e5b4da2516af54daa134cd59ff39d6be5249,h104,-2,unsupported_profile_domain,0.0012526999998954125,5,0.0012219999989611097,0.0013010000038775615,
d36e5bfa2baf5c9bb41da923de8c6bc3f9081cef96ece22d32ef1f5bf0209abb,h104,2,unsupported_profile_domain,0.0012608000033651479,5,0.0012280000009923242,0.001310400002694223,
1f755cd2117b238f09aaa0461716961a7c552fbef1c289299e8529e36d900271,h104,0,unsupported_profile_domain,0.0012444999956642278,5,0.0012223000012454577,0.0013963000019430183,
c3e54788ec5bbfd98436ac6609d9bd41b79ba7c8b73200933f7f4c3c83fb8d85,h104,-1,unsupported_profile_domain,0.0012761000034515746,5,0.0012271000014152378,0.0013371999957598746,
78a8580d2c91f33ffdef00a8b7be280fd34835484b91e261d8d94b0386853d5f,h104,1,unsupported_profile_domain,0.0012407999965944327,5,0.0012319999950705096,0.001305300000240095,
d50baa1c69e261968964be13fc29a95bc33e8698660376d122bc404b22cfd17b,h104,-2,unsupported_profile_domain,0.0012743000042974018,5,0.0012557000009110197,0.001309499995841179,
ee32b6f43fe2677f5926bd5f7d83632a87e846ee6a4e1493242fe47ec9997265,h104,2,unsupported_profile_domain,0.0012748000008286908,5,0.001225300002261065,0.0013700999988941476,
bb03c324399033db2319f0c91f05356bbed8bc9e55ee9d5b6088a243df5aa046,h104,0,unsupported_profile_domain,0.0013729999991483055,5,0.0012798999960068613,0.0016648000018903986,
ea16be439adcb924b6f7e7a0146e9d5cb40b1dd25e1a36d99f621a346dd901d5,h104,-1,unsupported_profile_domain,0.0012973000048077665,5,0.001228699999046512,0.0013985000041429885,
84a1c04cfdf3a6381b638f18d10ec72c580853816af09ba6f6adab7dfe9dbf92,h104,1,unsupported_profile_domain,0.0012504999976954423,5,0.0011669000014080666,0.0013378000003285706,
05fbb8a5269273420074c6c37e0e6b10c98943dc3d96ca3384cba65ddb1f6915,h104,-2,unsupported_profile_domain,0.0012537000002339482,5,0.0011984999946434982,0.0015928000066196546,
576031f05227e5cb17debe98d68d765ef4c91e7a56d15debb31c5b82aa17fb8d,h104,2,unsupported_profile_domain,0.0013069000051473267,5,0.0012135999932070263,0.0013825999994878657,
25ef55ed629cdcac56ce1c4bbf14526a427df416f2168c470a93b22e9cd90bad,h104,0,unsupported_profile_domain,0.0013257000027806498,5,0.0012226000035298057,0.0014273999986471608,
b7b790d69e0e9ebf4498871edee4c6eb1a5c2955805cf4c04ebe5158eb392630,h104,-1,unsupported_profile_domain,0.0012970999960089102,5,0.0012248999992152676,0.0014036000065971166,
cb8c922e2746b78ac3225df17a09e6e7f97fad1495b5dbc41c387846dd943d94,h104,1,unsupported_profile_domain,0.0012652000004891306,5,0.001222099999722559,0.0017096000010496937,
07341e33ea1b69a49121805fd6f97457a3193425ac3b2fd60e074fd4b9a53963,h104,-2,unsupported_profile_domain,0.001308800005062949,5,0.0011987000034423545,0.001341600000159815,
5aabb302d21960b98eb6deda4011278d2c75d7a27351a438f24f9a792d4bf190,h104,2,unsupported_profile_domain,0.0012289000005694106,5,0.0012017999979434535,0.0012542999975266866,
fb56601bd398ea76a8c7cd74bb649a68f5b929edf35524f3b73cf7755b3477b7,h104,0,unsupported_profile_domain,0.0012962000037077814,5,0.0012625000017578714,0.0015402999997604638,
f4ba382a72cc9a514c894efeff0caba8854f70deae6bf249b3f2a45a5eb50fc9,h104,-1,unsupported_profile_domain,0.0013183999981265515,5,0.0011980000053881668,0.0013405999998212792,
9a5b155dae793001f94d1407fd21620b8d3dbabeba5de7c9678238705a5db526,h104,1,unsupported_profile_domain,0.0012382999993860722,5,0.0012061999950674362,0.001312200001848396,
a7af3e2ef7a3400fecd60da256961d59fc25bdba051576df2199d6fcab8c28d5,h104,-2,unsupported_profile_domain,0.001331300001766067,5,0.0013151000021025538,0.0015762999973958358,
bf0f75860556cef7089ff1d599f5368b03b080e876255ab3c229a3da681f515e,h104,2,unsupported_profile_domain,0.0013182000038796104,5,0.001247499996679835,0.0015187000026344322,
3704f23a39b1c61cb93b2fc2a5f8f1c4bd3f9f4ec56f057668b1fabb7e084f87,h104,0,unsupported_profile_domain,0.0012952000033692457,5,0.0012413999938871711,0.0013831999967806041,
5d03b8d79484b37d76a9f6d9c724da04627543de6bc93651033ce1742f28f16c,h104,-1,unsupported_profile_domain,0.0012451000002329238,5,0.0012122999978601001,0.0012684000030276366,
e9c8fe056e3cdfbdbe208300bf0315a362e86ea029bfb6cb48f80a5d87f4ded7,h104,1,unsupported_profile_domain,0.0013015000004088506,5,0.0012011999933747575,0.0014429000002564862,
06dd7ebf73637ab5fb5060d8d3e7c4119005f7caf6b7ab6a603a99147052262b,h104,-2,unsupported_profile_domain,0.001281500000914093,5,0.001222599996253848,0.0013439999966067262,
bb48f1570fb3305ef80cc5514f0b34ed8d5376a8bd261c0360496f57f6f0e37b,h104,2,unsupported_profile_domain,0.00124639999557985,5,0.001224999999976717,0.0016554999965592287,
1a35d0c5ce58288a66cfa5b19a7ca0a1af1bfaf3ed8738ff58a2ce3937a07307,h104,0,unsupported_profile_domain,0.0012409999981173314,5,0.0012268000064068474,0.0014905999996699393,
3d5dad3da9f27784af9d8e924850ea1b912e98e17e8ad0da9f4b9eb201c28a10,h104,-1,unsupported_profile_domain,0.001339199996436946,5,0.0012554000059026293,0.0014698000013595447,
56518b98213ca49f18005f51b393cdeec9d60fd42e6ed73caed264bd97e8e2be,h104,1,unsupported_profile_domain,0.001331900006334763,5,0.0012342999980319291,0.0013977999988128431,
9a63dcf99aae8f0b99672980b9297139339e90abf4497fae614b12af74af68f9,h104,-2,unsupported_profile_domain,0.0012777000010828488,5,0.0012266999983694404,0.0013314000025275163,
9e79c5010c0a556e709c050f2ea1936c1733e6089a174c3cff4637a334e419da,h104,2,unsupported_profile_domain,0.0012465999971027486,5,0.0012363000059849583,0.0014390999931492843,
f82449f776d2261b22b1a3c9557aada6e20734f697e923f8e446bad03f8d03a4,h104,0,unsupported_profile_domain,0.001295000001846347,5,0.0012428999980329536,0.0013223999994806945,
fce5a47d5b8a6460e5aa97d1a96e9c3c8f40ccdd17bfba9d84c375fee576937e,h104,-1,unsupported_profile_domain,0.0012817999959224835,5,0.0012596000015037134,0.0013352000023587607,
459759e6c8d44b80ddb4d31ff0fccdeac376d5d3f84b632875a55f194ffd6bd0,h104,1,unsupported_profile_domain,0.0012621999994735233,5,0.0012207000036141835,0.0014360999994096346,
148e09cbd58a2d067a34d0379e9014e829e4d116a38d7068aa2727873cd85d64,h104,-2,unsupported_profile_domain,0.0012722999963443726,5,0.0012406000023474917,0.0012978000013390556,
df5f5125a184d9b522c192587140d9f97ee6dd869a2f3ab2f45203063190911a,h104,2,unsupported_profile_domain,0.001331799998297356,5,0.001290399995923508,0.0015495000043301843,
8bb4cc178ccd91ea81b860b9353479ef07083b8a15bc7f53f9115f231bbfa9be,h104,0,unsupported_profile_domain,0.0012874000021838583,5,0.0012333999984548427,0.0013156999993952923,
0536beddf5f219fa0dc275622547ba0521e9d3f9cc1b9bf6d1c1cb91536f5821,h104,-1,unsupported_profile_domain,0.0012688999995589256,5,0.0012361999979475513,0.0015422000069520436,
7169f84afbb4dbd1622893227221e3f3dc07f69b60faf7f7a2f0af88ed043be8,h104,1,unsupported_profile_domain,0.0012893999955849722,5,0.0012195999952382408,0.0013366999992285855,
599d25e1fdb4809a9a4d894d99d0781163067e6960d05ea010179f22f19c7b35,h104,-2,unsupported_profile_domain,0.0013226000010035932,5,0.001255199997103773,0.0013535999969462864,
8e5e5605c3c77967aa050029f19316d24fea24a958a7718167ca372373214676,h104,2,unsupported_profile_domain,0.001281199998629745,5,0.0012688999995589256,0.0013999999937368557,
6913d9563feedcac0488e9f7d2eecbe11604316795d3405dbfcf995d8d3dcdeb,h104,0,unsupported_profile_domain,0.0012621999994735233,5,0.0012483000027714297,0.0013837000005878508,
b6745c9aa540e9da1fb22c71e702d647e6f49f93c586c4dfdf32869a28805552,h104,-1,unsupported_profile_domain,0.0012604000003193505,5,0.0012344999995548278,0.0013436000008368865,
1901f87505835fdda1ad721a5521beae5fe718024ffcd35c22510656c7d7c418,h104,1,unsupported_profile_domain,0.0012519000010797754,5,0.0012341999972704798,0.001304699995671399,
ad923203500e665920ae3897c1552d37da00f5bc5f3de1df836b2b8873584fa7,h104,-2,unsupported_profile_domain,0.001261600002180785,5,0.0012472999951569363,0.0014005999983055517,
a3853072123f78498756910374ea9bd5528b1d63bf9837dad92e9628f3104df7,h104,2,unsupported_profile_domain,0.0012585000004037283,5,0.0012304999982006848,0.001277000003028661,
9d679045526b94c67fec05dedb7621fedf90a1aa88dd78c8f0444c0bd9e324de,h104,0,unsupported_profile_domain,0.0013811000026180409,5,0.0012715999982901849,0.0014947000017855316,
97808ea1b0d01b24e65d3c40350496662ab3844fe745241a7f9407079c51fa97,h104,-1,unsupported_profile_domain,0.0012981999971088953,5,0.0012566000004881062,0.0015255000034812838,
1a55ff574afa694d3d3fac053bf4ac2162652969fda37f9de09381344e60c298,h104,1,unsupported_profile_domain,0.0013104999961797148,5,0.001233000002685003,0.0013380000018514693,
4ec5c5cf783b431119bc033a5b322716b760c2c8edc7a5e1481151f1fbe56c54,h104,-2,unsupported_profile_domain,0.0012856000030296855,5,0.0012196000025141984,0.002131499997631181,
f4f31428ac38a4aec186137c9f3bf489024b008491060932c0808342ea8167c8,h104,2,unsupported_profile_domain,0.001242999998794403,5,0.0012212000001454726,0.001333899999735877,
fcdb09306c31314b1e52e29ac50abf3823b25c6711e3175e9745aa2c9d049e9e,h105,0,complete,0.012730299997201655,5,0.012327899996307679,0.01304800000070827,
29230c6eb694df73e14a7d86a43377edfa646e9b8dcc754c886118fa1fb62c89,h105,-1,complete,0.013240000000223517,5,0.01278910000110045,0.013410400002612732,
1831474ff32ea1fa1424348aff97cdc3c14e0bf7f87dbf3b25445356ab352277,h105,1,complete,0.01271880000422243,5,0.012347700001555495,0.013596500000858214,
e209787baa7a7fb85b68de8a2a852f9bf444c8b730ea02ca1786e75e35dbd967,h105,-2,complete,0.01291289999790024,5,0.012777899995853659,0.013148000005458016,
8e9dab2916d10a09a171ad80ddb95f9fe90254ec0b8702d139ae5e344ef86696,h105,2,complete,0.012971699994523078,5,0.012809399995603599,0.013162999995984137,
0d7ae4681dcb0a9aa26971ce1728d6da1768abf9dd0f717a997dfc575c3d990e,h105,0,complete,0.012853000000177417,5,0.012622800000826828,0.013251999997009989,
bd09f173365df6b3fb41ff024aedc5208633a2cc1fa75733058f5b765a69cca9,h105,-1,complete,0.012894600004074164,5,0.012657100000069477,0.013508500000170898,
21e5c4637fc17eb63a1058c6a7dbc30a0f7c07a46c97b553fe3a49b609e49807,h105,1,complete,0.012924100003147032,5,0.012626600000658073,0.01378120000299532,
6bcc9057d1a502e7296ea62d952982347890f182f119dd53cbadf5cc764a4a1f,h105,-2,complete,0.013105600002745632,5,0.012375199999951292,0.013396499998634681,
dfcc12f808a729e182bf095d39c7f58de5383bb77e0284d85e0df9c0ca32c4ad,h105,2,complete,0.012938699997903313,5,0.012784999998984858,0.013826499998685904,
d456199022a2512cd6a5fd632e4ea9874328b466a3093595ed461dbd7adceae7,h105,0,complete,0.01322000000072876,5,0.012971500000276137,0.013511999997717794,
ce2d4d8d88bb2831f353ed9275ae68bb3892fa738285774e919c13ee987962fe,h105,-1,complete,0.0128714000020409,5,0.01267030000599334,0.013285700006235857,
e47507ad29e1d3650ac64c537f66a79538785cbd6b7cd47c45d46484a1a5b1ec,h105,1,complete,0.013046100000792649,5,0.012679600004048552,0.013949499996670056,
5967735d1b0a890d36008f62ebb260df40f333c0a5957f5ef2abeaa69640b4bc,h105,-2,complete,0.013150200000382029,5,0.012610099998710211,0.014300100003310945,
29de260bd7007e7cee64143ad028eb45b9caca60c1b51b337adc9e91dd7fbc20,h105,2,complete,0.013107099999615457,5,0.012832300002628472,0.01367509999545291,
24c4f732afa6bec5cf227b61f04efb542eb2c2d52c7400bfcd12704a3a024875,h105,0,complete,0.012467499997001141,5,0.012227400002302602,0.013301899998623412,
771bd4d0200d3a584d5ee9687f1a948934d8c77753d88d314a117f680aa09ead,h105,-1,complete,0.012904199997137766,5,0.0127892000018619,0.013116600006469525,
b09a3489d205d10abcaec025a0d5aa8805e3a16f5b31586980f10a3b04d42283,h105,1,complete,0.013231699995230883,5,0.013003400003071874,0.013351599998713937,
47cb117def532d50472d7c68694debd183df214ebff127181b161e6aea1a4549,h105,-2,complete,0.012751899994327687,5,0.012570699997013435,0.013369300002523232,
4e0877d9a2b3336253dbc611c35d7a85e4b61d95df01708735b6490b49d370e9,h105,2,complete,0.01318889999674866,5,0.01268809999601217,0.013224300004367251,
c0932a94def48551b03dc3dbfff484f65b9dd8990d07a987de0d5e3d1df6e4f5,h105,0,complete,0.013211199999204837,5,0.012493700000050012,0.014378100000612903,
7322fcfd2b347b6b9a4e0843a6cdf3c4b0a4a212c4c70aaa2c252e530862375a,h105,-1,complete,0.013004099993850105,5,0.012795499998901505,0.013434300002700184,
80d9b18e8317b0d796406422134129ccf5fce1a8c5f4146045e4b9ca7465d17c,h105,1,complete,0.013068400003248826,5,0.012875899999926332,0.014021399998455308,
701e5b1a951f39c8adf20730d1a46c9e80a122e12433ca18cf30bbc890f4a16c,h105,-2,complete,0.01300949999858858,5,0.012692700001935009,0.013134100001479965,
ac1b48dcdc224c36d40309ed12b1e29ce7d23ced21e0d109567eca6c9d29194f,h105,2,complete,0.013195399995311163,5,0.01275549999991199,0.013444899996102322,
b858d8f92e16b480c45aa43b691b5fb89f2df5916f0ddbc9d402596b096f54b2,h105,0,complete,0.013100500000291504,5,0.012684799999988172,0.01339670000015758,
6473d60aec7d8d8ea900a3a20025ae841db3050aa72ae2c4c4db28e60d3c867d,h105,-1,complete,0.01308209999842802,5,0.01271180000185268,0.013420199997199234,
c2443a61f09385cbbcd9e3eb6cb7e6421b9db0bdb34f23fd25f714801973cdfc,h105,1,complete,0.012763200000335928,5,0.012548099999548867,0.0130046999984188,
7641139c4395c55d130680c045d00fbf5ad15972cdeb6ec6c1c226f5d31f1728,h105,-2,complete,0.01291490000585327,5,0.012606600001163315,0.013248200004454702,
2ac93ce3c8260515f2368e8950ac2150746b4d44cc40916481e06f6b45b07474,h105,2,complete,0.0130529000016395,5,0.01282799999898998,0.013791999997920357,
d95ad9ba0e49c26884b43ce8d930d274bf868da294d6799c56a89e96dd79bc38,h105,0,complete,0.012896600004751235,5,0.012598799999977928,0.013930599998275284,
529945b1e5c28be397ddac7fd013cfe56a62289da443d85d2984c9d314fb2974,h105,-1,complete,0.012633999998797663,5,0.012252300002728589,0.013431599996692967,
75325c59132468d618f3f81036024f215c3fcf8bf71b403076e02ea27a2d90a5,h105,1,complete,0.01275760000135051,5,0.012539399998786394,0.013281399995321408,
17544f9c3a753915dcee27513b4e8429542b435ee7ca9d5a26cc003b9e920b0b,h105,-2,complete,0.013135799999872688,5,0.012879699999757577,0.013345300001674332,
bdaf1963c13da14111e6b29caf2f41287f678bfe1609de46df66228128f176d5,h105,2,complete,0.013365000006160699,5,0.013096000002406072,0.013811400000122376,
f05c731e71b036b160a0f29004d8fa440616b424bc321a9172eb85fed68ce094,h105,0,complete,0.013250800002424512,5,0.012481999998271931,0.013324899999133777,
7ef2fa8c5e683d744ec4c27ee1d2b77f014993967e47f15e4c3ff0a6a0b3e90c,h105,-1,complete,0.0131522000010591,5,0.012743799998133909,0.013706999998248648,
1adefdc1524c50ceadc8f5ddd6e2153c7f6761b2dfa9557f5fb66d5398337b07,h105,1,complete,0.012756099997204728,5,0.012517900002421811,0.013218000000051688,
93588f04d123b6ee63d8b2fa528dd8fc87c770097468876e8e165a4fff184391,h105,-2,complete,0.013049400004092604,5,0.012957899998582434,0.013293299998622388,
bc4cc253ab1ece8d08097a00db9b47f40a8f13628fdb5e70338cb8fe261a7a41,h105,2,complete,0.012886300006357487,5,0.012744999999995343,0.013255000005301554,
f5e2d5db549b8b59c6746c49ee41e7d16bf0f1b2901c93ea8ab827f00d4a2814,h105,0,complete,0.012895800005935598,5,0.012819000003219116,0.01300259999698028,
91e15e9130ea375b6f0d905ef04c5d572af9538a19016632740a007639b38308,h105,-1,complete,0.0128545000043232,5,0.012566799996420741,0.013053400005446747,
01edb253f90905b0a15a1cf86a0d029f83d16506e9713aba829175f2a4b52006,h105,1,complete,0.013128999999025837,5,0.01280850000330247,0.01345660000515636,
1aa3e17804dead506fc71c0550357e74f752851804cf12d8085332f4f1272acc,h105,-2,complete,0.012795299997378606,5,0.012708700000075623,0.013148600002750754,
45924408e42fed1d7ff26184eacc7fe411e1c3cc7526f25a39f98ec5a95d8020,h105,2,complete,0.01315690000046743,5,0.013032599999860395,0.013191400001232978,
5f1e18c2c9750da539274dd840e0f58a75319ec51baa8d60d40211feb6ec7be3,h105,0,complete,0.012805599995772354,5,0.012469200002669822,0.013182399998186156,
724f4b460d8150715b768a39d5f03f89f6c56ece8a80cda9bddcc6ca4575312a,h105,-1,complete,0.012921800000185613,5,0.012798299998394214,0.013575099997979123,
751a55cd604d394b83aebc3c1133f58233b16fbead32321da9b3f1c164ee9784,h105,1,complete,0.013208799995481968,5,0.012862499999755528,0.013335100004042033,
9b9665e45c0d726fda233cff5f594d69bbf26a40b584af97e4dced0c8dcdfbe4,h105,-2,complete,0.01304119999986142,5,0.012626800002180971,0.013121500000124797,
f69a95d1c4d14c9333cc91829c6ba53cf4ba9687bf9e508b1f321b599ad33c95,h105,2,complete,0.012960699998075143,5,0.012591899998369627,0.013158999994629994,
0dafc658a8c7082a55f722dd85423b0de9e47664483f3e9ebc0304ae6e27c03c,h105,0,complete,0.013081600001896732,5,0.01267080000252463,0.013524799993319903,
479402f02bec92b780a19065e2e2165242b142d59ea89e32e2fb30b8af17d9e1,h105,-1,complete,0.013033199997153133,5,0.01292950000060955,0.013439800000924151,
1534d54bd7961e045c8d54e8c3c3324c8f7bf587be0b13dd1bb802e9461c4b2e,h105,1,complete,0.013267900001665112,5,0.012812900000426453,0.013394799992966,
6a314248a197c4d6ff2974a87cd2e20ce9852ebee783ca901b776c6ba43ea872,h105,-2,complete,0.013082400000712369,5,0.012918100001115818,0.013365800004976336,
0fba0fac271624d2eb99691a0dde0372cf750cfb06295ae94142abc9bd7e9f54,h105,2,complete,0.013039599994954187,5,0.012632799996936228,0.01324659999954747,
52b8bceba8b04f4d43e6a9843f41bca41cd19d5b748f15954010427e8eb0d2dd,h105,0,complete,0.013593399999081157,5,0.01330700000107754,0.013817599996400531,
b880af514f99f64754e025068b67d760c93c70f35d62330047079fa57f66a325,h105,-1,complete,0.013193900005717296,5,0.012748900000588037,0.014617300003010314,
87a2acea0be7a0a497b27567e70d6cacd2465e01500ab3668c15a63bfc96f13b,h105,1,complete,0.013696100002562162,5,0.01341080000565853,0.014026799995917827,
575de814d3b82a572d893e210b1598f9c3d7eadb705c2066cd2b972cec1d78d0,h105,-2,complete,0.012891899998066947,5,0.012668600000324659,0.013183299997763243,
9bc41ee9337bc3451f4277ab4f9745cd4a954778d2738f1ab53f04ac6f835dff,h105,2,complete,0.013515600003302097,5,0.01337259999854723,0.013836300000548363,
34fa17b774a864026fa302a9ff4768a28475597402d357db471b37644e6e13f4,h105,0,complete,0.01339929999812739,5,0.013223499998275656,0.013834800003678538,
52c5da798e0faf9dc9ee27e12934204946a37ddce989f4ffc34693c2206bb16a,h105,-1,complete,0.013013399999181274,5,0.012932800003909506,0.013242100001662038,
282762f821c9d513a08b9e0a4afebb548b8e212911def58968a2f182e3f21ef2,h105,1,complete,0.013157400004274677,5,0.013073100002657156,0.013404100005573127,
f368809ad8716c42125d2ec690f6d2c3a3c0e09901ed3d7e7191bf181d9cf813,h105,-2,complete,0.012984799999685492,5,0.012600000001839362,0.013274699995236006,
8de6a09309d87fc705a2e717e7537473183ed8c244859e3ab475c55ed3b674ea,h105,2,complete,0.01301880000391975,5,0.012774499999068212,0.013886500004446134,
9f086d6cc64cd748d05cbe57e3f57ccfc99eac165ac06d56018f57959a0c919e,h105,0,complete,0.013158200003090315,5,0.012991299998247996,0.013794799997413065,
d59fac8fc8898f92b70d5580725181312bade61c939ec2623be15e9e7113fb91,h105,-1,complete,0.013109599996823817,5,0.012890199999674223,0.013516799997887574,
8d5d67434e88573c1c0c862413e2df90f35e0915fce085a47c3cb0d3a55cdb15,h105,1,complete,0.013156499997421633,5,0.012736799995764159,0.013354800001252443,
a078228f0fe45ce476a7bbe771ac860d0c5075bea13ae201c57c099f2d14d88d,h105,-2,complete,0.012780400000337977,5,0.012642400004551746,0.013212199999543373,
8c08551930425e33a071d4cfd95fb260e1e58e31427d5b100938bbf995bf7dca,h105,2,complete,0.012918399996124208,5,0.012627600000996608,0.013451200000417884,
4bb7fd44b4dc3d949ac7703bf8c74d27ad8e85689a4e4d33a4c2411bd1783a81,h105,0,complete,0.01326889999472769,5,0.012855900000431575,0.01376479999453295,
9c9a241a216ab1124393b2da1c55cfa253b79f6f8325f06cf900c661f5516f93,h105,-1,complete,0.013532800003304146,5,0.012660699998377822,0.013730700004089158,
f71997f25e8f6089cd358225c14ae4ff66eafdd524adcb394400268acc81c957,h105,1,complete,0.013463200004480314,5,0.013253500001155771,0.013620599995192606,
4fbd0c5940dc447f3d5624fab907f528c9b286a77c0bb26bbb455cb163281a76,h105,-2,complete,0.012936699997226242,5,0.01254999999946449,0.01354189999983646,
cb5f14afe65be5a887a9db85e0c941f5f28bbe465137d4a5ba537983c69b9dfa,h105,2,complete,0.013733599997067358,5,0.013485199997376185,0.014081900000746828,
f9665f7c0a997e8087c9f3288c647de2b4f149d95876ff3d43acae41df3ff1e1,h105,0,complete,0.013949899999715853,5,0.013636899995617568,0.01424589999805903,
c1bfae2ed8735fae68ae4f78a45050f44460eeb710554127723e941aeb2963e2,h105,-1,complete,0.013852999996743165,5,0.013604900006612297,0.014670800002932083,
27187e126cc6e96cca75b4e691e716fbee130b103f1e0799807a03f7f3234ae3,h105,1,complete,0.014116300000750925,5,0.013816400001815055,0.014497800002573058,
8d8bd6893e2194b66cb9985e98722e5f0445c0d3ddb25cb62a346148a635aae8,h105,-2,complete,0.01383489999716403,5,0.013760100002400577,0.01412960000016028,
8b3824217aaa2a1f92ae565c6a3bd5405de6c558a0bab3da9ed709a744e09bbf,h105,2,complete,0.013951499997347128,5,0.01378070000646403,0.014403799999854527,
92e365ff4f9ed94fcd2333509f67ad00d8a976abd3fa5e346d64930508d1fc4f,h105,0,complete,0.013975699999718927,5,0.013864900000044145,0.01401110000006156,
820e0b17299e5d100e3c2d4d031ae35eea4bcd50f7bae9b25c1629184eca77b7,h105,-1,complete,0.01405930000328226,5,0.013759000001300592,0.01424599999882048,
7f4ac320ac01609564961100b2f4e963ef71f1fa3e29d8e93651335544fdf4c1,h105,1,complete,0.013926899999205489,5,0.013550600000598934,0.014028799996594898,
20745e7cf673e17fc306a38803c7d7ed5b726f7ff49637f37a5a64960cdffbb7,h105,-2,complete,0.013949799998954404,5,0.013824300003761891,0.014218100004654843,
838b480966e9be7fc4d5e1f7ae2250cdba975c7430fc87e9719f898d88201d2d,h105,2,complete,0.014079200002015568,5,0.013732799998251721,0.01438639999832958,
56831de405b827115f79e012537246a89f495513f39ba4a60128b23fc2466c41,h105,0,complete,0.014299700000265148,5,0.01389779999590246,0.015872800002398435,
1f576fba20f9b9b3fc6475451b1310b090adf9d7774d7fe819326e307741d368,h105,-1,complete,0.014618100001825951,5,0.014213500006007962,0.014995099998486694,
5729e731e80393bf3d34f68a2b67f5caa498d2fcc9605b5d7045cd12d41ed1f6,h105,1,complete,0.014586199999030214,5,0.014395400001376402,0.014959499996621162,
057c978a8ef330909ca04492f992b6b5dc37c12f00b14d2ff1f87284ecc7f74b,h105,-2,complete,0.014152099996863399,5,0.014074300001084339,0.014629999997850973,
ba1dffe8cd09ca68231baf9d7c7eec4fda1a2e55d1e6b538c564bf9e0c76c210,h105,2,complete,0.014271700005338062,5,0.014013599997269921,0.014975800004322082,
f5307a6d2ea753f59976f9a4a1b406efacd23ee2d27be76878eb29f11631f3a0,h105,0,complete,0.014756999997189268,5,0.014263700002629776,0.014916599997377489,
023b4f304f98a8430054234b33e539ec5ec0a43308f929575d9cbcfc426fe1d4,h105,-1,complete,0.01458219999767607,5,0.014220500001101755,0.015051100002892781,
e6256b3c12314535940ab1391fd743b98dcd352490578bd9231c7c187d328ad6,h105,1,complete,0.01455540000461042,5,0.014400999993085861,0.014798000003793277,
a36369dad55beeb1ccb7011fd423ea48f8f18e93d6d1437eb3c770f6d9daf98b,h105,-2,complete,0.014470699999947101,5,0.014108399998804089,0.014650599994638469,
62f541ef7e225e5d5c731c041237f5eef6b7cb1dde495832dd7f4cddc4dfe691,h105,2,complete,0.014900699999998324,5,0.014435000004596077,0.01564679999864893,
2f61280f0bbe9c9ae05a9d134316939f18a5b361751fd3e9083cafcc8a5547a8,h105,0,complete,0.015125400001124945,5,0.014714299999468494,0.015427099999214988,
5d948cfa559cc7b5f4eedf8a13001c94fa78ed0d450572d4acf0eb7bcdd5a404,h105,-1,complete,0.014862099997117184,5,0.014637999993283302,0.015460199996596202,
1545a2cf4e1c5b4f67a64554e85e66fca44704763c7a4b9570bcfd49664937d8,h105,1,complete,0.015380299999378622,5,0.015041699996800162,0.015620600002876017,
30cfeff5149136e04fd1565b1970aa0e8bc7ae81c417601ae12bda00fba1fa78,h105,-2,complete,0.01504690000001574,5,0.014561999996658415,0.015263799999956973,
b62058be7dce46138d5cdba89512d074a5de0372955da111f9a9802eb5886ab3,h105,2,complete,0.015524000002187677,5,0.015017199999419972,0.015906799999356735,
ba927fa3b12d2cf8a91357e06add90840189fd215387a2ce57db4e216d88672e,h105,0,complete,0.01578989999688929,5,0.015657899995858315,0.016625399999611545,
c3b02f0f27f0c4d551110bef313e65d60caf2d02c3b4c10adcc61741ddcc8a4a,h105,-1,complete,0.015502299997024238,5,0.01522829999885289,0.016224300001340453,
879b15c0857650b97472662f0e00774d6927d9ffefe3014e3e5e422fed3c78a0,h105,1,complete,0.01612369999929797,5,0.015866199995798524,0.017048100002284627,
02cb0fef32a068fe36fcf1f34e8fffc4de3778ea8c293d3af02fc1be5e6c4d0d,h105,-2,complete,0.0161082000049646,5,0.015517700005148072,0.016509900000528432,
980addfeb9a43e657d163f8a4ec5e8d4bb9aa008e86ffa863aa7ddc8a47dc6b0,h105,2,complete,0.016195799995330162,5,0.015995500005374197,0.01658039999892935,
b7921af5d2685ead75b08de76afd82494ccdbef0db22696d684ca838d57b5bed,h105,0,complete,0.01709679999476066,5,0.016693500001565553,0.01732530000299448,
a922cb8db388c4ad7e26566b0daa5615dad33b6e9fd7615dcd1e9a226d67372d,h105,-1,complete,0.017001299995172303,5,0.016746399996918626,0.018237099997350015,
3573c12dd4048400aa2b5de06e636baa222149c6352d536712a14194e18dbae0,h105,1,complete,0.017044200001691934,5,0.0168271000002278,0.017424599995138124,
27fd77f4721dfdb5120d80492b82cf7a4a6f823a3cfaa006e2306ba2d1ade032,h105,-2,complete,0.016757800003688317,5,0.016572500004258472,0.01705760000186274,
36dfe0e9ad00ce579848423e33f1fa4a2328c43b952da741ae06bf9b8c840cd2,h105,2,complete,0.01726819999748841,5,0.01669219999894267,0.018101399997249246,
d4dca59700c1e918a0b694c0627286abb6b8b4f26a095d19e34843717ac61b7a,h105,0,complete,0.029544600001827348,5,0.029214399997727014,0.03042049999930896,
655cb9c497491d714a36204f49441908aa96f1c5f46eccb20118c7a3d028ab86,h105,-1,complete,0.029570200000307523,5,0.029316200001630932,0.029995500000950415,
3842e65cfef8dea623758f4c593212c3e9e800890f10954a8b53c10a69488d40,h105,1,complete,0.030119099996227305,5,0.0294861000002129,0.030904700004612096,
cd7aad9428da34a5c3919ef5f90a4b457400c0b8afb169e57385751058f65315,h105,-2,complete,0.02915950000169687,5,0.028377100003126543,0.029678499995497987,
67874c35a8154513820a13225e97f745cfde51b08e127e5bcc100553ba354483,h105,2,complete,0.029576799999631476,5,0.0291572999994969,0.030154400003084447,
58cdb8c0bf918f4629e866f7c09b4043e745a9e4a25af068080510416aff0f04,h105,0,complete,0.037803100000019185,5,0.03618149999965681,0.03989900000306079,
f414392028ea755cdecdf048143795bed864b771df6f92cf970c1c247721bc46,h105,-1,complete,0.03680059999896912,5,0.03634299999976065,0.03706880000390811,
0706ffc4c14691163272e584c20425e4ae5c28aaf6b02c7ed1a8df232802546b,h105,1,complete,0.0363770999974804,5,0.03602899999532383,0.036886299996695016,
10426bce4badf2a30d3a82c2f4712257c9d871109f429bd84d83e3402699a9f3,h105,-2,complete,0.036668699998699594,5,0.035606299999926705,0.0371649000007892,
2755f54ac245fbd51532ba070a69ccab9629d9a85dae40e70f199ca7ddb61b5a,h105,2,complete,0.037086700001964346,5,0.035921199996664654,0.037222899998596404,
e553738d3c60123d3b43d9594202de101520bdebdcd497a4a6659fc889fc7065,h105,0,complete,0.03935289999935776,5,0.039145999995525926,0.04015570000046864,
6442019e9fbedd1b93447a02602282226c3dfdb7eb540318d6338b37d3a78a85,h105,-1,complete,0.03979950000211829,5,0.03930479999689851,0.04038669999863487,
e55bcf70106506a0e92be2d2524c3a082e2e31039b0cabe0e39c9021991c602f,h105,1,complete,0.040283200003614184,5,0.03947669999615755,0.0406689000010374,
1affec79e5a8350c3c15f03df7ef9e7508630d84ed05f9ca513a563a76317dde,h105,-2,complete,0.04039120000379626,5,0.03989690000162227,0.040532300001359545,
1556862d02a5a84304781b6907e8c94b90d5742872a4904cdfc88c78eb5e7a86,h105,2,complete,0.03984920000220882,5,0.03956779999862192,0.04081149999547051,
49063ca4f48905eb15ef13a330b5bf423a46306b1f26a15d33e914471dc93813,h105,0,complete,0.04131040000356734,5,0.04006619999563554,0.04153290000249399,
2c58ed8613d32ce22bd60e2f7b8558d4f07a6112bbf0d4b31cad91c19191c4bb,h105,-1,complete,0.040994599999976344,5,0.04044869999779621,0.0413810999962152,
ce6e140ddc0fa7e7d8f625c22736e0736fe6b69f71ace8a8774b401646962cfc,h105,1,complete,0.04122649999771966,5,0.04079819999606116,0.041673700005048886,
a8b13779c14e9b6bb113fbaadc242f3ab55e96079347b3e78a7b575f806549a8,h105,-2,complete,0.04101200000150129,5,0.040842100002919324,0.04167270000471035,
06c8647638166cd8d7ad8654fcdd5329696f42623d73212d3cbcda7c49e9aea6,h105,2,complete,0.041562500002328306,5,0.0403059000018402,0.04195050000271294,
51417977360d6f5964df961a86a3bb57487de6ac5bd072048a4c85e0ffa821a2,h105,0,complete,0.0415528000012273,5,0.04105669999989914,0.04203589999815449,
1ad8c55b33c8b3f2b84f556b5b13ad7fff5c60660d4998fe45dc1f9ad11f12db,h105,-1,complete,0.042465500002435874,5,0.04161480000038864,0.04283900000154972,
8a1da7a244a637ff158ae8efbd34392f9a46a0193ef27dea784da2c8db96f544,h105,1,complete,0.0416657000023406,5,0.0414392999955453,0.042168399995716754,
16ac3e285608786a456ca9a3c76c04ed08dfa3883e4faf5e52f2f93624b670dd,h105,-2,complete,0.04120459999830928,5,0.04059129999950528,0.0415110999965691,
5b9d7dccfb0dfbb14f936e086dca6373fe02df07428aebdb07d3dcacbeef8e8e,h105,2,complete,0.04164979999768548,5,0.040593299992906395,0.043128500001330394,
15924c78843d55039963c761c9a7d1a39748653670804b36df90273f18e504ed,h105,0,unsupported_profile_domain,0.001862900004198309,5,0.0017569999981787987,0.0019988999993074685,
a8e90064dcb353e6575fc5c6ab84082d907221f82724881c9ffb99dde7ea4ee7,h105,-1,unsupported_profile_domain,0.001799199999368284,5,0.0017755000008037314,0.0019780000002356246,
880314f656a6794585a5fdb0b5b21e29e81b790225b08974b3feac868e6e0faf,h105,1,unsupported_profile_domain,0.0017834999962360598,5,0.0017539999971631914,0.0019362999955774285,
789ffb577cb752787eed4d0839e5ba6265e55ac2be99696bcae36a75d154a11f,h105,-2,unsupported_profile_domain,0.0018411999990348704,5,0.0018045000033453107,0.0018821999983629212,
6bec5249f57429fe7363f670c91ec945be997c7e3052ee0e033149bb8489f54e,h105,2,unsupported_profile_domain,0.0018200999984401278,5,0.001786000000720378,0.001839199998357799,
654a7e4de8108fc767dc4ef173bbe61ba445d0335cff61f4b813cff001adf91b,h105,0,unsupported_profile_domain,0.0009688000063761137,5,0.0009198000043397769,0.0010018000029958785,
9bdacca819c9fee251663763a085ef7e5ba5825d4463a1fe155200831cb720fd,h105,-1,unsupported_profile_domain,0.0009321000034105964,5,0.000901699997484684,0.0009876999974949285,
02646ce78f5a4ea9c2840e2cf44573e5cd21e3642f70948d6dd8bdcccb75c197,h105,1,unsupported_profile_domain,0.001014100002066698,5,0.0009088000006158836,0.0010959999999613501,
e05220f09bced45aca1413bbf8a9fb96e012cd5b82036e9940b9ca40f9a460f8,h105,-2,unsupported_profile_domain,0.0009642000004532747,5,0.0009022000012919307,0.0010024000002886169,
b3ae5b0b864930da7b0d03dc5df614745ac88f4028dc3574901e88418307d309,h105,2,unsupported_profile_domain,0.0010136999990209006,5,0.0008930999974836595,0.0010298999986844137,
6f1edfb2a1d34ed7cd1bd8ed1ec142bbc4b60df7096b8bd17a75d5346b17816d,h105,0,unsupported_profile_domain,0.0009760000029928051,5,0.0009370999978273176,0.001166699999885168,
d3b06db8ba6db5ce41429e8c8407f2b0578f0164be8ef6b2deb1fd8e09661704,h105,-1,unsupported_profile_domain,0.0010248000035062432,5,0.000923999999940861,0.0010621999972499907,
7e2dabd87f30fb1429a2c25b693f39480823f0dca774328e6bf97e7488bd90d6,h105,1,unsupported_profile_domain,0.000985200000286568,5,0.0009310000023106113,0.0011159999994561076,
6f4de9750d8d0b8ec16758f1a813752ae12769cd44bbb5201f00251c4fc74334,h105,-2,unsupported_profile_domain,0.000938299999688752,5,0.0009301000027335249,0.001108399999793619,
16fb29f64143300151e2f792142a1863e40be0a54a064d974ed29adeed7b0359,h105,2,unsupported_profile_domain,0.0009591999987605959,5,0.0009505999987595715,0.0010538999995333143,
e138d9b0e2f4e090cef27a5c0e89350e3ed65f4fb084e60449a20f92148634ce,h105,0,unsupported_profile_domain,0.0009329000022262335,5,0.0009292000031564385,0.0010674000004655682,
4c6debbe282d7b790b25abca3c087b8b1c01320633807f3353fdd8b3dbce7480,h105,-1,unsupported_profile_domain,0.0009506999995210208,5,0.0009344999998575076,0.0009977999943657778,
a74b11a1459fb94c175b6abd5d0901b5a0a6bf8fd36f76b7a30759a220b04d97,h105,1,unsupported_profile_domain,0.0009926999991876073,5,0.0009282999963033944,0.0011257000005571172,
ac33ce73e830fc7c87ebf2f5df44f12a77ea9643e81e5d7717ea040dfb02e853,h105,-2,unsupported_profile_domain,0.0010267999969073571,5,0.0009511000025668181,0.0014022999966982752,
5bee22d993d38c3841b72197310a47b976a2f5ae1ae4b8096b50afb14e4937d5,h105,2,unsupported_profile_domain,0.0009482000023126602,5,0.0009386000019731,0.0010718000048655085,
e828dc809bb1920774d7ed59d431ee02cdf9bf0d1527021a4f0349a8ca5eed2d,h105,0,unsupported_profile_domain,0.0009699000002001412,5,0.0009360000040032901,0.0010494000016478822,
2ef85ae5b202ca5f936a7b45719b9094909feb1524022027d951babc0f91803f,h105,-1,unsupported_profile_domain,0.0010254000007989816,5,0.0009338999952888116,0.001032599997415673,
3843285c05efe4ad072c8ff61473f386407cf4b3a6672b352894aa0c4cf6812c,h105,1,unsupported_profile_domain,0.0009953000044333749,5,0.0009318000011262484,0.0010133000032510608,
b67d6aeccb451cd313f667e87033b5ce4da8d2f83bc6a382dec766562991bccb,h105,-2,unsupported_profile_domain,0.0009948000006261282,5,0.0009524000051897019,0.0010115999975823797,
4cb942d41f9f962a1500e8eef0e716633d09b941e883e5af6fd0dddc8c91b249,h105,2,unsupported_profile_domain,0.0009653000015532598,5,0.0009490000011282973,0.0010380000021541491,
7eb32a1eaed82b1c3ba5c9eb211185ae17c4812b43ec23e5bef5a43164e0bcdd,h105,0,unsupported_profile_domain,0.0010016999949584715,5,0.0009332000045105815,0.001059399997757282,
f5e7dd3c62445e3490a904530fb9aad9c0bc6b2fc18b7a14a9b3200e54a3f3dd,h105,-1,unsupported_profile_domain,0.0009594000002834946,5,0.000928300003579352,0.001075199994374998,
a4baf3f5c15ed9a006f3347c9b4db4b2ce974e9aafdff1b707c8cd8deeb8e4f7,h105,1,unsupported_profile_domain,0.0009556000004522502,5,0.0009321000034105964,0.0010323000024072826,
02a55203eca2371f84d5a6df41a92f470c0ad1083392b14727a1ca3d4a796611,h105,-2,unsupported_profile_domain,0.0009568000023136847,5,0.0009359000032418407,0.0010753999958978966,
f1410a57aa5ca9ed5007c6b2f690bf0921d54b9c37374951589e3739e8104d74,h105,2,unsupported_profile_domain,0.0009667999984230846,5,0.0009086999998544343,0.0011280000035185367,
14d7cfb900b573ad3a1c4b20c316183568f0808fe56788bdb699a49d613cdc48,h105,0,unsupported_profile_domain,0.0010615999999572523,5,0.0009387999962200411,0.0011358999981894158,
24421cffa4634d68663a9cfc5da9ae92eb6d3b8c0307325deb3dd2543eebe7b5,h105,-1,unsupported_profile_domain,0.0010164999985136092,5,0.0009674000029917806,0.0010701999999582767,
871b6ce8e745658f5cb48852a429376a052e2776b1e708b23958b7ceba463a3c,h105,1,unsupported_profile_domain,0.000967699998000171,5,0.0009625000020605512,0.0010705000022426248,
85d96416a2debb1efce455723598fc6ff41bc987d0b086ca72fec9af4ddbbdb2,h105,-2,unsupported_profile_domain,0.0009572999988449737,5,0.0009505999987595715,0.0010355000049457885,
c6f5c5d7d5abea67d1be774777fc5e9c644c759e880d2b5dabddd797448dc94b,h105,2,unsupported_profile_domain,0.0009642000004532747,5,0.0009590999979991466,0.0010345999980927445,
763a70c1da3ed43a8e356ab806483fda892198b70773dc3e4d65167a94572ed6,h105,0,unsupported_profile_domain,0.0009567000015522353,5,0.0009403999938513152,0.0010229999970761128,
57bf74f07b09c73f855184b6a192a76b686459b427315b292d01c102db806fbe,h105,-1,unsupported_profile_domain,0.0009806000016396865,5,0.0009320999961346388,0.0017439000002923422,
c09bcaf095cd28a316d2793b8f1a4e0fd6be2391105909fdb1b053dcce9742ed,h105,1,unsupported_profile_domain,0.000992900000710506,5,0.0009339000025647692,0.0010459999975864775,
333e748ebfc12adc0b71fc238007ea9e6038b3ea9fdad2da581c7953b286304e,h105,-2,unsupported_profile_domain,0.0009545000066282228,5,0.0009376000016345643,0.0010221999982604757,
c9a92d5ec39ca7ab1a43e2dcd38350b24be79a11778dfa317f23947b54edb0fd,h105,2,unsupported_profile_domain,0.0009976000001188368,5,0.0009347000013804063,0.0011953000066569075,
cf2bd846cf69a54de34bb7d95e5199fa6d399dba104ed80d3e9ef4d5a8091381,h105,0,unsupported_profile_domain,0.0010113000025739893,5,0.0009288999935961328,0.0010343999965698458,
46d1715f30da6d3c554cd430be1e6f2ac101878dfc6465ee0f0ced3d426c8d58,h105,-1,unsupported_profile_domain,0.0010380000021541491,5,0.0009366000012960285,0.0011545000015757978,
c0bb10780df83602ed6fb723bad8302532fc7d9ec1357a624c7369af4d82798c,h105,1,unsupported_profile_domain,0.0009568000023136847,5,0.000928000001295004,0.0009882000013021752,
711b3bd990d5bad5c602b908cd93f50d85eaf5947ecea1ec1c4c336b3142b191,h105,-2,unsupported_profile_domain,0.0009600999983376823,5,0.0009467999989283271,0.0012108000009902753,
3558feae3b7d115e5f1f2e87264a9fff0f1a7bf01adc80521cf26a0b6ca31794,h105,2,unsupported_profile_domain,0.0009509000010439195,5,0.0009271000017179176,0.001069199999619741,
6a4a602340b5394c6535993747d86bd64f89cbaad7dc1586b49573fe90798023,h105,0,unsupported_profile_domain,0.0009490000011282973,5,0.0009265999979106709,0.0009596000018063933,
43c798ca28940c72afef1d312c021b09f2d669d2473931882a9512133bb51d45,h105,-1,unsupported_profile_domain,0.0009455999970668927,5,0.0009303999977419153,0.0010265000018989667,
c46aecea74ca6cf466b66fe3a4dd48010dd87d1ec95771b3b38c4db1bb83eee7,h105,1,unsupported_profile_domain,0.000960299999860581,5,0.0009430999998585321,0.001028700004098937,
d761cabe0aab58255d543712295519392bc129895232a36689f64ea91f11e699,h105,-2,unsupported_profile_domain,0.0009608000036678277,5,0.0009430999998585321,0.0011090999978478067,
c64223f0637559752fca1ddfdd1f0cd5ae264e69673b320a7eb6696cb92d3872,h105,2,unsupported_profile_domain,0.0009438999986741692,5,0.0009216999969794415,0.0010962000014842488,
ff4610f39d5cb0e10fc7025fe7f20bfb755a9ab0878d3780ec58479fce44d2cc,h105,0,unsupported_profile_domain,0.0009506999995210208,5,0.0009390999985043891,0.0012123999986215495,
ab4a687accddeb43ad4ef63743f0933ef55c2c965a032f4a3ab712f6e3655fdd,h105,-1,unsupported_profile_domain,0.0009979999958886765,5,0.0009358999959658831,0.0011671000029309653,
ba2612cb56a8f377c5fc8127b03ee5ab7581649fcc46d37611e5feba52b32a06,h105,1,unsupported_profile_domain,0.0009410999991814606,5,0.0009226000038324855,0.001032299995131325,
d91afec02eaad4b938628f78e1a3bbc0d8cada2b2e05efe0451db96a8796db4d,h105,-2,unsupported_profile_domain,0.0009987000012188219,5,0.0009691000013845041,0.0010362000029999763,
896d13d954502df2e4ed6e42dce92e28b4cbe89250132013dafa246ef7e31621,h105,2,unsupported_profile_domain,0.0009479000000283122,5,0.0009275999982492067,0.00107709999429062,
094b92bb06141ebeabccefdd9cd2f276773431f081eecd3ad47cfee4c33ea0e0,h105,0,unsupported_profile_domain,0.0009539999955450185,5,0.0009407000034116209,0.0010208000021521002,
3293f539d07c995ff859fcea447d8ea0f0b17d697227f33aa96307e81c7dccba,h105,-1,unsupported_profile_domain,0.0009475999977439642,5,0.0009338999952888116,0.0010289000056218356,
e86f6ad01e7138e3519b4777fdd62f971f3e882a74bca2f9a2000b7fb7279516,h105,1,unsupported_profile_domain,0.0009454000028199516,5,0.0009333999987575226,0.0011143000010633841,
aba87d0c7664bdc20e20d30a7cbe013c7391efa96ad5b86ff8c5b868510a9429,h105,-2,unsupported_profile_domain,0.0009439999994356185,5,0.0009216000034939498,0.0009923999969032593,
823f0739f51b4c232b5c90b7129552b86c1d91b14b6cdd3be34b46b7cf7d69a5,h105,2,unsupported_profile_domain,0.0010084000023198314,5,0.0009491999953752384,0.0011431999955675565,
60ef10cdfff2e4b56b9c3f6dc52284de666e7b89815b32ab36650da0bfea30f5,h105,0,unsupported_profile_domain,0.0009605000013834797,5,0.0009362000055261888,0.0010008999961428344,
ddb4750b9bc6a7f36f70449fbb2cc4657392a90d1471e806ee364d97bd9ca557,h105,-1,unsupported_profile_domain,0.0009922000026563182,5,0.0009583999999449588,0.0013072000001557171,
ee989b8bee8c255da567b6f1ecf53ed1ae822d485afb62ebb56114733944641d,h105,1,unsupported_profile_domain,0.0009997000015573576,5,0.0009328999949502759,0.0010366999995312653,
2ec6a5a64552c42d9055ac7987dea99614d1a6a50c4b441edf60f2b966b26ad5,h105,-2,unsupported_profile_domain,0.0009433999948669225,5,0.0009338000018033199,0.0010240000046906061,
0c513ab29a68cb3ae93d9d8b05398492fc7fea9960f05454c9e5086e174779fc,h105,2,unsupported_profile_domain,0.0009534999990137294,5,0.0009446999974898063,0.0009971999970730394,
cb45170bba0653d78f22b474b477517987931280c48b7c409870bcba47357e6c,h105,0,unsupported_profile_domain,0.0009563999992678873,5,0.0009388000034959987,0.0011640000011539087,
6204206835e6f725e5a484e7a4f77b8ec52c2de8cd8ffb21a2ab2d2621605299,h105,-1,unsupported_profile_domain,0.0009608000036678277,5,0.0009430999998585321,0.001029699997161515,
4de01a1a8ab3bc78f05bdf99797d522adc8f2d1f50d72f31e574dbc8321dd46e,h105,1,unsupported_profile_domain,0.0009949000013875775,5,0.0009654000023147091,0.0012388999966788106,
3fd8acc815501e3dbbcc888067f257d6d3b50c50c5e1370118c3f76f6e816786,h105,-2,unsupported_profile_domain,0.0009498999934294261,5,0.0009385999946971424,0.0010051999997813255,
46ec22f76fe3d9350f5280fcc98f9687c36659702d7d35362cfc13a1e6598c4d,h105,2,unsupported_profile_domain,0.00097490000189282,5,0.0009405999953742139,0.0010385999994468875,
d61658f418440a201c1a82c54380f7908cb0201d37fc409f1046dcdb64db9c6b,h105,0,unsupported_profile_domain,0.0009543999985908158,5,0.0009412999934284016,0.0010248000035062432,
3cd6cc2bea3f2ef2d5eee081f32a8504da55a6657ec81f6ac4982b257440999f,h105,-1,unsupported_profile_domain,0.0009386999954585917,5,0.0009308000007877126,0.0010724999956437387,
5903e1ef851812e133e0253ae40140d997d73ea4beaf2c4d80b850211434bbee,h105,1,unsupported_profile_domain,0.000975200004177168,5,0.0009510999952908605,0.0010182000041822903,
4b0a04aa12eb41b221709900aef98846c7c5b97c33cb4de460fd54dc31ac83e2,h105,-2,unsupported_profile_domain,0.0009979999958886765,5,0.0009310000023106113,0.0011045999999623746,
525ef9f4c5de3d1363dcc7c4dda420aa3d385307c28d0115ddc88c56c28609be,h105,2,unsupported_profile_domain,0.0009556000004522502,5,0.000930599999264814,0.0010246999954688363,
5a0317e3d2f6a626c81de5801929abad4da120e59851e80f052c1185110e8a6a,h105,0,unsupported_profile_domain,0.0009409999984200113,5,0.0009330000029876828,0.000986300001386553,
f4a4e87c987fd747d298464c792f43fd21e661cf3d3592c6dd7f8ec675b1668a,h105,-1,unsupported_profile_domain,0.0009748999946168624,5,0.0009561999977449887,0.0011119999981019646,
35a6dcf8972237b12066123f63d3c6e07693a7e176188be92104fe3ce052f553,h105,1,unsupported_profile_domain,0.0009932999964803457,5,0.0009300000019720756,0.0010418000019853935,
4aded5f1ca13d097ea040136eba7ba3c44ec3f6df196e12f7fcdd921299db085,h105,-2,unsupported_profile_domain,0.0009769000025698915,5,0.0009461999943596311,0.0011515000005601905,
6a6e049b5bc805f525ee7087bf01a319f383d4de2bb52f137ed14a7c8d6b2e13,h105,2,unsupported_profile_domain,0.000981800003501121,5,0.0009664999961387366,0.0011617999989539385,
798bc3e97947923a6ef46a60568e3423d32df1a0816bd5d7b161f543d85eec46,h105,0,unsupported_profile_domain,0.0010059000051114708,5,0.0009844999949564226,0.0010665999943739735,
9cdeefb662e370fb2f0c675e6643837fda84b36560b29ceca6ea54e9726b5e21,h105,-1,unsupported_profile_domain,0.0009754999991855584,5,0.0009367000020574778,0.0010345999980927445,
88551573e5913cbeca9dd2e73530b4abb8d8de606304c059bcbe40874a806a55,h105,1,unsupported_profile_domain,0.000978900003246963,5,0.0009413000007043593,0.0010518999988562427,
a52fe898da345baf62281b77d6f75dae21b92e622876273c202f99ce55731437,h105,-2,unsupported_profile_domain,0.0009711000020615757,5,0.000964300001214724,0.0009944000048562884,
83f66661fa61408fc342c4a5740fbb4af4048b430deb55cf3792480b8b2aa661,h105,2,unsupported_profile_domain,0.0009934000045177527,5,0.0009607999963918701,0.0017155000023194589,
f01679224ce2cd57e746810be3ec95d5fe201e442f9263354deb99d555066039,h105,0,unsupported_profile_domain,0.0010315000035916455,5,0.0009750000026542693,0.0011150999998790212,
0bae63b7bf0e9dd90aaa244ca6094b80b09b8db0f0b387e37fb736f75fb115ce,h105,-1,unsupported_profile_domain,0.0009429999990970828,5,0.0009391999992658384,0.0009485999980825,
2d629c1830bee22ec78738ee566221435d9229a8000700c71db3afecc25421fa,h105,1,unsupported_profile_domain,0.0009542999978293665,5,0.0009394999942742288,0.0011443000039434992,
e99c0cd06a416368a5240686bf0aa414c843fc6a64c40f3e569a6bd9cd40574a,h105,-2,unsupported_profile_domain,0.0010096000041812658,5,0.0009511000025668181,0.0010966999980155379,
5c8c167146c4de4db809e8e3d9413cdfb6523532ecf5fbb5fe3a4ebcd53fd83e,h105,2,unsupported_profile_domain,0.0009441000001970679,5,0.0009356000009574927,0.0011616999981924891,
89581176bcbfd3c3cee6b60405ed06afda5b89f0c6681b7389895d0fbf6ea769,h105,0,unsupported_profile_domain,0.0009952000036719255,5,0.000927200002479367,0.0013003999993088655,
6613b9c7860dd83edf9110d4fc2f191357b7ec68498fcf18b7ea2eed1b1b2bff,h105,-1,unsupported_profile_domain,0.0009934999980032444,5,0.0009213999946950935,0.001021500000206288,
dba01f2788d8d6e49a16d8ae0cd63ce57d5d8d34f07fdf24e570cfecbefc2fc8,h105,1,unsupported_profile_domain,0.001033699998515658,5,0.0009534999990137294,0.0010727999979280867,
91d7418760e3f669c08f5a85d5bd78859e2d7ecf533799398d3f447e9fc99166,h105,-2,unsupported_profile_domain,0.0009524999986751936,5,0.0009270000009564683,0.0010475999952177517,
2b4867a4c8939b84993abde99e3dcd97abf7a261a6bc21633bdd4eef2bbb3ba5,h105,2,unsupported_profile_domain,0.0009546000001137145,5,0.0009359000032418407,0.0013424000062514096,
dea66da242e7e8d404d5decd8408d3ba43ba56f6d94bbf89de1bec00598991bf,h105,0,unsupported_profile_domain,0.000949399996898137,5,0.0009244999964721501,0.0011386999976821244,
1ee27c45428b890361dec616dfd20c7dc506d28c9333255ecc8d98065cac9e7b,h105,-1,unsupported_profile_domain,0.0009840999991865829,5,0.000930599999264814,0.0011143000010633841,
02a40a310374cb265367ffe4a272f5fd114842d7f184214ffa731baf31a3ef05,h105,1,unsupported_profile_domain,0.0009996000007959083,5,0.0009597999960533343,0.0010753999958978966,
11f0f9b2783da4c0e5f5a9a9728dafab49e9c71902e4b502c6212c5dc9ba7cea,h105,-2,unsupported_profile_domain,0.0009580999976606108,5,0.000941699996474199,0.0010026999952970073,
42bc83bdda0198652219c7fc13ba38569bcfb280f781a544ab0a0be4e34d90a2,h105,2,unsupported_profile_domain,0.0009503000037511811,5,0.0009333999987575226,0.0010459999975864775,
eb4ba8463dbc4a679382ccbc92868d685b7d727a8940cc3e5c3d246422a76cc6,h105,0,unsupported_profile_domain,0.0009699000002001412,5,0.0009497999999439344,0.001129799995396752,
4c07d566612cc7baa956899e8ad924b191c60b7568017b69d2ca5d34a2469afd,h105,-1,unsupported_profile_domain,0.001004600002488587,5,0.000997200004348997,0.0010380999956396408,
ce230f4dde346b45b75a3f0e5a356d1e80f815ae1dee5e63d80a8e06c3d238ac,h105,1,unsupported_profile_domain,0.0009401999996043742,5,0.0009304999985033646,0.001145800000813324,
8e807715ecec16eb9d831c8ffe82e0286ec50ccd8d916228fafe008f2975f231,h105,-2,unsupported_profile_domain,0.0009761999972397462,5,0.0009374000001116656,0.0010814000052050687,
4c155cdf661eb3876de4f4b717f33b4d7a93f7670de63018b04a09a257ee36de,h105,2,unsupported_profile_domain,0.000935200005187653,5,0.0009282999963033944,0.0009509999945294112,
aec4d3f9d5a5d6368b37f115063bc0a5f516d6496841a3d51540d0127981ea32,h105,0,unsupported_profile_domain,0.0009485999980825,5,0.0009398999973200262,0.0010420999969937839,
71c802718d6cd4b24f7b22c9ca8898ffa3003cf323691904640724796725c573,h105,-1,unsupported_profile_domain,0.000945399995543994,5,0.0009398000038345344,0.001033699998515658,
cc3bad426fcf20d4187de7bfcdcc723f7e6d37b871429fc637d131d5214324ff,h105,1,unsupported_profile_domain,0.0009575000003678724,5,0.0009308000007877126,0.0010615999999572523,
b8702e69c243277f44132a3455003aa29514134f89050084ff39cd6d51d00321,h105,-2,unsupported_profile_domain,0.000993200002994854,5,0.0009701000017230399,0.0010417000012239441,
574f94db51186cd22f53508cbc3f68e991ad89477b80fcb64e80c9321a74d894,h105,2,unsupported_profile_domain,0.0009518000006210059,5,0.0009389999977429397,0.001026600002660416,
453e27631b418f5300d01555b73ccc448ee5c07368b045c011dd40f2ca5181c2,h105,0,unsupported_profile_domain,0.0010114000033354387,5,0.0009434000021428801,0.0010476000024937093,
1c7f6df787750a551977845bb9f767cc96732b0912c44f0fe0072c4f46c2d00d,h105,-1,unsupported_profile_domain,0.000993099994957447,5,0.0009415000022272579,0.001046899997163564,
4b9a0f4c9f93713e932d09e084f82654c20417dac7a387948fb84ff9377e18c4,h105,1,unsupported_profile_domain,0.000941800004511606,5,0.0009260000006179325,0.0010127999994438142,
d6a83bef768e470d64de5424e2c576d665f8644075af692007ecf5ee205c785a,h105,-2,unsupported_profile_domain,0.0009471000012126751,5,0.0009288000001106411,0.0010154000046895817,
c81f5207f5b757705becde7fd75bfb7e77c1d71ab4b43ccf9c63551a322c5970,h105,2,unsupported_profile_domain,0.0009605999948689714,5,0.000935099997150246,0.0010488999978406355,
1fff6949eae86ae696ebe44cb9a781e7a8382efc17389bf42d89c380c8c224c1,h105,0,unsupported_profile_domain,0.000953200004005339,5,0.0009366000012960285,0.0010180999961448833,
636e3f9ff3e86428ee4200577ead0d262b76b3f0614b0b8085e6d3eebe571c95,h105,-1,unsupported_profile_domain,0.0010011999984271824,5,0.0009319000018876977,0.001031799998600036,
4ab9787975d5b78b456e23dc6d24c767ae82c24858fe92cf1133eec7f4bd99be,h105,1,unsupported_profile_domain,0.0009899000069708563,5,0.0009380000046803616,0.001004300000204239,
9f5778232796e7a01a7cd81ccfce4899d174ce83bc6c002b02257f1088c89471,h105,-2,unsupported_profile_domain,0.0009571999980835244,5,0.0009380999981658533,0.0010315999970771372,
a97c79e52e8be6f1588f1e39ba75c6d1d807cb47059eb05afa4f637216b19cc4,h105,2,unsupported_profile_domain,0.0010516000038478523,5,0.000938299999688752,0.0013261999993119389,
48ce695961826e6977ea37bb57c495f65800b1ecb9d82e1fd671ceff7d0244aa,h105,0,unsupported_profile_domain,0.0009953999979188666,5,0.0009754999991855584,0.0011471000034362078,
14d1b92a1e575923384f25c72445efc5e57021e69a9d203b78f2714a61bb89a0,h105,-1,unsupported_profile_domain,0.0010002000053646043,5,0.0009659999996074475,0.0010257000030833296,
700a74d0fb8bee6de68955b930d245f48df24de59f55c5efc00b8f49479d6a04,h105,1,unsupported_profile_domain,0.001006899998174049,5,0.0009619999982533045,0.0010437000019010156,
2c1f37ace68e4f921b1090ba77050043a67f6a4ac7c10d751bd8f692a2e9aebf,h105,-2,unsupported_profile_domain,0.0009597999960533343,5,0.0009439000059501268,0.0011196999985259026,
7282a0a85416c54394725827476a0af7461b24de9d651ac2316264a989178ade,h105,2,unsupported_profile_domain,0.0010069999989354983,5,0.0009312999973190017,0.0010162999969907105,
a1bd15459cdc6dddfb7126de78ca39ca0c014a221ee07587d5dabb5d4dc0c01f,h105,0,unsupported_profile_domain,0.0009434000021428801,5,0.0009244000029866584,0.0012424000015016645,
de847d9f7f2b1732befad45b8b2e30bbb134f4e2c28eb4ce509a30bb940ab331,h105,-1,unsupported_profile_domain,0.0009565000000293367,5,0.0009360000040032901,0.0009766000002855435,
32275fbc181c0ddde40fa6e99d47e07eb4e5589615396b132eaafa4632b2d4f4,h105,1,unsupported_profile_domain,0.000948900000366848,5,0.0009310000023106113,0.0010659000035957433,
5acb8f5dfdb7dbc2b5ac6ef96de75ad07d1bb56ca31d17bcb97238d11fc10025,h105,-2,unsupported_profile_domain,0.0009676000045146793,5,0.0009333999987575226,0.0010416000004624948,
bd30b32e5fcca3b93157dc7b09f94f4e0c4c63d06d0d5c725aaade1b5d7b542b,h105,2,unsupported_profile_domain,0.0009720000016386621,5,0.0009390999985043891,0.0010188000014750287,
8f88af3eabb60bbc00b8e9c2180e67fb5c56621ce4e31702f92760b9f87b2d31,h105,0,unsupported_profile_domain,0.001004600002488587,5,0.0009356000009574927,0.0010068000046885572,
dcd8eb1fea342bfc377bcf4b792457ab39acdea13454f17d7eaa27dbfef76fe7,h105,-1,unsupported_profile_domain,0.0009525000059511513,5,0.0009152999991783872,0.0010196000002906658,
d0e5972af2833b5e4b4021d07d63e764707703df748cbe9f12487edde3adea80,h105,1,unsupported_profile_domain,0.0009231000003637746,5,0.0009138000023085624,0.0009796000013011508,
00b93c1d49ebf55c9b437b5cc7b0c10eef069861aab4e6661f5a44313b07b4ef,h105,-2,unsupported_profile_domain,0.0009510999952908605,5,0.0009314999988419004,0.0012916999985463917,
738b1af4f1890008f1ea5e66c7685de1a43bceb0f8080ad54d4658fd886bfcbe,h105,2,unsupported_profile_domain,0.0009461999943596311,5,0.0009229999996023253,0.0010381000029155985,
7de8fe9986972888a700fab414e295fd77d0462446c3e40ed429a1ba4c4a37cb,h105,0,unsupported_profile_domain,0.0009476999985054135,5,0.0009396000023116358,0.0009750000026542693,
32c9ae4c3e1abfc808947d87695d9d8c63a4d5bbc5c712b126f33a3e161d26a2,h105,-1,unsupported_profile_domain,0.0009502999964752235,5,0.0009261999948648736,0.0010302999944542535,
edf86853e99408fc459a411cc15eb91a95819dbed2ea7d1774466931ddb32b32,h105,1,unsupported_profile_domain,0.0009761000037542544,5,0.000935200005187653,0.0010834000058821402,
415dbe0e111d4dee270c3712f636de73b7fa21cec6aa570ea65a9190b8d81805,h105,-2,unsupported_profile_domain,0.0009314000053564087,5,0.0009171999990940094,0.0010098999991896562,
bbf3a25eae6c3b1ad37d6e4f15a671fcd93298d7e8451a4fa69dc547776b99c6,h105,2,unsupported_profile_domain,0.0009363999997731298,5,0.0009285999985877424,0.0010700000057113357,
f705de9b01444c5c211b291d2d17b63e1d0b630e956e03e425c5b6a97b62ab41,h105,0,unsupported_profile_domain,0.000979099997493904,5,0.0009094999986700714,0.0010750000001280569,
b1db4f33e11b5b95f3c880aa19dcd4dd17287a8b11843811fbf3bcb6ee4a49a1,h105,-1,unsupported_profile_domain,0.0009308000007877126,5,0.0009108999947784469,0.0010260999988531694,
fa0e767aff28ab085221fac1143512733ffb80eedbed17962311e8e6a6c2c0f8,h105,1,unsupported_profile_domain,0.0009728000004542992,5,0.0009079000010387972,0.0011407999991206452,
2c0ceb1fe9c52f3634f972bfab682c9789aaeac3de04613b9edd142bdc18062a,h105,-2,unsupported_profile_domain,0.0010059000051114708,5,0.0010007000018958934,0.001143500005127862,
e6c40073330709d6b8e3c89369172d3f2585488d65535ee047fc8daf3dab8a83,h105,2,unsupported_profile_domain,0.0009236000041710213,5,0.000916299999516923,0.0010978999998769723,
ad77832eb9c9fd62a33c0efe0ce3689385adfb07b22cfab55db03173c6f71f41,h105,0,unsupported_profile_domain,0.0009514000048511662,5,0.0009281000020564534,0.001204100000904873,
4ad085c3bdbd296ba80d75972cf0136c2a2597a468d9a8bd0c59e72cec79ae29,h105,-1,unsupported_profile_domain,0.0009570999973220751,5,0.0009124999996856786,0.001089799996407237,
3a667facc0075c67cec79bc4c84cf7904245eb2abef77a6f8a112c0649dcb56a,h105,1,unsupported_profile_domain,0.0009396000023116358,5,0.0009140999973169528,0.0013076999966870062,
f89206d10e8d0e2b44b2686528ab77005e7143bfe73562710ef4a563b60a56a2,h105,-2,unsupported_profile_domain,0.0009394000007887371,5,0.0009286999993491918,0.0010158000004594214,
5317463b346c54e9f0c431b14f24799db2f79209c5c76d4eb3683575e8daba2a,h105,2,unsupported_profile_domain,0.0009873000017250888,5,0.0009378000031574629,0.001032100000884384,
11d939f6ddb60f45446920066733c86014dfb957973901e1f09f9d46524dfc0b,h105,0,unsupported_profile_domain,0.0009527000001980923,5,0.0009465000039199367,0.0011041999969165772,
cf6c1dab50778a0b1a73cece8437c706de3794b6a1d4f95aa39b434c535b7033,h105,-1,unsupported_profile_domain,0.0009869999994407408,5,0.0009353999994345941,0.0010755000039353035,
813b46f3289396280de73fce4774ac914c5bc74abedaaf547ef0ec88aed912f6,h105,1,unsupported_profile_domain,0.0009586999949533492,5,0.0009176999956252985,0.00108860000182176,
b11c4367a9fb83ba37d7bb9538f7e362de2e9cacd9efdf3d508e59914b84faf9,h105,-2,unsupported_profile_domain,0.0010236000016448088,5,0.0009386000019731,0.0011324999941280112,
9fec4c91a39dd455796f2a217b6ab318aa72fce2d0ed3b1239fb3bbbd9ed6f70,h105,2,unsupported_profile_domain,0.0009862000006251037,5,0.0009413000007043593,0.0010401999970781617,
605bc5d756cadee40d92200420494aa4e1fa63ab11e37c2ef0d846b152643a23,h105,0,unsupported_profile_domain,0.0010452999995322898,5,0.0009369000035803765,0.0012721000020974316,
8bda5395fbaa75c64cff52dc7e365bc69a6025467bfd325a66e3fa6bcb02c343,h105,-1,unsupported_profile_domain,0.0009841999999480322,5,0.0009372999993502162,0.001050299993949011,
6ec1a25ca2e36d0a896a6e1069fccf7a64cd3e551fccdaa1b5a1e6dda1fbec89,h105,1,unsupported_profile_domain,0.0010631000041030347,5,0.0009343999990960583,0.0011951000051340088,
bc7f8023cce781e233d0973ccb24253d117db7acedad23a8c61d1e9b34216d04,h105,-2,unsupported_profile_domain,0.0010081000000354834,5,0.0009375000008731149,0.0015801999979885295,
2a543ea339f2ee452da7099c5735243484b48dd24e0db769951dd926a50c5dce,h105,2,unsupported_profile_domain,0.0009394000007887371,5,0.000937699995120056,0.000975200004177168,
30b83fc68027a95e228995bd70d3cf7372ae1b594a62de3c980cce19996d7cf4,h105,0,unsupported_profile_domain,0.0009967000005417503,5,0.000938900004257448,0.0011747999960789457,
2b21d3b3b88a46ab3a3b5cab58a6a91f1c3ba0f3545e3b8aa8929ba554d19da5,h105,-1,unsupported_profile_domain,0.0010037000029115006,5,0.0009415999957127497,0.0010418000019853935,
35f45c2dec9bce430f56769701f2135c60ef23893395de4de46a62e35730f7c4,h105,1,unsupported_profile_domain,0.0010154999981750734,5,0.0009386000019731,0.0010983999964082614,
aa9c0b50ba94ce24e15db12c6909765ee5fe0a2c90f8dc4a3fcb2f5a111f3188,h105,-2,unsupported_profile_domain,0.0009607999963918701,5,0.0009375000008731149,0.0012053999962517992,
96222aabe8eeb46074385411e3b9d86fb1042862ebe66c512f203652ac330f21,h105,2,unsupported_profile_domain,0.0009454999963054433,5,0.0009273000032408163,0.0009638999981689267,
0830b60136b7c9fb6ceade49460e70e8140262c07ff56df8d513831f6ffa519a,h105,0,unsupported_profile_domain,0.0009608999971533194,5,0.0009429999990970828,0.0011253999982727692,
c2f2d267dfa547b6ea2c833f6736eee35aceedbb6e33591dae914a3bab8faa9c,h105,-1,unsupported_profile_domain,0.0009467999989283271,5,0.0009399000045959838,0.0010124999971594661,
2dc34d9a4ba90d6e2fc6f7b388413dfd3d6a7d6f183bef57448bf16d9d57950e,h105,1,unsupported_profile_domain,0.0009592999995220453,5,0.000927699999010656,0.001010100000712555,
0a192f689ccabb050f988a4aec6ac74dbdcd53c1a1bd05d2fcabd09ae75330ba,h105,-2,unsupported_profile_domain,0.0010220999974990264,5,0.0009415999957127497,0.0011179000066476874,
295bdb90913c41083fb7dc084ecdae03e9ec6cd77aff82deee91a600c84e8d32,h105,2,unsupported_profile_domain,0.0009438999986741692,5,0.000942300001042895,0.0010062000001198612,
fe4b4ffe9120e69995a86b67e47dc86c1ae5fba5738d0d1e1a43ccb5c5362c5c,h105,0,unsupported_profile_domain,0.0009577000018907711,5,0.0009368999963044189,0.0012150999973528087,
0bb48a5fc4146014f5081ffc891d2fc239ebed4c3cd2d1ee7436e85977387fad,h105,-1,unsupported_profile_domain,0.0009839999984251335,5,0.0009474999969825149,0.0010054999947897159,
2892ae21fae48f37450182138a2793a2e944d266add8239a584869686e1bd590,h105,1,unsupported_profile_domain,0.0009568999957991764,5,0.0009491999953752384,0.0010571000020718202,
131eccbb6702309ee05079434f6f6ea5798d4842c6ce7514fe9a008e27be5b43,h105,-2,unsupported_profile_domain,0.0009891999943647534,5,0.0009454000028199516,0.0010011000049416907,
59e4a2b16cb893cfd4eb3832b2195f3344aee11cd074ddc678137d5787e46f66,h105,2,unsupported_profile_domain,0.0010469999979250133,5,0.0009437999979127198,0.0014392000011866912,
4124065b056cd32be2cd41bd8cd1e13d95f9b54c27574def01b883607c28f6f0,h105,0,unsupported_profile_domain,0.0009749999953783117,5,0.0009481000015512109,0.0012636000028578565,
0814f1b2634274415cd9cf6c73979db28b37f105c1e0dfcac5bbf7814273056b,h105,-1,unsupported_profile_domain,0.000980899996648077,5,0.0009406000026501715,0.0010155999989365228,
b7aec95f7e71a371ca227a00ef2eec9f76032874ea0ed446e842d23e9efe79cc,h105,1,unsupported_profile_domain,0.0009697999994386919,5,0.0009616999959689565,0.0010535999972489662,
e8a6b9ae342a01e6ec90bf3fa1105bc01597d9151246c4cf1dc80c4055ad7107,h105,-2,unsupported_profile_domain,0.000991799999610521,5,0.0009465999974054284,0.0010457000025780872,
cc2040261a6fbd284fc37d612bcb8ac5d4eb0d2f985b091ce0e20a6a2ce71872,h105,2,unsupported_profile_domain,0.000945699997828342,5,0.0009362999990116805,0.0010144999978365377,
d36f7b0f6dd00fecd07c2a3dc9ee3841e9a35af4aece8da9aa896ea3908dfd53,h105,0,unsupported_profile_domain,0.000937999997404404,5,0.0009314000053564087,0.0009677999987616204,
0385703839dcd1c6e919a31a947a5422d1e739fb81d9ec8016930a683ada893a,h105,-1,unsupported_profile_domain,0.000963699996646028,5,0.0009314999988419004,0.0011449000012362376,
6479213f0f36962df50d648358de0cef5cb23993af3ce3dddab3b84dae2d0edf,h105,1,unsupported_profile_domain,0.0010586999997030944,5,0.0009393000000272878,0.0017213999963132665,
6aad57ecbe130a9b17691343cb276dc5b5c6282e3dc14d639fd51acedf6fd362,h105,-2,unsupported_profile_domain,0.0009594999937689863,5,0.0009437999979127198,0.00104490000376245,
cc5d5ec19f9c42f0b835f3ad63675ee4655f02a265898d6ec9442b003f54e1ac,h105,2,unsupported_profile_domain,0.000997700000880286,5,0.000924300002225209,0.0012692999953287654,
14756e8d85c9ebc8049d39f8005d20ba0959584467a651e3166ead31fedbb828,h105,0,unsupported_profile_domain,0.0009573999996064231,5,0.0009261000013793819,0.0012936999992234632,
15dc01336ca79d6f7af2102079851656d95842dfd9c50a8071de9fe439afa2c7,h105,-1,unsupported_profile_domain,0.0009579000034136698,5,0.0009361000047647394,0.0010477000032551587,
1a0e7cfe8a6e101b9ccff9d18c5b2556c1038dfa3da17143454623b27856bd9e,h105,1,unsupported_profile_domain,0.0009714999978314154,5,0.00094600000011269,0.0011864999978570268,
7be0ba093acac498c897f80598e67f5a338e7fae5b7c0b1fffd2ae1a334e6e1c,h105,-2,unsupported_profile_domain,0.0009539999955450185,5,0.0009424000018043444,0.0010111000010510907,
5cfe2a592df4825645628a88c581f1328196943fce4581a1103fd6999e442b4d,h105,2,unsupported_profile_domain,0.0009716999993543141,5,0.0009414000014658086,0.0009945999991032295,
fddc01ca8fc033d41c7ab5e28251611eee1c69a01a655770645e71d02bd88362,h105,0,unsupported_profile_domain,0.001010599997243844,5,0.0009322999976575375,0.001173900003777817,
0a828d502eea544bd553ef7dccbf6c27a260a88276cf5dcf91868b09dd22d93f,h105,-1,unsupported_profile_domain,0.001019399998767767,5,0.0009499000007053837,0.0010826000070665032,
524acfd41f9e9a29b3a8b2d093542772980e4414068ce3b5d08f39d9a0c03b0c,h105,1,unsupported_profile_domain,0.0009587000022293068,5,0.0009435999963898212,0.0010204999998677522,
bdcab082fb5d94ac1954458a236878b834c51b6d92e90c8ca1db873d31023f13,h105,-2,unsupported_profile_domain,0.0009732999969855882,5,0.0009600000048521906,0.0010454000002937391,
36ecc692e9e225117d38701e2496dbded0c61556183a3e4a4b2e14bfd4b7701e,h105,2,unsupported_profile_domain,0.0009571000045980327,5,0.0009406999961356632,0.0010084999958053231,
b0389dbde654ea13331f47a65a89ba9519ff2642464892015a1dfd20e2f6481d,h105,0,unsupported_profile_domain,0.0009593000067980029,5,0.0009495999984210357,0.000982499994279351,
d3493f2944a221a0a479dce6fbd3a231189a3dc8a4d4549fa945bdec2ad0f942,h105,-1,unsupported_profile_domain,0.0009754999991855584,5,0.0009633000008761883,0.0010023999930126593,
1b0fae9154b845691ab93b900992b1ddf8db652d8545fb24f723ff970d639f54,h105,1,unsupported_profile_domain,0.0010496999966562726,5,0.0009508000002824701,0.0015318000005208887,
35592596df934e16d8ab7e3dd0afeb32960a216b6a76da3e89ff161ac595af47,h105,-2,unsupported_profile_domain,0.000977999996393919,5,0.0009718999936012551,0.00101600000198232,
cce7cabe804a1722078839fd4bda6d03c6d20032cdbb53d92a12344f32f24fe2,h105,2,unsupported_profile_domain,0.0009799999970709905,5,0.0009627000035834499,0.0011324000006425194,
ce5eb105106a43bba729895e7bc738a0ce992698e6a65ce7caf6e82729d5a559,h105,0,unsupported_profile_domain,0.0010374999983469024,5,0.0009976000001188368,0.0010824999990290962,
d22f95e46d214cf540dde752383f0a133c7911fd9ab0b82f0ec0d14db31c67e1,h105,-1,unsupported_profile_domain,0.0009785000002011657,5,0.0009461000008741394,0.0010196999937761575,
e545d063c6d72bceaf95d3e4becf2241b25bf3a1a7f5ad096fc3c0971b986c6f,h105,1,unsupported_profile_domain,0.0009586000014678575,5,0.0009448999990127049,0.0010502000004635192,
c80161bcc95362326f6242c551bee05e9a796f8487510d2fe76980686abd7184,h105,-2,unsupported_profile_domain,0.0009626000028220005,5,0.0009413000007043593,0.001108700002077967,
b7c8b0df06efb8ca1ce037bce45543d94b36310e25e9aa80cbf7e94fffbd88e8,h105,2,unsupported_profile_domain,0.0009876000040094368,5,0.0009594000002834946,0.0010110000002896413,
358ed5d8297302c6d6e8123971c277470697e2bf1b58ce7b4202aa5b377a0ea3,h105,0,unsupported_profile_domain,0.000982600002316758,5,0.0009300000019720756,0.0010597000000416301,
cc608067d5f5851d06290674a66a5d4e9ad0c105cd9438eab6d5d6cc5ccb44ac,h105,-1,unsupported_profile_domain,0.0009510999952908605,5,0.0009353000059491023,0.0010717000041040592,
7dc638fe802149282865392b4825e5da9f0a50cd89577f12b4c885eb29db7738,h105,1,unsupported_profile_domain,0.0009730000019771978,5,0.0009430999998585321,0.001252100002602674,
2819d08fe5338c783b08921d594c0314be3b1fd581be4bc3a769ac28e7e0a7ed,h105,-2,unsupported_profile_domain,0.0009671000007074326,5,0.0009485999980825,0.0011764000009861775,
8f2879b7deebf06ad02973e3eeb4e2dcbc822937b68b3f15f0323ea1c4d0f835,h105,2,unsupported_profile_domain,0.0010005000003729947,5,0.000956299998506438,0.0010403999986010604,
54004919b1bb347e35ad7fed82069d2de1d290a489160d4793447fb3909752b4,h105,0,unsupported_profile_domain,0.0010264000011375174,5,0.0009441000001970679,0.0010445000007166527,
d3e804acf1ba92cfa22ea068df6d10b2f28d9672df11ee5b238e67d382c2e480,h105,-1,unsupported_profile_domain,0.0009710000013001263,5,0.0009521000029053539,0.0010322000016458333,
f09f2c3f8ac21ccf6dbc621ce37e06ddfdd8056f2152de3582140a700a78ec3a,h105,1,unsupported_profile_domain,0.0010161000027437694,5,0.0009711000020615757,0.0010639999964041635,
ea32246a7b4ae8a1e0c8551dc48bb13369106acebc10ff8acb7e866ab0aa7d14,h105,-2,unsupported_profile_domain,0.0010116000048583373,5,0.0009927999999490567,0.0011558999976841733,
ee96e1ab9fde3b2cc21f181045a0f68e41fc3f1337e68538f499e2c4ba0d2145,h105,2,unsupported_profile_domain,0.001010899999528192,5,0.0009543999985908158,0.0013539999999920838,
710eea34d2be4e550a95915d95a5459fdffc8d2a37b04ffa9f7ae18fab0e3241,h105,0,unsupported_profile_domain,0.001021500000206288,5,0.0009506000060355291,0.0011545000015757978,
9e392160074ee68f4d9299f367421efef363c4ae20501e044668b902fa33cad6,h105,-1,unsupported_profile_domain,0.0009661000003688969,5,0.0009575000003678724,0.0009938000002875924,
7588fa783eea97dd080d49e3db3d83595f9cd9c0b95b2f988f7f1be414b2f86c,h105,1,unsupported_profile_domain,0.0010330000004614703,5,0.0009754000057000667,0.001188899994303938,
b82dd31c1cbf97be4577f8d5ddf0da01019c004b041141dcd87ff0b90270220a,h105,-2,unsupported_profile_domain,0.0009609999979147688,5,0.0009414000014658086,0.0010397000005468726,
6a351bed561ebbbb48753a356b2caadacc97963cd09dc0d5075cc4856844df94,h105,2,unsupported_profile_domain,0.00100380000367295,5,0.0009585000007064082,0.0013699000046472065,
ee6c7dfa82121c117a2574da490e467bc1d7910cae634355def7e2431927174e,h105,0,unsupported_profile_domain,0.0009871000002021901,5,0.0009365000005345792,0.0010509999992791563,
b3de6ccaa0b4affb92bf5e368a6424e919a9e70e5256c75856a368f8f4094b42,h105,-1,unsupported_profile_domain,0.0010099999999511056,5,0.0009518000006210059,0.001046899997163564,
ac8de2b60d543328ea0dc146865018d0806c84152045f8da0bf23d2944e4508e,h105,1,unsupported_profile_domain,0.0010631999975885265,5,0.000983099998848047,0.0011277000012341887,
426edae3c88f846f008431df7efffc1b95f51c86cd0d896aaa8c6aed1e9e53df,h105,-2,unsupported_profile_domain,0.00101379999978235,5,0.0009510000018053688,0.0010947999980999157,
d66e95614676140e843a328d523564f077708b4fae02cd827d04a6d983a3bd98,h105,2,unsupported_profile_domain,0.0009755999999470077,5,0.0009610000051907264,0.00101859999995213,
f005e729458e87968446e1f96754606fa6ab44205bf71efda2392a22d49610c9,h105,0,unsupported_profile_domain,0.001004300000204239,5,0.0009627000035834499,0.0010509999992791563,
619f7252bb2c2a5ff23b3580b655d4da7cb9f41c24ca464aab937bde84e8e290,h105,-1,unsupported_profile_domain,0.001068400000804104,5,0.0009207999974023551,0.0016630000027362257,
5447a34b1a6f5fa70219e422f02f6ff63b11962b3920f39506b1663d726e39d0,h105,1,unsupported_profile_domain,0.0009539000020595267,5,0.0009427999975741841,0.001047199999447912,
2247740b234dd037ee00fda4b82c115441d33e79bc457b9b9fd6d7dd66910f94,h105,-2,unsupported_profile_domain,0.0009983999989344738,5,0.0009594000002834946,0.001048600002832245,
8900f475028072e75bdcd8ac14b691921cd86e9a52ff8bc47a0849dda7cafdfa,h105,2,unsupported_profile_domain,0.001043199998093769,5,0.000957200005359482,0.0011742999995476566,
c7bdb646a4215ca137ba85105b7aef95baef8c47758c8179c67c900bceeaa491,h106,0,complete,0.04556400000001304,5,0.04374640000605723,0.04587090000131866,
9f7323984315ab993c4aa95f63749132783357a4d4dd7d6e99fc26c8b15af788,h106,-1,complete,0.04456490000302438,5,0.04395059999660589,0.04567240000324091,
c3c41f5b6d09347f7a605ae662989712ffd211fceb4ed66d7ed399e927a8dd43,h106,1,complete,0.043648600003507454,5,0.04315659999701893,0.0441999999966356,
5ec97447fa02ffadf896f0bd3c2a371f12086e37a9937b1813e328a0676c7244,h106,-2,complete,0.04499570000189124,5,0.04415739999967627,0.045220700005302206,
5c0fb6674585b7809b2110ab9acc19d757e4d4b5a0a368572c4837f5ac7043ad,h106,2,complete,0.044921699998667464,5,0.04379980000521755,0.04687289999856148,
f084d9811fd544162b8821cf90d8b5c35a8079be3ad2174ec6811010145165bc,h106,0,complete,0.04493920000095386,5,0.04417730000568554,0.045383399999991525,
1318b0629ccddd10bf7c6e1e6153d6760e7bcf7235a5a574b5a97553a6a120e7,h106,-1,complete,0.04492079999909038,5,0.04357929999969201,0.04561439999815775,
1a946f0cc928a9bb8cee5afbe2dd9e0b6e29a0592518bc88c8ffc487756806f2,h106,1,complete,0.04493240000010701,5,0.04374639999878127,0.04536869999719784,
2aaba83edc8edcd9091620af782353ba433cac2551ce1fd5ba4c49778f3afdb5,h106,-2,complete,0.044553799998539034,5,0.043581199999607634,0.0451039999970817,
e77877e917a2866defc92103d179416d9910baf9ff47fd7049ccabe2140c1294,h106,2,complete,0.04391819999727886,5,0.04359919999842532,0.04496199999994133,
d0a1485a5e2dfd6d3b09c7a84bcafa1f5539728d4916accb4bdec434718a5c43,h106,0,complete,0.044843899995612446,5,0.04367070000444073,0.04585650000080932,
fa2e71e32100566fb8d4dac1083788f7393d2ac48f1788535f197ee3c6356451,h106,-1,complete,0.04484930000035092,5,0.04440430000249762,0.04547679999814136,
9228e26f42d910da6a13a39ea7c4d598221772de67565016f207405502b90343,h106,1,complete,0.04400980000355048,5,0.043547499997657724,0.04543270000431221,
814294252e8c0aa4e24cf2ec340148622df569040970a82cfc50d81d324338d8,h106,-2,complete,0.04421909999655327,5,0.043902600002184045,0.044882599999255035,
752b334cd0f577d73a0cd8dfe5e28ac28ba1dc4b548616bc1abf6fb7cecb1939,h106,2,complete,0.04475419999653241,5,0.04394979999779025,0.04492780000146013,
61525752772ee49572fd5b2f689c605df7c98baf13a9bd99db39098186cd70bf,h106,0,complete,0.04447910000453703,5,0.04402269999991404,0.04479420000279788,
766ff1fc42f4ca6c4f714d6885028b2f2241897a6ce661e49d177ec752cecc2f,h106,-1,complete,0.044127899993327446,5,0.044079200000851415,0.04489040000044042,
72d30a120c4e1046e5b3ebf2ae459bee6e774fe459d33aa91c1c6b90bbe7761e,h106,1,complete,0.04493180000281427,5,0.04476820000127191,0.045197499995992985,
5e3f9f3e0cf165cbb2a1f9712900a67173576db7905371639124f41d693cd1e1,h106,-2,complete,0.04407399999763584,5,0.04373949999717297,0.04638090000662487,
5586bd18c324e577f114c1725e41640a458d3008abeed444375d3d379b9ad884,h106,2,complete,0.04388559999642894,5,0.0435291000030702,0.04547479999746429,
d2b932eaa6226a97ccc524f365ab82a9d4bfe52d9a8036e4bfa13f0486fab8b8,h106,0,complete,0.04495479999604868,5,0.04385860000184039,0.04721330000029411,
4d605a768b4e4e16f20d432c8ff377fab20e96bc42a816fb65e8217dc38ad019,h106,-1,complete,0.044410499998775776,5,0.04386979999981122,0.04554550000466406,
d261ff39ea2fa814deb87eda363899119f768d0c771e0ec4655fee1eb553edba,h106,1,complete,0.04471590000321157,5,0.04386730000260286,0.04616160000296077,
647224228b55b4e5323ae5370e3a911158f51debad45328e807bfec06e067e09,h106,-2,complete,0.044284600000537466,5,0.043919899995671585,0.04484200000297278,
24fddc3c0bfad2689e474d00cb1bc509ef74a949b2bafe2aebfe587076948bab,h106,2,complete,0.04517049999412848,5,0.04467109999677632,0.04635890000645304,
72b0d355be92d7ad5b92b49a5af9243b027967da93d620fb2c696d052e1369ed,h106,0,complete,0.045185399998445064,5,0.044420799997169524,0.0460257000013371,
75d905392571354117089d77626ed7777ea4210b4d60677a0b38c8555597ee73,h106,-1,complete,0.044826700002886355,5,0.044485500002338085,0.045155899999372195,
c163690c33397b44eca126de0d47d13d9ce1d3e21cf0fd96d6329b23b47effc3,h106,1,complete,0.04499509999732254,5,0.04447049999726005,0.04539120000117691,
42132da923a3883fbeabd3a36e677b6103c820853ca863571b1daa6d96c90294,h106,-2,complete,0.04454959999566199,5,0.044120499995187856,0.046442899998510256,
ba4b1b01352815d2a0acc03c745d3c2ddee28c1ff8f323a3979dfa13930509df,h106,2,complete,0.044151900001452304,5,0.04344719999789959,0.050514400005340576,
b3ea7c2e1f8e1f38888200edb27b45c825276ab4228d1e073edcffbaf5e1a91b,h106,0,complete,0.04497580000315793,5,0.044512000000395346,0.04500950000510784,
86092d995041e382dd658ff4f07df78893d2b41f8126bf5a127efe3524f03d18,h106,-1,complete,0.04574760000105016,5,0.044149699999252334,0.046148000001267064,
6ddccc3c0704617177de0aa3b9baa1d31f6440ac442d75e31cf44f576d0d82f2,h106,1,complete,0.04515399999945657,5,0.04431800000020303,0.045516300000599585,
f4a01ef4403cd76478ceedabedbef2ecd53de9690e2239ecc627a18dce015048,h106,-2,complete,0.04435640000156127,5,0.04358940000383882,0.04577150000113761,
231982f802b97ea22984646272c0c6c81f1e526f2192ca9601dff408dae30c99,h106,2,complete,0.044432400005462114,5,0.04442550000385381,0.04501230000460055,
778dccb65a3325ecb5c491b3b25329ed9feb3b04831ee481cadfa9956f3e9d3d,h106,0,complete,0.044983800005866215,5,0.04436119999445509,0.0458509000018239,
12c27f47e27e19d5dbf3f1dc4f967cbbbc7637b8912df0dc97051bf277380543,h106,-1,complete,0.04502859999774955,5,0.04390810000040801,0.04513920000317739,
8d9ca07a59d2d531fb87348bbe0969b3d2de9b6a533aa42309828dc980bc5fb6,h106,1,complete,0.04482780000398634,5,0.044316799998341594,0.045390999999654014,
1e3265bb0e862030bb50553a3b5ee0a178a9b77fe5f1453740093dc5c5be92fd,h106,-2,complete,0.044744599996192846,5,0.04406809999636607,0.04501190000155475,
58d83ba05977b788ad628149db6079fbc5f36a867177978eab32d7b1791afad5,h106,2,complete,0.04499499999656109,5,0.044200100004673004,0.04512039999826811,
24cc0ef7174cb3ea0ae3b4b1c673e22dec3a8c75b1e4b2c960a28bbb61b2efab,h106,0,complete,0.04508769999665674,5,0.044263799994951114,0.04567349999706494,
c2eca580a01a7e2b44d35382adef09892ea93395d5e0025fb7ad3faa3ff57933,h106,-1,complete,0.045146500000555534,5,0.04422119999799179,0.045932900000480004,
d9075691283b4b680ebef65534a13fcc4466dec629cafcd2b6f21950dc10c5ea,h106,1,complete,0.04501690000324743,5,0.04416470000433037,0.04591230000369251,
ab28aa6ead35e1ff6dfddc1fb5757a7f924a5147b75487d94617fbe04fce65a0,h106,-2,complete,0.043888499996683095,5,0.04357960000197636,0.04533159999846248,
65f2aec61791840d93ee73d869fdd678037157842057907a367a79affbb1cd72,h106,2,complete,0.04515940000419505,5,0.044829200000094716,0.04567420000239508,
d02bc3df4e3859a68860b0a6ac55709a67a2099fb4b8ad0e6560a7e2ec681630,h106,0,complete,0.046379999999771826,5,0.044379699997080024,0.046552599997085053,
4630479a6e86004d4e596ffc618d102c3037fd9be0e1a5f86f950d443bcb9a59,h106,-1,complete,0.045315499999560416,5,0.04437079999479465,0.046809099992970005,
e5dd2418f67f651421b8a688c9078b39d47a7b3ededcdda003e7388bf3ed8d55,h106,1,complete,0.045187499999883585,5,0.044862500006274786,0.04567279999901075,
15ec31eca520e1e9f6a8118145fbc4819ab20c95f2704f40153fab6267c15fbc,h106,-2,complete,0.04726859999937005,5,0.04631929999595741,0.04939089999970747,
dfad0016697b77bd6d3e637eae23d73f97ca89450e3d95394dca4b894fba4cd3,h106,2,complete,0.04589459999988321,5,0.04477549999865005,0.04644939999707276,
f10979df94e8860868204d7f20f4fe489e027cb038cf20fb288b6848f9fab484,h106,0,complete,0.04677079999964917,5,0.04574739999952726,0.04868150000402238,
b7829d65c22eafe5caa6cdfafeb322b1d599c34aeef47a5096ae2888d8fc091a,h106,-1,complete,0.04575420000037411,5,0.04551279999577673,0.047476300002017524,
a5d02fad2163d9fa90673ad54fdb5b1a663f86512d5bf40495c1e02e447fdaa9,h106,1,complete,0.04710239999985788,5,0.0463990999996895,0.0473615000009886,
fb5bcaff9e44ae9e9562e9ae611661157b502226a629a2963deb8070c6830b1b,h106,-2,complete,0.046426299995800946,5,0.04578110000147717,0.04768470000271918,
9cb20eb08ecbdbc97b6068b66c2575a0f02c1168e1b9d570b99774fe2c069c7f,h106,2,complete,0.04715629999554949,5,0.04621380000025965,0.047277899997425266,
89e8a6247a6a2bb41bb1c147124cdc8847a76685b0e2bf60176eaf344b391572,h106,0,complete,0.047742100003233645,5,0.047058199997991323,0.04826860000321176,
874ec5a5e6d19123a7153ca4d5420931f065805b0a3c2a454c49ebb6f4480b21,h106,-1,complete,0.04796609999903012,5,0.04670839999744203,0.04953390000446234,
6bdfa42d971123375081d7a418a4807433ac7cccc86e5b349f11237a43f0f7f2,h106,1,complete,0.047539399995002896,5,0.046231800006353296,0.04822880000574514,
6b686dd020c859d67be458556a2349c5e3f0b573f008fd8b0924cd7cf837e755,h106,-2,complete,0.04690850000042701,5,0.0462896000026376,0.047739300003740937,
531ecf43811b4f136df9d8ea239e5366787556339483a5ca222d370a0bf5ecc0,h106,2,complete,0.04761389999475796,5,0.0466932999988785,0.04806989999633515,
d0318484a5f644ba53ae39b39dbc6b19417f42c5f13203c4054317f7bcf0e082,h106,0,complete,0.058981199996196665,5,0.058898600000247825,0.059622199994919356,
97ca0d498145ec62f9a12baf7e95e525a8f2b9c7ee01117e1a2d1bef425608a9,h106,-1,complete,0.05871029999980237,5,0.05759289999696193,0.06267079999815905,
5cd3e4d2325ee68eab6edfa8412a86f76e4fdd9b1cfdfb267f920484c7ed775a,h106,1,complete,0.06071489999885671,5,0.059338499995647,0.06145700000342913,
f6374c5ddb03115eb051dd35fd7efaeb58c1fcc84061d0e682bd0ced3554fb97,h106,-2,complete,0.05863800000224728,5,0.057202700001653284,0.05966159999661613,
87ef3a4bb58f0bed18653f11aa7b85e44cd47ef890c486f68ca60f59b58c3c46,h106,2,complete,0.061010400000668596,5,0.06039739999687299,0.06133330000011483,
439bae29e0eeb65ae025edee97838830246333b1fa90082f2cba0f4d55e100e1,h106,0,complete,0.06816879999678349,5,0.06799769999634009,0.06911029999901075,
0fd189a44a1066189133ba1b6458cf221401a0aaa008cf71235749e896bcbba2,h106,-1,complete,0.06717719999869587,5,0.06607649999932619,0.06731530000251951,
34d5c7c2817341ccba1fa85e108c7a606c9f1f38c819327d474168741cf7de91,h106,1,complete,0.06861890000436688,5,0.06767989999934798,0.07054409999545896,
97d6efaf22b5bd654e54c75c2a04a9d591520c81f0da3e11e0421fe432864327,h106,-2,complete,0.06561099999817088,5,0.06451979999837931,0.06692389999807347,
8195775bb7c59b9fb2d347056b8595c206a9ea5bf51335eaf0f07c905f37ca54,h106,2,complete,0.06944479999947362,5,0.06867330000386573,0.07105400000000373,
7357309b042805f403d089c9db000c15efc68363b10c2059c2cb4351900a832b,h106,0,complete,0.07119220000458881,5,0.07005020000360673,0.07131309999385849,
3b28ee89d995887f57b83bb62387b9efd0e4f3c604d73d823ca9b7948b701b84,h106,-1,complete,0.0703332999983104,5,0.06895199999416946,0.07134239999868441,
6a87dedffb9ea75e3719a8390c48148111b939477a158622fce096b480c19cf5,h106,1,complete,0.07281610000063665,5,0.07156119999854127,0.07327950000035344,
590846895b8bee9bcd92ebb80cdd70aea6e88f164a0e8882532b818858323687,h106,-2,complete,0.06982009999774164,5,0.06969039999967208,0.07264790000044741,
6697c780ee8f9d3763c286a9ec7791fa868a03904c14fc5d42ec49efbcf63469,h106,2,complete,0.07469190000119852,5,0.07402349999756552,0.07476709999900777,
3f9fcad1bf47ea97821f8c6aabd45e77b3e79e37d9d9ee92eccd2fb23d6dc550,h106,0,complete,0.07420469999487977,5,0.07308159999956843,0.07597399999940535,
14f3aaac1fd247e89ae809b74fcf762b145064cf42531709bcd1811cd19036d6,h106,-1,complete,0.07353370000055293,5,0.07272310000553261,0.07450400000379886,
7292d0249f073467448bc1091e65ecbf27d74dbbb8a2aa14d09f033284b9601d,h106,1,complete,0.07517840000218712,5,0.07425030000013066,0.0763306000008015,
0c95886075d6876d4a87fe01a22ac4b4a6e9e952bcf66229f12d00ef6ef32fbd,h106,-2,complete,0.07105650000448804,5,0.07086990000243532,0.0721142000038526,
17134f5b2c116720d09a0095705b67969f6aae4695ea35d243500fd595e44b23,h106,2,complete,0.07450860000244575,5,0.07435980000445852,0.07525339999847347,
195b4fb39f92bfb278d9ed43b8b50c7c6e6223a7ec3082ccd737898d30b1501a,h106,0,complete,0.0738437000036356,5,0.07233480000286363,0.07485450000240235,
1b3fc765d463d7399ae85d837abd613327c1970c78eb6927bb0341999341a4f4,h106,-1,complete,0.07417770000029122,5,0.07330200000433251,0.07613690000289353,
b5e317363bfc58a6b53c48059c2d20e17407196e0c54a9d7bdf91fc091f8475c,h106,1,complete,0.07403460000205087,5,0.07137449999572709,0.07585629999812227,
585d581d564a9a055f21092ecb74cf8ae4f6960a6b7e1513d2b11dc9967fd3f2,h106,-2,complete,0.07104689999687253,5,0.069640800000343,0.0716489000042202,
676005decc0636a959b32bd4470f492bc28f0c5bb1710d0e4167f9a7f0068ae0,h106,2,complete,0.0749463999964064,5,0.07387200000084704,0.07558979999885196,
07c014ed6cb107a0cd8ff219f92216a3545f9dff2c196fd2294536075da17a6d,h106,0,complete,0.07303450000472367,5,0.07283089999691583,0.07367350000276929,
e7973671bb397f011c9d6f4a67517a08c035ca617de7c8307de9344154af0152,h106,-1,complete,0.07448190000286559,5,0.07194709999748738,0.07565279999835184,
502f73caf21217ad016d4af0d8fb6ba09dec2831ec6a6dbde1ccaa8ae29208e1,h106,1,complete,0.07487700000638142,5,0.0745972000004258,0.07646129999920959,
b4623401b01a5bce3fda01c55d68e64b9261c7a19b3ee35d31c3df498db56878,h106,-2,complete,0.07163020000007236,5,0.07109770000533899,0.07247079999797279,
29e88cf204c6ed55651ca2f62ab09f999874002cd80017dd5b82787dd63c9a48,h106,2,complete,0.07567139999446226,5,0.07456910000473727,0.07670250000228407,
9cd0c59f8116870517bd64dfe50d4f7f805241450c246d616983953455af4799,h106,0,complete,0.08140070000081323,5,0.08015200000227196,0.08179750000272179,
d590774fdb9ed02877f0b53e897ec086d40357fb49205b191813a9775d5dc6cb,h106,-1,complete,0.0795460000008461,5,0.07852890000503976,0.08100310000008903,
b07e7a322c093b14e934e7927be995377346a11971d687e2a988584bf09b59a2,h106,1,complete,0.0816728999998304,5,0.08109349999722326,0.08199370000511408,
e9ba7905cd6426e5cd7f4958c9d7068022cd84dacd6697ecad3af40efad7e178,h106,-2,complete,0.07945650000328897,5,0.07786879999912344,0.08012980000057723,
8d298de32501cd48c58e484b6094e136ac4a7c17dc96c95d1cf2169cb9a21492,h106,2,complete,0.08224719999998342,5,0.08168879999720957,0.0855029000013019,
0e7f2203e80f9caea00cfa4681669e939eb46d310f8449432fe85a7bfd08762d,h106,0,complete,0.08971269999892684,5,0.08875470000202768,0.09030849999544444,
6c6010464ff88533fc5ab8c366647f965e4e0f67bb2006d9bc9e2f7ead9573aa,h106,-1,complete,0.08941369999956805,5,0.08898709999630228,0.09033150000323076,
6add8ebeb85ae6fccca54fbe8ed7c81b5a5318f32ace54b247980b8360d23a9f,h106,1,complete,0.0932260999979917,5,0.09136849999777041,0.094143799993617,
c0d5f3fb631a8d63389d6850408c1d6b30d0700bf820cdd9a4dbfbc09740ac4d,h106,-2,complete,0.08702410000114469,5,0.0864757000017562,0.0887049000011757,
2bf3574e8a536b58823d25eb38df7526fda24fef8f79df3ef40f02853b1e7057,h106,2,complete,0.0935170000011567,5,0.09288479999668198,0.09478169999783859,
1d8bd507604eeae663e587445c2c258db0bd27a13a1ab47b4c6f421e97eea3d0,h106,0,complete,0.09369329999753973,5,0.09270459999970626,0.09409379999851808,
2f095c8207244752afced6091ee719f4a2e066b016811ffd2f3a27851a130519,h106,-1,complete,0.09084619999339338,5,0.09059290000004694,0.09182359999977052,
56e8727d168580d0a1d757635df5525c0e2dfd9480dc9861007545101a91fcc3,h106,1,complete,0.0937398000023677,5,0.0928591999982018,0.0955279000045266,
e74109977fffeef9f36265c66e73103eedc640db360e879ca1887aa05bf7646a,h106,-2,complete,0.08957950000331039,5,0.08780750000005355,0.09138610000081826,
d634ded5f5c3f4c87b777f4b8a92f6454405c982919bcee6e0906137cd67ec73,h106,2,complete,0.09734539999772096,5,0.09640329999820096,0.09916700000030687,
dcbf4d77cc33e312de0e9e0a4d972261e0edb6560040554135c4ae37b79aea91,h106,0,complete,0.09504659999947762,5,0.09310389999882318,0.09590510000271024,
ee8f54b30cc898033bd26b0d4f52d7997efccc55ffbac7b4592a2e2d8f11be89,h106,-1,complete,0.09372409999923548,5,0.09271759999683127,0.09448589999374235,
ac02cd9cb64389a1b1db66be08db0cf4f9d71f5529ee3ae1698e0f3865c8bf38,h106,1,complete,0.0974900000001071,5,0.09531830000196351,0.09845350000250619,
23e0009fbda7fcc7bb755a42bcbc310e75b606ec507ad62bc8747ec2a1760c16,h106,-2,complete,0.09129240000038408,5,0.0910414000027231,0.09593199999653734,
73743a3653e516349f11a9e360855bca5aa212a2746045ff63fe32473ab9322c,h106,2,complete,0.09768199999962235,5,0.09738269999797922,0.09789399999863235,
77430e8f2cee207cfc4314561c4a46196872ce4b65a67742dafed71bc817c380,h106,0,complete,0.09706159999768715,5,0.09486820000165608,0.09798830000363523,
d2a82b0ff9fc3c4574ed4eb534b8cddf87f2c6a8627e348816a3767178ea4ef7,h106,-1,complete,0.09498499999608612,5,0.09375639999780105,0.09614499999588588,
4006341b3ea4e4fcbea290c4ff0198809139ccf31d609525b80998049662c7cc,h106,1,complete,0.09802040000067791,5,0.0978058000036981,0.09836889999860432,
486b19d804c5cd802d023530aa10d4b76fe6bd9d46bdeb9303e13e7a5ea399ad,h106,-2,complete,0.094243200001074,5,0.09386990000348305,0.0955861000038567,
fc9f8bce30fb542ac2e39d79bca35581ce415dad69a70d3b5255d78374a67fca,h106,2,complete,0.10008470000320813,5,0.09882229999493575,0.10072470000159228,
61c9814d140fa21e9115e8931a17e0606aa8128bc3beef5045e5a0b695354b45,h106,0,complete,0.10396900000341702,5,0.10239929999806918,0.10610889999952633,
ba7dcee69275bf7080b9a414a99400867884caa339cdd7f0f3b291da6fc019f6,h106,-1,complete,0.1027881999980309,5,0.10124799999903189,0.10439680000126828,
5fa18249a8f6b45b355dee32364e2bb5feb07c9dc069f3ea87c346f20a4c9805,h106,1,complete,0.10546530000283383,5,0.10331569999834755,0.10749809999833815,
413968db8485ff38d247ec63a045d07702d0e61d94c0cf3c6785453b321f8d9e,h106,-2,complete,0.10227840000152355,5,0.10045859999809181,0.1051207999989856,
b574c5896642988135bbb2b79316c6b1b26d8ddcf9dfe1b2348f76bbfd93ca73,h106,2,complete,0.10606130000087433,5,0.10531230000196956,0.10695469999336638,
9aff560432a39056a4a35c4b11e8067c23053a5eadbc344435d201dd3fdb6724,h106,0,complete,0.11789920000592247,5,0.1161560999971698,0.12110360000224318,
1275cc8e279942b8bccc212bcbaa28c9a6729fe4172cb7bda5862eda2d791436,h106,-1,complete,0.11551110000436893,5,0.11408389999996871,0.11790819999441737,
d468ffaf44883fb4d88cfa97f841e99771b952f61c71085b3384444807c3aa98,h106,1,complete,0.12138149999373127,5,0.11801140000170562,0.12273049999930663,
54c4d7874454d8d84904152e70242b323cfc8ee84e19812e2280caa7881e925c,h106,-2,complete,0.11650669999653473,5,0.11271829999895999,0.12069329999940237,
0af487e63441a93fc8cbfa7f210f6cd155ddf1d5e83893442cf06bca79cf1978,h106,2,complete,0.12231920000340324,5,0.12004730000626296,0.12387759999546688,
17a5ca50cc34272e81bae7c23ebce99430d37abe201a77e029c227e33cea3ebc,h106,0,complete,0.11876179999671876,5,0.11764139999286272,0.12084310000500409,
c92f8ab6a8b1e560355a4a283feab40800de67290a3e5b5d31e4be17066ce734,h106,-1,complete,0.11802860000170767,5,0.11593989999528276,0.1201465999984066,
54c3ce177ccadd1875e8f3ac44a96606f8914543948f68aa528c782cc9fbec6d,h106,1,complete,0.12366089999704855,5,0.12220240000169724,0.12507719999848632,
01bacb99a4cbcae0c1f47dc7dfe784c64f6664747a02b40aad3d38d4eb1ccd11,h106,-2,complete,0.1170200000051409,5,0.11545659999683267,0.11972140000580112,
bc1db1e3b25c15c8561f37bf88c568d50374ec3254a192058663fcd02a34c332,h106,2,complete,0.12527460000274004,5,0.1227186999967671,0.12708849999762606,
4b8dd967dfd71e453974287c7285994536d8ee0b10ce4fcb5f006a3dfc3ad684,h106,0,complete,0.12272419999499107,5,0.12207549999584444,0.1235515000007581,
ea004d991a27f540b437e34ccd88577dc2a59b12a155884f120b5f67e551be04,h106,-1,complete,0.12153350000153296,5,0.11996390000422252,0.12233459999697516,
0f592eb550703d0c91edcd1b001ec9fe2eb9367aa49b5eb762af7ec01e03e8e1,h106,1,complete,0.12537840000004508,5,0.1243663999994169,0.1265551000033156,
d0e38d676dc8c0801e477776b45620ca456761441a63d4aaed2a2429ea9e407b,h106,-2,complete,0.11833199999819044,5,0.1164271000016015,0.12233140000171261,
fa09d8a0cdc88b36a7762409d083935364d00ceafb7054ba8c2ba8140a6d3c84,h106,2,complete,0.12644160000490956,5,0.1257910999993328,0.12968009999895003,
0346b589afa2848589741abf632c3efec4163583a940bd5e2b6188f59c943497,h106,0,complete,0.1251122999965446,5,0.12460040000587469,0.12554180000006454,
493d70a027742fa176c94685b288637acab731fa663e99ec6c2ff8f830bd3d88,h106,-1,complete,0.12226880000525853,5,0.12185749999480322,0.12395180000021355,
9e5c961d7ffe9c64ef0efe356305cebaf0fe0c6698e5278bc6b1f373a5a85a4e,h106,1,complete,0.12723489999916637,5,0.12657790000230307,0.12775819999660598,
64843c00182e9240defa0b05de16dad5b93e45144b006cab5af478869ba849be,h106,-2,complete,0.12112429999979213,5,0.11956379999901401,0.12230899999849498,
a942e081002f480fbd13e29067fb7f8c6469644766c06ecfb03a822067dd30d4,h106,2,complete,0.12848959999973886,5,0.12785409999924013,0.12979289999930188,
c614f04c0626e09d49a99d853a26fcd2e6985fa58c7934bdbf16f6e467d5a614,h106,0,complete,0.1261649999942165,5,0.12581359999603592,0.12691840000479715,
b4fdb3820fb8802355c3148457dc44ec9e841dbc6d592e0ef4ebbea2edc50f52,h106,-1,complete,0.12653599999612197,5,0.1251408999960404,0.13219370000297204,
0dff5a15d1f854879f0b2048534482d39d381d0a95d283aef9553395065a26e5,h106,1,complete,0.1299972999986494,5,0.12839639999583596,0.1313159999990603,
13a77ca7c822b0055790dd002d450250e0069da706dcf7a121ac0095d671d1b9,h106,-2,complete,0.12255929999810178,5,0.12124430000403663,0.12336809999396792,
c7030157f24e245a2788b7100a97ea7238649e54993b4abf94aad3bd0dc34127,h106,2,complete,0.13061489999381592,5,0.12979699999414152,0.133093700002064,
197d3e7221bc95fdb70fe32a6951aaa67c85f0ac396ce30b0d35ab89c9de341a,h106,0,complete,0.13804459999664687,5,0.13599129999784054,0.1440558999966015,
941b0c37df6fddfc073484ad22c440bab286cd8c791e048457a205a8ba1c7fd0,h106,-1,complete,0.13453740000113612,5,0.13256759999785572,0.13515660000120988,
d18223687f397dad8c991b76dbd43daca39758ac46c9852bf6aab89834c77ae0,h106,1,complete,0.1401255000018864,5,0.13868149999325396,0.1405164000025252,
0843f9a4a1dde879a0563c92d3158e9d7312313b98d58615b21b974881cc65b8,h106,-2,complete,0.13236960000358522,5,0.13163960000383668,0.1337019999991753,
844cfc73ae72e4b32d4a0cb4e8b0e56af091283f170f32491e81898488e9e61d,h106,2,complete,0.14146549999713898,5,0.14023119999910705,0.14401070000167238,
b01ac2ba971ceb9cffba9298ce3f07a28da217b76a5e1f5e59f1784887840a4a,h106,0,complete,0.1643333999963943,5,0.16259439999703318,0.16824559999804478,
b071646c266d6743510513dcbe70d7da84951eb675d966f51a8b94afa8923af4,h106,-1,complete,0.1612708999964525,5,0.15994429999409476,0.16242849999980535,
df8e45b0484e908b2b490f3c3b5cc11eabd23b21e975a971bbec2fb7e47dd17a,h106,1,complete,0.16623330000584247,5,0.16531080000277143,0.16730249999818625,
645832ac8f3db2e33f06ef4b46a745850633dde130093619a122908eb6d5d529,h106,-2,complete,0.15825170000607613,5,0.15632019999611657,0.1589352000009967,
bc4e5063ff8287f6be69911de1e3b09d5809a251a66f2a3c0f5aaf5271c87c47,h106,2,complete,0.16758410000329604,5,0.1669372000033036,0.17356199999630917,
091085e5cb03e95e280b83e69ef428708171fefc1c4cb04e4353ee5779810d8e,h106,0,complete,0.17523870000150055,5,0.17372990000149002,0.17603480000252603,
b600a02cde6e93a1fa205f958fdb465a6cec8d096887a2e9bbd887d70a465adf,h106,-1,complete,0.17427280000265455,5,0.172334700000647,0.1759563999949023,
89fe9cfadfeb5a47f328fd4ce11dac5c855bf7172ceb7d9de5698003d8e5b810,h106,1,complete,0.17960719999973662,5,0.17871739999827696,0.1827421999987564,
d9d66dd25c2aaea94e3f91289526f6b6efb961ffb77867e2426b9963d2b64724,h106,-2,complete,0.1697502999959397,5,0.16953519999515265,0.17407669999374775,
22c8eb1a67aee039238845d22a63594921b5fe86c0662ec10c1c9079f5d9d1a5,h106,2,complete,0.17991890000121202,5,0.17960319999838248,0.1953496999994968,
21c434e663aa422e0f76e3d70f967ff886da078b0236d3459adbda9a587ce8fc,h106,0,complete,0.18092130000150064,5,0.1788490000035381,0.1814589999994496,
9854259a703e5b343ad6b1ddfd227efe2e6c6af392bcbfd95f1047c6095ba23d,h106,-1,complete,0.17835200000263285,5,0.17600010000023758,0.17928889999893727,
ddf16cd9f5b35b5e2cbc8e70811fc968c78271e86098ce74e2e24e2d3634e140,h106,1,complete,0.18411080000078073,5,0.1819415999998455,0.18473510000330862,
1af760873716a412465ecf7bbe2640bf4d1c6e67c926d911b1073e9e7334ee25,h106,-2,complete,0.1746426999961841,5,0.17210930000146618,0.17825820000143722,
9add734acc5ba25214110eb86e82194d7c56ec0dc692da38bfcc1c8ced5cfc7d,h106,2,complete,0.1872157000034349,5,0.184311400000297,0.18825659999856725,
37231fcba72877611891245be4b4070df3be0e5b9d4e311e72bea3d7d0e29ea1,h106,0,complete,0.18426999999792315,5,0.1830002999995486,0.18625040000188164,
3a414873f5b93ff814a2307f95bc43154530a2f11e93a108acb76bc5e47ef984,h106,-1,complete,0.1821196000018972,5,0.1806762999985949,0.18364350000047125,
a9c257e469e2b6408dcb9233d2734e3d44eadef8742c89e7b02432f38cc3cfbb,h106,1,complete,0.18705999999656342,5,0.1850055999966571,0.1890925000043353,
5a60b0aac9915e06e91f9c8b7b0e2a2cde440c5d6a64739b7df67ad3c2d1b1e9,h106,-2,complete,0.1781942999950843,5,0.1766362999987905,0.18205239999952028,
5ce9300684184e195b001ceb1bcd5737a3280150a2c83c58d1db12b1376bfb39,h106,2,complete,0.19163779999507824,5,0.18967509999492904,0.19310740000219084,
a33f443decf662067cbe81786a1625eee71fe0a3043af0907489b15d48ab328f,h106,0,complete,0.19411519999994198,5,0.19254360000195447,0.1949864999987767,
1b135fa99109a20f022e89d154e9982e8a93c10c56bf806cf7673245d17013b5,h106,-1,complete,0.19101919999957317,5,0.18954439999652095,0.19330080000509042,
713b26e59e9246214dc926b5a6bec32368e113c6e45e420ed05aff93ba083b31,h106,1,complete,0.19676209999306593,5,0.1946525000021211,0.19961989999865182,
26876da463393eb62c6e76bc568ba1340f522b86f438596cafd0a75bca737713,h106,-2,complete,0.18729139999777544,5,0.18594070000108331,0.19190379999781726,
1c9c1b99c8b1013fefa84c79f2fb4ff9d0e69d16e787e20c2a478e45ed5c4870,h106,2,complete,0.1987035999991349,5,0.19689259999722708,0.20079660000192234,
794b65080f1a6c2d71d57bed02923823d3bf01a8848d69006fe1d436a3f1ff10,h106,0,complete,0.2659529000011389,5,0.265308099995309,0.26814339999691583,
0ee4fde39379d69e60c2681a7984faf6ce9c56f0f5b4929696f7868a9fd15a50,h106,-1,complete,0.264653799997177,5,0.26300410000112606,0.26618210000015097,
043952f2f84b36f0d48146a7cf118c6dd12ef2fad821794671d67ad165cfe7fa,h106,1,complete,0.26972599999862723,5,0.26582929999858607,0.27121129999432014,
34ebc5a03a1e3451a6c992a7c388053b703281fdfe20f8f7203a93aa87f6fffc,h106,-2,complete,0.2607525999992504,5,0.2577286000014283,0.26777669999864884,
cd4ea8caf1efd94afc55511be46e949d3a113ccfec8d3061d08bfb2ad5c3a19c,h106,2,complete,0.2698519000041415,5,0.2684856999985641,0.27221849999477854,
cd4417786573950526c5e40b6cb14164aa0b39adb1f7a96fef8999b0d72ac5b8,h106,0,complete,0.38298670000222046,5,0.37889549999817973,0.38601150000613416,
1bdb2bdd235fdb6c06b6af32f53ac99ea6d61b6541a8a71df49da28f8971b290,h106,-1,complete,0.3833299999969313,5,0.3790815000029397,0.385956799997075,
3059b6720e135efdf8e163d96b8e606e9380d46c9b60d741fca4b445dcb894f7,h106,1,complete,0.38185710000107065,5,0.3807225000055041,0.3855279999988852,
8f414df8b12b443f062e558329ad7b7338c39d6f2af9dc2fc16d13ae22b07620,h106,-2,complete,0.38487760000134585,5,0.38185710000107065,0.3866297000058694,
a190267212a0421c65207fbb9075f8f3d7fc9761587d59f32b0b453016763b95,h106,2,complete,0.3800234000009368,5,0.3781807000050321,0.3815533999950276,
9a5aa2dfcdf60a4ab4602441ad66e27dd1b2e7434788ff237a047003401deb9f,h106,0,unsupported_profile_domain,0.0036848000017926097,5,0.003629699996963609,0.003826599997410085,
2c7006ed78d94da5e4b4acfe98a21b4a42567b5df271093bd98d0533a95ca2e8,h106,-1,unsupported_profile_domain,0.0034453000043868087,5,0.0033213999995496124,0.003570500004570931,
493f3f54db7537cf3daf5db4d1598b82e9179a98ce574a3e563ee3030137cba5,h106,1,unsupported_profile_domain,0.005532399998628534,5,0.0052649000062956475,0.005851500005519483,
067a23ea61dfa188770f504b1a75875fad6d884a32843944040b4ccb3fc47cf2,h106,-2,unsupported_profile_domain,0.0035571999978856184,5,0.003501300001516938,0.0037177999984123744,
4c3691094f95ed6ecc8c9fe9b8f07651dcd8b7a2266bb7bf0a4d1fe300a00204,h106,2,unsupported_profile_domain,0.005357000001822598,5,0.005280199999106117,0.00585240000509657,
21168e671e7c9ace2d338d967a6de8c2c9a53a10e6a6620e6205e37ca7d143dd,h106,0,unsupported_profile_domain,0.0033072000005631708,5,0.0032502999965799972,0.0035415999955148436,
023167b54df717200b3754bccb3341c69fe4fd6b1203e336cd1275c24cf34b94,h106,-1,unsupported_profile_domain,0.0033981000015046448,5,0.0032646999970893376,0.0036964000028092414,
0a12b3cc75a4a531bb006d6d022df13722a06de6641c748cf387a4a4cb83043e,h106,1,unsupported_profile_domain,0.0033867000020109117,5,0.0033493000009912066,0.0035138000021106564,
b09ba1a4c1cca9ad42c61417e86bb909cd6369cf2e82a0c2d2944e40af58daff,h106,-2,unsupported_profile_domain,0.0033831999971880578,5,0.003301700002339203,0.0035430000061751343,
c2d665caa25fe94d790a0bf12e351c3794f6a7b72f332b8e281e8ab429f1bf75,h106,2,unsupported_profile_domain,0.0034728000027826056,5,0.0032703000033507124,0.0038190999985090457,
4a02c5c972225207191fec78a0d4eb6bb45d3da00a1d2b72bbe2af456abce749,h106,0,unsupported_profile_domain,0.0034321999992243946,5,0.0033518999989610165,0.0036920999991707504,
35fb9395778189ecf6ed4fdd2da53d0a7f78786f1fc9b53a813cd8f253bd0b2a,h106,-1,unsupported_profile_domain,0.0035422000000835396,5,0.0034589999995660037,0.003614100001868792,
e0c8b3790fd4060a069c78e3193d21865902c7b39696c7f742a1ff005c1e40a2,h106,1,unsupported_profile_domain,0.0034038000012515113,5,0.0033401000036974438,0.003490900002361741,
acba17f621cc67b6eab187e02222c61e6dcb635a5a1ca76ca9ab6bd576f1fdb1,h106,-2,unsupported_profile_domain,0.0034578999984660186,5,0.0033603999982005917,0.003817400000116322,
1f30ef5db501e06330a2fc258ce898062aacae00f10da9331d06007b6aa6bb52,h106,2,unsupported_profile_domain,0.0035208000044804066,5,0.0033035999949788675,0.003600900003220886,
6dbc05626630fff6d67bad22861fef5b4bbbf7dd057e110ce808ec757467ff04,h106,0,unsupported_profile_domain,0.003322900003695395,5,0.003230899994377978,0.003596900001866743,
b15443de681285743d37731736e95043a356a01d56770f0266aef8278e8af20c,h106,-1,unsupported_profile_domain,0.0032003000014810823,5,0.003180100000463426,0.003324199999042321,
8dfb12e6145ab36c1f696826dd3dac0242aac43f7e8169c28727bfd27c2ad705,h106,1,unsupported_profile_domain,0.0034347999971942045,5,0.0032910000008996576,0.003778099999180995,
ea5cd471d3c0277ff5077eb18903adf874c4bdff3d81c006b0e9274ce9bcca6a,h106,-2,unsupported_profile_domain,0.002980699995532632,5,0.0028542000000015832,0.0030926999970688485,
639594b98e215f9b4c967cb484df1a72380c4a6f0df76c55e9798e09aad917a1,h106,2,unsupported_profile_domain,0.0035204000014346093,5,0.0033859000031952746,0.0036265000017010607,
44288915333fd9fd8c4fdce03a993fe99dde9a19386432bb4cebba93c4729c85,h106,0,unsupported_profile_domain,0.0030284000022220425,5,0.002790300000924617,0.0031113000004552305,
2047cf204e75733123b8854f254111d82da9388affc09b72611aac3aa0ec1c79,h106,-1,unsupported_profile_domain,0.0028445000061765313,5,0.0028315000017755665,0.002963499995530583,
12bdf70ad0dc5f3e483ea363bd70d30f215cc693ec587f8a38f9492793909163,h106,1,unsupported_profile_domain,0.0028836999990744516,5,0.0027476999966893345,0.0029197000039857812,
8f6c112df61627247a2cf6ad89a069fc08c3896ed75ddd6ceb811f551a64fce9,h106,-2,unsupported_profile_domain,0.0029324999995878898,5,0.0027966999987256713,0.003031100000953302,
61b1f2c417636c90a66fd13a1a88433aca84ee53612c51cf7bd5753e419de817,h106,2,unsupported_profile_domain,0.0028634999980567954,5,0.002790699996694457,0.0028756999963661656,
750b200ae89c578c5eab89a8d531da0e7fef24ef4521151b8b799e3c4cf898d5,h106,0,unsupported_profile_domain,0.0022090999991633,5,0.0020851000008406118,0.0023713999980827793,
105697943458479a93c855db1a2ccef517588c9e029371d1d42fac5be9e331cb,h106,-1,unsupported_profile_domain,0.0021322000029613264,5,0.0020433999961824156,0.0023159999982453883,
6514906f93dd2efbd65bda21becb00dcfe2472ae41285d4f5b0d34b491fe6f33,h106,1,unsupported_profile_domain,0.0024651999992784113,5,0.0023648999995202757,0.0026907999999821186,
1bcdc2982a6afc036c87a5aa2babbc36ace6637b4c00e6c384093a464f55ec21,h106,-2,unsupported_profile_domain,0.0021393999995780177,5,0.0020520000034593977,0.0029269000006024726,
f19a3bdf71309eb61ed18e0fc30677dbc44874b44aeb6811340876aeab6e3b7d,h106,2,unsupported_profile_domain,0.0024568000008002855,5,0.002416600000287872,0.002665200001501944,
ed2e6c07e2a6772b04a8a7e5c21242396a8d85be7c1b6fa5134252996736a43e,h106,0,unsupported_profile_domain,0.001302700002270285,5,0.0011291000046185218,0.0016725999957998283,
d9161945efc3f5762e5b1bb238bcfa9e5df6a81834990594ca21e47b4f82da2d,h106,-1,unsupported_profile_domain,0.001196400000480935,5,0.0011408999998820946,0.0012398999970173463,
a2658c2e8bd193b88ac43a1d4fbc1317441bbc8d9c274ca3ff48257fd8819874,h106,1,unsupported_profile_domain,0.0011913000053027645,5,0.0011369999992894009,0.0012169000037829392,
cf5d1010978c16fbd3916671adcbe0a9bd81b2727ff109d4a3e84477eb0aeeee,h106,-2,unsupported_profile_domain,0.0011719000031007454,5,0.0011299999969196506,0.001222099999722559,
3e4079dbb63ab5a43180475fcc6d777b548b5965fce17e43ab5523ff46b08a5f,h106,2,unsupported_profile_domain,0.0011625999977695756,5,0.001130399999965448,0.0013214999999036081,
11dd07f952480e6b8670c05645381bf473621ef6f2229002b806cc8fb03bb5e9,h106,0,unsupported_profile_domain,0.0011967999962507747,5,0.0011158999986946583,0.0013841999971191399,
e764aaddfbe5350e5c719efdda8c8a933d6c45a9986856ab1534e4fbf47ea382,h106,-1,unsupported_profile_domain,0.0011503999994602054,5,0.0011287999950582162,0.0011952999993809499,
392378ea962b0acee4457ea2b1b5e8537e639ff240a1d63622d49432396ea708,h106,1,unsupported_profile_domain,0.0012716000055661425,5,0.0011298999961582012,0.0013160000016796403,
5c2c660dd0169ad038fee6779c4e60b9591c2883f49269d3c14660d0ced88c93,h106,-2,unsupported_profile_domain,0.001170399998954963,5,0.0011503999994602054,0.0012618999971891753,
8940d2d7066616aa7c4f9379304f6c884c4c6f9d5da977ee20fe47731f7687f3,h106,2,unsupported_profile_domain,0.0011545999950612895,5,0.0011430000013206154,0.0013094000023556873,
5677dc1136b6de227222b15066dd6af358c62f150cc2c15252e706d008857a0f,h106,0,unsupported_profile_domain,0.0011895999996340834,5,0.0011396999980206601,0.001298200004384853,
334c395608e074a89b9c7a6ee0415225afd2cc3058be70b49d41f2cea4cca0bf,h106,-1,unsupported_profile_domain,0.0011654000045382418,5,0.0011520000043674372,0.0012835000015911646,
c5b7cc22fa288a51464b64ac5c9d6858c4da7440cabe1a0494a7fdd0eee1e0fd,h106,1,unsupported_profile_domain,0.0012687999987974763,5,0.0011398999995435588,0.001355899999907706,
821f9b6c1ed157acf15f0f7e50a8f4a0080f799b33d3434054a381a2915a0b35,h106,-2,unsupported_profile_domain,0.0011998000045423396,5,0.0011518999963300303,0.001238699995155912,
c1b279cd76ed4ce40214f2d822f21af6ce17e3db809a3841eab8b4ccc273ed8b,h106,2,unsupported_profile_domain,0.0011614000031840988,5,0.0011354999951436184,0.0011708000020007603,
c21a981d403af924b24cb1d1238da183fa625acb6b25eb2dedf38d77d21599d9,h106,0,unsupported_profile_domain,0.0009101000032387674,5,0.0008826000048429705,0.0011859000005642883,
def3d46554b93bb3b602961431e4dbc8f83328299ce08740ea6dabb54635a2fb,h106,-1,unsupported_profile_domain,0.0008884999988367781,5,0.0008728999964660034,0.0011298999961582012,
fdb85b3ddb84fa71686d0df44e4d3e759434ca4406eba5948a966e9ddd6a898c,h106,1,unsupported_profile_domain,0.001192899995658081,5,0.0011529000039445236,0.0014260000025387853,
b06229cf476f42efd90c564152eb84d5c59411a74e20cdeb15d7e635a773dd17,h106,-2,unsupported_profile_domain,0.000994300004094839,5,0.0008817999987513758,0.0010793999972520396,
c403090686c4060eddcf111581ca20650e8f5f62064564254f15177a4b878af1,h106,2,unsupported_profile_domain,0.0012282000025152229,5,0.0011281999977654777,0.0013333000024431385,
690916238e5bb1e7546893fa0b340bec693d9b366d76f3c2a1b5626f3b6e45a6,h106,0,unsupported_profile_domain,0.0009732999969855882,5,0.0009023999955388717,0.0010253000000375323,
8daaa155b4dd2431f32d6a4be43f5f7e8b4417049034cae76bb78163ba650c94,h106,-1,unsupported_profile_domain,0.000901699997484684,5,0.0008908000017981976,0.0009980999966501258,
6533e5223e321cc356883a06d155de50280d6d91db7e1f76d0c3f2ab16df5b1f,h106,1,unsupported_profile_domain,0.0009399000045959838,5,0.0009085999990929849,0.001326699995843228,
29fa90f666d6919f417a6b5c4df46ddebe2032e82863742ea391fec6546c6754,h106,-2,unsupported_profile_domain,0.0009448999990127049,5,0.0009180000051856041,0.001003199999104254,
bd7c11303af5bf9f22ae9c65d2a86a82fa812ddb8375969af5ce8610bb8de306,h106,2,unsupported_profile_domain,0.0009279999940190464,5,0.0008969999980763532,0.0009591000052751042,
82f6d9cd9f5142220029d0d88cb875a7aba75ac036e6a8e0693ac77a21e43e6e,h106,0,unsupported_profile_domain,0.0009791999982553534,5,0.0008930999974836595,0.0010477999967406504,
05efb96371eab035d72b0e6ffb584aa01b658069c85b80f9676528367a7f09c8,h106,-1,unsupported_profile_domain,0.0009615000017220154,5,0.0008830000006128103,0.0009831999996094964,
ba6dc8810e670f7ad7be41412d597955bfe6badd660a4c6eea7be4c134a16363,h106,1,unsupported_profile_domain,0.0008977000034064986,5,0.0008903999987524003,0.0010070999996969476,
bdc86423a48e112603c5d3867c55b23789f31be68ebb4ab49620b76aa6d79ddd,h106,-2,unsupported_profile_domain,0.00089079999452224,5,0.0008834999971440993,0.001141499997174833,
e7d1a537cacffddf6e52ef067d7f51d0afc084157e7410abb985c38d3946b97e,h106,2,unsupported_profile_domain,0.0009034999966388568,5,0.0008949999973992817,0.0009760999964782968,
7a3caeef58acc6320a355adf07ee4009d4ff2289e328f47b96458d4b099676b0,h106,0,unsupported_profile_domain,0.0009785999936866574,5,0.0008962000065366738,0.0012178999968455173,
b21495296c068c727fdd53493d34de21ef9571531b8c395f5a523c402181bacb,h106,-1,unsupported_profile_domain,0.0009961999967345037,5,0.000894600001629442,0.0011207999996258877,
561e6ef1835f64e1cddc1173b875a6c941d8eb8c177012317583dc52e8824d11,h106,1,unsupported_profile_domain,0.0009618999974918552,5,0.000930900001549162,0.001015200003166683,
57d9e811907d0e446cc90c9ebe7ada6b1ed71f66cd26bd7d391c9c88c08b11b7,h106,-2,unsupported_profile_domain,0.0009991000042646192,5,0.0009045999977388419,0.0012035000036121346,
7828a7580e8760c033b80662f1ae53e018f4b946c42765dd9c464d9f30d10882,h106,2,unsupported_profile_domain,0.0009799999970709905,5,0.0009152999991783872,0.0010342000023229048,
aae0cc12a005709b8325fcfc3ab711d4614c7aaafa8928e30581db46913e4f8e,h106,0,unsupported_profile_domain,0.0009218000050168484,5,0.0009138000023085624,0.0009855999960564077,
e79c524988d9fab17c5510882cc58b6b6ea1c059dc05de63fcc0775a7b931d0a,h106,-1,unsupported_profile_domain,0.0009846999964793213,5,0.000913099996978417,0.0009910000007948838,
f54d9b21acbab886a81c505810bf3571a723f42503ee1c61b5bc7e85ddb861aa,h106,1,unsupported_profile_domain,0.0009497999999439344,5,0.0008996999968076125,0.0011134000014862977,
557c3ce97c01c2ec795b693aa646f753a703265ad8f4221d2262c3a238449229,h106,-2,unsupported_profile_domain,0.0009443000017199665,5,0.0009184000009554438,0.0010158000004594214,
6bf578facabddcad9bb327adfb7189a00700811cb7ddba45b84c5eb7896517c0,h106,2,unsupported_profile_domain,0.0009343999990960583,5,0.0009243999957107008,0.0010535999972489662,
33d8d88fec2fb5bfb35c4bac1cfcd89b7ad9ab7abcb1225239c3ed1fa4b05867,h106,0,unsupported_profile_domain,0.0009410999991814606,5,0.0009198000043397769,0.0010455000010551885,
5a233fa87f8a00dd1ff77835ccde37ca4630a7721242b2c37fe9b84d9f898c90,h106,-1,unsupported_profile_domain,0.00095599999622209,5,0.000901999999769032,0.0010102000014740042,
153f04e72f000040479c8c796e3bdc7c1a115fa06e01432353f6b45d71b7b3da,h106,1,unsupported_profile_domain,0.000916600001801271,5,0.000897999998414889,0.001019399998767767,
ddb5e2323447d2a5d2e06771e0947d01b6a3dc9219897eb2312ece920450c8b7,h106,-2,unsupported_profile_domain,0.0009711000020615757,5,0.0009021000005304813,0.0010200000033364631,
e7706b3b1a8932b57daa46fbdfab254d57d2a9ac056623e527d4515005b543b2,h106,2,unsupported_profile_domain,0.0009059000003617257,5,0.0008874999984982423,0.0009905999977490865,
6d44fc48a016b64af84a7aa94ae94771ae0fe3012495849f7e774e4827aa3aa8,h106,0,unsupported_profile_domain,0.0009509000010439195,5,0.0008806999976513907,0.0010141999955521896,
4c83d04f0ca2e2916e61f3aec46c4dc83ead8e4f936960ed4c923ce602f51f10,h106,-1,unsupported_profile_domain,0.0009198999978252687,5,0.0009032000016304664,0.000978299998678267,
8f76c31bee3e46fcc1de91fb151de0aa361e95bc4dd75e3eaf6ee2c4f6333860,h106,1,unsupported_profile_domain,0.0009712999963085167,5,0.0008926000009523705,0.001015699999697972,
d398fc8453de5915a2f261ef5dd5c139f43d5451a07331b328465589e3e1665d,h106,-2,unsupported_profile_domain,0.0009767000010469928,5,0.0008958000034908764,0.0011079000032623298,
9652e557bdcf60f9431fd3c48fc285e5538deda5770a8cf683801c03afe7130b,h106,2,unsupported_profile_domain,0.0009652999942773022,5,0.0009044999969773926,0.0010504999954719096,
eb421df61fa6949e2f0bb2adfbfeb6e8e5b6dc278d49e6d1aac71a9d88a26455,h106,0,unsupported_profile_domain,0.0009609999979147688,5,0.0009160000045085326,0.0010279999987687916,
a7b59171b7dd3f3b8ee243c4f01ec91aa289ab372d20294c4ef00a88a31ba97a,h106,-1,unsupported_profile_domain,0.0009254000033251941,5,0.00090970000019297,0.0011819999999715947,
8e7803b950beb2e3cb2c60139a09bd025f56453e232d9a5401adada19fb94296,h106,1,unsupported_profile_domain,0.0009161999987554736,5,0.0009004000021377578,0.0012316000065766275,
183a2472a88b2d210e4a9687dbc73d66ce4be44821f714a7001ceabdfc5a8664,h106,-2,unsupported_profile_domain,0.0009797000020626,5,0.0009141000045929104,0.0010928999981842935,
fe7192f9b04df043772469af826db32bfa04cef03408da3f8ba143e194cc398a,h106,2,unsupported_profile_domain,0.0009298000004491769,5,0.0009011999936774373,0.0010111000010510907,
e664cc3b49fbdf4c6701c9fa5b8dd9e5095e4979bffab773aea2592d5e91e989,h106,0,unsupported_profile_domain,0.0009952000036719255,5,0.0008932999990065582,0.0010065000024042092,
0563fb5fd10aa45ca3093dbf2c205e69e849f6599b4114df0df1542ce5becc13,h106,-1,unsupported_profile_domain,0.0009447999982512556,5,0.000916600001801271,0.0010411999974166974,
781f81cc27057578f40c473cc36ee25884a18548369efe0eff97aec33335ee62,h106,1,unsupported_profile_domain,0.0009439999994356185,5,0.0009050000007846393,0.0011138999980175868,
8bcad450ed611d3bc755a6e2ae3c5445b70095cc877e35ef88d5a990ca58ad4c,h106,-2,unsupported_profile_domain,0.0009474000034970231,5,0.0009280999947804958,0.0010334999969927594,
80c8545d8450c8f747e6f7b41be7dbf42ec309f3f820d6b80a8638e7f98d30bf,h106,2,unsupported_profile_domain,0.0009311999965575524,5,0.0009188999974867329,0.0009607999963918701,
0c7c71ad05b72cc219c8bd8b9ee6b7a2a1a80633519a793f974b5151b2bffcc6,h106,0,unsupported_profile_domain,0.0009963999982574023,5,0.0009285999985877424,0.0010791000022436492,
86086ca4adc5a05d73fff4c616ded844f7f947152a23a5e495bf7d112d7abce9,h106,-1,unsupported_profile_domain,0.0009610999986762181,5,0.0009385000012116507,0.0010450000045238994,
20dfdd875856fee47cb708e1aa08f6a3501a8ed498a4e4c813259e1759de5996,h106,1,unsupported_profile_domain,0.0009800000043469481,5,0.0009292000031564385,0.0011950999978580512,
b49f40d43af06f71e8959ad3ebd6b306419cff89cded31956894c25330e1bfc0,h106,-2,unsupported_profile_domain,0.0009420999995199963,5,0.0009325999999418855,0.0011986000026809052,
179745c4f3133397c4014f7a8ca3dd520300292a350744576a710f02da54d0c9,h106,2,unsupported_profile_domain,0.0009657000045990571,5,0.0009366000012960285,0.0010499999989406206,
7b319f046217f14618d5f9c37a742f29332960e6fee61c9099e809ad50adcd02,h106,0,unsupported_profile_domain,0.0008687000008649193,5,0.0008295000006910414,0.0008831999948597513,
3576d7f078b1d6c9a2bed7e3bbfde5500601f8bfaaeb67d469c4334b489199ed,h106,-1,unsupported_profile_domain,0.0008448000007774681,5,0.0008072999989963137,0.0010690999988582917,
246d2463f13250e3acaebfedfa3bb8bd87dabdb3bf45acc2f93b98662999a151,h106,1,unsupported_profile_domain,0.0008899999957066029,5,0.000814799997897353,0.0009749999953783117,
22f91db5e4dc1f61037e4c267f2841bf637e31441daea58e421a7628c61ee530,h106,-2,unsupported_profile_domain,0.0008518000031472184,5,0.0008195999980671331,0.0008605999973951839,
cfedc9ecf05a317a67e0511c62aca648d5bf9db0a9f2abb1d564c4cb92e30af5,h106,2,unsupported_profile_domain,0.0008802000011201017,5,0.0008129999987431802,0.0009591999987605959,
97c803f7bfe0caf7d3f00a03d91d7c80534b154609c8cebc51d7dff8bcde84bf,h106,0,unsupported_profile_domain,0.0008238000009441748,5,0.0008009999946807511,0.0009414000014658086,
d3d3965929199e56f23405e1534bf5f4b48ce6da7d935b3cfdbcaf1c6f83ca8b,h106,-1,unsupported_profile_domain,0.0008530999984941445,5,0.0008196000053430907,0.0009180000051856041,
c19146ddaa6e47c57f7646e9a3ee567e2b030fd7965e6f578d44d48ecfe53b01,h106,1,unsupported_profile_domain,0.0008728000029805116,5,0.0008234999986598268,0.0008892999976524152,
36cc93ea55337f59ed873ec118ae7982992d8c6efd0d01fac28d58ec783210b5,h106,-2,unsupported_profile_domain,0.0008730000045034103,5,0.0008214999979827553,0.000916600001801271,
1659fbdb0908299f7181a383bc9a590b5873bf775e4c4d683770fa474eef0226,h106,2,unsupported_profile_domain,0.0008478000017930754,5,0.0008197999995900318,0.001065800002834294,
40920f98cd68e4aeacf546d5a704e81a7b69933b8493850e783b7873fdb65ac2,h106,0,unsupported_profile_domain,0.0008472999979858287,5,0.0008249999955296516,0.0009155000007012859,
a4b1b80fccb6738598ca2340aa4bf49eacb9bbb9f9355b3da2cf9279caf9a70d,h106,-1,unsupported_profile_domain,0.0008607999989180826,5,0.0008189000000129454,0.0008777000039117411,
a650112993e6c0b23b03adf5f63280d83b82c82647d56c4794938ba0ed4da377,h106,1,unsupported_profile_domain,0.0008338000043295324,5,0.0008116000026348047,0.0008892999976524152,
a9d75d26c07872bcbf18bc8b211750079acc7dc5d0cc8686e721aeab628019c2,h106,-2,unsupported_profile_domain,0.0008798999988357536,5,0.0008080999978119507,0.000995800000964664,
68ea7d265626987b30b26692ed9e893ca856b8b615d34ae6af39fe3fd6a3cfec,h106,2,unsupported_profile_domain,0.0008545000018784776,5,0.0008266000004368834,0.0008980999991763383,
e708050a31bd3035a7862d456c23e5a33997e87b5fa6931c44dfccb5800810bb,h106,0,unsupported_profile_domain,0.0008479999960400164,5,0.0008121999999275431,0.0010037000029115006,
07fe358640d58805aed73ef31d96b5bda05d2b3935be011c90ca5e9fa36f4e5b,h106,-1,unsupported_profile_domain,0.0008995999960461631,5,0.0008125999956973828,0.000934799994865898,
e255e08d4a9589a7d4322530959496955be92e01b6b00c25f7fb08cf99772f8c,h106,1,unsupported_profile_domain,0.0009355000001960434,5,0.00082970000221394,0.001112400001147762,
6e22cba1d1d3af269a3d5d675e4f8b7e73fc678ee5753f0a9efccd107c71e366,h106,-2,unsupported_profile_domain,0.00085449999460252,5,0.0008224999983212911,0.0009145000003627501,
b853bb0bd8eaf804b6c1a7fe33ea471edbb820b42ffddd14667744dbc0b0405f,h106,2,unsupported_profile_domain,0.0008721999984118156,5,0.0008271000042441301,0.0009785000002011657,
b06a425ffe53f76ad8c034fa38175c0e15e9aea4f176a5ce16614a1a1a6379f9,h106,0,unsupported_profile_domain,0.000821899993752595,5,0.0007991000020410866,0.0009801999985938892,
d16b6d0488e86d9cd5d311780e0d729b9cbb2dcf1e2fbaf9ee1ae3db207267b1,h106,-1,unsupported_profile_domain,0.0008130999995046295,5,0.0008054999998421408,0.0008933999997680075,
ddcb4cc177deb55cbc2d311fa59d7b1db3ac38a798ab90d544362ca0da4f2d95,h106,1,unsupported_profile_domain,0.0009031000008690171,5,0.0008172000016202219,0.0009497999999439344,
6a6ce725c28bd6737ab49bcf43d55eb167f9fcca5ee581518bbede3066118e26,h106,-2,unsupported_profile_domain,0.000833400001283735,5,0.0008193000030587427,0.0008637999999336898,
63e0cafc7d690200d4cb7eae2aff02bb55a2218000b20276aabbbf03ffbdc506,h106,2,unsupported_profile_domain,0.0008434999981545843,5,0.0008151999936671928,0.0010757000054582022,
520440cd95dd0abec1c37182151de968973a2ba86cdf084cbd57c158930db320,h106,0,unsupported_profile_domain,0.0008462999976472929,5,0.0008361000000149943,0.0009178999971481971,
0cb35d29c64c4b2a59ab80662bdeee39ee7d99263f10bc7707e3eeecc37a6fe2,h106,-1,unsupported_profile_domain,0.0008368999988306314,5,0.0008101999992504716,0.0008874999984982423,
a0ce7144b0023e5aad4535903c9b9c998f9b4358bdc611199490f86e680e3644,h106,1,unsupported_profile_domain,0.0008197000061045401,5,0.000814600003650412,0.0008890000026440248,
ca452235e2a4df069d6ec31f3e14b98a148b715a50e13a5f869535fc1ea15c30,h106,-2,unsupported_profile_domain,0.0008608999996795319,5,0.0008263999989139847,0.0008760999990045093,
0d50c2a9323115a2035ad0a773c28d6dbece87215fec221e5c884e264ef033c3,h106,2,unsupported_profile_domain,0.0008855000050971285,5,0.0008305999945150688,0.0009939000010490417,
dff4b4dfc6ce3906839de59ae8b94d2714224a81bc465be33338210f0c897298,h106,0,unsupported_profile_domain,0.0008332999932463281,5,0.0008155000032274984,0.0009339000025647692,
ded99dbd0576ec5475586940e1ccda2c3699907b6254ed7ee26d01397d0e8c78,h106,-1,unsupported_profile_domain,0.000836799998069182,5,0.0008206000056816265,0.0008624000038253143,
e117fe2b1846e0f1e32d73feee8514fd72068b33d335764a34323848963cc596,h106,1,unsupported_profile_domain,0.0008170000000973232,5,0.0008125000022118911,0.0008608000061940402,
d0ead9dfbff0538c26d21b4f77a0e3bf3f48d668c99600ee7aba7ac798d8653d,h106,-2,unsupported_profile_domain,0.0009053000030689873,5,0.0008038000014494173,0.0011400000003050081,
ef6b4b51fa042532e342af0bcd032aa6e9431c95e7e4133722c336c8c3ffb7b0,h106,2,unsupported_profile_domain,0.0008223999975598417,5,0.0008138999983202666,0.0009290000016335398,
df8d8fa01680454b94358613bba09ef314e4b2e70170bf410a52d757c2b3db2d,w201,0,complete,0.010854400003154296,5,0.010324800001399126,0.01096030000189785,
03be57e05bb09414652a808b9f95a6254ee26381cee0e86f6cb053050b52c12a,w201,-1,complete,0.010683499996957835,5,0.010469999993802048,0.010911100005614571,
3c04980f7a77b1a18eb05ea3df4aaca9a555dc3614e6c237c5bd3c65c7f13cbc,w201,1,complete,0.010740600002463907,5,0.010571699996944517,0.010768899999675341,
9c77b376572058bd2bcdc2b21f2ba99d91e033b6068b27513d38589ca91d3ae1,w201,-2,complete,0.010588299999653827,5,0.010329299999284558,0.01101050000579562,
4d6adbc650c645f741263526668b524a42e02b87f020ef8d0e93b557ead84363,w201,2,complete,0.01079310000204714,5,0.010276100001647137,0.011354100002790801,
0157cc712305c1cc93e2015ac352f24946b3c79d65730622572d1c23c0e937ec,w201,0,complete,0.010641099994245451,5,0.01037279999582097,0.0108297999977367,
e3cfeb60f8e5f56e101b61c16240fec455d9b1c83712091f42bc69e13286df51,w201,-1,complete,0.011007900000549853,5,0.01031199999852106,0.01116829999955371,
c4442a3769038181a7f698d9353d8418b1cf71fadc81cbea9e42238e026102d2,w201,1,complete,0.01086840000061784,5,0.010410100003355183,0.011201299996173475,
b8ab97893f675430230320a25e6482f14f82c951e240acbb12e32dcf670d3d31,w201,-2,complete,0.010755999996035825,5,0.010572099999990314,0.011347500003466848,
a1c18e2232414f49ac35f4a5b053dac54f421bd120c327a5f52494396b554c15,w201,2,complete,0.010499899995920714,5,0.010343499998271,0.010731599999417085,
2a805a28b7e198b2b1fea70f597488629ac39c017f132273a454845b20d3f30c,w201,0,complete,0.010515400004805997,5,0.010255499997583684,0.010870700003579259,
7a9a960d98541486b5ee21240dc9390c762ab557c2f4621e245697469fa88745,w201,-1,complete,0.010639100000844337,5,0.010251899999275338,0.010876399996050168,
272160d40db20739171e345c9ef959b2d3e0f41f0ce9f6e10680d12b3743a25b,w201,1,complete,0.010665100002370309,5,0.010123400003067218,0.011100099996838253,
60df7ef072680d091ebd6ec65a5cb73a9be3ae78d18a091cd3dbd130e6b091fb,w201,-2,complete,0.010672499993233941,5,0.010404100001323968,0.010825500001374166,
ca04d3fbfc677c55bc7ec668da75f15cce2c8ce592ce2d64c2fa86b17f44d7a7,w201,2,complete,0.010645100002875552,5,0.010276100001647137,0.011162700000568293,
947ee379bc92ce20f5fe570728a9577d2675bd82a54264afc3359d8617e7dc5b,w201,0,complete,0.010951899996143766,5,0.010616999999911059,0.01188199999887729,
9774aab8e2028cf23cc905716746c904e0e40777ea5304e672b6fe5d4dfbfd55,w201,-1,complete,0.010661899999831803,5,0.010279699999955483,0.01088529999833554,
5bd9061a66f3ed5ed9e0d18a172fd4e40b8d8c720b2fb3b990f632add9ee32b9,w201,1,complete,0.010458400000061374,5,0.010232400003587827,0.010830400002305396,
6cfb89c8d36cf6d8c20f68328ce5e0e16bce29b99084ab6bf077b200b35fa048,w201,-2,complete,0.011079600000812206,5,0.010633099998813123,0.011871299997437745,
cc4225976d9ced733f3b94e4a519fab55e310f7a11aadd3a2c6d76a453566270,w201,2,complete,0.010628099997120444,5,0.010217700000794139,0.011239600004046224,
62e0e6c581f174560498c3f7a7df697208db66e6b6578926177a7cd1698a3560,w201,0,complete,0.011145700002089143,5,0.010603699993225746,0.011749600002076477,
e0270d996c5882917b28fff1441e0ed5ec50a0f35ee30f16c94808371fc82436,w201,-1,complete,0.010714900003222283,5,0.010544400000071619,0.011115499997686129,
2fca517a3fe7c702fc717309c34db59274e1c1a1576e8db4dc249ff2bea79237,w201,1,complete,0.010826600002474152,5,0.010356999999203254,0.011577300007047597,
c98f059d659d211d878255dc4cc101192a836188fe6da914f2cfb8821cef6cf1,w201,-2,complete,0.010693699994590133,5,0.010262099996907637,0.011014099996828008,
13cd1c23298d705f0c890148101d1c756bfbf6521e2ec9fefb43748668348ad6,w201,2,complete,0.011051099994801916,5,0.010796000002301298,0.011683700002322439,
78464bcb26a84026d62bf9890dbe7314ad97dc67a50a26ebaf72c80e9caa34ba,w201,0,complete,0.01117089999752352,5,0.01059680000616936,0.011479599997983314,
387cd8ce376b9fda3b346844e229c495d088dd256f9599f1924d6ce8507e09bc,w201,-1,complete,0.01065750000270782,5,0.010545899996941444,0.011508499999763444,
2f274a13ce4d10ac5486749ccd02a6cdf0de63fd0fad7fa4b01e3e6b276454c5,w201,1,complete,0.010905300005106255,5,0.01038719999633031,0.011610400004428811,
0af49d6579b48ecf10e1e2292643d90f4aa524c9a91e660658f4d7c7c74919e6,w201,-2,complete,0.010721899998316076,5,0.010370700001658406,0.011213099998713005,
cb95bbdbe87367d54a21bc28faf9b3f7d12606858263bed1b928eae06bbe5bf5,w201,2,complete,0.011018700002750847,5,0.010557499997958075,0.01138570000330219,
de9ca4f130680eac2d0b07eebf478eabfa52b49f5345874490acb8638b2f0ee6,w201,0,complete,0.011089500003436115,5,0.010489000000234228,0.011302900005830452,
93e10988ff7445b947743db3f316c5b2888c28fba247d995e5d37105dca1a814,w201,-1,complete,0.011070100001234096,5,0.010608700002194382,0.012006000004475936,
6d3d326c4a2dcc49eb803065e7427c6f6fec43907c69ca0eed4e338517cad5e8,w201,1,complete,0.010960799998429138,5,0.010831200001121033,0.011204800000996329,
b9907042842b14e261fe144db1c570ea278d05b1acc1ae46e995f2e0e2be96e6,w201,-2,complete,0.01097009999648435,5,0.010760600001958665,0.011078000003180932,
067d28356a8ee0ef3c7e86f0c7bc3e8734989358ae086999c667ddb14cb55fbb,w201,2,complete,0.010937299994111527,5,0.01084899999841582,0.011391500003810506,
13aaf028ae971ae977c96cacf78b6f2a50929a291bd39fed9797e9912e15b00b,w201,0,complete,0.011409000006096903,5,0.010800199997902382,0.01178329999675043,
84af7221a1119b38649568f482372a6077f0463f8b4c8410b97b8c3aef3f60d1,w201,-1,complete,0.011319799996272195,5,0.011033700000552926,0.011656000002403744,
3c989e4722bf92b5dfcdb43766dcd38277ca702384090dee5c905f0976f5ddcf,w201,1,complete,0.011388899998564739,5,0.011139599999296479,0.01190130000031786,
988af4800ba1ad17e907edf2377c1c66ff1f690af143c0ba04c920bdec7286c8,w201,-2,complete,0.011310300003970042,5,0.01111490000039339,0.011435899999924004,
a1ec6df581a582ff8cf17223d2878c927d09fe4843cb2c0b39c142f2cf377cda,w201,2,complete,0.011876399999891873,5,0.011129999998956919,0.012076599996362347,
b06f54e3ffa7759b7ac3a90c1c3725348f26233a193ae208ced0715d59bc985e,w201,0,complete,0.013448099998640828,5,0.013330400004633702,0.013824000001477543,
22ba8b82ad8296935cd6b20fcada548e6f4f5b495a929d9755cba162a7a838b2,w201,-1,complete,0.013122600001224782,5,0.012949800002388656,0.013504299997293856,
f584d4b43874e4b31e63402f2bb5f6ea1b998cf59778d66d37f966c56b996b16,w201,1,complete,0.013925400002335664,5,0.013100699994538445,0.014058000000659376,
f3179972e79ed83f4c02af104bf04437513e5b96aa12bc2e5212b24973e83d52,w201,-2,complete,0.013390500003879424,5,0.01328250000369735,0.013485200004652143,
785ead8d9ca4769b9c9b68880c8becee13981a710c40d1f3e3d45b8976bed5b1,w201,2,complete,0.013848100003087893,5,0.013180299996747635,0.01454119999834802,
0e4df6bd8b1f73d079434fd17b5d971e30a7ef9de523de2c120d03f95b318f1e,w201,0,complete,0.021796699998958502,5,0.021280200002365746,0.02202400000533089,
4f162c2be5336b097f2252841340204562a02e345c46975da4d19fa51485b790,w201,-1,complete,0.021620600004098378,5,0.021544399998674635,0.022574800001166295,
06b729c56b337b0ce9150471ad4e2685ea8763d12c71f99986c09091a3dc4466,w201,1,complete,0.02197419999720296,5,0.02173620000394294,0.023099700003513135,
c1bf119a7de1e912f1544db9558126dbaa88bd17d2d835f0966cb9dd85861ec1,w201,-2,complete,0.02134680000017397,5,0.02107840000098804,0.02206859999569133,
229a04e3aab590d30da924ea8ee4d0542f79d14aebd84b9e27474bbbc5a8d37b,w201,2,complete,0.022290299995802343,5,0.021783700001833495,0.02270880000287434,
da32300382eb21c5af97990c1260d4d5a8842d20c115b5f7386ce11786df9f31,w201,0,complete,0.02620520000346005,5,0.025382399995578453,0.02673329999379348,
2cba5691d931b8c32a13b54e3fabd0d65b4656b9f232f8e980b44240894fbfc0,w201,-1,complete,0.02614769999490818,5,0.02548479999677511,0.02750470000319183,
48969de0c7d924e32d5fd4894b041f09cae641767eb6e7688d45df6319bcf142,w201,1,complete,0.02668950000224868,5,0.025969000002078246,0.027532200001587626,
faf91beeb3b06cff7e9a6ae519e6d5296860003e4a61da4bda50e86e545b77ab,w201,-2,complete,0.026194999998551793,5,0.025683200001367368,0.026748599993879907,
e7e4a2b17cfc96036dc4475a41f88cf8d9722f4b956a65fd045dbfb0e273fee2,w201,2,complete,0.02682970000023488,5,0.026156299994909205,0.027310199999192264,
6a6fc55059819e81a538939e036f068a322919105e2240278bca27cefc787b15,w201,0,complete,0.028725199998007156,5,0.02825709999888204,0.02890290000505047,
f2478a396013dc3c3dc3a34976806ad2c47123a6e56bf77fe087cad1b81c9b61,w201,-1,complete,0.028449199999158736,5,0.028142899995145854,0.029112899996107444,
fa8592c821e9cbdcf316650ad1815fc14df8d51288f71467223a3f349b963a61,w201,1,complete,0.028647699997236487,5,0.028352300003462005,0.02935109999816632,
6999ca8ad8aff2f3229319536607ce531d5364eb133f4639a211b8c50b601802,w201,-2,complete,0.028490799995779525,5,0.027930099997320212,0.02868509999825619,
60b06c589a4398fc310a32c329ceb7652837da455662ac56529491638e6fc88a,w201,2,complete,0.028613800001039635,5,0.02809279999928549,0.02888550000352552,
354f6d8b39971c8883c1e9eb1f503a1dbdfcef486d2f725174d1b81005b56f75,w201,0,complete,0.03010089999588672,5,0.029654400001163594,0.030360200005816296,
4fde0b6bf7b98d1032c6a9da64db6d589a24222eff450baea63cd48b58ffcd44,w201,-1,complete,0.030136599998513702,5,0.02981299999373732,0.030619099998148158,
32bd12de4bb31cac9c6a94e251c122483dd417fe8987455e5fb1fa1228fc22fe,w201,1,complete,0.03016380000190111,5,0.030022200000530574,0.03107350000209408,
be00dfbbe2ac02d82ece452d987bd2e5df9ac7268e0223c56c2e2cd7560a1307,w201,-2,complete,0.030266700006905012,5,0.029623599999467842,0.030491099998471327,
260faeb2d39b10e8a2630eda01722a899a1b3a667245fe85470fe822f6804c2f,w201,2,complete,0.029806799997459166,5,0.029584299998532515,0.03012710000621155,
69d5a17c30f61b7eddfa47804435b214ad663cd8df3fe80a6e8d154b9e50ca71,w201,0,complete,0.03104420000454411,5,0.0302774000010686,0.03203140000550775,
0cad4a444e802f38640d750a73b52a59ef3c6951f06758423a4ffe70eebe6e91,w201,-1,complete,0.03118420000100741,5,0.030414299995754845,0.03206920000229729,
f9c5d2d3c5181d2af4a18d288a530cc0cd69616106a45cce41ded37fadc14f3c,w201,1,complete,0.03176820000226144,5,0.03133620000153314,0.031936200000927784,
fb034021d14a3bbff4b56b222d7ead47e96b8641197da10890eaca6d992baf9a,w201,-2,complete,0.031410700001288205,5,0.031007300000055693,0.03217930000391789,
3f9b84a28c259522f3c2898fce65c3cbd6c97f04662de83893b93627721d9769,w201,2,complete,0.03145579999545589,5,0.031292599996959325,0.03202849999797763,
e4d8d3cd980a991641f51bfcdd7d381a21fb57a8e876304eb2b952d35dc6f082,w201,0,complete,0.031872999999905005,5,0.031607099997927435,0.03290339999512071,
87c658fbc5c1bf39ebbe996d517e5ed3c7f63681b9cb8635fbb9de566135af21,w201,-1,complete,0.0320413000008557,5,0.03159149999555666,0.03251639999507461,
39f26642e86c0a98afe69ab8dc9ce57bf9dd77322d1ef18bddeb5823e9ccf3b3,w201,1,complete,0.032252999997581355,5,0.031589999998686835,0.03328689999761991,
67ab609c4741e058b51672ffde257a32ba9b5fa94563a5d2af36ed41e8ada856,w201,-2,complete,0.03187139999499777,5,0.03164919999835547,0.032441600000311155,
4368448e97cea4341711e103845ac18778df67b7566785cf9f44a02033814ef7,w201,2,complete,0.0318697999973665,5,0.03178920000209473,0.03354379999655066,
08ab721af822364fe6c884b5c6237018d2d8253c13c655172c534742dc8ac58b,w201,0,complete,0.03140880000137258,5,0.03128889999788953,0.03351239999756217,
5323141e9f8095122acaf53d00854f7457cce025962b47869df8fe76b3ce0508,w201,-1,complete,0.03160730000672629,5,0.03113650000159396,0.0329658999980893,
616b280d9daef397ed1a31ba08b1de4187d9a5ee70ab527e2237f230c8ad1cf0,w201,1,complete,0.03159050000249408,5,0.03142729999672156,0.032807099996716715,
8c5c50fe8971b6e0bb23d8531308219b79d658d9718fe93b7474bba5d32f0c9d,w201,-2,complete,0.03178679999837186,5,0.030972400003520306,0.03372920000401791,
ebaee7b1e03576c10db1d07256e9422055b9baad042dbccec3bb2b0a56f30205,w201,2,complete,0.03197589999763295,5,0.031432999996468425,0.03258279999863589,
a44f3ed8dfd7c61815deba8de930ae33260b639a4ff65a707a75d25483ae4bde,w201,0,complete,0.0327227000016137,5,0.03226359999825945,0.03381749999971362,
16130dc8d90c80a2c6092c7aad0411625ee148d2d2e3697c22ec2da956b19abc,w201,-1,complete,0.032852600001206156,5,0.032286699999531265,0.033036599998013116,
34012709ee6276f787b20b4a0afff1e059cbb11cff776f724784c94a2b32bc70,w201,1,complete,0.0331272000039462,5,0.03258300000015879,0.03359920000366401,
9b6d8bfa79a5df4bd35ac9954c2dd4dcc5983c66fc632de638b2f2dbb60b9172,w201,-2,complete,0.03245850000530481,5,0.03238449999480508,0.03321909999795025,
5d10ab8279d3f6ca19b39be8953945941ebd4f0b9576695ffe41e7b72c3ac548,w201,2,complete,0.032259500003419816,5,0.03216519999841694,0.03267280000000028,
4453b0b89e39efdde2e5e9819ba792ecc9ae2b41b08073c3d281046686e29036,w201,0,unsupported_profile_domain,0.0014107000024523586,5,0.0013436000008368865,0.0014646999989054166,
fbe22e425fdeff7927118ad406595bf268bf3d90575f7e90ffcbd9544becd002,w201,-1,unsupported_profile_domain,0.0009415000022272579,5,0.0009183000001939945,0.0010346999988541938,
370b061e8f4fbc36e4b751e3d38cceaeade9c5b393baa68858822c5fdc68801a,w201,1,unsupported_profile_domain,0.001393199992890004,5,0.0013556000048993155,0.0014525999940815382,
c2cd38a3bacd2c4296e08143e4b28315798d6c6c3fade020c07c97912a3595be,w201,-2,unsupported_profile_domain,0.0009758000014699064,5,0.0009302000034949742,0.0009982000046875328,
5ca02f54535bc2e7e44b1160cae3acddc6cd7698838a21cb337cdc1b6d53de74,w201,2,unsupported_profile_domain,0.0014158999983919784,5,0.0013516999970306642,0.001466200003051199,
ccd4ea6499e0ffe9a43bedaddc2938eb469be6026951762402e3c5de9b63d765,w201,0,unsupported_profile_domain,0.0009611999994376674,5,0.0009375000008731149,0.0013231000048108399,
eed84c54f24c26aa82eceda78d34bfb6ce13ce102e8da3257ce6c4cad0831f1f,w201,-1,unsupported_profile_domain,0.0009986000004573725,5,0.0009355000001960434,0.0011250000025029294,
db5ab68b1336018988facecf77f1b63ef91ef62505eeefc9c0780bf56cf83bd4,w201,1,unsupported_profile_domain,0.0009997000015573576,5,0.0009194000012939796,0.0010302999944542535,
1973651214c7c37743d4f106852f97d832f1208f88c21cb5e43c4940667967b2,w201,-2,unsupported_profile_domain,0.000991799999610521,5,0.0009461000008741394,0.0010376000063843094,
6896eb7df5943fa0237d26e4ec97bb7bdc3742de1d9b7e1ccffa1542614ac310,w201,2,unsupported_profile_domain,0.0009976999936043285,5,0.0009336000002804212,0.0010623000052873977,
f9f714c386cb65274f0adc771d2943fb680b8e99ceb68b782ab9a23c3c676ce1,w201,0,unsupported_profile_domain,0.0009653000015532598,5,0.0009066999991773628,0.0010428000023239292,
0c15d8ff729cc22ac3782a92cc6cee57f68bc5b656fe02ef30c07b4f4d5ffe08,w201,-1,unsupported_profile_domain,0.000992400004179217,5,0.0009471000012126751,0.0011365000027581118,
f03b6b6b25f2b5f97c25e51a27ea352685db7b5dfb153a1e01c2955e1cbf7e24,w201,1,unsupported_profile_domain,0.0009570999973220751,5,0.0009292000031564385,0.0010073000012198463,
0fc1012ff03b1df60c2ec7620bd7384f786f85e2fbeb4de94768e7c36087a01a,w201,-2,unsupported_profile_domain,0.0009408999976585619,5,0.000934299998334609,0.0009802999993553385,
afde2f8f5f239f7c0d9b6a35e924afaac15272476ec691deec4681846cd27ebe,w201,2,unsupported_profile_domain,0.0009731000027386472,5,0.0009180999986710958,0.0010023999930126593,
db4c686f1be6f056bda0b9fdd53a45a631840e7cae67ddf769c9298e07b30c8d,w201,0,unsupported_profile_domain,0.0010313000020687468,5,0.0009074999979929999,0.0011673999979393557,
322771167abeaab7dd17784135a0b7e62cbaacd693849bcbac413eee95afe699,w201,-1,unsupported_profile_domain,0.000934299998334609,5,0.000919999998586718,0.0010093000018969178,
aead6cc8a6cde4013dd96b544e63c9a0761f30cb22d8901ce38f26acf0333cd7,w201,1,unsupported_profile_domain,0.0009943999975803308,5,0.0009479999935138039,0.001036299996485468,
adda622745569f4989ea03700c22f52651d9105fd1bbd644dd3386b592748ee7,w201,-2,unsupported_profile_domain,0.0009549000023980625,5,0.0009315999996033497,0.0009762000045157038,
59de2f4af0f4ea252f0fae39bb0e37741632adc7a93423814af5d5fef7af745f,w201,2,unsupported_profile_domain,0.0009791999982553534,5,0.000937699995120056,0.001014400004351046,
ee24bbaf91184575bf5ff64713edc9b19162c0b157bc831adbc72dae0fd407c8,w201,0,unsupported_profile_domain,0.0010216000009677373,5,0.000938299999688752,0.0010978999998769723,
ecb8f54c1f4f6fabc486973f53d668a618e179febf54d20075a75cde92f21ec2,w201,-1,unsupported_profile_domain,0.0009912999958032742,5,0.0009610999986762181,0.0010586999997030944,
9462ceea5cc9dcf249e6783827c1bffda28a217005dcb04f8b405ccdb5599734,w201,1,unsupported_profile_domain,0.0009839999984251335,5,0.0009368000028189272,0.0011030999958165921,
ae6208449c2e7f86de7c54c82e30c3ffb703f24a62b5992e7fce55fdbee76aac,w201,-2,unsupported_profile_domain,0.0009454000028199516,5,0.0009338000018033199,0.001134099999035243,
79f3dfd2909ba68c4788c460c5cfdc8c345fa30e225ee37d6993b4e28b9afd75,w201,2,unsupported_profile_domain,0.0010395999997854233,5,0.0009353999994345941,0.0012642000001505949,
2f687a305d8e2a50dac995ed41ca7bf2f1e027c9055f98f2f8921a2c03bdaacc,w201,0,unsupported_profile_domain,0.0009605000013834797,5,0.0009500000014668331,0.0010891999991144985,
27ef85ffdb60d8e39246a70da1ad210d46401692cda712aa5708d3147fd17adf,w201,-1,unsupported_profile_domain,0.001026300000376068,5,0.0009625000020605512,0.0010658999963197857,
0be6c06ea3429e29c8a57bfd187dfcc950a8c2b4ea5530e34d530cc44e42787b,w201,1,unsupported_profile_domain,0.0009647999977460131,5,0.0009516999998595566,0.0009838999976636842,
b10c76e74f6497b23ffb4a6ce4f6ac72116f931703d1514e269248e83380b41c,w201,-2,unsupported_profile_domain,0.0009675999972387217,5,0.0009502999964752235,0.001040600000123959,
348c311f11e93f2b50f53e97b5837623bf1565745a4e9ed9ef29aa0be63e2f01,w201,2,unsupported_profile_domain,0.0010116000048583373,5,0.0009565000000293367,0.0011892999973497353,
150d485648f38c062bf546755f7e2c6800f13753d90134fadec3c176f9a174c2,w201,0,unsupported_profile_domain,0.0009501000022282824,5,0.000927200002479367,0.0011137999972561374,
282b630ace1082a2fdabd69ad39c95ebdc4f702166e54d70bf426895f9f1c93e,w201,-1,unsupported_profile_domain,0.0009509000010439195,5,0.0009207000039168634,0.0011008000001311302,
cec9c7498e6d197bf5daf406c5954011e75295606cd1eb784105b9e869f04ec4,w201,1,unsupported_profile_domain,0.0009592999995220453,5,0.0009476999985054135,0.0010234000001219101,
1303cf6bf536f1b03a9192123d6d0dcbd8324a7071d13776d72d003afca00c69,w201,-2,unsupported_profile_domain,0.0009620999990147538,5,0.0009398000038345344,0.0010486999963177368,
8313336a07a16208e8a655d4b6004c003f62bb2e404dec49e13b80bb01d78498,w201,2,unsupported_profile_domain,0.0009955999994417652,5,0.0009435000029043294,0.0010047000032500364,
89dc4dcc310db14860cf4e11087af71f20b108139a3756fe973df031e1487bfd,w201,0,unsupported_profile_domain,0.0010246000019833446,5,0.0009418999979970977,0.0010527999984333292,
c67f772c67c209ae0e08287bb64c0d5c8020ac4289e408ae85ecf1175b19dbe1,w201,-1,unsupported_profile_domain,0.0009464999966439791,5,0.000934799994865898,0.0013974000030430034,
620e10a8747fd9467531e18bafea282cbd035578447beca03bb4ebfc1c872277,w201,1,unsupported_profile_domain,0.000968000000284519,5,0.0009319000018876977,0.0010776000053738244,
8d86f1c5a03bc3336651ccaa8b6b0e8ec1dd754c8fa10060dd99b6b25de9e40a,w201,-2,unsupported_profile_domain,0.0009411999999429099,5,0.0009270000009564683,0.0013573999967775308,
3bff6a5c9ef5b6b8e4491b7ee3e422d5b177756f7b29d45d89a192c14c51a4be,w201,2,unsupported_profile_domain,0.000990000000456348,5,0.0009420999995199963,0.001043199998093769,
0548e029f522c74c428caf119c05556b4b3ddbbeb1e2b4c8ad6bd457827843e4,w202,0,complete,0.04097850000107428,5,0.04056990000390215,0.04170579999481561,
5cf053d2ad4b4bd94e69564febfa900b35b38b7b534c82620e633ce32aae145d,w202,-1,complete,0.04064669999934267,5,0.040440000004309695,0.04178390000015497,
3bc05f322b0ea36aa11d11369afe48298936457f3d61bcaa563b56c7890e1d26,w202,1,complete,0.041407900003832765,5,0.041077299996686634,0.042073500000697095,
c962fcab311b3efe6514ff1c8a24a80032bc50db00ab2d97eb1816d3a45a8971,w202,-2,complete,0.04075680000096327,5,0.04063780000433326,0.0414429000011296,
aaa53b53e4424429d257d0c1baf460bff1b77116e6ec15697cab8c7ae85ed7f9,w202,2,complete,0.041718000000400934,5,0.03974259999813512,0.04315800000040326,
176009c3d30759d13779454adbc2aecd3e11cef4b2b193f84efd0c9e5d1d2b1c,w202,0,complete,0.04076360000181012,5,0.04064030000154162,0.04184220000024652,
db4ac97b325f27b8a623ddaebee238586affa58f398c49a7245e419c24b1cabf,w202,-1,complete,0.041113200000836514,5,0.04064230000221869,0.04133719999663299,
539b04ec479d72c6866d68b419302ffcd529e6bade101844c06c2436fcee2816,w202,1,complete,0.04113849999703234,5,0.04054020000330638,0.041928300001018215,
874c6b93bedb97c1cd8e7d42ea5c734c776ee08e1191180c61d18f154d643e77,w202,-2,complete,0.04081669999868609,5,0.040788400001474656,0.04103459999896586,
2ad9e0dc2584fe55742919d8954dd31108d115f7c7e945d5fb43cb26fe5c72b1,w202,2,complete,0.041440299995883834,5,0.04091290000360459,0.04213239999808138,
53703a016ee371ad1586ae7feb6a65092e4ae99169b2497211ed249b5cf74817,w202,0,complete,0.04175490000488935,5,0.041432399993937,0.042051800002809614,
381346a69abf3b404b4ee0e66e10ccf5a00ff3ddc8fd1ca1c9279f13898e23b9,w202,-1,complete,0.041253199997299816,5,0.03996909999841591,0.04205000000365544,
f74df795e486325660bcdbf59bbf15a201ae9a3bbc224fc8bbd680ffecd99375,w202,1,complete,0.04134849999536527,5,0.041023199999472126,0.04196280000178376,
8ee97b6f2d075ac0ffcdc5ebd596c5f1dc7c342a3fa17203b128a29ecb9c3617,w202,-2,complete,0.0408917000022484,5,0.040379500002018176,0.042501800002355594,
a7273babc4ef085ace140cbeb082c439925b9b7b9a31f420a6d8871dc35838c3,w202,2,complete,0.041197799997462425,5,0.04076519999944139,0.041754600002605,
f9d50e063055edf3e100baabfc385cf965ccd1f2d955a3bf51c5e0259f3fba05,w202,0,complete,0.04130269999586744,5,0.04070930000307271,0.041763300003367476,
a23481f33f837cd00567c761ce9f6ef9d8d989233607911d4e66250245b81299,w202,-1,complete,0.041722599999047816,5,0.04133860000001732,0.04265709999890532,
5ef95cc1070f35e7e0dc149f392db8d6d68d0f84dadc476ce583689966c7a4bf,w202,1,complete,0.04088760000013281,5,0.04065909999917494,0.041280299999925774,
f9c79c408e59053e4a1325efe1d983d1b8bc66684d7c6a3cae93f8c56e426dea,w202,-2,complete,0.04175210000539664,5,0.04092010000022128,0.04177489999710815,
e0f47a34a080a36a39b0cfb2d4473ff4f5896e6444d6457f5bb33c60c271e075,w202,2,complete,0.04110969999601366,5,0.04049259999737842,0.04293679999682354,
304388d4a65c87d41292c1d5cde200ec03e3f37c90b73f94242b9b0bcea00771,w202,0,complete,0.04256549999990966,5,0.040912299999035895,0.04328709999390412,
486a499c83104b6d720ca10f8488051b66aa3912d78dec371492d2879ddac5de,w202,-1,complete,0.04174849999981234,5,0.04143430000112858,0.04237309999734862,
b68e203d75c93285e766e764fdd69e873684b5fe5e12ea3b4ed7f2ed2e5c5667,w202,1,complete,0.04150629999639932,5,0.040733100002398714,0.0429805999956443,
3434a7f2f34f53342ca2d11cb26f015bde783db9b29617333ab91e2718149dc5,w202,-2,complete,0.04308389999641804,5,0.042082899999513756,0.04536920000100508,
507aacb2858129317e84bcd0f53f462486bd36a978908ab10d12b0b948a8b908,w202,2,complete,0.04309310000098776,5,0.042361599997093435,0.04370339999877615,
2244b260b332ca954bc5bd41a1f17271f7fcbf9879c83625d2e6ad428994c6db,w202,0,complete,0.042089999995369,5,0.04141130000061821,0.04359580000163987,
b0012bb7c881618ebd2d0400c04ceaf83a6ac242a9583006af0cf12f282b0b0a,w202,-1,complete,0.041814700001850724,5,0.04120829999737907,0.04311020000022836,
3abd83b4bde38cf4655c7926284b6800ef860c1504e5dd7bdae2600fa8f98957,w202,1,complete,0.041580099998100195,5,0.04142810000485042,0.042605300004652236,
19fbe32fff239a94ca1660a86d39f0d8526b5379abcb637cb5eb74b4d5614a2b,w202,-2,complete,0.04177400000480702,5,0.040461800002958626,0.04222670000308426,
625cab13dc62a20abef20f9b75f74e654ff94b5ce59c2a24c2b21dbf311bbcd9,w202,2,complete,0.041282099999079946,5,0.04080229999817675,0.041793299998971634,
f83da5f93cc2cbf160514d9d159f0c9828c72684718a81235c2fa5883113c948,w202,0,complete,0.04232469999988098,5,0.04227620000165189,0.044033199999830686,
435efb84da0a99c8e8315b802664a54e141dd4d9b2e546ca4f8fee4c6198de7e,w202,-1,complete,0.04263150000042515,5,0.04176019999431446,0.04302579999784939,
45a017f5335c205c2ad064a4deeaab803804d7a6b2b6ed2cb341df333c76cc0d,w202,1,complete,0.042282099995645694,5,0.04162969999742927,0.043242200001259334,
3bcbb82bb19802171b93d8d05c18cb183a268b5e0e29ed79afdbc29beca4cac9,w202,-2,complete,0.04245219999575056,5,0.041499899998598266,0.04371959999843966,
74801bad17e53e302764e4714ec6bd2c86909dae51ffce30f7d472a109c56fe8,w202,2,complete,0.0422785999980988,5,0.041753800003789365,0.04373850000411039,
386bd24d9fe816f1864dca892381859bd0f72fa385dfb92349230a40db575f21,w202,0,complete,0.04313420000107726,5,0.04229299999860814,0.044904999995196704,
146debc91c4a214726ecfb41dc181975cd0dedfb35c650865209c021a045e0be,w202,-1,complete,0.04240140000183601,5,0.041875399998389184,0.0443024999985937,
0b5d2f1a6ea84c8f706bc61bc20e85518704ef29498a1edf80edf632d8938ed6,w202,1,complete,0.04248309999820776,5,0.04224139999860199,0.04325020000396762,
4658c6da81a7dc145eff844e046436b86b0839ab0b8534cc2cbb2411bb0c7156,w202,-2,complete,0.043123399998876266,5,0.0422617000003811,0.04497789999732049,
92448af9b41faeaa571a5cf8d4b703ef8973bba610b5b435361e1c6d2faee2ce,w202,2,complete,0.0430768000005628,5,0.042056500002217945,0.043749900003604125,
ebe1531c2bd64093a5303e54c6815f1bd8098f616310f250e8ab80699a5aee30,w202,0,complete,0.05358620000333758,5,0.053026399997179396,0.05514150000090012,
5dade1d06ca0049e23b6a00d63e230b0d1189444c41a746696f63b41065ae7c0,w202,-1,complete,0.05260409999755211,5,0.05200129999866476,0.05326919999788515,
256e43f879a47e3aa093e37a73b0078afeac45646a2b9d3583385cd38e212261,w202,1,complete,0.054487699999299366,5,0.054161200001544785,0.05533789999753935,
d9106699eda5c86e5668ef73040b713139bb3d7f23e84e3a05a7e739ba49f38c,w202,-2,complete,0.05242580000049202,5,0.05145489999995334,0.053180900002189446,
ec13218fea3f229099319a04d7a69808af84ee216140fc5747fc83e75497b81a,w202,2,complete,0.05562559999816585,5,0.05486580000433605,0.05673620000015944,
f4738d133f51b3c525a361e2e60c231308e4c16ff48e66fdc0c2402a98399937,w202,0,complete,0.06186300000263145,5,0.060993400002189446,0.06414180000138003,
faacadd55cdfb3a1a35fc3e5cd7a70a3928f80ad0257461a982ebc90974318c3,w202,-1,complete,0.06124179999460466,5,0.060028799998690374,0.06303150000167079,
48bf0085c65147a932890d79297f2752366337152b715e4d87c0837f4e27ed12,w202,1,complete,0.06237739999778569,5,0.061908399999083485,0.06390249999822117,
ef7e602da13ad56b8ae57a6279d0cf93a2ab3f3852c35aa550d615f64d778ad8,w202,-2,complete,0.06085770000208868,5,0.05917829999816604,0.06278620000375668,
f22522b5c83950e80c1381fd873a9afa3734e57121b89e0a72e37c6e5843a2a3,w202,2,complete,0.06432720000157133,5,0.06312530000286642,0.0655142000032356,
734060233793ca917dd89159f27aa9eed6f8cf0bdf7c7eba264d89e81a7381d0,w202,0,complete,0.0731755000015255,5,0.07157069999811938,0.07458840000617784,
46ee590d3b966602ee1136cb240175a5020277bc671ea04e08c9888ada947dd8,w202,-1,complete,0.07222509999701288,5,0.0718572999976459,0.07347599999775412,
2b9df7105e764089e5972b42e1528a21f17fed9003ff28243a669934a870c81e,w202,1,complete,0.07420740000088699,5,0.07363099999929545,0.07445690000167815,
77fb3aa7fd271d3c6224d60ac69723345fa6406b28dd0e85a0e0755eacaab4e2,w202,-2,complete,0.0709119000021019,5,0.07061280000198167,0.07260269999824231,
e4b6bfe6729720b26fa3f1deac4234cf335b28daf339a7a6bfcd957acee501e6,w202,2,complete,0.07426199999463279,5,0.07363999999506632,0.07651610000175424,
8f581d3ef88caab03f2e51dfb12c0c8b3a3ccc8f582f8b5be97d36e58bb4bf5b,w202,0,complete,0.09005549999710638,5,0.08772229999885894,0.09107349999976577,
9c492bfa8c0adb5d551d7db6253fe5b0f23a51bd2835f32763f617cb1e1c8f9a,w202,-1,complete,0.08860450000065612,5,0.08731729999999516,0.0896294999984093,
16c79b276f393599f270baaf460ef221100ee633932f31161b0bb34741431048,w202,1,complete,0.09070799999608425,5,0.08946559999458259,0.09144299999752548,
4f89154595894f0c0c185ed13ca98944af44dc31edd7f3597f6a8b88b303b4a8,w202,-2,complete,0.08710860000428511,5,0.08593530000507599,0.08754319999570725,
58f54604154e33803afc0f8e53edc2c29d5cd8f63dcec351f76c2f23bede8e43,w202,2,complete,0.09113799999613548,5,0.09068619999743532,0.09274620000360301,
6b502ea11d6f8100fe4398ef06250cbc5c25e3dc5634ef157d7f756ab1c5cac2,w202,0,complete,0.11346790000243345,5,0.11176890000206186,0.11468289999902481,
f94c11f42e4aebad0f3e9edc03b825e9f645004a126d46d7d8039076d11658d3,w202,-1,complete,0.113146500007133,5,0.11029989999951795,0.11375549999502255,
3d10236ed5e58767f9de3c47d123c3a28bd88e0e74a976c3237d28a10f46beee,w202,1,complete,0.1150770999956876,5,0.11443100000178674,0.11736009999731323,
e5b123b5001f1feeb2f2979df71f86171dd3274d9e932a8e9e0b541cc4ddcf54,w202,-2,complete,0.11020589999679942,5,0.10964170000079321,0.11051860000588931,
e10dda1b1fa030851f58324b869278aedc485b907605e3cf7ae17e7214df0c89,w202,2,complete,0.1178003999957582,5,0.11611249999987194,0.11807080000289716,
3440257011572964aff365c2fe294990473fb0c8de6b643fbaa2254fa8c2e5ee,w202,0,complete,0.15338680000422755,5,0.1518073999977787,0.15474489999905927,
2c272c964abfa24c468cccce1410999dee9cc5b4b07b6317b445ebe7d8b892ed,w202,-1,complete,0.15263039999990724,5,0.14984380000532838,0.15309720000368543,
f61c781a2030b5b7ab61967d0e42f1c577222a8bfd46080c49d8abca105c3ea9,w202,1,complete,0.15523550000216346,5,0.1545417000015732,0.15565899999637622,
bb390eea052d471d1e006ebe82172d3c86356d93a2a2cda9cdd43d972a3cd8cd,w202,-2,complete,0.14842720000160625,5,0.14728659999673255,0.1519034000011743,
2df4901438f38a728fc98cf5b7411862edbb2eab53fea60b867dfd059b2661c6,w202,2,complete,0.15718180000112625,5,0.15657179999834625,0.1599084000044968,
4dfcffc89d39393992e64f5c5b4181fa82c4798a23beca1da6de8d544918f24a,w202,0,complete,0.22060709999641404,5,0.21997640000336105,0.2218021999942721,
9e42ae58469d92573bc42cca305fe86a661d40cd083d3ba615609965b11bfae4,w202,-1,complete,0.21988180000334978,5,0.21837819999927888,0.22287759999744594,
a9d0cb96a6572ac8c51bdd70c6443795514782ffb553b0503dff37f0ed0c0e83,w202,1,complete,0.2234420999957365,5,0.21997379999811528,0.22541479999927105,
5a7c3ab7898260517ef267aca42d3cb454a3ada6c846e6c647a9f838977cf457,w202,-2,complete,0.21731590000126744,5,0.21544900000299094,0.2209997000027215,
4c17e7d84f24da8cd3f40ecc2122d46756ba3d7fa3360ba063e288a0f57e0318,w202,2,complete,0.2294839000023785,5,0.22654959999636048,0.23531470000307309,
6e2e227e174ea9c2b1a30f8c18aad01b27acb44ec583ba953e077645b78e1dda,w202,0,complete,0.2842034000059357,5,0.2839213000042946,0.2888068000029307,
815267af32a63b3be8ca47500fc7bd79edd27ed0ace8af50ea080ba7f6e90f3c,w202,-1,complete,0.2846979000023566,5,0.2826961999962805,0.2876939999987371,
bf414ba327635dfd7751d911d6bcfa31f05b60ddc0c689562feb67a4a8df0ba6,w202,1,complete,0.2853144000036991,5,0.2850073000008706,0.2865862999969977,
578123e2fa26e017f33c11f3eed13390f83ce6bd6db0f5725ca671f8427f7d9f,w202,-2,complete,0.2842238000012003,5,0.28324810000049183,0.28745660000276985,
ead7bae7bc66b88520ece737754a416e2e270b0a525d8deafbd62bb88c79f509,w202,2,complete,0.2873812999969232,5,0.28588959999615327,0.2904622000060044,
df49eebf6dfc315e8c7838998154a62a48300c474f77bb2d28c1f03c330e3d28,w202,0,unsupported_profile_domain,0.0040275999999721535,5,0.003986700001405552,0.004080099999555387,
7def00adc25ad4effbdfed7da03334aa46801535ae9d43490430f8eac69c22a6,w202,-1,unsupported_profile_domain,0.004092199997103307,5,0.00405029999819817,0.004161199998634402,
0e9629b1ca4069d95244c451175aa77ee0514ff153bd5e256d9715a3d9151814,w202,1,unsupported_profile_domain,0.00419770000007702,5,0.0040687000000616536,0.004491700005019084,
5017a9d95152f84c68bce2a7e394107e77c851f05391d56199a1261d2d415e8e,w202,-2,unsupported_profile_domain,0.002768600003037136,5,0.002642899999045767,0.003635000000940636,
13d2a9588619912d593647e8aac4c8537b134a1d0468c09f57dd6a0b72e82fe2,w202,2,unsupported_profile_domain,0.004048800001328345,5,0.003995200000645127,0.00419780000083847,
7c25062e11ab62b3abd97619ac34ce07d4b36783b6ce84081cbf40f885fd890d,w202,0,unsupported_profile_domain,0.0013538000057451427,5,0.0013112000015098602,0.0014727000016137026,
a4a1a1c4eb380a099b8bb08ffe408d404d2889f1bc843452ddc86841f2bd135d,w202,-1,unsupported_profile_domain,0.001410199998645112,5,0.0013851999974576756,0.0014307999954326078,
a8e04d26acd257c8122ab3f38f8f9b1462fadd917456eebb6a7e444d02325b1a,w202,1,unsupported_profile_domain,0.0014154000018606894,5,0.0013642999983858317,0.0014967999959480949,
459e1bbd8d33f625b04a35bfa9408c277044c4ffa2c471012c2a3f4f3653873b,w202,-2,unsupported_profile_domain,0.0014417999991565011,5,0.0013630000030389056,0.0014576000030501746,
b1f51d51842918a185371de7fefbcaa248bd64d2cd73464083095985ac4a4aec,w202,2,unsupported_profile_domain,0.0014279999959398992,5,0.0013435000000754371,0.001800900005036965,
98cc37c2183240b1fe63750a0716afbef07046bca4d8751fb2854bee510d0fe2,w202,0,unsupported_profile_domain,0.0008629000003566034,5,0.0008349999989150092,0.0009227999980794266,
8aa73472c6b6531c6c92195afa75a9583c6d642a675e1a138b814a90a04abcd7,w202,-1,unsupported_profile_domain,0.0008899999957066029,5,0.0008501000047544949,0.0010898000036831945,
3548d8c95aa97f12615ac153e64828299d3429e56f3b2aef0345864100c34d72,w202,1,unsupported_profile_domain,0.000869099996634759,5,0.0008378999991691671,0.0008754000009503216,
a22b948fc73c89433d639ba8beb6dc28de984c1ca03b1e86f29991edc0e61f48,w202,-2,unsupported_profile_domain,0.0008947000023908913,5,0.000851400000101421,0.000952599999436643,
8b261797e5e44692aa26b9e04811eb4537abfe4a88eff65b583157be74d838b7,w202,2,unsupported_profile_domain,0.0008708999957889318,5,0.0008182000019587576,0.0011015999989467673,
9c1ccab8adbced2dda3aeced893326ff98a73388704acea9e344a83ee57302c5,w202,0,unsupported_profile_domain,0.0008530999984941445,5,0.0007836000004317611,0.0009368999963044189,
4ff072a629f161c769d203ddbc7162fad1a2519bc87e8b4ba56fc5d72809c6e7,w202,-1,unsupported_profile_domain,0.0007939999995869584,5,0.0007826999935787171,0.0008238000009441748,
6572f06f3fbddf9e01bfe0c09f1c6ca56686202b6abf84324fe5f4eabad28060,w202,1,unsupported_profile_domain,0.0008059000028879382,5,0.0007828000016161241,0.0011056000003009103,
c5838dbe0baf3f9406fb738e30eaba8042219b632a963c6cbb4db06d42b44fee,w202,-2,unsupported_profile_domain,0.0008343000008608215,5,0.0007756000049994327,0.0008416999990004115,
20c4db30d2f137c04906ab8e04042eb4a3192837a81270dc975a1c857ba2954a,w202,2,unsupported_profile_domain,0.0008535999950254336,5,0.0007814999989932403,0.0008914999998523854,
1376eeadc74dad64252948bba79a5f4a8c819c698ba56d6a3fa1e2560e16cdd9,w202,0,unsupported_profile_domain,0.0008226999998441897,5,0.0008027000003494322,0.0008254999993368983,
ea1229466583584b5187345cb7ba7cc646a2602ff1ad75a4b05254536aec1eb4,w202,-1,unsupported_profile_domain,0.0008766999962972477,5,0.0008185999977285974,0.0009883000020636246,
0c7b5e8b262467d7d942d1d37e5c0c008ab3111fbcb873fb7feb412e1851017a,w202,1,unsupported_profile_domain,0.0008235999994212762,5,0.000803700000687968,0.000928000001295004,
eae1635e4673a0955f16623f5a3fb9964e7a02e4176cb6efad75ea2466cd43f9,w202,-2,unsupported_profile_domain,0.0008512999993399717,5,0.0008076999947661534,0.0009764999995240942,
d864b46a11ce9b6fcca6c7b6122a3939acc7ba2667e7d99ac0f1aae65be61635,w202,2,unsupported_profile_domain,0.000844000001961831,5,0.0008123000006889924,0.0008944000001065433,
9f8bfc210c142181fed33cc9a20259994769a76f02670510381fcf0ff9135955,w202,0,unsupported_profile_domain,0.000712499997462146,5,0.0006913999968674034,0.0007994000043254346,
564a512fe20b746f879474d21a1af83d113b410f68425a2694f431e85d069765,w202,-1,unsupported_profile_domain,0.0007764000038150698,5,0.0007011999987298623,0.0008066000009421259,
8e36d29ea8bb53106bf8988f02f638bfd439cf272d29990ae2c86ee3cd07903e,w202,1,unsupported_profile_domain,0.0007372000036411919,5,0.0006861000001663342,0.0010097999984282069,
e78a630a0d6dbb9b3925b624a4c6bcf07a1775f6d5002f4839f4d25700246639,w202,-2,unsupported_profile_domain,0.0006922000029589981,5,0.0006903000030433759,0.0008345999958692119,
e8ee227cb64f4d1800ebea2de91a1a7180cb96152a8f95c194324e1902b143bb,w202,2,unsupported_profile_domain,0.0007501000000047497,5,0.0006933999975444749,0.0008302999995066784,
c2265c5ad12e3b27ec7b3b85a9afaee94d9a8788f4c909ba28f34a9fb8fa35a7,w202,0,unsupported_profile_domain,0.0007618999952683225,5,0.0006938000005902722,0.000777699999161996,
5d61970ecdf8f67d36adf0e85c0dc2bad7937a6997477a77d885b05815fc6879,w202,-1,unsupported_profile_domain,0.0007001999983913265,5,0.0006933999975444749,0.0007530999937443994,
20fcda6398a78950d50920bc3bf8be9bb3e2c5cabbcbcc03844692549b20a2bb,w202,1,unsupported_profile_domain,0.0007507000045734458,5,0.0007100000002537854,0.0008273999992525205,
a00092afc73373b01bfbb9a34db5b6c79e3e9408e768889615453f642044ae6f,w202,-2,unsupported_profile_domain,0.0007103000025381334,5,0.0007075000030454248,0.0008104000007733703,
5736a2805d9defc08c100b40394c53a5722843b3bcdb7a885fb53244d7f20aca,w202,2,unsupported_profile_domain,0.0007145999989006668,5,0.0007008999964455143,0.0007938999988255091,
75feac7c592b0c2f2969d42bcd388a05f30936ee3d930e21ac9ce1d628c841fa,w202,0,unsupported_profile_domain,0.0007139000008464791,5,0.0007031999994069338,0.0007222999993246049,
6f824cc1997415c4614070d32c03c1c7b95635ed95abedcccad21e107c3d4764,w202,-1,unsupported_profile_domain,0.0007056999966152944,5,0.0006982000049902126,0.0007212999989860691,
0aa322177f9c03670c82191f9dbf3f8a98db19d0fdae4f3f9927baf9694f8ad9,w202,1,unsupported_profile_domain,0.0007561000020359643,5,0.0007011999987298623,0.0007968999998411164,
63c9b87a2b90a20f2667f0e8d222866d0fa527fbcfb4889bb65069aa15105e71,w202,-2,unsupported_profile_domain,0.0007396000000881031,5,0.0007047000035527162,0.0007748999996692874,
f29c0a331fca83686beaaf13465ec21c055a23755de5712cd2ce8d6baeca2f88,w202,2,unsupported_profile_domain,0.0007731000005151145,5,0.0006968000016058795,0.0008854999978211708,
96cfb0e1c66f7a76aa39e4e6db201f118956920ebbaf165fc744c4e2e686609e,w202,0,unsupported_profile_domain,0.0007146999996621162,5,0.0006938000005902722,0.00090970000019297,
834a5f317ea7d611b8eea741e36bc14912d8483a9b4b8a764cd4eb7daa902684,w202,-1,unsupported_profile_domain,0.0007385000062640756,5,0.0006968000016058795,0.0007915999958640896,
ab24e52096d35a387721f4f516eb3a1d4258027c380a9aca220afabff87c1b2c,w202,1,unsupported_profile_domain,0.0007556999989901669,5,0.0007012000060058199,0.0008133000010275282,
d8be2b67a63475551ee5c59c22d9e4e1d7348f913161c3a1456ce69101db2463,w202,-2,unsupported_profile_domain,0.000818799999251496,5,0.0007094999964465387,0.0008299999972223304,
64bd0d5eabe4c2d65514a64b4dc009d5ba4133253765c42c02a8e1d68cc90a3d,w202,2,unsupported_profile_domain,0.0006964999993215315,5,0.0006789999970351346,0.0009200999993481673,
86a88b6e37cc212c62d1f2551d5db3ae5b2be3dc170d8a459a422bd9e0ee5301,w203,0,complete,0.003267499996582046,5,0.0032404000012320466,0.003446399998210836,
22708e8c57d3289f460c2054937bc1331604e0528a8e990fe1f8c0ed396fe307,w203,-1,complete,0.0032162999996216968,5,0.003166299997246824,0.003652999999758322,
0f0609de8311115e0e1481d28bacd34ebd393a7176c85c81af954cec0f461198,w203,1,complete,0.0031703999993624166,5,0.003111700003501028,0.0032594000003882684,
31ad17a3b915bb5fe76e9d01eb468101ca5ee5f81b9a57122f8c2f1be6b8052c,w203,-2,complete,0.0033030999984475784,5,0.0032470000005559996,0.003626300000178162,
b37fabb036600b5dba79dcc6c967cbb473da72df3506947da6e3a922822ba39e,w203,2,complete,0.0031964000008883886,5,0.00312100000155624,0.0036580000014510006,
90045236871b49579268eff543de646cd5c5d354615ce84e468bff1ef12e63a6,w203,0,complete,0.003263699996750802,5,0.0031106999958865345,0.0033827000006567687,
ab480ab5eb238a32e95f93a5473ee2fb325d14f4b2376708dfe484776e15fd1d,w203,-1,complete,0.0033428999959141947,5,0.003124200004094746,0.0034115000016754493,
75b94c936edb2e469b02c4ed77658189dca9972f302dedb3133300d28ea5ca8d,w203,1,complete,0.0032566999943810515,5,0.0030383999983314425,0.0034259000021847896,
1ed16264da9dada139b7cca5aea442c21fd6324ab20692d7f0b244dc22d1fbde,w203,-2,complete,0.0032561999978497624,5,0.0030773999969824217,0.003335599998536054,
d9f02c8f37e62366b0504a110ad51cca1c905930ff4c86a2a43a2930f3451a96,w203,2,complete,0.0033849999963422306,5,0.003209700000297744,0.003577800001949072,
13c16227855919322b805d30f40e02dd785c54f7085faf9c43361919a459293c,w203,0,complete,0.0033248999970965087,5,0.0031941000052029267,0.003906699996150564,
ea0437c9c3f6b378c795c865bd2eb58938687832bce6e1f8d5be1546a777265a,w203,-1,complete,0.003207599998859223,5,0.003146200004266575,0.0034277000013389625,
30a200378546798fcd9ae1679f9bae62fa586e044bc75d20a257728a8b076e48,w203,1,complete,0.0032807999959914014,5,0.0031996999969123863,0.003431900004216004,
cf6a57bac6448aecc897eb10cc551adb7218f3f231ca7a679ae2f48f34b6b69e,w203,-2,complete,0.0031672000040998682,5,0.003119299995887559,0.0034263999987160787,
135fbe21e66e2fc86a74db5e9b34d85b60bc97a6b8bb1d3f4b49cdf2c62ca65c,w203,2,complete,0.0031916999942041002,5,0.0031530999985989183,0.003379799993126653,
fddea6a83559cfd90a061adcdfd6ba8d26fdc10189be4abc6dc82024c437ddc1,w203,0,complete,0.003257500000472646,5,0.0031530999985989183,0.003394999999727588,
8ac380d42aee18e9162fb72dd7abdddde173da321cc0b289b3018b5065e26f71,w203,-1,complete,0.0031582000010530464,5,0.0031564000018988736,0.003278099997260142,
cbd303fe19b3413f4de23364e852a8e539c3695d86dd3239ed24d85a988f95a8,w203,1,complete,0.003209000002243556,5,0.0031384000030811876,0.0036440000039874576,
4cddf9f8939a68be0d355b6e171467d0e6b7e80058adefbe66039fb1b9d7e8be,w203,-2,complete,0.003286799998022616,5,0.003040700001292862,0.0037167999980738387,
609486c282f861e1f5138de8c20a0cbdd83e6c34a056ca55a157c3e297ed3cd9,w203,2,complete,0.0032222999943769537,5,0.003144400005112402,0.0032481000016559847,
a2e2e1d701d00b0c04d3e9ae557c04dbe9f1f2270546fbfa8d77b18dc93167bc,w203,0,complete,0.0033636999942245893,5,0.0031133999946177937,0.0033995999983744696,
8b6058c0e8ccb760ad0f440363e3bedf0510f784100462659391d3b9d0d52b30,w203,-1,complete,0.0032436999972560443,5,0.0030393999986699782,0.0034981999997398816,
9355a9eca82955e18a0031cdab9b9d683906b3d7e5e2ad173f6ffbd40b0f0f05,w203,1,complete,0.003516200005833525,5,0.0031916000007186085,0.0037541999990935437,
fa18d3c8e232f906cc6f76bef3bb271f82823bd404bfaae3cc593e32abb30884,w203,-2,complete,0.0031589999998686835,5,0.0030914000017219223,0.0035634000014397316,
5f433770c3c1b5c991b9b7409a69f8c4ea270bbaee01736340e2a018ed35139b,w203,2,complete,0.003260899997258093,5,0.003166299997246824,0.0033544999969308265,
1b9d0c57a2d1d2d9f260700358dec77dc6340d2c27d5529745efc21c202533bc,w203,0,complete,0.0033888999969349243,5,0.003126800002064556,0.003981200003181584,
a02113c043797c35c319b368d92f8557afe9738e329a26cfb3d59867af447ff7,w203,-1,complete,0.0033053000006475486,5,0.003140100001473911,0.0036048999972990714,
fdf877d71c163d92e2ab0195628f9ba4660a798f859f419b48109d5695dae6e3,w203,1,complete,0.0033024999938788824,5,0.003159299994877074,0.003354899999976624,
354616bbaa628b7254d604fab2061060a1f5500e0f97bb075857651254b05b71,w203,-2,complete,0.0034903999985544942,5,0.0031798999989405274,0.003704499999003019,
d8caf12c6f85edc2dd535f7d14de3388bb0ca13dfab046b7a885da67856a547e,w203,2,complete,0.0033247999963350594,5,0.003078800000366755,0.0033745999971870333,
a7110d0e56a9fc05155c88ea2d9b0f572b6eeab023d6e773e0e544d53191b22f,w203,0,complete,0.003223499996238388,5,0.0032033000024966896,0.0034693000052357092,
f9f537aeda56a24f6f332c046551e6c98b0521ccb96365e53fe842e4bde15376,w203,-1,complete,0.003232999995816499,5,0.003044899996893946,0.0034230000019306317,
79f311992264098a62d28277ba0db9d7350fdb413ea261ae8abd1038cf8358a8,w203,1,complete,0.003438200001255609,5,0.003188199996657204,0.003684299997985363,
deb21fd8fcdef5dbfcd64f5f7043ccdcda793165dba3270cdc1b84c4cf07bda6,w203,-2,complete,0.003329699997266289,5,0.0032433000014862046,0.0034449000013410114,
642979c476cb8da4678b3609c7d64317d2ca6547aa2deab65f39adf67a13505a,w203,2,complete,0.003280199998698663,5,0.003086999997321982,0.0034505000003264286,
f0b14eec618b622f470f2823261a65e4f4d225688b20861244181f79b2ce4c4c,w203,0,complete,0.0033874000000650994,5,0.003370400001585949,0.0034235000057378784,
112794d2fe629fe51d35080a8a81ff480df4b8a48d59b5dd3ee83d6fafd70ead,w203,-1,complete,0.003474800003459677,5,0.0033284000019193627,0.0035330000027897768,
64c35794c7d5255e04b8885ac07f910ecd8ee030e670fee1500dd002f09b1d24,w203,1,complete,0.0035579999967012554,5,0.00340209999558283,0.00374069999816129,
e65f92e66a38a8d88c4eb2372500b98bcdbd437e66c4cd49c38419adb635bf41,w203,-2,complete,0.003402299997105729,5,0.0032415999958175234,0.00397769999835873,
c1c98f1cecc9abb29d24101bd3fc160a31986de35cc590e89031724b2bea7d05,w203,2,complete,0.0035306999998283572,5,0.0032072000030893832,0.003700499997648876,
c5630fd03043a732936471374df609e9643000c1c421a8fc8ea69773549e51a9,w203,0,complete,0.0034636999989743344,5,0.003348900005221367,0.00410109999938868,
dc0e126cb5295d9049b542ed811845af1510a9965dc8590a2990705ae07cfd6d,w203,-1,complete,0.00349139999889303,5,0.003406799994991161,0.003767499998502899,
9074d24f1121a13cf25b222d4a31181d6110487d1aa4fecf0fc7395adb30244f,w203,1,complete,0.003437400002439972,5,0.003394599996681791,0.0035663000016938895,
0ecd14b95e0c75a4d436391b5580cebda9bc36e3c1f563e0971a9f7bfc983173,w203,-2,complete,0.003404499999305699,5,0.003376599997864105,0.003564600003301166,
8052b6b30c88b42a7518928b4d8cbf9707e49b512f9237587f0487fdc3b79f75,w203,2,complete,0.003476300000329502,5,0.0033288999984506518,0.0035308999940752983,
0b805b966964972fcd9134b396a061950e14d48731c04b3727f750abb751baeb,w203,0,complete,0.0038461000003735535,5,0.0037721999979112297,0.004135200004384387,
17f5f3172a87f5874a1ceaf24100d7d6d4e76b652c2357cd008bf7d7be30546d,w203,-1,complete,0.003729299998667557,5,0.003571500004909467,0.0037866000056965277,
f5f51aaa7f33df78f254a9279e4812456e68a05f36d6029da1c6ac4ec963ca3d,w203,1,complete,0.00397549999615876,5,0.003862099998514168,0.004189599996607285,
ebc212d3a472868cda246e08524fe44e19ecff6fe73b3f76314d6975809d5021,w203,-2,complete,0.0036819999950239435,5,0.0036562000022968277,0.003823800005193334,
e265dfbc20e3d65954383f2c2ce263d8b291a1e16d72e6199f371ebafb40421e,w203,2,complete,0.0040936000004876405,5,0.003791700000874698,0.004460199997993186,
c225d9f3ca5f471e09abb1d56738bd9214ed2baf7bfd7d9c71fbf14a6f7ca55a,w203,0,complete,0.0045405999990180135,5,0.004262500006007031,0.00507369999832008,
480e396cde09052d27ccd94e47176a1d05a2c294da26487bce5c922221092fde,w203,-1,complete,0.004198299997369759,5,0.004164199999650009,0.004374299998744391,
c619cb1390706a0a501c066d94b44831dfe720f0a2cf5d40fa24d8f49d25d35c,w203,1,complete,0.004433399997651577,5,0.004224899996188469,0.004979900004400406,
ea5e5eb16c5ed832f57fe335110c6df4619648237ad7cefd01083745e4469f70,w203,-2,complete,0.004501199997321237,5,0.0042494000008446164,0.004571900004521012,
4aaf570ad62af544deaf6f094f100cfff703b65483d693c4ee7947302eedb373,w203,2,complete,0.004305199996451847,5,0.004180599993560463,0.00460190000012517,
50257b6e787e2691d296b5a5b92e624beb92b9f3ae369d39860c8d713bacd6e4,w203,0,complete,0.005014100002881605,5,0.004811300001165364,0.0051987999977427535,
323e9ed2cfd01149e343cbb3e84d51052b16d87db047b1a0ffb828ac524af70a,w203,-1,complete,0.005073700005596038,5,0.004899500003375579,0.00522340000316035,
4091a842de0d1870b9fbd2a14a5535bd63f32bb8fde0b42c571ae15b3d82e20f,w203,1,complete,0.004988300002878532,5,0.004856100000324659,0.005644099997880403,
00d5de364a62d1fa26cd64fac0139641b34269f55d3200af70064d7c86a91d9e,w203,-2,complete,0.004996600000595208,5,0.004799100002855994,0.005248100002063438,
370fd0a176ea7513f73f781e5c12558705f3af41927ef39bc4d39e488b0c50f9,w203,2,complete,0.005184400004509371,5,0.004823000002943445,0.005255099997157231,
aa2026f935ade2b01d6e0d24b910091b09f3dbe09578f6af8821969ce9e208f8,w203,0,complete,0.00524779999977909,5,0.005048899998655543,0.005360800001653843,
5a1c36a4865c3c7a981252f5bc798a92ac41e116144eb02e9ca801589fcd1249,w203,-1,complete,0.005050300002039876,5,0.004914800003462005,0.005429800003184937,
1375b033ae75131b6c88b338c9b1abb455dda61f2ee1a0e3a623c902c8d27069,w203,1,complete,0.005119200002809521,5,0.005023199999413919,0.005362899995816406,
12fcaa6773c3e9e672e689b183f8c1751d8cd36dc1e8ac1c0f58211f5ede1b42,w203,-2,complete,0.005106500000692904,5,0.0050058999986504205,0.005386099997849669,
ae67121614f30117d359d5661629778e403c7f3101c7eb32fbc4a027b7bbc6c0,w203,2,complete,0.005092100000183564,5,0.004930900002364069,0.005225000000791624,
0822d0dff329e219a3e46fd7c539355ae8917e9835a7c3b2a2c4bc3d8b35fe2c,w203,0,complete,0.0052060000016354024,5,0.005140000001119915,0.005374800006393343,
4c43c26f11e3ff69ef79eca83c41435f6e8b419b535356e0d6ffa12278ba3e4e,w203,-1,complete,0.0052361999987624586,5,0.005106299999170005,0.00527190000138944,
231c8ca8f0ec1f2547c0d20db6013f2a112dc3985b2ef923969a0c9ce5c1b3a2,w203,1,complete,0.005282599995553028,5,0.005044400000770111,0.005529000001843087,
3b324ba419d5807a10f49125a45044ab78733dc948dfe54924f38a8673c2770b,w203,-2,complete,0.005323299999872688,5,0.00501109999459004,0.005456200000480749,
01fa7f48f99049e225b495d9812aded25183017ca3dc317416165521819a37c8,w203,2,complete,0.005137000000104308,5,0.0050066999974660575,0.005554999996093102,
59bcab661999c4e0067f50382ca7c48af4747a46f66c32787f31951923db3f05,w203,0,complete,0.005199899998842739,5,0.005085199998575263,0.005216099998506252,
7aed7043652c0db17d52525b215b35d24e3688c195fcc91bf03f49741b7bdf5a,w203,-1,complete,0.005135899999004323,5,0.005078900001535658,0.005825899999763351,
e6e6251710642ec76f2e908f68c14c15b5b0369ab294f86fca33494b685d0f09,w203,1,complete,0.005024700003559701,5,0.00495000000228174,0.005401299997174647,
d09534f88e73c55c4432e51d35497a0ce3fef9b21f7ec3cdd1eedd4d62773f41,w203,-2,complete,0.005310699998517521,5,0.004991400004655588,0.005550699999730568,
d8ea944cd4a9458212cca9d77e05dcf2df2f0282c2bbdd8f376b6e39538e4343,w203,2,complete,0.0052464999971562065,5,0.0051514000006136484,0.005481499996676575,
f0fe846988570503778866035c2269904cb65a5ade3444907785893dcf2310c4,w203,0,complete,0.005091799997899216,5,0.005009400003473274,0.0054418999934569,
60a5c36ca26461990e117ca8deaf93756702eca8c358c53ca097b88b6ab62e8d,w203,-1,complete,0.005208999995375052,5,0.005130099998496007,0.005735300001106225,
f8b11cfc6034f83dd650c76684c97074de3ad045faffc73bb402d4f22239e106,w203,1,complete,0.00524339999537915,5,0.005125800002133474,0.005848499997227918,
fbc22ca2e2e151dec2ef1b9bfb0e6b67e655cd3642c4a9228b88b5272c39cc2c,w203,-2,complete,0.005295399998431094,5,0.0051557000042521395,0.006131800000730436,
bb4667071a958f0e86bb230132d0765ab0726293d033bd737605cfa49730f773,w203,2,complete,0.0052140000043436885,5,0.005110499994771089,0.005370899998524692,
c1ef6b076af0ce961424c888349d8eeb5999f5c02bf54cd493993738d068b52a,w203,0,complete,0.005249400004686322,5,0.005048999999416992,0.005699599998479243,
79b0fb03d62549676df122c333bd8d256db4f649eef3e469a3df4b74f756f412,w203,-1,complete,0.00511749999714084,5,0.0049629999994067475,0.005507200003194157,
e66cc3fd7f8a895f4d8e783f174acb5be76122704748c60c13d16fb36d048bfe,w203,1,complete,0.005235500000708271,5,0.0050829999963752925,0.0055734999987180345,
9aa3c2be2f259a9169ee6fca0d570084fad466e6638aae458bdac3d23240092f,w203,-2,complete,0.00537340000300901,5,0.005018100004235748,0.005561699996178504,
62ee0814117b82330571c4caa09f010e8544efd453dbf9299133ca7657b8e3ee,w203,2,complete,0.005157499996130355,5,0.005049799998232629,0.005360199997085147,
20dcada87e070b8f84545167829a939d174ee9e6a5e5251879e63d5d0c2e1aaa,w203,0,complete,0.005197600003157277,5,0.005082300005597062,0.005578099997364916,
73ae2389c403b0b480c5ee6ec764b4de638e66b683e7001da4efce014e667118,w203,-1,complete,0.005202899999858346,5,0.00510490000306163,0.005424800001492258,
70bddf1df19b4df3dfb16279c62de6aeb61504107899306f0dcbf2e2730c21cb,w203,1,complete,0.005122100003063679,5,0.004945199994836003,0.0056101000009221025,
5fc6bae861a579b0b303642876e9868be2c63d6787a6fabff8049ecbe387d2df,w203,-2,complete,0.005264100000204053,5,0.005093799998576287,0.005656100001942832,
1ecae441eec22e7e1e6911f0910781e3a6f8fb9940baba74c4efec7c8b066553,w203,2,complete,0.005139399996551219,5,0.005109399993671104,0.005503300002601463,
1e1130d38ba352fd515852cfae51fc023b68f2d05ab452a58a5c41d44cdc4f1e,w203,0,complete,0.005206900001212489,5,0.004953700001351535,0.005677799999830313,
e94907ed12c4d14bf3d798fe06d394a97d680d14d38b8db0e68b60eda18f753e,w203,-1,complete,0.005163899993931409,5,0.005009200001950376,0.00523819999943953,
e98fd89f505c7a42fb5fd5abce1a64ee8cbdf008476003cb18f11dda0bd8d415,w203,1,complete,0.0051582000014605,5,0.005033399997046217,0.005675000000337604,
e2081b6fe5c6b48375a95f71081825614b07c3f2a709b2f5b6b1b3f7144ce98d,w203,-2,complete,0.005080199996882584,5,0.005072300002211705,0.005306000006385148,
05d38e9fe230505c14a9157a9b8a491ae0f083e10198eff022deaacb607911f1,w203,2,complete,0.005317400005878881,5,0.005033599998569116,0.005784400003904011,
7f25fab9b2a0dd97033bccd9e5f326893a3f0fad3ca8cc144090c7460f792df2,w203,0,complete,0.005246900000202004,5,0.005111699996632524,0.006206800004292745,
464af7b8b5489e10aeb7b1b9e26ea7b0985495572e86b5fc8898c571e5af7ef8,w203,-1,complete,0.005198599996219855,5,0.004961099999491125,0.005473600002005696,
eced84edfcbf034a2ad6fb8e7f8077fa454ee6715b50967b86457046d2b33708,w203,1,complete,0.005207700000028126,5,0.005074399996374268,0.005656399996951222,
acabfd294f4e0a11521b533f7ee87220b03af1b168d23e9f359f3a9cebca7038,w203,-2,complete,0.005145599992829375,5,0.0049446999983047135,0.005269000001135282,
5cd3e2a34b944c7cae46ec16900f1370fe4a81ca07b116e194be366fadc580ac,w203,2,complete,0.00519229999918025,5,0.004985400002624374,0.0054143000015756115,
642fef621da1bdabdd00b0d1c8c223f2c27994a2161933947aff9d5e3fadd2e2,w203,0,complete,0.005229900001722854,5,0.005048300001362804,0.005496699996001553,
95199412a6718fb9984cfaa2466e7564ea2293afd780ee64c3f8708b7aacbc1c,w203,-1,complete,0.0051748000041698106,5,0.004893099998298567,0.005652300002111588,
697414703e35d5519235649748dabfe356ad700e60deb364a2818a59da16c187,w203,1,complete,0.005191800002648961,5,0.005036599999584723,0.005296099996485282,
34528cd1c49f0ca01ef18f433698b88b002ee1e1cac89c6ae3729bfed4f64ebe,w203,-2,complete,0.005257299999357201,5,0.005020200005674269,0.005677599998307414,
345657a0a04da884eab4060882f4f5422e7e6c232a9d986b793103b84a8aab6f,w203,2,complete,0.005101499999000225,5,0.005044400000770111,0.005401299997174647,
03077efcd90f64ec8b517fddf4fe4def060746683bf73928a8f3a7da81e4bf18,w203,0,complete,0.005191199998080265,5,0.004971499998646323,0.005561999998462852,
b5c14d5758fe9c7ecae78920b4e441e417f8d763293d328632ac5314c89ae627,w203,-1,complete,0.005227499997999985,5,0.005049399995186832,0.005528100002266001,
e97f8a440238ca493c572778ddc810c236fe517a64be59b42137ff22745724b4,w203,1,complete,0.005226400004175957,5,0.004979200006346218,0.005394599997089244,
1ea1fde6bd48bb2d7fba7b4c50cf2d9b421a0f7c65c0c77b5ca363ac05152b8f,w203,-2,complete,0.00538560000131838,5,0.005194599994865712,0.005440599998109974,
6311c36b4e1d0fc273311a86afb41362c8e1609ba9507e5b7b3dd6ae24c309da,w203,2,complete,0.005494400000316091,5,0.005182400003832299,0.005715800005418714,
c1176353cc0314b42e06c71f9587f6347a2828cbaa2865feee40971ca7547718,w203,0,complete,0.005246699998679105,5,0.0049486999996588565,0.005390000005718321,
ba143cd60eb75628b1ba2f9dde4a1f837c6a3e60b0c24448ed630c10655e9cf8,w203,-1,complete,0.005439199994725641,5,0.00504410000576172,0.005554800001846161,
0f56646a14cc708c4dcd51250ad32d26a3aa9d4a185959000abcd0743aa95bd9,w203,1,complete,0.005320800002664328,5,0.0051663000049302354,0.005681000002368819,
a1a5696bc58acc5ebb8419d0069cef5a98fe9dcad0494205865d7396722905cc,w203,-2,complete,0.005062700001872145,5,0.004943400002957787,0.005348000006051734,
752207e29d8ec41bd4da88c051cc2266edafc28c8c5ea4fe091b8e68eee118a7,w203,2,complete,0.005228299996815622,5,0.005026099999668077,0.005438499996671453,
de8936e8dbe34fa957efcc7e596dc9a3a02ee6d05411bfb16c885e813d117ae8,w203,0,complete,0.005241400001978036,5,0.005107000004500151,0.00542449999920791,
a4f2285ce37d334468edc8175ce6fbf8586aa485dd3e9fe044f2b3076e6a035e,w203,-1,complete,0.005042099997808691,5,0.00501559999975143,0.005186299997149035,
b6077fb9fcf74bab6829d28b097e88536269a0947a13e80246af669aa25b25dc,w203,1,complete,0.005472799995914102,5,0.005092899998999201,0.005532499999389984,
b220b245afc42a4ea610bf2d783bad3a2fca6bbad94234270458ab5767151ea0,w203,-2,complete,0.005258099998172838,5,0.005042899996624328,0.005488199996761978,
894492b87f0c7f1fc721ecf08b3f32011cf529ef0c3bc3135fc92b619705766a,w203,2,complete,0.005283899998175912,5,0.0051147999984095804,0.005964699994365219,
af7037fb6c98867fffb55393c22f7f3749bd2bf658990f7e95331a7db7d50b5c,w203,0,complete,0.005213600001297891,5,0.005066899997473229,0.005606699996860698,
a75470f65603409d567a537637e920f6ee567e7f8f593214f5b3df41478795d3,w203,-1,complete,0.005315100002917461,5,0.005183099994610529,0.00547789999836823,
f19dac2653169e9fe36d5e14850527afc9feb10016246b6f9ac96a913c62554b,w203,1,complete,0.0054649000012432225,5,0.005181300002732314,0.005706900003133342,
2de888a880518448f9b6e4522c53b79464272bbf51597f79bbebf6ca21f107fa,w203,-2,complete,0.005237500001385342,5,0.004963999999745283,0.005590599997958634,
53a4a52426ab892d7c9ed2982bc7f0b20aeb3fd19203e3a4214235c945bf9ef1,w203,2,complete,0.005310000000463333,5,0.005058599999756552,0.0055635000026086345,
8e150ce6c83b9ac2543f6591be707e526d6d1e0c77b9d43653506809cda35c5b,w204,0,complete,0.03393149999465095,5,0.03333530000236351,0.034168700003647245,
d0e3cd017c1ba7c50ad2c11b932bb2e4f3306ae606d013e9840dd6eae234f8bf,w204,-1,complete,0.03461329999845475,5,0.033494399998744484,0.035761099999945145,
eb6c0b9a9966ac20f3310d9057051bea8f519a80f46c9fa106a20e3b819ec8ce,w204,1,complete,0.03427449999435339,5,0.0335999000017182,0.03441390000079991,
d7a832d5a04ba63ec716b2f87d80f6415afe16f85cdff33b71634be0b5713e97,w204,-2,complete,0.033997200000158045,5,0.03381280000030529,0.03439950000029057,
df3941ce921ae8733ef008a4800d2a1321945bafa40a4c45bd3f301b61e0758a,w204,2,complete,0.0343773000058718,5,0.033825300000899006,0.034650499997951556,
6c4377b741eeb25fb7e5fed6c6a9bd6c7fa4d4a69b8ad0b5e0a9cec10503accf,w204,0,complete,0.03420380000170553,5,0.03394420000404352,0.034558400002424605,
8d08a867735973a7a9a84f999edb6a8633ccd9a70e242b9ac5bf26bcf84a8a17,w204,-1,complete,0.03465159999905154,5,0.033441100000345614,0.03481850000389386,
c9d3427b88e3ddb8ca940aeb52327735cc85ac9e4e88a0a740f505c95daafed6,w204,1,complete,0.03374430000258144,5,0.0335412999993423,0.03444419999868842,
e7aead728a43d7163c3bda71512b81c84141cf793442d25d6feeed0e938f8151,w204,-2,complete,0.03423270000348566,5,0.03348960000585066,0.03805970000394154,
dd6279a13a29f0d4328ddb8d336ea3f3561fed41f7854bf40ce4d138fe1f4533,w204,2,complete,0.034300100000109524,5,0.03417930000432534,0.03467110000201501,
330804f1656b0026431dcd6fb94f2be5f5cc652eb351d9f8c2214aa96dce818c,w204,0,complete,0.034033600000839215,5,0.03359309999359539,0.03464539999549743,
9a1f72f441d37344ee77436793ccc8f4e430c52f417c70d9e02b02e262ab297f,w204,-1,complete,0.03401250000024447,5,0.03329179999855114,0.03507720000197878,
ae3866a29a1b2135d1b6bb20232f257bd879a5c0f0019cd392087106a04ad94d,w204,1,complete,0.03367409999918891,5,0.03346750000491738,0.034164299999247305,
0ab85ade608a7669fdf2101c2d01819e2c7775587172c2abdc294ea9bee80904,w204,-2,complete,0.03419170000415761,5,0.033929500001249835,0.03453280000394443,
53155552bd66f689d8a42b9f5e3d38d01e8f70b4dc7cba8bb7cef0255a875373,w204,2,complete,0.03456299999379553,5,0.03396690000226954,0.03612260000227252,
f66e180a2a801ca944647fb74cb31e6e169ce4b005ee5891083658c3c84cd763,w204,0,complete,0.03374360000452725,5,0.03357490000053076,0.03536060000624275,
13e0fdf46d1c33ed83238e5c11016d22c21ca04e192125eeeed6e87cab9795d9,w204,-1,complete,0.034705900005064905,5,0.03306480000173906,0.03582560000359081,
0d6cd98a48f7af33dbefbaefba69bb8db82dd3051500b7df3910a883f6d7c837,w204,1,complete,0.034807500000169966,5,0.03422139999747742,0.035620700000436045,
7451bbc1de4fcb67c7f1a8b8a54aea559fa932b04b30155a3c5049b312ecd8f2,w204,-2,complete,0.034370100001979154,5,0.033832699999038596,0.03462479999870993,
5654c71ecaaa03c777bcb3d95130f3139c096e759b1eee565f1f3304f0173f61,w204,2,complete,0.03402729999652365,5,0.03338399999483954,0.034892499999841675,
2f398dac09d3e9152eb24d0eaca8f40be4ed1848aaf77f6ea112fdd9f269d168,w204,0,complete,0.03394110000226647,5,0.0334348999967915,0.034732700005406514,
45a0433973f1fa2e49acf8e8f2160f1a00367bdec35c01f48ac7a3f99d443d77,w204,-1,complete,0.03471949999948265,5,0.03451540000241948,0.035826599996653385,
283914b9529c4a637529562b8facb41bd187d8ed8ae93bb7d1bd1f29580e530d,w204,1,complete,0.034391000001051,5,0.034103999998478685,0.035478499994496815,
278fd047f5ad28582c69981dddd69f541eaf37e5de01381a711e15d92ff14402,w204,-2,complete,0.034372599999187514,5,0.03362180000112858,0.03495220000331756,
f80a3520ea5a5431765b025f94e5dd79d01821f9fc37608f369deecb20707c3a,w204,2,complete,0.034258899999258574,5,0.03332469999440946,0.03482780000194907,
f818be557fd96b3df59630d8174bffe17777a038799a3b440f513bab65ddfa2c,w204,0,complete,0.03510919999826001,5,0.03351290000136942,0.03685889999906067,
ef06b5915dd00b31d63e111a8a1d399607be3f6127d3828afe128a2fd0931066,w204,-1,complete,0.03458600000158185,5,0.03391910000209464,0.03514010000071721,
5fc0495410a32f88160847a26dcd25d391892629b74aab8e765a823108853353,w204,1,complete,0.035142000000632834,5,0.034720899995591026,0.03725290000147652,
aa882bafe4e4688c691b73ecf547457f9a29d9d47104dd1b0303479ef7062195,w204,-2,complete,0.035023100004764274,5,0.03478030000405852,0.03549449999991339,
83bf2938451e85b8a58830fb1e7d6c508865525acc1aedbd790ded1af2d929d3,w204,2,complete,0.03510870000172872,5,0.034498100001655985,0.035976599996502046,
2eef594de1241494cf2f4d0edd5b7fe6e67ff92b279624aa8e473b0de7f0d0fa,w204,0,complete,0.03539930000260938,5,0.03432070000417298,0.036573800003679935,
ab34d84df3e2ba7b09bdd29910e260619de5b1a86fc19c088a8c1fbe8fcc94a7,w204,-1,complete,0.03496780000568833,5,0.03482880000228761,0.035729999995965045,
7f4acb59074b3623c9a3aa52e0574f3314862dc72d1726a648dee62309a22643,w204,1,complete,0.03521120000368683,5,0.03467149999778485,0.03690590000041993,
313b45cd84ff84fb87841c229f005b2b917be38abe3c762d8524587bfccc66d9,w204,-2,complete,0.03503259999706643,5,0.034846300004574005,0.035913799998525064,
5c9148ae4d2b4d6b4f0e18bae7d20184b09cfe3ba14e776aad8f8888b4b2c0e3,w204,2,complete,0.03486729999713134,5,0.034671700006583706,0.03579929999978049,
9a393b7d5bb2b157282c0ffbd4c882b77ce158f8ac7833cc3c7c49fa9a9e8449,w204,0,complete,0.03620280000177445,5,0.0355102999965311,0.036735800000315066,
55cb5965498b50593928bad95786afa244b43d6ad7c31c041f50a4964c8d5091,w204,-1,complete,0.036080300000321586,5,0.03512339999724645,0.036662900005467236,
9f9e0fa075a13434aecad50f9fa8bac326313328779eb128c2b4261e96349eb0,w204,1,complete,0.03705210000043735,5,0.035356899999896996,0.04320390000066254,
138184357eed5d231f18fc2ba76a2d6b9182b1f5b16dc180ca08d9fe43b41f96,w204,-2,complete,0.03593420000106562,5,0.035300900002766866,0.03638890000001993,
f4fe9ef3fe1ad1a884d4817a9b93564bdc3a66be01a022de7ebc6705bd4ca6dc,w204,2,complete,0.03604450000420911,5,0.0356753000014578,0.03657080000266433,
90b0bfc48552e935e0e775abde1acdf68cbed8c8c5e860ef4978fca0e30648c3,w204,0,complete,0.045281699996849056,5,0.04478409999865107,0.0460321999998996,
25cf0fcb61ba2d958167c2ace4a969de89b63902e53416cf5c58ea96279192fb,w204,-1,complete,0.0455629999996745,5,0.044689299997116905,0.04601540000294335,
59c11d9fc1f8de38b2f12ba27c5226295d1476efd02255296a9075dcd47134b3,w204,1,complete,0.04687750000448432,5,0.04588260000309674,0.04732510000030743,
55d27bd1e5f904c84ff8d376adfddce4cc7f351ddf6cfdd95bb6cc1f48fee626,w204,-2,complete,0.04497570000239648,5,0.04424029999790946,0.046217800001613796,
8c19c45f9a24fd51524772707b55dc045af5e2963e24d41d23e26969b3ba2cd5,w204,2,complete,0.046804399993561674,5,0.04618029999983264,0.04753369999525603,
e12a7a7d40307c066afc48f0b753c500bf60cffcc10c1291e03eca7be50a117c,w204,0,complete,0.09296180000092136,5,0.09239350000279956,0.09514299999864306,
643ac5a3477ba5730a9bb882e058822160b0891d5af94df814a06f8941d142e6,w204,-1,complete,0.09146290000353474,5,0.09066690000327071,0.09179240000230493,
4c07a870453b59e33dd60a1bdf86b420d8e2030b6eac1fffd3ef4b0e01256f1d,w204,1,complete,0.09405910000350559,5,0.09336890000122366,0.09476539999741362,
8acbdc8599ee98ce7236988d9cdb6de108e5f7abdde63bf80cbe5c7ef290de10,w204,-2,complete,0.0889896000007866,5,0.08881979999569012,0.08968120000645285,
d9e910017a0002668f6e5f46ca57f1e7161100013440f2f55d55b4b491ff00b1,w204,2,complete,0.09520370000245748,5,0.09510369999770774,0.09599519999756012,
eefc3abe2e2cf0af410c93c58e78516b67a08383df434bbbff3cc125d8d6ca16,w204,0,complete,0.10676209999655839,5,0.10441819999687141,0.10856019999482669,
da2d291f7502e6417782ceeb4c3c6fa38d3a102204fe634fe06039c8ac03e494,w204,-1,complete,0.10433900000498397,5,0.10322099999757484,0.10513920000084909,
d0a4350472461d1366147c4422d90115efcc90958a773689cb09019f91a21a47,w204,1,complete,0.10762670000258368,5,0.1060287000000244,0.11021489999984624,
42195fc574544e7f6ef6bdc25ec97eccb523af052d7e8d2fc9e940537483a6c1,w204,-2,complete,0.10214610000548419,5,0.10131530000217026,0.10306770000170218,
802303f716131fc3f1e8cbb91a2cbf01885757dcac6ad331f92eae6248eb266a,w204,2,complete,0.10850989999744343,5,0.10841470000013942,0.10934219999762718,
89c4d108cab3d47abde4a0b4096624cd22faf5256c841b7d3d86d382a7b52298,w204,0,complete,0.12357350000092993,5,0.12145020000025397,0.12569120000262046,
389c03626352aa83e3116a82794cc3dca8f14e237408223d6d8b5437f402b784,w204,-1,complete,0.12100250000366941,5,0.12032080000062706,0.12396629999420838,
8c52c14f0124dfb55b3af332fe0f11fed1bef22eb9e66dc9732a9b37f179c181,w204,1,complete,0.12439370000356575,5,0.12421669999457663,0.12674910000350792,
2cfea6c286d24d97f9337611f19e41f1d437ae33fc04d9b8a2f8d7a51f47c751,w204,-2,complete,0.11873190000187606,5,0.11860009999509202,0.12035240000113845,
0ea8b2fea6b1c02c4d1c70c2a1a9e236f390851baa94518ce0a4287dedc3df86,w204,2,complete,0.1260792000030051,5,0.12480640000285348,0.12718019999738317,
5085c8192e6fe8f29e34b5cba010a9ebc17c4cabf6212535feccc97b61b6d612,w204,0,complete,0.16320360000099754,5,0.1620866000012029,0.16403519999585114,
bc948075a0ba3539b87f094a11876230a591ae09421e734a35c192ae1d972be9,w204,-1,complete,0.1617234000004828,5,0.15949280000495492,0.16746849999617552,
afe10d1f1f4cf66ca792b793863c72974dc2146511cbe325925214bdd53af8c7,w204,1,complete,0.16422099999908824,5,0.16299240000080317,0.16532330000336515,
2228c621f810fb23ad9777346ab290e721fc3251dcf3d7ef06731a6b0b186cdc,w204,-2,complete,0.16057759999966947,5,0.1604723999989801,0.16162559999793302,
1b63e12af75b914a1aec05c453507ccc1227a983daa93d8c5fbb0bbc9966e587,w204,2,complete,0.16711030000442406,5,0.1646889999974519,0.16808840000157943,
1b3d031dafcd57db94f69d96ab35aab5d55a499e9549c5b5a21becc7076e144e,w204,0,complete,0.2063096999991103,5,0.20140239999454934,0.21201270000165096,
bfa4a9a2bb191e45957b1879d83d921a88297eca3d9201d0927837f4d69b4a0e,w204,-1,complete,0.2051504000046407,5,0.2028305999992881,0.20898259999376023,
436e82a4d1766982021d7e872d3e1e02b148c3ecc1bfc531857faa634d46fe6c,w204,1,complete,0.20620570000028238,5,0.2044876999934786,0.2086665000024368,
86949a141a05ef99788735bd3f385c23e4ecb7827b4f0350d3cd1ffae91bbe26,w204,-2,complete,0.2011863000006997,5,0.20092860000295332,0.20405960000061896,
3adef89ca318fe5c17897dd9a147f740b86fad4e23f03dbcaa01e50259508f59,w204,2,complete,0.20598270000482444,5,0.20377700000244658,0.2085559999977704,
dc98c9afd31848b0fd65746d489062dac8ddc3db724f18b9b7fc343e08a996c4,w204,0,complete,0.22677240000484744,5,0.2249496000004001,0.2298564999946393,
1f566299cd46a99054eefef8ab3130006096350e3ab015f50f3747f5e4be147e,w204,-1,complete,0.22261960000469116,5,0.221963500000129,0.22519000000465894,
9fe24c666413ba357a7a6107ccaa10a62aa03936582bbdb3f930a43623b5ffcd,w204,1,complete,0.22377960000449093,5,0.22236880000127712,0.2293837999968673,
9815be8f000905e3b364edcd393d170ae3834b83b4f540f9563a2b8874417885,w204,-2,complete,0.22184890000062296,5,0.2180886999994982,0.22326310000062222,
27c4d6dedafd356f0656391fc78635d6b6021b7bdb64cbfc464b3307021fd36a,w204,2,complete,0.22324270000535762,5,0.22187319999648025,0.22609940000256756,
af3c9e36706ead517251725896cd0eada82d742f9b88a2a1597f58ca4b09fa62,w204,0,complete,0.24169280000205617,5,0.2413587000046391,0.24192699999548495,
8834d1619c4b570e0a6a7faeaa52caad7c1273bfe0b69bd7b005031fa6e1b430,w204,-1,complete,0.2408763000057661,5,0.24007669999991776,0.2420464000024367,
8d20ca7a5c9d428f1e849f5c6648e6f184c3659d8da4df1c771757c9239125bc,w204,1,complete,0.24174100000527687,5,0.23605659999884665,0.24409690000175033,
6b16220054cad747b14f0900a5cdccfa29ee5bad7b23c45d6213ce074b144bda,w204,-2,complete,0.23655780000262894,5,0.23204570000234526,0.23893759999918984,
04229dd2a03b08da57c6d06371295be9d828ef5577a24c616a785f36897781a0,w204,2,complete,0.2380124000046635,5,0.23623709999810671,0.24192069999844534,
d03d34deffefb9aa70700bc86083bc0f64aa6611a0aa095b41c47095d5798045,w204,0,unsupported_profile_domain,0.006666299996140879,5,0.006417000004148576,0.007051200002024416,
8d16972458ebfc5f5dccafb606acccb86f6fc1ea55a8d038f4bddba9e5fbc2f6,w204,-1,unsupported_profile_domain,0.0070257000043056905,5,0.006895099999383092,0.007775599995511584,
5ff162bc7b34f341a4061247c2042008048a4a28d59b68da8bffc02f573a76dc,w204,1,unsupported_profile_domain,0.006623400004173163,5,0.006479700001364108,0.0067549999948823825,
ba84af3f5aed3ced9ea333ccdb4f170d7d2054d303ce493d6b67aafde756a868,w204,-2,unsupported_profile_domain,0.006838000001152977,5,0.006780499999877065,0.007456100000126753,
82435fd592f63c8ba68567c5df7f6b55b649fb3ab332fbe9a0fdc5db567fa207,w204,2,unsupported_profile_domain,0.006739899996318854,5,0.006537500004924368,0.006805299999541603,
9263a6cc7a1ad79ba6c69d1902b506829abd25ec646205b54e3c1ebf9a523962,w204,0,unsupported_profile_domain,0.0054430999953183345,5,0.005220099999860395,0.005595399998128414,
128520ac1b27fb754e61a8ee3dfa46e25893661972c80c4d548ff47520a9a5ad,w204,-1,unsupported_profile_domain,0.005465900001581758,5,0.005326999998942483,0.006218899994564708,
b62d61eb65316ad34c739ee40f60896efe259eebde34a4a1542c958a0bc1ae69,w204,1,unsupported_profile_domain,0.005496600002516061,5,0.00532050000037998,0.005542499995499384,
663d491587ce8fd9bcb5a789a76a9bc730c3890367de0f266f3bee0fab9f23f8,w204,-2,unsupported_profile_domain,0.005420400004368275,5,0.005256299999018665,0.005734300000767689,
1559f7540920c6ef17620ac7e709f2928989e2b999bc06a9b7fbb5ba47382474,w204,2,unsupported_profile_domain,0.005353400003514253,5,0.005313599998771679,0.005503899999894202,
1a39e8693c3e11287a3c01ad82ff1b2dc74b314fcca948ea09df5465a5fc48c9,w204,0,unsupported_profile_domain,0.0032925999985309318,5,0.00323509999725502,0.0036353999967104755,
2eec094c98e0702cf252884b8f3a215d9332ded5eef0085f9ee39282ce9591b6,w204,-1,unsupported_profile_domain,0.0034233000042149797,5,0.0033239000040339306,0.0037081000045873225,
54732b757ab1a03f50869935185f3ac3e35f431c7c90e7cefc6462680141922f,w204,1,unsupported_profile_domain,0.0034120999989681877,5,0.0032696999987820163,0.003845699997327756,
5078acc8bf86299e432cffd2ed24099f3245525474a55ca282a92ceabb159481,w204,-2,unsupported_profile_domain,0.0034993000008398667,5,0.0033015000008163042,0.003818700002739206,
708eac281cf352ebfe173836bbe6cd8698a46e55c2665c9bf4ed059b0e5eb8d3,w204,2,unsupported_profile_domain,0.0033774999974411912,5,0.0032070000015664846,0.003548900000168942,
7bad5d39cf9f08fc0b655ffb9b726cf5ed6fb1d371a546a6de8923e0e8b5fde8,w204,0,unsupported_profile_domain,0.0017914999989443459,5,0.0017567999966559,0.0024582000041846186,
43dd66df88bd13a690baf3314a941f8e36867f709dcde24033d97b8877feda3d,w204,-1,unsupported_profile_domain,0.0018110000019078143,5,0.0017499999958090484,0.0022413999977288768,
58ed680881646ef417dfa39db134d1ad95a9c59af11ee9e98a280293e9d80c32,w204,1,unsupported_profile_domain,0.0017907000001287088,5,0.001716300001135096,0.0018752999967546202,
77c276a454c4e4ef9341d83bfe4a26484bc3f3278ac1bea9c3ba18eb46b5a8d6,w204,-2,unsupported_profile_domain,0.0018388000025879592,5,0.0017389999993611127,0.002069800000754185,
fc59efc05a1416fa0d91b2398a64d603d0a73b82fb9034661d56a908466d782e,w204,2,unsupported_profile_domain,0.0017870999945444055,5,0.0017016000056173652,0.00207609999779379,
29483fe0f7fafa35e58a73cfa3c4a05eb4e2ff8f859764b09f48ac727878cbdc,w204,0,unsupported_profile_domain,0.001603400000021793,5,0.0015738000001874752,0.0018055999971693382,
570b8bf7147776bffd1bb4162d94919ec05183d1616950fedc31ad501c347cac,w204,-1,unsupported_profile_domain,0.0015543999979854561,5,0.00151940000068862,0.00171980000595795,
02e3d2bde105448c29aeb8f6f595f5fe4220bd405a6c620c1943f1cc4d2722b6,w204,1,unsupported_profile_domain,0.001556699993670918,5,0.0015273000026354566,0.0016815999988466501,
161fb0fd47d0b2206d40230adc7d9c3cc271c4013d79de84c379412cf18f76a0,w204,-2,unsupported_profile_domain,0.0012681000007432885,5,0.0012057999992975965,0.0013327999986358918,
a8a895a5a27f20e60f615c64ff9da0b538817024d30a3ffd6aa93f3f8fb0cda5,w204,2,unsupported_profile_domain,0.0015349000022979453,5,0.001482799998484552,0.0017302000051131472,
4da414a4d583f98dad6ab310038379a37a9990be48bc130540dd721e5ee0a035,w204,0,unsupported_profile_domain,0.0012127000009058975,5,0.0011919999960809946,0.0013284999949974008,
8502806ea9a86a2501948c5c0738f4e444a5deb865923199353c190e5886f123,w204,-1,unsupported_profile_domain,0.0012853000007453375,5,0.0012186999956611544,0.0014145999957690947,
e29dec923d4416e0ad20ffb142051e76757504a347a101d83588d3ddd2709c2a,w204,1,unsupported_profile_domain,0.0012212000001454726,5,0.001207199995405972,0.0013283000007504597,
5e571974c3230bc135c3670e0396a2d0c24a1b96d28b565358699d1b900afc23,w204,-2,unsupported_profile_domain,0.0012486000050557777,5,0.0011933999994653277,0.0012956999999005347,
5c61f43aceaa59c8f24fec153cbf0dc823f9db73fee5bb772213a6cac73c251d,w204,2,unsupported_profile_domain,0.0012658999985433184,5,0.0011979999981122091,0.0017668999935267493,
f23250005866307f1386ce41ccd0b23278d2ebcc9486d60dfafbb873c9f3c6cb,w204,0,unsupported_profile_domain,0.001302399999985937,5,0.0011763000002247281,0.0013285999957588501,
c62d73477a0bc39cf85cf8dd851a8618c53620f658659c87561aa272ef68e776,w204,-1,unsupported_profile_domain,0.001208599998790305,5,0.0011978999973507598,0.0012520000018412247,
5b08ef081a5759a371143d6e0401294c8fae40253acaf633c8f53e940d702a5f,w204,1,unsupported_profile_domain,0.0012753000046359375,5,0.0012110999959986657,0.001312200001848396,
ee0eb275ce160dd47b6d2262f23b2a82c5629def2289390a8d10c947ce966469,w204,-2,unsupported_profile_domain,0.0013058000040473416,5,0.0011985000019194558,0.0013651999979629181,
6b2b352db82054eb7c6aade353d30b0a57f988ddf9bca90e58ad4daa7803544a,w204,2,unsupported_profile_domain,0.0012831999993068166,5,0.0012281000017537735,0.0015647000036551617,
8b3569b61ac0aea6552b65606cdf27d7ad263fb9097165edc98f51ede0fda96f,w204,0,unsupported_profile_domain,0.0012831999993068166,5,0.0012204000013298355,0.001467899994167965,
cef5cf826a072c17018f2e4730bbb7601e26e3cbc421813e53eff0e0a79fb4ec,w204,-1,unsupported_profile_domain,0.0012837000031140633,5,0.0012252000014996156,0.0013197000007494353,
10c4f4777ceb04d9f3af34fe3ce755a385f15fdf387a5d8e0a47634fee76fb0a,w204,1,unsupported_profile_domain,0.0012348000018391758,5,0.0012185000014142133,0.001557600000523962,
9b3c6be528c48010d48c6a075ee2f44df49ba4e0b52631470e5f9d91ca94d108,w204,-2,unsupported_profile_domain,0.001261299999896437,5,0.001225300002261065,0.0012866000033682212,
f774f7a4939c6f6554d7885db6dea9bdbec482cc7e6312bf67c65abb726636a9,w204,2,unsupported_profile_domain,0.0012109999952372164,5,0.001186900000902824,0.0013773999962722883,
ba55a297f2627e2376a883b2243e50026afb8fc0b9ab136b5432c29a7e85489f,w204,0,unsupported_profile_domain,0.0012013000014121644,5,0.0011892999973497353,0.001350400001683738,
470fd07a0cd2432ec362c33f27eb2330e4659b9525d91d9390f9ad579a69d6a2,w204,-1,unsupported_profile_domain,0.001263199999812059,5,0.0012251000007381663,0.0014918999950168654,
846bd0bcb3b87c6d249753152c1b1bf45815660c22f01e4f8f48824f93fdd929,w204,1,unsupported_profile_domain,0.0012343999987933785,5,0.0012028999990434386,0.001407600000675302,
02bb2910986a626730e850937bfae48afd5f5c35def1468bdf16bf05cb732eee,w204,-2,unsupported_profile_domain,0.0012570999970193952,5,0.0012207999970996752,0.0012891000005765818,
821818c927c169b11e46c42050e91a07be4b2b5f309b345dc8f5a57ffc738d38,w204,2,unsupported_profile_domain,0.0012129000024287961,5,0.0011981999996351078,0.0013239999971119687,
1898046addcc9c28751c687de622c957736e0f6dd8878445bfda9e79438e2297,h101,-2,complete,0.021280100001604296,5,0.020738599996548146,0.02149229999486124,
b0f7b421732450f82161a234754b55c618857b33b1d0a24b745a2b3146e5bcb7,h101,-1,complete,0.02147710000281222,5,0.021336599995265715,0.022977099994022865,
6d9fae8c141158e4824f13a336f2506d2930faa95e1aaff9038c65c336a95dae,h101,0,complete,0.021886900001845788,5,0.021696900003007613,0.023111700000299606,
1d5b1ca4e7a17af518d5f21fb2aa5d40405ce6dbb5ef1aca88c9f1c974d84c20,h101,1,complete,0.022122900001704693,5,0.02200089999678312,0.022853800001030322,
263eb4d6a6796b83e987e69626fbe918fd9e9100bab3985313bb015878d28fa6,h101,2,complete,0.02296329999808222,5,0.02249370000208728,0.023569199998746626,
cac15bf22ba3143704cbf7000deb1714fd6d0c67cc3916217035751ef482cc32,h102,-2,complete,0.05404050000652205,5,0.05369039999641245,0.054715300000680145,
b367c9c9ab45f4b262d237b4c2402ae0a14b5ae932d6d02845355756ccafb962,h102,-1,complete,0.05457670000032522,5,0.05385519999981625,0.0557256000029156,
cebc1571252c8d12ed7924fd6908d4f9ebe2db769b10a2b6e75d8f00b70f2875,h102,0,complete,0.055985799997870345,5,0.055886599999212194,0.05653300000267336,
7bff84fd1338766ae043b5f283309c330fa475a5becd927a51fef53a9edbd18a,h102,1,complete,0.05663430000277003,5,0.0556598999974085,0.05715690000215545,
682b279e8576283a88bc053290095b0cb597cb089b62e29beabddd5c419045c9,h102,2,complete,0.055639600002905354,5,0.05478419999417383,0.05648910000309115,
2fddc07fabce45cb3abf4ddd4f07ed742cf127bf5d1a9ded7d2a09093be92406,h103,-2,complete,0.0168885999955819,5,0.016683599998941645,0.01716419999866048,
27a31c081ee3b0d22537863fa0576886c73fa621f988449da6130cde98b146b1,h103,-1,complete,0.01755320000665961,5,0.016993400000501424,0.01764790000015637,
c4441486fd67b83b31119041457e2ab432e1538c7ac9d59dc98019f4dca78f45,h103,0,complete,0.017324399996141437,5,0.0169508000035421,0.017576099999132566,
b7dd9b0bb752e3c820ccac422c8460046b59849c96733764e9e3652297b7ff84,h103,1,complete,0.017322100000455976,5,0.016683200003171805,0.017697000002954155,
fb68ff830db8a00ce1d3a855f736b7274555db09f9fbce0222d525473686277e,h103,2,complete,0.017203299998072907,5,0.016808699998364318,0.017920699996466283,
a59e22f91b0dd6e05ac1debe117ed375dac671336a73977e95b4bf889a10c107,h104,-2,complete,0.08468829999765148,5,0.0840981000001193,0.08562659999734024,
07c5fcdef4688ef1de90c1bc5cf62f17d808e2e3b663e55403272a3c81ce343a,h104,-1,complete,0.0850021000005654,5,0.0832721999977366,0.0860335999968811,
767b5d6351eb1fe601891cfc47fe43c413a08c436ef0d9f26611610d6fde636a,h104,0,complete,0.08622589999868069,5,0.08541110000078334,0.08685660000628559,
f15e510b5408c7de2036bdd74a331d1d26a846f5a3e0063223b9a2b9111dceca,h104,1,complete,0.08727080000244314,5,0.08683079999900656,0.08907330000511138,
2cc9a5be07799f851c48b5683218b2ea45527033a099ad0464246b0e1684aaa8,h104,2,complete,0.08891230000153882,5,0.08828840000205673,0.0893184000015026,
3a890328a6c4510a3d90f33d77e3701578f5d5570be96400c82eff99e4c74c05,h105,-2,complete,0.021176199996261857,5,0.020272499998100102,0.021946599998045713,
a580290fdedaf0167235aa35de9ddd206263b4249fda4779b585a17d10abd08c,h105,-1,complete,0.02118740000150865,5,0.020864099999016616,0.021370200003730133,
10f47e1cffcee3bbab53662be9568a15fae135b27d6ef088f4ae4d7a44de60c9,h105,0,complete,0.021573499994701706,5,0.02044949999981327,0.022432799996749964,
e912b56d93f4a8617d8b68cf970975096549b6249badc6c57d8f4c6bef7c94e4,h105,1,complete,0.02098439999826951,5,0.020871499997156207,0.021684100000129547,
f5d50b952240cc20010db2138374560d3b17ea5ff1298496a4d345a87cc0339e,h105,2,complete,0.021856500003195833,5,0.020905000004859176,0.0222522999974899,
7598c288755af09403fba675d730df5b54b1ee8792f65c952ddafe040de1a1a9,h106,-2,complete,0.04890049999812618,5,0.04863949999707984,0.05053000000043539,
c09fd185f69c78c60c5ca58bfa5fc9efd07d38420ff51e47218b78dfff7e6be6,h106,-1,complete,0.05206170000019483,5,0.048901399997703265,0.05415240000002086,
9bc16d3705727e289c0635548f2acb93391cdeb54ebc1726f039654b4945b491,h106,0,complete,0.049718800000846386,5,0.04926139999588486,0.05084509999869624,
13723e3fef6a2f82acb6bdacab23c93059dbf5e8f38ea5c04fc2d4b454073890,h106,1,complete,0.050769000001309905,5,0.050172899995232,0.051623499995912425,
4e9063f144d132125c1bde582cf9bc23592cdc20a4df21932ef3bbce82e0dc0a,h106,2,complete,0.04944010000326671,5,0.049281200001132675,0.04986110000027111,
61ac72fef4b1736ad96749c5bcf816d0752b2820f3d8cc3f27c1e479eb46bcd2,w201,-2,complete,0.017251999997824896,5,0.016557500006456394,0.017653299997618888,
65a1306dd8aa6a5b99a12c940a801acb6d1050947669557552a7f89f4b265907,w201,-1,complete,0.01781200000550598,5,0.017356500000460073,0.01822169999650214,
9d75c1a19f741a09494cffa508414b093876b0cc614aaaabf6d6067cb444b227,w201,0,complete,0.017829900003562216,5,0.017515999999886844,0.018072999999276362,
c874da750a892a62f96452bd9e6b1560de0219003292e869b7deb748f0be58c5,w201,1,complete,0.017571099997439887,5,0.017126899998402223,0.018362000002525747,
c52d696e9656641f9ac2077a0c49017f7cf05608ea759e3fce2dfe1c7c8fb614,w201,2,complete,0.01777159999619471,5,0.017503600000054576,0.01818190000631148,
c9677ea1e86d5dff263be7ae48b89eac1de3feb581997c2d1cdd39b7a032e456,w202,-2,complete,0.045044899998174515,5,0.044485699996585026,0.04557999999815365,
bb23fb5ee071783dbd05f6c0b68994ff553b6f1c9be1b91b159fb98de2b5345f,w202,-1,complete,0.04462250000506174,5,0.04338259999349248,0.04547350000211736,
65dc3fa70b7a640b0028c4452ee204edcae123e783672397204b9a5aa4865bf4,w202,0,complete,0.045068899999023415,5,0.04452790000505047,0.045775400001730304,
e23970910f56b7a9d2ecb21141ac5ba5113d5c04424d6d570e744269c861f1ba,w202,1,complete,0.04606729999795789,5,0.04557369999383809,0.04632310000306461,
3c986eacb635e79f51ac8853d45089a442fa7f8c8895564cbe710f54ab1f9de1,w202,2,complete,0.045577199998660944,5,0.04480200000398327,0.0460737000030349,
b33b8e586ba5758514ee549d18e281ddb3b8851238f4b7b5794d0c22a0305cf7,w203,-2,complete,0.004825399999390356,5,0.004710499997599982,0.004960999998729676,
786d4ecbe6ab6b41a2d4a4697906a14dc5d767153d166540bd7e15233764940d,w203,-1,complete,0.005083800002466887,5,0.0048504000005777925,0.005102399998577312,
16e2b4d1cb49648a01ad0300489b5d8f4ab847d39540aaf77f1b3f865d7f2dad,w203,0,complete,0.004898400002275594,5,0.004624800007150043,0.005132400001457427,
7b33c7e5c6253291a4c6c56d902c72197c8e4a29de1a5a7fcb411759fb381f33,w203,1,complete,0.004854600003454834,5,0.0046838000052957796,0.005086100005428307,
20a0e5c6f9727cd7c67ab863ff13b9a0a5687f17e0668a64edd38215bc9eb8ef,w203,2,complete,0.004803999996511266,5,0.00468150000233436,0.00518999999621883,
2383464a22c07bab324a36bfca2134e1bab0eed2b82b19611c36f5e7b06b182e,w204,-2,complete,0.037698899999668356,5,0.037449600000400096,0.037974899998516776,
db8a64383e175e05326121baa5f2762268aabb9dd411e9ee110e7df7aa5728b5,w204,-1,complete,0.038560599998163525,5,0.03836990000127116,0.03921489999629557,
d43f8432436ce09443aa6bd46fc845cb9263dc3e5e1eb5551e026000671a57a8,w204,0,complete,0.038940599995839875,5,0.038528999997652136,0.04028480000124546,
b152ac15361f9d2ce992141274663ef1887281323444d7107b91291cdcddef75,w204,1,complete,0.03844389999721898,5,0.03818470000260277,0.0393846000006306,
bcd6420e02d51c337f07639c8968e7ed5bb4d9d624bb1674722ae72614c1cd85,w204,2,complete,0.039559600001666695,5,0.03881089999777032,0.03975190000346629,
cace9e39e22397005a4d862652d89d12d2f0fcec2b2e3900b0cb16b8a05094df,h101,-2,complete,0.014706900001328904,5,0.01447310000366997,0.015316099998017307,
5a0059a8e3dd01f028f51b2567f1c085abffcf6dcc911d3c68b2bc98558fa482,h101,-1,complete,0.014876799999910872,5,0.01471309999760706,0.015551100004813634,
46ab30b58932b7455c6b1ebf4924baf8e81ea12ed188868226f9f0d645e7d622,h101,0,complete,0.015438499998708721,5,0.014929700002539903,0.015977499999280553,
c7f87efa933b7de0ba98382243f5ddb4e00d2daaebb241fe817e71b5211e512b,h101,1,complete,0.015396899994811974,5,0.014868300000671297,0.015574400000332389,
8028c9d6b5772861ef669bd1bdc3e49e354c6c35bb6f64b9dcaff295c4fb913d,h101,2,complete,0.015908300003502518,5,0.015101799996045884,0.016095899998617824,
32f91391f66364af569c9aeb0c3af4f489231255909c1790447b5cdbab4c3046,h102,-2,complete,0.08981569999741623,5,0.08846810000250116,0.09051539999927627,
1197c5516335d1098260d3837f94c85bd42af19510a52ddf95aa43832e9a0666,h102,-1,complete,0.09277020000445191,5,0.09228270000312477,0.09438029999728315,
f62d4964724e48f0e1e5b4492334861ee25caf3754aa93a1aa7116fcaa8fcd03,h102,0,complete,0.09354539999912959,5,0.09308210000017425,0.09549749999860069,
2093e767c3a4cb312e0d19eb7967929b5884fc45478a57912ffb9894602dede9,h102,1,complete,0.09398209999926621,5,0.09337080000113929,0.09547400000155903,
175a6bf5728ac334952fd6008602672d67c81c91ac4f47c5408f25169ebb6b07,h102,2,complete,0.09576519999973243,5,0.09408799999800976,0.098072199994931,
f95c7102cfc43594b7a3d18978795b57d49a37fe18f462f36a305ad7d111af57,h103,-2,complete,0.026219100000162143,5,0.02517269999952987,0.02648129999579396,
37196570c2abfb8a382a6ca6ac306eaf71103ddaae63894fb0edc4cf010af057,h103,-1,complete,0.025597300002118573,5,0.025304499999037944,0.026669300001231022,
b4a8d33e744d4293b444bb86dbd24bb1856571b9ca7378e093ff93b51dd86ba2,h103,0,complete,0.026179899999988265,5,0.025755900001968257,0.026939299998048227,
3f601df35aa86ce1263c85db7c411165efcdf15e3792ace5f879ebfc79b26b15,h103,1,complete,0.026419199995871168,5,0.02612090000184253,0.02702109999518143,
b107dcb1ba1c178d43acb0414c70ad905d61a37961bd565f4dc0e2fd9a0f5d13,h103,2,complete,0.0266090000004624,5,0.025855200001387857,0.027086599999165628,
ccfb049c849ecc6dc717d152ad607938723890e66e659711493fdb1a75fbb9d1,h104,-2,complete,0.16561649999493966,5,0.1634981000024709,0.16802330000064103,
191bf6522f9d8a02734fcc5479bfab117b639daaee3d91164b974c40d6b98e4b,h104,-1,complete,0.1668647000042256,5,0.16610930000024382,0.17251689999829978,
1ccefba6a948a7d9136a542b8846d9693202c07e87f5e1fb44274763ad71567a,h104,0,complete,0.17115019999619108,5,0.1689662999997381,0.17573510000511305,
4dfdc0e14169ae0f15d0226439eae9d0cca65fdcc79111716ed07283ad459c92,h104,1,complete,0.17061850000027334,5,0.16947800000343705,0.17328149999957532,
260d8a1f81032af7f85c0660071ce8f71b9294b733d87d1a25a9c1d6efaf1335,h104,2,complete,0.17550150000170106,5,0.1738448000032804,0.17689640000025975,
08baf02eaad3bb1e4e1cca6ffbfdabb9ccde929c8e01afa281968da978c082c3,h105,-2,complete,0.018082599999615923,5,0.0180054000011296,0.01921779999975115,
689c8811e77ebf237b9f57787dab164f7e51bcc7a9897c5b7ca6c7ad9c7f01dd,h105,-1,complete,0.019257899999502115,5,0.0185261000005994,0.01939259999926435,
dbfb8ba3e76e0eb46417c239bf9c53db98ecf712be57e54d233731fe734b94ff,h105,0,complete,0.02161340000020573,5,0.02077119999739807,0.027034299993829336,
e621f4f86abce0401f33cd6cd4a50fc6b0cc3b5addc733115b96c28820075ba5,h105,1,complete,0.02242340000520926,5,0.019204700001864694,0.025368099995830562,
8c5861564f20bcbc52133a9aa2a4d051a6353932b095bff13edee91d9975b6d3,h105,2,complete,0.027946599999268074,5,0.02230280000367202,0.02908939999906579,
e5e014d771e26af65f0f805644ea283a18a67369c1f40b28f592465b42881bd9,h106,-2,complete,0.06615609999425942,5,0.06110330000228714,0.07198390000121435,
5ca8c4e28356b2cd633cd4a20f701ce72b9060447695db2a677e17e1c446c0a1,h106,-1,complete,0.07399630000145407,5,0.06955379999999423,0.08056140000553569,
118bb0e5b3d045f129df454f0690ec1092a6ecde78a977b46eede97b221a6325,h106,0,complete,0.06683540000085486,5,0.05720080000173766,0.07602980000228854,
279606eda2ccca0480e93fff32aab007f159b6c6b1710f6a0e8f323e68aaae49,h106,1,complete,0.07570989999658195,5,0.05765830000018468,0.08317810000153258,
41e35a54a86df4cb339ebb0e803df6d80ebfcb6f64cbf98cf3268caca00fed2a,h106,2,complete,0.0680761999974493,5,0.05672269999922719,0.09764230000291718,
8d1d9edf8b27ac165833a4831e83a0d467154d2c1207c74d0d3517fbbe8d088b,w201,-2,complete,0.01435499999934109,5,0.013150600003427826,0.018529199995100498,
e80eff2d7b4deb877307f0b6cad74bb6e6774d0a894bdee8e5e7a0a0ff9b2e74,w201,-1,complete,0.01623449999897275,5,0.012993699994694907,0.019356400000106078,
ae1867c2f887a032aa06e1410ff562e982125ee90c461c812f32d8daec1cd685,w201,0,complete,0.015630599998985417,5,0.01538569999684114,0.017325399996479973,
c9ecb5c9500e7ac3d432ce9ccc452cce8e8d13c9e0b9a8c2e9d3330c90403492,w201,1,complete,0.015728299993497785,5,0.012855100001615938,0.015998800001398195,
d1c7855f535ec3dd716c056446c1eca6a8599415729c053e8130a7840170118e,w201,2,complete,0.013158899993868545,5,0.012692299998889212,0.013180299996747635,
daffa23ffa5a1f2447594515e28b5781e7073b4615f98fdc47d8a57b2551e9c5,w202,-2,complete,0.0486081999988528,5,0.04839669999637408,0.04980220000288682,
244698b080c35e9d379a51b3707c75f8fe33a69fe13ca9c4fd4041dc29f7f6ca,w202,-1,complete,0.049274299999524374,5,0.048804699996253476,0.04998550000163959,
17e8d2233aab5ed48f708633bde1d5e01e4f8cbdd8e99e95fc9c6b5bfa9fe72b,w202,0,complete,0.04989650000061374,5,0.04964309999922989,0.0504951999973855,
fea8353f7c71177a28fa209ed87cd2ed2cf771878b6ac845b12dc92441986d3a,w202,1,complete,0.04977839999628486,5,0.04968640000151936,0.05130199999985052,
407987ad7848dc2f6954d9472266d911dca6e229bbfec8808193717e3a9694ff,w202,2,complete,0.050147399997513276,5,0.04973980000067968,0.05205040000146255,
301151c2edbe1774e0f46bb65cc584d428a8293a978897961b832794bb179bfd,w203,-2,complete,0.0042606999995769,5,0.004058300000906456,0.00462629999674391,
76ad1617e42141b591455a07636f57fc1b234abb264cb035cf2f017d89f151e0,w203,-1,complete,0.004314199999498669,5,0.004181500000413507,0.0045113999949535355,
3c1a8857a291ef97b469713958bf9a5e349f51317b7788ceb630c8d8b804da92,w203,0,complete,0.00449559999833582,5,0.0041784999993979,0.0046278000008896925,
4ae7630b418187b02d848ef2c7a99eed120a6982a67be03e1bf641379b0ce25f,w203,1,complete,0.004354899996542372,5,0.004228300000249874,0.004553599996143021,
fecf46fb3c8d475e0f946194a792efc428038614a75e3f57b7cc59692c3edc8d,w203,2,complete,0.004318400002375711,5,0.004251999998814426,0.004579000000376254,
2c08615c5fcd9386532ba95cdf572fd2f6dad6f2b7b1c75580abce49ab431cfd,w204,-2,complete,0.05733880000479985,5,0.056295199996384326,0.058160999993560836,
1d8536ff4c3a3395096ecbeb52f00dc8ee00c51dd25ecd6bef962e9689c403f5,w204,-1,complete,0.05875489999743877,5,0.05842850000044564,0.059895899998082314,
40afe6df425d9fa473cafd0de950e94345c6f3531ab61c1be50fd13a8eb794ab,w204,0,complete,0.060321299999486655,5,0.05924550000054296,0.06374189999769442,
dfb5206dae79ddd5e503fe7e97f37d1ce1bb3c85c393f8db3ec5403729760a92,w204,1,complete,0.060488399998575915,5,0.059892999997828156,0.0610309000039706,
89df5f6ab5d427ae6846e10c0bc4ab5dc79d23ed1df24d313695df3b873d4975,w204,2,complete,0.06162659999972675,5,0.06105570000363514,0.06256459999713115,
49981da485cd2c38ea0fc66a9520b689905896fe7dc28d5a4f37f867a68165b0,h101,-2,complete,0.018522300000768155,5,0.018149600000469945,0.019119399999908637,
6e06329930ecac3704d3284e2f1a57a66e751b293d3697c23e347b234143ded4,h101,-1,complete,0.018757199999527074,5,0.018345899996347725,0.020121599998674355,
b113db5b28d0ad07ae2d0cdef3231cd63fb85d960764f71b4c093239dcbcec37,h101,0,complete,0.018969000004290137,5,0.01884989999962272,0.019207199999073055,
e316f5cf0585b1b3e0fb49e2985cdc7b0d90165614bf4115ef11b1070002245a,h101,1,complete,0.019768799997109454,5,0.01937280000129249,0.02048330000252463,
0724de13d305235b33b9b8c1c865b339c6f29e68e3e6ca0a093ffe5eca96107d,h101,2,complete,0.019472699998004828,5,0.018854199995985255,0.019862599998305086,
0b13f88b2192fd9bcab2b9ae11fe32f5e7f832079f9af53735535303be3b5aae,h102,-2,complete,0.05916290000459412,5,0.05841169999621343,0.060074400003941264,
72df4c88c4f2b7a81b684164ecc7c15acc5f22e32765783c9f8ce3997edf1cbd,h102,-1,complete,0.061334899997746106,5,0.06049899999925401,0.06230639999557752,
bd6b6d55bc683aa67e4c093245031e1a734013d0064218729bbcd650901653d5,h102,0,complete,0.061789799998223316,5,0.060349999999743886,0.06310389999998733,
6a78100f3afcd9c845d5d7836e986a2d42389377d3618245566c15586457c22d,h102,1,complete,0.0623520999943139,5,0.06170109999948181,0.06309010000404669,
57231b3beb63ec9fa1295c84abb651cc962edc3ce69595ba22945ef9e248977a,h102,2,complete,0.0605954999991809,5,0.06039220000093337,0.06248739999864483,
be05143ba154b8080b8fad807e897d62192f1e1feb4610ccb354c93c1b673755,h103,-2,complete,0.018996599996171426,5,0.018198500001744833,0.019789500001934357,
5b66dd9dda217db84e1c1423d76ccc2770209e82819003059721e2d9132cd084,h103,-1,complete,0.019141000004310627,5,0.018411899996863212,0.019397200005187187,
8179d54bd41fa6ceaaf4f98002f46394abe8a0fde249beea3eed87451899c26d,h103,0,complete,0.01906099999905564,5,0.018945700001495425,0.01930799999536248,
b0b58ae6fe4e77ba7ac28682921d4762279bf7236fbb731ee2efe055b2b6bec3,h103,1,complete,0.01957100000436185,5,0.01911590000236174,0.019884499997715466,
c5557d2b9ba8c32b19002f7c95167ace0b2bef4652a47962bd0d623a41f1ad59,h103,2,complete,0.018947799995657988,5,0.01832270000159042,0.01918630000000121,
e1c67856df6b9f7f6436acf5ef9f9d329a0b5e07d7babf7619ddb17a5d0ff32c,h104,-2,complete,0.07934220000606729,5,0.07905359999858774,0.07951310000498779,
5be0553c06417f842767706fb1bbc31527969041d19dd1625b01d8bcc0b0e96b,h104,-1,complete,0.07965420000255108,5,0.0789269000015338,0.08066849999886472,
f91a6ebd833a49284613c0bfc9e603aa3c75d512d8db20baf9d42f817748cea3,h104,0,complete,0.07824670000263723,5,0.07796049999888055,0.0792959999962477,
62b22c188cd7d1ac28a0d8c3e5dfa4d076b2e0db5c6d23452d600a815e5ab791,h104,1,complete,0.0797547999973176,5,0.07951869999669725,0.08191539999825181,
0ae21079f64709c32a39e9f90d5fe254f96d95e82ea0a3c616632c1ae8bafc45,h104,2,complete,0.08078329999989364,5,0.07941420000133803,0.084560600000259,
5c0ee9fda5bbca5b2392978da388ae27640fc518466a9e3c85530d95aa0faac6,h105,-2,complete,0.02407120000134455,5,0.023932199997943826,0.024588400003267452,
d706e347dd917a5088e02dc2c80bf41b87cb6c1b2d25af9db89a90d6d8243d14,h105,-1,complete,0.024309800006449223,5,0.024046200000157114,0.025930299998435657,
e9db092248c63aa2d9cf85e964f81191573aad675f3cc56181ba5a3d6c8a9253,h105,0,complete,0.02480189999914728,5,0.02426040000136709,0.025777300004847348,
3fb34ecbf4ea5db0791581be8a3b157332ea094c89d489ec373d13f5ed692fda,h105,1,complete,0.024620299998787232,5,0.02424050000263378,0.025408599998627324,
88d72c81a6246453c8f6bed30743b4b6f01d31c6e41c2f8a9abedda904f54b45,h105,2,complete,0.02521310000156518,5,0.024915499998314772,0.02582799999800045,
2734bb7ddee3392d2d59e7d0f15f8aec8728026a45315a78426be3c3a4b82aca,h106,-2,complete,0.3247736999983317,5,0.3231519999972079,0.3302373999977135,
221078a08ebfd688196114552687844ede150ef628614ebb06a4ca21f19939c9,h106,-1,complete,0.33000670000183163,5,0.32548559999850113,0.33099760000186507,
76671d19e5e44aee07356ed61651710b98db830984678e6214c3ca3561835523,h106,0,complete,0.3267878000042401,5,0.32563470000604866,0.33029549999628216,
b4cc9889c52ca7b8e8b78f99e2bcdb05e82a21606fec0cf2f45412dd20bd3e18,h106,1,complete,0.32634970000071917,5,0.32503270000597695,0.3300615000043763,
c677cb2184a846e6d6f7801a489244c377f9089ec4efcaf52bef92aa0649e784,h106,2,complete,0.3299756000051275,5,0.32912930000020424,0.3320884999993723,
73cb40b7ed613f722c5d46349694d8816274a47f6456789ca3f802682e1ef3b9,w201,-2,complete,0.015479100002266932,5,0.014905899995937943,0.016032100000302307,
2d4beb5daec4eeaa1af0452a4e43249848e3a5d2e751010aa10e09bc2615eecc,w201,-1,complete,0.015118200004508253,5,0.014759199999389239,0.015316799996071495,
e06eea797df707e691df96c567d4a6e967fb8c4e77fbe7a7e0f4892d2e7fda6d,w201,0,complete,0.015687599996454082,5,0.014931700003216974,0.016253099995083176,
ac2dd7ab9c8a49d580d06002de75c67d720e6635929b7031422d9efa9c4dee9b,w201,1,complete,0.0156319000016083,5,0.01531240000622347,0.016455300006782636,
7fbeb2ec7b1920a5d4555a4937b4d41131a34f28ef3ee682125a10bed143c292,w201,2,complete,0.015780699999595527,5,0.01553789999888977,0.015858899998420384,
5fec0ff87a5d84460193a63930260acb2c3b6ffeb68e19f00a5ff62bedc64e37,w202,-2,complete,0.05669740000303136,5,0.05586169999878621,0.057864600006723776,
ac58e09302d03b8c9c7ad5d8b242f64058a3d48c147726986cbe74ec9e36c53b,w202,-1,complete,0.05688260000169976,5,0.05649289999564644,0.05719349999708356,
c57747175ef25bd7449ecaacec52aab01c6acc028e928e9a8b5dd038dc467229,w202,0,complete,0.0571570000029169,5,0.056803100000252016,0.05785740000283113,
3d4dc73c14675950d3cefbd76ca3504e72b011963831006f6a984094217938f8,w202,1,complete,0.05958719999762252,5,0.05865829999675043,0.0600267999980133,
0bca49327c9870b47a640e790b8a76f428276d657eaf6d2af2956342c8e9f4a4,w202,2,complete,0.05936340000334894,5,0.0589174999986426,0.06034860000363551,
c9a0133ec484786edbb9d39c7864d776aaec19ed581ef2157311d5b5689f131d,w203,-2,complete,0.0048976000034599565,5,0.004552400001557544,0.004993199996533804,
9f18163319e8f8f9af856f8f70b5f93c3b498306b445ef72e1f547a74ba067ed,w203,-1,complete,0.00476630000048317,5,0.004672600000048988,0.005174999998416752,
84d938080ae505fa710f8b16932a24ec979e4061c1498e462f501241ab5736ac,w203,0,complete,0.004877999999735039,5,0.004699899996921886,0.005073000000265893,
e0d6c1b219017d4d03bda10eb8173c53ee27f2ae0764f30b9e56f45f779e04c5,w203,1,complete,0.004949200003466103,5,0.004814699997950811,0.005050300002039876,
b9465bd77fd73e1a3247b3483979e7f352ce30169619337ed13445dbcf209eba,w203,2,complete,0.005118699999002274,5,0.004765700003190432,0.0052283000040915795,
4254db68f2b357d96f6d1d8d1b4c0e52a275b9c890dc15b31c5d85a91ce049f6,w204,-2,complete,0.041224000000511296,5,0.04066980000061449,0.04150210000079824,
b701ed41a70d5298f226ee588fbf4d58f403af1ef0771640087e4cd81bef58e9,w204,-1,complete,0.04173820000141859,5,0.041180400003213435,0.04284370000095805,
9094a6557477b4c345aa727d2719e8e9d8d19cfd6872d82282268e4ff8ccb405,w204,0,complete,0.04278049999993527,5,0.04161089999979595,0.043084800003271084,
c0877920e6c544d0573e260c3fc1e475742cc67394d9d7038cd95a543f3ffe08,w204,1,complete,0.04187210000236519,5,0.04147210000519408,0.04196519999823067,
f4b2d9665537f8573d0527c05a1e5de30119f19444bbea459bf876b9228c12c5,w204,2,complete,0.043007400003261864,5,0.04187380000075791,0.04313929999625543,
b29527c1b6cda645b52d352a1476488ca8844ebbcf30b570acc564e8275da159,h101,-2,complete,0.025712800001201686,5,0.025528799997118767,0.02610360000107903,
b3a61a850d7634f591aef628ecc0af5f597fee805ba6c442e538f8fd362a1199,h101,-1,complete,0.02647419999993872,5,0.02601880000293022,0.028016500000376254,
620a68e67e2dda38a8b259505691306f8a02ff3f6d33d39e50d2c323520f1629,h101,0,complete,0.026056900002004113,5,0.025438800003030337,0.029891400001361035,
d2ca8cd807b3be6083a093cc73c6f978fac2ce7aa5034e2a1bdacb5349f2b86f,h101,1,complete,0.02639120000094408,5,0.02564209999400191,0.027729199995519593,
0fb4ec99438208eecee225745f7fba1b77befc289b8deb87ba694e501cbf1834,h101,2,complete,0.02646929999900749,5,0.02591970000503352,0.02669929999683518,
350bbc2885e31720d67959ee4b5a083bf0f6ab128b90162c3b1e43e439024e64,h102,-2,complete,0.0751384000031976,5,0.07426219999615569,0.07573479999700794,
16113362121edea8df61d4186a3e03e4a2c02be8ac76187842f4c31606c334e3,h102,-1,complete,0.07724009999947157,5,0.07588099999702536,0.07807409999804804,
01ec486a5236a935dac0c4d90b843c461e42986fdc7c5800ba9e0b5f1cc7bd72,h102,0,complete,0.07631890000629937,5,0.07497349999903236,0.07738290000270354,
f1cf66f375129ea45832ac6cb604a58fd6dfebe3b8764edfe6b339ead71caece,h102,1,complete,0.07926779999979772,5,0.07766850000189152,0.07953419999830658,
253c5b8bffe37ebe476a9ea60e94c29bfbb792070484a4c42a5f12e087f92866,h102,2,complete,0.07839769999554846,5,0.07797589999972843,0.0808238999961759,
dd5abc07d622c4733267285597d700e06d1affad8da6f6d07e23708b9fda46f7,h103,-2,complete,0.02269450000312645,5,0.022372499995981343,0.023066800000378862,
26ce83d16a25dc2543d56ed1136639a99aad9e84e79b85c611c06021ac82e0f9,h103,-1,complete,0.022802300001785625,5,0.022163499997986946,0.02338890000100946,
7f72d85758c56cc732342ffe343108214d6d7afe2f496725cdad3fc24311ea11,h103,0,complete,0.02277909999975236,5,0.022178200000780635,0.022874499998579267,
bbbf11328a37b980ada2d0b354e0bbb2b8fa97aac4db15d4b8690309edbc0112,h103,1,complete,0.022872800000186544,5,0.022565100000065286,0.023219000002427492,
c732347eefafa302325310a718d79f0d8416029feb0f9d5022561b77754bf5ba,h103,2,complete,0.023472399996535387,5,0.022637499998381827,0.023707399996055756,
e0a39b884dd4988b5e380e0037e9b267c444ddb5e82b10316479cdebf78dc10d,h104,-2,complete,0.09546509999927366,5,0.09488240000064252,0.09591250000084983,
8f5485dee99f45007163334606818269905e5d0e96309e99fb887d1f400b75f5,h104,-1,complete,0.09543389999453211,5,0.09496410000429023,0.09618009999394417,
585346e97f7b9129cabedfa592d4ed7a792b3c2bb7ab7cca30dc3def6039973c,h104,0,complete,0.09829339999851072,5,0.09706100000039442,0.09893250000459375,
75931015cc736d49172f4915eeed0073ed4220c58b91dd9397c728e3ff9fa48e,h104,1,complete,0.09725480000633979,5,0.09652379999897676,0.09875660000398057,
c870a3c4046b90387dd9518a33ddae542deb948b8ddfda8f7f58858eec0a203f,h104,2,complete,0.1006517999994685,5,0.0998942000005627,0.10084859999915352,
8291b4b7df13f0fdd6f0ebc8162f413a578f6e5a9762d08167ac125babc67e1b,h105,-2,complete,0.03228330000274582,5,0.03189769999880809,0.032680999996955507,
ac3f7c2adbd1eedc6fbe4e9c68f5a90373a3c0de3b1f414a97ef00061006bbe0,h105,-1,complete,0.032854800003406126,5,0.03229280000232393,0.03384050000022398,
e39f37e533f2cdc470b9db35753ba11be52101667702028e258ac809572185c1,h105,0,complete,0.03273379999882309,5,0.03242619999946328,0.033230699998966884,
ea0b43e33c139ab4f158d8a00ef5f2be3a04931eacea3c9fd9219a5c7b9c08cc,h105,1,complete,0.03300979999767151,5,0.03239849999954458,0.03329400000075111,
23a3472dbd735a5826479bd80acee5a980825d10f73bfcd1ea1f028a00f6cf76,h105,2,complete,0.03304779999598395,5,0.03236820000165608,0.03377539999928558,
954035223b3d6897ea5dfecec869072943dc6cef4b40f7758c5ac51e9991f79d,h106,-2,complete,0.060858400000142865,5,0.06072090000088792,0.061685799999395385,
4d82a7e67caa217c87d87f74b664db5e8eb0d89eb1044cb938e9bb7499979eea,h106,-1,complete,0.062346500002604444,5,0.061127099994337186,0.06290589999844087,
155085cf3e8ef0b95d1cdf79c529db03dd69c855121bc0f88f7aa6c04b65671a,h106,0,complete,0.06298080000124173,5,0.06215830000292044,0.0647469999967143,
91f7472eb3b5f6b5dfcdc773d1a512addad1aa9f1783d948dbf3f2d2df2118b0,h106,1,complete,0.06378630000108387,5,0.0631606999959331,0.0660582999989856,
c4faf6853a28dfc19464d2a54e0402117b89876a6059fc9b32c5ec426aa73e2e,h106,2,complete,0.06512790000124369,5,0.06457939999381779,0.06631460000062361,
9e46e329607f877a24a4e03c0aec6c0caf7848c1c23bbeb99df4049cc5fd7523,w201,-2,complete,0.01948100000299746,5,0.018653300001460593,0.01964100000623148,
3794c50851cad01d1b78b96e0cb6583fd7ac91d2118874a12288676f402cbdb6,w201,-1,complete,0.019429200001468416,5,0.018991199998708908,0.020075500004168134,
db43efed0a88e56afb44582c08126848f7d644c761ba6db1c82228bafea271c8,w201,0,complete,0.019241199996031355,5,0.018856999995477963,0.01973139999608975,
5a86271008829ee5b3f490743d589bffcfe3f0b975e84e4ebf52d0bc8f1f32f0,w201,1,complete,0.019677900003443938,5,0.01934110000001965,0.020983199996408075,
992ac8d2c781709bc65dd46ef7c98b8b8788fb6251229e38057c95f5491b9e4c,w201,2,complete,0.019923899999412242,5,0.019496699998853728,0.02087040000333218,
b4fc3416b8901afcd0fd1c0fbb7d33ae03b10e93a3009e8ca019f294f076de4d,w202,-2,complete,0.07861160000175005,5,0.07819770000060089,0.0790703000020585,
b865f1ca351b9b95e24f44155a832cd1b81267c57070576fcace7ab5e68f716b,w202,-1,complete,0.11068109999905573,5,0.09358649999921909,0.15701480000279844,
f6289b8b33d3613a698bcd235632ad205dc0744fbb604de7fe7d43dd3c579982,w202,0,complete,0.10138379999989411,5,0.09075119999761228,0.11468690000037896,
c02babecd85b2182306032717ae145dce697e4207735ed82b54f5957466c51d2,w202,1,complete,0.09605069999815896,5,0.08381139999983134,0.11774110000260407,
6cfa6f78f6c276c8dfccae261910720d9f30f8ad2bf342b929605ffc89a55a95,w202,2,complete,0.09502279999287566,5,0.08701960000325926,0.11178629999631085,
8ceacc1ec91d1bcd8a23ea0e4ed04f98a778d8a48a82445cd09f4131648284e5,w203,-2,complete,0.005681000002368819,5,0.004697100004705135,0.00648170000204118,
cadbb5d79b8eb9dfd7f1146bf1dabe351b4ac35d04cb908d29492c03432fcfa0,w203,-1,complete,0.005206500005442649,5,0.004825399999390356,0.007176599996455479,
30120e20f9f84274c44a3ccd454f0e735f7916c5ab6a80e0544b838a1ecc6e55,w203,0,complete,0.0059915999954682775,5,0.004735900001833215,0.010097200000018347,
ce5c07029735ba5e4726c6e0bbd1936c29a39c88a8b0a2abdc3d2c95a2012a6f,w203,1,complete,0.005244899999524932,5,0.0048977999977068976,0.010658599996531848,
b5853cf83d8906556031c279f83a3e805388aaa5b96a3b64b29d833efbc6ec78,w203,2,complete,0.007008300002780743,5,0.004920300001685973,0.011426299999584444,
bbd08e45a926f22ef54c97dbd7ce1c636f61cb0f9cbc32f428a1020b450d269d,w204,-2,complete,0.07174929999746382,5,0.062280899997858796,0.08161120000295341,
97726ae10dfb2eec05d0941baae24a30137a0bbe27abc73887203d175781dc16,w204,-1,complete,0.06217100000503706,5,0.058816899996600114,0.08231650000379886,
6696a0e44b6ce0264301901848674138f2f9c3ba8cc7bc610d2e5c622ea883cc,w204,0,complete,0.06601979999686591,5,0.053335800002969336,0.1306131999954232,
c01fb5d6639d5b9a0e77aa03a697732cb1f4aa8f7a1991b0ab53f8bcf5bab6cb,w204,1,complete,0.07059360000130255,5,0.06088589999853866,0.07501409999531461,
29943f2fa5041e6684636971e1a4788f0097ee1c9571554a926170b54a9c9e19,w204,2,complete,0.06541920000017853,5,0.0583076999973855,0.08322049999696901,
9fdef55a92a87278ab29e1959bd2fabf040e235ed36181253d8773684c4915d3,h101,-2,complete,0.048080900000059046,5,0.03939870000613155,0.1009773000041605,
1d42cd92b692d4b2de5e64e528e43e789445086f6aac2a294d7f00d5667a8717,h101,-1,complete,0.05420829999638954,5,0.03758019999804674,0.06286879999970552,
dc161e8fd7530a9cf97fa6b0724058d521cfa0b826892ea4195d2656addc8443,h101,0,complete,0.04119830000126967,5,0.038446500002464745,0.05675650000193855,
a5745fb20d25cbe2025227106199e22959ce77485e52b64288b4494ac05ad477,h101,1,complete,0.046484099999361206,5,0.043341500000678934,0.046566200006054714,
1a1ca80c418aabe177c0b9bce552bf8d633d3ba39acca1b9e5dcbd26b9c4e394,h101,2,complete,0.039126300005591474,5,0.03715679999731947,0.05638619999808725,
9c6cd17967492ea5e3fd76f460f8e10fe7836df039facc65691b0df04daab2d2,h102,-2,complete,0.15396180000243476,5,0.13516250000247965,0.1703676000033738,
7e422c0404a167cd6dcc5d2a0ac383896a351b85876f7537e432a49283cf1bb2,h102,-1,complete,0.15492610000364948,5,0.1486457999999402,0.180133100002422,
c3cf99ab25fb589fdb695b4d4820aebcf221b22934b9d30821b02b2127136568,h102,0,complete,0.15235730000131298,5,0.13825990000623278,0.19752970000263304,
85f3f2766c7a74cd8feed6180d29ddd92f635fa23d6fbc8f0bdf1d1baae9f9c5,h102,1,complete,0.16060100000322564,5,0.15371610000147484,0.16457079999963753,
38033cf01b22650a5bb3ad3174df342f5027d255e5cae3037d555aaaa7360d87,h102,2,complete,0.15147499999875436,5,0.14071529999637278,0.1706590000030701,
b51406affa82a20c90f7782ed680ee0bda9be3669792d0cc95472a85c59ae030,h103,-2,complete,0.042826699995202944,5,0.03161030000046594,0.05106670000532176,
16b1e62ef79150f32994a1f44e69795f97e159d104533684c8a62c879e1ea906,h103,-1,complete,0.03022680000140099,5,0.02959019999980228,0.030949200001487043,
f377846f00a16a678df6b04320cfabec21b1fa5db75b581f8602f61bd4e79458,h103,0,complete,0.03419500000018161,5,0.028876099997432902,0.044321499997749925,
d5a204f70f6b1bd45cbcd59a1108bcd530324b2eca277439e905523ad25833df,h103,1,complete,0.03818239999964135,5,0.03201409999746829,0.04115270000329474,
31f5e0e62537462ae6d343516d2069ea0967445bf691079115ee954b002cec90,h103,2,complete,0.038189800005056895,5,0.03312000000005355,0.04455690000031609,
26992a73844f6f05f08ceeb6caf14051721894376a663e725be04f545cfe14ab,h104,-2,complete,0.16536590000032447,5,0.15176809999684338,0.1829728000011528,
d9e2249a6c39a20ea684cdd1ab64ef69148cf72f0a11777415cc999e721ea926,h104,-1,complete,0.1631245000025956,5,0.15418420000059996,0.17528129999845987,
21730c6c0fdd5502779d3277ba7f21f773c93a7587e69d0edf3a680c60979752,h104,0,complete,0.17396680000092601,5,0.16095570000470616,0.21319189999485388,
d62b423a73943d04904129585b802b6b353407fb566a08b940def42830634bc1,h104,1,complete,0.18269470000086585,5,0.16141090000019176,0.23203920000378275,
fb699b06976b5051d20edc5a3f8e10587a26576a5e210125a07ba81009eb340c,h104,2,complete,0.17143460000079358,5,0.14904810000007274,0.19735180000134278,
4510f0cd83fa47f6f8ca372fddb2ba9569aff36eb4e77177fd8ede87babc2539,h105,-2,complete,0.05646069999784231,5,0.04232079999928828,0.09179369999765186,
73637433657fa3b8280974eea8fc5606f0e0c8cece369407ed77d6163e57f190,h105,-1,complete,0.05539670000143815,5,0.047002200000861194,0.06988730000011856,
8dacb5afd9aa45a869ca122c40325d05a4c6679bcbb34a06513a863bde1b239a,h105,0,complete,0.0635995999982697,5,0.049093099994934164,0.07376250000379514,
3bccb97ebbd093f501617bba92e501cbabb78f8a555e6cdb3386090bf8413501,h105,1,complete,0.05883419999736361,5,0.0429050999955507,0.06672190000244882,
f516a0270e3836b3269749a277866689b20ae15f206c4604483c379bebf9dadd,h105,2,complete,0.053150100000493694,5,0.0465295000030892,0.07070199999725446,
82eed6688fe58a3ea79b110a4774e3bd1940e0681368b0eb65754f89eb24c2eb,h106,-2,complete,0.4013749000005191,5,0.36308110000391025,0.4297359999982291,
55c4976cdf966f2f6a9d20e716b82c28ab151217c2ea12a0b5a5047e67090f35,h106,-1,complete,0.43730450000293786,5,0.36273040000378387,0.4647467000031611,
601dd1773d8a5d0251c61f4a02a35ec9a7366e7b716a5cb47a541f944fbf5987,h106,0,complete,0.38032010000461014,5,0.3665082000006805,0.4476591999991797,
96ecc9c4f1a3126dbe2a99e570aa15631a428841d36a7fcbbd999a9014574acc,h106,1,complete,0.367625599996245,5,0.34058200000436045,0.44647059999988414,
c0c69faa36e7684a15b505e893132aad1095660e25ab250d12416f5b1b021dc3,h106,2,complete,0.39500659999612253,5,0.35680950000096345,0.41490019999764627,
3741a0c803c6f2dd44242095c44b6719a54f66944946b0b4bb1e4a96503db51e,w201,-2,complete,0.025756699993507937,5,0.022964900002989452,0.03872689999843715,
0948cf32dc72d649a7946c2ddf0a1fa64ed2575cbcf7f46c26e1f4f246fb7c2b,w201,-1,complete,0.035160500003257766,5,0.026320500001020264,0.04019910000351956,
ef12a22c832e88f00a74ed6d02abb830cbc2701064be8600fd44aec6ee78e11f,w201,0,complete,0.03480449999915436,5,0.027747799998905975,0.04486940000060713,
064dbc10dc3861f4d3090a5a433f49abc3b9bbeb41efa858cbdf94c4e933f9b1,w201,1,complete,0.03198390000034124,5,0.028190299999550916,0.0348082999989856,
4b4024f06d1b7e4e660e02ed4cb92674d7becb83025a4aee28a00ad56bb290aa,w201,2,complete,0.03423750000365544,5,0.03240650000225287,0.03665550000005169,
d21df9d3b18699e60707e1605626c4329e517abea0ffa4ad03b792c714dc801f,w202,-2,complete,0.15415909999865107,5,0.14270530000067083,0.1878080999958911,
9a8c431364318ff4d4d482a6891f42ddfb63835b116df6db44aef54616681bf8,w202,-1,complete,0.17387669999880018,5,0.15597410000191303,0.17905679999967106,
9e31c44ca0b2a9592b4a902655d5d02c169b12ed34be76d72b915b1481354d11,w202,0,complete,0.16509989999758545,5,0.15972499999770662,0.1774223999964306,
9984f6e86d12b2120cc46e747e7e6e878f2816b70eabd360b8417dce579fe0cc,w202,1,complete,0.17819949999829987,5,0.148282800000743,0.21104770000238204,
ebae404a874c1bc15685d39b6ec425b8092952a08aac18b56fe28af24bbddf16,w202,2,complete,0.17465050000464544,5,0.15574840000044787,0.17829079999501118,
421de6d538fe460a2cdec3424e1075234776cd5c7479c479f6931d0aea2e4806,w203,-2,complete,0.006422700003895443,5,0.004963700004736893,0.012006999997538514,
6f0424873c627b0132f2f3e86fb7dec920970ed22799a340f2139a449a11fd72,w203,-1,complete,0.005165700000361539,5,0.004989799999748357,0.005578199998126365,
0109599b128db19e954c8a9aaaa214e3e5271a8e22453a58ee1df1442d92eb14,w203,0,complete,0.006388200003129896,5,0.006249099998967722,0.010880000001634471,
37dd18ae31d4e10800261348d3f565c41348bf5c4ca771883143373b034e6bce,w203,1,complete,0.0070837000021128915,5,0.005032900000514928,0.008701099999598227,
a227dd109b22d9ffacec4495fd9b88531e3400c56749b2cd605f04de6a455dc3,w203,2,complete,0.005158399995707441,5,0.004832399994484149,0.005740700005844701,
75b156825c43ef53b3d9b9d431e9e77199628517566fbd82bac2481154e91f20,w204,-2,complete,0.09631960000115214,5,0.09167929999966873,0.11869260000094073,
f19661eb108c97fe764a028e09b11f9f227dd42e0c658245e154a86db5d8560f,w204,-1,complete,0.08985450000182027,5,0.0822864000001573,0.10442409999814117,
220a30746f0b2c71638fef4c307b14647cb1f9d0d55ffd26464bb586d2e059d3,w204,0,complete,0.08337010000104783,5,0.07207860000198707,0.0867634000023827,
f2bd4afb9b0761edf91fbcadc2db8d08f5e3e11c471bedd845f689e4323e827f,w204,1,complete,0.09096010000212118,5,0.07558350000181235,0.1030971000000136,
0e3c466d8d95c02f3844eaac8f81fc3a48ebcb73df18a283bd7a3f86ee2c66bb,w204,2,complete,0.09899900000164052,5,0.08099980000406504,0.11358219999965513,
e57e5c82640645a905555ca3ccafa3e5b51046aca3bcd90bb7ed54e19eee0f14,h101,-2,complete,0.023412299997289665,5,0.018631600003573112,0.0370760000005248,
329635d0361b2121b35f958a1dbd6c58c33331c09375599e0fdbf5fb6b79409d,h101,-1,complete,0.019567099996493198,5,0.014087600000493694,0.0201491999978316,
aff2aa10287aa3ab27c9f9cc8547bff78c839a29a11e78d096690d04f7a910a9,h101,0,complete,0.018703599998843856,5,0.01583079999545589,0.01973339999676682,
fab832ae8bd9243d73ab516ce92bcd558d210d4950e1c9ca09c60365f19d3fcd,h101,1,complete,0.020709299998998176,5,0.01861300000018673,0.026198800005658995,
7d371322c575b1e9fc392c4c425078f50308827f5635ffa14788fe57410be267,h101,2,complete,0.019591700001910795,5,0.015822400004253723,0.03181380000023637,
594c8b854727556015679c41a10cac983fdaa468f27c8e2a0c9587ed048c771b,h102,-2,complete,0.07627209999918705,5,0.06897380000009434,0.08798129999922821,
c39d81b0e7b6e86371fa92627f93a78fd50180e555903e3d9be3cc01091eb145,h102,-1,complete,0.07415680000121938,5,0.06556640000053449,0.08193500000197673,
b9a99566a547a560ef7cf90329a4b709199a3938ecfe331d503a31ef3195cbef,h102,0,complete,0.06881450000219047,5,0.06052139999519568,0.07302350000099977,
8ef06bfcca18558f0fce9619d429ee263d3191fee47abaad3e4c5f0aff7d669b,h102,1,complete,0.07670809999399353,5,0.06736570000066422,0.08361400000285357,
8bb74652f16fff88f80fc7002356297a5eeecc48b16a079c5fdcf0a0061ba149,h102,2,complete,0.08132049999403534,5,0.07527339999796823,0.08621270000003278,
2c4919c381d3b6ac60b2ecc7fa7935fa07a0358e4ab6531c17f4ca382ad92cef,h103,-2,complete,0.053055000003951136,5,0.042700699996203184,0.060732899997674394,
bdc94ba705b2da53b4e77df82bd0189c40c4f26d692548a068c896d51dba8e82,h103,-1,complete,0.042339599996921606,5,0.03915879999840399,0.0638388000006671,
2e28a4150c32406858f1caeb8eb78fdd2de75dd874af173fee009511e2cd8702,h103,0,complete,0.04863389999809442,5,0.045664000004762784,0.06681289999687579,
11141577cce678c680e9348f4113244c4660e177e2afa1ff60a960d6ecf2471e,h103,1,complete,0.051872799995180685,5,0.0468678999968688,0.06718120000005001,
48768faa064e40e3b5f6dfa32732830178b7a613c9f64b0b5a06a26ebfd067be,h103,2,complete,0.06140610000147717,5,0.044123100000433624,0.07570639999903506,
89f275af1c45c8ff6531d0255460ae3d236ede624cd4246b45be4e1158fdef04,h104,-2,complete,0.28412090000347234,5,0.25860999999713385,0.3506019999986165,
a8ebd7e778c41ee548cd2871bf0e08bd569717119fec9f578fc7be8318ca18ce,h104,-1,complete,0.28503440000349656,5,0.2447658000019146,0.3013437000045087,
c18bc6ec70f0a1fa3252ef26ecfa299392e78b15cdb85c65c2f41db607dcf999,h104,0,complete,0.26199300000007497,5,0.252503900002921,0.3290655999953742,
15a3c7c90e89be5b73b0d1daa8a10129c25da894ed4e395e85dbf02be8fba2ed,h104,1,complete,0.2861364999989746,5,0.267495100000815,0.3659812999976566,
a1704473e38d5c85dd519904b3412adc043d58211fde18187a501e24346ae254,h104,2,complete,0.34740530000271974,5,0.28916839999874355,0.3700914000000921,
6e87b130f08a6dee2500b2aa1705a9ce05771118265768773ee03059609eff09,h105,-2,complete,0.022570199995243456,5,0.02198130000033416,0.043331400003808085,
d6756f90c9c63a225b9cd44d034f3117d0d1d2e851083c7a8aebb416f7ac2fc7,h105,-1,complete,0.020375599997350946,5,0.018287099999724887,0.021848800002771895,
13ba7a901f01346a8be4f77ba3507798a4e61aa2b48989e607f410fd26ecf7b3,h105,0,complete,0.018950999998196494,5,0.017229899996891618,0.033900899994478095,
82930fa21bfcc90460e708e44620e80263d758716eccf25d0c1f3b8e69257278,h105,1,complete,0.024611200002254918,5,0.020026799997140188,0.031135099998209625,
1871f10c92b333d158a38ea904624fc3657c1a7c8a446ea1495146fd76d57900,h105,2,complete,0.02065769999899203,5,0.017685399994661566,0.02445350000198232,
fb5648775c3825525678d5766fd61c5f6eec00c7e296241d48dba0bad80397ff,h106,-2,complete,0.06707959999766899,5,0.05979250000382308,0.09092059999966295,
771b90e15771765625d14eede91e11fad70ac6b9a0ee2e12ba3e6b2ae4ec096e,h106,-1,complete,0.06911099999706494,5,0.06197959999553859,0.07417280000663595,
fdc168dcfc69aed4f99f60ea2a1589ea0af0dbf0b2f04be120b096ff24ffe472,h106,0,complete,0.07648590000462718,5,0.06159070000285283,0.09401929999876302,
3ba1ae954c36bdd329f8bfe3f33a1c648125e349565b9304c93f20a0f09b0908,h106,1,complete,0.07001049999962561,5,0.05601460000616498,0.09717290000116918,
eb73233552dcbf2f10ce932db9224ca8ea8d56a30a3b127c7c7d56abcafdddc8,h106,2,complete,0.071607199999562,5,0.06207890000223415,0.0845125999985612,
6524dbe8016b0ed183f480eb5e2262b56ca78db3fb97759b2846a763515025ce,w201,-2,unsupported_profile_domain,0.0010363999972469173,5,0.000949200002651196,0.001326999998127576,
7283334b42aeaaf4c5434cc444307b491a3f3217b4b9afff5ee07e8b485fc259,w201,-1,unsupported_profile_domain,0.0009836000026552938,5,0.0009428999983356334,0.0016610000020591542,
1230157b8b1ac1b11df244652fd327d9567d6ef418d4dd380c0987291d4475a5,w201,0,unsupported_profile_domain,0.0012207000036141835,5,0.0009500000014668331,0.0019033999997191131,
194686bfa21cf9284129ea43973584cf09a77d5997c795e209a7008fde316027,w201,1,unsupported_profile_domain,0.001109999997424893,5,0.0009570999973220751,0.001327300000411924,
3a6bddbe769afb3f463a59feeff8d4f63b75fb093861139913e6cecb4898b7e8,w201,2,unsupported_profile_domain,0.0010111000010510907,5,0.0009446999974898063,0.0017006000052788295,
dde41350e688602039b42d7722df8f644bd84be43f36fd03dcaa52f879ac972d,w202,-2,complete,0.2977394000045024,5,0.27289359999849694,0.38008370000170544,
a5d3bbd83b5c5c9ed5735c02690c5b97dbcf08d330f6998b43f013b2bc150b1b,w202,-1,complete,0.3335097000017413,5,0.3218789000020479,0.3532007999965572,
72b64201905634e7d97aeec66be6ff98f7c614bc0de80b40a95f45d2b08ddc98,w202,0,complete,0.33851619999768445,5,0.3153686000005109,0.37181609999970533,
5872529b801d1387965a3fd4b7829a36b97fcac3dcacacddbf2cea432927b8fc,w202,1,complete,0.3397305999969831,5,0.30464129999745637,0.39318639999692095,
56745f5f8a50af644915c71e41257975bd1f368239205748111321dc359c6995,w202,2,complete,0.3286238999935449,5,0.3085077999930945,0.33781850000377744,
38f65b36aba34431b221e36bc287070c14068459ba27eec082882cfd94a1475a,w203,-2,complete,0.005641399999149144,5,0.00503000000026077,0.02685850000125356,
78b22f6dfb8a7d3298d900f0385da394e889434abd559cd9afdddad74e7668d2,w203,-1,complete,0.005248299996310379,5,0.004675099997257348,0.008195800000976305,
99d2553550c28a55fc007b2b30fb7c9a28158b3feee9aece9bb37b65c9ea77f1,w203,0,complete,0.00921290000405861,5,0.005255099997157231,0.010416899996926077,
558f7a31bbef669ae9410a79513f6e3fc8ab5c59b0ebf43f50fd6a4d4777018a,w203,1,complete,0.005379900001571514,5,0.004670800000894815,0.006882699999550823,
4bbe8ef1ad1f13e8c2f5e920250b69828ae7452ab3675022ead93b77c359ff0f,w203,2,complete,0.004816599997866433,5,0.004777699999976903,0.005000299999665003,
4015b52fcf4c6b789074b3973432daa036dd7bbb8e1ca18ddbfbf0ac785c7c51,w204,-2,complete,0.045267000001331326,5,0.04401330000109738,0.04831669999839505,
86002f0469de80e5f32ac8e217df76613d86fcd9f312a5b77524b50cb3f90807,w204,-1,complete,0.05308789999980945,5,0.043057800001406576,0.07277270000486169,
a115c11a85a8f3172a757f9fb32ee6d231ab2e58d519d4125028baccb0fd340e,w204,0,complete,0.05911109999578912,5,0.04623580000043148,0.07639449999987846,
96c6e1f317f8b21c93afd6e4af467b9a29cd410a67789d2f900019372cbb1087,w204,1,complete,0.058765699999639764,5,0.042400199999974575,0.06730980000429554,
a7547d2f10b56c268d4ee015769bbed3e8bf2791a3cab6905774f5e4e6f39f7f,w204,2,complete,0.048291799997969065,5,0.04654120000486728,0.07160500000463799,
