physical_id,workload,candidate,source,cache_hit,actual_new_execution,wall_s,matched_environment,matched_na_reason
4041fcad9434fa76e17e3ca2aed9319571622e33d579a547488d4e0ccbe19368,h101,0,results/raw_reference/3a1eeb2abd8aba4645e64dcc0822af376e46f62f1c72aeed3da9b939a1e12fa5.json.gz,True,False,20.018068166973535,,archival environment/concurrency not proven comparable or incomplete execution
377c81293f143e67e566f814cdd7bd8a4b21d844b277b1358590b8a5f1ecbcfa,h101,-1,results/raw_reference/bc72586111b0d9d7c3f4d2b3b350882b2ff6611cf613eb02c35979af252cc82c.json.gz,True,False,14.733959250035696,,archival environment/concurrency not proven comparable or incomplete execution
096990c9500876ed1ff8fe596ca615d066426a2a5de29f9eee6ed6a3ca1a1287,h101,1,results/raw_reference/7e0f7d30b6d3d969eec9b207352fd05b7b8333107dbc2b1223386ffcbba80f02.json.gz,True,False,21.383468958025333,,archival environment/concurrency not proven comparable or incomplete execution
126aeee650922720ce5a33dcbac178a0a8fa76eb42860f6e5b84794aa4d7b750,h101,-2,results/raw_reference/fd44fe016ba0a88b64c3b2c4c5907b4e5b16bc26be5d557a65ad34efaf755635.json.gz,True,False,13.405487958982121,,archival environment/concurrency not proven comparable or incomplete execution
9ca01735dce2c0fd7de96a8b09c1e7db683df50cdf6512a254c19c2e1375d12b,h101,2,results/raw_reference/e0b19ee4786941096d9b99326e926f39cafe27ea971758360c67c2ed109e87d9.json.gz,True,False,28.0800633750041,,archival environment/concurrency not proven comparable or incomplete execution
5b59ca4defcc6a607c41da0ebd24e51e0f0acbc1cdbf881edae8c712eaa542d7,h101,0,results/raw_reference/06e5d4230653d6c08242b2be079ccf877fc4520e3c3737b337d84449c5017524.json.gz,True,False,33.265014542033896,,archival environment/concurrency not proven comparable or incomplete execution
e6007cdc959b3ba18af48af8eb92bf4480ea887179c32dd2fd7b5716f8f3fb08,h101,-1,results/raw_reference/6638b428e3f20b3f68dd85336aa64064bdb16106e02277da8671fc407d79d466.json.gz,True,False,32.12565458298195,,archival environment/concurrency not proven comparable or incomplete execution
d52000494858f9405a00d4297307165e856991608f056e9a6f3feca95a5ad021,h101,1,results/raw_reference/108cb5a7f0c845d8c21121ef1c94f95458fce1324c84a0395640cf5089a50013.json.gz,True,False,38.24767962505575,,archival environment/concurrency not proven comparable or incomplete execution
932d94d391101e95b6e3fb79d7c108b70409b17959ba6dc21344404ecd269d16,h101,-2,results/raw_reference/95f0d49f34306e31f8e97ec29bdd5213585fc8a6963aeb728ad42d9530edda00.json.gz,True,False,26.694930208963342,,archival environment/concurrency not proven comparable or incomplete execution
83cb48a5316a90ecafac11667371af1c2846170dcaf82dc93e34463dbce48501,h101,2,results/raw_reference/ecdc3f113a4d0c7f2f741b5d5ee739aa0c29ceb55ceba1c0827ac32801d46810.json.gz,True,False,26.259843125008047,,archival environment/concurrency not proven comparable or incomplete execution
ede61d94011f6bf150283d2c216eeff82a73f3ea9f3e5baa62d8e96c751c824f,h101,0,results/raw_reference/181a2030a616c0eb52877d65beb691540736a34f3252913323038bb8c82ef9ec.json.gz,True,False,10.362873499980196,,archival environment/concurrency not proven comparable or incomplete execution
f6620db8c1ccfd6b33ab06cf0a15fd8b4faa07216c1b822f3e715ad976a4b874,h101,-1,results/raw_reference/cf91b52b696447d82f738aeb195bda83dd815c6ea2f5d5b3af0d2c10187ba364.json.gz,True,False,10.361393400002271,,archival environment/concurrency not proven comparable or incomplete execution
7d3618c2f0a31aabd9d8cc1dd292b6754b8addf0ea93f942c1e4e0a61dc54e30,h101,1,results/raw_reference/4bcbfaad5abd2bd4cc956ac1435b2730c37ac2d0ce58fb3d1edca86a59777beb.json.gz,True,False,10.295843700005207,,archival environment/concurrency not proven comparable or incomplete execution
9e8908c3958bab7bf4ba7cb2f76104101684526fec4cbb89584d79b85fe070b7,h101,-2,results/raw_reference/411323516ef620e6b2c7305425f49d36c9b21efd14e4114990e1591d8ae41b28.json.gz,True,False,10.357415499980561,,archival environment/concurrency not proven comparable or incomplete execution
519d9aef84360a26c136d497452207a2f9361b08f45998c97ce0d6063a918b8b,h101,2,results/raw_reference/0fae8bd09a70810034d94d0e257ed3397c16693393b4d1c392d25ad104582a71.json.gz,True,False,10.323975799954496,,archival environment/concurrency not proven comparable or incomplete execution
54bd19a127f79006c98e1f2413a120a89c7ee77b98634be0852e89d09e542927,h101,0,results/raw_reference/10122c68d3a273801df64f871622cf557bd4671a07750494a1af7dc25c987ee0.json.gz,True,False,12.52359619998606,,archival environment/concurrency not proven comparable or incomplete execution
dc0f10732cd41b082c8be573176d0785f3006f5772f15b40f740f5cc6ce3fa8e,h101,-1,results/raw_reference/861a7c490e24705940296717b2b76286d6991b648dde169708a9348eb2877ac1.json.gz,True,False,12.784682299999986,,archival environment/concurrency not proven comparable or incomplete execution
27d11b1bb1de5fef9e59ec1afe8336c1e8df81ff5e373103ba2fe32b85768567,h101,1,results/raw_reference/dc545b166dbf0945dbef208a7100778288893bd6d3b61bb08c7a0ec551d6896d.json.gz,True,False,12.28991460002726,,archival environment/concurrency not proven comparable or incomplete execution
a63b84c80d3c1cc74872e21552f1a6e74267accf3228b92c5e4e3a7f775e82e3,h101,-2,results/raw_reference/71c2c9b0e21369b3ba56087384fa940bfd7d0927d58efd16f9de7647d63782ab.json.gz,True,False,12.012211500026751,,archival environment/concurrency not proven comparable or incomplete execution
2efc79a040fd98795bded18c9a7bc9275cea65d6e354616dc362cb0c2ae58ab4,h101,2,results/raw_reference/21051f70dcb9d38f09d61c30a87ba1a683159bd22d46b20b3a27ca459af5d51e.json.gz,True,False,12.22187439998379,,archival environment/concurrency not proven comparable or incomplete execution
57f218900dba0153786eafe346cd0980d226ac95cce386c4fabfdc81e5b77161,h101,0,results/raw_reference/a8fec5c6c79a7d98c2676067c6b9b8f2c3d97fc99309ad0266c91e398915f2d0.json.gz,True,False,15.045175199978985,,archival environment/concurrency not proven comparable or incomplete execution
fa634a38e6cd20146bd6b342c0703c7fe4a17e475877d37382c718ec547081b2,h101,-1,results/raw_reference/d9008960b73959054aad018c6ba11aab4c4b80bf9af97f345e26d17f93e169c6.json.gz,True,False,15.381563700037077,,archival environment/concurrency not proven comparable or incomplete execution
2f83ba2fb6de3122cc3becc744e900a3c9415322ea7c250175dd795ef92894f4,h101,1,results/raw_reference/eebe11a12b2ceca39d19527a7e998b44a11ff2a510c64b458023a9dbfc52e3ab.json.gz,True,False,15.518013899971265,,archival environment/concurrency not proven comparable or incomplete execution
3b8f052a8573f62703fc8e4d9cf7459f2b3724b2786a98801853bcfb0082f7ce,h101,-2,results/raw_reference/db2c080b51cc0ee1db2fb8088852dad500f26951c61f51a1d429b5d7ad142c57.json.gz,True,False,15.456215900019743,,archival environment/concurrency not proven comparable or incomplete execution
c75cb61e40589e5ebe3b792894eac5199c5ff59c0fd1bed782482b603675e8c7,h101,2,results/raw_reference/83a72baaa63ed5c1c76a95ea7f0f6ddde68a8bb1011bc526e3e803930797d916.json.gz,True,False,15.75729980005417,,archival environment/concurrency not proven comparable or incomplete execution
e89d25931e07c0647e29daf027abf14b4c00fa4dbb5493270eb0e46c7456ac51,h101,0,results/raw_reference/cd70495b0d99bc8d48eb9662de6c2e7a0e850a10436e35e4955f2e3071043afd.json.gz,True,False,12.831850100017618,,archival environment/concurrency not proven comparable or incomplete execution
4969b132f8c8a3273cadf723a30d4829e358959c5aef541a39debca25c858da2,h101,-1,results/raw_reference/a725046149840ac4aa53ec67ed98f8c6d395c66f574327961d71a67e4fc748be.json.gz,True,False,13.299579599988647,,archival environment/concurrency not proven comparable or incomplete execution
e60671fc764924bdec1cc7d69d37ae0d3fcfdc1022709a21976ac53f02454e56,h101,1,results/raw_reference/250c29c2ee66d44c88ef979ed331f7770347611903b5bd1f2b5b549a00407dc4.json.gz,True,False,12.777095899975393,,archival environment/concurrency not proven comparable or incomplete execution
4d78d50a03481140a25548851ba93b33f7eb5ecbd044d0e73209e3a6f2e3b893,h101,-2,results/raw_reference/f292ec8a754c494e7b7086da1d18698860d66f58844a760497139d2da5d4c335.json.gz,True,False,13.684596000006422,,archival environment/concurrency not proven comparable or incomplete execution
4e1543fdf461929d897b770a582f3e513c20475de0994acb42f4582897e7696b,h101,2,results/raw_reference/6e4b8b08a659fba7e1bac4b5fd38ddb531f19ba87a2b1bc7883719302f40c06e.json.gz,True,False,12.888158300018404,,archival environment/concurrency not proven comparable or incomplete execution
6bc884e62a1658ae03113e16f1aa40137f42a87665a1c632892cc05bd1478059,h101,0,results/raw_reference/493f7984f0e0d3fbb275d29df1e2752450c9bf22b4783dc1365e8a7805341f6d.json.gz,True,False,15.316595799988136,,archival environment/concurrency not proven comparable or incomplete execution
abff9d96f48bc0d8ab942f419825d70d4214a29eab24e881ab5bd67a6a7a7f57,h101,-1,results/raw_reference/7c60b9a076766f2a6d28a2bea8c1a6f7bd1059fdb0c8692f6f756051698c2451.json.gz,True,False,15.394443300028797,,archival environment/concurrency not proven comparable or incomplete execution
d33ecf109f6103afb9d1305dd72807d571d9b974b41f05e2f0445dd4a501bb73,h101,1,results/raw_reference/764d84fa36a1ef001efed2acb3371017afe10a8bcd367e061e41801082229e60.json.gz,True,False,15.370386600028723,,archival environment/concurrency not proven comparable or incomplete execution
3df90d89448179398f8af7967756947068555194cb13154633192ebcf55753aa,h101,-2,results/raw_reference/b30fcb4ec42d3fd6b753057f65fa39b72d0b025904e17ea9dcefb481f83d8a5f.json.gz,True,False,15.38136709999526,,archival environment/concurrency not proven comparable or incomplete execution
6b653b1fbedbea764f0dad55dfff8f398774ad6da90a7b729f2b0bbac9f6bf12,h101,2,results/raw_reference/6b5b82d23c9a5d9015cfd0e814b4b07bf2ec655bd208d168bc1cf3069b551f75.json.gz,True,False,15.225316900003236,,archival environment/concurrency not proven comparable or incomplete execution
0edc28ba1f48fe3f637f37ba58119243e222542973662bc6b2f0e6470aaac3a2,h101,0,results/raw_reference/bb2599904b9982b3cc775dddda4c84e18f1c8c5e49d4cb8f27a3e04dfa6dc5af.json.gz,True,False,12.202767300012056,,archival environment/concurrency not proven comparable or incomplete execution
c1b3eb8d7ad1313eeb385ccfa2a12abc7041a9ca70ab573cd980667cf2877398,h101,-1,results/raw_reference/988c1d8414a1d84fa4a4749959a1d1a11eb10e8a27805cb6359cd75d35bc0743.json.gz,True,False,12.66206920001423,,archival environment/concurrency not proven comparable or incomplete execution
6946a1d00bec023c9790a0af4cec34f81374b0fe0e58648f632df4bb5e2354d6,h101,1,results/raw_reference/d2a9f9d973de008046f6f67d248fdaa37cd7deca2e41f36190f4a0030c139f45.json.gz,True,False,12.465765599976294,,archival environment/concurrency not proven comparable or incomplete execution
593cb966c882df24eb7e04b399f6ee235fb918612e46243e095e727c32551790,h101,-2,results/raw_reference/e6f6a34dd1900a911acda5d3b8ea8a04361de9bfbc7867fbb15babe672239885.json.gz,True,False,12.40055120002944,,archival environment/concurrency not proven comparable or incomplete execution
f2e16f8c443d3594215e29b129454ddc0e869f703d8ea0f4441f48939eba2a99,h101,2,results/raw_reference/bb895036f003175b53831682b2c0f3b704b319923249dc2930d57803760e3396.json.gz,True,False,12.074810200021602,,archival environment/concurrency not proven comparable or incomplete execution
3b1f82f0226cb921d8d6619f83cacf5e7a5271d19fbe6917faafce7f22ddf1ee,h101,0,results/raw_reference/ff392e84642eb5480cf5a658ed893c951d7cac8f66e369a3b1fb3806632d0185.json.gz,True,False,15.558000000019092,,archival environment/concurrency not proven comparable or incomplete execution
d347c8688e50bc60399a498ed03d2bd200567b031538cf014062065f2f4db635,h101,-1,results/raw_reference/c9350f2b5bb009cc54e85f07569a012dbc947e9ac469342aa28c4fb4e6a0cce5.json.gz,True,False,15.69923710002331,,archival environment/concurrency not proven comparable or incomplete execution
65e606421ef859c60de95774cc76faf1a5fab8ae38798e2e1d2c16eb1c788845,h101,1,results/raw_reference/18d182558b2fe7ecf0873b3be73528aef775364ff981cc9aefea85c033efd619.json.gz,True,False,15.371373200032394,,archival environment/concurrency not proven comparable or incomplete execution
3922de067017be5eda51cd52fc3249c35cba72bc71bca7a2303d96d2172f60cd,h101,-2,results/raw_reference/ff2bbe50a0b051efa449bd7aae2cf78d6f88936f5ed6202c4b2dc9d034f68316.json.gz,True,False,15.341628999973182,,archival environment/concurrency not proven comparable or incomplete execution
c8a5aa7e5b93c0f0d3015c70e9e046c6b308b645839c5c1b0a13d4712dc6dff2,h101,2,results/raw_reference/a8e816ef1f9be72a629263eeff43e0b5d0c413827b68a922985c93213e4c5102.json.gz,True,False,15.249705300026108,,archival environment/concurrency not proven comparable or incomplete execution
263763b18a4a7bd6af888f26845d09b24207f2b416d5c132e920b69781cc0377,h101,0,results/raw_reference/b565aa50919a469503412e343fb44dcf91ff60555ebb18d927676d9e62b6ef3e.json.gz,True,False,12.875677899981383,,archival environment/concurrency not proven comparable or incomplete execution
9659f63c78957f3cb4af505cda5ec4f5127f5ad9c09c4f102c82c635f11180d8,h101,-1,results/raw_reference/43551c54e57dcc28cad368132f7a42d6e09eeb21dab9a6371758def8c7c4d1c5.json.gz,True,False,13.239296199986711,,archival environment/concurrency not proven comparable or incomplete execution
36ef72cd5857050e0a43dc7d68909a9928ab1e0d0bebddf427d5c4f0be097a32,h101,1,results/raw_reference/fcc11c72f9a610c962df7481d2d530daaaec4001358e2866bf7c89bb5ca8113c.json.gz,True,False,12.374662699992768,,archival environment/concurrency not proven comparable or incomplete execution
4a4a7e76e567eec4937d04983f4bff42559452974071162ba16c77e928f4e19c,h101,-2,results/raw_reference/9bb30e65a93de6bc075325a52830bfbe83fb95145fdd224b1b3dd16031fd8290.json.gz,True,False,13.09224050003104,,archival environment/concurrency not proven comparable or incomplete execution
968ddf679ed740cfe5026644e66a2f3a9a9d6209f7cea32309c054dc8ee43c48,h101,2,results/raw_reference/548b9f89c5a502accf0e1c9b6fccc0166d98eeb0f2fcca7270ef5bb8091702d3.json.gz,True,False,12.886183299997356,,archival environment/concurrency not proven comparable or incomplete execution
de95c3600a9429cec2590231094b926fd375e7d9247fc441d2738e2f41be27cc,h101,0,results/raw_reference/e80d5b0078d448c3e11da20c3e5d1b4f24c6269c71ebad8b8fadf6218c8608f7.json.gz,True,False,15.008033599995542,,archival environment/concurrency not proven comparable or incomplete execution
6bd3bf916812cd206c4baa3fd34cc49d87c97e0892526b7e1f3974868cbb51fe,h101,-1,results/raw_reference/ad2ac0ee03163ebc73df78f55d1e341440fa37fce2ca056d90044b8b1b3832c5.json.gz,True,False,15.301403799967375,,archival environment/concurrency not proven comparable or incomplete execution
aec9c28333cd55f958dd5dc6508690def3f3c6a483214965bba8150a5c36040e,h101,1,results/raw_reference/7291d3c09278684c229ffb4b77214449f655965c91c090a1160bcd2a749f5b32.json.gz,True,False,15.620729400019627,,archival environment/concurrency not proven comparable or incomplete execution
1d8d264bfcd050f363ae6a2ffc189bacd3432f983b47c992a8b1016fa659ee8e,h101,-2,results/raw_reference/1370131378b8bd3f889a6b90a2e4ea9a6ff475f4a5dcbcfe1d885f8aa279c307.json.gz,True,False,15.102957500028424,,archival environment/concurrency not proven comparable or incomplete execution
e4b4b44145238323641ff125fcd154bb71177c997315c01a01af38e4abae6421,h101,2,results/raw_reference/5601e42fe5b8118a62092fdc97f07f7f491798df00a5c4279c0cfa50ec094a92.json.gz,True,False,15.199926899978891,,archival environment/concurrency not proven comparable or incomplete execution
78fe8e2bdf7d48e190277fcc64436dcd7fd0b8358483897a72a722ea9fc57025,h101,0,results/raw_reference/9b5474eda7398e5bdb0ac2cff12dd60dc9195855715721561afb6cb2776bf500.json.gz,True,False,12.717148599971551,,archival environment/concurrency not proven comparable or incomplete execution
524a26d7dbce474565f116aa5a96dc99251aea7a2ce4095ec5b28ffe3f9d8fc0,h101,-1,results/raw_reference/6d3f3377b061de89a1e31c07c179eace5b7fba27d7cd76c36c2523786708eb45.json.gz,True,False,12.586432899988722,,archival environment/concurrency not proven comparable or incomplete execution
2e1ee85c0f9e56501e77a12943cce43f9fb0098d80d50e18e31a3d46b08087e0,h101,1,results/raw_reference/b707187d0082adc748681ab17117f19ce185b102811e54299b04ecafcb2b1efb.json.gz,True,False,12.374849799962249,,archival environment/concurrency not proven comparable or incomplete execution
2cd4772f13a0feb74df84b274070267b14096ff043e625165d4c654542a89f05,h101,-2,results/raw_reference/6b542f68604a0963dc4c29e9d666fc984a0903b46747a24f9e513f8c445558c6.json.gz,True,False,12.545476200000849,,archival environment/concurrency not proven comparable or incomplete execution
d92112eac640b4ff62bf82e0af8920156a4804901387dbafc98d865c7398b94e,h101,2,results/raw_reference/4dd8f2e45dd0c442e50a445474ba011225ae405d81f88e89c9d3c9c833610dc8.json.gz,True,False,12.167888300027698,,archival environment/concurrency not proven comparable or incomplete execution
d2d81329295d8e866639b9e9c246256d4532c70486efb63cee40f36de97f3191,h101,0,results/sla_sensitivity/reference/5375f58ff7ee49a5848d4d5d84aa0ab8ab196ec1ed61685378bd91b13d4864c4.json.gz,True,False,16.83132250001654,,archival environment/concurrency not proven comparable or incomplete execution
53233ce99d65a9e0a3da9786e1cd68bb73d6eba95d0fb7bcb0419fbfe5829a07,h101,-1,results/sla_sensitivity/reference/7aaace8088fc6dcc438e19b7599431eee749ff85d145a2302a4ebb3c6687fa36.json.gz,True,False,16.949563200003468,,archival environment/concurrency not proven comparable or incomplete execution
f5cc2c18a00538677a8f5930480e951397e90a97fdfde678917b053e777cddb5,h101,1,results/sla_sensitivity/reference/61b278605ef41ef22382d4ca3c42ecaaf3796b2c6aba8b0e1b19ece2da164d3c.json.gz,True,False,17.001777700032108,,archival environment/concurrency not proven comparable or incomplete execution
c143f3e04250c45aa26cb25336d25bd6d9fdcb6bd04a727f695e51d38dd62b41,h101,-2,results/sla_sensitivity/reference/a653c2a3f6cb1d9342e59cbaff2df35221011848265eb79bd49bb7d336e069ab.json.gz,True,False,16.921528599981684,,archival environment/concurrency not proven comparable or incomplete execution
668cd2a1d3c39410abd8642f222cf8dd5291bc578d1dfd2e834538567f9b7a94,h101,2,results/sla_sensitivity/reference/b70b7be32c5c8497bccfd7b97a188a1f873e5d38ed6f749dd7b0580c36bf811b.json.gz,True,False,16.958278300007805,,archival environment/concurrency not proven comparable or incomplete execution
ad49c6bc3a8b06f4b07af31b4c34bd2817015af6f9ff1c01f70ea6fb037113c7,h101,0,results/sla_sensitivity/reference/56d30844e62450ccacdea6bf2feedccc5cb644e10f404a588202e8d3a8668205.json.gz,True,False,16.899149300006684,,archival environment/concurrency not proven comparable or incomplete execution
069a8e3c9592d0edd70523bd63bc13d8ebaf0f0a8ac600cceaae5e11ac75d33a,h101,-1,results/sla_sensitivity/reference/a4120720d0f69ad868f02655d471294b4160e1f7c1edf17863c80844ac35ee7b.json.gz,True,False,16.636482100002468,,archival environment/concurrency not proven comparable or incomplete execution
644e93507520a714f2ea9ac1bee5cfb705d6bedc9e73417bded63cbd5c318ff8,h101,1,results/sla_sensitivity/reference/4ebaf0ca25ce1b3144f7a005da3e14d61d81456d9deecc134a9f111b918f6a2c.json.gz,True,False,17.04085450002458,,archival environment/concurrency not proven comparable or incomplete execution
04d23fc5afcafb72aab7657f8411ec618552623707251207093490122fbcec8b,h101,-2,results/sla_sensitivity/reference/2d67595ed90570ca5611b644b71b3e286884aab35790e2b31c523ae5eede1963.json.gz,True,False,16.95379739999771,,archival environment/concurrency not proven comparable or incomplete execution
01c04ef6ebd67028323fce4da9262136c7cc28179249fae3ac023a509b8392b7,h101,2,results/sla_sensitivity/reference/767f7d31f58b25c0a54027c295304aba381106a7fde192f9238ff8292a09ddcf.json.gz,True,False,16.984766400011722,,archival environment/concurrency not proven comparable or incomplete execution
dbe122c18fe090550594546c01db03c2f4f2a116ca8933453729cfb4f432975b,h101,0,results/sla_sensitivity/reference/4fcb0bb23cd3c158c37d33ec1bffc375011e93be6fe3d782aee0fd9b33089ed8.json.gz,True,False,16.748995700036176,,archival environment/concurrency not proven comparable or incomplete execution
a53b11fc21a97146d937dcafa886f62cade0380b98dc1b8adbcc282212607f9a,h101,-1,results/sla_sensitivity/reference/99993e06be11e0788737743077a95e454904f70ac11264b44602d9e51537a5e2.json.gz,True,False,17.45389260002412,,archival environment/concurrency not proven comparable or incomplete execution
e1ea34d4fc0ce7f31d9c161a1146a0c1f8827eeff1716ec3cc7ce7bdba6f9421,h101,1,results/sla_sensitivity/reference/1d53408a26409a3aa26fe6e87c158d5ef2bb44f0e24eff3e290eb424295165e7.json.gz,True,False,16.797706199984532,,archival environment/concurrency not proven comparable or incomplete execution
035e734e4fc8db18b35726bb2078bc10a58bcecf11f6d4615e300ee985208531,h101,-2,results/sla_sensitivity/reference/583a83449b7ad8ea529db2a4c21e8e5cd371791ccaa11871507582b4b1f1f43a.json.gz,True,False,17.384255600045435,,archival environment/concurrency not proven comparable or incomplete execution
72938c4a7ead57f63d7037814a95cedb73e81621f02d673ec817ef4a907ddbe1,h101,2,results/sla_sensitivity/reference/a66129484e3e6c04c5c6832b03e2747a2d1c784ffe8a47d2545aa180838fbf30.json.gz,True,False,16.72841400001198,,archival environment/concurrency not proven comparable or incomplete execution
db82ec00c46b40f490a65c6bd37a8eafdc72c2c6cb7737de6e1dcc5ecdb1adde,h101,0,results/raw_reference/395f35e864c45ef83f9662dc58819136f2710cb4c1c265f4960eaa71c2d60e63.json.gz,True,False,13.528838199970778,,archival environment/concurrency not proven comparable or incomplete execution
209016483c9836aa072db8eb0970e9421664013b22eea444b998fe6ab7b32435,h101,-1,results/raw_reference/90c647ba9a8e5415e198df01a6c0f9b883bb31da92b7fc117004b4fff4be949c.json.gz,True,False,12.88514559995383,,archival environment/concurrency not proven comparable or incomplete execution
73359e8fab7c34405f7e30281d2028d9e11b283d9bb15847f1ce12799f2f8ee6,h101,1,results/raw_reference/739feb7b5d58547ce4192152ee988dc88b4fcfa063be8308b55f1098812b70c6.json.gz,True,False,13.010505599959288,,archival environment/concurrency not proven comparable or incomplete execution
90fb05f51a680f6cbbb73dc31236ba277fe73bad9ea0cdc0ff55e84c1c6aa321,h101,-2,results/raw_reference/a5d1bd82af239c6cd1c68f752bd83ce61f8f88c28004ac82be229b6a1eb6fef2.json.gz,True,False,13.394927099987399,,archival environment/concurrency not proven comparable or incomplete execution
70cd532efd7eece0df12bb913439c49a19c94024c03d1abd27456517a737b2ab,h101,2,results/raw_reference/9081ef0e2aab7749e7ff41f8f610fcc284743b03729ef50b8422d6605600ae9d.json.gz,True,False,12.17888550000498,,archival environment/concurrency not proven comparable or incomplete execution
e29807d44310f4a5009338c66240418744feaa87ed4cf26537554632c6eab283,h101,0,results/sla_sensitivity/reference/a9e5e540542ea445bbf14bc8d52b7cc305d90fcac120fcaa2fe977f65ed5b281.json.gz,True,False,17.14463739999337,,archival environment/concurrency not proven comparable or incomplete execution
56aa1d6c99b8f5010a53ffaf6b7fde996617e87b5b73081b3af2c37654868932,h101,-1,results/sla_sensitivity/reference/98e83b66f79e48a092bfaa1afc2179f5f3d33bc1ed6d7b1deaaf0c03e2e743d7.json.gz,True,False,17.31154200003948,,archival environment/concurrency not proven comparable or incomplete execution
ab5fa385d6fe3f32691d944648350d7db2c33df437f944007c61bc730e450711,h101,1,results/sla_sensitivity/reference/02dfe1a388ba5ede699a42a7880418309f8a18689b954e856c17820917821008.json.gz,True,False,16.590015800029505,,archival environment/concurrency not proven comparable or incomplete execution
6a4d5451b07344177e8c602dec52b31737d9a0f7056084342605cfcb02ffe64c,h101,-2,results/sla_sensitivity/reference/406073667f3527e889084a24c36c097f325d652f0a4e6f3de1668cf74b62d2ba.json.gz,True,False,17.233239500026684,,archival environment/concurrency not proven comparable or incomplete execution
41c690060a68afbeec8aac1c61ff6bf59762703558c96f80f3d6e6a694f42973,h101,2,results/sla_sensitivity/reference/dc0dc8d4e99a6a723652669339189daadda1310ad3774ac0c1964059befacbaf.json.gz,True,False,16.992893999966327,,archival environment/concurrency not proven comparable or incomplete execution
2cfc9ba0ab06973ecc3548558932ac506b6f4c908186ce8ba495e53b2755562a,h101,0,results/sla_sensitivity/reference/d287443c76f6c16904154d418ab8adeb0fb6162d97691a98a19dd5f82cc2edb8.json.gz,True,False,16.851847400015686,,archival environment/concurrency not proven comparable or incomplete execution
841eea1b66c7025f9d142160907466f9c8d019e1701ee26ada9119d55ac2b4ab,h101,-1,results/sla_sensitivity/reference/f121241d7cbfb73c343f26af7adbbfb2e251187e8231812a27ee2e88b3702672.json.gz,True,False,17.021723200043198,,archival environment/concurrency not proven comparable or incomplete execution
70f3f2e7ad433ce2036132a960b03e59e3fb3171c8d3c1d9828e35011ed8d3c3,h101,1,results/sla_sensitivity/reference/b2ae83c7c81b983b7321b8508ddc5d60120169e39860e9ac5b8645f7c8b324a5.json.gz,True,False,16.605903399991803,,archival environment/concurrency not proven comparable or incomplete execution
9e52746ec15976774ba77dad65c4766be445790a35493095b6cb4663aab54c6b,h101,-2,results/sla_sensitivity/reference/30f8fc180d33c9f2ed0b45f403bffe65332b4e3c888dbb57fd1c57f884e1427f.json.gz,True,False,16.731823100009933,,archival environment/concurrency not proven comparable or incomplete execution
cb88ec57cb0d3e2a1bfbc4c3a8783f720bbd26c9251f60f8c68f4e3d8f4e9032,h101,2,results/sla_sensitivity/reference/2223b8a8a817f092a21532820ae5d540878b8097972b814ecc1dffaa2ca80437.json.gz,True,False,17.25383530004183,,archival environment/concurrency not proven comparable or incomplete execution
93212fd3a0d7d4d9c78bd5878f34b6a4c275dc2e08b88b22841af93808c3cb96,h101,0,results/sla_sensitivity/reference/d154ae3b12bcaec0313e60632e8265fd1fb7527b744483136fc1afb3fda91606.json.gz,True,False,17.58354700001655,,archival environment/concurrency not proven comparable or incomplete execution
cefc81d96365e6e90a66dd5f5aa831c09241711e37a6151e6373920dd739f96f,h101,-1,results/sla_sensitivity/reference/68923f1f1776a16e783c422d5dfa1c91df03a60bdca5447e6b3df527f1f241c2.json.gz,True,False,16.6494160000002,,archival environment/concurrency not proven comparable or incomplete execution
2d152e0fe41db3b795fe130f96ce814ceb63f4dfa86fba2085c83b97be01b6e7,h101,1,results/sla_sensitivity/reference/a5fc035ab8be9852a5e65369ad31409bc11e49afec8f2a43165c40a5a7cf4233.json.gz,True,False,17.06048289994942,,archival environment/concurrency not proven comparable or incomplete execution
640ed03d02ab704c490e605add0411aad878123754d5b52c5e98fd3083f446d4,h101,-2,results/sla_sensitivity/reference/f8f961fc00813b0827607aaf5d7b893ef9e50af15c9fe1f59359bcec4c921876.json.gz,True,False,16.823029799968936,,archival environment/concurrency not proven comparable or incomplete execution
ed29956b414dd2072737af4fffdf28c98fc6b90242d9dbee0a04f913e20b3fec,h101,2,results/sla_sensitivity/reference/d941649737d9ddba7a92bbad6d51ecca8b4c008a4d56776e3e6d2d8f26e0bc9d.json.gz,True,False,16.99914319999516,,archival environment/concurrency not proven comparable or incomplete execution
3a91643b0abf7268b0b5f5eccd69f99ce4093bf94b87e37de0eafff067c9d2c9,h101,0,results/sla_sensitivity/reference/ce83c19a65cca698779cf36e5114e8c4e88b4f5372bebd555144bcb33910925d.json.gz,True,False,16.863497700018343,,archival environment/concurrency not proven comparable or incomplete execution
c791dba5185efb5b4c43f875ca47e11a8138de9d1dca25a68e146bed203ad1e5,h101,-1,results/sla_sensitivity/reference/6c4ee76373d415fdf2457586e3544f6384379fa58e2eda7071c988879c892f62.json.gz,True,False,17.24095970002236,,archival environment/concurrency not proven comparable or incomplete execution
e047c8d686b6acea2a2abd0b64ccd286d3ff708975357099097c4572d162b892,h101,1,results/sla_sensitivity/reference/3f8565d01632ef07a9c5bdda09f8b338f86f8ab8caf4b16f0c1c4d03ed1e9ce1.json.gz,True,False,17.153533400036395,,archival environment/concurrency not proven comparable or incomplete execution
4f8db10eb817a7761692cdc0b9a366a6e5b71aaae76f4e95061cfb4483df995a,h101,-2,results/sla_sensitivity/reference/d010925b090532b860fb87be69ea0d5265e4afeac9ebff1356b82d7d942cf163.json.gz,True,False,16.77781119995052,,archival environment/concurrency not proven comparable or incomplete execution
6e97c160eeb7acaf362e2bdd74694c9a4cb621544b79c87c924f419f894468d3,h101,2,results/sla_sensitivity/reference/be23760624a5ab98390a7f13fbf8cf1a493d65d03d6b11efa2de334890702e74.json.gz,True,False,17.049663399986457,,archival environment/concurrency not proven comparable or incomplete execution
dccfba9e862de30b807aa7b58fd029b88f09e9c064cf10eb646771b720a1505f,h101,0,results/sla_sensitivity/reference/75edf6b91e2b11c34bc933143e6b8274a9add715339f157d6fd9138f6dc2bbba.json.gz,True,False,16.619275200006086,,archival environment/concurrency not proven comparable or incomplete execution
17de435bf4f55350f7a3e9e076d790b185ac789b37e5e3c1f233bff1a9582b31,h101,-1,results/sla_sensitivity/reference/745d9883c2341f21d02092c53d42141e8d3220d830dfeda3cc439cbc8b2c5688.json.gz,True,False,16.9978575000423,,archival environment/concurrency not proven comparable or incomplete execution
6ec1bfefb696b92b2566b599a2aefdace0fd1e717c46bb49baae6f8af06d2c1c,h101,1,results/sla_sensitivity/reference/20a41a86549b7081a7bc7a6c293c837b7752740ea9fa7a41b501bafb7230b287.json.gz,True,False,17.176414799992926,,archival environment/concurrency not proven comparable or incomplete execution
33713e5967b14e3927933436fc1d8822864bcae3f8b87960902bea71f41f1e5a,h101,-2,results/sla_sensitivity/reference/77abbb4d131349f3a304223f9756fee865abfbe033a1b713f832d6e0cd7faed0.json.gz,True,False,16.858846600051038,,archival environment/concurrency not proven comparable or incomplete execution
79b5990310052242faf531e1f4b18d5e366d6cc72f68cc393562f569a0432eaf,h101,2,results/sla_sensitivity/reference/ee1fb9740e30680a29c2d34a22a68d84ae6cfb6fde8249c745daaff22d3b74f6.json.gz,True,False,16.843349999981,,archival environment/concurrency not proven comparable or incomplete execution
391083577b43253b01db61ce1c6ceeaf400226d12d7898d9edc65cccffc91f40,h101,0,results/raw_reference/3665894fd52b5aadc1f2b5317adccc91c15ee1f45c7b441581cefd36dad3ae6e.json.gz,True,False,31.279994292010088,,archival environment/concurrency not proven comparable or incomplete execution
2079e008163632172352e3992b4c12d7939b6e2cdcaace210e643dd22507bd05,h101,-1,results/raw_reference/64b0d61c513f2d83f3a4e6b7589d54e35a95a12f942758308cbf973001f1cce9.json.gz,True,False,30.174762458947953,,archival environment/concurrency not proven comparable or incomplete execution
7de0dbdc54558650dd052a7a4ca90d8fbc7cd50ee6bea7d36b24cd0040a86e87,h101,1,results/raw_reference/0efdb3a25892591aac1de347d27026f3a5fd07ea4dfe2f90c0759dafe3e18feb.json.gz,True,False,37.195891458017286,,archival environment/concurrency not proven comparable or incomplete execution
6d3a0131bd8d1be71501655c955e54c70254ece360532bdd5bf74601b15c9106,h101,-2,results/raw_reference/70bc8042146610de78fecc3cad4ce3bcd74dc04a55a1d52be0b99d723984b227.json.gz,True,False,27.072469167003874,,archival environment/concurrency not proven comparable or incomplete execution
b6a8ab354a5ee52da9c05a7875aea4f96f42e13cb392cdfbf6d3da6effdbefa2,h101,2,results/raw_reference/7c9f3575e36f0963eb36a459ae016d9e217b846b63203d2c687c2bd32da92648.json.gz,True,False,46.715531249996275,,archival environment/concurrency not proven comparable or incomplete execution
b4597f17c0f705bdab89f8781a2ded64619817150755f782a92cabdff24d0bc9,h101,0,results/sla_sensitivity/reference/6fa7ec280799ec343a4a715f609bfafae44a15116e712b9bc882463ff7d46fe9.json.gz,True,False,17.050713900011033,,archival environment/concurrency not proven comparable or incomplete execution
c1e0e085433fe83285057e79e6dc9eedde7d1dfa358cede0b74eb8b86f972d0d,h101,-1,results/sla_sensitivity/reference/94d70fe71ab36ee769de413b733512372358c2922dfb0f975e4f9d9891a4f7fc.json.gz,True,False,16.601999300008174,,archival environment/concurrency not proven comparable or incomplete execution
e0d88f3784097f3f2c016669980ae6fcf38c154473d00e8e2dd3cb857934addc,h101,1,results/sla_sensitivity/reference/73f85a4403cbdf2839b5601ce0b96e5ceed52d19af603a26e54f3e207f9e80c9.json.gz,True,False,17.6290130999987,,archival environment/concurrency not proven comparable or incomplete execution
a6226f21b292b55794d1d5c36954c1ca04a79b13c906ddc9031a13b91e59dcb1,h101,-2,results/sla_sensitivity/reference/528288a983fb0980505c46d13e748b913b3134d99b54a0e53e48dd7951f10906.json.gz,True,False,16.538180199975614,,archival environment/concurrency not proven comparable or incomplete execution
642ac2bf285411f8cf1723c5d9c6e377ab8601f4a0a4695c1007acbb3ac306e7,h101,2,results/sla_sensitivity/reference/2f0e4da4011edf929793f80dd5f9683c855e1daee790dbf95d3afc0d97e1d0cc.json.gz,True,False,17.118226599995978,,archival environment/concurrency not proven comparable or incomplete execution
5282a3f8118063d2bc3b198cbd0fac163eaa87cb372ff3b5ad003a0a25338c4c,h101,0,results/sla_sensitivity/reference/90ab69d28f67e6a6b5db51492512c38af087ef540e852bc121c76377ec99ffd9.json.gz,True,False,16.916296000010334,,archival environment/concurrency not proven comparable or incomplete execution
742a8d39b25df8199d71c3fdfe85aba2d0818f7734443fe35e1e38f5c8539ca4,h101,-1,results/sla_sensitivity/reference/c003f8b38dadf8b63ceef8ed3848e43ee640ed693d928654f8f30e4ad8aa4437.json.gz,True,False,16.77799509995384,,archival environment/concurrency not proven comparable or incomplete execution
754e41e3e690cb41eb5260817abe12a862a2f365b7bdb3e010e64083d5ce29a6,h101,1,results/sla_sensitivity/reference/3228de9e88b4dca91740a329a5f808837b1ce51b4913835e71ac43622ddc4a59.json.gz,True,False,16.930172200023662,,archival environment/concurrency not proven comparable or incomplete execution
130eabdc33ad7365bc0b1a311bf77f227e9cfb5c83b05e23ea28415f9f64675d,h101,-2,results/sla_sensitivity/reference/fd9e736036d372f24370ebb56e6bb71737c4604de9af42da6ec4c302c2fef311.json.gz,True,False,17.508656200021505,,archival environment/concurrency not proven comparable or incomplete execution
6c3b9776f457ffce49d41fc8886a11d31fe093373bc56d21b3668c886f642fa0,h101,2,results/sla_sensitivity/reference/f8268dd7e16d2376e3b68ca7d33807149db3a4fd8c66dd2d6d4567fa5551c087.json.gz,True,False,16.81667450000532,,archival environment/concurrency not proven comparable or incomplete execution
5e2954f43ee90d57bf7ca73a5d7bedc5cc6671792297277a1ac66d1a210c3f94,h101,0,results/sla_sensitivity/reference/b88ebc315daf92b49bd75ea7fd356286593aa7e4489b29dd84dc9cdb48418842.json.gz,True,False,16.814285499975085,,archival environment/concurrency not proven comparable or incomplete execution
760f54e7bf6c417fbb119612c7ea9ec3d5b8ee797cfbdea2ed5a5ddc5d896ebf,h101,-1,results/sla_sensitivity/reference/36fe43e7b9f2226a29e1effdee4207a15ab6d1c84300359e8c29c059ce99b5b0.json.gz,True,False,16.83673949999502,,archival environment/concurrency not proven comparable or incomplete execution
91a8a9e7e6c99ab106cd4c42921351f4e7b4760f2946b112b961856a38560e1d,h101,1,results/sla_sensitivity/reference/35d495d21bb79ed6602e163f5cbedb588550d53a548b48a78c8957a63f6a3a82.json.gz,True,False,16.804855900001712,,archival environment/concurrency not proven comparable or incomplete execution
85131e7932fad5f644fdf56013095fb1af00e23c54531162d412217b06539304,h101,-2,results/sla_sensitivity/reference/2c27449a24f0d5e3fb962db38f0f122163a4da7901a52926ce225864fad1bcbb.json.gz,True,False,15.957458399992902,,archival environment/concurrency not proven comparable or incomplete execution
b079dbf49a68fee5cb73b45bcc17460c2f752f588a8f4c39b744886159678079,h101,2,results/sla_sensitivity/reference/edbee0dce871438b630e268f23863f02b0d7641b079c8ab4ad469ab1f366a186.json.gz,True,False,17.353567600017413,,archival environment/concurrency not proven comparable or incomplete execution
55a43b020e07ae4dc090086ea819a7b40270d24db8fd4bf1e3e556b2cdfd1a07,h101,0,results/sla_sensitivity/reference/449f2c4436dfdfba814837246afdfd559a91dbaed0156a9e205791403c8d7a49.json.gz,True,False,16.64298179995967,,archival environment/concurrency not proven comparable or incomplete execution
44678d0b7ae858eeb8d901ee006e686466ada801af7345ce8b542a56d6eab216,h101,-1,results/sla_sensitivity/reference/c01d6b9185c291760e44b12d634c9b5a7e5198e8667ea478ba9677d3589f2dd8.json.gz,True,False,16.781217199983075,,archival environment/concurrency not proven comparable or incomplete execution
a063f0472e2d9b9666976953a717e220f9c0df21062939183b356cf3e1bd057c,h101,1,results/sla_sensitivity/reference/d0604866dd139c2be34bffd496febb5e3f7f57b95bbc7cbbcca2675a03ea1560.json.gz,True,False,16.918321300006937,,archival environment/concurrency not proven comparable or incomplete execution
b5f655c91aac44b4cb9432901ee4489fb808300c2b2e73d5dd4943b574bc8c56,h101,-2,results/sla_sensitivity/reference/f3ab796a43e4813baced4ed915e9b169ce148058e355954945c6456f7ddc265c.json.gz,True,False,16.619301399972755,,archival environment/concurrency not proven comparable or incomplete execution
bdebcae3a74ecb9ded7e1799c75a3cbb2a318dc64d00633fb9e38e0ff1c5126e,h101,2,results/sla_sensitivity/reference/08c2fa28a1fd838593249922f51e031ea1764fdaa5d547441f224ba730ae68e1.json.gz,True,False,17.047368000028655,,archival environment/concurrency not proven comparable or incomplete execution
5980cd723d0dee6f6bd41b3d28dd293ba856b5000766a99fa4149993bdf74503,h101,0,results/sla_sensitivity/reference/b3f663a0ffd508afb44ceb132b0cbc139e73fe7c8608ffdf10dfd230c425c4ec.json.gz,True,False,16.883589900040533,,archival environment/concurrency not proven comparable or incomplete execution
00bab02bd05b89e4ca6af613d9f2afe09a9238805158d454669fca41e972827d,h101,-1,results/sla_sensitivity/reference/559a8650b2046b3d7ce2fe5ed348d1fe9ae575ef47beb50147b728cb8c3dac24.json.gz,True,False,16.949846100003924,,archival environment/concurrency not proven comparable or incomplete execution
8ade5d9e09f919d2b05ead84851543cf42b5ccfad42738865cd562c4763b8852,h101,1,results/sla_sensitivity/reference/de5e3dbce23042a70e773b55dc72325d20d2265da16627f50cbd3828a0947c42.json.gz,True,False,16.840350200014655,,archival environment/concurrency not proven comparable or incomplete execution
299c2994b9fda9c91b06c0c3b55c8a2e11167bf6160f89e5594853e717e2008c,h101,-2,results/sla_sensitivity/reference/baaed7dd6f200533292547bbebb322db01a613fe28270e0d6fc5fcbca0507365.json.gz,True,False,16.67669290001504,,archival environment/concurrency not proven comparable or incomplete execution
336234711c75e537427c2507fc2c7a47d13697864466acfd4c25a94b34fd9479,h101,2,results/sla_sensitivity/reference/f9c9a29997a2240918ed02b1505720f212f267df63f5e9676f055f23bbd470a7.json.gz,True,False,17.278680799994618,,archival environment/concurrency not proven comparable or incomplete execution
6354fe71e0c9d2f104184e3d2954175d0b2f1084f90590a87992d1f8ed1b5d44,h101,0,results/sla_sensitivity/reference/67544198b3a3a596a1bdfc73862997d648435d2857dde58906941863f5d70822.json.gz,True,False,13.189151300000958,,archival environment/concurrency not proven comparable or incomplete execution
3e8146094be619e8e75d8ee46826738dfd98cb45fbabdd8fd853203f5ac46a3a,h101,-1,results/sla_sensitivity/reference/7c0373069decf1dc4ef06718a6779f19a339cb45173c13f0ac9cf5b07045b78a.json.gz,True,False,13.135199300013483,,archival environment/concurrency not proven comparable or incomplete execution
d1a288b376639943bf0b209da5ff814bce30b7308bce98e06d138731737f24bb,h101,1,results/sla_sensitivity/reference/91607b4ecdb42920a7974e5d6b79e9d93f507082352e9bacd3ecfcd955252102.json.gz,True,False,13.318225399998482,,archival environment/concurrency not proven comparable or incomplete execution
dc925f68880443dee2a2305f7612133556242f395b69ce1a710556d111c95da3,h101,-2,results/sla_sensitivity/reference/d00f28fc04188f6a90404c7fe2de8b3a8d68ac16645f6c85c080d23c754405fc.json.gz,True,False,11.42546699999366,,archival environment/concurrency not proven comparable or incomplete execution
5f781e359b987661a8e9dc2b75d32e209e82e71c7fe03537ab755beff6781568,h101,2,results/sla_sensitivity/reference/7b19cdb5a58a44e8ca145537970b2b958df7089bfa94e7e58918c536f330991b.json.gz,True,False,13.372136100020725,,archival environment/concurrency not proven comparable or incomplete execution
067b8ca18db62a156fea33616e3560a1418e2eff362b083065486af04b1134e9,h101,0,results/raw_reference/885dff493d51bf3a2a7ac03b18417682df378f30d94e83e2c768b81c3bdda140.json.gz,True,False,31.582166291947942,,archival environment/concurrency not proven comparable or incomplete execution
a453016d7b9238c8ae2d874220f4e587b39a5d2e3af2acfdac8d57f04c6466bf,h101,-1,results/raw_reference/edea2c1b5de69942ccc273e9a22f8c596213bc185892ae26ea08f66869c5ad4f.json.gz,True,False,30.615484083013143,,archival environment/concurrency not proven comparable or incomplete execution
8e98ca7d1f6e85fd60af4c4c4ccdac250ef2b028e1ec27ca814590a5a15a03cf,h101,1,results/raw_reference/90b15991746166641c5d68b879bf11a62696754b67f513b86bcc48d160f4765b.json.gz,True,False,34.11835800000699,,archival environment/concurrency not proven comparable or incomplete execution
04463e4631a15a56c4c2e0472639d7f423b089ef125d3035623af985b5959848,h101,-2,results/raw_reference/ece4b5e567b0d3f7dd8281ff9551083372c5b49ed4ea117581d60b0b0df74089.json.gz,True,False,36.70648366602836,,archival environment/concurrency not proven comparable or incomplete execution
0cdf40974365cb42a43720c06e6e10fad7d2911efea0052aa6488f0502f60fc5,h101,2,results/raw_reference/a7e863aa96d72d2ded3da0540edfe93c70d6fdc0fa8f1bd8eb99b3d95962e2d6.json.gz,True,False,30.677806666994,,archival environment/concurrency not proven comparable or incomplete execution
4ccb2f26ef1467f0724928d4db20f7c98e0fe97ddfa58722cd7a09b159bd2ae9,h101,0,results/raw_reference/2de1ab562c915aeb28683160d2a1fd49add95647371f7466fab7067d33350cbe.json.gz,True,False,31.716755917004775,,archival environment/concurrency not proven comparable or incomplete execution
f6aea84774e099526564564d882be00aeceebe9555002de708d020bab5cdb43e,h101,-1,results/raw_reference/4b5a63d85143e57a70a296ff260c3f6efb7667fe4eaeb15a59e987f62a0a2b74.json.gz,True,False,32.78460870904382,,archival environment/concurrency not proven comparable or incomplete execution
f182bc8ba88b34fb7c93416f1542d0c0a536ec01b206c4f7fc302c21fbc624d0,h101,1,results/raw_reference/d76654f9cc70a0500af9153441143646e15882e19d1c5595f154e49c5dc965b9.json.gz,True,False,10.449434500013012,,archival environment/concurrency not proven comparable or incomplete execution
6666a84d15c185f37fb6cbbd281dd7f2dec8972674baca227acb9335e76b048e,h101,-2,results/raw_reference/2080a18dc34a174536ce51bd28753a833200e2764ce1bc00b1f7657859227742.json.gz,True,False,31.87480837496696,,archival environment/concurrency not proven comparable or incomplete execution
012553136cddb8759157281acc5e1e997267388ea65f39f02d05c4b4644ad4a6,h101,2,results/raw_reference/b6b828b3931d3ba725217d09e4ef16642694668a18a89b15f241c8873086b071.json.gz,True,False,10.448534699971788,,archival environment/concurrency not proven comparable or incomplete execution
feac4949a18511cb9caed243cf46a37aae6caa7c30ac349e924d4bfa7048aacc,h101,0,results/sla_sensitivity/reference/094d8971b78e0151cedcf7617d1231d8f70c5fbf5e5f839b9e7ef1e503e171ef.json.gz,True,False,14.747181299957447,,archival environment/concurrency not proven comparable or incomplete execution
2ae9fb55a576de71681e6ebd5564f8bbfb808d166b8d3fd44ca67fd8be58d58c,h101,-1,results/sla_sensitivity/reference/81625acfdb3e4d09d066999a05139ecf3362e43794599cfeb62d3fab1c87723a.json.gz,True,False,14.95880289998604,,archival environment/concurrency not proven comparable or incomplete execution
a8b15d4a4d373c1ebd35a871ef85d21b27949eae34a2b50fee9c13bad85ebf0e,h101,1,results/sla_sensitivity/reference/bc2abf8dabbdb38062ed53f17123a5e80174f999a691d35741d28561e8a16ad4.json.gz,True,False,15.335553000040818,,archival environment/concurrency not proven comparable or incomplete execution
cb7ff366d15b49770cec449efdfcfcf424e64afa50bf41686e994e4aa6ac3acd,h101,-2,results/sla_sensitivity/reference/6c7f2991f74cadd594c95a908a32d8e9addd9c21eddbf4a67a8f10bfbc7e2bc0.json.gz,True,False,13.333319400029723,,archival environment/concurrency not proven comparable or incomplete execution
87f8e4cd5f19b618c591d063770d3d68adf68f6c258e396823891d27cdcc8fcc,h101,2,results/sla_sensitivity/reference/5ed9d49674b50e79d7a0d2fe5ac83b6c9bad67ee67cf6e2844167e348fa15c6a.json.gz,True,False,15.446178499958478,,archival environment/concurrency not proven comparable or incomplete execution
e75bb5430f9d981bcad02221d7bf06283ee95e5cf0e3168d1dc9a8ce521e2518,h101,0,results/sla_sensitivity/reference/df91e95e1afbda8d94bff7d871b4bc64675a0cfe74dd1d36a3069d9880767575.json.gz,True,False,16.384900099947117,,archival environment/concurrency not proven comparable or incomplete execution
7b01b54df50fc45ef4d48253b4f23412913c4af1ab780dac726233fe81f23d4f,h101,-1,results/sla_sensitivity/reference/3896bd49b10c721dfd09e58133a65451a4a7fb3504f53daeadc8c04c36e22992.json.gz,True,False,16.42501289997017,,archival environment/concurrency not proven comparable or incomplete execution
83419ba733852ca31515cd9d8c23b99c0213e9ab5f133bac5c1379c5c6daae41,h101,1,results/sla_sensitivity/reference/a7e1f16abc5a3b41060fe500a7760d38d0ef7aa846955c924466e06780a33dea.json.gz,True,False,15.672374200017657,,archival environment/concurrency not proven comparable or incomplete execution
23e8698b2c78ca922a7853a602872fca45ed138657334d93ef83419683c888ef,h101,-2,results/sla_sensitivity/reference/fd61be553e8989d07a52695e8802ebfd280ee18d99fa2eb76d96de45afc411dc.json.gz,True,False,16.86010210000677,,archival environment/concurrency not proven comparable or incomplete execution
9436bf9d8d243d4c45c468cee0e318d72b9ef0dc023369c9df3bb83bea57588b,h101,2,results/sla_sensitivity/reference/3d9cf06fb8e76e11f467750029abf5e4d781318bddb22ccfb11f06c970aea590.json.gz,True,False,15.271438199968543,,archival environment/concurrency not proven comparable or incomplete execution
216244f3f40cb47b085211e13b1e34dbf61d2d2f7310b6352cd4e624901dad50,h101,0,results/sla_sensitivity/reference/c7896448ec043500e3b56b6deee05a74cc4551286dcaddf5cff0fc25de3c55f3.json.gz,True,False,15.347372700052802,,archival environment/concurrency not proven comparable or incomplete execution
89799698e11f9cee753f9156e9364d1aaf46f089828d8211258f27e388b1dcf3,h101,-1,results/sla_sensitivity/reference/f9ac50ad6579e69e185b43536d7dc1ca749aecafe46b0a3ebf0e2618bd0ba046.json.gz,True,False,15.79901840002276,,archival environment/concurrency not proven comparable or incomplete execution
9a6f37ce209b3250c348bdb5d4da7fea70fd23d35324bcb32a8f301aa89eecd9,h101,1,results/sla_sensitivity/reference/c3e919d77105e5c780daf1d1752662e22ba69ae95099abde7d3c6688277333fb.json.gz,True,False,13.848884499981068,,archival environment/concurrency not proven comparable or incomplete execution
4ddc70578ad28c2cde96dd940c45dd99a3b49aa5610d70f20cdf572aee741335,h101,-2,results/sla_sensitivity/reference/e4225fe170b1dd0d3733287cc4722d595a19f43664a9bff81c55a7fa73ded741.json.gz,True,False,15.827117700013332,,archival environment/concurrency not proven comparable or incomplete execution
0a3bbb07d0e35c0442b617babdc7d554414e89a521bebafd2475a0452f2efcf3,h101,2,results/sla_sensitivity/reference/30991d8795a66d304afcc3dbdf11dbeb5b10fdd4dddfc4b5174d493f72eb8bf7.json.gz,True,False,14.101939500018489,,archival environment/concurrency not proven comparable or incomplete execution
3b982d89d47ba255260c88db62bbef897a33148a0fb19818d62953306321fc94,h101,0,results/sla_sensitivity/reference/2e753acb55150fbd75b18d78b34f5932d605e7c788bfd12643d5ede82a762ed9.json.gz,True,False,15.366280299960636,,archival environment/concurrency not proven comparable or incomplete execution
1630e891ed2d82a659c3e363a65592dbccb18f45791289fe6b45eaa208bb24f9,h101,-1,results/sla_sensitivity/reference/cda93180eb32633dca063422b7a6e408732875244d8500297d3a839adbe5b5c3.json.gz,True,False,15.80082790000597,,archival environment/concurrency not proven comparable or incomplete execution
a89d4f373d8bf57319e55ff18ec754d21e57ba873714d611e97c08ed8bcd177d,h101,1,results/sla_sensitivity/reference/cf09612791a3466bd97691f7ed6a2dc6b9bfc6f57aa7b0d2aa184f7f2270efa3.json.gz,True,False,15.238102999981493,,archival environment/concurrency not proven comparable or incomplete execution
8ed23c9b3ce22dbdd8fa6b171918f6e15f3e68f53abaf322e80c41400f255c44,h101,-2,results/sla_sensitivity/reference/d73c57a3c9e1bd799fa3dc926a8b54692aa81490361d8c226480d7b0ff584672.json.gz,True,False,16.55630180001026,,archival environment/concurrency not proven comparable or incomplete execution
c8a8540c26a2f85cd0b044674e4900221d0cd49eff9dfd2118c1f24613e746c9,h101,2,results/sla_sensitivity/reference/9c1ae0489e4792ced22f3b642eeab66d3a5e8033b6b0d582fe57de2bcb170d3e.json.gz,True,False,14.903205599985085,,archival environment/concurrency not proven comparable or incomplete execution
85c6aed0e02b60eb8eb4fdc513b27ad121cc3e0f12e709b94eb3f928d29dd147,h101,0,results/raw_reference/ef85962d4b476947f2bada2bcfb864e32be3b2c698b931af7bda52f8e33165bc.json.gz,True,False,9.545197599974927,,archival environment/concurrency not proven comparable or incomplete execution
4593b7c97dcf21cb9f9a187817e94ab65c8d6c14e4c59907a429160b22e36412,h101,-1,results/raw_reference/cfe5f89bdf8ec8bd5a04b8c4f70a6f735a6bd8731ff16c2a1cd31345becf5229.json.gz,True,False,9.776053300010972,,archival environment/concurrency not proven comparable or incomplete execution
e8d9fcec6b3943a706797d36a50fad3f00127878f37302fb2f9cb9314538dad2,h101,1,results/raw_reference/28741934675eae714a88b5f60a327b3518300949c88a7a98d57fcf6f815568e1.json.gz,True,False,9.45252839999739,,archival environment/concurrency not proven comparable or incomplete execution
586b9a85e74ade9807b9bd63a2148edcff91a97c243a7b5ff3e1ecb597e87aff,h101,-2,results/raw_reference/0c142e95b0e9ecd14d5714313d61adf164b09c1b776fad46b0910558aea28730.json.gz,True,False,10.044924300047569,,archival environment/concurrency not proven comparable or incomplete execution
860047710db4f9dccb9a61ac1f3c0ed43ebf09056cf8d9e180d94eb0b0e966e1,h101,2,results/raw_reference/44a1f7872b176d27b0279d13f3df742bb971b94f0be3597b383fdfcfa78e625f.json.gz,True,False,9.571382499998435,,archival environment/concurrency not proven comparable or incomplete execution
33fc3c330c9e882a23ecaa72f62fd2671a7191a396d06d82738ab73e33442e4e,h101,0,results/raw_reference/c263b32ea97eb7201f9ba3cd4030e349245742eb7aa5e58a9a93a45c29e48e15.json.gz,True,False,9.308557500015013,,archival environment/concurrency not proven comparable or incomplete execution
e4f293e7abafd569b621c73192d2581f78918e1b5d70b839ac62b0bbc73aeec5,h101,-1,results/raw_reference/fe9a8590d9bb9cadd53ea6b53011724177ff246b9450c0c9ee4db775165e63c8.json.gz,True,False,9.37757390004117,,archival environment/concurrency not proven comparable or incomplete execution
c4839ef47422ad8fd5a6bf9eb13aa25ffc7d27f798aea6ace335b6c27e192e1a,h101,1,results/raw_reference/a952118e7ea64efff8244f1871ba902952196f98e8fb9659e040a878ef3cb740.json.gz,True,False,9.253005300008226,,archival environment/concurrency not proven comparable or incomplete execution
13fe1523b00ac8e4b1c58f6ae8884cb1c082c78d020d5348c41e62bd731ef3a3,h101,-2,results/raw_reference/c873717551f4278b4512d4d31da030045fee139fb92ddb6268de390c65050a82.json.gz,True,False,9.736921900010202,,archival environment/concurrency not proven comparable or incomplete execution
ed82643c6068d8f31dc5ef459d1898aaf4517b615b2c5f074628cf7aac27df22,h101,2,results/raw_reference/e34a265383c1ee1dd9011249712d00eceb5de7cf6608e41193f63242b41038bc.json.gz,True,False,9.150571000005584,,archival environment/concurrency not proven comparable or incomplete execution
1e23e0c680ece7627c28349b9c62ed00b59c1394d708dd85891842d983bc7334,h101,0,results/raw_reference/9b6e24e4e6328e00d4f6b4e2bb000a700a025c7140ba8599256678ea03dc9f93.json.gz,True,False,11.386934100009967,,archival environment/concurrency not proven comparable or incomplete execution
b9399900ae6def3262f3c729f3bb996caef6002688584ea59035c4a3fd7724d8,h101,-1,results/raw_reference/8610a4b5cf7c1f5a22d870d4b0038d588dd57eedfbbd6a89064f0dca3022cf6d.json.gz,True,False,11.595007899974007,,archival environment/concurrency not proven comparable or incomplete execution
ed9d4c2dc6e5fd66c186aa4fd0c23b1fc20f85aba1372c6f5e60b346611c77f2,h101,1,results/raw_reference/18331aa1812ba111391ee4d699393f755d9ac348675bda536ab70d3edd727661.json.gz,True,False,11.321265299979132,,archival environment/concurrency not proven comparable or incomplete execution
aeb405c9d0132ee27c9c1909dbf2b622f1fb12c47e0dee94d22e07add284192f,h101,-2,results/raw_reference/b816a324ad1bd7e7b938c050252011e39169281d48b3a298674a5d4a3dc24886.json.gz,True,False,11.562313599977642,,archival environment/concurrency not proven comparable or incomplete execution
3afe37d9243ed7060ce8d8a3a31d34945df290709b1e1a3ccd404c6e82be49f1,h101,2,results/raw_reference/a4534914542cb8cd16b968a6c4705023303ec53aecafdd1e51247bb818d01e9f.json.gz,True,False,11.54902650002623,,archival environment/concurrency not proven comparable or incomplete execution
1436fe49733121a8f5d2818c78818244e9bebe0feb76230ad3a325abe299002e,h101,0,results/raw_reference/7860da72cb7df4fed0388ea17e57a7b6f4a797b14360c3d4cf1256ecafdc4474.json.gz,True,False,11.273346900008619,,archival environment/concurrency not proven comparable or incomplete execution
00d1ced13b4f876a5b702f41d8d27412c74fabf7c515454090179a1310306cf1,h101,-1,results/raw_reference/e26b159759a19e1a8694568da408ed5c977be190f9cf9461c59c01e818ab0d3a.json.gz,True,False,11.263603700033855,,archival environment/concurrency not proven comparable or incomplete execution
2fd15bc07443b404647c234409bca760c7dbe57c1182b0fba877f6905698123a,h101,1,results/raw_reference/8903f5dbe10ebf6556a561e93a05adf7da6299cb03040c651885dfec1264e45e.json.gz,True,False,11.453576500003692,,archival environment/concurrency not proven comparable or incomplete execution
5471cca6cfe64df4afb8c6b475b1ab33f7b9ad0a46ac0d0526dbcb9fae4f9a5f,h101,-2,results/raw_reference/7168fd5e1045f619aa5b2d0bcdd8aab0727a6695dfa8da0f16c4f10e8bc2369e.json.gz,True,False,11.742120699957013,,archival environment/concurrency not proven comparable or incomplete execution
21138f57c0617f6862d0f0a01bb7f98132d1c6de4fbd7477b74e4408fcbad256,h101,2,results/raw_reference/b84b0b50d4a9010e16a7026f896ee0571dd9fea68a0ea4fcb7593dd32903b131.json.gz,True,False,11.140692099987064,,archival environment/concurrency not proven comparable or incomplete execution
f19e6c46310e7be40967d406ff67da1cf569bbcb328cb4804d296b3e678838f9,h101,0,results/raw_reference/cd333cecd16485ae390ec42dc42aa918a9d307fcafd546aa9c87dd4cee7d1ef7.json.gz,True,False,14.334162499988452,,archival environment/concurrency not proven comparable or incomplete execution
5353d137a357301347928cef92998aea40aec0c8839821971c8f79bf0bba79ae,h101,-1,results/raw_reference/54bb9d8d9d1dc316870654d27a5701f9c45b5fc230f24877d8f4a0efe416033e.json.gz,True,False,14.252338699996471,,archival environment/concurrency not proven comparable or incomplete execution
c439d0ad0b80f127300191ee431079cceeed5f5f2385a8c9ac7910404f1f37cf,h101,1,results/raw_reference/51bff729618d0ae5dbafec9ad3e49e5212144fdb17a74d1b93a0d0d588480d9b.json.gz,True,False,13.94020479999017,,archival environment/concurrency not proven comparable or incomplete execution
3b8fdc2036fcb779bc609bd5807980c2609a8e2459ae8b6fa44325dd0c2c617a,h101,-2,results/raw_reference/742d1d3443cbf4579e49ba87a52acc8107d03970b1980d6e4dd04d71640e5a57.json.gz,True,False,14.445061300008092,,archival environment/concurrency not proven comparable or incomplete execution
0a70a2c63457fe3add070c748aba5b3539296b80b4547b6faee407f9dd8ac4ff,h101,2,results/raw_reference/5bb7d994725a86c1855d78bdb1f77f95afb6c561c1fcfa06dcd0305c60a4467a.json.gz,True,False,14.427338299981784,,archival environment/concurrency not proven comparable or incomplete execution
5ef5678966166c4990dd1bbf94db6017760501614ef059462816c71365552d73,h101,0,results/raw_reference/8508b74cd6a67dacce2f0ccad9e3e17b2224b83c20a5facc4608a801d367426b.json.gz,True,False,11.215678500011563,,archival environment/concurrency not proven comparable or incomplete execution
a4abc3459c2249ced68e06ab849ec6ce8b629f1598f33a52b6f7c878be644e4d,h101,-1,results/raw_reference/bcc452a1b79e8097f7920e05a3a89c96bd2b7bc89399b7f4932665a5189700b6.json.gz,True,False,11.304358499997761,,archival environment/concurrency not proven comparable or incomplete execution
585b28bdc47b83797450fd18c3ebae4b9f29ef0e432e0161487bcd8395d70e2b,h101,1,results/raw_reference/20d63231d9b919fdc1a08cd0d6a6a635fbf2582258aebabf2f3c667bd47afdc7.json.gz,True,False,11.039604999998119,,archival environment/concurrency not proven comparable or incomplete execution
dadf9d7beb9bad6a168e0e6c12ac2f16bba31fde9c3096e4efc12e31dd1f47ee,h101,-2,results/raw_reference/c13785950711bc416f4633f158e5fae9dc9501699d6d39df56e67849219bf0db.json.gz,True,False,11.581234699988272,,archival environment/concurrency not proven comparable or incomplete execution
6fef4d3fea16123a2e764ff77598a391c82c97d57c704c5f6bd3ec492ca5f822,h101,2,results/raw_reference/f36f27305ea6d2001bc7d1f5ab645cc8bdcc14e4a92ddf97b0be464b3f88de1d.json.gz,True,False,11.398406199994497,,archival environment/concurrency not proven comparable or incomplete execution
dfad3de147b4f906febb8ab9c759da8e44b8adfd0a8588460132f72a0f4d2346,h101,0,results/raw_reference/ceb5c8213c804c63346641af655fd8d409820469351e964dfcfa304bf61335b2.json.gz,True,False,11.75214870000491,,archival environment/concurrency not proven comparable or incomplete execution
9c524b4dd8f6d32c6c50502cc016a952bc592404756b5a2d36073f9a1bad35b1,h101,-1,results/raw_reference/d058ce4dcc934a40e0b1af9d7e331d007f5e2434f82938955f520a31184ee1b8.json.gz,True,False,11.383088800008409,,archival environment/concurrency not proven comparable or incomplete execution
0ec1892905607a8e816c65f957480df95d27e75fa76bde45ad2fed05ffa6343b,h101,1,results/raw_reference/96c2c0c0011ba3720859b0dbe1087d3fb7cdacacd46bbdd1e6ff19854ce2d893.json.gz,True,False,11.551379199954681,,archival environment/concurrency not proven comparable or incomplete execution
bb35ba085d5046642234048d6c38b96e7ecd6259e08a888609c6ded5bf7781d0,h101,-2,results/raw_reference/a3e4be45ce9b05a3b43485022b161c8018a3f602f577ced7f4184a2233c5223e.json.gz,True,False,12.174934700015001,,archival environment/concurrency not proven comparable or incomplete execution
c09efb621e526bce43d110a58e7cacf090cab402f4ff43401ca7d4397a514566,h101,2,results/raw_reference/28dc82f16641ce3c62cd17489cd68c987558b198b18b7d607fc9cb3045908b89.json.gz,True,False,12.105354700004682,,archival environment/concurrency not proven comparable or incomplete execution
2449dc6ccf02f5df9176d238db6efdf0f6a293dbe4bdd1bc8c4ac58217f61416,h101,0,results/raw_reference/8aa9a5c5546baf0994853a5b8f36fe99f200af67d694a76dc6bc0cfc0f05fde0.json.gz,True,False,11.5149491999764,,archival environment/concurrency not proven comparable or incomplete execution
8becdfcf04b3b2089a4e3755394ee03de39d7e73897b63dd6ee5bc50b8fb75ca,h101,-1,results/raw_reference/f0f2fbf703e27a9ed22a7ef9ff59ebbdb37cc3e935ef55514d0c3d7927776d7c.json.gz,True,False,11.464251100027468,,archival environment/concurrency not proven comparable or incomplete execution
d7698969e46cd61c54d5f5312b6c863e002973cdf085db41f66ca24108efbf50,h101,1,results/raw_reference/eea4bfae785e25b3093888782a7c61816a8f445806639d3a3bb7740fd2789e08.json.gz,True,False,11.73640749999322,,archival environment/concurrency not proven comparable or incomplete execution
1a13029de0bc92a6aca76c1a6b95dec3c6543e8b411035fd1479f7f9e428b7ad,h101,-2,results/raw_reference/edbd91cfea4c6324ff9f550571daca72de21eae66167ed213c23c0445375ea6e.json.gz,True,False,11.748913699993864,,archival environment/concurrency not proven comparable or incomplete execution
dcd7171abe551a14c5c4a9915f1775efa26b7b115cab136b08603c1cd88abe3e,h101,2,results/raw_reference/466a45c8091e04cbb5c08643c065dc0ed17c3fc74bf0ca3aca57716ccf833ca9.json.gz,True,False,11.505506999965291,,archival environment/concurrency not proven comparable or incomplete execution
c687419038a1e17730ed579b9d60173a66950d54a01a9b1be11b674132ddd154,h101,0,results/raw_reference/f72820816f78fbd0fb322bbb9095ce99125e4fde2fba41975c21c598818b80d5.json.gz,True,False,15.03264330001548,,archival environment/concurrency not proven comparable or incomplete execution
c265075118196036140c267a9d19e7b3c0633172801fd44ecba1aef44f69e8f4,h101,-1,results/raw_reference/e16a5de0ae47ea48d5e194627d27e5fb3d9925910b7b09e5d3a273b6a6c3ad99.json.gz,True,False,14.452524499967694,,archival environment/concurrency not proven comparable or incomplete execution
219d869be5879a1be2e3af236031ca3110aa631a61accbc04bb97adc1dbf4ff7,h101,1,results/raw_reference/3f952475c253f2683eede4b9318036e6f65dd424963cab3912a1cdc3e4912f18.json.gz,True,False,15.202327499981038,,archival environment/concurrency not proven comparable or incomplete execution
40b7b3515f3051f2a02d20f062dfa87a14f09d8e6a724bbf0748d52e3169f723,h101,-2,results/raw_reference/a9ad9b918c73e4b63f01ffa9978f527613ed3055655f3548740f6a48d336fbf7.json.gz,True,False,14.771613400022034,,archival environment/concurrency not proven comparable or incomplete execution
4bfca1947186caf548cd22cdcb760b4a079d92d9f963f5b33d04ee84eef84cee,h101,2,results/raw_reference/f275333bcfdc041c14b0fb018f08d903a0ead820998391ab5935c84810fab779.json.gz,True,False,15.081868199980818,,archival environment/concurrency not proven comparable or incomplete execution
173cf2d6948c74014dc2c410c34a09d59828963cf51398347f8808748c989d15,h101,0,results/raw_reference/998a7e592e084657e517755bb8c4324b92f0f0e98ab09714d3fcdc93867947a8.json.gz,True,False,11.878813999996055,,archival environment/concurrency not proven comparable or incomplete execution
20e81be17da0142bac2f85a072cf6bfe58c291aa31337ebf03757539061e4640,h101,-1,results/raw_reference/2afc1048e6e7942f0979d16e672afa5d2c0af2f7fc8fce39b3b3ab3e960fa056.json.gz,True,False,11.253875399997924,,archival environment/concurrency not proven comparable or incomplete execution
68adb85c2ea975a28e8b3fd197d742ec8d8f92f0c91751526c16dbdec7cb949d,h101,1,results/raw_reference/45954d0a706ea13808e30de401a1679a7c429dea4214b1f13ec254ea7c080ad7.json.gz,True,False,10.97717470000498,,archival environment/concurrency not proven comparable or incomplete execution
6a56da79c63687ccce8f5b00ff09b6aa39a3407761f7e419befd9d929c9f2edf,h101,-2,results/raw_reference/cc3e9412196e530612f009fc0cbeee7b2775673000ef7621ae72cddbf5670321.json.gz,True,False,11.947726600046735,,archival environment/concurrency not proven comparable or incomplete execution
290484b99651ae0fce97768f4f4bf2972c2c57835ee50c129609e4b89a58d6d6,h101,2,results/raw_reference/a061ca4a688441568fff67578371a060800fcea0da7e778ea9dc31408f609826.json.gz,True,False,11.373969300009776,,archival environment/concurrency not proven comparable or incomplete execution
e8ed02cd0bef050bf83f1ce54c17a48e829efbad8a0e0c4922732563eac0cdc7,h101,0,results/raw_reference/4fca6713640f3bd4af496d375c34bc56caf922dc2245eb90bb5c160dcb58dda7.json.gz,True,False,9.4497260999633,,archival environment/concurrency not proven comparable or incomplete execution
4b7ca34ab291e95e441e62dbaca3afa17a1200f2c19d507e24748b76fd23449d,h101,-1,results/raw_reference/43452304bfd5f046796fbbe9a0d815c5951fcc7d44f8f729d7cee1904de0c23f.json.gz,True,False,9.629916800011415,,archival environment/concurrency not proven comparable or incomplete execution
0cd1c9c85ecdb5e52e4b374a73380dfb2282673c6bd150f4ff3f2f8213078744,h101,1,results/raw_reference/77421bad4a15b6347bcaf090ee19760da8908e164508246feb563659ffc9d104.json.gz,True,False,9.531545999983791,,archival environment/concurrency not proven comparable or incomplete execution
c214422e6850e4d114e28071bdb3771741d06357c3f192874b46ec35f72615bf,h101,-2,results/raw_reference/d0a47d499bb7d21a9430d674fd12b16d160c0b41806f278083c29ab026235533.json.gz,True,False,9.96599779999815,,archival environment/concurrency not proven comparable or incomplete execution
c1925976b921c9a71cb3590e3f78973dfc9426eb4759c7dd1f81b62f6bf01c96,h101,2,results/raw_reference/d34517d609abd0bac683ca2df4b2f5a9c4fc44bb29a69cbf2df7937242ca536d.json.gz,True,False,9.501334500033408,,archival environment/concurrency not proven comparable or incomplete execution
487201f7cd215b3661bf894ad72bb64a13e326973991710b8e59afdbab26b3a4,h101,0,results/raw_reference/f985656911665c618a922d30274ee108063c3586f8fe19d7f455cb27e0cfc203.json.gz,True,False,15.769833399972413,,archival environment/concurrency not proven comparable or incomplete execution
6654fd8acb0fc33e88a142a0569e6de256b98a56be6168b5f123836997f5a44d,h101,-1,results/raw_reference/9cc305e01624443a4957fac88b0113c29df83dec8946f793bc15f00317f72af6.json.gz,True,False,15.68497619999107,,archival environment/concurrency not proven comparable or incomplete execution
ec8fc957fc67c7405c95ab454d085090accf189c2c12262fcda01ec6f3e6fb83,h101,1,results/raw_reference/eab2f049674e7064084211a064168783c1317e15189879f71f52b774eeddd794.json.gz,True,False,15.280288300011307,,archival environment/concurrency not proven comparable or incomplete execution
c6d254c67008f4e2eeec07b31c0d86528349cfed1a5ee65f4134f807b702d08b,h101,-2,results/raw_reference/b4de1fc660ce5da0b9adc60d35d4ce21291ce60025e1685abdbadf8c0f09fbe3.json.gz,True,False,16.123397700022906,,archival environment/concurrency not proven comparable or incomplete execution
b9a582fc23804880c2c70a3cab8697a2aae31364cba17a75e0b2a5193613bf12,h101,2,results/raw_reference/bf5e59df859f59b4222d9859af268e21cc355db361d2cb7a149b7c1da8b3be90.json.gz,True,False,14.801568900002167,,archival environment/concurrency not proven comparable or incomplete execution
57d90e86c60972a7696b0399b083ed2e0c3a2c0f9bde2a92dfa84802dc6f6f61,h101,0,results/raw_reference/6595a240068097505cd82f6a693ecd827b7097bbfb752f30473b0c59baf0fc29.json.gz,True,False,11.488074099994265,,archival environment/concurrency not proven comparable or incomplete execution
9cbe7aa656eec88bfa0931ae09e415060e4d0a9a862c4848100df394002e9765,h101,-1,results/raw_reference/db608312af902c751ee645da5cfbc0781ca6ca545702988a8f9c88081ce0d358.json.gz,True,False,11.661593600001652,,archival environment/concurrency not proven comparable or incomplete execution
9e88deae3025873896d08e46c0afaf5ff919e83f30f730a99f8653728b992996,h101,1,results/raw_reference/cb9c03773dcad862579ac77830baa38d9b3c091533517612e741f770f6f5dbc6.json.gz,True,False,11.260609000048134,,archival environment/concurrency not proven comparable or incomplete execution
e0fff2e539e363d74b5db472589cde518c0cf564be23dc1018458f65bfeaed6a,h101,-2,results/raw_reference/489c93700d6a8c5874352496ea0619e443d0c9b8028abf6868c3224698240ebe.json.gz,True,False,11.753557199961506,,archival environment/concurrency not proven comparable or incomplete execution
86c1e22ec0d02731f19ec8d85eeadf4bb5c61c90843b4dd201d2faae1bc9fb7b,h101,2,results/raw_reference/7a626a753428b86ad4de24cad9389849d487fca6b9831c0d9c2dbea01ed70080.json.gz,True,False,11.365236399986316,,archival environment/concurrency not proven comparable or incomplete execution
2c137e7320ad0d3929848208f5e06d6dcabdf66a1aa8af32921c8de8f1c05887,h101,0,results/raw_reference/783b8280e914a4048cb32a6da0065aeb0d92adc7a076919f3c451584508e3904.json.gz,True,False,11.366158100019675,,archival environment/concurrency not proven comparable or incomplete execution
9b21ef0dc3728c71eebe67c15ce09dea78f7cdae9b7d105c676457d6567db5ba,h101,-1,results/raw_reference/386caf60c30760aea54310dbf6680dd4cd83128c5dc6cfcdc7ec9793b4b9dc70.json.gz,True,False,11.388731799961533,,archival environment/concurrency not proven comparable or incomplete execution
1f4709ede3edfd4040b5d6ebf430e66dd48ff9ff33355192a6069867f58143ea,h101,1,results/raw_reference/0d7d5a60fad3145076d4ab14e756d98edeb6d2b119a7443aea2ea414a21f238e.json.gz,True,False,11.053069400019012,,archival environment/concurrency not proven comparable or incomplete execution
db734aaac438f6df78f5ec0b81df952ea2719e1022da2ee3ce9fbe0921c89571,h101,-2,results/raw_reference/43920cd0202f0597282bcc4433b448b8e069c34f942c8d9673d0bee4b951ab4a.json.gz,True,False,12.08483939996222,,archival environment/concurrency not proven comparable or incomplete execution
be7e99d4d4230bdeaeaf728a212698145be67b736eee042d2ca8a2c92f809604,h101,2,results/raw_reference/068a64d6970e5b7f57c611f9d1c77155898ce8f06802977e7c028e1d96453f58.json.gz,True,False,11.50516429997515,,archival environment/concurrency not proven comparable or incomplete execution
4c0f5373c4e30079f36d78f800bd6e1789f50f0ca96ddacee43b20a4202a867c,h101,0,results/raw_reference/c505fc6c7a21715314e1d67c5b71b0bdd144ff7ce37cace8247af84f90076be2.json.gz,True,False,11.703765199985355,,archival environment/concurrency not proven comparable or incomplete execution
107f5e448e299fdbe5f79ea63db97da6fb2f3b8734e0dc284b5d83f51ca10ed6,h101,-1,results/raw_reference/07fb9b0517a3c0942fa6148a9ba1f146167a5521d1a88ff2f2169e96bc2f4671.json.gz,True,False,11.96830329997465,,archival environment/concurrency not proven comparable or incomplete execution
44b21415945acee22dea1af708d2a3a34ecd7250820a974b3e52915091b2a130,h101,1,results/raw_reference/f204bec602253d2367bfb9dc8c6bc950a9331785c6da7810eadda674f7978568.json.gz,True,False,11.629118999990169,,archival environment/concurrency not proven comparable or incomplete execution
adcfb38f4b63fd7dec16b2e31403499bab1f6ca7e381bd493e6cb30029d4bad4,h101,-2,results/raw_reference/d788df44cbf622bdc5d265868dffef7c32ffd6058c068a5f648399ac3ad4232e.json.gz,True,False,12.534906400018372,,archival environment/concurrency not proven comparable or incomplete execution
a04f400be8987ba03cba6e88560294674751b013dfa7f819ecbc743919464464,h101,2,results/raw_reference/03cf4ccb509ddf1d74f73593f15ca5dfbaae2a8117b088d6b3be09c6ded6a44b.json.gz,True,False,11.928094600036275,,archival environment/concurrency not proven comparable or incomplete execution
2eea4599e3e091212adea71798152eaae411ae6870ef25d6064afda4ac319d6e,h101,0,results/raw_reference/1d8a30bda268f251caced28d914f31503b9e4c9cba61bd28c610eaa36eac3598.json.gz,True,False,11.538333600037731,,archival environment/concurrency not proven comparable or incomplete execution
5c8c3a2edee69b7c070f2053da3850e098c81e091982bea794fc439b0d061d10,h101,-1,results/raw_reference/04df8233f2c01b71abf0a312fb737bfa11c0ce936131b9e7546e1985a7b8905d.json.gz,True,False,11.48323640000308,,archival environment/concurrency not proven comparable or incomplete execution
ed01cd70ebb86195cb3a86283f91aebbbd581b2c8830ac7104f2585d38e07e78,h101,1,results/raw_reference/08da3dcccda1997f16404f8b6ce9f3e21185617741d0c5d0a432d1a625a1844d.json.gz,True,False,11.587546900031157,,archival environment/concurrency not proven comparable or incomplete execution
b1971d8c4bc9b3600bd9bb747865b3b057d1fc991fdb72055a9ee377fb4de9ab,h101,-2,results/raw_reference/7e06888a1f5ec571fbb3fc33b20a9c8f7d1ef2bd5bf963c5a5f760d484493056.json.gz,True,False,11.823293900000863,,archival environment/concurrency not proven comparable or incomplete execution
1e871929544513239ca0c3b8c52bfa9a68f072de2d96a5c45fed7dc658d242c1,h101,2,results/raw_reference/850132ae9e590439157e76f4e9a63f5390406aba8c6e36783d433a734955d697.json.gz,True,False,10.704915800015442,,archival environment/concurrency not proven comparable or incomplete execution
77852bb3c1c15fa3d10120f518ef46e3b3844f10c0b82ec362b8e9e2e4a41193,h101,0,results/sla_sensitivity/reference/346dea6da918f8a6d1d63d148bc9f429fa146c32b22e341ea2b282aaad8646a5.json.gz,True,False,15.102700599993113,,archival environment/concurrency not proven comparable or incomplete execution
670081764b12cb688e093eb5d02fcb82d6dd41a6bee6919e30b7934a7de7da19,h101,-1,results/sla_sensitivity/reference/5bdbb855318154c271faad302f58bb207fd763749d29f7f92733b60daf1a6d34.json.gz,True,False,15.340301499993075,,archival environment/concurrency not proven comparable or incomplete execution
393a3595acdac2bad343b1bfa8d6b4ec981706bdbbdff70efab9729182fdd665,h101,1,results/sla_sensitivity/reference/8acbe5357110729582ff40df52199303a6d32cfbe876b9764fe82bdf5dfed8ee.json.gz,True,False,14.99373679998098,,archival environment/concurrency not proven comparable or incomplete execution
0b3004fe601ce025ec1aa892654106a534dd2a84318567602469293fcb45ff77,h101,-2,results/sla_sensitivity/reference/093fa295797a90cef7739bad3accae23c87c2d18355fd9d23fa35dbb60396dc9.json.gz,True,False,15.665985599975102,,archival environment/concurrency not proven comparable or incomplete execution
143437e459d20e3685f4be3a22f7b9ec9146943cca95fa25053770f80e31a71f,h101,2,results/sla_sensitivity/reference/ebdecaac400a1a0782dc373e2312cf902c1ffb811faa36c7236df9adbbc2c363.json.gz,True,False,16.122013799962588,,archival environment/concurrency not proven comparable or incomplete execution
2a8a6bc17ad7dbf3fae4e9de20ec20ff390485914a814ec06c190a843e74c8be,h101,0,results/sla_sensitivity/reference/7b202a61899e7e4f8744e4f52574bd2a3e230956640cbf7b45173ec206369a85.json.gz,True,False,15.397063000011258,,archival environment/concurrency not proven comparable or incomplete execution
e8d510e9697bff3ebf63bbe0936ce5d0b21d0a7f041ffbdabf9ee9a46726193c,h101,-1,results/sla_sensitivity/reference/0c6b4eaf86eb51516266284c2e124ea56764da29b60ee5c6744410786f43f67c.json.gz,True,False,16.099032400001306,,archival environment/concurrency not proven comparable or incomplete execution
e3feb3e19481fe2b0b0d2d7405d33c132f04846dcd2daf9b9b41ed3500d75bfb,h101,1,results/sla_sensitivity/reference/f6ff2fbd617bd0ebfb027eca6935f61d8d368ca645c0551fa29ddc20a1e33d57.json.gz,True,False,15.530770200013649,,archival environment/concurrency not proven comparable or incomplete execution
6859f2c63447aeeec77457492083fa65d8feecab979c13c83db468707149465c,h101,-2,results/sla_sensitivity/reference/c3a8aafca36e102e86a1c60c9ff0187c26d17a03290cd45b18712e4662cb4082.json.gz,True,False,15.984680499997921,,archival environment/concurrency not proven comparable or incomplete execution
d9b7d05d7efeffa27eb4ae25490ddbc28534b41add2b1b460e952c6251cec1ff,h101,2,results/sla_sensitivity/reference/44ff122aa0132defb879e80f6c50c7b31d64666d948139571e50ba81ed15fb58.json.gz,True,False,15.597077100013848,,archival environment/concurrency not proven comparable or incomplete execution
23f8438273dc8072a8000d3b219c1d765f12d510a891e8f523853f744b007d6e,h101,0,results/sla_sensitivity/reference/9cc52664360cc09862a79cdef55e1ed601d85956fe793a3deaf30b617a834dda.json.gz,True,False,16.006257499975618,,archival environment/concurrency not proven comparable or incomplete execution
95642148a3fff639520ff42ee9b717f277c1d12f21794cf78b820845b95ed9a6,h101,-1,results/sla_sensitivity/reference/adbb66427ac5be23ffe5442380b4f4b9af8cc9c821b841db119e4d5eec6493ae.json.gz,True,False,15.836055700026918,,archival environment/concurrency not proven comparable or incomplete execution
a605f71741ad629850643e87a111a827922f943f3140623e15bc8114db5c2880,h101,1,results/sla_sensitivity/reference/83bcf91f9f6040b562978a42f0207950a6890b2c9add02b8a88fe0f465c181e8.json.gz,True,False,15.145460500032641,,archival environment/concurrency not proven comparable or incomplete execution
cfd395051e72c1e02beddc6d09aa57643d73e1831a35afe1de0a0beeb94911c2,h101,-2,results/sla_sensitivity/reference/c07c893fbd8b04be0c527eb78b904d04c183430614b3c814e115061923302cb6.json.gz,True,False,16.510544000018854,,archival environment/concurrency not proven comparable or incomplete execution
b4880d1f0ab46af745055ae1c3fe3efef6c87b9ae227bdc13a5dbeb0bb6f728f,h101,2,results/sla_sensitivity/reference/a76287c94b6cc8268745b156114d0b0e5f343bb8068918fd970d7a83ba1c2c96.json.gz,True,False,15.720809200021904,,archival environment/concurrency not proven comparable or incomplete execution
870c916de0bae78f4c5f5296e12ea2c27d1e19354f0a6d80c91a7f586fe1023a,h101,0,results/sla_sensitivity/reference/fb72f651680a9cdd88f32ebdb2c0d58bf078796c4f933caa2fd8fe5d2fd74fbd.json.gz,True,False,15.218062900006771,,archival environment/concurrency not proven comparable or incomplete execution
886909573bd053306e2355ceb9b2686dd205b71fd4fae3cf5723ead504aae63b,h101,-1,results/sla_sensitivity/reference/5efcb9d68bdf80fbf8fcb220fef442201847cb91aaace7d3e2503f05746868cc.json.gz,True,False,15.225864299980458,,archival environment/concurrency not proven comparable or incomplete execution
6f3b4f425408c58064136bb4cb34ed4d384c5b7423d76dec1137eea47a27f3cb,h101,1,results/sla_sensitivity/reference/7fb31e5091f4c699fa527d2e548f3164f2cf114adfb3216b9d75525ca2d3010b.json.gz,True,False,15.189615499984939,,archival environment/concurrency not proven comparable or incomplete execution
00b32c80cc26fda4c0e5e3cd0e1e4a57f91f8371dc9f14a79e5b54b7e5059885,h101,-2,results/sla_sensitivity/reference/36ff211723b6a7ca8f543025977e1480e0136361ad842b2b5e141a2a3a5f128d.json.gz,True,False,15.84224200004246,,archival environment/concurrency not proven comparable or incomplete execution
9084fb2e2baec8f7d202631ff78fbba3a860e74d8f33d168ae5f51f2d2d43858,h101,2,results/sla_sensitivity/reference/ca1b6c72d601a4f2a1cee1354bebaf8d786539d638b60b35bf354a042eecd56e.json.gz,True,False,15.212829400028568,,archival environment/concurrency not proven comparable or incomplete execution
0875c2c20f0c945e89e2834102a4445429c7a1ce03382101b8f2ce8fe5156e64,h101,0,results/raw_reference/931447ddd8c90a5a425ea21c7d0449771b2f07843b47b68b439670133e42201a.json.gz,True,False,9.492264000000432,,archival environment/concurrency not proven comparable or incomplete execution
dd68f4e29c40bf4bd32c5b1c88bc74fb0159bd2d0b2069293eca15370397c5f6,h101,-1,results/raw_reference/d03ad2fc9f46338c38322803af4d063fa9b55c3f89bed086a9e23d0521678cb0.json.gz,True,False,9.361194500001147,,archival environment/concurrency not proven comparable or incomplete execution
07e9b70df91bf9f153936b892e9b20a6fad0ed4589c9f924b922f912b41d43f3,h101,1,results/raw_reference/8778b5bf1706ea9e4e6f997ed138c94127187acc6a75e77c228c310483014068.json.gz,True,False,9.344222200044896,,archival environment/concurrency not proven comparable or incomplete execution
1aac135014ccf152a7010caa3113f6d44bcdf0d9f715bd64929e6b684431a16b,h101,-2,results/raw_reference/eb4d177fa95e2d9a1838738b5d254fc15be57e7cd8d2f8a1081dde0c0534f566.json.gz,True,False,9.79943519999506,,archival environment/concurrency not proven comparable or incomplete execution
892da8380d9a3748719ede697567371923cc9075ca48914b47db33d518268622,h101,2,results/raw_reference/5f45898b823ec260047566323214e56e5943604139266f6c7354d47e80ac4071.json.gz,True,False,9.5264289000188,,archival environment/concurrency not proven comparable or incomplete execution
9e6e5790a8eb3666a9ae2a97e658d707f61a198cce906a6c684834437a7aa558,h101,0,results/sla_sensitivity/reference/f9f3b8871422766f562ec7ec0265f70317b1efc09466da627d9bb1d24721a817.json.gz,True,False,15.856122899975162,,archival environment/concurrency not proven comparable or incomplete execution
249cc63fa426e38c1368cac9a1f52643fbeeb26595a360d33ea294d0f3a5ccfc,h101,-1,results/sla_sensitivity/reference/9c5f1f3d9a4c340d389df3a23e4b107a6c8132b13c59d0fdbffe6c13e5434414.json.gz,True,False,15.754042399988975,,archival environment/concurrency not proven comparable or incomplete execution
60f36cccbb182fb120f3dad051154ff09d8408e1d01d3108424f55ef4790c3d5,h101,1,results/sla_sensitivity/reference/3060a92deed9d9a98cc283256f8b34e2d7beacfb7a64b6d89cd2ae261fcb59fd.json.gz,True,False,15.512981300009415,,archival environment/concurrency not proven comparable or incomplete execution
05021fc814ac85924dfce72782cc8123c71d3f649050513c8a70b07d490aae5d,h101,-2,results/sla_sensitivity/reference/ac0f19c3430ecbf49f247b04597bf32b38577ea38bb659cda55230e1db23aaf8.json.gz,True,False,15.74440379999578,,archival environment/concurrency not proven comparable or incomplete execution
09adc5ddfed482abd9160c3a5a0e76d7e5ad1bfcb8bf1d6030739009b6fcd61d,h101,2,results/sla_sensitivity/reference/3fa20cb49e900dff36eca79c48740838d83c04c7e594490ea91d75e3e7215c80.json.gz,True,False,15.261804800014943,,archival environment/concurrency not proven comparable or incomplete execution
08112f11269f570a34d463c4fd9370d3bb6130c7f3fcc59fe1bf140bcdb13332,h101,0,results/sla_sensitivity/reference/8786900d579cccd024bc2835029765715b67763bcc127aab6ef3e1c855306239.json.gz,True,False,15.409651699999813,,archival environment/concurrency not proven comparable or incomplete execution
c5afd8182305e7ca32184314b75a2b9cdd9f336cd193ed3a972af6df70eae657,h101,-1,results/sla_sensitivity/reference/4256ad5bfc4c7fc349896f00ba9d45f1cc656339a1b2e88eda7adf81ec3d2b0d.json.gz,True,False,15.708426600031089,,archival environment/concurrency not proven comparable or incomplete execution
b3a05f74cd41a5606343d69bb66f46013a26593550001953a22ecba2f62fbce0,h101,1,results/sla_sensitivity/reference/8b4d602088d4d396d613dd363d3164c7caa251c675a1d10f9ff68a5471a68850.json.gz,True,False,15.07018350000726,,archival environment/concurrency not proven comparable or incomplete execution
838cc46f34008541a0362ac92d83ecb512878f0e352d812abd0113614218a3a7,h101,-2,results/sla_sensitivity/reference/f4cf7dba8f0cbeaba9496beb1ff8211e8ce02c2693c2b136d4962e6fe4117306.json.gz,True,False,16.10856279998552,,archival environment/concurrency not proven comparable or incomplete execution
fdc839993e29bc0888cc37ef61da9035fcac4b83aa548009819154ef8908a50f,h101,2,results/sla_sensitivity/reference/d9807c16208243eb1f2f553ac089b4ba8da7e8e6902f21bb4cf2bea52ead677b.json.gz,True,False,15.953839399968274,,archival environment/concurrency not proven comparable or incomplete execution
745a91df5d3ae1eee5890173fd1d1205994e95b60a372e51c1ca285c76b959cc,h101,0,results/raw_reference/bd6b6d3bddf5392a3418f1bbcad00cd192657036cef5b7922aeb37ec197c8f57.json.gz,True,False,11.979206599993631,,archival environment/concurrency not proven comparable or incomplete execution
6b5e8b7e519aba954233fe78b5346229ab5b4cb009e1d559ed26e50bbaf34d35,h101,-1,results/raw_reference/5834e67647b7c1372de4dbc064a4242cfd1b4c29b375aa603b6cd8350614ded2.json.gz,True,False,12.266143599990755,,archival environment/concurrency not proven comparable or incomplete execution
640327a49b866a7034c8f00d17ac26f44e8bb2a1714bdff6fd4f34bc1b7b4156,h101,1,results/raw_reference/27fc46c17e07baeb5d28f4e254412c97d59d9f395e5a588fb01c9b383d295bd2.json.gz,True,False,11.447176199988462,,archival environment/concurrency not proven comparable or incomplete execution
0b69cd3abd871da9022641d2bbcdb2ebf1cbbd3e3ac228896f8ca49dd1232f75,h101,-2,results/raw_reference/5bd31ff6ab02838ca70584335d01332292d37ae925b5ac1729942fab10ea334d.json.gz,True,False,12.047736799984705,,archival environment/concurrency not proven comparable or incomplete execution
0ad8df62f255f79e52f791d7a73cb50b9b63cfa64ed8d2e4d215f34528accf94,h101,2,results/raw_reference/7aef6987daabbce0b794df18dde39a12dbddd08c2a3506604df3e2ae1fa5e36a.json.gz,True,False,11.657978800009005,,archival environment/concurrency not proven comparable or incomplete execution
70f520a5ef02eda99c175242138a19e9aebd091c3b403408d425e0cdc25d98f6,h101,0,results/raw_reference/8016a08515438d09346a8a450a762b4db6acc6b73a55387247b90b8e8c002ec3.json.gz,True,False,13.639309799997136,,archival environment/concurrency not proven comparable or incomplete execution
a7ee502bf81cd414e6b6e5d16525e8fa90169deb4e42b6049912fbcf00b9932a,h101,-1,results/raw_reference/b185fb8d9073f9f116caa76fafbd1bdb8a46c737bb6b144e1821bbbfd273b71a.json.gz,True,False,14.668662799987942,,archival environment/concurrency not proven comparable or incomplete execution
6935e8ea3d3f2d03f6fc047cb10f58967d808a561c42c03e5c2619af74a38b04,h101,1,results/raw_reference/987eb559a281a4b05058eebd68d58845b9043e631c88d130feaca5f89e6b71c4.json.gz,True,False,10.86632189998636,,archival environment/concurrency not proven comparable or incomplete execution
4b42a7a8305ef9b126691e85abbda15f47648a8c28119f976471868272be3995,h101,-2,results/raw_reference/37591a9c19f83c71d252543e710e79a7738acfe6a4349723908efd37a9d871d8.json.gz,True,False,12.10824390000198,,archival environment/concurrency not proven comparable or incomplete execution
90ec5b7adf63da087f6f30297db4da4cf65a15a7bed96e17009c57aaac720fef,h101,2,results/raw_reference/c3fff6a514c3352ef9003ceb1427da29021e8db3e806687ebc719724cb0c3a52.json.gz,True,False,11.303445399971679,,archival environment/concurrency not proven comparable or incomplete execution
9a2773c1e6e3434f57f2ae214a1c49d3679e28ad6969873b98d3357cdd8236cc,h101,0,results/raw_reference/8cc304a78b417787c74780aa3dd70a45016712f09ef04895ed3db60ac486b57d.json.gz,True,False,14.427891700004693,,archival environment/concurrency not proven comparable or incomplete execution
9ec83a6326886e79bb4030da193cabd8bb92845720c4297d152a832fa4b8512f,h101,-1,results/raw_reference/254284668e5f43fc34db24b828ea0fe58efe4a3a06599bbaf04d9957c53bd1e7.json.gz,True,False,14.145640000002459,,archival environment/concurrency not proven comparable or incomplete execution
0d8bcf19d9b6548eab36b8bfbf06fb97c440e300d333ba5c18791e94ab019936,h101,1,results/raw_reference/81ae88dc2294716c6449bd8117a414960ca86b04a8ec40bcc6725f284ae07ff6.json.gz,True,False,14.4540188999963,,archival environment/concurrency not proven comparable or incomplete execution
45874002d036187c21c9b621e7fb0fd8ec3ba7be043d570a854f56fae333e6e1,h101,-2,results/raw_reference/6424cb84ed75fee058d37aa4e4e932ff8a6a5fefb4fa564153f69e8486b9f09d.json.gz,True,False,14.568542199966032,,archival environment/concurrency not proven comparable or incomplete execution
95f94b85814e805962acaf2448368d245fff7811cf4fa514aa3c9e1a33f71486,h101,2,results/raw_reference/2866cecc80624fc8b5822244426e7ed4ed0da8d2f97a1ce1eddf924bc5b836fd.json.gz,True,False,14.112430199980736,,archival environment/concurrency not proven comparable or incomplete execution
7a266218c7eb6aea516a4e70ee127024bcdb5de7f229f2ff103fdecdfb1fca10,h101,0,results/raw_reference/33887422f5d2b22af28cc03b2f9c9eae8842066f7a2921beda6f08e371449d70.json.gz,True,False,12.154282700037584,,archival environment/concurrency not proven comparable or incomplete execution
36302e10b2af2c1db56e129ef514c1291e35d2c8e330ae2f0fba61ea70acb087,h101,-1,results/raw_reference/3d06eeb76a94b84ede567677f257951d3cdf02b4b85031187a5619e4c270cd9c.json.gz,True,False,11.691528099996503,,archival environment/concurrency not proven comparable or incomplete execution
171ba744e1b4bd138d101b58cf5138325628548baa0f20ddc2bfc5e613b872d9,h101,1,results/raw_reference/bec591ace0a3c31b9c0c0e350ddabb5a068f1598805125a743c4562b83ea92d8.json.gz,True,False,12.288062100007664,,archival environment/concurrency not proven comparable or incomplete execution
f679d3e0128acbff073214fe294f7ac1b4dcd926348a9d37ea816c75f42a89bd,h101,-2,results/raw_reference/f095afb5b4829ddcdddcf6e3895a4eba71c8f42fb4fc10f9b179e296ee4c373b.json.gz,True,False,12.48992709995946,,archival environment/concurrency not proven comparable or incomplete execution
9b23a124eaf3594c5e4806229323af688bfa421cdd2e5756f3854d883e9cfbdf,h101,2,results/raw_reference/de66154be7e5dcca145456f665336998986b84ec2b5859320b0e975294ed7246.json.gz,True,False,12.313602299953345,,archival environment/concurrency not proven comparable or incomplete execution
5718c314548677f100860d122e91b5bbdf3aa5cc6af3c94fba9f411c9156bb36,h101,0,results/raw_reference/eb3f437fde2bd97b224ccd3cc45e2726b9bfe06bee5f1439f2e5336997830a38.json.gz,True,False,11.62384179997025,,archival environment/concurrency not proven comparable or incomplete execution
b4ed3cb640f219d1cff3a05ac953e830ebd63543619dc2bf5f8e3352da0cea6f,h101,-1,results/raw_reference/93a0fa4e6b43931ab72b3f012e35b770a329b20966b72a6a5577eef368cf1a2f.json.gz,True,False,12.42945100000361,,archival environment/concurrency not proven comparable or incomplete execution
80405f134ebd8a08731246527e284d343954242a5f50573ad5bb298c95e57fa6,h101,1,results/raw_reference/c0a2ad340e56902cb39c21b309681fcd463da738483704c10c94fead7b4f21a2.json.gz,True,False,11.672868900001049,,archival environment/concurrency not proven comparable or incomplete execution
b1825ee9621f5d35d6ac796484f03c5ffb53b725628ba85d26c7483813519f01,h101,-2,results/raw_reference/08ed88a7890c0ecc52f3258961a2ea90591607802ab6973eb2acf7ab2b538275.json.gz,True,False,12.496981300006155,,archival environment/concurrency not proven comparable or incomplete execution
8c1c6388f19985029ab8443fbf75a83854b6118c166a3cc2314e8f0e9ea5cd4c,h101,2,results/raw_reference/67c81837df3d29d91387a8c7832c80eb096fcdfe5c93b194b884401b95ba8416.json.gz,True,False,11.986216399993282,,archival environment/concurrency not proven comparable or incomplete execution
ac0c1cbbca33fd38c56b51a1eb8489b155c37410273c2a390f2ee82912f3dc68,h101,0,results/raw_reference/ad31a6f140d1c7856177e3fd5b3d17d7424a86dc95e52a95d1e5c7c6f544ed36.json.gz,True,False,14.217801499995403,,archival environment/concurrency not proven comparable or incomplete execution
8389a71c245eb1ae453f0bd351fb0c65b06017b32b8453ae06066018350b704a,h101,-1,results/raw_reference/b9057031072409c353b1ea02701452a664f8d5c784bdba39e4cd783da76e7866.json.gz,True,False,13.865089099970646,,archival environment/concurrency not proven comparable or incomplete execution
2bd235907e0c08b39c3e7d8d5dea2a459164cd2d09046ad89a3d1c64ff81e016,h101,1,results/raw_reference/ec1235aedcc5703d74f35c6987782cb75e9ae90b890c0af572a5f5185d91d87a.json.gz,True,False,14.36464280000655,,archival environment/concurrency not proven comparable or incomplete execution
fdcb7d88ff479844fd09c037952fc6db6b3013fa4662ae2e310d28fc3f8960e6,h101,-2,results/raw_reference/42e80d3e358cf034719c1f5573da93ca7aa99ff83562cd2f72ab740d18d2b941.json.gz,True,False,14.73803109995788,,archival environment/concurrency not proven comparable or incomplete execution
39b8c5b99a013a552cd067468cd17f5e2265fdd377ed20447da8df7f6cf4e5e9,h101,2,results/raw_reference/04ed6a9585061f01dce6c2151be9313194c6c0184fc1038a92a164df0d5a1e76.json.gz,True,False,13.781247800041456,,archival environment/concurrency not proven comparable or incomplete execution
014ebc5915e9d963de4b39cf84d52dec4933344b0b09271db5c6a52114ecd4bb,h101,0,results/raw_reference/670ab4a9cc6e97ef9703cdec6414762239b091b7862003c64117592bb6ed6cfd.json.gz,True,False,11.769059999962337,,archival environment/concurrency not proven comparable or incomplete execution
6e749c2780a73c2cf1db9d5eba0b078045767e3ed26b3affea60eab358d0a327,h101,-1,results/raw_reference/f5f416c7f2e926893175346d89f58343e7a365612357a47f54f8581bb760adb0.json.gz,True,False,12.36058989999583,,archival environment/concurrency not proven comparable or incomplete execution
54e555833f203b1ff83d802b23342e98fa8ffe4c24ce10dc569026a4e0fb1c90,h101,1,results/raw_reference/b039eb18cef7cc13ca87b1c560384636a0f186a1e67e5dc2fd4525493914f396.json.gz,True,False,11.769066600012593,,archival environment/concurrency not proven comparable or incomplete execution
1334b4f834c65b575e4d7f13806a54cab8f7eab2c964ec71a7bd76229d921411,h101,-2,results/raw_reference/f025b551446527d352280d9cfadf8d4db3ceee5b6acd06a0b864c645ce35ede3.json.gz,True,False,12.431430500000715,,archival environment/concurrency not proven comparable or incomplete execution
9e4bc78b9468fe69d72d8df3bcd427bc7d136c1d3af5115dda1c2630dc741d47,h101,2,results/raw_reference/d88a92e9c150897150580fca2601d8d891b25d318e977fa20e46183563dc0fe8.json.gz,True,False,11.596218399994541,,archival environment/concurrency not proven comparable or incomplete execution
e4a739c27bff8f03532096b5519e3270e0910ee36af01fbdf5f3295043dcea12,h101,0,results/raw_reference/bd66ec27a917ddd2eb5b8e8e18e65f5dcceb0d189dc97f208483bc59506c8705.json.gz,True,False,12.305184400000144,,archival environment/concurrency not proven comparable or incomplete execution
302052bb35bc35825105fe1fed50920a8b9c54480646dbc0a652dcfe01ef7539,h101,-1,results/raw_reference/a8fbc419538c46ad361d1e3d5f44dba978b1f9dc9c5726769828095d827000b1.json.gz,True,False,12.082988200010732,,archival environment/concurrency not proven comparable or incomplete execution
9efc79eb3b64be005e36d393c4d0d128cb44551051fe56c2f01a674980c3911c,h101,1,results/raw_reference/73086e42916ce0457ccf9070ef4f6b889c0d5e3168f3471eb96885017568526f.json.gz,True,False,11.950166900001932,,archival environment/concurrency not proven comparable or incomplete execution
e0f2faec83b7eff8630d465f0f0b206a4c7e7c718908655d5a7f27414250fdbb,h101,-2,results/raw_reference/b5cbff99598db13bf42ae0e60601f6b750784bb52846c7f9334ccd6523e601a2.json.gz,True,False,12.881674300006125,,archival environment/concurrency not proven comparable or incomplete execution
1b9351e4e7cd282c4d04106c0b81206ce2138fc6e579abcbd40f200d07859dbe,h101,2,results/raw_reference/5978f2b87d7cad4728f8aef124335a35dbbaaf2f405f6163155d6fc70c68fecf.json.gz,True,False,11.714187600009609,,archival environment/concurrency not proven comparable or incomplete execution
d8627b70e1a6d301b4f1739187b7122f1b54f95ba70e4748757caf209120e4fc,h101,0,results/raw_reference/b4ddc3d65e8e9df66b7989365232021527d47afae565a912d52d09b3db574e01.json.gz,True,False,14.08652670000447,,archival environment/concurrency not proven comparable or incomplete execution
98d9a3950683d093cd6926f369f19c18ee1ddec779c2fa89aca2de793078b3f1,h101,-1,results/raw_reference/278652bfc884416dd1d1e7f75a927a7abd8411b7ad2dfb9a1f15c180f98e2645.json.gz,True,False,14.12154239998199,,archival environment/concurrency not proven comparable or incomplete execution
d694c8e2369190725b0c3540e797bfb8e0b0c95d6a4b71413a65471fb74ae525,h101,1,results/raw_reference/a98a52256e539f58fc4474b82400bdf2ca4b43602fae108bdeaf1e425481b226.json.gz,True,False,14.107375399966259,,archival environment/concurrency not proven comparable or incomplete execution
62528d7ad22c16706fa2ef9575c71dcf8f143e0494d626240127247ab583cc5e,h101,-2,results/raw_reference/a9af18b62702ea499228f620d1b4a559a28a6acc2aa22aecc1f7d9b12046e63c.json.gz,True,False,14.77388210000936,,archival environment/concurrency not proven comparable or incomplete execution
8906a560819e8b54f421e588cc148baf1b349730f331250a209a020001f1b006,h101,2,results/raw_reference/9d0b6392681b5b8d4af67ec56581caed3bb6c00969af97027fa45de53d9bb056.json.gz,True,False,14.242934400041122,,archival environment/concurrency not proven comparable or incomplete execution
9f84873ed23e2745dbd62a0b8606bae4c8048a245367c44f8401e05ebf4fac1a,h101,0,results/raw_reference/a6f67d95cd8c6355189a4ccf639f08945c5eb6fb68566be3561a40d54d55e356.json.gz,True,False,11.31956249999348,,archival environment/concurrency not proven comparable or incomplete execution
4d2933cb3b629973c12b5523045594225658b6fe340827ee4aca8b338f34fec4,h101,-1,results/raw_reference/c07c891a1a63dae579f94c297d11ea2b48e2363f339c4a4443fc1be209d451fa.json.gz,True,False,11.179606599966064,,archival environment/concurrency not proven comparable or incomplete execution
e0f36c33ba78f7ad6c0f5db12d933ce31f6aebe33b299354abb953f240b1bbe6,h101,1,results/raw_reference/3fc2da78eaec4c6f59c8a516e06dc71a7822a21f287bc19f303bba3ac5771bea.json.gz,True,False,10.870762299979106,,archival environment/concurrency not proven comparable or incomplete execution
2b7d30a8307138cab469cb894f981db9b164731f62d67cb7b6f4dd1dd2d0f3eb,h101,-2,results/raw_reference/7bfbc512e47bbcc7ebc0ac35aac50f80c17e394fbf7ddb1d79ffeb83e3f9e185.json.gz,True,False,11.371083299978636,,archival environment/concurrency not proven comparable or incomplete execution
946b22edfc5704f294dc36f0023730334cf199c42d1865f735ed533b46cf9adf,h101,2,results/raw_reference/c7042cbd1e910da6c6a7609d037062b14f045b684c0a6555701191f09c0c6cce.json.gz,True,False,11.09113570000045,,archival environment/concurrency not proven comparable or incomplete execution
018d24b8d2d8cb722abcda83cc97a8344b28b93ae151b2283bbfa2cb76b6c495,h101,0,results/raw_reference/d6bb1ddaa2e845dbdfb4834e2c5535b9c703a7b55fd3e36a0a9ff784c45c817f.json.gz,True,False,14.069525200000498,,archival environment/concurrency not proven comparable or incomplete execution
74a8622b897f36ae4de120ba9cab76903cd1ce21895806f2fc35ef20b03e893d,h101,-1,results/raw_reference/cd65e7d02e3fb4b8e60e75cac69e4b79978663b7c3fcef07efbcfb643f319638.json.gz,True,False,14.542170399974566,,archival environment/concurrency not proven comparable or incomplete execution
91367b95266d8368f33c71f5732f2944b0e7cc16f45a08a1d77b1e9ece7746d2,h101,1,results/raw_reference/d8c6900da80980f931668ccd17fac99733e90e406b1d806e2d6742ce2a605a1d.json.gz,True,False,13.7903374999878,,archival environment/concurrency not proven comparable or incomplete execution
ed3b7b412fd03a2c52ff0478f1d16f3590fa42a3f9be668aa39924a5bb406942,h101,-2,results/raw_reference/e6e4e71f831e3e2d22c448185e0f9637c813e97f9fdf5fcc7c5c86a706d722e4.json.gz,True,False,15.110872799996287,,archival environment/concurrency not proven comparable or incomplete execution
32da5e6be4f8f844ffb6a7c7819b968a54beda3c9b312fa4a9acfa8fed57be1e,h101,2,results/raw_reference/8c7643c8d556ab1b90c7b81de1697e73e6ca471087ece7d4e9f25572a0907b7a.json.gz,True,False,13.87099979998311,,archival environment/concurrency not proven comparable or incomplete execution
926cd8c1180c0ae5cd3485a071ee5ae6e6477ac291705c18d419a0f44002f6bb,h101,0,results/raw_reference/d128ba74655118337b2eace61f9554bb3f09627c4467adfb0aec1ebf42171ea3.json.gz,True,False,13.361430399992969,,archival environment/concurrency not proven comparable or incomplete execution
238d7b5b4e985c40655776b6534a99e7782b08aed359bd4b04aa2c1e4065e42c,h101,-1,results/raw_reference/6b8c9440e968d5e5bcc0e02f916e0bc58abbaf13708d84c4f6783d44457feb72.json.gz,True,False,11.703570499958005,,archival environment/concurrency not proven comparable or incomplete execution
a720a283250b07fa6f7fcca4bab7685a203b4d512b14d0a9b75a794cd5ccd649,h101,1,results/raw_reference/1819d01fc946729b1a8dd523d44032babc2d641db46adb2644b0dc52786b3c18.json.gz,True,False,14.07592009997461,,archival environment/concurrency not proven comparable or incomplete execution
d5c9a6490928149db0ffe865bf4ff9c3b1b0f42faeeaa20a099ac77c9a88012c,h101,-2,results/raw_reference/3043fb064e62a8300a30bd2175d43aad8e4c97cbd0e36ee4686c801c289352f9.json.gz,True,False,11.50396569998702,,archival environment/concurrency not proven comparable or incomplete execution
af18c10a2e217313ca7a0a6f3abc32040c2531164908da9700bfd9127d084667,h101,2,results/raw_reference/56794265251d5f7c74678cd66a3eeb6a852d44c3a89cdde75a193fa0f5bbcdc9.json.gz,True,False,13.842809099995065,,archival environment/concurrency not proven comparable or incomplete execution
9d5d155faf509d33ade7ff19fb548993a833186f5c2799cc0d16a0c2a9bb6a25,h101,0,results/raw_reference/40fc6fa1720fd6caabda87455105f0b63b97c47a2f99053be0d1e7b85c7923b8.json.gz,True,False,12.06204659998184,,archival environment/concurrency not proven comparable or incomplete execution
e1d0a14342fd9864e23ca1d068cc11b8d1fd467b6d6e110cb521fa4cb8767a22,h101,-1,results/raw_reference/427b559781caeb78d66becfa4de6f544deff14dd692f3a991015aa0817e89f21.json.gz,True,False,12.266214999952354,,archival environment/concurrency not proven comparable or incomplete execution
60031161e07f84f047316a1a22847a51a5932b303cc88e3ed62a8d8d55435cc4,h101,1,results/raw_reference/4ac61e8e4e9a0a61cc826372b12c6a88d78f317f104f2932675d7ffe8aae60fd.json.gz,True,False,11.586232100031339,,archival environment/concurrency not proven comparable or incomplete execution
2ffe5eb03374b123371d0fe9a90c5beade788202a77dd50ae383ee484bf55d4e,h101,-2,results/raw_reference/b386ddc1542a50385a8147f15107d6464c1ea9c8f1185b69876d088b2a999da2.json.gz,True,False,12.376761300023645,,archival environment/concurrency not proven comparable or incomplete execution
0a27734302bee28ac20957cfb3557004fe0c695bdf5a374d48532c26a015453f,h101,2,results/raw_reference/5a7bab92667ef0d9088df207cb552e77d8c0c4f1f2396b465ea76194180110a2.json.gz,True,False,12.243274199950974,,archival environment/concurrency not proven comparable or incomplete execution
a6ae6c88aa8b0c175ae69ffc725db27d62ecd833eaecdc1a12f69bdde89b32c3,h101,0,results/raw_reference/432a6e8cfc3caea963f907a8fe99d328490d68e666e407cf82adba3e042d95ec.json.gz,True,False,14.355115800048225,,archival environment/concurrency not proven comparable or incomplete execution
11312f6ccd82b9905a59ab6aed922259aab63e9203fe4c7cee692e4e74d5fc10,h101,-1,results/raw_reference/cd4e868b1d9a35c52975a608b9286c08648c09a4058ea9bea14c2f263de24c46.json.gz,True,False,13.825054800021462,,archival environment/concurrency not proven comparable or incomplete execution
9e13ca97d87e4cf4eecd30574b611b21c3b370b958da91f91b44e4b0394b2b76,h101,1,results/raw_reference/5578d3fa5e00023d4a9d92700ea32b7b35d6d2be268e283dd929843d5974e538.json.gz,True,False,13.748506500036456,,archival environment/concurrency not proven comparable or incomplete execution
0492add60cb4b65a651e6989c98c752be5dd77d20441283220b7e4ad0f2c718e,h101,-2,results/raw_reference/be4c84d2b4cb4892037b7b2e8accf0f982b92f734f00fa416604aa1cc54d055e.json.gz,True,False,14.55269280000357,,archival environment/concurrency not proven comparable or incomplete execution
6dca3d775900d0899d64c900273390c312e50ee2fb27c107a198eef7802dfd11,h101,2,results/raw_reference/c9ae5429c4bf693c9bc024cc86aa8e9b16fabdb543bb1a02834125333841128b.json.gz,True,False,13.551349299959838,,archival environment/concurrency not proven comparable or incomplete execution
d12e78c02b2a2a211ecf7af8d4cb2950381206ac4e3939990d760803da8c3c86,h101,0,results/raw_reference/26398226cb9c26613e771c9834f26152df1f7eed39be36fc85f69da4e494005c.json.gz,True,False,12.919894699996803,,archival environment/concurrency not proven comparable or incomplete execution
64709984fe3f1536bdd9653c225d801c9ed43e81d4c9ef5979490a1541ba50ca,h101,-1,results/raw_reference/39fb244affe2b5cc6e229ef4b5df8ffdc843be5047ec9a434bbfc7925d51217b.json.gz,True,False,13.800588900048751,,archival environment/concurrency not proven comparable or incomplete execution
05a7857d3e5b604952c5bc1af89e892c8ab1608f7142dc541bb3965b433a291e,h101,1,results/raw_reference/df8b4143824e8bcb957d9f6ff6fb7cd8934ed40c787497fa30801a5ed2ef588a.json.gz,True,False,12.663075600052252,,archival environment/concurrency not proven comparable or incomplete execution
6e354528f17ba89b7861d6f65a0ebd3db7e80ced439977017a44b02c701d983b,h101,-2,results/raw_reference/51c51e601958dd63e0731f9b63d62c86639d45be4e4b02213d8e1164c379b69e.json.gz,True,False,14.461038800014649,,archival environment/concurrency not proven comparable or incomplete execution
93e50c40b210bac1f7934bfbbaa3cea7cead4c4ae9b220714bea8bd49daa5279,h101,2,results/raw_reference/96b38ddef119de48c6fe2bad2b61fab00d408af67943b588efecd23e241326b8.json.gz,True,False,11.754458400013391,,archival environment/concurrency not proven comparable or incomplete execution
33ab770f4a13fca4cc688a2c7bb703ee68ce74109582289f2be2c20c0303b553,h101,0,results/raw_reference/bf92e5aa41df873c7e5b583f0348f8bce0d6ebd0c31836d748cf94213c6d5b1d.json.gz,True,False,11.426987699989695,,archival environment/concurrency not proven comparable or incomplete execution
597fc5c453ebab1077fae8071657357632b14af36cc3e52a5caee03cc8a005ee,h101,-1,results/raw_reference/d0c0eccb2ac79fb1fa6dc23bbd7701b44a463764b35ad9e72282220de87fa5bb.json.gz,True,False,12.404363600013312,,archival environment/concurrency not proven comparable or incomplete execution
ff9299860ed6ff563fa3f1ae30bfd637c0072e3dfee494dc5331ccd9187f30e7,h101,1,results/raw_reference/04a078034051f8a8563db5bda6020a77b8f8a973627be14ea5263305bc09494a.json.gz,True,False,10.952944299962837,,archival environment/concurrency not proven comparable or incomplete execution
83cc4267ab1a2ecf19c3a924bea4b7bef418643fe98e3a4df014f4c1921e30c1,h101,-2,results/raw_reference/f8b81771df094e773657ef7729e015bc88176fb831de8cafa21826418daf69e3.json.gz,True,False,12.316908200038597,,archival environment/concurrency not proven comparable or incomplete execution
12da8777030a43528358928303f3e3662c021be1d5cd1999ed675fc370be7590,h101,2,results/raw_reference/7d0958728fae772018b0a541f5ce299fc257ab4eeca8c8df02b0ea5f447263a4.json.gz,True,False,11.140650500019547,,archival environment/concurrency not proven comparable or incomplete execution
3f10b545ae83d472b921a77628f701bfd9623cf9fe4a5096484b779018e03251,h101,0,results/raw_reference/ed7be50204d939ab80a347924809f7681735d89ffd60502e530f85a44700b393.json.gz,True,False,9.521851299970876,,archival environment/concurrency not proven comparable or incomplete execution
537f246eac55e2c5d38cdba9d8ef1645d69a73ce490e1ff3bcfbe2abd32aad24,h101,-1,results/raw_reference/7e1d956c283bbebb5013a68a5e525ccbe386dfc3f832d9cceac59bdec2a2aa9f.json.gz,True,False,9.454179299995303,,archival environment/concurrency not proven comparable or incomplete execution
c4bfc43016750046dedd13f0b990f5d3e6a4ed50537943a0d9cc471a53d0e311,h101,1,results/raw_reference/dd38e4471fe2c43c9934b7256057517b5117f49c35f86f1d6c19b46afb4a6718.json.gz,True,False,9.363090200000443,,archival environment/concurrency not proven comparable or incomplete execution
578b6822ced68211310201174255e966451c396ca419969c56aeab09dd175482,h101,-2,results/raw_reference/1a0b6068fa123feee6c3a8c3aed07b8b82f3c5565adc9f36306e4f20dacb0381.json.gz,True,False,9.797833400021773,,archival environment/concurrency not proven comparable or incomplete execution
cdf2636852715154655cf2962dbb6e0b385d1f6702dd893d30b2a27e5cb18e7e,h101,2,results/raw_reference/8619418475d621a380a92cf6ecb083b600fbb6fbac6ac5d31c7a392f4dbb1972.json.gz,True,False,9.52757889998611,,archival environment/concurrency not proven comparable or incomplete execution
3e54b76ef681c037d56c59e50742d1c5363e72129e506e0753199207e4872b4e,h101,0,results/raw_reference/16c30854b31df37b4fdd0fa7c9c9a203f52a55c9a3013a6721ece24d0951bcb7.json.gz,True,False,9.524613399989903,,archival environment/concurrency not proven comparable or incomplete execution
d011c3c39270a96c1041ea48b4f58c2cf625d26623db14c34a32242736302f20,h101,-1,results/raw_reference/7534e500b02345cb71f40f7d20ee877712e43679027d5876d247c72fc7ecac24.json.gz,True,False,9.702998800028581,,archival environment/concurrency not proven comparable or incomplete execution
439c19b59a51c598091da598559297323ae68c0870f4e4fc78fa72735b1dbd42,h101,1,results/raw_reference/a502bd5029e19a90b3355f2294057157f17c8537a7be1ab88f06a1781821f521.json.gz,True,False,9.523249300022144,,archival environment/concurrency not proven comparable or incomplete execution
e97336a8533ad06b5ce7e236885031adc5a291a17aad98f67b170169f9b1dbc6,h101,-2,results/raw_reference/c824aa0b9ea21ab155effb221d2f9d487f984856eb9e7805a6edf4524ed971a1.json.gz,True,False,9.94244739995338,,archival environment/concurrency not proven comparable or incomplete execution
d0224171bb08cec9c72fea906adc0bd34285127bb83ab515c0ca2d273abd38d8,h101,2,results/raw_reference/78a0687bf16cb821ca8c700a0e70966cd86c1fb4948eb7fd4a69cca1b93bb42f.json.gz,True,False,9.547806599992327,,archival environment/concurrency not proven comparable or incomplete execution
871a6e88f7cc97995c1b01d5a0515f753872d8cbc35a98a8cf6ee1815e32d73a,h102,0,results/raw_reference/be45430feadc142d52aed755ffc3295b8700fe0c9fb0a003832768e05e16d072.json.gz,True,False,120.22934966598405,,archival environment/concurrency not proven comparable or incomplete execution
55fb4626e967560515560c26c005ef498da71a1448ce3abca8f0417feb21fd2a,h102,-1,results/raw_reference/c5377782b8bc0762491daf85860ba1e1e36a108b3aa1200ff5f4ee94f6f3bfa6.json.gz,True,False,159.02511466597207,,archival environment/concurrency not proven comparable or incomplete execution
96df805b9a1ea378762563e84651da900b2674eccfbf2c0678de99ae8aefe557,h102,1,results/raw_reference/aadebdabfed131634294555debf25f06a3b0103c9e94fb703d49bfda7e109084.json.gz,True,False,163.72775095899124,,archival environment/concurrency not proven comparable or incomplete execution
ad0f18d13147a6743226fa5a1bde275d00fb127ef87f58c46c4740af4393ae09,h102,-2,results/raw_reference/84e8b381ac86a2a8abf0a4dbc15f0576ef685b10fd802dc1d0f4ae4614033c5e.json.gz,True,False,69.12891570897773,,archival environment/concurrency not proven comparable or incomplete execution
5a7519032715bc6bf61839d4cac571895724f3f7db3bb56d9a27a82d21e9faa7,h102,2,results/raw_reference/c274ee7b961b79cd261eb977a9ad1be3533ea513faae1da903b95db6d40fa727.json.gz,True,False,127.54009520902764,,archival environment/concurrency not proven comparable or incomplete execution
02d0bfeb305c97ad0688b3638a78ed596188d443dea28b96f2600e80113303f4,h102,0,results/raw_reference/668af3fa247e427fe782bb027681709add35caf8738468393deaddf22aa3ce54.json.gz,True,False,124.94314883399056,,archival environment/concurrency not proven comparable or incomplete execution
5812ca3740723cdc76192c3713ae753ec7dbf925a8d9edba29d9515686c1ee09,h102,-1,results/raw_reference/2fcd6d96d0596f72ee3776742539cb430b7d28ade63f8d39649407bd1650f0e5.json.gz,True,False,121.51149762497516,,archival environment/concurrency not proven comparable or incomplete execution
b434aae2fa367b692cd7cf0e2cfec3e66bfc8308121b013fd85dbd50b6cb8020,h102,1,results/raw_reference/841bf102e90788f7d63568f6caf3ffaa56ef7e5f38642bc2b30f8ee9391db47a.json.gz,True,False,121.24397662497358,,archival environment/concurrency not proven comparable or incomplete execution
7381ce294c7442272a989cef99cca7105ad2c4a6f28a9b886a4ad55b4cd52288,h102,-2,results/raw_reference/fdc1a473a46b3c8e06305b5b1159d6d859ccb3ba9d67cbe5947b3df3b801983d.json.gz,True,False,118.81124416703824,,archival environment/concurrency not proven comparable or incomplete execution
4b679e86ceae3933ba3b54efc385e9c3f81133f4936fc28821f02dfc69443acd,h102,2,results/raw_reference/2baf33c30e7fbdcc69974ee41f562a97b20c4eef0a4e2c118743f5259815dafb.json.gz,True,False,166.6199273749953,,archival environment/concurrency not proven comparable or incomplete execution
3b82405d0883001ed13838d07c1f0cb31fe3f121bfeb34f24ae68e5bba790d75,h102,0,results/raw_reference/2eae1fb066c1cf52542bb5e8fd9d06b794706b316b0aace5ad04192cce9663ba.json.gz,True,False,41.95819609996397,,archival environment/concurrency not proven comparable or incomplete execution
63676d2fb52344789b9da6f26c75c201639e9ad85aeaae234074da967cd6834b,h102,-1,results/raw_reference/da20721c409a970efe17d92e6701b59dfd2628aea4e277c078119098029d6982.json.gz,True,False,41.338444699998945,,archival environment/concurrency not proven comparable or incomplete execution
1db1d4bdb9c35ccb4412b37c1bb5d3af598f57d68630077280b3a863e36f345b,h102,1,results/raw_reference/920e90db0a3811a76e8f4c484699126997566437b6a4ea59fc9b865f01e01ba5.json.gz,True,False,42.53716519998852,,archival environment/concurrency not proven comparable or incomplete execution
abd5816adfec74e808c090dc458799a030a5a452c2aafd91bbac0b983b0e3e4a,h102,-2,results/raw_reference/ddf99eba817f95828017b58f08470241c342129a8d54e2455749cd66ae060c52.json.gz,True,False,41.59555420000106,,archival environment/concurrency not proven comparable or incomplete execution
719e87654591ee4ce60ba4b4348b0a5703cef44cbcc42fd487c07d26dc3274ae,h102,2,results/raw_reference/153ced744e8396dcd13426935ca2ece7a288399096887f31ffe9df6d4db98477.json.gz,True,False,40.99121540004853,,archival environment/concurrency not proven comparable or incomplete execution
2e854b087eff1f7ec17a537ed90d999835caccc47975982e502a2b6f4214ccc7,h102,0,results/raw_reference/4a33dab09e7ebdf98cc555a1ab8eaeaa08f903883e6bb4c466c8926ef6a071fd.json.gz,True,False,40.25524780002888,,archival environment/concurrency not proven comparable or incomplete execution
7b0539e9212138edcc2f8a3ee8c3b0fe7c0e1501ab630a520489403ff17b0e26,h102,-1,results/raw_reference/cee9bef195454080d5385d1bdb33c8f4f754a15621dddd9a8eb9520b4f24b565.json.gz,True,False,40.260038600012194,,archival environment/concurrency not proven comparable or incomplete execution
e7ccb2e1866eaece3f8472815f7752b61895d2144ddce2198f37b3f020b37ee0,h102,1,results/raw_reference/ff70fe912eb542a563d7e1544c148e5e93b04246a2c6a49596fbe0363fd83083.json.gz,True,False,40.356045500026084,,archival environment/concurrency not proven comparable or incomplete execution
881f3c65b3e439d4305c3e4323314cb5de5a4d8041ab343b8513429f82a907e2,h102,-2,results/raw_reference/2e9e69cc4667ccec78073effdb11aa95364a26574a34a81d820ed8e46e839776.json.gz,True,False,39.801817600033246,,archival environment/concurrency not proven comparable or incomplete execution
99215a84478cd0cc6b5620fd4298394b83cbae1400a9d9cec34722ecf9bbccec,h102,2,results/raw_reference/7420b7da2427ebeb9162d845b9148c86443be8f8be2e184fd3f576755a129c20.json.gz,True,False,40.144766799989156,,archival environment/concurrency not proven comparable or incomplete execution
cfd885fda0fc2a172700afd499f77f7330cdbdaa413b5fb795a469218fbb5841,h102,0,results/raw_reference/fd6aa4274fc3a2a5679be4171e157935d8b340c15c5df73df073dd84c2e8ac41.json.gz,True,False,47.407352500013076,,archival environment/concurrency not proven comparable or incomplete execution
b6cbace9ae3d9cb0bbdd7852532cc76f6ab684213b3c4e20bae8f94845f490bd,h102,-1,results/raw_reference/da1ddac5a2cf970a5c4be6edf15a1667fccd05fab37b211d4d91331a67a72970.json.gz,True,False,46.1569663999835,,archival environment/concurrency not proven comparable or incomplete execution
44b4aebf5105b26c5ef2c77dffe4201cd1b517835d9768b892742cd0fa0c44b7,h102,1,results/raw_reference/93c867b3c6e7e6335ac21256f530e43aa43b1b087ee3880392027ef8d797b955.json.gz,True,False,47.17790349997813,,archival environment/concurrency not proven comparable or incomplete execution
b6523761c8bc40e428af61ab223772f7f2580fa11cce83d907dfc7af4bfcd820,h102,-2,results/raw_reference/ef9cf72e7a11de8ce028afbf54a6c44a4be541c256abb4be84b8188c14dc35ad.json.gz,True,False,47.20919609995326,,archival environment/concurrency not proven comparable or incomplete execution
84196c531e4df595af4dc04965f75a27a73c9b08d83acf45f133602fd57ace8d,h102,2,results/raw_reference/756452f4ceaaaf8c9fc79662ec30937bbb72eada4fac9be74edc1dafa81b0ec3.json.gz,True,False,49.243503500008956,,archival environment/concurrency not proven comparable or incomplete execution
5967cb4104c79bc06fd2abb9dcabe6955377fcf157efa44eda945c1528f39d95,h102,0,results/raw_reference/f2f213bd2754c2b053479f05df3fefab4d18e179e75d5e4c370f03cce3eebbed.json.gz,True,False,41.626754999975674,,archival environment/concurrency not proven comparable or incomplete execution
0af08af2570661a06e8cd60200274ffd506021914e75e0d92be7c9f31bf37f4c,h102,-1,results/raw_reference/21a3b84670985dc246c07cd927b070c4cff9a2e0c0d7e1d0b2da69be0c63b456.json.gz,True,False,42.011880000005476,,archival environment/concurrency not proven comparable or incomplete execution
613d2ae1e9405c8da5b3060fe034a9733bc9b302a34bfd97aacdbf7e3c1e3c9c,h102,1,results/raw_reference/ea8aac22978d1e85bd543e0a45c34353b40691fc75381b8597960c3b9e95939b.json.gz,True,False,42.092697399959434,,archival environment/concurrency not proven comparable or incomplete execution
645db0e561cb7206372ff8cc061aef6312f692756a44bea1eeee5ce7d54d1692,h102,-2,results/raw_reference/0b63a04665b9b9ed00deada9e473a6de988efbae68f51176c3cea3cc0e8b2d07.json.gz,True,False,41.824129199958406,,archival environment/concurrency not proven comparable or incomplete execution
7077727be60f9b15198bee5178df05beab92208a6190391aec84ee4e79d67c5e,h102,2,results/raw_reference/36d7724d29222b3df78840558e574c3b579a06eec2003b0620b123600e04c6b3.json.gz,True,False,41.52116260002367,,archival environment/concurrency not proven comparable or incomplete execution
c957852c6cdd3b306050beb1d015f18e4e9e8711c98854c697df4a0d5721dbe8,h102,0,results/raw_reference/f19fe1e151086e4a9c44b5b1aed7d9f80d7e2b31d36895743540aa0b6260ce03.json.gz,True,False,47.08511769998586,,archival environment/concurrency not proven comparable or incomplete execution
f284139ff1605bd972b757166e0ac74e131f424521bb344fb6b6b60bfad084af,h102,-1,results/raw_reference/e355401e724c189228ebf1b8d21cde4e661c6d1ff3fcc73e02fe71de2598d27f.json.gz,True,False,49.66453639999963,,archival environment/concurrency not proven comparable or incomplete execution
a9da781b1656eb9f955c990478a79fb0a805cfa93eb7cbc375820ea85b2db1ff,h102,1,results/raw_reference/af77787c7cb3b0203e5b0e3dfffc12be99fcfb2622f5998b6c10407e8b8ae7ae.json.gz,True,False,46.966398300020956,,archival environment/concurrency not proven comparable or incomplete execution
4e8a9bcf78d616210b9c8c485a6bffb877d6f51567cb85f279a9d707cafc5da4,h102,-2,results/raw_reference/a6dba198a1f3b93f335f91d13373748206006a593a654ef260dc784afeb3291c.json.gz,True,False,49.80233350000344,,archival environment/concurrency not proven comparable or incomplete execution
0f7e3942c2f633a75b71ea6d117e273ebca9d48900ef4ae16cd4a2d09e019cb9,h102,2,results/raw_reference/f3d9f19af8fc7aa0a1415404ba7d6b4f3cb23c6b04464fede2b60bf22873f55b.json.gz,True,False,42.108653699979186,,archival environment/concurrency not proven comparable or incomplete execution
82c0fe9f8aaf4b61257b542323fd51440b2ced9548643af25e2180c323fdb37c,h102,0,results/raw_reference/8d0c204d7d56591bd0debd9f4e567f80e92e762123ba80efe5ab5f6a64bb38a3.json.gz,True,False,42.20103769999696,,archival environment/concurrency not proven comparable or incomplete execution
5253cac8bd750849e3e86a6d2416bd742672859fa91a9cbae100d86c8e3be313,h102,-1,results/raw_reference/668605ca8f7f3fbc60a72db8d09fb67f6e7b8837e6bdb6d42f5d89c8d5bc6a77.json.gz,True,False,42.292684100044426,,archival environment/concurrency not proven comparable or incomplete execution
12c1308426109fe70f333af19e616d70ed95e2529c62c0c87cd68308e3d2a36b,h102,1,results/raw_reference/a3b6e047f90064f3ddcdeb76117ac9c486e0c6f1d1e419803cf026b6796daccb.json.gz,True,False,41.37937330000568,,archival environment/concurrency not proven comparable or incomplete execution
11a4dbb38eff2ca3c1f540fa225424dcfb4be1890f08e9841da4adb40a906162,h102,-2,results/raw_reference/8352d69861bd6a36da87b4f5a8b10c2b748632f2b57498726d33f86bfa1b6931.json.gz,True,False,42.910407299990766,,archival environment/concurrency not proven comparable or incomplete execution
09a02caf5cda90418cd8aba24a359aef29d5e12f8836157e385ff184c84d061e,h102,2,results/raw_reference/8c246c4d0b51c6156de243cf7d3653cb7fd7a7053fdb755e6905dcc9168d515a.json.gz,True,False,41.50930060003884,,archival environment/concurrency not proven comparable or incomplete execution
8fb97565e00f09858bebeed49f6fc2913eca74a253dd9d6f1baf6c625b745cae,h102,0,results/raw_reference/a761dd21957f8569ac6aa66bb44210b7cfdf0e5c917dd246cbc9dd3e21499452.json.gz,True,False,47.1666777000064,,archival environment/concurrency not proven comparable or incomplete execution
552aa53f8724c098b49dd9f3ed16f676e7b2249fb3ffc02414bccb20eb0c763b,h102,-1,results/raw_reference/a6199c546e2eba9adbad5492e6306ee7c56f227ce6a2256320a1f35592907cfb.json.gz,True,False,47.03331630001776,,archival environment/concurrency not proven comparable or incomplete execution
6f6bf26d31e88b65b68756fba9c2d554e62e20b829197453b28a894b2d896825,h102,1,results/raw_reference/3bae7588b78ef6ffb2f02143759fef6166d66d9b525835def84962ac511d310b.json.gz,True,False,46.95386850001523,,archival environment/concurrency not proven comparable or incomplete execution
02dbb5a83a297517e8871049d09b08b183e37cdbff3b0f5ba49023936d3f8f3d,h102,-2,results/raw_reference/bda83616141f090fe5d473b8da7414d8893d327157453c594df257a919c77a7e.json.gz,True,False,46.94410630001221,,archival environment/concurrency not proven comparable or incomplete execution
cbc8899fe5a6a4cf49e9ef533bcc55e0e737044255624f0bb895e7e8f3198c91,h102,2,results/raw_reference/5e83c4b4d83819b625a1a3809c567e62249ebc3c0a348836ad610f71eda450e2.json.gz,True,False,42.14909059996717,,archival environment/concurrency not proven comparable or incomplete execution
62e3877bdbf0b53ee1638389aa61776a651ee66930781666ca56b10c03ad5f32,h102,0,results/raw_reference/95e23692daeeda87ae025b66a0480442280e5c10303b3bb5e62e6e6ab8f7f29e.json.gz,True,False,42.43221739999717,,archival environment/concurrency not proven comparable or incomplete execution
9c4e60fa6fd68124eee6f300963bc91588a54c23090e759d04e72139c87eef97,h102,-1,results/raw_reference/f8c6e88b5daf86bd52d57cfb70bb456567fe21c88f7b5256c1b17be16ab6eca4.json.gz,True,False,42.256583700014744,,archival environment/concurrency not proven comparable or incomplete execution
fd34e26a243fdf466c1c996b943d04a0184a33707dc9c726a3c8c526df1b5dc8,h102,1,results/raw_reference/bd062aa9e970487d3b89cdab337502dad11a9c776e0cbda2a792d4a3934def6b.json.gz,True,False,42.377816599968355,,archival environment/concurrency not proven comparable or incomplete execution
583b3bcd9b5fd0cf9fde308b4c5981c8f1ee65ec126ea0e21fd5b3bf186098f8,h102,-2,results/raw_reference/90afc554d591428e901f108ef80461df931ac99461d03326fcdd04afdbc5d289.json.gz,True,False,42.301004000008106,,archival environment/concurrency not proven comparable or incomplete execution
abc55db0e820e25546943b5cb55bf53b767cb74384722cc11bfe6e5a06a4f816,h102,2,results/raw_reference/e269ddb28ca9251824dbb382450eaacb0fbb441766ba1535d9f2a36e26f85844.json.gz,True,False,41.60387290001381,,archival environment/concurrency not proven comparable or incomplete execution
11e05c088967ebd35b140810bcd11d09f2f72ff930cdfcb5df57c34b15b69666,h102,0,results/raw_reference/1085e067afa8110897b47d352ffb7046506da92c2eeb68a7bb6099e6bd4f266a.json.gz,True,False,49.45488839998143,,archival environment/concurrency not proven comparable or incomplete execution
5b0b82c27fc350e15a66d6d39b4dffddddae7d60b4f333a9e608d155807f3205,h102,-1,results/raw_reference/f0573cde6dccbe30f9ee71cd87efd6b48bc7236dd8b54b98529c786702b6e414.json.gz,True,False,47.25410580000607,,archival environment/concurrency not proven comparable or incomplete execution
4a4a9055857ef62f495733a666352a545a63972506dc32dcba40afa117e5b394,h102,1,results/raw_reference/2fc5b60b2da042d6e2c7d14a0acc31dec66818ce5fe4c29df288f8a36c3f843c.json.gz,True,False,42.156318499997724,,archival environment/concurrency not proven comparable or incomplete execution
8d621284d72f30d2207f6b8d9b8e5a28a5330321f6926d18f334473a8e56975d,h102,-2,results/raw_reference/79c564521919f1dbb85fad5afa4b145ffc4967c62cfffcf8923de501f3bdf512.json.gz,True,False,47.18106760003138,,archival environment/concurrency not proven comparable or incomplete execution
ac9184bd730406111cb556c3b5246c8eafc7c534b1674679fa10e4a40a06abad,h102,2,results/raw_reference/a32dc3e3c33a85f8708cf0586c08a955920674750e2013d1d1310c5c6b664436.json.gz,True,False,42.55063060001703,,archival environment/concurrency not proven comparable or incomplete execution
f9e7d3a6501824485ea01f234b4f8f0ee81ee21d7041de0d7d295a516cc56f97,h102,0,results/raw_reference/07e98de3c3d284b30545ca932a89235def1a51258832365a587d28269e948c60.json.gz,True,False,43.621452899998985,,archival environment/concurrency not proven comparable or incomplete execution
5a4008b949b01561e29452041b27946240a2411512ee90df6cf30582212a8afd,h102,-1,results/raw_reference/97963aa4be13fdd7aa6f2eadc91c392764a77b3e92d3529dc9521b291988fd29.json.gz,True,False,41.9715277000214,,archival environment/concurrency not proven comparable or incomplete execution
ea3183009e86b90eebe567e5778e0fa6795407eeaa857d18239e550734dedf13,h102,1,results/raw_reference/62a17f54c2abbaffc6ed99fd0e5e507e0e82bb0fd6b4c30739dc261f790b5c2f.json.gz,True,False,43.358786800003145,,archival environment/concurrency not proven comparable or incomplete execution
a163cd5f852eab46272c6ce465aa8622c835ef89e856d7fedc8177a7dfe61686,h102,-2,results/raw_reference/3fd35cc5cf6aad253dd3b99be61e8e069f80896540f102cf0f7d5f92424486f1.json.gz,True,False,43.00083029997768,,archival environment/concurrency not proven comparable or incomplete execution
9b67d9d8330a840569b6132db410569ef147d3d1c6a771dd6a11cb68099b2009,h102,2,results/raw_reference/c39a9d750c7713c821e0fe59162d6244aed4e638d9bed637900d53b0c62df76d.json.gz,True,False,42.50933889998123,,archival environment/concurrency not proven comparable or incomplete execution
621a055a7ecee28659e87f5490728ff4c96b6db60a55af7b2ccc7cbb93afbc36,h102,0,results/raw_reference/07e52fa46960188b647bfc7f53aac046dfcd5b1c63112a41284e7bfbe4bf43cd.json.gz,True,False,50.79121940000914,,archival environment/concurrency not proven comparable or incomplete execution
0a26321e20330de92ff6070ade46b0e84721132ddf8712947426a7a65f7eed26,h102,-1,results/raw_reference/55010ad6049d9d0f83127bc669ae24019736b63af374ca1a167ce0c833f9a399.json.gz,True,False,50.30119420000119,,archival environment/concurrency not proven comparable or incomplete execution
fdd1e0457a2336c655efc6fceed5439e03c37313fb47e6df40488a61e2974178,h102,1,results/raw_reference/baa9c0a8b545b0ac356973bd85db1e82213cbf5869b5c9424c839a09ee1507d8.json.gz,True,False,46.394693100010045,,archival environment/concurrency not proven comparable or incomplete execution
e717a4708a59ef8b538d64b971b65063c089f1bbafc6f52bcc6bef74956ecf3a,h102,-2,results/raw_reference/5ef720e468649264f056cf5347e15142cabc7decf740ec382d98ed1754084aee.json.gz,True,False,48.733215900021605,,archival environment/concurrency not proven comparable or incomplete execution
ce1560543083e55eb9469cc7e33e3be5d0be4bd2fd9aaf34d91bbe9e72244843,h102,2,results/raw_reference/c24cff7e5c0679ee0f0f1007e8b9812cdb5afccf77f38fce1190af1f88f7b6f7.json.gz,True,False,47.67805719998432,,archival environment/concurrency not proven comparable or incomplete execution
0763f2511e3c345467b82d100f5e10feff0d0298b167fb1bd530ac2f5bc440d1,h102,0,results/sla_sensitivity/reference/33db128a653a27013563a37aa4aba7d8de4591f380838ab021e1ff511deab184.json.gz,True,False,44.09870520001277,,archival environment/concurrency not proven comparable or incomplete execution
28b0c4be4b896b33e1ea0f34607a25e64b6f847212a075e71e3ebcf73ba2d8ab,h102,-1,results/sla_sensitivity/reference/eb470d9018107919a7168987dcf50497123651953bb2f26e711e12356c8b7c0f.json.gz,True,False,45.24711930000922,,archival environment/concurrency not proven comparable or incomplete execution
93665d9c51109a8872e83368d6bf89930d0451f732b19878e5b8171f7099f4cd,h102,1,results/sla_sensitivity/reference/7d209833541719bdbe5a346ad24f082debc3afb08dfc8f476aaf72709838600c.json.gz,True,False,44.240642399992794,,archival environment/concurrency not proven comparable or incomplete execution
d4283a03c13b3074bc67de37df3c7b789b8d5437587f41e0e4296116e0b10039,h102,-2,results/sla_sensitivity/reference/4d5088fb6a8eaf8b65e036f739f9ebeab9feb52db16e4a3dfec4dec8dc10e180.json.gz,True,False,45.19775190000655,,archival environment/concurrency not proven comparable or incomplete execution
291753244e761942957d81c5240f01c91310e3707b9bde5f012ae20c7d5cddc1,h102,2,results/sla_sensitivity/reference/250719b07802ed20ede682330a7c113fb522f4cdc052223008cf3119c34304ea.json.gz,True,False,43.62776309996843,,archival environment/concurrency not proven comparable or incomplete execution
dfb08ef08466d8b53e64fedd5c3bde918cddf395ba7b3c7b350792478edfbfe4,h102,0,results/sla_sensitivity/reference/521169a73a83a6310c1a7861feba80cbb7a87736a03cb4bc252136eb2f0e3cf2.json.gz,True,False,44.4136431000079,,archival environment/concurrency not proven comparable or incomplete execution
9811350894f3e9efa0611d7c5e1ce62e8aedecffdd628682ab86f569b4af8902,h102,-1,results/sla_sensitivity/reference/5ac7a7a079ecc1e517a5d5a3aca08cb92a857b3079c298b85a0dd28807eea099.json.gz,True,False,44.38309879996814,,archival environment/concurrency not proven comparable or incomplete execution
5f5d21ecbb19a7be9917a3e29d4e8bcef4040a22c24362aabb3a363a8a78bfa3,h102,1,results/sla_sensitivity/reference/f5cf918578e945cbd95eddac56dab6e25ec595d51b4654db3b2eb460cf83a9d5.json.gz,True,False,44.207216100010555,,archival environment/concurrency not proven comparable or incomplete execution
89ff50b21ed5cf146ab786e953320480fc0cec8beb7c9b2f9ab09b94d55b8296,h102,-2,results/sla_sensitivity/reference/225eeeee9e703be732efca63ecfd3f58587ab36ac9bd044efc636c0d242f00b6.json.gz,True,False,44.35960209998302,,archival environment/concurrency not proven comparable or incomplete execution
9f575a550ff77fc36ef1996109740323e8234f78bec9a396a0c058982080f127,h102,2,results/sla_sensitivity/reference/d7fe0cc8ecd2dbed030f5c4923c74d95650d0609e379d88856b9976c59cf175b.json.gz,True,False,45.09196230000816,,archival environment/concurrency not proven comparable or incomplete execution
cb6add6e940dda69d36d9f9df78d27fd50eefa1464f683419b6af1f866f92abc,h102,0,results/sla_sensitivity/reference/d9814f0b6932efd27e7fa18e15ece025366520844f78a302bee526c785ed44de.json.gz,True,False,45.01856149995001,,archival environment/concurrency not proven comparable or incomplete execution
551a61eeb987a92e18c68a8e497a9164ebb914698f072c63f9501751c6e7a93c,h102,-1,results/sla_sensitivity/reference/fb07df57cdd22484c034d407d82e87ecc0cd0463b1f1b14a3cc58b74a890f459.json.gz,True,False,45.164497299992945,,archival environment/concurrency not proven comparable or incomplete execution
dfe2616384df17f555b9869e0de25b3bb3e722affe4af2f1a3b62028292e46ad,h102,1,results/sla_sensitivity/reference/728dc63b7e3a0c78d1fa4e23af7a0d83791082d93e8384497f064c2b52a72d43.json.gz,True,False,43.37045990000479,,archival environment/concurrency not proven comparable or incomplete execution
2c5e0f143b2643f8b9f7f85acdc5cfadfbbb4a626f732c6ae6e5542cd0325e8f,h102,-2,results/sla_sensitivity/reference/4c38a11c4387bfbf7f7d58b36acd3bb18cc31920bd3f7413b0cd14747d6ab051.json.gz,True,False,43.61895589996129,,archival environment/concurrency not proven comparable or incomplete execution
adecaf3cc24fe95930cd9d38831e2a57b3d4756e1686b4eef07d22973ade6613,h102,2,results/sla_sensitivity/reference/e97e891df8c5e28b07f776087406c07a0643ab8f481cfe5705d0075a4404f9e2.json.gz,True,False,44.381662100029644,,archival environment/concurrency not proven comparable or incomplete execution
df9a87e3a116b85fb9f9a4d6ec480d93ce6a561aee9fa72c64297982d4d5f8f2,h102,0,results/raw_reference/4e7607276486ae4e465d86150862aff9c3728dff89e587980509b7cd5562e2f3.json.gz,True,False,41.81330879998859,,archival environment/concurrency not proven comparable or incomplete execution
0ea938b9ae4d4ce607b471a9b75a193a7c89d94150a7efbc4f4e93faf58f9020,h102,-1,results/raw_reference/f1d644c3e27071b919b8f936d09021e8d00b9b7d9ec6f1f5e2bc6af8ae6feb79.json.gz,True,False,40.98088380001718,,archival environment/concurrency not proven comparable or incomplete execution
6607cfb7d0a221ff58c3b0a33733000be26d933ef246cca1d1f7684be43539e0,h102,1,results/raw_reference/413abcf483c94c3b9592a68b6135d02273a9b9b0eaa4890b2cca0d354340bd8d.json.gz,True,False,42.34112130000722,,archival environment/concurrency not proven comparable or incomplete execution
7368659d1a4284c66999cc08973811fd7e1b8a377ac14463dd24b047e5a82571,h102,-2,results/raw_reference/4b7bcfc40015b22e017272007e12c0fd9cab4e0ea852bc632377219ac5a3af42.json.gz,True,False,40.84553720004624,,archival environment/concurrency not proven comparable or incomplete execution
62e0d42add14552fca8cce6456ef14f6b51e3c3c3f36fbebc43f8ffd1cb4a668,h102,2,results/raw_reference/e9c5a59c42fe75214dcc8d905a89fc5d05106d39ad53759fec3872871ec332f4.json.gz,True,False,42.3875476999674,,archival environment/concurrency not proven comparable or incomplete execution
1e8c865c519d372fe80d1dc59547ea7764a123c243433c2c7ff9a6789a5a07fc,h102,0,results/sla_sensitivity/reference/7c0998978cfec5c41dc21a2f101c86293ed5cff57c853d31bd2f1629b70d233f.json.gz,True,False,45.05661369999871,,archival environment/concurrency not proven comparable or incomplete execution
bd733828a564cb76a6afa06f4aa26d06a649ab4ae1ebc4951d1b873671602477,h102,-1,results/sla_sensitivity/reference/24c6daafce07aa68021b7458425de0c6c9f2f50fc70d266cdc21ef97fb0c5ae2.json.gz,True,False,45.47769170004176,,archival environment/concurrency not proven comparable or incomplete execution
81dd28a013073320e23e11b35576ff538fc980dfb7abef7d128dcb7d4f695976,h102,1,results/sla_sensitivity/reference/458378c1731fa426ff574029e3a26b9e9ecc4934ecce009ae24947361b1a0289.json.gz,True,False,45.192796399991494,,archival environment/concurrency not proven comparable or incomplete execution
51cfa9b6ae4853b7ae35cae47ca31ed6d1d3637da1de944273d07edd65731eb3,h102,-2,results/sla_sensitivity/reference/d0c52b4c79046b06f4583fb325dc0b7b82169c175b3ee57927b6e6ad8a9e713f.json.gz,True,False,45.56978429999435,,archival environment/concurrency not proven comparable or incomplete execution
07008012bdff2993d1fda468bc1222a72d324bfd0d2549d059be972aa9e6d809,h102,2,results/sla_sensitivity/reference/d7a75cfbbe7f8de43a0d4311fe489d3723a9763a9c2453f20c5ec591a819c3be.json.gz,True,False,44.36215200001607,,archival environment/concurrency not proven comparable or incomplete execution
9323bfd1786aca54aba43b8d9427a93f18d2561f775f39fa1c03cf6f60bd1f71,h102,0,results/sla_sensitivity/reference/bdfc4455a2770c6919e2e79d1cfbdf17356fa057949fd03d0d133dc44dcae2ac.json.gz,True,False,44.944347299984656,,archival environment/concurrency not proven comparable or incomplete execution
0d510798117502279366d31ddc7188c6cc755de2ea3697851bbeb0e2a50fb147,h102,-1,results/sla_sensitivity/reference/7ef4a65ff55315dc3476fa26d7474c807c121b9a883c3330fcb4c1ec935a62f1.json.gz,True,False,44.66819170000963,,archival environment/concurrency not proven comparable or incomplete execution
95d46d8fa1d2aa28ee7f51c7eb52448662737a3dbbba489deeed0b0b82e5d17b,h102,1,results/sla_sensitivity/reference/16402d07529403fbc05c14a56033fe404b381d2928b3ae1164a99835c4836445.json.gz,True,False,44.42878200003179,,archival environment/concurrency not proven comparable or incomplete execution
38ae2b82fe91c46123872cd4149e9cbac6e7130403c085155dbd781751c678f7,h102,-2,results/sla_sensitivity/reference/213bc7fb7fb971ec84af3614151ed84d3368da068724010f5cee538326b9eea5.json.gz,True,False,44.92292979999911,,archival environment/concurrency not proven comparable or incomplete execution
73e0d683a27c53a113f54d95467548eb717dcd4f8209c0dfae0688401ba3933d,h102,2,results/sla_sensitivity/reference/945667297455b0d2f0738267bf29d80138e37d49ff863e41182e3c9fbcdb5229.json.gz,True,False,44.197278500010725,,archival environment/concurrency not proven comparable or incomplete execution
7eca7977454be3b1841e15ab986a2c56c1412340ef9f96c121511e7dd0f79bec,h102,0,results/sla_sensitivity/reference/38792172a979565badc89544df89197bb486b713d59365d88fdc281f4fa317db.json.gz,True,False,43.94733270001598,,archival environment/concurrency not proven comparable or incomplete execution
f7a4f4f3a10b74b36231cbfa323cf053b1d0d80158de5c755cb7be616ac0baca,h102,-1,results/sla_sensitivity/reference/0a6e3d705ce5ef884e016b864591442f82b6af3ddb7c4be745f72db67e7db73c.json.gz,True,False,43.76303279999411,,archival environment/concurrency not proven comparable or incomplete execution
e371bf078336c067722830b4daad89e4143c0519113a85fc636c45bd774cdcb1,h102,1,results/sla_sensitivity/reference/49a5b78ed5ef9047101237f34b3b058d90ac614253c09c0a218f628bdcdbaa8e.json.gz,True,False,44.449530599988066,,archival environment/concurrency not proven comparable or incomplete execution
c320ca44e2aca0b47a6f3f0e4fa8e7248055221ee8b92773c7488147219e7961,h102,-2,results/sla_sensitivity/reference/0e3e244628a42ca03f57ffed18a9fe4a5e571754449e03d7a72ffdb82443a6cd.json.gz,True,False,43.65146940003615,,archival environment/concurrency not proven comparable or incomplete execution
491d29bc395cbc5d30a4b8cf253b858a6714649b8b5aaa8677eb80f787e55834,h102,2,results/sla_sensitivity/reference/ec5ea987b9fae78868a73e7ea25d56fff8b11e946dfe06c3ed3566c7f9ae7a35.json.gz,True,False,44.040787300036754,,archival environment/concurrency not proven comparable or incomplete execution
3a05beb076d2c18d65e5a9dc19137b6b921233cb840982dd400c36260ee11ef2,h102,0,results/sla_sensitivity/reference/79119165ca921d6dd804f2ee5f5afcaaaf140310dd69cd4770b65719d3e20249.json.gz,True,False,44.819539099989925,,archival environment/concurrency not proven comparable or incomplete execution
4013e072fd77df6c8d0d83cc14c4d05e40ca36b544c43d9071c31fa149e8068b,h102,-1,results/sla_sensitivity/reference/5073e7ef34e1295d24eb3bcb783717a491eb4bdd9027656298e54b7688acb660.json.gz,True,False,43.869245400012005,,archival environment/concurrency not proven comparable or incomplete execution
706195cf0743d091b7f739ecc89f882bdb25b5fa86760351b863dc5daf4addb1,h102,1,results/sla_sensitivity/reference/9c3df7219246fbf699c2f8ed103b1df12aacbbed4351c1e6673ebaea8cc1e760.json.gz,True,False,44.81278779997956,,archival environment/concurrency not proven comparable or incomplete execution
894c9159c1f9c80348cfd2e22d6633e4e841b8c160574528b5d4cf1d6d39a7f2,h102,-2,results/sla_sensitivity/reference/3aaed672d2597d30c94c560fc56900d0663f9a209d2e8660b5699401bfd87953.json.gz,True,False,43.925386300019454,,archival environment/concurrency not proven comparable or incomplete execution
f2d648c5c7c02643d13c88270ca9d18070c5d4d3f415cb7ed1b5900b577564a0,h102,2,results/sla_sensitivity/reference/6d44bfeb7bea0d2db43a0f65216d3f8562c5b1d2bd3430882f5722b67556f6f2.json.gz,True,False,43.69074049999472,,archival environment/concurrency not proven comparable or incomplete execution
0285399d9e095f7589eeaf7be76dcd420b7f83aa24ed09db2a8006a4646d8de2,h102,0,results/sla_sensitivity/reference/5932182de83d40d5b8049c9835e74462d46d13d81dee12c4701084c6cc9fb4c4.json.gz,True,False,43.667782000033185,,archival environment/concurrency not proven comparable or incomplete execution
85a38fc98cc7bfbacbcd0f20172b39b4a9ce6b8b03f8073396e1c1db0e384690,h102,-1,results/sla_sensitivity/reference/4693388a2d6b0ce159e535e4c3546154e580fba27da869d94f65c620e7e903b8.json.gz,True,False,43.584035599953495,,archival environment/concurrency not proven comparable or incomplete execution
ed14a0326a3ea35fc3a48ace846d44546981a7a5872b70f5775255d2b7a4bb10,h102,1,results/sla_sensitivity/reference/6a8f271cf6f52ed63accbb241fe6a9aa14395a2535fc99641c8616234ccddc18.json.gz,True,False,44.17120260000229,,archival environment/concurrency not proven comparable or incomplete execution
5ad3c3a5a773ecb5e9b01a339e2de36913297f0081873d4bd1ed86287b7798c5,h102,-2,results/sla_sensitivity/reference/1c0b33622f6af72a14fd2588e0499a17a4730a9ea217b9518fcbf264b86887bb.json.gz,True,False,43.65511419996619,,archival environment/concurrency not proven comparable or incomplete execution
338e4f11a141966c1de625f3dc8e8896bae4915bd6b7dc414c5041b33d39e381,h102,2,results/sla_sensitivity/reference/8fc7c7e0aebdbb122f38f5cea9055280ab65ed700ee76fa92032c280fff70f72.json.gz,True,False,44.174986900005024,,archival environment/concurrency not proven comparable or incomplete execution
bcc1a653adda0aa3c6c1fd0eb6144a7d92eb2cba2ebe535e9346ed83fc592fe3,h102,0,results/raw_reference/ef0d4d8f0418cad83f80e9da3cfaa6e3868bcaad32f7d0eab35ff8eccd4a2e7e.json.gz,True,False,40.24012850003783,,archival environment/concurrency not proven comparable or incomplete execution
794843117e707a7c33ac8bbc243f9cda7f0bc619a4009c1713190161381062f6,h102,-1,results/raw_reference/4a0f5a1be514806e2aa1a3a92d831def1c1532e5ad4c18c842d10052ad4a0236.json.gz,True,False,40.04841679998208,,archival environment/concurrency not proven comparable or incomplete execution
18ba7b2c0a7f43d113d98abc16053b5296ae93f8a0b2150098de59845935adf6,h102,1,results/raw_reference/26be185958ab733ec5c53adfcd3951d61b87c327f69a1d7268218aacb6e073fb.json.gz,True,False,40.55276829999639,,archival environment/concurrency not proven comparable or incomplete execution
1cc12bac9c8fe598b7afc352f17d1dca89290c3ec37dd5ffa9074435384ec98a,h102,-2,results/raw_reference/4dbd56afaadd246b7ff99362c74d1366e695be376a340e814680d6ca744c2e9e.json.gz,True,False,39.853247500024736,,archival environment/concurrency not proven comparable or incomplete execution
9fb8595ad7a5a3336178d290f33d5d74ab855fb4a0287acb98ae479fb8b1d92f,h102,2,results/raw_reference/a5837a790e026b10c9768ea5ce608d463e631dfcfd9e4c7609c09e1b2dbb587b.json.gz,True,False,39.660960000008345,,archival environment/concurrency not proven comparable or incomplete execution
b01b8f1a9781c01aac3f6b7ded1b5edb3072ec9d0f824c708df05805c78a4c5e,h102,0,results/raw_reference/dfb0be9327eceb8d4af8e89cb90525b4da0fbad597c11630b079a793a322395f.json.gz,True,False,166.80666450003628,,archival environment/concurrency not proven comparable or incomplete execution
dd67c3ca912bc14164e4e5e008133b169ce675714495b73399f2612806a205a3,h102,-1,results/raw_reference/c3f8d425e297982533470773a91a8ccc1e062ff45a7d72b9d7d28d5b417ea8b2.json.gz,True,False,157.3657838330255,,archival environment/concurrency not proven comparable or incomplete execution
409fb296d9fde7e657896f5b3c6472de65a1d3018474c8bb78121baecd6d11e8,h102,1,results/raw_reference/7fe29beae9605a9c534f37aef89c5b3ecf9613bb9b9e120374cabb12cbc90728.json.gz,True,False,201.92846366600133,,archival environment/concurrency not proven comparable or incomplete execution
134d6ea5d6b443a8fe64210ffba1dc44f96cc64e1d782926e457d8fc00f59c9c,h102,-2,results/raw_reference/86d6331ae1b6af2eed2f8a1f9aad6d6a4b5992694a19543db63580c62548465e.json.gz,True,False,164.97848849999718,,archival environment/concurrency not proven comparable or incomplete execution
8c6e4eb90b20ba6af4659ce929b76694ea420613ec228f37d8778301e25f344c,h102,2,results/raw_reference/fbb2ac1ed25b852f04567f11ccd9551321387663b0e3ae98249064ee08f8c8b3.json.gz,True,False,210.29289541597245,,archival environment/concurrency not proven comparable or incomplete execution
acc7d03e63add839982c3ac05843765e155b3d0cdf4a1f52ac07a9eeacf25cb1,h102,0,results/raw_reference/401b6e472213fc3e6f64182c33140a7a09e754863463209d955561605916cee7.json.gz,True,False,205.1613112090272,,archival environment/concurrency not proven comparable or incomplete execution
052e12fbff75fcb9dd2bfac0a18c27662c1dfb8ba24a532458c51b6ee7055163,h102,-1,results/raw_reference/a8e0612d5fcf96e9a520c63bc0ff5bfbf20e47d29a9d5e0a2ee89d74a9ca364e.json.gz,True,False,208.63547504198505,,archival environment/concurrency not proven comparable or incomplete execution
76c5a8215d4c922c4036222acc4f12fbc1be24d84d2f9b5c59881535f98ee0a5,h102,1,results/raw_reference/73d2d7e8d981ef3b95662b9a0fff35d151adfdfe6af923393f8f1019630473b8.json.gz,True,False,206.88774483301677,,archival environment/concurrency not proven comparable or incomplete execution
4b566e7ee3467d52d71b7605ec5611ed16376f77768af80b5525dbacd3e9779f,h102,-2,results/raw_reference/a25d30313b82a932f565deda1903784310daca7bd7501ceb6b10eb03bfd52140.json.gz,True,False,210.98103600001195,,archival environment/concurrency not proven comparable or incomplete execution
75f62574fdb84c8f08fc1729e71ba3b8f5b2f37d06089166c677f72b9a7e0dd0,h102,2,results/raw_reference/dea4a3ee456ef86c93cd87b5d0c1d7cda6b810dae16d70106ea3171184b1404f.json.gz,True,False,220.6266416659928,,archival environment/concurrency not proven comparable or incomplete execution
cd02baf7a8b35f0ccec376dc332292dce119fd4e19a8f201f7baee1eeea0caf1,h102,0,results/raw_reference/d9d66523f9504e503e49a528e4da8e3ff1a69427f0c93f5c29a77836f2a75e2b.json.gz,True,False,205.7907043750165,,archival environment/concurrency not proven comparable or incomplete execution
a3051e6e53cc5cc5e75230bb79fc72c4144fce53cc777abfd744d5f83aac912f,h102,-1,results/raw_reference/82df530b6013e67e49026ddcbd7f34060203802d0ce1af4385372bdff0e92b04.json.gz,True,False,186.8145708750235,,archival environment/concurrency not proven comparable or incomplete execution
05a09b0b233f1071985c0fbd82de3223833940f95911dd7e0e7d6b9a9fea66ff,h102,1,results/raw_reference/a2ba20f0a6ddfee9504d3451422250b42dd00414c8f6b885f3a5d4a65105e380.json.gz,True,False,191.73569674999453,,archival environment/concurrency not proven comparable or incomplete execution
b8f0038026c93b66852bc145e4c4846cb98ebecc0ee5ca5bc0dd988c82bccb80,h102,-2,results/raw_reference/bbb133600c904e2b3e404cb4119b73e9c123e8c3618cb4f16751588969bea913.json.gz,True,False,201.51170570898103,,archival environment/concurrency not proven comparable or incomplete execution
0c8e3b4e3993d9aa871b81d8df2e654f53564b58cdccee3dd5a46a8c61a077fe,h102,2,results/raw_reference/c5f8f2c88f4e617cc8023c9d885d95def88a5d18b59598460adaf1e9648a218c.json.gz,True,False,190.27330116694793,,archival environment/concurrency not proven comparable or incomplete execution
8d3c63cb58a282b485fca46774fe6d4cabca4837828b948da49eb3c00c1686a4,h102,0,results/sla_sensitivity/reference/403a3b72f69f2fd7126fed3dd5c90abcd4455d7ef1f871af2d470072dbffc9ae.json.gz,True,False,35.31237240001792,,archival environment/concurrency not proven comparable or incomplete execution
47766517d3ddfebf64c19c350980dd0a5eef91ae24f77f1eeafd424491c81d00,h102,-1,results/sla_sensitivity/reference/a083bf3438a85e92a21d34491385a5b0552c0c9e98b4d37863a7249b22762683.json.gz,True,False,36.23157009994611,,archival environment/concurrency not proven comparable or incomplete execution
7a000e28057ce78b06bad3e3bf6b1aad5f9b19d6827bf612335430d0581a13ab,h102,1,results/sla_sensitivity/reference/92751d74b44d6a64e11e4a05add4e35bb2091959be100607ebc7d6b9d2c251ae.json.gz,True,False,32.5530164000229,,archival environment/concurrency not proven comparable or incomplete execution
868fbaef3e321eee47d0024d9bf121ac4b9641e192c971b7120c959db21cde0e,h102,-2,results/sla_sensitivity/reference/ee4a820fc9981ebcd804db21c6001b8d867d98b84f96afc71a5c6eac8f1e93c5.json.gz,True,False,38.177983000001404,,archival environment/concurrency not proven comparable or incomplete execution
468f8621643b100c74fa7d17624ad0d29fcf0254146256374918924faef49261,h102,2,results/sla_sensitivity/reference/ad1810290fc2b07c4237125d2122907be21abc902f0512af6ce9ee0a8f0d6538.json.gz,True,False,32.93058069999097,,archival environment/concurrency not proven comparable or incomplete execution
b576e33cd9991795e59bca5351fe8285816943acafa866ee069ba6fb39251d48,h102,0,results/sla_sensitivity/reference/5ef24cfb988f607bc56ad1296fea77757a8a3fca2c4379c83a1d3bfb9c733ecc.json.gz,True,False,31.550033100007568,,archival environment/concurrency not proven comparable or incomplete execution
8c1cb525665089b8508c81fd343f6e05f18e3fed5fd4ce9d642eb25805dce794,h102,-1,results/sla_sensitivity/reference/a03e8584ce27eeff3bec19e79311baf25f34aa9f1142f34c102a4d6678e2515c.json.gz,True,False,32.48757029999979,,archival environment/concurrency not proven comparable or incomplete execution
ad9165d5c1a2568f33e3be151aab18c5fee726be35867e49e16539e7bc639e76,h102,1,results/sla_sensitivity/reference/8d28fae5ca00d0df45274b7a84cca3380b2d68347428be151410ca2c94b7be37.json.gz,True,False,30.264971500029787,,archival environment/concurrency not proven comparable or incomplete execution
2a503925ee52ee77e161b5e668dd0947861a58a4312857941fd9937b5384e937,h102,-2,results/sla_sensitivity/reference/713e8e33a588fc2ba6334938bcc0e5ab75a5b6492ecd11fcb2a3a58d904609f7.json.gz,True,False,35.67730779998237,,archival environment/concurrency not proven comparable or incomplete execution
69ca265c270d7ce43a884754eda02fb65b1677195631eba735178bd2cc3dd5b4,h102,2,results/sla_sensitivity/reference/794627d053e03cb954d2d794b9bd5ab67f1acc450800f2073c4b9a3a0a7a8de9.json.gz,True,False,29.806294200010598,,archival environment/concurrency not proven comparable or incomplete execution
50e54eb2b029b9ba74b124060799ecaa6cbc370b218074a52f056cdde6554da9,h102,0,results/sla_sensitivity/reference/2405f043364cdee68f0a45ab4dfbd2a6ec82665ceed0f1bcb1bfbd909a43c325.json.gz,True,False,30.61919489997672,,archival environment/concurrency not proven comparable or incomplete execution
edb5f11960dfe9699394ca5a48fe054581f4be3f15318e3a5e51a4f89c500a46,h102,-1,results/sla_sensitivity/reference/3f97f612d70992cd4f9b51acd888444de674485930524c1c2ebacfa78630039e.json.gz,True,False,31.586056000029203,,archival environment/concurrency not proven comparable or incomplete execution
2228e8f46e18af2428a69ce2ac420c71ac3445a58e611c28cb01b86cd94011c3,h102,1,results/sla_sensitivity/reference/972d6a51f0533b74f3b42dc79601d5faa70a48bb0fbb5ac4cea802275a7be0ef.json.gz,True,False,30.164858100004494,,archival environment/concurrency not proven comparable or incomplete execution
902cf2b8e2faab282a233a40bb4567431867567c9030ecedaee10e4f4ae477cf,h102,-2,results/sla_sensitivity/reference/71fc9c9d7583ce24ac27cb77cae38fdde0a759aab60635255ab79a497dec54cd.json.gz,True,False,40.7711915000109,,archival environment/concurrency not proven comparable or incomplete execution
63ff9b822c495703e14eaf99e40366bd0a60f2a65ae980b1284aab9743aa5066,h102,2,results/sla_sensitivity/reference/59dcbeb112d07e55284c2fcd12e136cd49fef0ccae8f1d711368caeb77dd29aa.json.gz,True,False,29.587884600041434,,archival environment/concurrency not proven comparable or incomplete execution
1ff898dcd3930f29cdc92012a69a6416407f57d79f5a6a94d5bf964394dd5652,h102,0,results/raw_reference/b2813415cb15d9a1a1e5c3f6c61786944de2132004dc9f073731f66f991f6c8a.json.gz,True,False,103.04402333300095,,archival environment/concurrency not proven comparable or incomplete execution
0d1458e9f46d9ffa3f1f95f1fb9d8bbef0ec3a5f7c488df0db6ff3d1e9f4584e,h102,-1,results/raw_reference/f9f1492370fa3c2865fd838dfd803e5e1112e54140a43859a6d61a66cc9ea644.json.gz,True,False,104.98550112498924,,archival environment/concurrency not proven comparable or incomplete execution
45eb895e5494cbe41a2c9113d8c7b0d0a6a5145824dfb7a4d31b4abdd9a9b843,h102,1,results/raw_reference/534cfca3fc3c4df4be8d0c9f94aeecfec303e4e23a41ca15a3dd5a7744f1f02c.json.gz,True,False,100.33439258305589,,archival environment/concurrency not proven comparable or incomplete execution
1ba20a2e98cc9cabde80289f7be7bd53c0286656327b736f4f3d72f0814b27ae,h102,-2,results/raw_reference/6384fc476e67d02ab68e816671c4f1e5d52f57d80fff6ab925a1502fc304dfdd.json.gz,True,False,115.2701612089877,,archival environment/concurrency not proven comparable or incomplete execution
9c663bed8dd8813b3147abe5692f8b0f48bb5195d7890c8c913b43268cedcefd,h102,2,results/raw_reference/7ed5596a54c3cf8c4ead52bfb62e3f94cf97e3134a398e4be31364da65ae4ea4.json.gz,True,False,73.96298604202457,,archival environment/concurrency not proven comparable or incomplete execution
bdfef7c5277fd699230c550821087b368ebbe67c7c4a774adf9650c9a9f6a715,h102,0,results/raw_reference/5d9fe54ca22bed30bbc81bf1b07b54dbc06a8e93eee1b6e16e614c10a1e48f38.json.gz,True,False,22.62302080000518,,archival environment/concurrency not proven comparable or incomplete execution
4b0e75fc2390c687149238c8e47c440129967f8a375cbd857ec80a66439fb27b,h102,-1,results/raw_reference/19848fcfee14b5d67dcbadf108aa9490634cf015d1757f84e3830d68d2ad0cf5.json.gz,True,False,23.678950099973008,,archival environment/concurrency not proven comparable or incomplete execution
bb84283943ce8f42c281e352ba93cc153b9c4b8e53e68eb1d63eeb1601ddb2ad,h102,1,results/raw_reference/69e58f0b8bff3ed6df53f7841580092d7334a2221e9b2a941ad6fb356cd9b17f.json.gz,True,False,24.13599050004268,,archival environment/concurrency not proven comparable or incomplete execution
130c8721dbd09f0d5c61e6c817784499891cfe470f60bf6bbf4f0354319c0438,h102,-2,results/raw_reference/766b4acc7b66c99e9bbdcddcff245055018855961498acef2f5abca57cb18e01.json.gz,True,False,23.267251099983696,,archival environment/concurrency not proven comparable or incomplete execution
927dd9700d11ed10f2ebe89e3099dc20081f19cbe14c3f93e77a63c7fa7569e1,h102,2,results/raw_reference/dafd1f56eacfe2b572dda8107c2be1e099d842b6b78c5160451b640fa5f9d22f.json.gz,True,False,23.105661900015548,,archival environment/concurrency not proven comparable or incomplete execution
c4eee84c9fcc47aff971847c1a2847e390c364c97812796d2c2c8e2619a7044c,h102,0,results/raw_reference/29b7b2956fd26fd17197cd9b5184731d73332777dbcdc8f4ce45f39454eda265.json.gz,True,False,24.192722900013905,,archival environment/concurrency not proven comparable or incomplete execution
22f0de31d3fa37b5d06a551f09c4371b1eb20640729191d3c2e6470ff500882b,h102,-1,results/raw_reference/7e2ff3167155e78a480174f0c59d632543bed27692c6f3ec84c0cad731b4dead.json.gz,True,False,24.659217900014482,,archival environment/concurrency not proven comparable or incomplete execution
5e5b16b93b9b185e7f7509a204a53502fd94e367e95f36abdb62f11c089ab11a,h102,1,results/raw_reference/9beca8afebad495fe427bc77d1778526292cc4d3e0d3428b3c9a56cb0f5892c3.json.gz,True,False,24.708701200026553,,archival environment/concurrency not proven comparable or incomplete execution
f58de871448496645754670455c2ab4d049053d64e41a2ace35936fc8e01067d,h102,-2,results/raw_reference/0163007e413ac4c1a9f88c87124508dfa67b8d96689db74ff72c4e54b4acd77d.json.gz,True,False,24.43856089998735,,archival environment/concurrency not proven comparable or incomplete execution
93a8292995e6c4ecfb0c439d1d1106ed35883e0e72f61faf1765596216f86ca6,h102,2,results/raw_reference/c1d684d0c1171d45b7480da125897bdc6c2aed97672dcd221fc03148135b35e9.json.gz,True,False,24.93634050001856,,archival environment/concurrency not proven comparable or incomplete execution
ec3ad7bfa34c9af004b89eceaa7398660055add5e0cf3d8004ae27748368e512,h102,0,results/raw_reference/b8df619440717a2a4605422127a2e66c9505a4be759c98b96417eef46cac3764.json.gz,True,False,24.23015719995601,,archival environment/concurrency not proven comparable or incomplete execution
8a733318247aa9a91344f8ce092411926b24d33f61c2915c39bd360650fa20ce,h102,-1,results/raw_reference/234ee7806755be0401bd53538c86f3e2ab4ad9aaafc0ce4402d3ef58b55656f0.json.gz,True,False,24.779409800015856,,archival environment/concurrency not proven comparable or incomplete execution
45af4cfe01cf9a0437767540ac3ff6bd8ae32f66ba0ec54728e4ed7dc3a8a35e,h102,1,results/raw_reference/9d5b4f67c5f1cb340d9d98e22bac9f572805252b5dab40a84a15e7c02b7c1039.json.gz,True,False,23.814137000008486,,archival environment/concurrency not proven comparable or incomplete execution
54dd7b369866f782c0c5e4b5df65dfefab0b0bf2d8cdd13f58dc59560652ce37,h102,-2,results/raw_reference/8ed12ca67fe8985b6902cd23b90e55a321c60a1522cf49556e2aa088a58eb2a0.json.gz,True,False,24.619832600001246,,archival environment/concurrency not proven comparable or incomplete execution
2d07529173245b4c1c5508c411646d2c334721b4fa585dd3ce106e1d9e6d77f8,h102,2,results/raw_reference/e734588fe9b49300a3f452a82d188027595cea88a95b6c6e17f7e4bb640326df.json.gz,True,False,24.453053799981717,,archival environment/concurrency not proven comparable or incomplete execution
5a25268d8a0bfc02534a407e48ec34ee428316c2191b2fee14e595ea902e07b1,h102,0,results/raw_reference/e262e93e797fdeb2f46f17b20ac5c86d120701e74a4adcc9e4c47074ad32555c.json.gz,True,False,26.755162700021174,,archival environment/concurrency not proven comparable or incomplete execution
e3de0c76a52cd631afbdd94b409c1372cb8d00024a223adab82d6dc63a83f9e8,h102,-1,results/raw_reference/6327c23c8d0d6a720e6ac177c76c0b045a7c020926af523141e02ee36f884b84.json.gz,True,False,27.604604799998924,,archival environment/concurrency not proven comparable or incomplete execution
47decb9cfde55343190982b4eddb25ab75ba6b159b3c45f767a56d119edef458,h102,1,results/raw_reference/c5e093f6b242fc9223b91594d2fbd958bb751640d77fb68499b59337844132e8.json.gz,True,False,30.42716580000706,,archival environment/concurrency not proven comparable or incomplete execution
39adbf94ddc8f00a0703e7e58af5a4f71dd7c6cb26a1a7350720a721082c7248,h102,-2,results/raw_reference/9631d7c6c90ca2630bd0e03947787417b08d84e9d3cb5df42132e33527166158.json.gz,True,False,27.61020950000966,,archival environment/concurrency not proven comparable or incomplete execution
33ec5b54f4c92e8bcdf599ebf2b88a093106eb307ac24f9a62a78cb647dd8b70,h102,2,results/raw_reference/b9fb83f86671b71eafc94256951d90d76699ab87b4e7b1adcacb8a99d47674b2.json.gz,True,False,26.89403600001242,,archival environment/concurrency not proven comparable or incomplete execution
00c355cecf1f54463aad4e28edb1cfbf07e343256d24678decf5052c92e88532,h102,0,results/raw_reference/e19cb506d74eea688710cf80269917e6b07bb678323107c471fbffad839eef1d.json.gz,True,False,24.23488659999566,,archival environment/concurrency not proven comparable or incomplete execution
6e53a563ba93d15ee201240ee347a8eb3a142ff9c97b21dc039639d2e475fad4,h102,-1,results/raw_reference/3c3c2b80ae10a24feb34ff27d2328fc567c59eb74294bc100faf2867a5a312cf.json.gz,True,False,25.225635900045745,,archival environment/concurrency not proven comparable or incomplete execution
30df79a62049c721bcb0fc3058ef0ba79e1aaab841707c2c8f46b8cdc357d939,h102,1,results/raw_reference/91b56a9950155992a8f61f7b4ff5560bd23d00d869427ecc77cd5dd1e6737923.json.gz,True,False,24.472846800053958,,archival environment/concurrency not proven comparable or incomplete execution
3171d3b27371ab1ae79fb9499638483e863a04ddf4207dfcc3edf7d912dea8c5,h102,-2,results/raw_reference/bd9cc98062502911d474f37a49abe690121b2889cf97becd5c78eae0db554626.json.gz,True,False,24.804201200022362,,archival environment/concurrency not proven comparable or incomplete execution
daa69281d5e36f60b3386addca3b57441583ddad663d2bd8f1c785de81aefae7,h102,2,results/raw_reference/279c6e4d7b49408eaa9f430b572552e80fe3564dc3682c94ba0cb83238e69a96.json.gz,True,False,24.9294103999855,,archival environment/concurrency not proven comparable or incomplete execution
820649062ce8656eb7c405f086a89a423320abfd88e925d428fbabc3f8e59cd7,h102,0,results/raw_reference/7c3469bc55ed79f344585f2528920f251d89157020a36fd728913f1047afe4cc.json.gz,True,False,24.002534800034482,,archival environment/concurrency not proven comparable or incomplete execution
818fd02641880103fdd27b7733dd4acec029b37600d68cfc0a416fb6a3a4fb7f,h102,-1,results/raw_reference/6d9beb4a9ccea1acd157e38b39605361962694339b7d0efa944f50fc9e3dc23b.json.gz,True,False,24.926783200004138,,archival environment/concurrency not proven comparable or incomplete execution
63dc7e7fd79612cda9bfe77af4a216c49f0f1bc0afa48e17a8273d486c16565d,h102,1,results/raw_reference/2dcb660fb17b9b3bccf186c7e583b78b8edf2f1ea0f68b7583469ae7b636dbb6.json.gz,True,False,24.89349340001354,,archival environment/concurrency not proven comparable or incomplete execution
f7946a91ecf11ef9efd199e3b1c55107c6b3a2db94e131f5c3436d8465b81554,h102,-2,results/raw_reference/f4d91eb48e620c648a03461dd0b7956040208fa9f29fd8fa6bb5f02876861e67.json.gz,True,False,24.885852400038857,,archival environment/concurrency not proven comparable or incomplete execution
18c916adf95dedee01d8c722b38a0674934ee6163e829181ee0db5932471ab5c,h102,2,results/raw_reference/f838fb5bed1c0a1875c1ad0f43c281490b11cfbb050d128ea943ff2b0280cdc7.json.gz,True,False,25.226081900007557,,archival environment/concurrency not proven comparable or incomplete execution
ca72cc212e42c4efeb1c1d6eab9b8675f9b069b5695beae8d1d4f4e38b0edaba,h102,0,results/raw_reference/39cbd56e13056ea7c275e0e9fd722d7f6669e260920fde2bfa21fff55a3c9bb5.json.gz,True,False,27.9313625000068,,archival environment/concurrency not proven comparable or incomplete execution
e8f012c036f7f644beaaf40d70756fd996a719905e93bbb1229dfe7a34f0f6e5,h102,-1,results/raw_reference/bc5145d59211d373ac4769881ecda7493115ab19e087a4b19c7ddffd9b18e495.json.gz,True,False,27.988350500003435,,archival environment/concurrency not proven comparable or incomplete execution
3d321a70f0850941454c81e8c5a01484f2a4d41e1cb0cd63b2b5fff1fbb97286,h102,1,results/raw_reference/5af0720cf27fe189e9e7d76f019a0c8ca72e92a32abe6ee16a05cbce58021094.json.gz,True,False,27.74207330000354,,archival environment/concurrency not proven comparable or incomplete execution
d502a3812de5f186ee3876cd3887ea2c71fa77a884017f689ad26485a1ece9d3,h102,-2,results/raw_reference/1fc2d05a97641793f51dbbee139db428f633bd44dd6205c09a196e97ed6874bc.json.gz,True,False,27.540039699990302,,archival environment/concurrency not proven comparable or incomplete execution
2ff5b6d1b3e6e486b80d23ca95950323cff520b61f34596427f6eb4fc4798f5f,h102,2,results/raw_reference/6903aab6be0e609995f47521c82b81f59ea85e68138462faab25313fb3ae89f5.json.gz,True,False,28.283936199964955,,archival environment/concurrency not proven comparable or incomplete execution
b71a1d4aaac5e84d5042f45dda564088a9c72e81044059d7ee3b9bfe2eaae5f3,h102,0,results/sla_sensitivity/reference/a0cd47df454f7067bedb689e3407e4cb563648bef0f2170cee3b8ccea0d198e6.json.gz,True,False,25.464547700015828,,archival environment/concurrency not proven comparable or incomplete execution
d1019d5d9b30b8cae22927f61f8fe8264c38ffcc448cb4994e594972fbe991d2,h102,-1,results/sla_sensitivity/reference/fdad068d45463ef007d651dcd5d6f8c0a897cc45aa212989f4f0ee103d72b349.json.gz,True,False,25.840843399986625,,archival environment/concurrency not proven comparable or incomplete execution
517b9b8f028b185a78604222a93bcc9fe984bac89c0b04bfe92d72fcf7646a94,h102,1,results/sla_sensitivity/reference/d4552d4033047752a48840d89971474ff141bf5f34066330fbc0ad41a8235211.json.gz,True,False,26.618030300014652,,archival environment/concurrency not proven comparable or incomplete execution
db53e0dd70e12486a1a180ebf6733fccf91d688d42fcb500175b34d50ed37401,h102,-2,results/sla_sensitivity/reference/7ce615ba28a2960d5133e2b186dba5c5ddc7272557b3db60fcbe21e9c62f1df4.json.gz,True,False,25.6894847000367,,archival environment/concurrency not proven comparable or incomplete execution
da273e17e741e3495391fe796b23883260384284f6dd6e4fd3e39481aabfaf12,h102,2,results/sla_sensitivity/reference/283663c7c135ff970408a2ebf09214ef48bf84d6e30526c19e0026012da3ca83.json.gz,True,False,25.919603799993638,,archival environment/concurrency not proven comparable or incomplete execution
e12771a2d6f5723d1f85fa63afb0eb7be4770b1b7161066c89ffbb8552a6c5b5,h102,0,results/raw_reference/089a631bbcd1dc1c7bec1df7d1eb80fa0a98a2e6d94a601e2fcd0cf6b875b773.json.gz,True,False,25.043378399976064,,archival environment/concurrency not proven comparable or incomplete execution
1c0a162ab531c569a43653fad83e68a9fa9d6af9aa77028c1213e2aea0831d85,h102,-1,results/raw_reference/185c4043f20ebb34a0aa492ad4c3a1a349e083e55857ce126cedee555df1afc9.json.gz,True,False,24.81821639998816,,archival environment/concurrency not proven comparable or incomplete execution
ea3b6ca7182348851d5826fc548826012a37dd86437d46290e2505a225c243e2,h102,1,results/raw_reference/6cb973f8c608ba815c314d17f47873ebfa7ade910f8d90ecebc6fdeb4141e08f.json.gz,True,False,24.223168900003657,,archival environment/concurrency not proven comparable or incomplete execution
47c646a1540322ecd492a95424924fcc9733d0be9fce9523d5fc457eea5b7316,h102,-2,results/raw_reference/bec2bcc213328773f6c3da29306cd0b7efd1c0a64e0a6db24a790de63798bae2.json.gz,True,False,24.248327299952507,,archival environment/concurrency not proven comparable or incomplete execution
2846dd8820d2387f9111c5e504ee64c415608952bb3debb4e3dd63982b3445a8,h102,2,results/raw_reference/fb156ee5a287b7e7a8d8d652834b0dcfff0c30254b0d18c7011d363f2e620c9d.json.gz,True,False,24.66666729998542,,archival environment/concurrency not proven comparable or incomplete execution
d071e856e9e4671d31373d1aecc904118165e5a171413b791eeed4e0f8786e5c,h102,0,results/raw_reference/0b620eb642642ebcb2a9a859d17fb66d27441cd9804990ee794a43512ee9ba02.json.gz,True,False,25.420102800009772,,archival environment/concurrency not proven comparable or incomplete execution
2583f21b83ffba1fa63bd7c5abaef19a54ed84a9de7b27ada9e1e83bf4604f41,h102,-1,results/raw_reference/c7513fcdf4233f555cb0a50cd3216f68ed05a5a319d011f9ec7768dd9c8c8474.json.gz,True,False,25.625204199983273,,archival environment/concurrency not proven comparable or incomplete execution
65d729baf5b49774978c0efa96d09fe7e7b83cd708dd9d513796ac38e06d9277,h102,1,results/raw_reference/9c2267e50a12678ce3e435afceb4848d70c167817e0720df5e621c0c2286c3de.json.gz,True,False,24.945548499992583,,archival environment/concurrency not proven comparable or incomplete execution
aa3bb246ebfa328d5ad07e38d899ba436378c7d666d83d4f4bc2a812d669be5e,h102,-2,results/raw_reference/379f0561372d2d3cacdce0feca0686dba63e21bd05010b66019b5272848a7504.json.gz,True,False,24.2756504000281,,archival environment/concurrency not proven comparable or incomplete execution
d44a9afe20618f4e276c4123e37ce26038d87773381932327a766a806236de42,h102,2,results/raw_reference/e903f1d361891c510eae39501cf8de06fe090698318e1fdcfae7da460f449bb7.json.gz,True,False,23.788650900009088,,archival environment/concurrency not proven comparable or incomplete execution
b95b732d009f0ae2d72291776fc47d6526220b5020fb1a2cefcddaa67f82cd33,h102,0,results/raw_reference/ec8ba077ffbc2dbe4fddda98f93a608eb70b7fc9e65c787b9b5dcaa25001787d.json.gz,True,False,24.1800681000459,,archival environment/concurrency not proven comparable or incomplete execution
b30470d6a5d2dd023aba952fe36ffd2079a20473e478f93d1a62decf5daa08e4,h102,-1,results/raw_reference/845309ffb78d22e6988e2a408028c3d0d8af4cf2832105d0b4fa8a17c4071f53.json.gz,True,False,25.332705900014844,,archival environment/concurrency not proven comparable or incomplete execution
0c80363853fa81590f3f8116aa5f55c67fe1cb356cd7543a537c308579436e80,h102,1,results/raw_reference/e9368419f4e043cbd951f815e6939b9b6ba51a9363a49a2a03e53ac460b96bf2.json.gz,True,False,24.78054659999907,,archival environment/concurrency not proven comparable or incomplete execution
af1de2779e5614d6ec8a369a00fcc349170a0695484a11142250601b3d5a7696,h102,-2,results/raw_reference/adeb3031bfb9e4c58a6f0b26e136ef3c77308737102ead2015ce6923136f1862.json.gz,True,False,26.98982989997603,,archival environment/concurrency not proven comparable or incomplete execution
19a3c6b8e4befccd87fdad8d30b2a20bc5828ad83a38bbf858b4fcbf4160e12f,h102,2,results/raw_reference/2b5146008053b6173836ea269d165b995b52485641bb07e6b14c02ef7ad813cd.json.gz,True,False,24.379795800021384,,archival environment/concurrency not proven comparable or incomplete execution
c1784f371673cd8f8433d69492cfffa2ec63cb60b3d6e142d1f3fc49fc198095,h102,0,results/raw_reference/b8012fa212a2ae47bb162c7b838b0511123436af4a161fbc67166e95d41d2d89.json.gz,True,False,22.360005100024864,,archival environment/concurrency not proven comparable or incomplete execution
4cb0dbf214be1cc1c38dc534bb925925657780bc30c3b44d3bb99f6c8690751f,h102,-1,results/raw_reference/e1c372e33739134022856bbf6d38f5784b09ead17718809345c859e6dcd92044.json.gz,True,False,24.125576700025704,,archival environment/concurrency not proven comparable or incomplete execution
309aae58aee76265f7203f9089bebe270f012577847aa728ab45683dc5dcffb8,h102,1,results/raw_reference/18063ecf8834ba2dd341c5982b3e7fb454ec5c4ddaec4b02c19a7d08b52c43e8.json.gz,True,False,23.290101399994455,,archival environment/concurrency not proven comparable or incomplete execution
f9645829c190c62c75e683e7bcafdde5c1169201526e1b6da440e411caff5254,h102,-2,results/raw_reference/f399fb2df60b56f98503e56364dc56d0e9349f04f742507ba0d3fc83bdb9f736.json.gz,True,False,26.621799299959093,,archival environment/concurrency not proven comparable or incomplete execution
2599739f60dccf03d24767de3d1d52e3fe35023afec8e551d4d7f2514c9d3c26,h102,2,results/raw_reference/4abdad6d8efc1cc6105d5de65ac5212eb3010573a8a882c01a95aeb3e4de5e34.json.gz,True,False,22.562319899967406,,archival environment/concurrency not proven comparable or incomplete execution
d356c213ffb3af13d86d1a847bf69a2a8c31355da9c7c6ff3785cf684144d005,h102,0,results/raw_reference/1787f85c66ed5b9c4114de291746f49057db6e59ee7be9a5a4f05b85dcd840ce.json.gz,True,False,22.39998889999697,,archival environment/concurrency not proven comparable or incomplete execution
e46dd6af681ebd67f9ec58f27d499a8630580adc1c81f3cd4d3be8dcac213208,h102,-1,results/raw_reference/07784fbb8ecbaf29cff7fd8c35a9737748dea126a825ae405337500dfc94d8b8.json.gz,True,False,24.6794861999806,,archival environment/concurrency not proven comparable or incomplete execution
8b503989ffef20ec669fe7ea702cea52addfc44597d2eb9e7716fee505ddbe9f,h102,1,results/raw_reference/41262fe1aecf85a4c1937e577c49a6016a2b2645ddee2146013ca7c9c10bc238.json.gz,True,False,22.636205699993297,,archival environment/concurrency not proven comparable or incomplete execution
62e1ae8d4ca148298310f0af686eabb3465e02fed02f272c1dc1cfde7dd52b85,h102,-2,results/raw_reference/2f7111f167da2cfa01c50b87501d7bb168df4ae5acedab2f94aa02faa4454789.json.gz,True,False,24.977270400035195,,archival environment/concurrency not proven comparable or incomplete execution
4d05feddb5e8c46a7a202070e7143ac7c9cec678aa95dc6f2dda599f547d5efc,h102,2,results/raw_reference/14ce1c83916c1d0ad7f98e6c9f9a688f752928d5b8361262ac58299af805b7b4.json.gz,True,False,22.736973199993372,,archival environment/concurrency not proven comparable or incomplete execution
4657f6cf4c23de0d84b944e9c46916d26a16f6944e8453e416a2a28a68f1864d,h102,0,results/raw_reference/c229d04ebbb9af9de1c5799ad5523340d84fc9532d6f4168254d50c8700c6e40.json.gz,True,False,28.308168500021566,,archival environment/concurrency not proven comparable or incomplete execution
8f1e09b8108220794b2171545a07c5186c874c72ef653c78b1b759d9e94cf0ab,h102,-1,results/raw_reference/672f1673800d1d40a82cd39cd83d7a8c6f76ff3365f8b23c44acadb3169fa4d3.json.gz,True,False,29.41429089999292,,archival environment/concurrency not proven comparable or incomplete execution
5bf0d6db2aca6b32ddffea7b7502f8faad398b1d7b9d613cf2b679b2e0711517,h102,1,results/raw_reference/bb59aa2cb306e7f9654bab574657498ed241eced4c195a1f92af68e2ee2898e3.json.gz,True,False,28.2234252000344,,archival environment/concurrency not proven comparable or incomplete execution
59a542d71024af1d4878098c8f4f910bcf7714df0df07e838754428d2585953c,h102,-2,results/raw_reference/3d34a76355b06b3e1ccdcfca7989fcd5fb6eb72856c7e886243be9b3e333fe39.json.gz,True,False,28.30304170004092,,archival environment/concurrency not proven comparable or incomplete execution
9a60a4cf08e98cce3cd0217e4f22efc37dba522492b056c0aa0a44cbe418930b,h102,2,results/raw_reference/99f28af51d7349f7363b6a14fd39ef6601c8410cf18c6d07e7c7d48e33140e55.json.gz,True,False,28.51598510000622,,archival environment/concurrency not proven comparable or incomplete execution
5cd2d3afb6ab378bf171855b1f26a243d660a49d4f22b768e4d017dbde09c569,h102,0,results/raw_reference/4784c7d8041df5c3072a1fcc9441db203f910b420c8590a351ed24c2c3f488ee.json.gz,True,False,22.62646020000102,,archival environment/concurrency not proven comparable or incomplete execution
0622366fe3d238f9700e458be79a24a797c5e5113a420678b38e7ad23e14fdae,h102,-1,results/raw_reference/0c8dad2cc031b7e9c3cb09324e4ae24e2861f2ee521511e542b06891ec945d37.json.gz,True,False,23.62934410001617,,archival environment/concurrency not proven comparable or incomplete execution
10558e8f8538dbe69fe3b25bcd2d5612db4f13a2352485a4655a511859efb949,h102,1,results/raw_reference/3774da6fded018fa088fb2b1a925027d892c4f717faba0d30a9711d7052b8424.json.gz,True,False,22.363310399989132,,archival environment/concurrency not proven comparable or incomplete execution
413886e4c518348a43480a26b581b4b843e5e0d58b26630f9e25263c68f54ea1,h102,-2,results/raw_reference/25e1adeef61ea8de1a399f950a056bb753e2f5d033952e1c7e5b7a0c420e2563.json.gz,True,False,23.689054600021336,,archival environment/concurrency not proven comparable or incomplete execution
477291d6f0fca1a73eb550f007e5a72ffe71594e4c3390716831f3497a8725cb,h102,2,results/raw_reference/8fd905daacbaebc96ef22a849c27aacfd50a45e3fc1c0a6e1edfc24871f48861.json.gz,True,False,22.660857999988366,,archival environment/concurrency not proven comparable or incomplete execution
430f5893156b2087afceb744512951b06a08d7a507c3bff9ca7ac03fdb77b190,h102,0,results/raw_reference/1b9dd116fa986dbf19c5534bf5765b77af29246a3bfa614c158282843b138ab2.json.gz,True,False,45.735779500042554,,archival environment/concurrency not proven comparable or incomplete execution
f83d325cfebb09bf380283fd3abf4ca753b73fb604b185cf5215de1f55cf4e8b,h102,-1,results/raw_reference/86df4621b027ece3d770106d2c86dc639119cc77ca0422a9022433277e6e6bce.json.gz,True,False,49.005922959011514,,archival environment/concurrency not proven comparable or incomplete execution
63eef446785ef7b1079df6f7bc6d234bd53ad9e3d655a0b93c0c249f2d233c86,h102,1,results/raw_reference/999a6aa3a341ac56a746a4e10a7e87cc6939db099076444e36f009128baf908c.json.gz,True,False,41.68748845800292,,archival environment/concurrency not proven comparable or incomplete execution
d40af59b4b6fb5725d0e90cec88af29f4b01c818fa3868bb315fa035070a6af1,h102,-2,results/raw_reference/f1280a5aa665bfc86a14914d714c3effc4003b44b8272aa4acefce1ee776f56c.json.gz,True,False,53.73259645898361,,archival environment/concurrency not proven comparable or incomplete execution
40ad95d314efe27c2a1c0791547a0d2b5029439d2605d3b66798c4354457356e,h102,2,results/raw_reference/b57497817e06a6623ab3026d961cf9fe082d121875bbe68cc265d4e78d6cfa31.json.gz,True,False,41.11870449996786,,archival environment/concurrency not proven comparable or incomplete execution
88ef2924189419e6ac805c7be87166876c4760a6139d2b1d88b8a11d328df9b6,h102,0,results/sla_sensitivity/reference/44fdf02f3604ea82cd3f26f0e765ea15ccc83b971950b980f26a2867fc45a047.json.gz,True,False,25.09753200004343,,archival environment/concurrency not proven comparable or incomplete execution
6ff31442fadf4e3aa17ca98d06654df8dc04299d6ee304ac9f57251bf7000ea5,h102,-1,results/sla_sensitivity/reference/5b90056bfa83c0e073b8d6dcddc18f44cfd57aa14dca4f57388523fc378b2038.json.gz,True,False,26.354739400034305,,archival environment/concurrency not proven comparable or incomplete execution
b456d123da7ddab6d7d8ebbcd436799ac96c79dee84c201123e60c64cfff3068,h102,1,results/sla_sensitivity/reference/f08f8dd216d0032c446f6d1af3ff81f8ae9313715c490c5902dd6ac73d8cfc12.json.gz,True,False,25.35522620001575,,archival environment/concurrency not proven comparable or incomplete execution
e06ad4d78272517aa1936ecd338fde0c756c0610b7a79abf1aa45f293a1cfe4e,h102,-2,results/sla_sensitivity/reference/ebcbe006d23842aec53d48bfac9791385a6290b6aa1b4b6d0f4ca76629803fdb.json.gz,True,False,26.073355600005016,,archival environment/concurrency not proven comparable or incomplete execution
5e367c77a45420d2b01a9416927353bbf60bea60d0d796ea377ca97aac23c7dd,h102,2,results/sla_sensitivity/reference/da9dc2ee8e0ced6d2f11adb94bf0bb2741429db6e96de2a48a77daf5a06c8771.json.gz,True,False,25.271807099983562,,archival environment/concurrency not proven comparable or incomplete execution
f8a0b4a485cdda0c890c565765be4083ac90df331313fa696d20fde418fe3dcb,h102,0,results/sla_sensitivity/reference/19b5153ce8454a2a97e49b8c525d73b34a17f2ef6ba26a7834f2932c5ae28068.json.gz,True,False,25.449099899968132,,archival environment/concurrency not proven comparable or incomplete execution
0009f50f7ba4fbf1ffd14eb3aab8d7d04ab7d7062bc6d7f33905b0052dfa685b,h102,-1,results/sla_sensitivity/reference/cc70fa9905a245050afcc1b2a4013aaec23b4baa47eb2fc01d4e7cc0f6a0f9c4.json.gz,True,False,26.086372799996752,,archival environment/concurrency not proven comparable or incomplete execution
87fceda198b12b8cd378f11de91fb0669b1b3a8f1d8f78f9337f1442e623a258,h102,1,results/sla_sensitivity/reference/55b1a581cfea1b4146f78567090fb93afc5523c4710ab29691cca77e453af3d1.json.gz,True,False,26.524146800045855,,archival environment/concurrency not proven comparable or incomplete execution
4e835769b477e317525677d485d007880f4b0f9ce3ad592936166c81f13ee430,h102,-2,results/sla_sensitivity/reference/9f0a8f3028ca56dbe736bfc1c13bb7f476f3144214f2fe7de61c52b51023f788.json.gz,True,False,26.601391100033652,,archival environment/concurrency not proven comparable or incomplete execution
f6cd8aa5ead484a2c72e710152ca5decabb7783af921948cc7f1ff6525d4a274,h102,2,results/sla_sensitivity/reference/3665ab9fa74b9f4274c047a59db1d0714ec96f69db164a9e9ada19db0b51f5d7.json.gz,True,False,25.893980099994224,,archival environment/concurrency not proven comparable or incomplete execution
ffe1f0c923b87a1c13a14f6df2d3a448affa0103acb19831a48adcd1d942985c,h102,0,results/sla_sensitivity/reference/c9a3596341c6e9cf6e451e63d45ffe4ebfed1cb10d30490facd6cbcce0bf4a65.json.gz,True,False,24.6958671999746,,archival environment/concurrency not proven comparable or incomplete execution
b18f0dbf75e1b0816cb2103484538b3e4c82e6d67116bc2bd4211fd9e8575ca9,h102,-1,results/sla_sensitivity/reference/13e2bb7e3add0192114c82bc0f5b91da2ebbd6457739658ef6b9174823428081.json.gz,True,False,25.514215099974535,,archival environment/concurrency not proven comparable or incomplete execution
59c4675ca7d6b19b750cb39e61d8d76d32f393fd8f3fee8ac1b6478ac979b3f5,h102,1,results/sla_sensitivity/reference/f3d3726b0123a55e32abe302bfb5a2277b67ff588bcce65e3ddfa4adcc8f0195.json.gz,True,False,25.275218399998266,,archival environment/concurrency not proven comparable or incomplete execution
2ca9954f1bcc26273d5b648a62fcc70259cfb9a3dda7e781641c80e519e8b803,h102,-2,results/sla_sensitivity/reference/e5c0cdc87606fcff0c4fc9a2249eb44acb0ea8d4723807dee758f2082bc903b9.json.gz,True,False,25.211873900028877,,archival environment/concurrency not proven comparable or incomplete execution
20017b697033d0c12497d0332f54bf283139d38ccb6f828e5e4eee1ca5ba9407,h102,2,results/sla_sensitivity/reference/def7cf8f82f674e1641db5c6d8104619d6b0bbab1db3c9e1a764f12b4de83dc3.json.gz,True,False,24.98356820002664,,archival environment/concurrency not proven comparable or incomplete execution
dbdfe904588a1a7e8667f80444bc825bddb28a8fb27d1b61bd83c7bc2d1503fc,h102,0,results/raw_reference/8852a4271a364738dc2f8ec530fb5941a4447c771b67fb7af7ddaca519cafda7.json.gz,True,False,22.518509900022764,,archival environment/concurrency not proven comparable or incomplete execution
9623ef6db148ec6217565547e4326bef10b56f7a21cbdc66bc02e63f873bb415,h102,-1,results/raw_reference/b2d9f27c8c3ffb4c24545a85d930134ce58b463752b927f3c84a7a5487b20aa2.json.gz,True,False,23.4113213000237,,archival environment/concurrency not proven comparable or incomplete execution
a753837095017837f25cca744707fc8b293104ddbbb37b130c453e44a0a3361c,h102,1,results/raw_reference/fcbd184304f61652da934ac23b537ea34a85c391d0f7fc06e11dc799d277546b.json.gz,True,False,23.455350600008387,,archival environment/concurrency not proven comparable or incomplete execution
04a08475c77a7a19fd9555c5ef4c3e7b7aaa9b708a412ec0a09abd5a619e822c,h102,-2,results/raw_reference/248d94f9b5b612f16ac8fe1f9d077a53700e1c774cc4bf4f6ece1aac37c7dde7.json.gz,True,False,23.093101500009652,,archival environment/concurrency not proven comparable or incomplete execution
58a7813924b72dff2b7da21623fd9635638ddd5e00e16c1bba1180f8e185bccb,h102,2,results/raw_reference/83e95cf12c24e5f399a3fe08a19610b1bfceef7fbab464613e106e7a802e820a.json.gz,True,False,23.529282499977853,,archival environment/concurrency not proven comparable or incomplete execution
b0cccc5c9e397b6466364733f88c84c66193514aadfef25601ba0c8efbad20c6,h102,0,results/sla_sensitivity/reference/2e1d3b467739b499c18669388a46bbdf138105b51e4d3b0155045578c22bc0fb.json.gz,True,False,25.482962999958545,,archival environment/concurrency not proven comparable or incomplete execution
92bd7db1fe3c2c6093042838a94e3ee16319eeacf939614057faed0b5b6e5098,h102,-1,results/sla_sensitivity/reference/a3411264a2e0e59478fcc7f586b051bad6a954294cdfd8ea681cf5a9fda36373.json.gz,True,False,26.799334199982695,,archival environment/concurrency not proven comparable or incomplete execution
0323280e226bb06c2fe936badfd1894a7911445193f326a23b0ae234dddd4714,h102,1,results/sla_sensitivity/reference/8352ce038abd709e52073fe9f0d511f18ffceaf9f0dacaab79c09bd60a9732de.json.gz,True,False,28.860416599956807,,archival environment/concurrency not proven comparable or incomplete execution
6e6fa5bda1cbbb515db95605163f5dccd28bb8f6426d40a2c538befc17437384,h102,-2,results/sla_sensitivity/reference/175c83c75e6a9a1cb6dcb8fbc1b17ea63f0d34a6bcead4a3477bf567c2d9877d.json.gz,True,False,26.886319599987473,,archival environment/concurrency not proven comparable or incomplete execution
286c4ec97ed82449bc618e40f74078d9c701c0b06f3e4db93389b897dec9127f,h102,2,results/sla_sensitivity/reference/a41ebb4fd78293a74c66fa6a95bafc090a9d8708c20bc32f20e5b4103f3784fa.json.gz,True,False,26.635784800047986,,archival environment/concurrency not proven comparable or incomplete execution
ad28855051a34bbb331b405914e2fcc3a370e05da4affb2c3bc5f21e4d6f7694,h102,0,results/sla_sensitivity/reference/38f42ca5898625fff4968362b277a99438469505f8b320da6e107b6c84394a19.json.gz,True,False,25.69979240000248,,archival environment/concurrency not proven comparable or incomplete execution
d88877903f6411552e6abdd0ade9bd4627c0ae27e943c39248d311e546d6b634,h102,-1,results/sla_sensitivity/reference/6d616d5c23b6e6cd6b7bd0a8b5e16e3e21884385fa61c0c1509cd16bc2b343d3.json.gz,True,False,27.152883600036148,,archival environment/concurrency not proven comparable or incomplete execution
241ea62ba5a7ae33bbbbbcf7130c4c2d7c2ddc564ec0a8ab2e3b2118c3abafb5,h102,1,results/sla_sensitivity/reference/e65dc23353fc65e11585b17298eefc8bdc607af8f99fc47b5279327263ca29cd.json.gz,True,False,26.701174499990884,,archival environment/concurrency not proven comparable or incomplete execution
d7904fd00d592fb44e333b37c85753945b6b07e13632e2bc9b3027957278af92,h102,-2,results/sla_sensitivity/reference/b68a277cfae7c89bab9009abe5ec175378a2f96d8ba47707440f08c1cbd94a4d.json.gz,True,False,26.91910800000187,,archival environment/concurrency not proven comparable or incomplete execution
56b146f472bdeafd8d74f789cf1d7d4d1b22054da50fa6f534b258495bb323c5,h102,2,results/sla_sensitivity/reference/7cdd9ab04a2d566616a582d8c06a92e8ff69836dade46ccb8bb875e20d93e4ae.json.gz,True,False,26.258717800024897,,archival environment/concurrency not proven comparable or incomplete execution
f6fd652410ff6bc5b6d5817e93a8bd4173a36ce9e06d7de4e87cbd43a9b43fba,h102,0,results/sla_sensitivity/reference/0c4b91de842239cb59d74ef9077762acc617120c5c5d619c155cfd13f7b2a6f0.json.gz,True,False,26.446702699991874,,archival environment/concurrency not proven comparable or incomplete execution
9011d678d20e7fa30a0946ee2405ca864aea8a10d3e9b9771cbc92fc1ab9285d,h102,-1,results/sla_sensitivity/reference/5b3fda7a75a9bd4d745c28d8495ffb911113dd500833fc97feaeac8f751bd4ea.json.gz,True,False,26.19492470001569,,archival environment/concurrency not proven comparable or incomplete execution
959729b3cbd326e508b7b33006bb11f8f2aae492ae31debb504825667390d563,h102,1,results/sla_sensitivity/reference/d354c5cefa964e655d2192e5b234886860e2f6270e6c8cc52d6ac852cc555b5e.json.gz,True,False,26.87112090003211,,archival environment/concurrency not proven comparable or incomplete execution
6d624d7594083ff688b57c19200bed6d4813333b8f50411b6873cc8d33d0da1e,h102,-2,results/sla_sensitivity/reference/38823846f30c43471cffdfc854b790a0285ad049409bfab99fb9399058f8b2e8.json.gz,True,False,25.919318399974145,,archival environment/concurrency not proven comparable or incomplete execution
bdb28df275d02c9e673063d15b4f55413e5561a44b36ff4e093790a9c64986e4,h102,2,results/sla_sensitivity/reference/daf4c32b145329bca0d11915b480e837aba3acfd62cbe6e485e670a486906fe0.json.gz,True,False,25.480498299992178,,archival environment/concurrency not proven comparable or incomplete execution
c53ff76acf79faedbc84d9101f4aae860ec8499c93a3f12ae2f9d3078062a9c6,h102,0,results/sla_sensitivity/reference/0aeec0163e3739ebb5a3068108a77c2424f3adae98ccea804a1b89003a012525.json.gz,True,False,25.250925500004087,,archival environment/concurrency not proven comparable or incomplete execution
b61d40e5d8623358bf59181de56610eab2d5995d3420990cf6877f60012be6b8,h102,-1,results/sla_sensitivity/reference/e0fba63f104368c0b1d35bda8535dadfd935065425703bf7ad16bf6e6ea12dd2.json.gz,True,False,26.76614600000903,,archival environment/concurrency not proven comparable or incomplete execution
2980e4054abd020da3e839a6392ff61887c0fab79a51d769e9818f3d173cbb60,h102,1,results/sla_sensitivity/reference/68562b48c67b08eee67867c05dc0c8c58721e46b228901489611ad87cb7e41e6.json.gz,True,False,26.776685099990573,,archival environment/concurrency not proven comparable or incomplete execution
f692e4cf4c3c4de7f316b2a23327070a28427b12c4b4a20881cd69ad4f1e43e2,h102,-2,results/sla_sensitivity/reference/7678a70b99c710adfbfc9eb3bcca07ad11349ee814db71ed595ca0b476a43cfa.json.gz,True,False,26.53040550003061,,archival environment/concurrency not proven comparable or incomplete execution
d47289a5eee523bd9c2e67bcaa2f2951dcb7492c545231bf33c16ab119999324,h102,2,results/sla_sensitivity/reference/6d43bddd6fb833e3d749dbed6bb79975a5107d448653f0f88b9aa9b8d549c9a9.json.gz,True,False,25.76777440001024,,archival environment/concurrency not proven comparable or incomplete execution
43cc5192da5584ee1421a92f1d40e4004b86317eb9b0acf68bac36ebf2739503,h102,0,results/sla_sensitivity/reference/1f7d456c6684fdd52395b32a4d56fd4e6b0c6201f0fba1c89ae2bde67770f083.json.gz,True,False,25.50686319998931,,archival environment/concurrency not proven comparable or incomplete execution
66e15c00c5818aff8ea2f057a5d2fddc8dbc3f4da3fab40a6901ed1b583a8647,h102,-1,results/sla_sensitivity/reference/c4bee6b162d97509a4d03a842bfc6cd682c78a883467e6266105fd98e197f43f.json.gz,True,False,27.00856600003317,,archival environment/concurrency not proven comparable or incomplete execution
cbba7831d1d051752489f42a5756b9d73c76f87083c5dd2ded2e788672e67660,h102,1,results/sla_sensitivity/reference/988d25eec14eae6817a11743d7493b3d2db22b761185489df19aa1ff460c2b87.json.gz,True,False,26.667977400007658,,archival environment/concurrency not proven comparable or incomplete execution
d7fd2b4ecb727778535e81fd23f4e9d3586e43325d408f17538ffb0d78581da3,h102,-2,results/sla_sensitivity/reference/ea79df4607458de0e835399bf8d4092aeed3a1b22f4abcc83364525b8e27aebb.json.gz,True,False,27.05264430004172,,archival environment/concurrency not proven comparable or incomplete execution
f30ccf6de2ae1fa89867ab0458d9414303d1c79da9df42d8ae2c3e03f055c823,h102,2,results/sla_sensitivity/reference/2bfeec7ae2a9da0f13e33bd409db0b37a2cec8d72142cabae22441554977ce19.json.gz,True,False,25.503928899997845,,archival environment/concurrency not proven comparable or incomplete execution
569840269436d2261bc850dc72e801a19d985a83c307202936f1a02afa7bc5f3,h102,0,results/raw_reference/d6d9b752dd3ab3a51a8919b93da963d0923943f839cf9bd8b0ddb6909e994d8b.json.gz,True,False,24.980832699977327,,archival environment/concurrency not proven comparable or incomplete execution
41f6314bcf9bb9fef13a30163590b0a2edaecdc537525ebd1b1b8fbe9827c17d,h102,-1,results/raw_reference/c14aab73f4dc30d3b54f089b434c00c34188cf8a29f0a1dcc109aafd5fb4baf0.json.gz,True,False,25.528742900001816,,archival environment/concurrency not proven comparable or incomplete execution
b924d3da7d612a4895e0bb7424a86aa924b8416edcb72aaf153a7bfd35c63f28,h102,1,results/raw_reference/50a815b0549e023b5b05b1f62d7484ad96cb6a7042bdfaedf59e00274a591503.json.gz,True,False,25.576766400015913,,archival environment/concurrency not proven comparable or incomplete execution
0c51a34edc6361020f0b3542c0a6545afde7922e1fd9a741dacab6df9d125258,h102,-2,results/raw_reference/57ca66907e8be13d965ef31b950f6846de887fc54a5fb3cb86ce8a557bd60a25.json.gz,True,False,25.085963100020308,,archival environment/concurrency not proven comparable or incomplete execution
05c903bf0f919789c17e6eef47292c3c93cac9d9bf4765018d6999866b14ce45,h102,2,results/raw_reference/e3182ed9b55d5701631233e509a57b7ad4c39180e9ceb822e73f74e28cb05fd3.json.gz,True,False,25.13991289999103,,archival environment/concurrency not proven comparable or incomplete execution
e4ac82a2b2b1749491f724c5e6afb52afe136da0ae279710e3281791a7c55a3a,h102,0,results/sla_sensitivity/reference/cbb8212d619ab2eacde37fc460222138b42929ec9c4653c8090aa489fc598c1c.json.gz,True,False,24.93892899999628,,archival environment/concurrency not proven comparable or incomplete execution
50d3c0c07c0b8bedef8ac6f17541900ba9a5667d5dbc07c9ddf6e20974b9d47f,h102,-1,results/sla_sensitivity/reference/320e268857d7838ea7f78928b2ec04ff6d06494954197af74c7b252979f1ba4a.json.gz,True,False,26.664243500039447,,archival environment/concurrency not proven comparable or incomplete execution
aee3abbfb5a67281de2284f9f8a08fbbacf1f31654d6e0a410204b33fa3e4d12,h102,1,results/sla_sensitivity/reference/018e7cd3343d951deb8fbe6039873118f5a7081566301592040c69adaca955c8.json.gz,True,False,26.552667599986307,,archival environment/concurrency not proven comparable or incomplete execution
27ac48bae849e3d04820e8dc773f906ca4702ac7bb4b7c1143daaefa049b5832,h102,-2,results/sla_sensitivity/reference/5f057fe6cd14317db905669c0ebf41b488cb0fa8133162136f561996fb676c4d.json.gz,True,False,26.856348100001924,,archival environment/concurrency not proven comparable or incomplete execution
dbf33a22af81ac84cb769669261a54bf8b3579fbcf63b44e83b4b755e561d96f,h102,2,results/sla_sensitivity/reference/c44e26a6ff77ef60b278d2f147370735c8af0a2646b09d3be958a090f86e8a31.json.gz,True,False,25.22560419997899,,archival environment/concurrency not proven comparable or incomplete execution
fca894abec159c3bc8875758fc0924adb0ebdb88712ac47ddee63fef699ff2d5,h102,0,results/sla_sensitivity/reference/d923f7f5d563c027c0022435e95d1dcc3a21b21f8e0e91346aa84f559a77ba68.json.gz,True,False,24.570975699985866,,archival environment/concurrency not proven comparable or incomplete execution
b20fa6339c7b96dfa79312b1812614ad42061d0afd6ee1e376cad3c6886b49bd,h102,-1,results/sla_sensitivity/reference/d9f5b3b4cf8cf7cfb52f88139dc1345fb394bbf7ca816ecb06d2f67e89b32bc5.json.gz,True,False,25.187728599994443,,archival environment/concurrency not proven comparable or incomplete execution
f31a9cbefc2c4c5d7d76a8b9171ebed2abe596cb761fd2913058eb8bfd83c4bc,h102,1,results/sla_sensitivity/reference/ccc6c1b8474039059c3eb83f7dc461f18b624cb6aab52b1703b91cf973506434.json.gz,True,False,25.467560199962463,,archival environment/concurrency not proven comparable or incomplete execution
59cd903846159bfad288454557eadf985c441a0c9bce8ceacfac0bc223798960,h102,-2,results/sla_sensitivity/reference/795bbf1927a92b8ee1e4b333232f14df39d21a567de52d6c067ccb98a479cbaf.json.gz,True,False,25.355457699974068,,archival environment/concurrency not proven comparable or incomplete execution
333f05aaacc0a70251241f8b5d18ad1ee076108392fced3fa422826ce60433db,h102,2,results/sla_sensitivity/reference/0ce661569271f54ba90d2e0de70a365bbddb710ff64d7653b7a872908cf4143f.json.gz,True,False,25.480031899991445,,archival environment/concurrency not proven comparable or incomplete execution
aede41084a179920a95fa0487efa2ebdf9ceeda34621e9147b2623bc3d5dcc52,h102,0,results/sla_sensitivity/reference/183a13eef63b8933dbc1ab617150eacf482cdd2e1912671d92d0134922ddad38.json.gz,True,False,25.794809899991378,,archival environment/concurrency not proven comparable or incomplete execution
420566f468feb040c0644323540fc0437d6b3e184842b6c93290c02107da6f62,h102,-1,results/sla_sensitivity/reference/2e22855ab391b54376a60704f718b166769f480e7b052ea82cb81cb4d276b967.json.gz,True,False,27.084119700011797,,archival environment/concurrency not proven comparable or incomplete execution
1835c3ec46fb89fc3ebec7b080937aefedd3b84699a987a9201bdb0249c1b506,h102,1,results/sla_sensitivity/reference/a2f5b60c9a67ee6d13cd8cb3b17f5d9802770a10eb52db42504b119d8136bb68.json.gz,True,False,27.100984899967443,,archival environment/concurrency not proven comparable or incomplete execution
27be5f7831a64c90ce6985cb2ae530a007721a3a08727577783597d29f4245ba,h102,-2,results/sla_sensitivity/reference/f7a1ebf5d27534e375181dc62b43cd3f2d13c422f6de5253d3274d669007f97c.json.gz,True,False,26.97186639998108,,archival environment/concurrency not proven comparable or incomplete execution
57904a7db953d29f47ed0cb4e3013d6ebd664c2d5d85deb4a4034f988f77e984,h102,2,results/sla_sensitivity/reference/f79ab3f923fc71e139b4015b3d6d08668eac77ee9b7216e21417a7f947ab0628.json.gz,True,False,26.87229839997599,,archival environment/concurrency not proven comparable or incomplete execution
eef5050de82b5a68a050abc1c9d505256d762c3f66c6f5e12e5dcca8788619e7,h102,0,results/raw_reference/24cccc32e0288e6990a72898777cd4782c766d98b5a07a6857b29a34ca4ef3fc.json.gz,True,False,29.236460699990857,,archival environment/concurrency not proven comparable or incomplete execution
06a467993f0a89bbee10cc1d7fe2373c4e9b773bee94c46a6413d2c5b9cd1224,h102,-1,results/raw_reference/bb6171139a9846291320d5b37dbc3854a224aac5a0d5709970780e4ee92434ce.json.gz,True,False,29.809102300030645,,archival environment/concurrency not proven comparable or incomplete execution
015b30f72835627079c07b2e0e0360189604eda185849a36b12fe4d4fef27f0a,h102,1,results/raw_reference/c4f06c86b07fcd4859f85fd87688cc3bb2ccc1862d300208d381f4efc74c4298.json.gz,True,False,30.061762599973008,,archival environment/concurrency not proven comparable or incomplete execution
cc4409bb7da7e4061ba971f763d25b7530d3bc3b070e621d23cc45b770fb2818,h102,-2,results/raw_reference/2d51f4dce17d9e5c1d7d337ffce2336c5ce3ee259b58dcbfa462eb8e8787924c.json.gz,True,False,29.755932900006883,,archival environment/concurrency not proven comparable or incomplete execution
214fa95ecfdffdb6ccf774e9d8a855139b48072ea641b570b131dd6fae88c5f4,h102,2,results/raw_reference/db68ab1bf7f7f8699a621a9f390c9dc7df424bfebeec3b73b97d1381c759e21b.json.gz,True,False,30.75397379999049,,archival environment/concurrency not proven comparable or incomplete execution
9c6fc4bc6b2156a57a3980da2c9d1d44fca1e25ecf4981f8d3798e5678c3363c,h102,0,results/raw_reference/7cdadd64fcc2b069408b88d2d30b65d2622df262cec476428aa636f102baafe3.json.gz,True,False,23.710389800020494,,archival environment/concurrency not proven comparable or incomplete execution
f65538457179d5d7b2404060b0fd630a89258bbad536edad31d504ea9c36e82b,h102,-1,results/raw_reference/f223c75afbacb8440414297cfbd116c6627e0d77abdce34ddd6c1d24d2a032da.json.gz,True,False,25.10483969998313,,archival environment/concurrency not proven comparable or incomplete execution
1cf0eb0ebccf07ed10450eb57c1fa947280fa0b857837efa3fcdad9a23cbf1ad,h102,1,results/raw_reference/2e88cbb0a34219e3e2bef2c562580e6302b837f4d963b7158f99f01db9460ea4.json.gz,True,False,24.819633300008718,,archival environment/concurrency not proven comparable or incomplete execution
16efa0794e05030d7ef7185ce606cf65027caf9204e759ef84b72538234b73c3,h102,-2,results/raw_reference/a892a080a7082e2d3ba8e39093da1265d798185ea0856833995159a86b049440.json.gz,True,False,24.17019909998635,,archival environment/concurrency not proven comparable or incomplete execution
99124c26bd3c05f1790f0256fc2d6b367904a28f7a30306e5e386e312950acca,h102,2,results/raw_reference/f0a2aeb76ad01d71b3c51140807587c14d3e1a7fb02a24c1a8023e0746ab0c2a.json.gz,True,False,25.11294269998325,,archival environment/concurrency not proven comparable or incomplete execution
de241c8e64abfaf50bdcd747776807fa60eb688d91e35f5a7329a485678a73ad,h102,0,results/raw_reference/ec277506f1110e4827ad6dde0354f23c4b3f0d0d10a4a5f25e77246a82e16528.json.gz,True,False,23.813066600007005,,archival environment/concurrency not proven comparable or incomplete execution
228f30ed3b21a5752f27e843e0ef3ae848e4a5ad3baa342db11a591b80bfd05f,h102,-1,results/raw_reference/92319ea5e774f80c5a0c840b3f32578c476632dfddbf287ad8c7ce9158beb708.json.gz,True,False,23.492731700011063,,archival environment/concurrency not proven comparable or incomplete execution
af04ffd7bf36f32ce0108f88585f361ace5ccf443dc93296ef3ab782bd1f8ff6,h102,1,results/raw_reference/dd55132d8a5c51118200c5ab474d904e8c831fbd7741c068c6fd2f4f6389f84b.json.gz,True,False,24.56757600000128,,archival environment/concurrency not proven comparable or incomplete execution
b792c35c6476a390a17425352db47b90100707f92e9e1abbb1490e998f6038d3,h102,-2,results/raw_reference/8441c62c91c1c615f2936dc6dd55eab4a364303872213bf41062defeaefee680.json.gz,True,False,23.277447399974335,,archival environment/concurrency not proven comparable or incomplete execution
9b23a69a4d7afa35e11ee15f771f66c03e3a87aab2e374c15a0b98bf5f839aa4,h102,2,results/raw_reference/d9921c6b147b5b093174b2010c4ecf139491427d10d5c9a9d94995356912d0cf.json.gz,True,False,25.278210999967996,,archival environment/concurrency not proven comparable or incomplete execution
ed96eee2387d3e9f7382d660b9cc5854dbfa511407285da143f06cda4c3fe727,h102,0,results/sla_sensitivity/reference/2c0f42aac2b757855debf9dfbbef280d951101de94ec343a4c08efb744732be0.json.gz,True,False,25.697448100021575,,archival environment/concurrency not proven comparable or incomplete execution
94d5b4ab4877e6b7a561f8c729aa64a8c401b5ca4206505c7cfd2398f5d398ee,h102,-1,results/sla_sensitivity/reference/c319a274e79ec4a81d577988fa7036d2e8800bd164208c84b13cc9c373651f4e.json.gz,True,False,26.311352899996564,,archival environment/concurrency not proven comparable or incomplete execution
34b1b74a101e39c8d1975724c567ca61938d03578c6161b56cdd521c841facb5,h102,1,results/sla_sensitivity/reference/e767b694e6c62977a94f5749718c7c8ba81a17d0a6181bd904bbf69a3959a526.json.gz,True,False,26.383740800025407,,archival environment/concurrency not proven comparable or incomplete execution
ff9989049badde6618a15a0e4f39dc4bd3a29ef8cc54136cc77bfa45b8f467b2,h102,-2,results/sla_sensitivity/reference/fa15ad5e5452bcda54e48ce3a1183399e8f831e7a87557e377ff2f8d9b359bca.json.gz,True,False,26.16229160001967,,archival environment/concurrency not proven comparable or incomplete execution
c6ed32090860e9424cf9364455a419f8ee504eed5417a750fc646fec21d31451,h102,2,results/sla_sensitivity/reference/29dfe7de041e231613d8d911d6f47ab327bae53d165e6ca18f43b9911519fc70.json.gz,True,False,26.372968999959994,,archival environment/concurrency not proven comparable or incomplete execution
7f6e8e42a26ad28ee8ffabb9508c5fff0de24371ef2efb0efe60b1615bfca182,h102,0,results/raw_reference/b85c4795eee94661ea1e63e6eba7ffd42f6956e1a34d41562b61fd830830fdb6.json.gz,True,False,24.912420900014695,,archival environment/concurrency not proven comparable or incomplete execution
8256f63a07a7f779d5437a6f1d51177c55151a762ac1c014799d9ff1662798ab,h102,-1,results/raw_reference/8b11a84437ad6ccd63f6a933b5df6e20c420d37aecc8e6d00406bdcef8e5776c.json.gz,True,False,26.000926200009417,,archival environment/concurrency not proven comparable or incomplete execution
92e9df813c9485cb435ceddb94c6aff66df886de232f8dc93f2ac6995624704b,h102,1,results/raw_reference/5ec60abc92014b01991de71896754d75f4d44984d0693e1e29a6eb4b210c9338.json.gz,True,False,25.84747450001305,,archival environment/concurrency not proven comparable or incomplete execution
02f7e0413baf44a658a52dbfedf01ab7444674351236b1fa822a7a0ad130ff11,h102,-2,results/raw_reference/681948e9cd71dfcd142f68c0b3257ac6b36cc7f25413b2e9760ae6a522ffbe31.json.gz,True,False,25.744521300017368,,archival environment/concurrency not proven comparable or incomplete execution
cf8f170ef9130ec2b5674b673785fd3c7e8526a8bb03bf3d4d8a000fbe6f063d,h102,2,results/raw_reference/4b2dcc7dc071860de0bc7bcc3b4be4b720acfd84e67bb208acf7a5da90eff35d.json.gz,True,False,24.417083799955435,,archival environment/concurrency not proven comparable or incomplete execution
bc9616292f8c783964b690a09050eef9e8de0e8008ab0ec4e1137668b984deb4,h102,0,results/raw_reference/9f8684e22b66ac24b24ffd92231a608632eb5652d608dae85b63c60a9170ee6a.json.gz,True,False,25.26217679999536,,archival environment/concurrency not proven comparable or incomplete execution
5ddbec080186c7d7cf25f34d35063b33d96393876f1f827d4dfec609aafdffb2,h102,-1,results/raw_reference/07c3ec0bd3b8d39fc90289eb18de11c2b57e83ee37b1282f9bf18ceb009270c1.json.gz,True,False,25.248056799988262,,archival environment/concurrency not proven comparable or incomplete execution
af37588991027184b1b0478b46481acabc39dcc5728130778899ad147c2ebe1e,h102,1,results/raw_reference/8c04a31e74f0b5293ab7bca11cda4922f4f55f0b4d23f7236e834e73f8265365.json.gz,True,False,25.238629399973433,,archival environment/concurrency not proven comparable or incomplete execution
f58085c726bd1f1d26e661b759b5c9a2cbc2d893c799dea7e70e013a06761adc,h102,-2,results/raw_reference/dfe0b5a7b6a46ea91c333608ccc30e4d8d2f6b1225ac1040e3b76795e058681d.json.gz,True,False,24.10492279997561,,archival environment/concurrency not proven comparable or incomplete execution
ef2077773bc5fb47e73f7be244c596cf9201674c994140d6a9ca3e2244093c05,h102,2,results/raw_reference/40b29eaafbf71ce54661c330058e93a4bda53e4689884699c7e275862d2dfdbe.json.gz,True,False,24.302685100003146,,archival environment/concurrency not proven comparable or incomplete execution
bf2b02447b531745646585527b469aaf76cd8d8c48b548c23502f3a7ed1719b1,h102,0,results/raw_reference/fe73792e4809357984057de5a4900e941b809fd5e54986abce52d97d1a3ab1b8.json.gz,True,False,24.35688110004412,,archival environment/concurrency not proven comparable or incomplete execution
b4d4a8afac1502fc13d28dde92477f424091dbf40a4511b1ac62c8d0b06000c1,h102,-1,results/raw_reference/a712a9565428c3c4ec44c26f201e30507f50543c00c770e4eae95b56bd81ff7c.json.gz,True,False,24.844164800015278,,archival environment/concurrency not proven comparable or incomplete execution
4343eecc331e45df262aeff88f685c34187a9aac37e965bf01d6d8770aa83c86,h102,1,results/raw_reference/2831f4c2a395ba38a4ae096ee794720ef39768de40b59c1a83249b5daa71e8cd.json.gz,True,False,25.019431399996392,,archival environment/concurrency not proven comparable or incomplete execution
b19ff94ce5ac07940991b51e01db894583c523553b1d521665cf09c87dd40316,h102,-2,results/raw_reference/c23080a4efd9829a00f4a6b2aed15ce132c9089b9dc8b5ce6d12fd6cefae7fbc.json.gz,True,False,25.323341600014828,,archival environment/concurrency not proven comparable or incomplete execution
177883932de0a53aae4141f566b0cd9f05c856b5af79998f8c7cb6b696aa78f1,h102,2,results/raw_reference/3f28c87fe8dd5fa2f8ebfd40587950a6964fab58fcfa7d3405a36a6f1a5970fb.json.gz,True,False,24.6128959999769,,archival environment/concurrency not proven comparable or incomplete execution
6914abd170d9f224a2d970658ba8d0b3b0076aaffcc719fc169782c0ca63bb36,h102,0,results/raw_reference/0cb9784a437fe287c9dd6101ce99c162895691c6d1ccebd821503d3f9fbaf520.json.gz,True,False,24.126542099984363,,archival environment/concurrency not proven comparable or incomplete execution
5fdd097860d21ad779b0bd9671e8a4710fc0bcc647194ad1b95cf9a6290fcf9a,h102,-1,results/raw_reference/8452173b713ddf4c516009b6749bf9b8425f64bbddccf6ab523331782852cb79.json.gz,True,False,24.934717700001784,,archival environment/concurrency not proven comparable or incomplete execution
61c3d983ec758b450a27f33ec6661c06ea025977ca86ec14a9f6eae1932be51c,h102,1,results/raw_reference/c8862a4633c3fb4f04394b29fc670f5dafbe69fdb254bf3b706ce42b7f60d8f9.json.gz,True,False,24.58647199999541,,archival environment/concurrency not proven comparable or incomplete execution
1e3593a416f832d725bc3445ef2cb9fc7852ec8e63a54af362ef4886dbfdc085,h102,-2,results/raw_reference/7bc4a0561b048b1b8692d35510ff21607f25ec3638c516b93d25e3b63eb74172.json.gz,True,False,25.024771399970632,,archival environment/concurrency not proven comparable or incomplete execution
0692f5c44b46aa6b9787345ed83f495e2d0fc857a8c35d9cc407ce568340dd80,h102,2,results/raw_reference/385f09b67dab913a43d82a3b7a2f7bdcfe59fbc07cadc8f86e2ef17c50c5894b.json.gz,True,False,22.806298199982848,,archival environment/concurrency not proven comparable or incomplete execution
df1c24a09eb635e4ab46edce9ae253e7a3d677836900a273ce7f0ab4ac5fa4c8,h102,0,results/raw_reference/0d6d7b6cfc189d29bd83e4ccc9ffc5fa42c4c956bc8dd275b8c13c13c6ff7267.json.gz,True,False,27.77076980000129,,archival environment/concurrency not proven comparable or incomplete execution
d57a84225aad0bc1c1a5a7fc4193e49c77ac3da8bc1278e2948245143a2b8f48,h102,-1,results/raw_reference/eae053085f132f4190a7eb605aff0b022a88bea10e14f033fef8fe1979b6e484.json.gz,True,False,28.794387799978722,,archival environment/concurrency not proven comparable or incomplete execution
565b74131e1cd28b7865f8056809c73f500661019defccd5a94242fb0d3268d0,h102,1,results/raw_reference/4f5a460af24d08d9011ab38210fd198f8e70aed4444fd2a8f17b26bb763b80de.json.gz,True,False,27.172259700018913,,archival environment/concurrency not proven comparable or incomplete execution
031bf24859fa7f38bf3a4ffddec4fb12437d3a17de3ea4b46004c6a776f519f4,h102,-2,results/raw_reference/78d04ba1e7fb858a3a760137bdf9c16a2ba7f28a2795b3fc58499f36677290b3.json.gz,True,False,29.210634300019592,,archival environment/concurrency not proven comparable or incomplete execution
6eb65de2cd053bd8e7da4e1755d4f03199a8d1024e06dfed4e642f2c6704d3dd,h102,2,results/raw_reference/5a10b6e7bacea9494df1d0846500e9d3abf18f6be8cda612f71daeae556ae91a.json.gz,True,False,27.58530759997666,,archival environment/concurrency not proven comparable or incomplete execution
de43f2ed5d808c33d23363935b2246b733d33c860d3c38e718e800916c1aebad,h102,0,results/raw_reference/1e8c37938380a8d08074fd752ee6fc96c9d1c554e5ef8a31dc3db7e3686f9c0c.json.gz,True,False,24.013791600009426,,archival environment/concurrency not proven comparable or incomplete execution
af5877bfec91408fb51030901360967b9fbd01351d64ddc3666ef595a7928b5f,h102,-1,results/raw_reference/77618812a716d19d9ae1ae3d60869d7c5e9dba7123388ca6502e5bc6a5f094e0.json.gz,True,False,24.35932160000084,,archival environment/concurrency not proven comparable or incomplete execution
a30d60d8f0bbd76e99d0923f339747424972a3afa59c56bf5aa73c0d7a7558c5,h102,1,results/raw_reference/abb79cf72137230166e91f8c8a3ad2d3c466ee060e230dc3284407477b459359.json.gz,True,False,25.318366300023627,,archival environment/concurrency not proven comparable or incomplete execution
8e19ebe5b3f020564f2e48e89bcc9dcaaa9838087296626d0d527e6cb5e4ebde,h102,-2,results/raw_reference/a120254e9f46108b67d80d76c17e207b72b7a3c48f207c1072b678be2e6552ea.json.gz,True,False,23.741375099983998,,archival environment/concurrency not proven comparable or incomplete execution
971de3c308bdc64eb39bb575b9ce42bb8d8c63772af698e6d8583c34631dea03,h102,2,results/raw_reference/0e21ad9a65d4e13566af910096ec5d8dd5654046d49b084ecfbaf64e85d6eaa1.json.gz,True,False,24.830130200018175,,archival environment/concurrency not proven comparable or incomplete execution
cb59ea668e6a8fd3b471ba4e9b695bf5dd265467282e62d51fe220066552ad97,h102,0,results/raw_reference/5bc3925b7c0f50f1a774df9541ee9080b8161861e2d0758499631b4769ed757d.json.gz,True,False,22.99923920002766,,archival environment/concurrency not proven comparable or incomplete execution
3981d9eb807fd640313b08e03eccec4df2a77483891829383c554da72ecf5da1,h102,-1,results/raw_reference/e1fa03c4b9e57f217bda73d05c306c38e19cdd03bfac5e348b39136c0e2afdd3.json.gz,True,False,23.325418599997647,,archival environment/concurrency not proven comparable or incomplete execution
88a9f238a25236bbd1799155ff3bef4c053a3b3fd42a7f17a96ae1e9f8603dec,h102,1,results/raw_reference/acc88baec6bbe474b6a274995e0ad1e6cc95ebf4136fc96369c8c01e5ef4b5f1.json.gz,True,False,22.87507349997759,,archival environment/concurrency not proven comparable or incomplete execution
be8a65b72077b21faeadf62943f9cf767510069f44ab7003edd0978df4293eaf,h102,-2,results/raw_reference/bb89fb5c5f872038945bf272403152d882c2635380126fcee9ffd1a81a344732.json.gz,True,False,24.35560449998593,,archival environment/concurrency not proven comparable or incomplete execution
41b85fe0ca88dc2fc77a40a2c09e6acf16706f8a2535af082d93000a7f0f0203,h102,2,results/raw_reference/9a3d9b8aee7a9f136c873e3d91083b790db45b1be8c996fcf8866b49114845dc.json.gz,True,False,23.880190299998503,,archival environment/concurrency not proven comparable or incomplete execution
eeca89d1c3c0e801d33b602e1fb8a972b02f82179e2089d4fc9e469feec834ce,h102,0,results/raw_reference/152049a17679663b02ab657a953e66a7ac29a6300e4abd2946aaa642e8832b79.json.gz,True,False,25.474158000026364,,archival environment/concurrency not proven comparable or incomplete execution
ee777c3652ef6542898fd4dd8e1f44450a2baa232bf91f0bbd54bf373c9f1f93,h102,-1,results/raw_reference/e3bb6affa1b3cac97a7ffd3dbc909c78c9066605fcca7a22dd85df6930396466.json.gz,True,False,25.273253899998963,,archival environment/concurrency not proven comparable or incomplete execution
f741abf600905c52a1a1929f6af0da5772ee0020ffb41f465c1d740bb7ca446f,h102,1,results/raw_reference/bfe35dec29be08be2540ad3e164638a90766d85ff5e67b1ca4135622eab1ae5c.json.gz,True,False,25.4746297999518,,archival environment/concurrency not proven comparable or incomplete execution
b90eff0809cc2fe72fd2a10f6bfb42b221e87fd79bab3f1a154cf5c633ded480,h102,-2,results/raw_reference/4f39650ebb5077136e798bdc39a3dae4e01ed544b3cc6f2ca64a15e52bdf0674.json.gz,True,False,24.76757590001216,,archival environment/concurrency not proven comparable or incomplete execution
680dd5defa7339ad1faca8747fe98c398a77c7b47d51db01b6690567d31797ed,h102,2,results/raw_reference/feefaf977a6add951775994bb3e8155ca2c05c5920d4bff5a33aaa4047f1f45c.json.gz,True,False,25.742900600016583,,archival environment/concurrency not proven comparable or incomplete execution
c5ab9b4f3dc5ac8dd148eeb0d598594e026f1cc55d7583c7c36c063c0203ea3c,h102,0,results/raw_reference/8d8885752290c64ef6c18c65a2326fd16a0ab12988d257922ec7d4441ffcf2de.json.gz,True,False,23.75185150001198,,archival environment/concurrency not proven comparable or incomplete execution
3cdda446cae318becd511d73213b4bcdc517ac7a7ca9aa961c997fd8cc59bf30,h102,-1,results/raw_reference/38ea6461c793381337f2b4b843055d8d3e3be0fbd9bd81616a93b6ab9028086c.json.gz,True,False,25.420419199974276,,archival environment/concurrency not proven comparable or incomplete execution
0fdb5b2e7730e41fd5a81513453ae5d083da02c999090ef0dc8cf244cfd1bfad,h102,1,results/raw_reference/4d852104c884ba5bf2627176462cf332a19cd74b7e1981fb4d400e98e5d7ed71.json.gz,True,False,24.436241999967024,,archival environment/concurrency not proven comparable or incomplete execution
7155f6f0ebc8648ad78cc482ffed364d8a075fe9f452cf00f5d1e03170a338a6,h102,-2,results/raw_reference/06692daa0e7ed875f9a2f3f2288f03026110722bb0ed93b184d7b415a05e6cce.json.gz,True,False,25.7620181000093,,archival environment/concurrency not proven comparable or incomplete execution
29421bc386755e6e0efd78ec143ade77bcc567004220ae20c24cc68f25f19457,h102,2,results/raw_reference/10af1d5690e02747d998ff6f84b46a2105c0b783c83b0a66746555dd35068bde.json.gz,True,False,24.606052799965255,,archival environment/concurrency not proven comparable or incomplete execution
884867b484366795ba5e30831043f5bfbbd7ec3c90f65fac0877e21f427e86d5,h102,0,results/raw_reference/94914b881504832e3956c286f20c3aefe41dc2824bf0129d7ab5e716bd23d49b.json.gz,True,False,23.984236899996176,,archival environment/concurrency not proven comparable or incomplete execution
f6aa935ba10115dd977d7d1ea4d5e770ac7bb26b61bf590400c6985179319c54,h102,-1,results/raw_reference/58034fd5349ef9e216dabbcb70a55236f00023d447b3ce529612e227ce8d094e.json.gz,True,False,24.49183220003033,,archival environment/concurrency not proven comparable or incomplete execution
2d7eaf244c89de8e41939740d904af07994974cf1cc30713e9b3b7acada59651,h102,1,results/raw_reference/0b6d37306b90433ac18059c2660ffac53f771a356fa0657792643a8483a34298.json.gz,True,False,27.09673729998758,,archival environment/concurrency not proven comparable or incomplete execution
21041e876be34dca78caa7018b4d93f478b7edf7a6e96011db5ee2e4dc329b4d,h102,-2,results/raw_reference/a4760969c279625e69d084efe9bf2a04cbf5c06b589b9d26529843ea7aaec7d7.json.gz,True,False,25.34060120000504,,archival environment/concurrency not proven comparable or incomplete execution
4556e1e79542bd50ee9d321a2f99007c99da38d248cca000272170a4b26d6197,h102,2,results/raw_reference/e2b5248e434f3d2916716d41479311f17173b5d776c256025444fb38f24d5a40.json.gz,True,False,24.62118910002755,,archival environment/concurrency not proven comparable or incomplete execution
0e25cdf725420f9dd7cda9e4009c0cdf727a495e7c2748c432637e5646b6325b,h102,0,results/raw_reference/a531a4485a855892a27f10385452790a9abf262c7948219e5cf4ca599a10e2b5.json.gz,True,False,27.191384900012054,,archival environment/concurrency not proven comparable or incomplete execution
7e23477783b811cd130a2e11ca84ff82c49a202dccbb6c5f0ea487f7d84355eb,h102,-1,results/raw_reference/c8886df55909db4d7d1116c1eee751a7bbe05e49b5f2cd940bebc427622d3b0b.json.gz,True,False,28.221747600007802,,archival environment/concurrency not proven comparable or incomplete execution
3d65f6837df41318caddaca5021ef9e183f70061c8ff5579e6a0765fb16d5f6e,h102,1,results/raw_reference/810a885564825ef31dd44a0a40ab9c1faad063cad4fb9e532417258b7bc1685d.json.gz,True,False,26.741877799970098,,archival environment/concurrency not proven comparable or incomplete execution
714813e8555c351c651aa63641395d3172c9ae2ac07301c9542ed70c836de377,h102,-2,results/raw_reference/c609fd2a03c89affda8e17f2ec3b5e0172b5499bf2fa2c4bd44300cca2c62440.json.gz,True,False,28.301072800008114,,archival environment/concurrency not proven comparable or incomplete execution
ffeee8c90f53dd7ffd5dcd1f2cbe67a31dd9307c63abc04d8f66773463a5fb1b,h102,2,results/raw_reference/22af7eb15b495b67d88b5801f958aa641412618aa09a23fb605d5c5b9054ec23.json.gz,True,False,27.56787260004785,,archival environment/concurrency not proven comparable or incomplete execution
41d3aa694be8e0ffdb92c03443f089115daece590f70d8be084240b9ffebe2a7,h102,0,results/raw_reference/7722c8a06f59a7c2ccb070169955abc31cdce7ea10c761e266fef548c7d64f18.json.gz,True,False,22.86587929999223,,archival environment/concurrency not proven comparable or incomplete execution
136cbebdf67046442f82c6d7c01deaf5251182b7a7b2f3081d2c0ae520471226,h102,-1,results/raw_reference/5ecd65b6131b0bb2b52ec65b03e4f5cd07a1e140712e1edd35f9292a8c232581.json.gz,True,False,23.602201399975456,,archival environment/concurrency not proven comparable or incomplete execution
bd1b3a9bd0488990e1cd0db4b1cc07d70c070b319e21c751f7fc16b3ada376eb,h102,1,results/raw_reference/65ba85a6f04ab3d041205805f997cb15ba25490d32060b1042814f384b57234b.json.gz,True,False,22.5179212000221,,archival environment/concurrency not proven comparable or incomplete execution
f68911dd7f06aa434cad004eabdc5770393f542ff041dd38aeddfa807648e30a,h102,-2,results/raw_reference/97973ebae2d8002538f0b860a8a122ec402319be01fc3311bd9641488d4228b7.json.gz,True,False,22.98683650000021,,archival environment/concurrency not proven comparable or incomplete execution
a4d1f474e372173eb855ef7b41e68324b36b28d8b4c61024cb0eef07850fb099,h102,2,results/raw_reference/ce0402293d4afe98d4ec21512e883413f9ef3c2145383b60a6a078925ca3dfc6.json.gz,True,False,22.514904499985278,,archival environment/concurrency not proven comparable or incomplete execution
26dfb3ac348f515525a9d38b2071293b820cf684fcbafc3d741b38e715894ab8,h102,0,results/raw_reference/af7daedd123db1279ac7560fd1fdcf743b79f19b4e756a215ddbcd27cdbcdee3.json.gz,True,False,36.90688400005456,,archival environment/concurrency not proven comparable or incomplete execution
f7a02631e33de5ba64b05af229a766f58a6d7949a7191129c14138027229c23d,h102,-1,results/raw_reference/7ab8ae162a1c18dd1e742c831f66f9cd0c73926713bb1f1b7f06eb86b0415c86.json.gz,True,False,44.37401862500701,,archival environment/concurrency not proven comparable or incomplete execution
8ff4a91b4e07e5667bd9f520fff41d16b4af3835769b1e59f42cb4797354868a,h102,1,results/raw_reference/fe0038b869a11169d23a6aeb18c18995402c0b9daad6da1db7eaff14883cfe2d.json.gz,True,False,39.002245375013445,,archival environment/concurrency not proven comparable or incomplete execution
676008f004e5273363caba0448e3fbf44845e59dfdb9d10ad2d8af6713568ba1,h102,-2,results/raw_reference/c70197b1f9687dce4bd465a8e9c9b1f290c35a2889b55f2dc982eb1d10ca1332.json.gz,True,False,45.153253500000574,,archival environment/concurrency not proven comparable or incomplete execution
e86a7f40c8da3ee62f2f124faa6ac64b1f14d5d3e9dce19bc6e04805883c9cdd,h102,2,results/raw_reference/40315df24797638328cfa725ce283115ea68c7fb8e20c4b355f10ec69fcc7680.json.gz,True,False,41.34987550001824,,archival environment/concurrency not proven comparable or incomplete execution
0b4319d69bd7044475232b29959f4eb1010a1bd489ccbc0b8d31800251d8d327,h102,0,results/raw_reference/f4eabddb5829f9af78a19cbda04f9b4bbfe645321a419bcce9048d21818bdf99.json.gz,True,False,40.457896709034685,,archival environment/concurrency not proven comparable or incomplete execution
19c16fe4b06a70b283d793aaeb307ae4552c5811b4593195449c4dce2b1cbc48,h102,-1,results/raw_reference/10afb4043fa3f2f64c53ffeb444f25a530d8221885c3c30fd90b518fe05da7d6.json.gz,True,False,41.182137791998684,,archival environment/concurrency not proven comparable or incomplete execution
877d5609a006123ee739062ae4ca09fdc283b39d54a14a3334102963e09a0382,h102,1,results/raw_reference/202acc79b7df0f04eaabc34911738755fe603e763b7c2489c4274ff6e0621027.json.gz,True,False,38.35936154198134,,archival environment/concurrency not proven comparable or incomplete execution
043948d72ce4bb33083bd5dd5efb2a40b962011e068296896ba71d8b64e422dd,h102,-2,results/raw_reference/eb8744311751c71cf62039d9e5a682cccb3ecde9139aef429f2978a625761c67.json.gz,True,False,40.8745182499988,,archival environment/concurrency not proven comparable or incomplete execution
44eb91361f7c5c6251891cc94968c0cdd15096bd8664621b5d50ea438bdc4400,h102,2,results/raw_reference/243b31f5f305c494aaf82aa3ba58452988ac3781f3058d0f43485dfa8517e731.json.gz,True,False,38.14225799997803,,archival environment/concurrency not proven comparable or incomplete execution
b3c0fd1fb4847606453743502d4b53c570c983cb95dc206ae046a64ecf94c72b,h103,0,results/raw_reference/6203141cd8f4828ba1ebc563c32e0f4470ca84dc9d98834d70c19172191a9408.json.gz,True,False,25.014961083012167,,archival environment/concurrency not proven comparable or incomplete execution
356917bc60a1bc94f323e9f15517f5d07ed2ce05304720bac251376e812eec8b,h103,-1,results/raw_reference/aa509dfcd9349815db51d424cfd65430e6b6ab9e0f57f515a3f7afa67e22e7de.json.gz,True,False,19.566212332982104,,archival environment/concurrency not proven comparable or incomplete execution
a99653e49eb8e6e4f3fb6b0bfe719bb53ca8ef9cb1cd108fa2753733ad607859,h103,1,results/raw_reference/b9f98fb516bb3b73c340dab7ca874d13a23f71bb0b581b937e79b6d216d2adb3.json.gz,True,False,32.19694833405083,,archival environment/concurrency not proven comparable or incomplete execution
6ec05911a04e369d0bd2f67966814d29ec9aa4dbb029a62ad117cb3c71f72fb2,h103,-2,results/raw_reference/afbcbd0be53d3bb69b3f5440076d671a8a077d246340bd8a851526e76251eaff.json.gz,True,False,16.39840645896038,,archival environment/concurrency not proven comparable or incomplete execution
c190f1dcbc38c8f34d0ffa73ad74e78a0fffc346adeb9a030eb8ee2472b11a95,h103,2,results/raw_reference/940f388b3d71a2c8a4543f945f48a1dfc9952d6bf573b74d0df007b44c350596.json.gz,True,False,30.959565875004046,,archival environment/concurrency not proven comparable or incomplete execution
5358022ad88126e7bdbc30ed911605e8ffefc7ba2c0573b7e4b4ac0ea1a64c8c,h103,0,results/raw_reference/6b736114f47c188043386a92f89d43c14c1bea88dae374377d835397851ac2a9.json.gz,True,False,41.72390949999681,,archival environment/concurrency not proven comparable or incomplete execution
842d2c6fb7b2f5d80b3bb9ff5165141f424b2c705088b857d35c44bd62ebf62f,h103,-1,results/raw_reference/3ed345f8c0c5660331605a27da4de00bc6654f9dc1f44a5ebb8a10495e79675c.json.gz,True,False,41.24859637499321,,archival environment/concurrency not proven comparable or incomplete execution
2f8cf42ba0f88b214a1a5c7b8c11ac32613dad33b0d4a8fc26bc130167173491,h103,1,results/raw_reference/ab3360f1ec756486236649e29b3537ba1a0c07632c566ccd659f404300ada20a.json.gz,True,False,32.46759412501706,,archival environment/concurrency not proven comparable or incomplete execution
06422b9b1d504dfc92401cfb9fc79760d21cadffd39e1fc4483ec0d56d691d3e,h103,-2,results/raw_reference/0d28bd66d0ba9dbfc48e4814e40b2360eb2053e73bdadf7af7820cd7bc631a48.json.gz,True,False,39.925014332984574,,archival environment/concurrency not proven comparable or incomplete execution
fbfc4a6455ce620e7c647b314bcf804f2771d10e61a6eaa544f5c94ef78d0708,h103,2,results/raw_reference/79afb3084bb4d4b16b4ea1a62f43bfa2630a838e56c1c2c6be8fbe26608f8b2d.json.gz,True,False,35.64601420896361,,archival environment/concurrency not proven comparable or incomplete execution
6b7158c77d66d8eb6f1345f0cf40242a7149a2176f12d669c48eebd48e312c28,h103,0,results/raw_reference/8c3f8e0afa3699cd46577e65581c8bb4a630aca18b40885822e476d9026ffa3d.json.gz,True,False,12.405603300023358,,archival environment/concurrency not proven comparable or incomplete execution
33294369b00a71f4f19b3c7a15dd9fcb6775b652c6b96dfaa25e997c4e334492,h103,-1,results/raw_reference/a6fd1d98c8f5cff26a355f1fab03b304967e8f9528ea543b117cdbe71bec1e29.json.gz,True,False,12.393096000014339,,archival environment/concurrency not proven comparable or incomplete execution
5121825d866cd3bf6a53e76f12d4a237a562423d68f9f1d77b2b23b0ff7e7e17,h103,1,results/raw_reference/0beb4bbf654ea6e37c713e88e358010c2e0cdb84ca28f4a2afe519e8b9e1b7f7.json.gz,True,False,12.455312100006267,,archival environment/concurrency not proven comparable or incomplete execution
e817be44a9f88b6fe0f9b63f7a7429199a4ae9367da0f68d58a00ffbcf1d19b0,h103,-2,results/raw_reference/c11a95c7993a0d357d0d9616a47f82b48a96f7fab2ef518aa23cd717107fff8e.json.gz,True,False,12.392492300015874,,archival environment/concurrency not proven comparable or incomplete execution
0af712b9e8bf09c65dd491c8ec7c8357e7a82e2577881951c2e8919672810ae6,h103,2,results/raw_reference/cc3a4bd7c543193df4a7b62da0dc168fd36ac9205e8e372d4c04e5c08413b770.json.gz,True,False,12.313958400045522,,archival environment/concurrency not proven comparable or incomplete execution
e842589cf781affaadb8cc6b2aba77f4774e78a0b78ee7749e892532b7e699cc,h103,0,results/raw_reference/ad799f1360bf0ac56cbdbf2454aa964d1562d8c18ada4eb56a007badc40c1265.json.gz,True,False,15.34625619999133,,archival environment/concurrency not proven comparable or incomplete execution
3ff6ae4794e04e5e7c077560a68e4ccd26c7d1b0cee376852cbb206286d04cc8,h103,-1,results/raw_reference/759e4ea3389e9b46fa74350ac39b16c702a6eb7f2f3ea55f397bcc6adf52d8f9.json.gz,True,False,15.00483540003188,,archival environment/concurrency not proven comparable or incomplete execution
00f8b2be510a370f28f1641ab15f15ebc2e40a92fd61dee582bd6f97cc367b15,h103,1,results/raw_reference/ef18e820f1a940c3e16cab258bda0538f1261fa8234c2d61a682534bb8e558f2.json.gz,True,False,16.26324600004591,,archival environment/concurrency not proven comparable or incomplete execution
1b8aa87b28cf46f766c557d3b953f9ba7520ad31a2861ada3f1ed98383b3a17b,h103,-2,results/raw_reference/eca4d396480aef064afa779860e48f8de0785eb2c48ac46015e77fae17d3a9bb.json.gz,True,False,15.080052600009367,,archival environment/concurrency not proven comparable or incomplete execution
277ba8d26c366bba504dd8e2161e8687c7ccaa58967152dbcd8f747853176f75,h103,2,results/raw_reference/1ec534c9d5c7cbf3657ef989479edcaf5e99d90527c2f0e79b7739afdfd373a0.json.gz,True,False,15.120780700002797,,archival environment/concurrency not proven comparable or incomplete execution
1bae9b9b3ed730e2b542552e4563b7fa662c511ed709f0b20ee04b618583d70c,h103,0,results/raw_reference/b13569178117ba111ae191ef399c02a720f47742c9f2f7c19a0dbf20514450a9.json.gz,True,False,15.519328699971084,,archival environment/concurrency not proven comparable or incomplete execution
27bac69c7fcea86e38d69b4cb5cdc99f626f5fff8d56eb010482266a567fcfd8,h103,-1,results/raw_reference/c04145ffdd1d451d6c24ab015e447daa99c00cd2127c427b7c9169cbfbe799b8.json.gz,True,False,14.760741100006271,,archival environment/concurrency not proven comparable or incomplete execution
1ea03d7ff15c1a0d15c179367113a325857ecb324e6fa0f531b80ed5a998c68c,h103,1,results/raw_reference/6ac6a96b253bf7acc95c63a536e71b89af5b724e25b908ab1f3e4470956a0b3c.json.gz,True,False,15.560805999964941,,archival environment/concurrency not proven comparable or incomplete execution
8ad8ba6b7ea7ea40fe522e62fd393869ed5202a5cf12e4873db0dc41e7dea367,h103,-2,results/raw_reference/35808a8ad2d944f21a8bb8dc5790cd4d5ce419693f4b9d27877f7ba8498be7c7.json.gz,True,False,14.757083799981046,,archival environment/concurrency not proven comparable or incomplete execution
56eac63d9e640e0b105c11a340ee3710f69f406030d7fe7aa0b37041e0ddc00b,h103,2,results/raw_reference/f4e9b77d843ae0eda7df8759a8fcdc9a00d9eb4257fffe3fec3dad87c3e10356.json.gz,True,False,15.58728069998324,,archival environment/concurrency not proven comparable or incomplete execution
d97497fbb5cc0446412d1c57ed6a492c494c4dad7054b8d876b4adc4f5dac7be,h103,0,results/raw_reference/88c2875429ccdb348f4a2cc1574b0437688d9a8cb7268888781f296ff8168122.json.gz,True,False,14.866880399989896,,archival environment/concurrency not proven comparable or incomplete execution
dd7b609f70c2a0cef14f8f635a434abafe553ec7476aae705de1a010ff6cd281,h103,-1,results/raw_reference/4f40d22b4f752c81a9bc3199fe530040f93bbdf2cba9d73d9ecaa02c96561a47.json.gz,True,False,15.174825199996121,,archival environment/concurrency not proven comparable or incomplete execution
63119f2c9e7ddf0e5ddb090e92a9573d5187180a0193db4c66b277e508bc20c3,h103,1,results/raw_reference/1d0ee8ec0708bd8a61870447308d42adb8547a70171ec289118f9aab285ad066.json.gz,True,False,14.706174799997825,,archival environment/concurrency not proven comparable or incomplete execution
8837cb3d799732aa83f4d940655b1ab27f01e3795f4b5b1e943fc948147fcebc,h103,-2,results/raw_reference/586ff08217e6aaaa696eb10e47e8f0263176c40bfc9d2f47e06489d32c72442d.json.gz,True,False,15.174393599969335,,archival environment/concurrency not proven comparable or incomplete execution
1c04e7148ee345699c0611ddd07b710992283801ae70a5bc5b4bed3407e88ce5,h103,2,results/raw_reference/82992e2e8ab8a888961197318d221942ec52e188f7ae7c7457d39e7cf90cad82.json.gz,True,False,14.383218700008001,,archival environment/concurrency not proven comparable or incomplete execution
e0b00a0a6cf73dbfae50eac40f9657a57caa824b0774ca07b020243ae9769487,h103,0,results/raw_reference/32e2e974cac749d393437f789ea77761feb0569415985320c4d20032545cfc73.json.gz,True,False,14.607415699982084,,archival environment/concurrency not proven comparable or incomplete execution
dc916541b769f0f35c088ba8de3ce8ce80fdd7abaea817068ebb8bfb6d3c5a55,h103,-1,results/raw_reference/702442d3ee5eb7431aa8f351fade2fae398d7d857834e235042e1be22be2b288.json.gz,True,False,14.463434299977962,,archival environment/concurrency not proven comparable or incomplete execution
36211ff5fb66be54adcf6ad2610005363782eb7085188182b27d99a5ea0c376a,h103,1,results/raw_reference/f9ec99556c6e6d170881150dd84e2a9790bafa9bd3af2431c5f0850b8f62f0d5.json.gz,True,False,14.689784599991981,,archival environment/concurrency not proven comparable or incomplete execution
2e6b4cab6434afae2549dd88201ffb4e87bd66974575cb58005cf090f0101c6f,h103,-2,results/raw_reference/d5f13d06f0dee606e4c5ab97ec314bd63ba669569d1af468e2f7ac247fe0a88f.json.gz,True,False,14.204377999994904,,archival environment/concurrency not proven comparable or incomplete execution
dc082d7bbea1d42dcf8a282a51f4cb3de54c40913d8bfd811c5f8849032cb184,h103,2,results/raw_reference/33408bc93569861b76b5e0f0734177f2b893a1619f8bba422be57fbf034d5831.json.gz,True,False,14.453706100001,,archival environment/concurrency not proven comparable or incomplete execution
94db03bf901a012bec294c5ce2fb4d27bce4597045977800edeb5a6f98aa2dd4,h103,0,results/raw_reference/e41530d965dc79b5288e47b37c32c910d2f2c24bfe18c97470bb39f7e3b4f4ec.json.gz,True,False,15.132103600015398,,archival environment/concurrency not proven comparable or incomplete execution
29ccf474b180ab4c8752ba7d96266ad7584cb1b739b42eb18f7901e28443c1da,h103,-1,results/raw_reference/76ec69dd01b25f0f3b42e4d3fb4888811f5668f659abd8b618b0624659483584.json.gz,True,False,14.454526300018188,,archival environment/concurrency not proven comparable or incomplete execution
d5af9a49af087153988d5b5886b00a0fd16260f404d645aee5e708e6dc9af4a0,h103,1,results/raw_reference/e5c541fd6711e9816b12f9db412b704b611b274f00f1ed6845843d6c2a663bab.json.gz,True,False,14.804601400042884,,archival environment/concurrency not proven comparable or incomplete execution
75f3745259cb503ff007fc0ae5692255fb7ef420410b8f5fa4a96db4b27e0a6c,h103,-2,results/raw_reference/af4e9ef42e363dac97a849295d52e4e62662fc2d74075b1bd00b2370d54cd0d3.json.gz,True,False,14.785794199968223,,archival environment/concurrency not proven comparable or incomplete execution
065e9650ef2e84040ac38126c414b7d3c0c304e482dbe50d4d8fed4f9b1bb6ef,h103,2,results/raw_reference/fe62143baacf362edf7c930021a3ffba0114b907bd47be45b3c3fdc5630c9950.json.gz,True,False,15.195442700001877,,archival environment/concurrency not proven comparable or incomplete execution
e0041085c46b8b87a483b588fb42972bcb5b5e6e78cef7e52b910ac1230d1c62,h103,0,results/raw_reference/266c2c8a9a0c43241963bf68bfdc20b95f705c8654b09ab8bc8703eb4d3dab3a.json.gz,True,False,12.431596399983391,,archival environment/concurrency not proven comparable or incomplete execution
89fe599bbf832be3e240a03d6bc4cf131ddb012bf06d5486740f6034ad4502e4,h103,-1,results/raw_reference/3d12e63ed492239666c29edcf0b520922f02bc1f80a1a49b7e3a7c268668caae.json.gz,True,False,12.523366899986286,,archival environment/concurrency not proven comparable or incomplete execution
e6b33840c11087779410c66fc2ee2adc9ff86a206472610d3ba89eb9c815df1b,h103,1,results/raw_reference/eb6bcb8bc0bc5f342dc55bc060480e52085b396b795f514581ac14bf49704a28.json.gz,True,False,12.333164700015914,,archival environment/concurrency not proven comparable or incomplete execution
a07aa0034ca11e1066819798323b6b2f3d63401c7ba707cff2394d5c0c744a37,h103,-2,results/raw_reference/e97007566dea8b939b4798baa42d21d0c9b98fbd08803da078f2f5ba57b4e10c.json.gz,True,False,12.344251000031363,,archival environment/concurrency not proven comparable or incomplete execution
9daa858ae53e978c2c868c9892d52dc5c276356aa31ceb080a939d3285a0af1d,h103,2,results/raw_reference/07372c2454fae76f93506a713ab5abc6b64b4f88583fe3a56623d067eb23d1fe.json.gz,True,False,12.421649699972477,,archival environment/concurrency not proven comparable or incomplete execution
85752b4ba15dc478eca0fd1e31c5a2d056a953661372dda3c2608136b4e181d5,h103,0,results/raw_reference/e2971e18ca497da0b2105e440ad03e25642cbdd33bcd4b955a75cb451443cde1.json.gz,True,False,14.665627699985635,,archival environment/concurrency not proven comparable or incomplete execution
b0f42edc8f265bde42ea754a3c114381fd9ea6e43cc3afaecdf11f0c5d4a3bf5,h103,-1,results/raw_reference/0609cf7e77543c26135c1adeb59752b059b287850d7d2346746de0472302cbc0.json.gz,True,False,14.47140630002832,,archival environment/concurrency not proven comparable or incomplete execution
e0911d649417c83fff5790f6a0cf1a9cca06f7f7cfbc7f5e45413e86095aa3a4,h103,1,results/raw_reference/d38244aade5a877bb0019dbc22a39657ee614ae320253ba01c8ea9d19010bb69.json.gz,True,False,14.555156600021292,,archival environment/concurrency not proven comparable or incomplete execution
5caef2f4e28756efe924a4d1df9828e24138dca039798eddefe4d0bac2e1c751,h103,-2,results/raw_reference/ab2f504e5ea0beb385824443d1df2019833d067b9a8f3bc31a36f8e7326810b8.json.gz,True,False,14.553495000000112,,archival environment/concurrency not proven comparable or incomplete execution
c69ec7d66344f017825286f87e387ff7ffa123208d1fc7d003fbbda8eb58878a,h103,2,results/raw_reference/ece09122414382d12c2d24831ce31a2791fdb55fa616800a8e4860dd8ab8dd08.json.gz,True,False,14.961936699983198,,archival environment/concurrency not proven comparable or incomplete execution
d84e79bdc7dde4e37514f9ce7d4f58b0ad194e61742d610ca7d1183602a77e95,h103,0,results/raw_reference/7a39fd8d2eb1e558b25b7fb5aedbdc4fb903952c9a911cc1160c87ec19588ddf.json.gz,True,False,15.094410500023514,,archival environment/concurrency not proven comparable or incomplete execution
61bce2a06f0a6b05eac9c0353dc95320a28f627f86a426acbb1f4bc0c40a571f,h103,-1,results/raw_reference/9b0da8bedd2ade4918ce4ebee86c311a5a819e952cc71860f56cd24dc4985c27.json.gz,True,False,14.841786900011357,,archival environment/concurrency not proven comparable or incomplete execution
31f24f059ac2789e014a1be58bfe1510bfca05cf1edc9fc947c8d75e7af5f317,h103,1,results/raw_reference/1e96f20b20dd2750613901a0a1be6392ab1ce3658e6983b699bae8f4951968a8.json.gz,True,False,15.056403499969747,,archival environment/concurrency not proven comparable or incomplete execution
3c206bd792b304bf8b34c3327fdb4ead18c95358cb3ffd110335832f50fb28a9,h103,-2,results/raw_reference/42e31277c20260e20e62cb9b9e289f84b5577a04f52811ca7edea4563b6d2789.json.gz,True,False,14.74571059999289,,archival environment/concurrency not proven comparable or incomplete execution
8f2e0701c4ab2ca9aa664d3fc15ede1809ddd01454fb5ada73a5c3b72402cdb6,h103,2,results/raw_reference/6046bece00e6caec609ec5801f4d2552e83878d6527a5a5f044c8036d8b34c74.json.gz,True,False,14.986686800024472,,archival environment/concurrency not proven comparable or incomplete execution
aa104c972dd88836e737528e61ef237397b4a33b54c8fbd72cb4203320ef7903,h103,0,results/raw_reference/952d3858cc47554c3688a8217f452dbbc5d2050a95e0a11c339b4d8441f43904.json.gz,True,False,15.193962499964982,,archival environment/concurrency not proven comparable or incomplete execution
71aab4714ab8da0ba538ea6e5c1ebb3c87eaf7fc69410c7ad416c6bc88d5d98d,h103,-1,results/raw_reference/38bf52f1725cbf5c3e07e4cf4ba168fe5e47d64ed8d835ad6b850939e2485f6f.json.gz,True,False,14.728545000019949,,archival environment/concurrency not proven comparable or incomplete execution
27c4b2618f575148a6ef65e1cba2506c0d30dcea025629678e4aca3b6d2f4195,h103,1,results/raw_reference/67d2cef6b9e134e750aa06730c0a6cbb9ceb7803c661a93c7296e1c1f3f9682b.json.gz,True,False,16.871556200028863,,archival environment/concurrency not proven comparable or incomplete execution
6594af79e7eab951dae15a52850968f0251eebbea66924e5a7780dba1a9ad2e8,h103,-2,results/raw_reference/abf361efdd88943d075ef815fba40227c2bc9bf900c2cd258180b9c0a595c493.json.gz,True,False,14.810461699962616,,archival environment/concurrency not proven comparable or incomplete execution
e9260e300b78dcfb637b6107a2c41e64970c8fa2541c4314981104e2c555657c,h103,2,results/raw_reference/15fb781090aced1449fd75a1d37289696a1ca35b44fef040ca0f9fcd379b019d.json.gz,True,False,18.789918399997987,,archival environment/concurrency not proven comparable or incomplete execution
ab7b11859172fb6a03b16dcb20a8869a4a2906139de4cfc496a78c1d5522c085,h103,0,results/raw_reference/46a9fe8db110623605d4f28840cc1e29d12e0c1b04659cafdb424303dd1769bf.json.gz,True,False,15.007406299991999,,archival environment/concurrency not proven comparable or incomplete execution
ea05666ca3c4306aac73dfefa0fa2335c248a4c2df1359ab461243edc18ee8d9,h103,-1,results/raw_reference/0b576d2b1778319af9fbee8cc7db767fd98aadd272b73b97f254cdf14976209f.json.gz,True,False,15.055635199998505,,archival environment/concurrency not proven comparable or incomplete execution
e58a417c89dca564c4806bb91269e3ca6e64608d1a847486522b153a3c3643be,h103,1,results/raw_reference/3759fd81a97c4f462762ef0a2a68d136c4b477085f5d85b6e15146302b920bec.json.gz,True,False,15.654244799981825,,archival environment/concurrency not proven comparable or incomplete execution
384f42137098ecf4ea7bb2f00116e27acdf52a5390e4bd105319e4c1f237f74d,h103,-2,results/raw_reference/a7171fef73c4ac984421a748d09d4e04fe889c3454d2157804cae7bf177551e0.json.gz,True,False,15.450112599995919,,archival environment/concurrency not proven comparable or incomplete execution
013d66dd9c2d701892dbe12780a07e3256e81cf8da4391b3771a54b3d9e484df,h103,2,results/raw_reference/42e1c426ef61df467ab60c183be3e33b0025636401bb52a97fec269130068864.json.gz,True,False,15.303844700043555,,archival environment/concurrency not proven comparable or incomplete execution
9fadbe84711c06b6efb8e61efd548050b95c3b2e7878e4b7fb37a0fdc278543b,h103,0,results/raw_reference/2bfe79e5806a730205936655a91bb6075c3dc29aecfd45216c378ccaa3e3cb62.json.gz,True,False,14.430641799990553,,archival environment/concurrency not proven comparable or incomplete execution
d81244ff98d8a80637e644761edb08ad4d1da03edc552aa75a5d22518dbccef0,h103,-1,results/raw_reference/687f787a979489eea71c59ca562319472c1d4dc94d30d40afb18077f580c5d7a.json.gz,True,False,14.450600699987262,,archival environment/concurrency not proven comparable or incomplete execution
e003526c6e2eb1d3066024eec7f71a9370a83d348ec6e5d6a49aa0eab3b3711d,h103,1,results/raw_reference/2004a223b8962839d2dc4b219f051d1ef904d54d0537f2d84a9229f6dffa7d77.json.gz,True,False,14.726745199994184,,archival environment/concurrency not proven comparable or incomplete execution
3dcacb89d46fea755309082effce83db5164e2ec123cc7efeb7f032c219f2c75,h103,-2,results/raw_reference/0a3af5652f168eff205c2ba46aa2275b8a127ab147fe61731aaaafed0e780ca3.json.gz,True,False,14.272740700049326,,archival environment/concurrency not proven comparable or incomplete execution
0b2ff41ea629b59f661e48745aaebaf89e8516748253e2ce4f68e4310179fa5e,h103,2,results/raw_reference/f862101ada76fb71367ff8d9f1c65b1cd0ceed0299fbbc171e6232bb70f79b7c.json.gz,True,False,15.417814999993425,,archival environment/concurrency not proven comparable or incomplete execution
bd328d604b5f16abb8d0e3479c8af31ee71a863abdb9a587aed2dd6a84f8ac1a,h103,0,results/raw_reference/518fe6627c3965a26379b2b13971f5f8a084503e94fddb5792383beb32194d64.json.gz,True,False,12.300204299972393,,archival environment/concurrency not proven comparable or incomplete execution
c8575b84a966a033bdd9b29f177fe739115173a91b53b724582647ce94ac928a,h103,-1,results/raw_reference/3a3ce576d5efdd9c7638dc701772d2c8ea82bf6e6bf145c9a7de00e71d04b86c.json.gz,True,False,12.338085700001102,,archival environment/concurrency not proven comparable or incomplete execution
33d7512f39ba92e6377d545cc542b8a19783ac64f1f2b9215c9a2d8355c27d44,h103,1,results/raw_reference/47dcaef11fbe6236b523dabc430ea04a2a76100de80dea450eff79158372702c.json.gz,True,False,12.279849699989427,,archival environment/concurrency not proven comparable or incomplete execution
bf255663966d99c3f0b9f57ef09425c4267ae19fb92acb281b7f909042b0f384,h103,-2,results/raw_reference/3969f51ec85f3fd3a0acdd4f62eaa23eee5c4fff71e9a6141ddbc5cb988b7993.json.gz,True,False,12.456053300003987,,archival environment/concurrency not proven comparable or incomplete execution
b3d73c73817ade123cec61ec3380860a9be69d21bf73d74fca8dd84389a45478,h103,2,results/raw_reference/3905c73b996d5b66788da6f5506975f23d6d8f7885ac655a68ef08a435d3bf9a.json.gz,True,False,12.340816899959464,,archival environment/concurrency not proven comparable or incomplete execution
5ad25217821b1aa12bf7b845e84703ac472d41fe7471f16024020fe3decd1950,h103,0,results/raw_reference/35b25de469d1fdf5cf69a76ed4e3e195f930ca23d88c35708dfea32aff1cc82a.json.gz,True,False,50.147624083037954,,archival environment/concurrency not proven comparable or incomplete execution
c4d23117bb421dbb375a855a566dfc089cd15df3b373353c178a0ce9a9d93521,h103,-1,results/raw_reference/57c7da0291cf4bf747b30d8974c8173a0e940ff8fed34febd1054e75971abad7.json.gz,True,False,48.394345749984495,,archival environment/concurrency not proven comparable or incomplete execution
860ad2c007b2c43f0d70d82b1456b9eecca54879d8490d8b5affb6fbc9ec36b8,h103,1,results/raw_reference/ee8720b2d1f01b226e6cf7f4f66b23b41d5ad3cd9bdd6c790ffe9cd95dcd61e6.json.gz,True,False,36.22206979198381,,archival environment/concurrency not proven comparable or incomplete execution
d6b3acb444ab17fa720934f79cceeeb1084a7832776b30b04db372354f39d1ef,h103,-2,results/raw_reference/a4c735240223a726eba8f808b2f8abc3aacb7f56937305c51a03e240d482a785.json.gz,True,False,38.30794391699601,,archival environment/concurrency not proven comparable or incomplete execution
a5e52e307534bc760e5a5c7477800f6926c0bf9066ab752c1ec4089ad3d86ac1,h103,2,results/raw_reference/fd3e8b35adb990bd89fde2d0dd69efdf2c74bf3fb146271343c5b5ee8a6088c9.json.gz,True,False,37.9207045409712,,archival environment/concurrency not proven comparable or incomplete execution
55990ee6f7821277d5e0fa1794d1e6210eeeca4fde410ed2232d7a6521e6371d,h103,0,results/raw_reference/a5011f326dbe8e3b90b289b7998b7852dead7c3e118f15e917558deb2b90965d.json.gz,True,False,39.25684020901099,,archival environment/concurrency not proven comparable or incomplete execution
46533caea83a5373fc4a23ccf860663d30e9d3ff66132041c7dd7ba437a52cc1,h103,-1,results/raw_reference/5f3fff7f494eb37e2c540a9a445c1629139ae28f0f5794278ef86838623bc3fb.json.gz,True,False,36.81234683300136,,archival environment/concurrency not proven comparable or incomplete execution
3e59afbf6f98653eb0d23749fe9f20a0428c68d59c826e3107636df10869c4ec,h103,1,results/raw_reference/a2cad65bc2d9c57d8af0ed4008c6c779405f72ae7178e598636d804acd8923dc.json.gz,True,False,37.45987945899833,,archival environment/concurrency not proven comparable or incomplete execution
36b7153b4a972f1361bbe7c7746c21e5ccd724c2f0881d5c536a3ec0972ced0f,h103,-2,results/raw_reference/3909a60ca4a903009a65506c740c8196cb76ef85a9e513d53ff802b1a8a3b14a.json.gz,True,False,40.790299125015736,,archival environment/concurrency not proven comparable or incomplete execution
034f17d106795e8c257738c9cc8bceb7b32ccb12f2ffd531519de690b800704d,h103,2,results/raw_reference/706c7091d9c8495f79bbc87bc84c8a8814236526b9d4742b4b8f42e51e39ce39.json.gz,True,False,94.393675083993,,archival environment/concurrency not proven comparable or incomplete execution
34ae4cfd17cffa28c2eb813234a6680f35682376ee688fbf1c2a3688cf017f61,h103,0,results/raw_reference/1d38be068689e0088094ef2499d3bc94dac72b7f80f75dfac02f0c87d1b28148.json.gz,True,False,58.42459599999711,,archival environment/concurrency not proven comparable or incomplete execution
818454d35ce06df654adf5ce565a43c6e9592de7887c1d9b294d7b554e963e6e,h103,-1,results/raw_reference/b2142e6706c846b85b655f409021e4f5ff537ef99002836f5a51a75791df0ca9.json.gz,True,False,57.67338987503899,,archival environment/concurrency not proven comparable or incomplete execution
2ecf844e7f0b82564874e83a74e62161be2ae3be684cd7437b64273f81fd7ec7,h103,1,results/raw_reference/6d0034f33a33d8af5f17cd0aac4de9ca1ff176cafa3732000907a7ff987f3d17.json.gz,True,False,43.51359454198973,,archival environment/concurrency not proven comparable or incomplete execution
26c056b72e733dcc09b10452e3700716eef57e9dd937ece5368d43836523a983,h103,-2,results/raw_reference/732d785bdbcc1b3cc1095b747c5a3a918c5ca61568139b55e6a5f2b084f1b8e7.json.gz,True,False,95.23001770803239,,archival environment/concurrency not proven comparable or incomplete execution
bf8c47bb81aa549e50e93c0fee0d08dd1dea619e1d4e96cf18a35a237cd94343,h103,2,results/raw_reference/0dd2ff8db6f5f41005117ecf4d5cc78550a2ecee3a217383cba788284500d6b0.json.gz,True,False,43.668057332979515,,archival environment/concurrency not proven comparable or incomplete execution
e96216757b724ed0a1e98446b0fecf560fc3a88f858931bb8cc2ce3fc4525ba6,h103,0,results/sla_sensitivity/reference/be30ef3ec6c057eb854a3ddab86312699c278128029ce5d87fd926ef62edb0d1.json.gz,True,False,13.502226900018286,,archival environment/concurrency not proven comparable or incomplete execution
87d0f33e504a307d3cc875bb2542256412e64adf918d1ab4ca3a6355da492e43,h103,-1,results/sla_sensitivity/reference/dd17f9306457038ce4f9d0879ff698e7067d323fa355a57545f87be6d1dc924d.json.gz,True,False,13.74399370001629,,archival environment/concurrency not proven comparable or incomplete execution
d07cac1f226eb276a21ea928abefdec881a0a9e4f19ac7f6195df518f78da2cb,h103,1,results/sla_sensitivity/reference/c01633b2b643a778202cacc1d661560f03839922310adeaa8ca74049d3bbb339.json.gz,True,False,12.978763499995694,,archival environment/concurrency not proven comparable or incomplete execution
8a22156ea8960e1379fca0b9e6a8f76b1da7ea80e97aac085fcfc3330f103657,h103,-2,results/sla_sensitivity/reference/b856d2758352a81c061af2529e92055ec54f7bc695677a82737204a5bc2cb8ee.json.gz,True,False,13.882888399995863,,archival environment/concurrency not proven comparable or incomplete execution
6637d477b0209f469064d2f33303b407556a2015696e7d48b083cec3c52e3898,h103,2,results/sla_sensitivity/reference/e89e6b0469ea5be23a203ca405731dac2c937cf762be597d158e09026d154bb6.json.gz,True,False,14.346897400042508,,archival environment/concurrency not proven comparable or incomplete execution
90b081e9af14b120261897e1161cd067d9864c11888fc8ed26f181df0e9b76da,h103,0,results/sla_sensitivity/reference/3ef62c32e9e6303bd4144c5685089f0dd8be9b0fb69e4c442d990358b1596d05.json.gz,True,False,19.13676130003296,,archival environment/concurrency not proven comparable or incomplete execution
5dc10ad7acc991c8ada34babea4650b562221f96ac9d149058149ca32ffbd44e,h103,-1,results/sla_sensitivity/reference/4edfcd06b8d0815d305647f66cb22b165947bf4e38bec94bfed5eeceb3cca517.json.gz,True,False,19.892497100052424,,archival environment/concurrency not proven comparable or incomplete execution
1d7ec3ef656bf72e4d6ed4ec6c41e526a32bea1ce99d5e5ccfde58ce67f38aa4,h103,1,results/sla_sensitivity/reference/7bed536ebdec5e96192371a7b24196683424762088e1230226dd80a6cfb01057.json.gz,True,False,18.712329900008626,,archival environment/concurrency not proven comparable or incomplete execution
c0791b6fc54ee5c2f504a5980cdc0ff1930e18586d8e6d2133b01d23d938f178,h103,-2,results/sla_sensitivity/reference/7fa56d69d2d1e8aa16826d3efb6770a5d77453c193353848018dc20bd58da289.json.gz,True,False,20.21941669995431,,archival environment/concurrency not proven comparable or incomplete execution
868216785e7fde36c6799cf40fff313589100a274c57f7bfc9aeefdb50bdd106,h103,2,results/sla_sensitivity/reference/e75473cd7beab8f0c085083b032f89daa3df686494f57fb6c1b537709f1076b5.json.gz,True,False,18.33847349998541,,archival environment/concurrency not proven comparable or incomplete execution
c33869e4a4bd808e0812b3fa864409f327f1d5a55c502c47682283497dfe980f,h103,0,results/sla_sensitivity/reference/be9a24bf7be845986611356e1bade20bcc46d8bdc4e6e93d23372cd40179fbd6.json.gz,True,False,19.266446500027087,,archival environment/concurrency not proven comparable or incomplete execution
09c74f8fe153a6b8f14073381406638172db9b9de5119893dd4d6317aed0aca4,h103,-1,results/sla_sensitivity/reference/077e2976ffcaa7d561061efa19b36e114b548536090a88365c282d6fb6c3d404.json.gz,True,False,19.679742599953897,,archival environment/concurrency not proven comparable or incomplete execution
c09f3160c0e9a3cd32de4f2d5fc5ea1132e3d88fdc2c52d8ea260fcf65d23db7,h103,1,results/sla_sensitivity/reference/e6bbc6218e1591ebcff5e8c9ee3db0ddfdf1a039703e8e6ded1b62bd5e9bf385.json.gz,True,False,18.99467960000038,,archival environment/concurrency not proven comparable or incomplete execution
9d63676b22a039c89cc1823c989e5b71d4e23cf6f16a5039fa64e50a9ea3bf5a,h103,-2,results/sla_sensitivity/reference/02fabadaa8bbd22b4b5ae14633f5c53d35f94d0266238ffa29af394771c68d09.json.gz,True,False,19.76992429996608,,archival environment/concurrency not proven comparable or incomplete execution
30b98fe434b90901017450eabc2d8b977e6f3d116a90120b3513cefd5b7c2b77,h103,2,results/sla_sensitivity/reference/312f37365302e745c13b1d4d14b4d4c8d3e0eebc267ebd73c55807eabc30eb15.json.gz,True,False,18.245429900009185,,archival environment/concurrency not proven comparable or incomplete execution
f70a510795d91ff9c7fb967490513dd5bf814c74cf0dbc1894c86697ce7e98ca,h103,0,results/sla_sensitivity/reference/1132fb7fcbf4ec9809f24b6c2f4519852fd922359705916eb226b02549d34133.json.gz,True,False,17.385154200019315,,archival environment/concurrency not proven comparable or incomplete execution
07389a20a9f9c9a2b7fbffb87ce5bb2fb6562aa7e0970779345bcb551dceaf5f,h103,-1,results/sla_sensitivity/reference/398457ee405fb3f2ac1151246b2c03da11460563ec1c95cfea22640f821a82a7.json.gz,True,False,17.26730469998438,,archival environment/concurrency not proven comparable or incomplete execution
7db0723703efd40f6c12b7a5d7c0a234b5138d206df0684997b9a44232396a51,h103,1,results/sla_sensitivity/reference/0e5d77444ce31db4cda7786f1f3995f660b6ac34ddbd0ff2c48fc7a65ea05a82.json.gz,True,False,17.423446299973875,,archival environment/concurrency not proven comparable or incomplete execution
3dca0ea0635363006358155c2c4228a95839b2304b05e11fc9d86bfb2c47eb69,h103,-2,results/sla_sensitivity/reference/39e227d5800f37535622504ad5f96fd85cd7fca14e627717401cb6f681413082.json.gz,True,False,17.211398399958853,,archival environment/concurrency not proven comparable or incomplete execution
a4216a2066542ecfeacef782574d85330c28864e85ae2b6f3af50ade1da6a56c,h103,2,results/sla_sensitivity/reference/818f87df7288d071f0a9e4d9fea4a5bbb97032676e74d117a75964ff0c04b6ae.json.gz,True,False,17.28685360000236,,archival environment/concurrency not proven comparable or incomplete execution
dbe4a948de6a8a8736ecf9572de3bfea1eba6e54e905601841aa20c4a2353fe2,h103,0,results/sla_sensitivity/reference/ac68c2fc34878ef5f0796642667b9805221e286cba41a9242da5fc64287e59e3.json.gz,True,False,19.201927900023293,,archival environment/concurrency not proven comparable or incomplete execution
220054e5ae5ea31525dc6e59a34c251155f8ef793580134389fd9396d87d44ff,h103,-1,results/sla_sensitivity/reference/1359161c7d90b0fb0bc0efe9133d792ef6d727b321a81dba162794f21bfd63bb.json.gz,True,False,19.354419499984942,,archival environment/concurrency not proven comparable or incomplete execution
92138d3041d2154275af9d7507f3d6490ae2851ee98349437393922cc3936633,h103,1,results/sla_sensitivity/reference/f220a45cf92dbbe0fbafe56d2202ffbf3a1d92628a96803cc2d49a006ed32547.json.gz,True,False,18.792765800026245,,archival environment/concurrency not proven comparable or incomplete execution
f40ac16d3be16f1bf235a107eaf4d747bb57f1e5e6dc17f5d5ade5abf175e0cf,h103,-2,results/sla_sensitivity/reference/65b17731c4da174583eaa690d9b5aea77ab6e23e84c262b27245eea1ba7b7fda.json.gz,True,False,19.771389700006694,,archival environment/concurrency not proven comparable or incomplete execution
bd8524ddf054e70a8bf68750920acfe99f59835aa786e1fc9587d12feae26875,h103,2,results/sla_sensitivity/reference/c7074bb13378b92b5bb18f06a69004a49792c369230d5143476e90b5adcadc7c.json.gz,True,False,18.997228500025813,,archival environment/concurrency not proven comparable or incomplete execution
c3d43418406e9a995cd7ad1b50c01d68f58cd7c30e3989abfce32bbd5a31e0a0,h103,0,results/sla_sensitivity/reference/a9498ccb97f8c4447f2ba2a89c707ec8b7817207bd6469c3eef3c26be10264cd.json.gz,True,False,16.573446700000204,,archival environment/concurrency not proven comparable or incomplete execution
52449a5b87175ff612ae0ddfb3c824951ae8e2f4acc5281e4c9ae6089ef356d2,h103,-1,results/sla_sensitivity/reference/e40b6e08c08276dfba6d3663bac3dc49dd785d4d87338692f494ef9aa74ac77f.json.gz,True,False,16.772828899964225,,archival environment/concurrency not proven comparable or incomplete execution
78d5cca3a12a6ca4978c605e92677b5fed9cd85645b32c18e3376806cf762c52,h103,1,results/sla_sensitivity/reference/231fd1d5091d7dc01efbd77bc1f89cb37d5c8b3f8b6c0ae704a9af23268e0d31.json.gz,True,False,15.460995099972934,,archival environment/concurrency not proven comparable or incomplete execution
4e4e35d514850a467eeaaa081b71c68c6436c955cdfcc39a5eccfb1c6239db5c,h103,-2,results/sla_sensitivity/reference/6c0680aa94b2e045ba8c39a6ae60b2fac212072604d6cc584c6a8344017fe3ba.json.gz,True,False,17.55776060000062,,archival environment/concurrency not proven comparable or incomplete execution
238ccf880956adf8b7bba8276f5cdc2553f098bf8190fa18b95dee4097b50c5b,h103,2,results/sla_sensitivity/reference/099eabab3ce275e083ce066349c089e6d9123f666641bfa7cc009e8f13d58bfd.json.gz,True,False,14.863788300019223,,archival environment/concurrency not proven comparable or incomplete execution
17223bd713784cc8c45242782f1e38f6aaae6330afa3c8ece2beda3601202e45,h103,0,results/sla_sensitivity/reference/a9d3cd67c9c60760b3712ec30696860540f2cdbff0690c6230f08f5d7e3ff90c.json.gz,True,False,19.18575599999167,,archival environment/concurrency not proven comparable or incomplete execution
c9a9ae3d83cf2499db093c3c8a4f02b961a9a5cd2a4421030addf862c741212d,h103,-1,results/sla_sensitivity/reference/fbce93cf9a4c3305967e746c94717a3a2d3721c474a01b0d88e5079c2d80b216.json.gz,True,False,19.424862200045027,,archival environment/concurrency not proven comparable or incomplete execution
73c5c2df648e32fc58eb4a8631b558924fb4379ff4c298b82b2f190b1d20d7a5,h103,1,results/sla_sensitivity/reference/a54e141b525a444cce91bdc2323d8250f759bf78dddb44f984435e651161ff91.json.gz,True,False,18.83197050000308,,archival environment/concurrency not proven comparable or incomplete execution
7de4140bbe5e4bae98e62014cf33eb54e6a00baa9c3a8e70beea96127f310588,h103,-2,results/sla_sensitivity/reference/6bfb3cc98650c45f4b82f9e97812df16c27173526e19ab73b296a8f068709674.json.gz,True,False,19.31666369998129,,archival environment/concurrency not proven comparable or incomplete execution
a16988cd2796151b07540df368a76df9f7dc4beb6a78fc095c61a05a90630acd,h103,2,results/sla_sensitivity/reference/8ed7fae946520c51ecffd79268c8fc116573b0af07b9ee1b4b321b307d68671f.json.gz,True,False,18.661420100019313,,archival environment/concurrency not proven comparable or incomplete execution
f2dbb430860007ea378068f97100a413635d1f35e05d2ad06cd4d33b6d2846fa,h103,0,results/sla_sensitivity/reference/f5305d3d7eb7c57f88236f4ec3e32721c9b1ab31f7a966ff4a621294b993201e.json.gz,True,False,17.51759039994795,,archival environment/concurrency not proven comparable or incomplete execution
7594fda9e23de9589457acb01857690da8deed2d7309568d89b57ab05d4bfe6e,h103,-1,results/sla_sensitivity/reference/4cb1f91dc95742732916b4689d837327506162f815613ffdc6158dbc01ade13f.json.gz,True,False,17.6486877000425,,archival environment/concurrency not proven comparable or incomplete execution
5472a9492132b359909a6244a41ecff17419bd0d04ea4d1a4ea0132559b80f61,h103,1,results/sla_sensitivity/reference/d75641c1f66050270bc4e8edb45c85fc368fa02bacaa431dac0a67e0e67ed2ed.json.gz,True,False,16.346891799999867,,archival environment/concurrency not proven comparable or incomplete execution
5818bbc98b1e41618fee55a4cb464f859964dcc1651a0bb48aa1a355625cfeac,h103,-2,results/sla_sensitivity/reference/4e1384be700eda7ea6021bef2a9c7af9fc3abb9283c0fe585f275a4f7a3974dc.json.gz,True,False,17.71198550000554,,archival environment/concurrency not proven comparable or incomplete execution
6ae0ea4879620b17d98645ca8340037d07b0b9c1fe6bae99c434a702fc6c7b0a,h103,2,results/sla_sensitivity/reference/a980ff342841d9d0d5055111a0b7bb4c4fa237bf0517a8d5e6dcfe21e6308d64.json.gz,True,False,16.92161690001376,,archival environment/concurrency not proven comparable or incomplete execution
d636da1e1cb5149313aedc0e262497a0de1e8a3969b5c22f4accd4690c228d54,h103,0,results/sla_sensitivity/reference/1750b89b82e24cfc844d439c030f4803443fc1b508bf52f032199c1ec654c333.json.gz,True,False,18.951610499992967,,archival environment/concurrency not proven comparable or incomplete execution
6c6cf86eb1a32da694fc78d3b35122c0ce07e7d3da3e11b0969698f810a238c3,h103,-1,results/sla_sensitivity/reference/97eafe00e5e3de75b14bc8dee849387b1ce460a5d1130b128bc4fbabdd7e0550.json.gz,True,False,19.067081700020935,,archival environment/concurrency not proven comparable or incomplete execution
c36f051eece2f214bddd75b1686a89f82e474dc459d45c2a3cf19f422971713f,h103,1,results/sla_sensitivity/reference/f7e41edcec7446ca93c88b11c0f0b8ec97434ad9e37de7912010479bb0d64a90.json.gz,True,False,18.86476440000115,,archival environment/concurrency not proven comparable or incomplete execution
e044bd249248cd6ffd855ea0fbe034e36e6ea03354a95c341a4dfb57d6e0385b,h103,-2,results/sla_sensitivity/reference/ef04a9125658f44b6ff7e6154616742fad7e7a68860a1fb4d12cadc5e4a4ede9.json.gz,True,False,19.664555299968924,,archival environment/concurrency not proven comparable or incomplete execution
93c5c10594ce4903297e02b6dcb3cb2e7b223eac6f4c96a0ea59904460393729,h103,2,results/sla_sensitivity/reference/574402ecd5506da4126bacc53e10d4bd6626ddcd0eb3a2b7194a2755d6a481c3.json.gz,True,False,18.52642740000738,,archival environment/concurrency not proven comparable or incomplete execution
e5eebf3f80de2557440682accfbbabdb04d36e29bce53157ad85c20e9664c8f8,h103,0,results/raw_reference/059d4a862492bb228870e1bb360935b7b0d9a1c394172abbd42bf5afc3023d60.json.gz,True,False,29.391306875040755,,archival environment/concurrency not proven comparable or incomplete execution
410f76c4bf4cef1a61b1298a2c41e607bdde4930482d5a2fda97eadf93a94f80,h103,-1,results/raw_reference/49e5e48d70826e75a615a5d5ba9482360080eacdf734023c71720c78c664d70b.json.gz,True,False,41.392901042010635,,archival environment/concurrency not proven comparable or incomplete execution
1029e5250da76c8db51de0efd4f552962bc6b13b58094fb36e0e1993bedc49c8,h103,1,results/raw_reference/ef6458f716e25fb84cc249d6eec9ad6f5bd1f2e4fe13e5392c215d1e18ab8dc6.json.gz,True,False,34.058423042006325,,archival environment/concurrency not proven comparable or incomplete execution
77e5604722f87edfebaa6753a6a084b271970fea57e48c2b345df4d15bc7e4dc,h103,-2,results/raw_reference/cb66c90a47c043164680f618b45d353e7106b132eb49bf39db716d295165686e.json.gz,True,False,44.05038949998561,,archival environment/concurrency not proven comparable or incomplete execution
f07e39811b3f55930b02ca5bffdcc0b5cf10a4abffdd378b7c2cf2b1dd02ec20,h103,2,results/raw_reference/d05390e3598d560c9d23867eab42d7c6c6a2c6a22c0dd34d56378c10ae6efb2c.json.gz,True,False,34.23534529103199,,archival environment/concurrency not proven comparable or incomplete execution
8cc970b8bcf4c233e23c1fac4c02c6d4110c3aab524c20572e3118b9fc31eb27,h103,0,results/sla_sensitivity/reference/1e1d584f5f0bb753669671d3ae9051fab21f8cf3f087f74dc47d34d75154a207.json.gz,True,False,15.06068569998024,,archival environment/concurrency not proven comparable or incomplete execution
8a16511dbdd1260238507951fcc1940b0f7d40a9a5d0dd75d668b2d352c501bf,h103,-1,results/sla_sensitivity/reference/a46befdf1d87c3f4dfc21da7a69c146f721d53fe0fd91000557b85d9234ab768.json.gz,True,False,14.67289820004953,,archival environment/concurrency not proven comparable or incomplete execution
47f0bbc8f985e4430ad5367b692d454604134ed0696662f74394812d179c2ec4,h103,1,results/sla_sensitivity/reference/5979f25c78030bf1dbb860eeac29a700ee2c6c306b6030233decc54d847d23e3.json.gz,True,False,14.834474200033583,,archival environment/concurrency not proven comparable or incomplete execution
3488de0c0043aec78be520dd8e78fe8765c7d652ed3a290442975ba5717d7035,h103,-2,results/sla_sensitivity/reference/ab464b32a96f0d0a540ef2beb51f4a5a54ae499f648ca58b57b444a92e7ff7fe.json.gz,True,False,15.22282919997815,,archival environment/concurrency not proven comparable or incomplete execution
2e68353f8b85760600982671d0a30a2eb98069cffcf01d9be261fbf7c5012d77,h103,2,results/sla_sensitivity/reference/2e037dc3d3028c8862cb3f1052f80c18201b772ef7e7e81faf570658eb1e3e4b.json.gz,True,False,17.55900919996202,,archival environment/concurrency not proven comparable or incomplete execution
cc7579201cb216b207788365653d81604005811ec8afcde0073cb0a929864245,h103,0,results/sla_sensitivity/reference/51b100cdaf275e42e3a4188b8dd7d0c8bc6cff9824dff5f333e4a77857d3ac83.json.gz,True,False,18.989538400026504,,archival environment/concurrency not proven comparable or incomplete execution
d6d895d3108ada121926e5764b33e6f33a5597280a3601b3c1dfd40151490c27,h103,-1,results/sla_sensitivity/reference/fa353a49729d3287b747207b14d933fa92935bb95499fed3852b335bd00f8c7a.json.gz,True,False,19.080741900019348,,archival environment/concurrency not proven comparable or incomplete execution
2bb57d7bca3c900cd33b8aafe1fed775df4907bf9c2dbbe61e8fc59e1a58f730,h103,1,results/sla_sensitivity/reference/1d3c927e8aa11db4f0b8bb16d98eed4f7ab62432d750b077a47d1fbf819a81a2.json.gz,True,False,18.8716807999881,,archival environment/concurrency not proven comparable or incomplete execution
ae31a66fddcd1b68762b4e9e542f1dd2337941a213f87bfe5b2bb149a0ca2732,h103,-2,results/sla_sensitivity/reference/b2f408ad8b180d91e872fe76093bdc0147a82d2f43a7c656495b32219ce2061a.json.gz,True,False,19.881257899978664,,archival environment/concurrency not proven comparable or incomplete execution
94c02047a97fe8111c4b20dd7e48f40010720b55f01b84f989d5cdbac0ee7dba,h103,2,results/sla_sensitivity/reference/ffef94a3fc1029b9b91240bd011bb82a69d52f58b714682ccd9c0c11319be7ce.json.gz,True,False,19.45542170002591,,archival environment/concurrency not proven comparable or incomplete execution
8d9bb2c34f4043b08d3ee6cc3b2eb729ea24877d8e6071f37d5ee031683bc3dc,h103,0,results/sla_sensitivity/reference/499e65a113791e827fff82f7609a10cbc158ad97eac4bca64fec7f4f4e58779e.json.gz,True,False,19.41936550004175,,archival environment/concurrency not proven comparable or incomplete execution
f31b88075e8350565b2b78d8a9425a2a3f77682dc5e145dcc4ac628000a73fdc,h103,-1,results/sla_sensitivity/reference/a2ba25583fd3b64c86ebcb8099c9ac5de73608031bdbd178f356cc065ef9e46f.json.gz,True,False,19.588961100031156,,archival environment/concurrency not proven comparable or incomplete execution
cb683706ef461c2dc22944bc31d2904bde5b6f2c869af127fe35280069b57901,h103,1,results/sla_sensitivity/reference/b7e8cb886b6399ea7f615e491d4b6bdcff04040981aa24f971b4539d10aceda9.json.gz,True,False,18.94289809995098,,archival environment/concurrency not proven comparable or incomplete execution
9651ca0dc3298d0d22b34fcfcff53826fd55fbb267fad3f13865e35c36057f98,h103,-2,results/sla_sensitivity/reference/dad1b3ee974fb42087a48344b96d84d7e6aa07359cbc653a89def028d1e76031.json.gz,True,False,19.836634600011166,,archival environment/concurrency not proven comparable or incomplete execution
25b69310bf55ef27b908ba8dcf46dea34bcad9a31fd9c90e10862371948d1a13,h103,2,results/sla_sensitivity/reference/a8912dad3e9b8fb5a950c1d3bca410a98d95edd997b3790fdfd7cc17122af60a.json.gz,True,False,18.938382900028955,,archival environment/concurrency not proven comparable or incomplete execution
b70150b408ff5db90810d53e009e52e838ffcaf84c2df61cec21ef9b1434e2c4,h103,0,results/sla_sensitivity/reference/689329d088a14157a2be55fe264ddf076646d9befcd23fa3b2976194547247f9.json.gz,True,False,19.162873699970078,,archival environment/concurrency not proven comparable or incomplete execution
3f1aa9bd58f1de490cc5d4e9a1c9a5c89e7850e2f34ff3631888636ac62e5d99,h103,-1,results/sla_sensitivity/reference/03386c639ec461ba70fcf766e83376999a24af146a721d84ceb4ddc93eed8d8c.json.gz,True,False,19.47592410002835,,archival environment/concurrency not proven comparable or incomplete execution
9bfc28f25bfd7d5dbba6d68d62acd00144baf134543311c234716a2093f3c1df,h103,1,results/sla_sensitivity/reference/10c85156b2b15c8c63a0eec992162c5d1cfccece17cf1d851759d5b90b3b00f7.json.gz,True,False,19.545979499991518,,archival environment/concurrency not proven comparable or incomplete execution
213d555b60b003f8d80dd49717f6c1fb90df2edbca9df15854c431f8871b2730,h103,-2,results/sla_sensitivity/reference/ad59c40d512cb9e10202f7adcc7f618cbef30c640e4f3bba19e87c4355e39977.json.gz,True,False,20.12404109997442,,archival environment/concurrency not proven comparable or incomplete execution
bad1c42a0b5898612c2aadd463c0c75da28bfb3aa7f3af4b39bf735a5c9fe88c,h103,2,results/sla_sensitivity/reference/46ad074262a014ffcb137c0eccf6053262ed59283ae00ddac2de4b77f4f1c85b.json.gz,True,False,18.735486899968237,,archival environment/concurrency not proven comparable or incomplete execution
53f90438510c28f1b82900dea0b4744acbe9a15ec7fe86fe007602df353b3001,h103,0,results/sla_sensitivity/reference/e4c4b3a445386b29458b68703d90b8d987e4073654bb1171dfb1f521bac63dad.json.gz,True,False,19.136727000004612,,archival environment/concurrency not proven comparable or incomplete execution
7d501981c698dca127a6c635b33784156f5dae6400f3323255bb11ed10837836,h103,-1,results/sla_sensitivity/reference/40314f6b3b0ed962d8215c222ede77e4aa00abbda6718f6702ee56ab3797b24f.json.gz,True,False,19.304250799992587,,archival environment/concurrency not proven comparable or incomplete execution
2e0d221bd97124ac43e48c4d44167f24f70736e28a0a43850cc7f24d95a58774,h103,1,results/sla_sensitivity/reference/4b2ee70034020e83dde1806510791460a2cce6d066d5e9fde491e482850fea10.json.gz,True,False,18.890718599956017,,archival environment/concurrency not proven comparable or incomplete execution
68e844e09c0ac6c66ee33ba86eb9ed266bb05d1ba840208e7a42d6431064bfc9,h103,-2,results/sla_sensitivity/reference/58424c33491a8927c79b9a0f91af618e263f75678136b1ab0ca674c9c4172a35.json.gz,True,False,19.943445500044618,,archival environment/concurrency not proven comparable or incomplete execution
e0b83d704ea84fa0b5a7f54e64193f23f998c82872fdfdf67ad74d4813ebf0e5,h103,2,results/sla_sensitivity/reference/e1371ceeb3bd163ac46e71164e352e9c0cdee495a9b0b81b41a1bf3f98e3dfb6.json.gz,True,False,18.964040799997747,,archival environment/concurrency not proven comparable or incomplete execution
0b579fa0abc39edbd54fe75811d984962e1eec8330f19bfecdcb227aa51364fe,h103,0,results/sla_sensitivity/reference/7d30e953dace11a2dd307b01d980810fc586b3f6ea31bfe45e7cda397bc21031.json.gz,True,False,19.2597796000191,,archival environment/concurrency not proven comparable or incomplete execution
bf081981274521ae4bbfff5f1f65ca0184802bdcf1bba04b588d95ac84ac8c9e,h103,-1,results/sla_sensitivity/reference/7433f3ea71b74b79b6767a8493086b243ed1156ffc71a6e68e6d49aa9fbcc315.json.gz,True,False,19.200519100006204,,archival environment/concurrency not proven comparable or incomplete execution
c490720da09a5cefea699dfa9ef66ec615b9c83fbcf01b693b319c28ccc54d38,h103,1,results/sla_sensitivity/reference/ec77bc06462440ae54dd54e3303d0843961795a0b1230e4a6b66be19753b2a78.json.gz,True,False,18.60267260001274,,archival environment/concurrency not proven comparable or incomplete execution
9119d6e023e3d36b5ab65ecd38ac57a556df19fef0d6d6a5a3775a45792531ae,h103,-2,results/sla_sensitivity/reference/801f6f95cc52f090149ab9c8d495dca426b1599030b69008dd67077f12c33d72.json.gz,True,False,19.675723600026686,,archival environment/concurrency not proven comparable or incomplete execution
54d2a3ba44a1709c8eac868387923edea645c3255078449e91d3e0a16dafc02f,h103,2,results/sla_sensitivity/reference/bf3508cda605146fce56d15f53d478bf231d1db09ce5dfd2ca288a3157f9d2df.json.gz,True,False,19.26831700000912,,archival environment/concurrency not proven comparable or incomplete execution
e14e0a69be2dc26bede4bc503820b043c5711607e2025883100f5a2842388c82,h103,0,results/raw_reference/8cd22503e306aed0d8fd46648449c251bac2032dba7486c70c1be95101fad008.json.gz,True,False,12.044682300009299,,archival environment/concurrency not proven comparable or incomplete execution
3acfc09b24b454f3ad1709427a3f31e612506844cdcdf199f7797e7173b05647,h103,-1,results/raw_reference/6e12c4e1e7cfc5247c94b77d342988c22b3ff9ce7e287bc71af7cffbe4051fba.json.gz,True,False,11.929095299972687,,archival environment/concurrency not proven comparable or incomplete execution
709e39e267f435484a2e79ffd2f1d1119152fd58e0d5c617e8c9231035f1f540,h103,1,results/raw_reference/b65eec0e76a457350cd16ea63068828579d4093c097355ed7ae9041b35f2437d.json.gz,True,False,11.513647999963723,,archival environment/concurrency not proven comparable or incomplete execution
38b2571ee39ffcde304d70dfb66687ff0322567de0ccf8bd9dd267c60b1d2ba3,h103,-2,results/raw_reference/b4e8ff0291ae36a036ad5663e107eba951b39e140498d7a144131d3fc821701a.json.gz,True,False,12.201579400047194,,archival environment/concurrency not proven comparable or incomplete execution
446168545f28b77632e83804f79bc28324fe93d7475dad67b345849dfb4ae1ac,h103,2,results/raw_reference/0c666426e37d6aeb664abee6b784f9bca82a5df6ceb6f0a6696c13bad28db983.json.gz,True,False,11.568973699992057,,archival environment/concurrency not proven comparable or incomplete execution
beff1f97b31372ba2b072386b08311e9fb4c794bcdae700d26155163f98043c9,h103,0,results/raw_reference/5a6ed342b1b069e107287fc46472e7734cb5b77b52954145ebbcf0084e3db37f.json.gz,True,False,13.806926699995529,,archival environment/concurrency not proven comparable or incomplete execution
440f347c41e763cb7ef84ccd6a6a3fd8caaddea6a664b73ea9dc1a02f2ef2c8a,h103,-1,results/raw_reference/5a18e35b28736bbd9e3926ff8776b88556fc9f5df7e55365d2e46c7878c7293f.json.gz,True,False,14.22926529997494,,archival environment/concurrency not proven comparable or incomplete execution
cdf25bf022a95b8ba26944b2b961942e487b1a0c2c98eabf6ef099edcddc092a,h103,1,results/raw_reference/904d398b1de6779c8a2031d220666d47027630a37c455de44f8675d199ee7ecb.json.gz,True,False,13.821193500014488,,archival environment/concurrency not proven comparable or incomplete execution
0709d59f8cf1904de176dd766f7629d86b59acc1aa61ec849cabbc14d9d44a31,h103,-2,results/raw_reference/2db1638bf1b2d4caf2d4204dcc07a8e4d027a19f3384f357fde971624d35f1bd.json.gz,True,False,14.733121099998243,,archival environment/concurrency not proven comparable or incomplete execution
248e1f7f76471fbfbbc0c93e1b72d555c24b788bcc04c435529e798523981995,h103,2,results/raw_reference/0c2bab3c549bf6e8e3b7e1262e4ad915617506228072063eee90d59bd9be4a93.json.gz,True,False,13.036998600000516,,archival environment/concurrency not proven comparable or incomplete execution
831d521ff88e61b70f316c00ce3f2466c400bd4060bcca7f0d48ecba2969c1b1,h103,0,results/raw_reference/ebd64ecf5a16fab0fd461484664567fdedeea82c8fd87081acb201a2a7f6d083.json.gz,True,False,15.16440710000461,,archival environment/concurrency not proven comparable or incomplete execution
dba2cf58762bcc5eb841ac3dcb491e8d3df31dbb8a8a131ea5bfcb9497f61e30,h103,-1,results/raw_reference/e1713a147ca2b1808d79347604e6c8b9a6819b310bb1a9c8759f26c6e868ad2d.json.gz,True,False,15.05106229998637,,archival environment/concurrency not proven comparable or incomplete execution
955abf442263eb0c5fde6978e6f2cd4349248273f74274e2eca3702923a22adb,h103,1,results/raw_reference/8eff4513c0013d5072c8eca2b3754f94723d0a904fee9989ebd1219f3ee1c075.json.gz,True,False,15.15219639998395,,archival environment/concurrency not proven comparable or incomplete execution
cda2daaf6ae4d7ec0f3014edc2432b638b98d0650c397cd44196303f998a0c76,h103,-2,results/raw_reference/549bade39d0767f8aa87d2f6e0c907fc5a569200696dd4770909446d75c0d8f1.json.gz,True,False,15.38507750001736,,archival environment/concurrency not proven comparable or incomplete execution
0a6521cd410414547e4a6ee7dccd8650e1f574e29ccd6ce64b2973e9fdd030bf,h103,2,results/raw_reference/51e491a4fdb7f830e01558899181d6a0245536e6b7bf6afe05197f5a5717b1d3.json.gz,True,False,14.372803299978841,,archival environment/concurrency not proven comparable or incomplete execution
ca1303b2a64fa543d9e4d0bc820c0430fbcecb0c00cebcaa17d72d89f2296ae3,h103,0,results/raw_reference/fc0b93fdccfc4571f950f518d1493c5de880391109e5a2f6485ed16cdb0cab4f.json.gz,True,False,15.086452499963343,,archival environment/concurrency not proven comparable or incomplete execution
1373eb269040d76a262da4ea43d57b60f6e3a57eb97890c945227921223094f9,h103,-1,results/raw_reference/9c0d43fc16b7e66fd33229bf599e03a39d6fd11a96a64476f2cfebd5a35d3ae5.json.gz,True,False,14.438713200041093,,archival environment/concurrency not proven comparable or incomplete execution
9e0eb18bf249e712c6ba6536872302350853a36d58fe1721becb2c1953d3ed22,h103,1,results/raw_reference/6d8340d94d5fb64a2bb7abb084c8a52d340dd3baf80652252a46aad8f1a5e30d.json.gz,True,False,14.701210000028368,,archival environment/concurrency not proven comparable or incomplete execution
d1565b8772251425e3d9d50634fea25d5499ace130009ca6f533a00c70245972,h103,-2,results/raw_reference/c171171a64caa3ea4acfe9bc6b034e37a114d6298d11031a3341c9a08bab5479.json.gz,True,False,15.20782169996528,,archival environment/concurrency not proven comparable or incomplete execution
77c77383828a5a83484c1fd641afbd52c1ff40c49cfdaea091d13ebd935ae219,h103,2,results/raw_reference/cb3a0bc6e9a9b48f6efd66edbd26e81281e28c97d422b8344a121c8df1d41c67.json.gz,True,False,13.973962499992922,,archival environment/concurrency not proven comparable or incomplete execution
7a5f2044b998d790372fc72106aee3dc96da363eedbc8530cfe92f29101ce2df,h103,0,results/raw_reference/a73b6639a2ab3557bdfb0f585be751f7b2e7e1a441e0dc4d5614fa9e02edb2e9.json.gz,True,False,13.805524000024889,,archival environment/concurrency not proven comparable or incomplete execution
7d596d49927c8a1a6f93972c81f98f95e16a56128ac51a7ff7813b8176b58ff5,h103,-1,results/raw_reference/43f5b224fb2d6e16589395b2d0638314c720dc2d8abe44cb2e5608fc9938567b.json.gz,True,False,14.014003799995407,,archival environment/concurrency not proven comparable or incomplete execution
1eccac9262b9768f62b70aa89b149a7031984c60563a6ac3ec206f2f7c4444d1,h103,1,results/raw_reference/70a6e3ab8edcae2a5e0e58f074affed0db50784ebb1523249346f2e7c3fc4f3b.json.gz,True,False,13.750313800002914,,archival environment/concurrency not proven comparable or incomplete execution
3918c7a29791ea2824c0747c7ebdf0c43205e3ad278c147f5a1393fbad685487,h103,-2,results/raw_reference/9a787773c4be1f555d2ac63552d27d788af6ded829e35911d19bd318e3f6f329.json.gz,True,False,14.433529400033876,,archival environment/concurrency not proven comparable or incomplete execution
9ab2f440d909195301d77f32cc91433bde4e7751d2a6d7ecc9999b4b1a900222,h103,2,results/raw_reference/ec7b773d4096f81a2d91e5c52f44b02310f90e1646a23b6639ae1e82a5226909.json.gz,True,False,14.234040999959689,,archival environment/concurrency not proven comparable or incomplete execution
25ec61ae8404ced45929815c92b8a67a6af8bc044c6b7700b0ef0f6e9188c8e7,h103,0,results/raw_reference/33e385cef1a1383a2eab4924c0ce20e03fef2a6998dec0079b5359cab3fe9b3c.json.gz,True,False,15.371954999980517,,archival environment/concurrency not proven comparable or incomplete execution
f97b3ef4e0fab902ef8d8074009d5fc4315ca8675776dd05b5becea0825a6eb5,h103,-1,results/raw_reference/34177ee12ddec39618cf38487c6800eda714cedadcf328d1174c140bbd0bdb57.json.gz,True,False,15.302034199994523,,archival environment/concurrency not proven comparable or incomplete execution
4b059500cc4c1af74f4a8513a04f67c18e5bd53cf535a7adfe80f2afb22802b6,h103,1,results/raw_reference/80a13996f08a881f50af3b46acdf8478ab2591479b3bdabbb56c8acf0242684e.json.gz,True,False,14.290672399976756,,archival environment/concurrency not proven comparable or incomplete execution
f1ecd15fe879cdd32f8d8e8aa3dc2fe12351cab83dd6d0bea8dc2fac8672b8c5,h103,-2,results/raw_reference/e0cc90ffcd21b70a85140032a620a57c7c6177cdf5b136db94f2e383a2704dca.json.gz,True,False,15.040497199981473,,archival environment/concurrency not proven comparable or incomplete execution
dea8168863329fa45ce162f1bcd1aa5550ad4323294fa0e7cf88aa1d358e609b,h103,2,results/raw_reference/87fe492a81479ec63150e1942e1e33baec7a60e847fc9fd01d4687e64dccbb8d.json.gz,True,False,14.30934650002746,,archival environment/concurrency not proven comparable or incomplete execution
54343793d0a69eac0b7f6e4c3ed37da1096d8f646aa356480523987c73b13572,h103,0,results/raw_reference/5ce0d5f5dfc1f26ccfab1cf27ad0bed5af6ac17745a867c7739ac29e8b043479.json.gz,True,False,11.623803799971938,,archival environment/concurrency not proven comparable or incomplete execution
47b799d19c721cadb823c11f3e37c56e3fe5e69c19e851ed4d1d0359421754d2,h103,-1,results/raw_reference/289aaa4e42e72cc4dc2fd0dad4b81da09b21cec54c1c8e2c2319fde8cb61d127.json.gz,True,False,11.848548999987543,,archival environment/concurrency not proven comparable or incomplete execution
a9ba0857be110da2a88db8768abec9b9cd169fa45f4195722bef96c5587a84a7,h103,1,results/raw_reference/be3de9ab49d60a78c20f9bfec01d27811bef8f766f397bb1116dc54d24dbe7bb.json.gz,True,False,11.718614899960812,,archival environment/concurrency not proven comparable or incomplete execution
f310d943f86df6becd8cdddbb3a4cb685d133f0239f94853dfcc5bd11343f2da,h103,-2,results/raw_reference/96a625dfed6f405a01313d464dc1d3ca86092bee8c866e4c957fb7e2eb9ca230.json.gz,True,False,12.283108600007836,,archival environment/concurrency not proven comparable or incomplete execution
b6d14af3daf06247a7031a8d29dbf6b171d3aedf4530f9f4be3897ee60fac560,h103,2,results/raw_reference/2a9b3f5fc300720899633e0ab199eb534cc138cc82f19035902d45d539951212.json.gz,True,False,11.218365400040057,,archival environment/concurrency not proven comparable or incomplete execution
87b6b03216aa88cf711ecae22f56c6ba3a538632adb1cf1dfa82e73341018d3f,h103,0,results/raw_reference/f93fb1741b94c5dac31334913d671ec5fc8d2ed4efea7b60b0aba67b1fa53542.json.gz,True,False,33.85475324996514,,archival environment/concurrency not proven comparable or incomplete execution
8c1f344cd1f5c5c18cbf90534106dc04af71c2fee1ac9b5b6e5cbf55ca138a6c,h103,-1,results/raw_reference/d8db21ff65875a2bd53140fd3d9c3f129797bdd1c6fdbfa0b06d6a4586b3d60d.json.gz,True,False,36.1006710419897,,archival environment/concurrency not proven comparable or incomplete execution
ec673892782f52ae20f939633c700f7219394944504d468d31a7feb0483de595,h103,1,results/raw_reference/e391c84ac4d7eea228e14efefd8a291e43efe1c2cf984e5f5060893c816b21bf.json.gz,True,False,34.11684541701106,,archival environment/concurrency not proven comparable or incomplete execution
e4468dcb58fdf7d0a8d952e0a752acceedecb26346d630afbea29f264cd33951,h103,-2,results/raw_reference/c72522774f85549fc27579fb576119a310b9fe6691fbe8c4967b84d1b70dd314.json.gz,True,False,26.58229275001213,,archival environment/concurrency not proven comparable or incomplete execution
82ddbe5fcc05b51a8098050bec3dc65c6ca327d44bf8ad7d1e8afcaa6e6f3d83,h103,2,results/raw_reference/1f4b71c024cd1a8fc9504ce1fad1e35422f9c802c65bdb83842bc0045d04a5ff.json.gz,True,False,32.64005891600391,,archival environment/concurrency not proven comparable or incomplete execution
d1bd35e4759b83980e650b14a34ff6e87a17cb9df1951e4377e7760015cab9ba,h103,0,results/sla_sensitivity/reference/5c69183c6c42d0927e26ae8996ef381c81101ddb3acd3b9c057e15f440bca031.json.gz,True,False,19.0839611000265,,archival environment/concurrency not proven comparable or incomplete execution
aee0995598f8dc73e60ac696473376d1bd9dedfe878382df73d9ed92dc1309bc,h103,-1,results/sla_sensitivity/reference/5057b050cb23c09338c5b2d778f7201b0791729ab9d3130e558ba12bdd91636f.json.gz,True,False,19.633537699992303,,archival environment/concurrency not proven comparable or incomplete execution
2fa5637bc477f93d95a9f8627647c3237eb1b935bd1df7289da78ed26d270e9c,h103,1,results/sla_sensitivity/reference/9bf6f0f0c34a2fd26e9b0fce7337b4dc8d12992bb6bdcd164716d8b07ae21012.json.gz,True,False,18.94701060000807,,archival environment/concurrency not proven comparable or incomplete execution
8b2e084509fc04ff50258ad949e766aae687b30330656433063a3cb9d4e8ec78,h103,-2,results/sla_sensitivity/reference/f666ee494ef17be46172fe5682240d460be568e771126aaefb2e124dd86e0ef1.json.gz,True,False,18.77032250002958,,archival environment/concurrency not proven comparable or incomplete execution
ab98b5fa42a2ee4f0358b71a57d38a8d00bd64adc3d24b2d2e9257b12f862275,h103,2,results/sla_sensitivity/reference/9c3538c017889a6400b82bc90a14180649fd0ddddc0b796ee655481a9c10fdc2.json.gz,True,False,18.18447069998365,,archival environment/concurrency not proven comparable or incomplete execution
8c0a4596e57d8a0ac767f23ec47f35123e1680de9cd5f92a51b0dbd466c7cc12,h103,0,results/sla_sensitivity/reference/4a34a501a61564272987a1e8e6cf85b26b78c3b97e6b8fe9ee7e38005c56b3bf.json.gz,True,False,19.275602200010326,,archival environment/concurrency not proven comparable or incomplete execution
bbc241dcf10835cd55603565408e4dcc729129743fb260ba0413d08bedaf1eff,h103,-1,results/sla_sensitivity/reference/5bdd12ef3465de823d8a26e2474ad9eea7e522441ad8a068165c100f49a4d9a7.json.gz,True,False,19.835440299997572,,archival environment/concurrency not proven comparable or incomplete execution
a8d40927922b9edcf1cbd3769c304a121c618788b49f3985d0ebcd1a1db91d28,h103,1,results/sla_sensitivity/reference/be7473ba3f861b3b446b9fceaf31c902adab55e08eb18ab6ef2be82bc49e6bca.json.gz,True,False,18.80537539999932,,archival environment/concurrency not proven comparable or incomplete execution
2c02f23ca80b6b4f4321a4bd89b442620ba1084c7469c332189ab9b921355056,h103,-2,results/sla_sensitivity/reference/febda0f1ccc3f90bbb2a184f2696a0cbab950663df6f1fa755db2b40808146b5.json.gz,True,False,20.032530700031202,,archival environment/concurrency not proven comparable or incomplete execution
d1beaa0662c177f501e68ba7e87f6cfcbae8d8f20dedd8c4de1a5079de598f73,h103,2,results/sla_sensitivity/reference/ce0725eeafb7a661e614c791a7e30c590c1c7e90755a9bc8e9c52526f6508d6d.json.gz,True,False,18.785951199999545,,archival environment/concurrency not proven comparable or incomplete execution
cd82dbe155d165cd854ed7b820883feb7a2b6e244af17f57acbf9b64b6c1a125,h103,0,results/sla_sensitivity/reference/47c09b6f6ea1f64559bfc2907d3f9ec8df479fa8fe695f5814118423ca2191c5.json.gz,True,False,20.047223899979144,,archival environment/concurrency not proven comparable or incomplete execution
b348f27d10e41a51f91eb4e10e41244005d9a7f0cefc5776ca9b067c321a01a4,h103,-1,results/sla_sensitivity/reference/96f81afb371c4e39421c3d8fe67b58c64871511ad667f231282ab1b4f77ee073.json.gz,True,False,20.376641900045797,,archival environment/concurrency not proven comparable or incomplete execution
f606701479420a652386638b15180a30578de5133532711a83d513eb33bd86f9,h103,1,results/sla_sensitivity/reference/f08ace14d8e74091846f9c09282b6014a337b45a48bc4197d2c3b0755a50754b.json.gz,True,False,19.385569599980954,,archival environment/concurrency not proven comparable or incomplete execution
621713f4e93ee2409226acf1d9b60670d5f6e37020c9e5b79e5657515a24097f,h103,-2,results/sla_sensitivity/reference/3593ade42ef884118685fe4a28f77acf53138b866e03125334261af92c962774.json.gz,True,False,20.39265900000464,,archival environment/concurrency not proven comparable or incomplete execution
cd354f6e09abe907fb1e98e4a8d2cab84f5e661dcfa250affca0aebb10905b59,h103,2,results/sla_sensitivity/reference/6f86bffabcbb57be20d659193878b1aa7e193a282a146f9242ed37cb324dd9a9.json.gz,True,False,19.19860919995699,,archival environment/concurrency not proven comparable or incomplete execution
bcd1a9959fd2c489c577124d50ae5a2fd018038fd865fd997eee9385e498960f,h103,0,results/sla_sensitivity/reference/8b46affc5ea9387297e0ebf5792c5be49d15ec7c9517e4df9010bfb4b3b547fb.json.gz,True,False,19.247942599991802,,archival environment/concurrency not proven comparable or incomplete execution
0ccd469e1cb0a305693f453992ce917c979567f9f381b1fdd57415af6bcc9345,h103,-1,results/sla_sensitivity/reference/924e8c37a6b0b59e4e1453c3f8488a8643872d2e7a57fd5192765691b4a317de.json.gz,True,False,19.152739399985876,,archival environment/concurrency not proven comparable or incomplete execution
3bc071b30b8ccadf77f379bcfa0d7b5b1ab19f494adbde83245677d8f08ba689,h103,1,results/sla_sensitivity/reference/254b53b214b7bb3f8cffe3dd8172a0f5d4ef3975a40d2b67610958a9ecb470c9.json.gz,True,False,19.19925579999108,,archival environment/concurrency not proven comparable or incomplete execution
5ac4228c3b448fea770815d7d89a637b84a71c443479abe4aa917537f0dc8eeb,h103,-2,results/sla_sensitivity/reference/9f17394a437b0bb1a1c1fd774a826e28ada00ffdf381a176d417360a693581b7.json.gz,True,False,20.275785900012124,,archival environment/concurrency not proven comparable or incomplete execution
c21ae63bf0bd366c909cce494794c4d4958ae73d5d1f785a67903a47387a0c6e,h103,2,results/sla_sensitivity/reference/ff1024eb4770ffd3b9648211cd175a2302e5704350c55238521a340d5d0236d3.json.gz,True,False,18.71460540004773,,archival environment/concurrency not proven comparable or incomplete execution
2f4fb4feb159a95999b9b80e8c4741c4d9257b5f8a76fc04010baddd70a85e7a,h103,0,results/raw_reference/f30d7448c7a702df5d015e0650836596e90189e455b0703b71d171e09b170ae1.json.gz,True,False,11.931729200005066,,archival environment/concurrency not proven comparable or incomplete execution
94c5a003c56688ec9391cc90b027ab4ec2cf62b9c78de10d9364e7b7af93c8b9,h103,-1,results/raw_reference/ecb09ec460b79795830a8f3f2197e254bfca8c8ea5f18bea746e736d2df2cc8b.json.gz,True,False,11.664766700007021,,archival environment/concurrency not proven comparable or incomplete execution
056a57b32710b407fad27804e0493f8469170a4f211afb8c0c70eba5161bbeb3,h103,1,results/raw_reference/a87a5328c5cef9b582c04c7e9b67c1c79da1c3c977429165373531975e858f77.json.gz,True,False,11.625118900032248,,archival environment/concurrency not proven comparable or incomplete execution
64c1891275ab9ed92d3b23395a8c821c8f961463f9872159ed4c22379fa4ea0c,h103,-2,results/raw_reference/b8eb1121b0bb37e8c7e09e278344145c616cdadeb233bac6be50e8b3ebebe374.json.gz,True,False,12.045415000000503,,archival environment/concurrency not proven comparable or incomplete execution
35c775fd09725672264d110632fabba6d8ac7502f4e710c7b33619c101242997,h103,2,results/raw_reference/bd2455325ea7bd2b99cbc98c03c599033bce5ad6fe90e1a8c416612fc56ce740.json.gz,True,False,11.587895800010301,,archival environment/concurrency not proven comparable or incomplete execution
8f159929c7b2f964abb02d298c56848df993730c75abe1d51547d663a8a782fa,h103,0,results/sla_sensitivity/reference/6f2f17d7572d3b630e43fdb087a2e31991d60f58ff87f726ee6a4e79ecae4eab.json.gz,True,False,19.830951899988577,,archival environment/concurrency not proven comparable or incomplete execution
d511122b3bcd96315b6cf66fd0567393c737a228caed8c87c2c0630042227e0b,h103,-1,results/sla_sensitivity/reference/1b399762a52daa01a91ee5437d13ff6cec527903997d81c5f62f3a780604f51d.json.gz,True,False,19.660114799975418,,archival environment/concurrency not proven comparable or incomplete execution
ece14344fd6e83e6cf815ba2d49a161b950737f830c3432acc5c0bd0abc586ba,h103,1,results/sla_sensitivity/reference/3df52ebbcea93b59126cf4affb8ec6855d2e9600bcb304eed40b6059d63fbca3.json.gz,True,False,18.857930900005158,,archival environment/concurrency not proven comparable or incomplete execution
43e27254efb47db8669e214405cbce8c3d6fb81574468730ae40a0ce4024a8fe,h103,-2,results/sla_sensitivity/reference/bc322be5a9a733260dffa2ecbf6aa68da71b2501af39b94f4018a1b0a22fe079.json.gz,True,False,19.45132079999894,,archival environment/concurrency not proven comparable or incomplete execution
481ee81ff8b64ad3787ce868d68cb80b75ad39a5193381ef9a0a5811fdadc517,h103,2,results/sla_sensitivity/reference/0ea542f8321f86f4ab7d361be86f595c12790aee5584896431cf5a2a4c975c9e.json.gz,True,False,18.562282099970616,,archival environment/concurrency not proven comparable or incomplete execution
2d051a9d0a406819636bd5bc88e3b1df04f9547e67edbbf6f5d44887cbc6fb98,h103,0,results/sla_sensitivity/reference/edec52615493b4befa42cc4f25f068fed0978e229a4898930462024f8c50028d.json.gz,True,False,19.428106100007426,,archival environment/concurrency not proven comparable or incomplete execution
b7054546448b06eb87ffdd0154c8ec655f1259ccfe8e8370ee9869741ed53e92,h103,-1,results/sla_sensitivity/reference/eb3e1dbdab711696e22fb982a92552295b4e4f6ddb6059a22315229dbde5cd42.json.gz,True,False,19.62374319997616,,archival environment/concurrency not proven comparable or incomplete execution
5438ed02ccc268b1fd306c86293272e0c68285518facfbb23b082cae57b79dd3,h103,1,results/sla_sensitivity/reference/4d141599aad7a05b154324c8b7ed7b65eda2f91a95fdeba9ecd23207b999f079.json.gz,True,False,19.04568370000925,,archival environment/concurrency not proven comparable or incomplete execution
480c9ccb6a9d4d3a2a702f9e430f3840b0e43ea1492ca186d74476953399809a,h103,-2,results/sla_sensitivity/reference/1d967b5cf20afe8a8cc3e3b5db822bcaaadc8a5b2746a5cab2f60baa8252b9af.json.gz,True,False,19.973076199996285,,archival environment/concurrency not proven comparable or incomplete execution
030d104c73436e9974d7ee01e76ad68b951a9f56625ed638011ea74c7383d40e,h103,2,results/sla_sensitivity/reference/5e07748d58c65e4fb0c61a9969f14d55ac16dc1c8261a93f8495ce91f224bbf2.json.gz,True,False,19.699830500001553,,archival environment/concurrency not proven comparable or incomplete execution
da51864f17c45b66460a75cdd9de747db71a16d3413bd8a86b23be6e6692e353,h103,0,results/sla_sensitivity/reference/f6f6b85418270e52adaf256e14a6ae46031a7b42128e9605140d0e0d393c4f01.json.gz,True,False,19.801947699976154,,archival environment/concurrency not proven comparable or incomplete execution
b8877dcb1f720bcd1ade9b611d45a425e2c564d98cd8f5b37a2bb093af1ce48c,h103,-1,results/sla_sensitivity/reference/c342808ed6c46949012d3c05cdca93b6b0e955fd95c29fc8cd4fa44585344342.json.gz,True,False,19.092987999960314,,archival environment/concurrency not proven comparable or incomplete execution
4a322595cd25205c860aab6d2e290c61891eec1235c6cf5f36983136a2540c15,h103,1,results/sla_sensitivity/reference/b4b719a768878af089608d74a28c705c8686b39c8694222f34bf08d1920b665e.json.gz,True,False,19.20449319999898,,archival environment/concurrency not proven comparable or incomplete execution
0561c16eb3e8c93a75d410b299d31d5e41df64bfa37f0108a2af235dc2877a53,h103,-2,results/sla_sensitivity/reference/50d8a841d038a6cbc35975c45061ad815331ab3e2b5b894c8fae3e3b46634fda.json.gz,True,False,19.88876949995756,,archival environment/concurrency not proven comparable or incomplete execution
8d8570aa75b836e5ff82c8640839c6962ae34d85b0076e6174065be43b4ce610,h103,2,results/sla_sensitivity/reference/cb2548faab732297eb4735ba957694192f5173c9a24791eb76f6918437088a85.json.gz,True,False,18.88544440001715,,archival environment/concurrency not proven comparable or incomplete execution
9553b6cb7260cb6dcb493c2264915483350b46435bf0e9681a8ee3740d800463,h103,0,results/sla_sensitivity/reference/7f280286c34eaacf47de129c07e2d9ea84efc386b3669132f3feaec4fec58bdf.json.gz,True,False,19.191053099988494,,archival environment/concurrency not proven comparable or incomplete execution
ca24ca18362af6e241146e6fdc4623e14ef5abd90edc7a4dd8cbf27b3b7e27c8,h103,-1,results/sla_sensitivity/reference/62cd1cb1071fc1d6b04690013bc039d36cdd98a31bbee95026a0cb433f29b998.json.gz,True,False,19.443233199999668,,archival environment/concurrency not proven comparable or incomplete execution
1d11e63f68bcddf1a3f243f73f5cb9247513666456c5120106d5c45f554c2bb5,h103,1,results/sla_sensitivity/reference/f58bec736e63f79009571603f1fb208fb3153a66929e04f8aceb605fed719130.json.gz,True,False,19.176202000002377,,archival environment/concurrency not proven comparable or incomplete execution
3dbe9a6733cb896c50e2096de03d3857e1c94d603ceb55a10f5d0de445b17ee4,h103,-2,results/sla_sensitivity/reference/efc8b5068c3ad61dc0cf9cd96a264e8e7ef4ed95794c77491ade7589d5569bf9.json.gz,True,False,20.653290300047956,,archival environment/concurrency not proven comparable or incomplete execution
4fe00c5ed93f7af76525f07686602d8e3757ba2379b3f91a43ffdb4df38d5e4d,h103,2,results/sla_sensitivity/reference/e551f0a1e26f932bca7e71fc7e4ea2cb011130aae6156d98aa09795bb4f091dd.json.gz,True,False,18.7629450999666,,archival environment/concurrency not proven comparable or incomplete execution
8cf617194c5451aac53499dfa70f3cee04bb96d1bed2506605e32126928f4a40,h103,0,results/raw_reference/3c69178aa8a16779ebe0679425ae4ba4d71a99a768b5851afff5b9086842cdc7.json.gz,True,False,14.265669199987315,,archival environment/concurrency not proven comparable or incomplete execution
c1a50086bc934d41325ef4ae1edee5ba98cf4fe1cb4d004a58981cf8460085d0,h103,-1,results/raw_reference/7bc4c94f5f9b9c0db244daf49ed0c0f66c85f49e0debcc0cb7d5a91fbb50d8be.json.gz,True,False,14.271168100007344,,archival environment/concurrency not proven comparable or incomplete execution
92b662700f8636de7f2eddf78b41b6eda11171450d375a3274ae99835e5bc2c4,h103,1,results/raw_reference/43923aa73ed66779912d0835664e5bf850616670f0ac876e0b88d52115a36e5c.json.gz,True,False,13.9759029999841,,archival environment/concurrency not proven comparable or incomplete execution
265100fc8577e8fd0c8e06771b36515ad58fb32a6f38ba42590d72b35ba6a7a0,h103,-2,results/raw_reference/72171345772beb67b059e4d2f646522418d78a7b0a4ce0a16e42564c5f505624.json.gz,True,False,14.006635099998675,,archival environment/concurrency not proven comparable or incomplete execution
1ac6195265a9565c72e3c66e23de574dd9a6d3d974618d7c29c7c3e1f36148a9,h103,2,results/raw_reference/246280cedb75b76b46d3a152efdc7bceb9653ac575a5b659075a6fe682b754f5.json.gz,True,False,13.44914429995697,,archival environment/concurrency not proven comparable or incomplete execution
6bf3852d43c15752262da699a191be90322b1b4f11355a9b2d44f226819ab2a9,h103,0,results/sla_sensitivity/reference/b08e9d467083c38a65dd33fa09a5c9ae316c8ee9642a81132d0fc08121d4ac29.json.gz,True,False,19.202984700037632,,archival environment/concurrency not proven comparable or incomplete execution
90d7e4f2df1a8beee81a70dfd4822714d2f8869f7b4019a4f68ebe496ba17e98,h103,-1,results/sla_sensitivity/reference/e5d9d102917f2d58ea1a9891d67c5992a826205207dee5659856a55b66e385f4.json.gz,True,False,19.730246599996462,,archival environment/concurrency not proven comparable or incomplete execution
1301520c902782ed930390321128996e21b8174bc143dd25b0bd22b5bfce8dcb,h103,1,results/sla_sensitivity/reference/78383865df2bde4a3439e5120a92f4e59b26a4cf2d48e7fb6d33bf32caf9981b.json.gz,True,False,18.721564500010572,,archival environment/concurrency not proven comparable or incomplete execution
4fa929f18ba0457fecc0ab2640918fc484480f731f6614a937f13df9f8da3e4b,h103,-2,results/sla_sensitivity/reference/11641b07f86c9459e87e71d405271b3aac336f938b6589297c0922af5d30122d.json.gz,True,False,19.88657030003378,,archival environment/concurrency not proven comparable or incomplete execution
62be225b1b045b892b8ecf64141eda24697739b97aa7d146d758487dd1f1b5f5,h103,2,results/sla_sensitivity/reference/e4a4b26bda7f542382ff9293e16ef6af7ee2a9684078e245089f24a0514dc731.json.gz,True,False,18.694910199963488,,archival environment/concurrency not proven comparable or incomplete execution
7b546e719884e89a5ef67148d4459c588e75e0b8630c096fa735bbc92fc11d41,h103,0,results/raw_reference/45d0763044fea85309a4e4294aa2e68432e5a227044bb6a64e5d7cfb7e15706c.json.gz,True,False,14.418874699971639,,archival environment/concurrency not proven comparable or incomplete execution
6020d6125486af128288d9dd5bfb1e0927d12ca2c9da9b62159897d965f9b8e4,h103,-1,results/raw_reference/54318b653e35720b1d940bc66356493a71a8bff008f5c90e53ef7178d4a1c3dd.json.gz,True,False,15.032116700022016,,archival environment/concurrency not proven comparable or incomplete execution
2cb2126b77921af7836b7220746471ddb42b018ba16cec85f012cf845ef13a7a,h103,1,results/raw_reference/75a41432f0052f514a096dd927b80597715091904521b798462751947a4ea972.json.gz,True,False,15.066291700000875,,archival environment/concurrency not proven comparable or incomplete execution
cc64742b1761996f87ed0e444bd6e654964b8cdf8aa3cc580228d019d68d26c6,h103,-2,results/raw_reference/320710fe33d1c4fd468471c5dd8e3c2596c688e7895504db62449ba7656a3365.json.gz,True,False,15.238378300040495,,archival environment/concurrency not proven comparable or incomplete execution
7743014ab92b47c67aff7fefe62d4cf27ffc73374adc70490d6664d8295343b5,h103,2,results/raw_reference/652709c24b4cec4f48e9a862b86ac23d777bfcbe8e4b850656a5fe684071c4ea.json.gz,True,False,14.449608499999158,,archival environment/concurrency not proven comparable or incomplete execution
61f0cd232e269e350ae8bffb435a06164500e94cb03a75835d2b5f26b9d02803,h103,0,results/raw_reference/2d02d65782c0a382df00b1a73ba7148f97d6941965b2edbddc8917db5fd89239.json.gz,True,False,15.455370800045785,,archival environment/concurrency not proven comparable or incomplete execution
272dbd8d6fa992b514ae8f6919cf9aa8da45ca75eaf1f0a89fc563903b60dac2,h103,-1,results/raw_reference/71716d664015207bd79c121509676d774e704beb6aadcff543d104fea8c75072.json.gz,True,False,14.290469200001098,,archival environment/concurrency not proven comparable or incomplete execution
ef5c8572dac22bdcaa4ae1436a5d4c03fc16d1b047bb401e740430454f456ff0,h103,1,results/raw_reference/a9ee12d74116dc352c64a507917c17ab78955ffd73656a8af3390fd501b25902.json.gz,True,False,16.96726329997182,,archival environment/concurrency not proven comparable or incomplete execution
237dad2aab615098cf2d6378a535aa53ce9658580bd351fa2fe12ff1e2b65b3f,h103,-2,results/raw_reference/ac204212953a88fd4285d5fece9f5324ff93a7d4c56b6dd2b3f5ae08dde6d464.json.gz,True,False,14.704796899983194,,archival environment/concurrency not proven comparable or incomplete execution
0d40747f964eb1c271397cab0186aa7947b6b45423fa9945242b17745082c81a,h103,2,results/raw_reference/8da8db70aa5ebd41242f07ee18c3ea5b81fb4dad27e656364f075b8b9194f973.json.gz,True,False,17.083623299957253,,archival environment/concurrency not proven comparable or incomplete execution
8d60e8353bb1b3f5a4b6f370a1ac3a578783060e57567ccce0749789b1824a10,h103,0,results/raw_reference/c2d364e3200417f35e4bb583225ad8f898459ea3184b74b8828dc890a83e0617.json.gz,True,False,14.027714600029867,,archival environment/concurrency not proven comparable or incomplete execution
a76fe7787b5ae4b311a811925e5e845303b8243dcb182b0df0a7528dd8f74276,h103,-1,results/raw_reference/6cf86abc59e1460a69497eb1543b61d797f90f8feb83283343cbef8f3387a13e.json.gz,True,False,15.41749650001293,,archival environment/concurrency not proven comparable or incomplete execution
31317c64f2fe205e197773e6ce3086eee5de4ee467d1b093f011769a9213df56,h103,1,results/raw_reference/c77cc396a6db1dac96a367d81b811e40ee28e09874c65b68bc5076077c046785.json.gz,True,False,13.668536100012716,,archival environment/concurrency not proven comparable or incomplete execution
d4fc057b8ff1d4220dbcdfa6995ac2f4897e700c07aaab5f3084168d04c03317,h103,-2,results/raw_reference/9bc60fa30c93203bb708da15e979c2be45c602d93fadd5438b0d949a131a1951.json.gz,True,False,15.994828899973072,,archival environment/concurrency not proven comparable or incomplete execution
0d7ba601b3c7f7d8382e8ae07204830944436aa3b989a0f19825790b9bdd2a67,h103,2,results/raw_reference/c1aa181e1644dcdc5a5e829ede45eeea9091ff8bb2ad6785953c4562cc48a71f.json.gz,True,False,13.523563499969896,,archival environment/concurrency not proven comparable or incomplete execution
fa7045e75e842687f536978c63f1436452f7b2b6f536defae1a458f4ed954b8d,h103,0,results/raw_reference/54c2fcfc8961170eddb21153bc3e79f96b6c4625c75a22f8339b1c5f13004c95.json.gz,True,False,11.95250810001744,,archival environment/concurrency not proven comparable or incomplete execution
44ddc79d47193c436444609181035e5af55b590bf3d2c4c686a8feb0c36a7622,h103,-1,results/raw_reference/b318c23d472b196ce6c924d23d4d6e209f02f2fca31ff2c0111408c176df8f1a.json.gz,True,False,12.054634700005408,,archival environment/concurrency not proven comparable or incomplete execution
92ce62726349dc0854f20ef3cb8a25f4c210b513db6a1da5e1f4f48a5ca21ae1,h103,1,results/raw_reference/f50e6a36a988ccf30fec6d154c5f4921effa6c02250422994f4b366e4ff2eb3c.json.gz,True,False,11.748205800016876,,archival environment/concurrency not proven comparable or incomplete execution
43696ea38aa06448e96142deade4f9270d26204f333eed30c7600981c3e16b36,h103,-2,results/raw_reference/f614901c754bb20cf7f8a55e82e10d8c45fd413691582bf193b1a76c9abc56fc.json.gz,True,False,12.343083600047976,,archival environment/concurrency not proven comparable or incomplete execution
c1bb15f5ec993cad505346a9a691b003bfc3431fd026cfbead980b785fb68288,h103,2,results/raw_reference/e3219aa036752eeb0041fab2bf1ecc637467a79e2ddb4fb36c62848f33bd99e0.json.gz,True,False,11.481897699995898,,archival environment/concurrency not proven comparable or incomplete execution
dd6f0cef64be6fc5db0d03ea8c15d6479bef8837295c982fa5c341d84cd3b9a8,h103,0,results/raw_reference/2cf1e1b51bc5b6e39b6304a54a65ae34cec61fe786cce7abc49460a0ce1357ee.json.gz,True,False,17.389657100022305,,archival environment/concurrency not proven comparable or incomplete execution
2574809d06e808f4960919da8dc7231b419c2e346fdb876ba502e863349f4775,h103,-1,results/raw_reference/d0d92e8d0d639e54cfb2172917253cb84f92548d4b4de95c22bd9f0648f8a084.json.gz,True,False,17.989937200036366,,archival environment/concurrency not proven comparable or incomplete execution
42ac9c0af7523e345aa0c163c1456a940db47300022d6229aa0ab3dfa7fc7af1,h103,1,results/raw_reference/80285b08b6c436c5aaf4d3b2e2337bccffd2ce22ca34dae24ff561f134c0c298.json.gz,True,False,17.27225510001881,,archival environment/concurrency not proven comparable or incomplete execution
71d0a5fd9d340054333e0d60a9a48a4a88eaa68c25672fe9034c467b83374229,h103,-2,results/raw_reference/1da69ca335f279893dbd5afb48220b00cdafe11e9e65c6e432a9bfb848e92525.json.gz,True,False,17.822331100003794,,archival environment/concurrency not proven comparable or incomplete execution
6338aef44215cf7d588e780fbe40af49965453038d8f15235943a915970d4160,h103,2,results/raw_reference/d034b8de07e767615e849c4c126c2c3bab53901687a1bbd474032e20877bdcb4.json.gz,True,False,17.088598200003617,,archival environment/concurrency not proven comparable or incomplete execution
ee669630bc6e8dfbf4f8fd68819b0435e54667117e9f4d7b43478eee07d78702,h103,0,results/raw_reference/37d34e1582b4a061391afc1d2fc512938f8c85af150693da486b76f0ba804e1c.json.gz,True,False,14.849103900021873,,archival environment/concurrency not proven comparable or incomplete execution
524db0923e9593c5f505b88cfc1e5a8e93ed1b8a778fd1e0b39686792d61311c,h103,-1,results/raw_reference/25e3d27253f66c701a96ebbd7409783347be6f3af50c14b59ffa620d12e5e98d.json.gz,True,False,14.858701399993151,,archival environment/concurrency not proven comparable or incomplete execution
0b8ddd878167b964b194e5f3520e8b508ec5692a09718f9e17a274ac8de7e21c,h103,1,results/raw_reference/8e9d3c005379279490217dd66e45f49c04ce957adc09e74f878082468a73fb0f.json.gz,True,False,14.84386490000179,,archival environment/concurrency not proven comparable or incomplete execution
53c71760d95052ef3f147cdca8f8df58a51d110eb34ed561e737769407eabfc9,h103,-2,results/raw_reference/fd3e888e365b396c572ba4bcc4e8865440a7b3b2d8c7a68662b23f21c7470137.json.gz,True,False,15.231061000027694,,archival environment/concurrency not proven comparable or incomplete execution
81de6b964ef204b20a108792d7fe81304bbc8cbbf82bd501f64ae8d70dba2827,h103,2,results/raw_reference/42f80b4f1bc3d277c6ccb0d0d5bf2e0974cc1193e6e19cd214f40f488ea6f042.json.gz,True,False,14.614804100012407,,archival environment/concurrency not proven comparable or incomplete execution
3d67f4fe6ad9f91ca6056124bb6df3fe09233299b14c3e459449d557a0c59773,h103,0,results/raw_reference/d57b5242460eaca7f83b4774b852704422c470173e45723781e7f887e16a7f9e.json.gz,True,False,17.23381549998885,,archival environment/concurrency not proven comparable or incomplete execution
f00d121bd59382eea264f004b521e40e3ee09a68c25b0cc5be9a4652ff6b32aa,h103,-1,results/raw_reference/616635cd7f24fa956d3e04399473a4e029776ddd6d2e34162d5e42feea383da7.json.gz,True,False,17.521500000031665,,archival environment/concurrency not proven comparable or incomplete execution
2ba346025a4fae46cc34e385e53473c2d1e6613062f2e1f12a5e7aba91aae867,h103,1,results/raw_reference/35503f494556f64b974247556887f91d3d7bea91ed39927ef2b8879be3c521d8.json.gz,True,False,16.934695999952964,,archival environment/concurrency not proven comparable or incomplete execution
8f4e7714f1a76b7041f88ca34ce0a0aa3a6ae281a18547c0af2c80fe3da1a0b0,h103,-2,results/raw_reference/8092dc9c2ed1dc15244c01182c2cc619a4b056b20e864ae28d98231847ac5388.json.gz,True,False,18.184111300040968,,archival environment/concurrency not proven comparable or incomplete execution
8f6ddf7300c22e2a4c38494042b4c2909e75db7abb9423179e68a2008dd1d9a0,h103,2,results/raw_reference/e39533bfc92d83c9013827afba2125b7e2dd03ce4db5701365e58ac03d981811.json.gz,True,False,17.606080800003838,,archival environment/concurrency not proven comparable or incomplete execution
d6c0f7dd8df3b290b344b12e46a57015c972ef641c6f93a2aca354f33f382beb,h103,0,results/raw_reference/7b0cdf62efc26559a30bb8ef26adecf0046863e6997102f6133e0726746b8e02.json.gz,True,False,13.576221900002565,,archival environment/concurrency not proven comparable or incomplete execution
fac66209c9c70df5ed95c77379279b4e232c38d71fcabc30f91bb6a0257ad72d,h103,-1,results/raw_reference/bb10e09107fe4f6acfe1b942562983f16fd5affb0e7c2b7159dc14775272bc5d.json.gz,True,False,14.0132917999872,,archival environment/concurrency not proven comparable or incomplete execution
fbf2620a923a462b52a103a0a1aeebe7664efef96e938d663337c373cfb2d917,h103,1,results/raw_reference/680c43c01b5472712e1fe0ccf90ab9b240560ad4750bd9d57eece393db5b584f.json.gz,True,False,14.375557899998967,,archival environment/concurrency not proven comparable or incomplete execution
c1ef4f3f86e03b02ff41aadc8e341b65445ed64fa452bcd0d9be7f8a66afa715,h103,-2,results/raw_reference/6f863604329dbd059657fb88366aea93b9cf0027f93b8c50419a80e62989347b.json.gz,True,False,14.781307799974456,,archival environment/concurrency not proven comparable or incomplete execution
21bb7e49dcd97417f697a24d8b79e91b3b7ab0457f15fd215fe81b5ea3f5f128,h103,2,results/raw_reference/aff7bf1023b1d3e6f197dc9780d728d263071559c331ecf6dc759e8505341d15.json.gz,True,False,13.692462600010913,,archival environment/concurrency not proven comparable or incomplete execution
d3a93939bd738da0119b467cf642be90b2eb63a1d6cc5311a769bf79cf868807,h103,0,results/raw_reference/db507bd75dedaf70f98912460cfa230405d58d149bf94a4757a1e50470670aba.json.gz,True,False,15.45312219997868,,archival environment/concurrency not proven comparable or incomplete execution
9f022f3b05f2afc4d6a957e78074848fab092d68e2a38e94382e6ba4bdefe3a2,h103,-1,results/raw_reference/a68c6645782d509be83d3bc61bdd0beddc923c04bcb149c3152f6684946646f9.json.gz,True,False,14.850801799970213,,archival environment/concurrency not proven comparable or incomplete execution
04a0a44e4134778b19d8be8812d227a98b19321f5b0adbba7765e8fba94ae52a,h103,1,results/raw_reference/f26a6d1fb735b5ba13b27b519f827c1657350525f03cfda8135bb11c35ed9b4a.json.gz,True,False,14.792390900023747,,archival environment/concurrency not proven comparable or incomplete execution
70f8df8c382bc02d886eff07f356ac00b9693a65c709f67d6ac81c005aa51c1f,h103,-2,results/raw_reference/a5c20e7ddfc741d773ce2981144e66b0f516258d306278d4cb6a6855c9c18829.json.gz,True,False,15.040830599959008,,archival environment/concurrency not proven comparable or incomplete execution
fe0017724e56da8dab8052f2a68625f2ca10b535caecfd4cd72a5b01672c5c1e,h103,2,results/raw_reference/069fb668bde16987bbf32465df6f699e8405455a8afc8893bcbf0f9827fb6292.json.gz,True,False,14.661802999966312,,archival environment/concurrency not proven comparable or incomplete execution
b3d5d8594fbdb61f3bf313e390d171ca038db1c52b7ec06c976163235db3c2f5,h103,0,results/raw_reference/61fa31d8cbb22356d8b2a24bca71a35cc450c5162dd468dc74f845595d949dde.json.gz,True,False,17.76600880001206,,archival environment/concurrency not proven comparable or incomplete execution
b2c0ecb825cd2298d1a04ecfdabb3da5f53b0bd9b3656267f3e8e4e7ab776688,h103,-1,results/raw_reference/f3518f27356f9316b16ca9e95fb430fe2e54a9c320092359b7260ab77e3bd80a.json.gz,True,False,18.105683800007682,,archival environment/concurrency not proven comparable or incomplete execution
f42f5a622e66758e13b66b3ee78fa94b6f9568d343c387871634004507662b7b,h103,1,results/raw_reference/f0222c0e36c750bb46555c5ad7f47ef7fac829cbc6d93dea868d7c511bc09ec1.json.gz,True,False,17.348657399998046,,archival environment/concurrency not proven comparable or incomplete execution
1bc36b5dddb48c6c04d3697592605a0be34603119f14bb749b6fcc9a9918b583,h103,-2,results/raw_reference/d8f7a631bd58742e2d29f7c3622ff9e29e4ed37f3be988cd82df50d7392b9c95.json.gz,True,False,18.473200000007637,,archival environment/concurrency not proven comparable or incomplete execution
106c8142caa4b8174b3199a67abc5ffd67cf24c84029c31f035b46f57080fc62,h103,2,results/raw_reference/de1ee7ed7b303ee4a1dcf8cb6ade5ed2d57ffc6503340a68a56ac451ad309041.json.gz,True,False,17.070416200032923,,archival environment/concurrency not proven comparable or incomplete execution
df22dbd0eadd522da2b004fed8bc4b53c651c98a5e6b2c2015dd7c5d7585fd60,h103,0,results/raw_reference/0179eec922364f2ee26ef381755170febd2f227e0b45cd3b85b5b2954a815c27.json.gz,True,False,14.4980743000051,,archival environment/concurrency not proven comparable or incomplete execution
3f1376d199f010fc9968718b8cd31deef6fd4e5b4dab10a96b132ce013761409,h103,-1,results/raw_reference/ad1d3f670b259c05ce46ce1acece521d8be604fb7d34f51f4214283ade2964f1.json.gz,True,False,14.036961199948564,,archival environment/concurrency not proven comparable or incomplete execution
e23386d7b8715c28d3fb86cafd6ec4c3a0ae702fc31d0912feeb66bbfd73208a,h103,1,results/raw_reference/10bcecb862c888ea662156ae7288e4918bed4626ae23b387a96f58f1c19803da.json.gz,True,False,13.970410700014327,,archival environment/concurrency not proven comparable or incomplete execution
68d0267e0ef2769af5023fb47dc7158b80487eb93a1d0351476259674c3cc9e5,h103,-2,results/raw_reference/f99140f307c70bc88faf7be1377f4e1a7d37e117d5df4095b8a6e190109c5f50.json.gz,True,False,14.215451100026257,,archival environment/concurrency not proven comparable or incomplete execution
1f28c828912d460f13e54fa6d4063f8bc4d16b74c33428e35cc0ddb386cb9f05,h103,2,results/raw_reference/fb0baf75d5bc63d4da0a1f98ec3b3ee6883bf2b4aba69593a4009811bb416c86.json.gz,True,False,14.067723400017712,,archival environment/concurrency not proven comparable or incomplete execution
139893f1629faffeace95b31cbc957de0d113ba33d459af168eb1cf2e76a7cc9,h103,0,results/raw_reference/07241c4606c42bb9ad4ee15f7440ee610ffe9c5d85d3fae356e64003195d111d.json.gz,True,False,17.314018499979284,,archival environment/concurrency not proven comparable or incomplete execution
8a7923c3cae2f61347e0a9cf96a8161e4f9c35bf03ccf7480cc0bb6c191e3d57,h103,-1,results/raw_reference/802eebb941acf726a3f539cf3ef8322b9916cd976a5ef437cb22b19d5f02160b.json.gz,True,False,17.823965199990198,,archival environment/concurrency not proven comparable or incomplete execution
dddd064b91d61cc5511bedc80f88527c3bbf358214e6e652b62ed0d47b3ec484,h103,1,results/raw_reference/557c6adf47f289a4c8e291f061d1b03b5ecb82f1eadd5812c99e1a09944e222d.json.gz,True,False,17.45687450002879,,archival environment/concurrency not proven comparable or incomplete execution
731a7b78d93220e7ab24ab7ace3fa3a8ba7eeddc718712968b05966ed1dc18f0,h103,-2,results/raw_reference/fc0327f00199398732ae436c7bb786cd72252919e9abcba8456e5efce8195916.json.gz,True,False,18.041648800019175,,archival environment/concurrency not proven comparable or incomplete execution
cbd1b0e920c1ca8fcbbc6ccc37c8b39be92cadd7343807878c807b1af52a4ad5,h103,2,results/raw_reference/e8decf66fa03246f6e778480b88fc7467adcd8d6b5639c37cc0b3bcbf4bb69e8.json.gz,True,False,17.19932610000251,,archival environment/concurrency not proven comparable or incomplete execution
8c93c30ef8251913cccef086d0dc34baf20f834d5b57f2fb9b20ef0884ed46a1,h103,0,results/raw_reference/44b9fc5b9365785c614ef78a637cee47aa2f7321bcaabd006a23c56b95cfde92.json.gz,True,False,14.859754599980079,,archival environment/concurrency not proven comparable or incomplete execution
10769d2ab85532ab6239e244fdb28c9a59e93cc4baaef1ac9060e710271fb16a,h103,-1,results/raw_reference/a3c678c5476c3a1fe3a2b6b85fd9ac541ee3f1cd0055ed7e621c43f0d8e017a1.json.gz,True,False,15.461671600001864,,archival environment/concurrency not proven comparable or incomplete execution
25c5d0c3128ee5b7a2fb41483795254cfb3abb7bf38cc8b068276b5de5632f49,h103,1,results/raw_reference/e6c2faf6c26b635592f078ec32ee1d68951e6cca0da0cabe58533edccacda5c9.json.gz,True,False,14.362323199980892,,archival environment/concurrency not proven comparable or incomplete execution
0c8618a5590940c75a638696667c5b8b1729110ac385a7cd88eddb50d26e5773,h103,-2,results/raw_reference/0b66deea45f32288e382fd576c6dfe636e5988b5104156d6ccafa1e724535dcd.json.gz,True,False,16.49520470004063,,archival environment/concurrency not proven comparable or incomplete execution
fdc539e1dae5971ef464f0a614d73c30c755248da658d466a3ef384850c57548,h103,2,results/raw_reference/914a37625400480ec0fccf86fd66c48e7b152914284d690a2f513c3bd31af466.json.gz,True,False,14.180119900032878,,archival environment/concurrency not proven comparable or incomplete execution
abbe81e07a9cfc883f3b03ab012c945304f3f10a47887aca5e3010d93235f200,h103,0,results/raw_reference/34e691e5473244524581e0840bc92951e4012c04e3d2c8b825ed56f313fd5d57.json.gz,True,False,13.984940099995583,,archival environment/concurrency not proven comparable or incomplete execution
987c73432ad1b388a62747ccccc27bbf2e936f70582196ab72f191e8a0424f7a,h103,-1,results/raw_reference/e1e0a78822dd6d46693a84e877370ed690d0cd0b97d5270a234c2b93940a42ae.json.gz,True,False,13.991213000030257,,archival environment/concurrency not proven comparable or incomplete execution
be8f06b7c5e3c42030150a19d127e62410d0063c005e22fa07a6588396771bc3,h103,1,results/raw_reference/cd96654b7ab884eb711df30391e469144739289022afcd70d538cd0c03baeaee.json.gz,True,False,13.384668799990322,,archival environment/concurrency not proven comparable or incomplete execution
d979da3077f995cc00ad86874bf1e072ab5de1758d66a30f49e75829604170bc,h103,-2,results/raw_reference/fba2046c2d6b1fd6fcbb464e180aac72b999823eb76b158d28b0c0008c52e03a.json.gz,True,False,14.193502800015267,,archival environment/concurrency not proven comparable or incomplete execution
88c8f30ad6979987bf8da671038ac613295b8feddfe3117154d56804b5155a1f,h103,2,results/raw_reference/f17a15ded3a1e2176246dc9e241da94f56022e52f7d87401dcedcb81a727aaec.json.gz,True,False,13.373360999976285,,archival environment/concurrency not proven comparable or incomplete execution
16d94653089ce0e6da58f3b8f35eeef012763cc1e87ff5ea391a6209e223d7e5,h103,0,results/raw_reference/e777d6fc88565bb1749af3bad83219c33a32be87b17decc3d6347560a9298399.json.gz,True,False,11.652381099993363,,archival environment/concurrency not proven comparable or incomplete execution
7afec23373821b330bb2351e9b26caba6709bff614f1fb32ae1f14b73d08f6ec,h103,-1,results/raw_reference/eea28111229a2d0e362b3385f7ea6f431b2ace63688bde1acf062879966edd26.json.gz,True,False,11.86418799997773,,archival environment/concurrency not proven comparable or incomplete execution
2a9e9c8bb8c7e0d327d311de906b07beef0e1fc55db3ec36fb23ec87f6747195,h103,1,results/raw_reference/8cfc86ab50fcd5c59a4b89d56d6545f16c263c63be483a1a4dad7d257ead5f27.json.gz,True,False,11.576404299994465,,archival environment/concurrency not proven comparable or incomplete execution
b9d8c8185226890d5c8bb32734d4cbe6de59d75fd2d1c13ceb395b5c57c7063c,h103,-2,results/raw_reference/690e0200b57d83d1e5f5253bcb426ac6669bce85d98c0286678d4ce8b70e306a.json.gz,True,False,12.06280259997584,,archival environment/concurrency not proven comparable or incomplete execution
8592467007c37b0ad0cc554b7f3728d8d767e7e69372a47ad37c3b42d4f252a6,h103,2,results/raw_reference/26695dca63f10deebca23bf3374ae49dc8f806965dc4fc4f40019d9cca8e60d8.json.gz,True,False,11.170203800022136,,archival environment/concurrency not proven comparable or incomplete execution
26dcb7aaa55c78d7c16ac88cc0afdf5866f55a201bcc35503e96c3feef2e349f,h103,0,results/raw_reference/9281e38da30d89143d0cbcdafd1372da4040688101096cad9f78ac90168778de.json.gz,True,False,40.9206481250003,,archival environment/concurrency not proven comparable or incomplete execution
e18b4571b464e929786574e3c5d02246608af4c5a17d9e7bd7c6188dd80c47b7,h103,-1,results/raw_reference/aad15aa5e95dc38a053f256150183ac9ce108241dce05140f57a0d04cfcb24e3.json.gz,True,False,61.17782454198459,,archival environment/concurrency not proven comparable or incomplete execution
9b1c7f725d72348f944bdb13c294391468cd40f93fc6df135fd095b17f96f872,h103,1,results/raw_reference/4797b772efbe8fb6e5e37e08634435e82382c0ccda3606e4cd2f65f71326efed.json.gz,True,False,39.1912359999842,,archival environment/concurrency not proven comparable or incomplete execution
a830c62fd222bb259e5ddb4d6e94258ba97e3bbea7f43958ab9c7d865097a835,h103,-2,results/raw_reference/3e9c673767158e1611569ac4ec271a083762687b9b1268faf0b380a8d4bfce4d.json.gz,True,False,59.41334462497616,,archival environment/concurrency not proven comparable or incomplete execution
8a9051069b01fe3da00527f6064bdfc4837d8d621da4c1e9fa705246217bcdf3,h103,2,results/raw_reference/641488e1b94a545349945b4bc1cf7b9af6bd1420bd8a86835125480558606249.json.gz,True,False,36.81351645803079,,archival environment/concurrency not proven comparable or incomplete execution
c670fe089618e3d223858e051e1aec310d227c4d7d713dc50b5a2ec6ae6a5c9f,h103,0,results/raw_reference/a08da1c18d75929b593a03352faad43e817c35aac49d56fcee9af24da85e924a.json.gz,True,False,36.57975908298977,,archival environment/concurrency not proven comparable or incomplete execution
2dd409720345a6bee9ce7bf4f5248b5a33641f07954b6c88be197156d08401a3,h103,-1,results/raw_reference/52376913cd88cc22a4f96a978408bd17885b7498321e586b0eafd31318d170c7.json.gz,True,False,36.3194340839982,,archival environment/concurrency not proven comparable or incomplete execution
03a00cd2af197e9884368597691b03f5150c0cd9914da0d7f595f87a6e13086c,h103,1,results/raw_reference/f751f96bd3b6935739075f4d17ecf897534fb573b23afaffc925c5b3b1f72982.json.gz,True,False,36.230572499975096,,archival environment/concurrency not proven comparable or incomplete execution
f66ddb361242c8f949c152945829aed741514683ef42016ca3f557e6e8dac8bb,h103,-2,results/raw_reference/702b12dfeabdd0afcd273f20f74d9da6465e5417eda4955d8c8837b232b7f1ee.json.gz,True,False,39.44548058399232,,archival environment/concurrency not proven comparable or incomplete execution
7bed77a30efc4748fc87f018e67b43c2da5e65bff3be61180feb841fb960dac6,h103,2,results/raw_reference/b74482a54cd47e14de341f6dd15a778cbd8628350245de88570187313238fbe1.json.gz,True,False,34.9689093750203,,archival environment/concurrency not proven comparable or incomplete execution
c393076b1680d163b6d17bcc069354cf0a514488aff7a7556c5361bb60f3df74,h104,0,results/raw_reference/7bef259f8569d553b6d1bf3d77587cc159b8ced657f9bdcfd4f2bfec96b3ce0e.json.gz,True,False,231.69862974999705,,archival environment/concurrency not proven comparable or incomplete execution
4cc7ab56c3fa448e98908ffddde07b2a339ca1adf5dabf52e900c2b3d1414747,h104,-1,results/raw_reference/e179bb2b8c3ce4a6bf7425a3e584c88360453d00595b3a24bbbda8b1279058c5.json.gz,True,False,228.1258256250294,,archival environment/concurrency not proven comparable or incomplete execution
1a600cf60c3ad0f1d539bf891442a4b8beb340a26331c092764dc4555490d5f9,h104,1,results/raw_reference/0a6a5f4987648427ffb6a5259e3059108ee669a4260e7803e4c5ff4b17ac81e8.json.gz,True,False,222.0783767090179,,archival environment/concurrency not proven comparable or incomplete execution
3de42413cb93d368c618d2c94e07c9f426492f4549a576316d7178c1050cf5ef,h104,-2,results/raw_reference/fc377a45728b87bcff05b5a518cc772a49c13b3d0fa5fe19b2a62e092334dd2a.json.gz,True,False,125.29077441699337,,archival environment/concurrency not proven comparable or incomplete execution
330751d7e5279c798cb54b7b229eddd2774799bd6a5e9cfebb0e2c3678402ac8,h104,2,results/raw_reference/0e52dec608a4e613e68d9b93bac2c25c4f55daf939658d6823f523392d7b9ded.json.gz,True,False,91.26844620000338,,archival environment/concurrency not proven comparable or incomplete execution
f32ab92de51c34e11ab5ad2bb3a9899e221bbf3f82496640c665747deedbd3df,h104,0,results/raw_reference/a76644b156baba9d356929c6f9d49114cd76c0c12c1b38bbeaa0dedcaab1fc80.json.gz,True,False,56.95702309999615,,archival environment/concurrency not proven comparable or incomplete execution
f04c459ae82af67d90d9d991528a7ece7f075c44d7e4954b0ecdeff11524c30b,h104,-1,results/raw_reference/a6c43459a858ad9b9441da1f8640ef4efe9fb4c408aa4b83f51bb2fd6ab00e82.json.gz,True,False,56.714906300010625,,archival environment/concurrency not proven comparable or incomplete execution
e87c88c8282d03a28cc53345a6fe0fa2b51942ed104f3df64a72ae2d907b0952,h104,1,results/raw_reference/ba810207b4f6b03815ad39b8b8474e25c9bf2ecf9ac6c5639c7712a28129f024.json.gz,True,False,58.15214180003386,,archival environment/concurrency not proven comparable or incomplete execution
a7405c5bdefa8dc02a5eb4ece378cec7122516c84e60f1dc5ee3cf9c90f3ccf0,h104,-2,results/raw_reference/047a31ca430773a2b1f88303bbe8012f2ccca4db145649808bf266a6d402329f.json.gz,True,False,56.11633559997426,,archival environment/concurrency not proven comparable or incomplete execution
dc0f35e5628e6153b89394d141b1aa27251de0e2943ff4992f96a9a3b6dc7a29,h104,2,results/raw_reference/b3d7bbc870c6a0a377205a2d6ede4522862b4b15835e4e59c45dbf37e82192d4.json.gz,True,False,59.671709099959116,,archival environment/concurrency not proven comparable or incomplete execution
0c1b5b00f4a57acabfe03c54d92d85d9ac0c88d05095ebda6afb1c7c7cea7270,h104,0,results/raw_reference/b9e5c11e2da80d962e58160c0ad5bd396dfd52f992ccb74dd42c55c577cf2991.json.gz,True,False,64.30748820002191,,archival environment/concurrency not proven comparable or incomplete execution
0b04367cfdcb9cfd4fdb0cdcf6753460b8acbc910e645686bc799d7b9c4b8070,h104,-1,results/raw_reference/a2108ee2234364cefb6bd2ea30ce10b05e368c31a60355ef826c0d4823e2228f.json.gz,True,False,64.4004904999747,,archival environment/concurrency not proven comparable or incomplete execution
a8250141d9efba2af7988e500cfda5966bd35d85545f679cbf5be112a6557be2,h104,1,results/raw_reference/b9fc79370df12bb8b56fd4e9661f2704b03579bfc4ecfbcf7995cfd6fdb8930a.json.gz,True,False,73.7276485999464,,archival environment/concurrency not proven comparable or incomplete execution
223ecc58f4b4f2709e3fbe53b2920dde31cb1fecc8d33a99ffed896c57cc639c,h104,-2,results/raw_reference/3360846c3a190eac8c9d9243af3f7be7832a9e05f781cfeb2c9967650c4a9229.json.gz,True,False,64.47506019996945,,archival environment/concurrency not proven comparable or incomplete execution
b91f11a9e811d352fe5e865016d7efd7576274c0bdf48cb3e4deac0e7af63147,h104,2,results/raw_reference/ed83b95e2e71abcd74fb7c56f388422fb40d89c2a5210c4b08de93aecf0bd948.json.gz,True,False,59.186224600009155,,archival environment/concurrency not proven comparable or incomplete execution
c6271e8d6a11b8608ea99d6f3942fb4abcd6f520aefe2c50bd4da2ae77f1ded9,h104,0,results/raw_reference/48d757a6efa69540a1f1cee0f30c9b2c27733bb4aa48592bbd74ef92a56c6477.json.gz,True,False,59.863615999987815,,archival environment/concurrency not proven comparable or incomplete execution
5a616cd988688000ee0457409878811b39d9f9c0278544f8e8de195eadceedbb,h104,-1,results/raw_reference/fed92369e36ef86234ba473c472646db00fcb60514d03f2b482ef7b4d2057520.json.gz,True,False,60.47936880000634,,archival environment/concurrency not proven comparable or incomplete execution
0cbaadffdb829c70c823376598b035a9503c53ea9b9a529bd0486c0c9cb1f653,h104,1,results/raw_reference/994bd4a149a054910f04b6519f6e615ec0e544939a66c6bd303c446f2050a175.json.gz,True,False,60.00068449997343,,archival environment/concurrency not proven comparable or incomplete execution
932c5f03899bf60cd1c653b80f21a85929c4523e6f605f1e21f15df8eb098006,h104,-2,results/raw_reference/04e49bb37c4c52149a358bdda12c36ad050a40640e33855165c9dffe64f94113.json.gz,True,False,61.415227100020275,,archival environment/concurrency not proven comparable or incomplete execution
70cf12deac2a3e8cdb2578966d4c203248fece789d008702fac0b691eeee73eb,h104,2,results/raw_reference/32e77e9474a9f238fa49b97360f7d69fab90d4cd9acd72afaede89ad969e4c74.json.gz,True,False,60.995476999960374,,archival environment/concurrency not proven comparable or incomplete execution
eea8428a253594f2f607b51ec49babc22c9e53639c84fd5227f8e4b4144d4b44,h104,0,results/raw_reference/5cd481780797158379e1bc22163c2452f394a8bf83e0de80157ea1913c632c7e.json.gz,True,False,58.41907679999713,,archival environment/concurrency not proven comparable or incomplete execution
a33a0b4047a4ae7861a14f29de3fbe2513ceea54744df1edd6332ce602a0749f,h104,-1,results/raw_reference/f7f8147ad1a8973eada298b3911f4ac99525d53b3bf5551cef1a46a40a40c390.json.gz,True,False,58.822918999998365,,archival environment/concurrency not proven comparable or incomplete execution
761df326b53c6d0528774bf04c28ee0cc03b93880cebc9749e31307d74721717,h104,1,results/raw_reference/3fa0869ff09e212010da0c8a34945202702bb095df973709e7fbebb4d96c6d5b.json.gz,True,False,54.503079600050114,,archival environment/concurrency not proven comparable or incomplete execution
1864b23a3c1c1dda944a8e6d069f0405d2d511fb1366f27b827952e7d28444d6,h104,-2,results/raw_reference/d0d039461ed2620be363ea052a90f735039d623a937cac56cf30ba40a6199968.json.gz,True,False,58.7209012999665,,archival environment/concurrency not proven comparable or incomplete execution
97da3f06fde8ae8cdece7612af4d15a5e5d416c06cff18c3f3a3632dc2b6c7d6,h104,2,results/raw_reference/3ad6e8c441c689de6f4ca5d3880cce3b4f9b7cfa1127b4d8e900666bcf6ddbc3.json.gz,True,False,56.49863109999569,,archival environment/concurrency not proven comparable or incomplete execution
64350045ee6696ced19788e94c893f0f16c2a7598b90883f8a7ed54219919454,h104,0,results/raw_reference/cd66292190a84f607b1419b5586b997dc436d141c790bd93dc10a351eab39d2a.json.gz,True,False,58.97260219999589,,archival environment/concurrency not proven comparable or incomplete execution
f996dcfc90cffa01bef7e2a4064006c2a92ffd3e2825c12f1f50066a2346315f,h104,-1,results/raw_reference/a978c92f2b22bb2f4a62ac3012b1b514e6b336409773fa3437c16f68430038ee.json.gz,True,False,59.014832700020634,,archival environment/concurrency not proven comparable or incomplete execution
6493122048f6e5f8c153fd0026d0ed69ceb2f88545ba3187bedc8778f8b180f9,h104,1,results/raw_reference/d79f91b1ab29b72deb98e79adf38399f0ba33e66847dde6257984f2053207fa0.json.gz,True,False,57.720691700000316,,archival environment/concurrency not proven comparable or incomplete execution
fd315f0bcbbd24c979a9c71645b1c773a86442e3f27c70cdfaa65b166f8dd2a8,h104,-2,results/raw_reference/9dde65869aae461da589c523e3016e3f1191e17b95c039e828a5326ab4db3e63.json.gz,True,False,59.00660419999622,,archival environment/concurrency not proven comparable or incomplete execution
670300acc6ca62be69556705fb19010095bd72d5115915c6c4c190b250cc1123,h104,2,results/raw_reference/5535710d0ec6d9f4158ba2c44f503361b87999c1059f80d56d9a14946aef0d48.json.gz,True,False,57.75168180000037,,archival environment/concurrency not proven comparable or incomplete execution
a84bf95f349b3e0738e8a496dc04102c5beb1f25c59a33cf678b98f475150edb,h104,0,results/raw_reference/937bd9c3c5345b829bae8221f057e93a9b9340907c6ec1ee6ecb67c112a3ef2b.json.gz,True,False,56.57954609999433,,archival environment/concurrency not proven comparable or incomplete execution
95df5aeabe503fd8665981532c7260d6fe5517b1adc6b0430cb8526e479772f2,h104,-1,results/raw_reference/07b03360996bf1f1887931f9d122792478a7ca6f3f39e78f358c96dc24ef1593.json.gz,True,False,55.380328900006134,,archival environment/concurrency not proven comparable or incomplete execution
22b03a932b561e6e6d24e204762baef38425e02755f3180e6c4231cd24faf0b3,h104,1,results/raw_reference/dc5c6af7648ba3cd2cec942b2f0ae5f1d8684a1a745972e9a779be638e1dea52.json.gz,True,False,56.623013100004755,,archival environment/concurrency not proven comparable or incomplete execution
5457b1f619012373e0ae24a1ae5b68d574efaaf960a550b362ccc3bc687bb39a,h104,-2,results/raw_reference/3294ef134f3229aa8865baa6919e4200fda11dc5650e266dff75011f11f9a750.json.gz,True,False,56.615591099951416,,archival environment/concurrency not proven comparable or incomplete execution
e6af7aa267110d856f78124d81fa29ad8bd10b70c727cd3a6f5f54323b59bf00,h104,2,results/raw_reference/5b457ec9a74b8a3ae9df475a71d57b919e7698d97cd6bba5278c9a39cf195a17.json.gz,True,False,55.04668109997874,,archival environment/concurrency not proven comparable or incomplete execution
fd76a7ba504b2ca9d65087a168aa615540541c34fa528370535db34d51fe1eda,h104,0,results/raw_reference/cbbddf9dd1c8fce4863db20794251c4ac7bbf6fb1dc790056b615911d86bc70f.json.gz,True,False,62.172217299987096,,archival environment/concurrency not proven comparable or incomplete execution
03e13d9f00540f3e2d998a1bcb0aaf53493631afbbdd1012851c72b00da9c6b8,h104,-1,results/raw_reference/f9ed3e3b280a4cccdc1af219bcb4704f74d613c9c5bad440b748a34613dd7a06.json.gz,True,False,57.85445049998816,,archival environment/concurrency not proven comparable or incomplete execution
ee327cb9eddace88553325ed9c44e57a316e86681c48db065f97d05be06cd6de,h104,1,results/raw_reference/22c5c360c3b0b5ba77c1b19097a7b652755ad2ff6bf7bd4657f4ddd6e4acb477.json.gz,True,False,60.55710769997677,,archival environment/concurrency not proven comparable or incomplete execution
93b56725466ac67926cff6f3f93c44c67e3457cc2b13b7727180f3a5d312501a,h104,-2,results/raw_reference/2d0e47d1642e8270d8e41c012d75d919128d6a8d76b166689f376f1149f3dcd3.json.gz,True,False,58.88301449996652,,archival environment/concurrency not proven comparable or incomplete execution
831ffbaaa07789bd8a940738f0fc5eccc5c95b7f2b72ef564fb191266588f463,h104,2,results/raw_reference/d214a774410d6760393c36e8e6c191b488a62aeaddfe6e5801f76d8d656d7614.json.gz,True,False,60.056582399993204,,archival environment/concurrency not proven comparable or incomplete execution
3ac7bc8b030c7c4229c758d0e57c5161edfd52fd89fe3c2151979d5a9c9f58e4,h104,0,results/raw_reference/15dfda216869f1f07d2928ceaf930e8cbcae1e31003118a8c81fe956141b4c0e.json.gz,True,False,60.38966689998051,,archival environment/concurrency not proven comparable or incomplete execution
ff1e71c369aa0b422c87e6bb9c7c639c58051c7d162c9a9205bda8901ca08e9b,h104,-1,results/raw_reference/5d49e2d3d6654fe716a751e24a1eb39a241c6dcccd2b2e345957b8a2810d6d1c.json.gz,True,False,56.99256530002458,,archival environment/concurrency not proven comparable or incomplete execution
2d93035aeb89271c1aaca369532d6b52cea2a465558100a3db536135d9a08391,h104,1,results/raw_reference/e61769c219c4e2e292c60bb2973f9a6ccd451a70e27328c1d4aa371ac406ef16.json.gz,True,False,60.33004000002984,,archival environment/concurrency not proven comparable or incomplete execution
9a4a81a08c21de6ffbe9d87d8953bcf952243ab48756c62e5f02b41ea638a83e,h104,-2,results/raw_reference/21186e66de70487bc70d96733aa677918e3714abd32310f5fa7fdc080ea7bab9.json.gz,True,False,57.03756959998282,,archival environment/concurrency not proven comparable or incomplete execution
9054717e18bcadc444b79726456b4aa54a019d8e661341257553cb78585e7795,h104,2,results/raw_reference/fc0f36f937d945dafecc6cbc30338744f360a8d4e1a3de75f5b6571f9c96bdcf.json.gz,True,False,60.27390989998821,,archival environment/concurrency not proven comparable or incomplete execution
a3d32e4bd750de0162e26a7f94844788969e141a9d72a30298ea2a6dd70d0e89,h104,0,results/raw_reference/afc77d571f1c8cc237b4e00abc64cf131c10a6d3d00d722bf842c466bb142eac.json.gz,True,False,57.60543479997432,,archival environment/concurrency not proven comparable or incomplete execution
5d4753f9bdbc15aedb5f371c3aa0271a294206446127375f94023740161eb2f7,h104,-1,results/raw_reference/ae52ee69713698a9f870ee051da4f433bba288504c2a6b42c8e875e6174d6c48.json.gz,True,False,55.37717250001151,,archival environment/concurrency not proven comparable or incomplete execution
f3c9972c678f330e232533c9fc00d5f8d0681934085fc1408ef965cf3e061df7,h104,1,results/raw_reference/e63344fa4d70160b176d46a8da8c7d2c1cb2b7e291c42f283467a64328481b92.json.gz,True,False,57.60070900002029,,archival environment/concurrency not proven comparable or incomplete execution
31d99914197fc7449abe69f4f9a288dd67bdcab5891c8189554168646094e337,h104,-2,results/raw_reference/b8b9ff595d17461bfb0f230e0355b98674412c286a8137367f34d4912839446d.json.gz,True,False,57.79560960002709,,archival environment/concurrency not proven comparable or incomplete execution
d44cf267ab70b4bd7c3d6a3a40ad46c2a46a5b9f1515aa28fae832ec9fba58c6,h104,2,results/raw_reference/00d49d17236f0f7aa0ac4618ee540a8b59bc9ce2961c63e3ff768ec2af8ec00e.json.gz,True,False,56.270601299998816,,archival environment/concurrency not proven comparable or incomplete execution
95487f659ea51f5d466fe9ac96c658529b527690e1eaa373e937106028e74d60,h104,0,results/raw_reference/78e723dc33904430cbb4e1c34193c4e0a9285288d59f709a8c1b4a562f2aa6db.json.gz,True,False,58.47508419997757,,archival environment/concurrency not proven comparable or incomplete execution
c6d409afc8d75bb8b0223f1fcd74181842c96313182c61f28f9d18e42415074d,h104,-1,results/raw_reference/b1ffc0372943dba72691a488f7f3321f182a83eba055bd079b49731d4293641a.json.gz,True,False,58.55176940001547,,archival environment/concurrency not proven comparable or incomplete execution
3178f1c56179d84f8048b3d4c91efb27a93b88b76f09d22c506ffe07496b396c,h104,1,results/raw_reference/36040db51a2b425add7c915134f2a4f4b65ede23852c5e40d7a6827ba8a6f2b7.json.gz,True,False,56.79074969998328,,archival environment/concurrency not proven comparable or incomplete execution
8575913392b750c3abe4499d8cac9f982216bcb4a8950617139e4540322be52b,h104,-2,results/raw_reference/1cfe4561dbcd473b875a15ef229955374085ed01336b79ec0447bb6aa7f7dc3c.json.gz,True,False,58.36575619998621,,archival environment/concurrency not proven comparable or incomplete execution
b9c30874111bfd829000a9b0c60d0adb1db18ac75fe02252bd33cd9be743e3d1,h104,2,results/raw_reference/4cb58f9b5e794fe8a3d3d4cc531655809358bf74587327764a7e3284d2331b36.json.gz,True,False,56.64738859998761,,archival environment/concurrency not proven comparable or incomplete execution
50c5719907516fa500c17726e0860e8a4fe58f03115b071787e3f203ce50e701,h104,0,results/raw_reference/00159bc67e4f31d8d1f862180ea35a364d724c0c3c66c0f068ab10a22ef67046.json.gz,True,False,55.92805170000065,,archival environment/concurrency not proven comparable or incomplete execution
3dfa2e9e45771fce7120be84e669107feac732cb5807cb0b64a2bc8a74a09c6a,h104,-1,results/raw_reference/70e46123511ff9495a8c01d83f90c8df93dd370d1b52c47744bb67068a124200.json.gz,True,False,56.05365969997365,,archival environment/concurrency not proven comparable or incomplete execution
8382b16a3df5b0f532326f73493d2ca1f2348dda1c900234f259ff71e593ef64,h104,1,results/raw_reference/be3663da03f194ac8368e3a94e557ef0c14fb8bff8345712ec9f47bc17a83c2b.json.gz,True,False,56.16299739998067,,archival environment/concurrency not proven comparable or incomplete execution
381731bd7b0b64d10f9750055cb99d399a53d8cd6a75fe75d3e6e9fab61fa499,h104,-2,results/raw_reference/55ecb41e27759b8d795ca66045a065ef96c28314d262cc00e26a3765855b616f.json.gz,True,False,59.936961699975654,,archival environment/concurrency not proven comparable or incomplete execution
c12a623753bcff11fe3a8e6431b039f893a0bbe275dad66b860d129d8561b899,h104,2,results/raw_reference/ed2b4be2d33b341cde12f15906fb1f09c76fef5a092f76b0c9301e1307ba4ef0.json.gz,True,False,56.00171450001653,,archival environment/concurrency not proven comparable or incomplete execution
58fccad8d51b97ec1b23ab67efe776c31ceede5b1b1875ad6edd217423d53ba9,h104,0,results/raw_reference/b0991e4930f7d88c4bb9ad0e7e33295ddafbacb25b50932ee3d699dc515ea76d.json.gz,True,False,93.26848659996176,,archival environment/concurrency not proven comparable or incomplete execution
dbc982376bdc489cbaa6945ac13c9b616b362b4923b9da871253ad51fc304c2e,h104,-1,results/raw_reference/a8730065effd380fef094c4ed361b730fe4ffebd94ad1672c91ef9b41c5f718d.json.gz,True,False,93.9641169999959,,archival environment/concurrency not proven comparable or incomplete execution
e4b21508cbbc14dd8187771645b0b89994463e2586c5cb3cca10f0076d1a4630,h104,1,results/raw_reference/250f9e68bc16dc2eaa96aec84afdb6c833010765358b144b3fec64bbfabb64d8.json.gz,True,False,93.3485160000273,,archival environment/concurrency not proven comparable or incomplete execution
84567be8551a47e437b7ba7a34f0b374909f1b4df5b47ad1c4ffec14ca9e4a81,h104,-2,results/raw_reference/9223476705ca0e01440059e389e6253faeb27d9f84375afd117a111dd8cc2a0c.json.gz,True,False,91.78242450003745,,archival environment/concurrency not proven comparable or incomplete execution
621571ca88f3d23a58628e65199a9012d4384c8e5feee08beef614459657ec40,h104,2,results/raw_reference/4056ace1d55c2d781b74eb10e1abcfd54ceca10bc6f92e651d14f654bd7ee132.json.gz,True,False,87.10667429998284,,archival environment/concurrency not proven comparable or incomplete execution
c0fd47d19f7e3421ba3b8bcf4a77208a3a7ede8d967b2d32e9017228cd93f77b,h104,0,results/raw_reference/386a239f9816a0e32f9859163183484414544f10bb0a7fcf9121332c69a15aeb.json.gz,True,False,56.988461899978574,,archival environment/concurrency not proven comparable or incomplete execution
3f0f070d08122c1d5ba94fb2d578734fc060415356660aeb1eeb10a4568059e8,h104,-1,results/raw_reference/22c84cefe6b01a11a9408debe6b6beb1506042126f95ad91d68aecd6281ad46b.json.gz,True,False,93.49657179997303,,archival environment/concurrency not proven comparable or incomplete execution
919e3713716c9dcd27eef7a72b9a8227ebd3adce53e566f7b006f0bc37da57ce,h104,1,results/raw_reference/71eb872ad707fa120f8862bb3ac97803b62b0d85e19e7d1a55626c0627a4abcc.json.gz,True,False,57.194310799997766,,archival environment/concurrency not proven comparable or incomplete execution
2f2aa972ff27a1162014c9e6d25485ee15beaeacf4fd28a7561108902f79d976,h104,-2,results/raw_reference/f83d5536f25998fb13ec95f466ef6694cfb36e159ff583dc4b3e9ebf693fdd8a.json.gz,True,False,92.47599890001584,,archival environment/concurrency not proven comparable or incomplete execution
f0b3ee340a899343d3aeec2650e0af4b511cf27b893105b46c40a501b6946831,h104,2,results/raw_reference/99792bbf23a52f73c844487485f5326d34ecd724c681b1212b1522df1d1225d3.json.gz,True,False,58.51124909997452,,archival environment/concurrency not proven comparable or incomplete execution
59df57117b4ff4b649c8dbd21848859f1b3de1ece0ec8abaf990557e2df40636,h104,0,results/raw_reference/028c0c388887a2ff2dcfd707845004b6976ec5f2d2f3d052e3184e604f30310f.json.gz,True,False,55.82832039997447,,archival environment/concurrency not proven comparable or incomplete execution
0c377055c9a6b3ecce97e0cc4bfd2c5c46a2b00aa7c3b8c14de8679603a5c357,h104,-1,results/raw_reference/95847b0ef51adda07314e05631309ef8ece608644ce86c76b9b5a0cc4ee8094d.json.gz,True,False,55.94268259999808,,archival environment/concurrency not proven comparable or incomplete execution
b8bfdcfeb677ac288dc256b4daf571ab144fc9480be64b5a9f6badbbb68dfc3e,h104,1,results/raw_reference/cf61150af926dbaa9dddc6a65d78823419f918a08e99c631153278e485c8571a.json.gz,True,False,56.129098500008695,,archival environment/concurrency not proven comparable or incomplete execution
a87b323a1bff83bcc00244960331296f0b0590a15f2a06e81695862384cbb94f,h104,-2,results/raw_reference/edd63885ce1b97966e179192cdadfa5f9bd6a86fb17e00b242a6a66f0caa178f.json.gz,True,False,58.56789760000538,,archival environment/concurrency not proven comparable or incomplete execution
6380da0256d26805c9205b2fa591a8dbe04362ef11fd51586d73d66107820ece,h104,2,results/raw_reference/4cb269300f88fd75920f07b9ca34a255b60654dedb30fbd43b823039715a9d45.json.gz,True,False,57.03631779999705,,archival environment/concurrency not proven comparable or incomplete execution
45e7a8a554251059e060ef836012cf765fb6a95438edfe12d1e484246ceb9f9a,h104,0,results/raw_reference/bac7219408a609cbdea7293e49446c2b27cddbe23b7d26d1fe7dd54058068665.json.gz,True,False,44.167196700000204,,archival environment/concurrency not proven comparable or incomplete execution
00c04439447601613e70e72d8d722a8f62ba0c29dd56e0b7658a18cd2654db4d,h104,-1,results/raw_reference/087fefbdef1283fda0dc1bef706678176f8313c5e716e5ec2644459f2680a357.json.gz,True,False,44.82929449999938,,archival environment/concurrency not proven comparable or incomplete execution
d38d25d0165c06b9d3fdbc88db03ff116568dd682de3372b05faffe73c67a959,h104,1,results/raw_reference/e0b56b1606cff5e93d68e19c2130552413e2b1d03be3ee008f3e3282afa830fc.json.gz,True,False,43.18341689999215,,archival environment/concurrency not proven comparable or incomplete execution
55815058118be20cf4633ca5259351ac8f1f639bf9b922565210f27fd7904900,h104,-2,results/raw_reference/b0d601a83f9841366dbef3765e3f0d4a427a984cec806d6f169ccb4ef5aad29e.json.gz,True,False,50.59058009996079,,archival environment/concurrency not proven comparable or incomplete execution
2420aff38e6f39ee9b89c2b7c216ceaf954a4e01c2d4b3b49e0d96d998c75ea1,h104,2,results/raw_reference/0f91f1694fce18d7308364d89597a79272e4ec572494d95aac68217d92a373d7.json.gz,True,False,43.071987300005276,,archival environment/concurrency not proven comparable or incomplete execution
3468ce8a3cc7a7870b62c651b206991660a8183cc460731460f36ef90062c1c9,h104,0,results/sla_sensitivity/reference/405cef7da896926fb89c2f2ef4f295c1032134f4011e08259c4d83023637b071.json.gz,True,False,46.040687199973036,,archival environment/concurrency not proven comparable or incomplete execution
fc3771e89f41e00d9716b172bb6dca4a36eaa67eb32ca8191bb1864f4233c9da,h104,-1,results/sla_sensitivity/reference/4843053f08e1123cda93aba07f758da0792e162546033dbbd9f8ec7a0f3e9c92.json.gz,True,False,47.11347260000184,,archival environment/concurrency not proven comparable or incomplete execution
1daf33ae07b69199b6c2d72b129f9885e906ceb8f94d4bcf156bbf5d7586ad53,h104,1,results/sla_sensitivity/reference/8575c4452137cf1b27a5987853779b6191ebae3cce77509825827d5037afcc28.json.gz,True,False,42.06595129997004,,archival environment/concurrency not proven comparable or incomplete execution
004a9a809b8b142417cf1bc7c2cf135bf63a234afb2961e571dc66cfe57c598a,h104,-2,results/sla_sensitivity/reference/4a7994214644a95e7cd9747345f7f555825f20a23e3decd0fdd1f3c83aa9c211.json.gz,True,False,49.20595089998096,,archival environment/concurrency not proven comparable or incomplete execution
7ccf7cf5fd81dcbd239a03655295856af5bfafad9e744aa2d567dc958c423716,h104,2,results/sla_sensitivity/reference/ee352545456c4d4861edaeaa2d80edc51d455faa3ace44379dbb76b539c9fa56.json.gz,True,False,40.316972800006624,,archival environment/concurrency not proven comparable or incomplete execution
bbf3e9035cc995684a89e0000f2ccff4d20782a65199796496eb0ade7eaadaf9,h104,0,results/sla_sensitivity/reference/d92c8bf508d4be2b2a66b9953a3f12016790445012a642f8b413473d7933e550.json.gz,True,False,45.64599759998964,,archival environment/concurrency not proven comparable or incomplete execution
2d671ea118843f8ef0e1ebbc4a46f2adb2ec6a5d541a94229c5c414efd921c1d,h104,-1,results/sla_sensitivity/reference/3b78fcfe13eca84a0212341647054b6bcd09937d065d7270f0c36eae10133717.json.gz,True,False,46.751023399992846,,archival environment/concurrency not proven comparable or incomplete execution
0194068ff8ec7c36856c07058483cdf9d495ee35b7190439589a88e25d4366cf,h104,1,results/sla_sensitivity/reference/af903718800ef906a23e9d6d17df979890999e7c289daeb0c5227ca09ff83dfa.json.gz,True,False,41.515471199993044,,archival environment/concurrency not proven comparable or incomplete execution
133c7ad29c07d0298154db695002cd9fc5ec77923e8c87f7cf6d634afae0ed10,h104,-2,results/sla_sensitivity/reference/102ac811d5906b4d840353e005d6eec0ce1f49a33ed0b6285a391656f945293a.json.gz,True,False,48.76587750000181,,archival environment/concurrency not proven comparable or incomplete execution
c7c764812200beebd5425a7b1757583a038dcd035083b406fff9cbc502166089,h104,2,results/sla_sensitivity/reference/2e94cb39e12d089e584810a3e2456cc1a7588319635b8c42111824e4bf1af56b.json.gz,True,False,40.233310600044206,,archival environment/concurrency not proven comparable or incomplete execution
610c4cdac60ea1433b921cc53d2122182fce0705a67b73336affd7d775494140,h104,0,results/sla_sensitivity/reference/f98c7d7296069b3e574c24d8e7102de76d1d6156ef9e699f501b0cd250be6352.json.gz,True,False,45.97274689999176,,archival environment/concurrency not proven comparable or incomplete execution
b892ab90cb8b7490365235f491d775f21c8cf2dc5d36a3ddf89135ae033f3b20,h104,-1,results/sla_sensitivity/reference/4a1b73d72a9c9512f4ad2517c26a2a2acccf311ebce960c0cccc77d0f2937e41.json.gz,True,False,47.03197579999687,,archival environment/concurrency not proven comparable or incomplete execution
8f6437dd47040f61daa49e7a09b5e7529db68c0f4a9f53e3d73ab34761d29843,h104,1,results/sla_sensitivity/reference/157f81d0550002228acc8be9e1abadeeee817a6b7a5fb53f693d88882417901a.json.gz,True,False,40.7930786999641,,archival environment/concurrency not proven comparable or incomplete execution
ff4e037e524e2bf2618e23b0028c8179fd6cb541a93539d6a019a8006059a95e,h104,-2,results/sla_sensitivity/reference/c0567a08c693041b00f97548a708ceb44f6847e24e2f27fe1607e025021e652c.json.gz,True,False,48.75646970001981,,archival environment/concurrency not proven comparable or incomplete execution
693512d3a8f4d36d138ad0eb7d55d0ba782d331697084a4a7bee82c348dbed28,h104,2,results/sla_sensitivity/reference/80a1cbf06e935ca93f2169a3eb338dcee2866850c409204f0b5ad1879bdd18c1.json.gz,True,False,40.32909260003362,,archival environment/concurrency not proven comparable or incomplete execution
a669b9c7878af1395d331fd27d8976f16e00b04c835e43ed70f91d94436ff9b1,h104,0,results/sla_sensitivity/reference/1dce95bf42ca4c58a1146e5a303c98a048a1571595a537fd5e49bddda14b75bd.json.gz,True,False,44.42667769995751,,archival environment/concurrency not proven comparable or incomplete execution
ea81ce1ac6f7250f79dad5a2ee0c4a5cf89f28b50f371f0116093eef1c426f57,h104,-1,results/sla_sensitivity/reference/857fae5903e3642671d5ff105fa4eba6e789b8d70bd08a676fedde715433c3e1.json.gz,True,False,45.80835130001651,,archival environment/concurrency not proven comparable or incomplete execution
8357d23342376c41a779828369a15d3093069fed91ce4e693c06e75d35cfc70c,h104,1,results/sla_sensitivity/reference/49e8961dd7ab7eca579fc2ca1b447c7247dff4f67d3b12d56d5c16abe93d010d.json.gz,True,False,40.30907710001338,,archival environment/concurrency not proven comparable or incomplete execution
76f309f261184852e5dcd03c795429d84fc69d5a3de4db707eb3c3d84974b616,h104,-2,results/sla_sensitivity/reference/c38fd8585c67441a6266ff24692ef984d5bce3a33c0edb41e0cc7a2858f3c846.json.gz,True,False,47.73699060000945,,archival environment/concurrency not proven comparable or incomplete execution
c5a0faa12ab5d984a245dc428ad9d1d96eee9ff6d6003891d2be5d6dcad1ba4e,h104,2,results/sla_sensitivity/reference/70bd2862f7477d7c26989198cedd2527bd6e22d7a408c66beb9f951e230ba9f9.json.gz,True,False,39.44578680000268,,archival environment/concurrency not proven comparable or incomplete execution
3a931504398f82477a060bad8a9fe5862d5ec2ac9a20dd198b0620a3f553d981,h104,0,results/sla_sensitivity/reference/fe1d7accab1d3146ebd0096b006c6f53b0c0b4f8fa7015b0499acf0f1c8b8a1d.json.gz,True,False,38.5283264000318,,archival environment/concurrency not proven comparable or incomplete execution
37664eee0e4f089029d49ca3432e9df9f1d330b5272eb98972ba1dac6caf7b29,h104,-1,results/sla_sensitivity/reference/32cbdae14059ef5797e0fa86f34cb084cd5eeeed1323b6b9b46884f3d54c0fe7.json.gz,True,False,42.176269499992486,,archival environment/concurrency not proven comparable or incomplete execution
12185a643ac793bab91e44e307966cda33bb95827d770662f56e5e58cd56acfc,h104,1,results/sla_sensitivity/reference/c553cff25ecd1d8b015b0f19034a4153d19dcdd3dd0b2f7635a60bd4c5e0cae5.json.gz,True,False,38.06026669999119,,archival environment/concurrency not proven comparable or incomplete execution
3c67dd35154f2f6c98d70a2c7d3be784e13e7c3afc6ab11a34ea93f284d507af,h104,-2,results/sla_sensitivity/reference/f5cc2fb48e2deb5cfd88bb887a8d85fd3e44d898663310a8e829973e92e3bc8b.json.gz,True,False,43.05557179998141,,archival environment/concurrency not proven comparable or incomplete execution
dfe7a80e014f272fc77868cc1aa84838d4c2bb0268f1c0daf3cb83237a43697f,h104,2,results/sla_sensitivity/reference/3d15d7f46f30f48588578b996fa09cd9747124cef62ca0be59761f09d8b789d7.json.gz,True,False,37.54467289999593,,archival environment/concurrency not proven comparable or incomplete execution
a033e0fff16b92c82a24015127f80d73189d48592538c67bd7e9640945cd9c39,h104,0,results/sla_sensitivity/reference/2e55dbadc5a7eca9e8f8c65df0d14cf3bca1d2f1c69a6cdd9d05c19f978930ed.json.gz,True,False,39.65691479999805,,archival environment/concurrency not proven comparable or incomplete execution
f945326b9b296ef69d9562ac7c76259d55f6bb938a2b5d125c5e19d62c0c6401,h104,-1,results/sla_sensitivity/reference/ab51ad1354ebb83d6b30ec71c2375626b492c74b9d43db39f400bd6311e441cf.json.gz,True,False,40.888846300018486,,archival environment/concurrency not proven comparable or incomplete execution
4530631b501104efd64382f9fd7e2147824be4bb82df13d9041f5ddeb62cb7bd,h104,1,results/sla_sensitivity/reference/765d3514eda99bcc424b8569ddd0ced0bad7e9ec64607a8cd0a8a51cf7056a26.json.gz,True,False,42.59367910004221,,archival environment/concurrency not proven comparable or incomplete execution
a9719414dad94613621167828a19769c8cc15322857440e87a35a7dc498fa42b,h104,-2,results/sla_sensitivity/reference/28ad1f28442fc40eecf7da0169529acd4248d22c984ef34ea40063e66f27ee01.json.gz,True,False,41.39983710000524,,archival environment/concurrency not proven comparable or incomplete execution
1043f9bd355d03fe0408cbd731f7cf76ae5e4899335698aba0d9ce05336d5180,h104,2,results/sla_sensitivity/reference/12d04496bd92a83e9cac4f6fadd023b32e65bab56cbb30e41fed999773f8e393.json.gz,True,False,36.68748650001362,,archival environment/concurrency not proven comparable or incomplete execution
b1c69d645227df737e43c60184a3a266ca7184a5f0246ffc2d375d6129f7f4de,h104,0,results/raw_reference/4de57935d433d0f9023425fa2dbcfa94779c1773143552ab605d83602be2ab41.json.gz,True,False,31.426814800011925,,archival environment/concurrency not proven comparable or incomplete execution
19658015b44a1cf4b0a4b00386ec219883d4161b457b2d80bb48596fc6093480,h104,-1,results/raw_reference/dc39580ab740d774a65d355ce089c2fee7a6800d1095f7715c0387175f95a4db.json.gz,True,False,32.400575800042134,,archival environment/concurrency not proven comparable or incomplete execution
63d3c13855c5331fa13912c7c825012bc51cbc7702deed5a82cb50de0671e2bf,h104,1,results/raw_reference/d77d93c2f2f511bcaf620486064e6a82f37a247a7638f626e66357cde07e0b3a.json.gz,True,False,32.91835460002767,,archival environment/concurrency not proven comparable or incomplete execution
05b0f5efb285ab51420872c3cfba8d875e9593ca455f85a741850f8f85359e77,h104,-2,results/raw_reference/ac4b3d5ffbaeeb260447b5fdf54a8de80639ad3d116dae65976df67f3c46916f.json.gz,True,False,32.19305350002833,,archival environment/concurrency not proven comparable or incomplete execution
9a801dcc4028e78f3600bc41838d48803e02fd3f9e18bd14b6ddee3f11fccd6b,h104,2,results/raw_reference/a7269c93a0365cedd2d85acbdcd3a16a8f76b4aabf17a2fda77574cb56130286.json.gz,True,False,29.37999210000271,,archival environment/concurrency not proven comparable or incomplete execution
f2b09fb4c4f07fc2b7e4047f821a4b95ebba2932224128c5a77daccd68221528,h104,0,results/raw_reference/177057ccc7248540ffbf28db04106d0f0853f019d63aeea6ce2db5e7f9e7457b.json.gz,True,False,30.502502600022126,,archival environment/concurrency not proven comparable or incomplete execution
a87def5a0736f2dd60eb287a2c3f852dc0697b019d4f8f911b38f6ba7381bb3d,h104,-1,results/raw_reference/a94a2de2660080d574faad8797c1186f90cc35883ebf3304f4d38022cd95d8c2.json.gz,True,False,30.612538099987432,,archival environment/concurrency not proven comparable or incomplete execution
321170a3e0012e6c957aa4e7a0461b3d445c5f84c4f0cf1c34e314a5399d028a,h104,1,results/raw_reference/3d7cc016221d8374b0681b18de558105167fbf8b23a4fdf57ee5707635818ae0.json.gz,True,False,31.182628599985037,,archival environment/concurrency not proven comparable or incomplete execution
8013dbd06b74967f45372a860de6dd76549d7893220b96851e89a3763270b0ec,h104,-2,results/raw_reference/781eea611719556a3a79bc3943851986d8e0d47b7ed1c15d93fb9aa2729f260d.json.gz,True,False,30.59459400002379,,archival environment/concurrency not proven comparable or incomplete execution
2efad90a901aa013139e0f16f9705d7ece5663b6254edc27543a4958924dc975,h104,2,results/raw_reference/e640b225ee57e60fc717505e67de7b1b313624d9748a8b83188d7aaa7f307e85.json.gz,True,False,30.126006599981338,,archival environment/concurrency not proven comparable or incomplete execution
6d03eb3d90663be292d6a68eb0de1d745ddec17b876184c21e7cd4ef791679a6,h104,0,results/raw_reference/0613852ff673b69051193eb926053d782356c3db627a8f6e244b84c5806f5061.json.gz,True,False,30.378626599966083,,archival environment/concurrency not proven comparable or incomplete execution
7d416f5c814136ccdead127a6ebaccc046b571ac3fd57a091b8539f9b8e2e9bb,h104,-1,results/raw_reference/0e4aa7fba5e048e4ad0441463c16a016576ff60a7eb10fef28c188514bc1f5e3.json.gz,True,False,31.07128009997541,,archival environment/concurrency not proven comparable or incomplete execution
8051c95f150d90f7d13ddbdd6fcf2572cf01ee468df205c284b4d00b1c914a6b,h104,1,results/raw_reference/830481672f692398194474c136abd7b58b3bfc74aaf076a905c701444b96ca16.json.gz,True,False,31.28728059999412,,archival environment/concurrency not proven comparable or incomplete execution
7d248dde3108633e34965bd5089e18c82ae014097ddd10fb1eb5be1c35341536,h104,-2,results/raw_reference/03d935bd7e6844e7ee1f0fca16a60d025d28469d9f04af04d55e8c47beb21872.json.gz,True,False,30.91978300001938,,archival environment/concurrency not proven comparable or incomplete execution
e2e251d0091e5dd547aebc8b5f0498042f910cd3f01ccc072be6822fe205ccd6,h104,2,results/raw_reference/f4f8e6742b621b16a953c803f97e67df3bc36493158fb85b8db524ceada7b132.json.gz,True,False,28.22643270000117,,archival environment/concurrency not proven comparable or incomplete execution
1077dcbb6cf192806f210c089ab8129b19c6294ae912e8e68ad659158659c6e6,h104,0,results/raw_reference/7fac76d658acc538d896c6f5d1ceed4d31a5cc1fe22e3d0cd3d648c541e77df9.json.gz,True,False,30.721445099974517,,archival environment/concurrency not proven comparable or incomplete execution
3b3dc66a3f50807b61468b7176f2c8cca3cfdf26a8616140c5d0ede5058074ed,h104,-1,results/raw_reference/f8b05d5961538f4790d630d878c1ad6c6eb760fc21179ea710ea5ae7cebd2fda.json.gz,True,False,31.182411000016145,,archival environment/concurrency not proven comparable or incomplete execution
ee50b2a15f87ca8c5636e349413358502f69a99f55f5ed91330c2cc2e630f0c2,h104,1,results/raw_reference/399f5cc68b0e53c7960538759fd71825a2b350fda3cee688a125e0a201a0f6df.json.gz,True,False,31.54151210002601,,archival environment/concurrency not proven comparable or incomplete execution
5671fee70d309c99297242dba8e1f4d8c6c8c16b11efae3b4bd00b57be093d93,h104,-2,results/raw_reference/277794533f11c22395a01c1d13d0bd7b1e0616ac107b92e9363c9a2f66f6127a.json.gz,True,False,30.753199300030246,,archival environment/concurrency not proven comparable or incomplete execution
9d6f1bf42ec4a5dafb5fa3f0a00eb276843da651c78c5aebe43aea8771a22d1d,h104,2,results/raw_reference/07c5ba004cbe4ac9d12c01a0b6696295f3231fe07963c5fc34e9657e45e336c3.json.gz,True,False,28.227707399986684,,archival environment/concurrency not proven comparable or incomplete execution
176028e7cf97eaf9b5870386a9ac88d9ae9813396baa9705f332639c2fd34fa0,h104,0,results/raw_reference/e346434f47d2aa96e03ab875dea3c20dec3bf7f75e1d0091188f5d9921563026.json.gz,True,False,33.60259079997195,,archival environment/concurrency not proven comparable or incomplete execution
e6049325fd32600f366512b5fdb43b73a9daf128f4bbc9bc227f36eeeda946d6,h104,-1,results/raw_reference/ee5d91e3969cd2dbc00618878ff72311b5d89ccb4e76c4e5d3e7bba095ffe213.json.gz,True,False,32.911290500022005,,archival environment/concurrency not proven comparable or incomplete execution
997c439035ec2da62f742e58a7ab4c88d0db2ac1a44e250fddc822c89ec35d3e,h104,1,results/raw_reference/335c55dd84b8a580cbb571f5d1f4ed86a9625fd5cd585080ebb0f4b081dcb076.json.gz,True,False,33.17631710000569,,archival environment/concurrency not proven comparable or incomplete execution
0252125f52f71469c53cac991481f4b3df0cd7c322fa168b4b6a4d2e075c05d4,h104,-2,results/raw_reference/18604f7d091b397399c2833ea61803e67ac84f6d63d8a17a21d5adbceb797f27.json.gz,True,False,32.89552040002309,,archival environment/concurrency not proven comparable or incomplete execution
a985c6ab46804a6c5287d71e3bbe7e7efbd0b7bbf711e83a0219e276b5d3b65d,h104,2,results/raw_reference/652dd36d7648bccfd67c827696e78f8d65cff7afa388be96cffcdb1a6e7c6569.json.gz,True,False,32.71532229997683,,archival environment/concurrency not proven comparable or incomplete execution
4f4aed87c780c4bc1daa0c095894a99b37d21e2af5ef0337712275c2b116e072,h104,0,results/raw_reference/5d6ecea8848bc59a7a75aba32732e3ba90c6fc872adcd204d6f55892a08bbd4f.json.gz,True,False,29.903103599965107,,archival environment/concurrency not proven comparable or incomplete execution
e9880770d399e4e6ee0b83d65042e4622a9f82c3f523b2ba5979ff656ef1c445,h104,-1,results/raw_reference/80841e075544dfcde822679fd714e7293eeeea21a136f664bac4626b9754a904.json.gz,True,False,30.179624499985948,,archival environment/concurrency not proven comparable or incomplete execution
2becc6cdf12406dbe3ec79c9f3397017f21991b6468ec7476f1cecce698e2e65,h104,1,results/raw_reference/417507c5afd33936004e3d09145f73c3cd82969ee7edc3ea5607ece3bad88440.json.gz,True,False,32.114310599979945,,archival environment/concurrency not proven comparable or incomplete execution
b7d761de45f28bd36620ddbb6004dfbb2fe2e789ee54cdf5151ecef7bf688d76,h104,-2,results/raw_reference/29d38167ef7a9c344b45de973e3cd1a29d5e138dd2b0d1867c9d8659baf4c5d4.json.gz,True,False,30.41219679999631,,archival environment/concurrency not proven comparable or incomplete execution
9ed7bc5968f1de8aecdd5b09fb0ccf7caec119dfe907b60c80f662ff64635148,h104,2,results/raw_reference/640979717d1058fa0ca5740873364bb117aa5fe8de8aa12b0f2a7c60c5af3a57.json.gz,True,False,29.045332100009546,,archival environment/concurrency not proven comparable or incomplete execution
5d537cb70dbc0c4170d98207b3c0a15f0e9b37cdf6b248afc41f3fb31e9c8c8b,h104,0,results/raw_reference/dc7caf542402842f6cea94028e5d7a4fa5d1eaa02b3cf73152346344f1d4791d.json.gz,True,False,30.075727199960966,,archival environment/concurrency not proven comparable or incomplete execution
727d7aee8b756ccc71f38c102ec73da2b84537e53d293e77ec68a6cb28d26f97,h104,-1,results/raw_reference/2e1a8226911f51adb7545082ca839d8a5ba1a6d3a06010aef955075a01b4defe.json.gz,True,False,30.201154500013217,,archival environment/concurrency not proven comparable or incomplete execution
48d072d97330a9532311ac0b5974e98488f1064ccda2777c0a9c87cc420cf7bd,h104,1,results/raw_reference/1120c6104d5acef762d7870e2e6c1022e44b043a37259728f2890876de35c9d0.json.gz,True,False,31.050599800015334,,archival environment/concurrency not proven comparable or incomplete execution
c87bb161864e0ca002f2a47e83bc2221faef71c904e147d8f570139731bb6d27,h104,-2,results/raw_reference/3034c9db38b1eed27f90fbc3dc07985d1ea30755517f2bdd45b91fde5b644e0c.json.gz,True,False,30.14027969999006,,archival environment/concurrency not proven comparable or incomplete execution
75c8fc1304cf026d9dd453483896cca28b0d2f2dda2da9439171d4f9cf2a6774,h104,2,results/raw_reference/055ce49e9aa08d43c79a08b2dc8dbe8c6b08eb84190474fee0b6795aa85ce3cb.json.gz,True,False,30.002053900039755,,archival environment/concurrency not proven comparable or incomplete execution
4aa50dbc3c003aadca05d2d91ea5d33af341030c11d3370a4252fd55f5393bfc,h104,0,results/raw_reference/d53ac33d142804810eef357e3dba47eb6074165c54a946490a6411a0083d7f3d.json.gz,True,False,29.89236419997178,,archival environment/concurrency not proven comparable or incomplete execution
0d944ca5b432a07c4749bfe929dff186e10107e926988b3a9eb80e42228d54e9,h104,-1,results/raw_reference/a61d6119fbf3e96e6baa5cb5040141bf94efd89e8298712a709312acce9ea319.json.gz,True,False,30.64419879997149,,archival environment/concurrency not proven comparable or incomplete execution
f55870be14ef9f5cf7bcd6fabd2b568096c76997a6e8b8b553f1aacccdeef1de,h104,1,results/raw_reference/4cd2b85b1b5bbdbb5165b8d0f4ac648286134d986362f887e02cfbdbff7f9d69.json.gz,True,False,30.714054100040812,,archival environment/concurrency not proven comparable or incomplete execution
77a62fda6e7575e14b0697765b23bc715518e7ffd3125ed3bd3d1d1a1e5136e8,h104,-2,results/raw_reference/68da56e26f85746ab39ef2b8b66f84fcf36fdf425726b22d7df4dc58966c6c58.json.gz,True,False,30.584504600032233,,archival environment/concurrency not proven comparable or incomplete execution
cc65868c931979b3a8d3cb03d844aebd8081e7e3cb58b08c5f32c5710f748c40,h104,2,results/raw_reference/a7c345a73caf16487b56e523fdd3c612208813a73baf1f4c480aed36a189c78c.json.gz,True,False,30.894833599973936,,archival environment/concurrency not proven comparable or incomplete execution
b6e64933f59f2bac113f8ff990c165549124b434e134a53e408f13f568882af8,h104,0,results/raw_reference/ffad875825f8aedb01d50ee7e49d430d6a1866ef5e86b3a4800d56b22d63a72a.json.gz,True,False,32.56664420000743,,archival environment/concurrency not proven comparable or incomplete execution
a657da48888b51f2cc382bbfe40ba8bd68300b80bbd0e70057f84d0e9fc31fc4,h104,-1,results/raw_reference/24848a636fdadb33accf0fbce72c812ead4b7d6a096bb74c34d51cc1efff3d8d.json.gz,True,False,34.69511250004871,,archival environment/concurrency not proven comparable or incomplete execution
977f3f48272efc5251172bfa99ff5763d0302fa44a84132b05719d6e158cc096,h104,1,results/raw_reference/039a64446766ed140c6c3ad6b8b1950b22a0e92e7f4324d00808dd89eb679eee.json.gz,True,False,32.565217199968174,,archival environment/concurrency not proven comparable or incomplete execution
b955c8103209dee08ae54cbb901c3be42784361208b327bb23f0bc69cb7e7ddf,h104,-2,results/raw_reference/5d689c4691ff9baab84d20f9fdc3ad8a5184ac01c927967f7e12c2bf901c98fb.json.gz,True,False,33.024090000020806,,archival environment/concurrency not proven comparable or incomplete execution
2ecef9a61edd934d22ce40005786194aa915ae8c7ec4c4138c7c4dd2999bb420,h104,2,results/raw_reference/5f8484434431dcb7dddfae769b83ce3ac1ecc3dd90b92bbe51e07d2c8f1fe4cc.json.gz,True,False,28.886525099980645,,archival environment/concurrency not proven comparable or incomplete execution
3d1d797f8c3855134266e03527110e2949adb91531717aa39beb606f9118d1f6,h104,0,results/raw_reference/fda8194b0d144b66881e60e824824a6fd23a57a6fe52248d44c9030765090330.json.gz,True,False,33.08950529998401,,archival environment/concurrency not proven comparable or incomplete execution
687d3ec89c0663965ac7fbb7e1e5ca5089845febcaa57e9f82453cc0dc9b67a4,h104,-1,results/raw_reference/f8cca8ac25f63446775c069dd98749f4901a19ff562947255b44d40be4c15652.json.gz,True,False,32.6312722999719,,archival environment/concurrency not proven comparable or incomplete execution
46025ca5216a963e342bfc6f838b2f7dd30ae74439f5995b322bb5f75b9a6dcf,h104,1,results/raw_reference/061ab6046c36285e366ca559e220010c5d222781a0fbf73392ebfd398d1f629a.json.gz,True,False,34.92363070003921,,archival environment/concurrency not proven comparable or incomplete execution
aa55ac7ff641d7dc882b1563a9f1f2a1e600db06baa5d76aae73e29ad51c44f8,h104,-2,results/raw_reference/b673ab49041e7bc635ad36a2f63686796ffbbbbdc817e22dfd436ecd2a5877b5.json.gz,True,False,31.639565400022548,,archival environment/concurrency not proven comparable or incomplete execution
db7bb0145b1fb303ab9a9c16ee9e67193af701f5127531e848ad3ef8ec790ad9,h104,2,results/raw_reference/b24fc409a807197d8a208aec4205706349903f01747d9b8379453f63f5a24803.json.gz,True,False,34.36844559997553,,archival environment/concurrency not proven comparable or incomplete execution
d526448a7f8a84a72fe1b043765713525656b2e98a955a5222c8cd87f3e284df,h104,0,results/raw_reference/67ccf898a07b0d91469e2c2d21302c2ea39dc0f174c006a30ce4f0c96667c84c.json.gz,True,False,31.735727299994323,,archival environment/concurrency not proven comparable or incomplete execution
31a0998084977d126dd3c8a90ec1d4ce1a0f58134fb2b7937f80196d02bc4eea,h104,-1,results/raw_reference/960a70d12e5b364a817bdbf59fa6e974ddf1114260f494925721d183dadfddce.json.gz,True,False,32.17958389996784,,archival environment/concurrency not proven comparable or incomplete execution
53edfcfa8f23c3e24716b02cbb8650c30c188bb1c38fa18dedca1c1a553d8919,h104,1,results/raw_reference/75e35cdacb60d4e96c35c9e0744364fba6ac63e8a8d719e7f5ded1e6321d1398.json.gz,True,False,33.30552700004773,,archival environment/concurrency not proven comparable or incomplete execution
6dbdeef2347409b1f9d02962e156387a629390496a2ae5bb0cdd96a843df6928,h104,-2,results/raw_reference/f13a2eecccc850580bdb8b519ed78d566996ccdb8dbad269c9a66ab1ae59ee43.json.gz,True,False,32.78188229998341,,archival environment/concurrency not proven comparable or incomplete execution
222f7f57a3cfdcf4c9fe8d260ba281ac781c25ce91b3fc52dc6fa80003eb5a7e,h104,2,results/raw_reference/7e31e6c9c0b0f6281348405074467c36b422827fd76c269d3a4450b52bb83060.json.gz,True,False,32.35953870002413,,archival environment/concurrency not proven comparable or incomplete execution
1459a09029915acc76e000596ca0283fcd641b02fc4ff44dd0c36584fbeaeca0,h104,0,results/raw_reference/75621f5299a5fce6b95d92affc2e61b45775743ef5f5cf5b1d9d0bcf194b4080.json.gz,True,False,31.44157510000514,,archival environment/concurrency not proven comparable or incomplete execution
14cd7c14bbece15770ebcf1c6ae5f9ebcbd7edcc228a8e1f3871533ad4b7e902,h104,-1,results/raw_reference/540d74432ff11b13e35eae5e5457a7f7e982c17f0c4708b19d3d2ccb48eaf2c3.json.gz,True,False,31.518050600017887,,archival environment/concurrency not proven comparable or incomplete execution
78f8c5d06d4700b571ed180ee019f2fd3cd14af0ad8bf70d8899eb2a9986ed19,h104,1,results/raw_reference/0d2c96f055a0923009167ae3b6bcd793eb243407b296009bbce40c8c406e1358.json.gz,True,False,32.806761700019706,,archival environment/concurrency not proven comparable or incomplete execution
3fbee9283c3f1464850c1d7f2738dd4b6e3dec536261da0f47cdfb96f1093d99,h104,-2,results/raw_reference/7b028ec39b4a698ccd2549bc9d1e4ebb4c432aa4fc137563618bcca648e82525.json.gz,True,False,33.70200679998379,,archival environment/concurrency not proven comparable or incomplete execution
2f5931c94d1d80c26f635340d84d9c36c24215ad409954872852ff1dc680adf9,h104,2,results/raw_reference/ea90d8869b5b6d711de6574b41cc114ef9be87c316f3855e5ffabb1d93e5b5ab.json.gz,True,False,30.99704580003163,,archival environment/concurrency not proven comparable or incomplete execution
572a3ec8c3070979e392ba5400634ed3ec6da3d3968abc4ebeca1f54a60f53e5,h104,0,results/sla_sensitivity/reference/7e8c41fefc22aae7f855db73c5d3fd9325c5277fc1d745c6badda52dfdd6c18d.json.gz,True,False,35.11333989998093,,archival environment/concurrency not proven comparable or incomplete execution
13b1717206c9f17063b90480d77d4015ca1fa2565ad80e6636c2a04170d52efa,h104,-1,results/sla_sensitivity/reference/857429a32cb031214de9a1f78b8a512f0f856a85e75f4dceb168fc94533a8337.json.gz,True,False,35.86221320001641,,archival environment/concurrency not proven comparable or incomplete execution
d26184dfef3bbce207bc6fc758ac089dfa70b410268af58cda948f95767e094c,h104,1,results/sla_sensitivity/reference/7ecdccd2fa3d8e268a325ac6b32be2fd211598d4bc45cc1f1743b8a0499b5ebc.json.gz,True,False,35.118520899966825,,archival environment/concurrency not proven comparable or incomplete execution
439c3992f0c3e7b24add349bfb5d9f8eded841ddfd8c2db440e5375fc0288c06,h104,-2,results/sla_sensitivity/reference/38660fb3c8f366f280b6d23e2fda6564938418bb312bf395a0223406f4bdaa1f.json.gz,True,False,35.29618559998926,,archival environment/concurrency not proven comparable or incomplete execution
86748fa80c8f7c8f221df037ea9b7e9fb326a47f30c803cabad2c0febdd2da04,h104,2,results/sla_sensitivity/reference/efd37a65c297ea7bd471f5351a2c501196b604c219812f736a22032949c1b587.json.gz,True,False,33.725417500012554,,archival environment/concurrency not proven comparable or incomplete execution
b0e4aa72fec35c370a7e4ea1f07e6c349312f1466381297fa525ca7a8f470d39,h104,0,results/sla_sensitivity/reference/c8baebc24b852669ca8907170f19bcb296d769c7fb104ea937af76e88941cf55.json.gz,True,False,32.68504429998575,,archival environment/concurrency not proven comparable or incomplete execution
a29b7f4c051d5c15f6df62f89bfb5f3d623b6383bec275f52818facf21df1c6e,h104,-1,results/sla_sensitivity/reference/9bafb334b9bcf6470286e7523404525ed595857d5b5bf42ba70dfbcbd7f6b85a.json.gz,True,False,33.39211549999891,,archival environment/concurrency not proven comparable or incomplete execution
c9f2a17f2133593b921a82fc86239ef95ae59dd9fbc50c314cb8c7c2c642ead5,h104,1,results/sla_sensitivity/reference/e610e7dc1b2d5df90e736dc3b4c96e1b24880f74c7bf0d3bd7f2c4a60e02ebc0.json.gz,True,False,34.438841700030025,,archival environment/concurrency not proven comparable or incomplete execution
f2a0b5d1d2ea77aaea365947de2d0a39bc9f85f069aab34a9a0fca36f4fccd94,h104,-2,results/sla_sensitivity/reference/1eeac1bfc361b389ec5de93c3c17b23a6ae154547cbaaf8280c7d03e3a1e1fda.json.gz,True,False,33.470783600001596,,archival environment/concurrency not proven comparable or incomplete execution
6758175a74335281fe3baa78af97895260eff112db09d5df67506b2f6f5569fa,h104,2,results/sla_sensitivity/reference/cdc7771a9a131c1bfc3e51886303eaa6d7ab7571f5c5b85a487d03700845dfb7.json.gz,True,False,29.1630928000086,,archival environment/concurrency not proven comparable or incomplete execution
5922a071e114ff07bb2dee08490cc709eced3b58a87ddfbb99a50c2ded426cce,h104,0,results/raw_reference/8188ec13a5fa798e97ae1e33e20b95158baaa76e409937c0b929451087b09b77.json.gz,True,False,30.521444500016514,,archival environment/concurrency not proven comparable or incomplete execution
65ea3571d6077ec55977f6351b0610b745d4e3595c3d2e32405a36aa4863657e,h104,-1,results/raw_reference/af28a4d6bf9dd20923783b102143c86d92620cf85ebfd248a9330c47828f089d.json.gz,True,False,32.08690990001196,,archival environment/concurrency not proven comparable or incomplete execution
c6e59dcaa0f8f9e7780ec4541d1ebf49a87e98d2a914a03b2ba277364055c11b,h104,1,results/raw_reference/7e3b7867988f7d69bfba67e21300bf6bd548c3d843802c94cda9093619200eb0.json.gz,True,False,31.057596799975727,,archival environment/concurrency not proven comparable or incomplete execution
e14004710175271199cec8be19234431cc89254de6cdc480e56a93c353bd5bef,h104,-2,results/raw_reference/be0891ca57e9db611230090edf0e2c15dae34cf1e89149b9adf864da393498c0.json.gz,True,False,32.61562560003949,,archival environment/concurrency not proven comparable or incomplete execution
72cf7367560a04d104e9e4c958b46a7065ea6bff82759f26c44732f41fc7ed33,h104,2,results/raw_reference/102978be016dbe3f0cd53030b69d6738090a170e868d066159dad45319310da2.json.gz,True,False,28.53378130000783,,archival environment/concurrency not proven comparable or incomplete execution
fa7a247e1f391ff866760162792f0fb07c3bd25a9512492a7753b7cbe5bf89ac,h104,0,results/raw_reference/6371df3783c3ba5ec7747c091cf13b6e88f076b53e3e1472235d790e95695ff6.json.gz,True,False,30.338516199961305,,archival environment/concurrency not proven comparable or incomplete execution
89ee83458f83fef9b29db4c34c14a9f1ee967071bf20ff9a7fb0b3b900b74022,h104,-1,results/raw_reference/d2d445296ae5e6217cd758f1bc9ddb20f2da94960abe23ca7ae3d0cf5040d70e.json.gz,True,False,31.749273099994753,,archival environment/concurrency not proven comparable or incomplete execution
e1689102bf88f03d0f6eba00b2d744ef60623e042259ecf16a73ceab6fcc5041,h104,1,results/raw_reference/d11f37d55eb0fbc994e19c39053fd5c4cf8a92b784c3b6737ec461f41d6a0c98.json.gz,True,False,31.089721199998166,,archival environment/concurrency not proven comparable or incomplete execution
3450057a1803119805cb9b7a30058a89e9a9e93658ac92d1fd3167b2af59f388,h104,-2,results/raw_reference/bc6ba33d479754f0135424dd0a6997a51a8bbc01e39fc893d4f6b9cbc8f5c928.json.gz,True,False,31.991127100016456,,archival environment/concurrency not proven comparable or incomplete execution
3196a25f633feb4542e0e01a83e7f14f505dc324ac08e2095a1fe9ba974f5860,h104,2,results/raw_reference/7247b9191eaa287310601dd19da7e037da651c6b52b7867a3e600c338b2fcdd1.json.gz,True,False,30.642769899975974,,archival environment/concurrency not proven comparable or incomplete execution
26344b2f9acc5e70ad84dee670d0f639138b905f4a2e57b01fa2b88c43baa92a,h104,0,results/raw_reference/b3c81b116750335e6dd3a8de2387360b35f5ab23d053ba6e2b55aa0f84fffab8.json.gz,True,False,30.729290200048126,,archival environment/concurrency not proven comparable or incomplete execution
a43b65631340ba40cb78e1d374f87674b685157a65d784bf3521735cc9848953,h104,-1,results/raw_reference/244db9811a050b422fc42f52dc37b108265a5f95f528124070e68814235bfd00.json.gz,True,False,31.533484800020233,,archival environment/concurrency not proven comparable or incomplete execution
6bf2d3f296f8bc2aa6ae888be8e969f8688554af225e3e4bddfed9db25160fbe,h104,1,results/raw_reference/0d73425475ec3a35705b3da6e3a5203817b28deef101fb068167a15f4cef9b7c.json.gz,True,False,31.519845900009386,,archival environment/concurrency not proven comparable or incomplete execution
df7bf73ad3f69443e67d297af5f3fd0e7d290601563396546151cd5fb5165e1d,h104,-2,results/raw_reference/fd055c3401aaf2d93565b73114f774ebaac1f98596746efd3c745a6b0ffbeefc.json.gz,True,False,31.02413619996514,,archival environment/concurrency not proven comparable or incomplete execution
e056b0159e1293e875e4aad1cd5cf618861c2eea5faf154cf6653267eed789f6,h104,2,results/raw_reference/d55ab7e049370519ef1f9e3d7c14522eb4033e72cd75dd16f59771bcca13c932.json.gz,True,False,30.800769600027706,,archival environment/concurrency not proven comparable or incomplete execution
d9c98a5f92471414cd03c351f1edc03d0133c0c529801428a010ecea19e05bc7,h104,0,results/sla_sensitivity/reference/a5718825b1240eeb3dd85c7d7d065495321e0a3f0b52f79478a9837a5f579f13.json.gz,True,False,33.94693069998175,,archival environment/concurrency not proven comparable or incomplete execution
30b5fef620fca1247d6573bd57324f4b35ec8a583df0552d183457ec3e54035c,h104,-1,results/sla_sensitivity/reference/1ee8ff5ef944d3f1ed4ea8efd7a304fa8cc801a586237242d50cf91af1e544bb.json.gz,True,False,34.46413459995529,,archival environment/concurrency not proven comparable or incomplete execution
bd7bf12a707c2bafbba9415964078a77e0e3638337fe9f344a075a48d731e04d,h104,1,results/sla_sensitivity/reference/d5c80245ee19b2aed8807ff71f220819bfc148156dca15362b932ac401faabc6.json.gz,True,False,34.84927030000836,,archival environment/concurrency not proven comparable or incomplete execution
098c86da741725b92c46feeae79265d304617657501388b88955abe0da7dca65,h104,-2,results/sla_sensitivity/reference/05aae3ede3275b7040e490a4fe4549bcdf47573dab5d3623e8b803cf2de3aad5.json.gz,True,False,35.47291790001327,,archival environment/concurrency not proven comparable or incomplete execution
ecd5757cb5d000d88d8f4120877362077d548685fafe1dc5e1b2fec1d9233c8c,h104,2,results/sla_sensitivity/reference/ce470f3f377159cb388c2741b6f62d26bb0898ed8914507d3888fb794799d1fd.json.gz,True,False,31.840878800023347,,archival environment/concurrency not proven comparable or incomplete execution
5571df3c7a29842efcce5c74db2f9be77d40a25e7fe6cabaf588ae114a16129b,h104,0,results/raw_reference/50d40b172ad472213f2883d66150e2f0f1f65dff3f4ee33e4feac79b8c14d340.json.gz,True,False,32.47809310001321,,archival environment/concurrency not proven comparable or incomplete execution
207783812a41e8baed94f3c162adbb5a2daaeb35f619b0b8bbf75a0a04310019,h104,-1,results/raw_reference/d8164113d13dae2dd3bb90f304bbc93cf4fcd7c8ad4a08b1cd8321f5ae4d936c.json.gz,True,False,33.50162239995552,,archival environment/concurrency not proven comparable or incomplete execution
a75adbee9dda81c1d2e414a665414dfa0f960128a0c57f046406bd01f4806a84,h104,1,results/raw_reference/afeebbb7a8815658cd73a2223d388b49b7bf7e191f7a4a46f42fb4e104e0bb60.json.gz,True,False,33.73745700001018,,archival environment/concurrency not proven comparable or incomplete execution
15e09cb302beb5b9aea745bf76a8bbc12a44edd81a4596400e7792b0af388ba0,h104,-2,results/raw_reference/969fe27137b31dcd8aa47140137b5efffb01ee5ecddc41240e569d97c7ab7fea.json.gz,True,False,31.92969230003655,,archival environment/concurrency not proven comparable or incomplete execution
4d78516db552e91ebc0a5ba89c56f793484d33c4c98f25c3492e0fb7d1904e40,h104,2,results/raw_reference/7b0b9690bac174df4cbffe52e76666366b97625d2ecea5d9b77de8fbd85026bb.json.gz,True,False,29.284027400019113,,archival environment/concurrency not proven comparable or incomplete execution
4a757806fbdf50ee8fbb731b7ca7c777efa4892fbc579ee5076122a9f38953cd,h104,0,results/sla_sensitivity/reference/49575fd7df27bb9b1478827c2d5c7e5e7be91d6e43d362a884e75d0f442754fe.json.gz,True,False,34.80036539997673,,archival environment/concurrency not proven comparable or incomplete execution
1451385952560d2c3270a43a909d615d1ed0b7c0ec03907ead93e6eeceef9a0c,h104,-1,results/sla_sensitivity/reference/5570b308317eda2812e4a25055152fc9d1cb00d17686f03e46b23fb75b6941d4.json.gz,True,False,34.40801409998676,,archival environment/concurrency not proven comparable or incomplete execution
5b82bf187b6b89494b1aeb97aea4964ed4fc0f550bbf75d2ea8a113407ac6265,h104,1,results/sla_sensitivity/reference/84b1342c68008b7ceae7b82a68509546b65d6388f1515f35ab6ed6804efffcd4.json.gz,True,False,36.053767499979585,,archival environment/concurrency not proven comparable or incomplete execution
be6219cc8635a2b93403c257b216e5b4da2516af54daa134cd59ff39d6be5249,h104,-2,results/sla_sensitivity/reference/8b099d9bbd68ec6cd72343e98dc81ee8b63da11f6be43b1cee7284db2fb43138.json.gz,True,False,34.60009399999399,,archival environment/concurrency not proven comparable or incomplete execution
d36e5bfa2baf5c9bb41da923de8c6bc3f9081cef96ece22d32ef1f5bf0209abb,h104,2,results/sla_sensitivity/reference/62ef721a9c0d12ccc83f8787919e7099443d5d9e4aa8c0eb8653124eb134095e.json.gz,True,False,34.8707943999907,,archival environment/concurrency not proven comparable or incomplete execution
1f755cd2117b238f09aaa0461716961a7c552fbef1c289299e8529e36d900271,h104,0,results/raw_reference/5bb36eb455f47ee84dc78e14ef3a2ff4ebb1947c69914139580e915673a46a57.json.gz,True,False,29.802172800002154,,archival environment/concurrency not proven comparable or incomplete execution
c3e54788ec5bbfd98436ac6609d9bd41b79ba7c8b73200933f7f4c3c83fb8d85,h104,-1,results/raw_reference/b70c89a5c06bb6063eb6f7104d08d065634c0bfc0d8717c578c1c20da983477a.json.gz,True,False,30.57713629998034,,archival environment/concurrency not proven comparable or incomplete execution
78a8580d2c91f33ffdef00a8b7be280fd34835484b91e261d8d94b0386853d5f,h104,1,results/raw_reference/4282add2da2f81d86e2d63a7b69ca65301d114994838606f147c5ee8a5a69507.json.gz,True,False,31.812447299947962,,archival environment/concurrency not proven comparable or incomplete execution
d50baa1c69e261968964be13fc29a95bc33e8698660376d122bc404b22cfd17b,h104,-2,results/raw_reference/0a1a96373084ca54287bdf1d3d67f064e87b46b90bb899c786984dd987962e69.json.gz,True,False,30.716912999982014,,archival environment/concurrency not proven comparable or incomplete execution
ee32b6f43fe2677f5926bd5f7d83632a87e846ee6a4e1493242fe47ec9997265,h104,2,results/raw_reference/8216aa5e9617802a88d63cc8cabcbd3548514591fa8078bd8dc05d7d691d0970.json.gz,True,False,31.45685620000586,,archival environment/concurrency not proven comparable or incomplete execution
bb03c324399033db2319f0c91f05356bbed8bc9e55ee9d5b6088a243df5aa046,h104,0,results/raw_reference/4e5beb99fdf3b26cd5cd306797154c206cd2ab2a0e72352bafd9af6ccb0942dc.json.gz,True,False,29.912602099997457,,archival environment/concurrency not proven comparable or incomplete execution
ea16be439adcb924b6f7e7a0146e9d5cb40b1dd25e1a36d99f621a346dd901d5,h104,-1,results/raw_reference/845eeca4d62541e5ad9ddd56de19da863150ddbb3caba31a9498268c15f51d2d.json.gz,True,False,30.670783199951984,,archival environment/concurrency not proven comparable or incomplete execution
84a1c04cfdf3a6381b638f18d10ec72c580853816af09ba6f6adab7dfe9dbf92,h104,1,results/raw_reference/b37bcb8226daf067969f3066b5b00720611acb92988e3936636ecc7a2e5e4e8e.json.gz,True,False,31.466331199975684,,archival environment/concurrency not proven comparable or incomplete execution
05fbb8a5269273420074c6c37e0e6b10c98943dc3d96ca3384cba65ddb1f6915,h104,-2,results/raw_reference/c5da2283efb4b98b5cba5eadfed80fa6a8c4b923eafebe69f746faaecb72e45e.json.gz,True,False,30.932975200004876,,archival environment/concurrency not proven comparable or incomplete execution
576031f05227e5cb17debe98d68d765ef4c91e7a56d15debb31c5b82aa17fb8d,h104,2,results/raw_reference/ac41973123af2300ecc47092f840bba409177f5c4a481a3e97a0b5cc73fe2ad9.json.gz,True,False,28.606253700039815,,archival environment/concurrency not proven comparable or incomplete execution
25ef55ed629cdcac56ce1c4bbf14526a427df416f2168c470a93b22e9cd90bad,h104,0,results/raw_reference/cc9f138106025c77bd8b789cd4946392383ab07a35c0decbf6c8f1c987b80d3e.json.gz,True,False,30.31608989997767,,archival environment/concurrency not proven comparable or incomplete execution
b7b790d69e0e9ebf4498871edee4c6eb1a5c2955805cf4c04ebe5158eb392630,h104,-1,results/raw_reference/b9537bd8493ad77fca5a9417937f5e9b45e8898f046844c547f514af10ddf8bb.json.gz,True,False,30.988919400027953,,archival environment/concurrency not proven comparable or incomplete execution
cb8c922e2746b78ac3225df17a09e6e7f97fad1495b5dbc41c387846dd943d94,h104,1,results/raw_reference/ab3736f69669bb50f65d8288a260f5aff81018bd2599ec0a08da8f297f7ed139.json.gz,True,False,30.99635270005092,,archival environment/concurrency not proven comparable or incomplete execution
07341e33ea1b69a49121805fd6f97457a3193425ac3b2fd60e074fd4b9a53963,h104,-2,results/raw_reference/692545bebbcb203620c7cda9005b5be44cb9afc3825c342f45f8e9179324faec.json.gz,True,False,31.000700099975802,,archival environment/concurrency not proven comparable or incomplete execution
5aabb302d21960b98eb6deda4011278d2c75d7a27351a438f24f9a792d4bf190,h104,2,results/raw_reference/ad09062d8f4242be2179618fc588bb0294c3428609d14ea360540b65bc9a2788.json.gz,True,False,30.29595060000429,,archival environment/concurrency not proven comparable or incomplete execution
fb56601bd398ea76a8c7cd74bb649a68f5b929edf35524f3b73cf7755b3477b7,h104,0,results/sla_sensitivity/reference/abd2850dfdd0a8d3ae37763f20dc0861c2879acf769db8a411af344db789a899.json.gz,True,False,32.88147940003546,,archival environment/concurrency not proven comparable or incomplete execution
f4ba382a72cc9a514c894efeff0caba8854f70deae6bf249b3f2a45a5eb50fc9,h104,-1,results/sla_sensitivity/reference/1e1020cfb169d889edaef18c2ed6f2b21a865118d69c978b6c3ff518b839af11.json.gz,True,False,34.52141039998969,,archival environment/concurrency not proven comparable or incomplete execution
9a5b155dae793001f94d1407fd21620b8d3dbabeba5de7c9678238705a5db526,h104,1,results/sla_sensitivity/reference/6d58859e94ae316d6f6c4cc8063235a7ab74f6d911b1b24e7dac85c0e4b8d43b.json.gz,True,False,34.296432000002824,,archival environment/concurrency not proven comparable or incomplete execution
a7af3e2ef7a3400fecd60da256961d59fc25bdba051576df2199d6fcab8c28d5,h104,-2,results/sla_sensitivity/reference/8f7ac897f6b5707cb9a70b5232de7e84153e9acedee209297d8dc39b9f0479c1.json.gz,True,False,34.17286029999377,,archival environment/concurrency not proven comparable or incomplete execution
bf0f75860556cef7089ff1d599f5368b03b080e876255ab3c229a3da681f515e,h104,2,results/sla_sensitivity/reference/911e97146558406102fb3b7726ceb08852d6daa820e5406f4bc7fad448f4a94d.json.gz,True,False,31.637858999951277,,archival environment/concurrency not proven comparable or incomplete execution
3704f23a39b1c61cb93b2fc2a5f8f1c4bd3f9f4ec56f057668b1fabb7e084f87,h104,0,results/raw_reference/7d1512c8ee39c17d5cc050ea53d1a4330d46f7f0359e9c8320ecbd533b18ba14.json.gz,True,False,31.187031600042246,,archival environment/concurrency not proven comparable or incomplete execution
5d03b8d79484b37d76a9f6d9c724da04627543de6bc93651033ce1742f28f16c,h104,-1,results/raw_reference/ae6a5405753cc8decbd60da66c90ddfb05ae4a346004eaa029432f43bdab6661.json.gz,True,False,30.940472699992824,,archival environment/concurrency not proven comparable or incomplete execution
e9c8fe056e3cdfbdbe208300bf0315a362e86ea029bfb6cb48f80a5d87f4ded7,h104,1,results/raw_reference/39b3c859a943c21d46916d3f4f2d58ea81c75cd5966609ddf15ed35bf2a0d30d.json.gz,True,False,32.18214970000554,,archival environment/concurrency not proven comparable or incomplete execution
06dd7ebf73637ab5fb5060d8d3e7c4119005f7caf6b7ab6a603a99147052262b,h104,-2,results/raw_reference/80bbf0d5c36ee381cc1c6f28b28daa5bed8c2b29b7920b86803ed46a88c94105.json.gz,True,False,30.399035100010224,,archival environment/concurrency not proven comparable or incomplete execution
bb48f1570fb3305ef80cc5514f0b34ed8d5376a8bd261c0360496f57f6f0e37b,h104,2,results/raw_reference/f60c1da9a4d0510a335d1a07745e36567203f5133835b36f3e4a68fc01e05507.json.gz,True,False,30.524679100024514,,archival environment/concurrency not proven comparable or incomplete execution
1a35d0c5ce58288a66cfa5b19a7ca0a1af1bfaf3ed8738ff58a2ce3937a07307,h104,0,results/raw_reference/87c22b688b56c0c6a92e8f655841bc8c7a327f47ece5d81a6b269f583fcc1097.json.gz,True,False,30.51880770002026,,archival environment/concurrency not proven comparable or incomplete execution
3d5dad3da9f27784af9d8e924850ea1b912e98e17e8ad0da9f4b9eb201c28a10,h104,-1,results/raw_reference/fe355da22fd9e017a6727cf53239b511003480ad09be309810430e834342262e.json.gz,True,False,30.715990700002294,,archival environment/concurrency not proven comparable or incomplete execution
56518b98213ca49f18005f51b393cdeec9d60fd42e6ed73caed264bd97e8e2be,h104,1,results/raw_reference/908d753277b33a1c8fe028d352a2e04653463cc79671aebed6b013c5aed3b084.json.gz,True,False,30.0352820000262,,archival environment/concurrency not proven comparable or incomplete execution
9a63dcf99aae8f0b99672980b9297139339e90abf4497fae614b12af74af68f9,h104,-2,results/raw_reference/8ba5214f57e1483a392d28cae3d03e7894facb7d0102a98be25750106be18e3d.json.gz,True,False,30.740674100001343,,archival environment/concurrency not proven comparable or incomplete execution
9e79c5010c0a556e709c050f2ea1936c1733e6089a174c3cff4637a334e419da,h104,2,results/raw_reference/f5d7b0e10c8986d5a1811a2945e5459c3ca130ee35f219e65285534bf7f9b9ac.json.gz,True,False,29.18430530000478,,archival environment/concurrency not proven comparable or incomplete execution
f82449f776d2261b22b1a3c9557aada6e20734f697e923f8e446bad03f8d03a4,h104,0,results/raw_reference/006a0915bdd6eadb5db0cdf5504845164a9437749d951e57584e3407c9f8b7e9.json.gz,True,False,32.09338929998921,,archival environment/concurrency not proven comparable or incomplete execution
fce5a47d5b8a6460e5aa97d1a96e9c3c8f40ccdd17bfba9d84c375fee576937e,h104,-1,results/raw_reference/5046b7ca5eb95f1d8831c36816f7e22fada273225cd5f86f358733b913aa344f.json.gz,True,False,33.03849089995492,,archival environment/concurrency not proven comparable or incomplete execution
459759e6c8d44b80ddb4d31ff0fccdeac376d5d3f84b632875a55f194ffd6bd0,h104,1,results/raw_reference/56a695b2b17f2ee152828d0a6282f987b633f1817996d14b0fdfe921259e7c1a.json.gz,True,False,32.67271499999333,,archival environment/concurrency not proven comparable or incomplete execution
148e09cbd58a2d067a34d0379e9014e829e4d116a38d7068aa2727873cd85d64,h104,-2,results/raw_reference/958b4b51d8d07caf97f2ac3fdc400db995e1582aed2de7b374966d5d1f781300.json.gz,True,False,34.08621909999056,,archival environment/concurrency not proven comparable or incomplete execution
df5f5125a184d9b522c192587140d9f97ee6dd869a2f3ab2f45203063190911a,h104,2,results/raw_reference/dd4efe7b0075b42aeca8d0522d5a43bbd4555fa6a1469ba2dd5abaf79fb1fc62.json.gz,True,False,31.397654100030195,,archival environment/concurrency not proven comparable or incomplete execution
8bb4cc178ccd91ea81b860b9353479ef07083b8a15bc7f53f9115f231bbfa9be,h104,0,results/raw_reference/819ba56a9325b1111380aa60779b84b2b446e582616dea11c95ba3de2f8100ec.json.gz,True,False,33.53773759998148,,archival environment/concurrency not proven comparable or incomplete execution
0536beddf5f219fa0dc275622547ba0521e9d3f9cc1b9bf6d1c1cb91536f5821,h104,-1,results/raw_reference/8539085177d563b94261b10dda083ad911feaa38f02840942f8822f9b2b79b1a.json.gz,True,False,34.45937589998357,,archival environment/concurrency not proven comparable or incomplete execution
7169f84afbb4dbd1622893227221e3f3dc07f69b60faf7f7a2f0af88ed043be8,h104,1,results/raw_reference/cc7bce9d8833aefb7b204bb3cbb8999bb5aef55d7ee0e36ba3ccc19c7036ccfc.json.gz,True,False,34.98726650001481,,archival environment/concurrency not proven comparable or incomplete execution
599d25e1fdb4809a9a4d894d99d0781163067e6960d05ea010179f22f19c7b35,h104,-2,results/raw_reference/aa4aee7b410b0be5c3d2cc7ed3665a8c538bca237a475fa0128e1412979f892a.json.gz,True,False,34.48386729997583,,archival environment/concurrency not proven comparable or incomplete execution
8e5e5605c3c77967aa050029f19316d24fea24a958a7718167ca372373214676,h104,2,results/raw_reference/9260922d2f8456e9ef40cb87ed1aed0b22ed1c5d7caec06a42146efc718e6279.json.gz,True,False,32.276535300014075,,archival environment/concurrency not proven comparable or incomplete execution
6913d9563feedcac0488e9f7d2eecbe11604316795d3405dbfcf995d8d3dcdeb,h104,0,results/raw_reference/3dbd93fd9c5b0435efbc7be5e718e24d15b0e6510389524220a004e809acb6b3.json.gz,True,False,31.744187099975534,,archival environment/concurrency not proven comparable or incomplete execution
b6745c9aa540e9da1fb22c71e702d647e6f49f93c586c4dfdf32869a28805552,h104,-1,results/raw_reference/dc5820edaa8a4c7a4f299d3753ba9d77420dbe350fb5cc9c1f57bf67ccb7e433.json.gz,True,False,31.924605800013524,,archival environment/concurrency not proven comparable or incomplete execution
1901f87505835fdda1ad721a5521beae5fe718024ffcd35c22510656c7d7c418,h104,1,results/raw_reference/12e700d889b7436286a068a70edbebbf858845a703fedb5b0621dce51102898d.json.gz,True,False,33.35738970001694,,archival environment/concurrency not proven comparable or incomplete execution
ad923203500e665920ae3897c1552d37da00f5bc5f3de1df836b2b8873584fa7,h104,-2,results/raw_reference/c66591910b2f0c9f87d6cfdc3a0cdb54faa1ecf7a0132421d7f376026eb26029.json.gz,True,False,32.70918469998287,,archival environment/concurrency not proven comparable or incomplete execution
a3853072123f78498756910374ea9bd5528b1d63bf9837dad92e9628f3104df7,h104,2,results/raw_reference/d6b2612ac16944c035dd8997c800a1273a6b5b7c6b89b4a63e89191d8228b292.json.gz,True,False,33.097266700002365,,archival environment/concurrency not proven comparable or incomplete execution
9d679045526b94c67fec05dedb7621fedf90a1aa88dd78c8f0444c0bd9e324de,h104,0,results/raw_reference/eeac0bd1633c17dcc718f053009b4230548196a9c2747f149b11bbff38e93d72.json.gz,True,False,32.82436929998221,,archival environment/concurrency not proven comparable or incomplete execution
97808ea1b0d01b24e65d3c40350496662ab3844fe745241a7f9407079c51fa97,h104,-1,results/raw_reference/81df6403162696ae740810b63ae2693c67267943a62cf0b7d1fb3e29e7c21910.json.gz,True,False,32.88539279997349,,archival environment/concurrency not proven comparable or incomplete execution
1a55ff574afa694d3d3fac053bf4ac2162652969fda37f9de09381344e60c298,h104,1,results/raw_reference/d0fe3851d34a40799c77ea540504b26bd8dd7800e9ff6b3fd03ad9955be0abf4.json.gz,True,False,33.65787309996085,,archival environment/concurrency not proven comparable or incomplete execution
4ec5c5cf783b431119bc033a5b322716b760c2c8edc7a5e1481151f1fbe56c54,h104,-2,results/raw_reference/98bbc17a49d27af91ee8f5458fd32552ea638594bf2a3284e8b0c5f30b61cc66.json.gz,True,False,33.34359439997934,,archival environment/concurrency not proven comparable or incomplete execution
f4f31428ac38a4aec186137c9f3bf489024b008491060932c0808342ea8167c8,h104,2,results/raw_reference/1c7d1740f76074feedfd251812cec10164c859e543bceb7bfcabc9928892371b.json.gz,True,False,33.64558620000025,,archival environment/concurrency not proven comparable or incomplete execution
fcdb09306c31314b1e52e29ac50abf3823b25c6711e3175e9745aa2c9d049e9e,h105,0,results/raw_reference/1a13b0feda2bff93cec7a4ce1357403687adfbdb84d2ac3e763690f9e928dd66.json.gz,True,False,22.283174375013914,,archival environment/concurrency not proven comparable or incomplete execution
29230c6eb694df73e14a7d86a43377edfa646e9b8dcc754c886118fa1fb62c89,h105,-1,results/raw_reference/b0e35fda4322aeda9a8a5c04596018e6a4f7a9a16aea72f661b145cf4aedeaa6.json.gz,True,False,16.618966042005923,,archival environment/concurrency not proven comparable or incomplete execution
1831474ff32ea1fa1424348aff97cdc3c14e0bf7f87dbf3b25445356ab352277,h105,1,results/raw_reference/2bc0030580c81d324b5114070e91d8a9df0a2f32dd01e41c633699a1b908d182.json.gz,True,False,23.91192741598934,,archival environment/concurrency not proven comparable or incomplete execution
e209787baa7a7fb85b68de8a2a852f9bf444c8b730ea02ca1786e75e35dbd967,h105,-2,results/raw_reference/8f08b617795fbc97b7483d06e1b6772bf3516e83f28957faa911278f17e57150.json.gz,True,False,14.29532700002892,,archival environment/concurrency not proven comparable or incomplete execution
8e9dab2916d10a09a171ad80ddb95f9fe90254ec0b8702d139ae5e344ef86696,h105,2,results/raw_reference/40e5ec9f9ee236087c1f3ab9a6aa4b834f73210c0287f2ad7624b2419b2c786b.json.gz,True,False,31.325430541997775,,archival environment/concurrency not proven comparable or incomplete execution
0d7ae4681dcb0a9aa26971ce1728d6da1768abf9dd0f717a997dfc575c3d990e,h105,0,results/raw_reference/ff9937a011affc243cd6686c028585ae11c5abd9f4db96076b2ad46e53c9519e.json.gz,True,False,39.92609658301808,,archival environment/concurrency not proven comparable or incomplete execution
bd09f173365df6b3fb41ff024aedc5208633a2cc1fa75733058f5b765a69cca9,h105,-1,results/raw_reference/df4702e0e3f5cebcb658364bf470057e7932c2d4cde2b1e61ce988a106030c3b.json.gz,True,False,33.52968229196267,,archival environment/concurrency not proven comparable or incomplete execution
21e5c4637fc17eb63a1058c6a7dbc30a0f7c07a46c97b553fe3a49b609e49807,h105,1,results/raw_reference/bd50f790301e18152c5dd36af499e5ac5b758a4d425981ec1c9adcf3ed4ff869.json.gz,True,False,34.45144220802467,,archival environment/concurrency not proven comparable or incomplete execution
6bcc9057d1a502e7296ea62d952982347890f182f119dd53cbadf5cc764a4a1f,h105,-2,results/raw_reference/7be9311325e937d21deccda939be014c90db472793c68f5f53b6e391c95b7f1a.json.gz,True,False,32.601198166026734,,archival environment/concurrency not proven comparable or incomplete execution
dfcc12f808a729e182bf095d39c7f58de5383bb77e0284d85e0df9c0ca32c4ad,h105,2,results/raw_reference/9e3846a28d263462c869afa98876e84f06177115fbb74790436bc70cdba08903.json.gz,True,False,28.980761915969197,,archival environment/concurrency not proven comparable or incomplete execution
d456199022a2512cd6a5fd632e4ea9874328b466a3093595ed461dbd7adceae7,h105,0,results/sla_sensitivity/reference/c44fdd1bf7b6ee752242eb03ff2030e0660041f5d0ddfcb617183b8f97d7b6ce.json.gz,True,False,17.409181399969384,,archival environment/concurrency not proven comparable or incomplete execution
ce2d4d8d88bb2831f353ed9275ae68bb3892fa738285774e919c13ee987962fe,h105,-1,results/sla_sensitivity/reference/dad8354705fb6fff76d072038ed6408581c74dde56b5ce53e585c42cec75335f.json.gz,True,False,17.990455899969675,,archival environment/concurrency not proven comparable or incomplete execution
e47507ad29e1d3650ac64c537f66a79538785cbd6b7cd47c45d46484a1a5b1ec,h105,1,results/sla_sensitivity/reference/01ae3839da27f647657c47dc24b364e7d2e996edfd22c00bad358db2cfefad81.json.gz,True,False,17.771396600001026,,archival environment/concurrency not proven comparable or incomplete execution
5967735d1b0a890d36008f62ebb260df40f333c0a5957f5ef2abeaa69640b4bc,h105,-2,results/sla_sensitivity/reference/b9edcfb2b38ef720565e184d12451a1abff827e6abc4526fed4fb1233a564b52.json.gz,True,False,17.99996689998079,,archival environment/concurrency not proven comparable or incomplete execution
29de260bd7007e7cee64143ad028eb45b9caca60c1b51b337adc9e91dd7fbc20,h105,2,results/sla_sensitivity/reference/a8a9c593dcf046427d4a9a54c4a985cac052f925e0cdb515648ba9c059148162.json.gz,True,False,18.00785559997894,,archival environment/concurrency not proven comparable or incomplete execution
24c4f732afa6bec5cf227b61f04efb542eb2c2d52c7400bfcd12704a3a024875,h105,0,results/sla_sensitivity/reference/79157425fdf4953bc6b7ca4297e3cd49b4cd454bdc37c7c5dad3c5229a13d8b6.json.gz,True,False,18.01907060004305,,archival environment/concurrency not proven comparable or incomplete execution
771bd4d0200d3a584d5ee9687f1a948934d8c77753d88d314a117f680aa09ead,h105,-1,results/sla_sensitivity/reference/8ebb783faa2c6962422d5f8f866b0822439b2860b68c815be873680648268603.json.gz,True,False,18.13561989995651,,archival environment/concurrency not proven comparable or incomplete execution
b09a3489d205d10abcaec025a0d5aa8805e3a16f5b31586980f10a3b04d42283,h105,1,results/sla_sensitivity/reference/33d92d041edc68e5588e1a633e2de6d59659517751e149594a729d011fe89d7f.json.gz,True,False,18.189094799978193,,archival environment/concurrency not proven comparable or incomplete execution
47cb117def532d50472d7c68694debd183df214ebff127181b161e6aea1a4549,h105,-2,results/sla_sensitivity/reference/c46509694c6d1aef823df3aa4e3bd65e181edc2133d6be09a261852490067118.json.gz,True,False,17.778811700001825,,archival environment/concurrency not proven comparable or incomplete execution
4e0877d9a2b3336253dbc611c35d7a85e4b61d95df01708735b6490b49d370e9,h105,2,results/sla_sensitivity/reference/248dc24d39411abe67e77f2cc30f6b0318e31cbf39144f1e988595790e143d38.json.gz,True,False,18.383861600013915,,archival environment/concurrency not proven comparable or incomplete execution
c0932a94def48551b03dc3dbfff484f65b9dd8990d07a987de0d5e3d1df6e4f5,h105,0,results/sla_sensitivity/reference/2b02b993e6e4b829a98843d52ddaf0907abb1fa0194b8bcb949f90e20b424a7f.json.gz,True,False,17.539048700011335,,archival environment/concurrency not proven comparable or incomplete execution
7322fcfd2b347b6b9a4e0843a6cdf3c4b0a4a212c4c70aaa2c252e530862375a,h105,-1,results/sla_sensitivity/reference/2d177018a5f7e95c2ba303bba6ff7eaca172fd7e2eca6bac1f56f30782f3c74f.json.gz,True,False,17.36469669995131,,archival environment/concurrency not proven comparable or incomplete execution
80d9b18e8317b0d796406422134129ccf5fce1a8c5f4146045e4b9ca7465d17c,h105,1,results/sla_sensitivity/reference/236dc3584e709a58f04ac1b5ead1fbd8ca42305984814535ccd6fbbfe0d337b5.json.gz,True,False,17.884522499982268,,archival environment/concurrency not proven comparable or incomplete execution
701e5b1a951f39c8adf20730d1a46c9e80a122e12433ca18cf30bbc890f4a16c,h105,-2,results/sla_sensitivity/reference/3d8800614153d4177db4ac37af3317084b1891d14e5e76af8946c02d2eb04423.json.gz,True,False,17.930034399963915,,archival environment/concurrency not proven comparable or incomplete execution
ac1b48dcdc224c36d40309ed12b1e29ce7d23ced21e0d109567eca6c9d29194f,h105,2,results/sla_sensitivity/reference/f6d59a72f05e520d99a6be229fd1c19beb9bb134940b2f5d555062e962c0ea05.json.gz,True,False,17.585468299977947,,archival environment/concurrency not proven comparable or incomplete execution
b858d8f92e16b480c45aa43b691b5fb89f2df5916f0ddbc9d402596b096f54b2,h105,0,results/raw_reference/f2791bd1e6a7afa739426f7c02dbd927b6d4508ee7da37c44e4ad7d8d5cc94e0.json.gz,True,False,10.915406799991615,,archival environment/concurrency not proven comparable or incomplete execution
6473d60aec7d8d8ea900a3a20025ae841db3050aa72ae2c4c4db28e60d3c867d,h105,-1,results/raw_reference/ecd4601e522b49881b7f432e335e12aa9955115ab18ecf509f5bf136baa146e5.json.gz,True,False,11.099939999985509,,archival environment/concurrency not proven comparable or incomplete execution
c2443a61f09385cbbcd9e3eb6cb7e6421b9db0bdb34f23fd25f714801973cdfc,h105,1,results/raw_reference/a1372bc86bb6549c28c1f6a199b9b91d73e7b90da1f808c1e391e61102ca7379.json.gz,True,False,10.921729499998037,,archival environment/concurrency not proven comparable or incomplete execution
7641139c4395c55d130680c045d00fbf5ad15972cdeb6ec6c1c226f5d31f1728,h105,-2,results/raw_reference/8339d8d9babddc6db86bbc12432ea1617933219e1b22d9747647300af8bf6ba3.json.gz,True,False,11.096126899996307,,archival environment/concurrency not proven comparable or incomplete execution
2ac93ce3c8260515f2368e8950ac2150746b4d44cc40916481e06f6b45b07474,h105,2,results/raw_reference/076de44ff00c3cb7e4c2777dcb8982e01d7191f89e9d489739a41d160eaa469d.json.gz,True,False,11.14771990000736,,archival environment/concurrency not proven comparable or incomplete execution
d95ad9ba0e49c26884b43ce8d930d274bf868da294d6799c56a89e96dd79bc38,h105,0,results/raw_reference/3cf2cc53bf6039fb61d5bc251ab73154fc4f02f5034ca7eb0842c896970ec158.json.gz,True,False,13.404552699998021,,archival environment/concurrency not proven comparable or incomplete execution
529945b1e5c28be397ddac7fd013cfe56a62289da443d85d2984c9d314fb2974,h105,-1,results/raw_reference/9a0111ce81abad5fe61a82be6d68233c325effe11fd5ddbfac7438f253ef5771.json.gz,True,False,12.713301700016018,,archival environment/concurrency not proven comparable or incomplete execution
75325c59132468d618f3f81036024f215c3fcf8bf71b403076e02ea27a2d90a5,h105,1,results/raw_reference/37bd3a0519b7dd2048143b687555343fcc9fc99fd9434d0e173def4528b74f99.json.gz,True,False,13.8854924000334,,archival environment/concurrency not proven comparable or incomplete execution
17544f9c3a753915dcee27513b4e8429542b435ee7ca9d5a26cc003b9e920b0b,h105,-2,results/raw_reference/486732767446651ba4ed70fc7b0b6bbae54dc5fa4729ac2d7e4d144d6e16c790.json.gz,True,False,13.55850109999301,,archival environment/concurrency not proven comparable or incomplete execution
bdaf1963c13da14111e6b29caf2f41287f678bfe1609de46df66228128f176d5,h105,2,results/raw_reference/8603fe935fa5f3065a960de860c63e0b1230cc3c0480c6c5e12a9a56affe7553.json.gz,True,False,16.10009889997309,,archival environment/concurrency not proven comparable or incomplete execution
f05c731e71b036b160a0f29004d8fa440616b424bc321a9172eb85fed68ce094,h105,0,results/raw_reference/ab5053cfc2236860d22d12bbcbeee72db6cb45a785c573725e6e21cd58123d52.json.gz,True,False,13.825550900015514,,archival environment/concurrency not proven comparable or incomplete execution
7ef2fa8c5e683d744ec4c27ee1d2b77f014993967e47f15e4c3ff0a6a0b3e90c,h105,-1,results/raw_reference/19103080762682a3cad0e2f467b3db48304e9f5945d19d6915e0deed3aaf4521.json.gz,True,False,13.974487099971157,,archival environment/concurrency not proven comparable or incomplete execution
1adefdc1524c50ceadc8f5ddd6e2153c7f6761b2dfa9557f5fb66d5398337b07,h105,1,results/raw_reference/6ec13cbaee18394c54ea2feb3758caf879e1f2a915440cd158e946f416751676.json.gz,True,False,13.70745899999747,,archival environment/concurrency not proven comparable or incomplete execution
93588f04d123b6ee63d8b2fa528dd8fc87c770097468876e8e165a4fff184391,h105,-2,results/raw_reference/dce75f041674e04eac43d4debe1b8844dc94a3bd4e16b88c9f3e48bc26f411ec.json.gz,True,False,13.850853500014637,,archival environment/concurrency not proven comparable or incomplete execution
bc4cc253ab1ece8d08097a00db9b47f40a8f13628fdb5e70338cb8fe261a7a41,h105,2,results/raw_reference/674bf749f89b55ba436643a9faf07012461e78c5332d353d17687e7e248c164f.json.gz,True,False,14.288595099991653,,archival environment/concurrency not proven comparable or incomplete execution
f5e2d5db549b8b59c6746c49ee41e7d16bf0f1b2901c93ea8ab827f00d4a2814,h105,0,results/raw_reference/b18bb25f7a35c0edc5ecaa5f46e224ad85f86e28f903c5351f051ce1692c4710.json.gz,True,False,16.211145199951716,,archival environment/concurrency not proven comparable or incomplete execution
91e15e9130ea375b6f0d905ef04c5d572af9538a19016632740a007639b38308,h105,-1,results/raw_reference/e6fdb315dc7a57b696527653fb3375980b27347d286561775e89e224fb97ef5d.json.gz,True,False,15.961906899989117,,archival environment/concurrency not proven comparable or incomplete execution
01edb253f90905b0a15a1cf86a0d029f83d16506e9713aba829175f2a4b52006,h105,1,results/raw_reference/95ea493d8a052e00810ebc5890d35218e9d0388e88162a1500f35141df8134df.json.gz,True,False,16.537194999982603,,archival environment/concurrency not proven comparable or incomplete execution
1aa3e17804dead506fc71c0550357e74f752851804cf12d8085332f4f1272acc,h105,-2,results/raw_reference/3ace3b3283be24b6d70e7b02d91fde566438beac42408a792b0d0bf225227db2.json.gz,True,False,15.920832000032533,,archival environment/concurrency not proven comparable or incomplete execution
45924408e42fed1d7ff26184eacc7fe411e1c3cc7526f25a39f98ec5a95d8020,h105,2,results/raw_reference/5d6eac096c546cd9bad55e480bbaf7f94a2c227ab571230e6921b80e0bdf07af.json.gz,True,False,16.302278199989814,,archival environment/concurrency not proven comparable or incomplete execution
5f1e18c2c9750da539274dd840e0f58a75319ec51baa8d60d40211feb6ec7be3,h105,0,results/raw_reference/064643f95851640a97a731a787dba2c0a97c08babbc09b29859be295ddb87b73.json.gz,True,False,13.205058299994562,,archival environment/concurrency not proven comparable or incomplete execution
724f4b460d8150715b768a39d5f03f89f6c56ece8a80cda9bddcc6ca4575312a,h105,-1,results/raw_reference/4a38c5371b351be6795f9b21282f59f08456212cc2385311d7af5e19ad55e925.json.gz,True,False,13.521925800014287,,archival environment/concurrency not proven comparable or incomplete execution
751a55cd604d394b83aebc3c1133f58233b16fbead32321da9b3f1c164ee9784,h105,1,results/raw_reference/fbf95cc775799deb1e9f253c75c048c56219877b415a76d8d7537d9da3935370.json.gz,True,False,12.789157500024885,,archival environment/concurrency not proven comparable or incomplete execution
9b9665e45c0d726fda233cff5f594d69bbf26a40b584af97e4dced0c8dcdfbe4,h105,-2,results/raw_reference/992fa01774e395189260f9a3cb04ed88cfd4a9208dd269389ab7d8cd6be6fa48.json.gz,True,False,12.947962199978065,,archival environment/concurrency not proven comparable or incomplete execution
f69a95d1c4d14c9333cc91829c6ba53cf4ba9687bf9e508b1f321b599ad33c95,h105,2,results/raw_reference/3eb9699c9032e0b7a6a7dc90daacdcbe1d949389a0aaca937d1530a8d09ee36f.json.gz,True,False,13.038347200024873,,archival environment/concurrency not proven comparable or incomplete execution
0dafc658a8c7082a55f722dd85423b0de9e47664483f3e9ebc0304ae6e27c03c,h105,0,results/raw_reference/aab666a9710165a072f18d0dab7f30c59f7f43d9ee840328dd3276a28fb549eb.json.gz,True,False,15.76842790003866,,archival environment/concurrency not proven comparable or incomplete execution
479402f02bec92b780a19065e2e2165242b142d59ea89e32e2fb30b8af17d9e1,h105,-1,results/raw_reference/524e1ea473e9859983f4d7f40be3bb8b3e47136a5f8fa6a7b13b628dcf5ab2b1.json.gz,True,False,16.225249200011604,,archival environment/concurrency not proven comparable or incomplete execution
1534d54bd7961e045c8d54e8c3c3324c8f7bf587be0b13dd1bb802e9461c4b2e,h105,1,results/raw_reference/e0059a8490612b3a521b156544b254e6766fc1a26432b1f8b12fd4424b8b7ed8.json.gz,True,False,16.366123399988282,,archival environment/concurrency not proven comparable or incomplete execution
6a314248a197c4d6ff2974a87cd2e20ce9852ebee783ca901b776c6ba43ea872,h105,-2,results/raw_reference/d830b5b11c21436ea573c0d3e0423fe206a7c8521a1c90b71869d1236af2ba43.json.gz,True,False,16.634932600019965,,archival environment/concurrency not proven comparable or incomplete execution
0fba0fac271624d2eb99691a0dde0372cf750cfb06295ae94142abc9bd7e9f54,h105,2,results/raw_reference/3704bb7b9dd20fb26c9269f2a46b85a34c851c806a64a54a567ce57d64291b97.json.gz,True,False,16.34766359999776,,archival environment/concurrency not proven comparable or incomplete execution
52b8bceba8b04f4d43e6a9843f41bca41cd19d5b748f15954010427e8eb0d2dd,h105,0,results/raw_reference/390ab99a994362d502d923295780b04223a4304f7c26de0ba6c870221dde5833.json.gz,True,False,14.75169529998675,,archival environment/concurrency not proven comparable or incomplete execution
b880af514f99f64754e025068b67d760c93c70f35d62330047079fa57f66a325,h105,-1,results/raw_reference/765e4a95dd43f6188c4cca4c8bb5ee447e8683e26b4d2f335d2a47144ee62a2a.json.gz,True,False,14.373838800005615,,archival environment/concurrency not proven comparable or incomplete execution
87a2acea0be7a0a497b27567e70d6cacd2465e01500ab3668c15a63bfc96f13b,h105,1,results/raw_reference/45686e4af2c131199e74625f990f422844338d4be55fb0100f0aac55041e9ec1.json.gz,True,False,13.945636300020851,,archival environment/concurrency not proven comparable or incomplete execution
575de814d3b82a572d893e210b1598f9c3d7eadb705c2066cd2b972cec1d78d0,h105,-2,results/raw_reference/d6e8f77a4671868bcf997f8cfeb947acab39034ec40a902a628b1904e667a8a4.json.gz,True,False,14.170578799967188,,archival environment/concurrency not proven comparable or incomplete execution
9bc41ee9337bc3451f4277ab4f9745cd4a954778d2738f1ab53f04ac6f835dff,h105,2,results/raw_reference/ae12fa4bc9bde5a52db309890099bcec03dca5f39c338385065612cc1a5793bb.json.gz,True,False,13.9546074999962,,archival environment/concurrency not proven comparable or incomplete execution
34fa17b774a864026fa302a9ff4768a28475597402d357db471b37644e6e13f4,h105,0,results/raw_reference/dcd35ea7c29894b77f15630891165de8457fe74b04e2c3fdc7fdab108193171c.json.gz,True,False,16.00781569996616,,archival environment/concurrency not proven comparable or incomplete execution
52c5da798e0faf9dc9ee27e12934204946a37ddce989f4ffc34693c2206bb16a,h105,-1,results/raw_reference/88836172ad155abc0928a10b396d236d2910aedcf8689f85938dada15a76c59c.json.gz,True,False,16.807040399988182,,archival environment/concurrency not proven comparable or incomplete execution
282762f821c9d513a08b9e0a4afebb548b8e212911def58968a2f182e3f21ef2,h105,1,results/raw_reference/053f45ededa2a0622ae2e3e1837b0680a9ff10220c4b8aaee74f6fa15f971df9.json.gz,True,False,16.366680399980396,,archival environment/concurrency not proven comparable or incomplete execution
f368809ad8716c42125d2ec690f6d2c3a3c0e09901ed3d7e7191bf181d9cf813,h105,-2,results/raw_reference/196aa58ce923c08b219534583af3cf3b3f0933087b396897a805fdd635b7167f.json.gz,True,False,16.20321440004045,,archival environment/concurrency not proven comparable or incomplete execution
8de6a09309d87fc705a2e717e7537473183ed8c244859e3ab475c55ed3b674ea,h105,2,results/raw_reference/e18050ec869646325c4fad23c31d50a8217fd354c230db1fbbbd77957c7446d8.json.gz,True,False,16.04004829999758,,archival environment/concurrency not proven comparable or incomplete execution
9f086d6cc64cd748d05cbe57e3f57ccfc99eac165ac06d56018f57959a0c919e,h105,0,results/raw_reference/16831231e4ab91d3f3714c27decaa8c4bfe89b07b3768d1ea95d4e70e344a3f4.json.gz,True,False,12.950021399999969,,archival environment/concurrency not proven comparable or incomplete execution
d59fac8fc8898f92b70d5580725181312bade61c939ec2623be15e9e7113fb91,h105,-1,results/raw_reference/f28517f23497cbb28c4b19e43f2bcf4535c3ddee6690ebbefdeab645e8369ba7.json.gz,True,False,12.666734599974006,,archival environment/concurrency not proven comparable or incomplete execution
8d5d67434e88573c1c0c862413e2df90f35e0915fce085a47c3cb0d3a55cdb15,h105,1,results/raw_reference/d178e86780287a89f76bb36497521edcf974d04f835bf20efd9527ec77b1e218.json.gz,True,False,13.190924199996516,,archival environment/concurrency not proven comparable or incomplete execution
a078228f0fe45ce476a7bbe771ac860d0c5075bea13ae201c57c099f2d14d88d,h105,-2,results/raw_reference/729c76c76c33796111c5eba4fc4ea6c271c9c4fb4c3d51ad8f1181ffdc714698.json.gz,True,False,12.503963999974076,,archival environment/concurrency not proven comparable or incomplete execution
8c08551930425e33a071d4cfd95fb260e1e58e31427d5b100938bbf995bf7dca,h105,2,results/raw_reference/8abd4ddfc1a57e0ab5573af2e8c5dde3fb5e7d4d061225159ad632fb7b1a0b95.json.gz,True,False,13.032133400032762,,archival environment/concurrency not proven comparable or incomplete execution
4bb7fd44b4dc3d949ac7703bf8c74d27ad8e85689a4e4d33a4c2411bd1783a81,h105,0,results/raw_reference/be87a2a9b3628300fef6b6eb50e386cbea838709720e8fc66a779ad71cb98dc3.json.gz,True,False,11.842436700011604,,archival environment/concurrency not proven comparable or incomplete execution
9c9a241a216ab1124393b2da1c55cfa253b79f6f8325f06cf900c661f5516f93,h105,-1,results/raw_reference/0fd88e7efd805e0669467470f60f0d9a5a27890939ac8609829caee3a84e97ee.json.gz,True,False,11.983670100045856,,archival environment/concurrency not proven comparable or incomplete execution
f71997f25e8f6089cd358225c14ae4ff66eafdd524adcb394400268acc81c957,h105,1,results/raw_reference/89af2684ff7d7d9d6d826e3758015bd48a1cd2d36890ac619e5ce8a6dad23314.json.gz,True,False,11.668198400002439,,archival environment/concurrency not proven comparable or incomplete execution
4fbd0c5940dc447f3d5624fab907f528c9b286a77c0bb26bbb455cb163281a76,h105,-2,results/raw_reference/6d3db916480896cbb3fc3c6db218e7877893307503552f4d1685ea235ca363c9.json.gz,True,False,11.5733118999633,,archival environment/concurrency not proven comparable or incomplete execution
cb5f14afe65be5a887a9db85e0c941f5f28bbe465137d4a5ba537983c69b9dfa,h105,2,results/raw_reference/9fe6c89286aa4a1a0f1ad2424096a219fa41cbba273ff568d287f037ae2dc4be.json.gz,True,False,15.070885900000576,,archival environment/concurrency not proven comparable or incomplete execution
f9665f7c0a997e8087c9f3288c647de2b4f149d95876ff3d43acae41df3ff1e1,h105,0,results/raw_reference/ea10600a66c6cc87981d138c01b12138434e0c626752cd1512700bb57dbe2d2e.json.gz,True,False,40.81312083295779,,archival environment/concurrency not proven comparable or incomplete execution
c1bfae2ed8735fae68ae4f78a45050f44460eeb710554127723e941aeb2963e2,h105,-1,results/raw_reference/00c5df345c49380a041cd39988e20eae7fb54f0735340027e8605e856e5ab0d6.json.gz,True,False,35.57829674996901,,archival environment/concurrency not proven comparable or incomplete execution
27187e126cc6e96cca75b4e691e716fbee130b103f1e0799807a03f7f3234ae3,h105,1,results/raw_reference/5645f91c48b89dcf9623df309ed36a2774951ff640be954fb6f617b44612c9bc.json.gz,True,False,48.768729708041064,,archival environment/concurrency not proven comparable or incomplete execution
8d8bd6893e2194b66cb9985e98722e5f0445c0d3ddb25cb62a346148a635aae8,h105,-2,results/raw_reference/bbabaa34ec045aa268297d38569f9751e4bc83590a9190e90a5b480bf842a81f.json.gz,True,False,31.99000987497857,,archival environment/concurrency not proven comparable or incomplete execution
8b3824217aaa2a1f92ae565c6a3bd5405de6c558a0bab3da9ed709a744e09bbf,h105,2,results/raw_reference/d1c47a878fa0faacd7bc5cc630296d92eaf5657977f69865e7e4d414349b870e.json.gz,True,False,36.49616891698679,,archival environment/concurrency not proven comparable or incomplete execution
92e365ff4f9ed94fcd2333509f67ad00d8a976abd3fa5e346d64930508d1fc4f,h105,0,results/sla_sensitivity/reference/488a94939c25994b506400530722074c04a0858454c5f27c1879e29474fb3807.json.gz,True,False,17.692078699998092,,archival environment/concurrency not proven comparable or incomplete execution
820e0b17299e5d100e3c2d4d031ae35eea4bcd50f7bae9b25c1629184eca77b7,h105,-1,results/sla_sensitivity/reference/473c4ea85a9e4eb5d629fcc75c11a9425da6b9222d57744e2002fb46ca693f63.json.gz,True,False,18.038016400008928,,archival environment/concurrency not proven comparable or incomplete execution
7f4ac320ac01609564961100b2f4e963ef71f1fa3e29d8e93651335544fdf4c1,h105,1,results/sla_sensitivity/reference/df41fc58c596e49700eeb61d887c529078d3edefd099e80f52646c5239ecd00b.json.gz,True,False,17.73425610002596,,archival environment/concurrency not proven comparable or incomplete execution
20745e7cf673e17fc306a38803c7d7ed5b726f7ff49637f37a5a64960cdffbb7,h105,-2,results/sla_sensitivity/reference/7bf9b65d63ca9dfab15a426c045498b7c5d81dcad8e4150c73c8c6cb22d23d37.json.gz,True,False,17.886989600025117,,archival environment/concurrency not proven comparable or incomplete execution
838b480966e9be7fc4d5e1f7ae2250cdba975c7430fc87e9719f898d88201d2d,h105,2,results/sla_sensitivity/reference/14dccbb20f3418464793627828203fac3bf8e27dcbdf482ed7a7113be51dd5ea.json.gz,True,False,17.762198699987493,,archival environment/concurrency not proven comparable or incomplete execution
56831de405b827115f79e012537246a89f495513f39ba4a60128b23fc2466c41,h105,0,results/sla_sensitivity/reference/540ba8b092ff8325fd2ab9654e35dd7edceb276a5b7360e7b1a198d3c7e69f9f.json.gz,True,False,18.506459500000346,,archival environment/concurrency not proven comparable or incomplete execution
1f576fba20f9b9b3fc6475451b1310b090adf9d7774d7fe819326e307741d368,h105,-1,results/sla_sensitivity/reference/24fed5ad6d109180255339dbbad6946a4a32e269706b84429a14586fe38ef06c.json.gz,True,False,18.013531200005673,,archival environment/concurrency not proven comparable or incomplete execution
5729e731e80393bf3d34f68a2b67f5caa498d2fcc9605b5d7045cd12d41ed1f6,h105,1,results/sla_sensitivity/reference/fa0c35372079a037f7cb869de8d5628564483c1859bdd51e4f815b8a2a30df1b.json.gz,True,False,18.328479899966624,,archival environment/concurrency not proven comparable or incomplete execution
057c978a8ef330909ca04492f992b6b5dc37c12f00b14d2ff1f87284ecc7f74b,h105,-2,results/sla_sensitivity/reference/e3b4aa3177285826ba854e5ff6ed262ec00c6ffbf7769e6efc1801e245da6699.json.gz,True,False,17.963244699989446,,archival environment/concurrency not proven comparable or incomplete execution
ba1dffe8cd09ca68231baf9d7c7eec4fda1a2e55d1e6b538c564bf9e0c76c210,h105,2,results/sla_sensitivity/reference/dc8cea995b359fbac2adc66aec587e5f87f1323bf00e19e4691ad8fbe4dade57.json.gz,True,False,17.763393500004895,,archival environment/concurrency not proven comparable or incomplete execution
f5307a6d2ea753f59976f9a4a1b406efacd23ee2d27be76878eb29f11631f3a0,h105,0,results/sla_sensitivity/reference/6ed76022ee784cdadfdaa8b42205453e3cf6425f761f99ce3f461e20900484bb.json.gz,True,False,13.556016400048975,,archival environment/concurrency not proven comparable or incomplete execution
023b4f304f98a8430054234b33e539ec5ec0a43308f929575d9cbcfc426fe1d4,h105,-1,results/sla_sensitivity/reference/a6ee95b990b2a99ff68063afe5a5e10d53877b2e0b12084886980fe7eb2e32df.json.gz,True,False,13.367817299964372,,archival environment/concurrency not proven comparable or incomplete execution
e6256b3c12314535940ab1391fd743b98dcd352490578bd9231c7c187d328ad6,h105,1,results/sla_sensitivity/reference/eab8bfedeb05333f0047d1314529bccca406da80a4023d297f016a8c5e1058f1.json.gz,True,False,13.651464899943676,,archival environment/concurrency not proven comparable or incomplete execution
a36369dad55beeb1ccb7011fd423ea48f8f18e93d6d1437eb3c770f6d9daf98b,h105,-2,results/sla_sensitivity/reference/7afce2586cb57a61d76236beccf8a42c87823d2cdcf52bf02be241c0a2e394ec.json.gz,True,False,12.443272300006356,,archival environment/concurrency not proven comparable or incomplete execution
62f541ef7e225e5d5c731c041237f5eef6b7cb1dde495832dd7f4cddc4dfe691,h105,2,results/sla_sensitivity/reference/e26fba19e90504d3c611ebbf2c4f96831ae7002966cedfdcf811f6bcc1931f2f.json.gz,True,False,13.928062900027726,,archival environment/concurrency not proven comparable or incomplete execution
2f61280f0bbe9c9ae05a9d134316939f18a5b361751fd3e9083cafcc8a5547a8,h105,0,results/sla_sensitivity/reference/e11d173becf25c2f1aa0a48446a61a051377be0cf996c52ddbed55e97f6b78f6.json.gz,True,False,18.0928930999944,,archival environment/concurrency not proven comparable or incomplete execution
5d948cfa559cc7b5f4eedf8a13001c94fa78ed0d450572d4acf0eb7bcdd5a404,h105,-1,results/sla_sensitivity/reference/6adc661dec5244003a213224f295a6f6c7475425c46140f4b72ed672a39539ed.json.gz,True,False,18.03568939998513,,archival environment/concurrency not proven comparable or incomplete execution
1545a2cf4e1c5b4f67a64554e85e66fca44704763c7a4b9570bcfd49664937d8,h105,1,results/sla_sensitivity/reference/f77fb75c5f5bd3a1b621c0b1979e732524add130c5bc1b9de4c4cc43b8cee38b.json.gz,True,False,18.232839300006162,,archival environment/concurrency not proven comparable or incomplete execution
30cfeff5149136e04fd1565b1970aa0e8bc7ae81c417601ae12bda00fba1fa78,h105,-2,results/sla_sensitivity/reference/0227bed81e3f43e2454de0d677dfadc0b9c405fcce1bf71955b4479369fcc15d.json.gz,True,False,17.828769200015813,,archival environment/concurrency not proven comparable or incomplete execution
b62058be7dce46138d5cdba89512d074a5de0372955da111f9a9802eb5886ab3,h105,2,results/sla_sensitivity/reference/f507acf95ef4a53bd777da75a3c1237bd30c0bb0cb3a7957d0e43a5f4c13818d.json.gz,True,False,17.931040099996608,,archival environment/concurrency not proven comparable or incomplete execution
ba927fa3b12d2cf8a91357e06add90840189fd215387a2ce57db4e216d88672e,h105,0,results/sla_sensitivity/reference/4f4fbff0230ff5428c3af3f7f0c24c608f11cda1565630f8b7a5fcb9279cf819.json.gz,True,False,17.982981099979952,,archival environment/concurrency not proven comparable or incomplete execution
c3b02f0f27f0c4d551110bef313e65d60caf2d02c3b4c10adcc61741ddcc8a4a,h105,-1,results/sla_sensitivity/reference/623411ef7f254c3753c2304d99b8e8783d945c5bce7e77e6017bb0668b95c0b5.json.gz,True,False,17.819868799997494,,archival environment/concurrency not proven comparable or incomplete execution
879b15c0857650b97472662f0e00774d6927d9ffefe3014e3e5e422fed3c78a0,h105,1,results/sla_sensitivity/reference/cc4ac5afdbcda50ee17b88f385f5750a49e4ddc164b651b0191356b2e3f93e12.json.gz,True,False,17.90604189998703,,archival environment/concurrency not proven comparable or incomplete execution
02cb0fef32a068fe36fcf1f34e8fffc4de3778ea8c293d3af02fc1be5e6c4d0d,h105,-2,results/sla_sensitivity/reference/680f8f59801a0b44b4a2dbbfd5c41aa1e88058ec53b9d659857717cc4560c863.json.gz,True,False,18.30827350000618,,archival environment/concurrency not proven comparable or incomplete execution
980addfeb9a43e657d163f8a4ec5e8d4bb9aa008e86ffa863aa7ddc8a47dc6b0,h105,2,results/sla_sensitivity/reference/87216d9df0ee12b39bc1793ed82ebbb6bbba17bef7ea1e51d1759b9f414c8ee5.json.gz,True,False,18.255649800004903,,archival environment/concurrency not proven comparable or incomplete execution
b7921af5d2685ead75b08de76afd82494ccdbef0db22696d684ca838d57b5bed,h105,0,results/raw_reference/8c15ea0552549584b7f942b5efc0f812e6bc171466fd6d7b36b2609844236e5a.json.gz,True,False,35.400317916995846,,archival environment/concurrency not proven comparable or incomplete execution
a922cb8db388c4ad7e26566b0daa5615dad33b6e9fd7615dcd1e9a226d67372d,h105,-1,results/raw_reference/27253829c5298c18ada774e033b04f3975229e24709b5289e316bb64fe8fd4c6.json.gz,True,False,35.72340537502896,,archival environment/concurrency not proven comparable or incomplete execution
3573c12dd4048400aa2b5de06e636baa222149c6352d536712a14194e18dbae0,h105,1,results/raw_reference/00ab8486ccb12a77bf16307fe4400ba96c8b7d326dd404152b4860a4c8144cc0.json.gz,True,False,34.7833385830163,,archival environment/concurrency not proven comparable or incomplete execution
27fd77f4721dfdb5120d80492b82cf7a4a6f823a3cfaa006e2306ba2d1ade032,h105,-2,results/raw_reference/db2cfa39daf33173a92dec740d1377c5777c1230565b117ff3a2a85cd15a9557.json.gz,True,False,33.086971209035255,,archival environment/concurrency not proven comparable or incomplete execution
36dfe0e9ad00ce579848423e33f1fa4a2328c43b952da741ae06bf9b8c840cd2,h105,2,results/raw_reference/33f00ac4961ba8b736954d2e88d4fffce196382e7a191cc5eb6e8cdede85ac16.json.gz,True,False,33.27137358300388,,archival environment/concurrency not proven comparable or incomplete execution
d4dca59700c1e918a0b694c0627286abb6b8b4f26a095d19e34843717ac61b7a,h105,0,results/raw_reference/72d5fb6d3c084a172e42631be898353c3dce7455cc0c4ed2741bbb3136695a0e.json.gz,True,False,11.313158500008285,,archival environment/concurrency not proven comparable or incomplete execution
655cb9c497491d714a36204f49441908aa96f1c5f46eccb20118c7a3d028ab86,h105,-1,results/raw_reference/e0b0299e804bb13d1d4fbc0049cf4d2b5a2563e47ee2178d12e6f811b9614c5b.json.gz,True,False,11.719290800043382,,archival environment/concurrency not proven comparable or incomplete execution
3842e65cfef8dea623758f4c593212c3e9e800890f10954a8b53c10a69488d40,h105,1,results/raw_reference/e2b3b65f2b8febaad8f9ff467c21f74f953c6caa6ba7383f67eac7c0b026eb96.json.gz,True,False,11.221553000039421,,archival environment/concurrency not proven comparable or incomplete execution
cd7aad9428da34a5c3919ef5f90a4b457400c0b8afb169e57385751058f65315,h105,-2,results/raw_reference/5820e457f705ee7339c001d8af1af853733683dc8e88129c3f067809d1ac7b7d.json.gz,True,False,34.24769045901485,,archival environment/concurrency not proven comparable or incomplete execution
67874c35a8154513820a13225e97f745cfde51b08e127e5bcc100553ba354483,h105,2,results/raw_reference/e14aa35448cced379450f55c10712eba4f3d020479b808ce8dc7907b855bca4b.json.gz,True,False,11.462713700020686,,archival environment/concurrency not proven comparable or incomplete execution
58cdb8c0bf918f4629e866f7c09b4043e745a9e4a25af068080510416aff0f04,h105,0,results/sla_sensitivity/reference/28f3c32093a3ef7adb1ccaf6ab8b1839c93f8b64eb73767eecb4344b239389db.json.gz,True,False,16.781842899974436,,archival environment/concurrency not proven comparable or incomplete execution
f414392028ea755cdecdf048143795bed864b771df6f92cf970c1c247721bc46,h105,-1,results/sla_sensitivity/reference/904b737bd60553867d006dc22a351019c7684baaa3023925676ad86311266239.json.gz,True,False,15.452066199970432,,archival environment/concurrency not proven comparable or incomplete execution
0706ffc4c14691163272e584c20425e4ae5c28aaf6b02c7ed1a8df232802546b,h105,1,results/sla_sensitivity/reference/e52df366ab81d0bc1329a84591da8b3a671f81ed607be52b59f5c4c7547098a7.json.gz,True,False,17.64469900005497,,archival environment/concurrency not proven comparable or incomplete execution
10426bce4badf2a30d3a82c2f4712257c9d871109f429bd84d83e3402699a9f3,h105,-2,results/sla_sensitivity/reference/ae6520e11455ede67e49c21694dbc007e36b7a1522bb4c182184159ce59fa186.json.gz,True,False,14.695570199983194,,archival environment/concurrency not proven comparable or incomplete execution
2755f54ac245fbd51532ba070a69ccab9629d9a85dae40e70f199ca7ddb61b5a,h105,2,results/sla_sensitivity/reference/ac05b560da374192830c071c4219ace64726405f3cd485ed4b2c83f06836ff2e.json.gz,True,False,17.84781040000962,,archival environment/concurrency not proven comparable or incomplete execution
e553738d3c60123d3b43d9594202de101520bdebdcd497a4a6659fc889fc7065,h105,0,results/sla_sensitivity/reference/e31b10a7d0ecdb73513388a4bd31422b8528fa74bf84c652972935af0d66df1c.json.gz,True,False,17.66593679995276,,archival environment/concurrency not proven comparable or incomplete execution
6442019e9fbedd1b93447a02602282226c3dfdb7eb540318d6338b37d3a78a85,h105,-1,results/sla_sensitivity/reference/80c9e24048b28e63e74c3d1dfe836176611e9867fac21e47dd31ce31a82422e9.json.gz,True,False,17.950393599981908,,archival environment/concurrency not proven comparable or incomplete execution
e55bcf70106506a0e92be2d2524c3a082e2e31039b0cabe0e39c9021991c602f,h105,1,results/sla_sensitivity/reference/f4387fcd1d4b2b6f9ecdad4173b44e649ee274fc908ff3fa65a4c28be98083b5.json.gz,True,False,17.843650499999058,,archival environment/concurrency not proven comparable or incomplete execution
1affec79e5a8350c3c15f03df7ef9e7508630d84ed05f9ca513a563a76317dde,h105,-2,results/sla_sensitivity/reference/a68dc3d12d395c4b04f00ccbc6cff5d30d5d2f57dce3e08074e8d87a9c99cd5f.json.gz,True,False,18.451753099972848,,archival environment/concurrency not proven comparable or incomplete execution
1556862d02a5a84304781b6907e8c94b90d5742872a4904cdfc88c78eb5e7a86,h105,2,results/sla_sensitivity/reference/cbaafa6e958b2ef19998bc9e170cce1c5517f108a319e9f015120af64fea7adf.json.gz,True,False,17.645787800021935,,archival environment/concurrency not proven comparable or incomplete execution
49063ca4f48905eb15ef13a330b5bf423a46306b1f26a15d33e914471dc93813,h105,0,results/sla_sensitivity/reference/347411777f093b302533070b6fea169aec17147c1c3897242484fe2aaaa73096.json.gz,True,False,17.95042980002472,,archival environment/concurrency not proven comparable or incomplete execution
2c58ed8613d32ce22bd60e2f7b8558d4f07a6112bbf0d4b31cad91c19191c4bb,h105,-1,results/sla_sensitivity/reference/505b11d28ab784f4017533c32dc08704fec9c7c5031560107ab61b5e1224143f.json.gz,True,False,18.646534900006372,,archival environment/concurrency not proven comparable or incomplete execution
ce6e140ddc0fa7e7d8f625c22736e0736fe6b69f71ace8a8774b401646962cfc,h105,1,results/sla_sensitivity/reference/acd175152aa4c5fc4b8f97bdc289a93ea8ef076475e55e66653123be771834ac.json.gz,True,False,18.041977699962445,,archival environment/concurrency not proven comparable or incomplete execution
a8b13779c14e9b6bb113fbaadc242f3ab55e96079347b3e78a7b575f806549a8,h105,-2,results/sla_sensitivity/reference/914dcdf9f226c189a6af4a951e2974af06a0ae56c2bead60e87301820da8ae0b.json.gz,True,False,18.77558170002885,,archival environment/concurrency not proven comparable or incomplete execution
06c8647638166cd8d7ad8654fcdd5329696f42623d73212d3cbcda7c49e9aea6,h105,2,results/sla_sensitivity/reference/d87debd6d02a8f224c4509654310fe7302bb01ffef0957318ef83162a2704506.json.gz,True,False,17.342444899957627,,archival environment/concurrency not proven comparable or incomplete execution
51417977360d6f5964df961a86a3bb57487de6ac5bd072048a4c85e0ffa821a2,h105,0,results/raw_reference/1e38c7bb7c6a0384ad4aebbf6bf1a916db30d8cd3c1f3c55779f1766fe57c826.json.gz,True,False,10.846278799988795,,archival environment/concurrency not proven comparable or incomplete execution
1ad8c55b33c8b3f2b84f556b5b13ad7fff5c60660d4998fe45dc1f9ad11f12db,h105,-1,results/raw_reference/ccbfc82c1882bb742f0398be4ed9c53a8d9634efa61fb5bf2c313add88c61cdd.json.gz,True,False,10.925699099956546,,archival environment/concurrency not proven comparable or incomplete execution
8a1da7a244a637ff158ae8efbd34392f9a46a0193ef27dea784da2c8db96f544,h105,1,results/raw_reference/00f47ca089bda24c7e2c89781ff17810e5f00d94cb43df8eb7b1bdd247b718c2.json.gz,True,False,10.846858000033535,,archival environment/concurrency not proven comparable or incomplete execution
16ac3e285608786a456ca9a3c76c04ed08dfa3883e4faf5e52f2f93624b670dd,h105,-2,results/raw_reference/ad66885ff83421c0b2bb97689ba6c8c7040230d1a2c04ba3151d17f9bb8a2625.json.gz,True,False,11.32207669998752,,archival environment/concurrency not proven comparable or incomplete execution
5b9d7dccfb0dfbb14f936e086dca6373fe02df07428aebdb07d3dcacbeef8e8e,h105,2,results/raw_reference/b0abb1b4f063a991891706cbf68a1ebeba21dc786324ea4358c3786eccb58ed6.json.gz,True,False,10.681642699986696,,archival environment/concurrency not proven comparable or incomplete execution
15924c78843d55039963c761c9a7d1a39748653670804b36df90273f18e504ed,h105,0,results/sla_sensitivity/reference/9518bfd0293a94b5101ceca61f4e6140043e92eb99a60f06530c322662ae2fdc.json.gz,True,False,17.606565100024454,,archival environment/concurrency not proven comparable or incomplete execution
a8e90064dcb353e6575fc5c6ab84082d907221f82724881c9ffb99dde7ea4ee7,h105,-1,results/sla_sensitivity/reference/5b4aad5e241413eb7fcda8899683529a57dd9d8cdad3c2c2bb2c780d44d06b1a.json.gz,True,False,18.07193840004038,,archival environment/concurrency not proven comparable or incomplete execution
880314f656a6794585a5fdb0b5b21e29e81b790225b08974b3feac868e6e0faf,h105,1,results/sla_sensitivity/reference/76e07f7a0a0453dbf722020faf70b79e73ee818afc1bd1c279cd80168a79f20c.json.gz,True,False,17.439032699970994,,archival environment/concurrency not proven comparable or incomplete execution
789ffb577cb752787eed4d0839e5ba6265e55ac2be99696bcae36a75d154a11f,h105,-2,results/sla_sensitivity/reference/26a2af1de944477878af91b79d8247c8d77de8f40a6cd156d4542efe82f6755d.json.gz,True,False,18.200965000025462,,archival environment/concurrency not proven comparable or incomplete execution
6bec5249f57429fe7363f670c91ec945be997c7e3052ee0e033149bb8489f54e,h105,2,results/sla_sensitivity/reference/bb962f2f89f88c2bc27b181d72aeee3dcacced03eb1890efcd83b3ba04492456.json.gz,True,False,17.853323200019076,,archival environment/concurrency not proven comparable or incomplete execution
654a7e4de8108fc767dc4ef173bbe61ba445d0335cff61f4b813cff001adf91b,h105,0,results/sla_sensitivity/reference/ed88d6cfb2ba802be39c411e93eda4d6e74a57b0a7a6acf16eda0e260fee610e.json.gz,True,False,18.39008919999469,,archival environment/concurrency not proven comparable or incomplete execution
9bdacca819c9fee251663763a085ef7e5ba5825d4463a1fe155200831cb720fd,h105,-1,results/sla_sensitivity/reference/4727ec19903e4506d10d7264a9475cfcac00aca489ad371a3200135ed7dd5a4a.json.gz,True,False,17.721941900032107,,archival environment/concurrency not proven comparable or incomplete execution
02646ce78f5a4ea9c2840e2cf44573e5cd21e3642f70948d6dd8bdcccb75c197,h105,1,results/sla_sensitivity/reference/980ba586fbeafceda8c2cb1d31ff23c4a627d7ed88bf5767d21d3772778d3fc0.json.gz,True,False,18.5645010000444,,archival environment/concurrency not proven comparable or incomplete execution
e05220f09bced45aca1413bbf8a9fb96e012cd5b82036e9940b9ca40f9a460f8,h105,-2,results/sla_sensitivity/reference/1225d1609bf9bd7f3e36e06203339e8e2c857bb7f4dc91efc7088fd2ef592591.json.gz,True,False,18.65344089997234,,archival environment/concurrency not proven comparable or incomplete execution
b3ae5b0b864930da7b0d03dc5df614745ac88f4028dc3574901e88418307d309,h105,2,results/sla_sensitivity/reference/8403b87471c9afb93cdc825ac912ef0997a8b69bd7824fa1ff8e3b167237adb3.json.gz,True,False,18.122204899962526,,archival environment/concurrency not proven comparable or incomplete execution
6f1edfb2a1d34ed7cd1bd8ed1ec142bbc4b60df7096b8bd17a75d5346b17816d,h105,0,results/sla_sensitivity/reference/08de652b5841a809332a43a4dd70edce63496f2da1635b77406e3de8b062d040.json.gz,True,False,17.475262699997984,,archival environment/concurrency not proven comparable or incomplete execution
d3b06db8ba6db5ce41429e8c8407f2b0578f0164be8ef6b2deb1fd8e09661704,h105,-1,results/sla_sensitivity/reference/4ef1c8a8395420184921548d83c0eaf932ea6d363efc3535693cbbf832f530dd.json.gz,True,False,18.35389710002346,,archival environment/concurrency not proven comparable or incomplete execution
7e2dabd87f30fb1429a2c25b693f39480823f0dca774328e6bf97e7488bd90d6,h105,1,results/sla_sensitivity/reference/d2ab3241359bc1fc6af3a77440a92fd0506281c90a0127e25f9c68af48d940cd.json.gz,True,False,17.458867500012275,,archival environment/concurrency not proven comparable or incomplete execution
6f4de9750d8d0b8ec16758f1a813752ae12769cd44bbb5201f00251c4fc74334,h105,-2,results/sla_sensitivity/reference/4791fab55328bac518a43afbfe2afd949316b07908ad4485d2dd2ebb8604d866.json.gz,True,False,18.688618699961808,,archival environment/concurrency not proven comparable or incomplete execution
16fb29f64143300151e2f792142a1863e40be0a54a064d974ed29adeed7b0359,h105,2,results/sla_sensitivity/reference/2714cfa1487441ec27a92c7b7e1e2c18d8f72880107982b2ee288b3d2ba24510.json.gz,True,False,17.251049399957992,,archival environment/concurrency not proven comparable or incomplete execution
e138d9b0e2f4e090cef27a5c0e89350e3ed65f4fb084e60449a20f92148634ce,h105,0,results/raw_reference/e282ac8dd8d8c948ab07f4593f1c67251bb0240c5f515ed9f74ac331ab204c01.json.gz,True,False,11.22478059999412,,archival environment/concurrency not proven comparable or incomplete execution
4c6debbe282d7b790b25abca3c087b8b1c01320633807f3353fdd8b3dbce7480,h105,-1,results/raw_reference/4e15c7491ac56a940878f723d7527ca190a420111a9764b1ba28debd931947d5.json.gz,True,False,11.216702899953816,,archival environment/concurrency not proven comparable or incomplete execution
a74b11a1459fb94c175b6abd5d0901b5a0a6bf8fd36f76b7a30759a220b04d97,h105,1,results/raw_reference/8ac94ad3e89e9bfea5df8bfd3e850ebc7f6b35418f0b58f329cb45fbdc89823e.json.gz,True,False,11.257141300011426,,archival environment/concurrency not proven comparable or incomplete execution
ac33ce73e830fc7c87ebf2f5df44f12a77ea9643e81e5d7717ea040dfb02e853,h105,-2,results/raw_reference/1eda2cff4947abc9b7659675869964b289e34828c0293f304e1200e93d270c18.json.gz,True,False,11.620514800015371,,archival environment/concurrency not proven comparable or incomplete execution
5bee22d993d38c3841b72197310a47b976a2f5ae1ae4b8096b50afb14e4937d5,h105,2,results/raw_reference/def619e1db7935fff56e46967fda6cd63bc6844b7fd8934d1d005dd31c967bb8.json.gz,True,False,10.769317400001455,,archival environment/concurrency not proven comparable or incomplete execution
e828dc809bb1920774d7ed59d431ee02cdf9bf0d1527021a4f0349a8ca5eed2d,h105,0,results/sla_sensitivity/reference/277c8a8b24d97446eab9eefec554dca61e722e61a7318ef43721e6f1c94ee3f0.json.gz,True,False,18.19668829999864,,archival environment/concurrency not proven comparable or incomplete execution
2ef85ae5b202ca5f936a7b45719b9094909feb1524022027d951babc0f91803f,h105,-1,results/sla_sensitivity/reference/936b77f1e6aa7818eebab10e81f59f1c0ceaadf7c81cce1bb130cb750be270bc.json.gz,True,False,18.149952300009318,,archival environment/concurrency not proven comparable or incomplete execution
3843285c05efe4ad072c8ff61473f386407cf4b3a6672b352894aa0c4cf6812c,h105,1,results/sla_sensitivity/reference/302b3961a10e9a3bcaf4a4fa626213fe331bae8b6325cdfffebed04fa6387993.json.gz,True,False,17.634535200020764,,archival environment/concurrency not proven comparable or incomplete execution
b67d6aeccb451cd313f667e87033b5ce4da8d2f83bc6a382dec766562991bccb,h105,-2,results/sla_sensitivity/reference/749078ce52effd0b97ae52450d7720a4fe386c10b9a45325ccf84700a03e8376.json.gz,True,False,19.129634299955796,,archival environment/concurrency not proven comparable or incomplete execution
4cb942d41f9f962a1500e8eef0e716633d09b941e883e5af6fd0dddc8c91b249,h105,2,results/sla_sensitivity/reference/bdb352d5c3b12a6f71fb28544c5eaa86ad09ea1e1732a90f7e721f2b6ec73cf7.json.gz,True,False,17.354733799991664,,archival environment/concurrency not proven comparable or incomplete execution
7eb32a1eaed82b1c3ba5c9eb211185ae17c4812b43ec23e5bef5a43164e0bcdd,h105,0,results/raw_reference/2b6d5ed5feb7541c6030f96c0a1e5fd34f8c79240b6eb50c2ff5cb9431279f08.json.gz,True,False,13.60578969999915,,archival environment/concurrency not proven comparable or incomplete execution
f5e7dd3c62445e3490a904530fb9aad9c0bc6b2fc18b7a14a9b3200e54a3f3dd,h105,-1,results/raw_reference/e2c4c46a2c3e2f0eac05a36e6dd4cff2da4e56678b3dcfa97ef3488718a1f974.json.gz,True,False,14.056255899951793,,archival environment/concurrency not proven comparable or incomplete execution
a4baf3f5c15ed9a006f3347c9b4db4b2ce974e9aafdff1b707c8cd8deeb8e4f7,h105,1,results/raw_reference/28221424de0c9ff38a04201579c5b777d55c78a3ecc16a3a4ff68d0fdeaab63a.json.gz,True,False,13.753026400052477,,archival environment/concurrency not proven comparable or incomplete execution
02a55203eca2371f84d5a6df41a92f470c0ad1083392b14727a1ca3d4a796611,h105,-2,results/raw_reference/036c2288c5427d89ca0e1f8980a091eef3c1022a05fd1e223dc6f5c898f48b21.json.gz,True,False,14.462946599989664,,archival environment/concurrency not proven comparable or incomplete execution
f1410a57aa5ca9ed5007c6b2f690bf0921d54b9c37374951589e3739e8104d74,h105,2,results/raw_reference/2b790ec9da784812cac130d12347434b9146ae7914a78fea3368454409a1c340.json.gz,True,False,13.090637799992692,,archival environment/concurrency not proven comparable or incomplete execution
14d7cfb900b573ad3a1c4b20c316183568f0808fe56788bdb699a49d613cdc48,h105,0,results/raw_reference/a8a07c75c7429462cbc6361c0de48e18d9f7bee5d030d049766d8ac12f3df55e.json.gz,True,False,16.38771739997901,,archival environment/concurrency not proven comparable or incomplete execution
24421cffa4634d68663a9cfc5da9ae92eb6d3b8c0307325deb3dd2543eebe7b5,h105,-1,results/raw_reference/431ab77cac11fd43ef6b3cd9491b83b6f0ceb22b243d966ee80beae474e3a4c0.json.gz,True,False,16.13265029998729,,archival environment/concurrency not proven comparable or incomplete execution
871b6ce8e745658f5cb48852a429376a052e2776b1e708b23958b7ceba463a3c,h105,1,results/raw_reference/5eda312f1896045f1052405c32fb6718c331448c79e930a7035d35e5a393f33d.json.gz,True,False,15.928991299995687,,archival environment/concurrency not proven comparable or incomplete execution
85d96416a2debb1efce455723598fc6ff41bc987d0b086ca72fec9af4ddbbdb2,h105,-2,results/raw_reference/2d72d3040d16268fd4de3c2abdf95a09ea26e38fdff5c66e6a66a8aeda515dc9.json.gz,True,False,16.492069999978412,,archival environment/concurrency not proven comparable or incomplete execution
c6f5c5d7d5abea67d1be774777fc5e9c644c759e880d2b5dabddd797448dc94b,h105,2,results/raw_reference/d0a6735eb3189183a6b07549c978957987bef87b5eb43912a5d8e65001f9aaa9.json.gz,True,False,15.882199099985883,,archival environment/concurrency not proven comparable or incomplete execution
763a70c1da3ed43a8e356ab806483fda892198b70773dc3e4d65167a94572ed6,h105,0,results/raw_reference/193689982d54e1beb6e626614321e4c6a32a86d2dbc6d96549b2c823344ca67a.json.gz,True,False,12.946543800004292,,archival environment/concurrency not proven comparable or incomplete execution
57bf74f07b09c73f855184b6a192a76b686459b427315b292d01c102db806fbe,h105,-1,results/raw_reference/daeed4879b027c028ecbdf5bce77e52f4f8650e599df6bb0376ee54ece5fce8b.json.gz,True,False,13.02117459999863,,archival environment/concurrency not proven comparable or incomplete execution
c09bcaf095cd28a316d2793b8f1a4e0fd6be2391105909fdb1b053dcce9742ed,h105,1,results/raw_reference/c499efda49647e2634e47e6147e713dfdd7257b4b0f137d4b033b0da62eeba01.json.gz,True,False,12.658883199968841,,archival environment/concurrency not proven comparable or incomplete execution
333e748ebfc12adc0b71fc238007ea9e6038b3ea9fdad2da581c7953b286304e,h105,-2,results/raw_reference/591d9500ce0480f37c8ed0ff3b2c9be4cd0eb335715bf5fef9f17a87abc5efbc.json.gz,True,False,14.010251900006551,,archival environment/concurrency not proven comparable or incomplete execution
c9a92d5ec39ca7ab1a43e2dcd38350b24be79a11778dfa317f23947b54edb0fd,h105,2,results/raw_reference/a81dc717e01bed308a68b1420fa2716f594997eadfb6250322fa04db8f09bdbc.json.gz,True,False,12.802095099992584,,archival environment/concurrency not proven comparable or incomplete execution
cf2bd846cf69a54de34bb7d95e5199fa6d399dba104ed80d3e9ef4d5a8091381,h105,0,results/raw_reference/805bffe7f34573c605a1e603db21e785073691ba080c496fe557f1599a0fe808.json.gz,True,False,12.437543499981984,,archival environment/concurrency not proven comparable or incomplete execution
46d1715f30da6d3c554cd430be1e6f2ac101878dfc6465ee0f0ced3d426c8d58,h105,-1,results/raw_reference/c42e5a310a04f015995be5034bc0c630e6c30e32ff75547cc58482d364a394d6.json.gz,True,False,12.894931500020903,,archival environment/concurrency not proven comparable or incomplete execution
c0bb10780df83602ed6fb723bad8302532fc7d9ec1357a624c7369af4d82798c,h105,1,results/raw_reference/e2032a22aa92930a360f1003ce5f7c87d9a7d2d6c756cad56387dde6d27c5725.json.gz,True,False,12.719398499990348,,archival environment/concurrency not proven comparable or incomplete execution
711b3bd990d5bad5c602b908cd93f50d85eaf5947ecea1ec1c4c336b3142b191,h105,-2,results/raw_reference/9e8d17b3fd7388d9a1fa9fd3414e5b81f7d6edad0cfd313947421070c5f43bad.json.gz,True,False,14.108767100027762,,archival environment/concurrency not proven comparable or incomplete execution
3558feae3b7d115e5f1f2e87264a9fff0f1a7bf01adc80521cf26a0b6ca31794,h105,2,results/raw_reference/90d344946992fbb21500968d47125b6deff2e29e3c98c814ff6b83fb769dd685.json.gz,True,False,12.494904300023336,,archival environment/concurrency not proven comparable or incomplete execution
6a4a602340b5394c6535993747d86bd64f89cbaad7dc1586b49573fe90798023,h105,0,results/raw_reference/3ec776e8a7367f2db42c4ba29e61406ddefc30595adc5ff76d30b43399963b08.json.gz,True,False,16.099245799996424,,archival environment/concurrency not proven comparable or incomplete execution
43c798ca28940c72afef1d312c021b09f2d669d2473931882a9512133bb51d45,h105,-1,results/raw_reference/c602448a6a7e86f5ec273cd480022a042ae7513d7f422dc58345518f648d8e83.json.gz,True,False,16.01258650003001,,archival environment/concurrency not proven comparable or incomplete execution
c46aecea74ca6cf466b66fe3a4dd48010dd87d1ec95771b3b38c4db1bb83eee7,h105,1,results/raw_reference/011b5d6eca629131cfc5e9d9f13d8e237c7843c753c16b6d81e5d34da8035bf4.json.gz,True,False,16.445962400001008,,archival environment/concurrency not proven comparable or incomplete execution
d761cabe0aab58255d543712295519392bc129895232a36689f64ea91f11e699,h105,-2,results/raw_reference/bbcb330b44a076450f5e40ba955e0c522eaf8f3d58fce0e372ae2e4b17d3d9c1.json.gz,True,False,16.770981599984225,,archival environment/concurrency not proven comparable or incomplete execution
c64223f0637559752fca1ddfdd1f0cd5ae264e69673b320a7eb6696cb92d3872,h105,2,results/raw_reference/e718430ff359ffae3d50cec8a38d720faa197db098c832496630c79c04f151da.json.gz,True,False,16.185438800021075,,archival environment/concurrency not proven comparable or incomplete execution
ff4610f39d5cb0e10fc7025fe7f20bfb755a9ab0878d3780ec58479fce44d2cc,h105,0,results/raw_reference/7bc214c8c767cebf48697a19a0882083fb87aa4e34a9475a390ca66d8656567e.json.gz,True,False,13.185349800041877,,archival environment/concurrency not proven comparable or incomplete execution
ab4a687accddeb43ad4ef63743f0933ef55c2c965a032f4a3ab712f6e3655fdd,h105,-1,results/raw_reference/63040b425f1109aab3caadaace32b8a9bc1144e3f70d00a846e50062f2d8c749.json.gz,True,False,13.46527819999028,,archival environment/concurrency not proven comparable or incomplete execution
ba2612cb56a8f377c5fc8127b03ee5ab7581649fcc46d37611e5feba52b32a06,h105,1,results/raw_reference/92bee7127e85f418620c03d101abacd7da27d6bdc25f690e0bad4a387c43a9f4.json.gz,True,False,12.538971400004812,,archival environment/concurrency not proven comparable or incomplete execution
d91afec02eaad4b938628f78e1a3bbc0d8cada2b2e05efe0451db96a8796db4d,h105,-2,results/raw_reference/aa6fd6589211eb5756d326d362f7289f6594cc326f04b8d8e2b763aa4ed8f1ea.json.gz,True,False,13.510623900045175,,archival environment/concurrency not proven comparable or incomplete execution
896d13d954502df2e4ed6e42dce92e28b4cbe89250132013dafa246ef7e31621,h105,2,results/raw_reference/1d4e452eccae121fad2b366b9191a7c097036369f53335478826b192d121cdd6.json.gz,True,False,12.47578760003671,,archival environment/concurrency not proven comparable or incomplete execution
094b92bb06141ebeabccefdd9cd2f276773431f081eecd3ad47cfee4c33ea0e0,h105,0,results/raw_reference/f87b517b27deb04af99604a14120644f0718abf08d3dda734b81e61db060d126.json.gz,True,False,16.35776770004304,,archival environment/concurrency not proven comparable or incomplete execution
3293f539d07c995ff859fcea447d8ea0f0b17d697227f33aa96307e81c7dccba,h105,-1,results/raw_reference/b660b21a2cf672db7c91f6499cd64152a8922ce0d90b414a67fa00daaeb4532b.json.gz,True,False,15.707974200020544,,archival environment/concurrency not proven comparable or incomplete execution
e86f6ad01e7138e3519b4777fdd62f971f3e882a74bca2f9a2000b7fb7279516,h105,1,results/raw_reference/bf49d16d40554bec61a4c87385481cbead04c2090db0b57ed4cf50cd3514241a.json.gz,True,False,15.368594200001098,,archival environment/concurrency not proven comparable or incomplete execution
aba87d0c7664bdc20e20d30a7cbe013c7391efa96ad5b86ff8c5b868510a9429,h105,-2,results/raw_reference/b21f60d8c4834c5cb9ba5980a749c60eb65d135d292c507ff178f7a606e4d56a.json.gz,True,False,16.810376600013115,,archival environment/concurrency not proven comparable or incomplete execution
823f0739f51b4c232b5c90b7129552b86c1d91b14b6cdd3be34b46b7cf7d69a5,h105,2,results/raw_reference/e57c71e3deda131f02d2189a4883f8b4271cc57c6b7cccedac7b41fce060f5d9.json.gz,True,False,16.205526300007477,,archival environment/concurrency not proven comparable or incomplete execution
60ef10cdfff2e4b56b9c3f6dc52284de666e7b89815b32ab36650da0bfea30f5,h105,0,results/raw_reference/1d26139f0c8a9e83c52e954d1195e610ebc6d9399ea1e13a9697a7674d4070d6.json.gz,True,False,12.631697700009681,,archival environment/concurrency not proven comparable or incomplete execution
ddb4750b9bc6a7f36f70449fbb2cc4657392a90d1471e806ee364d97bd9ca557,h105,-1,results/raw_reference/35d6e4efe8c3e8d6fbe3a16f96e0dd7052ab272e9879d548a7cbe0d7430bc657.json.gz,True,False,12.888086199993268,,archival environment/concurrency not proven comparable or incomplete execution
ee989b8bee8c255da567b6f1ecf53ed1ae822d485afb62ebb56114733944641d,h105,1,results/raw_reference/86dba7f1e049b9287a32dfbfb7359f68241e7cee094da183b963cdc98b5ff529.json.gz,True,False,12.72505030001048,,archival environment/concurrency not proven comparable or incomplete execution
2ec6a5a64552c42d9055ac7987dea99614d1a6a50c4b441edf60f2b966b26ad5,h105,-2,results/raw_reference/06a98230c1f9cab43c5684d62cdedae73469b62a472cb2859bc19c9b58e927df.json.gz,True,False,13.462330600013956,,archival environment/concurrency not proven comparable or incomplete execution
0c513ab29a68cb3ae93d9d8b05398492fc7fea9960f05454c9e5086e174779fc,h105,2,results/raw_reference/c8199a6d52606923d334f5f92874449c1e772d196d804ff239927ca8bef86193.json.gz,True,False,12.958823699969798,,archival environment/concurrency not proven comparable or incomplete execution
cb45170bba0653d78f22b474b477517987931280c48b7c409870bcba47357e6c,h105,0,results/raw_reference/001c1dfcbe0a317ac1006b58295980489051eadb4d627ab4c14c6a9697551768.json.gz,True,False,14.24564050004119,,archival environment/concurrency not proven comparable or incomplete execution
6204206835e6f725e5a484e7a4f77b8ec52c2de8cd8ffb21a2ab2d2621605299,h105,-1,results/raw_reference/4559315fe64ecf552ff73b8b3f9b32434d51096f4ec86b77f54c744ee8719943.json.gz,True,False,14.737851999991108,,archival environment/concurrency not proven comparable or incomplete execution
4de01a1a8ab3bc78f05bdf99797d522adc8f2d1f50d72f31e574dbc8321dd46e,h105,1,results/raw_reference/095dabf39679f93ba978fdc5cf00d6c642f376e3f0bb2556a2dbf7a5a7741cf4.json.gz,True,False,12.679828900028951,,archival environment/concurrency not proven comparable or incomplete execution
3fd8acc815501e3dbbcc888067f257d6d3b50c50c5e1370118c3f76f6e816786,h105,-2,results/raw_reference/c8da1bcf717465c4b916137c239c43df12a05f9f59021a2e3874844e20fb7be3.json.gz,True,False,14.304071800026577,,archival environment/concurrency not proven comparable or incomplete execution
46ec22f76fe3d9350f5280fcc98f9687c36659702d7d35362cfc13a1e6598c4d,h105,2,results/raw_reference/bbbec46f430642618ca48f567dc86b9c0a7af8dd5eec92c3f60f5fb7bd9d9d93.json.gz,True,False,12.320433899993077,,archival environment/concurrency not proven comparable or incomplete execution
d61658f418440a201c1a82c54380f7908cb0201d37fc409f1046dcdb64db9c6b,h105,0,results/raw_reference/bb78dad1133aba0c5b1c615ef7a07b18a8347c20b6c71b39c57ffb09024cd219.json.gz,True,False,11.067951500008348,,archival environment/concurrency not proven comparable or incomplete execution
3cd6cc2bea3f2ef2d5eee081f32a8504da55a6657ec81f6ac4982b257440999f,h105,-1,results/raw_reference/ae572beba158fca979d6241b8edc7891529fb86e3723a6867821a534628e8f14.json.gz,True,False,11.423056399973575,,archival environment/concurrency not proven comparable or incomplete execution
5903e1ef851812e133e0253ae40140d997d73ea4beaf2c4d80b850211434bbee,h105,1,results/raw_reference/eada594bf79614d7e5822e601930995ae9daf49ddd286f4cd895a4ae5dfa4f4f.json.gz,True,False,10.839097499963827,,archival environment/concurrency not proven comparable or incomplete execution
4b0a04aa12eb41b221709900aef98846c7c5b97c33cb4de460fd54dc31ac83e2,h105,-2,results/raw_reference/d0b6757e07b4f00606fa2aa8398b8f69806b702fb78f26352c6fcb7a62872ef9.json.gz,True,False,11.406183599960059,,archival environment/concurrency not proven comparable or incomplete execution
525ef9f4c5de3d1363dcc7c4dda420aa3d385307c28d0115ddc88c56c28609be,h105,2,results/raw_reference/673e541db6faf916562d2e0921b6c323ea876a0353dc909a262690207f74e3bb.json.gz,True,False,10.53485479997471,,archival environment/concurrency not proven comparable or incomplete execution
5a0317e3d2f6a626c81de5801929abad4da120e59851e80f052c1185110e8a6a,h105,0,results/sla_sensitivity/reference/e7c8c79993fbe5e824d1989fe4cf35552bc0aa45334a8fff4ce931bbf16db4c0.json.gz,True,False,17.44144470000174,,archival environment/concurrency not proven comparable or incomplete execution
f4a4e87c987fd747d298464c792f43fd21e661cf3d3592c6dd7f8ec675b1668a,h105,-1,results/sla_sensitivity/reference/52ce85edbe8fa55308a2b72801024d62bf40fa733a407c543dd73fe37b1829ca.json.gz,True,False,18.45612240000628,,archival environment/concurrency not proven comparable or incomplete execution
35a6dcf8972237b12066123f63d3c6e07693a7e176188be92104fe3ce052f553,h105,1,results/sla_sensitivity/reference/c07bd7cfafc3bcdbb3f77ad402e62c93e7cb9bb84c47229a9af86e4c85d5bf5a.json.gz,True,False,18.131982999970205,,archival environment/concurrency not proven comparable or incomplete execution
4aded5f1ca13d097ea040136eba7ba3c44ec3f6df196e12f7fcdd921299db085,h105,-2,results/sla_sensitivity/reference/ceb87778c80a1a3ed0227f46d69f0c11382243d6ca9d9e13f8e33cd3ec84fbdb.json.gz,True,False,18.80329890002031,,archival environment/concurrency not proven comparable or incomplete execution
6a6e049b5bc805f525ee7087bf01a319f383d4de2bb52f137ed14a7c8d6b2e13,h105,2,results/sla_sensitivity/reference/d28a41dd624c6fef113536870f5e6242312278a26474d0e35ae65e2db95e2d2a.json.gz,True,False,17.840690100041684,,archival environment/concurrency not proven comparable or incomplete execution
798bc3e97947923a6ef46a60568e3423d32df1a0816bd5d7b161f543d85eec46,h105,0,results/sla_sensitivity/reference/0d903c213478f1d7889f02cccea5d9a631489f02a463220a3dc3f621842c755c.json.gz,True,False,17.618935099977534,,archival environment/concurrency not proven comparable or incomplete execution
9cdeefb662e370fb2f0c675e6643837fda84b36560b29ceca6ea54e9726b5e21,h105,-1,results/sla_sensitivity/reference/bef0ea8ace7e69b5ab8665dd6e02c7ab1523c02483b4d09c28c03066803e3910.json.gz,True,False,18.27749909996055,,archival environment/concurrency not proven comparable or incomplete execution
88551573e5913cbeca9dd2e73530b4abb8d8de606304c059bcbe40874a806a55,h105,1,results/sla_sensitivity/reference/28d677ea8f2c32190bdcbd34fbcea6092f3d316c210368030c0f8a862e191590.json.gz,True,False,17.522905999969225,,archival environment/concurrency not proven comparable or incomplete execution
a52fe898da345baf62281b77d6f75dae21b92e622876273c202f99ce55731437,h105,-2,results/sla_sensitivity/reference/59c33897addcbcb433021c6a328d99df2b670e566b1bedd40af3ed178ddfdd22.json.gz,True,False,18.50766109995311,,archival environment/concurrency not proven comparable or incomplete execution
83f66661fa61408fc342c4a5740fbb4af4048b430deb55cf3792480b8b2aa661,h105,2,results/sla_sensitivity/reference/9ba78a76d2cfcf79e3009927cbd49d9d3010564ab0e98bbec36bf49c3d9203d1.json.gz,True,False,17.884718399960548,,archival environment/concurrency not proven comparable or incomplete execution
f01679224ce2cd57e746810be3ec95d5fe201e442f9263354deb99d555066039,h105,0,results/sla_sensitivity/reference/1c3d4dd739a9fd8bc712105c44f976dfbaa391eba620fff4e40a2b9eb0c95e1e.json.gz,True,False,17.513347899948712,,archival environment/concurrency not proven comparable or incomplete execution
0bae63b7bf0e9dd90aaa244ca6094b80b09b8db0f0b387e37fb736f75fb115ce,h105,-1,results/sla_sensitivity/reference/d9698a30b447062e359ddc3873e21884d8aba758e40decd572519ca10030c5d1.json.gz,True,False,17.941156000015326,,archival environment/concurrency not proven comparable or incomplete execution
2d629c1830bee22ec78738ee566221435d9229a8000700c71db3afecc25421fa,h105,1,results/sla_sensitivity/reference/5ec13b0625dd77298dd3e40db92c2bcbb246fd0a16c97f2d1dc3fe07f8cf3147.json.gz,True,False,16.822243400034495,,archival environment/concurrency not proven comparable or incomplete execution
e99c0cd06a416368a5240686bf0aa414c843fc6a64c40f3e569a6bd9cd40574a,h105,-2,results/sla_sensitivity/reference/254ebf2f75e29f1d1791a380d52ecd59f7f27dac698417dbc1aa94cd9feb9571.json.gz,True,False,18.629368799971417,,archival environment/concurrency not proven comparable or incomplete execution
5c8c167146c4de4db809e8e3d9413cdfb6523532ecf5fbb5fe3a4ebcd53fd83e,h105,2,results/sla_sensitivity/reference/dd8626a2757d1992cfd85e36cc6d6d6c3697365022a9fc2afd80d74504fc411e.json.gz,True,False,15.737009899981786,,archival environment/concurrency not proven comparable or incomplete execution
89581176bcbfd3c3cee6b60405ed06afda5b89f0c6681b7389895d0fbf6ea769,h105,0,results/raw_reference/45b212160f5b482ebbeb69233e82edcae5a246d2add85fe78c80ce9a24d04171.json.gz,True,False,10.978619600005914,,archival environment/concurrency not proven comparable or incomplete execution
6613b9c7860dd83edf9110d4fc2f191357b7ec68498fcf18b7ea2eed1b1b2bff,h105,-1,results/raw_reference/32b6daf14318d3921856aef69361fc1e91d5ac89ff84e9bae8dfdcd08ac5ca40.json.gz,True,False,11.311584600014612,,archival environment/concurrency not proven comparable or incomplete execution
dba01f2788d8d6e49a16d8ae0cd63ce57d5d8d34f07fdf24e570cfecbefc2fc8,h105,1,results/raw_reference/4760a7ffc0ca29bca1775001c3e79766cc153fd07112bc25af10057c0ba7faef.json.gz,True,False,11.036426599952392,,archival environment/concurrency not proven comparable or incomplete execution
91d7418760e3f669c08f5a85d5bd78859e2d7ecf533799398d3f447e9fc99166,h105,-2,results/raw_reference/c02b00a113e8a37e3281553c36fbf49b15dced089f4edba3ccd4286a772ead4e.json.gz,True,False,11.228399700019509,,archival environment/concurrency not proven comparable or incomplete execution
2b4867a4c8939b84993abde99e3dcd97abf7a261a6bc21633bdd4eef2bbb3ba5,h105,2,results/raw_reference/d4476e50de04fa174e835d967ca9c13ba4c36a10bfface6777c43da7c0c6f977.json.gz,True,False,10.663744899968151,,archival environment/concurrency not proven comparable or incomplete execution
dea66da242e7e8d404d5decd8408d3ba43ba56f6d94bbf89de1bec00598991bf,h105,0,results/sla_sensitivity/reference/f0413dfc3dbab34b95cd6a4136f721892232eeee475ef32996c72f9e13e3a226.json.gz,True,False,16.982591899984982,,archival environment/concurrency not proven comparable or incomplete execution
1ee27c45428b890361dec616dfd20c7dc506d28c9333255ecc8d98065cac9e7b,h105,-1,results/sla_sensitivity/reference/e8f04deb055f8c7d64f535dbcdb67d5f6ad1228e6072e47d1bcefff5be7a98dd.json.gz,True,False,18.37617160001537,,archival environment/concurrency not proven comparable or incomplete execution
02a40a310374cb265367ffe4a272f5fd114842d7f184214ffa731baf31a3ef05,h105,1,results/sla_sensitivity/reference/d7783724eb790c51244ac0fced00b89755f02a91723fe7f90f7bd5515f34b3eb.json.gz,True,False,17.730253999994602,,archival environment/concurrency not proven comparable or incomplete execution
11f0f9b2783da4c0e5f5a9a9728dafab49e9c71902e4b502c6212c5dc9ba7cea,h105,-2,results/sla_sensitivity/reference/a8539c61b933043e12ccad5daea5972b005f5a5c49163b6220363ef10127db2b.json.gz,True,False,18.762289300037082,,archival environment/concurrency not proven comparable or incomplete execution
42bc83bdda0198652219c7fc13ba38569bcfb280f781a544ab0a0be4e34d90a2,h105,2,results/sla_sensitivity/reference/a56c51b18bb6eaaa5589601fa19530b9c84346c22327e66d0b72dcf29cc6aacd.json.gz,True,False,17.61887329997262,,archival environment/concurrency not proven comparable or incomplete execution
eb4ba8463dbc4a679382ccbc92868d685b7d727a8940cc3e5c3d246422a76cc6,h105,0,results/sla_sensitivity/reference/13f264394ade370c18d1b99a269e45a045a48c1ce06990c80a9767ff6bbf1dbf.json.gz,True,False,17.209720299986657,,archival environment/concurrency not proven comparable or incomplete execution
4c07d566612cc7baa956899e8ad924b191c60b7568017b69d2ca5d34a2469afd,h105,-1,results/sla_sensitivity/reference/3c7a502f493757e74775960f7b68a71c42cfc4e401c0f6527e4c52c15ef79c9c.json.gz,True,False,18.240547999972478,,archival environment/concurrency not proven comparable or incomplete execution
ce230f4dde346b45b75a3f0e5a356d1e80f815ae1dee5e63d80a8e06c3d238ac,h105,1,results/sla_sensitivity/reference/9b9a0fe82175ef6b657de0e714da6a2d79aeffaa23474943f4642ec879f434e7.json.gz,True,False,17.381941100000404,,archival environment/concurrency not proven comparable or incomplete execution
8e807715ecec16eb9d831c8ffe82e0286ec50ccd8d916228fafe008f2975f231,h105,-2,results/sla_sensitivity/reference/3ceb316f87ad4f280b4ef60f3b0bf4a9eddf8cb1b2afe5f91d32e65ac977b270.json.gz,True,False,18.91385770001216,,archival environment/concurrency not proven comparable or incomplete execution
4c155cdf661eb3876de4f4b717f33b4d7a93f7670de63018b04a09a257ee36de,h105,2,results/sla_sensitivity/reference/cc1ffcb113558b37f6289e93103d6c81522d044e68114d3d21d72cd66c9e65c4.json.gz,True,False,17.3574594000238,,archival environment/concurrency not proven comparable or incomplete execution
aec4d3f9d5a5d6368b37f115063bc0a5f516d6496841a3d51540d0127981ea32,h105,0,results/raw_reference/08515a7363f45b4616f86394c25540cc3a804009513a07c27f0da4eb0c062e1e.json.gz,True,False,14.050094600010198,,archival environment/concurrency not proven comparable or incomplete execution
71c802718d6cd4b24f7b22c9ca8898ffa3003cf323691904640724796725c573,h105,-1,results/raw_reference/60f5c1656afdd8e6816764e1357f56f90b8a60d3c923e9306e73ff1b6f040aca.json.gz,True,False,13.6989013000275,,archival environment/concurrency not proven comparable or incomplete execution
cc3bad426fcf20d4187de7bfcdcc723f7e6d37b871429fc637d131d5214324ff,h105,1,results/raw_reference/791e011109da8175deb3f4dfddc722c03a6f14b44303b554037ba59a442d48ef.json.gz,True,False,13.890175500011537,,archival environment/concurrency not proven comparable or incomplete execution
b8702e69c243277f44132a3455003aa29514134f89050084ff39cd6d51d00321,h105,-2,results/raw_reference/cb2e6a18a92fdaffd5f2509217d800dd5a290ad4db8cd7dfe026061091e9f66f.json.gz,True,False,13.621339200006332,,archival environment/concurrency not proven comparable or incomplete execution
574f94db51186cd22f53508cbc3f68e991ad89477b80fcb64e80c9321a74d894,h105,2,results/raw_reference/f46389dc254099528d37af7b95ec092e259001d4c6567a832c3d6c17d7286ca2.json.gz,True,False,13.300238299998455,,archival environment/concurrency not proven comparable or incomplete execution
453e27631b418f5300d01555b73ccc448ee5c07368b045c011dd40f2ca5181c2,h105,0,results/raw_reference/1175aa2e6e8ecf22a0d8ccc9c91cf34434d93a9acb7fdcc1382458083df2bb2e.json.gz,True,False,16.600674500048626,,archival environment/concurrency not proven comparable or incomplete execution
1c7f6df787750a551977845bb9f767cc96732b0912c44f0fe0072c4f46c2d00d,h105,-1,results/raw_reference/271b53531d42eacfe1e9126f889392995579beb3e0f39487e30133007b2e0cea.json.gz,True,False,16.717155800026376,,archival environment/concurrency not proven comparable or incomplete execution
4b9a0f4c9f93713e932d09e084f82654c20417dac7a387948fb84ff9377e18c4,h105,1,results/raw_reference/8a647c0470d902f7bad793f89dd9c3ca1f75d54163cc4288b1aa2eec9ca64bd4.json.gz,True,False,16.37989739998011,,archival environment/concurrency not proven comparable or incomplete execution
d6a83bef768e470d64de5424e2c576d665f8644075af692007ecf5ee205c785a,h105,-2,results/raw_reference/734131337322a95e7ff8ddda85e1559fe7dafb1707a8dda65c99a20304e931d5.json.gz,True,False,16.449194099986926,,archival environment/concurrency not proven comparable or incomplete execution
c81f5207f5b757705becde7fd75bfb7e77c1d71ab4b43ccf9c63551a322c5970,h105,2,results/raw_reference/1b392e691ee86d4bc790304696852b07eada4334342de332a018f640ac07d3ec.json.gz,True,False,15.795414399995934,,archival environment/concurrency not proven comparable or incomplete execution
1fff6949eae86ae696ebe44cb9a781e7a8382efc17389bf42d89c380c8c224c1,h105,0,results/raw_reference/92e5ece4abb959fabe9bc7b4cdbcaf678cb77f4204a0e13bc58a20acf36ca25d.json.gz,True,False,13.344324500008952,,archival environment/concurrency not proven comparable or incomplete execution
636e3f9ff3e86428ee4200577ead0d262b76b3f0614b0b8085e6d3eebe571c95,h105,-1,results/raw_reference/478644a3c618bec09d6c00e486a445fbda10e8a9a85653292c04dde54062e0c9.json.gz,True,False,12.934762600052636,,archival environment/concurrency not proven comparable or incomplete execution
4ab9787975d5b78b456e23dc6d24c767ae82c24858fe92cf1133eec7f4bd99be,h105,1,results/raw_reference/0e30b36bdcbf7bb51f63b3b9be9d15df2bb1121f1cf6e4ae5612b4fc4afec73d.json.gz,True,False,13.533539300027769,,archival environment/concurrency not proven comparable or incomplete execution
9f5778232796e7a01a7cd81ccfce4899d174ce83bc6c002b02257f1088c89471,h105,-2,results/raw_reference/7fdfaa3456caa9b9f3802f97e64ca67e9140273e552203783eb81b71a6bad19f.json.gz,True,False,13.798568000027444,,archival environment/concurrency not proven comparable or incomplete execution
a97c79e52e8be6f1588f1e39ba75c6d1d807cb47059eb05afa4f637216b19cc4,h105,2,results/raw_reference/2324bf472851ecb202c4329ac9fdeca43a18845587dc1ba54b01ed4d655a65f3.json.gz,True,False,13.088060100039002,,archival environment/concurrency not proven comparable or incomplete execution
48ce695961826e6977ea37bb57c495f65800b1ecb9d82e1fd671ceff7d0244aa,h105,0,results/raw_reference/191907551430c84243032141e42e0eb6cc734c50ec485cfd473419c022f86ba7.json.gz,True,False,12.908969799987972,,archival environment/concurrency not proven comparable or incomplete execution
14d1b92a1e575923384f25c72445efc5e57021e69a9d203b78f2714a61bb89a0,h105,-1,results/raw_reference/5fc8ab152af0f1bd76319555a0ac8e8676a2c0fd4b90693c3a9fd34c0a3fb4f7.json.gz,True,False,12.729348100023344,,archival environment/concurrency not proven comparable or incomplete execution
700a74d0fb8bee6de68955b930d245f48df24de59f55c5efc00b8f49479d6a04,h105,1,results/raw_reference/96c6d85819cad34a29cd3d175853a4f734f9bae60164ad07a887ca1b7a71d391.json.gz,True,False,13.12289930001134,,archival environment/concurrency not proven comparable or incomplete execution
2c1f37ace68e4f921b1090ba77050043a67f6a4ac7c10d751bd8f692a2e9aebf,h105,-2,results/raw_reference/4153821ae7fde1a6e70100cb9ae88bd4f18e98ce5ae1e83c19cf201dac441fc9.json.gz,True,False,13.362646299996413,,archival environment/concurrency not proven comparable or incomplete execution
7282a0a85416c54394725827476a0af7461b24de9d651ac2316264a989178ade,h105,2,results/raw_reference/21b7a62b49466bde7788901e993a601f0d2aaef4b1b265982c602cae3cdec67f.json.gz,True,False,12.566336499992758,,archival environment/concurrency not proven comparable or incomplete execution
a1bd15459cdc6dddfb7126de78ca39ca0c014a221ee07587d5dabb5d4dc0c01f,h105,0,results/sla_sensitivity/reference/1317c2dda72acbc1193f4325cb182043082b584a742bc2d37ee96bc92d7cd1e1.json.gz,True,False,18.052695200021844,,archival environment/concurrency not proven comparable or incomplete execution
de847d9f7f2b1732befad45b8b2e30bbb134f4e2c28eb4ce509a30bb940ab331,h105,-1,results/sla_sensitivity/reference/1aa29897c940ae1a8df7c8e09a7a70cd69b6a38023fa49a37f98ba5d00f4577c.json.gz,True,False,17.94840989995282,,archival environment/concurrency not proven comparable or incomplete execution
32275fbc181c0ddde40fa6e99d47e07eb4e5589615396b132eaafa4632b2d4f4,h105,1,results/sla_sensitivity/reference/ec14cdd6c0d5fc0fb29af1a47a222e389ad8b6749433c24ec4ac2dc207fd9550.json.gz,True,False,17.883925800037105,,archival environment/concurrency not proven comparable or incomplete execution
5acb8f5dfdb7dbc2b5ac6ef96de75ad07d1bb56ca31d17bcb97238d11fc10025,h105,-2,results/sla_sensitivity/reference/12f96eeb14d1ed0a54120f0da54e6fb5e736a1321fe4fa30805c274cbb3d8834.json.gz,True,False,18.352888299967162,,archival environment/concurrency not proven comparable or incomplete execution
bd30b32e5fcca3b93157dc7b09f94f4e0c4c63d06d0d5c725aaade1b5d7b542b,h105,2,results/sla_sensitivity/reference/d1fc4eb58e3733ec1ddc092d3add055fb9405d7bfa8dda9af4fc7757b3c2ea3e.json.gz,True,False,18.537986500014085,,archival environment/concurrency not proven comparable or incomplete execution
8f88af3eabb60bbc00b8e9c2180e67fb5c56621ce4e31702f92760b9f87b2d31,h105,0,results/sla_sensitivity/reference/c0281fbed9aa6eeb82e9f78929bdf192dd5cf24af305cf55875c9df2f1e9ae5c.json.gz,True,False,18.04748710000422,,archival environment/concurrency not proven comparable or incomplete execution
dcd8eb1fea342bfc377bcf4b792457ab39acdea13454f17d7eaa27dbfef76fe7,h105,-1,results/sla_sensitivity/reference/aa489fb423c987313124628ff6478a30329bb7b9622672aa2c2e68ec6e5cf618.json.gz,True,False,17.97400300001027,,archival environment/concurrency not proven comparable or incomplete execution
d0e5972af2833b5e4b4021d07d63e764707703df748cbe9f12487edde3adea80,h105,1,results/sla_sensitivity/reference/8291676d3926e19dc2d3d07e31c56fe8df6215ba7c76bb70df60d7a7f57b959a.json.gz,True,False,18.097536500019487,,archival environment/concurrency not proven comparable or incomplete execution
00b93c1d49ebf55c9b437b5cc7b0c10eef069861aab4e6661f5a44313b07b4ef,h105,-2,results/sla_sensitivity/reference/bac5fa084bda873deed37264c85d5be5345b38e9ac278f07a1b02e1f85b6c12c.json.gz,True,False,18.97636460000649,,archival environment/concurrency not proven comparable or incomplete execution
738b1af4f1890008f1ea5e66c7685de1a43bceb0f8080ad54d4658fd886bfcbe,h105,2,results/sla_sensitivity/reference/e3818c672367df86379de683d7ba23ba8740892b1b3093b120a443fcbd8b4a37.json.gz,True,False,18.318442600022536,,archival environment/concurrency not proven comparable or incomplete execution
7de8fe9986972888a700fab414e295fd77d0462446c3e40ed429a1ba4c4a37cb,h105,0,results/raw_reference/f730cb2a22b2ca905a49ac9c53fbbe48f0f7e121f3f36bf0b6e8577a7a963d6b.json.gz,True,False,13.283179600024596,,archival environment/concurrency not proven comparable or incomplete execution
32c9ae4c3e1abfc808947d87695d9d8c63a4d5bbc5c712b126f33a3e161d26a2,h105,-1,results/raw_reference/e678b6e5bd553d2ccb3196f679f1ddcc25679ff7b93f7d78812d6283f9412af6.json.gz,True,False,13.051101199991535,,archival environment/concurrency not proven comparable or incomplete execution
edf86853e99408fc459a411cc15eb91a95819dbed2ea7d1774466931ddb32b32,h105,1,results/raw_reference/da32ea05164951b802917aba4084d644eb8cd07d02db86229403457c63d51b0c.json.gz,True,False,12.808363499992993,,archival environment/concurrency not proven comparable or incomplete execution
415dbe0e111d4dee270c3712f636de73b7fa21cec6aa570ea65a9190b8d81805,h105,-2,results/raw_reference/3e6a5a094f48114da86829af472cd827a3b90cfa9e3fdd4dc6ef30978ab9727e.json.gz,True,False,13.399483799992595,,archival environment/concurrency not proven comparable or incomplete execution
bbf3a25eae6c3b1ad37d6e4f15a671fcd93298d7e8451a4fa69dc547776b99c6,h105,2,results/raw_reference/5c8d8dc94d13ce2bafd12ce8fe9d162e4077e72b9d2c8f168561a938fd852d45.json.gz,True,False,12.60503710003104,,archival environment/concurrency not proven comparable or incomplete execution
f705de9b01444c5c211b291d2d17b63e1d0b630e956e03e425c5b6a97b62ab41,h105,0,results/sla_sensitivity/reference/c8a8cbbd4dbabaa5ef7ca95592f6b8f72af6dac105e168f99a70987392c44f83.json.gz,True,False,18.743462500046007,,archival environment/concurrency not proven comparable or incomplete execution
b1db4f33e11b5b95f3c880aa19dcd4dd17287a8b11843811fbf3bcb6ee4a49a1,h105,-1,results/sla_sensitivity/reference/3fc6346c3d698e173faa3d423261a7c150c594d489adf61fdeba938c8141a4b9.json.gz,True,False,18.868918799969833,,archival environment/concurrency not proven comparable or incomplete execution
fa0e767aff28ab085221fac1143512733ffb80eedbed17962311e8e6a6c2c0f8,h105,1,results/sla_sensitivity/reference/933c8502f368a31f2c774433f83feb4c2621d9ca1de4460eeee8d122a08f4a2d.json.gz,True,False,18.549293599964585,,archival environment/concurrency not proven comparable or incomplete execution
2c0ceb1fe9c52f3634f972bfab682c9789aaeac3de04613b9edd142bdc18062a,h105,-2,results/sla_sensitivity/reference/187262044d98d4e89f38045679f52a15462df2da45b2a0f45cd0a8258f39aee2.json.gz,True,False,19.006203500030097,,archival environment/concurrency not proven comparable or incomplete execution
e6c40073330709d6b8e3c89369172d3f2585488d65535ee047fc8daf3dab8a83,h105,2,results/sla_sensitivity/reference/27f01a84d87c3b01e34831e26f29d46f90b392df2c0b6f8f11683a705ab0dcf4.json.gz,True,False,17.799903300008737,,archival environment/concurrency not proven comparable or incomplete execution
ad77832eb9c9fd62a33c0efe0ce3689385adfb07b22cfab55db03173c6f71f41,h105,0,results/sla_sensitivity/reference/8ec606ab8391b933c830f007b3cc2be653668e6994669d7d8eff74cacca02a6c.json.gz,True,False,17.319888600031845,,archival environment/concurrency not proven comparable or incomplete execution
4ad085c3bdbd296ba80d75972cf0136c2a2597a468d9a8bd0c59e72cec79ae29,h105,-1,results/sla_sensitivity/reference/6fbe9b34dc6335736f6268f96e1c62b2662d0c0437d662a210238d26269bed45.json.gz,True,False,18.03871860000072,,archival environment/concurrency not proven comparable or incomplete execution
3a667facc0075c67cec79bc4c84cf7904245eb2abef77a6f8a112c0649dcb56a,h105,1,results/sla_sensitivity/reference/a49f2966afdb3c353164723cf6c3ed9ee9317bd091400ab9b8911e76e75dad46.json.gz,True,False,17.70526349998545,,archival environment/concurrency not proven comparable or incomplete execution
f89206d10e8d0e2b44b2686528ab77005e7143bfe73562710ef4a563b60a56a2,h105,-2,results/sla_sensitivity/reference/573341c97557f9abd5337bf535e2ca33f99ee4bbe2ced1e59d301eb248e35aa2.json.gz,True,False,18.30604290001793,,archival environment/concurrency not proven comparable or incomplete execution
5317463b346c54e9f0c431b14f24799db2f79209c5c76d4eb3683575e8daba2a,h105,2,results/sla_sensitivity/reference/01f3425fca4110c9089c0110e50be6f542d39b08c26bdaa0605ff7fed3b16f5e.json.gz,True,False,17.962061999947764,,archival environment/concurrency not proven comparable or incomplete execution
11d939f6ddb60f45446920066733c86014dfb957973901e1f09f9d46524dfc0b,h105,0,results/raw_reference/957dc32ca18422d2af1082cbce5621f1c05cd31b049d8495ccefcf3a1f5b3cd6.json.gz,True,False,14.092452400014736,,archival environment/concurrency not proven comparable or incomplete execution
cf6c1dab50778a0b1a73cece8437c706de3794b6a1d4f95aa39b434c535b7033,h105,-1,results/raw_reference/9b3cc349a12800be80f7bb79926ed439e2971e28a2e69aa7f1e4ed063111bdb4.json.gz,True,False,14.043590499961283,,archival environment/concurrency not proven comparable or incomplete execution
813b46f3289396280de73fce4774ac914c5bc74abedaaf547ef0ec88aed912f6,h105,1,results/raw_reference/9a4b8001f37eaff39740df8bff72161fda37a2da34299358a709ca22a8ea1714.json.gz,True,False,13.922899600001983,,archival environment/concurrency not proven comparable or incomplete execution
b11c4367a9fb83ba37d7bb9538f7e362de2e9cacd9efdf3d508e59914b84faf9,h105,-2,results/raw_reference/b6933b008c6aa45d17f0e500fb5afebce4ad34005421a3636d05c6b7251de6fe.json.gz,True,False,13.951800499984529,,archival environment/concurrency not proven comparable or incomplete execution
9fec4c91a39dd455796f2a217b6ab318aa72fce2d0ed3b1239fb3bbbd9ed6f70,h105,2,results/raw_reference/fbdb3b512dc31af609c338265985db06320d357d0595f1e67b8b802888d66fce.json.gz,True,False,13.857718400016893,,archival environment/concurrency not proven comparable or incomplete execution
605bc5d756cadee40d92200420494aa4e1fa63ab11e37c2ef0d846b152643a23,h105,0,results/raw_reference/976af29110ba8ba54181242ee071a44233a55fc86910df12a79fb372037ba39a.json.gz,True,False,16.645141800050624,,archival environment/concurrency not proven comparable or incomplete execution
8bda5395fbaa75c64cff52dc7e365bc69a6025467bfd325a66e3fa6bcb02c343,h105,-1,results/raw_reference/ff84a0f011bed4f0f8df990381f15aaed66215e0382a96d9034914ac25d340a0.json.gz,True,False,16.87773480004398,,archival environment/concurrency not proven comparable or incomplete execution
6ec1a25ca2e36d0a896a6e1069fccf7a64cd3e551fccdaa1b5a1e6dda1fbec89,h105,1,results/raw_reference/bcdff661ee6637a7ee1f5f68851469761597415784ae84fee255a163a8444932.json.gz,True,False,17.19471930002328,,archival environment/concurrency not proven comparable or incomplete execution
bc7f8023cce781e233d0973ccb24253d117db7acedad23a8c61d1e9b34216d04,h105,-2,results/raw_reference/13c774167ccbb743e7af9b6850104a9650f0d6cc6c74b66dffa7ec41e12ffb22.json.gz,True,False,16.850262299994938,,archival environment/concurrency not proven comparable or incomplete execution
2a543ea339f2ee452da7099c5735243484b48dd24e0db769951dd926a50c5dce,h105,2,results/raw_reference/1b55eda9f82c865af97d00bd6db23c391219eb1972b4afccc7bee1150b65ca72.json.gz,True,False,17.27105909999227,,archival environment/concurrency not proven comparable or incomplete execution
30b83fc68027a95e228995bd70d3cf7372ae1b594a62de3c980cce19996d7cf4,h105,0,results/raw_reference/f0fcadb7d371d1c548135a0d004fdb4c32beb0118e2fc300072d122524484b0d.json.gz,True,False,13.513624000013806,,archival environment/concurrency not proven comparable or incomplete execution
2b21d3b3b88a46ab3a3b5cab58a6a91f1c3ba0f3545e3b8aa8929ba554d19da5,h105,-1,results/raw_reference/ac171cdc3056fab638a18ae3360b249d94ab22d388f9ffabf8c7bf2deda39484.json.gz,True,False,13.712052799994126,,archival environment/concurrency not proven comparable or incomplete execution
35f45c2dec9bce430f56769701f2135c60ef23893395de4de46a62e35730f7c4,h105,1,results/raw_reference/e7dfa26f8ab6839c4217ad30c59ec821bc01d3a6313f650b72f7c92635824ba7.json.gz,True,False,13.197691200010013,,archival environment/concurrency not proven comparable or incomplete execution
aa9c0b50ba94ce24e15db12c6909765ee5fe0a2c90f8dc4a3fcb2f5a111f3188,h105,-2,results/raw_reference/b2bfcf5653d64ba18a5120398df606ca79dc2f258c3fcaff26b9acb75a373358.json.gz,True,False,13.301727599988226,,archival environment/concurrency not proven comparable or incomplete execution
96222aabe8eeb46074385411e3b9d86fb1042862ebe66c512f203652ac330f21,h105,2,results/raw_reference/c23e3d2eb5e9c926059b88716d8951219b28d501d70c11fcb6ab688767501869.json.gz,True,False,12.387562699965201,,archival environment/concurrency not proven comparable or incomplete execution
0830b60136b7c9fb6ceade49460e70e8140262c07ff56df8d513831f6ffa519a,h105,0,results/raw_reference/e1b69ecdde29a79c85687294f73b31d9241ecb9409dfdc850ff611319a7b503c.json.gz,True,False,13.288192700012587,,archival environment/concurrency not proven comparable or incomplete execution
c2f2d267dfa547b6ea2c833f6736eee35aceedbb6e33591dae914a3bab8faa9c,h105,-1,results/raw_reference/1721576d3fb0a242a39b51e5f72502d71b229c132435e7f4989565cd4b2c0c9c.json.gz,True,False,14.307244700030424,,archival environment/concurrency not proven comparable or incomplete execution
2dc34d9a4ba90d6e2fc6f7b388413dfd3d6a7d6f183bef57448bf16d9d57950e,h105,1,results/raw_reference/44670317d0acd1c3fd0e7dba52daec2777102ddea6c468fc22e6f805b64ce395.json.gz,True,False,12.971371399995405,,archival environment/concurrency not proven comparable or incomplete execution
0a192f689ccabb050f988a4aec6ac74dbdcd53c1a1bd05d2fcabd09ae75330ba,h105,-2,results/raw_reference/44d841f1e3330dabd5e7cfd6bc9ecffa2e4b96c0dff7ce41da2d4d24b11184d0.json.gz,True,False,13.868040599976666,,archival environment/concurrency not proven comparable or incomplete execution
295bdb90913c41083fb7dc084ecdae03e9ec6cd77aff82deee91a600c84e8d32,h105,2,results/raw_reference/c09adbd02d21325c2d49e6fbf4fc3c57c9404eed9f450b27433ad6868cca6f4a.json.gz,True,False,12.700596099952236,,archival environment/concurrency not proven comparable or incomplete execution
fe4b4ffe9120e69995a86b67e47dc86c1ae5fba5738d0d1e1a43ccb5c5362c5c,h105,0,results/raw_reference/4fe05875b24cfd5f6e37afd0fd76f3ad2516976132251a2a9b8338d0c9630b36.json.gz,True,False,13.234693299978971,,archival environment/concurrency not proven comparable or incomplete execution
0bb48a5fc4146014f5081ffc891d2fc239ebed4c3cd2d1ee7436e85977387fad,h105,-1,results/raw_reference/e2d9bface784e41edda6749f059c5332f41434331319d2b607a0255ca1c263a5.json.gz,True,False,13.75501650001388,,archival environment/concurrency not proven comparable or incomplete execution
2892ae21fae48f37450182138a2793a2e944d266add8239a584869686e1bd590,h105,1,results/raw_reference/c6fd2f14c69b4c2921852672bd213774849e0b93f4018d9ae44584947ced83d2.json.gz,True,False,16.331921399978455,,archival environment/concurrency not proven comparable or incomplete execution
131eccbb6702309ee05079434f6f6ea5798d4842c6ce7514fe9a008e27be5b43,h105,-2,results/raw_reference/59ce1ca349bc4098ddf22d60bd699f6bb581a88b161f0a18f9b954153c3ce4cc.json.gz,True,False,13.546140199992806,,archival environment/concurrency not proven comparable or incomplete execution
59e4a2b16cb893cfd4eb3832b2195f3344aee11cd074ddc678137d5787e46f66,h105,2,results/raw_reference/71ecbd615ec8946027f55374980aa4f17251109e0a1cc83486ffa649f5486a1b.json.gz,True,False,14.84665479999967,,archival environment/concurrency not proven comparable or incomplete execution
4124065b056cd32be2cd41bd8cd1e13d95f9b54c27574def01b883607c28f6f0,h105,0,results/raw_reference/ceaa680955aa8cc1adc6082798aa8b8d22b70cb4a5efd98233e929a3c7dd2d1f.json.gz,True,False,18.212242099980358,,archival environment/concurrency not proven comparable or incomplete execution
0814f1b2634274415cd9cf6c73979db28b37f105c1e0dfcac5bbf7814273056b,h105,-1,results/raw_reference/4a21bfdaf9769a74d4a8f046e4fc020dc4a8c7def572d5badb341315fc64a7a2.json.gz,True,False,18.36300890002167,,archival environment/concurrency not proven comparable or incomplete execution
b7aec95f7e71a371ca227a00ef2eec9f76032874ea0ed446e842d23e9efe79cc,h105,1,results/raw_reference/f6baba8ad7c755e3972cf3d58d5097bd290590da53825ca6376fd7228648ba91.json.gz,True,False,17.979008700000122,,archival environment/concurrency not proven comparable or incomplete execution
e8a6b9ae342a01e6ec90bf3fa1105bc01597d9151246c4cf1dc80c4055ad7107,h105,-2,results/raw_reference/ab009bb11690fc0799341b19e5fe96695cd4d8fc88ab3d3b1f3d5992ecdc4ed1.json.gz,True,False,18.5660209999769,,archival environment/concurrency not proven comparable or incomplete execution
cc2040261a6fbd284fc37d612bcb8ac5d4eb0d2f985b091ce0e20a6a2ce71872,h105,2,results/raw_reference/c4c48e332057409a244d01db35314395531240e9772550f53357ad7c053840aa.json.gz,True,False,17.138524700014386,,archival environment/concurrency not proven comparable or incomplete execution
d36f7b0f6dd00fecd07c2a3dc9ee3841e9a35af4aece8da9aa896ea3908dfd53,h105,0,results/raw_reference/d100e4f04b632f971f62b9db9375f4e05ff7daf9e584ac0bed2c0cabe9eeb197.json.gz,True,False,11.005754099984188,,archival environment/concurrency not proven comparable or incomplete execution
0385703839dcd1c6e919a31a947a5422d1e739fb81d9ec8016930a683ada893a,h105,-1,results/raw_reference/75dba36cd7fe214a95da2adc37247a115f2268cc51796f1230ebafe21d37f348.json.gz,True,False,11.530603599967435,,archival environment/concurrency not proven comparable or incomplete execution
6479213f0f36962df50d648358de0cef5cb23993af3ce3dddab3b84dae2d0edf,h105,1,results/raw_reference/eae41ed14a57a23a1e740ddc46a32362fe5e454b24c077a48eaebd252c2b01d0.json.gz,True,False,11.006074899982195,,archival environment/concurrency not proven comparable or incomplete execution
6aad57ecbe130a9b17691343cb276dc5b5c6282e3dc14d639fd51acedf6fd362,h105,-2,results/raw_reference/c7a055c9343b917e5c801078b1a980b8e445bed7d9b9286dd59e0417f51a6ebd.json.gz,True,False,11.412863900011871,,archival environment/concurrency not proven comparable or incomplete execution
cc5d5ec19f9c42f0b835f3ad63675ee4655f02a265898d6ec9442b003f54e1ac,h105,2,results/raw_reference/978dcb22d468c062d8be3f0e11c919b8483fde2a884d7fde8fe5880d99b75007.json.gz,True,False,10.724915399972815,,archival environment/concurrency not proven comparable or incomplete execution
14756e8d85c9ebc8049d39f8005d20ba0959584467a651e3166ead31fedbb828,h105,0,results/raw_reference/fa89c0655219946077ac28229ea39ee3e8a9c1e90b829d1517c90e304b4ae5c6.json.gz,True,False,13.441456099972129,,archival environment/concurrency not proven comparable or incomplete execution
15dc01336ca79d6f7af2102079851656d95842dfd9c50a8071de9fe439afa2c7,h105,-1,results/raw_reference/6f7cb55351c2230f5ec667d800f024e42fd39d4be30997191bcee6e495a3a3eb.json.gz,True,False,13.190192200010642,,archival environment/concurrency not proven comparable or incomplete execution
1a0e7cfe8a6e101b9ccff9d18c5b2556c1038dfa3da17143454623b27856bd9e,h105,1,results/raw_reference/2f5e454fd28c3879fa202fb6aaebed73edf865dbda382c81ad2b32579ca43938.json.gz,True,False,13.552162399981171,,archival environment/concurrency not proven comparable or incomplete execution
7be0ba093acac498c897f80598e67f5a338e7fae5b7c0b1fffd2ae1a334e6e1c,h105,-2,results/raw_reference/a4d02b2d353068714e26989d31d3771442484bddc0bfbdd4c96bc3f59cf9bbd4.json.gz,True,False,13.732018600043375,,archival environment/concurrency not proven comparable or incomplete execution
5cfe2a592df4825645628a88c581f1328196943fce4581a1103fd6999e442b4d,h105,2,results/raw_reference/9e7b1c7c559d990ca3f054972b47ee28fe788b09ade1d60d8ef5aef4a0b3ebcc.json.gz,True,False,13.287716999999247,,archival environment/concurrency not proven comparable or incomplete execution
fddc01ca8fc033d41c7ab5e28251611eee1c69a01a655770645e71d02bd88362,h105,0,results/raw_reference/cb38e087ffd191d8e593730ec3b07c2e613bfc8b49edf6367da5d753b6c526b4.json.gz,True,False,13.934887500014156,,archival environment/concurrency not proven comparable or incomplete execution
0a828d502eea544bd553ef7dccbf6c27a260a88276cf5dcf91868b09dd22d93f,h105,-1,results/raw_reference/adf214df25a28ed1e7ba5a6cfd859fb265c716670e7840355a42562b785b9313.json.gz,True,False,13.362353299977258,,archival environment/concurrency not proven comparable or incomplete execution
524acfd41f9e9a29b3a8b2d093542772980e4414068ce3b5d08f39d9a0c03b0c,h105,1,results/raw_reference/2060f8416eb0df9b000c0f7884417ff946a2227866c2c084d651e6d212887e7d.json.gz,True,False,14.252497200039215,,archival environment/concurrency not proven comparable or incomplete execution
bdcab082fb5d94ac1954458a236878b834c51b6d92e90c8ca1db873d31023f13,h105,-2,results/raw_reference/34ddb3450fd5de3bd0b89fbd1aab8add684d9f370a107eef81ee94928dbe5ce5.json.gz,True,False,13.125189499987755,,archival environment/concurrency not proven comparable or incomplete execution
36ecc692e9e225117d38701e2496dbded0c61556183a3e4a4b2e14bfd4b7701e,h105,2,results/raw_reference/3be83645971d7ebb92dcc573fa85b5dee9259d2628182435b224f44f44ba1aa2.json.gz,True,False,13.342894200002775,,archival environment/concurrency not proven comparable or incomplete execution
b0389dbde654ea13331f47a65a89ba9519ff2642464892015a1dfd20e2f6481d,h105,0,results/raw_reference/04abb32001d49f39e9ff795b99a14d7009a79e5132ececa5997891fa9ccf22b3.json.gz,True,False,16.336681099957787,,archival environment/concurrency not proven comparable or incomplete execution
d3493f2944a221a0a479dce6fbd3a231189a3dc8a4d4549fa945bdec2ad0f942,h105,-1,results/raw_reference/16840ffb3c276cec888dde8ee0be1ac780298667d30ec5b63d8ec717db866e8f.json.gz,True,False,16.442927700001746,,archival environment/concurrency not proven comparable or incomplete execution
1b0fae9154b845691ab93b900992b1ddf8db652d8545fb24f723ff970d639f54,h105,1,results/raw_reference/4dabd4e0081ae2479c1e805c8cb5294735ee7ebce29280e3d7a0fc86a7e2bdf2.json.gz,True,False,16.403240000014193,,archival environment/concurrency not proven comparable or incomplete execution
35592596df934e16d8ab7e3dd0afeb32960a216b6a76da3e89ff161ac595af47,h105,-2,results/raw_reference/d1688697c0ea44fd370eac5f6af87edf41fd7c74022f02c378835d6dcb4d67f1.json.gz,True,False,17.590498100034893,,archival environment/concurrency not proven comparable or incomplete execution
cce7cabe804a1722078839fd4bda6d03c6d20032cdbb53d92a12344f32f24fe2,h105,2,results/raw_reference/3fa3d8017ff2b4cc355b6fc846cb2ae106fca2362882056e6f959896605255ca.json.gz,True,False,16.06350009999005,,archival environment/concurrency not proven comparable or incomplete execution
ce5eb105106a43bba729895e7bc738a0ce992698e6a65ce7caf6e82729d5a559,h105,0,results/raw_reference/99573b63f36e9bb914b44e73a7af317028d2c1d38bbea6109749e8ffb8ca6747.json.gz,True,False,14.496024599997327,,archival environment/concurrency not proven comparable or incomplete execution
d22f95e46d214cf540dde752383f0a133c7911fd9ab0b82f0ec0d14db31c67e1,h105,-1,results/raw_reference/d3dad77ca877c74f51c2ff80a2736ccfc8c56715b86820c8279c2a904132152a.json.gz,True,False,14.485319999977946,,archival environment/concurrency not proven comparable or incomplete execution
e545d063c6d72bceaf95d3e4becf2241b25bf3a1a7f5ad096fc3c0971b986c6f,h105,1,results/raw_reference/5ce3836a070274ccf6dfdd62cfc35f6b5f6667217a0fb30bce3ab141baef3de3.json.gz,True,False,13.730088100011926,,archival environment/concurrency not proven comparable or incomplete execution
c80161bcc95362326f6242c551bee05e9a796f8487510d2fe76980686abd7184,h105,-2,results/raw_reference/dd583bc9e37681d037280230a568a5238cc28212e4a589f179349f1af8216719.json.gz,True,False,14.136343599995598,,archival environment/concurrency not proven comparable or incomplete execution
b7c8b0df06efb8ca1ce037bce45543d94b36310e25e9aa80cbf7e94fffbd88e8,h105,2,results/raw_reference/dff159f93d4901a3d31b6c6254c883b26baa8afdf2377668d0940872121336ef.json.gz,True,False,14.083101399999578,,archival environment/concurrency not proven comparable or incomplete execution
358ed5d8297302c6d6e8123971c277470697e2bf1b58ce7b4202aa5b377a0ea3,h105,0,results/raw_reference/f94e547eaff9f4f0d8b1e875f91241c0fd0b7f887a5abfbbf6e68aefa84be6ec.json.gz,True,False,14.437272700015455,,archival environment/concurrency not proven comparable or incomplete execution
cc608067d5f5851d06290674a66a5d4e9ad0c105cd9438eab6d5d6cc5ccb44ac,h105,-1,results/raw_reference/df222f151313acb0785bdd75688c5b880e6b74c957f343e15716f5faf7714bd1.json.gz,True,False,13.838518299977295,,archival environment/concurrency not proven comparable or incomplete execution
7dc638fe802149282865392b4825e5da9f0a50cd89577f12b4c885eb29db7738,h105,1,results/raw_reference/cfb19c03b0033c58225d18acb792365698ac759985f44284e644ef025c590a5d.json.gz,True,False,13.540851400000975,,archival environment/concurrency not proven comparable or incomplete execution
2819d08fe5338c783b08921d594c0314be3b1fd581be4bc3a769ac28e7e0a7ed,h105,-2,results/raw_reference/b5e8b875b22fc3baee4e3195dde8f0b86968d1e34198a822badd0ef73dd983c1.json.gz,True,False,14.31212100002449,,archival environment/concurrency not proven comparable or incomplete execution
8f2879b7deebf06ad02973e3eeb4e2dcbc822937b68b3f15f0323ea1c4d0f835,h105,2,results/raw_reference/8656dd22bf21d1457da7c87fe4b08c7b86c346fee3e02880497c3377d2ed3953.json.gz,True,False,14.124200299964286,,archival environment/concurrency not proven comparable or incomplete execution
54004919b1bb347e35ad7fed82069d2de1d290a489160d4793447fb3909752b4,h105,0,results/raw_reference/f1864744ea4ca54d28183b06c0be44f72c6459a0ac42357a2e4c98e2ea57f008.json.gz,True,False,16.54807700001402,,archival environment/concurrency not proven comparable or incomplete execution
d3e804acf1ba92cfa22ea068df6d10b2f28d9672df11ee5b238e67d382c2e480,h105,-1,results/raw_reference/8b1cb7822d3217b8044fca6be93357124c2cd6e3bc7da1a5d1bb8a2a3107682d.json.gz,True,False,16.58228390000295,,archival environment/concurrency not proven comparable or incomplete execution
f09f2c3f8ac21ccf6dbc621ce37e06ddfdd8056f2152de3582140a700a78ec3a,h105,1,results/raw_reference/d61be2aab9a625b605fc1e6cc29b754e50104b584432b046d8b4d528d57647cd.json.gz,True,False,16.323255399998743,,archival environment/concurrency not proven comparable or incomplete execution
ea32246a7b4ae8a1e0c8551dc48bb13369106acebc10ff8acb7e866ab0aa7d14,h105,-2,results/raw_reference/cef3691283268f9f12bce66acfc180e37604fd9fcd16757c45a8a3847ada110a.json.gz,True,False,17.025164799997583,,archival environment/concurrency not proven comparable or incomplete execution
ee96e1ab9fde3b2cc21f181045a0f68e41fc3f1337e68538f499e2c4ba0d2145,h105,2,results/raw_reference/549ae4300d07e47b09b70857032bdc7c04ee43a6ddd7291e1af62ca75b5d76a3.json.gz,True,False,16.399718200031202,,archival environment/concurrency not proven comparable or incomplete execution
710eea34d2be4e550a95915d95a5459fdffc8d2a37b04ffa9f7ae18fab0e3241,h105,0,results/raw_reference/30f200b42846aaea65c9653d961b8d783be9502d55cad18ca232d6e407e7c319.json.gz,True,False,13.573949800047558,,archival environment/concurrency not proven comparable or incomplete execution
9e392160074ee68f4d9299f367421efef363c4ae20501e044668b902fa33cad6,h105,-1,results/raw_reference/a73aad9bc41e921c8760e544c911d37af7fc3a684a49cc7dd63dd65dee92bacd.json.gz,True,False,13.672751599980984,,archival environment/concurrency not proven comparable or incomplete execution
7588fa783eea97dd080d49e3db3d83595f9cd9c0b95b2f988f7f1be414b2f86c,h105,1,results/raw_reference/2d779520fb720312522328e1d1af62b6351b0b5e4e274ecf33859684fbf01899.json.gz,True,False,13.424258999992162,,archival environment/concurrency not proven comparable or incomplete execution
b82dd31c1cbf97be4577f8d5ddf0da01019c004b041141dcd87ff0b90270220a,h105,-2,results/raw_reference/6337f6209b47ab60b81c633216da076139446fde48b3346d0fa8eff4a26b064e.json.gz,True,False,14.170709300029557,,archival environment/concurrency not proven comparable or incomplete execution
6a351bed561ebbbb48753a356b2caadacc97963cd09dc0d5075cc4856844df94,h105,2,results/raw_reference/3e95dbb1fdbb092f287c09e879de7bce3a98cae16a95327c6ea023d4a80717f9.json.gz,True,False,13.995301799965091,,archival environment/concurrency not proven comparable or incomplete execution
ee6c7dfa82121c117a2574da490e467bc1d7910cae634355def7e2431927174e,h105,0,results/raw_reference/e5fc1f3360b685ad1efb739d28e11b95ef2e8812605101853bc7f518c12ee2a5.json.gz,True,False,13.0207575999666,,archival environment/concurrency not proven comparable or incomplete execution
b3de6ccaa0b4affb92bf5e368a6424e919a9e70e5256c75856a368f8f4094b42,h105,-1,results/raw_reference/4040d39be7206814f18fba4e224901096bb2b07d12bbb4d0e44afeb46242312e.json.gz,True,False,13.090034099994227,,archival environment/concurrency not proven comparable or incomplete execution
ac8de2b60d543328ea0dc146865018d0806c84152045f8da0bf23d2944e4508e,h105,1,results/raw_reference/55d4793062439d08e64def68fe7c0142323ebc877381fbed5ff06698b3edadd6.json.gz,True,False,12.428740899951663,,archival environment/concurrency not proven comparable or incomplete execution
426edae3c88f846f008431df7efffc1b95f51c86cd0d896aaa8c6aed1e9e53df,h105,-2,results/raw_reference/e4369340f7ec6832ce54aa63d43b09027a6a411621075defe644e80b02b13316.json.gz,True,False,13.418042300036177,,archival environment/concurrency not proven comparable or incomplete execution
d66e95614676140e843a328d523564f077708b4fae02cd827d04a6d983a3bd98,h105,2,results/raw_reference/34bb0fcbdaee8f6ab545d051544545aaf10c5616a365eb7ecd86e7db4acadd4b.json.gz,True,False,12.46840399998473,,archival environment/concurrency not proven comparable or incomplete execution
f005e729458e87968446e1f96754606fa6ab44205bf71efda2392a22d49610c9,h105,0,results/raw_reference/9600bb5537d1f55f84b37e598173b87f79685771ed625fa2328ff8d32383568e.json.gz,True,False,10.996773899998516,,archival environment/concurrency not proven comparable or incomplete execution
619f7252bb2c2a5ff23b3580b655d4da7cb9f41c24ca464aab937bde84e8e290,h105,-1,results/raw_reference/ba9ad1a3ae084785388cd35037c1cb0ac68a8fa11026c004be01ccb0854180cb.json.gz,True,False,11.069696100021247,,archival environment/concurrency not proven comparable or incomplete execution
5447a34b1a6f5fa70219e422f02f6ff63b11962b3920f39506b1663d726e39d0,h105,1,results/raw_reference/44df4e7c00402f820c2dffdb9c5df48c878d00502c9dfb1c441ad316b9ed3dec.json.gz,True,False,10.898412200040184,,archival environment/concurrency not proven comparable or incomplete execution
2247740b234dd037ee00fda4b82c115441d33e79bc457b9b9fd6d7dd66910f94,h105,-2,results/raw_reference/77f2b5629837310176a5f78397540b96bfaf862db8155a068ed799b426b8ce50.json.gz,True,False,11.493290500016883,,archival environment/concurrency not proven comparable or incomplete execution
8900f475028072e75bdcd8ac14b691921cd86e9a52ff8bc47a0849dda7cafdfa,h105,2,results/raw_reference/9ca8ceed02d8b47e09c892483cb59bd664ed81a6b49e3089ea3341219af48419.json.gz,True,False,10.83839029999217,,archival environment/concurrency not proven comparable or incomplete execution
c7bdb646a4215ca137ba85105b7aef95baef8c47758c8179c67c900bceeaa491,h106,0,results/raw_reference/32ca30946675e39c509ecfe73ec722f99d2d03430a1936b3756053802ec6cc00.json.gz,True,False,40.480070399993565,,archival environment/concurrency not proven comparable or incomplete execution
9f7323984315ab993c4aa95f63749132783357a4d4dd7d6e99fc26c8b15af788,h106,-1,results/raw_reference/d39046ff1b461206ae99b9ac8891d1017a5559a9a5885d7e889e15b0ec2493dc.json.gz,True,False,43.72459550003987,,archival environment/concurrency not proven comparable or incomplete execution
c3c41f5b6d09347f7a605ae662989712ffd211fceb4ed66d7ed399e927a8dd43,h106,1,results/raw_reference/2f025dd4b4bf1c46eb9f5007e4938d08965289cf7c6cf0f276f9ed73deeee91d.json.gz,True,False,38.859063699957915,,archival environment/concurrency not proven comparable or incomplete execution
5ec97447fa02ffadf896f0bd3c2a371f12086e37a9937b1813e328a0676c7244,h106,-2,results/raw_reference/094326ab0d40b44e61e60a54c4fbdaa351207a4859968d9b84dbbcee20b260fe.json.gz,True,False,44.609406400006264,,archival environment/concurrency not proven comparable or incomplete execution
5c0fb6674585b7809b2110ab9acc19d757e4d4b5a0a368572c4837f5ac7043ad,h106,2,results/raw_reference/1bfeda136a6c2168b2c4d74b9081e289b166fe62d15126674c6b51153b3f5b79.json.gz,True,False,38.564468100026716,,archival environment/concurrency not proven comparable or incomplete execution
f084d9811fd544162b8821cf90d8b5c35a8079be3ad2174ec6811010145165bc,h106,0,results/raw_reference/89b7f4c1dd2d2c31c610d9cccbe058d576d7778774397d83866174e3f1a2c6b8.json.gz,True,False,37.47847859998001,,archival environment/concurrency not proven comparable or incomplete execution
1318b0629ccddd10bf7c6e1e6153d6760e7bcf7235a5a574b5a97553a6a120e7,h106,-1,results/raw_reference/042af2e0e028b70a682c0c24050ed9f6bc7e6ab8c7c20a22e9007d460604649e.json.gz,True,False,37.36770580004668,,archival environment/concurrency not proven comparable or incomplete execution
1a946f0cc928a9bb8cee5afbe2dd9e0b6e29a0592518bc88c8ffc487756806f2,h106,1,results/raw_reference/768b6ac55e75727e692ed9004246baa898bc4b4ecfe174a0f5bf5eb20350306b.json.gz,True,False,37.63810919999378,,archival environment/concurrency not proven comparable or incomplete execution
2aaba83edc8edcd9091620af782353ba433cac2551ce1fd5ba4c49778f3afdb5,h106,-2,results/raw_reference/22df679178e77f7b3b3615b74a749f9db3d681dcf77d61cf00beb77eaa0eb940.json.gz,True,False,37.40965029998915,,archival environment/concurrency not proven comparable or incomplete execution
e77877e917a2866defc92103d179416d9910baf9ff47fd7049ccabe2140c1294,h106,2,results/raw_reference/a3216f7a3345dac0ab63fadbda968d23b991b2b96ac825828bc9a9ae9593310f.json.gz,True,False,37.082855299988296,,archival environment/concurrency not proven comparable or incomplete execution
d0a1485a5e2dfd6d3b09c7a84bcafa1f5539728d4916accb4bdec434718a5c43,h106,0,results/raw_reference/d3f891915eae101a527705d784e0a7945e0ed8f8c224b0ce98576314c8cdd0e7.json.gz,True,False,132.25998816697393,,archival environment/concurrency not proven comparable or incomplete execution
fa2e71e32100566fb8d4dac1083788f7393d2ac48f1788535f197ee3c6356451,h106,-1,results/raw_reference/03a277b6a1d76d827f8b0f12179f5c47416d9f5417956dd4c9b711b1445712ed.json.gz,True,False,113.69532137498027,,archival environment/concurrency not proven comparable or incomplete execution
9228e26f42d910da6a13a39ea7c4d598221772de67565016f207405502b90343,h106,1,results/raw_reference/86447a0f3dae88207639067dc72f762ebce933ad2dcc2bac86f704f842f88be0.json.gz,True,False,147.1587336670491,,archival environment/concurrency not proven comparable or incomplete execution
814294252e8c0aa4e24cf2ec340148622df569040970a82cfc50d81d324338d8,h106,-2,results/raw_reference/b85c4997e6f8b5c67b3d15d53bac393b2e7ee771a23637c4b9e3e7706ef4e491.json.gz,True,False,59.430129209009465,,archival environment/concurrency not proven comparable or incomplete execution
752b334cd0f577d73a0cd8dfe5e28ac28ba1dc4b548616bc1abf6fb7cecb1939,h106,2,results/raw_reference/222849784ca205b9f2cce8c946347f1cd92420dbe633471d435fa8d5299b9cfc.json.gz,True,False,116.31165012501879,,archival environment/concurrency not proven comparable or incomplete execution
61525752772ee49572fd5b2f689c605df7c98baf13a9bd99db39098186cd70bf,h106,0,results/raw_reference/5e479aec0e13de56f498047c8e34931d366f753ef6283b7b0bc7fa51c545c7a1.json.gz,True,False,121.35326316702412,,archival environment/concurrency not proven comparable or incomplete execution
766ff1fc42f4ca6c4f714d6885028b2f2241897a6ce661e49d177ec752cecc2f,h106,-1,results/raw_reference/81240cf017cba02f48881fd23e4e914c9a573dd01232ca6d853db238a85a90b9.json.gz,True,False,116.9488593750284,,archival environment/concurrency not proven comparable or incomplete execution
72d30a120c4e1046e5b3ebf2ae459bee6e774fe459d33aa91c1c6b90bbe7761e,h106,1,results/raw_reference/8415dfd9c9af3398973f51c9b0d561f42bd4e25bcceaf5ba053edac17b76fe24.json.gz,True,False,59.709246499987785,,archival environment/concurrency not proven comparable or incomplete execution
5e3f9f3e0cf165cbb2a1f9712900a67173576db7905371639124f41d693cd1e1,h106,-2,results/raw_reference/bea13e08ba0aa12aaa9e6041cf2a783c2caf68512a2a76bc49c5e3a2cced9c3c.json.gz,True,False,112.1778127499856,,archival environment/concurrency not proven comparable or incomplete execution
5586bd18c324e577f114c1725e41640a458d3008abeed444375d3d379b9ad884,h106,2,results/raw_reference/aab9b26a605edf7be61d098c0b4d371ed6173d73f241d5da861b8536926779d9.json.gz,True,False,61.65241229196545,,archival environment/concurrency not proven comparable or incomplete execution
d2b932eaa6226a97ccc524f365ab82a9d4bfe52d9a8036e4bfa13f0486fab8b8,h106,0,results/raw_reference/c30a00af69f188fb14f98a87eec16164d4f23d54dbbaff2546bd6304bcfa8d98.json.gz,True,False,38.52237890003016,,archival environment/concurrency not proven comparable or incomplete execution
4d605a768b4e4e16f20d432c8ff377fab20e96bc42a816fb65e8217dc38ad019,h106,-1,results/raw_reference/9917a8ffde69e2459c99d8c981e384c638c9be048fc9eb9691d77a1db5a85cd0.json.gz,True,False,39.02960599999642,,archival environment/concurrency not proven comparable or incomplete execution
d261ff39ea2fa814deb87eda363899119f768d0c771e0ec4655fee1eb553edba,h106,1,results/raw_reference/1a3c013365cdacbda27804eaeb072722b686a882cd825828b40665b6029d741b.json.gz,True,False,38.31699859997025,,archival environment/concurrency not proven comparable or incomplete execution
647224228b55b4e5323ae5370e3a911158f51debad45328e807bfec06e067e09,h106,-2,results/raw_reference/2f7071db0942737ec56fea2f7125381d1e16520b2331e32d758dbec118aca98a.json.gz,True,False,38.64158889994724,,archival environment/concurrency not proven comparable or incomplete execution
24fddc3c0bfad2689e474d00cb1bc509ef74a949b2bafe2aebfe587076948bab,h106,2,results/raw_reference/58b522381262c3a342eefc28e663feeb3cfbb6a4a8bed17b5a7162791699118f.json.gz,True,False,38.25781610002741,,archival environment/concurrency not proven comparable or incomplete execution
72b0d355be92d7ad5b92b49a5af9243b027967da93d620fb2c696d052e1369ed,h106,0,results/raw_reference/ac766c2cb39664320d1c35b13b2da08cb6854169e94ca8f3985d00ddbc5c1000.json.gz,True,False,38.933455599995796,,archival environment/concurrency not proven comparable or incomplete execution
75d905392571354117089d77626ed7777ea4210b4d60677a0b38c8555597ee73,h106,-1,results/raw_reference/8d3112bae5d15d6f8d426a9d53949318665c7201c6e3f0587337449361489d40.json.gz,True,False,39.088581899995916,,archival environment/concurrency not proven comparable or incomplete execution
c163690c33397b44eca126de0d47d13d9ce1d3e21cf0fd96d6329b23b47effc3,h106,1,results/raw_reference/f7b6d8d03440c06f05ce8e224278e72f02d119d23ff56f770535dda524754cf2.json.gz,True,False,39.61407200002577,,archival environment/concurrency not proven comparable or incomplete execution
42132da923a3883fbeabd3a36e677b6103c820853ca863571b1daa6d96c90294,h106,-2,results/raw_reference/b33f5df921e418382c51fe8a16f841f40ab7a971e3b9fb23252aad2741ad33df.json.gz,True,False,38.77609970001504,,archival environment/concurrency not proven comparable or incomplete execution
ba4b1b01352815d2a0acc03c745d3c2ddee28c1ff8f323a3979dfa13930509df,h106,2,results/raw_reference/28d4725401660c9d73c4a102ead85a941ffcf238ad73455448e3cf4efbed0bbe.json.gz,True,False,39.97896799998125,,archival environment/concurrency not proven comparable or incomplete execution
b3ea7c2e1f8e1f38888200edb27b45c825276ab4228d1e073edcffbaf5e1a91b,h106,0,results/raw_reference/eb3dad102ed97b7f3aa5bd52214c1996c792d8a6e6a57413f2f045696247e9fe.json.gz,True,False,39.836218199983705,,archival environment/concurrency not proven comparable or incomplete execution
86092d995041e382dd658ff4f07df78893d2b41f8126bf5a127efe3524f03d18,h106,-1,results/raw_reference/afeb8b5939af2ab7cc102eacca00ead0158c27248189f58bbe559818bbde06a7.json.gz,True,False,39.97746319998987,,archival environment/concurrency not proven comparable or incomplete execution
6ddccc3c0704617177de0aa3b9baa1d31f6440ac442d75e31cf44f576d0d82f2,h106,1,results/raw_reference/e3fa96877b071c102dad8f124a2069b2944d47e5bb011c094daad1990ddbd7e0.json.gz,True,False,39.394057299999986,,archival environment/concurrency not proven comparable or incomplete execution
f4a01ef4403cd76478ceedabedbef2ecd53de9690e2239ecc627a18dce015048,h106,-2,results/raw_reference/bba6abc3c594d7e1d65a0e7518fd0dec6c3ea07a345d0b942f1410754132dedc.json.gz,True,False,38.09702390001621,,archival environment/concurrency not proven comparable or incomplete execution
231982f802b97ea22984646272c0c6c81f1e526f2192ca9601dff408dae30c99,h106,2,results/raw_reference/b4b16aae4825ebf1920ea2b82a1d59d370cf44ebdd4c0d8dfc39d0144096207d.json.gz,True,False,38.56119979999494,,archival environment/concurrency not proven comparable or incomplete execution
778dccb65a3325ecb5c491b3b25329ed9feb3b04831ee481cadfa9956f3e9d3d,h106,0,results/raw_reference/fe99f79245c185449ca27fb82433444b2c1c39a141b892740c5f158342c85b22.json.gz,True,False,38.55577880004421,,archival environment/concurrency not proven comparable or incomplete execution
12c27f47e27e19d5dbf3f1dc4f967cbbbc7637b8912df0dc97051bf277380543,h106,-1,results/raw_reference/e522b0fa71ac29727aea36a930b42731976d28660557cfd38c1fe7efd28fd7d0.json.gz,True,False,39.37776020000456,,archival environment/concurrency not proven comparable or incomplete execution
8d9ca07a59d2d531fb87348bbe0969b3d2de9b6a533aa42309828dc980bc5fb6,h106,1,results/raw_reference/5cd6f4a48660da14ea0401c55d69cf40eeea63510b5460827625d569f3c07147.json.gz,True,False,38.791531900002155,,archival environment/concurrency not proven comparable or incomplete execution
1e3265bb0e862030bb50553a3b5ee0a178a9b77fe5f1453740093dc5c5be92fd,h106,-2,results/raw_reference/d9b19f852cb7bd9cc06ed78bb967e1f039dae25d16653941a78c34c7792dc5ad.json.gz,True,False,40.11353189998772,,archival environment/concurrency not proven comparable or incomplete execution
58d83ba05977b788ad628149db6079fbc5f36a867177978eab32d7b1791afad5,h106,2,results/raw_reference/3f2938590742f9f21f80f1ceaf7b73354cba371ce9877d619c8a863200ff4727.json.gz,True,False,38.68093289999524,,archival environment/concurrency not proven comparable or incomplete execution
24cc0ef7174cb3ea0ae3b4b1c673e22dec3a8c75b1e4b2c960a28bbb61b2efab,h106,0,results/raw_reference/019efd9048a39c244e65f99325aa77697ea10be134ccc6329d1fc1eee006190d.json.gz,True,False,39.68488289997913,,archival environment/concurrency not proven comparable or incomplete execution
c2eca580a01a7e2b44d35382adef09892ea93395d5e0025fb7ad3faa3ff57933,h106,-1,results/raw_reference/915a377edec5a0a8c2af0f512c3179e01ce568881026d65926094cdd1f543fb6.json.gz,True,False,38.78650360001484,,archival environment/concurrency not proven comparable or incomplete execution
d9075691283b4b680ebef65534a13fcc4466dec629cafcd2b6f21950dc10c5ea,h106,1,results/raw_reference/39df3a1903c9a9fbf12d924985a604d7564ae8878017c63a1b6e2255e02399e1.json.gz,True,False,39.27073470002506,,archival environment/concurrency not proven comparable or incomplete execution
ab28aa6ead35e1ff6dfddc1fb5757a7f924a5147b75487d94617fbe04fce65a0,h106,-2,results/raw_reference/7d3f63f1e80fdd038306dabe93fa477af46022466b53f944fbadb25e8742b40c.json.gz,True,False,38.653651500004344,,archival environment/concurrency not proven comparable or incomplete execution
65f2aec61791840d93ee73d869fdd678037157842057907a367a79affbb1cd72,h106,2,results/raw_reference/8b8bb1a4bebad32bf77b41ad4666d4451bd07b81f50c808d7e0974e6d4106f0f.json.gz,True,False,40.21139850001782,,archival environment/concurrency not proven comparable or incomplete execution
d02bc3df4e3859a68860b0a6ac55709a67a2099fb4b8ad0e6560a7e2ec681630,h106,0,results/raw_reference/6c9878d8da7c4a3a1ecabd560e935d1a26ff7e0619c8dfea973539245d390218.json.gz,True,False,40.56783309997991,,archival environment/concurrency not proven comparable or incomplete execution
4630479a6e86004d4e596ffc618d102c3037fd9be0e1a5f86f950d443bcb9a59,h106,-1,results/raw_reference/b0fce4e98baaa90429d4ce791bfd19a4030da8938fa6e85a95a6d7ec38431f99.json.gz,True,False,36.94755590002751,,archival environment/concurrency not proven comparable or incomplete execution
e5dd2418f67f651421b8a688c9078b39d47a7b3ededcdda003e7388bf3ed8d55,h106,1,results/raw_reference/5cb0cb336e29d56f723e6f7c226cebe35e816e8c4e9aad74e6c0aee11c4bf905.json.gz,True,False,41.11397870001383,,archival environment/concurrency not proven comparable or incomplete execution
15ec31eca520e1e9f6a8118145fbc4819ab20c95f2704f40153fab6267c15fbc,h106,-2,results/raw_reference/30ffea3f1e57947d60af9e0692410c3247884b918d5658d59e80f1b769b9cfec.json.gz,True,False,38.42935890000081,,archival environment/concurrency not proven comparable or incomplete execution
dfad0016697b77bd6d3e637eae23d73f97ca89450e3d95394dca4b894fba4cd3,h106,2,results/raw_reference/83052e4f15e1cb1745e74e432538bee53ce5813742961f81389cafadc428d5ad.json.gz,True,False,40.81084330001613,,archival environment/concurrency not proven comparable or incomplete execution
f10979df94e8860868204d7f20f4fe489e027cb038cf20fb288b6848f9fab484,h106,0,results/raw_reference/76730b1e2409cf6bf2f81d3e4d43ba8e7f6def87ae675af503db8a5970da2a38.json.gz,True,False,39.193774299987126,,archival environment/concurrency not proven comparable or incomplete execution
b7829d65c22eafe5caa6cdfafeb322b1d599c34aeef47a5096ae2888d8fc091a,h106,-1,results/raw_reference/7da8f4862fee3c0d8cb5a7ec20999de3221d5a3c9b7acfa744fb98e94e2bf80d.json.gz,True,False,37.2364091000054,,archival environment/concurrency not proven comparable or incomplete execution
a5d02fad2163d9fa90673ad54fdb5b1a663f86512d5bf40495c1e02e447fdaa9,h106,1,results/raw_reference/edfec2016e7e9ffc1318250ce7c67b9bdea13f9c88e512b9f04f03d1ea228da7.json.gz,True,False,39.60656129999552,,archival environment/concurrency not proven comparable or incomplete execution
fb5bcaff9e44ae9e9562e9ae611661157b502226a629a2963deb8070c6830b1b,h106,-2,results/raw_reference/5a1bcf104f67607672617b28863590cf3e73bb13db5b20c6b469a3fb15b1a130.json.gz,True,False,37.65292920003412,,archival environment/concurrency not proven comparable or incomplete execution
9cb20eb08ecbdbc97b6068b66c2575a0f02c1168e1b9d570b99774fe2c069c7f,h106,2,results/raw_reference/010e934524cc1680739410317f03f14b215a2c7c8539612a218151541b263a83.json.gz,True,False,39.44562720000977,,archival environment/concurrency not proven comparable or incomplete execution
89e8a6247a6a2bb41bb1c147124cdc8847a76685b0e2bf60176eaf344b391572,h106,0,results/raw_reference/6856eb12afb470716a41d15f4260b9a9355a5b0a4b8b875ddbf5e6b9d6fd8e9d.json.gz,True,False,61.0477149579674,,archival environment/concurrency not proven comparable or incomplete execution
874ec5a5e6d19123a7153ca4d5420931f065805b0a3c2a454c49ebb6f4480b21,h106,-1,results/raw_reference/16c46cc452d1690e31393c26f838b7bb0f4e50f123178c60f5e08c4fad43d17b.json.gz,True,False,61.02406816702569,,archival environment/concurrency not proven comparable or incomplete execution
6bdfa42d971123375081d7a418a4807433ac7cccc86e5b349f11237a43f0f7f2,h106,1,results/raw_reference/a224dcc407d70bd1765dc3f92521b6af8a0caeefd91126a195c8b6327235c0ab.json.gz,True,False,63.487736459006555,,archival environment/concurrency not proven comparable or incomplete execution
6b686dd020c859d67be458556a2349c5e3f0b573f008fd8b0924cd7cf837e755,h106,-2,results/raw_reference/81a7c2bb4f82beede4068fbeda98324350a54e999bf67b88ff3a68a4eaacfa5e.json.gz,True,False,60.02206466603093,,archival environment/concurrency not proven comparable or incomplete execution
531ecf43811b4f136df9d8ea239e5366787556339483a5ca222d370a0bf5ecc0,h106,2,results/raw_reference/2a9a3e802e553b0696bf34d740c9802f1b8173d7352dc872414a95da680b9bc9.json.gz,True,False,90.48745195899392,,archival environment/concurrency not proven comparable or incomplete execution
d0318484a5f644ba53ae39b39dbc6b19417f42c5f13203c4054317f7bcf0e082,h106,0,results/raw_reference/9fae913800fe3b54fda2037a59031e179d92a03e4d0428b728e57a3da95e5c84.json.gz,True,False,183.40605291700922,,archival environment/concurrency not proven comparable or incomplete execution
97ca0d498145ec62f9a12baf7e95e525a8f2b9c7ee01117e1a2d1bef425608a9,h106,-1,results/raw_reference/3793a784f14606668ca3db1cb1e2b519cca536c03813ea83cb72c60cd0911b1d.json.gz,True,False,196.48083445901284,,archival environment/concurrency not proven comparable or incomplete execution
5cd3e4d2325ee68eab6edfa8412a86f76e4fdd9b1cfdfb267f920484c7ed775a,h106,1,results/raw_reference/5d81e8858532e98de4a25eb96219fddc441447250d2f4ae42ab94f3d6c511d7b.json.gz,True,False,192.1268646660028,,archival environment/concurrency not proven comparable or incomplete execution
f6374c5ddb03115eb051dd35fd7efaeb58c1fcc84061d0e682bd0ced3554fb97,h106,-2,results/raw_reference/ac73347dac15d031c21dda49285066b2354c09ff3d95f5d65beccf69a9e889ac.json.gz,True,False,181.9287646249868,,archival environment/concurrency not proven comparable or incomplete execution
87ef3a4bb58f0bed18653f11aa7b85e44cd47ef890c486f68ca60f59b58c3c46,h106,2,results/raw_reference/e274bee99d6b0fe0a9f48161c0c9e625f59c65440368a6dd6c89a02f5a7392bb.json.gz,True,False,186.52698724996299,,archival environment/concurrency not proven comparable or incomplete execution
439bae29e0eeb65ae025edee97838830246333b1fa90082f2cba0f4d55e100e1,h106,0,results/sla_sensitivity/reference/bf33dbe6e0f36122e0156c35d4fceeba9fc0b0d3f492446228260ecca6abfd17.json.gz,True,False,59.383072900003754,,archival environment/concurrency not proven comparable or incomplete execution
0fd189a44a1066189133ba1b6458cf221401a0aaa008cf71235749e896bcbba2,h106,-1,results/sla_sensitivity/reference/6acd7be024f282249d58a0d4781af7e3bc7d118dccca30db0d9c1aae6aebe6dc.json.gz,True,False,47.76715469994815,,archival environment/concurrency not proven comparable or incomplete execution
34d5c7c2817341ccba1fa85e108c7a606c9f1f38c819327d474168741cf7de91,h106,1,results/sla_sensitivity/reference/946725b13c057e0fa5c8087a74faa40a274db7baa45267e78867f2f5e926fd15.json.gz,True,False,61.530836699996144,,archival environment/concurrency not proven comparable or incomplete execution
97d6efaf22b5bd654e54c75c2a04a9d591520c81f0da3e11e0421fe432864327,h106,-2,results/sla_sensitivity/reference/25c6081b40bc7d163b4a2d06b0e1b5c5cf437fa82909a2bb4fa4acc39a703949.json.gz,True,False,47.58792070002528,,archival environment/concurrency not proven comparable or incomplete execution
8195775bb7c59b9fb2d347056b8595c206a9ea5bf51335eaf0f07c905f37ca54,h106,2,results/sla_sensitivity/reference/4f5ad356af6921887308b67842835fe4e9a184c17e815da03f2801bd671b2964.json.gz,True,False,60.82335219997913,,archival environment/concurrency not proven comparable or incomplete execution
7357309b042805f403d089c9db000c15efc68363b10c2059c2cb4351900a832b,h106,0,results/sla_sensitivity/reference/b99551757b2e292abd12cf150a620136b37e08af15d40585726842c7c09c7223.json.gz,True,False,42.058582599973306,,archival environment/concurrency not proven comparable or incomplete execution
3b28ee89d995887f57b83bb62387b9efd0e4f3c604d73d823ca9b7948b701b84,h106,-1,results/sla_sensitivity/reference/b022dbc0b7608080cd45903b72de5397bcebc551c688b19465a8a4840d9a4c87.json.gz,True,False,42.536536399973556,,archival environment/concurrency not proven comparable or incomplete execution
6a87dedffb9ea75e3719a8390c48148111b939477a158622fce096b480c19cf5,h106,1,results/sla_sensitivity/reference/8608ddd9c32299278e2add38662651f348458ae3d1fcf9ceb1615640cbc2d32b.json.gz,True,False,42.11596969998209,,archival environment/concurrency not proven comparable or incomplete execution
590846895b8bee9bcd92ebb80cdd70aea6e88f164a0e8882532b818858323687,h106,-2,results/sla_sensitivity/reference/bde2224671722c43500175f5e9d7046e0f1f27bbfd07792c082da688f2dba108.json.gz,True,False,41.38633369997842,,archival environment/concurrency not proven comparable or incomplete execution
6697c780ee8f9d3763c286a9ec7791fa868a03904c14fc5d42ec49efbcf63469,h106,2,results/sla_sensitivity/reference/53453bac234a88a37469b1290092c68467e12f334081d5ca019cd4a5b0a544ac.json.gz,True,False,42.11472610000055,,archival environment/concurrency not proven comparable or incomplete execution
3f9fcad1bf47ea97821f8c6aabd45e77b3e79e37d9d9ee92eccd2fb23d6dc550,h106,0,results/sla_sensitivity/reference/e44da5fdde1ed300a514587a3c02bfc6bb8bbe730b0ec348e79eb944dc38d4c7.json.gz,True,False,41.50606330001028,,archival environment/concurrency not proven comparable or incomplete execution
14f3aaac1fd247e89ae809b74fcf762b145064cf42531709bcd1811cd19036d6,h106,-1,results/sla_sensitivity/reference/ad31f98d22101caa9a44210b195a463a29a0a3f43f5bf2f766bb557d12d83cd0.json.gz,True,False,41.463375699997414,,archival environment/concurrency not proven comparable or incomplete execution
7292d0249f073467448bc1091e65ecbf27d74dbbb8a2aa14d09f033284b9601d,h106,1,results/sla_sensitivity/reference/ee918f49a9203137c4e9c4bb05302ae4adf066c17e7ceb5e5dc29e93448aa667.json.gz,True,False,42.42793210002128,,archival environment/concurrency not proven comparable or incomplete execution
0c95886075d6876d4a87fe01a22ac4b4a6e9e952bcf66229f12d00ef6ef32fbd,h106,-2,results/sla_sensitivity/reference/6e924900973d394fa221c6cdd7b6f60966798fc89c871ac43de37f3e0e81caef.json.gz,True,False,42.26109000004362,,archival environment/concurrency not proven comparable or incomplete execution
17134f5b2c116720d09a0095705b67969f6aae4695ea35d243500fd595e44b23,h106,2,results/sla_sensitivity/reference/5872c093ab83ba0bba03a79cad3a1df7023aa4958a08608b33d803cde80e6366.json.gz,True,False,42.463884700031485,,archival environment/concurrency not proven comparable or incomplete execution
195b4fb39f92bfb278d9ed43b8b50c7c6e6223a7ec3082ccd737898d30b1501a,h106,0,results/sla_sensitivity/reference/856cfa8814072cd6151e1dea6e1703482ebcbef5824e84fe0f628b05bc14ff20.json.gz,True,False,41.982852899993304,,archival environment/concurrency not proven comparable or incomplete execution
1b3fc765d463d7399ae85d837abd613327c1970c78eb6927bb0341999341a4f4,h106,-1,results/sla_sensitivity/reference/71175501fa77b4a89ba5e08c074603df6f2f1643697b88163d8afc7321ffdd02.json.gz,True,False,42.37623130000429,,archival environment/concurrency not proven comparable or incomplete execution
b5e317363bfc58a6b53c48059c2d20e17407196e0c54a9d7bdf91fc091f8475c,h106,1,results/sla_sensitivity/reference/7abf1bf31091c9aa9cd81155a7df817055462837bea39070e8f6c50f0e97cac9.json.gz,True,False,42.24791149998782,,archival environment/concurrency not proven comparable or incomplete execution
585d581d564a9a055f21092ecb74cf8ae4f6960a6b7e1513d2b11dc9967fd3f2,h106,-2,results/sla_sensitivity/reference/fec6658185fad04c4c931cf771409b10ab9349c1cd7ee3bbf8ea594c50e8cab1.json.gz,True,False,42.29474060004577,,archival environment/concurrency not proven comparable or incomplete execution
676005decc0636a959b32bd4470f492bc28f0c5bb1710d0e4167f9a7f0068ae0,h106,2,results/sla_sensitivity/reference/4bb4bffaab0e6b922e95a9854afe2fa52cf47a736636bc2a85ac89f0c78fbc48.json.gz,True,False,42.97495650005294,,archival environment/concurrency not proven comparable or incomplete execution
07c014ed6cb107a0cd8ff219f92216a3545f9dff2c196fd2294536075da17a6d,h106,0,results/sla_sensitivity/reference/e1db51a910b1d6d7de76e288365e58fef933481c82985f27e3f36e0d3df378fd.json.gz,True,False,42.27774900000077,,archival environment/concurrency not proven comparable or incomplete execution
e7973671bb397f011c9d6f4a67517a08c035ca617de7c8307de9344154af0152,h106,-1,results/sla_sensitivity/reference/4e2868892054984e97632a3f1415350c06533daae32270ca6efe773248343ea3.json.gz,True,False,42.23630759998923,,archival environment/concurrency not proven comparable or incomplete execution
502f73caf21217ad016d4af0d8fb6ba09dec2831ec6a6dbde1ccaa8ae29208e1,h106,1,results/sla_sensitivity/reference/c15a42b40757897365869fee8ea70c30542078d91df249e56fd3cff2d32e1172.json.gz,True,False,42.288845300034154,,archival environment/concurrency not proven comparable or incomplete execution
b4623401b01a5bce3fda01c55d68e64b9261c7a19b3ee35d31c3df498db56878,h106,-2,results/sla_sensitivity/reference/940a44e6785b8b4baf34f025d14b75819aa48e4dd1ebeb19bb439ad328ef6226.json.gz,True,False,42.201955099997576,,archival environment/concurrency not proven comparable or incomplete execution
29e88cf204c6ed55651ca2f62ab09f999874002cd80017dd5b82787dd63c9a48,h106,2,results/sla_sensitivity/reference/a76c551fc63c6b7771dffdfd52deb4701468114876ef03cafbda2ebe99bc482e.json.gz,True,False,42.61150479997741,,archival environment/concurrency not proven comparable or incomplete execution
9cd0c59f8116870517bd64dfe50d4f7f805241450c246d616983953455af4799,h106,0,results/raw_reference/c89bc4ee7ab9abca1072993a044b8e6c74f0a84e5d74c3ebad5f43bb883aa2f7.json.gz,True,False,40.348116699955426,,archival environment/concurrency not proven comparable or incomplete execution
d590774fdb9ed02877f0b53e897ec086d40357fb49205b191813a9775d5dc6cb,h106,-1,results/raw_reference/a1614c111259d08d1931f4a15016d7b159f045a43a87302b0900b4c86be0c188.json.gz,True,False,40.27689240005566,,archival environment/concurrency not proven comparable or incomplete execution
b07e7a322c093b14e934e7927be995377346a11971d687e2a988584bf09b59a2,h106,1,results/raw_reference/94c5016fcdbbb65b29fecb78772d842533f72324facc15cdba7c16fba0a596fe.json.gz,True,False,40.356175199965946,,archival environment/concurrency not proven comparable or incomplete execution
e9ba7905cd6426e5cd7f4958c9d7068022cd84dacd6697ecad3af40efad7e178,h106,-2,results/raw_reference/1516fdd9079157b9723d40964f92c569f0b7e856f1288b6d7de245d1e230ff5a.json.gz,True,False,39.82925800001249,,archival environment/concurrency not proven comparable or incomplete execution
8d298de32501cd48c58e484b6094e136ac4a7c17dc96c95d1cf2169cb9a21492,h106,2,results/raw_reference/3f05eb88c4c537175e9659bf36d25af05a87c17b3ea669233bd5f4fabe5f6130.json.gz,True,False,40.46544309996534,,archival environment/concurrency not proven comparable or incomplete execution
0e7f2203e80f9caea00cfa4681669e939eb46d310f8449432fe85a7bfd08762d,h106,0,results/raw_reference/91ff82fa060d00ad3faab256d981b738125a0809382f4743a6333721894ef49e.json.gz,True,False,40.73570189997554,,archival environment/concurrency not proven comparable or incomplete execution
6c6010464ff88533fc5ab8c366647f965e4e0f67bb2006d9bc9e2f7ead9573aa,h106,-1,results/raw_reference/232b90b272f0add383ff7cbda3a425d8d0af1d9371fe3218877444f196d4050f.json.gz,True,False,41.01726160000544,,archival environment/concurrency not proven comparable or incomplete execution
6add8ebeb85ae6fccca54fbe8ed7c81b5a5318f32ace54b247980b8360d23a9f,h106,1,results/raw_reference/ea462d29d975ee798f5c21e52a8f6aa7ae9e2e11e26ca0c8e0df1ca578ee3fb2.json.gz,True,False,40.02255440002773,,archival environment/concurrency not proven comparable or incomplete execution
c0d5f3fb631a8d63389d6850408c1d6b30d0700bf820cdd9a4dbfbc09740ac4d,h106,-2,results/raw_reference/f47093ae18bd9d8b20078cffaae1e9628b4f866deff596a0f81a1a1b1f208b4a.json.gz,True,False,39.92219239997212,,archival environment/concurrency not proven comparable or incomplete execution
2bf3574e8a536b58823d25eb38df7526fda24fef8f79df3ef40f02853b1e7057,h106,2,results/raw_reference/4a759765e5a15534cf8504f2095dddc91c4826876ff98d55c4575daf6f604078.json.gz,True,False,41.308236700017005,,archival environment/concurrency not proven comparable or incomplete execution
1d8bd507604eeae663e587445c2c258db0bd27a13a1ab47b4c6f421e97eea3d0,h106,0,results/raw_reference/6500a8311655f8b4ba925b23429d0a35d10897a8b618181732bdbcc6b90e7196.json.gz,True,False,40.686793700035196,,archival environment/concurrency not proven comparable or incomplete execution
2f095c8207244752afced6091ee719f4a2e066b016811ffd2f3a27851a130519,h106,-1,results/raw_reference/b14e807aef1d900d0afa279ad858d173f0e164ec64684c676a8daaf05b19fd86.json.gz,True,False,40.86415020003915,,archival environment/concurrency not proven comparable or incomplete execution
56e8727d168580d0a1d757635df5525c0e2dfd9480dc9861007545101a91fcc3,h106,1,results/raw_reference/f37b4620a1819427ded3d3a3ccf42bdfcc2f67cb49c2df4553901052549c69fa.json.gz,True,False,40.695222799957264,,archival environment/concurrency not proven comparable or incomplete execution
e74109977fffeef9f36265c66e73103eedc640db360e879ca1887aa05bf7646a,h106,-2,results/raw_reference/e398fb42f083a5e888f5ba9ac80a8d737e41097d30d7b4fea657a0d59b1c0b5d.json.gz,True,False,41.23867380002048,,archival environment/concurrency not proven comparable or incomplete execution
d634ded5f5c3f4c87b777f4b8a92f6454405c982919bcee6e0906137cd67ec73,h106,2,results/raw_reference/0bb2e0b91284f866cd9c8fe7c751644a2d0a9be4f1cdac129cea3ac9a178aa13.json.gz,True,False,40.25716909999028,,archival environment/concurrency not proven comparable or incomplete execution
dcbf4d77cc33e312de0e9e0a4d972261e0edb6560040554135c4ae37b79aea91,h106,0,results/raw_reference/4a0fc77c5fc6356f9bb27bd999190f339e5115beb42b38524d4a94841e293edd.json.gz,True,False,40.01751209999202,,archival environment/concurrency not proven comparable or incomplete execution
ee8f54b30cc898033bd26b0d4f52d7997efccc55ffbac7b4592a2e2d8f11be89,h106,-1,results/raw_reference/e4f38998cdc53267e90f0ac04fe62ae1e27d42da968db94d87e2dafeed6b6cd7.json.gz,True,False,39.68305550003424,,archival environment/concurrency not proven comparable or incomplete execution
ac02cd9cb64389a1b1db66be08db0cf4f9d71f5529ee3ae1698e0f3865c8bf38,h106,1,results/raw_reference/e14e910d879829ab3cf354151910c040e25fbe15f02bc8d82d52cfd5222a368e.json.gz,True,False,39.63717629999155,,archival environment/concurrency not proven comparable or incomplete execution
23e0009fbda7fcc7bb755a42bcbc310e75b606ec507ad62bc8747ec2a1760c16,h106,-2,results/raw_reference/70bc64c46f62a375f42f070417954ec6dd3215d96481bcebfc1a06362c01301a.json.gz,True,False,40.06939019996207,,archival environment/concurrency not proven comparable or incomplete execution
73743a3653e516349f11a9e360855bca5aa212a2746045ff63fe32473ab9322c,h106,2,results/raw_reference/e59fd5aab5e1da13feb7a766c894855f70733e77e52b0419c5d341e2ab6dc634.json.gz,True,False,38.76786510000238,,archival environment/concurrency not proven comparable or incomplete execution
77430e8f2cee207cfc4314561c4a46196872ce4b65a67742dafed71bc817c380,h106,0,results/raw_reference/5eb6ef795b8bee162a091acf645782588dd096efbd9d9bdd12d1af35ec912309.json.gz,True,False,40.14571579999756,,archival environment/concurrency not proven comparable or incomplete execution
d2a82b0ff9fc3c4574ed4eb534b8cddf87f2c6a8627e348816a3767178ea4ef7,h106,-1,results/raw_reference/87211fd557e01655180beffaf33c8b9a06a160335a5ba910b1b642ae930d66fa.json.gz,True,False,40.41553629998816,,archival environment/concurrency not proven comparable or incomplete execution
4006341b3ea4e4fcbea290c4ff0198809139ccf31d609525b80998049662c7cc,h106,1,results/raw_reference/7a6e18d1bfbf3ae0c7a50b1aa30387affd9ef0a7e50d8d0e973ae2c7c266ca09.json.gz,True,False,39.712251999997534,,archival environment/concurrency not proven comparable or incomplete execution
486b19d804c5cd802d023530aa10d4b76fe6bd9d46bdeb9303e13e7a5ea399ad,h106,-2,results/raw_reference/7f8181627192ef76fb2b5925aae57742d4bafbe1737832119740557ea87bb3d2.json.gz,True,False,41.269472100015264,,archival environment/concurrency not proven comparable or incomplete execution
fc9f8bce30fb542ac2e39d79bca35581ce415dad69a70d3b5255d78374a67fca,h106,2,results/raw_reference/49d97486878a88d1093aac6c9080049a9e826975a5a69b29b4513649976d996f.json.gz,True,False,38.5086161000072,,archival environment/concurrency not proven comparable or incomplete execution
61c9814d140fa21e9115e8931a17e0606aa8128bc3beef5045e5a0b695354b45,h106,0,results/raw_reference/fd74473245bd91ffaa5226885333cbdd94b1aa8875fef4cdb3a0596ec8455908.json.gz,True,False,41.52813099999912,,archival environment/concurrency not proven comparable or incomplete execution
ba7dcee69275bf7080b9a414a99400867884caa339cdd7f0f3b291da6fc019f6,h106,-1,results/raw_reference/262d95748429801f4e97e8a4e3a9091a4d264f342d9a15f249cdf5e44610e5dc.json.gz,True,False,41.79040870000608,,archival environment/concurrency not proven comparable or incomplete execution
5fa18249a8f6b45b355dee32364e2bb5feb07c9dc069f3ea87c346f20a4c9805,h106,1,results/raw_reference/f119129d2acfce50289f7991b77c07d1a38bbd8220fad57a9736e572563e754f.json.gz,True,False,39.24630270001944,,archival environment/concurrency not proven comparable or incomplete execution
413968db8485ff38d247ec63a045d07702d0e61d94c0cf3c6785453b321f8d9e,h106,-2,results/raw_reference/3c90eb902a7515a32beb97358a85640cdf2705af84dabf2875f6075b2218ca61.json.gz,True,False,40.2911291999626,,archival environment/concurrency not proven comparable or incomplete execution
b574c5896642988135bbb2b79316c6b1b26d8ddcf9dfe1b2348f76bbfd93ca73,h106,2,results/raw_reference/e5e9193bc11ee34dbda774cb4f55fe8fbab74ec29dd9ea7a0059fad8c6f7edaa.json.gz,True,False,39.93722790002357,,archival environment/concurrency not proven comparable or incomplete execution
9aff560432a39056a4a35c4b11e8067c23053a5eadbc344435d201dd3fdb6724,h106,0,results/raw_reference/034aae000652e9625b644687454f9df34c6a2ca2bf56e6f787fe62504aa43765.json.gz,True,False,37.573079099995084,,archival environment/concurrency not proven comparable or incomplete execution
1275cc8e279942b8bccc212bcbaa28c9a6729fe4172cb7bda5862eda2d791436,h106,-1,results/raw_reference/d0d8dca5827344dad60fd40c59c836aa7f7994d7a49b4cf8a9e46aaf9f7c922a.json.gz,True,False,38.42691380000906,,archival environment/concurrency not proven comparable or incomplete execution
d468ffaf44883fb4d88cfa97f841e99771b952f61c71085b3384444807c3aa98,h106,1,results/raw_reference/79e28bd109aa25ab2f2732237faf9d8c0c5e3fda5a0e55a1d20e783a351e67c5.json.gz,True,False,37.09827920002863,,archival environment/concurrency not proven comparable or incomplete execution
54c4d7874454d8d84904152e70242b323cfc8ee84e19812e2280caa7881e925c,h106,-2,results/raw_reference/79ca493f65627e6a81ffd3460a1ead2707a7e6607520a49d4a9544f9b001152a.json.gz,True,False,39.340565699967556,,archival environment/concurrency not proven comparable or incomplete execution
0af487e63441a93fc8cbfa7f210f6cd155ddf1d5e83893442cf06bca79cf1978,h106,2,results/raw_reference/5f969cb64fa6cbc2841d3cc856835f103d27059bd3de028b9a56122cdd647b89.json.gz,True,False,36.984633399988525,,archival environment/concurrency not proven comparable or incomplete execution
17a5ca50cc34272e81bae7c23ebce99430d37abe201a77e029c227e33cea3ebc,h106,0,results/raw_reference/33f7b00c0694939af57670a8fd88026af27839ef15d1438e848d322f32f9ee3e.json.gz,True,False,37.91723920003278,,archival environment/concurrency not proven comparable or incomplete execution
c92f8ab6a8b1e560355a4a283feab40800de67290a3e5b5d31e4be17066ce734,h106,-1,results/raw_reference/7d709aa4f7184a3c7c7df19d8099265d37b5740917374ceb1ae90c66a73e2499.json.gz,True,False,38.06724069995107,,archival environment/concurrency not proven comparable or incomplete execution
54c3ce177ccadd1875e8f3ac44a96606f8914543948f68aa528c782cc9fbec6d,h106,1,results/raw_reference/20d0cbe775346cb16d7e2d4aab943065e579e25e4fe015408242d6b322d07cef.json.gz,True,False,37.05567289999453,,archival environment/concurrency not proven comparable or incomplete execution
01bacb99a4cbcae0c1f47dc7dfe784c64f6664747a02b40aad3d38d4eb1ccd11,h106,-2,results/raw_reference/1e36a74f01fac96e23de47dba8c438e974a0b016690b795bd39ebaa7aabc1bb1.json.gz,True,False,39.032513200014364,,archival environment/concurrency not proven comparable or incomplete execution
bc1db1e3b25c15c8561f37bf88c568d50374ec3254a192058663fcd02a34c332,h106,2,results/raw_reference/da9de837c1c6ff49feba4a1ce7bfb462b3705bdff7fa708b536f48a7585731bd.json.gz,True,False,35.90020089998143,,archival environment/concurrency not proven comparable or incomplete execution
4b8dd967dfd71e453974287c7285994536d8ee0b10ce4fcb5f006a3dfc3ad684,h106,0,results/raw_reference/ff80366b37eb82779be839cf372763c3ef5a898ae243488342a0362723375c5a.json.gz,True,False,37.879803000018,,archival environment/concurrency not proven comparable or incomplete execution
ea004d991a27f540b437e34ccd88577dc2a59b12a155884f120b5f67e551be04,h106,-1,results/raw_reference/49d0b5dedcdea724638ac549932febcb33dde7894b34ae94c89db83de570a777.json.gz,True,False,38.48074650001945,,archival environment/concurrency not proven comparable or incomplete execution
0f592eb550703d0c91edcd1b001ec9fe2eb9367aa49b5eb762af7ec01e03e8e1,h106,1,results/raw_reference/7c0de8b0721036773ad3f41b9249940b3b291ca46382605511dc6e415817810e.json.gz,True,False,37.02878889994463,,archival environment/concurrency not proven comparable or incomplete execution
d0e38d676dc8c0801e477776b45620ca456761441a63d4aaed2a2429ea9e407b,h106,-2,results/raw_reference/0bf1e3c047e45d67058be87ad5b954112133685546e71f04b01bb44bcbcd2279.json.gz,True,False,38.79416190000484,,archival environment/concurrency not proven comparable or incomplete execution
fa09d8a0cdc88b36a7762409d083935364d00ceafb7054ba8c2ba8140a6d3c84,h106,2,results/raw_reference/f57a04b2d30ddf9fc0e46e98ac0fd52c0714146f47231532be9a004427dd375e.json.gz,True,False,36.23373360000551,,archival environment/concurrency not proven comparable or incomplete execution
0346b589afa2848589741abf632c3efec4163583a940bd5e2b6188f59c943497,h106,0,results/raw_reference/ea6a0a36aa0397204663dbd12b86db2e8b0cd7e53ba918c535ae4a411376c6c5.json.gz,True,False,37.02124490001006,,archival environment/concurrency not proven comparable or incomplete execution
493d70a027742fa176c94685b288637acab731fa663e99ec6c2ff8f830bd3d88,h106,-1,results/raw_reference/62a5bf680f21532b048a78115ed857c99a0d97e1efd410099be6d29c29912ee1.json.gz,True,False,38.33055059995968,,archival environment/concurrency not proven comparable or incomplete execution
9e5c961d7ffe9c64ef0efe356305cebaf0fe0c6698e5278bc6b1f373a5a85a4e,h106,1,results/raw_reference/fbd4c4dd4c76f1d4c23c6b25f6e0c3da3b468976d8e8977badf3b69c70daf7bb.json.gz,True,False,35.960916200012434,,archival environment/concurrency not proven comparable or incomplete execution
64843c00182e9240defa0b05de16dad5b93e45144b006cab5af478869ba849be,h106,-2,results/raw_reference/a1653f728cba37532cefb02de6f6e831ccdb5eb09dd9bc9524b8534f50642a47.json.gz,True,False,38.6446323999553,,archival environment/concurrency not proven comparable or incomplete execution
a942e081002f480fbd13e29067fb7f8c6469644766c06ecfb03a822067dd30d4,h106,2,results/raw_reference/476faa2137036000cc5ddd00ef8ae4e46a83013bb7120c15284f6747a57d4eac.json.gz,True,False,35.59874370001489,,archival environment/concurrency not proven comparable or incomplete execution
c614f04c0626e09d49a99d853a26fcd2e6985fa58c7934bdbf16f6e467d5a614,h106,0,results/raw_reference/aad2c404c0a983595f62acc9c39a27ea94d48354a66651028decb20d619d06d8.json.gz,True,False,37.13917209999636,,archival environment/concurrency not proven comparable or incomplete execution
b4fdb3820fb8802355c3148457dc44ec9e841dbc6d592e0ef4ebbea2edc50f52,h106,-1,results/raw_reference/6fe780c1274d039c0d6d0625b80ddf4b00bcb2035521cc370139f3b0cf2cc97c.json.gz,True,False,37.84343569999328,,archival environment/concurrency not proven comparable or incomplete execution
0dff5a15d1f854879f0b2048534482d39d381d0a95d283aef9553395065a26e5,h106,1,results/raw_reference/398577e83f3287dd43dc613579ec2dba00c4ed0fb7a0c548c8c463e9adb08bdb.json.gz,True,False,36.14915630000178,,archival environment/concurrency not proven comparable or incomplete execution
13a77ca7c822b0055790dd002d450250e0069da706dcf7a121ac0095d671d1b9,h106,-2,results/raw_reference/b6959f22987010d0a3066ec609b4097d2e034ff9a6a86b7d9efcbedf7b08bdbf.json.gz,True,False,38.572582499997225,,archival environment/concurrency not proven comparable or incomplete execution
c7030157f24e245a2788b7100a97ea7238649e54993b4abf94aad3bd0dc34127,h106,2,results/raw_reference/80bea8e5c2b0957a83be7b009e7f50c0139fbb0273dfe312afc6f3c488bfdb97.json.gz,True,False,35.464482700044755,,archival environment/concurrency not proven comparable or incomplete execution
197d3e7221bc95fdb70fe32a6951aaa67c85f0ac396ce30b0d35ab89c9de341a,h106,0,results/raw_reference/570943f6f11c8c9ccb39cc9e38851ea00e1891d410e9175749a684ce9bb34896.json.gz,True,False,176.3517334580538,,archival environment/concurrency not proven comparable or incomplete execution
941b0c37df6fddfc073484ad22c440bab286cd8c791e048457a205a8ba1c7fd0,h106,-1,results/raw_reference/e650e3b7e19a484d3419ce7a4dec615023f556682efb1783ddabe50ecc69267b.json.gz,True,False,157.9086722920183,,archival environment/concurrency not proven comparable or incomplete execution
d18223687f397dad8c991b76dbd43daca39758ac46c9852bf6aab89834c77ae0,h106,1,results/raw_reference/471b3f807a743a70a908198d0c61e88b1b928ce8f5a83bba23611f649f01da5a.json.gz,True,False,134.08071387500968,,archival environment/concurrency not proven comparable or incomplete execution
0843f9a4a1dde879a0563c92d3158e9d7312313b98d58615b21b974881cc65b8,h106,-2,results/raw_reference/e26db282e6d55da1373c8c5590ec962973114251ba34d90fcdaf6b1e23dcf9e1.json.gz,True,False,188.30425250000553,,archival environment/concurrency not proven comparable or incomplete execution
844cfc73ae72e4b32d4a0cb4e8b0e56af091283f170f32491e81898488e9e61d,h106,2,results/raw_reference/e64f2250609801057665762d42fe4cbfce17e3256da6f230c7d33dc5627573c5.json.gz,True,False,131.23741024994524,,archival environment/concurrency not proven comparable or incomplete execution
b01ac2ba971ceb9cffba9298ce3f07a28da217b76a5e1f5e59f1784887840a4a,h106,0,results/raw_reference/2a265829cb5e02aa6f9065a7ca5b5222e467d3b0e3f6e8e635498c7091248c6e.json.gz,True,False,33.69098999997368,,archival environment/concurrency not proven comparable or incomplete execution
b071646c266d6743510513dcbe70d7da84951eb675d966f51a8b94afa8923af4,h106,-1,results/raw_reference/1e0dc66099b08f9c212e42f57020a9bffd844b5a02ff57fcc2379e72dba05ed1.json.gz,True,False,34.3991176999989,,archival environment/concurrency not proven comparable or incomplete execution
df8e45b0484e908b2b490f3c3b5cc11eabd23b21e975a971bbec2fb7e47dd17a,h106,1,results/raw_reference/c9eb035397f1fd5063b9bdab5a70306f0e69fd742e3aa245d9074bd6fb6aecfe.json.gz,True,False,33.661192500032485,,archival environment/concurrency not proven comparable or incomplete execution
645832ac8f3db2e33f06ef4b46a745850633dde130093619a122908eb6d5d529,h106,-2,results/raw_reference/48e9d726cfce9424b56276f2b231e1db56520c834f4f2038127f4b8d8b38f15f.json.gz,True,False,36.390329999965616,,archival environment/concurrency not proven comparable or incomplete execution
bc4e5063ff8287f6be69911de1e3b09d5809a251a66f2a3c0f5aaf5271c87c47,h106,2,results/raw_reference/c8c0c8d2ae4f78e38d4d86c6265dabf93668160806dd30eb3d58829e772d4a91.json.gz,True,False,31.3576303999871,,archival environment/concurrency not proven comparable or incomplete execution
091085e5cb03e95e280b83e69ef428708171fefc1c4cb04e4353ee5779810d8e,h106,0,results/raw_reference/fe40c4a81b47d4b2e8992ce2ac8a60efa7044063ecac7fc80b56c55fc6450c83.json.gz,True,False,32.42167720000725,,archival environment/concurrency not proven comparable or incomplete execution
b600a02cde6e93a1fa205f958fdb465a6cec8d096887a2e9bbd887d70a465adf,h106,-1,results/raw_reference/f30f06caa5939893b42c8edd4e3d28fb2115bbcda52664bd0e7d67591551b887.json.gz,True,False,33.85898429999361,,archival environment/concurrency not proven comparable or incomplete execution
89fe9cfadfeb5a47f328fd4ce11dac5c855bf7172ceb7d9de5698003d8e5b810,h106,1,results/raw_reference/f8cc92fea82441dd1c1ea1c3f27e38fd54d6261322dcef0033e6c058792f5450.json.gz,True,False,31.71703650004929,,archival environment/concurrency not proven comparable or incomplete execution
d9d66dd25c2aaea94e3f91289526f6b6efb961ffb77867e2426b9963d2b64724,h106,-2,results/raw_reference/bf2bc5421c262d2de7e517e4f567d02e3c92544d2c34a9700d5d80394f6cef61.json.gz,True,False,34.977024999971036,,archival environment/concurrency not proven comparable or incomplete execution
22c8eb1a67aee039238845d22a63594921b5fe86c0662ec10c1c9079f5d9d1a5,h106,2,results/raw_reference/2357a01430f6b25ab5028ba978a05238a4f24f24d6c0a4ea924e6b6aa8787a0c.json.gz,True,False,30.57430590002332,,archival environment/concurrency not proven comparable or incomplete execution
21c434e663aa422e0f76e3d70f967ff886da078b0236d3459adbda9a587ce8fc,h106,0,results/raw_reference/17d384f92ca472961374568546263460ccbcdfcdc6d4b1308f17277465fcbf2f.json.gz,True,False,31.41530660004355,,archival environment/concurrency not proven comparable or incomplete execution
9854259a703e5b343ad6b1ddfd227efe2e6c6af392bcbfd95f1047c6095ba23d,h106,-1,results/raw_reference/9b6e916c3e63f74d63f3bae6a862754f6340c2af6eb9d3492df3ac1c3186a939.json.gz,True,False,33.232371099991724,,archival environment/concurrency not proven comparable or incomplete execution
ddf16cd9f5b35b5e2cbc8e70811fc968c78271e86098ce74e2e24e2d3634e140,h106,1,results/raw_reference/fcb7fef599eb1e34bfa74786b02e561b33083310064650a84836b49627d486eb.json.gz,True,False,30.45174250000855,,archival environment/concurrency not proven comparable or incomplete execution
1af760873716a412465ecf7bbe2640bf4d1c6e67c926d911b1073e9e7334ee25,h106,-2,results/raw_reference/1f4d84b5864cacf2baff6b9de53635b165dc9898b44257183daabc8b8643186e.json.gz,True,False,35.02623780001886,,archival environment/concurrency not proven comparable or incomplete execution
9add734acc5ba25214110eb86e82194d7c56ec0dc692da38bfcc1c8ced5cfc7d,h106,2,results/raw_reference/0a7c3366b4d3de845eabf316ea2a2d3faddc32d9bd05e82b3da67a6655601b84.json.gz,True,False,29.704743499984033,,archival environment/concurrency not proven comparable or incomplete execution
37231fcba72877611891245be4b4070df3be0e5b9d4e311e72bea3d7d0e29ea1,h106,0,results/raw_reference/fadf53ecc6d360a427cbc029eba9bcaea8812b643d4330bc8018768650e7ee4c.json.gz,True,False,31.43282950000139,,archival environment/concurrency not proven comparable or incomplete execution
3a414873f5b93ff814a2307f95bc43154530a2f11e93a108acb76bc5e47ef984,h106,-1,results/raw_reference/7dcdcd845fc0059f96d1eafe1b52d7ce369aeb3ff90a464780e247db401348bc.json.gz,True,False,31.995166399981827,,archival environment/concurrency not proven comparable or incomplete execution
a9c257e469e2b6408dcb9233d2734e3d44eadef8742c89e7b02432f38cc3cfbb,h106,1,results/raw_reference/e8fa1a865e0e82df8936e107725bf5f2088ada590a7becfe912b77026be9a029.json.gz,True,False,30.05591330002062,,archival environment/concurrency not proven comparable or incomplete execution
5a60b0aac9915e06e91f9c8b7b0e2a2cde440c5d6a64739b7df67ad3c2d1b1e9,h106,-2,results/raw_reference/a7641483f06b02a05caed3abf785184f0e88fc586e943bc9246e1ebf59caaa11.json.gz,True,False,35.22037579998141,,archival environment/concurrency not proven comparable or incomplete execution
5ce9300684184e195b001ceb1bcd5737a3280150a2c83c58d1db12b1376bfb39,h106,2,results/raw_reference/5b07dde61b8f91e5ea422a4e9d64e87049b038e22bbb397e2fdaf3f91c2b34b3.json.gz,True,False,29.210337100026663,,archival environment/concurrency not proven comparable or incomplete execution
a33f443decf662067cbe81786a1625eee71fe0a3043af0907489b15d48ab328f,h106,0,results/raw_reference/a33349cac163747428ebaa64fcfb4652287cd5c35972c36e5cf2ae6feb4a7fc7.json.gz,True,False,30.212391500012018,,archival environment/concurrency not proven comparable or incomplete execution
1b135fa99109a20f022e89d154e9982e8a93c10c56bf806cf7673245d17013b5,h106,-1,results/raw_reference/de2cedcaa852a0336b3e31019716441331cdf71b281c194cb2fbe91f3b19b36b.json.gz,True,False,30.93273290002253,,archival environment/concurrency not proven comparable or incomplete execution
713b26e59e9246214dc926b5a6bec32368e113c6e45e420ed05aff93ba083b31,h106,1,results/raw_reference/a5db0aa37fd9a4de6a25d7a11ba9c63e54fbae0263d512a824ec47290bc6dc1d.json.gz,True,False,29.532499799970537,,archival environment/concurrency not proven comparable or incomplete execution
26876da463393eb62c6e76bc568ba1340f522b86f438596cafd0a75bca737713,h106,-2,results/raw_reference/da7a005e2bfbda3f1c76d60ac18ee67c27736cf9235f3fd2945370e7f5c9af7f.json.gz,True,False,35.91701819997979,,archival environment/concurrency not proven comparable or incomplete execution
1c9c1b99c8b1013fefa84c79f2fb4ff9d0e69d16e787e20c2a478e45ed5c4870,h106,2,results/raw_reference/d454da37d5e992c9d97979dd4b23953103184c2834438ad7e9046e331b37f212.json.gz,True,False,29.577359899994917,,archival environment/concurrency not proven comparable or incomplete execution
794b65080f1a6c2d71d57bed02923823d3bf01a8848d69006fe1d436a3f1ff10,h106,0,results/raw_reference/eb637e5af0f13581650b522ce20167d7b140e8538e904a9c66ae284f61f28caf.json.gz,True,False,28.228063100017607,,archival environment/concurrency not proven comparable or incomplete execution
0ee4fde39379d69e60c2681a7984faf6ce9c56f0f5b4929696f7868a9fd15a50,h106,-1,results/raw_reference/2bb36216d4e4d5f5b63976f37bd3c551ddff1893264f73366b5ba7795f797f59.json.gz,True,False,28.351971499971114,,archival environment/concurrency not proven comparable or incomplete execution
043952f2f84b36f0d48146a7cf118c6dd12ef2fad821794671d67ad165cfe7fa,h106,1,results/raw_reference/2920cfdca1929828763ee380a6727ef6d3c0c7bb82fff09055576965c2f589e7.json.gz,True,False,27.813684199994896,,archival environment/concurrency not proven comparable or incomplete execution
34ebc5a03a1e3451a6c992a7c388053b703281fdfe20f8f7203a93aa87f6fffc,h106,-2,results/raw_reference/940771d8038337afd9af9e1cd883f4c4892ad1d6cd78dad769375e69153a3f74.json.gz,True,False,28.832443799998146,,archival environment/concurrency not proven comparable or incomplete execution
cd4ea8caf1efd94afc55511be46e949d3a113ccfec8d3061d08bfb2ad5c3a19c,h106,2,results/raw_reference/3b56717590e31bda16cd52bfdbcb15c269daf9e8c44437faa67baecf9b5368f3.json.gz,True,False,27.18856959999539,,archival environment/concurrency not proven comparable or incomplete execution
cd4417786573950526c5e40b6cb14164aa0b39adb1f7a96fef8999b0d72ac5b8,h106,0,results/raw_reference/4d4e416b09f5e7fd1413572c9939aad7af9bb85765b6bf76e8775b4e95ce67fb.json.gz,True,False,92.64874516695272,,archival environment/concurrency not proven comparable or incomplete execution
1bdb2bdd235fdb6c06b6af32f53ac99ea6d61b6541a8a71df49da28f8971b290,h106,-1,results/raw_reference/70270e24cdea727db8b2d69192c12834d7b0282ffe0b3d2021a8f24c247ac427.json.gz,True,False,101.62849733303301,,archival environment/concurrency not proven comparable or incomplete execution
3059b6720e135efdf8e163d96b8e606e9380d46c9b60d741fca4b445dcb894f7,h106,1,results/raw_reference/098749f2f8d46e7ae5152c97faa05e2a0fb18bd85aadf8295b25ad4315bc17ac.json.gz,True,False,84.58890041697305,,archival environment/concurrency not proven comparable or incomplete execution
8f414df8b12b443f062e558329ad7b7338c39d6f2af9dc2fc16d13ae22b07620,h106,-2,results/raw_reference/37754f6241b77f18149c57b8a1742429283364b936913c3ada5767c2216d4750.json.gz,True,False,109.39942849997897,,archival environment/concurrency not proven comparable or incomplete execution
a190267212a0421c65207fbb9075f8f3d7fc9761587d59f32b0b453016763b95,h106,2,results/raw_reference/dc761f8440d2bc1684078d95d5eb8bdc3c108215bea75960efe3be49eb809199.json.gz,True,False,101.05317737499718,,archival environment/concurrency not proven comparable or incomplete execution
9a5aa2dfcdf60a4ab4602441ad66e27dd1b2e7434788ff237a047003401deb9f,h106,0,results/raw_reference/2fe627e4138db18062edf35088c72617351136ebe1c0725ea3bb5b9d1c8fcb3c.json.gz,True,False,22.909359399985988,,archival environment/concurrency not proven comparable or incomplete execution
2c7006ed78d94da5e4b4acfe98a21b4a42567b5df271093bd98d0533a95ca2e8,h106,-1,results/raw_reference/33f0065815d67765666b35535a4800b352c89a2d92ae1c3f30e2592a19851a15.json.gz,True,False,23.123999000003096,,archival environment/concurrency not proven comparable or incomplete execution
493f3f54db7537cf3daf5db4d1598b82e9179a98ce574a3e563ee3030137cba5,h106,1,results/raw_reference/42b527147c161c0415e1e41c0ecdfb51541196d81cb21d780ddbf65403b55c40.json.gz,True,False,23.10373749997234,,archival environment/concurrency not proven comparable or incomplete execution
067a23ea61dfa188770f504b1a75875fad6d884a32843944040b4ccb3fc47cf2,h106,-2,results/raw_reference/a9d404729b34570d5eec85f86c5911dd6d1b4cb39beec00244b83736738cad9c.json.gz,True,False,23.550191199989058,,archival environment/concurrency not proven comparable or incomplete execution
4c3691094f95ed6ecc8c9fe9b8f07651dcd8b7a2266bb7bf0a4d1fe300a00204,h106,2,results/raw_reference/c85e02993c794669fb92fb780e994bfbb62e4646c3d277ae9c9e6c4cf8204c91.json.gz,True,False,22.502808100020047,,archival environment/concurrency not proven comparable or incomplete execution
21168e671e7c9ace2d338d967a6de8c2c9a53a10e6a6620e6205e37ca7d143dd,h106,0,results/raw_reference/ff204e57ef0a49f640352ce23ddc67aa03d1d23f4bb3dbe3cf7999842bdad0e6.json.gz,True,False,22.998993299959693,,archival environment/concurrency not proven comparable or incomplete execution
023167b54df717200b3754bccb3341c69fe4fd6b1203e336cd1275c24cf34b94,h106,-1,results/raw_reference/3764eff9807f45b89abd381f23da56621d4ffda268f687c69211c0443d603844.json.gz,True,False,24.550196899974253,,archival environment/concurrency not proven comparable or incomplete execution
0a12b3cc75a4a531bb006d6d022df13722a06de6641c748cf387a4a4cb83043e,h106,1,results/raw_reference/f816392d24c6918190d97281972d8c74041fd55df93d0629e07b7192240b8eac.json.gz,True,False,23.837118999974336,,archival environment/concurrency not proven comparable or incomplete execution
b09ba1a4c1cca9ad42c61417e86bb909cd6369cf2e82a0c2d2944e40af58daff,h106,-2,results/raw_reference/0987500a1fe00d40146777097f8d38c70a6c7a05c27073ea75d162779723b484.json.gz,True,False,23.968135999981314,,archival environment/concurrency not proven comparable or incomplete execution
c2d665caa25fe94d790a0bf12e351c3794f6a7b72f332b8e281e8ab429f1bf75,h106,2,results/raw_reference/bf42302ce69daf91d130cb6548da9f4eaa93bca2e9e3d483b4bd4b1517a17525.json.gz,True,False,22.710921699996106,,archival environment/concurrency not proven comparable or incomplete execution
4a02c5c972225207191fec78a0d4eb6bb45d3da00a1d2b72bbe2af456abce749,h106,0,results/raw_reference/fd2a9f35c36db4af69a8a08587ff8f0a5c3d9c1e50c3949fdf180ae094b0f4f0.json.gz,True,False,22.708785800030455,,archival environment/concurrency not proven comparable or incomplete execution
35fb9395778189ecf6ed4fdd2da53d0a7f78786f1fc9b53a813cd8f253bd0b2a,h106,-1,results/raw_reference/2bf88ff21fb7e25338b5f3195c1b33006001e235820e876c0e4a70fffecf34a4.json.gz,True,False,23.03708139999071,,archival environment/concurrency not proven comparable or incomplete execution
e0c8b3790fd4060a069c78e3193d21865902c7b39696c7f742a1ff005c1e40a2,h106,1,results/raw_reference/456494900bee69be3f0046025fe654c32437891007ccb21ec01f4791c24cc450.json.gz,True,False,22.993943899986334,,archival environment/concurrency not proven comparable or incomplete execution
acba17f621cc67b6eab187e02222c61e6dcb635a5a1ca76ca9ab6bd576f1fdb1,h106,-2,results/raw_reference/4902a9454344a719bf962c4999c58420820c1a2c0299269c724be292804259e8.json.gz,True,False,23.71373429999221,,archival environment/concurrency not proven comparable or incomplete execution
1f30ef5db501e06330a2fc258ce898062aacae00f10da9331d06007b6aa6bb52,h106,2,results/raw_reference/13b22340fba7d0b6f5c15485f6b1bebbd4853a77fa29490c062a6a4bbf8d1e31.json.gz,True,False,22.946018500020728,,archival environment/concurrency not proven comparable or incomplete execution
6dbc05626630fff6d67bad22861fef5b4bbbf7dd057e110ce808ec757467ff04,h106,0,results/raw_reference/ce0939c7c8a4ee82f59fa8fd7884564bd91a3c2d5222ad0c8f82bc4f4f56b274.json.gz,True,False,23.606939899967983,,archival environment/concurrency not proven comparable or incomplete execution
b15443de681285743d37731736e95043a356a01d56770f0266aef8278e8af20c,h106,-1,results/raw_reference/0ccf5574eda78293f723fbbbd0d5fdcc464e0d552285893376c548ad4f078d9a.json.gz,True,False,23.839475099986885,,archival environment/concurrency not proven comparable or incomplete execution
8dfb12e6145ab36c1f696826dd3dac0242aac43f7e8169c28727bfd27c2ad705,h106,1,results/raw_reference/c01a22e7cff72f9891d75bb6f6ea792fe23177c7ead9769e2e065070d47654eb.json.gz,True,False,23.4061032999889,,archival environment/concurrency not proven comparable or incomplete execution
ea5cd471d3c0277ff5077eb18903adf874c4bdff3d81c006b0e9274ce9bcca6a,h106,-2,results/raw_reference/c52d0a3f59ff253e5c8db58fa7f7996a8e0c63802b9dfb73cd0744e5bda3c102.json.gz,True,False,23.35061060002772,,archival environment/concurrency not proven comparable or incomplete execution
639594b98e215f9b4c967cb484df1a72380c4a6f0df76c55e9798e09aad917a1,h106,2,results/raw_reference/2a44daea59823c53823e10a5978652d95e8aefde7978439a409d238723c0c093.json.gz,True,False,23.761614600021858,,archival environment/concurrency not proven comparable or incomplete execution
44288915333fd9fd8c4fdce03a993fe99dde9a19386432bb4cebba93c4729c85,h106,0,results/raw_reference/6c2e7c5580489840e47b8b6652bc20cb3a96b034d4ba84abea2ac1c5d8d6a093.json.gz,True,False,22.111708100012038,,archival environment/concurrency not proven comparable or incomplete execution
2047cf204e75733123b8854f254111d82da9388affc09b72611aac3aa0ec1c79,h106,-1,results/raw_reference/28347b6399487409175de34c4c32c0b104fdd9b81ff58c867281a505ff7d60be.json.gz,True,False,23.065959199971985,,archival environment/concurrency not proven comparable or incomplete execution
12bdf70ad0dc5f3e483ea363bd70d30f215cc693ec587f8a38f9492793909163,h106,1,results/raw_reference/b482be8c0452133ecb394cb7416ed9437169579b0628cc61e26f85ae932f7e63.json.gz,True,False,22.730398099985905,,archival environment/concurrency not proven comparable or incomplete execution
8f6c112df61627247a2cf6ad89a069fc08c3896ed75ddd6ceb811f551a64fce9,h106,-2,results/raw_reference/a048e4b40cd6632d34d91827fb55dd028a0ca3c32d87ee5f1da26cff8c90fd32.json.gz,True,False,22.989762800047174,,archival environment/concurrency not proven comparable or incomplete execution
61b1f2c417636c90a66fd13a1a88433aca84ee53612c51cf7bd5753e419de817,h106,2,results/raw_reference/c703de33273105b052cd41e79b4618a26a2a1d30090e0c5745f3bf15c8a9cff8.json.gz,True,False,22.561942100001033,,archival environment/concurrency not proven comparable or incomplete execution
750b200ae89c578c5eab89a8d531da0e7fef24ef4521151b8b799e3c4cf898d5,h106,0,results/raw_reference/98f2f493e66a7459b1831e9013432a83fe0b5be844199373f5f625fe7834be42.json.gz,True,False,24.566283399995882,,archival environment/concurrency not proven comparable or incomplete execution
105697943458479a93c855db1a2ccef517588c9e029371d1d42fac5be9e331cb,h106,-1,results/raw_reference/3e417134c2604472b29374d8d8ce421893125a9c6f1db98272c186974825f8e0.json.gz,True,False,24.968013800040353,,archival environment/concurrency not proven comparable or incomplete execution
6514906f93dd2efbd65bda21becb00dcfe2472ae41285d4f5b0d34b491fe6f33,h106,1,results/raw_reference/53d24c4a36b28964f2e636da8d1d170fe2bb49c35fbffcce57a785b5c4862b05.json.gz,True,False,23.82273949997034,,archival environment/concurrency not proven comparable or incomplete execution
1bcdc2982a6afc036c87a5aa2babbc36ace6637b4c00e6c384093a464f55ec21,h106,-2,results/raw_reference/16498a566842a9a63fa380f92f5882696265029c0912fc517752b6a80049228b.json.gz,True,False,24.01892100000987,,archival environment/concurrency not proven comparable or incomplete execution
f19a3bdf71309eb61ed18e0fc30677dbc44874b44aeb6811340876aeab6e3b7d,h106,2,results/raw_reference/e74f37e2963306d2b48a42409446219fe27285357a6220bc35bd98fbfade5d32.json.gz,True,False,23.41120490001049,,archival environment/concurrency not proven comparable or incomplete execution
ed2e6c07e2a6772b04a8a7e5c21242396a8d85be7c1b6fa5134252996736a43e,h106,0,results/sla_sensitivity/reference/e5d273f305d0dcd28611ce23e0853c37ec771fc64b151b7aa523ebec0cb9c3d7.json.gz,True,False,35.03201990004163,,archival environment/concurrency not proven comparable or incomplete execution
d9161945efc3f5762e5b1bb238bcfa9e5df6a81834990594ca21e47b4f82da2d,h106,-1,results/sla_sensitivity/reference/300f7c393c674a25b7b93e92b9808519d66a81016d1d8c69ee49fac69d50ae61.json.gz,True,False,36.259457600011956,,archival environment/concurrency not proven comparable or incomplete execution
a2658c2e8bd193b88ac43a1d4fbc1317441bbc8d9c274ca3ff48257fd8819874,h106,1,results/sla_sensitivity/reference/49c6029f3b97e6d1a24f09aa05f5c9375aef8181b70047d671b2f4454d6e33c4.json.gz,True,False,37.28314050001791,,archival environment/concurrency not proven comparable or incomplete execution
cf5d1010978c16fbd3916671adcbe0a9bd81b2727ff109d4a3e84477eb0aeeee,h106,-2,results/sla_sensitivity/reference/a802cb49935f911e087c9b2708ed86ce8574567c9984e9e3abaf7458ae8df09d.json.gz,True,False,37.23154260002775,,archival environment/concurrency not proven comparable or incomplete execution
3e4079dbb63ab5a43180475fcc6d777b548b5965fce17e43ab5523ff46b08a5f,h106,2,results/sla_sensitivity/reference/e53ac3665a06f1a6c9dc5089126362ea8084fdbe9945cb5436113e1cb86c3874.json.gz,True,False,35.91428259998793,,archival environment/concurrency not proven comparable or incomplete execution
11dd07f952480e6b8670c05645381bf473621ef6f2229002b806cc8fb03bb5e9,h106,0,results/sla_sensitivity/reference/ce0ac3587dd28237761a6857f3a3d2ea4efec38e397ff056c7b2d52411567962.json.gz,True,False,24.81261339999037,,archival environment/concurrency not proven comparable or incomplete execution
e764aaddfbe5350e5c719efdda8c8a933d6c45a9986856ab1534e4fbf47ea382,h106,-1,results/sla_sensitivity/reference/b2e555ed2e3d0154187595b7c6d223f1f38605ac65450b4d2b011fa4197ed438.json.gz,True,False,24.47311229998013,,archival environment/concurrency not proven comparable or incomplete execution
392378ea962b0acee4457ea2b1b5e8537e639ff240a1d63622d49432396ea708,h106,1,results/sla_sensitivity/reference/05349ab55c6fa76e22bdcaee004307495b64cbe8d87188309a5d97e00485aab0.json.gz,True,False,24.338499500008766,,archival environment/concurrency not proven comparable or incomplete execution
5c2c660dd0169ad038fee6779c4e60b9591c2883f49269d3c14660d0ced88c93,h106,-2,results/sla_sensitivity/reference/5e597725f2c3fcf905ce29fc3932f808bedc3723cfb6c62c182e144b84ed19d5.json.gz,True,False,24.878681100031827,,archival environment/concurrency not proven comparable or incomplete execution
8940d2d7066616aa7c4f9379304f6c884c4c6f9d5da977ee20fe47731f7687f3,h106,2,results/sla_sensitivity/reference/3ff2a44e6ee833b3add41bfe287b1060ca4c2689f4f8dd3a2bc1b00db367b255.json.gz,True,False,24.724780999997165,,archival environment/concurrency not proven comparable or incomplete execution
5677dc1136b6de227222b15066dd6af358c62f150cc2c15252e706d008857a0f,h106,0,results/sla_sensitivity/reference/7a858a4b253855c71eca91270db432bd79a4af5b25bb27bfabbec1c42a981c49.json.gz,True,False,25.343310399970505,,archival environment/concurrency not proven comparable or incomplete execution
334c395608e074a89b9c7a6ee0415225afd2cc3058be70b49d41f2cea4cca0bf,h106,-1,results/sla_sensitivity/reference/fdf4d2a5742cad9f66eba02cca4d3c748f39d6882eb06afa989cf17559493d05.json.gz,True,False,24.01640890003182,,archival environment/concurrency not proven comparable or incomplete execution
c5b7cc22fa288a51464b64ac5c9d6858c4da7440cabe1a0494a7fdd0eee1e0fd,h106,1,results/sla_sensitivity/reference/1e9b7b8ae1322f3a465b48c13d76b725dcd5bef8430ff60cff709d4043aa5ed3.json.gz,True,False,26.13830519997282,,archival environment/concurrency not proven comparable or incomplete execution
821f9b6c1ed157acf15f0f7e50a8f4a0080f799b33d3434054a381a2915a0b35,h106,-2,results/sla_sensitivity/reference/04d362859aa65201f9bb906e6de684bde7df6d3e6c78dc4cab765fa6c485060a.json.gz,True,False,23.987537200038787,,archival environment/concurrency not proven comparable or incomplete execution
c1b279cd76ed4ce40214f2d822f21af6ce17e3db809a3841eab8b4ccc273ed8b,h106,2,results/sla_sensitivity/reference/23cd6c79d6c38bdf3b1736850fb07058e7bc1cc1cfa473ea98cbb68cc585b4ea.json.gz,True,False,24.24439299997175,,archival environment/concurrency not proven comparable or incomplete execution
c21a981d403af924b24cb1d1238da183fa625acb6b25eb2dedf38d77d21599d9,h106,0,results/sla_sensitivity/reference/19b4a3c84fe8365a32316ce110b465ed3b905f2eaf0bb9009524fcc6e41e81e8.json.gz,True,False,24.60296059999382,,archival environment/concurrency not proven comparable or incomplete execution
def3d46554b93bb3b602961431e4dbc8f83328299ce08740ea6dabb54635a2fb,h106,-1,results/sla_sensitivity/reference/5bce6d41271604fe0dc2e639e51be6679b7da2d62ec1db2a4a1d2bfaf7076d52.json.gz,True,False,24.542174000001978,,archival environment/concurrency not proven comparable or incomplete execution
fdb85b3ddb84fa71686d0df44e4d3e759434ca4406eba5948a966e9ddd6a898c,h106,1,results/sla_sensitivity/reference/f6776889eaf3dd6910b6de385435330650d4820dae0175d9c4e790a6292b0cef.json.gz,True,False,24.50504399999045,,archival environment/concurrency not proven comparable or incomplete execution
b06229cf476f42efd90c564152eb84d5c59411a74e20cdeb15d7e635a773dd17,h106,-2,results/sla_sensitivity/reference/be4b216904cad153c5437c89c48e99b1fb53bdd039df713a76ea3aa13fd2a83c.json.gz,True,False,24.427902100025676,,archival environment/concurrency not proven comparable or incomplete execution
c403090686c4060eddcf111581ca20650e8f5f62064564254f15177a4b878af1,h106,2,results/sla_sensitivity/reference/2452546f71750b3dda6c46259b0302a97878af38bfc0747cdd98d71a15337e10.json.gz,True,False,24.680817699991167,,archival environment/concurrency not proven comparable or incomplete execution
690916238e5bb1e7546893fa0b340bec693d9b366d76f3c2a1b5626f3b6e45a6,h106,0,results/sla_sensitivity/reference/b06b75275bf11a07fc44f3c3dce8d78c56db72bd15de445a64a8d7dd54fe9cbf.json.gz,True,False,24.80391169997165,,archival environment/concurrency not proven comparable or incomplete execution
8daaa155b4dd2431f32d6a4be43f5f7e8b4417049034cae76bb78163ba650c94,h106,-1,results/sla_sensitivity/reference/9eb768a60469166b46531c44e2e5ff0eb8f86872627c0724258829c5fda50bb8.json.gz,True,False,26.166935899993405,,archival environment/concurrency not proven comparable or incomplete execution
6533e5223e321cc356883a06d155de50280d6d91db7e1f76d0c3f2ab16df5b1f,h106,1,results/sla_sensitivity/reference/2f341f72b77100775e9632868c83a59778739ca34afd98186b47ca2f5dd7eef9.json.gz,True,False,25.14608890004456,,archival environment/concurrency not proven comparable or incomplete execution
29fa90f666d6919f417a6b5c4df46ddebe2032e82863742ea391fec6546c6754,h106,-2,results/sla_sensitivity/reference/da259c1a200a55044e2396b592093b165356e20597c5530a7875050a41f22357.json.gz,True,False,31.690742500009947,,archival environment/concurrency not proven comparable or incomplete execution
bd7c11303af5bf9f22ae9c65d2a86a82fa812ddb8375969af5ce8610bb8de306,h106,2,results/sla_sensitivity/reference/5117af8fceedc24afcac8105010188917d0abd37bf712f38307cc423982a794a.json.gz,True,False,25.039407400006894,,archival environment/concurrency not proven comparable or incomplete execution
82f6d9cd9f5142220029d0d88cb875a7aba75ac036e6a8e0693ac77a21e43e6e,h106,0,results/sla_sensitivity/reference/9400449d21f607c364a57491f5312f36a4d1ee82928756494cf10ec601864be1.json.gz,True,False,24.359063799958676,,archival environment/concurrency not proven comparable or incomplete execution
05efb96371eab035d72b0e6ffb584aa01b658069c85b80f9676528367a7f09c8,h106,-1,results/sla_sensitivity/reference/61c9b1d56b65d834f1779ab3a2438c1e765c4e5ea698689fcceb2bf7ad858d69.json.gz,True,False,24.950139299966395,,archival environment/concurrency not proven comparable or incomplete execution
ba6dc8810e670f7ad7be41412d597955bfe6badd660a4c6eea7be4c134a16363,h106,1,results/sla_sensitivity/reference/65ca6c88e8693242145ff2350a3249146ff6ee5687facfb9be3eb982fe506d03.json.gz,True,False,24.9171503999969,,archival environment/concurrency not proven comparable or incomplete execution
bdc86423a48e112603c5d3867c55b23789f31be68ebb4ab49620b76aa6d79ddd,h106,-2,results/sla_sensitivity/reference/7485b378435e56ad2889a6b15905f2f66382cec6f146408538e9d77db6f5d083.json.gz,True,False,24.526320400007535,,archival environment/concurrency not proven comparable or incomplete execution
e7d1a537cacffddf6e52ef067d7f51d0afc084157e7410abb985c38d3946b97e,h106,2,results/sla_sensitivity/reference/e7775964ecb1717cdbd6e9322466d4f308c6ac93a6d65b4b9809811cc4a3b905.json.gz,True,False,24.380481800006237,,archival environment/concurrency not proven comparable or incomplete execution
7a3caeef58acc6320a355adf07ee4009d4ff2289e328f47b96458d4b099676b0,h106,0,results/sla_sensitivity/reference/c3195ef218802bad0a2fb1992e63e25f9bdee2e5665edfd365ea1ffb74d416f7.json.gz,True,False,24.56725009996444,,archival environment/concurrency not proven comparable or incomplete execution
b21495296c068c727fdd53493d34de21ef9571531b8c395f5a523c402181bacb,h106,-1,results/sla_sensitivity/reference/76b7de46d2b9f07848b269129750982ec87c2d400fce83e1fc0b31247a9dbba1.json.gz,True,False,24.887605700001586,,archival environment/concurrency not proven comparable or incomplete execution
561e6ef1835f64e1cddc1173b875a6c941d8eb8c177012317583dc52e8824d11,h106,1,results/sla_sensitivity/reference/3a9cbcb9c44a34263710c3d2637704295b4f3b8aa5538079e5c1614bbf2bd11b.json.gz,True,False,25.538162800017744,,archival environment/concurrency not proven comparable or incomplete execution
57d9e811907d0e446cc90c9ebe7ada6b1ed71f66cd26bd7d391c9c88c08b11b7,h106,-2,results/sla_sensitivity/reference/dcd4b9d36d229691cd26b537d2a84f7fe817551115ab46e7612e44c88c4ef880.json.gz,True,False,24.934188799990807,,archival environment/concurrency not proven comparable or incomplete execution
7828a7580e8760c033b80662f1ae53e018f4b946c42765dd9c464d9f30d10882,h106,2,results/sla_sensitivity/reference/c155916b0137ddfcbc7b6d9ef1c905c684889a48a0ffab5f390ee174dd49b36e.json.gz,True,False,24.467763699998613,,archival environment/concurrency not proven comparable or incomplete execution
aae0cc12a005709b8325fcfc3ab711d4614c7aaafa8928e30581db46913e4f8e,h106,0,results/sla_sensitivity/reference/719c4cdf0f930dfc5694aeccf4ebfdc0207ce5f5bcc59601b6b64c8fb80e35a6.json.gz,True,False,24.16019669995876,,archival environment/concurrency not proven comparable or incomplete execution
e79c524988d9fab17c5510882cc58b6b6ea1c059dc05de63fcc0775a7b931d0a,h106,-1,results/sla_sensitivity/reference/f3b05edb8a971ba238ddfe55ee328ad975aeea5b00809197bccc7dcdff38ab1e.json.gz,True,False,24.808239299978595,,archival environment/concurrency not proven comparable or incomplete execution
f54d9b21acbab886a81c505810bf3571a723f42503ee1c61b5bc7e85ddb861aa,h106,1,results/sla_sensitivity/reference/92272ca6a1b37b3294b8de0a4fb1c3e75c7cca28c479b0f44a24726dcaad0ccb.json.gz,True,False,23.907120699994266,,archival environment/concurrency not proven comparable or incomplete execution
557c3ce97c01c2ec795b693aa646f753a703265ad8f4221d2262c3a238449229,h106,-2,results/sla_sensitivity/reference/15d63a77027e2b57bfe56c51a0642c2fcc924dcb3f06c5c11b233b971bd9b2d9.json.gz,True,False,24.97274200001266,,archival environment/concurrency not proven comparable or incomplete execution
6bf578facabddcad9bb327adfb7189a00700811cb7ddba45b84c5eb7896517c0,h106,2,results/sla_sensitivity/reference/b3e694f1d830be231f7a35cc5cb10c5c69d972f17673277d9f9481fc7b0bb1c7.json.gz,True,False,25.17907880002167,,archival environment/concurrency not proven comparable or incomplete execution
33d8d88fec2fb5bfb35c4bac1cfcd89b7ad9ab7abcb1225239c3ed1fa4b05867,h106,0,results/raw_reference/0065298dc71fb8ff10c375b61d107ce379aa243c0a5ea970846e9d39e6b44245.json.gz,True,False,21.75367110001389,,archival environment/concurrency not proven comparable or incomplete execution
5a233fa87f8a00dd1ff77835ccde37ca4630a7721242b2c37fe9b84d9f898c90,h106,-1,results/raw_reference/63e7e9480b6a99909bf9e3792a592a74b343b54b5fd9bdd270465464605f91aa.json.gz,True,False,22.23257890000241,,archival environment/concurrency not proven comparable or incomplete execution
153f04e72f000040479c8c796e3bdc7c1a115fa06e01432353f6b45d71b7b3da,h106,1,results/raw_reference/1ae164623df8af9fead0c0e368f433fdcea3e8ffc922fdc098c449480a7452b1.json.gz,True,False,22.46385719999671,,archival environment/concurrency not proven comparable or incomplete execution
ddb5e2323447d2a5d2e06771e0947d01b6a3dc9219897eb2312ece920450c8b7,h106,-2,results/raw_reference/aec5e4670dae23a7a66af09b146eaebd7495e8f9ddd786a2a36716dbb3f4c5cb.json.gz,True,False,66.4811824579956,,archival environment/concurrency not proven comparable or incomplete execution
e7706b3b1a8932b57daa46fbdfab254d57d2a9ac056623e527d4515005b543b2,h106,2,results/raw_reference/bc0e5c291213d5ff40c496cf48fd6ce3ca20e230f186046c77d855932de2d85c.json.gz,True,False,22.100185000046622,,archival environment/concurrency not proven comparable or incomplete execution
6d44fc48a016b64af84a7aa94ae94771ae0fe3012495849f7e774e4827aa3aa8,h106,0,results/raw_reference/4e2b16cb96f30f459bc81a1dcbdc89db89230d6f3462da1761341d76d5bd738c.json.gz,True,False,22.12891910003964,,archival environment/concurrency not proven comparable or incomplete execution
4c83d04f0ca2e2916e61f3aec46c4dc83ead8e4f936960ed4c923ce602f51f10,h106,-1,results/raw_reference/92a6cf951fbb42207f73c615c5b5338d492cf20e7b2a0df8f7f6ae766191af73.json.gz,True,False,23.510373199998867,,archival environment/concurrency not proven comparable or incomplete execution
8f76c31bee3e46fcc1de91fb151de0aa361e95bc4dd75e3eaf6ee2c4f6333860,h106,1,results/raw_reference/584b85923476900334a649b6065c7f870394aaa6b2b15ca312e3afb320b9a73e.json.gz,True,False,23.03964759997325,,archival environment/concurrency not proven comparable or incomplete execution
d398fc8453de5915a2f261ef5dd5c139f43d5451a07331b328465589e3e1665d,h106,-2,results/raw_reference/519608496d18d97960d767316dbbcc3e8a9e3ad080ed07ac862d757005175e72.json.gz,True,False,23.419432800030336,,archival environment/concurrency not proven comparable or incomplete execution
9652e557bdcf60f9431fd3c48fc285e5538deda5770a8cf683801c03afe7130b,h106,2,results/raw_reference/4f0b971e74107260e4e396852df0309639ec6dbbbca0ae38134f23dd4ca1850c.json.gz,True,False,23.730217100004666,,archival environment/concurrency not proven comparable or incomplete execution
eb421df61fa6949e2f0bb2adfbfeb6e8e5b6dc278d49e6d1aac71a9d88a26455,h106,0,results/raw_reference/26da23459455c6805b734e9bfaf6619fa2778aca98ed83c02aeb746c390092cc.json.gz,True,False,23.029796399991028,,archival environment/concurrency not proven comparable or incomplete execution
a7b59171b7dd3f3b8ee243c4f01ec91aa289ab372d20294c4ef00a88a31ba97a,h106,-1,results/raw_reference/14e89f5525c911df87db6de30d5aa1b14a581ac70ff55f5ef5809d9ed3766116.json.gz,True,False,23.416884000005666,,archival environment/concurrency not proven comparable or incomplete execution
8e7803b950beb2e3cb2c60139a09bd025f56453e232d9a5401adada19fb94296,h106,1,results/raw_reference/a30d28b6697dff0a6645ccfa146374dce3b63efd498497ffda1334035b3446d2.json.gz,True,False,23.66392680001445,,archival environment/concurrency not proven comparable or incomplete execution
183a2472a88b2d210e4a9687dbc73d66ce4be44821f714a7001ceabdfc5a8664,h106,-2,results/raw_reference/f74e0c76ee9db2fe7112f2e1eb8b8cd79dc6b4d3d226fbe779b819cf9f2d2092.json.gz,True,False,23.61842750001233,,archival environment/concurrency not proven comparable or incomplete execution
fe7192f9b04df043772469af826db32bfa04cef03408da3f8ba143e194cc398a,h106,2,results/raw_reference/d854897fc68d235d72a810394e2545d72de65da69ab52731eb1ff32898eaf775.json.gz,True,False,22.89138180000009,,archival environment/concurrency not proven comparable or incomplete execution
e664cc3b49fbdf4c6701c9fa5b8dd9e5095e4979bffab773aea2592d5e91e989,h106,0,results/raw_reference/d86d90a7e21166ab5ef21bf57f1b717e35e1debb78f6239a8802f38e6ff84c7b.json.gz,True,False,22.29672980000032,,archival environment/concurrency not proven comparable or incomplete execution
0563fb5fd10aa45ca3093dbf2c205e69e849f6599b4114df0df1542ce5becc13,h106,-1,results/raw_reference/ae41e4b870eeddb71eec1eeb5b0238c1379db37f5459f4c35ba6212708514e67.json.gz,True,False,23.31216840003617,,archival environment/concurrency not proven comparable or incomplete execution
781f81cc27057578f40c473cc36ee25884a18548369efe0eff97aec33335ee62,h106,1,results/raw_reference/f4a0dc3232d6998c6ddff8421819ef5cad285715eb94ce5c980411ade520f1ad.json.gz,True,False,23.616550700040534,,archival environment/concurrency not proven comparable or incomplete execution
8bcad450ed611d3bc755a6e2ae3c5445b70095cc877e35ef88d5a990ca58ad4c,h106,-2,results/raw_reference/195f84b453eb9f0ec5256072c9d3f7d982483343773f7ff9451fbc91bf1a94e7.json.gz,True,False,23.350001799990423,,archival environment/concurrency not proven comparable or incomplete execution
80c8545d8450c8f747e6f7b41be7dbf42ec309f3f820d6b80a8638e7f98d30bf,h106,2,results/raw_reference/e94102f407cbb4c41bdde111d50071c4702e9732dead30f054357f357e7b7841.json.gz,True,False,23.76232490001712,,archival environment/concurrency not proven comparable or incomplete execution
0c7c71ad05b72cc219c8bd8b9ee6b7a2a1a80633519a793f974b5151b2bffcc6,h106,0,results/raw_reference/9a6c08707a674f9c7f199deda33bbbeb848cb8be92c04e7eeffa48484e6637c6.json.gz,True,False,23.137098299979698,,archival environment/concurrency not proven comparable or incomplete execution
86086ca4adc5a05d73fff4c616ded844f7f947152a23a5e495bf7d112d7abce9,h106,-1,results/raw_reference/12aad8208512e4169f59890102abf3622c2b06835bf4727f9db1bcbf21935240.json.gz,True,False,23.669416300021112,,archival environment/concurrency not proven comparable or incomplete execution
20dfdd875856fee47cb708e1aa08f6a3501a8ed498a4e4c813259e1759de5996,h106,1,results/raw_reference/f2d473c3540da2791b79ffc3e6ed0d3a13f54707b5b562301c18e4baf4f1660b.json.gz,True,False,24.630813999974634,,archival environment/concurrency not proven comparable or incomplete execution
b49f40d43af06f71e8959ad3ebd6b306419cff89cded31956894c25330e1bfc0,h106,-2,results/raw_reference/cf2e0e2010271230d8b7d4f2dd43b23cc667c827fb4cc335ffde5c4db9333aa5.json.gz,True,False,24.738942299969494,,archival environment/concurrency not proven comparable or incomplete execution
179745c4f3133397c4014f7a8ca3dd520300292a350744576a710f02da54d0c9,h106,2,results/raw_reference/b8614dd468bb912b536a3ba0d69fda415d00d95a5a3e8fd6a24cffea37c1f7be.json.gz,True,False,23.43682980001904,,archival environment/concurrency not proven comparable or incomplete execution
7b319f046217f14618d5f9c37a742f29332960e6fee61c9099e809ad50adcd02,h106,0,results/raw_reference/e676f80d534a3778843e5b783989923182ab04006063d08ab10d5fb85371e578.json.gz,True,False,23.16915869998047,,archival environment/concurrency not proven comparable or incomplete execution
3576d7f078b1d6c9a2bed7e3bbfde5500601f8bfaaeb67d469c4334b489199ed,h106,-1,results/raw_reference/2c5af06c748a6785a0167d8547ac5f8ddba940a659ac0cfd9d9733b61a1b4a24.json.gz,True,False,24.44393060001312,,archival environment/concurrency not proven comparable or incomplete execution
246d2463f13250e3acaebfedfa3bb8bd87dabdb3bf45acc2f93b98662999a151,h106,1,results/raw_reference/a1b82a8a87eeada5a925fbd266946f02a691672e7e7be07e17db5e95c5eceaf7.json.gz,True,False,22.732240799989086,,archival environment/concurrency not proven comparable or incomplete execution
22f91db5e4dc1f61037e4c267f2841bf637e31441daea58e421a7628c61ee530,h106,-2,results/raw_reference/b5b711a616fca5e1d9e0fc5564e49435bad4da2fcbdd1ea0c71e9b2f2639376c.json.gz,True,False,25.293648999999277,,archival environment/concurrency not proven comparable or incomplete execution
cfedc9ecf05a317a67e0511c62aca648d5bf9db0a9f2abb1d564c4cb92e30af5,h106,2,results/raw_reference/6216c3791167ee2c2b32a1a779d03188b993a578972b5387aae9b26531201825.json.gz,True,False,23.323097600019537,,archival environment/concurrency not proven comparable or incomplete execution
97c803f7bfe0caf7d3f00a03d91d7c80534b154609c8cebc51d7dff8bcde84bf,h106,0,results/raw_reference/1a6b7f9afb184deb43b087a9e41501a6f3017a9cc6ba377ac091680ed479abc8.json.gz,True,False,22.87470200000098,,archival environment/concurrency not proven comparable or incomplete execution
d3d3965929199e56f23405e1534bf5f4b48ce6da7d935b3cfdbcaf1c6f83ca8b,h106,-1,results/raw_reference/2579398d87f556de7ea03cd4ca7407fb4994f3c29c12acb1bacb70862e8cbc0d.json.gz,True,False,23.68353700003354,,archival environment/concurrency not proven comparable or incomplete execution
c19146ddaa6e47c57f7646e9a3ee567e2b030fd7965e6f578d44d48ecfe53b01,h106,1,results/raw_reference/8b9c61e6325a459216965563e5cd0d1183661a86a57a68ea65789469fd23a7cb.json.gz,True,False,23.8568162000156,,archival environment/concurrency not proven comparable or incomplete execution
36cc93ea55337f59ed873ec118ae7982992d8c6efd0d01fac28d58ec783210b5,h106,-2,results/raw_reference/fb88b1b4e4bccfde325e9e7b0321d7f7c54440e46e70c1626787df52dcfab2d5.json.gz,True,False,23.307591099990532,,archival environment/concurrency not proven comparable or incomplete execution
1659fbdb0908299f7181a383bc9a590b5873bf775e4c4d683770fa474eef0226,h106,2,results/raw_reference/f305c3613789a961e6ea0d468307916d96672b09ed4cd8d6be01f456dab1de25.json.gz,True,False,23.141430200019386,,archival environment/concurrency not proven comparable or incomplete execution
40920f98cd68e4aeacf546d5a704e81a7b69933b8493850e783b7873fdb65ac2,h106,0,results/raw_reference/52d26eaf92b12075b09bccd52eeb4cf0f9212d55057bb63fc2951404ade10d2a.json.gz,True,False,22.153682000003755,,archival environment/concurrency not proven comparable or incomplete execution
a4b1b80fccb6738598ca2340aa4bf49eacb9bbb9f9355b3da2cf9279caf9a70d,h106,-1,results/raw_reference/c4d2797b34f9f8182e812cebf473d4b37635228f32a5128979730136e2633dab.json.gz,True,False,23.290503400028683,,archival environment/concurrency not proven comparable or incomplete execution
a650112993e6c0b23b03adf5f63280d83b82c82647d56c4794938ba0ed4da377,h106,1,results/raw_reference/d095e4aefb2fbfcf9664bae2fd336a4f6019999d3f0856995151d0a3880f4c8b.json.gz,True,False,23.305369999958202,,archival environment/concurrency not proven comparable or incomplete execution
a9d75d26c07872bcbf18bc8b211750079acc7dc5d0cc8686e721aeab628019c2,h106,-2,results/raw_reference/01f7cce4542cafae25473dd919497f7b50c9bc994111f432c7e15a626c4e7239.json.gz,True,False,23.872944100003224,,archival environment/concurrency not proven comparable or incomplete execution
68ea7d265626987b30b26692ed9e893ca856b8b615d34ae6af39fe3fd6a3cfec,h106,2,results/raw_reference/0ebdffa33d8c25f0deacf6a5fa398f8d8bd888f2e0023e6eda6f255f6164aa1f.json.gz,True,False,22.922632800007705,,archival environment/concurrency not proven comparable or incomplete execution
e708050a31bd3035a7862d456c23e5a33997e87b5fa6931c44dfccb5800810bb,h106,0,results/raw_reference/23bac07b02cc695e78b7f8d02033f71bd41a63c4cc3b6093d280b5d599a5ae88.json.gz,True,False,23.392535499995574,,archival environment/concurrency not proven comparable or incomplete execution
07fe358640d58805aed73ef31d96b5bda05d2b3935be011c90ca5e9fa36f4e5b,h106,-1,results/raw_reference/fbbb863b7e35487e92bfc474b64cd4f98b062aca783ced24a62ab58660d29088.json.gz,True,False,23.836412100004964,,archival environment/concurrency not proven comparable or incomplete execution
e255e08d4a9589a7d4322530959496955be92e01b6b00c25f7fb08cf99772f8c,h106,1,results/raw_reference/694f8d975b2184485aeadba2b0ff41156744010ad1c2d15803b8b5bfda9b5e03.json.gz,True,False,22.91506589995697,,archival environment/concurrency not proven comparable or incomplete execution
6e22cba1d1d3af269a3d5d675e4f8b7e73fc678ee5753f0a9efccd107c71e366,h106,-2,results/raw_reference/83c049248fe69e2bebcd2f62a4cb3623a2b01f44699dc94681398af7c9a4f328.json.gz,True,False,23.039737200015225,,archival environment/concurrency not proven comparable or incomplete execution
b853bb0bd8eaf804b6c1a7fe33ea471edbb820b42ffddd14667744dbc0b0405f,h106,2,results/raw_reference/6fb77a1cc6a257353b03d2774217d66fa7820c15000c71230700cd09ab065da9.json.gz,True,False,21.394326000008732,,archival environment/concurrency not proven comparable or incomplete execution
b06a425ffe53f76ad8c034fa38175c0e15e9aea4f176a5ce16614a1a1a6379f9,h106,0,results/raw_reference/0ec6c576931bfe2eac620887855c925ff407f2010a0a73ce66d840c1f1239366.json.gz,True,False,22.65050379995955,,archival environment/concurrency not proven comparable or incomplete execution
d16b6d0488e86d9cd5d311780e0d729b9cbb2dcf1e2fbaf9ee1ae3db207267b1,h106,-1,results/raw_reference/6b35d2bd71f2f629555d13a40468d08bc98d71f9f4928e38dfc6d6fb3e27da07.json.gz,True,False,23.373525899951346,,archival environment/concurrency not proven comparable or incomplete execution
ddcb4cc177deb55cbc2d311fa59d7b1db3ac38a798ab90d544362ca0da4f2d95,h106,1,results/raw_reference/769f491acfb2493726aa9edbbcbb5085edb0d429d37753cf1592cf3359ac7693.json.gz,True,False,23.688168500026222,,archival environment/concurrency not proven comparable or incomplete execution
6a6ce725c28bd6737ab49bcf43d55eb167f9fcca5ee581518bbede3066118e26,h106,-2,results/raw_reference/1e1087904b220cabe93f3933f78b4c7517b486a16c4bb3412e10b7c3268dcf3b.json.gz,True,False,24.173675199970603,,archival environment/concurrency not proven comparable or incomplete execution
63e0cafc7d690200d4cb7eae2aff02bb55a2218000b20276aabbbf03ffbdc506,h106,2,results/raw_reference/1a9224f2f31f2d8436ca195b288cfbecc3b5d3c02123cc64d3444ff8e08a707b.json.gz,True,False,22.410303799959365,,archival environment/concurrency not proven comparable or incomplete execution
520440cd95dd0abec1c37182151de968973a2ba86cdf084cbd57c158930db320,h106,0,results/raw_reference/25f2db698ac5d2320ea0ceb5ea9fc770044d4fb9f46ba93f1bca5b9ec0bb87e8.json.gz,True,False,21.480197199969552,,archival environment/concurrency not proven comparable or incomplete execution
0cb35d29c64c4b2a59ab80662bdeee39ee7d99263f10bc7707e3eeecc37a6fe2,h106,-1,results/raw_reference/06b866034d65d38684a456ec70131498efcec3f44fcaed33470270a0bcd35fe1.json.gz,True,False,22.436013899976388,,archival environment/concurrency not proven comparable or incomplete execution
a0ce7144b0023e5aad4535903c9b9c998f9b4358bdc611199490f86e680e3644,h106,1,results/raw_reference/2f5232a9b3d376b31b02d5d6a540e65d661dfeabc6ef6a9af11630960623dccc.json.gz,True,False,22.226204100006726,,archival environment/concurrency not proven comparable or incomplete execution
ca452235e2a4df069d6ec31f3e14b98a148b715a50e13a5f869535fc1ea15c30,h106,-2,results/raw_reference/aeee3aeb04fc5071ec9e6938f224c7dcca302abc9ba1c8af40ecb56c1de60337.json.gz,True,False,22.95859140000539,,archival environment/concurrency not proven comparable or incomplete execution
0d50c2a9323115a2035ad0a773c28d6dbece87215fec221e5c884e264ef033c3,h106,2,results/raw_reference/f239b18b5091c6e8d32f44e7260bb1531978770eb36b5ea797d32077918de26e.json.gz,True,False,22.10212679998949,,archival environment/concurrency not proven comparable or incomplete execution
dff4b4dfc6ce3906839de59ae8b94d2714224a81bc465be33338210f0c897298,h106,0,results/raw_reference/2ad072863d5c9c901c290ae8e74b8c5a8c2d7f05522430bcebb1f346a8d63e24.json.gz,True,False,22.930518900044262,,archival environment/concurrency not proven comparable or incomplete execution
ded99dbd0576ec5475586940e1ccda2c3699907b6254ed7ee26d01397d0e8c78,h106,-1,results/raw_reference/c28811ae7498e13296f2cae2eaac8bc21803095b74d635bc5cc7a5c3f435031f.json.gz,True,False,22.300401599961333,,archival environment/concurrency not proven comparable or incomplete execution
e117fe2b1846e0f1e32d73feee8514fd72068b33d335764a34323848963cc596,h106,1,results/raw_reference/b2f3a4758a6d9e35a059fe5d3023a439f86e6d918c69b2657f34c6b81ba078a6.json.gz,True,False,23.90268290002132,,archival environment/concurrency not proven comparable or incomplete execution
d0ead9dfbff0538c26d21b4f77a0e3bf3f48d668c99600ee7aba7ac798d8653d,h106,-2,results/raw_reference/dd83705ac1b3fe62d883551e0835c2e45d2b0f8f8cd865c6fbb75bf40e54a1ba.json.gz,True,False,22.979579400038347,,archival environment/concurrency not proven comparable or incomplete execution
ef6b4b51fa042532e342af0bcd032aa6e9431c95e7e4133722c336c8c3ffb7b0,h106,2,results/raw_reference/7a543a26c1914132fba5c8f29398b1cf021c1e1c2fadd3297aaae05b53334202.json.gz,True,False,22.66058399999747,,archival environment/concurrency not proven comparable or incomplete execution
df8d8fa01680454b94358613bba09ef314e4b2e70170bf410a52d757c2b3db2d,w201,0,results/jb1_plus/reference/81f47b984de50819d67068ea9a64a874cf0c599c81853b0c4d6aa943dfd5390b.json.gz,True,False,13.511626299994532,,archival environment/concurrency not proven comparable or incomplete execution
03be57e05bb09414652a808b9f95a6254ee26381cee0e86f6cb053050b52c12a,w201,-1,results/jb1_plus/reference/8122014d71ca500b78470452575ed24caf00d5c3976c85695552cadc9c153a77.json.gz,True,False,13.374990699987393,,archival environment/concurrency not proven comparable or incomplete execution
3c04980f7a77b1a18eb05ea3df4aaca9a555dc3614e6c237c5bd3c65c7f13cbc,w201,1,results/jb1_plus/reference/ccff9c22213e44b8e289c7415b51bfbfd7d30e51d70a5f9258dd3c33e6f39fa1.json.gz,True,False,13.292936900048517,,archival environment/concurrency not proven comparable or incomplete execution
9c77b376572058bd2bcdc2b21f2ba99d91e033b6068b27513d38589ca91d3ae1,w201,-2,results/jb1_plus/reference/79c609a2d1961581889a478dc7d739afb670e8b3fefcbf52075aaa088d64239d.json.gz,True,False,13.74212480004644,,archival environment/concurrency not proven comparable or incomplete execution
4d6adbc650c645f741263526668b524a42e02b87f020ef8d0e93b557ead84363,w201,2,results/jb1_plus/reference/e4190d0137d54d5949ccecace81722446dcbde55df78e50b58139a8f0979db64.json.gz,True,False,13.19624640000984,,archival environment/concurrency not proven comparable or incomplete execution
0157cc712305c1cc93e2015ac352f24946b3c79d65730622572d1c23c0e937ec,w201,0,results/jb1_plus/reference/8edbcd7c79c133066b902bbb5741fa650ef9858f2ae345d5012562a369592719.json.gz,True,False,13.54414320003707,,archival environment/concurrency not proven comparable or incomplete execution
e3cfeb60f8e5f56e101b61c16240fec455d9b1c83712091f42bc69e13286df51,w201,-1,results/jb1_plus/reference/3362654bf86c6918e852fd184bf75ea3cc2218ad89716d9acbd950e4e5d35cb6.json.gz,True,False,13.460489800025243,,archival environment/concurrency not proven comparable or incomplete execution
c4442a3769038181a7f698d9353d8418b1cf71fadc81cbea9e42238e026102d2,w201,1,results/jb1_plus/reference/32f8492dbce70dd0d3e0429f29f71c3ad580ef81900c2e715b06efe13a6ba5aa.json.gz,True,False,13.86433929996565,,archival environment/concurrency not proven comparable or incomplete execution
b8ab97893f675430230320a25e6482f14f82c951e240acbb12e32dcf670d3d31,w201,-2,results/jb1_plus/reference/dcecbbc7cce998fa8de23600e399b2e16f3e1aac380e035c0aa4b628a8a98f3b.json.gz,True,False,13.054286999977194,,archival environment/concurrency not proven comparable or incomplete execution
a1c18e2232414f49ac35f4a5b053dac54f421bd120c327a5f52494396b554c15,w201,2,results/jb1_plus/reference/7d494de4fb0993ea5d6d7f9c7ff0bd6587ab167e450b1d017fd22a7889f82506.json.gz,True,False,14.121429399994668,,archival environment/concurrency not proven comparable or incomplete execution
2a805a28b7e198b2b1fea70f597488629ac39c017f132273a454845b20d3f30c,w201,0,results/jb1_plus/reference/0ba173abf71ac9f63b6902f436a58081295ee91e68ce2ca6c577bff31ff022a5.json.gz,True,False,15.752529500052333,,archival environment/concurrency not proven comparable or incomplete execution
7a9a960d98541486b5ee21240dc9390c762ab557c2f4621e245697469fa88745,w201,-1,results/jb1_plus/reference/355e7ec49d2ec9ba02e5474a7347fcea91688f8b3a6c7a9696fde2050f73a94d.json.gz,True,False,16.102324299979955,,archival environment/concurrency not proven comparable or incomplete execution
272160d40db20739171e345c9ef959b2d3e0f41f0ce9f6e10680d12b3743a25b,w201,1,results/jb1_plus/reference/8d4301e6acf5fa17216c0673d4d86cf75be40f764569d4d6212b6408c832385d.json.gz,True,False,15.452136499981862,,archival environment/concurrency not proven comparable or incomplete execution
60df7ef072680d091ebd6ec65a5cb73a9be3ae78d18a091cd3dbd130e6b091fb,w201,-2,results/jb1_plus/reference/a6f07abd1b76adcf167717fbab128e7c8a051ba0de7a9462aae3822b4cbc3a9f.json.gz,True,False,16.230404100031592,,archival environment/concurrency not proven comparable or incomplete execution
ca04d3fbfc677c55bc7ec668da75f15cce2c8ce592ce2d64c2fa86b17f44d7a7,w201,2,results/jb1_plus/reference/d3762c8f6d8d5d502f566fa6e18bcf5d6fac69ad43b5e689f20e2948f97a62c1.json.gz,True,False,16.112624000001233,,archival environment/concurrency not proven comparable or incomplete execution
947ee379bc92ce20f5fe570728a9577d2675bd82a54264afc3359d8617e7dc5b,w201,0,results/jb1_plus/reference/eb072e89c57c3245f2b41f0f5f5bef4a4c8923a73d76417e8dfb7d040f336566.json.gz,True,False,13.068204400013201,,archival environment/concurrency not proven comparable or incomplete execution
9774aab8e2028cf23cc905716746c904e0e40777ea5304e672b6fe5d4dfbfd55,w201,-1,results/jb1_plus/reference/c434ddf910ea160230c8bd88441e10e73e7d52f51a139cae6ae4c510be8b8914.json.gz,True,False,10.864712499955203,,archival environment/concurrency not proven comparable or incomplete execution
5bd9061a66f3ed5ed9e0d18a172fd4e40b8d8c720b2fb3b990f632add9ee32b9,w201,1,results/jb1_plus/reference/59470fd2dedf6691bb087cb78cdf45c6ef90e5f9b2a39172cbadd328db634a1c.json.gz,True,False,13.044841299997643,,archival environment/concurrency not proven comparable or incomplete execution
6cfb89c8d36cf6d8c20f68328ce5e0e16bce29b99084ab6bf077b200b35fa048,w201,-2,results/jb1_plus/reference/9ee2842776bc06d998ffedf3b789bc5dfe0fb548044275cd330fee2c5055ca22.json.gz,True,False,10.996093299996573,,archival environment/concurrency not proven comparable or incomplete execution
cc4225976d9ced733f3b94e4a519fab55e310f7a11aadd3a2c6d76a453566270,w201,2,results/jb1_plus/reference/4dcef5cb3d2d20b1205b8256fc7a58612fe9b3ca279edd8a204b3274a49cd632.json.gz,True,False,12.960335100011434,,archival environment/concurrency not proven comparable or incomplete execution
62e0e6c581f174560498c3f7a7df697208db66e6b6578926177a7cd1698a3560,w201,0,results/jb1_plus/reference/cd64551109cf6bc049ee2e14891fb5d3db797cf108252a7fccc3893ee9feecba.json.gz,True,False,12.699888799979817,,archival environment/concurrency not proven comparable or incomplete execution
e0270d996c5882917b28fff1441e0ed5ec50a0f35ee30f16c94808371fc82436,w201,-1,results/jb1_plus/reference/db108a36ce3d0fae4d70fd39ad38d40bc54d126713dc8204b32a7f4b22cf64c5.json.gz,True,False,12.991495800029952,,archival environment/concurrency not proven comparable or incomplete execution
2fca517a3fe7c702fc717309c34db59274e1c1a1576e8db4dc249ff2bea79237,w201,1,results/jb1_plus/reference/cd54b9ab9ae7d243515dcb1ca9d1741526287fb31225f0cb457782cffe5b231e.json.gz,True,False,12.690034799976274,,archival environment/concurrency not proven comparable or incomplete execution
c98f059d659d211d878255dc4cc101192a836188fe6da914f2cfb8821cef6cf1,w201,-2,results/jb1_plus/reference/ab585e133bc910309159e0d7c9bd0b5c927714be7db0662d99f83201934387fd.json.gz,True,False,13.591213500010781,,archival environment/concurrency not proven comparable or incomplete execution
13cd1c23298d705f0c890148101d1c756bfbf6521e2ec9fefb43748668348ad6,w201,2,results/jb1_plus/reference/0b093befa8b4509c46192a6b0a91305b9e92500e5694f640abe772ab31289655.json.gz,True,False,12.783757800003514,,archival environment/concurrency not proven comparable or incomplete execution
78464bcb26a84026d62bf9890dbe7314ad97dc67a50a26ebaf72c80e9caa34ba,w201,0,results/jb1_plus/reference/c123ca2f1591b05f82dcf32cafd6b83f752a4657913d2ec695e06181a16fb4c5.json.gz,True,False,15.577875500021037,,archival environment/concurrency not proven comparable or incomplete execution
387cd8ce376b9fda3b346844e229c495d088dd256f9599f1924d6ce8507e09bc,w201,-1,results/jb1_plus/reference/85bd8f1167ed6420b740eb41a64bb1ef97cc61c50465205b5d53696627a22a3f.json.gz,True,False,15.24918919999618,,archival environment/concurrency not proven comparable or incomplete execution
2f274a13ce4d10ac5486749ccd02a6cdf0de63fd0fad7fa4b01e3e6b276454c5,w201,1,results/jb1_plus/reference/5a76c82f698540ae13d29f4abdb2eef22ece76e618fe51e100f6ad531273acfa.json.gz,True,False,15.582945599977393,,archival environment/concurrency not proven comparable or incomplete execution
0af49d6579b48ecf10e1e2292643d90f4aa524c9a91e660658f4d7c7c74919e6,w201,-2,results/jb1_plus/reference/c91ae5ca8f3be7e2d8d8ed2e14814b08c414fd21b55d42982d09c9ef8adb4fe2.json.gz,True,False,15.248612299968954,,archival environment/concurrency not proven comparable or incomplete execution
cb95bbdbe87367d54a21bc28faf9b3f7d12606858263bed1b928eae06bbe5bf5,w201,2,results/jb1_plus/reference/2eca10d15b7aa7861a1ee0acb3e54adfd138b45aa5441a78bb8e2e3ba10644ee.json.gz,True,False,15.603346800024156,,archival environment/concurrency not proven comparable or incomplete execution
de9ca4f130680eac2d0b07eebf478eabfa52b49f5345874490acb8638b2f0ee6,w201,0,results/jb1_plus/reference/94c551317a80c93868229f6d1ef166b928f8d84e43d278594c42c77e72bc7f24.json.gz,True,False,14.176199399982579,,archival environment/concurrency not proven comparable or incomplete execution
93e10988ff7445b947743db3f316c5b2888c28fba247d995e5d37105dca1a814,w201,-1,results/jb1_plus/reference/aed566d6532a4cd8519d7507fee7394483f7c863581466c1ec691928ba9d1781.json.gz,True,False,14.198289499967359,,archival environment/concurrency not proven comparable or incomplete execution
6d3d326c4a2dcc49eb803065e7427c6f6fec43907c69ca0eed4e338517cad5e8,w201,1,results/jb1_plus/reference/4bcf3f7ea88963ca2f3fc7652e80f46a8c3ce109bb0f82d29946c8ac826afe74.json.gz,True,False,14.250428200000897,,archival environment/concurrency not proven comparable or incomplete execution
b9907042842b14e261fe144db1c570ea278d05b1acc1ae46e995f2e0e2be96e6,w201,-2,results/jb1_plus/reference/657368fb5eea598bc75cdb2c13308e9d98ecb095f3a7f69f614bba431575834a.json.gz,True,False,12.842712299956474,,archival environment/concurrency not proven comparable or incomplete execution
067d28356a8ee0ef3c7e86f0c7bc3e8734989358ae086999c667ddb14cb55fbb,w201,2,results/jb1_plus/reference/1278a759161ee6fa7f5af82724fe00e567882d0080f3508874276aae154e8d62.json.gz,True,False,13.527005999989342,,archival environment/concurrency not proven comparable or incomplete execution
13aaf028ae971ae977c96cacf78b6f2a50929a291bd39fed9797e9912e15b00b,w201,0,results/jb1_plus/reference/67b81a84943d0c20954df674a531a31068bb3f7f4c58be349022f7f35699b925.json.gz,True,False,16.355331099999603,,archival environment/concurrency not proven comparable or incomplete execution
84af7221a1119b38649568f482372a6077f0463f8b4c8410b97b8c3aef3f60d1,w201,-1,results/jb1_plus/reference/53307db72daef8b3888d4c7d17e8fa2a4b081342f937baa295a985b4fa6a4222.json.gz,True,False,15.65401810000185,,archival environment/concurrency not proven comparable or incomplete execution
3c989e4722bf92b5dfcdb43766dcd38277ca702384090dee5c905f0976f5ddcf,w201,1,results/jb1_plus/reference/6f363c6d9349f499617256aa2015eff8d6d0e3c8e4dd690c4dfd394315a71715.json.gz,True,False,15.848363400029484,,archival environment/concurrency not proven comparable or incomplete execution
988af4800ba1ad17e907edf2377c1c66ff1f690af143c0ba04c920bdec7286c8,w201,-2,results/jb1_plus/reference/0db77d8e84b209a2f49ec1580b66fc9cdf87adc1f0627305108721fbe8d18069.json.gz,True,False,15.894590400042944,,archival environment/concurrency not proven comparable or incomplete execution
a1ec6df581a582ff8cf17223d2878c927d09fe4843cb2c0b39c142f2cf377cda,w201,2,results/jb1_plus/reference/45eae856d9d134e21500bf1ce8769c7b1dba9a64fbb9d23608431760fb3fce38.json.gz,True,False,16.407471999991685,,archival environment/concurrency not proven comparable or incomplete execution
b06f54e3ffa7759b7ac3a90c1c3725348f26233a193ae208ced0715d59bc985e,w201,0,results/jb1_plus/reference/7cc162419cc1bda50ed18440eff98748c44acf1a27164a7324da6f0f74e56aef.json.gz,True,False,15.339358300028834,,archival environment/concurrency not proven comparable or incomplete execution
22ba8b82ad8296935cd6b20fcada548e6f4f5b495a929d9755cba162a7a838b2,w201,-1,results/jb1_plus/reference/c15d9490d84a9e2c6c37459d87079edd593f2559e10cf8a24f17a88a9a222724.json.gz,True,False,15.190186400024686,,archival environment/concurrency not proven comparable or incomplete execution
f584d4b43874e4b31e63402f2bb5f6ea1b998cf59778d66d37f966c56b996b16,w201,1,results/jb1_plus/reference/8fcf485800508ff77ef53790f50d42f970a043f0e7a835815d3c38df28ad4958.json.gz,True,False,15.55959520000033,,archival environment/concurrency not proven comparable or incomplete execution
f3179972e79ed83f4c02af104bf04437513e5b96aa12bc2e5212b24973e83d52,w201,-2,results/jb1_plus/reference/071573760cfe4cfd268f42c1a5abd56708465ea1179a24b67dd27315fbbec806.json.gz,True,False,15.781015700020362,,archival environment/concurrency not proven comparable or incomplete execution
785ead8d9ca4769b9c9b68880c8becee13981a710c40d1f3e3d45b8976bed5b1,w201,2,results/jb1_plus/reference/6df3fa7e315b50a7b4f7ceee1fac1d5273561d5e62e4a2e24813df6e8579d8cb.json.gz,True,False,15.40000239998335,,archival environment/concurrency not proven comparable or incomplete execution
0e4df6bd8b1f73d079434fd17b5d971e30a7ef9de523de2c120d03f95b318f1e,w201,0,results/jb1_plus/reference/d5830693933dab18e8daae4fc688081a6c8b73d9f9b6c64761fed078b6b4a95f.json.gz,True,False,15.501257700030692,,archival environment/concurrency not proven comparable or incomplete execution
4f162c2be5336b097f2252841340204562a02e345c46975da4d19fa51485b790,w201,-1,results/jb1_plus/reference/7b02ef9dcfc6485407577cb6a1376e1219130b5ed33f5b64a78adaa9b5a351bb.json.gz,True,False,16.038614100019913,,archival environment/concurrency not proven comparable or incomplete execution
06b729c56b337b0ce9150471ad4e2685ea8763d12c71f99986c09091a3dc4466,w201,1,results/jb1_plus/reference/2193b80bc69e0f6a0baae5c1cefae2ae0d2522470cea686909a2142f88be8f30.json.gz,True,False,15.40341480000643,,archival environment/concurrency not proven comparable or incomplete execution
c1bf119a7de1e912f1544db9558126dbaa88bd17d2d835f0966cb9dd85861ec1,w201,-2,results/jb1_plus/reference/a5c856745a80542bccf8958f48b846b50b355870dab1653359f9027cc81ae2d0.json.gz,True,False,16.13365370000247,,archival environment/concurrency not proven comparable or incomplete execution
229a04e3aab590d30da924ea8ee4d0542f79d14aebd84b9e27474bbbc5a8d37b,w201,2,results/jb1_plus/reference/99bb5cb13f18aa891be53c780d0abc0c28bcd14ea130ba77107894fec5504c66.json.gz,True,False,15.349165600026026,,archival environment/concurrency not proven comparable or incomplete execution
da32300382eb21c5af97990c1260d4d5a8842d20c115b5f7386ce11786df9f31,w201,0,results/jb1_plus/reference/9647b7c61fdb80f6da4c6888a57ae55df403f1ac36c04e147543462d4aff4590.json.gz,True,False,16.346203699999023,,archival environment/concurrency not proven comparable or incomplete execution
2cba5691d931b8c32a13b54e3fabd0d65b4656b9f232f8e980b44240894fbfc0,w201,-1,results/jb1_plus/reference/c3d4e7f9713a6ad5cdfdfa2bcbc93bf6b34c76e2886f030f55a537ed0c150275.json.gz,True,False,16.467544400016777,,archival environment/concurrency not proven comparable or incomplete execution
48969de0c7d924e32d5fd4894b041f09cae641767eb6e7688d45df6319bcf142,w201,1,results/jb1_plus/reference/fca8bc859c0743b9653e0d98510f5d614fea1e004a9569e661f72091857410b0.json.gz,True,False,16.13773780001793,,archival environment/concurrency not proven comparable or incomplete execution
faf91beeb3b06cff7e9a6ae519e6d5296860003e4a61da4bda50e86e545b77ab,w201,-2,results/jb1_plus/reference/b67c5c7ac242ff2858be3dd8cd329f9e744b0b6637dc4d3cc0c68e2a282dd9ea.json.gz,True,False,16.570729099970777,,archival environment/concurrency not proven comparable or incomplete execution
e7e4a2b17cfc96036dc4475a41f88cf8d9722f4b956a65fd045dbfb0e273fee2,w201,2,results/jb1_plus/reference/5783e771768c0a0812f8443d9d34ade5e1a7668f8ea0d2b7c28a499326f55d3d.json.gz,True,False,16.17932789999759,,archival environment/concurrency not proven comparable or incomplete execution
6a6fc55059819e81a538939e036f068a322919105e2240278bca27cefc787b15,w201,0,results/jb1_plus/reference/f3bd4ffc30ed73a726a2d14a2874dda2fbb110a890f2ca008aee2c2b09ccca87.json.gz,True,False,15.666875199996866,,archival environment/concurrency not proven comparable or incomplete execution
f2478a396013dc3c3dc3a34976806ad2c47123a6e56bf77fe087cad1b81c9b61,w201,-1,results/jb1_plus/reference/e08a3402830519be418a1312df6d9501d42611385c485e768e224a62b05499a8.json.gz,True,False,15.315690499963239,,archival environment/concurrency not proven comparable or incomplete execution
fa8592c821e9cbdcf316650ad1815fc14df8d51288f71467223a3f349b963a61,w201,1,results/jb1_plus/reference/bab98da3258a3c22e3549af2d6a1efd55fdb643233b97bee89edb06445e7e872.json.gz,True,False,15.486050799954683,,archival environment/concurrency not proven comparable or incomplete execution
6999ca8ad8aff2f3229319536607ce531d5364eb133f4639a211b8c50b601802,w201,-2,results/jb1_plus/reference/6ef70fd611ca777373b137dca3754072e29dd3c81c38bc1a9aa19bd58be8ed12.json.gz,True,False,15.285611199971754,,archival environment/concurrency not proven comparable or incomplete execution
60b06c589a4398fc310a32c329ceb7652837da455662ac56529491638e6fc88a,w201,2,results/jb1_plus/reference/5985721cfd5a1dae4d653d70dc5f6ada1692083dfa21b848f0646598148c6678.json.gz,True,False,15.488053100008983,,archival environment/concurrency not proven comparable or incomplete execution
354f6d8b39971c8883c1e9eb1f503a1dbdfcef486d2f725174d1b81005b56f75,w201,0,results/jb1_plus/reference/f43c29bf1950f250e2e78490e1469961497c206f217779637b32d1591cd02af7.json.gz,True,False,13.685703099996317,,archival environment/concurrency not proven comparable or incomplete execution
4fde0b6bf7b98d1032c6a9da64db6d589a24222eff450baea63cd48b58ffcd44,w201,-1,results/jb1_plus/reference/82c758e996ce1d5bdd1eba9fc7e801d0afd96eed2851213365cc3a5fd3b1d0e6.json.gz,True,False,13.82356940000318,,archival environment/concurrency not proven comparable or incomplete execution
32bd12de4bb31cac9c6a94e251c122483dd417fe8987455e5fb1fa1228fc22fe,w201,1,results/jb1_plus/reference/80d181b2c1d043b3b8e8cef4991aee9c426f2463c1d4993ea7eef8ed3a667c50.json.gz,True,False,14.355148600006942,,archival environment/concurrency not proven comparable or incomplete execution
be00dfbbe2ac02d82ece452d987bd2e5df9ac7268e0223c56c2e2cd7560a1307,w201,-2,results/jb1_plus/reference/56629ce00c2113354c217f8c59d6ec8032117c098ca672ad0ec768276a233011.json.gz,True,False,12.894690199987963,,archival environment/concurrency not proven comparable or incomplete execution
260faeb2d39b10e8a2630eda01722a899a1b3a667245fe85470fe822f6804c2f,w201,2,results/jb1_plus/reference/8be9712f4ed699cd8fb6fae9ba4547e4e4c75eee0651e8824ab0c8e7c86ede25.json.gz,True,False,14.36534220003523,,archival environment/concurrency not proven comparable or incomplete execution
69d5a17c30f61b7eddfa47804435b214ad663cd8df3fe80a6e8d154b9e50ca71,w201,0,results/jb1_plus/reference/85013f7ec8d257e7a0e80f42882d88e2d5b790309a54e80dd55852de17ded276.json.gz,True,False,14.677145799971186,,archival environment/concurrency not proven comparable or incomplete execution
0cad4a444e802f38640d750a73b52a59ef3c6951f06758423a4ffe70eebe6e91,w201,-1,results/jb1_plus/reference/1a01ec47807d312ca7120a51cb5f88d59f25972dfde2c3d81ee7cf8cc5218f99.json.gz,True,False,14.871320399979595,,archival environment/concurrency not proven comparable or incomplete execution
f9c5d2d3c5181d2af4a18d288a530cc0cd69616106a45cce41ded37fadc14f3c,w201,1,results/jb1_plus/reference/9029747c4c04f26dc0cc81782256c36bc4bfe656420de427a7cfa52c2bba1521.json.gz,True,False,14.276722300041001,,archival environment/concurrency not proven comparable or incomplete execution
fb034021d14a3bbff4b56b222d7ead47e96b8641197da10890eaca6d992baf9a,w201,-2,results/jb1_plus/reference/7758ac649df6d1ae51f7273bebcee1760e1b54573ceacaab8c4b7935645be1ef.json.gz,True,False,14.950425799994264,,archival environment/concurrency not proven comparable or incomplete execution
3f9b84a28c259522f3c2898fce65c3cbd6c97f04662de83893b93627721d9769,w201,2,results/jb1_plus/reference/5ec31708dcf3a0cd622518cee59ef8050efec11338e90f7a541576b47114091c.json.gz,True,False,14.160179600003175,,archival environment/concurrency not proven comparable or incomplete execution
e4d8d3cd980a991641f51bfcdd7d381a21fb57a8e876304eb2b952d35dc6f082,w201,0,results/jb1_plus/reference/d919a1f2061f5dbdf40687e4305c3b8170907709fc723023be2c3fe18b13a058.json.gz,True,False,14.492038000025786,,archival environment/concurrency not proven comparable or incomplete execution
87c658fbc5c1bf39ebbe996d517e5ed3c7f63681b9cb8635fbb9de566135af21,w201,-1,results/jb1_plus/reference/fe23b1cca216b29d6c6eaa94695eb97d427866d764e4a681784431d0fba54b86.json.gz,True,False,14.61385560000781,,archival environment/concurrency not proven comparable or incomplete execution
39f26642e86c0a98afe69ab8dc9ce57bf9dd77322d1ef18bddeb5823e9ccf3b3,w201,1,results/jb1_plus/reference/9f5804b34c7cf8acb66abbb265d0a4accd2371dd0963032eebf006bd219e85bd.json.gz,True,False,13.741032999998424,,archival environment/concurrency not proven comparable or incomplete execution
67ab609c4741e058b51672ffde257a32ba9b5fa94563a5d2af36ed41e8ada856,w201,-2,results/jb1_plus/reference/b5f3c99b3c09e2a8872130c41112157590ae482ed70a25e7891c7d67b940b18e.json.gz,True,False,14.855956899991725,,archival environment/concurrency not proven comparable or incomplete execution
4368448e97cea4341711e103845ac18778df67b7566785cf9f44a02033814ef7,w201,2,results/jb1_plus/reference/532d45abe82955c17d7021226b81a1d988335c628c5d5544577350b413a6b5d6.json.gz,True,False,13.824321899970528,,archival environment/concurrency not proven comparable or incomplete execution
08ab721af822364fe6c884b5c6237018d2d8253c13c655172c534742dc8ac58b,w201,0,results/jb1_plus/reference/1072b3af9d2e8ebf700c61561993c0f895c8f81980b567f310288c9cb91894eb.json.gz,True,False,15.826214500004426,,archival environment/concurrency not proven comparable or incomplete execution
5323141e9f8095122acaf53d00854f7457cce025962b47869df8fe76b3ce0508,w201,-1,results/jb1_plus/reference/730bf663aa6ac0022d5814525b5af5ae6144c938c48eb5e8530b910b7ce08e70.json.gz,True,False,15.859342099982314,,archival environment/concurrency not proven comparable or incomplete execution
616b280d9daef397ed1a31ba08b1de4187d9a5ee70ab527e2237f230c8ad1cf0,w201,1,results/jb1_plus/reference/42b3d3bf19914fbc0a6e6e43230c7109096bf6c9853937d55ce1b9127d7c2d0e.json.gz,True,False,15.715887399972416,,archival environment/concurrency not proven comparable or incomplete execution
8c5c50fe8971b6e0bb23d8531308219b79d658d9718fe93b7474bba5d32f0c9d,w201,-2,results/jb1_plus/reference/01b7ef7a338fd43016223d8175bbe981b0589f5d39a615380debfa7fd1057125.json.gz,True,False,15.759406499972101,,archival environment/concurrency not proven comparable or incomplete execution
ebaee7b1e03576c10db1d07256e9422055b9baad042dbccec3bb2b0a56f30205,w201,2,results/jb1_plus/reference/796b184ac43c41a3e52740b055e7a4fb0294f9fe16d2c8b830d7b4b76630495b.json.gz,True,False,15.273755199974403,,archival environment/concurrency not proven comparable or incomplete execution
a44f3ed8dfd7c61815deba8de930ae33260b639a4ff65a707a75d25483ae4bde,w201,0,results/jb1_plus/reference/fad778847908e936c070db531e106c80971f6c87910044f16335ab7c3cdb50dd.json.gz,True,False,16.58874239999568,,archival environment/concurrency not proven comparable or incomplete execution
16130dc8d90c80a2c6092c7aad0411625ee148d2d2e3697c22ec2da956b19abc,w201,-1,results/jb1_plus/reference/2bc4162951322bb6bd964eb4555657574b0c43eee0d6eaed337276e89f6c642a.json.gz,True,False,16.872619300032966,,archival environment/concurrency not proven comparable or incomplete execution
34012709ee6276f787b20b4a0afff1e059cbb11cff776f724784c94a2b32bc70,w201,1,results/jb1_plus/reference/a349ca39dbcfb6ee99a2e88c68845af0a69f62f56da5126d8028e930a8e2d8a9.json.gz,True,False,16.46159980003722,,archival environment/concurrency not proven comparable or incomplete execution
9b6d8bfa79a5df4bd35ac9954c2dd4dcc5983c66fc632de638b2f2dbb60b9172,w201,-2,results/jb1_plus/reference/1f774a026bbe1732122df5e625d0784bf6f24f03418e39aa2320b4ffb9263541.json.gz,True,False,16.97712070000125,,archival environment/concurrency not proven comparable or incomplete execution
5d10ab8279d3f6ca19b39be8953945941ebd4f0b9576695ffe41e7b72c3ac548,w201,2,results/jb1_plus/reference/398bf40534cf1b770588aa22be48d2f58191175e11ab7bdc05d2d71f67014d9d.json.gz,True,False,16.405370800057426,,archival environment/concurrency not proven comparable or incomplete execution
4453b0b89e39efdde2e5e9819ba792ecc9ae2b41b08073c3d281046686e29036,w201,0,results/jb1_plus/reference/49b3051bd0add498c669a8dfe1670ecf2301ca78ec8b5ea91b946a573662ce99.json.gz,True,False,15.614085800014436,,archival environment/concurrency not proven comparable or incomplete execution
fbe22e425fdeff7927118ad406595bf268bf3d90575f7e90ffcbd9544becd002,w201,-1,results/jb1_plus/reference/11b2ec4eb75583450be60827546e6510a378616a1466a431ee0c43d0b0719d94.json.gz,True,False,15.473311399982776,,archival environment/concurrency not proven comparable or incomplete execution
370b061e8f4fbc36e4b751e3d38cceaeade9c5b393baa68858822c5fdc68801a,w201,1,results/jb1_plus/reference/e2674169c9900ac1f4b41bfb6cc80c258b505fbaaae4e1f8159fd489bd748a32.json.gz,True,False,15.53098909999244,,archival environment/concurrency not proven comparable or incomplete execution
c2cd38a3bacd2c4296e08143e4b28315798d6c6c3fade020c07c97912a3595be,w201,-2,results/jb1_plus/reference/849a06974fefa395e73329883b2aaa0a38b1b929c067db0cc7cee17493a84a78.json.gz,True,False,16.02740449999692,,archival environment/concurrency not proven comparable or incomplete execution
5ca02f54535bc2e7e44b1160cae3acddc6cd7698838a21cb337cdc1b6d53de74,w201,2,results/jb1_plus/reference/40f330935e9eec5b1af6cca62e3cd15087b1429e496d89d7ce14c41fec8b7df4.json.gz,True,False,15.258441400015727,,archival environment/concurrency not proven comparable or incomplete execution
ccd4ea6499e0ffe9a43bedaddc2938eb469be6026951762402e3c5de9b63d765,w201,0,results/jb1_plus/reference/993b543626005422c35387b9336af85f04ba3269bcdc7f70f05bedd14bd396b2.json.gz,True,False,15.910580999974627,,archival environment/concurrency not proven comparable or incomplete execution
eed84c54f24c26aa82eceda78d34bfb6ce13ce102e8da3257ce6c4cad0831f1f,w201,-1,results/jb1_plus/reference/f2ec987854f47c3724aec1289d99319448d72f95df25a372fd2fcba68aa5c661.json.gz,True,False,14.751495199976489,,archival environment/concurrency not proven comparable or incomplete execution
db5ab68b1336018988facecf77f1b63ef91ef62505eeefc9c0780bf56cf83bd4,w201,1,results/jb1_plus/reference/99303c0784a82506bd4bfd093a70520dbe7c94152f47ecc8f89ffc99b75e378c.json.gz,True,False,15.361660499998834,,archival environment/concurrency not proven comparable or incomplete execution
1973651214c7c37743d4f106852f97d832f1208f88c21cb5e43c4940667967b2,w201,-2,results/jb1_plus/reference/fd60f2b54577ad7356ceda33d7915dcea873466afdf7f4201b4e8099a2ab7b96.json.gz,True,False,15.167020199995022,,archival environment/concurrency not proven comparable or incomplete execution
6896eb7df5943fa0237d26e4ec97bb7bdc3742de1d9b7e1ccffa1542614ac310,w201,2,results/jb1_plus/reference/aa5764a6d5cd9589d6e4d7d3387316a9010ef4eca50709618463b9415d2048d3.json.gz,True,False,15.10335109999869,,archival environment/concurrency not proven comparable or incomplete execution
f9f714c386cb65274f0adc771d2943fb680b8e99ceb68b782ab9a23c3c676ce1,w201,0,results/jb1_plus/reference/8c2b4fbd6f7f0cd7ff779783bcfacd3b98d7685bd7ba7c24f5a4fff1e579bb8f.json.gz,True,False,16.381825100048445,,archival environment/concurrency not proven comparable or incomplete execution
0c15d8ff729cc22ac3782a92cc6cee57f68bc5b656fe02ef30c07b4f4d5ffe08,w201,-1,results/jb1_plus/reference/cc50a6c02fca58d56b6edecac4c001a89d7aab2a9daf2792b3d80e9da329e761.json.gz,True,False,16.02605310000945,,archival environment/concurrency not proven comparable or incomplete execution
f03b6b6b25f2b5f97c25e51a27ea352685db7b5dfb153a1e01c2955e1cbf7e24,w201,1,results/jb1_plus/reference/36eba55af745c9da34d9fe3e51eb96604ddb11777634b8416f3e461fae45e989.json.gz,True,False,16.15080719999969,,archival environment/concurrency not proven comparable or incomplete execution
0fc1012ff03b1df60c2ec7620bd7384f786f85e2fbeb4de94768e7c36087a01a,w201,-2,results/jb1_plus/reference/93e8bb1bf53ed2c1b4308a523da888322c7f88146f3eac11dc1ef4de254b93c5.json.gz,True,False,17.111625600024126,,archival environment/concurrency not proven comparable or incomplete execution
afde2f8f5f239f7c0d9b6a35e924afaac15272476ec691deec4681846cd27ebe,w201,2,results/jb1_plus/reference/15dc715d5d910a2f72812ceb197533ed58651df8b9ea1c70d8aa555a52b508e3.json.gz,True,False,16.02086499996949,,archival environment/concurrency not proven comparable or incomplete execution
db4c686f1be6f056bda0b9fdd53a45a631840e7cae67ddf769c9298e07b30c8d,w201,0,results/jb1_plus/reference/fd8cd690299d90fc427ecb627cc2ecf08c90f748ddc2e7faed8ebe3b8bf50334.json.gz,True,False,16.147873500012793,,archival environment/concurrency not proven comparable or incomplete execution
322771167abeaab7dd17784135a0b7e62cbaacd693849bcbac413eee95afe699,w201,-1,results/jb1_plus/reference/fa4bc6cf9e46e6a94cde44393dfcd020c2b0f7c635a2528c4a7ff57b63292e07.json.gz,True,False,16.350310100009665,,archival environment/concurrency not proven comparable or incomplete execution
aead6cc8a6cde4013dd96b544e63c9a0761f30cb22d8901ce38f26acf0333cd7,w201,1,results/jb1_plus/reference/e13a1f1b7abdc0f694cba08492da6aa26ac40a7f3c1b2a7463df53312ba4b3ee.json.gz,True,False,16.012377299950458,,archival environment/concurrency not proven comparable or incomplete execution
adda622745569f4989ea03700c22f52651d9105fd1bbd644dd3386b592748ee7,w201,-2,results/jb1_plus/reference/159b94f59cb53a2e1e0a3bcd1a666d468b4ef366f1159f6af19fae5c5d69848a.json.gz,True,False,15.978673600009643,,archival environment/concurrency not proven comparable or incomplete execution
59de2f4af0f4ea252f0fae39bb0e37741632adc7a93423814af5d5fef7af745f,w201,2,results/jb1_plus/reference/669e195cd19445020e5561148d4659fcb6273c1e3235df895245177657d49454.json.gz,True,False,16.105875800014473,,archival environment/concurrency not proven comparable or incomplete execution
ee24bbaf91184575bf5ff64713edc9b19162c0b157bc831adbc72dae0fd407c8,w201,0,results/jb1_plus/reference/8b7ba46dabafa11e81fa7e11150e45f18a4592e13419828333a7326e2d299d04.json.gz,True,False,15.423730699985754,,archival environment/concurrency not proven comparable or incomplete execution
ecb8f54c1f4f6fabc486973f53d668a618e179febf54d20075a75cde92f21ec2,w201,-1,results/jb1_plus/reference/a60ac7eeb852daf9a9f82bda0d31adb6670aa58d5036e17f984a32efd1b2fabf.json.gz,True,False,15.45257359999232,,archival environment/concurrency not proven comparable or incomplete execution
9462ceea5cc9dcf249e6783827c1bffda28a217005dcb04f8b405ccdb5599734,w201,1,results/jb1_plus/reference/30af64165a27a9a4e51866739a62c35a84f93e3450124a02ced4cf8a0d31b88b.json.gz,True,False,14.911715299997013,,archival environment/concurrency not proven comparable or incomplete execution
ae6208449c2e7f86de7c54c82e30c3ffb703f24a62b5992e7fce55fdbee76aac,w201,-2,results/jb1_plus/reference/5c395be75589165ad7e1ea13bd4124d73b362533aab349d544d279d7c032454c.json.gz,True,False,16.23095320002176,,archival environment/concurrency not proven comparable or incomplete execution
79f3dfd2909ba68c4788c460c5cfdc8c345fa30e225ee37d6993b4e28b9afd75,w201,2,results/jb1_plus/reference/17b2e451de234d7726e982f12d4a3250c89b3921c1312cf6b3378ddaefffe5ac.json.gz,True,False,14.996676299953833,,archival environment/concurrency not proven comparable or incomplete execution
2f687a305d8e2a50dac995ed41ca7bf2f1e027c9055f98f2f8921a2c03bdaacc,w201,0,results/jb1_plus/reference/218debda6cb60bd20c01cf4d37ea51e1addf8fb6d3c9532b3e70c38b6b3c9b77.json.gz,True,False,13.034277500002645,,archival environment/concurrency not proven comparable or incomplete execution
27ef85ffdb60d8e39246a70da1ad210d46401692cda712aa5708d3147fd17adf,w201,-1,results/jb1_plus/reference/bca941b464a0ad435c5bbf9a0ec58916dcf664ac85b1ae18e9144b3ef311f633.json.gz,True,False,15.1930488999933,,archival environment/concurrency not proven comparable or incomplete execution
0be6c06ea3429e29c8a57bfd187dfcc950a8c2b4ea5530e34d530cc44e42787b,w201,1,results/jb1_plus/reference/58f81a048be828656f16ef25a920eb6adabe988dbdec207a90075989c3927545.json.gz,True,False,12.667811300023459,,archival environment/concurrency not proven comparable or incomplete execution
b10c76e74f6497b23ffb4a6ce4f6ac72116f931703d1514e269248e83380b41c,w201,-2,results/jb1_plus/reference/1a749b8c6e48005aaa8ccb65a23d079f4906148f3daafa2db06186e495432e89.json.gz,True,False,15.412011999986134,,archival environment/concurrency not proven comparable or incomplete execution
348c311f11e93f2b50f53e97b5837623bf1565745a4e9ed9ef29aa0be63e2f01,w201,2,results/jb1_plus/reference/0a1caf5a0725795ac027623a795c27c8007f8cfd4eb8d4b5f5f115bf722f18f4.json.gz,True,False,13.25961940002162,,archival environment/concurrency not proven comparable or incomplete execution
150d485648f38c062bf546755f7e2c6800f13753d90134fadec3c176f9a174c2,w201,0,results/jb1_plus/reference/386f624b962d754b9c6ad31259e453c24fa40e7debfc36e19ce5328c38b2f1f3.json.gz,True,False,15.692147800000384,,archival environment/concurrency not proven comparable or incomplete execution
282b630ace1082a2fdabd69ad39c95ebdc4f702166e54d70bf426895f9f1c93e,w201,-1,results/jb1_plus/reference/56902929ecd43248ac8976f94ed50e4885d00b90aa7b4d11eedf9c17fedb1d06.json.gz,True,False,15.896300299966242,,archival environment/concurrency not proven comparable or incomplete execution
cec9c7498e6d197bf5daf406c5954011e75295606cd1eb784105b9e869f04ec4,w201,1,results/jb1_plus/reference/d0c767e91f31e38679e27d7642460241b22dbcf4892ef1ebb7ff742353d44249.json.gz,True,False,14.84389919997193,,archival environment/concurrency not proven comparable or incomplete execution
1303cf6bf536f1b03a9192123d6d0dcbd8324a7071d13776d72d003afca00c69,w201,-2,results/jb1_plus/reference/0fab96e071f2e3ae45b591f0d83b3e521adc1d658ff6ab19755c30693a0453a6.json.gz,True,False,17.02874359994894,,archival environment/concurrency not proven comparable or incomplete execution
8313336a07a16208e8a655d4b6004c003f62bb2e404dec49e13b80bb01d78498,w201,2,results/jb1_plus/reference/bf5cee3eae628bb8f647d58a0621ad56711b3aeac4ee5ee1f3e042831c14180a.json.gz,True,False,14.839502199960407,,archival environment/concurrency not proven comparable or incomplete execution
89dc4dcc310db14860cf4e11087af71f20b108139a3756fe973df031e1487bfd,w201,0,results/jb1_plus/reference/e484c03ec6c805c3fb965cc85daaf65b45e023ef023c489b6a695b0c79ac4297.json.gz,True,False,15.34716559998924,,archival environment/concurrency not proven comparable or incomplete execution
c67f772c67c209ae0e08287bb64c0d5c8020ac4289e408ae85ecf1175b19dbe1,w201,-1,results/jb1_plus/reference/9fc2c42d2e96aaa0eb87db0b0030b8afc9fc7288a82e06c772710b29b651d57e.json.gz,True,False,14.524317100003827,,archival environment/concurrency not proven comparable or incomplete execution
620e10a8747fd9467531e18bafea282cbd035578447beca03bb4ebfc1c872277,w201,1,results/jb1_plus/reference/8baa9543d02275578c9c899bbdce2e04622bfd1af481f947e3d0439aa44f93c2.json.gz,True,False,15.674958599964157,,archival environment/concurrency not proven comparable or incomplete execution
8d86f1c5a03bc3336651ccaa8b6b0e8ec1dd754c8fa10060dd99b6b25de9e40a,w201,-2,results/jb1_plus/reference/5d1dbe08d2daccc105d2d66599c5a789fa53da5927876d6847ce9604f3152e67.json.gz,True,False,15.17711380001856,,archival environment/concurrency not proven comparable or incomplete execution
3bff6a5c9ef5b6b8e4491b7ee3e422d5b177756f7b29d45d89a192c14c51a4be,w201,2,results/jb1_plus/reference/4a7991635fb70c3edb320a6f9676b425fe8c84500c97795298a18ca6011232cb.json.gz,True,False,15.762296999979299,,archival environment/concurrency not proven comparable or incomplete execution
0548e029f522c74c428caf119c05556b4b3ddbbeb1e2b4c8ad6bd457827843e4,w202,0,results/jb1_plus/reference/0c5a565a6340c87bf484fa7f4d6c18af5bc6a569eb962637cb656ceb8a6e1c42.json.gz,True,False,58.46942830004264,,archival environment/concurrency not proven comparable or incomplete execution
5cf053d2ad4b4bd94e69564febfa900b35b38b7b534c82620e633ce32aae145d,w202,-1,results/jb1_plus/reference/bb3e61de69fdb0612dabec7c9d7ced767fff4b846da376a812ee3bc8a4653034.json.gz,True,False,54.59965560003184,,archival environment/concurrency not proven comparable or incomplete execution
3bc05f322b0ea36aa11d11369afe48298936457f3d61bcaa563b56c7890e1d26,w202,1,results/jb1_plus/reference/db3f5c387c4640955d58dbb52a99c69d3259a8eab324e0bb0d4e6950f01f24aa.json.gz,True,False,60.66260580002563,,archival environment/concurrency not proven comparable or incomplete execution
c962fcab311b3efe6514ff1c8a24a80032bc50db00ab2d97eb1816d3a45a8971,w202,-2,results/jb1_plus/reference/0e851c27bf9f0864387fe0b44c83f708e76f14257819aae27f01bb5e819c7fa7.json.gz,True,False,54.75929850002285,,archival environment/concurrency not proven comparable or incomplete execution
aaa53b53e4424429d257d0c1baf460bff1b77116e6ec15697cab8c7ae85ed7f9,w202,2,results/jb1_plus/reference/e86d886dab12fdd0349ecd1c92d1f6539faf5d130bab563e055d6f7df39de1f9.json.gz,True,False,62.40520109998761,,archival environment/concurrency not proven comparable or incomplete execution
176009c3d30759d13779454adbc2aecd3e11cef4b2b193f84efd0c9e5d1d2b1c,w202,0,results/jb1_plus/reference/6627044bb1593cc918f2256746cb972813daca01c663a4441ae204371bfdc9ff.json.gz,True,False,50.61066219996428,,archival environment/concurrency not proven comparable or incomplete execution
db4ac97b325f27b8a623ddaebee238586affa58f398c49a7245e419c24b1cabf,w202,-1,results/jb1_plus/reference/369643a84cd6fa8c4918e89ae99f2ddba35cc0345b2d80593d12a6a1fb4b32da.json.gz,True,False,53.8985384000116,,archival environment/concurrency not proven comparable or incomplete execution
539b04ec479d72c6866d68b419302ffcd529e6bade101844c06c2436fcee2816,w202,1,results/jb1_plus/reference/1763d9984115a27822275ba6418717ec3e4b59c54a3485feef7a2bf737a058e3.json.gz,True,False,52.795213200035505,,archival environment/concurrency not proven comparable or incomplete execution
874c6b93bedb97c1cd8e7d42ea5c734c776ee08e1191180c61d18f154d643e77,w202,-2,results/jb1_plus/reference/2b2efa364397f0632b47a8aab020a407ba8bf56fe10b08f7861684201ac067e4.json.gz,True,False,60.7231053999858,,archival environment/concurrency not proven comparable or incomplete execution
2ad9e0dc2584fe55742919d8954dd31108d115f7c7e945d5fb43cb26fe5c72b1,w202,2,results/jb1_plus/reference/eac569b2746d6357066d152b809640f6c84e76437750704a2d2ed59fa4325eda.json.gz,True,False,42.706485499977134,,archival environment/concurrency not proven comparable or incomplete execution
53703a016ee371ad1586ae7feb6a65092e4ae99169b2497211ed249b5cf74817,w202,0,results/jb1_plus/reference/25e6a876f72e4f6aa05bc5e343123c19ed39e8d48c68e8f74826e1902b74d07a.json.gz,True,False,38.08142299996689,,archival environment/concurrency not proven comparable or incomplete execution
381346a69abf3b404b4ee0e66e10ccf5a00ff3ddc8fd1ca1c9279f13898e23b9,w202,-1,results/jb1_plus/reference/43c6cc20eab5580ec529845a6501f51c3333a8dfb83dfcebd5ad67b8143e9b35.json.gz,True,False,38.01781570003368,,archival environment/concurrency not proven comparable or incomplete execution
f74df795e486325660bcdbf59bbf15a201ae9a3bbc224fc8bbd680ffecd99375,w202,1,results/jb1_plus/reference/696635ab5a9e9c8ef7d53053a17e38495522f58752ef72631ffaa8a6e6694c57.json.gz,True,False,38.643658599990886,,archival environment/concurrency not proven comparable or incomplete execution
8ee97b6f2d075ac0ffcdc5ebd596c5f1dc7c342a3fa17203b128a29ecb9c3617,w202,-2,results/jb1_plus/reference/b6a7a446cb46c4e4ac9c0911952b8401760a9786c0da76c0f46b188266cf0f8a.json.gz,True,False,38.11087789997691,,archival environment/concurrency not proven comparable or incomplete execution
a7273babc4ef085ace140cbeb082c439925b9b7b9a31f420a6d8871dc35838c3,w202,2,results/jb1_plus/reference/7b191857df3b5bf3de3dcd2e5109d4c8e42b73ff6d281a19d5fdec7786a726aa.json.gz,True,False,38.59597899997607,,archival environment/concurrency not proven comparable or incomplete execution
f9d50e063055edf3e100baabfc385cf965ccd1f2d955a3bf51c5e0259f3fba05,w202,0,results/jb1_plus/reference/5e8a8e7c77cc656ff731b2b601fbaf38a9a99a1512b2dea8c2271acca9516778.json.gz,True,False,40.29596280003898,,archival environment/concurrency not proven comparable or incomplete execution
a23481f33f837cd00567c761ce9f6ef9d8d989233607911d4e66250245b81299,w202,-1,results/jb1_plus/reference/b064db45c9608c0e5c87203afdecb42294cad0b3e95a88dfa5902ff84f7d8b26.json.gz,True,False,40.474306100048125,,archival environment/concurrency not proven comparable or incomplete execution
5ef95cc1070f35e7e0dc149f392db8d6d68d0f84dadc476ce583689966c7a4bf,w202,1,results/jb1_plus/reference/375f78df9cef4508ef769de6954bf310623a6f123c5071680ae65ae467fb4223.json.gz,True,False,40.35775179998018,,archival environment/concurrency not proven comparable or incomplete execution
f9c79c408e59053e4a1325efe1d983d1b8bc66684d7c6a3cae93f8c56e426dea,w202,-2,results/jb1_plus/reference/dc25c8ad9f67c6e1521411f68c5d6a3c0e23f388df3a06523e67e9ae81f34c01.json.gz,True,False,37.46215030003805,,archival environment/concurrency not proven comparable or incomplete execution
e0f47a34a080a36a39b0cfb2d4473ff4f5896e6444d6457f5bb33c60c271e075,w202,2,results/jb1_plus/reference/bf32cd441726ab9c3cfc15dabba2f81ec546c08495f848f88f2d890bad92ff75.json.gz,True,False,40.292148699983954,,archival environment/concurrency not proven comparable or incomplete execution
304388d4a65c87d41292c1d5cde200ec03e3f37c90b73f94242b9b0bcea00771,w202,0,results/jb1_plus/reference/43696957bebd5d7edcdcf4f9af0330b3cd19147636acd6a119507bb640d316b4.json.gz,True,False,40.29448720003711,,archival environment/concurrency not proven comparable or incomplete execution
486a499c83104b6d720ca10f8488051b66aa3912d78dec371492d2879ddac5de,w202,-1,results/jb1_plus/reference/38a16e0c19e43f5f723289d6f814f0cbcbc533eeabde43763d6f1b4a1ac9cfcc.json.gz,True,False,40.903102900017984,,archival environment/concurrency not proven comparable or incomplete execution
b68e203d75c93285e766e764fdd69e873684b5fe5e12ea3b4ed7f2ed2e5c5667,w202,1,results/jb1_plus/reference/e293ff9612e4f3571d257141f2a56af9b38656ec624e7670ae516167edf6c8c0.json.gz,True,False,40.8479265999631,,archival environment/concurrency not proven comparable or incomplete execution
3434a7f2f34f53342ca2d11cb26f015bde783db9b29617333ab91e2718149dc5,w202,-2,results/jb1_plus/reference/a236f8114976c406fb5e49feab354061086f253d8af17932789493cb6b420fdf.json.gz,True,False,40.050098999985494,,archival environment/concurrency not proven comparable or incomplete execution
507aacb2858129317e84bcd0f53f462486bd36a978908ab10d12b0b948a8b908,w202,2,results/jb1_plus/reference/ee95f7f5bb54ddf22ae3bda7048d8d02f05fb8121e6145ff56bc4ebd49c224c8.json.gz,True,False,38.96618789999047,,archival environment/concurrency not proven comparable or incomplete execution
2244b260b332ca954bc5bd41a1f17271f7fcbf9879c83625d2e6ad428994c6db,w202,0,results/jb1_plus/reference/d0dcf446845166998146c72dec5102d5abcbbeeecef4b33accf1cd6862516428.json.gz,True,False,37.53836740000406,,archival environment/concurrency not proven comparable or incomplete execution
b0012bb7c881618ebd2d0400c04ceaf83a6ac242a9583006af0cf12f282b0b0a,w202,-1,results/jb1_plus/reference/2f1129f8d89d74556f397f52666e87316382e32ce823d0368967f85b1e4f61fa.json.gz,True,False,37.741481100034434,,archival environment/concurrency not proven comparable or incomplete execution
3abd83b4bde38cf4655c7926284b6800ef860c1504e5dd7bdae2600fa8f98957,w202,1,results/jb1_plus/reference/9611117f6bbfdb9fc0da0170a5fbb1f8cc1b1ae37d346adc2b7c0a75b3215f10.json.gz,True,False,35.635629799973685,,archival environment/concurrency not proven comparable or incomplete execution
19fbe32fff239a94ca1660a86d39f0d8526b5379abcb637cb5eb74b4d5614a2b,w202,-2,results/jb1_plus/reference/479f1fb040527f35f11e362156a4cc4046519bde8675d122f2a1c5f0a7f92d15.json.gz,True,False,37.77586270001484,,archival environment/concurrency not proven comparable or incomplete execution
625cab13dc62a20abef20f9b75f74e654ff94b5ce59c2a24c2b21dbf311bbcd9,w202,2,results/jb1_plus/reference/37758b1dc74386c0e4380999448760ae5cc4356090aa20a0e65f218228a45212.json.gz,True,False,37.87082599999849,,archival environment/concurrency not proven comparable or incomplete execution
f83da5f93cc2cbf160514d9d159f0c9828c72684718a81235c2fa5883113c948,w202,0,results/jb1_plus/reference/245d47e3d4a0e0f54d8fda92d5954ba1d022609aa145be3f5d8a17e53b9f4cc4.json.gz,True,False,38.63312039995799,,archival environment/concurrency not proven comparable or incomplete execution
435efb84da0a99c8e8315b802664a54e141dd4d9b2e546ca4f8fee4c6198de7e,w202,-1,results/jb1_plus/reference/290d31124d80915c13337ea3ffe43aeee5a74e11e7c8cf5bb6872d5b5117e0b3.json.gz,True,False,39.15598109998973,,archival environment/concurrency not proven comparable or incomplete execution
45a017f5335c205c2ad064a4deeaab803804d7a6b2b6ed2cb341df333c76cc0d,w202,1,results/jb1_plus/reference/2cdd9a9c376746301c571bf8c47c13eca9cb9ca38f3ec91c8bdbd51e60c36255.json.gz,True,False,38.872577800008,,archival environment/concurrency not proven comparable or incomplete execution
3bcbb82bb19802171b93d8d05c18cb183a268b5e0e29ed79afdbc29beca4cac9,w202,-2,results/jb1_plus/reference/3d266cbf98633da74f3988dd375f9ad60063554e6e4be3446993babfabc99292.json.gz,True,False,38.49478420004016,,archival environment/concurrency not proven comparable or incomplete execution
74801bad17e53e302764e4714ec6bd2c86909dae51ffce30f7d472a109c56fe8,w202,2,results/jb1_plus/reference/dc292160c9c31b9ccc1931ec032fec07a10fa77bcb96adf13370e241f5bdf9e4.json.gz,True,False,38.274257500015665,,archival environment/concurrency not proven comparable or incomplete execution
386bd24d9fe816f1864dca892381859bd0f72fa385dfb92349230a40db575f21,w202,0,results/jb1_plus/reference/431497d97e3d4da6b1a33f3bf88e904da87d05ca3428fff7474a5f642b6e09b8.json.gz,True,False,39.74824980000267,,archival environment/concurrency not proven comparable or incomplete execution
146debc91c4a214726ecfb41dc181975cd0dedfb35c650865209c021a045e0be,w202,-1,results/jb1_plus/reference/b88befbfdd41b51dc769871767e93e8f29bf8ba14b13cbac58d7521fd52f3378.json.gz,True,False,38.503410000004806,,archival environment/concurrency not proven comparable or incomplete execution
0b5d2f1a6ea84c8f706bc61bc20e85518704ef29498a1edf80edf632d8938ed6,w202,1,results/jb1_plus/reference/ce2be0febb1ddb09da72f5fb756ebe47333a4d4dd9b7fe31382e36fa1a4e4548.json.gz,True,False,40.43704910000088,,archival environment/concurrency not proven comparable or incomplete execution
4658c6da81a7dc145eff844e046436b86b0839ab0b8534cc2cbb2411bb0c7156,w202,-2,results/jb1_plus/reference/00b2f3aaddd336ea641ce9eeb8ba2b5b2b046728ffe561ea8038e599142dd859.json.gz,True,False,39.17054379999172,,archival environment/concurrency not proven comparable or incomplete execution
92448af9b41faeaa571a5cf8d4b703ef8973bba610b5b435361e1c6d2faee2ce,w202,2,results/jb1_plus/reference/6fc9dc5ccb23f15fffd0d862374cc759c8c5e14449bfc88e977260d9dedf1a85.json.gz,True,False,39.4721137000015,,archival environment/concurrency not proven comparable or incomplete execution
ebe1531c2bd64093a5303e54c6815f1bd8098f616310f250e8ab80699a5aee30,w202,0,results/jb1_plus/reference/c28bc3ac6d463a21659719e556b0cebd1bd4158576cac77dd99aad708d58eabc.json.gz,True,False,40.382985799980816,,archival environment/concurrency not proven comparable or incomplete execution
5dade1d06ca0049e23b6a00d63e230b0d1189444c41a746696f63b41065ae7c0,w202,-1,results/jb1_plus/reference/31a66bbd4d3ea19ef2fff771cb0f5bf58aa559ee9a04b505c41d8fc4d682f602.json.gz,True,False,39.72122060001129,,archival environment/concurrency not proven comparable or incomplete execution
256e43f879a47e3aa093e37a73b0078afeac45646a2b9d3583385cd38e212261,w202,1,results/jb1_plus/reference/092f50578e129c0a12d5b722ff8855024f68f2d1dfc3580a1a10a9710cc1b74d.json.gz,True,False,39.82991510001011,,archival environment/concurrency not proven comparable or incomplete execution
d9106699eda5c86e5668ef73040b713139bb3d7f23e84e3a05a7e739ba49f38c,w202,-2,results/jb1_plus/reference/15e4f872149977344049c03e98904de95ce5fda6da259c5ee5c2b6e73698b2c0.json.gz,True,False,40.039237099990714,,archival environment/concurrency not proven comparable or incomplete execution
ec13218fea3f229099319a04d7a69808af84ee216140fc5747fc83e75497b81a,w202,2,results/jb1_plus/reference/15c8e3245e320cf806ae821455d19a2da75158c9c64418dd633afff9bede3577.json.gz,True,False,39.56873419997282,,archival environment/concurrency not proven comparable or incomplete execution
f4738d133f51b3c525a361e2e60c231308e4c16ff48e66fdc0c2402a98399937,w202,0,results/jb1_plus/reference/3dad812b3eaedfc3bcfe486915436e0fa28952a804186f2ccb53b53fbeb31b22.json.gz,True,False,39.07296870002756,,archival environment/concurrency not proven comparable or incomplete execution
faacadd55cdfb3a1a35fc3e5cd7a70a3928f80ad0257461a982ebc90974318c3,w202,-1,results/jb1_plus/reference/c0bff154107102cbc67fe76184acc9cd0253332abb9dea9cc44aaa796afd901a.json.gz,True,False,39.05847899999935,,archival environment/concurrency not proven comparable or incomplete execution
48bf0085c65147a932890d79297f2752366337152b715e4d87c0837f4e27ed12,w202,1,results/jb1_plus/reference/b4c171cee5c2bc8f7c1df7bb36bd3552a6f37d4a9ee7444b641da69a4977381d.json.gz,True,False,38.84889739996288,,archival environment/concurrency not proven comparable or incomplete execution
ef7e602da13ad56b8ae57a6279d0cf93a2ab3f3852c35aa550d615f64d778ad8,w202,-2,results/jb1_plus/reference/ad3e2b122a9fc42d66c4e3442704e7ff30d34dd159dfbffdd7e75c8c45d2e89d.json.gz,True,False,38.579443800030276,,archival environment/concurrency not proven comparable or incomplete execution
f22522b5c83950e80c1381fd873a9afa3734e57121b89e0a72e37c6e5843a2a3,w202,2,results/jb1_plus/reference/cefa7cb00f67fa9684b236cbcdd5e11b98a647fba337ecc8454a7773541dde2c.json.gz,True,False,39.33200399996713,,archival environment/concurrency not proven comparable or incomplete execution
734060233793ca917dd89159f27aa9eed6f8cf0bdf7c7eba264d89e81a7381d0,w202,0,results/jb1_plus/reference/05605fe3c87e7efdf1fc27c4711482167c2167f11be076dad02ebe340e2477a9.json.gz,True,False,40.27224180003395,,archival environment/concurrency not proven comparable or incomplete execution
46ee590d3b966602ee1136cb240175a5020277bc671ea04e08c9888ada947dd8,w202,-1,results/jb1_plus/reference/51da10536a2b0f19fc7c8c0c71de896f3c8fc6d216dfffd77a3015bd43877c7a.json.gz,True,False,40.22602439997718,,archival environment/concurrency not proven comparable or incomplete execution
2b9df7105e764089e5972b42e1528a21f17fed9003ff28243a669934a870c81e,w202,1,results/jb1_plus/reference/cd8a12a6da81d4c8bda4a796e705bdc0f947a1b9180ba48da9e0cd6a3c8d08b7.json.gz,True,False,40.139530699991155,,archival environment/concurrency not proven comparable or incomplete execution
77fb3aa7fd271d3c6224d60ac69723345fa6406b28dd0e85a0e0755eacaab4e2,w202,-2,results/jb1_plus/reference/abdf8f10255db9d2e050017af093c106f125e5cf38be0e49253d50ff36eeb9cd.json.gz,True,False,40.50160059996415,,archival environment/concurrency not proven comparable or incomplete execution
e4b6bfe6729720b26fa3f1deac4234cf335b28daf339a7a6bfcd957acee501e6,w202,2,results/jb1_plus/reference/b6fbac38069455dbc77ce5b4b709393b607b825b9615ee577433fc802f2a44a6.json.gz,True,False,40.0704759999644,,archival environment/concurrency not proven comparable or incomplete execution
8f581d3ef88caab03f2e51dfb12c0c8b3a3ccc8f582f8b5be97d36e58bb4bf5b,w202,0,results/jb1_plus/reference/9adba61bc4fbe3847fdc8434452c206a967b9744d5eade26a354643d4215ac49.json.gz,True,False,39.68765069998335,,archival environment/concurrency not proven comparable or incomplete execution
9c492bfa8c0adb5d551d7db6253fe5b0f23a51bd2835f32763f617cb1e1c8f9a,w202,-1,results/jb1_plus/reference/4b6766972e8b298a797f0632627950b7e6a5dd334873437852cd2788745bff96.json.gz,True,False,39.76355049997801,,archival environment/concurrency not proven comparable or incomplete execution
16c79b276f393599f270baaf460ef221100ee633932f31161b0bb34741431048,w202,1,results/jb1_plus/reference/f22b6e178ceaaa7b04e2cf0f0173b6ae455a57bf8218caea439b3e29eafcf7dd.json.gz,True,False,39.366341200016905,,archival environment/concurrency not proven comparable or incomplete execution
4f89154595894f0c0c185ed13ca98944af44dc31edd7f3597f6a8b88b303b4a8,w202,-2,results/jb1_plus/reference/52376d83bdcc713eef5ea8efef487347bf3234abfb203e0af8a720084ec46246.json.gz,True,False,39.44999340001959,,archival environment/concurrency not proven comparable or incomplete execution
58f54604154e33803afc0f8e53edc2c29d5cd8f63dcec351f76c2f23bede8e43,w202,2,results/jb1_plus/reference/345cd31ba9bd7d626d45ea664148b676610fa6125405d7555d5fcc0055640d4c.json.gz,True,False,39.18407059996389,,archival environment/concurrency not proven comparable or incomplete execution
6b502ea11d6f8100fe4398ef06250cbc5c25e3dc5634ef157d7f756ab1c5cac2,w202,0,results/jb1_plus/reference/71d7e005e300396f0ec164415498f38a655ab8ec367d35c322ef06516d8bed35.json.gz,True,False,39.74211260001175,,archival environment/concurrency not proven comparable or incomplete execution
f94c11f42e4aebad0f3e9edc03b825e9f645004a126d46d7d8039076d11658d3,w202,-1,results/jb1_plus/reference/a65c548e4668eef83592ec68d96370440895271255bfb2772b7799e5dcee9550.json.gz,True,False,40.1896926999907,,archival environment/concurrency not proven comparable or incomplete execution
3d10236ed5e58767f9de3c47d123c3a28bd88e0e74a976c3237d28a10f46beee,w202,1,results/jb1_plus/reference/70e5eb1877d9969a83f66eac8857621d41c1c6293be440c2a56b2feebd5f85af.json.gz,True,False,39.0721315999981,,archival environment/concurrency not proven comparable or incomplete execution
e5b123b5001f1feeb2f2979df71f86171dd3274d9e932a8e9e0b541cc4ddcf54,w202,-2,results/jb1_plus/reference/8efb3e27cea3daf3b0d43d5f9c3f278992fd13a3241bfbfecf651632cffe3721.json.gz,True,False,40.22866209998028,,archival environment/concurrency not proven comparable or incomplete execution
e10dda1b1fa030851f58324b869278aedc485b907605e3cf7ae17e7214df0c89,w202,2,results/jb1_plus/reference/8c8e85cc9390d2bc711da9f428a2267634971fdc1c69519c6d1939e20b9ba29b.json.gz,True,False,39.094512000039686,,archival environment/concurrency not proven comparable or incomplete execution
3440257011572964aff365c2fe294990473fb0c8de6b643fbaa2254fa8c2e5ee,w202,0,results/jb1_plus/reference/470b9144348f65d277099fa6f719c910aca5247781a9d85cf7420f15522997db.json.gz,True,False,33.52978179999627,,archival environment/concurrency not proven comparable or incomplete execution
2c272c964abfa24c468cccce1410999dee9cc5b4b07b6317b445ebe7d8b892ed,w202,-1,results/jb1_plus/reference/b607d81af6166b438e9c4b87cc1ca4d7be5bb2ea80725f424178a95508c3ae48.json.gz,True,False,34.37337499996647,,archival environment/concurrency not proven comparable or incomplete execution
f61c781a2030b5b7ab61967d0e42f1c577222a8bfd46080c49d8abca105c3ea9,w202,1,results/jb1_plus/reference/0b2b1504764ed7bdbfad6fc37c2e82b48f6b86a11ab8bdfd36a6642067df1050.json.gz,True,False,32.429785799991805,,archival environment/concurrency not proven comparable or incomplete execution
bb390eea052d471d1e006ebe82172d3c86356d93a2a2cda9cdd43d972a3cd8cd,w202,-2,results/jb1_plus/reference/d64e5ef8dd73eefc7935a250183720fda38ccf1e2bbf16a1dc374a301b21fd45.json.gz,True,False,37.29779729997972,,archival environment/concurrency not proven comparable or incomplete execution
2df4901438f38a728fc98cf5b7411862edbb2eab53fea60b867dfd059b2661c6,w202,2,results/jb1_plus/reference/96b16116a4cba7f33c7363e54a6e3ce8b56c20c8d8ed6ea697095b3fb130c6b5.json.gz,True,False,32.07149309996748,,archival environment/concurrency not proven comparable or incomplete execution
4dfcffc89d39393992e64f5c5b4181fa82c4798a23beca1da6de8d544918f24a,w202,0,results/jb1_plus/reference/69c79f6ceff38eca11b638fbe70e21719c97f8e68af8a6af7946f76c22226bc0.json.gz,True,False,29.897018900024705,,archival environment/concurrency not proven comparable or incomplete execution
9e42ae58469d92573bc42cca305fe86a661d40cd083d3ba615609965b11bfae4,w202,-1,results/jb1_plus/reference/fba01e9a5ab655ba5f7b74c4b92b6ff8e734c280f4ab93678ceb516ff3391548.json.gz,True,False,31.02201769995736,,archival environment/concurrency not proven comparable or incomplete execution
a9d0cb96a6572ac8c51bdd70c6443795514782ffb553b0503dff37f0ed0c0e83,w202,1,results/jb1_plus/reference/b74a5dbff130447bd84696d261354fd7748b7626ce73e03c0362e70b86636726.json.gz,True,False,29.11975400004303,,archival environment/concurrency not proven comparable or incomplete execution
5a7c3ab7898260517ef267aca42d3cb454a3ada6c846e6c647a9f838977cf457,w202,-2,results/jb1_plus/reference/f93ec88fb8437bb1c097222311d52ef8604dd6b918819a9e21e0338ec3d557ac.json.gz,True,False,32.097957799967844,,archival environment/concurrency not proven comparable or incomplete execution
4c17e7d84f24da8cd3f40ecc2122d46756ba3d7fa3360ba063e288a0f57e0318,w202,2,results/jb1_plus/reference/6b04bf102af75de354fe30615befada13f3bdb3da938dc5df18a046fb83709a3.json.gz,True,False,27.54826150002191,,archival environment/concurrency not proven comparable or incomplete execution
6e2e227e174ea9c2b1a30f8c18aad01b27acb44ec583ba953e077645b78e1dda,w202,0,results/jb1_plus/reference/91c50d501af1f4af1c75ecddfcea71f5e500e953da0006a275bc1f65cb1b7262.json.gz,True,False,26.18624730000738,,archival environment/concurrency not proven comparable or incomplete execution
815267af32a63b3be8ca47500fc7bd79edd27ed0ace8af50ea080ba7f6e90f3c,w202,-1,results/jb1_plus/reference/aed08f542c021a6fa64b3efa412162bec7bca47e6a4fd04b934a06bce10af4ba.json.gz,True,False,27.165335100027733,,archival environment/concurrency not proven comparable or incomplete execution
bf414ba327635dfd7751d911d6bcfa31f05b60ddc0c689562feb67a4a8df0ba6,w202,1,results/jb1_plus/reference/95e57721f2dd75124c7932ee41bd8cfe39afee996f34781ab1e9ac44b65902dc.json.gz,True,False,25.916002799989656,,archival environment/concurrency not proven comparable or incomplete execution
578123e2fa26e017f33c11f3eed13390f83ce6bd6db0f5725ca671f8427f7d9f,w202,-2,results/jb1_plus/reference/e08cf1d92a2b347952bccfc844c632c1cfb174d2aa803ac2ab96cebfed8faf08.json.gz,True,False,28.690164600033313,,archival environment/concurrency not proven comparable or incomplete execution
ead7bae7bc66b88520ece737754a416e2e270b0a525d8deafbd62bb88c79f509,w202,2,results/jb1_plus/reference/019b18a8acfcc555e3c7d98c8c967af51a252270932cfa9f42fd61bbc71f4747.json.gz,True,False,25.445108799962327,,archival environment/concurrency not proven comparable or incomplete execution
df49eebf6dfc315e8c7838998154a62a48300c474f77bb2d28c1f03c330e3d28,w202,0,results/jb1_plus/reference/4ff28731fadbc5e65bdbbacce254f8aee1179fdc471750c9069fe61228d2569c.json.gz,True,False,25.65838179999264,,archival environment/concurrency not proven comparable or incomplete execution
7def00adc25ad4effbdfed7da03334aa46801535ae9d43490430f8eac69c22a6,w202,-1,results/jb1_plus/reference/96c9919bb9251bf655e083f412023ca699205ec51cc0ec4bc159b3a54e2d1df7.json.gz,True,False,26.387502899975516,,archival environment/concurrency not proven comparable or incomplete execution
0e9629b1ca4069d95244c451175aa77ee0514ff153bd5e256d9715a3d9151814,w202,1,results/jb1_plus/reference/81da049732fe8ec853e6bf5ab2999883b079fe421ea7d293f7553703e8494923.json.gz,True,False,26.85505670000566,,archival environment/concurrency not proven comparable or incomplete execution
5017a9d95152f84c68bce2a7e394107e77c851f05391d56199a1261d2d415e8e,w202,-2,results/jb1_plus/reference/0d325204d5fb1d33495a288082d00d2142f9b93bf5cec0e18cdf931111da2eba.json.gz,True,False,26.354274400044233,,archival environment/concurrency not proven comparable or incomplete execution
13d2a9588619912d593647e8aac4c8537b134a1d0468c09f57dd6a0b72e82fe2,w202,2,results/jb1_plus/reference/5a51a07121862db1ec8ec9000507cd3bdcb47e0e917f66ad4d4ffe956a8733e2.json.gz,True,False,26.51830419996986,,archival environment/concurrency not proven comparable or incomplete execution
7c25062e11ab62b3abd97619ac34ce07d4b36783b6ce84081cbf40f885fd890d,w202,0,results/jb1_plus/reference/daf78580225812cd29559c99c2f74d3720fba1a8e1559ffc12337ad4f00552a4.json.gz,True,False,24.643206599983387,,archival environment/concurrency not proven comparable or incomplete execution
a4a1a1c4eb380a099b8bb08ffe408d404d2889f1bc843452ddc86841f2bd135d,w202,-1,results/jb1_plus/reference/5a3dbe623e80226e61dbe7bd517c3c8c3580f28e9390ca21bc61eec51fc845d8.json.gz,True,False,25.05091970000649,,archival environment/concurrency not proven comparable or incomplete execution
a8e04d26acd257c8122ab3f38f8f9b1462fadd917456eebb6a7e444d02325b1a,w202,1,results/jb1_plus/reference/04c845bf89ae44dd5908694644dd67f18c04223f83407830c6beb55ad228d4b3.json.gz,True,False,24.044525299977977,,archival environment/concurrency not proven comparable or incomplete execution
459e1bbd8d33f625b04a35bfa9408c277044c4ffa2c471012c2a3f4f3653873b,w202,-2,results/jb1_plus/reference/7123cbeac250a0665f50cb14dd06af5ca2d5f03a6881a09311b2556fc50f7633.json.gz,True,False,25.883245199976955,,archival environment/concurrency not proven comparable or incomplete execution
b1f51d51842918a185371de7fefbcaa248bd64d2cd73464083095985ac4a4aec,w202,2,results/jb1_plus/reference/79dec35715f3d54567147ae28b9ab4ae6f964f26426a477f7de77c6a99f82154.json.gz,True,False,23.727996100031305,,archival environment/concurrency not proven comparable or incomplete execution
98cc37c2183240b1fe63750a0716afbef07046bca4d8751fb2854bee510d0fe2,w202,0,results/jb1_plus/reference/88163f5d287ae9e7a3d72e485441337a8c351af30206384ed836c709ccd8774a.json.gz,True,False,23.642048400011845,,archival environment/concurrency not proven comparable or incomplete execution
8aa73472c6b6531c6c92195afa75a9583c6d642a675e1a138b814a90a04abcd7,w202,-1,results/jb1_plus/reference/fcc67eb7a950a9d93c8d9a013982024867b7d47ec15b5feea9f26db4a927c694.json.gz,True,False,24.210915600007866,,archival environment/concurrency not proven comparable or incomplete execution
3548d8c95aa97f12615ac153e64828299d3429e56f3b2aef0345864100c34d72,w202,1,results/jb1_plus/reference/df9a8879ba2c28e012881bd174f531cb59a161681c34e2dd24dfcb5a4b04beec.json.gz,True,False,24.555494700034615,,archival environment/concurrency not proven comparable or incomplete execution
a22b948fc73c89433d639ba8beb6dc28de984c1ca03b1e86f29991edc0e61f48,w202,-2,results/jb1_plus/reference/e2c10ce07aeebb5c557bb6df743e0a18059104009e86535213c0b32104bd7a51.json.gz,True,False,24.837597500008997,,archival environment/concurrency not proven comparable or incomplete execution
8b261797e5e44692aa26b9e04811eb4537abfe4a88eff65b583157be74d838b7,w202,2,results/jb1_plus/reference/4af0451b1abd540777a308a01f2bcd0619c94c19ad1c55a30812f65d7a37ae34.json.gz,True,False,24.459572500025388,,archival environment/concurrency not proven comparable or incomplete execution
9c1ccab8adbced2dda3aeced893326ff98a73388704acea9e344a83ee57302c5,w202,0,results/jb1_plus/reference/4fdeb53d101c719017bb8289274f0377e37c2433e3730ba9b61a26a135dac15c.json.gz,True,False,24.963219600031152,,archival environment/concurrency not proven comparable or incomplete execution
4ff072a629f161c769d203ddbc7162fad1a2519bc87e8b4ba56fc5d72809c6e7,w202,-1,results/jb1_plus/reference/a99a61bea0a7093c738c73334d11c1e899b04b4899e554cd28ede61102ac47bc.json.gz,True,False,24.951191999949515,,archival environment/concurrency not proven comparable or incomplete execution
6572f06f3fbddf9e01bfe0c09f1c6ca56686202b6abf84324fe5f4eabad28060,w202,1,results/jb1_plus/reference/f48e1da266f0fd7b8838e12befe3a7af9f68b941e8009c381c5557bbfa9192b0.json.gz,True,False,24.966073299990967,,archival environment/concurrency not proven comparable or incomplete execution
c5838dbe0baf3f9406fb738e30eaba8042219b632a963c6cbb4db06d42b44fee,w202,-2,results/jb1_plus/reference/dc7babba670330aef0ae09370e27ae6e6414d41cbba51df91d8ac565c3659f94.json.gz,True,False,24.773486500023864,,archival environment/concurrency not proven comparable or incomplete execution
20c4db30d2f137c04906ab8e04042eb4a3192837a81270dc975a1c857ba2954a,w202,2,results/jb1_plus/reference/422dd97c11332eef07ea8f3702bd55f4d2e2729fa1d063f93abf18a6e2c3af57.json.gz,True,False,25.972147900029086,,archival environment/concurrency not proven comparable or incomplete execution
1376eeadc74dad64252948bba79a5f4a8c819c698ba56d6a3fa1e2560e16cdd9,w202,0,results/jb1_plus/reference/7d7ba9ad9f0bd2d7e14ac50673c1a4074655a59ffe76a8a84e37e0a6f0d64d45.json.gz,True,False,24.912687200005166,,archival environment/concurrency not proven comparable or incomplete execution
ea1229466583584b5187345cb7ba7cc646a2602ff1ad75a4b05254536aec1eb4,w202,-1,results/jb1_plus/reference/acf218e1b56dfc2f3c2d9c7d5be0b5c8b26acf342bd2dd0282749cb380cef2cf.json.gz,True,False,25.50045459996909,,archival environment/concurrency not proven comparable or incomplete execution
0c7b5e8b262467d7d942d1d37e5c0c008ab3111fbcb873fb7feb412e1851017a,w202,1,results/jb1_plus/reference/0ded308d76f0631234d7c183a1fe771292de4aacb35798a4865e9e3cdcc53ed7.json.gz,True,False,25.717608399980236,,archival environment/concurrency not proven comparable or incomplete execution
eae1635e4673a0955f16623f5a3fb9964e7a02e4176cb6efad75ea2466cd43f9,w202,-2,results/jb1_plus/reference/c9f93925c6edd22dbb07f2c5f67ac40b7d7bc152a8c0840a5f2383787b8af3c6.json.gz,True,False,25.590068700024858,,archival environment/concurrency not proven comparable or incomplete execution
d864b46a11ce9b6fcca6c7b6122a3939acc7ba2667e7d99ac0f1aae65be61635,w202,2,results/jb1_plus/reference/dd72835a7f03e63bb9460f17acb030cd05f7a28668a6b16f62d576c76ca69b47.json.gz,True,False,25.292026999988593,,archival environment/concurrency not proven comparable or incomplete execution
9f8bfc210c142181fed33cc9a20259994769a76f02670510381fcf0ff9135955,w202,0,results/jb1_plus/reference/609f2b800689db6ac4a0f7c215e5b518d5341109f7ccac384e03ba08ab4983e9.json.gz,True,False,24.04853999998886,,archival environment/concurrency not proven comparable or incomplete execution
564a512fe20b746f879474d21a1af83d113b410f68425a2694f431e85d069765,w202,-1,results/jb1_plus/reference/1802592d29641e35d27f6cf9aaee914eaef90a9e8ce9fbaed774bd6d8ce645a6.json.gz,True,False,25.000299600011203,,archival environment/concurrency not proven comparable or incomplete execution
8e36d29ea8bb53106bf8988f02f638bfd439cf272d29990ae2c86ee3cd07903e,w202,1,results/jb1_plus/reference/e86707154b4ec06fa7b72d780f1db1dace0d8fd7297aba39d3920b7a0f12c573.json.gz,True,False,23.792244100011885,,archival environment/concurrency not proven comparable or incomplete execution
e78a630a0d6dbb9b3925b624a4c6bcf07a1775f6d5002f4839f4d25700246639,w202,-2,results/jb1_plus/reference/72ca7bc6c9d3fc854e685be15fe61ba6be74ec3389acb2c7c3230344c672fab2.json.gz,True,False,25.979280000028666,,archival environment/concurrency not proven comparable or incomplete execution
e8ee227cb64f4d1800ebea2de91a1a7180cb96152a8f95c194324e1902b143bb,w202,2,results/jb1_plus/reference/32667c94424f2e6379beeabc2684157a1459a6b8555ab331a66476b50664f5cf.json.gz,True,False,22.24136919999728,,archival environment/concurrency not proven comparable or incomplete execution
c2265c5ad12e3b27ec7b3b85a9afaee94d9a8788f4c909ba28f34a9fb8fa35a7,w202,0,results/jb1_plus/reference/33cbfa30b86281b06a1fb255c0e7948a2b1a61a526d1dc3ecf2070e35bf17fb3.json.gz,True,False,24.677921399998013,,archival environment/concurrency not proven comparable or incomplete execution
5d61970ecdf8f67d36adf0e85c0dc2bad7937a6997477a77d885b05815fc6879,w202,-1,results/jb1_plus/reference/7f2448abed2e9a237c749c39ccb2981ce1a456b44f1bf72a405c810024211741.json.gz,True,False,24.977496100007556,,archival environment/concurrency not proven comparable or incomplete execution
20fcda6398a78950d50920bc3bf8be9bb3e2c5cabbcbcc03844692549b20a2bb,w202,1,results/jb1_plus/reference/4703453a148d23aff6d6202e0ea21040768bd3c753964b696a08a4dab8af80f0.json.gz,True,False,24.378077999979723,,archival environment/concurrency not proven comparable or incomplete execution
a00092afc73373b01bfbb9a34db5b6c79e3e9408e768889615453f642044ae6f,w202,-2,results/jb1_plus/reference/abc2d9a6a7562cb4794d602141a8531e21074a71ff5f8e652cb0d2b1e0747765.json.gz,True,False,25.590094199986197,,archival environment/concurrency not proven comparable or incomplete execution
5736a2805d9defc08c100b40394c53a5722843b3bcdb7a885fb53244d7f20aca,w202,2,results/jb1_plus/reference/da3c946c6f1c0a66c76f02f7fb7d25cb02977ed6700a7a8d414804c8a546463c.json.gz,True,False,24.54302900005132,,archival environment/concurrency not proven comparable or incomplete execution
75feac7c592b0c2f2969d42bcd388a05f30936ee3d930e21ac9ce1d628c841fa,w202,0,results/jb1_plus/reference/75f0918ecffc0cd0ca184846133606e2461069863d5569f51d7a1d38a6235c1b.json.gz,True,False,24.856129699968733,,archival environment/concurrency not proven comparable or incomplete execution
6f824cc1997415c4614070d32c03c1c7b95635ed95abedcccad21e107c3d4764,w202,-1,results/jb1_plus/reference/c3480e608ab2b0213678c61b6b0b739410d7649db84ae045d3e4d2bf9ce952b9.json.gz,True,False,25.960476099979132,,archival environment/concurrency not proven comparable or incomplete execution
0aa322177f9c03670c82191f9dbf3f8a98db19d0fdae4f3f9927baf9694f8ad9,w202,1,results/jb1_plus/reference/e050508335484ef9eeeeda8dd3ea72b7d7f24540f9e87c8af285a99e20f8d871.json.gz,True,False,25.293530700029805,,archival environment/concurrency not proven comparable or incomplete execution
63c9b87a2b90a20f2667f0e8d222866d0fa527fbcfb4889bb65069aa15105e71,w202,-2,results/jb1_plus/reference/26c0f41df3efd2a8b28456b5b522ba084ccbb9dfc58df7dbabace1b1014f3eed.json.gz,True,False,25.786356800002977,,archival environment/concurrency not proven comparable or incomplete execution
f29c0a331fca83686beaaf13465ec21c055a23755de5712cd2ce8d6baeca2f88,w202,2,results/jb1_plus/reference/4a14e519dd0bdc4e555d28d8deb62a31990ad0a2fb17833296fa2455f6cfa3be.json.gz,True,False,24.84253930003615,,archival environment/concurrency not proven comparable or incomplete execution
96cfb0e1c66f7a76aa39e4e6db201f118956920ebbaf165fc744c4e2e686609e,w202,0,results/jb1_plus/reference/8722a23c609b2668b3583fd16c05b330c9e7590399b55e6830e67dbd60481041.json.gz,True,False,24.57595460000448,,archival environment/concurrency not proven comparable or incomplete execution
834a5f317ea7d611b8eea741e36bc14912d8483a9b4b8a764cd4eb7daa902684,w202,-1,results/jb1_plus/reference/451b2fb12ac954ed15a1ad6c66bdb4cdeab22f6d7401529a0b4142714794c39f.json.gz,True,False,24.906297599954996,,archival environment/concurrency not proven comparable or incomplete execution
ab24e52096d35a387721f4f516eb3a1d4258027c380a9aca220afabff87c1b2c,w202,1,results/jb1_plus/reference/7521137f7888551b25625abd61f776898ca9ba00d311dcd70104cc129f65a6c7.json.gz,True,False,24.570827799965627,,archival environment/concurrency not proven comparable or incomplete execution
d8be2b67a63475551ee5c59c22d9e4e1d7348f913161c3a1456ce69101db2463,w202,-2,results/jb1_plus/reference/1e7f734ac3edc85bfbfafd10111e44663c8b4b6c1aa049a4025d9096ed6fd4a8.json.gz,True,False,25.924516699975356,,archival environment/concurrency not proven comparable or incomplete execution
64bd0d5eabe4c2d65514a64b4dc009d5ba4133253765c42c02a8e1d68cc90a3d,w202,2,results/jb1_plus/reference/dc86fe2602694c9d7d53cb9be74bccec7d00a27506e64d2d38b2b4b4ea86709d.json.gz,True,False,25.221409899997525,,archival environment/concurrency not proven comparable or incomplete execution
86a88b6e37cc212c62d1f2551d5db3ae5b2be3dc170d8a459a422bd9e0ee5301,w203,0,results/jb1_plus/reference/5e3808dd63e01a8677954e9fc92f0041be376476bd1fabf27ca8139a0be04387.json.gz,True,False,4.405141100054607,,archival environment/concurrency not proven comparable or incomplete execution
22708e8c57d3289f460c2054937bc1331604e0528a8e990fe1f8c0ed396fe307,w203,-1,results/jb1_plus/reference/5285513e1dbcc3b758e1e03fba033e077e23933b50281518eca62f1e5aee5eae.json.gz,True,False,4.147159599990118,,archival environment/concurrency not proven comparable or incomplete execution
0f0609de8311115e0e1481d28bacd34ebd393a7176c85c81af954cec0f461198,w203,1,results/jb1_plus/reference/026d64d0809620a2276565d98d500a038190eddc178bf64042ccf882ed46f69e.json.gz,True,False,4.177350900019519,,archival environment/concurrency not proven comparable or incomplete execution
31ad17a3b915bb5fe76e9d01eb468101ca5ee5f81b9a57122f8c2f1be6b8052c,w203,-2,results/jb1_plus/reference/5d1ee1a871d8a5405b7165db3a9db66b15e0a94a161aab57f8e369673a6849c9.json.gz,True,False,4.264726100023836,,archival environment/concurrency not proven comparable or incomplete execution
b37fabb036600b5dba79dcc6c967cbb473da72df3506947da6e3a922822ba39e,w203,2,results/jb1_plus/reference/f7be55244779e12a32a6a388e531b401ebb44db8864e820ea2987cccf872f180.json.gz,True,False,4.309556899999734,,archival environment/concurrency not proven comparable or incomplete execution
90045236871b49579268eff543de646cd5c5d354615ce84e468bff1ef12e63a6,w203,0,results/jb1_plus/reference/585d44c0907566d00a32c0e6db350595049b24a7dfdf7fbaf1199452cd9005b5.json.gz,True,False,4.430142099969089,,archival environment/concurrency not proven comparable or incomplete execution
ab480ab5eb238a32e95f93a5473ee2fb325d14f4b2376708dfe484776e15fd1d,w203,-1,results/jb1_plus/reference/2127a79815b4a7cac53f1e6db3f1176b49f3a53e0a289c4aac6906f3f9933703.json.gz,True,False,4.348554499971215,,archival environment/concurrency not proven comparable or incomplete execution
75b94c936edb2e469b02c4ed77658189dca9972f302dedb3133300d28ea5ca8d,w203,1,results/jb1_plus/reference/e03bf46ab5b18d050fcf4312c9e1bf8901b986439ea331797b59762fadf9c3d0.json.gz,True,False,4.666085100034252,,archival environment/concurrency not proven comparable or incomplete execution
1ed16264da9dada139b7cca5aea442c21fd6324ab20692d7f0b244dc22d1fbde,w203,-2,results/jb1_plus/reference/3beebc525e15f25cc1730cd8245b3798428304df99cd35e726bdebd390704e07.json.gz,True,False,4.517312299984042,,archival environment/concurrency not proven comparable or incomplete execution
d9f02c8f37e62366b0504a110ad51cca1c905930ff4c86a2a43a2930f3451a96,w203,2,results/jb1_plus/reference/efab4fb1dc3b30abbe8403e52435065a50864b41e8e0ad0341775c27f0e079a5.json.gz,True,False,4.599424700019881,,archival environment/concurrency not proven comparable or incomplete execution
13c16227855919322b805d30f40e02dd785c54f7085faf9c43361919a459293c,w203,0,results/jb1_plus/reference/d8de299eda802c45f37267e94bd378d729e8f19edbc3809d835d60ef64145dbb.json.gz,True,False,4.708085599995684,,archival environment/concurrency not proven comparable or incomplete execution
ea0437c9c3f6b378c795c865bd2eb58938687832bce6e1f8d5be1546a777265a,w203,-1,results/jb1_plus/reference/6168766bee76e183943d4eefadbccc217dbacb63ddc444319a14928e776ada40.json.gz,True,False,4.669102999963798,,archival environment/concurrency not proven comparable or incomplete execution
30a200378546798fcd9ae1679f9bae62fa586e044bc75d20a257728a8b076e48,w203,1,results/jb1_plus/reference/46bc2d463fc8855166f5fde5527fba2a632eb86ea337b197b9579d2f075ab326.json.gz,True,False,4.495714500022586,,archival environment/concurrency not proven comparable or incomplete execution
cf6a57bac6448aecc897eb10cc551adb7218f3f231ca7a679ae2f48f34b6b69e,w203,-2,results/jb1_plus/reference/53b7bf79b25cbf14e739da1a13a8210c15419413d5ab0da6183fa57753aa21c1.json.gz,True,False,4.64254210004583,,archival environment/concurrency not proven comparable or incomplete execution
135fbe21e66e2fc86a74db5e9b34d85b60bc97a6b8bb1d3f4b49cdf2c62ca65c,w203,2,results/jb1_plus/reference/04a0327210e4cb9dd48fb1d200a79bfa677977309f354a1c65d46094d790965f.json.gz,True,False,4.437777300016023,,archival environment/concurrency not proven comparable or incomplete execution
fddea6a83559cfd90a061adcdfd6ba8d26fdc10189be4abc6dc82024c437ddc1,w203,0,results/jb1_plus/reference/06d43e6d8a9b7dd911d0f15b925c2627ebd3f9ba94210e6ca3b812eb157208ed.json.gz,True,False,4.8371815999853425,,archival environment/concurrency not proven comparable or incomplete execution
8ac380d42aee18e9162fb72dd7abdddde173da321cc0b289b3018b5065e26f71,w203,-1,results/jb1_plus/reference/458f19c528019ea2e1dc8c1e391c6e77dfe410ee3e691fc9e02b0ef307d9d5c0.json.gz,True,False,4.798062899964862,,archival environment/concurrency not proven comparable or incomplete execution
cbd303fe19b3413f4de23364e852a8e539c3695d86dd3239ed24d85a988f95a8,w203,1,results/jb1_plus/reference/4829632da4b27241a2f1bb621a3ddfb5dd5a3b7232c9005e8ac4cbb5f4200c2b.json.gz,True,False,4.984013599983882,,archival environment/concurrency not proven comparable or incomplete execution
4cddf9f8939a68be0d355b6e171467d0e6b7e80058adefbe66039fb1b9d7e8be,w203,-2,results/jb1_plus/reference/1be9ce397da405c1b29561f7cb28203d1166bd3de7694a793ed967a0724cc275.json.gz,True,False,4.942914800019935,,archival environment/concurrency not proven comparable or incomplete execution
609486c282f861e1f5138de8c20a0cbdd83e6c34a056ca55a157c3e297ed3cd9,w203,2,results/jb1_plus/reference/e0e44ddf1bd6b74bf6e358c7b554b4ac0f5a2572457cbb8f7c8063594c2f17cc.json.gz,True,False,4.890236499952152,,archival environment/concurrency not proven comparable or incomplete execution
a2e2e1d701d00b0c04d3e9ae557c04dbe9f1f2270546fbfa8d77b18dc93167bc,w203,0,results/jb1_plus/reference/044b8a5c6a73c970f2ab4fa8dc83f2ccf8a6b0445fe1e11a6398adf75b50bfa1.json.gz,True,False,4.743277499976102,,archival environment/concurrency not proven comparable or incomplete execution
8b6058c0e8ccb760ad0f440363e3bedf0510f784100462659391d3b9d0d52b30,w203,-1,results/jb1_plus/reference/3c6ff83fd45214720e81d37e2d2653b7d94f883fb7c771671f225af6d00d77de.json.gz,True,False,4.843677499971818,,archival environment/concurrency not proven comparable or incomplete execution
9355a9eca82955e18a0031cdab9b9d683906b3d7e5e2ad173f6ffbd40b0f0f05,w203,1,results/jb1_plus/reference/7ca6975d9c0180f3883fd1f530c5ae61ad65df85cb9b84324f7613052dff49b7.json.gz,True,False,5.021299299958628,,archival environment/concurrency not proven comparable or incomplete execution
fa18d3c8e232f906cc6f76bef3bb271f82823bd404bfaae3cc593e32abb30884,w203,-2,results/jb1_plus/reference/791c7bf0b54b02eba8836a96e1490b044d61d030712aa0aa17a76cf1273ad204.json.gz,True,False,4.567066400020849,,archival environment/concurrency not proven comparable or incomplete execution
5f433770c3c1b5c991b9b7409a69f8c4ea270bbaee01736340e2a018ed35139b,w203,2,results/jb1_plus/reference/225f0feb4ca2b96b38cad4b11345459f9b4ffb6565bc0b33132a078d3f044d5c.json.gz,True,False,5.489885100047104,,archival environment/concurrency not proven comparable or incomplete execution
1b9d0c57a2d1d2d9f260700358dec77dc6340d2c27d5529745efc21c202533bc,w203,0,results/jb1_plus/reference/96791e542d2ff69d94ac13a0cb8c5587d6f6a9cda47a7d713511b5fc63883114.json.gz,True,False,4.359344299999066,,archival environment/concurrency not proven comparable or incomplete execution
a02113c043797c35c319b368d92f8557afe9738e329a26cfb3d59867af447ff7,w203,-1,results/jb1_plus/reference/ac79248ea88b201bb2d187e486b9355844d0252ca96f304c2f38b564f1eb6167.json.gz,True,False,4.5113667999976315,,archival environment/concurrency not proven comparable or incomplete execution
fdf877d71c163d92e2ab0195628f9ba4660a798f859f419b48109d5695dae6e3,w203,1,results/jb1_plus/reference/5fae7e2a30622e87d546021e0026c4b55d94cb9bfe37ae24a8ed5184f5b4a3b0.json.gz,True,False,4.305768300022464,,archival environment/concurrency not proven comparable or incomplete execution
354616bbaa628b7254d604fab2061060a1f5500e0f97bb075857651254b05b71,w203,-2,results/jb1_plus/reference/81f0e5aab8a8eb8f488b19fd6d22173df37e3cc9cd271450fedad12bcaa73ac4.json.gz,True,False,4.265549299947452,,archival environment/concurrency not proven comparable or incomplete execution
d8caf12c6f85edc2dd535f7d14de3388bb0ca13dfab046b7a885da67856a547e,w203,2,results/jb1_plus/reference/a5d798ebcda4af8ce5d5adc9527d0426d0ba1adafd97995ae68398806d8edede.json.gz,True,False,4.387435099983122,,archival environment/concurrency not proven comparable or incomplete execution
a7110d0e56a9fc05155c88ea2d9b0f572b6eeab023d6e773e0e544d53191b22f,w203,0,results/jb1_plus/reference/23d98b88ea9b3bc8aab7e0ad326be0ef649659e5d8d04ec4edad2a6af7c8ac1d.json.gz,True,False,4.7277904999791645,,archival environment/concurrency not proven comparable or incomplete execution
f9f537aeda56a24f6f332c046551e6c98b0521ccb96365e53fe842e4bde15376,w203,-1,results/jb1_plus/reference/43b13e7f68940e9546e9645732799129afbfd1e58fb847994ca2f9e62edfbee4.json.gz,True,False,4.774851900001522,,archival environment/concurrency not proven comparable or incomplete execution
79f311992264098a62d28277ba0db9d7350fdb413ea261ae8abd1038cf8358a8,w203,1,results/jb1_plus/reference/e16f6ffd078ff9f5f3e2099387095268d5819d2b1a91aa94efdf7868fded2aba.json.gz,True,False,4.862531799997669,,archival environment/concurrency not proven comparable or incomplete execution
deb21fd8fcdef5dbfcd64f5f7043ccdcda793165dba3270cdc1b84c4cf07bda6,w203,-2,results/jb1_plus/reference/b355611b35e16c27e3c70b6bfe7bcf796789b828f85c79c80247ad57c0b02972.json.gz,True,False,4.620521500008181,,archival environment/concurrency not proven comparable or incomplete execution
642979c476cb8da4678b3609c7d64317d2ca6547aa2deab65f39adf67a13505a,w203,2,results/jb1_plus/reference/c11dd3b6b8ae14865101e26f7543e3b2213bd4df2a9b79cd6d0e53763c93b8d4.json.gz,True,False,4.53957259998424,,archival environment/concurrency not proven comparable or incomplete execution
f0b14eec618b622f470f2823261a65e4f4d225688b20861244181f79b2ce4c4c,w203,0,results/jb1_plus/reference/2f712badc7d7b6999d2fe2eb4fe4831882cfd7dd7e4d418aaeb7dd8cd614a3af.json.gz,True,False,4.992477599997073,,archival environment/concurrency not proven comparable or incomplete execution
112794d2fe629fe51d35080a8a81ff480df4b8a48d59b5dd3ee83d6fafd70ead,w203,-1,results/jb1_plus/reference/912cfc11d83c0b56dc7404449771a579b0d2c3ebac89371bd178bbc5c6419879.json.gz,True,False,4.395876700000372,,archival environment/concurrency not proven comparable or incomplete execution
64c35794c7d5255e04b8885ac07f910ecd8ee030e670fee1500dd002f09b1d24,w203,1,results/jb1_plus/reference/d9f0281a96093090bbe8114e55b54f9b98494f876ad83a541a83b8b00ce56887.json.gz,True,False,5.010433099989314,,archival environment/concurrency not proven comparable or incomplete execution
e65f92e66a38a8d88c4eb2372500b98bcdbd437e66c4cd49c38419adb635bf41,w203,-2,results/jb1_plus/reference/8ae71e94a3a0cd5b73e9280d2bb795fb34a4b27a719b2f15c65a960fe5e63345.json.gz,True,False,4.405692900007125,,archival environment/concurrency not proven comparable or incomplete execution
c1c98f1cecc9abb29d24101bd3fc160a31986de35cc590e89031724b2bea7d05,w203,2,results/jb1_plus/reference/59f397b336cc3491c4a116cb1ca92e56f8d9996de69d51001695c36b79817816.json.gz,True,False,4.972654799988959,,archival environment/concurrency not proven comparable or incomplete execution
c5630fd03043a732936471374df609e9643000c1c421a8fc8ea69773549e51a9,w203,0,results/jb1_plus/reference/cff05c803f0cd1302149a03f1c8a396ba3f035d133dff1c9ed77ad0832704781.json.gz,True,False,5.427590699982829,,archival environment/concurrency not proven comparable or incomplete execution
dc0e126cb5295d9049b542ed811845af1510a9965dc8590a2990705ae07cfd6d,w203,-1,results/jb1_plus/reference/29cd803e58f32b447bc958b4cdce4944f98d8df7ec1368ef311276728bb9c97e.json.gz,True,False,5.451236699998844,,archival environment/concurrency not proven comparable or incomplete execution
9074d24f1121a13cf25b222d4a31181d6110487d1aa4fecf0fc7395adb30244f,w203,1,results/jb1_plus/reference/9143a5a094c0b5bb9cdc83697897e047cbd8ac678c407d8583d40d0abd20c3a9.json.gz,True,False,5.568585800006986,,archival environment/concurrency not proven comparable or incomplete execution
0ecd14b95e0c75a4d436391b5580cebda9bc36e3c1f563e0971a9f7bfc983173,w203,-2,results/jb1_plus/reference/52a254f07ab5e26200200f04cfc98da25154207d971615e446e33c548a9e0adb.json.gz,True,False,5.519972999987658,,archival environment/concurrency not proven comparable or incomplete execution
8052b6b30c88b42a7518928b4d8cbf9707e49b512f9237587f0487fdc3b79f75,w203,2,results/jb1_plus/reference/f2c36d3c807ed1b3844676e02bd20f74594a504818cb974968c4f8ebc0f6cd95.json.gz,True,False,5.51128219999373,,archival environment/concurrency not proven comparable or incomplete execution
0b805b966964972fcd9134b396a061950e14d48731c04b3727f750abb751baeb,w203,0,results/jb1_plus/reference/f58cace89d2e90d1f0271f744b026c75dff87b195ab6012de86909a355454a5b.json.gz,True,False,4.986712399986573,,archival environment/concurrency not proven comparable or incomplete execution
17f5f3172a87f5874a1ceaf24100d7d6d4e76b652c2357cd008bf7d7be30546d,w203,-1,results/jb1_plus/reference/5e5bb0452eb69056aaeecc4dd3a6fb041260021b68e5c2b4e1932441c6170e1e.json.gz,True,False,4.936622800014447,,archival environment/concurrency not proven comparable or incomplete execution
f5f51aaa7f33df78f254a9279e4812456e68a05f36d6029da1c6ac4ec963ca3d,w203,1,results/jb1_plus/reference/3d48c7930ae03e0ae38f61385798440ce7063563c4706d62b768f04452106c44.json.gz,True,False,5.175638299959246,,archival environment/concurrency not proven comparable or incomplete execution
ebc212d3a472868cda246e08524fe44e19ecff6fe73b3f76314d6975809d5021,w203,-2,results/jb1_plus/reference/ba890fe797e662c5ff8edaf0b0c28fc7d9e7f1b54352986eb008b54772405289.json.gz,True,False,4.957032799953595,,archival environment/concurrency not proven comparable or incomplete execution
e265dfbc20e3d65954383f2c2ce263d8b291a1e16d72e6199f371ebafb40421e,w203,2,results/jb1_plus/reference/30b556f3996c1512632ffbaec51cdc233e6dbbbc90da704b11d673ea4d898f45.json.gz,True,False,4.476716100005433,,archival environment/concurrency not proven comparable or incomplete execution
c225d9f3ca5f471e09abb1d56738bd9214ed2baf7bfd7d9c71fbf14a6f7ca55a,w203,0,results/jb1_plus/reference/e6d9a6a7107e7abc165fc4ca8762ab04822791943d9d95bd7c118e962b14af04.json.gz,True,False,4.4044547000085,,archival environment/concurrency not proven comparable or incomplete execution
480e396cde09052d27ccd94e47176a1d05a2c294da26487bce5c922221092fde,w203,-1,results/jb1_plus/reference/2b610a6852352282789cc827a9a69e409f265e9bee6ec2373d1499cd4c66369c.json.gz,True,False,4.407169500016607,,archival environment/concurrency not proven comparable or incomplete execution
c619cb1390706a0a501c066d94b44831dfe720f0a2cf5d40fa24d8f49d25d35c,w203,1,results/jb1_plus/reference/5d2e2cb0249b6243ae2690727aba15dcf96da8ae42bd502ca673b96b631c83b1.json.gz,True,False,4.600689500046428,,archival environment/concurrency not proven comparable or incomplete execution
ea5e5eb16c5ed832f57fe335110c6df4619648237ad7cefd01083745e4469f70,w203,-2,results/jb1_plus/reference/209b1d4671d562e22aa532592d2c712b3e6f77d646c241df122cebcb620d2ba0.json.gz,True,False,4.631769500032533,,archival environment/concurrency not proven comparable or incomplete execution
4aaf570ad62af544deaf6f094f100cfff703b65483d693c4ee7947302eedb373,w203,2,results/jb1_plus/reference/ecdc897774bacee7db2b3283c6cbf3091036d7d795e096a36f76b26defaa472f.json.gz,True,False,4.759986400022171,,archival environment/concurrency not proven comparable or incomplete execution
50257b6e787e2691d296b5a5b92e624beb92b9f3ae369d39860c8d713bacd6e4,w203,0,results/jb1_plus/reference/c28a2ae88d956195fd350012f4e93ff328aa60409dcea943fcaf6bbc11f1210b.json.gz,True,False,4.500040699960664,,archival environment/concurrency not proven comparable or incomplete execution
323e9ed2cfd01149e343cbb3e84d51052b16d87db047b1a0ffb828ac524af70a,w203,-1,results/jb1_plus/reference/cadcd1391217281781cff3c95eb2daf6dd69cd07bc5f858b95d693ba4ea34749.json.gz,True,False,4.486933900043368,,archival environment/concurrency not proven comparable or incomplete execution
4091a842de0d1870b9fbd2a14a5535bd63f32bb8fde0b42c571ae15b3d82e20f,w203,1,results/jb1_plus/reference/579e72bef3230dc9bcca01ae5398435f9747a43215820ee2007e29c2c649f5a2.json.gz,True,False,4.499568299972452,,archival environment/concurrency not proven comparable or incomplete execution
00d5de364a62d1fa26cd64fac0139641b34269f55d3200af70064d7c86a91d9e,w203,-2,results/jb1_plus/reference/1fac1dd654c633046ea8fd519b70972f782235793e6988af5485af91cf3154ae.json.gz,True,False,4.427373300015461,,archival environment/concurrency not proven comparable or incomplete execution
370fd0a176ea7513f73f781e5c12558705f3af41927ef39bc4d39e488b0c50f9,w203,2,results/jb1_plus/reference/323b06bf2e15cfea39ac975609c820338beb63ad3fea3b7ad7406a6e01015b24.json.gz,True,False,4.746558699989691,,archival environment/concurrency not proven comparable or incomplete execution
aa2026f935ade2b01d6e0d24b910091b09f3dbe09578f6af8821969ce9e208f8,w203,0,results/jb1_plus/reference/3cd56c163259b890f50b2d18f03709ce52de18e97a47ed93c1c4f5302116b646.json.gz,True,False,4.944077499967534,,archival environment/concurrency not proven comparable or incomplete execution
5a1c36a4865c3c7a981252f5bc798a92ac41e116144eb02e9ca801589fcd1249,w203,-1,results/jb1_plus/reference/a5f5c58837e07b109eac0b8f645a0030c67a12c41622a40351ef6ab2a7ee457c.json.gz,True,False,5.143817600037437,,archival environment/concurrency not proven comparable or incomplete execution
1375b033ae75131b6c88b338c9b1abb455dda61f2ee1a0e3a623c902c8d27069,w203,1,results/jb1_plus/reference/4eedba0c10d97f909dee5fa73a49247a79b8c9a85b17bab1832d5439a0609c1a.json.gz,True,False,4.980305200035218,,archival environment/concurrency not proven comparable or incomplete execution
12fcaa6773c3e9e672e689b183f8c1751d8cd36dc1e8ac1c0f58211f5ede1b42,w203,-2,results/jb1_plus/reference/dd00c15519263e21828433a19200180de0c83e4b801969d3d9cee661e19550d9.json.gz,True,False,5.113477999984752,,archival environment/concurrency not proven comparable or incomplete execution
ae67121614f30117d359d5661629778e403c7f3101c7eb32fbc4a027b7bbc6c0,w203,2,results/jb1_plus/reference/769bbf59d5710e757c4b939886ca3b6b0db08d79296bfd2c367e7964eee555f3.json.gz,True,False,5.280451199971139,,archival environment/concurrency not proven comparable or incomplete execution
0822d0dff329e219a3e46fd7c539355ae8917e9835a7c3b2a2c4bc3d8b35fe2c,w203,0,results/jb1_plus/reference/35556223520c58b404a7105a27c3a523f937ffc30ec1a02383ccecb82128c9a7.json.gz,True,False,4.995605000003707,,archival environment/concurrency not proven comparable or incomplete execution
4c43c26f11e3ff69ef79eca83c41435f6e8b419b535356e0d6ffa12278ba3e4e,w203,-1,results/jb1_plus/reference/87b3bed5c5601deaca6710e5a9e6ec975d5aa731bf5252f5660aee831357b4b6.json.gz,True,False,5.181748400034849,,archival environment/concurrency not proven comparable or incomplete execution
231c8ca8f0ec1f2547c0d20db6013f2a112dc3985b2ef923969a0c9ce5c1b3a2,w203,1,results/jb1_plus/reference/4489d1c6603b6e076f8ba967db116dae0a70f98b3619536bb9cc1bdaf9097d59.json.gz,True,False,5.208753899962176,,archival environment/concurrency not proven comparable or incomplete execution
3b324ba419d5807a10f49125a45044ab78733dc948dfe54924f38a8673c2770b,w203,-2,results/jb1_plus/reference/a1a2b8f0113c251c70d91c7889e5195104e5d357de61aabeb594f3e933da962b.json.gz,True,False,4.927129900024738,,archival environment/concurrency not proven comparable or incomplete execution
01fa7f48f99049e225b495d9812aded25183017ca3dc317416165521819a37c8,w203,2,results/jb1_plus/reference/7cc43058bd18aa569029025554eafe0cca7b16739617d28c633e12d3c147d926.json.gz,True,False,5.187782499997411,,archival environment/concurrency not proven comparable or incomplete execution
59bcab661999c4e0067f50382ca7c48af4747a46f66c32787f31951923db3f05,w203,0,results/jb1_plus/reference/ce62b95cffd6d2e173c655832edd7b735402404455b30f6f353aabbdec4d2d5d.json.gz,True,False,4.6303791999816895,,archival environment/concurrency not proven comparable or incomplete execution
7aed7043652c0db17d52525b215b35d24e3688c195fcc91bf03f49741b7bdf5a,w203,-1,results/jb1_plus/reference/b5f44498608b4bd2090662377d99e54115462f76be7e05dfd8cd852c7293599b.json.gz,True,False,4.930079499958083,,archival environment/concurrency not proven comparable or incomplete execution
e6e6251710642ec76f2e908f68c14c15b5b0369ab294f86fca33494b685d0f09,w203,1,results/jb1_plus/reference/321e510e0ea1c7f4bf5439267934e5e9958c721bcf785fd2f9be7ce8b5b6b4b5.json.gz,True,False,4.878614000044763,,archival environment/concurrency not proven comparable or incomplete execution
d09534f88e73c55c4432e51d35497a0ce3fef9b21f7ec3cdd1eedd4d62773f41,w203,-2,results/jb1_plus/reference/7aece6ae4bc1a3164c7774547279effeebffba663c2247bca67f4f0ec26ec92c.json.gz,True,False,4.979981400014367,,archival environment/concurrency not proven comparable or incomplete execution
d8ea944cd4a9458212cca9d77e05dcf2df2f0282c2bbdd8f376b6e39538e4343,w203,2,results/jb1_plus/reference/03e3f1fd8d377098b86da104be02f4827aff869a7ec302cbb8b197fda6e36e23.json.gz,True,False,4.654335500032175,,archival environment/concurrency not proven comparable or incomplete execution
f0fe846988570503778866035c2269904cb65a5ade3444907785893dcf2310c4,w203,0,results/jb1_plus/reference/4c823eeaa0aeaedb94bdef94e59552050d1276ecf565af0af3af4c124b5be888.json.gz,True,False,5.11336969997501,,archival environment/concurrency not proven comparable or incomplete execution
60a5c36ca26461990e117ca8deaf93756702eca8c358c53ca097b88b6ab62e8d,w203,-1,results/jb1_plus/reference/9f4fbd4655285ae6a57855ff4ccf0b08ec34a87a3041937f597834254f85886c.json.gz,True,False,5.07714379997924,,archival environment/concurrency not proven comparable or incomplete execution
f8b11cfc6034f83dd650c76684c97074de3ad045faffc73bb402d4f22239e106,w203,1,results/jb1_plus/reference/b731a865929bc9f66e56da2cc9da74d7032b5d48c5ee551cac1976b3f6079fe6.json.gz,True,False,5.085888100031298,,archival environment/concurrency not proven comparable or incomplete execution
fbc22ca2e2e151dec2ef1b9bfb0e6b67e655cd3642c4a9228b88b5272c39cc2c,w203,-2,results/jb1_plus/reference/d3a83ded6b9f7dea1b25174ba08c833d92fc5dccc1b3920d79891def500eb03f.json.gz,True,False,5.163552600017283,,archival environment/concurrency not proven comparable or incomplete execution
bb4667071a958f0e86bb230132d0765ab0726293d033bd737605cfa49730f773,w203,2,results/jb1_plus/reference/c6403fc10f49343eedbee12a9d01a83d64dab5f9b2d70563a75e2fbb0fd7981a.json.gz,True,False,5.008770300017204,,archival environment/concurrency not proven comparable or incomplete execution
c1ef6b076af0ce961424c888349d8eeb5999f5c02bf54cd493993738d068b52a,w203,0,results/jb1_plus/reference/b24338b4124ecf976bdfcfd2ec3c2d27dc8fdfeed6e12e8bd74e97ff9b1955c3.json.gz,True,False,5.173575399967376,,archival environment/concurrency not proven comparable or incomplete execution
79b0fb03d62549676df122c333bd8d256db4f649eef3e469a3df4b74f756f412,w203,-1,results/jb1_plus/reference/3147ca2a42c48217f52b7e7209f2f693b6b9bea6ea0520d330ec446323554401.json.gz,True,False,5.277823999989778,,archival environment/concurrency not proven comparable or incomplete execution
e66cc3fd7f8a895f4d8e783f174acb5be76122704748c60c13d16fb36d048bfe,w203,1,results/jb1_plus/reference/af77adcc77c010ad43e1941090b58dc5812c326983297a5a9049132cb30c430d.json.gz,True,False,5.182184899982531,,archival environment/concurrency not proven comparable or incomplete execution
9aa3c2be2f259a9169ee6fca0d570084fad466e6638aae458bdac3d23240092f,w203,-2,results/jb1_plus/reference/eb06a54a202c99d1b599364a62779f75711f6d5315583163dcc1d0dddb9e005e.json.gz,True,False,5.19703630002914,,archival environment/concurrency not proven comparable or incomplete execution
62ee0814117b82330571c4caa09f010e8544efd453dbf9299133ca7657b8e3ee,w203,2,results/jb1_plus/reference/c4c9d6106a3ac9184fd5fe2a4c2ef76a890722969b72ca9e270827b38eeb9c05.json.gz,True,False,5.188324099988677,,archival environment/concurrency not proven comparable or incomplete execution
20dcada87e070b8f84545167829a939d174ee9e6a5e5251879e63d5d0c2e1aaa,w203,0,results/jb1_plus/reference/cfc77b2ecff7d1b27c4cd56e8f25f7345b2fd80395b06ca482f80295498151fa.json.gz,True,False,4.501469900016673,,archival environment/concurrency not proven comparable or incomplete execution
73ae2389c403b0b480c5ee6ec764b4de638e66b683e7001da4efce014e667118,w203,-1,results/jb1_plus/reference/5e5acd4248b9216c8aae70c055d5fd83f185fba34fe2684e9b8b5a790cf378e6.json.gz,True,False,4.587279600033071,,archival environment/concurrency not proven comparable or incomplete execution
70bddf1df19b4df3dfb16279c62de6aeb61504107899306f0dcbf2e2730c21cb,w203,1,results/jb1_plus/reference/7e5a512b05085623db064450eebb90a3f59fb785fd40ef9bf0ce942b4c7b2f60.json.gz,True,False,4.572363200015388,,archival environment/concurrency not proven comparable or incomplete execution
5fc6bae861a579b0b303642876e9868be2c63d6787a6fabff8049ecbe387d2df,w203,-2,results/jb1_plus/reference/a6e172b8ebaecaaac7f431486cb21b0a1123496a4954a5c64fe94b0a336818a0.json.gz,True,False,4.7607232999871485,,archival environment/concurrency not proven comparable or incomplete execution
1ecae441eec22e7e1e6911f0910781e3a6f8fb9940baba74c4efec7c8b066553,w203,2,results/jb1_plus/reference/65469394ac16c24807f9769ff106ed602a99dd748fc9d6d401d87ebae4a000da.json.gz,True,False,4.5698161000036635,,archival environment/concurrency not proven comparable or incomplete execution
1e1130d38ba352fd515852cfae51fc023b68f2d05ab452a58a5c41d44cdc4f1e,w203,0,results/jb1_plus/reference/1f1331915c4d2171165a95dd5359b4f8ac49635e40318524f03e0923700aede2.json.gz,True,False,4.9607982999878,,archival environment/concurrency not proven comparable or incomplete execution
e94907ed12c4d14bf3d798fe06d394a97d680d14d38b8db0e68b60eda18f753e,w203,-1,results/jb1_plus/reference/a9019a3466011717b7eea0740646a0eebe0cd9f356c9ec7635ad0e216a0b28f4.json.gz,True,False,5.021495599998161,,archival environment/concurrency not proven comparable or incomplete execution
e98fd89f505c7a42fb5fd5abce1a64ee8cbdf008476003cb18f11dda0bd8d415,w203,1,results/jb1_plus/reference/96d469eaad4d3679689b50e758c5160e0445a44bf0e2115213be840c2280f392.json.gz,True,False,5.255161000008229,,archival environment/concurrency not proven comparable or incomplete execution
e2081b6fe5c6b48375a95f71081825614b07c3f2a709b2f5b6b1b3f7144ce98d,w203,-2,results/jb1_plus/reference/a4cfe137f4affcb26f06395b64b02ceffaf956634d1feb16accb76861ece1e77.json.gz,True,False,4.884027499996591,,archival environment/concurrency not proven comparable or incomplete execution
05d38e9fe230505c14a9157a9b8a491ae0f083e10198eff022deaacb607911f1,w203,2,results/jb1_plus/reference/86b5ccd16014bdeab5340a272e556d148396100ca39754527f9c2c223bca43c8.json.gz,True,False,5.2832476000185125,,archival environment/concurrency not proven comparable or incomplete execution
7f25fab9b2a0dd97033bccd9e5f326893a3f0fad3ca8cc144090c7460f792df2,w203,0,results/jb1_plus/reference/3322b5cdf0faadfbf5a01beccbfe026b0d5140c5a09f76f19ea8a5f51ce90d8b.json.gz,True,False,5.26942450000206,,archival environment/concurrency not proven comparable or incomplete execution
464af7b8b5489e10aeb7b1b9e26ea7b0985495572e86b5fc8898c571e5af7ef8,w203,-1,results/jb1_plus/reference/5dd55fff28e9010e1601c08f4b9d1117f9f8eda1c14276eca5e785424d2225c6.json.gz,True,False,4.9395950000034645,,archival environment/concurrency not proven comparable or incomplete execution
eced84edfcbf034a2ad6fb8e7f8077fa454ee6715b50967b86457046d2b33708,w203,1,results/jb1_plus/reference/740f3369e4be0d78dde0900d1ab141dcbe3ced2ea6cc1cc71b577890147b93b7.json.gz,True,False,5.218987600004766,,archival environment/concurrency not proven comparable or incomplete execution
acabfd294f4e0a11521b533f7ee87220b03af1b168d23e9f359f3a9cebca7038,w203,-2,results/jb1_plus/reference/24bb67bc24ff36ab49ef6ede42599a029eb98111c9c117ff7b3d8118d4d37c32.json.gz,True,False,5.082957899954636,,archival environment/concurrency not proven comparable or incomplete execution
5cd3e2a34b944c7cae46ec16900f1370fe4a81ca07b116e194be366fadc580ac,w203,2,results/jb1_plus/reference/9d75d2461f7cedcc64c5a136891812ad6069dc0e7bab95cfe0cf601a7d4f1775.json.gz,True,False,5.527353699959349,,archival environment/concurrency not proven comparable or incomplete execution
642fef621da1bdabdd00b0d1c8c223f2c27994a2161933947aff9d5e3fadd2e2,w203,0,results/jb1_plus/reference/9a595927b7a7d6fd99318629add4ace151af8c6d75a3515ec8456c26bea465f0.json.gz,True,False,4.516801999998279,,archival environment/concurrency not proven comparable or incomplete execution
95199412a6718fb9984cfaa2466e7564ea2293afd780ee64c3f8708b7aacbc1c,w203,-1,results/jb1_plus/reference/87e1b35a10a648b34ded7945060b4c2420237794fa316c815f5dd161525b9bd7.json.gz,True,False,4.552480300015304,,archival environment/concurrency not proven comparable or incomplete execution
697414703e35d5519235649748dabfe356ad700e60deb364a2818a59da16c187,w203,1,results/jb1_plus/reference/ba8291b1428522adc7f29cee9bdef42fe01837245a179950580ef5e574da8753.json.gz,True,False,4.601438999990933,,archival environment/concurrency not proven comparable or incomplete execution
34528cd1c49f0ca01ef18f433698b88b002ee1e1cac89c6ae3729bfed4f64ebe,w203,-2,results/jb1_plus/reference/2afa05bb8a51f5868e00f616b279c8512fea11e967814e04a1b61294ac02d1be.json.gz,True,False,4.568381600023713,,archival environment/concurrency not proven comparable or incomplete execution
345657a0a04da884eab4060882f4f5422e7e6c232a9d986b793103b84a8aab6f,w203,2,results/jb1_plus/reference/efbada8cd0d50e13d32058d614af7b6f5eef3bd00ca7145c362ac65ac00de221.json.gz,True,False,4.418291000009049,,archival environment/concurrency not proven comparable or incomplete execution
03077efcd90f64ec8b517fddf4fe4def060746683bf73928a8f3a7da81e4bf18,w203,0,results/jb1_plus/reference/a45723c4bd5ad26ada43fb9df42a46654bc312c6c6786ca52d5fe0fe70d4a0c1.json.gz,True,False,4.959529799991287,,archival environment/concurrency not proven comparable or incomplete execution
b5c14d5758fe9c7ecae78920b4e441e417f8d763293d328632ac5314c89ae627,w203,-1,results/jb1_plus/reference/f401347656225d6cbbf3c5cbf5467d2af2401ea542bc526cc02959e4d4c66c62.json.gz,True,False,5.058999600005336,,archival environment/concurrency not proven comparable or incomplete execution
e97f8a440238ca493c572778ddc810c236fe517a64be59b42137ff22745724b4,w203,1,results/jb1_plus/reference/68e565d140163d8590dda9b6745f16c4e63512e61286da882aa7b9d300018a67.json.gz,True,False,5.049347100022715,,archival environment/concurrency not proven comparable or incomplete execution
1ea1fde6bd48bb2d7fba7b4c50cf2d9b421a0f7c65c0c77b5ca363ac05152b8f,w203,-2,results/jb1_plus/reference/e8031bf712918ca25023f35913712fc7e3066cfe469d0f1ea5bf3a4a9ee92827.json.gz,True,False,4.975471199955791,,archival environment/concurrency not proven comparable or incomplete execution
6311c36b4e1d0fc273311a86afb41362c8e1609ba9507e5b7b3dd6ae24c309da,w203,2,results/jb1_plus/reference/b539a20ed9791d12ac885a0f79bb8ae8aa769605e4cfa2ddaa76449c8ef33dee.json.gz,True,False,4.336858000024222,,archival environment/concurrency not proven comparable or incomplete execution
c1176353cc0314b42e06c71f9587f6347a2828cbaa2865feee40971ca7547718,w203,0,results/jb1_plus/reference/78e37d865f098fbb4701b5af99253afd2607580062d3a46d78ef3bcd84530c26.json.gz,True,False,4.643302799959201,,archival environment/concurrency not proven comparable or incomplete execution
ba143cd60eb75628b1ba2f9dde4a1f837c6a3e60b0c24448ed630c10655e9cf8,w203,-1,results/jb1_plus/reference/b854596490a81252d742979ea52b788690c774bf352beed035fd81e5e2961846.json.gz,True,False,4.648737500014249,,archival environment/concurrency not proven comparable or incomplete execution
0f56646a14cc708c4dcd51250ad32d26a3aa9d4a185959000abcd0743aa95bd9,w203,1,results/jb1_plus/reference/247393b5d989ad2174f85856058876bfda2b459bde7c4d92b12cb242a7d2e176.json.gz,True,False,4.821674000006169,,archival environment/concurrency not proven comparable or incomplete execution
a1a5696bc58acc5ebb8419d0069cef5a98fe9dcad0494205865d7396722905cc,w203,-2,results/jb1_plus/reference/ba4b5ce7f6c1cf1c639c746f2b615f13e7ad95b519d7a18c5e2881fea3374628.json.gz,True,False,4.684523300034925,,archival environment/concurrency not proven comparable or incomplete execution
752207e29d8ec41bd4da88c051cc2266edafc28c8c5ea4fe091b8e68eee118a7,w203,2,results/jb1_plus/reference/8a72b0fde90bb70985b7acc446a7ff884deddcd6e7ca26320c9e7d3bf170fa88.json.gz,True,False,4.700280100048985,,archival environment/concurrency not proven comparable or incomplete execution
de8936e8dbe34fa957efcc7e596dc9a3a02ee6d05411bfb16c885e813d117ae8,w203,0,results/jb1_plus/reference/54dd42fbcc5c87d7e9f7dde13ff9dba90ad7a7233218fefe25d247cb55c97628.json.gz,True,False,4.901346800033934,,archival environment/concurrency not proven comparable or incomplete execution
a4f2285ce37d334468edc8175ce6fbf8586aa485dd3e9fe044f2b3076e6a035e,w203,-1,results/jb1_plus/reference/a1ef7cee28597e76f49844e6e4860108ec722536fa7def01d30f25e3bf6b3e4b.json.gz,True,False,5.089201399998274,,archival environment/concurrency not proven comparable or incomplete execution
b6077fb9fcf74bab6829d28b097e88536269a0947a13e80246af669aa25b25dc,w203,1,results/jb1_plus/reference/c07075f72246bdf7043564bd468dc8be890b7f4ffc318efc0ec67606b83586d3.json.gz,True,False,5.096238100028131,,archival environment/concurrency not proven comparable or incomplete execution
b220b245afc42a4ea610bf2d783bad3a2fca6bbad94234270458ab5767151ea0,w203,-2,results/jb1_plus/reference/6bd4fe51ea43f50958c1d4e4f8d664c5487689e8972fbdc07f2c71ddf45e9fc7.json.gz,True,False,5.194047799974214,,archival environment/concurrency not proven comparable or incomplete execution
894492b87f0c7f1fc721ecf08b3f32011cf529ef0c3bc3135fc92b619705766a,w203,2,results/jb1_plus/reference/780f6dfba81609d83126547121ff4c2bd6bd639441d2e81ca684c90240e580f2.json.gz,True,False,4.856336499971803,,archival environment/concurrency not proven comparable or incomplete execution
af7037fb6c98867fffb55393c22f7f3749bd2bf658990f7e95331a7db7d50b5c,w203,0,results/jb1_plus/reference/0d32d6a74ff3d0edc5bd7b1fce64785095f422e08e73fbe75eba3de1ce3ddbbc.json.gz,True,False,5.3050409000134096,,archival environment/concurrency not proven comparable or incomplete execution
a75470f65603409d567a537637e920f6ee567e7f8f593214f5b3df41478795d3,w203,-1,results/jb1_plus/reference/670dc9b16606810deed311a81fadc3e9af8a4d2a5720865ce31821363057938a.json.gz,True,False,5.219338399998378,,archival environment/concurrency not proven comparable or incomplete execution
f19dac2653169e9fe36d5e14850527afc9feb10016246b6f9ac96a913c62554b,w203,1,results/jb1_plus/reference/95b4860a90cba13cd72c85425071ce2670943eb1bf3209513fe6c720821ad991.json.gz,True,False,5.252241900016088,,archival environment/concurrency not proven comparable or incomplete execution
2de888a880518448f9b6e4522c53b79464272bbf51597f79bbebf6ca21f107fa,w203,-2,results/jb1_plus/reference/ea50c0bc7a8ed0ccf7ad3845e1e747ef4d25d59a22a3dd728db2e71998921a11.json.gz,True,False,5.1955921000335366,,archival environment/concurrency not proven comparable or incomplete execution
53a4a52426ab892d7c9ed2982bc7f0b20aeb3fd19203e3a4214235c945bf9ef1,w203,2,results/jb1_plus/reference/abf3ac32e9bb73ba8c891aea29e46299652ebd669c98b2589464555ed97ec885.json.gz,True,False,5.144280200009234,,archival environment/concurrency not proven comparable or incomplete execution
8e150ce6c83b9ac2543f6591be707e526d6d1e0c77b9d43653506809cda35c5b,w204,0,results/jb1_plus/reference/f81de7d3a629e2714a97439f982bf69024b8a52e7370cebc0d2ed99240f8a052.json.gz,True,False,46.12260789994616,,archival environment/concurrency not proven comparable or incomplete execution
d0e3cd017c1ba7c50ad2c11b932bb2e4f3306ae606d013e9840dd6eae234f8bf,w204,-1,results/jb1_plus/reference/74452e9bf06099ba2c58362802e5851dfcaf06a9b5bc207ed58f2f79fb7b2a56.json.gz,True,False,43.54615690000355,,archival environment/concurrency not proven comparable or incomplete execution
eb6c0b9a9966ac20f3310d9057051bea8f519a80f46c9fa106a20e3b819ec8ce,w204,1,results/jb1_plus/reference/7feffecb90b2b8ac05104e2f8b36d2ef062217ff98c6ace4e117dbb7afeafafb.json.gz,True,False,47.02792189997854,,archival environment/concurrency not proven comparable or incomplete execution
d7a832d5a04ba63ec716b2f87d80f6415afe16f85cdff33b71634be0b5713e97,w204,-2,results/jb1_plus/reference/baeebdeac418ef0fb1ff5b95c3f71472678da8e2290e57992039e41882ab61ed.json.gz,True,False,43.53818949998822,,archival environment/concurrency not proven comparable or incomplete execution
df3941ce921ae8733ef008a4800d2a1321945bafa40a4c45bd3f301b61e0758a,w204,2,results/jb1_plus/reference/3ba4914803438c2b770cffeb778f785be630b8eba65201643438427261cd438d.json.gz,True,False,47.95954700000584,,archival environment/concurrency not proven comparable or incomplete execution
6c4377b741eeb25fb7e5fed6c6a9bd6c7fa4d4a69b8ad0b5e0a9cec10503accf,w204,0,results/jb1_plus/reference/4d3c4c588734816484bab29b06406147c83df9931b6525c3c3d9338738786340.json.gz,True,False,47.80084470001748,,archival environment/concurrency not proven comparable or incomplete execution
8d08a867735973a7a9a84f999edb6a8633ccd9a70e242b9ac5bf26bcf84a8a17,w204,-1,results/jb1_plus/reference/122d7c8cb6d41ad96986e4cf9c428821314815fd16f17e4dcee309bea5243d54.json.gz,True,False,50.22031160001643,,archival environment/concurrency not proven comparable or incomplete execution
c9d3427b88e3ddb8ca940aeb52327735cc85ac9e4e88a0a740f505c95daafed6,w204,1,results/jb1_plus/reference/59f3db99ecca6a25873055e25630d967b0ddc9a21e12288df13039b11ecbb5af.json.gz,True,False,42.8602927000029,,archival environment/concurrency not proven comparable or incomplete execution
e7aead728a43d7163c3bda71512b81c84141cf793442d25d6feeed0e938f8151,w204,-2,results/jb1_plus/reference/9ca68c1538e99a68e46e6d77c12c5d47c438f7db3004741ce08c98578a667f67.json.gz,True,False,52.67852339998353,,archival environment/concurrency not proven comparable or incomplete execution
dd6279a13a29f0d4328ddb8d336ea3f3561fed41f7854bf40ce4d138fe1f4533,w204,2,results/jb1_plus/reference/0c115dce05ab0c9edb51607d0d6bc452086db22f77c3dbca426f1fce483e8d60.json.gz,True,False,42.99978600000031,,archival environment/concurrency not proven comparable or incomplete execution
330804f1656b0026431dcd6fb94f2be5f5cc652eb351d9f8c2214aa96dce818c,w204,0,results/jb1_plus/reference/7e8b046799b711e235c2399490248820201686af32af464f5079fe0571d35b8d.json.gz,True,False,31.591520399961155,,archival environment/concurrency not proven comparable or incomplete execution
9a1f72f441d37344ee77436793ccc8f4e430c52f417c70d9e02b02e262ab297f,w204,-1,results/jb1_plus/reference/40c29331f12d4ecfdf517bb23bf77f1cd0a9fc26f7c481e8f62e037b9831280b.json.gz,True,False,31.659172799962107,,archival environment/concurrency not proven comparable or incomplete execution
ae3866a29a1b2135d1b6bb20232f257bd879a5c0f0019cd392087106a04ad94d,w204,1,results/jb1_plus/reference/6fc56b090f9709705d0f39a66405b18ad4502170c1d5e2f61f3b028771a47cbf.json.gz,True,False,31.664328999991994,,archival environment/concurrency not proven comparable or incomplete execution
0ab85ade608a7669fdf2101c2d01819e2c7775587172c2abdc294ea9bee80904,w204,-2,results/jb1_plus/reference/ca03969823f807eccb9a421754958678ee5ee7012b7a50994a8df8b1e97c5637.json.gz,True,False,31.782043099985458,,archival environment/concurrency not proven comparable or incomplete execution
53155552bd66f689d8a42b9f5e3d38d01e8f70b4dc7cba8bb7cef0255a875373,w204,2,results/jb1_plus/reference/9c94cfacda8a9363aa3a4b5ec4090a004d163d4c439e21094e08400daebb888d.json.gz,True,False,31.166171099990606,,archival environment/concurrency not proven comparable or incomplete execution
f66e180a2a801ca944647fb74cb31e6e169ce4b005ee5891083658c3c84cd763,w204,0,results/jb1_plus/reference/27be8daf9daaec89da6f17dd40665642eff962e46e1691df393a538d2bff1ead.json.gz,True,False,31.894024699984584,,archival environment/concurrency not proven comparable or incomplete execution
13e0fdf46d1c33ed83238e5c11016d22c21ca04e192125eeeed6e87cab9795d9,w204,-1,results/jb1_plus/reference/f46e734bc27cece65d4be870f848740c293bb8c9bbde9471fcbc084a934685ff.json.gz,True,False,31.23763930000132,,archival environment/concurrency not proven comparable or incomplete execution
0d6cd98a48f7af33dbefbaefba69bb8db82dd3051500b7df3910a883f6d7c837,w204,1,results/jb1_plus/reference/a7d0483fb05f733214779671f24bc97abcf3717e79e1deec1f123a30d0e005dc.json.gz,True,False,31.068395799957216,,archival environment/concurrency not proven comparable or incomplete execution
7451bbc1de4fcb67c7f1a8b8a54aea559fa932b04b30155a3c5049b312ecd8f2,w204,-2,results/jb1_plus/reference/684e348214303d64c1459074d4c51b37515d9f12945088beb22dc37a51d712b9.json.gz,True,False,31.674287700036075,,archival environment/concurrency not proven comparable or incomplete execution
5654c71ecaaa03c777bcb3d95130f3139c096e759b1eee565f1f3304f0173f61,w204,2,results/jb1_plus/reference/b66177cc10f10bf37a9e55f51fab1bdcc9422e49085705644d1cb24250afaa80.json.gz,True,False,30.672316399984993,,archival environment/concurrency not proven comparable or incomplete execution
2f398dac09d3e9152eb24d0eaca8f40be4ed1848aaf77f6ea112fdd9f269d168,w204,0,results/jb1_plus/reference/7fd6927bec57dd2a4f0040689833f94caa64675c8d03dbe4a1ba9e0795b6858b.json.gz,True,False,31.55187520000618,,archival environment/concurrency not proven comparable or incomplete execution
45a0433973f1fa2e49acf8e8f2160f1a00367bdec35c01f48ac7a3f99d443d77,w204,-1,results/jb1_plus/reference/dbf05607da5abd500fa68123ccb3879e0089e6b3907cae65685974ef16ee6044.json.gz,True,False,31.947000599990133,,archival environment/concurrency not proven comparable or incomplete execution
283914b9529c4a637529562b8facb41bd187d8ed8ae93bb7d1bd1f29580e530d,w204,1,results/jb1_plus/reference/3973d37e646adc8417921295cf2150e1ddbebcf569040f72c85ca6c977a2237d.json.gz,True,False,32.030175300023984,,archival environment/concurrency not proven comparable or incomplete execution
278fd047f5ad28582c69981dddd69f541eaf37e5de01381a711e15d92ff14402,w204,-2,results/jb1_plus/reference/e2b7b0b087573d040eaf6a5d7c96fe783c4dec97f3ace7ffa2a12fc6576101ed.json.gz,True,False,32.363856700016186,,archival environment/concurrency not proven comparable or incomplete execution
f80a3520ea5a5431765b025f94e5dd79d01821f9fc37608f369deecb20707c3a,w204,2,results/jb1_plus/reference/7855392f7c8279fac74df002c500901cce59e7ef4cc92fb535f7bf741572b0f9.json.gz,True,False,32.22762530000182,,archival environment/concurrency not proven comparable or incomplete execution
f818be557fd96b3df59630d8174bffe17777a038799a3b440f513bab65ddfa2c,w204,0,results/jb1_plus/reference/4bdc7504e550cc856a0e2be59fcda10ff468cb7843289bca771f73437f195aa1.json.gz,True,False,32.07686879998073,,archival environment/concurrency not proven comparable or incomplete execution
ef06b5915dd00b31d63e111a8a1d399607be3f6127d3828afe128a2fd0931066,w204,-1,results/jb1_plus/reference/adbece78434dfecd8b4ddcd85a3c3c8825b634df3a2b3948b4b7524e7be99ae1.json.gz,True,False,32.3618862000294,,archival environment/concurrency not proven comparable or incomplete execution
5fc0495410a32f88160847a26dcd25d391892629b74aab8e765a823108853353,w204,1,results/jb1_plus/reference/7bad1646803334b974350fe628dbe80fdfcb4abf33fde16980f4a0f097e0a3b2.json.gz,True,False,31.650037799961865,,archival environment/concurrency not proven comparable or incomplete execution
aa882bafe4e4688c691b73ecf547457f9a29d9d47104dd1b0303479ef7062195,w204,-2,results/jb1_plus/reference/3ba2b13d01b6b5b5d3200d66b18d73a42be3c3decf1239aabbecb267819f3063.json.gz,True,False,31.443248600000516,,archival environment/concurrency not proven comparable or incomplete execution
83bf2938451e85b8a58830fb1e7d6c508865525acc1aedbd790ded1af2d929d3,w204,2,results/jb1_plus/reference/6cdbe32027e84de5a1be4449dc97cdba82d594ceda214d852eecf7de22bbff61.json.gz,True,False,31.40387900004862,,archival environment/concurrency not proven comparable or incomplete execution
2eef594de1241494cf2f4d0edd5b7fe6e67ff92b279624aa8e473b0de7f0d0fa,w204,0,results/jb1_plus/reference/d13bac431c5f2a27f862822dca4ac5d7a4180e226765b4e5572390709ab8d0fb.json.gz,True,False,31.22710260003805,,archival environment/concurrency not proven comparable or incomplete execution
ab34d84df3e2ba7b09bdd29910e260619de5b1a86fc19c088a8c1fbe8fcc94a7,w204,-1,results/jb1_plus/reference/55e1fd4d030f312532915ff16974a2edd5c17ba5426513d2a4de3d2c82395438.json.gz,True,False,31.33788350003306,,archival environment/concurrency not proven comparable or incomplete execution
7f4acb59074b3623c9a3aa52e0574f3314862dc72d1726a648dee62309a22643,w204,1,results/jb1_plus/reference/d84859f68fca5fba90746152e0152db50b3021883881c4dab69794ff5c0bcfed.json.gz,True,False,31.81658859999152,,archival environment/concurrency not proven comparable or incomplete execution
313b45cd84ff84fb87841c229f005b2b917be38abe3c762d8524587bfccc66d9,w204,-2,results/jb1_plus/reference/40a21fe8dc873d6d7558e30f9aa306a9ae493bb81cbaddafe69f74701e1eb33a.json.gz,True,False,31.806455299956724,,archival environment/concurrency not proven comparable or incomplete execution
5c9148ae4d2b4d6b4f0e18bae7d20184b09cfe3ba14e776aad8f8888b4b2c0e3,w204,2,results/jb1_plus/reference/25f21f08f3268e83dcc865be5e0e7042fa47d06b6d9d30ef58b7411634cd7b01.json.gz,True,False,31.738642199954484,,archival environment/concurrency not proven comparable or incomplete execution
9a393b7d5bb2b157282c0ffbd4c882b77ce158f8ac7833cc3c7c49fa9a9e8449,w204,0,results/jb1_plus/reference/96e206e6d0db9f1b11847c7f95810ac9336bb07a7e85f59917fccf84623b5c37.json.gz,True,False,42.42779589997372,,archival environment/concurrency not proven comparable or incomplete execution
55cb5965498b50593928bad95786afa244b43d6ad7c31c041f50a4964c8d5091,w204,-1,results/jb1_plus/reference/c20b263c55c22e078b01c7503b8f992c07c3ff781f9c5c6711caca717a00c753.json.gz,True,False,40.24611430004006,,archival environment/concurrency not proven comparable or incomplete execution
9f9e0fa075a13434aecad50f9fa8bac326313328779eb128c2b4261e96349eb0,w204,1,results/jb1_plus/reference/8ceedd3db6d102d88737008d5f60f130f7b332a9c1805fd50224d139fc18eddf.json.gz,True,False,40.754607299983036,,archival environment/concurrency not proven comparable or incomplete execution
138184357eed5d231f18fc2ba76a2d6b9182b1f5b16dc180ca08d9fe43b41f96,w204,-2,results/jb1_plus/reference/69bbe30d8fb65cdec905870b8db74605aaba676cf9930a905affd519f09b3fee.json.gz,True,False,41.381658800004516,,archival environment/concurrency not proven comparable or incomplete execution
f4fe9ef3fe1ad1a884d4817a9b93564bdc3a66be01a022de7ebc6705bd4ca6dc,w204,2,results/jb1_plus/reference/7d306cbc380cad72872501a826f9c78ded3d9aa61bf4fbe2bb3b1b714b72d4d7.json.gz,True,False,37.23573989997385,,archival environment/concurrency not proven comparable or incomplete execution
90b0bfc48552e935e0e775abde1acdf68cbed8c8c5e860ef4978fca0e30648c3,w204,0,results/jb1_plus/reference/372107e40465abc809894fd40a750475c2d26f7ff973caf1c5d97d0277d171b3.json.gz,True,False,34.566980200004764,,archival environment/concurrency not proven comparable or incomplete execution
25cf0fcb61ba2d958167c2ace4a969de89b63902e53416cf5c58ea96279192fb,w204,-1,results/jb1_plus/reference/05c69f46844622c844ac0636acdb9617c2f5b697d204d0f8db1dc3809d0e5ee6.json.gz,True,False,33.727026299980935,,archival environment/concurrency not proven comparable or incomplete execution
59c11d9fc1f8de38b2f12ba27c5226295d1476efd02255296a9075dcd47134b3,w204,1,results/jb1_plus/reference/ffc157d6dafc7a152453d494dfcb4c1dea1f985aac5cf8123aaab46056666de0.json.gz,True,False,37.6912033999688,,archival environment/concurrency not proven comparable or incomplete execution
55d27bd1e5f904c84ff8d376adfddce4cc7f351ddf6cfdd95bb6cc1f48fee626,w204,-2,results/jb1_plus/reference/fae8ed0251473555ecff15fb50c68401264ddf4b79a92013d7db4937c6f89b2d.json.gz,True,False,35.286453199980315,,archival environment/concurrency not proven comparable or incomplete execution
8c19c45f9a24fd51524772707b55dc045af5e2963e24d41d23e26969b3ba2cd5,w204,2,results/jb1_plus/reference/dc2ca7dde317085636edc8a84491cd5a3add4cd9ec105f6f3849ee78abe3a290.json.gz,True,False,38.756427699991036,,archival environment/concurrency not proven comparable or incomplete execution
e12a7a7d40307c066afc48f0b753c500bf60cffcc10c1291e03eca7be50a117c,w204,0,results/jb1_plus/reference/d2a468c0ad46aed506f3ce39b092e2db1a63ec4b3848c1538885fc361ffd9d83.json.gz,True,False,32.18154660001164,,archival environment/concurrency not proven comparable or incomplete execution
643ac5a3477ba5730a9bb882e058822160b0891d5af94df814a06f8941d142e6,w204,-1,results/jb1_plus/reference/5555563012330407f6a3885ed199f52d28f74be08dcda003d00ca6d869054a41.json.gz,True,False,32.752943700004835,,archival environment/concurrency not proven comparable or incomplete execution
4c07a870453b59e33dd60a1bdf86b420d8e2030b6eac1fffd3ef4b0e01256f1d,w204,1,results/jb1_plus/reference/5af3ad6445cbd1e401149364356cadcb12193f58609f3f618a43fb4eeba4082d.json.gz,True,False,31.37079790001735,,archival environment/concurrency not proven comparable or incomplete execution
8acbdc8599ee98ce7236988d9cdb6de108e5f7abdde63bf80cbe5c7ef290de10,w204,-2,results/jb1_plus/reference/8f1c71f45d18ec76df095afd0c5d4229e245877bb3c3967ce718ba0af9e4ff9c.json.gz,True,False,35.040371700015385,,archival environment/concurrency not proven comparable or incomplete execution
d9e910017a0002668f6e5f46ca57f1e7161100013440f2f55d55b4b491ff00b1,w204,2,results/jb1_plus/reference/2baa2a548fcaa513b07401957928c909a83a0c69627efa5392d69e0ddf155df4.json.gz,True,False,31.0596108000027,,archival environment/concurrency not proven comparable or incomplete execution
eefc3abe2e2cf0af410c93c58e78516b67a08383df434bbbff3cc125d8d6ca16,w204,0,results/jb1_plus/reference/7fbbe98d995cf072e35fa4c3ae0703c9f99c8c329dbbbad91f90d2fb40f2b211.json.gz,True,False,29.930622200015932,,archival environment/concurrency not proven comparable or incomplete execution
da2d291f7502e6417782ceeb4c3c6fa38d3a102204fe634fe06039c8ac03e494,w204,-1,results/jb1_plus/reference/df74c5d0d60d5a4bbb86ed5404f21d588902314b01a567ca7a0f27a513b6c66f.json.gz,True,False,30.720112499955576,,archival environment/concurrency not proven comparable or incomplete execution
d0a4350472461d1366147c4422d90115efcc90958a773689cb09019f91a21a47,w204,1,results/jb1_plus/reference/dec2951117173aa8fd3085050e83b94380c857a579797f416f645b2a17b144b7.json.gz,True,False,29.488834400021005,,archival environment/concurrency not proven comparable or incomplete execution
42195fc574544e7f6ef6bdc25ec97eccb523af052d7e8d2fc9e940537483a6c1,w204,-2,results/jb1_plus/reference/c894a6c49ec132183164fc1e9a8395ecc14fc30f48834007dd90ccd4184f964a.json.gz,True,False,31.73591300001135,,archival environment/concurrency not proven comparable or incomplete execution
802303f716131fc3f1e8cbb91a2cbf01885757dcac6ad331f92eae6248eb266a,w204,2,results/jb1_plus/reference/ad76855ef38b167184406e82577d0c12cb91a3662fb4a13a41b246e0d27282ca.json.gz,True,False,28.91232250002213,,archival environment/concurrency not proven comparable or incomplete execution
89c4d108cab3d47abde4a0b4096624cd22faf5256c841b7d3d86d382a7b52298,w204,0,results/jb1_plus/reference/f491fab910c4678bf377707e2a01368049f9cfe477232a298009a2876e6916fb.json.gz,True,False,28.800896000000648,,archival environment/concurrency not proven comparable or incomplete execution
389c03626352aa83e3116a82794cc3dca8f14e237408223d6d8b5437f402b784,w204,-1,results/jb1_plus/reference/3a3607121bed8914643d8196b0c150a0f1b2a1d84e3107a5cc07b63639baa787.json.gz,True,False,29.15584000002127,,archival environment/concurrency not proven comparable or incomplete execution
8c52c14f0124dfb55b3af332fe0f11fed1bef22eb9e66dc9732a9b37f179c181,w204,1,results/jb1_plus/reference/aa6b5cb954d3d2b5e6240774c93160885a37d50067b082b911e02913f1305e86.json.gz,True,False,26.705217999988236,,archival environment/concurrency not proven comparable or incomplete execution
2cfea6c286d24d97f9337611f19e41f1d437ae33fc04d9b8a2f8d7a51f47c751,w204,-2,results/jb1_plus/reference/5d4a15d50422a922448a2d1f5c2a79348eaa316356b1943e1bfdc3389c5158ed.json.gz,True,False,30.304585899983067,,archival environment/concurrency not proven comparable or incomplete execution
0ea8b2fea6b1c02c4d1c70c2a1a9e236f390851baa94518ce0a4287dedc3df86,w204,2,results/jb1_plus/reference/8fbe2dc69216c868b713610a9a249810a64c8aad828227dd76fcb0431676e4cd.json.gz,True,False,26.19552319997456,,archival environment/concurrency not proven comparable or incomplete execution
5085c8192e6fe8f29e34b5cba010a9ebc17c4cabf6212535feccc97b61b6d612,w204,0,results/jb1_plus/reference/fd15467366a8ad55f032fb0ebe74ab879f73b14602cc139849e2bba2c1f795de.json.gz,True,False,26.06746180000482,,archival environment/concurrency not proven comparable or incomplete execution
bc948075a0ba3539b87f094a11876230a591ae09421e734a35c192ae1d972be9,w204,-1,results/jb1_plus/reference/f5bbf2a049d076c0e3a930ec5a5b71be089339b365dd75f59bb5c6e58844eb2f.json.gz,True,False,26.254951799986884,,archival environment/concurrency not proven comparable or incomplete execution
afe10d1f1f4cf66ca792b793863c72974dc2146511cbe325925214bdd53af8c7,w204,1,results/jb1_plus/reference/d9cca0d3ccde89e14a7bcdeaeb928b69b1f9efc7d7f323d674507bf4012fea0a.json.gz,True,False,25.61485969997011,,archival environment/concurrency not proven comparable or incomplete execution
2228c621f810fb23ad9777346ab290e721fc3251dcf3d7ef06731a6b0b186cdc,w204,-2,results/jb1_plus/reference/d4852d26947ed5f6c57e2ca137576ec237527dcb894f8e9d23f79dd39e9845f2.json.gz,True,False,27.551562100008596,,archival environment/concurrency not proven comparable or incomplete execution
1b63e12af75b914a1aec05c453507ccc1227a983daa93d8c5fbb0bbc9966e587,w204,2,results/jb1_plus/reference/107d73b1297ca5624da2b33451f3e25e1bb4418c6f31ec8a026e417eaf4ee14a.json.gz,True,False,24.902142099977937,,archival environment/concurrency not proven comparable or incomplete execution
1b3d031dafcd57db94f69d96ab35aab5d55a499e9549c5b5a21becc7076e144e,w204,0,results/jb1_plus/reference/ca5453746424a8f637cfc5d7f8da6b6d90395b434f9dc7f9fae23aca9fa897ae.json.gz,True,False,23.933203499997035,,archival environment/concurrency not proven comparable or incomplete execution
bfa4a9a2bb191e45957b1879d83d921a88297eca3d9201d0927837f4d69b4a0e,w204,-1,results/jb1_plus/reference/bc9a178fc5fbf386463769ea7b33f303b053e796885c1fb33f9e8d84e2c1f1ce.json.gz,True,False,24.459111600008328,,archival environment/concurrency not proven comparable or incomplete execution
436e82a4d1766982021d7e872d3e1e02b148c3ecc1bfc531857faa634d46fe6c,w204,1,results/jb1_plus/reference/e8c3a0f71abb01688e033d48391e652b75ab22707b5750c22a7919cb13e0b3d3.json.gz,True,False,23.721114800020587,,archival environment/concurrency not proven comparable or incomplete execution
86949a141a05ef99788735bd3f385c23e4ecb7827b4f0350d3cd1ffae91bbe26,w204,-2,results/jb1_plus/reference/b2e55b26c2310f8873464ff51c1b89a14b191e51330574e909baa873232dc8b3.json.gz,True,False,24.937654300010763,,archival environment/concurrency not proven comparable or incomplete execution
3adef89ca318fe5c17897dd9a147f740b86fad4e23f03dbcaa01e50259508f59,w204,2,results/jb1_plus/reference/6392b0c3496ae731fdbd9cb5e886feb250999949fe133c19db685ee241618dcc.json.gz,True,False,23.405028699955437,,archival environment/concurrency not proven comparable or incomplete execution
dc98c9afd31848b0fd65746d489062dac8ddc3db724f18b9b7fc343e08a996c4,w204,0,results/jb1_plus/reference/8ee17dda734c14fd2fe2bc48aa73d86190494235d9e65570558990acdd8080b3.json.gz,True,False,23.714721299998928,,archival environment/concurrency not proven comparable or incomplete execution
1f566299cd46a99054eefef8ab3130006096350e3ab015f50f3747f5e4be147e,w204,-1,results/jb1_plus/reference/035627c41bc162f95e81bea339cd274b83903ee33e0b5fc82c6a96856a0a2456.json.gz,True,False,24.698120500019286,,archival environment/concurrency not proven comparable or incomplete execution
9fe24c666413ba357a7a6107ccaa10a62aa03936582bbdb3f930a43623b5ffcd,w204,1,results/jb1_plus/reference/81add746a66119cdf4cbf8e8098462d071b52d9489a8797c845b659aecdca530.json.gz,True,False,21.53341749997344,,archival environment/concurrency not proven comparable or incomplete execution
9815be8f000905e3b364edcd393d170ae3834b83b4f540f9563a2b8874417885,w204,-2,results/jb1_plus/reference/be3b5a6778049ab45695fbc232d12e0a34956728ec4f579d892fddc5893a4076.json.gz,True,False,24.967490899958648,,archival environment/concurrency not proven comparable or incomplete execution
27c4d6dedafd356f0656391fc78635d6b6021b7bdb64cbfc464b3307021fd36a,w204,2,results/jb1_plus/reference/0e284792377c3fa346231dff42453a5c35b3b1895593797e3f08e55861bb9e43.json.gz,True,False,21.476138400030322,,archival environment/concurrency not proven comparable or incomplete execution
af3c9e36706ead517251725896cd0eada82d742f9b88a2a1597f58ca4b09fa62,w204,0,results/jb1_plus/reference/8b381ed6d0801ad5ac07a4d7790aa2273194d7debefeed26e61ba4d570e25fb6.json.gz,True,False,22.12306290003471,,archival environment/concurrency not proven comparable or incomplete execution
8834d1619c4b570e0a6a7faeaa52caad7c1273bfe0b69bd7b005031fa6e1b430,w204,-1,results/jb1_plus/reference/6718affe2f36f8eceb5463a3a1ead7461a813261ec7a55703b9047620a835797.json.gz,True,False,23.91714430000866,,archival environment/concurrency not proven comparable or incomplete execution
8d20ca7a5c9d428f1e849f5c6648e6f184c3659d8da4df1c771757c9239125bc,w204,1,results/jb1_plus/reference/3ccf761608c01535becfab320fcdd4a33d9e70b4b8ccb44383eaae77cbc6d37b.json.gz,True,False,22.463450699986424,,archival environment/concurrency not proven comparable or incomplete execution
6b16220054cad747b14f0900a5cdccfa29ee5bad7b23c45d6213ce074b144bda,w204,-2,results/jb1_plus/reference/46e6722f3eb4d364c7bb93c06ad8904c127ae05638067f7127e45e62c75512d2.json.gz,True,False,25.047704600030556,,archival environment/concurrency not proven comparable or incomplete execution
04229dd2a03b08da57c6d06371295be9d828ef5577a24c616a785f36897781a0,w204,2,results/jb1_plus/reference/016407c99706c5479b3bf72c553f4cea1620a3b4a5760cd295bb355a57979075.json.gz,True,False,22.351875699998345,,archival environment/concurrency not proven comparable or incomplete execution
d03d34deffefb9aa70700bc86083bc0f64aa6611a0aa095b41c47095d5798045,w204,0,results/jb1_plus/reference/44489adc4fc68b943b2da9b77fab561aea1a62b868b097de10387fe2d82a3bb9.json.gz,True,False,21.497840200026985,,archival environment/concurrency not proven comparable or incomplete execution
8d16972458ebfc5f5dccafb606acccb86f6fc1ea55a8d038f4bddba9e5fbc2f6,w204,-1,results/jb1_plus/reference/422a6741a960b86ab6e5956fe42f8a37a25798cd4266c99573ac9c2f8b079855.json.gz,True,False,21.492191699973773,,archival environment/concurrency not proven comparable or incomplete execution
5ff162bc7b34f341a4061247c2042008048a4a28d59b68da8bffc02f573a76dc,w204,1,results/jb1_plus/reference/7430254a168ceb8193776cecb618ba6b309e82b7480e625f97f01971caca9f42.json.gz,True,False,21.51721760001965,,archival environment/concurrency not proven comparable or incomplete execution
ba84af3f5aed3ced9ea333ccdb4f170d7d2054d303ce493d6b67aafde756a868,w204,-2,results/jb1_plus/reference/781b9c6ae466b6efc5c0d69131158e249ff53bb98c0f3a277932b1c49f2bb589.json.gz,True,False,23.484008899948094,,archival environment/concurrency not proven comparable or incomplete execution
82435fd592f63c8ba68567c5df7f6b55b649fb3ab332fbe9a0fdc5db567fa207,w204,2,results/jb1_plus/reference/516ff0aad265eb3c100dffec9e20e28349a6e439f34a86d17a39503ffc85c939.json.gz,True,False,21.170929099956993,,archival environment/concurrency not proven comparable or incomplete execution
9263a6cc7a1ad79ba6c69d1902b506829abd25ec646205b54e3c1ebf9a523962,w204,0,results/jb1_plus/reference/7ef0ed4a0dee9687944b72226e93643c4b389d8da2fafb53696797b885b24391.json.gz,True,False,21.869788100011647,,archival environment/concurrency not proven comparable or incomplete execution
128520ac1b27fb754e61a8ee3dfa46e25893661972c80c4d548ff47520a9a5ad,w204,-1,results/jb1_plus/reference/babf5e4042cdff45c2cc8444fa90be9897cb2eb1046283036cd83858ab3b7612.json.gz,True,False,22.094645600009244,,archival environment/concurrency not proven comparable or incomplete execution
b62d61eb65316ad34c739ee40f60896efe259eebde34a4a1542c958a0bc1ae69,w204,1,results/jb1_plus/reference/03e036f73ba61058fb22db4b29ba870b77697e80225e3963e38af5d06a05dd8b.json.gz,True,False,21.97474749997491,,archival environment/concurrency not proven comparable or incomplete execution
663d491587ce8fd9bcb5a789a76a9bc730c3890367de0f266f3bee0fab9f23f8,w204,-2,results/jb1_plus/reference/4e63fe64b02e9441a03fc7340dedcc5582876b980b91caabca3ae9d1aca328dd.json.gz,True,False,24.460897999990266,,archival environment/concurrency not proven comparable or incomplete execution
1559f7540920c6ef17620ac7e709f2928989e2b999bc06a9b7fbb5ba47382474,w204,2,results/jb1_plus/reference/1156a859b63ea03f447ca3bbc627bf80f03e497506984d8b5e28dac125b63eff.json.gz,True,False,22.267337700002827,,archival environment/concurrency not proven comparable or incomplete execution
1a39e8693c3e11287a3c01ad82ff1b2dc74b314fcca948ea09df5465a5fc48c9,w204,0,results/jb1_plus/reference/eaea7c7978b9144731f28bd120ed7b175ce80fc7e88b21e042419a7a2347ddc9.json.gz,True,False,21.14418719999958,,archival environment/concurrency not proven comparable or incomplete execution
2eec094c98e0702cf252884b8f3a215d9332ded5eef0085f9ee39282ce9591b6,w204,-1,results/jb1_plus/reference/82d205001a8a619d91e4e2ff15dae7e49655ac27e58bcb4579ff4ed7d1d4bda6.json.gz,True,False,20.982251700013876,,archival environment/concurrency not proven comparable or incomplete execution
54732b757ab1a03f50869935185f3ac3e35f431c7c90e7cefc6462680141922f,w204,1,results/jb1_plus/reference/570e83ea80b40671789f082808599dceb6b00557223291d81a8085cdeededba1.json.gz,True,False,21.779672800039407,,archival environment/concurrency not proven comparable or incomplete execution
5078acc8bf86299e432cffd2ed24099f3245525474a55ca282a92ceabb159481,w204,-2,results/jb1_plus/reference/60550f1c3ed2cbf9d59d123ee301204c6d4ddc401bae5324f0359f291086a5e5.json.gz,True,False,23.81671300000744,,archival environment/concurrency not proven comparable or incomplete execution
708eac281cf352ebfe173836bbe6cd8698a46e55c2665c9bf4ed059b0e5eb8d3,w204,2,results/jb1_plus/reference/e7c62714460d602a55205e521a13715709bd3cb18adc37b6bc1888b6f890a3ab.json.gz,True,False,20.13202530000126,,archival environment/concurrency not proven comparable or incomplete execution
7bad5d39cf9f08fc0b655ffb9b726cf5ed6fb1d371a546a6de8923e0e8b5fde8,w204,0,results/jb1_plus/reference/14495295a4258b167201ad19e0b585a3ba98ea246549c86ef61bece37bcdb991.json.gz,True,False,21.817906100011896,,archival environment/concurrency not proven comparable or incomplete execution
43dd66df88bd13a690baf3314a941f8e36867f709dcde24033d97b8877feda3d,w204,-1,results/jb1_plus/reference/dd51f2c13332f7fad196c8ba5de7c0f717ff961bc959370ec693989fc0706f4c.json.gz,True,False,22.056746100017335,,archival environment/concurrency not proven comparable or incomplete execution
58ed680881646ef417dfa39db134d1ad95a9c59af11ee9e98a280293e9d80c32,w204,1,results/jb1_plus/reference/7ba8e02e7bd66d7dd1d6670337a0830a9440c83059797f3973638088607ee932.json.gz,True,False,21.716669199988246,,archival environment/concurrency not proven comparable or incomplete execution
77c276a454c4e4ef9341d83bfe4a26484bc3f3278ac1bea9c3ba18eb46b5a8d6,w204,-2,results/jb1_plus/reference/d01b295b4140e94f69f0554e12f06e8639f1ae2ac11bc72861737b24f573151c.json.gz,True,False,23.619547399983276,,archival environment/concurrency not proven comparable or incomplete execution
fc59efc05a1416fa0d91b2398a64d603d0a73b82fb9034661d56a908466d782e,w204,2,results/jb1_plus/reference/6bdcdea676fb1c48ce521ed226ac6425c2a2be2892dab5282738e1079fedc9e0.json.gz,True,False,21.569050399994012,,archival environment/concurrency not proven comparable or incomplete execution
29483fe0f7fafa35e58a73cfa3c4a05eb4e2ff8f859764b09f48ac727878cbdc,w204,0,results/jb1_plus/reference/bdf6f615b730eccbbd7e9118399ad7d9050ae84c48260f3b5e420370e01023d8.json.gz,True,False,21.400298700027633,,archival environment/concurrency not proven comparable or incomplete execution
570b8bf7147776bffd1bb4162d94919ec05183d1616950fedc31ad501c347cac,w204,-1,results/jb1_plus/reference/abfe59b768868d7ed3774905cba59c4ef2385af6ec24347326bf58353597394a.json.gz,True,False,21.019699800002854,,archival environment/concurrency not proven comparable or incomplete execution
02e3d2bde105448c29aeb8f6f595f5fe4220bd405a6c620c1943f1cc4d2722b6,w204,1,results/jb1_plus/reference/31c2e15defd769a0d0928ee63c7bf6f7917f5f915a869027d63df399f3abac3c.json.gz,True,False,21.145401299989317,,archival environment/concurrency not proven comparable or incomplete execution
161fb0fd47d0b2206d40230adc7d9c3cc271c4013d79de84c379412cf18f76a0,w204,-2,results/jb1_plus/reference/b92a66912b3c183facb6841bb8f6af1b4e9a63354c8e189b7cc7a2f9f6cac280.json.gz,True,False,22.215376699983608,,archival environment/concurrency not proven comparable or incomplete execution
a8a895a5a27f20e60f615c64ff9da0b538817024d30a3ffd6aa93f3f8fb0cda5,w204,2,results/jb1_plus/reference/a2c67e95bf83501f2c2eb63a264cda8ecf471ffa0860fa878555746cf8f7b8d5.json.gz,True,False,21.983905100030825,,archival environment/concurrency not proven comparable or incomplete execution
4da414a4d583f98dad6ab310038379a37a9990be48bc130540dd721e5ee0a035,w204,0,results/jb1_plus/reference/5a01c0ff95eb574bc2f89e4e07e388e6dba2d803d2b0fb0242f3c12298490ea3.json.gz,True,False,22.425893899984658,,archival environment/concurrency not proven comparable or incomplete execution
8502806ea9a86a2501948c5c0738f4e444a5deb865923199353c190e5886f123,w204,-1,results/jb1_plus/reference/7b71b0ad9888a86480bdd64170c644dd8db8683cc68d17c6e5fcbf18c1cdba63.json.gz,True,False,22.709950200049207,,archival environment/concurrency not proven comparable or incomplete execution
e29dec923d4416e0ad20ffb142051e76757504a347a101d83588d3ddd2709c2a,w204,1,results/jb1_plus/reference/406dfff9566aa7697fa3022328b92ace2f504ad174bf844b387fdd379c52a35a.json.gz,True,False,22.478799300035462,,archival environment/concurrency not proven comparable or incomplete execution
5e571974c3230bc135c3670e0396a2d0c24a1b96d28b565358699d1b900afc23,w204,-2,results/jb1_plus/reference/0925177f1ba96b13997ba99213e20ace9b0d6c58469aa188711a06ec1d9989ae.json.gz,True,False,23.86487039999338,,archival environment/concurrency not proven comparable or incomplete execution
5c61f43aceaa59c8f24fec153cbf0dc823f9db73fee5bb772213a6cac73c251d,w204,2,results/jb1_plus/reference/77551e9eeaa1e211155831449682584039324bfb2e078328ccc1c7135708e600.json.gz,True,False,21.77091449999716,,archival environment/concurrency not proven comparable or incomplete execution
f23250005866307f1386ce41ccd0b23278d2ebcc9486d60dfafbb873c9f3c6cb,w204,0,results/jb1_plus/reference/5059a2e9a9e270c5ee756322a41aaaa7922f18328d854197b72bdc1ac1758138.json.gz,True,False,21.57328300003428,,archival environment/concurrency not proven comparable or incomplete execution
c62d73477a0bc39cf85cf8dd851a8618c53620f658659c87561aa272ef68e776,w204,-1,results/jb1_plus/reference/97171f3f098cf47e7438941ccbec1acec8095f832d9fcd9417757e6eb8b23fdd.json.gz,True,False,21.514080300054047,,archival environment/concurrency not proven comparable or incomplete execution
5b08ef081a5759a371143d6e0401294c8fae40253acaf633c8f53e940d702a5f,w204,1,results/jb1_plus/reference/1d35bc5c8d99251dd06ae59994780e6a8393b1028d3c30a308d1ed9f8c6231cc.json.gz,True,False,21.06029180000769,,archival environment/concurrency not proven comparable or incomplete execution
ee0eb275ce160dd47b6d2262f23b2a82c5629def2289390a8d10c947ce966469,w204,-2,results/jb1_plus/reference/a3794efa97b69c355ba0aa28bab9c9e33b25298f620fe3fd80f42f912e54dbdd.json.gz,True,False,23.509788100025617,,archival environment/concurrency not proven comparable or incomplete execution
6b2b352db82054eb7c6aade353d30b0a57f988ddf9bca90e58ad4daa7803544a,w204,2,results/jb1_plus/reference/bc93e789b9aa2a73eac0e083c4a3db089ee6f56c09751c0d7e26a7dd55b05f2e.json.gz,True,False,21.057292699988466,,archival environment/concurrency not proven comparable or incomplete execution
8b3569b61ac0aea6552b65606cdf27d7ad263fb9097165edc98f51ede0fda96f,w204,0,results/jb1_plus/reference/9cfd9998a5d2f6a4edbb77aa01c516e26e4003497c43a7e133aae1b193eebb39.json.gz,True,False,21.605014799977653,,archival environment/concurrency not proven comparable or incomplete execution
cef5cf826a072c17018f2e4730bbb7601e26e3cbc421813e53eff0e0a79fb4ec,w204,-1,results/jb1_plus/reference/e69db87974722158bffd231f85503e01687fc635d280efe2a012fda818d3d618.json.gz,True,False,22.094627399987075,,archival environment/concurrency not proven comparable or incomplete execution
10c4f4777ceb04d9f3af34fe3ce755a385f15fdf387a5d8e0a47634fee76fb0a,w204,1,results/jb1_plus/reference/e8239c24c27e866c82d96416d4c07d19a1eefa7646852e29db0c1fc48523b495.json.gz,True,False,22.803135199996177,,archival environment/concurrency not proven comparable or incomplete execution
9b3c6be528c48010d48c6a075ee2f44df49ba4e0b52631470e5f9d91ca94d108,w204,-2,results/jb1_plus/reference/c463248f757a3677ed021655c94c5d61c1e3c12b64be9b9c1f9309a27dacf0e0.json.gz,True,False,23.1280522000161,,archival environment/concurrency not proven comparable or incomplete execution
f774f7a4939c6f6554d7885db6dea9bdbec482cc7e6312bf67c65abb726636a9,w204,2,results/jb1_plus/reference/1eeb47fa783477e30d7a17b43e2c86e196751b1b2f192ffbe529d4fae20287a3.json.gz,True,False,22.239151999994647,,archival environment/concurrency not proven comparable or incomplete execution
ba55a297f2627e2376a883b2243e50026afb8fc0b9ab136b5432c29a7e85489f,w204,0,results/jb1_plus/reference/a47f7c94bea5721de2b92da81bcd431f5445a96a41ce5cf4d4d29b0992ba1ea7.json.gz,True,False,23.28657439997187,,archival environment/concurrency not proven comparable or incomplete execution
470fd07a0cd2432ec362c33f27eb2330e4659b9525d91d9390f9ad579a69d6a2,w204,-1,results/jb1_plus/reference/af35c0c35ea03ae2c5d46595e8ff9f46c984f526c546da6c7cb5b5c6a31045de.json.gz,True,False,22.274327200022526,,archival environment/concurrency not proven comparable or incomplete execution
846bd0bcb3b87c6d249753152c1b1bf45815660c22f01e4f8f48824f93fdd929,w204,1,results/jb1_plus/reference/2f18bd84003fff69185ab591ea85d838390a8019b37ed6f37d19e75c0136fcc3.json.gz,True,False,22.665706200001296,,archival environment/concurrency not proven comparable or incomplete execution
02bb2910986a626730e850937bfae48afd5f5c35def1468bdf16bf05cb732eee,w204,-2,results/jb1_plus/reference/73105b020bd51b5b9b41fd546ef6fe0b15e230d820b9dccfe5ab1e3cc4e35752.json.gz,True,False,24.722572800004855,,archival environment/concurrency not proven comparable or incomplete execution
821818c927c169b11e46c42050e91a07be4b2b5f309b345dc8f5a57ffc738d38,w204,2,results/jb1_plus/reference/22ed858d3d8c31c2b6ecc9fef6e58558b708eb4b63ea6928fbacd83fdf13e95f.json.gz,True,False,22.25790030002827,,archival environment/concurrency not proven comparable or incomplete execution
1898046addcc9c28751c687de622c957736e0f6dd8878445bfda9e79438e2297,h101,-2,results/stage6b_jb_avg_v1/reference/1898046addcc9c28751c687de622c957736e0f6dd8878445bfda9e79438e2297.json.gz,False,True,11.226818499999354,b06437ad135abb6fe0e0d909f127a74a97b33ff7675acc2e3e1b2b8254ea6179,
b0f7b421732450f82161a234754b55c618857b33b1d0a24b745a2b3146e5bcb7,h101,-1,results/stage6b_jb_avg_v1/reference/b0f7b421732450f82161a234754b55c618857b33b1d0a24b745a2b3146e5bcb7.json.gz,False,True,10.20046060000459,b06437ad135abb6fe0e0d909f127a74a97b33ff7675acc2e3e1b2b8254ea6179,
6d9fae8c141158e4824f13a336f2506d2930faa95e1aaff9038c65c336a95dae,h101,0,results/stage6b_jb_avg_v1/reference/6d9fae8c141158e4824f13a336f2506d2930faa95e1aaff9038c65c336a95dae.json.gz,False,True,10.142735499997798,b06437ad135abb6fe0e0d909f127a74a97b33ff7675acc2e3e1b2b8254ea6179,
1d5b1ca4e7a17af518d5f21fb2aa5d40405ce6dbb5ef1aca88c9f1c974d84c20,h101,1,results/stage6b_jb_avg_v1/reference/1d5b1ca4e7a17af518d5f21fb2aa5d40405ce6dbb5ef1aca88c9f1c974d84c20.json.gz,False,True,10.254077700003108,b06437ad135abb6fe0e0d909f127a74a97b33ff7675acc2e3e1b2b8254ea6179,
263eb4d6a6796b83e987e69626fbe918fd9e9100bab3985313bb015878d28fa6,h101,2,results/stage6b_jb_avg_v1/reference/263eb4d6a6796b83e987e69626fbe918fd9e9100bab3985313bb015878d28fa6.json.gz,False,True,10.198998300002131,b06437ad135abb6fe0e0d909f127a74a97b33ff7675acc2e3e1b2b8254ea6179,
cac15bf22ba3143704cbf7000deb1714fd6d0c67cc3916217035751ef482cc32,h102,-2,results/stage6b_jb_avg_v1/reference/cac15bf22ba3143704cbf7000deb1714fd6d0c67cc3916217035751ef482cc32.json.gz,False,True,39.750882499996806,b06437ad135abb6fe0e0d909f127a74a97b33ff7675acc2e3e1b2b8254ea6179,
b367c9c9ab45f4b262d237b4c2402ae0a14b5ae932d6d02845355756ccafb962,h102,-1,results/stage6b_jb_avg_v1/reference/b367c9c9ab45f4b262d237b4c2402ae0a14b5ae932d6d02845355756ccafb962.json.gz,False,True,40.12560559999838,b06437ad135abb6fe0e0d909f127a74a97b33ff7675acc2e3e1b2b8254ea6179,
cebc1571252c8d12ed7924fd6908d4f9ebe2db769b10a2b6e75d8f00b70f2875,h102,0,results/stage6b_jb_avg_v1/reference/cebc1571252c8d12ed7924fd6908d4f9ebe2db769b10a2b6e75d8f00b70f2875.json.gz,False,True,40.5266602000047,b06437ad135abb6fe0e0d909f127a74a97b33ff7675acc2e3e1b2b8254ea6179,
7bff84fd1338766ae043b5f283309c330fa475a5becd927a51fef53a9edbd18a,h102,1,results/stage6b_jb_avg_v1/reference/7bff84fd1338766ae043b5f283309c330fa475a5becd927a51fef53a9edbd18a.json.gz,False,True,39.91014339999674,b06437ad135abb6fe0e0d909f127a74a97b33ff7675acc2e3e1b2b8254ea6179,
682b279e8576283a88bc053290095b0cb597cb089b62e29beabddd5c419045c9,h102,2,results/stage6b_jb_avg_v1/reference/682b279e8576283a88bc053290095b0cb597cb089b62e29beabddd5c419045c9.json.gz,False,True,39.739606600000116,b06437ad135abb6fe0e0d909f127a74a97b33ff7675acc2e3e1b2b8254ea6179,
2fddc07fabce45cb3abf4ddd4f07ed742cf127bf5d1a9ded7d2a09093be92406,h103,-2,results/stage6b_jb_avg_v1/reference/2fddc07fabce45cb3abf4ddd4f07ed742cf127bf5d1a9ded7d2a09093be92406.json.gz,False,True,12.172970200001146,b06437ad135abb6fe0e0d909f127a74a97b33ff7675acc2e3e1b2b8254ea6179,
27a31c081ee3b0d22537863fa0576886c73fa621f988449da6130cde98b146b1,h103,-1,results/stage6b_jb_avg_v1/reference/27a31c081ee3b0d22537863fa0576886c73fa621f988449da6130cde98b146b1.json.gz,False,True,12.166545000000042,b06437ad135abb6fe0e0d909f127a74a97b33ff7675acc2e3e1b2b8254ea6179,
c4441486fd67b83b31119041457e2ab432e1538c7ac9d59dc98019f4dca78f45,h103,0,results/stage6b_jb_avg_v1/reference/c4441486fd67b83b31119041457e2ab432e1538c7ac9d59dc98019f4dca78f45.json.gz,False,True,12.198018600000069,b06437ad135abb6fe0e0d909f127a74a97b33ff7675acc2e3e1b2b8254ea6179,
b7dd9b0bb752e3c820ccac422c8460046b59849c96733764e9e3652297b7ff84,h103,1,results/stage6b_jb_avg_v1/reference/b7dd9b0bb752e3c820ccac422c8460046b59849c96733764e9e3652297b7ff84.json.gz,False,True,12.134506900001725,b06437ad135abb6fe0e0d909f127a74a97b33ff7675acc2e3e1b2b8254ea6179,
fb68ff830db8a00ce1d3a855f736b7274555db09f9fbce0222d525473686277e,h103,2,results/stage6b_jb_avg_v1/reference/fb68ff830db8a00ce1d3a855f736b7274555db09f9fbce0222d525473686277e.json.gz,False,True,11.942759600002319,b06437ad135abb6fe0e0d909f127a74a97b33ff7675acc2e3e1b2b8254ea6179,
a59e22f91b0dd6e05ac1debe117ed375dac671336a73977e95b4bf889a10c107,h104,-2,results/stage6b_jb_avg_v1/reference/a59e22f91b0dd6e05ac1debe117ed375dac671336a73977e95b4bf889a10c107.json.gz,False,True,57.65042119999998,b06437ad135abb6fe0e0d909f127a74a97b33ff7675acc2e3e1b2b8254ea6179,
07c5fcdef4688ef1de90c1bc5cf62f17d808e2e3b663e55403272a3c81ce343a,h104,-1,results/stage6b_jb_avg_v1/reference/07c5fcdef4688ef1de90c1bc5cf62f17d808e2e3b663e55403272a3c81ce343a.json.gz,False,True,58.094336699999985,b06437ad135abb6fe0e0d909f127a74a97b33ff7675acc2e3e1b2b8254ea6179,
767b5d6351eb1fe601891cfc47fe43c413a08c436ef0d9f26611610d6fde636a,h104,0,results/stage6b_jb_avg_v1/reference/767b5d6351eb1fe601891cfc47fe43c413a08c436ef0d9f26611610d6fde636a.json.gz,False,True,57.309443800004374,b06437ad135abb6fe0e0d909f127a74a97b33ff7675acc2e3e1b2b8254ea6179,
f15e510b5408c7de2036bdd74a331d1d26a846f5a3e0063223b9a2b9111dceca,h104,1,results/stage6b_jb_avg_v1/reference/f15e510b5408c7de2036bdd74a331d1d26a846f5a3e0063223b9a2b9111dceca.json.gz,False,True,58.24233030000323,b06437ad135abb6fe0e0d909f127a74a97b33ff7675acc2e3e1b2b8254ea6179,
2cc9a5be07799f851c48b5683218b2ea45527033a099ad0464246b0e1684aaa8,h104,2,results/stage6b_jb_avg_v1/reference/2cc9a5be07799f851c48b5683218b2ea45527033a099ad0464246b0e1684aaa8.json.gz,False,True,58.24165869999706,b06437ad135abb6fe0e0d909f127a74a97b33ff7675acc2e3e1b2b8254ea6179,
3a890328a6c4510a3d90f33d77e3701578f5d5570be96400c82eff99e4c74c05,h105,-2,results/stage6b_jb_avg_v1/reference/3a890328a6c4510a3d90f33d77e3701578f5d5570be96400c82eff99e4c74c05.json.gz,False,True,11.013337700002012,b06437ad135abb6fe0e0d909f127a74a97b33ff7675acc2e3e1b2b8254ea6179,
a580290fdedaf0167235aa35de9ddd206263b4249fda4779b585a17d10abd08c,h105,-1,results/stage6b_jb_avg_v1/reference/a580290fdedaf0167235aa35de9ddd206263b4249fda4779b585a17d10abd08c.json.gz,False,True,11.359639199996309,b06437ad135abb6fe0e0d909f127a74a97b33ff7675acc2e3e1b2b8254ea6179,
10f47e1cffcee3bbab53662be9568a15fae135b27d6ef088f4ae4d7a44de60c9,h105,0,results/stage6b_jb_avg_v1/reference/10f47e1cffcee3bbab53662be9568a15fae135b27d6ef088f4ae4d7a44de60c9.json.gz,False,True,11.096978300003684,b06437ad135abb6fe0e0d909f127a74a97b33ff7675acc2e3e1b2b8254ea6179,
e912b56d93f4a8617d8b68cf970975096549b6249badc6c57d8f4c6bef7c94e4,h105,1,results/stage6b_jb_avg_v1/reference/e912b56d93f4a8617d8b68cf970975096549b6249badc6c57d8f4c6bef7c94e4.json.gz,False,True,11.125941699996474,b06437ad135abb6fe0e0d909f127a74a97b33ff7675acc2e3e1b2b8254ea6179,
f5d50b952240cc20010db2138374560d3b17ea5ff1298496a4d345a87cc0339e,h105,2,results/stage6b_jb_avg_v1/reference/f5d50b952240cc20010db2138374560d3b17ea5ff1298496a4d345a87cc0339e.json.gz,False,True,11.147087099998316,b06437ad135abb6fe0e0d909f127a74a97b33ff7675acc2e3e1b2b8254ea6179,
7598c288755af09403fba675d730df5b54b1ee8792f65c952ddafe040de1a1a9,h106,-2,results/stage6b_jb_avg_v1/reference/7598c288755af09403fba675d730df5b54b1ee8792f65c952ddafe040de1a1a9.json.gz,False,True,36.99630789999355,b06437ad135abb6fe0e0d909f127a74a97b33ff7675acc2e3e1b2b8254ea6179,
c09fd185f69c78c60c5ca58bfa5fc9efd07d38420ff51e47218b78dfff7e6be6,h106,-1,results/stage6b_jb_avg_v1/reference/c09fd185f69c78c60c5ca58bfa5fc9efd07d38420ff51e47218b78dfff7e6be6.json.gz,False,True,37.17073209999944,b06437ad135abb6fe0e0d909f127a74a97b33ff7675acc2e3e1b2b8254ea6179,
9bc16d3705727e289c0635548f2acb93391cdeb54ebc1726f039654b4945b491,h106,0,results/stage6b_jb_avg_v1/reference/9bc16d3705727e289c0635548f2acb93391cdeb54ebc1726f039654b4945b491.json.gz,False,True,37.207169400004204,b06437ad135abb6fe0e0d909f127a74a97b33ff7675acc2e3e1b2b8254ea6179,
13723e3fef6a2f82acb6bdacab23c93059dbf5e8f38ea5c04fc2d4b454073890,h106,1,results/stage6b_jb_avg_v1/reference/13723e3fef6a2f82acb6bdacab23c93059dbf5e8f38ea5c04fc2d4b454073890.json.gz,False,True,36.869682500000636,b06437ad135abb6fe0e0d909f127a74a97b33ff7675acc2e3e1b2b8254ea6179,
4e9063f144d132125c1bde582cf9bc23592cdc20a4df21932ef3bbce82e0dc0a,h106,2,results/stage6b_jb_avg_v1/reference/4e9063f144d132125c1bde582cf9bc23592cdc20a4df21932ef3bbce82e0dc0a.json.gz,False,True,37.08527250000043,b06437ad135abb6fe0e0d909f127a74a97b33ff7675acc2e3e1b2b8254ea6179,
61ac72fef4b1736ad96749c5bcf816d0752b2820f3d8cc3f27c1e479eb46bcd2,w201,-2,results/stage6b_jb_avg_v1/reference/61ac72fef4b1736ad96749c5bcf816d0752b2820f3d8cc3f27c1e479eb46bcd2.json.gz,False,True,8.93396479999501,b06437ad135abb6fe0e0d909f127a74a97b33ff7675acc2e3e1b2b8254ea6179,
65a1306dd8aa6a5b99a12c940a801acb6d1050947669557552a7f89f4b265907,w201,-1,results/stage6b_jb_avg_v1/reference/65a1306dd8aa6a5b99a12c940a801acb6d1050947669557552a7f89f4b265907.json.gz,False,True,8.884066500002518,b06437ad135abb6fe0e0d909f127a74a97b33ff7675acc2e3e1b2b8254ea6179,
9d75c1a19f741a09494cffa508414b093876b0cc614aaaabf6d6067cb444b227,w201,0,results/stage6b_jb_avg_v1/reference/9d75c1a19f741a09494cffa508414b093876b0cc614aaaabf6d6067cb444b227.json.gz,False,True,8.87312799999927,b06437ad135abb6fe0e0d909f127a74a97b33ff7675acc2e3e1b2b8254ea6179,
c874da750a892a62f96452bd9e6b1560de0219003292e869b7deb748f0be58c5,w201,1,results/stage6b_jb_avg_v1/reference/c874da750a892a62f96452bd9e6b1560de0219003292e869b7deb748f0be58c5.json.gz,False,True,8.951186499994947,b06437ad135abb6fe0e0d909f127a74a97b33ff7675acc2e3e1b2b8254ea6179,
c52d696e9656641f9ac2077a0c49017f7cf05608ea759e3fce2dfe1c7c8fb614,w201,2,results/stage6b_jb_avg_v1/reference/c52d696e9656641f9ac2077a0c49017f7cf05608ea759e3fce2dfe1c7c8fb614.json.gz,False,True,8.856368300002941,b06437ad135abb6fe0e0d909f127a74a97b33ff7675acc2e3e1b2b8254ea6179,
c9677ea1e86d5dff263be7ae48b89eac1de3feb581997c2d1cdd39b7a032e456,w202,-2,results/stage6b_jb_avg_v1/reference/c9677ea1e86d5dff263be7ae48b89eac1de3feb581997c2d1cdd39b7a032e456.json.gz,False,True,34.523170300002676,b06437ad135abb6fe0e0d909f127a74a97b33ff7675acc2e3e1b2b8254ea6179,
bb23fb5ee071783dbd05f6c0b68994ff553b6f1c9be1b91b159fb98de2b5345f,w202,-1,results/stage6b_jb_avg_v1/reference/bb23fb5ee071783dbd05f6c0b68994ff553b6f1c9be1b91b159fb98de2b5345f.json.gz,False,True,35.082016100001056,b06437ad135abb6fe0e0d909f127a74a97b33ff7675acc2e3e1b2b8254ea6179,
65dc3fa70b7a640b0028c4452ee204edcae123e783672397204b9a5aa4865bf4,w202,0,results/stage6b_jb_avg_v1/reference/65dc3fa70b7a640b0028c4452ee204edcae123e783672397204b9a5aa4865bf4.json.gz,False,True,34.51049079999939,b06437ad135abb6fe0e0d909f127a74a97b33ff7675acc2e3e1b2b8254ea6179,
e23970910f56b7a9d2ecb21141ac5ba5113d5c04424d6d570e744269c861f1ba,w202,1,results/stage6b_jb_avg_v1/reference/e23970910f56b7a9d2ecb21141ac5ba5113d5c04424d6d570e744269c861f1ba.json.gz,False,True,34.71219449999626,b06437ad135abb6fe0e0d909f127a74a97b33ff7675acc2e3e1b2b8254ea6179,
3c986eacb635e79f51ac8853d45089a442fa7f8c8895564cbe710f54ab1f9de1,w202,2,results/stage6b_jb_avg_v1/reference/3c986eacb635e79f51ac8853d45089a442fa7f8c8895564cbe710f54ab1f9de1.json.gz,False,True,34.76117599999998,b06437ad135abb6fe0e0d909f127a74a97b33ff7675acc2e3e1b2b8254ea6179,
b33b8e586ba5758514ee549d18e281ddb3b8851238f4b7b5794d0c22a0305cf7,w203,-2,results/stage6b_jb_avg_v1/reference/b33b8e586ba5758514ee549d18e281ddb3b8851238f4b7b5794d0c22a0305cf7.json.gz,False,True,2.4724248999991687,b06437ad135abb6fe0e0d909f127a74a97b33ff7675acc2e3e1b2b8254ea6179,
786d4ecbe6ab6b41a2d4a4697906a14dc5d767153d166540bd7e15233764940d,w203,-1,results/stage6b_jb_avg_v1/reference/786d4ecbe6ab6b41a2d4a4697906a14dc5d767153d166540bd7e15233764940d.json.gz,False,True,2.4698910000006435,b06437ad135abb6fe0e0d909f127a74a97b33ff7675acc2e3e1b2b8254ea6179,
16e2b4d1cb49648a01ad0300489b5d8f4ab847d39540aaf77f1b3f865d7f2dad,w203,0,results/stage6b_jb_avg_v1/reference/16e2b4d1cb49648a01ad0300489b5d8f4ab847d39540aaf77f1b3f865d7f2dad.json.gz,False,True,2.459954400001152,b06437ad135abb6fe0e0d909f127a74a97b33ff7675acc2e3e1b2b8254ea6179,
7b33c7e5c6253291a4c6c56d902c72197c8e4a29de1a5a7fcb411759fb381f33,w203,1,results/stage6b_jb_avg_v1/reference/7b33c7e5c6253291a4c6c56d902c72197c8e4a29de1a5a7fcb411759fb381f33.json.gz,False,True,2.4754870000033407,b06437ad135abb6fe0e0d909f127a74a97b33ff7675acc2e3e1b2b8254ea6179,
20a0e5c6f9727cd7c67ab863ff13b9a0a5687f17e0668a64edd38215bc9eb8ef,w203,2,results/stage6b_jb_avg_v1/reference/20a0e5c6f9727cd7c67ab863ff13b9a0a5687f17e0668a64edd38215bc9eb8ef.json.gz,False,True,2.471196200000122,b06437ad135abb6fe0e0d909f127a74a97b33ff7675acc2e3e1b2b8254ea6179,
2383464a22c07bab324a36bfca2134e1bab0eed2b82b19611c36f5e7b06b182e,w204,-2,results/stage6b_jb_avg_v1/reference/2383464a22c07bab324a36bfca2134e1bab0eed2b82b19611c36f5e7b06b182e.json.gz,False,True,28.096744700000272,b06437ad135abb6fe0e0d909f127a74a97b33ff7675acc2e3e1b2b8254ea6179,
db8a64383e175e05326121baa5f2762268aabb9dd411e9ee110e7df7aa5728b5,w204,-1,results/stage6b_jb_avg_v1/reference/db8a64383e175e05326121baa5f2762268aabb9dd411e9ee110e7df7aa5728b5.json.gz,False,True,28.100646899998537,b06437ad135abb6fe0e0d909f127a74a97b33ff7675acc2e3e1b2b8254ea6179,
d43f8432436ce09443aa6bd46fc845cb9263dc3e5e1eb5551e026000671a57a8,w204,0,results/stage6b_jb_avg_v1/reference/d43f8432436ce09443aa6bd46fc845cb9263dc3e5e1eb5551e026000671a57a8.json.gz,False,True,28.099717700002657,b06437ad135abb6fe0e0d909f127a74a97b33ff7675acc2e3e1b2b8254ea6179,
b152ac15361f9d2ce992141274663ef1887281323444d7107b91291cdcddef75,w204,1,results/stage6b_jb_avg_v1/reference/b152ac15361f9d2ce992141274663ef1887281323444d7107b91291cdcddef75.json.gz,False,True,28.304202500003157,b06437ad135abb6fe0e0d909f127a74a97b33ff7675acc2e3e1b2b8254ea6179,
bcd6420e02d51c337f07639c8968e7ed5bb4d9d624bb1674722ae72614c1cd85,w204,2,results/stage6b_jb_avg_v1/reference/bcd6420e02d51c337f07639c8968e7ed5bb4d9d624bb1674722ae72614c1cd85.json.gz,False,True,28.046509799998603,b06437ad135abb6fe0e0d909f127a74a97b33ff7675acc2e3e1b2b8254ea6179,
cace9e39e22397005a4d862652d89d12d2f0fcec2b2e3900b0cb16b8a05094df,h101,-2,results/stage6b_jb_avg_v1/reference/cace9e39e22397005a4d862652d89d12d2f0fcec2b2e3900b0cb16b8a05094df.json.gz,False,True,10.089279599997099,b06437ad135abb6fe0e0d909f127a74a97b33ff7675acc2e3e1b2b8254ea6179,
5a0059a8e3dd01f028f51b2567f1c085abffcf6dcc911d3c68b2bc98558fa482,h101,-1,results/stage6b_jb_avg_v1/reference/5a0059a8e3dd01f028f51b2567f1c085abffcf6dcc911d3c68b2bc98558fa482.json.gz,False,True,10.18689070000255,b06437ad135abb6fe0e0d909f127a74a97b33ff7675acc2e3e1b2b8254ea6179,
46ab30b58932b7455c6b1ebf4924baf8e81ea12ed188868226f9f0d645e7d622,h101,0,results/stage6b_jb_avg_v1/reference/46ab30b58932b7455c6b1ebf4924baf8e81ea12ed188868226f9f0d645e7d622.json.gz,False,True,10.046005900003365,b06437ad135abb6fe0e0d909f127a74a97b33ff7675acc2e3e1b2b8254ea6179,
c7f87efa933b7de0ba98382243f5ddb4e00d2daaebb241fe817e71b5211e512b,h101,1,results/stage6b_jb_avg_v1/reference/c7f87efa933b7de0ba98382243f5ddb4e00d2daaebb241fe817e71b5211e512b.json.gz,False,True,10.207055399994715,b06437ad135abb6fe0e0d909f127a74a97b33ff7675acc2e3e1b2b8254ea6179,
8028c9d6b5772861ef669bd1bdc3e49e354c6c35bb6f64b9dcaff295c4fb913d,h101,2,results/stage6b_jb_avg_v1/reference/8028c9d6b5772861ef669bd1bdc3e49e354c6c35bb6f64b9dcaff295c4fb913d.json.gz,False,True,10.222637899998517,b06437ad135abb6fe0e0d909f127a74a97b33ff7675acc2e3e1b2b8254ea6179,
32f91391f66364af569c9aeb0c3af4f489231255909c1790447b5cdbab4c3046,h102,-2,results/stage6b_jb_avg_v1/reference/32f91391f66364af569c9aeb0c3af4f489231255909c1790447b5cdbab4c3046.json.gz,False,True,40.7226817999981,b06437ad135abb6fe0e0d909f127a74a97b33ff7675acc2e3e1b2b8254ea6179,
1197c5516335d1098260d3837f94c85bd42af19510a52ddf95aa43832e9a0666,h102,-1,results/stage6b_jb_avg_v1/reference/1197c5516335d1098260d3837f94c85bd42af19510a52ddf95aa43832e9a0666.json.gz,False,True,41.01912740000262,b06437ad135abb6fe0e0d909f127a74a97b33ff7675acc2e3e1b2b8254ea6179,
f62d4964724e48f0e1e5b4492334861ee25caf3754aa93a1aa7116fcaa8fcd03,h102,0,results/stage6b_jb_avg_v1/reference/f62d4964724e48f0e1e5b4492334861ee25caf3754aa93a1aa7116fcaa8fcd03.json.gz,False,True,40.74576910000178,b06437ad135abb6fe0e0d909f127a74a97b33ff7675acc2e3e1b2b8254ea6179,
2093e767c3a4cb312e0d19eb7967929b5884fc45478a57912ffb9894602dede9,h102,1,results/stage6b_jb_avg_v1/reference/2093e767c3a4cb312e0d19eb7967929b5884fc45478a57912ffb9894602dede9.json.gz,False,True,40.943334200004756,b06437ad135abb6fe0e0d909f127a74a97b33ff7675acc2e3e1b2b8254ea6179,
175a6bf5728ac334952fd6008602672d67c81c91ac4f47c5408f25169ebb6b07,h102,2,results/stage6b_jb_avg_v1/reference/175a6bf5728ac334952fd6008602672d67c81c91ac4f47c5408f25169ebb6b07.json.gz,False,True,40.45761990000028,b06437ad135abb6fe0e0d909f127a74a97b33ff7675acc2e3e1b2b8254ea6179,
f95c7102cfc43594b7a3d18978795b57d49a37fe18f462f36a305ad7d111af57,h103,-2,results/stage6b_jb_avg_v1/reference/f95c7102cfc43594b7a3d18978795b57d49a37fe18f462f36a305ad7d111af57.json.gz,False,True,12.424573000003875,b06437ad135abb6fe0e0d909f127a74a97b33ff7675acc2e3e1b2b8254ea6179,
37196570c2abfb8a382a6ca6ac306eaf71103ddaae63894fb0edc4cf010af057,h103,-1,results/stage6b_jb_avg_v1/reference/37196570c2abfb8a382a6ca6ac306eaf71103ddaae63894fb0edc4cf010af057.json.gz,False,True,12.39467980000336,b06437ad135abb6fe0e0d909f127a74a97b33ff7675acc2e3e1b2b8254ea6179,
b4a8d33e744d4293b444bb86dbd24bb1856571b9ca7378e093ff93b51dd86ba2,h103,0,results/stage6b_jb_avg_v1/reference/b4a8d33e744d4293b444bb86dbd24bb1856571b9ca7378e093ff93b51dd86ba2.json.gz,False,True,12.257303400001547,b06437ad135abb6fe0e0d909f127a74a97b33ff7675acc2e3e1b2b8254ea6179,
3f601df35aa86ce1263c85db7c411165efcdf15e3792ace5f879ebfc79b26b15,h103,1,results/stage6b_jb_avg_v1/reference/3f601df35aa86ce1263c85db7c411165efcdf15e3792ace5f879ebfc79b26b15.json.gz,False,True,12.219606699996802,b06437ad135abb6fe0e0d909f127a74a97b33ff7675acc2e3e1b2b8254ea6179,
b107dcb1ba1c178d43acb0414c70ad905d61a37961bd565f4dc0e2fd9a0f5d13,h103,2,results/stage6b_jb_avg_v1/reference/b107dcb1ba1c178d43acb0414c70ad905d61a37961bd565f4dc0e2fd9a0f5d13.json.gz,False,True,12.241940599997179,b06437ad135abb6fe0e0d909f127a74a97b33ff7675acc2e3e1b2b8254ea6179,
ccfb049c849ecc6dc717d152ad607938723890e66e659711493fdb1a75fbb9d1,h104,-2,results/stage6b_jb_avg_v1/reference/ccfb049c849ecc6dc717d152ad607938723890e66e659711493fdb1a75fbb9d1.json.gz,False,True,58.60631039999862,b06437ad135abb6fe0e0d909f127a74a97b33ff7675acc2e3e1b2b8254ea6179,
191bf6522f9d8a02734fcc5479bfab117b639daaee3d91164b974c40d6b98e4b,h104,-1,results/stage6b_jb_avg_v1/reference/191bf6522f9d8a02734fcc5479bfab117b639daaee3d91164b974c40d6b98e4b.json.gz,False,True,58.64828500000294,b06437ad135abb6fe0e0d909f127a74a97b33ff7675acc2e3e1b2b8254ea6179,
1ccefba6a948a7d9136a542b8846d9693202c07e87f5e1fb44274763ad71567a,h104,0,results/stage6b_jb_avg_v1/reference/1ccefba6a948a7d9136a542b8846d9693202c07e87f5e1fb44274763ad71567a.json.gz,False,True,57.76683380000031,b06437ad135abb6fe0e0d909f127a74a97b33ff7675acc2e3e1b2b8254ea6179,
4dfdc0e14169ae0f15d0226439eae9d0cca65fdcc79111716ed07283ad459c92,h104,1,results/stage6b_jb_avg_v1/reference/4dfdc0e14169ae0f15d0226439eae9d0cca65fdcc79111716ed07283ad459c92.json.gz,False,True,57.32236100000591,b06437ad135abb6fe0e0d909f127a74a97b33ff7675acc2e3e1b2b8254ea6179,
260d8a1f81032af7f85c0660071ce8f71b9294b733d87d1a25a9c1d6efaf1335,h104,2,results/stage6b_jb_avg_v1/reference/260d8a1f81032af7f85c0660071ce8f71b9294b733d87d1a25a9c1d6efaf1335.json.gz,False,True,56.516359100001864,b06437ad135abb6fe0e0d909f127a74a97b33ff7675acc2e3e1b2b8254ea6179,
08baf02eaad3bb1e4e1cca6ffbfdabb9ccde929c8e01afa281968da978c082c3,h105,-2,results/stage6b_jb_avg_v1/reference/08baf02eaad3bb1e4e1cca6ffbfdabb9ccde929c8e01afa281968da978c082c3.json.gz,False,True,10.840350000005856,b06437ad135abb6fe0e0d909f127a74a97b33ff7675acc2e3e1b2b8254ea6179,
689c8811e77ebf237b9f57787dab164f7e51bcc7a9897c5b7ca6c7ad9c7f01dd,h105,-1,results/stage6b_jb_avg_v1/reference/689c8811e77ebf237b9f57787dab164f7e51bcc7a9897c5b7ca6c7ad9c7f01dd.json.gz,False,True,12.106658299999253,b06437ad135abb6fe0e0d909f127a74a97b33ff7675acc2e3e1b2b8254ea6179,
dbfb8ba3e76e0eb46417c239bf9c53db98ecf712be57e54d233731fe734b94ff,h105,0,results/stage6b_jb_avg_v1/reference/dbfb8ba3e76e0eb46417c239bf9c53db98ecf712be57e54d233731fe734b94ff.json.gz,False,True,12.377968100001453,b06437ad135abb6fe0e0d909f127a74a97b33ff7675acc2e3e1b2b8254ea6179,
e621f4f86abce0401f33cd6cd4a50fc6b0cc3b5addc733115b96c28820075ba5,h105,1,results/stage6b_jb_avg_v1/reference/e621f4f86abce0401f33cd6cd4a50fc6b0cc3b5addc733115b96c28820075ba5.json.gz,False,True,14.929502300001332,b06437ad135abb6fe0e0d909f127a74a97b33ff7675acc2e3e1b2b8254ea6179,
8c5861564f20bcbc52133a9aa2a4d051a6353932b095bff13edee91d9975b6d3,h105,2,results/stage6b_jb_avg_v1/reference/8c5861564f20bcbc52133a9aa2a4d051a6353932b095bff13edee91d9975b6d3.json.gz,False,True,14.375452100000985,b06437ad135abb6fe0e0d909f127a74a97b33ff7675acc2e3e1b2b8254ea6179,
e5e014d771e26af65f0f805644ea283a18a67369c1f40b28f592465b42881bd9,h106,-2,results/stage6b_jb_avg_v1/reference/e5e014d771e26af65f0f805644ea283a18a67369c1f40b28f592465b42881bd9.json.gz,False,True,47.306175599995186,b06437ad135abb6fe0e0d909f127a74a97b33ff7675acc2e3e1b2b8254ea6179,
5ca8c4e28356b2cd633cd4a20f701ce72b9060447695db2a677e17e1c446c0a1,h106,-1,results/stage6b_jb_avg_v1/reference/5ca8c4e28356b2cd633cd4a20f701ce72b9060447695db2a677e17e1c446c0a1.json.gz,False,True,48.060308199994324,b06437ad135abb6fe0e0d909f127a74a97b33ff7675acc2e3e1b2b8254ea6179,
118bb0e5b3d045f129df454f0690ec1092a6ecde78a977b46eede97b221a6325,h106,0,results/stage6b_jb_avg_v1/reference/118bb0e5b3d045f129df454f0690ec1092a6ecde78a977b46eede97b221a6325.json.gz,False,True,48.91660840000259,b06437ad135abb6fe0e0d909f127a74a97b33ff7675acc2e3e1b2b8254ea6179,
279606eda2ccca0480e93fff32aab007f159b6c6b1710f6a0e8f323e68aaae49,h106,1,results/stage6b_jb_avg_v1/reference/279606eda2ccca0480e93fff32aab007f159b6c6b1710f6a0e8f323e68aaae49.json.gz,False,True,47.33976100000291,b06437ad135abb6fe0e0d909f127a74a97b33ff7675acc2e3e1b2b8254ea6179,
41e35a54a86df4cb339ebb0e803df6d80ebfcb6f64cbf98cf3268caca00fed2a,h106,2,results/stage6b_jb_avg_v1/reference/41e35a54a86df4cb339ebb0e803df6d80ebfcb6f64cbf98cf3268caca00fed2a.json.gz,False,True,47.65552639999805,b06437ad135abb6fe0e0d909f127a74a97b33ff7675acc2e3e1b2b8254ea6179,
8d1d9edf8b27ac165833a4831e83a0d467154d2c1207c74d0d3517fbbe8d088b,w201,-2,results/stage6b_jb_avg_v1/reference/8d1d9edf8b27ac165833a4831e83a0d467154d2c1207c74d0d3517fbbe8d088b.json.gz,False,True,11.425076600004104,b06437ad135abb6fe0e0d909f127a74a97b33ff7675acc2e3e1b2b8254ea6179,
e80eff2d7b4deb877307f0b6cad74bb6e6774d0a894bdee8e5e7a0a0ff9b2e74,w201,-1,results/stage6b_jb_avg_v1/reference/e80eff2d7b4deb877307f0b6cad74bb6e6774d0a894bdee8e5e7a0a0ff9b2e74.json.gz,False,True,11.112591700002667,b06437ad135abb6fe0e0d909f127a74a97b33ff7675acc2e3e1b2b8254ea6179,
ae1867c2f887a032aa06e1410ff562e982125ee90c461c812f32d8daec1cd685,w201,0,results/stage6b_jb_avg_v1/reference/ae1867c2f887a032aa06e1410ff562e982125ee90c461c812f32d8daec1cd685.json.gz,False,True,11.185336700000335,b06437ad135abb6fe0e0d909f127a74a97b33ff7675acc2e3e1b2b8254ea6179,
c9ecb5c9500e7ac3d432ce9ccc452cce8e8d13c9e0b9a8c2e9d3330c90403492,w201,1,results/stage6b_jb_avg_v1/reference/c9ecb5c9500e7ac3d432ce9ccc452cce8e8d13c9e0b9a8c2e9d3330c90403492.json.gz,False,True,11.219541300000856,b06437ad135abb6fe0e0d909f127a74a97b33ff7675acc2e3e1b2b8254ea6179,
d1c7855f535ec3dd716c056446c1eca6a8599415729c053e8130a7840170118e,w201,2,results/stage6b_jb_avg_v1/reference/d1c7855f535ec3dd716c056446c1eca6a8599415729c053e8130a7840170118e.json.gz,False,True,11.062260099999548,b06437ad135abb6fe0e0d909f127a74a97b33ff7675acc2e3e1b2b8254ea6179,
daffa23ffa5a1f2447594515e28b5781e7073b4615f98fdc47d8a57b2551e9c5,w202,-2,results/stage6b_jb_avg_v1/reference/daffa23ffa5a1f2447594515e28b5781e7073b4615f98fdc47d8a57b2551e9c5.json.gz,False,True,34.96895489999588,b06437ad135abb6fe0e0d909f127a74a97b33ff7675acc2e3e1b2b8254ea6179,
244698b080c35e9d379a51b3707c75f8fe33a69fe13ca9c4fd4041dc29f7f6ca,w202,-1,results/stage6b_jb_avg_v1/reference/244698b080c35e9d379a51b3707c75f8fe33a69fe13ca9c4fd4041dc29f7f6ca.json.gz,False,True,35.931109999997716,b06437ad135abb6fe0e0d909f127a74a97b33ff7675acc2e3e1b2b8254ea6179,
17e8d2233aab5ed48f708633bde1d5e01e4f8cbdd8e99e95fc9c6b5bfa9fe72b,w202,0,results/stage6b_jb_avg_v1/reference/17e8d2233aab5ed48f708633bde1d5e01e4f8cbdd8e99e95fc9c6b5bfa9fe72b.json.gz,False,True,35.63486399999965,b06437ad135abb6fe0e0d909f127a74a97b33ff7675acc2e3e1b2b8254ea6179,
fea8353f7c71177a28fa209ed87cd2ed2cf771878b6ac845b12dc92441986d3a,w202,1,results/stage6b_jb_avg_v1/reference/fea8353f7c71177a28fa209ed87cd2ed2cf771878b6ac845b12dc92441986d3a.json.gz,False,True,35.4104914999989,b06437ad135abb6fe0e0d909f127a74a97b33ff7675acc2e3e1b2b8254ea6179,
407987ad7848dc2f6954d9472266d911dca6e229bbfec8808193717e3a9694ff,w202,2,results/stage6b_jb_avg_v1/reference/407987ad7848dc2f6954d9472266d911dca6e229bbfec8808193717e3a9694ff.json.gz,False,True,35.01875989999826,b06437ad135abb6fe0e0d909f127a74a97b33ff7675acc2e3e1b2b8254ea6179,
301151c2edbe1774e0f46bb65cc584d428a8293a978897961b832794bb179bfd,w203,-2,results/stage6b_jb_avg_v1/reference/301151c2edbe1774e0f46bb65cc584d428a8293a978897961b832794bb179bfd.json.gz,False,True,2.4850796999962768,b06437ad135abb6fe0e0d909f127a74a97b33ff7675acc2e3e1b2b8254ea6179,
76ad1617e42141b591455a07636f57fc1b234abb264cb035cf2f017d89f151e0,w203,-1,results/stage6b_jb_avg_v1/reference/76ad1617e42141b591455a07636f57fc1b234abb264cb035cf2f017d89f151e0.json.gz,False,True,2.4688911000048392,b06437ad135abb6fe0e0d909f127a74a97b33ff7675acc2e3e1b2b8254ea6179,
3c1a8857a291ef97b469713958bf9a5e349f51317b7788ceb630c8d8b804da92,w203,0,results/stage6b_jb_avg_v1/reference/3c1a8857a291ef97b469713958bf9a5e349f51317b7788ceb630c8d8b804da92.json.gz,False,True,2.452257600001758,b06437ad135abb6fe0e0d909f127a74a97b33ff7675acc2e3e1b2b8254ea6179,
4ae7630b418187b02d848ef2c7a99eed120a6982a67be03e1bf641379b0ce25f,w203,1,results/stage6b_jb_avg_v1/reference/4ae7630b418187b02d848ef2c7a99eed120a6982a67be03e1bf641379b0ce25f.json.gz,False,True,2.4852212999976473,b06437ad135abb6fe0e0d909f127a74a97b33ff7675acc2e3e1b2b8254ea6179,
fecf46fb3c8d475e0f946194a792efc428038614a75e3f57b7cc59692c3edc8d,w203,2,results/stage6b_jb_avg_v1/reference/fecf46fb3c8d475e0f946194a792efc428038614a75e3f57b7cc59692c3edc8d.json.gz,False,True,2.46905390000029,b06437ad135abb6fe0e0d909f127a74a97b33ff7675acc2e3e1b2b8254ea6179,
2c08615c5fcd9386532ba95cdf572fd2f6dad6f2b7b1c75580abce49ab431cfd,w204,-2,results/stage6b_jb_avg_v1/reference/2c08615c5fcd9386532ba95cdf572fd2f6dad6f2b7b1c75580abce49ab431cfd.json.gz,False,True,28.43769049999537,b06437ad135abb6fe0e0d909f127a74a97b33ff7675acc2e3e1b2b8254ea6179,
1d8536ff4c3a3395096ecbeb52f00dc8ee00c51dd25ecd6bef962e9689c403f5,w204,-1,results/stage6b_jb_avg_v1/reference/1d8536ff4c3a3395096ecbeb52f00dc8ee00c51dd25ecd6bef962e9689c403f5.json.gz,False,True,28.8704859999998,b06437ad135abb6fe0e0d909f127a74a97b33ff7675acc2e3e1b2b8254ea6179,
40afe6df425d9fa473cafd0de950e94345c6f3531ab61c1be50fd13a8eb794ab,w204,0,results/stage6b_jb_avg_v1/reference/40afe6df425d9fa473cafd0de950e94345c6f3531ab61c1be50fd13a8eb794ab.json.gz,False,True,28.52237079999759,b06437ad135abb6fe0e0d909f127a74a97b33ff7675acc2e3e1b2b8254ea6179,
dfb5206dae79ddd5e503fe7e97f37d1ce1bb3c85c393f8db3ec5403729760a92,w204,1,results/stage6b_jb_avg_v1/reference/dfb5206dae79ddd5e503fe7e97f37d1ce1bb3c85c393f8db3ec5403729760a92.json.gz,False,True,28.89985329999763,b06437ad135abb6fe0e0d909f127a74a97b33ff7675acc2e3e1b2b8254ea6179,
89df5f6ab5d427ae6846e10c0bc4ab5dc79d23ed1df24d313695df3b873d4975,w204,2,results/stage6b_jb_avg_v1/reference/89df5f6ab5d427ae6846e10c0bc4ab5dc79d23ed1df24d313695df3b873d4975.json.gz,False,True,30.00914759999432,b06437ad135abb6fe0e0d909f127a74a97b33ff7675acc2e3e1b2b8254ea6179,
49981da485cd2c38ea0fc66a9520b689905896fe7dc28d5a4f37f867a68165b0,h101,-2,results/stage6b_jb_avg_v1/reference/49981da485cd2c38ea0fc66a9520b689905896fe7dc28d5a4f37f867a68165b0.json.gz,False,True,10.414824299994507,b06437ad135abb6fe0e0d909f127a74a97b33ff7675acc2e3e1b2b8254ea6179,
6e06329930ecac3704d3284e2f1a57a66e751b293d3697c23e347b234143ded4,h101,-1,results/stage6b_jb_avg_v1/reference/6e06329930ecac3704d3284e2f1a57a66e751b293d3697c23e347b234143ded4.json.gz,False,True,10.286344699998153,b06437ad135abb6fe0e0d909f127a74a97b33ff7675acc2e3e1b2b8254ea6179,
b113db5b28d0ad07ae2d0cdef3231cd63fb85d960764f71b4c093239dcbcec37,h101,0,results/stage6b_jb_avg_v1/reference/b113db5b28d0ad07ae2d0cdef3231cd63fb85d960764f71b4c093239dcbcec37.json.gz,False,True,10.43909210000129,b06437ad135abb6fe0e0d909f127a74a97b33ff7675acc2e3e1b2b8254ea6179,
e316f5cf0585b1b3e0fb49e2985cdc7b0d90165614bf4115ef11b1070002245a,h101,1,results/stage6b_jb_avg_v1/reference/e316f5cf0585b1b3e0fb49e2985cdc7b0d90165614bf4115ef11b1070002245a.json.gz,False,True,10.454568399996788,b06437ad135abb6fe0e0d909f127a74a97b33ff7675acc2e3e1b2b8254ea6179,
0724de13d305235b33b9b8c1c865b339c6f29e68e3e6ca0a093ffe5eca96107d,h101,2,results/stage6b_jb_avg_v1/reference/0724de13d305235b33b9b8c1c865b339c6f29e68e3e6ca0a093ffe5eca96107d.json.gz,False,True,10.42012870000326,b06437ad135abb6fe0e0d909f127a74a97b33ff7675acc2e3e1b2b8254ea6179,
0b13f88b2192fd9bcab2b9ae11fe32f5e7f832079f9af53735535303be3b5aae,h102,-2,results/stage6b_jb_avg_v1/reference/0b13f88b2192fd9bcab2b9ae11fe32f5e7f832079f9af53735535303be3b5aae.json.gz,False,True,40.636783699999796,b06437ad135abb6fe0e0d909f127a74a97b33ff7675acc2e3e1b2b8254ea6179,
72df4c88c4f2b7a81b684164ecc7c15acc5f22e32765783c9f8ce3997edf1cbd,h102,-1,results/stage6b_jb_avg_v1/reference/72df4c88c4f2b7a81b684164ecc7c15acc5f22e32765783c9f8ce3997edf1cbd.json.gz,False,True,40.88919409999653,b06437ad135abb6fe0e0d909f127a74a97b33ff7675acc2e3e1b2b8254ea6179,
bd6b6d55bc683aa67e4c093245031e1a734013d0064218729bbcd650901653d5,h102,0,results/stage6b_jb_avg_v1/reference/bd6b6d55bc683aa67e4c093245031e1a734013d0064218729bbcd650901653d5.json.gz,False,True,40.38811569999962,b06437ad135abb6fe0e0d909f127a74a97b33ff7675acc2e3e1b2b8254ea6179,
6a78100f3afcd9c845d5d7836e986a2d42389377d3618245566c15586457c22d,h102,1,results/stage6b_jb_avg_v1/reference/6a78100f3afcd9c845d5d7836e986a2d42389377d3618245566c15586457c22d.json.gz,False,True,40.527398500002164,b06437ad135abb6fe0e0d909f127a74a97b33ff7675acc2e3e1b2b8254ea6179,
57231b3beb63ec9fa1295c84abb651cc962edc3ce69595ba22945ef9e248977a,h102,2,results/stage6b_jb_avg_v1/reference/57231b3beb63ec9fa1295c84abb651cc962edc3ce69595ba22945ef9e248977a.json.gz,False,True,40.48047140000563,b06437ad135abb6fe0e0d909f127a74a97b33ff7675acc2e3e1b2b8254ea6179,
be05143ba154b8080b8fad807e897d62192f1e1feb4610ccb354c93c1b673755,h103,-2,results/stage6b_jb_avg_v1/reference/be05143ba154b8080b8fad807e897d62192f1e1feb4610ccb354c93c1b673755.json.gz,False,True,12.25087429999985,b06437ad135abb6fe0e0d909f127a74a97b33ff7675acc2e3e1b2b8254ea6179,
5b66dd9dda217db84e1c1423d76ccc2770209e82819003059721e2d9132cd084,h103,-1,results/stage6b_jb_avg_v1/reference/5b66dd9dda217db84e1c1423d76ccc2770209e82819003059721e2d9132cd084.json.gz,False,True,12.252703699996346,b06437ad135abb6fe0e0d909f127a74a97b33ff7675acc2e3e1b2b8254ea6179,
8179d54bd41fa6ceaaf4f98002f46394abe8a0fde249beea3eed87451899c26d,h103,0,results/stage6b_jb_avg_v1/reference/8179d54bd41fa6ceaaf4f98002f46394abe8a0fde249beea3eed87451899c26d.json.gz,False,True,12.188934099998733,b06437ad135abb6fe0e0d909f127a74a97b33ff7675acc2e3e1b2b8254ea6179,
b0b58ae6fe4e77ba7ac28682921d4762279bf7236fbb731ee2efe055b2b6bec3,h103,1,results/stage6b_jb_avg_v1/reference/b0b58ae6fe4e77ba7ac28682921d4762279bf7236fbb731ee2efe055b2b6bec3.json.gz,False,True,12.359081599999627,b06437ad135abb6fe0e0d909f127a74a97b33ff7675acc2e3e1b2b8254ea6179,
c5557d2b9ba8c32b19002f7c95167ace0b2bef4652a47962bd0d623a41f1ad59,h103,2,results/stage6b_jb_avg_v1/reference/c5557d2b9ba8c32b19002f7c95167ace0b2bef4652a47962bd0d623a41f1ad59.json.gz,False,True,12.219511000002967,b06437ad135abb6fe0e0d909f127a74a97b33ff7675acc2e3e1b2b8254ea6179,
e1c67856df6b9f7f6436acf5ef9f9d329a0b5e07d7babf7619ddb17a5d0ff32c,h104,-2,results/stage6b_jb_avg_v1/reference/e1c67856df6b9f7f6436acf5ef9f9d329a0b5e07d7babf7619ddb17a5d0ff32c.json.gz,False,True,58.00880280000274,b06437ad135abb6fe0e0d909f127a74a97b33ff7675acc2e3e1b2b8254ea6179,
5be0553c06417f842767706fb1bbc31527969041d19dd1625b01d8bcc0b0e96b,h104,-1,results/stage6b_jb_avg_v1/reference/5be0553c06417f842767706fb1bbc31527969041d19dd1625b01d8bcc0b0e96b.json.gz,False,True,58.08291119999922,b06437ad135abb6fe0e0d909f127a74a97b33ff7675acc2e3e1b2b8254ea6179,
f91a6ebd833a49284613c0bfc9e603aa3c75d512d8db20baf9d42f817748cea3,h104,0,results/stage6b_jb_avg_v1/reference/f91a6ebd833a49284613c0bfc9e603aa3c75d512d8db20baf9d42f817748cea3.json.gz,False,True,57.818878699996276,b06437ad135abb6fe0e0d909f127a74a97b33ff7675acc2e3e1b2b8254ea6179,
62b22c188cd7d1ac28a0d8c3e5dfa4d076b2e0db5c6d23452d600a815e5ab791,h104,1,results/stage6b_jb_avg_v1/reference/62b22c188cd7d1ac28a0d8c3e5dfa4d076b2e0db5c6d23452d600a815e5ab791.json.gz,False,True,57.990447900003346,b06437ad135abb6fe0e0d909f127a74a97b33ff7675acc2e3e1b2b8254ea6179,
0ae21079f64709c32a39e9f90d5fe254f96d95e82ea0a3c616632c1ae8bafc45,h104,2,results/stage6b_jb_avg_v1/reference/0ae21079f64709c32a39e9f90d5fe254f96d95e82ea0a3c616632c1ae8bafc45.json.gz,False,True,57.547118099995714,b06437ad135abb6fe0e0d909f127a74a97b33ff7675acc2e3e1b2b8254ea6179,
5c0ee9fda5bbca5b2392978da388ae27640fc518466a9e3c85530d95aa0faac6,h105,-2,results/stage6b_jb_avg_v1/reference/5c0ee9fda5bbca5b2392978da388ae27640fc518466a9e3c85530d95aa0faac6.json.gz,False,True,11.045139000001654,b06437ad135abb6fe0e0d909f127a74a97b33ff7675acc2e3e1b2b8254ea6179,
d706e347dd917a5088e02dc2c80bf41b87cb6c1b2d25af9db89a90d6d8243d14,h105,-1,results/stage6b_jb_avg_v1/reference/d706e347dd917a5088e02dc2c80bf41b87cb6c1b2d25af9db89a90d6d8243d14.json.gz,False,True,11.19943780000176,b06437ad135abb6fe0e0d909f127a74a97b33ff7675acc2e3e1b2b8254ea6179,
e9db092248c63aa2d9cf85e964f81191573aad675f3cc56181ba5a3d6c8a9253,h105,0,results/stage6b_jb_avg_v1/reference/e9db092248c63aa2d9cf85e964f81191573aad675f3cc56181ba5a3d6c8a9253.json.gz,False,True,11.14571640000213,b06437ad135abb6fe0e0d909f127a74a97b33ff7675acc2e3e1b2b8254ea6179,
3fb34ecbf4ea5db0791581be8a3b157332ea094c89d489ec373d13f5ed692fda,h105,1,results/stage6b_jb_avg_v1/reference/3fb34ecbf4ea5db0791581be8a3b157332ea094c89d489ec373d13f5ed692fda.json.gz,False,True,11.147146499999508,b06437ad135abb6fe0e0d909f127a74a97b33ff7675acc2e3e1b2b8254ea6179,
88d72c81a6246453c8f6bed30743b4b6f01d31c6e41c2f8a9abedda904f54b45,h105,2,results/stage6b_jb_avg_v1/reference/88d72c81a6246453c8f6bed30743b4b6f01d31c6e41c2f8a9abedda904f54b45.json.gz,False,True,11.276937499998894,b06437ad135abb6fe0e0d909f127a74a97b33ff7675acc2e3e1b2b8254ea6179,
2734bb7ddee3392d2d59e7d0f15f8aec8728026a45315a78426be3c3a4b82aca,h106,-2,results/stage6b_jb_avg_v1/reference/2734bb7ddee3392d2d59e7d0f15f8aec8728026a45315a78426be3c3a4b82aca.json.gz,False,True,24.658776299998863,b06437ad135abb6fe0e0d909f127a74a97b33ff7675acc2e3e1b2b8254ea6179,
221078a08ebfd688196114552687844ede150ef628614ebb06a4ca21f19939c9,h106,-1,results/stage6b_jb_avg_v1/reference/221078a08ebfd688196114552687844ede150ef628614ebb06a4ca21f19939c9.json.gz,False,True,24.608866199996555,b06437ad135abb6fe0e0d909f127a74a97b33ff7675acc2e3e1b2b8254ea6179,
76671d19e5e44aee07356ed61651710b98db830984678e6214c3ca3561835523,h106,0,results/stage6b_jb_avg_v1/reference/76671d19e5e44aee07356ed61651710b98db830984678e6214c3ca3561835523.json.gz,False,True,23.315722699997423,b06437ad135abb6fe0e0d909f127a74a97b33ff7675acc2e3e1b2b8254ea6179,
b4cc9889c52ca7b8e8b78f99e2bcdb05e82a21606fec0cf2f45412dd20bd3e18,h106,1,results/stage6b_jb_avg_v1/reference/b4cc9889c52ca7b8e8b78f99e2bcdb05e82a21606fec0cf2f45412dd20bd3e18.json.gz,False,True,23.349405300003127,b06437ad135abb6fe0e0d909f127a74a97b33ff7675acc2e3e1b2b8254ea6179,
c677cb2184a846e6d6f7801a489244c377f9089ec4efcaf52bef92aa0649e784,h106,2,results/stage6b_jb_avg_v1/reference/c677cb2184a846e6d6f7801a489244c377f9089ec4efcaf52bef92aa0649e784.json.gz,False,True,23.282634499999403,b06437ad135abb6fe0e0d909f127a74a97b33ff7675acc2e3e1b2b8254ea6179,
73cb40b7ed613f722c5d46349694d8816274a47f6456789ca3f802682e1ef3b9,w201,-2,results/stage6b_jb_avg_v1/reference/73cb40b7ed613f722c5d46349694d8816274a47f6456789ca3f802682e1ef3b9.json.gz,False,True,9.047565900000336,b06437ad135abb6fe0e0d909f127a74a97b33ff7675acc2e3e1b2b8254ea6179,
2d4beb5daec4eeaa1af0452a4e43249848e3a5d2e751010aa10e09bc2615eecc,w201,-1,results/stage6b_jb_avg_v1/reference/2d4beb5daec4eeaa1af0452a4e43249848e3a5d2e751010aa10e09bc2615eecc.json.gz,False,True,8.893651799997315,b06437ad135abb6fe0e0d909f127a74a97b33ff7675acc2e3e1b2b8254ea6179,
e06eea797df707e691df96c567d4a6e967fb8c4e77fbe7a7e0f4892d2e7fda6d,w201,0,results/stage6b_jb_avg_v1/reference/e06eea797df707e691df96c567d4a6e967fb8c4e77fbe7a7e0f4892d2e7fda6d.json.gz,False,True,8.844424900002195,b06437ad135abb6fe0e0d909f127a74a97b33ff7675acc2e3e1b2b8254ea6179,
ac2dd7ab9c8a49d580d06002de75c67d720e6635929b7031422d9efa9c4dee9b,w201,1,results/stage6b_jb_avg_v1/reference/ac2dd7ab9c8a49d580d06002de75c67d720e6635929b7031422d9efa9c4dee9b.json.gz,False,True,8.964668600005098,b06437ad135abb6fe0e0d909f127a74a97b33ff7675acc2e3e1b2b8254ea6179,
7fbeb2ec7b1920a5d4555a4937b4d41131a34f28ef3ee682125a10bed143c292,w201,2,results/stage6b_jb_avg_v1/reference/7fbeb2ec7b1920a5d4555a4937b4d41131a34f28ef3ee682125a10bed143c292.json.gz,False,True,8.861865300001227,b06437ad135abb6fe0e0d909f127a74a97b33ff7675acc2e3e1b2b8254ea6179,
5fec0ff87a5d84460193a63930260acb2c3b6ffeb68e19f00a5ff62bedc64e37,w202,-2,results/stage6b_jb_avg_v1/reference/5fec0ff87a5d84460193a63930260acb2c3b6ffeb68e19f00a5ff62bedc64e37.json.gz,False,True,34.63507539999409,b06437ad135abb6fe0e0d909f127a74a97b33ff7675acc2e3e1b2b8254ea6179,
ac58e09302d03b8c9c7ad5d8b242f64058a3d48c147726986cbe74ec9e36c53b,w202,-1,results/stage6b_jb_avg_v1/reference/ac58e09302d03b8c9c7ad5d8b242f64058a3d48c147726986cbe74ec9e36c53b.json.gz,False,True,34.80004039999767,b06437ad135abb6fe0e0d909f127a74a97b33ff7675acc2e3e1b2b8254ea6179,
c57747175ef25bd7449ecaacec52aab01c6acc028e928e9a8b5dd038dc467229,w202,0,results/stage6b_jb_avg_v1/reference/c57747175ef25bd7449ecaacec52aab01c6acc028e928e9a8b5dd038dc467229.json.gz,False,True,35.00948819999758,b06437ad135abb6fe0e0d909f127a74a97b33ff7675acc2e3e1b2b8254ea6179,
3d4dc73c14675950d3cefbd76ca3504e72b011963831006f6a984094217938f8,w202,1,results/stage6b_jb_avg_v1/reference/3d4dc73c14675950d3cefbd76ca3504e72b011963831006f6a984094217938f8.json.gz,False,True,36.24831719999929,b06437ad135abb6fe0e0d909f127a74a97b33ff7675acc2e3e1b2b8254ea6179,
0bca49327c9870b47a640e790b8a76f428276d657eaf6d2af2956342c8e9f4a4,w202,2,results/stage6b_jb_avg_v1/reference/0bca49327c9870b47a640e790b8a76f428276d657eaf6d2af2956342c8e9f4a4.json.gz,False,True,35.1777860000002,b06437ad135abb6fe0e0d909f127a74a97b33ff7675acc2e3e1b2b8254ea6179,
c9a0133ec484786edbb9d39c7864d776aaec19ed581ef2157311d5b5689f131d,w203,-2,results/stage6b_jb_avg_v1/reference/c9a0133ec484786edbb9d39c7864d776aaec19ed581ef2157311d5b5689f131d.json.gz,False,True,2.48358520000329,b06437ad135abb6fe0e0d909f127a74a97b33ff7675acc2e3e1b2b8254ea6179,
9f18163319e8f8f9af856f8f70b5f93c3b498306b445ef72e1f547a74ba067ed,w203,-1,results/stage6b_jb_avg_v1/reference/9f18163319e8f8f9af856f8f70b5f93c3b498306b445ef72e1f547a74ba067ed.json.gz,False,True,2.463214399998833,b06437ad135abb6fe0e0d909f127a74a97b33ff7675acc2e3e1b2b8254ea6179,
84d938080ae505fa710f8b16932a24ec979e4061c1498e462f501241ab5736ac,w203,0,results/stage6b_jb_avg_v1/reference/84d938080ae505fa710f8b16932a24ec979e4061c1498e462f501241ab5736ac.json.gz,False,True,2.469445900002029,b06437ad135abb6fe0e0d909f127a74a97b33ff7675acc2e3e1b2b8254ea6179,
e0d6c1b219017d4d03bda10eb8173c53ee27f2ae0764f30b9e56f45f779e04c5,w203,1,results/stage6b_jb_avg_v1/reference/e0d6c1b219017d4d03bda10eb8173c53ee27f2ae0764f30b9e56f45f779e04c5.json.gz,False,True,2.5310452000048826,b06437ad135abb6fe0e0d909f127a74a97b33ff7675acc2e3e1b2b8254ea6179,
b9465bd77fd73e1a3247b3483979e7f352ce30169619337ed13445dbcf209eba,w203,2,results/stage6b_jb_avg_v1/reference/b9465bd77fd73e1a3247b3483979e7f352ce30169619337ed13445dbcf209eba.json.gz,False,True,2.5222797999958857,b06437ad135abb6fe0e0d909f127a74a97b33ff7675acc2e3e1b2b8254ea6179,
4254db68f2b357d96f6d1d8d1b4c0e52a275b9c890dc15b31c5d85a91ce049f6,w204,-2,results/stage6b_jb_avg_v1/reference/4254db68f2b357d96f6d1d8d1b4c0e52a275b9c890dc15b31c5d85a91ce049f6.json.gz,False,True,28.532316099997843,b06437ad135abb6fe0e0d909f127a74a97b33ff7675acc2e3e1b2b8254ea6179,
b701ed41a70d5298f226ee588fbf4d58f403af1ef0771640087e4cd81bef58e9,w204,-1,results/stage6b_jb_avg_v1/reference/b701ed41a70d5298f226ee588fbf4d58f403af1ef0771640087e4cd81bef58e9.json.gz,False,True,28.1188664999936,b06437ad135abb6fe0e0d909f127a74a97b33ff7675acc2e3e1b2b8254ea6179,
9094a6557477b4c345aa727d2719e8e9d8d19cfd6872d82282268e4ff8ccb405,w204,0,results/stage6b_jb_avg_v1/reference/9094a6557477b4c345aa727d2719e8e9d8d19cfd6872d82282268e4ff8ccb405.json.gz,False,True,28.412448800001584,b06437ad135abb6fe0e0d909f127a74a97b33ff7675acc2e3e1b2b8254ea6179,
c0877920e6c544d0573e260c3fc1e475742cc67394d9d7038cd95a543f3ffe08,w204,1,results/stage6b_jb_avg_v1/reference/c0877920e6c544d0573e260c3fc1e475742cc67394d9d7038cd95a543f3ffe08.json.gz,False,True,28.332056999999622,b06437ad135abb6fe0e0d909f127a74a97b33ff7675acc2e3e1b2b8254ea6179,
f4b2d9665537f8573d0527c05a1e5de30119f19444bbea459bf876b9228c12c5,w204,2,results/stage6b_jb_avg_v1/reference/f4b2d9665537f8573d0527c05a1e5de30119f19444bbea459bf876b9228c12c5.json.gz,False,True,28.13868459999503,b06437ad135abb6fe0e0d909f127a74a97b33ff7675acc2e3e1b2b8254ea6179,
b29527c1b6cda645b52d352a1476488ca8844ebbcf30b570acc564e8275da159,h101,-2,results/stage6b_jb_avg_v1/reference/b29527c1b6cda645b52d352a1476488ca8844ebbcf30b570acc564e8275da159.json.gz,False,True,10.274743099995248,b06437ad135abb6fe0e0d909f127a74a97b33ff7675acc2e3e1b2b8254ea6179,
b3a61a850d7634f591aef628ecc0af5f597fee805ba6c442e538f8fd362a1199,h101,-1,results/stage6b_jb_avg_v1/reference/b3a61a850d7634f591aef628ecc0af5f597fee805ba6c442e538f8fd362a1199.json.gz,False,True,10.409823199996026,b06437ad135abb6fe0e0d909f127a74a97b33ff7675acc2e3e1b2b8254ea6179,
620a68e67e2dda38a8b259505691306f8a02ff3f6d33d39e50d2c323520f1629,h101,0,results/stage6b_jb_avg_v1/reference/620a68e67e2dda38a8b259505691306f8a02ff3f6d33d39e50d2c323520f1629.json.gz,False,True,10.381232400002773,b06437ad135abb6fe0e0d909f127a74a97b33ff7675acc2e3e1b2b8254ea6179,
d2ca8cd807b3be6083a093cc73c6f978fac2ce7aa5034e2a1bdacb5349f2b86f,h101,1,results/stage6b_jb_avg_v1/reference/d2ca8cd807b3be6083a093cc73c6f978fac2ce7aa5034e2a1bdacb5349f2b86f.json.gz,False,True,10.167753800000355,b06437ad135abb6fe0e0d909f127a74a97b33ff7675acc2e3e1b2b8254ea6179,
0fb4ec99438208eecee225745f7fba1b77befc289b8deb87ba694e501cbf1834,h101,2,results/stage6b_jb_avg_v1/reference/0fb4ec99438208eecee225745f7fba1b77befc289b8deb87ba694e501cbf1834.json.gz,False,True,10.155871399998432,b06437ad135abb6fe0e0d909f127a74a97b33ff7675acc2e3e1b2b8254ea6179,
350bbc2885e31720d67959ee4b5a083bf0f6ab128b90162c3b1e43e439024e64,h102,-2,results/stage6b_jb_avg_v1/reference/350bbc2885e31720d67959ee4b5a083bf0f6ab128b90162c3b1e43e439024e64.json.gz,False,True,40.637955899997905,b06437ad135abb6fe0e0d909f127a74a97b33ff7675acc2e3e1b2b8254ea6179,
16113362121edea8df61d4186a3e03e4a2c02be8ac76187842f4c31606c334e3,h102,-1,results/stage6b_jb_avg_v1/reference/16113362121edea8df61d4186a3e03e4a2c02be8ac76187842f4c31606c334e3.json.gz,False,True,40.92341440000018,b06437ad135abb6fe0e0d909f127a74a97b33ff7675acc2e3e1b2b8254ea6179,
01ec486a5236a935dac0c4d90b843c461e42986fdc7c5800ba9e0b5f1cc7bd72,h102,0,results/stage6b_jb_avg_v1/reference/01ec486a5236a935dac0c4d90b843c461e42986fdc7c5800ba9e0b5f1cc7bd72.json.gz,False,True,41.13930779999646,b06437ad135abb6fe0e0d909f127a74a97b33ff7675acc2e3e1b2b8254ea6179,
f1cf66f375129ea45832ac6cb604a58fd6dfebe3b8764edfe6b339ead71caece,h102,1,results/stage6b_jb_avg_v1/reference/f1cf66f375129ea45832ac6cb604a58fd6dfebe3b8764edfe6b339ead71caece.json.gz,False,True,41.01640000000043,b06437ad135abb6fe0e0d909f127a74a97b33ff7675acc2e3e1b2b8254ea6179,
253c5b8bffe37ebe476a9ea60e94c29bfbb792070484a4c42a5f12e087f92866,h102,2,results/stage6b_jb_avg_v1/reference/253c5b8bffe37ebe476a9ea60e94c29bfbb792070484a4c42a5f12e087f92866.json.gz,False,True,40.6658591000014,b06437ad135abb6fe0e0d909f127a74a97b33ff7675acc2e3e1b2b8254ea6179,
dd5abc07d622c4733267285597d700e06d1affad8da6f6d07e23708b9fda46f7,h103,-2,results/stage6b_jb_avg_v1/reference/dd5abc07d622c4733267285597d700e06d1affad8da6f6d07e23708b9fda46f7.json.gz,False,True,12.324054500000784,b06437ad135abb6fe0e0d909f127a74a97b33ff7675acc2e3e1b2b8254ea6179,
26ce83d16a25dc2543d56ed1136639a99aad9e84e79b85c611c06021ac82e0f9,h103,-1,results/stage6b_jb_avg_v1/reference/26ce83d16a25dc2543d56ed1136639a99aad9e84e79b85c611c06021ac82e0f9.json.gz,False,True,12.342102300004626,b06437ad135abb6fe0e0d909f127a74a97b33ff7675acc2e3e1b2b8254ea6179,
7f72d85758c56cc732342ffe343108214d6d7afe2f496725cdad3fc24311ea11,h103,0,results/stage6b_jb_avg_v1/reference/7f72d85758c56cc732342ffe343108214d6d7afe2f496725cdad3fc24311ea11.json.gz,False,True,12.198172999997041,b06437ad135abb6fe0e0d909f127a74a97b33ff7675acc2e3e1b2b8254ea6179,
bbbf11328a37b980ada2d0b354e0bbb2b8fa97aac4db15d4b8690309edbc0112,h103,1,results/stage6b_jb_avg_v1/reference/bbbf11328a37b980ada2d0b354e0bbb2b8fa97aac4db15d4b8690309edbc0112.json.gz,False,True,12.312416000000667,b06437ad135abb6fe0e0d909f127a74a97b33ff7675acc2e3e1b2b8254ea6179,
c732347eefafa302325310a718d79f0d8416029feb0f9d5022561b77754bf5ba,h103,2,results/stage6b_jb_avg_v1/reference/c732347eefafa302325310a718d79f0d8416029feb0f9d5022561b77754bf5ba.json.gz,False,True,12.265326699998695,b06437ad135abb6fe0e0d909f127a74a97b33ff7675acc2e3e1b2b8254ea6179,
e0a39b884dd4988b5e380e0037e9b267c444ddb5e82b10316479cdebf78dc10d,h104,-2,results/stage6b_jb_avg_v1/reference/e0a39b884dd4988b5e380e0037e9b267c444ddb5e82b10316479cdebf78dc10d.json.gz,False,True,57.937833600000886,b06437ad135abb6fe0e0d909f127a74a97b33ff7675acc2e3e1b2b8254ea6179,
8f5485dee99f45007163334606818269905e5d0e96309e99fb887d1f400b75f5,h104,-1,results/stage6b_jb_avg_v1/reference/8f5485dee99f45007163334606818269905e5d0e96309e99fb887d1f400b75f5.json.gz,False,True,58.689775999999256,b06437ad135abb6fe0e0d909f127a74a97b33ff7675acc2e3e1b2b8254ea6179,
585346e97f7b9129cabedfa592d4ed7a792b3c2bb7ab7cca30dc3def6039973c,h104,0,results/stage6b_jb_avg_v1/reference/585346e97f7b9129cabedfa592d4ed7a792b3c2bb7ab7cca30dc3def6039973c.json.gz,False,True,58.114675500000885,b06437ad135abb6fe0e0d909f127a74a97b33ff7675acc2e3e1b2b8254ea6179,
75931015cc736d49172f4915eeed0073ed4220c58b91dd9397c728e3ff9fa48e,h104,1,results/stage6b_jb_avg_v1/reference/75931015cc736d49172f4915eeed0073ed4220c58b91dd9397c728e3ff9fa48e.json.gz,False,True,58.58866940000007,b06437ad135abb6fe0e0d909f127a74a97b33ff7675acc2e3e1b2b8254ea6179,
c870a3c4046b90387dd9518a33ddae542deb948b8ddfda8f7f58858eec0a203f,h104,2,results/stage6b_jb_avg_v1/reference/c870a3c4046b90387dd9518a33ddae542deb948b8ddfda8f7f58858eec0a203f.json.gz,False,True,58.226962799999455,b06437ad135abb6fe0e0d909f127a74a97b33ff7675acc2e3e1b2b8254ea6179,
8291b4b7df13f0fdd6f0ebc8162f413a578f6e5a9762d08167ac125babc67e1b,h105,-2,results/stage6b_jb_avg_v1/reference/8291b4b7df13f0fdd6f0ebc8162f413a578f6e5a9762d08167ac125babc67e1b.json.gz,False,True,11.024188099996536,b06437ad135abb6fe0e0d909f127a74a97b33ff7675acc2e3e1b2b8254ea6179,
ac3f7c2adbd1eedc6fbe4e9c68f5a90373a3c0de3b1f414a97ef00061006bbe0,h105,-1,results/stage6b_jb_avg_v1/reference/ac3f7c2adbd1eedc6fbe4e9c68f5a90373a3c0de3b1f414a97ef00061006bbe0.json.gz,False,True,11.289269900000363,b06437ad135abb6fe0e0d909f127a74a97b33ff7675acc2e3e1b2b8254ea6179,
e39f37e533f2cdc470b9db35753ba11be52101667702028e258ac809572185c1,h105,0,results/stage6b_jb_avg_v1/reference/e39f37e533f2cdc470b9db35753ba11be52101667702028e258ac809572185c1.json.gz,False,True,11.238583099999232,b06437ad135abb6fe0e0d909f127a74a97b33ff7675acc2e3e1b2b8254ea6179,
ea0b43e33c139ab4f158d8a00ef5f2be3a04931eacea3c9fd9219a5c7b9c08cc,h105,1,results/stage6b_jb_avg_v1/reference/ea0b43e33c139ab4f158d8a00ef5f2be3a04931eacea3c9fd9219a5c7b9c08cc.json.gz,False,True,10.687961800002086,b06437ad135abb6fe0e0d909f127a74a97b33ff7675acc2e3e1b2b8254ea6179,
23a3472dbd735a5826479bd80acee5a980825d10f73bfcd1ea1f028a00f6cf76,h105,2,results/stage6b_jb_avg_v1/reference/23a3472dbd735a5826479bd80acee5a980825d10f73bfcd1ea1f028a00f6cf76.json.gz,False,True,10.659470300000976,b06437ad135abb6fe0e0d909f127a74a97b33ff7675acc2e3e1b2b8254ea6179,
954035223b3d6897ea5dfecec869072943dc6cef4b40f7758c5ac51e9991f79d,h106,-2,results/stage6b_jb_avg_v1/reference/954035223b3d6897ea5dfecec869072943dc6cef4b40f7758c5ac51e9991f79d.json.gz,False,True,37.17035020000185,b06437ad135abb6fe0e0d909f127a74a97b33ff7675acc2e3e1b2b8254ea6179,
4d82a7e67caa217c87d87f74b664db5e8eb0d89eb1044cb938e9bb7499979eea,h106,-1,results/stage6b_jb_avg_v1/reference/4d82a7e67caa217c87d87f74b664db5e8eb0d89eb1044cb938e9bb7499979eea.json.gz,False,True,37.3319135999991,b06437ad135abb6fe0e0d909f127a74a97b33ff7675acc2e3e1b2b8254ea6179,
155085cf3e8ef0b95d1cdf79c529db03dd69c855121bc0f88f7aa6c04b65671a,h106,0,results/stage6b_jb_avg_v1/reference/155085cf3e8ef0b95d1cdf79c529db03dd69c855121bc0f88f7aa6c04b65671a.json.gz,False,True,37.527751000001444,b06437ad135abb6fe0e0d909f127a74a97b33ff7675acc2e3e1b2b8254ea6179,
91f7472eb3b5f6b5dfcdc773d1a512addad1aa9f1783d948dbf3f2d2df2118b0,h106,1,results/stage6b_jb_avg_v1/reference/91f7472eb3b5f6b5dfcdc773d1a512addad1aa9f1783d948dbf3f2d2df2118b0.json.gz,False,True,37.70906630000536,b06437ad135abb6fe0e0d909f127a74a97b33ff7675acc2e3e1b2b8254ea6179,
c4faf6853a28dfc19464d2a54e0402117b89876a6059fc9b32c5ec426aa73e2e,h106,2,results/stage6b_jb_avg_v1/reference/c4faf6853a28dfc19464d2a54e0402117b89876a6059fc9b32c5ec426aa73e2e.json.gz,False,True,37.72047790000215,b06437ad135abb6fe0e0d909f127a74a97b33ff7675acc2e3e1b2b8254ea6179,
9e46e329607f877a24a4e03c0aec6c0caf7848c1c23bbeb99df4049cc5fd7523,w201,-2,results/stage6b_jb_avg_v1/reference/9e46e329607f877a24a4e03c0aec6c0caf7848c1c23bbeb99df4049cc5fd7523.json.gz,False,True,9.14851120000094,b06437ad135abb6fe0e0d909f127a74a97b33ff7675acc2e3e1b2b8254ea6179,
3794c50851cad01d1b78b96e0cb6583fd7ac91d2118874a12288676f402cbdb6,w201,-1,results/stage6b_jb_avg_v1/reference/3794c50851cad01d1b78b96e0cb6583fd7ac91d2118874a12288676f402cbdb6.json.gz,False,True,8.957297999993898,b06437ad135abb6fe0e0d909f127a74a97b33ff7675acc2e3e1b2b8254ea6179,
db43efed0a88e56afb44582c08126848f7d644c761ba6db1c82228bafea271c8,w201,0,results/stage6b_jb_avg_v1/reference/db43efed0a88e56afb44582c08126848f7d644c761ba6db1c82228bafea271c8.json.gz,False,True,8.924645400002191,b06437ad135abb6fe0e0d909f127a74a97b33ff7675acc2e3e1b2b8254ea6179,
5a86271008829ee5b3f490743d589bffcfe3f0b975e84e4ebf52d0bc8f1f32f0,w201,1,results/stage6b_jb_avg_v1/reference/5a86271008829ee5b3f490743d589bffcfe3f0b975e84e4ebf52d0bc8f1f32f0.json.gz,False,True,8.965716799997608,b06437ad135abb6fe0e0d909f127a74a97b33ff7675acc2e3e1b2b8254ea6179,
992ac8d2c781709bc65dd46ef7c98b8b8788fb6251229e38057c95f5491b9e4c,w201,2,results/stage6b_jb_avg_v1/reference/992ac8d2c781709bc65dd46ef7c98b8b8788fb6251229e38057c95f5491b9e4c.json.gz,False,True,8.966745099998661,b06437ad135abb6fe0e0d909f127a74a97b33ff7675acc2e3e1b2b8254ea6179,
b4fc3416b8901afcd0fd1c0fbb7d33ae03b10e93a3009e8ca019f294f076de4d,w202,-2,results/stage6b_jb_avg_v1/reference/b4fc3416b8901afcd0fd1c0fbb7d33ae03b10e93a3009e8ca019f294f076de4d.json.gz,False,True,35.43521669999609,b06437ad135abb6fe0e0d909f127a74a97b33ff7675acc2e3e1b2b8254ea6179,
b865f1ca351b9b95e24f44155a832cd1b81267c57070576fcace7ab5e68f716b,w202,-1,results/stage6b_jb_avg_v1/reference/b865f1ca351b9b95e24f44155a832cd1b81267c57070576fcace7ab5e68f716b.json.gz,False,True,37.92193450000195,b06437ad135abb6fe0e0d909f127a74a97b33ff7675acc2e3e1b2b8254ea6179,
f6289b8b33d3613a698bcd235632ad205dc0744fbb604de7fe7d43dd3c579982,w202,0,results/stage6b_jb_avg_v1/reference/f6289b8b33d3613a698bcd235632ad205dc0744fbb604de7fe7d43dd3c579982.json.gz,False,True,44.279934699996375,b06437ad135abb6fe0e0d909f127a74a97b33ff7675acc2e3e1b2b8254ea6179,
c02babecd85b2182306032717ae145dce697e4207735ed82b54f5957466c51d2,w202,1,results/stage6b_jb_avg_v1/reference/c02babecd85b2182306032717ae145dce697e4207735ed82b54f5957466c51d2.json.gz,False,True,44.96561590000056,b06437ad135abb6fe0e0d909f127a74a97b33ff7675acc2e3e1b2b8254ea6179,
6cfa6f78f6c276c8dfccae261910720d9f30f8ad2bf342b929605ffc89a55a95,w202,2,results/stage6b_jb_avg_v1/reference/6cfa6f78f6c276c8dfccae261910720d9f30f8ad2bf342b929605ffc89a55a95.json.gz,False,True,44.7864402999985,b06437ad135abb6fe0e0d909f127a74a97b33ff7675acc2e3e1b2b8254ea6179,
8ceacc1ec91d1bcd8a23ea0e4ed04f98a778d8a48a82445cd09f4131648284e5,w203,-2,results/stage6b_jb_avg_v1/reference/8ceacc1ec91d1bcd8a23ea0e4ed04f98a778d8a48a82445cd09f4131648284e5.json.gz,False,True,3.229551199998241,b06437ad135abb6fe0e0d909f127a74a97b33ff7675acc2e3e1b2b8254ea6179,
cadbb5d79b8eb9dfd7f1146bf1dabe351b4ac35d04cb908d29492c03432fcfa0,w203,-1,results/stage6b_jb_avg_v1/reference/cadbb5d79b8eb9dfd7f1146bf1dabe351b4ac35d04cb908d29492c03432fcfa0.json.gz,False,True,3.049326200001815,b06437ad135abb6fe0e0d909f127a74a97b33ff7675acc2e3e1b2b8254ea6179,
30120e20f9f84274c44a3ccd454f0e735f7916c5ab6a80e0544b838a1ecc6e55,w203,0,results/stage6b_jb_avg_v1/reference/30120e20f9f84274c44a3ccd454f0e735f7916c5ab6a80e0544b838a1ecc6e55.json.gz,False,True,3.134173999998893,b06437ad135abb6fe0e0d909f127a74a97b33ff7675acc2e3e1b2b8254ea6179,
ce5c07029735ba5e4726c6e0bbd1936c29a39c88a8b0a2abdc3d2c95a2012a6f,w203,1,results/stage6b_jb_avg_v1/reference/ce5c07029735ba5e4726c6e0bbd1936c29a39c88a8b0a2abdc3d2c95a2012a6f.json.gz,False,True,3.2084266999954707,b06437ad135abb6fe0e0d909f127a74a97b33ff7675acc2e3e1b2b8254ea6179,
b5853cf83d8906556031c279f83a3e805388aaa5b96a3b64b29d833efbc6ec78,w203,2,results/stage6b_jb_avg_v1/reference/b5853cf83d8906556031c279f83a3e805388aaa5b96a3b64b29d833efbc6ec78.json.gz,False,True,3.094277599993802,b06437ad135abb6fe0e0d909f127a74a97b33ff7675acc2e3e1b2b8254ea6179,
bbd08e45a926f22ef54c97dbd7ce1c636f61cb0f9cbc32f428a1020b450d269d,w204,-2,results/stage6b_jb_avg_v1/reference/bbd08e45a926f22ef54c97dbd7ce1c636f61cb0f9cbc32f428a1020b450d269d.json.gz,False,True,36.43134480000299,b06437ad135abb6fe0e0d909f127a74a97b33ff7675acc2e3e1b2b8254ea6179,
97726ae10dfb2eec05d0941baae24a30137a0bbe27abc73887203d175781dc16,w204,-1,results/stage6b_jb_avg_v1/reference/97726ae10dfb2eec05d0941baae24a30137a0bbe27abc73887203d175781dc16.json.gz,False,True,37.22673729999951,b06437ad135abb6fe0e0d909f127a74a97b33ff7675acc2e3e1b2b8254ea6179,
6696a0e44b6ce0264301901848674138f2f9c3ba8cc7bc610d2e5c622ea883cc,w204,0,results/stage6b_jb_avg_v1/reference/6696a0e44b6ce0264301901848674138f2f9c3ba8cc7bc610d2e5c622ea883cc.json.gz,False,True,37.09510559999762,b06437ad135abb6fe0e0d909f127a74a97b33ff7675acc2e3e1b2b8254ea6179,
c01fb5d6639d5b9a0e77aa03a697732cb1f4aa8f7a1991b0ab53f8bcf5bab6cb,w204,1,results/stage6b_jb_avg_v1/reference/c01fb5d6639d5b9a0e77aa03a697732cb1f4aa8f7a1991b0ab53f8bcf5bab6cb.json.gz,False,True,38.15267860000313,b06437ad135abb6fe0e0d909f127a74a97b33ff7675acc2e3e1b2b8254ea6179,
29943f2fa5041e6684636971e1a4788f0097ee1c9571554a926170b54a9c9e19,w204,2,results/stage6b_jb_avg_v1/reference/29943f2fa5041e6684636971e1a4788f0097ee1c9571554a926170b54a9c9e19.json.gz,False,True,35.81472280000162,b06437ad135abb6fe0e0d909f127a74a97b33ff7675acc2e3e1b2b8254ea6179,
9fdef55a92a87278ab29e1959bd2fabf040e235ed36181253d8773684c4915d3,h101,-2,results/stage6b_jb_avg_v1/reference/9fdef55a92a87278ab29e1959bd2fabf040e235ed36181253d8773684c4915d3.json.gz,False,True,12.79737419999583,b06437ad135abb6fe0e0d909f127a74a97b33ff7675acc2e3e1b2b8254ea6179,
1d42cd92b692d4b2de5e64e528e43e789445086f6aac2a294d7f00d5667a8717,h101,-1,results/stage6b_jb_avg_v1/reference/1d42cd92b692d4b2de5e64e528e43e789445086f6aac2a294d7f00d5667a8717.json.gz,False,True,13.027346199996828,b06437ad135abb6fe0e0d909f127a74a97b33ff7675acc2e3e1b2b8254ea6179,
dc161e8fd7530a9cf97fa6b0724058d521cfa0b826892ea4195d2656addc8443,h101,0,results/stage6b_jb_avg_v1/reference/dc161e8fd7530a9cf97fa6b0724058d521cfa0b826892ea4195d2656addc8443.json.gz,False,True,12.329148400000122,b06437ad135abb6fe0e0d909f127a74a97b33ff7675acc2e3e1b2b8254ea6179,
a5745fb20d25cbe2025227106199e22959ce77485e52b64288b4494ac05ad477,h101,1,results/stage6b_jb_avg_v1/reference/a5745fb20d25cbe2025227106199e22959ce77485e52b64288b4494ac05ad477.json.gz,False,True,12.714282599998114,b06437ad135abb6fe0e0d909f127a74a97b33ff7675acc2e3e1b2b8254ea6179,
1a1ca80c418aabe177c0b9bce552bf8d633d3ba39acca1b9e5dcbd26b9c4e394,h101,2,results/stage6b_jb_avg_v1/reference/1a1ca80c418aabe177c0b9bce552bf8d633d3ba39acca1b9e5dcbd26b9c4e394.json.gz,False,True,12.296688900001755,b06437ad135abb6fe0e0d909f127a74a97b33ff7675acc2e3e1b2b8254ea6179,
9c6cd17967492ea5e3fd76f460f8e10fe7836df039facc65691b0df04daab2d2,h102,-2,results/stage6b_jb_avg_v1/reference/9c6cd17967492ea5e3fd76f460f8e10fe7836df039facc65691b0df04daab2d2.json.gz,False,True,50.92547469999408,b06437ad135abb6fe0e0d909f127a74a97b33ff7675acc2e3e1b2b8254ea6179,
7e422c0404a167cd6dcc5d2a0ac383896a351b85876f7537e432a49283cf1bb2,h102,-1,results/stage6b_jb_avg_v1/reference/7e422c0404a167cd6dcc5d2a0ac383896a351b85876f7537e432a49283cf1bb2.json.gz,False,True,51.73705660000269,b06437ad135abb6fe0e0d909f127a74a97b33ff7675acc2e3e1b2b8254ea6179,
c3cf99ab25fb589fdb695b4d4820aebcf221b22934b9d30821b02b2127136568,h102,0,results/stage6b_jb_avg_v1/reference/c3cf99ab25fb589fdb695b4d4820aebcf221b22934b9d30821b02b2127136568.json.gz,False,True,51.98745549999876,b06437ad135abb6fe0e0d909f127a74a97b33ff7675acc2e3e1b2b8254ea6179,
85f3f2766c7a74cd8feed6180d29ddd92f635fa23d6fbc8f0bdf1d1baae9f9c5,h102,1,results/stage6b_jb_avg_v1/reference/85f3f2766c7a74cd8feed6180d29ddd92f635fa23d6fbc8f0bdf1d1baae9f9c5.json.gz,False,True,52.177168000001984,b06437ad135abb6fe0e0d909f127a74a97b33ff7675acc2e3e1b2b8254ea6179,
38033cf01b22650a5bb3ad3174df342f5027d255e5cae3037d555aaaa7360d87,h102,2,results/stage6b_jb_avg_v1/reference/38033cf01b22650a5bb3ad3174df342f5027d255e5cae3037d555aaaa7360d87.json.gz,False,True,51.818036500000744,b06437ad135abb6fe0e0d909f127a74a97b33ff7675acc2e3e1b2b8254ea6179,
b51406affa82a20c90f7782ed680ee0bda9be3669792d0cc95472a85c59ae030,h103,-2,results/stage6b_jb_avg_v1/reference/b51406affa82a20c90f7782ed680ee0bda9be3669792d0cc95472a85c59ae030.json.gz,False,True,15.941506800001662,b06437ad135abb6fe0e0d909f127a74a97b33ff7675acc2e3e1b2b8254ea6179,
16b1e62ef79150f32994a1f44e69795f97e159d104533684c8a62c879e1ea906,h103,-1,results/stage6b_jb_avg_v1/reference/16b1e62ef79150f32994a1f44e69795f97e159d104533684c8a62c879e1ea906.json.gz,False,True,15.084819100004097,b06437ad135abb6fe0e0d909f127a74a97b33ff7675acc2e3e1b2b8254ea6179,
f377846f00a16a678df6b04320cfabec21b1fa5db75b581f8602f61bd4e79458,h103,0,results/stage6b_jb_avg_v1/reference/f377846f00a16a678df6b04320cfabec21b1fa5db75b581f8602f61bd4e79458.json.gz,False,True,14.362552899998263,b06437ad135abb6fe0e0d909f127a74a97b33ff7675acc2e3e1b2b8254ea6179,
d5a204f70f6b1bd45cbcd59a1108bcd530324b2eca277439e905523ad25833df,h103,1,results/stage6b_jb_avg_v1/reference/d5a204f70f6b1bd45cbcd59a1108bcd530324b2eca277439e905523ad25833df.json.gz,False,True,16.097023400005128,b06437ad135abb6fe0e0d909f127a74a97b33ff7675acc2e3e1b2b8254ea6179,
31f5e0e62537462ae6d343516d2069ea0967445bf691079115ee954b002cec90,h103,2,results/stage6b_jb_avg_v1/reference/31f5e0e62537462ae6d343516d2069ea0967445bf691079115ee954b002cec90.json.gz,False,True,16.128574799993658,b06437ad135abb6fe0e0d909f127a74a97b33ff7675acc2e3e1b2b8254ea6179,
26992a73844f6f05f08ceeb6caf14051721894376a663e725be04f545cfe14ab,h104,-2,results/stage6b_jb_avg_v1/reference/26992a73844f6f05f08ceeb6caf14051721894376a663e725be04f545cfe14ab.json.gz,False,True,73.28594829999929,b06437ad135abb6fe0e0d909f127a74a97b33ff7675acc2e3e1b2b8254ea6179,
d9e2249a6c39a20ea684cdd1ab64ef69148cf72f0a11777415cc999e721ea926,h104,-1,results/stage6b_jb_avg_v1/reference/d9e2249a6c39a20ea684cdd1ab64ef69148cf72f0a11777415cc999e721ea926.json.gz,False,True,75.39540810000472,b06437ad135abb6fe0e0d909f127a74a97b33ff7675acc2e3e1b2b8254ea6179,
21730c6c0fdd5502779d3277ba7f21f773c93a7587e69d0edf3a680c60979752,h104,0,results/stage6b_jb_avg_v1/reference/21730c6c0fdd5502779d3277ba7f21f773c93a7587e69d0edf3a680c60979752.json.gz,False,True,76.10144570000557,b06437ad135abb6fe0e0d909f127a74a97b33ff7675acc2e3e1b2b8254ea6179,
d62b423a73943d04904129585b802b6b353407fb566a08b940def42830634bc1,h104,1,results/stage6b_jb_avg_v1/reference/d62b423a73943d04904129585b802b6b353407fb566a08b940def42830634bc1.json.gz,False,True,74.03910500000347,b06437ad135abb6fe0e0d909f127a74a97b33ff7675acc2e3e1b2b8254ea6179,
fb699b06976b5051d20edc5a3f8e10587a26576a5e210125a07ba81009eb340c,h104,2,results/stage6b_jb_avg_v1/reference/fb699b06976b5051d20edc5a3f8e10587a26576a5e210125a07ba81009eb340c.json.gz,False,True,75.05196949999663,b06437ad135abb6fe0e0d909f127a74a97b33ff7675acc2e3e1b2b8254ea6179,
4510f0cd83fa47f6f8ca372fddb2ba9569aff36eb4e77177fd8ede87babc2539,h105,-2,results/stage6b_jb_avg_v1/reference/4510f0cd83fa47f6f8ca372fddb2ba9569aff36eb4e77177fd8ede87babc2539.json.gz,False,True,13.665070399998513,b06437ad135abb6fe0e0d909f127a74a97b33ff7675acc2e3e1b2b8254ea6179,
73637433657fa3b8280974eea8fc5606f0e0c8cece369407ed77d6163e57f190,h105,-1,results/stage6b_jb_avg_v1/reference/73637433657fa3b8280974eea8fc5606f0e0c8cece369407ed77d6163e57f190.json.gz,False,True,12.901808499998879,b06437ad135abb6fe0e0d909f127a74a97b33ff7675acc2e3e1b2b8254ea6179,
8dacb5afd9aa45a869ca122c40325d05a4c6679bcbb34a06513a863bde1b239a,h105,0,results/stage6b_jb_avg_v1/reference/8dacb5afd9aa45a869ca122c40325d05a4c6679bcbb34a06513a863bde1b239a.json.gz,False,True,13.396697699994547,b06437ad135abb6fe0e0d909f127a74a97b33ff7675acc2e3e1b2b8254ea6179,
3bccb97ebbd093f501617bba92e501cbabb78f8a555e6cdb3386090bf8413501,h105,1,results/stage6b_jb_avg_v1/reference/3bccb97ebbd093f501617bba92e501cbabb78f8a555e6cdb3386090bf8413501.json.gz,False,True,12.887509100000898,b06437ad135abb6fe0e0d909f127a74a97b33ff7675acc2e3e1b2b8254ea6179,
f516a0270e3836b3269749a277866689b20ae15f206c4604483c379bebf9dadd,h105,2,results/stage6b_jb_avg_v1/reference/f516a0270e3836b3269749a277866689b20ae15f206c4604483c379bebf9dadd.json.gz,False,True,12.760916100000031,b06437ad135abb6fe0e0d909f127a74a97b33ff7675acc2e3e1b2b8254ea6179,
82eed6688fe58a3ea79b110a4774e3bd1940e0681368b0eb65754f89eb24c2eb,h106,-2,results/stage6b_jb_avg_v1/reference/82eed6688fe58a3ea79b110a4774e3bd1940e0681368b0eb65754f89eb24c2eb.json.gz,False,True,32.84274880000157,b06437ad135abb6fe0e0d909f127a74a97b33ff7675acc2e3e1b2b8254ea6179,
55c4976cdf966f2f6a9d20e716b82c28ab151217c2ea12a0b5a5047e67090f35,h106,-1,results/stage6b_jb_avg_v1/reference/55c4976cdf966f2f6a9d20e716b82c28ab151217c2ea12a0b5a5047e67090f35.json.gz,False,True,33.39883689999988,b06437ad135abb6fe0e0d909f127a74a97b33ff7675acc2e3e1b2b8254ea6179,
601dd1773d8a5d0251c61f4a02a35ec9a7366e7b716a5cb47a541f944fbf5987,h106,0,results/stage6b_jb_avg_v1/reference/601dd1773d8a5d0251c61f4a02a35ec9a7366e7b716a5cb47a541f944fbf5987.json.gz,False,True,32.289984499999264,b06437ad135abb6fe0e0d909f127a74a97b33ff7675acc2e3e1b2b8254ea6179,
96ecc9c4f1a3126dbe2a99e570aa15631a428841d36a7fcbbd999a9014574acc,h106,1,results/stage6b_jb_avg_v1/reference/96ecc9c4f1a3126dbe2a99e570aa15631a428841d36a7fcbbd999a9014574acc.json.gz,False,True,30.5056184999994,b06437ad135abb6fe0e0d909f127a74a97b33ff7675acc2e3e1b2b8254ea6179,
c0c69faa36e7684a15b505e893132aad1095660e25ab250d12416f5b1b021dc3,h106,2,results/stage6b_jb_avg_v1/reference/c0c69faa36e7684a15b505e893132aad1095660e25ab250d12416f5b1b021dc3.json.gz,False,True,29.711023699994257,b06437ad135abb6fe0e0d909f127a74a97b33ff7675acc2e3e1b2b8254ea6179,
3741a0c803c6f2dd44242095c44b6719a54f66944946b0b4bb1e4a96503db51e,w201,-2,results/stage6b_jb_avg_v1/reference/3741a0c803c6f2dd44242095c44b6719a54f66944946b0b4bb1e4a96503db51e.json.gz,False,True,11.682778999995207,b06437ad135abb6fe0e0d909f127a74a97b33ff7675acc2e3e1b2b8254ea6179,
0948cf32dc72d649a7946c2ddf0a1fa64ed2575cbcf7f46c26e1f4f246fb7c2b,w201,-1,results/stage6b_jb_avg_v1/reference/0948cf32dc72d649a7946c2ddf0a1fa64ed2575cbcf7f46c26e1f4f246fb7c2b.json.gz,False,True,11.75759939999989,b06437ad135abb6fe0e0d909f127a74a97b33ff7675acc2e3e1b2b8254ea6179,
ef12a22c832e88f00a74ed6d02abb830cbc2701064be8600fd44aec6ee78e11f,w201,0,results/stage6b_jb_avg_v1/reference/ef12a22c832e88f00a74ed6d02abb830cbc2701064be8600fd44aec6ee78e11f.json.gz,False,True,11.439113599997654,b06437ad135abb6fe0e0d909f127a74a97b33ff7675acc2e3e1b2b8254ea6179,
064dbc10dc3861f4d3090a5a433f49abc3b9bbeb41efa858cbdf94c4e933f9b1,w201,1,results/stage6b_jb_avg_v1/reference/064dbc10dc3861f4d3090a5a433f49abc3b9bbeb41efa858cbdf94c4e933f9b1.json.gz,False,True,11.73485979999532,b06437ad135abb6fe0e0d909f127a74a97b33ff7675acc2e3e1b2b8254ea6179,
4b4024f06d1b7e4e660e02ed4cb92674d7becb83025a4aee28a00ad56bb290aa,w201,2,results/stage6b_jb_avg_v1/reference/4b4024f06d1b7e4e660e02ed4cb92674d7becb83025a4aee28a00ad56bb290aa.json.gz,False,True,11.03410520000034,b06437ad135abb6fe0e0d909f127a74a97b33ff7675acc2e3e1b2b8254ea6179,
d21df9d3b18699e60707e1605626c4329e517abea0ffa4ad03b792c714dc801f,w202,-2,results/stage6b_jb_avg_v1/reference/d21df9d3b18699e60707e1605626c4329e517abea0ffa4ad03b792c714dc801f.json.gz,False,True,41.591631200004485,b06437ad135abb6fe0e0d909f127a74a97b33ff7675acc2e3e1b2b8254ea6179,
9a8c431364318ff4d4d482a6891f42ddfb63835b116df6db44aef54616681bf8,w202,-1,results/stage6b_jb_avg_v1/reference/9a8c431364318ff4d4d482a6891f42ddfb63835b116df6db44aef54616681bf8.json.gz,False,True,41.79345189999731,b06437ad135abb6fe0e0d909f127a74a97b33ff7675acc2e3e1b2b8254ea6179,
9e31c44ca0b2a9592b4a902655d5d02c169b12ed34be76d72b915b1481354d11,w202,0,results/stage6b_jb_avg_v1/reference/9e31c44ca0b2a9592b4a902655d5d02c169b12ed34be76d72b915b1481354d11.json.gz,False,True,40.36550629999692,b06437ad135abb6fe0e0d909f127a74a97b33ff7675acc2e3e1b2b8254ea6179,
9984f6e86d12b2120cc46e747e7e6e878f2816b70eabd360b8417dce579fe0cc,w202,1,results/stage6b_jb_avg_v1/reference/9984f6e86d12b2120cc46e747e7e6e878f2816b70eabd360b8417dce579fe0cc.json.gz,False,True,39.9478311999992,b06437ad135abb6fe0e0d909f127a74a97b33ff7675acc2e3e1b2b8254ea6179,
ebae404a874c1bc15685d39b6ec425b8092952a08aac18b56fe28af24bbddf16,w202,2,results/stage6b_jb_avg_v1/reference/ebae404a874c1bc15685d39b6ec425b8092952a08aac18b56fe28af24bbddf16.json.gz,False,True,39.45946740000363,b06437ad135abb6fe0e0d909f127a74a97b33ff7675acc2e3e1b2b8254ea6179,
421de6d538fe460a2cdec3424e1075234776cd5c7479c479f6931d0aea2e4806,w203,-2,results/stage6b_jb_avg_v1/reference/421de6d538fe460a2cdec3424e1075234776cd5c7479c479f6931d0aea2e4806.json.gz,False,True,3.065042499998526,b06437ad135abb6fe0e0d909f127a74a97b33ff7675acc2e3e1b2b8254ea6179,
6f0424873c627b0132f2f3e86fb7dec920970ed22799a340f2139a449a11fd72,w203,-1,results/stage6b_jb_avg_v1/reference/6f0424873c627b0132f2f3e86fb7dec920970ed22799a340f2139a449a11fd72.json.gz,False,True,3.3055133999951067,b06437ad135abb6fe0e0d909f127a74a97b33ff7675acc2e3e1b2b8254ea6179,
0109599b128db19e954c8a9aaaa214e3e5271a8e22453a58ee1df1442d92eb14,w203,0,results/stage6b_jb_avg_v1/reference/0109599b128db19e954c8a9aaaa214e3e5271a8e22453a58ee1df1442d92eb14.json.gz,False,True,3.2286888000016916,b06437ad135abb6fe0e0d909f127a74a97b33ff7675acc2e3e1b2b8254ea6179,
37dd18ae31d4e10800261348d3f565c41348bf5c4ca771883143373b034e6bce,w203,1,results/stage6b_jb_avg_v1/reference/37dd18ae31d4e10800261348d3f565c41348bf5c4ca771883143373b034e6bce.json.gz,False,True,3.2020828000022448,b06437ad135abb6fe0e0d909f127a74a97b33ff7675acc2e3e1b2b8254ea6179,
a227dd109b22d9ffacec4495fd9b88531e3400c56749b2cd605f04de6a455dc3,w203,2,results/stage6b_jb_avg_v1/reference/a227dd109b22d9ffacec4495fd9b88531e3400c56749b2cd605f04de6a455dc3.json.gz,False,True,3.097950600000331,b06437ad135abb6fe0e0d909f127a74a97b33ff7675acc2e3e1b2b8254ea6179,
75b156825c43ef53b3d9b9d431e9e77199628517566fbd82bac2481154e91f20,w204,-2,results/stage6b_jb_avg_v1/reference/75b156825c43ef53b3d9b9d431e9e77199628517566fbd82bac2481154e91f20.json.gz,False,True,35.82052430000476,b06437ad135abb6fe0e0d909f127a74a97b33ff7675acc2e3e1b2b8254ea6179,
f19661eb108c97fe764a028e09b11f9f227dd42e0c658245e154a86db5d8560f,w204,-1,results/stage6b_jb_avg_v1/reference/f19661eb108c97fe764a028e09b11f9f227dd42e0c658245e154a86db5d8560f.json.gz,False,True,37.174529999996594,b06437ad135abb6fe0e0d909f127a74a97b33ff7675acc2e3e1b2b8254ea6179,
220a30746f0b2c71638fef4c307b14647cb1f9d0d55ffd26464bb586d2e059d3,w204,0,results/stage6b_jb_avg_v1/reference/220a30746f0b2c71638fef4c307b14647cb1f9d0d55ffd26464bb586d2e059d3.json.gz,False,True,36.39002420000179,b06437ad135abb6fe0e0d909f127a74a97b33ff7675acc2e3e1b2b8254ea6179,
f2bd4afb9b0761edf91fbcadc2db8d08f5e3e11c471bedd845f689e4323e827f,w204,1,results/stage6b_jb_avg_v1/reference/f2bd4afb9b0761edf91fbcadc2db8d08f5e3e11c471bedd845f689e4323e827f.json.gz,False,True,35.16086020000512,b06437ad135abb6fe0e0d909f127a74a97b33ff7675acc2e3e1b2b8254ea6179,
0e3c466d8d95c02f3844eaac8f81fc3a48ebcb73df18a283bd7a3f86ee2c66bb,w204,2,results/stage6b_jb_avg_v1/reference/0e3c466d8d95c02f3844eaac8f81fc3a48ebcb73df18a283bd7a3f86ee2c66bb.json.gz,False,True,36.889055800005735,b06437ad135abb6fe0e0d909f127a74a97b33ff7675acc2e3e1b2b8254ea6179,
e57e5c82640645a905555ca3ccafa3e5b51046aca3bcd90bb7ed54e19eee0f14,h101,-2,results/stage6b_jb_avg_v1/reference/e57e5c82640645a905555ca3ccafa3e5b51046aca3bcd90bb7ed54e19eee0f14.json.gz,False,True,13.111251000002085,b06437ad135abb6fe0e0d909f127a74a97b33ff7675acc2e3e1b2b8254ea6179,
329635d0361b2121b35f958a1dbd6c58c33331c09375599e0fdbf5fb6b79409d,h101,-1,results/stage6b_jb_avg_v1/reference/329635d0361b2121b35f958a1dbd6c58c33331c09375599e0fdbf5fb6b79409d.json.gz,False,True,13.1754254999978,b06437ad135abb6fe0e0d909f127a74a97b33ff7675acc2e3e1b2b8254ea6179,
aff2aa10287aa3ab27c9f9cc8547bff78c839a29a11e78d096690d04f7a910a9,h101,0,results/stage6b_jb_avg_v1/reference/aff2aa10287aa3ab27c9f9cc8547bff78c839a29a11e78d096690d04f7a910a9.json.gz,False,True,12.936755200003972,b06437ad135abb6fe0e0d909f127a74a97b33ff7675acc2e3e1b2b8254ea6179,
fab832ae8bd9243d73ab516ce92bcd558d210d4950e1c9ca09c60365f19d3fcd,h101,1,results/stage6b_jb_avg_v1/reference/fab832ae8bd9243d73ab516ce92bcd558d210d4950e1c9ca09c60365f19d3fcd.json.gz,False,True,12.943387000006624,b06437ad135abb6fe0e0d909f127a74a97b33ff7675acc2e3e1b2b8254ea6179,
7d371322c575b1e9fc392c4c425078f50308827f5635ffa14788fe57410be267,h101,2,results/stage6b_jb_avg_v1/reference/7d371322c575b1e9fc392c4c425078f50308827f5635ffa14788fe57410be267.json.gz,False,True,13.188778899995668,b06437ad135abb6fe0e0d909f127a74a97b33ff7675acc2e3e1b2b8254ea6179,
594c8b854727556015679c41a10cac983fdaa468f27c8e2a0c9587ed048c771b,h102,-2,results/stage6b_jb_avg_v1/reference/594c8b854727556015679c41a10cac983fdaa468f27c8e2a0c9587ed048c771b.json.gz,False,True,52.96089840000059,b06437ad135abb6fe0e0d909f127a74a97b33ff7675acc2e3e1b2b8254ea6179,
c39d81b0e7b6e86371fa92627f93a78fd50180e555903e3d9be3cc01091eb145,h102,-1,results/stage6b_jb_avg_v1/reference/c39d81b0e7b6e86371fa92627f93a78fd50180e555903e3d9be3cc01091eb145.json.gz,False,True,50.86942249999993,b06437ad135abb6fe0e0d909f127a74a97b33ff7675acc2e3e1b2b8254ea6179,
b9a99566a547a560ef7cf90329a4b709199a3938ecfe331d503a31ef3195cbef,h102,0,results/stage6b_jb_avg_v1/reference/b9a99566a547a560ef7cf90329a4b709199a3938ecfe331d503a31ef3195cbef.json.gz,False,True,51.022498799997265,b06437ad135abb6fe0e0d909f127a74a97b33ff7675acc2e3e1b2b8254ea6179,
8ef06bfcca18558f0fce9619d429ee263d3191fee47abaad3e4c5f0aff7d669b,h102,1,results/stage6b_jb_avg_v1/reference/8ef06bfcca18558f0fce9619d429ee263d3191fee47abaad3e4c5f0aff7d669b.json.gz,False,True,51.71047670000553,b06437ad135abb6fe0e0d909f127a74a97b33ff7675acc2e3e1b2b8254ea6179,
8bb74652f16fff88f80fc7002356297a5eeecc48b16a079c5fdcf0a0061ba149,h102,2,results/stage6b_jb_avg_v1/reference/8bb74652f16fff88f80fc7002356297a5eeecc48b16a079c5fdcf0a0061ba149.json.gz,False,True,51.39098329999979,b06437ad135abb6fe0e0d909f127a74a97b33ff7675acc2e3e1b2b8254ea6179,
2c4919c381d3b6ac60b2ecc7fa7935fa07a0358e4ab6531c17f4ca382ad92cef,h103,-2,results/stage6b_jb_avg_v1/reference/2c4919c381d3b6ac60b2ecc7fa7935fa07a0358e4ab6531c17f4ca382ad92cef.json.gz,False,True,16.105962600006023,b06437ad135abb6fe0e0d909f127a74a97b33ff7675acc2e3e1b2b8254ea6179,
bdc94ba705b2da53b4e77df82bd0189c40c4f26d692548a068c896d51dba8e82,h103,-1,results/stage6b_jb_avg_v1/reference/bdc94ba705b2da53b4e77df82bd0189c40c4f26d692548a068c896d51dba8e82.json.gz,False,True,15.926129899999069,b06437ad135abb6fe0e0d909f127a74a97b33ff7675acc2e3e1b2b8254ea6179,
2e28a4150c32406858f1caeb8eb78fdd2de75dd874af173fee009511e2cd8702,h103,0,results/stage6b_jb_avg_v1/reference/2e28a4150c32406858f1caeb8eb78fdd2de75dd874af173fee009511e2cd8702.json.gz,False,True,15.501099700006307,b06437ad135abb6fe0e0d909f127a74a97b33ff7675acc2e3e1b2b8254ea6179,
11141577cce678c680e9348f4113244c4660e177e2afa1ff60a960d6ecf2471e,h103,1,results/stage6b_jb_avg_v1/reference/11141577cce678c680e9348f4113244c4660e177e2afa1ff60a960d6ecf2471e.json.gz,False,True,15.520721599998069,b06437ad135abb6fe0e0d909f127a74a97b33ff7675acc2e3e1b2b8254ea6179,
48768faa064e40e3b5f6dfa32732830178b7a613c9f64b0b5a06a26ebfd067be,h103,2,results/stage6b_jb_avg_v1/reference/48768faa064e40e3b5f6dfa32732830178b7a613c9f64b0b5a06a26ebfd067be.json.gz,False,True,15.53387980000116,b06437ad135abb6fe0e0d909f127a74a97b33ff7675acc2e3e1b2b8254ea6179,
89f275af1c45c8ff6531d0255460ae3d236ede624cd4246b45be4e1158fdef04,h104,-2,results/stage6b_jb_avg_v1/reference/89f275af1c45c8ff6531d0255460ae3d236ede624cd4246b45be4e1158fdef04.json.gz,False,True,73.87200400000438,b06437ad135abb6fe0e0d909f127a74a97b33ff7675acc2e3e1b2b8254ea6179,
a8ebd7e778c41ee548cd2871bf0e08bd569717119fec9f578fc7be8318ca18ce,h104,-1,results/stage6b_jb_avg_v1/reference/a8ebd7e778c41ee548cd2871bf0e08bd569717119fec9f578fc7be8318ca18ce.json.gz,False,True,67.78432940000494,b06437ad135abb6fe0e0d909f127a74a97b33ff7675acc2e3e1b2b8254ea6179,
c18bc6ec70f0a1fa3252ef26ecfa299392e78b15cdb85c65c2f41db607dcf999,h104,0,results/stage6b_jb_avg_v1/reference/c18bc6ec70f0a1fa3252ef26ecfa299392e78b15cdb85c65c2f41db607dcf999.json.gz,False,True,65.77935560000333,b06437ad135abb6fe0e0d909f127a74a97b33ff7675acc2e3e1b2b8254ea6179,
15a3c7c90e89be5b73b0d1daa8a10129c25da894ed4e395e85dbf02be8fba2ed,h104,1,results/stage6b_jb_avg_v1/reference/15a3c7c90e89be5b73b0d1daa8a10129c25da894ed4e395e85dbf02be8fba2ed.json.gz,False,True,63.989578400003666,b06437ad135abb6fe0e0d909f127a74a97b33ff7675acc2e3e1b2b8254ea6179,
a1704473e38d5c85dd519904b3412adc043d58211fde18187a501e24346ae254,h104,2,results/stage6b_jb_avg_v1/reference/a1704473e38d5c85dd519904b3412adc043d58211fde18187a501e24346ae254.json.gz,False,True,64.9501311999993,b06437ad135abb6fe0e0d909f127a74a97b33ff7675acc2e3e1b2b8254ea6179,
6e87b130f08a6dee2500b2aa1705a9ce05771118265768773ee03059609eff09,h105,-2,results/stage6b_jb_avg_v1/reference/6e87b130f08a6dee2500b2aa1705a9ce05771118265768773ee03059609eff09.json.gz,False,True,14.506241799994314,b06437ad135abb6fe0e0d909f127a74a97b33ff7675acc2e3e1b2b8254ea6179,
d6756f90c9c63a225b9cd44d034f3117d0d1d2e851083c7a8aebb416f7ac2fc7,h105,-1,results/stage6b_jb_avg_v1/reference/d6756f90c9c63a225b9cd44d034f3117d0d1d2e851083c7a8aebb416f7ac2fc7.json.gz,False,True,14.429852199995366,b06437ad135abb6fe0e0d909f127a74a97b33ff7675acc2e3e1b2b8254ea6179,
13ba7a901f01346a8be4f77ba3507798a4e61aa2b48989e607f410fd26ecf7b3,h105,0,results/stage6b_jb_avg_v1/reference/13ba7a901f01346a8be4f77ba3507798a4e61aa2b48989e607f410fd26ecf7b3.json.gz,False,True,13.917746099999931,b06437ad135abb6fe0e0d909f127a74a97b33ff7675acc2e3e1b2b8254ea6179,
82930fa21bfcc90460e708e44620e80263d758716eccf25d0c1f3b8e69257278,h105,1,results/stage6b_jb_avg_v1/reference/82930fa21bfcc90460e708e44620e80263d758716eccf25d0c1f3b8e69257278.json.gz,False,True,14.393750499999442,b06437ad135abb6fe0e0d909f127a74a97b33ff7675acc2e3e1b2b8254ea6179,
1871f10c92b333d158a38ea904624fc3657c1a7c8a446ea1495146fd76d57900,h105,2,results/stage6b_jb_avg_v1/reference/1871f10c92b333d158a38ea904624fc3657c1a7c8a446ea1495146fd76d57900.json.gz,False,True,14.192019900001469,b06437ad135abb6fe0e0d909f127a74a97b33ff7675acc2e3e1b2b8254ea6179,
fb5648775c3825525678d5766fd61c5f6eec00c7e296241d48dba0bad80397ff,h106,-2,results/stage6b_jb_avg_v1/reference/fb5648775c3825525678d5766fd61c5f6eec00c7e296241d48dba0bad80397ff.json.gz,False,True,48.3079621999932,b06437ad135abb6fe0e0d909f127a74a97b33ff7675acc2e3e1b2b8254ea6179,
771b90e15771765625d14eede91e11fad70ac6b9a0ee2e12ba3e6b2ae4ec096e,h106,-1,results/stage6b_jb_avg_v1/reference/771b90e15771765625d14eede91e11fad70ac6b9a0ee2e12ba3e6b2ae4ec096e.json.gz,False,True,46.79440030000114,b06437ad135abb6fe0e0d909f127a74a97b33ff7675acc2e3e1b2b8254ea6179,
fdc168dcfc69aed4f99f60ea2a1589ea0af0dbf0b2f04be120b096ff24ffe472,h106,0,results/stage6b_jb_avg_v1/reference/fdc168dcfc69aed4f99f60ea2a1589ea0af0dbf0b2f04be120b096ff24ffe472.json.gz,False,True,46.73886560000392,b06437ad135abb6fe0e0d909f127a74a97b33ff7675acc2e3e1b2b8254ea6179,
3ba1ae954c36bdd329f8bfe3f33a1c648125e349565b9304c93f20a0f09b0908,h106,1,results/stage6b_jb_avg_v1/reference/3ba1ae954c36bdd329f8bfe3f33a1c648125e349565b9304c93f20a0f09b0908.json.gz,False,True,47.98082249999425,b06437ad135abb6fe0e0d909f127a74a97b33ff7675acc2e3e1b2b8254ea6179,
eb73233552dcbf2f10ce932db9224ca8ea8d56a30a3b127c7c7d56abcafdddc8,h106,2,results/stage6b_jb_avg_v1/reference/eb73233552dcbf2f10ce932db9224ca8ea8d56a30a3b127c7c7d56abcafdddc8.json.gz,False,True,47.58892290000222,b06437ad135abb6fe0e0d909f127a74a97b33ff7675acc2e3e1b2b8254ea6179,
6524dbe8016b0ed183f480eb5e2262b56ca78db3fb97759b2846a763515025ce,w201,-2,results/stage6b_jb_avg_v1/reference/6524dbe8016b0ed183f480eb5e2262b56ca78db3fb97759b2846a763515025ce.json.gz,False,True,11.47970859999623,b06437ad135abb6fe0e0d909f127a74a97b33ff7675acc2e3e1b2b8254ea6179,
7283334b42aeaaf4c5434cc444307b491a3f3217b4b9afff5ee07e8b485fc259,w201,-1,results/stage6b_jb_avg_v1/reference/7283334b42aeaaf4c5434cc444307b491a3f3217b4b9afff5ee07e8b485fc259.json.gz,False,True,11.592136999999639,b06437ad135abb6fe0e0d909f127a74a97b33ff7675acc2e3e1b2b8254ea6179,
1230157b8b1ac1b11df244652fd327d9567d6ef418d4dd380c0987291d4475a5,w201,0,results/stage6b_jb_avg_v1/reference/1230157b8b1ac1b11df244652fd327d9567d6ef418d4dd380c0987291d4475a5.json.gz,False,True,11.03366819999792,b06437ad135abb6fe0e0d909f127a74a97b33ff7675acc2e3e1b2b8254ea6179,
194686bfa21cf9284129ea43973584cf09a77d5997c795e209a7008fde316027,w201,1,results/stage6b_jb_avg_v1/reference/194686bfa21cf9284129ea43973584cf09a77d5997c795e209a7008fde316027.json.gz,False,True,10.85598499999469,b06437ad135abb6fe0e0d909f127a74a97b33ff7675acc2e3e1b2b8254ea6179,
3a6bddbe769afb3f463a59feeff8d4f63b75fb093861139913e6cecb4898b7e8,w201,2,results/stage6b_jb_avg_v1/reference/3a6bddbe769afb3f463a59feeff8d4f63b75fb093861139913e6cecb4898b7e8.json.gz,False,True,10.663023000000976,b06437ad135abb6fe0e0d909f127a74a97b33ff7675acc2e3e1b2b8254ea6179,
dde41350e688602039b42d7722df8f644bd84be43f36fd03dcaa52f879ac972d,w202,-2,results/stage6b_jb_avg_v1/reference/dde41350e688602039b42d7722df8f644bd84be43f36fd03dcaa52f879ac972d.json.gz,False,True,32.416391400001885,b06437ad135abb6fe0e0d909f127a74a97b33ff7675acc2e3e1b2b8254ea6179,
a5d3bbd83b5c5c9ed5735c02690c5b97dbcf08d330f6998b43f013b2bc150b1b,w202,-1,results/stage6b_jb_avg_v1/reference/a5d3bbd83b5c5c9ed5735c02690c5b97dbcf08d330f6998b43f013b2bc150b1b.json.gz,False,True,31.625621400002274,b06437ad135abb6fe0e0d909f127a74a97b33ff7675acc2e3e1b2b8254ea6179,
72b64201905634e7d97aeec66be6ff98f7c614bc0de80b40a95f45d2b08ddc98,w202,0,results/stage6b_jb_avg_v1/reference/72b64201905634e7d97aeec66be6ff98f7c614bc0de80b40a95f45d2b08ddc98.json.gz,False,True,31.25239739999961,b06437ad135abb6fe0e0d909f127a74a97b33ff7675acc2e3e1b2b8254ea6179,
5872529b801d1387965a3fd4b7829a36b97fcac3dcacacddbf2cea432927b8fc,w202,1,results/stage6b_jb_avg_v1/reference/5872529b801d1387965a3fd4b7829a36b97fcac3dcacacddbf2cea432927b8fc.json.gz,False,True,29.718980600002396,b06437ad135abb6fe0e0d909f127a74a97b33ff7675acc2e3e1b2b8254ea6179,
56745f5f8a50af644915c71e41257975bd1f368239205748111321dc359c6995,w202,2,results/stage6b_jb_avg_v1/reference/56745f5f8a50af644915c71e41257975bd1f368239205748111321dc359c6995.json.gz,False,True,29.04402200000186,b06437ad135abb6fe0e0d909f127a74a97b33ff7675acc2e3e1b2b8254ea6179,
38f65b36aba34431b221e36bc287070c14068459ba27eec082882cfd94a1475a,w203,-2,results/stage6b_jb_avg_v1/reference/38f65b36aba34431b221e36bc287070c14068459ba27eec082882cfd94a1475a.json.gz,False,True,3.2060952999963774,b06437ad135abb6fe0e0d909f127a74a97b33ff7675acc2e3e1b2b8254ea6179,
78b22f6dfb8a7d3298d900f0385da394e889434abd559cd9afdddad74e7668d2,w203,-1,results/stage6b_jb_avg_v1/reference/78b22f6dfb8a7d3298d900f0385da394e889434abd559cd9afdddad74e7668d2.json.gz,False,True,3.4573490000038873,b06437ad135abb6fe0e0d909f127a74a97b33ff7675acc2e3e1b2b8254ea6179,
99d2553550c28a55fc007b2b30fb7c9a28158b3feee9aece9bb37b65c9ea77f1,w203,0,results/stage6b_jb_avg_v1/reference/99d2553550c28a55fc007b2b30fb7c9a28158b3feee9aece9bb37b65c9ea77f1.json.gz,False,True,3.1959534999987227,b06437ad135abb6fe0e0d909f127a74a97b33ff7675acc2e3e1b2b8254ea6179,
558f7a31bbef669ae9410a79513f6e3fc8ab5c59b0ebf43f50fd6a4d4777018a,w203,1,results/stage6b_jb_avg_v1/reference/558f7a31bbef669ae9410a79513f6e3fc8ab5c59b0ebf43f50fd6a4d4777018a.json.gz,False,True,3.2885026000003563,b06437ad135abb6fe0e0d909f127a74a97b33ff7675acc2e3e1b2b8254ea6179,
4bbe8ef1ad1f13e8c2f5e920250b69828ae7452ab3675022ead93b77c359ff0f,w203,2,results/stage6b_jb_avg_v1/reference/4bbe8ef1ad1f13e8c2f5e920250b69828ae7452ab3675022ead93b77c359ff0f.json.gz,False,True,3.2012830000021495,b06437ad135abb6fe0e0d909f127a74a97b33ff7675acc2e3e1b2b8254ea6179,
4015b52fcf4c6b789074b3973432daa036dd7bbb8e1ca18ddbfbf0ac785c7c51,w204,-2,results/stage6b_jb_avg_v1/reference/4015b52fcf4c6b789074b3973432daa036dd7bbb8e1ca18ddbfbf0ac785c7c51.json.gz,False,True,35.97339210000064,b06437ad135abb6fe0e0d909f127a74a97b33ff7675acc2e3e1b2b8254ea6179,
86002f0469de80e5f32ac8e217df76613d86fcd9f312a5b77524b50cb3f90807,w204,-1,results/stage6b_jb_avg_v1/reference/86002f0469de80e5f32ac8e217df76613d86fcd9f312a5b77524b50cb3f90807.json.gz,False,True,36.38802030000079,b06437ad135abb6fe0e0d909f127a74a97b33ff7675acc2e3e1b2b8254ea6179,
a115c11a85a8f3172a757f9fb32ee6d231ab2e58d519d4125028baccb0fd340e,w204,0,results/stage6b_jb_avg_v1/reference/a115c11a85a8f3172a757f9fb32ee6d231ab2e58d519d4125028baccb0fd340e.json.gz,False,True,38.395905199999106,b06437ad135abb6fe0e0d909f127a74a97b33ff7675acc2e3e1b2b8254ea6179,
96c6e1f317f8b21c93afd6e4af467b9a29cd410a67789d2f900019372cbb1087,w204,1,results/stage6b_jb_avg_v1/reference/96c6e1f317f8b21c93afd6e4af467b9a29cd410a67789d2f900019372cbb1087.json.gz,False,True,35.82491730000038,b06437ad135abb6fe0e0d909f127a74a97b33ff7675acc2e3e1b2b8254ea6179,
a7547d2f10b56c268d4ee015769bbed3e8bf2791a3cab6905774f5e4e6f39f7f,w204,2,results/stage6b_jb_avg_v1/reference/a7547d2f10b56c268d4ee015769bbed3e8bf2791a3cab6905774f5e4e6f39f7f.json.gz,False,True,36.15887539999676,b06437ad135abb6fe0e0d909f127a74a97b33ff7675acc2e3e1b2b8254ea6179,
