grid_version,workload,candidate,SLA,scope,aggregation,BS,BU,O,C,unknown,scheduled,decidable,E_approved,unverified_approval,optimistic_approval_fraction,optimistic_approval_fraction_numerator,optimistic_approval_fraction_denominator,optimistic_approval_fraction_na_reason,reference_safe_missed_fraction,reference_safe_missed_fraction_numerator,reference_safe_missed_fraction_denominator,reference_safe_missed_fraction_na_reason,false_positive_rate,false_positive_rate_numerator,false_positive_rate_denominator,false_positive_rate_na_reason,E_approval_coverage,E_approval_coverage_numerator,E_approval_coverage_denominator,E_approval_coverage_na_reason,both_decision_coverage,both_decision_coverage_numerator,both_decision_coverage_denominator,both_decision_coverage_na_reason,BS_fraction,BS_fraction_numerator,BS_fraction_denominator,BS_fraction_na_reason,BU_fraction,BU_fraction_numerator,BU_fraction_denominator,BU_fraction_na_reason,O_fraction,O_fraction_numerator,O_fraction_denominator,O_fraction_na_reason,C_fraction,C_fraction_numerator,C_fraction_denominator,C_fraction_na_reason,attainment_mean_bias,attainment_MAE,attainment_P90_absolute,attainment_na_reason,subset_status,optimistic_approval_fraction_valid_workloads,optimistic_approval_fraction_valid_candidates,reference_safe_missed_fraction_valid_workloads,reference_safe_missed_fraction_valid_candidates,false_positive_rate_valid_workloads,false_positive_rate_valid_candidates,E_approval_coverage_valid_workloads,E_approval_coverage_valid_candidates,both_decision_coverage_valid_workloads,both_decision_coverage_valid_candidates,BS_fraction_valid_workloads,BS_fraction_valid_candidates,BU_fraction_valid_workloads,BU_fraction_valid_candidates,O_fraction_valid_workloads,O_fraction_valid_candidates,C_fraction_valid_workloads,C_fraction_valid_candidates,attainment_valid_workloads,attainment_valid_candidates
G0,h101,-2,S1,service,candidate_raw_counts,0,35,0,0,40,75,35,0,0,,0,0,zero denominator,,0,0,zero denominator,0.0,0,35,,0.0,0,75,,0.4666666666666667,35,75,,0.0,0,35,,1.0,35,35,,0.0,0,35,,0.0,0,35,,0.0,0.0,0.0,,present,,,,,,,,,,,,,,,,,,,,
G0,h101,-1,S1,service,candidate_raw_counts,0,35,0,0,40,75,35,0,0,,0,0,zero denominator,,0,0,zero denominator,0.0,0,35,,0.0,0,75,,0.4666666666666667,35,75,,0.0,0,35,,1.0,35,35,,0.0,0,35,,0.0,0,35,,0.0,0.0,0.0,,present,,,,,,,,,,,,,,,,,,,,
G0,h101,0,S1,service,candidate_raw_counts,0,35,0,0,40,75,35,0,0,,0,0,zero denominator,,0,0,zero denominator,0.0,0,35,,0.0,0,75,,0.4666666666666667,35,75,,0.0,0,35,,1.0,35,35,,0.0,0,35,,0.0,0,35,,0.0,0.0,0.0,,present,,,,,,,,,,,,,,,,,,,,
G0,h101,1,S1,service,candidate_raw_counts,0,35,0,0,40,75,35,0,0,,0,0,zero denominator,,0,0,zero denominator,0.0,0,35,,0.0,0,75,,0.4666666666666667,35,75,,0.0,0,35,,1.0,35,35,,0.0,0,35,,0.0,0,35,,0.0,0.0,0.0,,present,,,,,,,,,,,,,,,,,,,,
G0,h101,2,S1,service,candidate_raw_counts,0,35,0,0,40,75,35,0,0,,0,0,zero denominator,,0,0,zero denominator,0.0,0,35,,0.0,0,75,,0.4666666666666667,35,75,,0.0,0,35,,1.0,35,35,,0.0,0,35,,0.0,0,35,,0.0,0.0,0.0,,present,,,,,,,,,,,,,,,,,,,,
G0,h101,ALL,S1,service,pooled_counts,0,175,0,0,200,375,175,0,0,,0,0,zero denominator,,0,0,zero denominator,0.0,0,175,,0.0,0,375,,0.4666666666666667,175,375,,0.0,0,175,,1.0,175,175,,0.0,0,175,,0.0,0,175,,0.0,0.0,0.0,,present,,,,,,,,,,,,,,,,,,,,
G0,h101,ALL,S1,service,equal_candidate_equal_workload_macro,,,,,,,,,,,,,all denominators zero,,,,all denominators zero,0.0,,,,0.0,,,,0.4666666666666667,,,,0.0,,,,1.0,,,,0.0,,,,0.0,,,,0.0,0.0,0.0,,,0,0,0,0,1,5,1,5,1,5,1,5,1,5,1,5,1,5,1,5
G0,h101,-2,S1,latency_only,candidate_raw_counts,0,35,0,0,0,35,35,0,0,,0,0,zero denominator,,0,0,zero denominator,0.0,0,35,,0.0,0,35,,1.0,35,35,,0.0,0,35,,1.0,35,35,,0.0,0,35,,0.0,0,35,,0.0,0.0,0.0,,present,,,,,,,,,,,,,,,,,,,,
G0,h101,-1,S1,latency_only,candidate_raw_counts,0,35,0,0,0,35,35,0,0,,0,0,zero denominator,,0,0,zero denominator,0.0,0,35,,0.0,0,35,,1.0,35,35,,0.0,0,35,,1.0,35,35,,0.0,0,35,,0.0,0,35,,0.0,0.0,0.0,,present,,,,,,,,,,,,,,,,,,,,
G0,h101,0,S1,latency_only,candidate_raw_counts,0,35,0,0,0,35,35,0,0,,0,0,zero denominator,,0,0,zero denominator,0.0,0,35,,0.0,0,35,,1.0,35,35,,0.0,0,35,,1.0,35,35,,0.0,0,35,,0.0,0,35,,0.0,0.0,0.0,,present,,,,,,,,,,,,,,,,,,,,
G0,h101,1,S1,latency_only,candidate_raw_counts,0,35,0,0,0,35,35,0,0,,0,0,zero denominator,,0,0,zero denominator,0.0,0,35,,0.0,0,35,,1.0,35,35,,0.0,0,35,,1.0,35,35,,0.0,0,35,,0.0,0,35,,0.0,0.0,0.0,,present,,,,,,,,,,,,,,,,,,,,
G0,h101,2,S1,latency_only,candidate_raw_counts,0,35,0,0,0,35,35,0,0,,0,0,zero denominator,,0,0,zero denominator,0.0,0,35,,0.0,0,35,,1.0,35,35,,0.0,0,35,,1.0,35,35,,0.0,0,35,,0.0,0,35,,0.0,0.0,0.0,,present,,,,,,,,,,,,,,,,,,,,
G0,h101,ALL,S1,latency_only,pooled_counts,0,175,0,0,0,175,175,0,0,,0,0,zero denominator,,0,0,zero denominator,0.0,0,175,,0.0,0,175,,1.0,175,175,,0.0,0,175,,1.0,175,175,,0.0,0,175,,0.0,0,175,,0.0,0.0,0.0,,present,,,,,,,,,,,,,,,,,,,,
G0,h101,ALL,S1,latency_only,equal_candidate_equal_workload_macro,,,,,,,,,,,,,all denominators zero,,,,all denominators zero,0.0,,,,0.0,,,,1.0,,,,0.0,,,,1.0,,,,0.0,,,,0.0,,,,0.0,0.0,0.0,,,0,0,0,0,1,5,1,5,1,5,1,5,1,5,1,5,1,5,1,5
G0,h101,-2,S1,near_boundary,candidate_raw_counts,0,0,0,0,0,0,0,0,0,,0,0,zero denominator,,0,0,zero denominator,,0,0,zero denominator,,0,0,zero denominator,,0,0,zero denominator,,0,0,zero denominator,,0,0,zero denominator,,0,0,zero denominator,,0,0,zero denominator,,,,no both-attainment-defined points,absent,,,,,,,,,,,,,,,,,,,,
G0,h101,-1,S1,near_boundary,candidate_raw_counts,0,0,0,0,0,0,0,0,0,,0,0,zero denominator,,0,0,zero denominator,,0,0,zero denominator,,0,0,zero denominator,,0,0,zero denominator,,0,0,zero denominator,,0,0,zero denominator,,0,0,zero denominator,,0,0,zero denominator,,,,no both-attainment-defined points,absent,,,,,,,,,,,,,,,,,,,,
G0,h101,0,S1,near_boundary,candidate_raw_counts,0,0,0,0,0,0,0,0,0,,0,0,zero denominator,,0,0,zero denominator,,0,0,zero denominator,,0,0,zero denominator,,0,0,zero denominator,,0,0,zero denominator,,0,0,zero denominator,,0,0,zero denominator,,0,0,zero denominator,,,,no both-attainment-defined points,absent,,,,,,,,,,,,,,,,,,,,
G0,h101,1,S1,near_boundary,candidate_raw_counts,0,0,0,0,0,0,0,0,0,,0,0,zero denominator,,0,0,zero denominator,,0,0,zero denominator,,0,0,zero denominator,,0,0,zero denominator,,0,0,zero denominator,,0,0,zero denominator,,0,0,zero denominator,,0,0,zero denominator,,,,no both-attainment-defined points,absent,,,,,,,,,,,,,,,,,,,,
G0,h101,2,S1,near_boundary,candidate_raw_counts,0,0,0,0,0,0,0,0,0,,0,0,zero denominator,,0,0,zero denominator,,0,0,zero denominator,,0,0,zero denominator,,0,0,zero denominator,,0,0,zero denominator,,0,0,zero denominator,,0,0,zero denominator,,0,0,zero denominator,,,,no both-attainment-defined points,absent,,,,,,,,,,,,,,,,,,,,
G0,h101,ALL,S1,near_boundary,pooled_counts,0,0,0,0,0,0,0,0,0,,0,0,zero denominator,,0,0,zero denominator,,0,0,zero denominator,,0,0,zero denominator,,0,0,zero denominator,,0,0,zero denominator,,0,0,zero denominator,,0,0,zero denominator,,0,0,zero denominator,,,,no both-attainment-defined points,absent,,,,,,,,,,,,,,,,,,,,
G0,h101,ALL,S1,near_boundary,equal_candidate_equal_workload_macro,,,,,,,,,,,,,all denominators zero,,,,all denominators zero,,,,all denominators zero,,,,all denominators zero,,,,all denominators zero,,,,all denominators zero,,,,all denominators zero,,,,all denominators zero,,,,all denominators zero,,,,empty applicable subset,,0,0,0,0,0,0,0,0,0,0,0,0,0,0,0,0,0,0,0,0
G0,h101,-2,S2,service,candidate_raw_counts,0,35,0,0,40,75,35,0,0,,0,0,zero denominator,,0,0,zero denominator,0.0,0,35,,0.0,0,75,,0.4666666666666667,35,75,,0.0,0,35,,1.0,35,35,,0.0,0,35,,0.0,0,35,,0.048214285714285716,0.055357142857142855,0.0625,,present,,,,,,,,,,,,,,,,,,,,
G0,h101,-1,S2,service,candidate_raw_counts,0,35,0,0,40,75,35,0,0,,0,0,zero denominator,,0,0,zero denominator,0.0,0,35,,0.0,0,75,,0.4666666666666667,35,75,,0.0,0,35,,1.0,35,35,,0.0,0,35,,0.0,0,35,,0.048214285714285716,0.055357142857142855,0.0625,,present,,,,,,,,,,,,,,,,,,,,
G0,h101,0,S2,service,candidate_raw_counts,0,35,0,0,40,75,35,0,0,,0,0,zero denominator,,0,0,zero denominator,0.0,0,35,,0.0,0,75,,0.4666666666666667,35,75,,0.0,0,35,,1.0,35,35,,0.0,0,35,,0.0,0,35,,0.11071428571428571,0.11428571428571428,0.125,,present,,,,,,,,,,,,,,,,,,,,
G0,h101,1,S2,service,candidate_raw_counts,0,35,0,0,40,75,35,0,0,,0,0,zero denominator,,0,0,zero denominator,0.0,0,35,,0.0,0,75,,0.4666666666666667,35,75,,0.0,0,35,,1.0,35,35,,0.0,0,35,,0.0,0,35,,0.15892857142857142,0.15892857142857142,0.1875,,present,,,,,,,,,,,,,,,,,,,,
G0,h101,2,S2,service,candidate_raw_counts,0,35,0,0,40,75,35,0,0,,0,0,zero denominator,,0,0,zero denominator,0.0,0,35,,0.0,0,75,,0.4666666666666667,35,75,,0.0,0,35,,1.0,35,35,,0.0,0,35,,0.0,0,35,,0.11785714285714285,0.11785714285714285,0.125,,present,,,,,,,,,,,,,,,,,,,,
G0,h101,ALL,S2,service,pooled_counts,0,175,0,0,200,375,175,0,0,,0,0,zero denominator,,0,0,zero denominator,0.0,0,175,,0.0,0,375,,0.4666666666666667,175,375,,0.0,0,175,,1.0,175,175,,0.0,0,175,,0.0,0,175,,0.09678571428571428,0.10035714285714285,0.1875,,present,,,,,,,,,,,,,,,,,,,,
G0,h101,ALL,S2,service,equal_candidate_equal_workload_macro,,,,,,,,,,,,,all denominators zero,,,,all denominators zero,0.0,,,,0.0,,,,0.4666666666666667,,,,0.0,,,,1.0,,,,0.0,,,,0.0,,,,0.09678571428571428,0.10035714285714285,0.1875,,,0,0,0,0,1,5,1,5,1,5,1,5,1,5,1,5,1,5,1,5
G0,h101,-2,S2,latency_only,candidate_raw_counts,0,35,0,0,0,35,35,0,0,,0,0,zero denominator,,0,0,zero denominator,0.0,0,35,,0.0,0,35,,1.0,35,35,,0.0,0,35,,1.0,35,35,,0.0,0,35,,0.0,0,35,,0.048214285714285716,0.055357142857142855,0.0625,,present,,,,,,,,,,,,,,,,,,,,
G0,h101,-1,S2,latency_only,candidate_raw_counts,0,35,0,0,0,35,35,0,0,,0,0,zero denominator,,0,0,zero denominator,0.0,0,35,,0.0,0,35,,1.0,35,35,,0.0,0,35,,1.0,35,35,,0.0,0,35,,0.0,0,35,,0.048214285714285716,0.055357142857142855,0.0625,,present,,,,,,,,,,,,,,,,,,,,
G0,h101,0,S2,latency_only,candidate_raw_counts,0,35,0,0,0,35,35,0,0,,0,0,zero denominator,,0,0,zero denominator,0.0,0,35,,0.0,0,35,,1.0,35,35,,0.0,0,35,,1.0,35,35,,0.0,0,35,,0.0,0,35,,0.11071428571428571,0.11428571428571428,0.125,,present,,,,,,,,,,,,,,,,,,,,
G0,h101,1,S2,latency_only,candidate_raw_counts,0,35,0,0,0,35,35,0,0,,0,0,zero denominator,,0,0,zero denominator,0.0,0,35,,0.0,0,35,,1.0,35,35,,0.0,0,35,,1.0,35,35,,0.0,0,35,,0.0,0,35,,0.15892857142857142,0.15892857142857142,0.1875,,present,,,,,,,,,,,,,,,,,,,,
G0,h101,2,S2,latency_only,candidate_raw_counts,0,35,0,0,0,35,35,0,0,,0,0,zero denominator,,0,0,zero denominator,0.0,0,35,,0.0,0,35,,1.0,35,35,,0.0,0,35,,1.0,35,35,,0.0,0,35,,0.0,0,35,,0.11785714285714285,0.11785714285714285,0.125,,present,,,,,,,,,,,,,,,,,,,,
G0,h101,ALL,S2,latency_only,pooled_counts,0,175,0,0,0,175,175,0,0,,0,0,zero denominator,,0,0,zero denominator,0.0,0,175,,0.0,0,175,,1.0,175,175,,0.0,0,175,,1.0,175,175,,0.0,0,175,,0.0,0,175,,0.09678571428571428,0.10035714285714285,0.1875,,present,,,,,,,,,,,,,,,,,,,,
G0,h101,ALL,S2,latency_only,equal_candidate_equal_workload_macro,,,,,,,,,,,,,all denominators zero,,,,all denominators zero,0.0,,,,0.0,,,,1.0,,,,0.0,,,,1.0,,,,0.0,,,,0.0,,,,0.09678571428571428,0.10035714285714285,0.1875,,,0,0,0,0,1,5,1,5,1,5,1,5,1,5,1,5,1,5,1,5
G0,h101,-2,S2,near_boundary,candidate_raw_counts,0,0,0,0,0,0,0,0,0,,0,0,zero denominator,,0,0,zero denominator,,0,0,zero denominator,,0,0,zero denominator,,0,0,zero denominator,,0,0,zero denominator,,0,0,zero denominator,,0,0,zero denominator,,0,0,zero denominator,,,,no both-attainment-defined points,absent,,,,,,,,,,,,,,,,,,,,
G0,h101,-1,S2,near_boundary,candidate_raw_counts,0,0,0,0,0,0,0,0,0,,0,0,zero denominator,,0,0,zero denominator,,0,0,zero denominator,,0,0,zero denominator,,0,0,zero denominator,,0,0,zero denominator,,0,0,zero denominator,,0,0,zero denominator,,0,0,zero denominator,,,,no both-attainment-defined points,absent,,,,,,,,,,,,,,,,,,,,
G0,h101,0,S2,near_boundary,candidate_raw_counts,0,0,0,0,0,0,0,0,0,,0,0,zero denominator,,0,0,zero denominator,,0,0,zero denominator,,0,0,zero denominator,,0,0,zero denominator,,0,0,zero denominator,,0,0,zero denominator,,0,0,zero denominator,,0,0,zero denominator,,,,no both-attainment-defined points,absent,,,,,,,,,,,,,,,,,,,,
G0,h101,1,S2,near_boundary,candidate_raw_counts,0,0,0,0,0,0,0,0,0,,0,0,zero denominator,,0,0,zero denominator,,0,0,zero denominator,,0,0,zero denominator,,0,0,zero denominator,,0,0,zero denominator,,0,0,zero denominator,,0,0,zero denominator,,0,0,zero denominator,,,,no both-attainment-defined points,absent,,,,,,,,,,,,,,,,,,,,
G0,h101,2,S2,near_boundary,candidate_raw_counts,0,0,0,0,0,0,0,0,0,,0,0,zero denominator,,0,0,zero denominator,,0,0,zero denominator,,0,0,zero denominator,,0,0,zero denominator,,0,0,zero denominator,,0,0,zero denominator,,0,0,zero denominator,,0,0,zero denominator,,,,no both-attainment-defined points,absent,,,,,,,,,,,,,,,,,,,,
G0,h101,ALL,S2,near_boundary,pooled_counts,0,0,0,0,0,0,0,0,0,,0,0,zero denominator,,0,0,zero denominator,,0,0,zero denominator,,0,0,zero denominator,,0,0,zero denominator,,0,0,zero denominator,,0,0,zero denominator,,0,0,zero denominator,,0,0,zero denominator,,,,no both-attainment-defined points,absent,,,,,,,,,,,,,,,,,,,,
G0,h101,ALL,S2,near_boundary,equal_candidate_equal_workload_macro,,,,,,,,,,,,,all denominators zero,,,,all denominators zero,,,,all denominators zero,,,,all denominators zero,,,,all denominators zero,,,,all denominators zero,,,,all denominators zero,,,,all denominators zero,,,,all denominators zero,,,,empty applicable subset,,0,0,0,0,0,0,0,0,0,0,0,0,0,0,0,0,0,0,0,0
G0,h101,-2,S3,service,candidate_raw_counts,0,35,0,0,40,75,35,0,0,,0,0,zero denominator,,0,0,zero denominator,0.0,0,35,,0.0,0,75,,0.4666666666666667,35,75,,0.0,0,35,,1.0,35,35,,0.0,0,35,,0.0,0,35,,0.0,0.0,0.0,,present,,,,,,,,,,,,,,,,,,,,
G0,h101,-1,S3,service,candidate_raw_counts,0,35,0,0,40,75,35,0,0,,0,0,zero denominator,,0,0,zero denominator,0.0,0,35,,0.0,0,75,,0.4666666666666667,35,75,,0.0,0,35,,1.0,35,35,,0.0,0,35,,0.0,0,35,,0.0,0.0,0.0,,present,,,,,,,,,,,,,,,,,,,,
G0,h101,0,S3,service,candidate_raw_counts,0,35,0,0,40,75,35,0,0,,0,0,zero denominator,,0,0,zero denominator,0.0,0,35,,0.0,0,75,,0.4666666666666667,35,75,,0.0,0,35,,1.0,35,35,,0.0,0,35,,0.0,0,35,,0.0,0.0,0.0,,present,,,,,,,,,,,,,,,,,,,,
G0,h101,1,S3,service,candidate_raw_counts,0,35,0,0,40,75,35,0,0,,0,0,zero denominator,,0,0,zero denominator,0.0,0,35,,0.0,0,75,,0.4666666666666667,35,75,,0.0,0,35,,1.0,35,35,,0.0,0,35,,0.0,0,35,,0.0,0.0,0.0,,present,,,,,,,,,,,,,,,,,,,,
G0,h101,2,S3,service,candidate_raw_counts,0,35,0,0,40,75,35,0,0,,0,0,zero denominator,,0,0,zero denominator,0.0,0,35,,0.0,0,75,,0.4666666666666667,35,75,,0.0,0,35,,1.0,35,35,,0.0,0,35,,0.0,0,35,,0.0,0.0,0.0,,present,,,,,,,,,,,,,,,,,,,,
G0,h101,ALL,S3,service,pooled_counts,0,175,0,0,200,375,175,0,0,,0,0,zero denominator,,0,0,zero denominator,0.0,0,175,,0.0,0,375,,0.4666666666666667,175,375,,0.0,0,175,,1.0,175,175,,0.0,0,175,,0.0,0,175,,0.0,0.0,0.0,,present,,,,,,,,,,,,,,,,,,,,
G0,h101,ALL,S3,service,equal_candidate_equal_workload_macro,,,,,,,,,,,,,all denominators zero,,,,all denominators zero,0.0,,,,0.0,,,,0.4666666666666667,,,,0.0,,,,1.0,,,,0.0,,,,0.0,,,,0.0,0.0,0.0,,,0,0,0,0,1,5,1,5,1,5,1,5,1,5,1,5,1,5,1,5
G0,h101,-2,S3,latency_only,candidate_raw_counts,0,35,0,0,0,35,35,0,0,,0,0,zero denominator,,0,0,zero denominator,0.0,0,35,,0.0,0,35,,1.0,35,35,,0.0,0,35,,1.0,35,35,,0.0,0,35,,0.0,0,35,,0.0,0.0,0.0,,present,,,,,,,,,,,,,,,,,,,,
G0,h101,-1,S3,latency_only,candidate_raw_counts,0,35,0,0,0,35,35,0,0,,0,0,zero denominator,,0,0,zero denominator,0.0,0,35,,0.0,0,35,,1.0,35,35,,0.0,0,35,,1.0,35,35,,0.0,0,35,,0.0,0,35,,0.0,0.0,0.0,,present,,,,,,,,,,,,,,,,,,,,
G0,h101,0,S3,latency_only,candidate_raw_counts,0,35,0,0,0,35,35,0,0,,0,0,zero denominator,,0,0,zero denominator,0.0,0,35,,0.0,0,35,,1.0,35,35,,0.0,0,35,,1.0,35,35,,0.0,0,35,,0.0,0,35,,0.0,0.0,0.0,,present,,,,,,,,,,,,,,,,,,,,
G0,h101,1,S3,latency_only,candidate_raw_counts,0,35,0,0,0,35,35,0,0,,0,0,zero denominator,,0,0,zero denominator,0.0,0,35,,0.0,0,35,,1.0,35,35,,0.0,0,35,,1.0,35,35,,0.0,0,35,,0.0,0,35,,0.0,0.0,0.0,,present,,,,,,,,,,,,,,,,,,,,
G0,h101,2,S3,latency_only,candidate_raw_counts,0,35,0,0,0,35,35,0,0,,0,0,zero denominator,,0,0,zero denominator,0.0,0,35,,0.0,0,35,,1.0,35,35,,0.0,0,35,,1.0,35,35,,0.0,0,35,,0.0,0,35,,0.0,0.0,0.0,,present,,,,,,,,,,,,,,,,,,,,
G0,h101,ALL,S3,latency_only,pooled_counts,0,175,0,0,0,175,175,0,0,,0,0,zero denominator,,0,0,zero denominator,0.0,0,175,,0.0,0,175,,1.0,175,175,,0.0,0,175,,1.0,175,175,,0.0,0,175,,0.0,0,175,,0.0,0.0,0.0,,present,,,,,,,,,,,,,,,,,,,,
G0,h101,ALL,S3,latency_only,equal_candidate_equal_workload_macro,,,,,,,,,,,,,all denominators zero,,,,all denominators zero,0.0,,,,0.0,,,,1.0,,,,0.0,,,,1.0,,,,0.0,,,,0.0,,,,0.0,0.0,0.0,,,0,0,0,0,1,5,1,5,1,5,1,5,1,5,1,5,1,5,1,5
G0,h101,-2,S3,near_boundary,candidate_raw_counts,0,0,0,0,0,0,0,0,0,,0,0,zero denominator,,0,0,zero denominator,,0,0,zero denominator,,0,0,zero denominator,,0,0,zero denominator,,0,0,zero denominator,,0,0,zero denominator,,0,0,zero denominator,,0,0,zero denominator,,,,no both-attainment-defined points,absent,,,,,,,,,,,,,,,,,,,,
G0,h101,-1,S3,near_boundary,candidate_raw_counts,0,0,0,0,0,0,0,0,0,,0,0,zero denominator,,0,0,zero denominator,,0,0,zero denominator,,0,0,zero denominator,,0,0,zero denominator,,0,0,zero denominator,,0,0,zero denominator,,0,0,zero denominator,,0,0,zero denominator,,,,no both-attainment-defined points,absent,,,,,,,,,,,,,,,,,,,,
G0,h101,0,S3,near_boundary,candidate_raw_counts,0,0,0,0,0,0,0,0,0,,0,0,zero denominator,,0,0,zero denominator,,0,0,zero denominator,,0,0,zero denominator,,0,0,zero denominator,,0,0,zero denominator,,0,0,zero denominator,,0,0,zero denominator,,0,0,zero denominator,,,,no both-attainment-defined points,absent,,,,,,,,,,,,,,,,,,,,
G0,h101,1,S3,near_boundary,candidate_raw_counts,0,0,0,0,0,0,0,0,0,,0,0,zero denominator,,0,0,zero denominator,,0,0,zero denominator,,0,0,zero denominator,,0,0,zero denominator,,0,0,zero denominator,,0,0,zero denominator,,0,0,zero denominator,,0,0,zero denominator,,,,no both-attainment-defined points,absent,,,,,,,,,,,,,,,,,,,,
G0,h101,2,S3,near_boundary,candidate_raw_counts,0,0,0,0,0,0,0,0,0,,0,0,zero denominator,,0,0,zero denominator,,0,0,zero denominator,,0,0,zero denominator,,0,0,zero denominator,,0,0,zero denominator,,0,0,zero denominator,,0,0,zero denominator,,0,0,zero denominator,,,,no both-attainment-defined points,absent,,,,,,,,,,,,,,,,,,,,
G0,h101,ALL,S3,near_boundary,pooled_counts,0,0,0,0,0,0,0,0,0,,0,0,zero denominator,,0,0,zero denominator,,0,0,zero denominator,,0,0,zero denominator,,0,0,zero denominator,,0,0,zero denominator,,0,0,zero denominator,,0,0,zero denominator,,0,0,zero denominator,,,,no both-attainment-defined points,absent,,,,,,,,,,,,,,,,,,,,
G0,h101,ALL,S3,near_boundary,equal_candidate_equal_workload_macro,,,,,,,,,,,,,all denominators zero,,,,all denominators zero,,,,all denominators zero,,,,all denominators zero,,,,all denominators zero,,,,all denominators zero,,,,all denominators zero,,,,all denominators zero,,,,all denominators zero,,,,empty applicable subset,,0,0,0,0,0,0,0,0,0,0,0,0,0,0,0,0,0,0,0,0
G0,h101,-2,S4,service,candidate_raw_counts,29,6,0,0,40,75,35,29,0,0.0,0,29,,0.0,0,29,,0.0,0,6,,0.38666666666666666,29,75,,0.4666666666666667,35,75,,0.8285714285714286,29,35,,0.17142857142857143,6,35,,0.0,0,35,,0.0,0,35,,0.007142857142857143,0.017857142857142856,0.125,,present,,,,,,,,,,,,,,,,,,,,
G0,h101,-1,S4,service,candidate_raw_counts,29,6,0,0,40,75,35,29,0,0.0,0,29,,0.0,0,29,,0.0,0,6,,0.38666666666666666,29,75,,0.4666666666666667,35,75,,0.8285714285714286,29,35,,0.17142857142857143,6,35,,0.0,0,35,,0.0,0,35,,0.005357142857142857,0.01607142857142857,0.0625,,present,,,,,,,,,,,,,,,,,,,,
G0,h101,0,S4,service,candidate_raw_counts,28,6,0,1,40,75,35,28,0,0.0,0,28,,0.034482758620689655,1,29,,0.0,0,6,,0.37333333333333335,28,75,,0.4666666666666667,35,75,,0.8,28,35,,0.17142857142857143,6,35,,0.0,0,35,,0.02857142857142857,1,35,,0.014285714285714285,0.017857142857142856,0.125,,present,,,,,,,,,,,,,,,,,,,,
G0,h101,1,S4,service,candidate_raw_counts,28,7,0,0,40,75,35,28,0,0.0,0,28,,0.0,0,28,,0.0,0,7,,0.37333333333333335,28,75,,0.4666666666666667,35,75,,0.8,28,35,,0.2,7,35,,0.0,0,35,,0.0,0,35,,0.0125,0.0125,0.0625,,present,,,,,,,,,,,,,,,,,,,,
G0,h101,2,S4,service,candidate_raw_counts,28,7,0,0,40,75,35,28,0,0.0,0,28,,0.0,0,28,,0.0,0,7,,0.37333333333333335,28,75,,0.4666666666666667,35,75,,0.8,28,35,,0.2,7,35,,0.0,0,35,,0.0,0,35,,0.0017857142857142857,0.008928571428571428,0.0,,present,,,,,,,,,,,,,,,,,,,,
G0,h101,ALL,S4,service,pooled_counts,142,32,0,1,200,375,175,142,0,0.0,0,142,,0.006993006993006993,1,143,,0.0,0,32,,0.37866666666666665,142,375,,0.4666666666666667,175,375,,0.8114285714285714,142,175,,0.18285714285714286,32,175,,0.0,0,175,,0.005714285714285714,1,175,,0.008214285714285714,0.014642857142857143,0.0625,,present,,,,,,,,,,,,,,,,,,,,
G0,h101,ALL,S4,service,equal_candidate_equal_workload_macro,,,,,,,,,,0.0,,,,0.006896551724137931,,,,0.0,,,,0.37866666666666665,,,,0.4666666666666667,,,,0.8114285714285715,,,,0.18285714285714286,,,,0.0,,,,0.005714285714285714,,,,0.008214285714285714,0.014642857142857143,0.0625,,,1,5,1,5,1,5,1,5,1,5,1,5,1,5,1,5,1,5,1,5
G0,h101,-2,S4,latency_only,candidate_raw_counts,29,6,0,0,0,35,35,29,0,0.0,0,29,,0.0,0,29,,0.0,0,6,,0.8285714285714286,29,35,,1.0,35,35,,0.8285714285714286,29,35,,0.17142857142857143,6,35,,0.0,0,35,,0.0,0,35,,0.007142857142857143,0.017857142857142856,0.125,,present,,,,,,,,,,,,,,,,,,,,
G0,h101,-1,S4,latency_only,candidate_raw_counts,29,6,0,0,0,35,35,29,0,0.0,0,29,,0.0,0,29,,0.0,0,6,,0.8285714285714286,29,35,,1.0,35,35,,0.8285714285714286,29,35,,0.17142857142857143,6,35,,0.0,0,35,,0.0,0,35,,0.005357142857142857,0.01607142857142857,0.0625,,present,,,,,,,,,,,,,,,,,,,,
G0,h101,0,S4,latency_only,candidate_raw_counts,28,6,0,1,0,35,35,28,0,0.0,0,28,,0.034482758620689655,1,29,,0.0,0,6,,0.8,28,35,,1.0,35,35,,0.8,28,35,,0.17142857142857143,6,35,,0.0,0,35,,0.02857142857142857,1,35,,0.014285714285714285,0.017857142857142856,0.125,,present,,,,,,,,,,,,,,,,,,,,
G0,h101,1,S4,latency_only,candidate_raw_counts,28,7,0,0,0,35,35,28,0,0.0,0,28,,0.0,0,28,,0.0,0,7,,0.8,28,35,,1.0,35,35,,0.8,28,35,,0.2,7,35,,0.0,0,35,,0.0,0,35,,0.0125,0.0125,0.0625,,present,,,,,,,,,,,,,,,,,,,,
G0,h101,2,S4,latency_only,candidate_raw_counts,28,7,0,0,0,35,35,28,0,0.0,0,28,,0.0,0,28,,0.0,0,7,,0.8,28,35,,1.0,35,35,,0.8,28,35,,0.2,7,35,,0.0,0,35,,0.0,0,35,,0.0017857142857142857,0.008928571428571428,0.0,,present,,,,,,,,,,,,,,,,,,,,
G0,h101,ALL,S4,latency_only,pooled_counts,142,32,0,1,0,175,175,142,0,0.0,0,142,,0.006993006993006993,1,143,,0.0,0,32,,0.8114285714285714,142,175,,1.0,175,175,,0.8114285714285714,142,175,,0.18285714285714286,32,175,,0.0,0,175,,0.005714285714285714,1,175,,0.008214285714285714,0.014642857142857143,0.0625,,present,,,,,,,,,,,,,,,,,,,,
G0,h101,ALL,S4,latency_only,equal_candidate_equal_workload_macro,,,,,,,,,,0.0,,,,0.006896551724137931,,,,0.0,,,,0.8114285714285715,,,,1.0,,,,0.8114285714285715,,,,0.18285714285714286,,,,0.0,,,,0.005714285714285714,,,,0.008214285714285714,0.014642857142857143,0.0625,,,1,5,1,5,1,5,1,5,1,5,1,5,1,5,1,5,1,5,1,5
G0,h101,-2,S4,near_boundary,candidate_raw_counts,29,0,0,0,0,29,29,29,0,0.0,0,29,,0.0,0,29,,,0,0,zero denominator,1.0,29,29,,1.0,29,29,,1.0,29,29,,0.0,0,29,,0.0,0,29,,0.0,0,29,,0.0,0.0,0.0,,present,,,,,,,,,,,,,,,,,,,,
G0,h101,-1,S4,near_boundary,candidate_raw_counts,29,0,0,0,0,29,29,29,0,0.0,0,29,,0.0,0,29,,,0,0,zero denominator,1.0,29,29,,1.0,29,29,,1.0,29,29,,0.0,0,29,,0.0,0,29,,0.0,0,29,,-0.0021551724137931034,0.0021551724137931034,0.0,,present,,,,,,,,,,,,,,,,,,,,
G0,h101,0,S4,near_boundary,candidate_raw_counts,28,0,0,1,0,29,29,28,0,0.0,0,28,,0.034482758620689655,1,29,,,0,0,zero denominator,0.9655172413793104,28,29,,1.0,29,29,,0.9655172413793104,28,29,,0.0,0,29,,0.0,0,29,,0.034482758620689655,1,29,,-0.0021551724137931034,0.0021551724137931034,0.0,,present,,,,,,,,,,,,,,,,,,,,
G0,h101,1,S4,near_boundary,candidate_raw_counts,28,1,0,0,0,29,29,28,0,0.0,0,28,,0.0,0,28,,0.0,0,1,,0.9655172413793104,28,29,,1.0,29,29,,0.9655172413793104,28,29,,0.034482758620689655,1,29,,0.0,0,29,,0.0,0,29,,0.0,0.0,0.0,,present,,,,,,,,,,,,,,,,,,,,
G0,h101,2,S4,near_boundary,candidate_raw_counts,28,1,0,0,0,29,29,28,0,0.0,0,28,,0.0,0,28,,0.0,0,1,,0.9655172413793104,28,29,,1.0,29,29,,0.9655172413793104,28,29,,0.034482758620689655,1,29,,0.0,0,29,,0.0,0,29,,-0.004310344827586207,0.004310344827586207,0.0,,present,,,,,,,,,,,,,,,,,,,,
G0,h101,ALL,S4,near_boundary,pooled_counts,142,2,0,1,0,145,145,142,0,0.0,0,142,,0.006993006993006993,1,143,,0.0,0,2,,0.9793103448275862,142,145,,1.0,145,145,,0.9793103448275862,142,145,,0.013793103448275862,2,145,,0.0,0,145,,0.006896551724137931,1,145,,-0.0017241379310344827,0.0017241379310344827,0.0,,present,,,,,,,,,,,,,,,,,,,,
G0,h101,ALL,S4,near_boundary,equal_candidate_equal_workload_macro,,,,,,,,,,0.0,,,,0.006896551724137931,,,,0.0,,,,0.9793103448275863,,,,1.0,,,,0.9793103448275863,,,,0.013793103448275862,,,,0.0,,,,0.006896551724137931,,,,-0.0017241379310344827,0.0017241379310344827,0.0,,,1,5,1,5,1,2,1,5,1,5,1,5,1,5,1,5,1,5,1,5
G0,h101,-2,S5,service,candidate_raw_counts,29,5,0,1,40,75,35,29,0,0.0,0,29,,0.03333333333333333,1,30,,0.0,0,5,,0.38666666666666666,29,75,,0.4666666666666667,35,75,,0.8285714285714286,29,35,,0.14285714285714285,5,35,,0.0,0,35,,0.02857142857142857,1,35,,0.0,0.010714285714285714,0.0625,,present,,,,,,,,,,,,,,,,,,,,
G0,h101,-1,S5,service,candidate_raw_counts,29,6,0,0,40,75,35,29,0,0.0,0,29,,0.0,0,29,,0.0,0,6,,0.38666666666666666,29,75,,0.4666666666666667,35,75,,0.8285714285714286,29,35,,0.17142857142857143,6,35,,0.0,0,35,,0.0,0,35,,0.005357142857142857,0.01607142857142857,0.125,,present,,,,,,,,,,,,,,,,,,,,
G0,h101,0,S5,service,candidate_raw_counts,29,6,0,0,40,75,35,29,0,0.0,0,29,,0.0,0,29,,0.0,0,6,,0.38666666666666666,29,75,,0.4666666666666667,35,75,,0.8285714285714286,29,35,,0.17142857142857143,6,35,,0.0,0,35,,0.0,0,35,,0.0125,0.019642857142857142,0.0625,,present,,,,,,,,,,,,,,,,,,,,
G0,h101,1,S5,service,candidate_raw_counts,29,6,0,0,40,75,35,29,0,0.0,0,29,,0.0,0,29,,0.0,0,6,,0.38666666666666666,29,75,,0.4666666666666667,35,75,,0.8285714285714286,29,35,,0.17142857142857143,6,35,,0.0,0,35,,0.0,0,35,,0.005357142857142857,0.008928571428571428,0.0625,,present,,,,,,,,,,,,,,,,,,,,
G0,h101,2,S5,service,candidate_raw_counts,29,6,0,0,40,75,35,29,0,0.0,0,29,,0.0,0,29,,0.0,0,6,,0.38666666666666666,29,75,,0.4666666666666667,35,75,,0.8285714285714286,29,35,,0.17142857142857143,6,35,,0.0,0,35,,0.0,0,35,,0.02142857142857143,0.02142857142857143,0.125,,present,,,,,,,,,,,,,,,,,,,,
G0,h101,ALL,S5,service,pooled_counts,145,29,0,1,200,375,175,145,0,0.0,0,145,,0.00684931506849315,1,146,,0.0,0,29,,0.38666666666666666,145,375,,0.4666666666666667,175,375,,0.8285714285714286,145,175,,0.1657142857142857,29,175,,0.0,0,175,,0.005714285714285714,1,175,,0.008928571428571428,0.015357142857142857,0.0625,,present,,,,,,,,,,,,,,,,,,,,
G0,h101,ALL,S5,service,equal_candidate_equal_workload_macro,,,,,,,,,,0.0,,,,0.006666666666666666,,,,0.0,,,,0.38666666666666666,,,,0.4666666666666667,,,,0.8285714285714286,,,,0.1657142857142857,,,,0.0,,,,0.005714285714285714,,,,0.008928571428571428,0.015357142857142857,0.0625,,,1,5,1,5,1,5,1,5,1,5,1,5,1,5,1,5,1,5,1,5
G0,h101,-2,S5,latency_only,candidate_raw_counts,29,5,0,1,0,35,35,29,0,0.0,0,29,,0.03333333333333333,1,30,,0.0,0,5,,0.8285714285714286,29,35,,1.0,35,35,,0.8285714285714286,29,35,,0.14285714285714285,5,35,,0.0,0,35,,0.02857142857142857,1,35,,0.0,0.010714285714285714,0.0625,,present,,,,,,,,,,,,,,,,,,,,
G0,h101,-1,S5,latency_only,candidate_raw_counts,29,6,0,0,0,35,35,29,0,0.0,0,29,,0.0,0,29,,0.0,0,6,,0.8285714285714286,29,35,,1.0,35,35,,0.8285714285714286,29,35,,0.17142857142857143,6,35,,0.0,0,35,,0.0,0,35,,0.005357142857142857,0.01607142857142857,0.125,,present,,,,,,,,,,,,,,,,,,,,
G0,h101,0,S5,latency_only,candidate_raw_counts,29,6,0,0,0,35,35,29,0,0.0,0,29,,0.0,0,29,,0.0,0,6,,0.8285714285714286,29,35,,1.0,35,35,,0.8285714285714286,29,35,,0.17142857142857143,6,35,,0.0,0,35,,0.0,0,35,,0.0125,0.019642857142857142,0.0625,,present,,,,,,,,,,,,,,,,,,,,
G0,h101,1,S5,latency_only,candidate_raw_counts,29,6,0,0,0,35,35,29,0,0.0,0,29,,0.0,0,29,,0.0,0,6,,0.8285714285714286,29,35,,1.0,35,35,,0.8285714285714286,29,35,,0.17142857142857143,6,35,,0.0,0,35,,0.0,0,35,,0.005357142857142857,0.008928571428571428,0.0625,,present,,,,,,,,,,,,,,,,,,,,
G0,h101,2,S5,latency_only,candidate_raw_counts,29,6,0,0,0,35,35,29,0,0.0,0,29,,0.0,0,29,,0.0,0,6,,0.8285714285714286,29,35,,1.0,35,35,,0.8285714285714286,29,35,,0.17142857142857143,6,35,,0.0,0,35,,0.0,0,35,,0.02142857142857143,0.02142857142857143,0.125,,present,,,,,,,,,,,,,,,,,,,,
G0,h101,ALL,S5,latency_only,pooled_counts,145,29,0,1,0,175,175,145,0,0.0,0,145,,0.00684931506849315,1,146,,0.0,0,29,,0.8285714285714286,145,175,,1.0,175,175,,0.8285714285714286,145,175,,0.1657142857142857,29,175,,0.0,0,175,,0.005714285714285714,1,175,,0.008928571428571428,0.015357142857142857,0.0625,,present,,,,,,,,,,,,,,,,,,,,
G0,h101,ALL,S5,latency_only,equal_candidate_equal_workload_macro,,,,,,,,,,0.0,,,,0.006666666666666666,,,,0.0,,,,0.8285714285714286,,,,1.0,,,,0.8285714285714286,,,,0.1657142857142857,,,,0.0,,,,0.005714285714285714,,,,0.008928571428571428,0.015357142857142857,0.0625,,,1,5,1,5,1,5,1,5,1,5,1,5,1,5,1,5,1,5,1,5
G0,h101,-2,S5,near_boundary,candidate_raw_counts,29,0,0,1,0,30,30,29,0,0.0,0,29,,0.03333333333333333,1,30,,,0,0,zero denominator,0.9666666666666667,29,30,,1.0,30,30,,0.9666666666666667,29,30,,0.0,0,30,,0.0,0,30,,0.03333333333333333,1,30,,-0.0020833333333333333,0.0020833333333333333,0.0,,present,,,,,,,,,,,,,,,,,,,,
G0,h101,-1,S5,near_boundary,candidate_raw_counts,29,1,0,0,0,30,30,29,0,0.0,0,29,,0.0,0,29,,0.0,0,1,,0.9666666666666667,29,30,,1.0,30,30,,0.9666666666666667,29,30,,0.03333333333333333,1,30,,0.0,0,30,,0.0,0,30,,-0.0020833333333333333,0.0020833333333333333,0.0,,present,,,,,,,,,,,,,,,,,,,,
G0,h101,0,S5,near_boundary,candidate_raw_counts,29,0,0,0,0,29,29,29,0,0.0,0,29,,0.0,0,29,,,0,0,zero denominator,1.0,29,29,,1.0,29,29,,1.0,29,29,,0.0,0,29,,0.0,0,29,,0.0,0,29,,0.0,0.0,0.0,,present,,,,,,,,,,,,,,,,,,,,
G0,h101,1,S5,near_boundary,candidate_raw_counts,29,0,0,0,0,29,29,29,0,0.0,0,29,,0.0,0,29,,,0,0,zero denominator,1.0,29,29,,1.0,29,29,,1.0,29,29,,0.0,0,29,,0.0,0,29,,0.0,0,29,,0.0,0.0,0.0,,present,,,,,,,,,,,,,,,,,,,,
G0,h101,2,S5,near_boundary,candidate_raw_counts,29,0,0,0,0,29,29,29,0,0.0,0,29,,0.0,0,29,,,0,0,zero denominator,1.0,29,29,,1.0,29,29,,1.0,29,29,,0.0,0,29,,0.0,0,29,,0.0,0,29,,0.0,0.0,0.0,,present,,,,,,,,,,,,,,,,,,,,
G0,h101,ALL,S5,near_boundary,pooled_counts,145,1,0,1,0,147,147,145,0,0.0,0,145,,0.00684931506849315,1,146,,0.0,0,1,,0.9863945578231292,145,147,,1.0,147,147,,0.9863945578231292,145,147,,0.006802721088435374,1,147,,0.0,0,147,,0.006802721088435374,1,147,,-0.0008503401360544217,0.0008503401360544217,0.0,,present,,,,,,,,,,,,,,,,,,,,
G0,h101,ALL,S5,near_boundary,equal_candidate_equal_workload_macro,,,,,,,,,,0.0,,,,0.006666666666666666,,,,0.0,,,,0.9866666666666667,,,,1.0,,,,0.9866666666666667,,,,0.006666666666666666,,,,0.0,,,,0.006666666666666666,,,,-0.0008333333333333334,0.0008333333333333334,0.0,,,1,5,1,5,1,1,1,5,1,5,1,5,1,5,1,5,1,5,1,5
G0,h101,-2,S6,service,candidate_raw_counts,32,0,0,3,40,75,35,32,0,0.0,0,32,,0.08571428571428572,3,35,,,0,0,zero denominator,0.4266666666666667,32,75,,0.4666666666666667,35,75,,0.9142857142857143,32,35,,0.0,0,35,,0.0,0,35,,0.08571428571428572,3,35,,-0.030357142857142857,0.030357142857142857,0.0,,present,,,,,,,,,,,,,,,,,,,,
G0,h101,-1,S6,service,candidate_raw_counts,32,0,0,3,40,75,35,32,0,0.0,0,32,,0.08571428571428572,3,35,,,0,0,zero denominator,0.4266666666666667,32,75,,0.4666666666666667,35,75,,0.9142857142857143,32,35,,0.0,0,35,,0.0,0,35,,0.08571428571428572,3,35,,-0.03214285714285714,0.03214285714285714,0.0625,,present,,,,,,,,,,,,,,,,,,,,
G0,h101,0,S6,service,candidate_raw_counts,32,0,0,3,40,75,35,32,0,0.0,0,32,,0.08571428571428572,3,35,,,0,0,zero denominator,0.4266666666666667,32,75,,0.4666666666666667,35,75,,0.9142857142857143,32,35,,0.0,0,35,,0.0,0,35,,0.08571428571428572,3,35,,-0.030357142857142857,0.030357142857142857,0.0625,,present,,,,,,,,,,,,,,,,,,,,
G0,h101,1,S6,service,candidate_raw_counts,32,0,0,3,40,75,35,32,0,0.0,0,32,,0.08571428571428572,3,35,,,0,0,zero denominator,0.4266666666666667,32,75,,0.4666666666666667,35,75,,0.9142857142857143,32,35,,0.0,0,35,,0.0,0,35,,0.08571428571428572,3,35,,-0.02857142857142857,0.02857142857142857,0.0625,,present,,,,,,,,,,,,,,,,,,,,
G0,h101,2,S6,service,candidate_raw_counts,32,2,0,1,40,75,35,32,0,0.0,0,32,,0.030303030303030304,1,33,,0.0,0,2,,0.4266666666666667,32,75,,0.4666666666666667,35,75,,0.9142857142857143,32,35,,0.05714285714285714,2,35,,0.0,0,35,,0.02857142857142857,1,35,,-0.014285714285714285,0.02142857142857143,0.0,,present,,,,,,,,,,,,,,,,,,,,
G0,h101,ALL,S6,service,pooled_counts,160,2,0,13,200,375,175,160,0,0.0,0,160,,0.07514450867052024,13,173,,0.0,0,2,,0.4266666666666667,160,375,,0.4666666666666667,175,375,,0.9142857142857143,160,175,,0.011428571428571429,2,175,,0.0,0,175,,0.07428571428571429,13,175,,-0.027142857142857142,0.02857142857142857,0.0625,,present,,,,,,,,,,,,,,,,,,,,
G0,h101,ALL,S6,service,equal_candidate_equal_workload_macro,,,,,,,,,,0.0,,,,0.07463203463203463,,,,0.0,,,,0.4266666666666667,,,,0.4666666666666667,,,,0.9142857142857143,,,,0.011428571428571429,,,,0.0,,,,0.07428571428571429,,,,-0.027142857142857142,0.02857142857142857,0.0625,,,1,5,1,5,1,1,1,5,1,5,1,5,1,5,1,5,1,5,1,5
G0,h101,-2,S6,latency_only,candidate_raw_counts,32,0,0,3,0,35,35,32,0,0.0,0,32,,0.08571428571428572,3,35,,,0,0,zero denominator,0.9142857142857143,32,35,,1.0,35,35,,0.9142857142857143,32,35,,0.0,0,35,,0.0,0,35,,0.08571428571428572,3,35,,-0.030357142857142857,0.030357142857142857,0.0,,present,,,,,,,,,,,,,,,,,,,,
G0,h101,-1,S6,latency_only,candidate_raw_counts,32,0,0,3,0,35,35,32,0,0.0,0,32,,0.08571428571428572,3,35,,,0,0,zero denominator,0.9142857142857143,32,35,,1.0,35,35,,0.9142857142857143,32,35,,0.0,0,35,,0.0,0,35,,0.08571428571428572,3,35,,-0.03214285714285714,0.03214285714285714,0.0625,,present,,,,,,,,,,,,,,,,,,,,
G0,h101,0,S6,latency_only,candidate_raw_counts,32,0,0,3,0,35,35,32,0,0.0,0,32,,0.08571428571428572,3,35,,,0,0,zero denominator,0.9142857142857143,32,35,,1.0,35,35,,0.9142857142857143,32,35,,0.0,0,35,,0.0,0,35,,0.08571428571428572,3,35,,-0.030357142857142857,0.030357142857142857,0.0625,,present,,,,,,,,,,,,,,,,,,,,
G0,h101,1,S6,latency_only,candidate_raw_counts,32,0,0,3,0,35,35,32,0,0.0,0,32,,0.08571428571428572,3,35,,,0,0,zero denominator,0.9142857142857143,32,35,,1.0,35,35,,0.9142857142857143,32,35,,0.0,0,35,,0.0,0,35,,0.08571428571428572,3,35,,-0.02857142857142857,0.02857142857142857,0.0625,,present,,,,,,,,,,,,,,,,,,,,
G0,h101,2,S6,latency_only,candidate_raw_counts,32,2,0,1,0,35,35,32,0,0.0,0,32,,0.030303030303030304,1,33,,0.0,0,2,,0.9142857142857143,32,35,,1.0,35,35,,0.9142857142857143,32,35,,0.05714285714285714,2,35,,0.0,0,35,,0.02857142857142857,1,35,,-0.014285714285714285,0.02142857142857143,0.0,,present,,,,,,,,,,,,,,,,,,,,
G0,h101,ALL,S6,latency_only,pooled_counts,160,2,0,13,0,175,175,160,0,0.0,0,160,,0.07514450867052024,13,173,,0.0,0,2,,0.9142857142857143,160,175,,1.0,175,175,,0.9142857142857143,160,175,,0.011428571428571429,2,175,,0.0,0,175,,0.07428571428571429,13,175,,-0.027142857142857142,0.02857142857142857,0.0625,,present,,,,,,,,,,,,,,,,,,,,
G0,h101,ALL,S6,latency_only,equal_candidate_equal_workload_macro,,,,,,,,,,0.0,,,,0.07463203463203463,,,,0.0,,,,0.9142857142857143,,,,1.0,,,,0.9142857142857143,,,,0.011428571428571429,,,,0.0,,,,0.07428571428571429,,,,-0.027142857142857142,0.02857142857142857,0.0625,,,1,5,1,5,1,1,1,5,1,5,1,5,1,5,1,5,1,5,1,5
G0,h101,-2,S6,near_boundary,candidate_raw_counts,32,0,0,3,6,41,35,32,0,0.0,0,32,,0.08571428571428572,3,35,,,0,0,zero denominator,0.7804878048780488,32,41,,0.8536585365853658,35,41,,0.9142857142857143,32,35,,0.0,0,35,,0.0,0,35,,0.08571428571428572,3,35,,-0.030357142857142857,0.030357142857142857,0.0,,present,,,,,,,,,,,,,,,,,,,,
G0,h101,-1,S6,near_boundary,candidate_raw_counts,32,0,0,3,6,41,35,32,0,0.0,0,32,,0.08571428571428572,3,35,,,0,0,zero denominator,0.7804878048780488,32,41,,0.8536585365853658,35,41,,0.9142857142857143,32,35,,0.0,0,35,,0.0,0,35,,0.08571428571428572,3,35,,-0.03214285714285714,0.03214285714285714,0.0625,,present,,,,,,,,,,,,,,,,,,,,
G0,h101,0,S6,near_boundary,candidate_raw_counts,32,0,0,3,6,41,35,32,0,0.0,0,32,,0.08571428571428572,3,35,,,0,0,zero denominator,0.7804878048780488,32,41,,0.8536585365853658,35,41,,0.9142857142857143,32,35,,0.0,0,35,,0.0,0,35,,0.08571428571428572,3,35,,-0.030357142857142857,0.030357142857142857,0.0625,,present,,,,,,,,,,,,,,,,,,,,
G0,h101,1,S6,near_boundary,candidate_raw_counts,32,0,0,3,8,43,35,32,0,0.0,0,32,,0.08571428571428572,3,35,,,0,0,zero denominator,0.7441860465116279,32,43,,0.813953488372093,35,43,,0.9142857142857143,32,35,,0.0,0,35,,0.0,0,35,,0.08571428571428572,3,35,,-0.02857142857142857,0.02857142857142857,0.0625,,present,,,,,,,,,,,,,,,,,,,,
G0,h101,2,S6,near_boundary,candidate_raw_counts,32,0,0,1,7,40,33,32,0,0.0,0,32,,0.030303030303030304,1,33,,,0,0,zero denominator,0.8,32,40,,0.825,33,40,,0.9696969696969697,32,33,,0.0,0,33,,0.0,0,33,,0.030303030303030304,1,33,,-0.017045454545454544,0.020833333333333332,0.0,,present,,,,,,,,,,,,,,,,,,,,
G0,h101,ALL,S6,near_boundary,pooled_counts,160,0,0,13,33,206,173,160,0,0.0,0,160,,0.07514450867052024,13,173,,,0,0,zero denominator,0.7766990291262136,160,206,,0.8398058252427184,173,206,,0.9248554913294798,160,173,,0.0,0,173,,0.0,0,173,,0.07514450867052024,13,173,,-0.02781791907514451,0.028540462427745664,0.0,,present,,,,,,,,,,,,,,,,,,,,
G0,h101,ALL,S6,near_boundary,equal_candidate_equal_workload_macro,,,,,,,,,,0.0,,,,0.07463203463203463,,,,,,,all denominators zero,0.7771298922291549,,,,0.8399858196256381,,,,0.9253679653679654,,,,0.0,,,,0.0,,,,0.07463203463203463,,,,-0.027694805194805196,0.02845238095238095,0.0,,,1,5,1,5,0,0,1,5,1,5,1,5,1,5,1,5,1,5,1,5
G0,h102,-2,S1,service,candidate_raw_counts,0,30,0,0,47,77,30,0,0,,0,0,zero denominator,,0,0,zero denominator,0.0,0,30,,0.0,0,77,,0.38961038961038963,30,77,,0.0,0,30,,1.0,30,30,,0.0,0,30,,0.0,0,30,,0.0,0.0,0.0,,present,,,,,,,,,,,,,,,,,,,,
G0,h102,-1,S1,service,candidate_raw_counts,0,30,0,0,47,77,30,0,0,,0,0,zero denominator,,0,0,zero denominator,0.0,0,30,,0.0,0,77,,0.38961038961038963,30,77,,0.0,0,30,,1.0,30,30,,0.0,0,30,,0.0,0,30,,0.0,0.0,0.0,,present,,,,,,,,,,,,,,,,,,,,
G0,h102,0,S1,service,candidate_raw_counts,0,30,0,0,47,77,30,0,0,,0,0,zero denominator,,0,0,zero denominator,0.0,0,30,,0.0,0,77,,0.38961038961038963,30,77,,0.0,0,30,,1.0,30,30,,0.0,0,30,,0.0,0,30,,0.0,0.0,0.0,,present,,,,,,,,,,,,,,,,,,,,
G0,h102,1,S1,service,candidate_raw_counts,0,30,0,0,47,77,30,0,0,,0,0,zero denominator,,0,0,zero denominator,0.0,0,30,,0.0,0,77,,0.38961038961038963,30,77,,0.0,0,30,,1.0,30,30,,0.0,0,30,,0.0,0,30,,0.0,0.0,0.0,,present,,,,,,,,,,,,,,,,,,,,
G0,h102,2,S1,service,candidate_raw_counts,0,30,0,0,47,77,30,0,0,,0,0,zero denominator,,0,0,zero denominator,0.0,0,30,,0.0,0,77,,0.38961038961038963,30,77,,0.0,0,30,,1.0,30,30,,0.0,0,30,,0.0,0,30,,0.0,0.0,0.0,,present,,,,,,,,,,,,,,,,,,,,
G0,h102,ALL,S1,service,pooled_counts,0,150,0,0,235,385,150,0,0,,0,0,zero denominator,,0,0,zero denominator,0.0,0,150,,0.0,0,385,,0.38961038961038963,150,385,,0.0,0,150,,1.0,150,150,,0.0,0,150,,0.0,0,150,,0.0,0.0,0.0,,present,,,,,,,,,,,,,,,,,,,,
G0,h102,ALL,S1,service,equal_candidate_equal_workload_macro,,,,,,,,,,,,,all denominators zero,,,,all denominators zero,0.0,,,,0.0,,,,0.38961038961038963,,,,0.0,,,,1.0,,,,0.0,,,,0.0,,,,0.0,0.0,0.0,,,0,0,0,0,1,5,1,5,1,5,1,5,1,5,1,5,1,5,1,5
G0,h102,-2,S1,latency_only,candidate_raw_counts,0,30,0,0,0,30,30,0,0,,0,0,zero denominator,,0,0,zero denominator,0.0,0,30,,0.0,0,30,,1.0,30,30,,0.0,0,30,,1.0,30,30,,0.0,0,30,,0.0,0,30,,0.0,0.0,0.0,,present,,,,,,,,,,,,,,,,,,,,
G0,h102,-1,S1,latency_only,candidate_raw_counts,0,30,0,0,0,30,30,0,0,,0,0,zero denominator,,0,0,zero denominator,0.0,0,30,,0.0,0,30,,1.0,30,30,,0.0,0,30,,1.0,30,30,,0.0,0,30,,0.0,0,30,,0.0,0.0,0.0,,present,,,,,,,,,,,,,,,,,,,,
G0,h102,0,S1,latency_only,candidate_raw_counts,0,30,0,0,0,30,30,0,0,,0,0,zero denominator,,0,0,zero denominator,0.0,0,30,,0.0,0,30,,1.0,30,30,,0.0,0,30,,1.0,30,30,,0.0,0,30,,0.0,0,30,,0.0,0.0,0.0,,present,,,,,,,,,,,,,,,,,,,,
G0,h102,1,S1,latency_only,candidate_raw_counts,0,30,0,0,0,30,30,0,0,,0,0,zero denominator,,0,0,zero denominator,0.0,0,30,,0.0,0,30,,1.0,30,30,,0.0,0,30,,1.0,30,30,,0.0,0,30,,0.0,0,30,,0.0,0.0,0.0,,present,,,,,,,,,,,,,,,,,,,,
G0,h102,2,S1,latency_only,candidate_raw_counts,0,30,0,0,0,30,30,0,0,,0,0,zero denominator,,0,0,zero denominator,0.0,0,30,,0.0,0,30,,1.0,30,30,,0.0,0,30,,1.0,30,30,,0.0,0,30,,0.0,0,30,,0.0,0.0,0.0,,present,,,,,,,,,,,,,,,,,,,,
G0,h102,ALL,S1,latency_only,pooled_counts,0,150,0,0,0,150,150,0,0,,0,0,zero denominator,,0,0,zero denominator,0.0,0,150,,0.0,0,150,,1.0,150,150,,0.0,0,150,,1.0,150,150,,0.0,0,150,,0.0,0,150,,0.0,0.0,0.0,,present,,,,,,,,,,,,,,,,,,,,
G0,h102,ALL,S1,latency_only,equal_candidate_equal_workload_macro,,,,,,,,,,,,,all denominators zero,,,,all denominators zero,0.0,,,,0.0,,,,1.0,,,,0.0,,,,1.0,,,,0.0,,,,0.0,,,,0.0,0.0,0.0,,,0,0,0,0,1,5,1,5,1,5,1,5,1,5,1,5,1,5,1,5
G0,h102,-2,S1,near_boundary,candidate_raw_counts,0,0,0,0,0,0,0,0,0,,0,0,zero denominator,,0,0,zero denominator,,0,0,zero denominator,,0,0,zero denominator,,0,0,zero denominator,,0,0,zero denominator,,0,0,zero denominator,,0,0,zero denominator,,0,0,zero denominator,,,,no both-attainment-defined points,absent,,,,,,,,,,,,,,,,,,,,
G0,h102,-1,S1,near_boundary,candidate_raw_counts,0,0,0,0,0,0,0,0,0,,0,0,zero denominator,,0,0,zero denominator,,0,0,zero denominator,,0,0,zero denominator,,0,0,zero denominator,,0,0,zero denominator,,0,0,zero denominator,,0,0,zero denominator,,0,0,zero denominator,,,,no both-attainment-defined points,absent,,,,,,,,,,,,,,,,,,,,
G0,h102,0,S1,near_boundary,candidate_raw_counts,0,0,0,0,0,0,0,0,0,,0,0,zero denominator,,0,0,zero denominator,,0,0,zero denominator,,0,0,zero denominator,,0,0,zero denominator,,0,0,zero denominator,,0,0,zero denominator,,0,0,zero denominator,,0,0,zero denominator,,,,no both-attainment-defined points,absent,,,,,,,,,,,,,,,,,,,,
G0,h102,1,S1,near_boundary,candidate_raw_counts,0,0,0,0,0,0,0,0,0,,0,0,zero denominator,,0,0,zero denominator,,0,0,zero denominator,,0,0,zero denominator,,0,0,zero denominator,,0,0,zero denominator,,0,0,zero denominator,,0,0,zero denominator,,0,0,zero denominator,,,,no both-attainment-defined points,absent,,,,,,,,,,,,,,,,,,,,
G0,h102,2,S1,near_boundary,candidate_raw_counts,0,0,0,0,0,0,0,0,0,,0,0,zero denominator,,0,0,zero denominator,,0,0,zero denominator,,0,0,zero denominator,,0,0,zero denominator,,0,0,zero denominator,,0,0,zero denominator,,0,0,zero denominator,,0,0,zero denominator,,,,no both-attainment-defined points,absent,,,,,,,,,,,,,,,,,,,,
G0,h102,ALL,S1,near_boundary,pooled_counts,0,0,0,0,0,0,0,0,0,,0,0,zero denominator,,0,0,zero denominator,,0,0,zero denominator,,0,0,zero denominator,,0,0,zero denominator,,0,0,zero denominator,,0,0,zero denominator,,0,0,zero denominator,,0,0,zero denominator,,,,no both-attainment-defined points,absent,,,,,,,,,,,,,,,,,,,,
G0,h102,ALL,S1,near_boundary,equal_candidate_equal_workload_macro,,,,,,,,,,,,,all denominators zero,,,,all denominators zero,,,,all denominators zero,,,,all denominators zero,,,,all denominators zero,,,,all denominators zero,,,,all denominators zero,,,,all denominators zero,,,,all denominators zero,,,,empty applicable subset,,0,0,0,0,0,0,0,0,0,0,0,0,0,0,0,0,0,0,0,0
G0,h102,-2,S2,service,candidate_raw_counts,0,30,0,0,47,77,30,0,0,,0,0,zero denominator,,0,0,zero denominator,0.0,0,30,,0.0,0,77,,0.38961038961038963,30,77,,0.0,0,30,,1.0,30,30,,0.0,0,30,,0.0,0,30,,0.009259259259259259,0.009259259259259259,0.018518518518518517,,present,,,,,,,,,,,,,,,,,,,,
G0,h102,-1,S2,service,candidate_raw_counts,0,30,0,0,47,77,30,0,0,,0,0,zero denominator,,0,0,zero denominator,0.0,0,30,,0.0,0,77,,0.38961038961038963,30,77,,0.0,0,30,,1.0,30,30,,0.0,0,30,,0.0,0,30,,0.010493827160493827,0.010493827160493827,0.018518518518518517,,present,,,,,,,,,,,,,,,,,,,,
G0,h102,0,S2,service,candidate_raw_counts,0,30,0,0,47,77,30,0,0,,0,0,zero denominator,,0,0,zero denominator,0.0,0,30,,0.0,0,77,,0.38961038961038963,30,77,,0.0,0,30,,1.0,30,30,,0.0,0,30,,0.0,0,30,,0.013580246913580247,0.013580246913580247,0.018518518518518517,,present,,,,,,,,,,,,,,,,,,,,
G0,h102,1,S2,service,candidate_raw_counts,0,30,0,0,47,77,30,0,0,,0,0,zero denominator,,0,0,zero denominator,0.0,0,30,,0.0,0,77,,0.38961038961038963,30,77,,0.0,0,30,,1.0,30,30,,0.0,0,30,,0.0,0,30,,0.01419753086419753,0.01419753086419753,0.018518518518518517,,present,,,,,,,,,,,,,,,,,,,,
G0,h102,2,S2,service,candidate_raw_counts,0,30,0,0,47,77,30,0,0,,0,0,zero denominator,,0,0,zero denominator,0.0,0,30,,0.0,0,77,,0.38961038961038963,30,77,,0.0,0,30,,1.0,30,30,,0.0,0,30,,0.0,0,30,,0.01111111111111111,0.01111111111111111,0.018518518518518517,,present,,,,,,,,,,,,,,,,,,,,
G0,h102,ALL,S2,service,pooled_counts,0,150,0,0,235,385,150,0,0,,0,0,zero denominator,,0,0,zero denominator,0.0,0,150,,0.0,0,385,,0.38961038961038963,150,385,,0.0,0,150,,1.0,150,150,,0.0,0,150,,0.0,0,150,,0.011728395061728394,0.011728395061728394,0.018518518518518517,,present,,,,,,,,,,,,,,,,,,,,
G0,h102,ALL,S2,service,equal_candidate_equal_workload_macro,,,,,,,,,,,,,all denominators zero,,,,all denominators zero,0.0,,,,0.0,,,,0.38961038961038963,,,,0.0,,,,1.0,,,,0.0,,,,0.0,,,,0.011728395061728394,0.011728395061728394,0.018518518518518517,,,0,0,0,0,1,5,1,5,1,5,1,5,1,5,1,5,1,5,1,5
G0,h102,-2,S2,latency_only,candidate_raw_counts,0,30,0,0,0,30,30,0,0,,0,0,zero denominator,,0,0,zero denominator,0.0,0,30,,0.0,0,30,,1.0,30,30,,0.0,0,30,,1.0,30,30,,0.0,0,30,,0.0,0,30,,0.009259259259259259,0.009259259259259259,0.018518518518518517,,present,,,,,,,,,,,,,,,,,,,,
G0,h102,-1,S2,latency_only,candidate_raw_counts,0,30,0,0,0,30,30,0,0,,0,0,zero denominator,,0,0,zero denominator,0.0,0,30,,0.0,0,30,,1.0,30,30,,0.0,0,30,,1.0,30,30,,0.0,0,30,,0.0,0,30,,0.010493827160493827,0.010493827160493827,0.018518518518518517,,present,,,,,,,,,,,,,,,,,,,,
G0,h102,0,S2,latency_only,candidate_raw_counts,0,30,0,0,0,30,30,0,0,,0,0,zero denominator,,0,0,zero denominator,0.0,0,30,,0.0,0,30,,1.0,30,30,,0.0,0,30,,1.0,30,30,,0.0,0,30,,0.0,0,30,,0.013580246913580247,0.013580246913580247,0.018518518518518517,,present,,,,,,,,,,,,,,,,,,,,
G0,h102,1,S2,latency_only,candidate_raw_counts,0,30,0,0,0,30,30,0,0,,0,0,zero denominator,,0,0,zero denominator,0.0,0,30,,0.0,0,30,,1.0,30,30,,0.0,0,30,,1.0,30,30,,0.0,0,30,,0.0,0,30,,0.01419753086419753,0.01419753086419753,0.018518518518518517,,present,,,,,,,,,,,,,,,,,,,,
G0,h102,2,S2,latency_only,candidate_raw_counts,0,30,0,0,0,30,30,0,0,,0,0,zero denominator,,0,0,zero denominator,0.0,0,30,,0.0,0,30,,1.0,30,30,,0.0,0,30,,1.0,30,30,,0.0,0,30,,0.0,0,30,,0.01111111111111111,0.01111111111111111,0.018518518518518517,,present,,,,,,,,,,,,,,,,,,,,
G0,h102,ALL,S2,latency_only,pooled_counts,0,150,0,0,0,150,150,0,0,,0,0,zero denominator,,0,0,zero denominator,0.0,0,150,,0.0,0,150,,1.0,150,150,,0.0,0,150,,1.0,150,150,,0.0,0,150,,0.0,0,150,,0.011728395061728394,0.011728395061728394,0.018518518518518517,,present,,,,,,,,,,,,,,,,,,,,
G0,h102,ALL,S2,latency_only,equal_candidate_equal_workload_macro,,,,,,,,,,,,,all denominators zero,,,,all denominators zero,0.0,,,,0.0,,,,1.0,,,,0.0,,,,1.0,,,,0.0,,,,0.0,,,,0.011728395061728394,0.011728395061728394,0.018518518518518517,,,0,0,0,0,1,5,1,5,1,5,1,5,1,5,1,5,1,5,1,5
G0,h102,-2,S2,near_boundary,candidate_raw_counts,0,0,0,0,0,0,0,0,0,,0,0,zero denominator,,0,0,zero denominator,,0,0,zero denominator,,0,0,zero denominator,,0,0,zero denominator,,0,0,zero denominator,,0,0,zero denominator,,0,0,zero denominator,,0,0,zero denominator,,,,no both-attainment-defined points,absent,,,,,,,,,,,,,,,,,,,,
G0,h102,-1,S2,near_boundary,candidate_raw_counts,0,0,0,0,0,0,0,0,0,,0,0,zero denominator,,0,0,zero denominator,,0,0,zero denominator,,0,0,zero denominator,,0,0,zero denominator,,0,0,zero denominator,,0,0,zero denominator,,0,0,zero denominator,,0,0,zero denominator,,,,no both-attainment-defined points,absent,,,,,,,,,,,,,,,,,,,,
G0,h102,0,S2,near_boundary,candidate_raw_counts,0,0,0,0,0,0,0,0,0,,0,0,zero denominator,,0,0,zero denominator,,0,0,zero denominator,,0,0,zero denominator,,0,0,zero denominator,,0,0,zero denominator,,0,0,zero denominator,,0,0,zero denominator,,0,0,zero denominator,,,,no both-attainment-defined points,absent,,,,,,,,,,,,,,,,,,,,
G0,h102,1,S2,near_boundary,candidate_raw_counts,0,0,0,0,0,0,0,0,0,,0,0,zero denominator,,0,0,zero denominator,,0,0,zero denominator,,0,0,zero denominator,,0,0,zero denominator,,0,0,zero denominator,,0,0,zero denominator,,0,0,zero denominator,,0,0,zero denominator,,,,no both-attainment-defined points,absent,,,,,,,,,,,,,,,,,,,,
G0,h102,2,S2,near_boundary,candidate_raw_counts,0,0,0,0,0,0,0,0,0,,0,0,zero denominator,,0,0,zero denominator,,0,0,zero denominator,,0,0,zero denominator,,0,0,zero denominator,,0,0,zero denominator,,0,0,zero denominator,,0,0,zero denominator,,0,0,zero denominator,,,,no both-attainment-defined points,absent,,,,,,,,,,,,,,,,,,,,
G0,h102,ALL,S2,near_boundary,pooled_counts,0,0,0,0,0,0,0,0,0,,0,0,zero denominator,,0,0,zero denominator,,0,0,zero denominator,,0,0,zero denominator,,0,0,zero denominator,,0,0,zero denominator,,0,0,zero denominator,,0,0,zero denominator,,0,0,zero denominator,,,,no both-attainment-defined points,absent,,,,,,,,,,,,,,,,,,,,
G0,h102,ALL,S2,near_boundary,equal_candidate_equal_workload_macro,,,,,,,,,,,,,all denominators zero,,,,all denominators zero,,,,all denominators zero,,,,all denominators zero,,,,all denominators zero,,,,all denominators zero,,,,all denominators zero,,,,all denominators zero,,,,all denominators zero,,,,empty applicable subset,,0,0,0,0,0,0,0,0,0,0,0,0,0,0,0,0,0,0,0,0
G0,h102,-2,S3,service,candidate_raw_counts,0,30,0,0,47,77,30,0,0,,0,0,zero denominator,,0,0,zero denominator,0.0,0,30,,0.0,0,77,,0.38961038961038963,30,77,,0.0,0,30,,1.0,30,30,,0.0,0,30,,0.0,0,30,,0.0,0.0,0.0,,present,,,,,,,,,,,,,,,,,,,,
G0,h102,-1,S3,service,candidate_raw_counts,0,30,0,0,47,77,30,0,0,,0,0,zero denominator,,0,0,zero denominator,0.0,0,30,,0.0,0,77,,0.38961038961038963,30,77,,0.0,0,30,,1.0,30,30,,0.0,0,30,,0.0,0,30,,0.0,0.0,0.0,,present,,,,,,,,,,,,,,,,,,,,
G0,h102,0,S3,service,candidate_raw_counts,0,30,0,0,47,77,30,0,0,,0,0,zero denominator,,0,0,zero denominator,0.0,0,30,,0.0,0,77,,0.38961038961038963,30,77,,0.0,0,30,,1.0,30,30,,0.0,0,30,,0.0,0,30,,0.0,0.0,0.0,,present,,,,,,,,,,,,,,,,,,,,
G0,h102,1,S3,service,candidate_raw_counts,0,30,0,0,47,77,30,0,0,,0,0,zero denominator,,0,0,zero denominator,0.0,0,30,,0.0,0,77,,0.38961038961038963,30,77,,0.0,0,30,,1.0,30,30,,0.0,0,30,,0.0,0,30,,0.0,0.0,0.0,,present,,,,,,,,,,,,,,,,,,,,
G0,h102,2,S3,service,candidate_raw_counts,0,30,0,0,47,77,30,0,0,,0,0,zero denominator,,0,0,zero denominator,0.0,0,30,,0.0,0,77,,0.38961038961038963,30,77,,0.0,0,30,,1.0,30,30,,0.0,0,30,,0.0,0,30,,0.0,0.0,0.0,,present,,,,,,,,,,,,,,,,,,,,
G0,h102,ALL,S3,service,pooled_counts,0,150,0,0,235,385,150,0,0,,0,0,zero denominator,,0,0,zero denominator,0.0,0,150,,0.0,0,385,,0.38961038961038963,150,385,,0.0,0,150,,1.0,150,150,,0.0,0,150,,0.0,0,150,,0.0,0.0,0.0,,present,,,,,,,,,,,,,,,,,,,,
G0,h102,ALL,S3,service,equal_candidate_equal_workload_macro,,,,,,,,,,,,,all denominators zero,,,,all denominators zero,0.0,,,,0.0,,,,0.38961038961038963,,,,0.0,,,,1.0,,,,0.0,,,,0.0,,,,0.0,0.0,0.0,,,0,0,0,0,1,5,1,5,1,5,1,5,1,5,1,5,1,5,1,5
G0,h102,-2,S3,latency_only,candidate_raw_counts,0,30,0,0,0,30,30,0,0,,0,0,zero denominator,,0,0,zero denominator,0.0,0,30,,0.0,0,30,,1.0,30,30,,0.0,0,30,,1.0,30,30,,0.0,0,30,,0.0,0,30,,0.0,0.0,0.0,,present,,,,,,,,,,,,,,,,,,,,
G0,h102,-1,S3,latency_only,candidate_raw_counts,0,30,0,0,0,30,30,0,0,,0,0,zero denominator,,0,0,zero denominator,0.0,0,30,,0.0,0,30,,1.0,30,30,,0.0,0,30,,1.0,30,30,,0.0,0,30,,0.0,0,30,,0.0,0.0,0.0,,present,,,,,,,,,,,,,,,,,,,,
G0,h102,0,S3,latency_only,candidate_raw_counts,0,30,0,0,0,30,30,0,0,,0,0,zero denominator,,0,0,zero denominator,0.0,0,30,,0.0,0,30,,1.0,30,30,,0.0,0,30,,1.0,30,30,,0.0,0,30,,0.0,0,30,,0.0,0.0,0.0,,present,,,,,,,,,,,,,,,,,,,,
G0,h102,1,S3,latency_only,candidate_raw_counts,0,30,0,0,0,30,30,0,0,,0,0,zero denominator,,0,0,zero denominator,0.0,0,30,,0.0,0,30,,1.0,30,30,,0.0,0,30,,1.0,30,30,,0.0,0,30,,0.0,0,30,,0.0,0.0,0.0,,present,,,,,,,,,,,,,,,,,,,,
G0,h102,2,S3,latency_only,candidate_raw_counts,0,30,0,0,0,30,30,0,0,,0,0,zero denominator,,0,0,zero denominator,0.0,0,30,,0.0,0,30,,1.0,30,30,,0.0,0,30,,1.0,30,30,,0.0,0,30,,0.0,0,30,,0.0,0.0,0.0,,present,,,,,,,,,,,,,,,,,,,,
G0,h102,ALL,S3,latency_only,pooled_counts,0,150,0,0,0,150,150,0,0,,0,0,zero denominator,,0,0,zero denominator,0.0,0,150,,0.0,0,150,,1.0,150,150,,0.0,0,150,,1.0,150,150,,0.0,0,150,,0.0,0,150,,0.0,0.0,0.0,,present,,,,,,,,,,,,,,,,,,,,
G0,h102,ALL,S3,latency_only,equal_candidate_equal_workload_macro,,,,,,,,,,,,,all denominators zero,,,,all denominators zero,0.0,,,,0.0,,,,1.0,,,,0.0,,,,1.0,,,,0.0,,,,0.0,,,,0.0,0.0,0.0,,,0,0,0,0,1,5,1,5,1,5,1,5,1,5,1,5,1,5,1,5
G0,h102,-2,S3,near_boundary,candidate_raw_counts,0,0,0,0,0,0,0,0,0,,0,0,zero denominator,,0,0,zero denominator,,0,0,zero denominator,,0,0,zero denominator,,0,0,zero denominator,,0,0,zero denominator,,0,0,zero denominator,,0,0,zero denominator,,0,0,zero denominator,,,,no both-attainment-defined points,absent,,,,,,,,,,,,,,,,,,,,
G0,h102,-1,S3,near_boundary,candidate_raw_counts,0,0,0,0,0,0,0,0,0,,0,0,zero denominator,,0,0,zero denominator,,0,0,zero denominator,,0,0,zero denominator,,0,0,zero denominator,,0,0,zero denominator,,0,0,zero denominator,,0,0,zero denominator,,0,0,zero denominator,,,,no both-attainment-defined points,absent,,,,,,,,,,,,,,,,,,,,
G0,h102,0,S3,near_boundary,candidate_raw_counts,0,0,0,0,0,0,0,0,0,,0,0,zero denominator,,0,0,zero denominator,,0,0,zero denominator,,0,0,zero denominator,,0,0,zero denominator,,0,0,zero denominator,,0,0,zero denominator,,0,0,zero denominator,,0,0,zero denominator,,,,no both-attainment-defined points,absent,,,,,,,,,,,,,,,,,,,,
G0,h102,1,S3,near_boundary,candidate_raw_counts,0,0,0,0,0,0,0,0,0,,0,0,zero denominator,,0,0,zero denominator,,0,0,zero denominator,,0,0,zero denominator,,0,0,zero denominator,,0,0,zero denominator,,0,0,zero denominator,,0,0,zero denominator,,0,0,zero denominator,,,,no both-attainment-defined points,absent,,,,,,,,,,,,,,,,,,,,
G0,h102,2,S3,near_boundary,candidate_raw_counts,0,0,0,0,0,0,0,0,0,,0,0,zero denominator,,0,0,zero denominator,,0,0,zero denominator,,0,0,zero denominator,,0,0,zero denominator,,0,0,zero denominator,,0,0,zero denominator,,0,0,zero denominator,,0,0,zero denominator,,,,no both-attainment-defined points,absent,,,,,,,,,,,,,,,,,,,,
G0,h102,ALL,S3,near_boundary,pooled_counts,0,0,0,0,0,0,0,0,0,,0,0,zero denominator,,0,0,zero denominator,,0,0,zero denominator,,0,0,zero denominator,,0,0,zero denominator,,0,0,zero denominator,,0,0,zero denominator,,0,0,zero denominator,,0,0,zero denominator,,,,no both-attainment-defined points,absent,,,,,,,,,,,,,,,,,,,,
G0,h102,ALL,S3,near_boundary,equal_candidate_equal_workload_macro,,,,,,,,,,,,,all denominators zero,,,,all denominators zero,,,,all denominators zero,,,,all denominators zero,,,,all denominators zero,,,,all denominators zero,,,,all denominators zero,,,,all denominators zero,,,,all denominators zero,,,,empty applicable subset,,0,0,0,0,0,0,0,0,0,0,0,0,0,0,0,0,0,0,0,0
G0,h102,-2,S4,service,candidate_raw_counts,25,5,0,0,47,77,30,25,0,0.0,0,25,,0.0,0,25,,0.0,0,5,,0.3246753246753247,25,77,,0.38961038961038963,30,77,,0.8333333333333334,25,30,,0.16666666666666666,5,30,,0.0,0,30,,0.0,0,30,,0.0024691358024691358,0.0024691358024691358,0.0,,present,,,,,,,,,,,,,,,,,,,,
G0,h102,-1,S4,service,candidate_raw_counts,25,5,0,0,47,77,30,25,0,0.0,0,25,,0.0,0,25,,0.0,0,5,,0.3246753246753247,25,77,,0.38961038961038963,30,77,,0.8333333333333334,25,30,,0.16666666666666666,5,30,,0.0,0,30,,0.0,0,30,,0.006172839506172839,0.006172839506172839,0.037037037037037035,,present,,,,,,,,,,,,,,,,,,,,
G0,h102,0,S4,service,candidate_raw_counts,25,5,0,0,47,77,30,25,0,0.0,0,25,,0.0,0,25,,0.0,0,5,,0.3246753246753247,25,77,,0.38961038961038963,30,77,,0.8333333333333334,25,30,,0.16666666666666666,5,30,,0.0,0,30,,0.0,0,30,,0.0049382716049382715,0.0049382716049382715,0.018518518518518517,,present,,,,,,,,,,,,,,,,,,,,
G0,h102,1,S4,service,candidate_raw_counts,24,5,0,1,47,77,30,24,0,0.0,0,24,,0.04,1,25,,0.0,0,5,,0.3116883116883117,24,77,,0.38961038961038963,30,77,,0.8,24,30,,0.16666666666666666,5,30,,0.0,0,30,,0.03333333333333333,1,30,,0.0012345679012345679,0.006172839506172839,0.018518518518518517,,present,,,,,,,,,,,,,,,,,,,,
G0,h102,2,S4,service,candidate_raw_counts,24,6,0,0,47,77,30,24,0,0.0,0,24,,0.0,0,24,,0.0,0,6,,0.3116883116883117,24,77,,0.38961038961038963,30,77,,0.8,24,30,,0.2,6,30,,0.0,0,30,,0.0,0,30,,-0.0030864197530864213,0.004320987654320989,0.0,,present,,,,,,,,,,,,,,,,,,,,
G0,h102,ALL,S4,service,pooled_counts,123,26,0,1,235,385,150,123,0,0.0,0,123,,0.008064516129032258,1,124,,0.0,0,26,,0.3194805194805195,123,385,,0.38961038961038963,150,385,,0.82,123,150,,0.17333333333333334,26,150,,0.0,0,150,,0.006666666666666667,1,150,,0.0023456790123456786,0.004814814814814815,0.018518518518518517,,present,,,,,,,,,,,,,,,,,,,,
G0,h102,ALL,S4,service,equal_candidate_equal_workload_macro,,,,,,,,,,0.0,,,,0.008,,,,0.0,,,,0.3194805194805195,,,,0.38961038961038963,,,,0.8200000000000001,,,,0.17333333333333334,,,,0.0,,,,0.006666666666666666,,,,0.0023456790123456786,0.004814814814814815,0.018518518518518517,,,1,5,1,5,1,5,1,5,1,5,1,5,1,5,1,5,1,5,1,5
G0,h102,-2,S4,latency_only,candidate_raw_counts,25,5,0,0,0,30,30,25,0,0.0,0,25,,0.0,0,25,,0.0,0,5,,0.8333333333333334,25,30,,1.0,30,30,,0.8333333333333334,25,30,,0.16666666666666666,5,30,,0.0,0,30,,0.0,0,30,,0.0024691358024691358,0.0024691358024691358,0.0,,present,,,,,,,,,,,,,,,,,,,,
G0,h102,-1,S4,latency_only,candidate_raw_counts,25,5,0,0,0,30,30,25,0,0.0,0,25,,0.0,0,25,,0.0,0,5,,0.8333333333333334,25,30,,1.0,30,30,,0.8333333333333334,25,30,,0.16666666666666666,5,30,,0.0,0,30,,0.0,0,30,,0.006172839506172839,0.006172839506172839,0.037037037037037035,,present,,,,,,,,,,,,,,,,,,,,
G0,h102,0,S4,latency_only,candidate_raw_counts,25,5,0,0,0,30,30,25,0,0.0,0,25,,0.0,0,25,,0.0,0,5,,0.8333333333333334,25,30,,1.0,30,30,,0.8333333333333334,25,30,,0.16666666666666666,5,30,,0.0,0,30,,0.0,0,30,,0.0049382716049382715,0.0049382716049382715,0.018518518518518517,,present,,,,,,,,,,,,,,,,,,,,
G0,h102,1,S4,latency_only,candidate_raw_counts,24,5,0,1,0,30,30,24,0,0.0,0,24,,0.04,1,25,,0.0,0,5,,0.8,24,30,,1.0,30,30,,0.8,24,30,,0.16666666666666666,5,30,,0.0,0,30,,0.03333333333333333,1,30,,0.0012345679012345679,0.006172839506172839,0.018518518518518517,,present,,,,,,,,,,,,,,,,,,,,
G0,h102,2,S4,latency_only,candidate_raw_counts,24,6,0,0,0,30,30,24,0,0.0,0,24,,0.0,0,24,,0.0,0,6,,0.8,24,30,,1.0,30,30,,0.8,24,30,,0.2,6,30,,0.0,0,30,,0.0,0,30,,-0.0030864197530864213,0.004320987654320989,0.0,,present,,,,,,,,,,,,,,,,,,,,
G0,h102,ALL,S4,latency_only,pooled_counts,123,26,0,1,0,150,150,123,0,0.0,0,123,,0.008064516129032258,1,124,,0.0,0,26,,0.82,123,150,,1.0,150,150,,0.82,123,150,,0.17333333333333334,26,150,,0.0,0,150,,0.006666666666666667,1,150,,0.0023456790123456786,0.004814814814814815,0.018518518518518517,,present,,,,,,,,,,,,,,,,,,,,
G0,h102,ALL,S4,latency_only,equal_candidate_equal_workload_macro,,,,,,,,,,0.0,,,,0.008,,,,0.0,,,,0.8200000000000001,,,,1.0,,,,0.8200000000000001,,,,0.17333333333333334,,,,0.0,,,,0.006666666666666666,,,,0.0023456790123456786,0.004814814814814815,0.018518518518518517,,,1,5,1,5,1,5,1,5,1,5,1,5,1,5,1,5,1,5,1,5
G0,h102,-2,S4,near_boundary,candidate_raw_counts,0,0,0,0,0,0,0,0,0,,0,0,zero denominator,,0,0,zero denominator,,0,0,zero denominator,,0,0,zero denominator,,0,0,zero denominator,,0,0,zero denominator,,0,0,zero denominator,,0,0,zero denominator,,0,0,zero denominator,,,,no both-attainment-defined points,absent,,,,,,,,,,,,,,,,,,,,
G0,h102,-1,S4,near_boundary,candidate_raw_counts,0,0,0,0,0,0,0,0,0,,0,0,zero denominator,,0,0,zero denominator,,0,0,zero denominator,,0,0,zero denominator,,0,0,zero denominator,,0,0,zero denominator,,0,0,zero denominator,,0,0,zero denominator,,0,0,zero denominator,,,,no both-attainment-defined points,absent,,,,,,,,,,,,,,,,,,,,
G0,h102,0,S4,near_boundary,candidate_raw_counts,0,0,0,0,0,0,0,0,0,,0,0,zero denominator,,0,0,zero denominator,,0,0,zero denominator,,0,0,zero denominator,,0,0,zero denominator,,0,0,zero denominator,,0,0,zero denominator,,0,0,zero denominator,,0,0,zero denominator,,,,no both-attainment-defined points,absent,,,,,,,,,,,,,,,,,,,,
G0,h102,1,S4,near_boundary,candidate_raw_counts,0,0,0,1,0,1,1,0,0,,0,0,zero denominator,1.0,1,1,,,0,0,zero denominator,0.0,0,1,,1.0,1,1,,0.0,0,1,,0.0,0,1,,0.0,0,1,,1.0,1,1,,-0.07407407407407407,0.07407407407407407,0.07407407407407407,,present,,,,,,,,,,,,,,,,,,,,
G0,h102,2,S4,near_boundary,candidate_raw_counts,0,0,0,0,0,0,0,0,0,,0,0,zero denominator,,0,0,zero denominator,,0,0,zero denominator,,0,0,zero denominator,,0,0,zero denominator,,0,0,zero denominator,,0,0,zero denominator,,0,0,zero denominator,,0,0,zero denominator,,,,no both-attainment-defined points,absent,,,,,,,,,,,,,,,,,,,,
G0,h102,ALL,S4,near_boundary,pooled_counts,0,0,0,1,0,1,1,0,0,,0,0,zero denominator,1.0,1,1,,,0,0,zero denominator,0.0,0,1,,1.0,1,1,,0.0,0,1,,0.0,0,1,,0.0,0,1,,1.0,1,1,,-0.07407407407407407,0.07407407407407407,0.07407407407407407,,present,,,,,,,,,,,,,,,,,,,,
G0,h102,ALL,S4,near_boundary,equal_candidate_equal_workload_macro,,,,,,,,,,,,,all denominators zero,1.0,,,,,,,all denominators zero,0.0,,,,1.0,,,,0.0,,,,0.0,,,,0.0,,,,1.0,,,,-0.07407407407407407,0.07407407407407407,0.07407407407407407,,,0,0,1,1,0,0,1,1,1,1,1,1,1,1,1,1,1,1,1,1
G0,h102,-2,S5,service,candidate_raw_counts,25,5,0,0,47,77,30,25,0,0.0,0,25,,0.0,0,25,,0.0,0,5,,0.3246753246753247,25,77,,0.38961038961038963,30,77,,0.8333333333333334,25,30,,0.16666666666666666,5,30,,0.0,0,30,,0.0,0,30,,0.019135802469135803,0.019135802469135803,0.07407407407407407,,present,,,,,,,,,,,,,,,,,,,,
G0,h102,-1,S5,service,candidate_raw_counts,25,5,0,0,47,77,30,25,0,0.0,0,25,,0.0,0,25,,0.0,0,5,,0.3246753246753247,25,77,,0.38961038961038963,30,77,,0.8333333333333334,25,30,,0.16666666666666666,5,30,,0.0,0,30,,0.0,0,30,,0.01790123456790123,0.01790123456790123,0.05555555555555555,,present,,,,,,,,,,,,,,,,,,,,
G0,h102,0,S5,service,candidate_raw_counts,25,5,0,0,47,77,30,25,0,0.0,0,25,,0.0,0,25,,0.0,0,5,,0.3246753246753247,25,77,,0.38961038961038963,30,77,,0.8333333333333334,25,30,,0.16666666666666666,5,30,,0.0,0,30,,0.0,0,30,,0.02222222222222222,0.02222222222222222,0.05555555555555555,,present,,,,,,,,,,,,,,,,,,,,
G0,h102,1,S5,service,candidate_raw_counts,25,5,0,0,47,77,30,25,0,0.0,0,25,,0.0,0,25,,0.0,0,5,,0.3246753246753247,25,77,,0.38961038961038963,30,77,,0.8333333333333334,25,30,,0.16666666666666666,5,30,,0.0,0,30,,0.0,0,30,,0.02222222222222222,0.02222222222222222,0.05555555555555555,,present,,,,,,,,,,,,,,,,,,,,
G0,h102,2,S5,service,candidate_raw_counts,25,5,0,0,47,77,30,25,0,0.0,0,25,,0.0,0,25,,0.0,0,5,,0.3246753246753247,25,77,,0.38961038961038963,30,77,,0.8333333333333334,25,30,,0.16666666666666666,5,30,,0.0,0,30,,0.0,0,30,,0.0191358024691358,0.0191358024691358,0.05555555555555555,,present,,,,,,,,,,,,,,,,,,,,
G0,h102,ALL,S5,service,pooled_counts,125,25,0,0,235,385,150,125,0,0.0,0,125,,0.0,0,125,,0.0,0,25,,0.3246753246753247,125,385,,0.38961038961038963,150,385,,0.8333333333333334,125,150,,0.16666666666666666,25,150,,0.0,0,150,,0.0,0,150,,0.020123456790123454,0.020123456790123454,0.07407407407407407,,present,,,,,,,,,,,,,,,,,,,,
G0,h102,ALL,S5,service,equal_candidate_equal_workload_macro,,,,,,,,,,0.0,,,,0.0,,,,0.0,,,,0.3246753246753247,,,,0.38961038961038963,,,,0.8333333333333334,,,,0.16666666666666666,,,,0.0,,,,0.0,,,,0.020123456790123454,0.020123456790123454,0.07407407407407407,,,1,5,1,5,1,5,1,5,1,5,1,5,1,5,1,5,1,5,1,5
G0,h102,-2,S5,latency_only,candidate_raw_counts,25,5,0,0,0,30,30,25,0,0.0,0,25,,0.0,0,25,,0.0,0,5,,0.8333333333333334,25,30,,1.0,30,30,,0.8333333333333334,25,30,,0.16666666666666666,5,30,,0.0,0,30,,0.0,0,30,,0.019135802469135803,0.019135802469135803,0.07407407407407407,,present,,,,,,,,,,,,,,,,,,,,
G0,h102,-1,S5,latency_only,candidate_raw_counts,25,5,0,0,0,30,30,25,0,0.0,0,25,,0.0,0,25,,0.0,0,5,,0.8333333333333334,25,30,,1.0,30,30,,0.8333333333333334,25,30,,0.16666666666666666,5,30,,0.0,0,30,,0.0,0,30,,0.01790123456790123,0.01790123456790123,0.05555555555555555,,present,,,,,,,,,,,,,,,,,,,,
G0,h102,0,S5,latency_only,candidate_raw_counts,25,5,0,0,0,30,30,25,0,0.0,0,25,,0.0,0,25,,0.0,0,5,,0.8333333333333334,25,30,,1.0,30,30,,0.8333333333333334,25,30,,0.16666666666666666,5,30,,0.0,0,30,,0.0,0,30,,0.02222222222222222,0.02222222222222222,0.05555555555555555,,present,,,,,,,,,,,,,,,,,,,,
G0,h102,1,S5,latency_only,candidate_raw_counts,25,5,0,0,0,30,30,25,0,0.0,0,25,,0.0,0,25,,0.0,0,5,,0.8333333333333334,25,30,,1.0,30,30,,0.8333333333333334,25,30,,0.16666666666666666,5,30,,0.0,0,30,,0.0,0,30,,0.02222222222222222,0.02222222222222222,0.05555555555555555,,present,,,,,,,,,,,,,,,,,,,,
G0,h102,2,S5,latency_only,candidate_raw_counts,25,5,0,0,0,30,30,25,0,0.0,0,25,,0.0,0,25,,0.0,0,5,,0.8333333333333334,25,30,,1.0,30,30,,0.8333333333333334,25,30,,0.16666666666666666,5,30,,0.0,0,30,,0.0,0,30,,0.0191358024691358,0.0191358024691358,0.05555555555555555,,present,,,,,,,,,,,,,,,,,,,,
G0,h102,ALL,S5,latency_only,pooled_counts,125,25,0,0,0,150,150,125,0,0.0,0,125,,0.0,0,125,,0.0,0,25,,0.8333333333333334,125,150,,1.0,150,150,,0.8333333333333334,125,150,,0.16666666666666666,25,150,,0.0,0,150,,0.0,0,150,,0.020123456790123454,0.020123456790123454,0.07407407407407407,,present,,,,,,,,,,,,,,,,,,,,
G0,h102,ALL,S5,latency_only,equal_candidate_equal_workload_macro,,,,,,,,,,0.0,,,,0.0,,,,0.0,,,,0.8333333333333334,,,,1.0,,,,0.8333333333333334,,,,0.16666666666666666,,,,0.0,,,,0.0,,,,0.020123456790123454,0.020123456790123454,0.07407407407407407,,,1,5,1,5,1,5,1,5,1,5,1,5,1,5,1,5,1,5,1,5
G0,h102,-2,S5,near_boundary,candidate_raw_counts,0,0,0,0,0,0,0,0,0,,0,0,zero denominator,,0,0,zero denominator,,0,0,zero denominator,,0,0,zero denominator,,0,0,zero denominator,,0,0,zero denominator,,0,0,zero denominator,,0,0,zero denominator,,0,0,zero denominator,,,,no both-attainment-defined points,absent,,,,,,,,,,,,,,,,,,,,
G0,h102,-1,S5,near_boundary,candidate_raw_counts,0,0,0,0,0,0,0,0,0,,0,0,zero denominator,,0,0,zero denominator,,0,0,zero denominator,,0,0,zero denominator,,0,0,zero denominator,,0,0,zero denominator,,0,0,zero denominator,,0,0,zero denominator,,0,0,zero denominator,,,,no both-attainment-defined points,absent,,,,,,,,,,,,,,,,,,,,
G0,h102,0,S5,near_boundary,candidate_raw_counts,0,0,0,0,0,0,0,0,0,,0,0,zero denominator,,0,0,zero denominator,,0,0,zero denominator,,0,0,zero denominator,,0,0,zero denominator,,0,0,zero denominator,,0,0,zero denominator,,0,0,zero denominator,,0,0,zero denominator,,,,no both-attainment-defined points,absent,,,,,,,,,,,,,,,,,,,,
G0,h102,1,S5,near_boundary,candidate_raw_counts,0,0,0,0,0,0,0,0,0,,0,0,zero denominator,,0,0,zero denominator,,0,0,zero denominator,,0,0,zero denominator,,0,0,zero denominator,,0,0,zero denominator,,0,0,zero denominator,,0,0,zero denominator,,0,0,zero denominator,,,,no both-attainment-defined points,absent,,,,,,,,,,,,,,,,,,,,
G0,h102,2,S5,near_boundary,candidate_raw_counts,0,0,0,0,0,0,0,0,0,,0,0,zero denominator,,0,0,zero denominator,,0,0,zero denominator,,0,0,zero denominator,,0,0,zero denominator,,0,0,zero denominator,,0,0,zero denominator,,0,0,zero denominator,,0,0,zero denominator,,,,no both-attainment-defined points,absent,,,,,,,,,,,,,,,,,,,,
G0,h102,ALL,S5,near_boundary,pooled_counts,0,0,0,0,0,0,0,0,0,,0,0,zero denominator,,0,0,zero denominator,,0,0,zero denominator,,0,0,zero denominator,,0,0,zero denominator,,0,0,zero denominator,,0,0,zero denominator,,0,0,zero denominator,,0,0,zero denominator,,,,no both-attainment-defined points,absent,,,,,,,,,,,,,,,,,,,,
G0,h102,ALL,S5,near_boundary,equal_candidate_equal_workload_macro,,,,,,,,,,,,,all denominators zero,,,,all denominators zero,,,,all denominators zero,,,,all denominators zero,,,,all denominators zero,,,,all denominators zero,,,,all denominators zero,,,,all denominators zero,,,,all denominators zero,,,,empty applicable subset,,0,0,0,0,0,0,0,0,0,0,0,0,0,0,0,0,0,0,0,0
G0,h102,-2,S6,service,candidate_raw_counts,28,2,0,0,47,77,30,28,0,0.0,0,28,,0.0,0,28,,0.0,0,2,,0.36363636363636365,28,77,,0.38961038961038963,30,77,,0.9333333333333333,28,30,,0.06666666666666667,2,30,,0.0,0,30,,0.0,0,30,,-0.012345679012345682,0.013580246913580249,0.01851851851851849,,present,,,,,,,,,,,,,,,,,,,,
G0,h102,-1,S6,service,candidate_raw_counts,28,2,0,0,47,77,30,28,0,0.0,0,28,,0.0,0,28,,0.0,0,2,,0.36363636363636365,28,77,,0.38961038961038963,30,77,,0.9333333333333333,28,30,,0.06666666666666667,2,30,,0.0,0,30,,0.0,0,30,,-0.013580246913580252,0.013580246913580252,0.01851851851851849,,present,,,,,,,,,,,,,,,,,,,,
G0,h102,0,S6,service,candidate_raw_counts,28,2,0,0,47,77,30,28,0,0.0,0,28,,0.0,0,28,,0.0,0,2,,0.36363636363636365,28,77,,0.38961038961038963,30,77,,0.9333333333333333,28,30,,0.06666666666666667,2,30,,0.0,0,30,,0.0,0,30,,-0.014814814814814814,0.014814814814814814,0.0,,present,,,,,,,,,,,,,,,,,,,,
G0,h102,1,S6,service,candidate_raw_counts,28,2,0,0,47,77,30,28,0,0.0,0,28,,0.0,0,28,,0.0,0,2,,0.36363636363636365,28,77,,0.38961038961038963,30,77,,0.9333333333333333,28,30,,0.06666666666666667,2,30,,0.0,0,30,,0.0,0,30,,-0.012345679012345682,0.01604938271604938,0.01851851851851849,,present,,,,,,,,,,,,,,,,,,,,
G0,h102,2,S6,service,candidate_raw_counts,27,2,1,0,47,77,30,28,0,0.03571428571428571,1,28,,0.0,0,27,,0.3333333333333333,1,3,,0.36363636363636365,28,77,,0.38961038961038963,30,77,,0.9,27,30,,0.06666666666666667,2,30,,0.03333333333333333,1,30,,0.0,0,30,,0.001234567901234566,0.022222222222222216,0.01851851851851849,,present,,,,,,,,,,,,,,,,,,,,
G0,h102,ALL,S6,service,pooled_counts,139,10,1,0,235,385,150,140,0,0.007142857142857143,1,140,,0.0,0,139,,0.09090909090909091,1,11,,0.36363636363636365,140,385,,0.38961038961038963,150,385,,0.9266666666666666,139,150,,0.06666666666666667,10,150,,0.006666666666666667,1,150,,0.0,0,150,,-0.010370370370370374,0.016049382716049384,0.01851851851851849,,present,,,,,,,,,,,,,,,,,,,,
G0,h102,ALL,S6,service,equal_candidate_equal_workload_macro,,,,,,,,,,0.007142857142857143,,,,0.0,,,,0.06666666666666667,,,,0.36363636363636365,,,,0.38961038961038963,,,,0.9266666666666666,,,,0.06666666666666667,,,,0.006666666666666666,,,,0.0,,,,-0.010370370370370374,0.016049382716049384,0.01851851851851849,,,1,5,1,5,1,5,1,5,1,5,1,5,1,5,1,5,1,5,1,5
G0,h102,-2,S6,latency_only,candidate_raw_counts,28,2,0,0,0,30,30,28,0,0.0,0,28,,0.0,0,28,,0.0,0,2,,0.9333333333333333,28,30,,1.0,30,30,,0.9333333333333333,28,30,,0.06666666666666667,2,30,,0.0,0,30,,0.0,0,30,,-0.012345679012345682,0.013580246913580249,0.01851851851851849,,present,,,,,,,,,,,,,,,,,,,,
G0,h102,-1,S6,latency_only,candidate_raw_counts,28,2,0,0,0,30,30,28,0,0.0,0,28,,0.0,0,28,,0.0,0,2,,0.9333333333333333,28,30,,1.0,30,30,,0.9333333333333333,28,30,,0.06666666666666667,2,30,,0.0,0,30,,0.0,0,30,,-0.013580246913580252,0.013580246913580252,0.01851851851851849,,present,,,,,,,,,,,,,,,,,,,,
G0,h102,0,S6,latency_only,candidate_raw_counts,28,2,0,0,0,30,30,28,0,0.0,0,28,,0.0,0,28,,0.0,0,2,,0.9333333333333333,28,30,,1.0,30,30,,0.9333333333333333,28,30,,0.06666666666666667,2,30,,0.0,0,30,,0.0,0,30,,-0.014814814814814814,0.014814814814814814,0.0,,present,,,,,,,,,,,,,,,,,,,,
G0,h102,1,S6,latency_only,candidate_raw_counts,28,2,0,0,0,30,30,28,0,0.0,0,28,,0.0,0,28,,0.0,0,2,,0.9333333333333333,28,30,,1.0,30,30,,0.9333333333333333,28,30,,0.06666666666666667,2,30,,0.0,0,30,,0.0,0,30,,-0.012345679012345682,0.01604938271604938,0.01851851851851849,,present,,,,,,,,,,,,,,,,,,,,
G0,h102,2,S6,latency_only,candidate_raw_counts,27,2,1,0,0,30,30,28,0,0.03571428571428571,1,28,,0.0,0,27,,0.3333333333333333,1,3,,0.9333333333333333,28,30,,1.0,30,30,,0.9,27,30,,0.06666666666666667,2,30,,0.03333333333333333,1,30,,0.0,0,30,,0.001234567901234566,0.022222222222222216,0.01851851851851849,,present,,,,,,,,,,,,,,,,,,,,
G0,h102,ALL,S6,latency_only,pooled_counts,139,10,1,0,0,150,150,140,0,0.007142857142857143,1,140,,0.0,0,139,,0.09090909090909091,1,11,,0.9333333333333333,140,150,,1.0,150,150,,0.9266666666666666,139,150,,0.06666666666666667,10,150,,0.006666666666666667,1,150,,0.0,0,150,,-0.010370370370370374,0.016049382716049384,0.01851851851851849,,present,,,,,,,,,,,,,,,,,,,,
G0,h102,ALL,S6,latency_only,equal_candidate_equal_workload_macro,,,,,,,,,,0.007142857142857143,,,,0.0,,,,0.06666666666666667,,,,0.9333333333333333,,,,1.0,,,,0.9266666666666666,,,,0.06666666666666667,,,,0.006666666666666666,,,,0.0,,,,-0.010370370370370374,0.016049382716049384,0.01851851851851849,,,1,5,1,5,1,5,1,5,1,5,1,5,1,5,1,5,1,5,1,5
G0,h102,-2,S6,near_boundary,candidate_raw_counts,0,0,0,0,0,0,0,0,0,,0,0,zero denominator,,0,0,zero denominator,,0,0,zero denominator,,0,0,zero denominator,,0,0,zero denominator,,0,0,zero denominator,,0,0,zero denominator,,0,0,zero denominator,,0,0,zero denominator,,,,no both-attainment-defined points,absent,,,,,,,,,,,,,,,,,,,,
G0,h102,-1,S6,near_boundary,candidate_raw_counts,0,0,0,0,0,0,0,0,0,,0,0,zero denominator,,0,0,zero denominator,,0,0,zero denominator,,0,0,zero denominator,,0,0,zero denominator,,0,0,zero denominator,,0,0,zero denominator,,0,0,zero denominator,,0,0,zero denominator,,,,no both-attainment-defined points,absent,,,,,,,,,,,,,,,,,,,,
G0,h102,0,S6,near_boundary,candidate_raw_counts,0,0,0,0,0,0,0,0,0,,0,0,zero denominator,,0,0,zero denominator,,0,0,zero denominator,,0,0,zero denominator,,0,0,zero denominator,,0,0,zero denominator,,0,0,zero denominator,,0,0,zero denominator,,0,0,zero denominator,,,,no both-attainment-defined points,absent,,,,,,,,,,,,,,,,,,,,
G0,h102,1,S6,near_boundary,candidate_raw_counts,1,0,0,0,0,1,1,1,0,0.0,0,1,,0.0,0,1,,,0,0,zero denominator,1.0,1,1,,1.0,1,1,,1.0,1,1,,0.0,0,1,,0.0,0,1,,0.0,0,1,,0.03703703703703698,0.03703703703703698,0.03703703703703698,,present,,,,,,,,,,,,,,,,,,,,
G0,h102,2,S6,near_boundary,candidate_raw_counts,0,0,0,0,0,0,0,0,0,,0,0,zero denominator,,0,0,zero denominator,,0,0,zero denominator,,0,0,zero denominator,,0,0,zero denominator,,0,0,zero denominator,,0,0,zero denominator,,0,0,zero denominator,,0,0,zero denominator,,,,no both-attainment-defined points,absent,,,,,,,,,,,,,,,,,,,,
G0,h102,ALL,S6,near_boundary,pooled_counts,1,0,0,0,0,1,1,1,0,0.0,0,1,,0.0,0,1,,,0,0,zero denominator,1.0,1,1,,1.0,1,1,,1.0,1,1,,0.0,0,1,,0.0,0,1,,0.0,0,1,,0.03703703703703698,0.03703703703703698,0.03703703703703698,,present,,,,,,,,,,,,,,,,,,,,
G0,h102,ALL,S6,near_boundary,equal_candidate_equal_workload_macro,,,,,,,,,,0.0,,,,0.0,,,,,,,all denominators zero,1.0,,,,1.0,,,,1.0,,,,0.0,,,,0.0,,,,0.0,,,,0.03703703703703698,0.03703703703703698,0.03703703703703698,,,1,1,1,1,0,0,1,1,1,1,1,1,1,1,1,1,1,1,1,1
G0,h103,-2,S1,service,candidate_raw_counts,0,28,0,0,42,70,28,0,0,,0,0,zero denominator,,0,0,zero denominator,0.0,0,28,,0.0,0,70,,0.4,28,70,,0.0,0,28,,1.0,28,28,,0.0,0,28,,0.0,0,28,,0.0,0.0,0.0,,present,,,,,,,,,,,,,,,,,,,,
G0,h103,-1,S1,service,candidate_raw_counts,0,28,0,0,42,70,28,0,0,,0,0,zero denominator,,0,0,zero denominator,0.0,0,28,,0.0,0,70,,0.4,28,70,,0.0,0,28,,1.0,28,28,,0.0,0,28,,0.0,0,28,,0.0,0.0,0.0,,present,,,,,,,,,,,,,,,,,,,,
G0,h103,0,S1,service,candidate_raw_counts,0,28,0,0,42,70,28,0,0,,0,0,zero denominator,,0,0,zero denominator,0.0,0,28,,0.0,0,70,,0.4,28,70,,0.0,0,28,,1.0,28,28,,0.0,0,28,,0.0,0,28,,0.0,0.0,0.0,,present,,,,,,,,,,,,,,,,,,,,
G0,h103,1,S1,service,candidate_raw_counts,0,28,0,0,42,70,28,0,0,,0,0,zero denominator,,0,0,zero denominator,0.0,0,28,,0.0,0,70,,0.4,28,70,,0.0,0,28,,1.0,28,28,,0.0,0,28,,0.0,0,28,,0.0,0.0,0.0,,present,,,,,,,,,,,,,,,,,,,,
G0,h103,2,S1,service,candidate_raw_counts,0,28,0,0,42,70,28,0,0,,0,0,zero denominator,,0,0,zero denominator,0.0,0,28,,0.0,0,70,,0.4,28,70,,0.0,0,28,,1.0,28,28,,0.0,0,28,,0.0,0,28,,0.0,0.0,0.0,,present,,,,,,,,,,,,,,,,,,,,
G0,h103,ALL,S1,service,pooled_counts,0,140,0,0,210,350,140,0,0,,0,0,zero denominator,,0,0,zero denominator,0.0,0,140,,0.0,0,350,,0.4,140,350,,0.0,0,140,,1.0,140,140,,0.0,0,140,,0.0,0,140,,0.0,0.0,0.0,,present,,,,,,,,,,,,,,,,,,,,
G0,h103,ALL,S1,service,equal_candidate_equal_workload_macro,,,,,,,,,,,,,all denominators zero,,,,all denominators zero,0.0,,,,0.0,,,,0.4,,,,0.0,,,,1.0,,,,0.0,,,,0.0,,,,0.0,0.0,0.0,,,0,0,0,0,1,5,1,5,1,5,1,5,1,5,1,5,1,5,1,5
G0,h103,-2,S1,latency_only,candidate_raw_counts,0,28,0,0,0,28,28,0,0,,0,0,zero denominator,,0,0,zero denominator,0.0,0,28,,0.0,0,28,,1.0,28,28,,0.0,0,28,,1.0,28,28,,0.0,0,28,,0.0,0,28,,0.0,0.0,0.0,,present,,,,,,,,,,,,,,,,,,,,
G0,h103,-1,S1,latency_only,candidate_raw_counts,0,28,0,0,0,28,28,0,0,,0,0,zero denominator,,0,0,zero denominator,0.0,0,28,,0.0,0,28,,1.0,28,28,,0.0,0,28,,1.0,28,28,,0.0,0,28,,0.0,0,28,,0.0,0.0,0.0,,present,,,,,,,,,,,,,,,,,,,,
G0,h103,0,S1,latency_only,candidate_raw_counts,0,28,0,0,0,28,28,0,0,,0,0,zero denominator,,0,0,zero denominator,0.0,0,28,,0.0,0,28,,1.0,28,28,,0.0,0,28,,1.0,28,28,,0.0,0,28,,0.0,0,28,,0.0,0.0,0.0,,present,,,,,,,,,,,,,,,,,,,,
G0,h103,1,S1,latency_only,candidate_raw_counts,0,28,0,0,0,28,28,0,0,,0,0,zero denominator,,0,0,zero denominator,0.0,0,28,,0.0,0,28,,1.0,28,28,,0.0,0,28,,1.0,28,28,,0.0,0,28,,0.0,0,28,,0.0,0.0,0.0,,present,,,,,,,,,,,,,,,,,,,,
G0,h103,2,S1,latency_only,candidate_raw_counts,0,28,0,0,0,28,28,0,0,,0,0,zero denominator,,0,0,zero denominator,0.0,0,28,,0.0,0,28,,1.0,28,28,,0.0,0,28,,1.0,28,28,,0.0,0,28,,0.0,0,28,,0.0,0.0,0.0,,present,,,,,,,,,,,,,,,,,,,,
G0,h103,ALL,S1,latency_only,pooled_counts,0,140,0,0,0,140,140,0,0,,0,0,zero denominator,,0,0,zero denominator,0.0,0,140,,0.0,0,140,,1.0,140,140,,0.0,0,140,,1.0,140,140,,0.0,0,140,,0.0,0,140,,0.0,0.0,0.0,,present,,,,,,,,,,,,,,,,,,,,
G0,h103,ALL,S1,latency_only,equal_candidate_equal_workload_macro,,,,,,,,,,,,,all denominators zero,,,,all denominators zero,0.0,,,,0.0,,,,1.0,,,,0.0,,,,1.0,,,,0.0,,,,0.0,,,,0.0,0.0,0.0,,,0,0,0,0,1,5,1,5,1,5,1,5,1,5,1,5,1,5,1,5
G0,h103,-2,S1,near_boundary,candidate_raw_counts,0,0,0,0,0,0,0,0,0,,0,0,zero denominator,,0,0,zero denominator,,0,0,zero denominator,,0,0,zero denominator,,0,0,zero denominator,,0,0,zero denominator,,0,0,zero denominator,,0,0,zero denominator,,0,0,zero denominator,,,,no both-attainment-defined points,absent,,,,,,,,,,,,,,,,,,,,
G0,h103,-1,S1,near_boundary,candidate_raw_counts,0,0,0,0,0,0,0,0,0,,0,0,zero denominator,,0,0,zero denominator,,0,0,zero denominator,,0,0,zero denominator,,0,0,zero denominator,,0,0,zero denominator,,0,0,zero denominator,,0,0,zero denominator,,0,0,zero denominator,,,,no both-attainment-defined points,absent,,,,,,,,,,,,,,,,,,,,
G0,h103,0,S1,near_boundary,candidate_raw_counts,0,0,0,0,0,0,0,0,0,,0,0,zero denominator,,0,0,zero denominator,,0,0,zero denominator,,0,0,zero denominator,,0,0,zero denominator,,0,0,zero denominator,,0,0,zero denominator,,0,0,zero denominator,,0,0,zero denominator,,,,no both-attainment-defined points,absent,,,,,,,,,,,,,,,,,,,,
G0,h103,1,S1,near_boundary,candidate_raw_counts,0,0,0,0,0,0,0,0,0,,0,0,zero denominator,,0,0,zero denominator,,0,0,zero denominator,,0,0,zero denominator,,0,0,zero denominator,,0,0,zero denominator,,0,0,zero denominator,,0,0,zero denominator,,0,0,zero denominator,,,,no both-attainment-defined points,absent,,,,,,,,,,,,,,,,,,,,
G0,h103,2,S1,near_boundary,candidate_raw_counts,0,0,0,0,0,0,0,0,0,,0,0,zero denominator,,0,0,zero denominator,,0,0,zero denominator,,0,0,zero denominator,,0,0,zero denominator,,0,0,zero denominator,,0,0,zero denominator,,0,0,zero denominator,,0,0,zero denominator,,,,no both-attainment-defined points,absent,,,,,,,,,,,,,,,,,,,,
G0,h103,ALL,S1,near_boundary,pooled_counts,0,0,0,0,0,0,0,0,0,,0,0,zero denominator,,0,0,zero denominator,,0,0,zero denominator,,0,0,zero denominator,,0,0,zero denominator,,0,0,zero denominator,,0,0,zero denominator,,0,0,zero denominator,,0,0,zero denominator,,,,no both-attainment-defined points,absent,,,,,,,,,,,,,,,,,,,,
G0,h103,ALL,S1,near_boundary,equal_candidate_equal_workload_macro,,,,,,,,,,,,,all denominators zero,,,,all denominators zero,,,,all denominators zero,,,,all denominators zero,,,,all denominators zero,,,,all denominators zero,,,,all denominators zero,,,,all denominators zero,,,,all denominators zero,,,,empty applicable subset,,0,0,0,0,0,0,0,0,0,0,0,0,0,0,0,0,0,0,0,0
G0,h103,-2,S2,service,candidate_raw_counts,0,28,0,0,42,70,28,0,0,,0,0,zero denominator,,0,0,zero denominator,0.0,0,28,,0.0,0,70,,0.4,28,70,,0.0,0,28,,1.0,28,28,,0.0,0,28,,0.0,0,28,,0.0,0.0,0.0,,present,,,,,,,,,,,,,,,,,,,,
G0,h103,-1,S2,service,candidate_raw_counts,0,28,0,0,42,70,28,0,0,,0,0,zero denominator,,0,0,zero denominator,0.0,0,28,,0.0,0,70,,0.4,28,70,,0.0,0,28,,1.0,28,28,,0.0,0,28,,0.0,0,28,,0.0,0.0,0.0,,present,,,,,,,,,,,,,,,,,,,,
G0,h103,0,S2,service,candidate_raw_counts,0,28,0,0,42,70,28,0,0,,0,0,zero denominator,,0,0,zero denominator,0.0,0,28,,0.0,0,70,,0.4,28,70,,0.0,0,28,,1.0,28,28,,0.0,0,28,,0.0,0,28,,-0.0023809523809523807,0.0023809523809523807,0.0,,present,,,,,,,,,,,,,,,,,,,,
G0,h103,1,S2,service,candidate_raw_counts,0,28,0,0,42,70,28,0,0,,0,0,zero denominator,,0,0,zero denominator,0.0,0,28,,0.0,0,70,,0.4,28,70,,0.0,0,28,,1.0,28,28,,0.0,0,28,,0.0,0,28,,-0.0023809523809523807,0.0023809523809523807,0.0,,present,,,,,,,,,,,,,,,,,,,,
G0,h103,2,S2,service,candidate_raw_counts,0,28,0,0,42,70,28,0,0,,0,0,zero denominator,,0,0,zero denominator,0.0,0,28,,0.0,0,70,,0.4,28,70,,0.0,0,28,,1.0,28,28,,0.0,0,28,,0.0,0,28,,0.0,0.0,0.0,,present,,,,,,,,,,,,,,,,,,,,
G0,h103,ALL,S2,service,pooled_counts,0,140,0,0,210,350,140,0,0,,0,0,zero denominator,,0,0,zero denominator,0.0,0,140,,0.0,0,350,,0.4,140,350,,0.0,0,140,,1.0,140,140,,0.0,0,140,,0.0,0,140,,-0.0009523809523809524,0.0009523809523809524,0.0,,present,,,,,,,,,,,,,,,,,,,,
G0,h103,ALL,S2,service,equal_candidate_equal_workload_macro,,,,,,,,,,,,,all denominators zero,,,,all denominators zero,0.0,,,,0.0,,,,0.4,,,,0.0,,,,1.0,,,,0.0,,,,0.0,,,,-0.0009523809523809524,0.0009523809523809524,0.0,,,0,0,0,0,1,5,1,5,1,5,1,5,1,5,1,5,1,5,1,5
G0,h103,-2,S2,latency_only,candidate_raw_counts,0,28,0,0,0,28,28,0,0,,0,0,zero denominator,,0,0,zero denominator,0.0,0,28,,0.0,0,28,,1.0,28,28,,0.0,0,28,,1.0,28,28,,0.0,0,28,,0.0,0,28,,0.0,0.0,0.0,,present,,,,,,,,,,,,,,,,,,,,
G0,h103,-1,S2,latency_only,candidate_raw_counts,0,28,0,0,0,28,28,0,0,,0,0,zero denominator,,0,0,zero denominator,0.0,0,28,,0.0,0,28,,1.0,28,28,,0.0,0,28,,1.0,28,28,,0.0,0,28,,0.0,0,28,,0.0,0.0,0.0,,present,,,,,,,,,,,,,,,,,,,,
G0,h103,0,S2,latency_only,candidate_raw_counts,0,28,0,0,0,28,28,0,0,,0,0,zero denominator,,0,0,zero denominator,0.0,0,28,,0.0,0,28,,1.0,28,28,,0.0,0,28,,1.0,28,28,,0.0,0,28,,0.0,0,28,,-0.0023809523809523807,0.0023809523809523807,0.0,,present,,,,,,,,,,,,,,,,,,,,
G0,h103,1,S2,latency_only,candidate_raw_counts,0,28,0,0,0,28,28,0,0,,0,0,zero denominator,,0,0,zero denominator,0.0,0,28,,0.0,0,28,,1.0,28,28,,0.0,0,28,,1.0,28,28,,0.0,0,28,,0.0,0,28,,-0.0023809523809523807,0.0023809523809523807,0.0,,present,,,,,,,,,,,,,,,,,,,,
G0,h103,2,S2,latency_only,candidate_raw_counts,0,28,0,0,0,28,28,0,0,,0,0,zero denominator,,0,0,zero denominator,0.0,0,28,,0.0,0,28,,1.0,28,28,,0.0,0,28,,1.0,28,28,,0.0,0,28,,0.0,0,28,,0.0,0.0,0.0,,present,,,,,,,,,,,,,,,,,,,,
G0,h103,ALL,S2,latency_only,pooled_counts,0,140,0,0,0,140,140,0,0,,0,0,zero denominator,,0,0,zero denominator,0.0,0,140,,0.0,0,140,,1.0,140,140,,0.0,0,140,,1.0,140,140,,0.0,0,140,,0.0,0,140,,-0.0009523809523809524,0.0009523809523809524,0.0,,present,,,,,,,,,,,,,,,,,,,,
G0,h103,ALL,S2,latency_only,equal_candidate_equal_workload_macro,,,,,,,,,,,,,all denominators zero,,,,all denominators zero,0.0,,,,0.0,,,,1.0,,,,0.0,,,,1.0,,,,0.0,,,,0.0,,,,-0.0009523809523809524,0.0009523809523809524,0.0,,,0,0,0,0,1,5,1,5,1,5,1,5,1,5,1,5,1,5,1,5
G0,h103,-2,S2,near_boundary,candidate_raw_counts,0,0,0,0,0,0,0,0,0,,0,0,zero denominator,,0,0,zero denominator,,0,0,zero denominator,,0,0,zero denominator,,0,0,zero denominator,,0,0,zero denominator,,0,0,zero denominator,,0,0,zero denominator,,0,0,zero denominator,,,,no both-attainment-defined points,absent,,,,,,,,,,,,,,,,,,,,
G0,h103,-1,S2,near_boundary,candidate_raw_counts,0,0,0,0,0,0,0,0,0,,0,0,zero denominator,,0,0,zero denominator,,0,0,zero denominator,,0,0,zero denominator,,0,0,zero denominator,,0,0,zero denominator,,0,0,zero denominator,,0,0,zero denominator,,0,0,zero denominator,,,,no both-attainment-defined points,absent,,,,,,,,,,,,,,,,,,,,
G0,h103,0,S2,near_boundary,candidate_raw_counts,0,0,0,0,0,0,0,0,0,,0,0,zero denominator,,0,0,zero denominator,,0,0,zero denominator,,0,0,zero denominator,,0,0,zero denominator,,0,0,zero denominator,,0,0,zero denominator,,0,0,zero denominator,,0,0,zero denominator,,,,no both-attainment-defined points,absent,,,,,,,,,,,,,,,,,,,,
G0,h103,1,S2,near_boundary,candidate_raw_counts,0,0,0,0,0,0,0,0,0,,0,0,zero denominator,,0,0,zero denominator,,0,0,zero denominator,,0,0,zero denominator,,0,0,zero denominator,,0,0,zero denominator,,0,0,zero denominator,,0,0,zero denominator,,0,0,zero denominator,,,,no both-attainment-defined points,absent,,,,,,,,,,,,,,,,,,,,
G0,h103,2,S2,near_boundary,candidate_raw_counts,0,0,0,0,0,0,0,0,0,,0,0,zero denominator,,0,0,zero denominator,,0,0,zero denominator,,0,0,zero denominator,,0,0,zero denominator,,0,0,zero denominator,,0,0,zero denominator,,0,0,zero denominator,,0,0,zero denominator,,,,no both-attainment-defined points,absent,,,,,,,,,,,,,,,,,,,,
G0,h103,ALL,S2,near_boundary,pooled_counts,0,0,0,0,0,0,0,0,0,,0,0,zero denominator,,0,0,zero denominator,,0,0,zero denominator,,0,0,zero denominator,,0,0,zero denominator,,0,0,zero denominator,,0,0,zero denominator,,0,0,zero denominator,,0,0,zero denominator,,,,no both-attainment-defined points,absent,,,,,,,,,,,,,,,,,,,,
G0,h103,ALL,S2,near_boundary,equal_candidate_equal_workload_macro,,,,,,,,,,,,,all denominators zero,,,,all denominators zero,,,,all denominators zero,,,,all denominators zero,,,,all denominators zero,,,,all denominators zero,,,,all denominators zero,,,,all denominators zero,,,,all denominators zero,,,,empty applicable subset,,0,0,0,0,0,0,0,0,0,0,0,0,0,0,0,0,0,0,0,0
G0,h103,-2,S3,service,candidate_raw_counts,0,28,0,0,42,70,28,0,0,,0,0,zero denominator,,0,0,zero denominator,0.0,0,28,,0.0,0,70,,0.4,28,70,,0.0,0,28,,1.0,28,28,,0.0,0,28,,0.0,0,28,,0.0,0.0,0.0,,present,,,,,,,,,,,,,,,,,,,,
G0,h103,-1,S3,service,candidate_raw_counts,0,28,0,0,42,70,28,0,0,,0,0,zero denominator,,0,0,zero denominator,0.0,0,28,,0.0,0,70,,0.4,28,70,,0.0,0,28,,1.0,28,28,,0.0,0,28,,0.0,0,28,,0.0,0.0,0.0,,present,,,,,,,,,,,,,,,,,,,,
G0,h103,0,S3,service,candidate_raw_counts,0,28,0,0,42,70,28,0,0,,0,0,zero denominator,,0,0,zero denominator,0.0,0,28,,0.0,0,70,,0.4,28,70,,0.0,0,28,,1.0,28,28,,0.0,0,28,,0.0,0,28,,0.0,0.0,0.0,,present,,,,,,,,,,,,,,,,,,,,
G0,h103,1,S3,service,candidate_raw_counts,0,28,0,0,42,70,28,0,0,,0,0,zero denominator,,0,0,zero denominator,0.0,0,28,,0.0,0,70,,0.4,28,70,,0.0,0,28,,1.0,28,28,,0.0,0,28,,0.0,0,28,,0.0,0.0,0.0,,present,,,,,,,,,,,,,,,,,,,,
G0,h103,2,S3,service,candidate_raw_counts,0,28,0,0,42,70,28,0,0,,0,0,zero denominator,,0,0,zero denominator,0.0,0,28,,0.0,0,70,,0.4,28,70,,0.0,0,28,,1.0,28,28,,0.0,0,28,,0.0,0,28,,0.0,0.0,0.0,,present,,,,,,,,,,,,,,,,,,,,
G0,h103,ALL,S3,service,pooled_counts,0,140,0,0,210,350,140,0,0,,0,0,zero denominator,,0,0,zero denominator,0.0,0,140,,0.0,0,350,,0.4,140,350,,0.0,0,140,,1.0,140,140,,0.0,0,140,,0.0,0,140,,0.0,0.0,0.0,,present,,,,,,,,,,,,,,,,,,,,
G0,h103,ALL,S3,service,equal_candidate_equal_workload_macro,,,,,,,,,,,,,all denominators zero,,,,all denominators zero,0.0,,,,0.0,,,,0.4,,,,0.0,,,,1.0,,,,0.0,,,,0.0,,,,0.0,0.0,0.0,,,0,0,0,0,1,5,1,5,1,5,1,5,1,5,1,5,1,5,1,5
G0,h103,-2,S3,latency_only,candidate_raw_counts,0,28,0,0,0,28,28,0,0,,0,0,zero denominator,,0,0,zero denominator,0.0,0,28,,0.0,0,28,,1.0,28,28,,0.0,0,28,,1.0,28,28,,0.0,0,28,,0.0,0,28,,0.0,0.0,0.0,,present,,,,,,,,,,,,,,,,,,,,
G0,h103,-1,S3,latency_only,candidate_raw_counts,0,28,0,0,0,28,28,0,0,,0,0,zero denominator,,0,0,zero denominator,0.0,0,28,,0.0,0,28,,1.0,28,28,,0.0,0,28,,1.0,28,28,,0.0,0,28,,0.0,0,28,,0.0,0.0,0.0,,present,,,,,,,,,,,,,,,,,,,,
G0,h103,0,S3,latency_only,candidate_raw_counts,0,28,0,0,0,28,28,0,0,,0,0,zero denominator,,0,0,zero denominator,0.0,0,28,,0.0,0,28,,1.0,28,28,,0.0,0,28,,1.0,28,28,,0.0,0,28,,0.0,0,28,,0.0,0.0,0.0,,present,,,,,,,,,,,,,,,,,,,,
G0,h103,1,S3,latency_only,candidate_raw_counts,0,28,0,0,0,28,28,0,0,,0,0,zero denominator,,0,0,zero denominator,0.0,0,28,,0.0,0,28,,1.0,28,28,,0.0,0,28,,1.0,28,28,,0.0,0,28,,0.0,0,28,,0.0,0.0,0.0,,present,,,,,,,,,,,,,,,,,,,,
G0,h103,2,S3,latency_only,candidate_raw_counts,0,28,0,0,0,28,28,0,0,,0,0,zero denominator,,0,0,zero denominator,0.0,0,28,,0.0,0,28,,1.0,28,28,,0.0,0,28,,1.0,28,28,,0.0,0,28,,0.0,0,28,,0.0,0.0,0.0,,present,,,,,,,,,,,,,,,,,,,,
G0,h103,ALL,S3,latency_only,pooled_counts,0,140,0,0,0,140,140,0,0,,0,0,zero denominator,,0,0,zero denominator,0.0,0,140,,0.0,0,140,,1.0,140,140,,0.0,0,140,,1.0,140,140,,0.0,0,140,,0.0,0,140,,0.0,0.0,0.0,,present,,,,,,,,,,,,,,,,,,,,
G0,h103,ALL,S3,latency_only,equal_candidate_equal_workload_macro,,,,,,,,,,,,,all denominators zero,,,,all denominators zero,0.0,,,,0.0,,,,1.0,,,,0.0,,,,1.0,,,,0.0,,,,0.0,,,,0.0,0.0,0.0,,,0,0,0,0,1,5,1,5,1,5,1,5,1,5,1,5,1,5,1,5
G0,h103,-2,S3,near_boundary,candidate_raw_counts,0,0,0,0,0,0,0,0,0,,0,0,zero denominator,,0,0,zero denominator,,0,0,zero denominator,,0,0,zero denominator,,0,0,zero denominator,,0,0,zero denominator,,0,0,zero denominator,,0,0,zero denominator,,0,0,zero denominator,,,,no both-attainment-defined points,absent,,,,,,,,,,,,,,,,,,,,
G0,h103,-1,S3,near_boundary,candidate_raw_counts,0,0,0,0,0,0,0,0,0,,0,0,zero denominator,,0,0,zero denominator,,0,0,zero denominator,,0,0,zero denominator,,0,0,zero denominator,,0,0,zero denominator,,0,0,zero denominator,,0,0,zero denominator,,0,0,zero denominator,,,,no both-attainment-defined points,absent,,,,,,,,,,,,,,,,,,,,
G0,h103,0,S3,near_boundary,candidate_raw_counts,0,0,0,0,0,0,0,0,0,,0,0,zero denominator,,0,0,zero denominator,,0,0,zero denominator,,0,0,zero denominator,,0,0,zero denominator,,0,0,zero denominator,,0,0,zero denominator,,0,0,zero denominator,,0,0,zero denominator,,,,no both-attainment-defined points,absent,,,,,,,,,,,,,,,,,,,,
G0,h103,1,S3,near_boundary,candidate_raw_counts,0,0,0,0,0,0,0,0,0,,0,0,zero denominator,,0,0,zero denominator,,0,0,zero denominator,,0,0,zero denominator,,0,0,zero denominator,,0,0,zero denominator,,0,0,zero denominator,,0,0,zero denominator,,0,0,zero denominator,,,,no both-attainment-defined points,absent,,,,,,,,,,,,,,,,,,,,
G0,h103,2,S3,near_boundary,candidate_raw_counts,0,0,0,0,0,0,0,0,0,,0,0,zero denominator,,0,0,zero denominator,,0,0,zero denominator,,0,0,zero denominator,,0,0,zero denominator,,0,0,zero denominator,,0,0,zero denominator,,0,0,zero denominator,,0,0,zero denominator,,,,no both-attainment-defined points,absent,,,,,,,,,,,,,,,,,,,,
G0,h103,ALL,S3,near_boundary,pooled_counts,0,0,0,0,0,0,0,0,0,,0,0,zero denominator,,0,0,zero denominator,,0,0,zero denominator,,0,0,zero denominator,,0,0,zero denominator,,0,0,zero denominator,,0,0,zero denominator,,0,0,zero denominator,,0,0,zero denominator,,,,no both-attainment-defined points,absent,,,,,,,,,,,,,,,,,,,,
G0,h103,ALL,S3,near_boundary,equal_candidate_equal_workload_macro,,,,,,,,,,,,,all denominators zero,,,,all denominators zero,,,,all denominators zero,,,,all denominators zero,,,,all denominators zero,,,,all denominators zero,,,,all denominators zero,,,,all denominators zero,,,,all denominators zero,,,,empty applicable subset,,0,0,0,0,0,0,0,0,0,0,0,0,0,0,0,0,0,0,0,0
G0,h103,-2,S4,service,candidate_raw_counts,17,11,0,0,42,70,28,17,0,0.0,0,17,,0.0,0,17,,0.0,0,11,,0.24285714285714285,17,70,,0.4,28,70,,0.6071428571428571,17,28,,0.39285714285714285,11,28,,0.0,0,28,,0.0,0,28,,-0.042857142857142864,0.04761904761904762,0.2,,present,,,,,,,,,,,,,,,,,,,,
G0,h103,-1,S4,service,candidate_raw_counts,17,11,0,0,42,70,28,17,0,0.0,0,17,,0.0,0,17,,0.0,0,11,,0.24285714285714285,17,70,,0.4,28,70,,0.6071428571428571,17,28,,0.39285714285714285,11,28,,0.0,0,28,,0.0,0,28,,0.007142857142857143,0.016666666666666666,0.06666666666666667,,present,,,,,,,,,,,,,,,,,,,,
G0,h103,0,S4,service,candidate_raw_counts,16,11,0,1,42,70,28,16,0,0.0,0,16,,0.058823529411764705,1,17,,0.0,0,11,,0.22857142857142856,16,70,,0.4,28,70,,0.5714285714285714,16,28,,0.39285714285714285,11,28,,0.0,0,28,,0.03571428571428571,1,28,,0.03095238095238095,0.03571428571428571,0.13333333333333333,,present,,,,,,,,,,,,,,,,,,,,
G0,h103,1,S4,service,candidate_raw_counts,16,12,0,0,42,70,28,16,0,0.0,0,16,,0.0,0,16,,0.0,0,12,,0.22857142857142856,16,70,,0.4,28,70,,0.5714285714285714,16,28,,0.42857142857142855,12,28,,0.0,0,28,,0.0,0,28,,0.026190476190476188,0.04523809523809524,0.13333333333333333,,present,,,,,,,,,,,,,,,,,,,,
G0,h103,2,S4,service,candidate_raw_counts,16,12,0,0,42,70,28,16,0,0.0,0,16,,0.0,0,16,,0.0,0,12,,0.22857142857142856,16,70,,0.4,28,70,,0.5714285714285714,16,28,,0.42857142857142855,12,28,,0.0,0,28,,0.0,0,28,,0.004761904761904763,0.014285714285714285,0.1333333333333333,,present,,,,,,,,,,,,,,,,,,,,
G0,h103,ALL,S4,service,pooled_counts,82,57,0,1,210,350,140,82,0,0.0,0,82,,0.012048192771084338,1,83,,0.0,0,57,,0.2342857142857143,82,350,,0.4,140,350,,0.5857142857142857,82,140,,0.40714285714285714,57,140,,0.0,0,140,,0.007142857142857143,1,140,,0.005238095238095236,0.03190476190476191,0.13333333333333333,,present,,,,,,,,,,,,,,,,,,,,
G0,h103,ALL,S4,service,equal_candidate_equal_workload_macro,,,,,,,,,,0.0,,,,0.011764705882352941,,,,0.0,,,,0.2342857142857143,,,,0.4,,,,0.5857142857142856,,,,0.40714285714285714,,,,0.0,,,,0.007142857142857143,,,,0.005238095238095236,0.03190476190476191,0.13333333333333333,,,1,5,1,5,1,5,1,5,1,5,1,5,1,5,1,5,1,5,1,5
G0,h103,-2,S4,latency_only,candidate_raw_counts,17,11,0,0,0,28,28,17,0,0.0,0,17,,0.0,0,17,,0.0,0,11,,0.6071428571428571,17,28,,1.0,28,28,,0.6071428571428571,17,28,,0.39285714285714285,11,28,,0.0,0,28,,0.0,0,28,,-0.042857142857142864,0.04761904761904762,0.2,,present,,,,,,,,,,,,,,,,,,,,
G0,h103,-1,S4,latency_only,candidate_raw_counts,17,11,0,0,0,28,28,17,0,0.0,0,17,,0.0,0,17,,0.0,0,11,,0.6071428571428571,17,28,,1.0,28,28,,0.6071428571428571,17,28,,0.39285714285714285,11,28,,0.0,0,28,,0.0,0,28,,0.007142857142857143,0.016666666666666666,0.06666666666666667,,present,,,,,,,,,,,,,,,,,,,,
G0,h103,0,S4,latency_only,candidate_raw_counts,16,11,0,1,0,28,28,16,0,0.0,0,16,,0.058823529411764705,1,17,,0.0,0,11,,0.5714285714285714,16,28,,1.0,28,28,,0.5714285714285714,16,28,,0.39285714285714285,11,28,,0.0,0,28,,0.03571428571428571,1,28,,0.03095238095238095,0.03571428571428571,0.13333333333333333,,present,,,,,,,,,,,,,,,,,,,,
G0,h103,1,S4,latency_only,candidate_raw_counts,16,12,0,0,0,28,28,16,0,0.0,0,16,,0.0,0,16,,0.0,0,12,,0.5714285714285714,16,28,,1.0,28,28,,0.5714285714285714,16,28,,0.42857142857142855,12,28,,0.0,0,28,,0.0,0,28,,0.026190476190476188,0.04523809523809524,0.13333333333333333,,present,,,,,,,,,,,,,,,,,,,,
G0,h103,2,S4,latency_only,candidate_raw_counts,16,12,0,0,0,28,28,16,0,0.0,0,16,,0.0,0,16,,0.0,0,12,,0.5714285714285714,16,28,,1.0,28,28,,0.5714285714285714,16,28,,0.42857142857142855,12,28,,0.0,0,28,,0.0,0,28,,0.004761904761904763,0.014285714285714285,0.1333333333333333,,present,,,,,,,,,,,,,,,,,,,,
G0,h103,ALL,S4,latency_only,pooled_counts,82,57,0,1,0,140,140,82,0,0.0,0,82,,0.012048192771084338,1,83,,0.0,0,57,,0.5857142857142857,82,140,,1.0,140,140,,0.5857142857142857,82,140,,0.40714285714285714,57,140,,0.0,0,140,,0.007142857142857143,1,140,,0.005238095238095236,0.03190476190476191,0.13333333333333333,,present,,,,,,,,,,,,,,,,,,,,
G0,h103,ALL,S4,latency_only,equal_candidate_equal_workload_macro,,,,,,,,,,0.0,,,,0.011764705882352941,,,,0.0,,,,0.5857142857142856,,,,1.0,,,,0.5857142857142856,,,,0.40714285714285714,,,,0.0,,,,0.007142857142857143,,,,0.005238095238095236,0.03190476190476191,0.13333333333333333,,,1,5,1,5,1,5,1,5,1,5,1,5,1,5,1,5,1,5,1,5
G0,h103,-2,S4,near_boundary,candidate_raw_counts,17,0,0,0,0,17,17,17,0,0.0,0,17,,0.0,0,17,,,0,0,zero denominator,1.0,17,17,,1.0,17,17,,1.0,17,17,,0.0,0,17,,0.0,0,17,,0.0,0,17,,-0.0039215686274509795,0.0039215686274509795,0.0,,present,,,,,,,,,,,,,,,,,,,,
G0,h103,-1,S4,near_boundary,candidate_raw_counts,17,0,0,0,0,17,17,17,0,0.0,0,17,,0.0,0,17,,,0,0,zero denominator,1.0,17,17,,1.0,17,17,,1.0,17,17,,0.0,0,17,,0.0,0,17,,0.0,0,17,,0.0,0.0,0.0,,present,,,,,,,,,,,,,,,,,,,,
G0,h103,0,S4,near_boundary,candidate_raw_counts,16,0,0,1,0,17,17,16,0,0.0,0,16,,0.058823529411764705,1,17,,,0,0,zero denominator,0.9411764705882353,16,17,,1.0,17,17,,0.9411764705882353,16,17,,0.0,0,17,,0.0,0,17,,0.058823529411764705,1,17,,-0.0039215686274509795,0.0039215686274509795,0.0,,present,,,,,,,,,,,,,,,,,,,,
G0,h103,1,S4,near_boundary,candidate_raw_counts,16,1,0,0,0,17,17,16,0,0.0,0,16,,0.0,0,16,,0.0,0,1,,0.9411764705882353,16,17,,1.0,17,17,,0.9411764705882353,16,17,,0.058823529411764705,1,17,,0.0,0,17,,0.0,0,17,,-0.015686274509803925,0.015686274509803925,0.0,,present,,,,,,,,,,,,,,,,,,,,
G0,h103,2,S4,near_boundary,candidate_raw_counts,16,0,0,0,0,16,16,16,0,0.0,0,16,,0.0,0,16,,,0,0,zero denominator,1.0,16,16,,1.0,16,16,,1.0,16,16,,0.0,0,16,,0.0,0,16,,0.0,0,16,,0.0,0.0,0.0,,present,,,,,,,,,,,,,,,,,,,,
G0,h103,ALL,S4,near_boundary,pooled_counts,82,1,0,1,0,84,84,82,0,0.0,0,82,,0.012048192771084338,1,83,,0.0,0,1,,0.9761904761904762,82,84,,1.0,84,84,,0.9761904761904762,82,84,,0.011904761904761904,1,84,,0.0,0,84,,0.011904761904761904,1,84,,-0.004761904761904762,0.004761904761904762,0.0,,present,,,,,,,,,,,,,,,,,,,,
G0,h103,ALL,S4,near_boundary,equal_candidate_equal_workload_macro,,,,,,,,,,0.0,,,,0.011764705882352941,,,,0.0,,,,0.9764705882352941,,,,1.0,,,,0.9764705882352941,,,,0.011764705882352941,,,,0.0,,,,0.011764705882352941,,,,-0.004705882352941177,0.004705882352941177,0.0,,,1,5,1,5,1,1,1,5,1,5,1,5,1,5,1,5,1,5,1,5
G0,h103,-2,S5,service,candidate_raw_counts,17,11,0,0,42,70,28,17,0,0.0,0,17,,0.0,0,17,,0.0,0,11,,0.24285714285714285,17,70,,0.4,28,70,,0.6071428571428571,17,28,,0.39285714285714285,11,28,,0.0,0,28,,0.0,0,28,,-0.11190476190476192,0.11190476190476192,0.4,,present,,,,,,,,,,,,,,,,,,,,
G0,h103,-1,S5,service,candidate_raw_counts,17,11,0,0,42,70,28,17,0,0.0,0,17,,0.0,0,17,,0.0,0,11,,0.24285714285714285,17,70,,0.4,28,70,,0.6071428571428571,17,28,,0.39285714285714285,11,28,,0.0,0,28,,0.0,0,28,,-0.06428571428571428,0.06904761904761905,0.26666666666666666,,present,,,,,,,,,,,,,,,,,,,,
G0,h103,0,S5,service,candidate_raw_counts,17,11,0,0,42,70,28,17,0,0.0,0,17,,0.0,0,17,,0.0,0,11,,0.24285714285714285,17,70,,0.4,28,70,,0.6071428571428571,17,28,,0.39285714285714285,11,28,,0.0,0,28,,0.0,0,28,,-0.03571428571428572,0.045238095238095244,0.2,,present,,,,,,,,,,,,,,,,,,,,
G0,h103,1,S5,service,candidate_raw_counts,17,11,0,0,42,70,28,17,0,0.0,0,17,,0.0,0,17,,0.0,0,11,,0.24285714285714285,17,70,,0.4,28,70,,0.6071428571428571,17,28,,0.39285714285714285,11,28,,0.0,0,28,,0.0,0,28,,-0.026190476190476195,0.04047619047619048,0.13333333333333336,,present,,,,,,,,,,,,,,,,,,,,
G0,h103,2,S5,service,candidate_raw_counts,17,11,0,0,42,70,28,17,0,0.0,0,17,,0.0,0,17,,0.0,0,11,,0.24285714285714285,17,70,,0.4,28,70,,0.6071428571428571,17,28,,0.39285714285714285,11,28,,0.0,0,28,,0.0,0,28,,0.009523809523809523,0.0380952380952381,0.19999999999999998,,present,,,,,,,,,,,,,,,,,,,,
G0,h103,ALL,S5,service,pooled_counts,85,55,0,0,210,350,140,85,0,0.0,0,85,,0.0,0,85,,0.0,0,55,,0.24285714285714285,85,350,,0.4,140,350,,0.6071428571428571,85,140,,0.39285714285714285,55,140,,0.0,0,140,,0.0,0,140,,-0.04571428571428572,0.06095238095238096,0.2,,present,,,,,,,,,,,,,,,,,,,,
G0,h103,ALL,S5,service,equal_candidate_equal_workload_macro,,,,,,,,,,0.0,,,,0.0,,,,0.0,,,,0.24285714285714285,,,,0.4,,,,0.6071428571428571,,,,0.39285714285714285,,,,0.0,,,,0.0,,,,-0.04571428571428572,0.06095238095238096,0.2,,,1,5,1,5,1,5,1,5,1,5,1,5,1,5,1,5,1,5,1,5
G0,h103,-2,S5,latency_only,candidate_raw_counts,17,11,0,0,0,28,28,17,0,0.0,0,17,,0.0,0,17,,0.0,0,11,,0.6071428571428571,17,28,,1.0,28,28,,0.6071428571428571,17,28,,0.39285714285714285,11,28,,0.0,0,28,,0.0,0,28,,-0.11190476190476192,0.11190476190476192,0.4,,present,,,,,,,,,,,,,,,,,,,,
G0,h103,-1,S5,latency_only,candidate_raw_counts,17,11,0,0,0,28,28,17,0,0.0,0,17,,0.0,0,17,,0.0,0,11,,0.6071428571428571,17,28,,1.0,28,28,,0.6071428571428571,17,28,,0.39285714285714285,11,28,,0.0,0,28,,0.0,0,28,,-0.06428571428571428,0.06904761904761905,0.26666666666666666,,present,,,,,,,,,,,,,,,,,,,,
G0,h103,0,S5,latency_only,candidate_raw_counts,17,11,0,0,0,28,28,17,0,0.0,0,17,,0.0,0,17,,0.0,0,11,,0.6071428571428571,17,28,,1.0,28,28,,0.6071428571428571,17,28,,0.39285714285714285,11,28,,0.0,0,28,,0.0,0,28,,-0.03571428571428572,0.045238095238095244,0.2,,present,,,,,,,,,,,,,,,,,,,,
G0,h103,1,S5,latency_only,candidate_raw_counts,17,11,0,0,0,28,28,17,0,0.0,0,17,,0.0,0,17,,0.0,0,11,,0.6071428571428571,17,28,,1.0,28,28,,0.6071428571428571,17,28,,0.39285714285714285,11,28,,0.0,0,28,,0.0,0,28,,-0.026190476190476195,0.04047619047619048,0.13333333333333336,,present,,,,,,,,,,,,,,,,,,,,
G0,h103,2,S5,latency_only,candidate_raw_counts,17,11,0,0,0,28,28,17,0,0.0,0,17,,0.0,0,17,,0.0,0,11,,0.6071428571428571,17,28,,1.0,28,28,,0.6071428571428571,17,28,,0.39285714285714285,11,28,,0.0,0,28,,0.0,0,28,,0.009523809523809523,0.0380952380952381,0.19999999999999998,,present,,,,,,,,,,,,,,,,,,,,
G0,h103,ALL,S5,latency_only,pooled_counts,85,55,0,0,0,140,140,85,0,0.0,0,85,,0.0,0,85,,0.0,0,55,,0.6071428571428571,85,140,,1.0,140,140,,0.6071428571428571,85,140,,0.39285714285714285,55,140,,0.0,0,140,,0.0,0,140,,-0.04571428571428572,0.06095238095238096,0.2,,present,,,,,,,,,,,,,,,,,,,,
G0,h103,ALL,S5,latency_only,equal_candidate_equal_workload_macro,,,,,,,,,,0.0,,,,0.0,,,,0.0,,,,0.6071428571428571,,,,1.0,,,,0.6071428571428571,,,,0.39285714285714285,,,,0.0,,,,0.0,,,,-0.04571428571428572,0.06095238095238096,0.2,,,1,5,1,5,1,5,1,5,1,5,1,5,1,5,1,5,1,5,1,5
G0,h103,-2,S5,near_boundary,candidate_raw_counts,17,0,0,0,0,17,17,17,0,0.0,0,17,,0.0,0,17,,,0,0,zero denominator,1.0,17,17,,1.0,17,17,,1.0,17,17,,0.0,0,17,,0.0,0,17,,0.0,0,17,,0.0,0.0,0.0,,present,,,,,,,,,,,,,,,,,,,,
G0,h103,-1,S5,near_boundary,candidate_raw_counts,17,0,0,0,0,17,17,17,0,0.0,0,17,,0.0,0,17,,,0,0,zero denominator,1.0,17,17,,1.0,17,17,,1.0,17,17,,0.0,0,17,,0.0,0,17,,0.0,0,17,,0.0,0.0,0.0,,present,,,,,,,,,,,,,,,,,,,,
G0,h103,0,S5,near_boundary,candidate_raw_counts,17,0,0,0,0,17,17,17,0,0.0,0,17,,0.0,0,17,,,0,0,zero denominator,1.0,17,17,,1.0,17,17,,1.0,17,17,,0.0,0,17,,0.0,0,17,,0.0,0,17,,0.0,0.0,0.0,,present,,,,,,,,,,,,,,,,,,,,
G0,h103,1,S5,near_boundary,candidate_raw_counts,17,0,0,0,0,17,17,17,0,0.0,0,17,,0.0,0,17,,,0,0,zero denominator,1.0,17,17,,1.0,17,17,,1.0,17,17,,0.0,0,17,,0.0,0,17,,0.0,0,17,,0.0,0.0,0.0,,present,,,,,,,,,,,,,,,,,,,,
G0,h103,2,S5,near_boundary,candidate_raw_counts,17,0,0,0,0,17,17,17,0,0.0,0,17,,0.0,0,17,,,0,0,zero denominator,1.0,17,17,,1.0,17,17,,1.0,17,17,,0.0,0,17,,0.0,0,17,,0.0,0,17,,0.0,0.0,0.0,,present,,,,,,,,,,,,,,,,,,,,
G0,h103,ALL,S5,near_boundary,pooled_counts,85,0,0,0,0,85,85,85,0,0.0,0,85,,0.0,0,85,,,0,0,zero denominator,1.0,85,85,,1.0,85,85,,1.0,85,85,,0.0,0,85,,0.0,0,85,,0.0,0,85,,0.0,0.0,0.0,,present,,,,,,,,,,,,,,,,,,,,
G0,h103,ALL,S5,near_boundary,equal_candidate_equal_workload_macro,,,,,,,,,,0.0,,,,0.0,,,,,,,all denominators zero,1.0,,,,1.0,,,,1.0,,,,0.0,,,,0.0,,,,0.0,,,,0.0,0.0,0.0,,,1,5,1,5,0,0,1,5,1,5,1,5,1,5,1,5,1,5,1,5
G0,h103,-2,S6,service,candidate_raw_counts,19,8,0,1,42,70,28,19,0,0.0,0,19,,0.05,1,20,,0.0,0,8,,0.2714285714285714,19,70,,0.4,28,70,,0.6785714285714286,19,28,,0.2857142857142857,8,28,,0.0,0,28,,0.03571428571428571,1,28,,-0.24285714285714288,0.24285714285714288,0.8666666666666667,,present,,,,,,,,,,,,,,,,,,,,
G0,h103,-1,S6,service,candidate_raw_counts,19,8,0,1,42,70,28,19,0,0.0,0,19,,0.05,1,20,,0.0,0,8,,0.2714285714285714,19,70,,0.4,28,70,,0.6785714285714286,19,28,,0.2857142857142857,8,28,,0.0,0,28,,0.03571428571428571,1,28,,-0.2380952380952381,0.2380952380952381,0.8666666666666667,,present,,,,,,,,,,,,,,,,,,,,
G0,h103,0,S6,service,candidate_raw_counts,19,8,0,1,42,70,28,19,0,0.0,0,19,,0.05,1,20,,0.0,0,8,,0.2714285714285714,19,70,,0.4,28,70,,0.6785714285714286,19,28,,0.2857142857142857,8,28,,0.0,0,28,,0.03571428571428571,1,28,,-0.2380952380952381,0.2380952380952381,0.8666666666666667,,present,,,,,,,,,,,,,,,,,,,,
G0,h103,1,S6,service,candidate_raw_counts,19,8,0,1,42,70,28,19,0,0.0,0,19,,0.05,1,20,,0.0,0,8,,0.2714285714285714,19,70,,0.4,28,70,,0.6785714285714286,19,28,,0.2857142857142857,8,28,,0.0,0,28,,0.03571428571428571,1,28,,-0.23095238095238096,0.23571428571428574,0.8,,present,,,,,,,,,,,,,,,,,,,,
G0,h103,2,S6,service,candidate_raw_counts,18,8,1,1,42,70,28,19,0,0.05263157894736842,1,19,,0.05263157894736842,1,19,,0.1111111111111111,1,9,,0.2714285714285714,19,70,,0.4,28,70,,0.6428571428571429,18,28,,0.2857142857142857,8,28,,0.03571428571428571,1,28,,0.03571428571428571,1,28,,-0.22142857142857145,0.23571428571428574,0.8,,present,,,,,,,,,,,,,,,,,,,,
G0,h103,ALL,S6,service,pooled_counts,94,40,1,5,210,350,140,95,0,0.010526315789473684,1,95,,0.050505050505050504,5,99,,0.024390243902439025,1,41,,0.2714285714285714,95,350,,0.4,140,350,,0.6714285714285714,94,140,,0.2857142857142857,40,140,,0.007142857142857143,1,140,,0.03571428571428571,5,140,,-0.2342857142857143,0.2380952380952381,0.8,,present,,,,,,,,,,,,,,,,,,,,
G0,h103,ALL,S6,service,equal_candidate_equal_workload_macro,,,,,,,,,,0.010526315789473684,,,,0.05052631578947368,,,,0.02222222222222222,,,,0.2714285714285714,,,,0.4,,,,0.6714285714285715,,,,0.2857142857142857,,,,0.007142857142857143,,,,0.03571428571428571,,,,-0.2342857142857143,0.2380952380952381,0.8,,,1,5,1,5,1,5,1,5,1,5,1,5,1,5,1,5,1,5,1,5
G0,h103,-2,S6,latency_only,candidate_raw_counts,19,8,0,1,0,28,28,19,0,0.0,0,19,,0.05,1,20,,0.0,0,8,,0.6785714285714286,19,28,,1.0,28,28,,0.6785714285714286,19,28,,0.2857142857142857,8,28,,0.0,0,28,,0.03571428571428571,1,28,,-0.24285714285714288,0.24285714285714288,0.8666666666666667,,present,,,,,,,,,,,,,,,,,,,,
G0,h103,-1,S6,latency_only,candidate_raw_counts,19,8,0,1,0,28,28,19,0,0.0,0,19,,0.05,1,20,,0.0,0,8,,0.6785714285714286,19,28,,1.0,28,28,,0.6785714285714286,19,28,,0.2857142857142857,8,28,,0.0,0,28,,0.03571428571428571,1,28,,-0.2380952380952381,0.2380952380952381,0.8666666666666667,,present,,,,,,,,,,,,,,,,,,,,
G0,h103,0,S6,latency_only,candidate_raw_counts,19,8,0,1,0,28,28,19,0,0.0,0,19,,0.05,1,20,,0.0,0,8,,0.6785714285714286,19,28,,1.0,28,28,,0.6785714285714286,19,28,,0.2857142857142857,8,28,,0.0,0,28,,0.03571428571428571,1,28,,-0.2380952380952381,0.2380952380952381,0.8666666666666667,,present,,,,,,,,,,,,,,,,,,,,
G0,h103,1,S6,latency_only,candidate_raw_counts,19,8,0,1,0,28,28,19,0,0.0,0,19,,0.05,1,20,,0.0,0,8,,0.6785714285714286,19,28,,1.0,28,28,,0.6785714285714286,19,28,,0.2857142857142857,8,28,,0.0,0,28,,0.03571428571428571,1,28,,-0.23095238095238096,0.23571428571428574,0.8,,present,,,,,,,,,,,,,,,,,,,,
G0,h103,2,S6,latency_only,candidate_raw_counts,18,8,1,1,0,28,28,19,0,0.05263157894736842,1,19,,0.05263157894736842,1,19,,0.1111111111111111,1,9,,0.6785714285714286,19,28,,1.0,28,28,,0.6428571428571429,18,28,,0.2857142857142857,8,28,,0.03571428571428571,1,28,,0.03571428571428571,1,28,,-0.22142857142857145,0.23571428571428574,0.8,,present,,,,,,,,,,,,,,,,,,,,
G0,h103,ALL,S6,latency_only,pooled_counts,94,40,1,5,0,140,140,95,0,0.010526315789473684,1,95,,0.050505050505050504,5,99,,0.024390243902439025,1,41,,0.6785714285714286,95,140,,1.0,140,140,,0.6714285714285714,94,140,,0.2857142857142857,40,140,,0.007142857142857143,1,140,,0.03571428571428571,5,140,,-0.2342857142857143,0.2380952380952381,0.8,,present,,,,,,,,,,,,,,,,,,,,
G0,h103,ALL,S6,latency_only,equal_candidate_equal_workload_macro,,,,,,,,,,0.010526315789473684,,,,0.05052631578947368,,,,0.02222222222222222,,,,0.6785714285714286,,,,1.0,,,,0.6714285714285715,,,,0.2857142857142857,,,,0.007142857142857143,,,,0.03571428571428571,,,,-0.2342857142857143,0.2380952380952381,0.8,,,1,5,1,5,1,5,1,5,1,5,1,5,1,5,1,5,1,5,1,5
G0,h103,-2,S6,near_boundary,candidate_raw_counts,19,8,0,1,0,28,28,19,0,0.0,0,19,,0.05,1,20,,0.0,0,8,,0.6785714285714286,19,28,,1.0,28,28,,0.6785714285714286,19,28,,0.2857142857142857,8,28,,0.0,0,28,,0.03571428571428571,1,28,,-0.24285714285714288,0.24285714285714288,0.8666666666666667,,present,,,,,,,,,,,,,,,,,,,,
G0,h103,-1,S6,near_boundary,candidate_raw_counts,19,8,0,1,0,28,28,19,0,0.0,0,19,,0.05,1,20,,0.0,0,8,,0.6785714285714286,19,28,,1.0,28,28,,0.6785714285714286,19,28,,0.2857142857142857,8,28,,0.0,0,28,,0.03571428571428571,1,28,,-0.2380952380952381,0.2380952380952381,0.8666666666666667,,present,,,,,,,,,,,,,,,,,,,,
G0,h103,0,S6,near_boundary,candidate_raw_counts,19,8,0,1,0,28,28,19,0,0.0,0,19,,0.05,1,20,,0.0,0,8,,0.6785714285714286,19,28,,1.0,28,28,,0.6785714285714286,19,28,,0.2857142857142857,8,28,,0.0,0,28,,0.03571428571428571,1,28,,-0.2380952380952381,0.2380952380952381,0.8666666666666667,,present,,,,,,,,,,,,,,,,,,,,
G0,h103,1,S6,near_boundary,candidate_raw_counts,19,8,0,1,0,28,28,19,0,0.0,0,19,,0.05,1,20,,0.0,0,8,,0.6785714285714286,19,28,,1.0,28,28,,0.6785714285714286,19,28,,0.2857142857142857,8,28,,0.0,0,28,,0.03571428571428571,1,28,,-0.23095238095238096,0.23571428571428574,0.8,,present,,,,,,,,,,,,,,,,,,,,
G0,h103,2,S6,near_boundary,candidate_raw_counts,18,4,0,1,0,23,23,18,0,0.0,0,18,,0.05263157894736842,1,19,,0.0,0,4,,0.782608695652174,18,23,,1.0,23,23,,0.782608695652174,18,23,,0.17391304347826086,4,23,,0.0,0,23,,0.043478260869565216,1,23,,-0.15942028985507248,0.15942028985507248,0.8,,present,,,,,,,,,,,,,,,,,,,,
G0,h103,ALL,S6,near_boundary,pooled_counts,94,36,0,5,0,135,135,94,0,0.0,0,94,,0.050505050505050504,5,99,,0.0,0,36,,0.6962962962962963,94,135,,1.0,135,135,,0.6962962962962963,94,135,,0.26666666666666666,36,135,,0.0,0,135,,0.037037037037037035,5,135,,-0.22419753086419755,0.2251851851851852,0.8,,present,,,,,,,,,,,,,,,,,,,,
G0,h103,ALL,S6,near_boundary,equal_candidate_equal_workload_macro,,,,,,,,,,0.0,,,,0.05052631578947368,,,,0.0,,,,0.6993788819875777,,,,1.0,,,,0.6993788819875777,,,,0.26335403726708073,,,,0.0,,,,0.037267080745341616,,,,-0.22188405797101451,0.22283643892339547,0.8,,,1,5,1,5,1,5,1,5,1,5,1,5,1,5,1,5,1,5,1,5
G0,h104,-2,S1,service,candidate_raw_counts,0,22,0,0,30,52,22,0,0,,0,0,zero denominator,,0,0,zero denominator,0.0,0,22,,0.0,0,52,,0.4230769230769231,22,52,,0.0,0,22,,1.0,22,22,,0.0,0,22,,0.0,0,22,,0.0,0.0,0.0,,present,,,,,,,,,,,,,,,,,,,,
G0,h104,-1,S1,service,candidate_raw_counts,0,22,0,0,30,52,22,0,0,,0,0,zero denominator,,0,0,zero denominator,0.0,0,22,,0.0,0,52,,0.4230769230769231,22,52,,0.0,0,22,,1.0,22,22,,0.0,0,22,,0.0,0,22,,0.0,0.0,0.0,,present,,,,,,,,,,,,,,,,,,,,
G0,h104,0,S1,service,candidate_raw_counts,0,22,0,0,30,52,22,0,0,,0,0,zero denominator,,0,0,zero denominator,0.0,0,22,,0.0,0,52,,0.4230769230769231,22,52,,0.0,0,22,,1.0,22,22,,0.0,0,22,,0.0,0,22,,0.0,0.0,0.0,,present,,,,,,,,,,,,,,,,,,,,
G0,h104,1,S1,service,candidate_raw_counts,0,22,0,0,30,52,22,0,0,,0,0,zero denominator,,0,0,zero denominator,0.0,0,22,,0.0,0,52,,0.4230769230769231,22,52,,0.0,0,22,,1.0,22,22,,0.0,0,22,,0.0,0,22,,0.0,0.0,0.0,,present,,,,,,,,,,,,,,,,,,,,
G0,h104,2,S1,service,candidate_raw_counts,0,22,0,0,30,52,22,0,0,,0,0,zero denominator,,0,0,zero denominator,0.0,0,22,,0.0,0,52,,0.4230769230769231,22,52,,0.0,0,22,,1.0,22,22,,0.0,0,22,,0.0,0,22,,0.0,0.0,0.0,,present,,,,,,,,,,,,,,,,,,,,
G0,h104,ALL,S1,service,pooled_counts,0,110,0,0,150,260,110,0,0,,0,0,zero denominator,,0,0,zero denominator,0.0,0,110,,0.0,0,260,,0.4230769230769231,110,260,,0.0,0,110,,1.0,110,110,,0.0,0,110,,0.0,0,110,,0.0,0.0,0.0,,present,,,,,,,,,,,,,,,,,,,,
G0,h104,ALL,S1,service,equal_candidate_equal_workload_macro,,,,,,,,,,,,,all denominators zero,,,,all denominators zero,0.0,,,,0.0,,,,0.4230769230769231,,,,0.0,,,,1.0,,,,0.0,,,,0.0,,,,0.0,0.0,0.0,,,0,0,0,0,1,5,1,5,1,5,1,5,1,5,1,5,1,5,1,5
G0,h104,-2,S1,latency_only,candidate_raw_counts,0,22,0,0,0,22,22,0,0,,0,0,zero denominator,,0,0,zero denominator,0.0,0,22,,0.0,0,22,,1.0,22,22,,0.0,0,22,,1.0,22,22,,0.0,0,22,,0.0,0,22,,0.0,0.0,0.0,,present,,,,,,,,,,,,,,,,,,,,
G0,h104,-1,S1,latency_only,candidate_raw_counts,0,22,0,0,0,22,22,0,0,,0,0,zero denominator,,0,0,zero denominator,0.0,0,22,,0.0,0,22,,1.0,22,22,,0.0,0,22,,1.0,22,22,,0.0,0,22,,0.0,0,22,,0.0,0.0,0.0,,present,,,,,,,,,,,,,,,,,,,,
G0,h104,0,S1,latency_only,candidate_raw_counts,0,22,0,0,0,22,22,0,0,,0,0,zero denominator,,0,0,zero denominator,0.0,0,22,,0.0,0,22,,1.0,22,22,,0.0,0,22,,1.0,22,22,,0.0,0,22,,0.0,0,22,,0.0,0.0,0.0,,present,,,,,,,,,,,,,,,,,,,,
G0,h104,1,S1,latency_only,candidate_raw_counts,0,22,0,0,0,22,22,0,0,,0,0,zero denominator,,0,0,zero denominator,0.0,0,22,,0.0,0,22,,1.0,22,22,,0.0,0,22,,1.0,22,22,,0.0,0,22,,0.0,0,22,,0.0,0.0,0.0,,present,,,,,,,,,,,,,,,,,,,,
G0,h104,2,S1,latency_only,candidate_raw_counts,0,22,0,0,0,22,22,0,0,,0,0,zero denominator,,0,0,zero denominator,0.0,0,22,,0.0,0,22,,1.0,22,22,,0.0,0,22,,1.0,22,22,,0.0,0,22,,0.0,0,22,,0.0,0.0,0.0,,present,,,,,,,,,,,,,,,,,,,,
G0,h104,ALL,S1,latency_only,pooled_counts,0,110,0,0,0,110,110,0,0,,0,0,zero denominator,,0,0,zero denominator,0.0,0,110,,0.0,0,110,,1.0,110,110,,0.0,0,110,,1.0,110,110,,0.0,0,110,,0.0,0,110,,0.0,0.0,0.0,,present,,,,,,,,,,,,,,,,,,,,
G0,h104,ALL,S1,latency_only,equal_candidate_equal_workload_macro,,,,,,,,,,,,,all denominators zero,,,,all denominators zero,0.0,,,,0.0,,,,1.0,,,,0.0,,,,1.0,,,,0.0,,,,0.0,,,,0.0,0.0,0.0,,,0,0,0,0,1,5,1,5,1,5,1,5,1,5,1,5,1,5,1,5
G0,h104,-2,S1,near_boundary,candidate_raw_counts,0,0,0,0,0,0,0,0,0,,0,0,zero denominator,,0,0,zero denominator,,0,0,zero denominator,,0,0,zero denominator,,0,0,zero denominator,,0,0,zero denominator,,0,0,zero denominator,,0,0,zero denominator,,0,0,zero denominator,,,,no both-attainment-defined points,absent,,,,,,,,,,,,,,,,,,,,
G0,h104,-1,S1,near_boundary,candidate_raw_counts,0,0,0,0,0,0,0,0,0,,0,0,zero denominator,,0,0,zero denominator,,0,0,zero denominator,,0,0,zero denominator,,0,0,zero denominator,,0,0,zero denominator,,0,0,zero denominator,,0,0,zero denominator,,0,0,zero denominator,,,,no both-attainment-defined points,absent,,,,,,,,,,,,,,,,,,,,
G0,h104,0,S1,near_boundary,candidate_raw_counts,0,0,0,0,0,0,0,0,0,,0,0,zero denominator,,0,0,zero denominator,,0,0,zero denominator,,0,0,zero denominator,,0,0,zero denominator,,0,0,zero denominator,,0,0,zero denominator,,0,0,zero denominator,,0,0,zero denominator,,,,no both-attainment-defined points,absent,,,,,,,,,,,,,,,,,,,,
G0,h104,1,S1,near_boundary,candidate_raw_counts,0,0,0,0,0,0,0,0,0,,0,0,zero denominator,,0,0,zero denominator,,0,0,zero denominator,,0,0,zero denominator,,0,0,zero denominator,,0,0,zero denominator,,0,0,zero denominator,,0,0,zero denominator,,0,0,zero denominator,,,,no both-attainment-defined points,absent,,,,,,,,,,,,,,,,,,,,
G0,h104,2,S1,near_boundary,candidate_raw_counts,0,0,0,0,0,0,0,0,0,,0,0,zero denominator,,0,0,zero denominator,,0,0,zero denominator,,0,0,zero denominator,,0,0,zero denominator,,0,0,zero denominator,,0,0,zero denominator,,0,0,zero denominator,,0,0,zero denominator,,,,no both-attainment-defined points,absent,,,,,,,,,,,,,,,,,,,,
G0,h104,ALL,S1,near_boundary,pooled_counts,0,0,0,0,0,0,0,0,0,,0,0,zero denominator,,0,0,zero denominator,,0,0,zero denominator,,0,0,zero denominator,,0,0,zero denominator,,0,0,zero denominator,,0,0,zero denominator,,0,0,zero denominator,,0,0,zero denominator,,,,no both-attainment-defined points,absent,,,,,,,,,,,,,,,,,,,,
G0,h104,ALL,S1,near_boundary,equal_candidate_equal_workload_macro,,,,,,,,,,,,,all denominators zero,,,,all denominators zero,,,,all denominators zero,,,,all denominators zero,,,,all denominators zero,,,,all denominators zero,,,,all denominators zero,,,,all denominators zero,,,,all denominators zero,,,,empty applicable subset,,0,0,0,0,0,0,0,0,0,0,0,0,0,0,0,0,0,0,0,0
G0,h104,-2,S2,service,candidate_raw_counts,0,22,0,0,30,52,22,0,0,,0,0,zero denominator,,0,0,zero denominator,0.0,0,22,,0.0,0,52,,0.4230769230769231,22,52,,0.0,0,22,,1.0,22,22,,0.0,0,22,,0.0,0,22,,0.02469135802469132,0.032547699214365844,0.037037037037037035,,present,,,,,,,,,,,,,,,,,,,,
G0,h104,-1,S2,service,candidate_raw_counts,0,22,0,0,30,52,22,0,0,,0,0,zero denominator,,0,0,zero denominator,0.0,0,22,,0.0,0,52,,0.4230769230769231,22,52,,0.0,0,22,,1.0,22,22,,0.0,0,22,,0.0,0,22,,0.02300785634118964,0.03086419753086416,0.03703703703703698,,present,,,,,,,,,,,,,,,,,,,,
G0,h104,0,S2,service,candidate_raw_counts,0,22,0,0,30,52,22,0,0,,0,0,zero denominator,,0,0,zero denominator,0.0,0,22,,0.0,0,52,,0.4230769230769231,22,52,,0.0,0,22,,1.0,22,22,,0.0,0,22,,0.0,0,22,,0.03535353535353535,0.0409652076318743,0.04938271604938271,,present,,,,,,,,,,,,,,,,,,,,
G0,h104,1,S2,service,candidate_raw_counts,0,22,0,0,30,52,22,0,0,,0,0,zero denominator,,0,0,zero denominator,0.0,0,22,,0.0,0,52,,0.4230769230769231,22,52,,0.0,0,22,,1.0,22,22,,0.0,0,22,,0.0,0,22,,0.02918069584736248,0.03591470258136921,0.037037037037037035,,present,,,,,,,,,,,,,,,,,,,,
G0,h104,2,S2,service,candidate_raw_counts,0,22,0,0,30,52,22,0,0,,0,0,zero denominator,,0,0,zero denominator,0.0,0,22,,0.0,0,52,,0.4230769230769231,22,52,,0.0,0,22,,1.0,22,22,,0.0,0,22,,0.0,0,22,,0.020763187429854092,0.02861952861952862,0.037037037037037035,,present,,,,,,,,,,,,,,,,,,,,
G0,h104,ALL,S2,service,pooled_counts,0,110,0,0,150,260,110,0,0,,0,0,zero denominator,,0,0,zero denominator,0.0,0,110,,0.0,0,260,,0.4230769230769231,110,260,,0.0,0,110,,1.0,110,110,,0.0,0,110,,0.0,0,110,,0.026599326599326574,0.03378226711560043,0.04938271604938271,,present,,,,,,,,,,,,,,,,,,,,
G0,h104,ALL,S2,service,equal_candidate_equal_workload_macro,,,,,,,,,,,,,all denominators zero,,,,all denominators zero,0.0,,,,0.0,,,,0.4230769230769231,,,,0.0,,,,1.0,,,,0.0,,,,0.0,,,,0.026599326599326574,0.03378226711560043,0.04938271604938271,,,0,0,0,0,1,5,1,5,1,5,1,5,1,5,1,5,1,5,1,5
G0,h104,-2,S2,latency_only,candidate_raw_counts,0,22,0,0,0,22,22,0,0,,0,0,zero denominator,,0,0,zero denominator,0.0,0,22,,0.0,0,22,,1.0,22,22,,0.0,0,22,,1.0,22,22,,0.0,0,22,,0.0,0,22,,0.02469135802469132,0.032547699214365844,0.037037037037037035,,present,,,,,,,,,,,,,,,,,,,,
G0,h104,-1,S2,latency_only,candidate_raw_counts,0,22,0,0,0,22,22,0,0,,0,0,zero denominator,,0,0,zero denominator,0.0,0,22,,0.0,0,22,,1.0,22,22,,0.0,0,22,,1.0,22,22,,0.0,0,22,,0.0,0,22,,0.02300785634118964,0.03086419753086416,0.03703703703703698,,present,,,,,,,,,,,,,,,,,,,,
G0,h104,0,S2,latency_only,candidate_raw_counts,0,22,0,0,0,22,22,0,0,,0,0,zero denominator,,0,0,zero denominator,0.0,0,22,,0.0,0,22,,1.0,22,22,,0.0,0,22,,1.0,22,22,,0.0,0,22,,0.0,0,22,,0.03535353535353535,0.0409652076318743,0.04938271604938271,,present,,,,,,,,,,,,,,,,,,,,
G0,h104,1,S2,latency_only,candidate_raw_counts,0,22,0,0,0,22,22,0,0,,0,0,zero denominator,,0,0,zero denominator,0.0,0,22,,0.0,0,22,,1.0,22,22,,0.0,0,22,,1.0,22,22,,0.0,0,22,,0.0,0,22,,0.02918069584736248,0.03591470258136921,0.037037037037037035,,present,,,,,,,,,,,,,,,,,,,,
G0,h104,2,S2,latency_only,candidate_raw_counts,0,22,0,0,0,22,22,0,0,,0,0,zero denominator,,0,0,zero denominator,0.0,0,22,,0.0,0,22,,1.0,22,22,,0.0,0,22,,1.0,22,22,,0.0,0,22,,0.0,0,22,,0.020763187429854092,0.02861952861952862,0.037037037037037035,,present,,,,,,,,,,,,,,,,,,,,
G0,h104,ALL,S2,latency_only,pooled_counts,0,110,0,0,0,110,110,0,0,,0,0,zero denominator,,0,0,zero denominator,0.0,0,110,,0.0,0,110,,1.0,110,110,,0.0,0,110,,1.0,110,110,,0.0,0,110,,0.0,0,110,,0.026599326599326574,0.03378226711560043,0.04938271604938271,,present,,,,,,,,,,,,,,,,,,,,
G0,h104,ALL,S2,latency_only,equal_candidate_equal_workload_macro,,,,,,,,,,,,,all denominators zero,,,,all denominators zero,0.0,,,,0.0,,,,1.0,,,,0.0,,,,1.0,,,,0.0,,,,0.0,,,,0.026599326599326574,0.03378226711560043,0.04938271604938271,,,0,0,0,0,1,5,1,5,1,5,1,5,1,5,1,5,1,5,1,5
G0,h104,-2,S2,near_boundary,candidate_raw_counts,0,0,0,0,0,0,0,0,0,,0,0,zero denominator,,0,0,zero denominator,,0,0,zero denominator,,0,0,zero denominator,,0,0,zero denominator,,0,0,zero denominator,,0,0,zero denominator,,0,0,zero denominator,,0,0,zero denominator,,,,no both-attainment-defined points,absent,,,,,,,,,,,,,,,,,,,,
G0,h104,-1,S2,near_boundary,candidate_raw_counts,0,0,0,0,0,0,0,0,0,,0,0,zero denominator,,0,0,zero denominator,,0,0,zero denominator,,0,0,zero denominator,,0,0,zero denominator,,0,0,zero denominator,,0,0,zero denominator,,0,0,zero denominator,,0,0,zero denominator,,,,no both-attainment-defined points,absent,,,,,,,,,,,,,,,,,,,,
G0,h104,0,S2,near_boundary,candidate_raw_counts,0,0,0,0,0,0,0,0,0,,0,0,zero denominator,,0,0,zero denominator,,0,0,zero denominator,,0,0,zero denominator,,0,0,zero denominator,,0,0,zero denominator,,0,0,zero denominator,,0,0,zero denominator,,0,0,zero denominator,,,,no both-attainment-defined points,absent,,,,,,,,,,,,,,,,,,,,
G0,h104,1,S2,near_boundary,candidate_raw_counts,0,0,0,0,0,0,0,0,0,,0,0,zero denominator,,0,0,zero denominator,,0,0,zero denominator,,0,0,zero denominator,,0,0,zero denominator,,0,0,zero denominator,,0,0,zero denominator,,0,0,zero denominator,,0,0,zero denominator,,,,no both-attainment-defined points,absent,,,,,,,,,,,,,,,,,,,,
G0,h104,2,S2,near_boundary,candidate_raw_counts,0,0,0,0,0,0,0,0,0,,0,0,zero denominator,,0,0,zero denominator,,0,0,zero denominator,,0,0,zero denominator,,0,0,zero denominator,,0,0,zero denominator,,0,0,zero denominator,,0,0,zero denominator,,0,0,zero denominator,,,,no both-attainment-defined points,absent,,,,,,,,,,,,,,,,,,,,
G0,h104,ALL,S2,near_boundary,pooled_counts,0,0,0,0,0,0,0,0,0,,0,0,zero denominator,,0,0,zero denominator,,0,0,zero denominator,,0,0,zero denominator,,0,0,zero denominator,,0,0,zero denominator,,0,0,zero denominator,,0,0,zero denominator,,0,0,zero denominator,,,,no both-attainment-defined points,absent,,,,,,,,,,,,,,,,,,,,
G0,h104,ALL,S2,near_boundary,equal_candidate_equal_workload_macro,,,,,,,,,,,,,all denominators zero,,,,all denominators zero,,,,all denominators zero,,,,all denominators zero,,,,all denominators zero,,,,all denominators zero,,,,all denominators zero,,,,all denominators zero,,,,all denominators zero,,,,empty applicable subset,,0,0,0,0,0,0,0,0,0,0,0,0,0,0,0,0,0,0,0,0
G0,h104,-2,S3,service,candidate_raw_counts,0,22,0,0,30,52,22,0,0,,0,0,zero denominator,,0,0,zero denominator,0.0,0,22,,0.0,0,52,,0.4230769230769231,22,52,,0.0,0,22,,1.0,22,22,,0.0,0,22,,0.0,0,22,,0.0,0.0,0.0,,present,,,,,,,,,,,,,,,,,,,,
G0,h104,-1,S3,service,candidate_raw_counts,0,22,0,0,30,52,22,0,0,,0,0,zero denominator,,0,0,zero denominator,0.0,0,22,,0.0,0,52,,0.4230769230769231,22,52,,0.0,0,22,,1.0,22,22,,0.0,0,22,,0.0,0,22,,0.0,0.0,0.0,,present,,,,,,,,,,,,,,,,,,,,
G0,h104,0,S3,service,candidate_raw_counts,0,22,0,0,30,52,22,0,0,,0,0,zero denominator,,0,0,zero denominator,0.0,0,22,,0.0,0,52,,0.4230769230769231,22,52,,0.0,0,22,,1.0,22,22,,0.0,0,22,,0.0,0,22,,0.0,0.0,0.0,,present,,,,,,,,,,,,,,,,,,,,
G0,h104,1,S3,service,candidate_raw_counts,0,22,0,0,30,52,22,0,0,,0,0,zero denominator,,0,0,zero denominator,0.0,0,22,,0.0,0,52,,0.4230769230769231,22,52,,0.0,0,22,,1.0,22,22,,0.0,0,22,,0.0,0,22,,0.0,0.0,0.0,,present,,,,,,,,,,,,,,,,,,,,
G0,h104,2,S3,service,candidate_raw_counts,0,22,0,0,30,52,22,0,0,,0,0,zero denominator,,0,0,zero denominator,0.0,0,22,,0.0,0,52,,0.4230769230769231,22,52,,0.0,0,22,,1.0,22,22,,0.0,0,22,,0.0,0,22,,0.0,0.0,0.0,,present,,,,,,,,,,,,,,,,,,,,
G0,h104,ALL,S3,service,pooled_counts,0,110,0,0,150,260,110,0,0,,0,0,zero denominator,,0,0,zero denominator,0.0,0,110,,0.0,0,260,,0.4230769230769231,110,260,,0.0,0,110,,1.0,110,110,,0.0,0,110,,0.0,0,110,,0.0,0.0,0.0,,present,,,,,,,,,,,,,,,,,,,,
G0,h104,ALL,S3,service,equal_candidate_equal_workload_macro,,,,,,,,,,,,,all denominators zero,,,,all denominators zero,0.0,,,,0.0,,,,0.4230769230769231,,,,0.0,,,,1.0,,,,0.0,,,,0.0,,,,0.0,0.0,0.0,,,0,0,0,0,1,5,1,5,1,5,1,5,1,5,1,5,1,5,1,5
G0,h104,-2,S3,latency_only,candidate_raw_counts,0,22,0,0,0,22,22,0,0,,0,0,zero denominator,,0,0,zero denominator,0.0,0,22,,0.0,0,22,,1.0,22,22,,0.0,0,22,,1.0,22,22,,0.0,0,22,,0.0,0,22,,0.0,0.0,0.0,,present,,,,,,,,,,,,,,,,,,,,
G0,h104,-1,S3,latency_only,candidate_raw_counts,0,22,0,0,0,22,22,0,0,,0,0,zero denominator,,0,0,zero denominator,0.0,0,22,,0.0,0,22,,1.0,22,22,,0.0,0,22,,1.0,22,22,,0.0,0,22,,0.0,0,22,,0.0,0.0,0.0,,present,,,,,,,,,,,,,,,,,,,,
G0,h104,0,S3,latency_only,candidate_raw_counts,0,22,0,0,0,22,22,0,0,,0,0,zero denominator,,0,0,zero denominator,0.0,0,22,,0.0,0,22,,1.0,22,22,,0.0,0,22,,1.0,22,22,,0.0,0,22,,0.0,0,22,,0.0,0.0,0.0,,present,,,,,,,,,,,,,,,,,,,,
G0,h104,1,S3,latency_only,candidate_raw_counts,0,22,0,0,0,22,22,0,0,,0,0,zero denominator,,0,0,zero denominator,0.0,0,22,,0.0,0,22,,1.0,22,22,,0.0,0,22,,1.0,22,22,,0.0,0,22,,0.0,0,22,,0.0,0.0,0.0,,present,,,,,,,,,,,,,,,,,,,,
G0,h104,2,S3,latency_only,candidate_raw_counts,0,22,0,0,0,22,22,0,0,,0,0,zero denominator,,0,0,zero denominator,0.0,0,22,,0.0,0,22,,1.0,22,22,,0.0,0,22,,1.0,22,22,,0.0,0,22,,0.0,0,22,,0.0,0.0,0.0,,present,,,,,,,,,,,,,,,,,,,,
G0,h104,ALL,S3,latency_only,pooled_counts,0,110,0,0,0,110,110,0,0,,0,0,zero denominator,,0,0,zero denominator,0.0,0,110,,0.0,0,110,,1.0,110,110,,0.0,0,110,,1.0,110,110,,0.0,0,110,,0.0,0,110,,0.0,0.0,0.0,,present,,,,,,,,,,,,,,,,,,,,
G0,h104,ALL,S3,latency_only,equal_candidate_equal_workload_macro,,,,,,,,,,,,,all denominators zero,,,,all denominators zero,0.0,,,,0.0,,,,1.0,,,,0.0,,,,1.0,,,,0.0,,,,0.0,,,,0.0,0.0,0.0,,,0,0,0,0,1,5,1,5,1,5,1,5,1,5,1,5,1,5,1,5
G0,h104,-2,S3,near_boundary,candidate_raw_counts,0,0,0,0,0,0,0,0,0,,0,0,zero denominator,,0,0,zero denominator,,0,0,zero denominator,,0,0,zero denominator,,0,0,zero denominator,,0,0,zero denominator,,0,0,zero denominator,,0,0,zero denominator,,0,0,zero denominator,,,,no both-attainment-defined points,absent,,,,,,,,,,,,,,,,,,,,
G0,h104,-1,S3,near_boundary,candidate_raw_counts,0,0,0,0,0,0,0,0,0,,0,0,zero denominator,,0,0,zero denominator,,0,0,zero denominator,,0,0,zero denominator,,0,0,zero denominator,,0,0,zero denominator,,0,0,zero denominator,,0,0,zero denominator,,0,0,zero denominator,,,,no both-attainment-defined points,absent,,,,,,,,,,,,,,,,,,,,
G0,h104,0,S3,near_boundary,candidate_raw_counts,0,0,0,0,0,0,0,0,0,,0,0,zero denominator,,0,0,zero denominator,,0,0,zero denominator,,0,0,zero denominator,,0,0,zero denominator,,0,0,zero denominator,,0,0,zero denominator,,0,0,zero denominator,,0,0,zero denominator,,,,no both-attainment-defined points,absent,,,,,,,,,,,,,,,,,,,,
G0,h104,1,S3,near_boundary,candidate_raw_counts,0,0,0,0,0,0,0,0,0,,0,0,zero denominator,,0,0,zero denominator,,0,0,zero denominator,,0,0,zero denominator,,0,0,zero denominator,,0,0,zero denominator,,0,0,zero denominator,,0,0,zero denominator,,0,0,zero denominator,,,,no both-attainment-defined points,absent,,,,,,,,,,,,,,,,,,,,
G0,h104,2,S3,near_boundary,candidate_raw_counts,0,0,0,0,0,0,0,0,0,,0,0,zero denominator,,0,0,zero denominator,,0,0,zero denominator,,0,0,zero denominator,,0,0,zero denominator,,0,0,zero denominator,,0,0,zero denominator,,0,0,zero denominator,,0,0,zero denominator,,,,no both-attainment-defined points,absent,,,,,,,,,,,,,,,,,,,,
G0,h104,ALL,S3,near_boundary,pooled_counts,0,0,0,0,0,0,0,0,0,,0,0,zero denominator,,0,0,zero denominator,,0,0,zero denominator,,0,0,zero denominator,,0,0,zero denominator,,0,0,zero denominator,,0,0,zero denominator,,0,0,zero denominator,,0,0,zero denominator,,,,no both-attainment-defined points,absent,,,,,,,,,,,,,,,,,,,,
G0,h104,ALL,S3,near_boundary,equal_candidate_equal_workload_macro,,,,,,,,,,,,,all denominators zero,,,,all denominators zero,,,,all denominators zero,,,,all denominators zero,,,,all denominators zero,,,,all denominators zero,,,,all denominators zero,,,,all denominators zero,,,,all denominators zero,,,,empty applicable subset,,0,0,0,0,0,0,0,0,0,0,0,0,0,0,0,0,0,0,0,0
G0,h104,-2,S4,service,candidate_raw_counts,15,7,0,0,30,52,22,15,0,0.0,0,15,,0.0,0,15,,0.0,0,7,,0.28846153846153844,15,52,,0.4230769230769231,22,52,,0.6818181818181818,15,22,,0.3181818181818182,7,22,,0.0,0,22,,0.0,0,22,,-0.011784511784511781,0.011784511784511781,0.06172839506172839,,present,,,,,,,,,,,,,,,,,,,,
G0,h104,-1,S4,service,candidate_raw_counts,14,7,0,1,30,52,22,14,0,0.0,0,14,,0.06666666666666667,1,15,,0.0,0,7,,0.2692307692307692,14,52,,0.4230769230769231,22,52,,0.6363636363636364,14,22,,0.3181818181818182,7,22,,0.0,0,22,,0.045454545454545456,1,22,,-0.006734006734006736,0.006734006734006736,0.012345679012345678,,present,,,,,,,,,,,,,,,,,,,,
G0,h104,0,S4,service,candidate_raw_counts,14,7,0,1,30,52,22,14,0,0.0,0,14,,0.06666666666666667,1,15,,0.0,0,7,,0.2692307692307692,14,52,,0.4230769230769231,22,52,,0.6363636363636364,14,22,,0.3181818181818182,7,22,,0.0,0,22,,0.045454545454545456,1,22,,-0.0044893378226711555,0.01122334455667789,0.012345679012345678,,present,,,,,,,,,,,,,,,,,,,,
G0,h104,1,S4,service,candidate_raw_counts,14,8,0,0,30,52,22,14,0,0.0,0,14,,0.0,0,14,,0.0,0,8,,0.2692307692307692,14,52,,0.4230769230769231,22,52,,0.6363636363636364,14,22,,0.36363636363636365,8,22,,0.0,0,22,,0.0,0,22,,-0.004489337822671153,0.012345679012345677,0.012345679012345678,,present,,,,,,,,,,,,,,,,,,,,
G0,h104,2,S4,service,candidate_raw_counts,14,8,0,0,30,52,22,14,0,0.0,0,14,,0.0,0,14,,0.0,0,8,,0.2692307692307692,14,52,,0.4230769230769231,22,52,,0.6363636363636364,14,22,,0.36363636363636365,8,22,,0.0,0,22,,0.0,0,22,,-0.007856341189674527,0.007856341189674527,0.0,,present,,,,,,,,,,,,,,,,,,,,
G0,h104,ALL,S4,service,pooled_counts,71,37,0,2,150,260,110,71,0,0.0,0,71,,0.0273972602739726,2,73,,0.0,0,37,,0.27307692307692305,71,260,,0.4230769230769231,110,260,,0.6454545454545455,71,110,,0.33636363636363636,37,110,,0.0,0,110,,0.01818181818181818,2,110,,-0.007070707070707071,0.009988776655443322,0.012345679012345678,,present,,,,,,,,,,,,,,,,,,,,
G0,h104,ALL,S4,service,equal_candidate_equal_workload_macro,,,,,,,,,,0.0,,,,0.026666666666666665,,,,0.0,,,,0.27307692307692305,,,,0.4230769230769231,,,,0.6454545454545454,,,,0.33636363636363636,,,,0.0,,,,0.01818181818181818,,,,-0.007070707070707071,0.009988776655443322,0.012345679012345678,,,1,5,1,5,1,5,1,5,1,5,1,5,1,5,1,5,1,5,1,5
G0,h104,-2,S4,latency_only,candidate_raw_counts,15,7,0,0,0,22,22,15,0,0.0,0,15,,0.0,0,15,,0.0,0,7,,0.6818181818181818,15,22,,1.0,22,22,,0.6818181818181818,15,22,,0.3181818181818182,7,22,,0.0,0,22,,0.0,0,22,,-0.011784511784511781,0.011784511784511781,0.06172839506172839,,present,,,,,,,,,,,,,,,,,,,,
G0,h104,-1,S4,latency_only,candidate_raw_counts,14,7,0,1,0,22,22,14,0,0.0,0,14,,0.06666666666666667,1,15,,0.0,0,7,,0.6363636363636364,14,22,,1.0,22,22,,0.6363636363636364,14,22,,0.3181818181818182,7,22,,0.0,0,22,,0.045454545454545456,1,22,,-0.006734006734006736,0.006734006734006736,0.012345679012345678,,present,,,,,,,,,,,,,,,,,,,,
G0,h104,0,S4,latency_only,candidate_raw_counts,14,7,0,1,0,22,22,14,0,0.0,0,14,,0.06666666666666667,1,15,,0.0,0,7,,0.6363636363636364,14,22,,1.0,22,22,,0.6363636363636364,14,22,,0.3181818181818182,7,22,,0.0,0,22,,0.045454545454545456,1,22,,-0.0044893378226711555,0.01122334455667789,0.012345679012345678,,present,,,,,,,,,,,,,,,,,,,,
G0,h104,1,S4,latency_only,candidate_raw_counts,14,8,0,0,0,22,22,14,0,0.0,0,14,,0.0,0,14,,0.0,0,8,,0.6363636363636364,14,22,,1.0,22,22,,0.6363636363636364,14,22,,0.36363636363636365,8,22,,0.0,0,22,,0.0,0,22,,-0.004489337822671153,0.012345679012345677,0.012345679012345678,,present,,,,,,,,,,,,,,,,,,,,
G0,h104,2,S4,latency_only,candidate_raw_counts,14,8,0,0,0,22,22,14,0,0.0,0,14,,0.0,0,14,,0.0,0,8,,0.6363636363636364,14,22,,1.0,22,22,,0.6363636363636364,14,22,,0.36363636363636365,8,22,,0.0,0,22,,0.0,0,22,,-0.007856341189674527,0.007856341189674527,0.0,,present,,,,,,,,,,,,,,,,,,,,
G0,h104,ALL,S4,latency_only,pooled_counts,71,37,0,2,0,110,110,71,0,0.0,0,71,,0.0273972602739726,2,73,,0.0,0,37,,0.6454545454545455,71,110,,1.0,110,110,,0.6454545454545455,71,110,,0.33636363636363636,37,110,,0.0,0,110,,0.01818181818181818,2,110,,-0.007070707070707071,0.009988776655443322,0.012345679012345678,,present,,,,,,,,,,,,,,,,,,,,
G0,h104,ALL,S4,latency_only,equal_candidate_equal_workload_macro,,,,,,,,,,0.0,,,,0.026666666666666665,,,,0.0,,,,0.6454545454545454,,,,1.0,,,,0.6454545454545454,,,,0.33636363636363636,,,,0.0,,,,0.01818181818181818,,,,-0.007070707070707071,0.009988776655443322,0.012345679012345678,,,1,5,1,5,1,5,1,5,1,5,1,5,1,5,1,5,1,5,1,5
G0,h104,-2,S4,near_boundary,candidate_raw_counts,0,0,0,0,0,0,0,0,0,,0,0,zero denominator,,0,0,zero denominator,,0,0,zero denominator,,0,0,zero denominator,,0,0,zero denominator,,0,0,zero denominator,,0,0,zero denominator,,0,0,zero denominator,,0,0,zero denominator,,,,no both-attainment-defined points,absent,,,,,,,,,,,,,,,,,,,,
G0,h104,-1,S4,near_boundary,candidate_raw_counts,0,0,0,0,0,0,0,0,0,,0,0,zero denominator,,0,0,zero denominator,,0,0,zero denominator,,0,0,zero denominator,,0,0,zero denominator,,0,0,zero denominator,,0,0,zero denominator,,0,0,zero denominator,,0,0,zero denominator,,,,no both-attainment-defined points,absent,,,,,,,,,,,,,,,,,,,,
G0,h104,0,S4,near_boundary,candidate_raw_counts,0,0,0,0,0,0,0,0,0,,0,0,zero denominator,,0,0,zero denominator,,0,0,zero denominator,,0,0,zero denominator,,0,0,zero denominator,,0,0,zero denominator,,0,0,zero denominator,,0,0,zero denominator,,0,0,zero denominator,,,,no both-attainment-defined points,absent,,,,,,,,,,,,,,,,,,,,
G0,h104,1,S4,near_boundary,candidate_raw_counts,0,0,0,0,0,0,0,0,0,,0,0,zero denominator,,0,0,zero denominator,,0,0,zero denominator,,0,0,zero denominator,,0,0,zero denominator,,0,0,zero denominator,,0,0,zero denominator,,0,0,zero denominator,,0,0,zero denominator,,,,no both-attainment-defined points,absent,,,,,,,,,,,,,,,,,,,,
G0,h104,2,S4,near_boundary,candidate_raw_counts,0,0,0,0,0,0,0,0,0,,0,0,zero denominator,,0,0,zero denominator,,0,0,zero denominator,,0,0,zero denominator,,0,0,zero denominator,,0,0,zero denominator,,0,0,zero denominator,,0,0,zero denominator,,0,0,zero denominator,,,,no both-attainment-defined points,absent,,,,,,,,,,,,,,,,,,,,
G0,h104,ALL,S4,near_boundary,pooled_counts,0,0,0,0,0,0,0,0,0,,0,0,zero denominator,,0,0,zero denominator,,0,0,zero denominator,,0,0,zero denominator,,0,0,zero denominator,,0,0,zero denominator,,0,0,zero denominator,,0,0,zero denominator,,0,0,zero denominator,,,,no both-attainment-defined points,absent,,,,,,,,,,,,,,,,,,,,
G0,h104,ALL,S4,near_boundary,equal_candidate_equal_workload_macro,,,,,,,,,,,,,all denominators zero,,,,all denominators zero,,,,all denominators zero,,,,all denominators zero,,,,all denominators zero,,,,all denominators zero,,,,all denominators zero,,,,all denominators zero,,,,all denominators zero,,,,empty applicable subset,,0,0,0,0,0,0,0,0,0,0,0,0,0,0,0,0,0,0,0,0
G0,h104,-2,S5,service,candidate_raw_counts,15,7,0,0,30,52,22,15,0,0.0,0,15,,0.0,0,15,,0.0,0,7,,0.28846153846153844,15,52,,0.4230769230769231,22,52,,0.6818181818181818,15,22,,0.3181818181818182,7,22,,0.0,0,22,,0.0,0,22,,0.015712682379349044,0.015712682379349044,0.07407407407407407,,present,,,,,,,,,,,,,,,,,,,,
G0,h104,-1,S5,service,candidate_raw_counts,15,7,0,0,30,52,22,15,0,0.0,0,15,,0.0,0,15,,0.0,0,7,,0.28846153846153844,15,52,,0.4230769230769231,22,52,,0.6818181818181818,15,22,,0.3181818181818182,7,22,,0.0,0,22,,0.0,0,22,,0.010662177328843996,0.010662177328843996,0.04938271604938271,,present,,,,,,,,,,,,,,,,,,,,
G0,h104,0,S5,service,candidate_raw_counts,15,7,0,0,30,52,22,15,0,0.0,0,15,,0.0,0,15,,0.0,0,7,,0.28846153846153844,15,52,,0.4230769230769231,22,52,,0.6818181818181818,15,22,,0.3181818181818182,7,22,,0.0,0,22,,0.0,0,22,,0.013468013468013467,0.013468013468013467,0.037037037037037035,,present,,,,,,,,,,,,,,,,,,,,
G0,h104,1,S5,service,candidate_raw_counts,15,7,0,0,30,52,22,15,0,0.0,0,15,,0.0,0,15,,0.0,0,7,,0.28846153846153844,15,52,,0.4230769230769231,22,52,,0.6818181818181818,15,22,,0.3181818181818182,7,22,,0.0,0,22,,0.0,0,22,,0.012906846240179572,0.014029180695847361,0.04938271604938271,,present,,,,,,,,,,,,,,,,,,,,
G0,h104,2,S5,service,candidate_raw_counts,15,7,0,0,30,52,22,15,0,0.0,0,15,,0.0,0,15,,0.0,0,7,,0.28846153846153844,15,52,,0.4230769230769231,22,52,,0.6818181818181818,15,22,,0.3181818181818182,7,22,,0.0,0,22,,0.0,0,22,,0.011784511784511785,0.011784511784511785,0.04938271604938271,,present,,,,,,,,,,,,,,,,,,,,
G0,h104,ALL,S5,service,pooled_counts,75,35,0,0,150,260,110,75,0,0.0,0,75,,0.0,0,75,,0.0,0,35,,0.28846153846153844,75,260,,0.4230769230769231,110,260,,0.6818181818181818,75,110,,0.3181818181818182,35,110,,0.0,0,110,,0.0,0,110,,0.012906846240179572,0.013131313131313131,0.04938271604938271,,present,,,,,,,,,,,,,,,,,,,,
G0,h104,ALL,S5,service,equal_candidate_equal_workload_macro,,,,,,,,,,0.0,,,,0.0,,,,0.0,,,,0.28846153846153844,,,,0.4230769230769231,,,,0.6818181818181818,,,,0.3181818181818182,,,,0.0,,,,0.0,,,,0.012906846240179572,0.013131313131313131,0.04938271604938271,,,1,5,1,5,1,5,1,5,1,5,1,5,1,5,1,5,1,5,1,5
G0,h104,-2,S5,latency_only,candidate_raw_counts,15,7,0,0,0,22,22,15,0,0.0,0,15,,0.0,0,15,,0.0,0,7,,0.6818181818181818,15,22,,1.0,22,22,,0.6818181818181818,15,22,,0.3181818181818182,7,22,,0.0,0,22,,0.0,0,22,,0.015712682379349044,0.015712682379349044,0.07407407407407407,,present,,,,,,,,,,,,,,,,,,,,
G0,h104,-1,S5,latency_only,candidate_raw_counts,15,7,0,0,0,22,22,15,0,0.0,0,15,,0.0,0,15,,0.0,0,7,,0.6818181818181818,15,22,,1.0,22,22,,0.6818181818181818,15,22,,0.3181818181818182,7,22,,0.0,0,22,,0.0,0,22,,0.010662177328843996,0.010662177328843996,0.04938271604938271,,present,,,,,,,,,,,,,,,,,,,,
G0,h104,0,S5,latency_only,candidate_raw_counts,15,7,0,0,0,22,22,15,0,0.0,0,15,,0.0,0,15,,0.0,0,7,,0.6818181818181818,15,22,,1.0,22,22,,0.6818181818181818,15,22,,0.3181818181818182,7,22,,0.0,0,22,,0.0,0,22,,0.013468013468013467,0.013468013468013467,0.037037037037037035,,present,,,,,,,,,,,,,,,,,,,,
G0,h104,1,S5,latency_only,candidate_raw_counts,15,7,0,0,0,22,22,15,0,0.0,0,15,,0.0,0,15,,0.0,0,7,,0.6818181818181818,15,22,,1.0,22,22,,0.6818181818181818,15,22,,0.3181818181818182,7,22,,0.0,0,22,,0.0,0,22,,0.012906846240179572,0.014029180695847361,0.04938271604938271,,present,,,,,,,,,,,,,,,,,,,,
G0,h104,2,S5,latency_only,candidate_raw_counts,15,7,0,0,0,22,22,15,0,0.0,0,15,,0.0,0,15,,0.0,0,7,,0.6818181818181818,15,22,,1.0,22,22,,0.6818181818181818,15,22,,0.3181818181818182,7,22,,0.0,0,22,,0.0,0,22,,0.011784511784511785,0.011784511784511785,0.04938271604938271,,present,,,,,,,,,,,,,,,,,,,,
G0,h104,ALL,S5,latency_only,pooled_counts,75,35,0,0,0,110,110,75,0,0.0,0,75,,0.0,0,75,,0.0,0,35,,0.6818181818181818,75,110,,1.0,110,110,,0.6818181818181818,75,110,,0.3181818181818182,35,110,,0.0,0,110,,0.0,0,110,,0.012906846240179572,0.013131313131313131,0.04938271604938271,,present,,,,,,,,,,,,,,,,,,,,
G0,h104,ALL,S5,latency_only,equal_candidate_equal_workload_macro,,,,,,,,,,0.0,,,,0.0,,,,0.0,,,,0.6818181818181818,,,,1.0,,,,0.6818181818181818,,,,0.3181818181818182,,,,0.0,,,,0.0,,,,0.012906846240179572,0.013131313131313131,0.04938271604938271,,,1,5,1,5,1,5,1,5,1,5,1,5,1,5,1,5,1,5,1,5
G0,h104,-2,S5,near_boundary,candidate_raw_counts,0,0,0,0,0,0,0,0,0,,0,0,zero denominator,,0,0,zero denominator,,0,0,zero denominator,,0,0,zero denominator,,0,0,zero denominator,,0,0,zero denominator,,0,0,zero denominator,,0,0,zero denominator,,0,0,zero denominator,,,,no both-attainment-defined points,absent,,,,,,,,,,,,,,,,,,,,
G0,h104,-1,S5,near_boundary,candidate_raw_counts,0,0,0,0,0,0,0,0,0,,0,0,zero denominator,,0,0,zero denominator,,0,0,zero denominator,,0,0,zero denominator,,0,0,zero denominator,,0,0,zero denominator,,0,0,zero denominator,,0,0,zero denominator,,0,0,zero denominator,,,,no both-attainment-defined points,absent,,,,,,,,,,,,,,,,,,,,
G0,h104,0,S5,near_boundary,candidate_raw_counts,0,0,0,0,0,0,0,0,0,,0,0,zero denominator,,0,0,zero denominator,,0,0,zero denominator,,0,0,zero denominator,,0,0,zero denominator,,0,0,zero denominator,,0,0,zero denominator,,0,0,zero denominator,,0,0,zero denominator,,,,no both-attainment-defined points,absent,,,,,,,,,,,,,,,,,,,,
G0,h104,1,S5,near_boundary,candidate_raw_counts,0,0,0,0,0,0,0,0,0,,0,0,zero denominator,,0,0,zero denominator,,0,0,zero denominator,,0,0,zero denominator,,0,0,zero denominator,,0,0,zero denominator,,0,0,zero denominator,,0,0,zero denominator,,0,0,zero denominator,,,,no both-attainment-defined points,absent,,,,,,,,,,,,,,,,,,,,
G0,h104,2,S5,near_boundary,candidate_raw_counts,0,0,0,0,0,0,0,0,0,,0,0,zero denominator,,0,0,zero denominator,,0,0,zero denominator,,0,0,zero denominator,,0,0,zero denominator,,0,0,zero denominator,,0,0,zero denominator,,0,0,zero denominator,,0,0,zero denominator,,,,no both-attainment-defined points,absent,,,,,,,,,,,,,,,,,,,,
G0,h104,ALL,S5,near_boundary,pooled_counts,0,0,0,0,0,0,0,0,0,,0,0,zero denominator,,0,0,zero denominator,,0,0,zero denominator,,0,0,zero denominator,,0,0,zero denominator,,0,0,zero denominator,,0,0,zero denominator,,0,0,zero denominator,,0,0,zero denominator,,,,no both-attainment-defined points,absent,,,,,,,,,,,,,,,,,,,,
G0,h104,ALL,S5,near_boundary,equal_candidate_equal_workload_macro,,,,,,,,,,,,,all denominators zero,,,,all denominators zero,,,,all denominators zero,,,,all denominators zero,,,,all denominators zero,,,,all denominators zero,,,,all denominators zero,,,,all denominators zero,,,,all denominators zero,,,,empty applicable subset,,0,0,0,0,0,0,0,0,0,0,0,0,0,0,0,0,0,0,0,0
G0,h104,-2,S6,service,candidate_raw_counts,20,2,0,0,30,52,22,20,0,0.0,0,20,,0.0,0,20,,0.0,0,2,,0.38461538461538464,20,52,,0.4230769230769231,22,52,,0.9090909090909091,20,22,,0.09090909090909091,2,22,,0.0,0,22,,0.0,0,22,,-0.0005611672278338944,0.017396184062850734,0.024691358024691357,,present,,,,,,,,,,,,,,,,,,,,
G0,h104,-1,S6,service,candidate_raw_counts,20,2,0,0,30,52,22,20,0,0.0,0,20,,0.0,0,20,,0.0,0,2,,0.38461538461538464,20,52,,0.4230769230769231,22,52,,0.9090909090909091,20,22,,0.09090909090909091,2,22,,0.0,0,22,,0.0,0,22,,-0.006172839506172842,0.007295173961840626,0.012345679012345623,,present,,,,,,,,,,,,,,,,,,,,
G0,h104,0,S6,service,candidate_raw_counts,20,2,0,0,30,52,22,20,0,0.0,0,20,,0.0,0,20,,0.0,0,2,,0.38461538461538464,20,52,,0.4230769230769231,22,52,,0.9090909090909091,20,22,,0.09090909090909091,2,22,,0.0,0,22,,0.0,0,22,,0.000561167227833892,0.016273849607182936,0.03703703703703709,,present,,,,,,,,,,,,,,,,,,,,
G0,h104,1,S6,service,candidate_raw_counts,20,2,0,0,30,52,22,20,0,0.0,0,20,,0.0,0,20,,0.0,0,2,,0.38461538461538464,20,52,,0.4230769230769231,22,52,,0.9090909090909091,20,22,,0.09090909090909091,2,22,,0.0,0,22,,0.0,0,22,,0.008978675645342306,0.024691358024691353,0.04938271604938271,,present,,,,,,,,,,,,,,,,,,,,
G0,h104,2,S6,service,candidate_raw_counts,15,2,5,0,30,52,22,20,0,0.25,5,20,,0.0,0,15,,0.7142857142857143,5,7,,0.38461538461538464,20,52,,0.4230769230769231,22,52,,0.6818181818181818,15,22,,0.09090909090909091,2,22,,0.22727272727272727,5,22,,0.0,0,22,,0.036475869809203136,0.04433221099887766,0.12345679012345678,,present,,,,,,,,,,,,,,,,,,,,
G0,h104,ALL,S6,service,pooled_counts,95,10,5,0,150,260,110,100,0,0.05,5,100,,0.0,0,95,,0.3333333333333333,5,15,,0.38461538461538464,100,260,,0.4230769230769231,110,260,,0.8636363636363636,95,110,,0.09090909090909091,10,110,,0.045454545454545456,5,110,,0.0,0,110,,0.00785634118967452,0.02199775533108866,0.08641975308641969,,present,,,,,,,,,,,,,,,,,,,,
G0,h104,ALL,S6,service,equal_candidate_equal_workload_macro,,,,,,,,,,0.05,,,,0.0,,,,0.14285714285714285,,,,0.38461538461538464,,,,0.4230769230769231,,,,0.8636363636363636,,,,0.09090909090909091,,,,0.045454545454545456,,,,0.0,,,,0.00785634118967452,0.02199775533108866,0.08641975308641969,,,1,5,1,5,1,5,1,5,1,5,1,5,1,5,1,5,1,5,1,5
G0,h104,-2,S6,latency_only,candidate_raw_counts,20,2,0,0,0,22,22,20,0,0.0,0,20,,0.0,0,20,,0.0,0,2,,0.9090909090909091,20,22,,1.0,22,22,,0.9090909090909091,20,22,,0.09090909090909091,2,22,,0.0,0,22,,0.0,0,22,,-0.0005611672278338944,0.017396184062850734,0.024691358024691357,,present,,,,,,,,,,,,,,,,,,,,
G0,h104,-1,S6,latency_only,candidate_raw_counts,20,2,0,0,0,22,22,20,0,0.0,0,20,,0.0,0,20,,0.0,0,2,,0.9090909090909091,20,22,,1.0,22,22,,0.9090909090909091,20,22,,0.09090909090909091,2,22,,0.0,0,22,,0.0,0,22,,-0.006172839506172842,0.007295173961840626,0.012345679012345623,,present,,,,,,,,,,,,,,,,,,,,
G0,h104,0,S6,latency_only,candidate_raw_counts,20,2,0,0,0,22,22,20,0,0.0,0,20,,0.0,0,20,,0.0,0,2,,0.9090909090909091,20,22,,1.0,22,22,,0.9090909090909091,20,22,,0.09090909090909091,2,22,,0.0,0,22,,0.0,0,22,,0.000561167227833892,0.016273849607182936,0.03703703703703709,,present,,,,,,,,,,,,,,,,,,,,
G0,h104,1,S6,latency_only,candidate_raw_counts,20,2,0,0,0,22,22,20,0,0.0,0,20,,0.0,0,20,,0.0,0,2,,0.9090909090909091,20,22,,1.0,22,22,,0.9090909090909091,20,22,,0.09090909090909091,2,22,,0.0,0,22,,0.0,0,22,,0.008978675645342306,0.024691358024691353,0.04938271604938271,,present,,,,,,,,,,,,,,,,,,,,
G0,h104,2,S6,latency_only,candidate_raw_counts,15,2,5,0,0,22,22,20,0,0.25,5,20,,0.0,0,15,,0.7142857142857143,5,7,,0.9090909090909091,20,22,,1.0,22,22,,0.6818181818181818,15,22,,0.09090909090909091,2,22,,0.22727272727272727,5,22,,0.0,0,22,,0.036475869809203136,0.04433221099887766,0.12345679012345678,,present,,,,,,,,,,,,,,,,,,,,
G0,h104,ALL,S6,latency_only,pooled_counts,95,10,5,0,0,110,110,100,0,0.05,5,100,,0.0,0,95,,0.3333333333333333,5,15,,0.9090909090909091,100,110,,1.0,110,110,,0.8636363636363636,95,110,,0.09090909090909091,10,110,,0.045454545454545456,5,110,,0.0,0,110,,0.00785634118967452,0.02199775533108866,0.08641975308641969,,present,,,,,,,,,,,,,,,,,,,,
G0,h104,ALL,S6,latency_only,equal_candidate_equal_workload_macro,,,,,,,,,,0.05,,,,0.0,,,,0.14285714285714285,,,,0.9090909090909091,,,,1.0,,,,0.8636363636363636,,,,0.09090909090909091,,,,0.045454545454545456,,,,0.0,,,,0.00785634118967452,0.02199775533108866,0.08641975308641969,,,1,5,1,5,1,5,1,5,1,5,1,5,1,5,1,5,1,5,1,5
G0,h104,-2,S6,near_boundary,candidate_raw_counts,0,0,0,0,0,0,0,0,0,,0,0,zero denominator,,0,0,zero denominator,,0,0,zero denominator,,0,0,zero denominator,,0,0,zero denominator,,0,0,zero denominator,,0,0,zero denominator,,0,0,zero denominator,,0,0,zero denominator,,,,no both-attainment-defined points,absent,,,,,,,,,,,,,,,,,,,,
G0,h104,-1,S6,near_boundary,candidate_raw_counts,0,0,0,0,0,0,0,0,0,,0,0,zero denominator,,0,0,zero denominator,,0,0,zero denominator,,0,0,zero denominator,,0,0,zero denominator,,0,0,zero denominator,,0,0,zero denominator,,0,0,zero denominator,,0,0,zero denominator,,,,no both-attainment-defined points,absent,,,,,,,,,,,,,,,,,,,,
G0,h104,0,S6,near_boundary,candidate_raw_counts,0,0,0,0,0,0,0,0,0,,0,0,zero denominator,,0,0,zero denominator,,0,0,zero denominator,,0,0,zero denominator,,0,0,zero denominator,,0,0,zero denominator,,0,0,zero denominator,,0,0,zero denominator,,0,0,zero denominator,,,,no both-attainment-defined points,absent,,,,,,,,,,,,,,,,,,,,
G0,h104,1,S6,near_boundary,candidate_raw_counts,3,0,0,0,0,3,3,3,0,0.0,0,3,,0.0,0,3,,,0,0,zero denominator,1.0,3,3,,1.0,3,3,,1.0,3,3,,0.0,0,3,,0.0,0,3,,0.0,0,3,,0.041152263374485555,0.041152263374485555,0.04938271604938271,,present,,,,,,,,,,,,,,,,,,,,
G0,h104,2,S6,near_boundary,candidate_raw_counts,0,0,0,0,0,0,0,0,0,,0,0,zero denominator,,0,0,zero denominator,,0,0,zero denominator,,0,0,zero denominator,,0,0,zero denominator,,0,0,zero denominator,,0,0,zero denominator,,0,0,zero denominator,,0,0,zero denominator,,,,no both-attainment-defined points,absent,,,,,,,,,,,,,,,,,,,,
G0,h104,ALL,S6,near_boundary,pooled_counts,3,0,0,0,0,3,3,3,0,0.0,0,3,,0.0,0,3,,,0,0,zero denominator,1.0,3,3,,1.0,3,3,,1.0,3,3,,0.0,0,3,,0.0,0,3,,0.0,0,3,,0.041152263374485555,0.041152263374485555,0.04938271604938271,,present,,,,,,,,,,,,,,,,,,,,
G0,h104,ALL,S6,near_boundary,equal_candidate_equal_workload_macro,,,,,,,,,,0.0,,,,0.0,,,,,,,all denominators zero,1.0,,,,1.0,,,,1.0,,,,0.0,,,,0.0,,,,0.0,,,,0.041152263374485555,0.041152263374485555,0.04938271604938271,,,1,1,1,1,0,0,1,1,1,1,1,1,1,1,1,1,1,1,1,1
G0,h105,-2,S1,service,candidate_raw_counts,0,27,0,0,46,73,27,0,0,,0,0,zero denominator,,0,0,zero denominator,0.0,0,27,,0.0,0,73,,0.3698630136986301,27,73,,0.0,0,27,,1.0,27,27,,0.0,0,27,,0.0,0,27,,0.0,0.0,0.0,,present,,,,,,,,,,,,,,,,,,,,
G0,h105,-1,S1,service,candidate_raw_counts,0,27,0,0,46,73,27,0,0,,0,0,zero denominator,,0,0,zero denominator,0.0,0,27,,0.0,0,73,,0.3698630136986301,27,73,,0.0,0,27,,1.0,27,27,,0.0,0,27,,0.0,0,27,,0.0,0.0,0.0,,present,,,,,,,,,,,,,,,,,,,,
G0,h105,0,S1,service,candidate_raw_counts,0,27,0,0,46,73,27,0,0,,0,0,zero denominator,,0,0,zero denominator,0.0,0,27,,0.0,0,73,,0.3698630136986301,27,73,,0.0,0,27,,1.0,27,27,,0.0,0,27,,0.0,0,27,,0.0,0.0,0.0,,present,,,,,,,,,,,,,,,,,,,,
G0,h105,1,S1,service,candidate_raw_counts,0,27,0,0,46,73,27,0,0,,0,0,zero denominator,,0,0,zero denominator,0.0,0,27,,0.0,0,73,,0.3698630136986301,27,73,,0.0,0,27,,1.0,27,27,,0.0,0,27,,0.0,0,27,,0.0,0.0,0.0,,present,,,,,,,,,,,,,,,,,,,,
G0,h105,2,S1,service,candidate_raw_counts,0,27,0,0,46,73,27,0,0,,0,0,zero denominator,,0,0,zero denominator,0.0,0,27,,0.0,0,73,,0.3698630136986301,27,73,,0.0,0,27,,1.0,27,27,,0.0,0,27,,0.0,0,27,,0.0,0.0,0.0,,present,,,,,,,,,,,,,,,,,,,,
G0,h105,ALL,S1,service,pooled_counts,0,135,0,0,230,365,135,0,0,,0,0,zero denominator,,0,0,zero denominator,0.0,0,135,,0.0,0,365,,0.3698630136986301,135,365,,0.0,0,135,,1.0,135,135,,0.0,0,135,,0.0,0,135,,0.0,0.0,0.0,,present,,,,,,,,,,,,,,,,,,,,
G0,h105,ALL,S1,service,equal_candidate_equal_workload_macro,,,,,,,,,,,,,all denominators zero,,,,all denominators zero,0.0,,,,0.0,,,,0.3698630136986301,,,,0.0,,,,1.0,,,,0.0,,,,0.0,,,,0.0,0.0,0.0,,,0,0,0,0,1,5,1,5,1,5,1,5,1,5,1,5,1,5,1,5
G0,h105,-2,S1,latency_only,candidate_raw_counts,0,27,0,0,0,27,27,0,0,,0,0,zero denominator,,0,0,zero denominator,0.0,0,27,,0.0,0,27,,1.0,27,27,,0.0,0,27,,1.0,27,27,,0.0,0,27,,0.0,0,27,,0.0,0.0,0.0,,present,,,,,,,,,,,,,,,,,,,,
G0,h105,-1,S1,latency_only,candidate_raw_counts,0,27,0,0,0,27,27,0,0,,0,0,zero denominator,,0,0,zero denominator,0.0,0,27,,0.0,0,27,,1.0,27,27,,0.0,0,27,,1.0,27,27,,0.0,0,27,,0.0,0,27,,0.0,0.0,0.0,,present,,,,,,,,,,,,,,,,,,,,
G0,h105,0,S1,latency_only,candidate_raw_counts,0,27,0,0,0,27,27,0,0,,0,0,zero denominator,,0,0,zero denominator,0.0,0,27,,0.0,0,27,,1.0,27,27,,0.0,0,27,,1.0,27,27,,0.0,0,27,,0.0,0,27,,0.0,0.0,0.0,,present,,,,,,,,,,,,,,,,,,,,
G0,h105,1,S1,latency_only,candidate_raw_counts,0,27,0,0,0,27,27,0,0,,0,0,zero denominator,,0,0,zero denominator,0.0,0,27,,0.0,0,27,,1.0,27,27,,0.0,0,27,,1.0,27,27,,0.0,0,27,,0.0,0,27,,0.0,0.0,0.0,,present,,,,,,,,,,,,,,,,,,,,
G0,h105,2,S1,latency_only,candidate_raw_counts,0,27,0,0,0,27,27,0,0,,0,0,zero denominator,,0,0,zero denominator,0.0,0,27,,0.0,0,27,,1.0,27,27,,0.0,0,27,,1.0,27,27,,0.0,0,27,,0.0,0,27,,0.0,0.0,0.0,,present,,,,,,,,,,,,,,,,,,,,
G0,h105,ALL,S1,latency_only,pooled_counts,0,135,0,0,0,135,135,0,0,,0,0,zero denominator,,0,0,zero denominator,0.0,0,135,,0.0,0,135,,1.0,135,135,,0.0,0,135,,1.0,135,135,,0.0,0,135,,0.0,0,135,,0.0,0.0,0.0,,present,,,,,,,,,,,,,,,,,,,,
G0,h105,ALL,S1,latency_only,equal_candidate_equal_workload_macro,,,,,,,,,,,,,all denominators zero,,,,all denominators zero,0.0,,,,0.0,,,,1.0,,,,0.0,,,,1.0,,,,0.0,,,,0.0,,,,0.0,0.0,0.0,,,0,0,0,0,1,5,1,5,1,5,1,5,1,5,1,5,1,5,1,5
G0,h105,-2,S1,near_boundary,candidate_raw_counts,0,0,0,0,0,0,0,0,0,,0,0,zero denominator,,0,0,zero denominator,,0,0,zero denominator,,0,0,zero denominator,,0,0,zero denominator,,0,0,zero denominator,,0,0,zero denominator,,0,0,zero denominator,,0,0,zero denominator,,,,no both-attainment-defined points,absent,,,,,,,,,,,,,,,,,,,,
G0,h105,-1,S1,near_boundary,candidate_raw_counts,0,0,0,0,0,0,0,0,0,,0,0,zero denominator,,0,0,zero denominator,,0,0,zero denominator,,0,0,zero denominator,,0,0,zero denominator,,0,0,zero denominator,,0,0,zero denominator,,0,0,zero denominator,,0,0,zero denominator,,,,no both-attainment-defined points,absent,,,,,,,,,,,,,,,,,,,,
G0,h105,0,S1,near_boundary,candidate_raw_counts,0,0,0,0,0,0,0,0,0,,0,0,zero denominator,,0,0,zero denominator,,0,0,zero denominator,,0,0,zero denominator,,0,0,zero denominator,,0,0,zero denominator,,0,0,zero denominator,,0,0,zero denominator,,0,0,zero denominator,,,,no both-attainment-defined points,absent,,,,,,,,,,,,,,,,,,,,
G0,h105,1,S1,near_boundary,candidate_raw_counts,0,0,0,0,0,0,0,0,0,,0,0,zero denominator,,0,0,zero denominator,,0,0,zero denominator,,0,0,zero denominator,,0,0,zero denominator,,0,0,zero denominator,,0,0,zero denominator,,0,0,zero denominator,,0,0,zero denominator,,,,no both-attainment-defined points,absent,,,,,,,,,,,,,,,,,,,,
G0,h105,2,S1,near_boundary,candidate_raw_counts,0,0,0,0,0,0,0,0,0,,0,0,zero denominator,,0,0,zero denominator,,0,0,zero denominator,,0,0,zero denominator,,0,0,zero denominator,,0,0,zero denominator,,0,0,zero denominator,,0,0,zero denominator,,0,0,zero denominator,,,,no both-attainment-defined points,absent,,,,,,,,,,,,,,,,,,,,
G0,h105,ALL,S1,near_boundary,pooled_counts,0,0,0,0,0,0,0,0,0,,0,0,zero denominator,,0,0,zero denominator,,0,0,zero denominator,,0,0,zero denominator,,0,0,zero denominator,,0,0,zero denominator,,0,0,zero denominator,,0,0,zero denominator,,0,0,zero denominator,,,,no both-attainment-defined points,absent,,,,,,,,,,,,,,,,,,,,
G0,h105,ALL,S1,near_boundary,equal_candidate_equal_workload_macro,,,,,,,,,,,,,all denominators zero,,,,all denominators zero,,,,all denominators zero,,,,all denominators zero,,,,all denominators zero,,,,all denominators zero,,,,all denominators zero,,,,all denominators zero,,,,all denominators zero,,,,empty applicable subset,,0,0,0,0,0,0,0,0,0,0,0,0,0,0,0,0,0,0,0,0
G0,h105,-2,S2,service,candidate_raw_counts,0,27,0,0,46,73,27,0,0,,0,0,zero denominator,,0,0,zero denominator,0.0,0,27,,0.0,0,73,,0.3698630136986301,27,73,,0.0,0,27,,1.0,27,27,,0.0,0,27,,0.0,0,27,,0.16137566137566142,0.16137566137566142,0.21428571428571436,,present,,,,,,,,,,,,,,,,,,,,
G0,h105,-1,S2,service,candidate_raw_counts,0,27,0,0,46,73,27,0,0,,0,0,zero denominator,,0,0,zero denominator,0.0,0,27,,0.0,0,73,,0.3698630136986301,27,73,,0.0,0,27,,1.0,27,27,,0.0,0,27,,0.0,0,27,,0.10052910052910055,0.10582010582010586,0.1428571428571429,,present,,,,,,,,,,,,,,,,,,,,
G0,h105,0,S2,service,candidate_raw_counts,0,27,0,0,46,73,27,0,0,,0,0,zero denominator,,0,0,zero denominator,0.0,0,27,,0.0,0,73,,0.3698630136986301,27,73,,0.0,0,27,,1.0,27,27,,0.0,0,27,,0.0,0,27,,0.14814814814814817,0.15873015873015875,0.2142857142857143,,present,,,,,,,,,,,,,,,,,,,,
G0,h105,1,S2,service,candidate_raw_counts,0,27,0,0,46,73,27,0,0,,0,0,zero denominator,,0,0,zero denominator,0.0,0,27,,0.0,0,73,,0.3698630136986301,27,73,,0.0,0,27,,1.0,27,27,,0.0,0,27,,0.0,0,27,,0.14550264550264552,0.1560846560846561,0.2142857142857143,,present,,,,,,,,,,,,,,,,,,,,
G0,h105,2,S2,service,candidate_raw_counts,0,27,0,0,46,73,27,0,0,,0,0,zero denominator,,0,0,zero denominator,0.0,0,27,,0.0,0,73,,0.3698630136986301,27,73,,0.0,0,27,,1.0,27,27,,0.0,0,27,,0.0,0,27,,0.1031746031746032,0.11904761904761907,0.2142857142857143,,present,,,,,,,,,,,,,,,,,,,,
G0,h105,ALL,S2,service,pooled_counts,0,135,0,0,230,365,135,0,0,,0,0,zero denominator,,0,0,zero denominator,0.0,0,135,,0.0,0,365,,0.3698630136986301,135,365,,0.0,0,135,,1.0,135,135,,0.0,0,135,,0.0,0,135,,0.13174603174603178,0.14021164021164023,0.21428571428571436,,present,,,,,,,,,,,,,,,,,,,,
G0,h105,ALL,S2,service,equal_candidate_equal_workload_macro,,,,,,,,,,,,,all denominators zero,,,,all denominators zero,0.0,,,,0.0,,,,0.3698630136986301,,,,0.0,,,,1.0,,,,0.0,,,,0.0,,,,0.13174603174603178,0.14021164021164023,0.21428571428571436,,,0,0,0,0,1,5,1,5,1,5,1,5,1,5,1,5,1,5,1,5
G0,h105,-2,S2,latency_only,candidate_raw_counts,0,27,0,0,0,27,27,0,0,,0,0,zero denominator,,0,0,zero denominator,0.0,0,27,,0.0,0,27,,1.0,27,27,,0.0,0,27,,1.0,27,27,,0.0,0,27,,0.0,0,27,,0.16137566137566142,0.16137566137566142,0.21428571428571436,,present,,,,,,,,,,,,,,,,,,,,
G0,h105,-1,S2,latency_only,candidate_raw_counts,0,27,0,0,0,27,27,0,0,,0,0,zero denominator,,0,0,zero denominator,0.0,0,27,,0.0,0,27,,1.0,27,27,,0.0,0,27,,1.0,27,27,,0.0,0,27,,0.0,0,27,,0.10052910052910055,0.10582010582010586,0.1428571428571429,,present,,,,,,,,,,,,,,,,,,,,
G0,h105,0,S2,latency_only,candidate_raw_counts,0,27,0,0,0,27,27,0,0,,0,0,zero denominator,,0,0,zero denominator,0.0,0,27,,0.0,0,27,,1.0,27,27,,0.0,0,27,,1.0,27,27,,0.0,0,27,,0.0,0,27,,0.14814814814814817,0.15873015873015875,0.2142857142857143,,present,,,,,,,,,,,,,,,,,,,,
G0,h105,1,S2,latency_only,candidate_raw_counts,0,27,0,0,0,27,27,0,0,,0,0,zero denominator,,0,0,zero denominator,0.0,0,27,,0.0,0,27,,1.0,27,27,,0.0,0,27,,1.0,27,27,,0.0,0,27,,0.0,0,27,,0.14550264550264552,0.1560846560846561,0.2142857142857143,,present,,,,,,,,,,,,,,,,,,,,
G0,h105,2,S2,latency_only,candidate_raw_counts,0,27,0,0,0,27,27,0,0,,0,0,zero denominator,,0,0,zero denominator,0.0,0,27,,0.0,0,27,,1.0,27,27,,0.0,0,27,,1.0,27,27,,0.0,0,27,,0.0,0,27,,0.1031746031746032,0.11904761904761907,0.2142857142857143,,present,,,,,,,,,,,,,,,,,,,,
G0,h105,ALL,S2,latency_only,pooled_counts,0,135,0,0,0,135,135,0,0,,0,0,zero denominator,,0,0,zero denominator,0.0,0,135,,0.0,0,135,,1.0,135,135,,0.0,0,135,,1.0,135,135,,0.0,0,135,,0.0,0,135,,0.13174603174603178,0.14021164021164023,0.21428571428571436,,present,,,,,,,,,,,,,,,,,,,,
G0,h105,ALL,S2,latency_only,equal_candidate_equal_workload_macro,,,,,,,,,,,,,all denominators zero,,,,all denominators zero,0.0,,,,0.0,,,,1.0,,,,0.0,,,,1.0,,,,0.0,,,,0.0,,,,0.13174603174603178,0.14021164021164023,0.21428571428571436,,,0,0,0,0,1,5,1,5,1,5,1,5,1,5,1,5,1,5,1,5
G0,h105,-2,S2,near_boundary,candidate_raw_counts,0,0,0,0,0,0,0,0,0,,0,0,zero denominator,,0,0,zero denominator,,0,0,zero denominator,,0,0,zero denominator,,0,0,zero denominator,,0,0,zero denominator,,0,0,zero denominator,,0,0,zero denominator,,0,0,zero denominator,,,,no both-attainment-defined points,absent,,,,,,,,,,,,,,,,,,,,
G0,h105,-1,S2,near_boundary,candidate_raw_counts,0,0,0,0,0,0,0,0,0,,0,0,zero denominator,,0,0,zero denominator,,0,0,zero denominator,,0,0,zero denominator,,0,0,zero denominator,,0,0,zero denominator,,0,0,zero denominator,,0,0,zero denominator,,0,0,zero denominator,,,,no both-attainment-defined points,absent,,,,,,,,,,,,,,,,,,,,
G0,h105,0,S2,near_boundary,candidate_raw_counts,0,0,0,0,0,0,0,0,0,,0,0,zero denominator,,0,0,zero denominator,,0,0,zero denominator,,0,0,zero denominator,,0,0,zero denominator,,0,0,zero denominator,,0,0,zero denominator,,0,0,zero denominator,,0,0,zero denominator,,,,no both-attainment-defined points,absent,,,,,,,,,,,,,,,,,,,,
G0,h105,1,S2,near_boundary,candidate_raw_counts,0,0,0,0,0,0,0,0,0,,0,0,zero denominator,,0,0,zero denominator,,0,0,zero denominator,,0,0,zero denominator,,0,0,zero denominator,,0,0,zero denominator,,0,0,zero denominator,,0,0,zero denominator,,0,0,zero denominator,,,,no both-attainment-defined points,absent,,,,,,,,,,,,,,,,,,,,
G0,h105,2,S2,near_boundary,candidate_raw_counts,0,0,0,0,0,0,0,0,0,,0,0,zero denominator,,0,0,zero denominator,,0,0,zero denominator,,0,0,zero denominator,,0,0,zero denominator,,0,0,zero denominator,,0,0,zero denominator,,0,0,zero denominator,,0,0,zero denominator,,,,no both-attainment-defined points,absent,,,,,,,,,,,,,,,,,,,,
G0,h105,ALL,S2,near_boundary,pooled_counts,0,0,0,0,0,0,0,0,0,,0,0,zero denominator,,0,0,zero denominator,,0,0,zero denominator,,0,0,zero denominator,,0,0,zero denominator,,0,0,zero denominator,,0,0,zero denominator,,0,0,zero denominator,,0,0,zero denominator,,,,no both-attainment-defined points,absent,,,,,,,,,,,,,,,,,,,,
G0,h105,ALL,S2,near_boundary,equal_candidate_equal_workload_macro,,,,,,,,,,,,,all denominators zero,,,,all denominators zero,,,,all denominators zero,,,,all denominators zero,,,,all denominators zero,,,,all denominators zero,,,,all denominators zero,,,,all denominators zero,,,,all denominators zero,,,,empty applicable subset,,0,0,0,0,0,0,0,0,0,0,0,0,0,0,0,0,0,0,0,0
G0,h105,-2,S3,service,candidate_raw_counts,0,27,0,0,46,73,27,0,0,,0,0,zero denominator,,0,0,zero denominator,0.0,0,27,,0.0,0,73,,0.3698630136986301,27,73,,0.0,0,27,,1.0,27,27,,0.0,0,27,,0.0,0,27,,0.0,0.0,0.0,,present,,,,,,,,,,,,,,,,,,,,
G0,h105,-1,S3,service,candidate_raw_counts,0,27,0,0,46,73,27,0,0,,0,0,zero denominator,,0,0,zero denominator,0.0,0,27,,0.0,0,73,,0.3698630136986301,27,73,,0.0,0,27,,1.0,27,27,,0.0,0,27,,0.0,0,27,,0.0,0.0,0.0,,present,,,,,,,,,,,,,,,,,,,,
G0,h105,0,S3,service,candidate_raw_counts,0,27,0,0,46,73,27,0,0,,0,0,zero denominator,,0,0,zero denominator,0.0,0,27,,0.0,0,73,,0.3698630136986301,27,73,,0.0,0,27,,1.0,27,27,,0.0,0,27,,0.0,0,27,,0.0,0.0,0.0,,present,,,,,,,,,,,,,,,,,,,,
G0,h105,1,S3,service,candidate_raw_counts,0,27,0,0,46,73,27,0,0,,0,0,zero denominator,,0,0,zero denominator,0.0,0,27,,0.0,0,73,,0.3698630136986301,27,73,,0.0,0,27,,1.0,27,27,,0.0,0,27,,0.0,0,27,,0.0,0.0,0.0,,present,,,,,,,,,,,,,,,,,,,,
G0,h105,2,S3,service,candidate_raw_counts,0,27,0,0,46,73,27,0,0,,0,0,zero denominator,,0,0,zero denominator,0.0,0,27,,0.0,0,73,,0.3698630136986301,27,73,,0.0,0,27,,1.0,27,27,,0.0,0,27,,0.0,0,27,,0.0,0.0,0.0,,present,,,,,,,,,,,,,,,,,,,,
G0,h105,ALL,S3,service,pooled_counts,0,135,0,0,230,365,135,0,0,,0,0,zero denominator,,0,0,zero denominator,0.0,0,135,,0.0,0,365,,0.3698630136986301,135,365,,0.0,0,135,,1.0,135,135,,0.0,0,135,,0.0,0,135,,0.0,0.0,0.0,,present,,,,,,,,,,,,,,,,,,,,
G0,h105,ALL,S3,service,equal_candidate_equal_workload_macro,,,,,,,,,,,,,all denominators zero,,,,all denominators zero,0.0,,,,0.0,,,,0.3698630136986301,,,,0.0,,,,1.0,,,,0.0,,,,0.0,,,,0.0,0.0,0.0,,,0,0,0,0,1,5,1,5,1,5,1,5,1,5,1,5,1,5,1,5
G0,h105,-2,S3,latency_only,candidate_raw_counts,0,27,0,0,0,27,27,0,0,,0,0,zero denominator,,0,0,zero denominator,0.0,0,27,,0.0,0,27,,1.0,27,27,,0.0,0,27,,1.0,27,27,,0.0,0,27,,0.0,0,27,,0.0,0.0,0.0,,present,,,,,,,,,,,,,,,,,,,,
G0,h105,-1,S3,latency_only,candidate_raw_counts,0,27,0,0,0,27,27,0,0,,0,0,zero denominator,,0,0,zero denominator,0.0,0,27,,0.0,0,27,,1.0,27,27,,0.0,0,27,,1.0,27,27,,0.0,0,27,,0.0,0,27,,0.0,0.0,0.0,,present,,,,,,,,,,,,,,,,,,,,
G0,h105,0,S3,latency_only,candidate_raw_counts,0,27,0,0,0,27,27,0,0,,0,0,zero denominator,,0,0,zero denominator,0.0,0,27,,0.0,0,27,,1.0,27,27,,0.0,0,27,,1.0,27,27,,0.0,0,27,,0.0,0,27,,0.0,0.0,0.0,,present,,,,,,,,,,,,,,,,,,,,
G0,h105,1,S3,latency_only,candidate_raw_counts,0,27,0,0,0,27,27,0,0,,0,0,zero denominator,,0,0,zero denominator,0.0,0,27,,0.0,0,27,,1.0,27,27,,0.0,0,27,,1.0,27,27,,0.0,0,27,,0.0,0,27,,0.0,0.0,0.0,,present,,,,,,,,,,,,,,,,,,,,
G0,h105,2,S3,latency_only,candidate_raw_counts,0,27,0,0,0,27,27,0,0,,0,0,zero denominator,,0,0,zero denominator,0.0,0,27,,0.0,0,27,,1.0,27,27,,0.0,0,27,,1.0,27,27,,0.0,0,27,,0.0,0,27,,0.0,0.0,0.0,,present,,,,,,,,,,,,,,,,,,,,
G0,h105,ALL,S3,latency_only,pooled_counts,0,135,0,0,0,135,135,0,0,,0,0,zero denominator,,0,0,zero denominator,0.0,0,135,,0.0,0,135,,1.0,135,135,,0.0,0,135,,1.0,135,135,,0.0,0,135,,0.0,0,135,,0.0,0.0,0.0,,present,,,,,,,,,,,,,,,,,,,,
G0,h105,ALL,S3,latency_only,equal_candidate_equal_workload_macro,,,,,,,,,,,,,all denominators zero,,,,all denominators zero,0.0,,,,0.0,,,,1.0,,,,0.0,,,,1.0,,,,0.0,,,,0.0,,,,0.0,0.0,0.0,,,0,0,0,0,1,5,1,5,1,5,1,5,1,5,1,5,1,5,1,5
G0,h105,-2,S3,near_boundary,candidate_raw_counts,0,0,0,0,0,0,0,0,0,,0,0,zero denominator,,0,0,zero denominator,,0,0,zero denominator,,0,0,zero denominator,,0,0,zero denominator,,0,0,zero denominator,,0,0,zero denominator,,0,0,zero denominator,,0,0,zero denominator,,,,no both-attainment-defined points,absent,,,,,,,,,,,,,,,,,,,,
G0,h105,-1,S3,near_boundary,candidate_raw_counts,0,0,0,0,0,0,0,0,0,,0,0,zero denominator,,0,0,zero denominator,,0,0,zero denominator,,0,0,zero denominator,,0,0,zero denominator,,0,0,zero denominator,,0,0,zero denominator,,0,0,zero denominator,,0,0,zero denominator,,,,no both-attainment-defined points,absent,,,,,,,,,,,,,,,,,,,,
G0,h105,0,S3,near_boundary,candidate_raw_counts,0,0,0,0,0,0,0,0,0,,0,0,zero denominator,,0,0,zero denominator,,0,0,zero denominator,,0,0,zero denominator,,0,0,zero denominator,,0,0,zero denominator,,0,0,zero denominator,,0,0,zero denominator,,0,0,zero denominator,,,,no both-attainment-defined points,absent,,,,,,,,,,,,,,,,,,,,
G0,h105,1,S3,near_boundary,candidate_raw_counts,0,0,0,0,0,0,0,0,0,,0,0,zero denominator,,0,0,zero denominator,,0,0,zero denominator,,0,0,zero denominator,,0,0,zero denominator,,0,0,zero denominator,,0,0,zero denominator,,0,0,zero denominator,,0,0,zero denominator,,,,no both-attainment-defined points,absent,,,,,,,,,,,,,,,,,,,,
G0,h105,2,S3,near_boundary,candidate_raw_counts,0,0,0,0,0,0,0,0,0,,0,0,zero denominator,,0,0,zero denominator,,0,0,zero denominator,,0,0,zero denominator,,0,0,zero denominator,,0,0,zero denominator,,0,0,zero denominator,,0,0,zero denominator,,0,0,zero denominator,,,,no both-attainment-defined points,absent,,,,,,,,,,,,,,,,,,,,
G0,h105,ALL,S3,near_boundary,pooled_counts,0,0,0,0,0,0,0,0,0,,0,0,zero denominator,,0,0,zero denominator,,0,0,zero denominator,,0,0,zero denominator,,0,0,zero denominator,,0,0,zero denominator,,0,0,zero denominator,,0,0,zero denominator,,0,0,zero denominator,,,,no both-attainment-defined points,absent,,,,,,,,,,,,,,,,,,,,
G0,h105,ALL,S3,near_boundary,equal_candidate_equal_workload_macro,,,,,,,,,,,,,all denominators zero,,,,all denominators zero,,,,all denominators zero,,,,all denominators zero,,,,all denominators zero,,,,all denominators zero,,,,all denominators zero,,,,all denominators zero,,,,all denominators zero,,,,empty applicable subset,,0,0,0,0,0,0,0,0,0,0,0,0,0,0,0,0,0,0,0,0
G0,h105,-2,S4,service,candidate_raw_counts,22,5,0,0,46,73,27,22,0,0.0,0,22,,0.0,0,22,,0.0,0,5,,0.3013698630136986,22,73,,0.3698630136986301,27,73,,0.8148148148148148,22,27,,0.18518518518518517,5,27,,0.0,0,27,,0.0,0,27,,-0.013227513227513229,0.01851851851851852,0.0,,present,,,,,,,,,,,,,,,,,,,,
G0,h105,-1,S4,service,candidate_raw_counts,22,5,0,0,46,73,27,22,0,0.0,0,22,,0.0,0,22,,0.0,0,5,,0.3013698630136986,22,73,,0.3698630136986301,27,73,,0.8148148148148148,22,27,,0.18518518518518517,5,27,,0.0,0,27,,0.0,0,27,,0.018518518518518517,0.023809523809523808,0.14285714285714285,,present,,,,,,,,,,,,,,,,,,,,
G0,h105,0,S4,service,candidate_raw_counts,22,5,0,0,46,73,27,22,0,0.0,0,22,,0.0,0,22,,0.0,0,5,,0.3013698630136986,22,73,,0.3698630136986301,27,73,,0.8148148148148148,22,27,,0.18518518518518517,5,27,,0.0,0,27,,0.0,0,27,,0.0291005291005291,0.0291005291005291,0.14285714285714285,,present,,,,,,,,,,,,,,,,,,,,
G0,h105,1,S4,service,candidate_raw_counts,22,5,0,0,46,73,27,22,0,0.0,0,22,,0.0,0,22,,0.0,0,5,,0.3013698630136986,22,73,,0.3698630136986301,27,73,,0.8148148148148148,22,27,,0.18518518518518517,5,27,,0.0,0,27,,0.0,0,27,,0.026455026455026454,0.026455026455026454,0.14285714285714285,,present,,,,,,,,,,,,,,,,,,,,
G0,h105,2,S4,service,candidate_raw_counts,21,5,0,1,46,73,27,21,0,0.0,0,21,,0.045454545454545456,1,22,,0.0,0,5,,0.2876712328767123,21,73,,0.3698630136986301,27,73,,0.7777777777777778,21,27,,0.18518518518518517,5,27,,0.0,0,27,,0.037037037037037035,1,27,,0.010582010582010578,0.015873015873015876,0.07142857142857142,,present,,,,,,,,,,,,,,,,,,,,
G0,h105,ALL,S4,service,pooled_counts,109,25,0,1,230,365,135,109,0,0.0,0,109,,0.00909090909090909,1,110,,0.0,0,25,,0.29863013698630136,109,365,,0.3698630136986301,135,365,,0.8074074074074075,109,135,,0.18518518518518517,25,135,,0.0,0,135,,0.007407407407407408,1,135,,0.014285714285714284,0.02275132275132275,0.14285714285714285,,present,,,,,,,,,,,,,,,,,,,,
G0,h105,ALL,S4,service,equal_candidate_equal_workload_macro,,,,,,,,,,0.0,,,,0.00909090909090909,,,,0.0,,,,0.29863013698630136,,,,0.3698630136986301,,,,0.8074074074074074,,,,0.18518518518518517,,,,0.0,,,,0.007407407407407407,,,,0.014285714285714284,0.02275132275132275,0.14285714285714285,,,1,5,1,5,1,5,1,5,1,5,1,5,1,5,1,5,1,5,1,5
G0,h105,-2,S4,latency_only,candidate_raw_counts,22,5,0,0,0,27,27,22,0,0.0,0,22,,0.0,0,22,,0.0,0,5,,0.8148148148148148,22,27,,1.0,27,27,,0.8148148148148148,22,27,,0.18518518518518517,5,27,,0.0,0,27,,0.0,0,27,,-0.013227513227513229,0.01851851851851852,0.0,,present,,,,,,,,,,,,,,,,,,,,
G0,h105,-1,S4,latency_only,candidate_raw_counts,22,5,0,0,0,27,27,22,0,0.0,0,22,,0.0,0,22,,0.0,0,5,,0.8148148148148148,22,27,,1.0,27,27,,0.8148148148148148,22,27,,0.18518518518518517,5,27,,0.0,0,27,,0.0,0,27,,0.018518518518518517,0.023809523809523808,0.14285714285714285,,present,,,,,,,,,,,,,,,,,,,,
G0,h105,0,S4,latency_only,candidate_raw_counts,22,5,0,0,0,27,27,22,0,0.0,0,22,,0.0,0,22,,0.0,0,5,,0.8148148148148148,22,27,,1.0,27,27,,0.8148148148148148,22,27,,0.18518518518518517,5,27,,0.0,0,27,,0.0,0,27,,0.0291005291005291,0.0291005291005291,0.14285714285714285,,present,,,,,,,,,,,,,,,,,,,,
G0,h105,1,S4,latency_only,candidate_raw_counts,22,5,0,0,0,27,27,22,0,0.0,0,22,,0.0,0,22,,0.0,0,5,,0.8148148148148148,22,27,,1.0,27,27,,0.8148148148148148,22,27,,0.18518518518518517,5,27,,0.0,0,27,,0.0,0,27,,0.026455026455026454,0.026455026455026454,0.14285714285714285,,present,,,,,,,,,,,,,,,,,,,,
G0,h105,2,S4,latency_only,candidate_raw_counts,21,5,0,1,0,27,27,21,0,0.0,0,21,,0.045454545454545456,1,22,,0.0,0,5,,0.7777777777777778,21,27,,1.0,27,27,,0.7777777777777778,21,27,,0.18518518518518517,5,27,,0.0,0,27,,0.037037037037037035,1,27,,0.010582010582010578,0.015873015873015876,0.07142857142857142,,present,,,,,,,,,,,,,,,,,,,,
G0,h105,ALL,S4,latency_only,pooled_counts,109,25,0,1,0,135,135,109,0,0.0,0,109,,0.00909090909090909,1,110,,0.0,0,25,,0.8074074074074075,109,135,,1.0,135,135,,0.8074074074074075,109,135,,0.18518518518518517,25,135,,0.0,0,135,,0.007407407407407408,1,135,,0.014285714285714284,0.02275132275132275,0.14285714285714285,,present,,,,,,,,,,,,,,,,,,,,
G0,h105,ALL,S4,latency_only,equal_candidate_equal_workload_macro,,,,,,,,,,0.0,,,,0.00909090909090909,,,,0.0,,,,0.8074074074074074,,,,1.0,,,,0.8074074074074074,,,,0.18518518518518517,,,,0.0,,,,0.007407407407407407,,,,0.014285714285714284,0.02275132275132275,0.14285714285714285,,,1,5,1,5,1,5,1,5,1,5,1,5,1,5,1,5,1,5,1,5
G0,h105,-2,S4,near_boundary,candidate_raw_counts,22,0,0,0,0,22,22,22,0,0.0,0,22,,0.0,0,22,,,0,0,zero denominator,1.0,22,22,,1.0,22,22,,1.0,22,22,,0.0,0,22,,0.0,0,22,,0.0,0,22,,0.0,0.0,0.0,,present,,,,,,,,,,,,,,,,,,,,
G0,h105,-1,S4,near_boundary,candidate_raw_counts,22,0,0,0,0,22,22,22,0,0.0,0,22,,0.0,0,22,,,0,0,zero denominator,1.0,22,22,,1.0,22,22,,1.0,22,22,,0.0,0,22,,0.0,0,22,,0.0,0,22,,0.0,0.0,0.0,,present,,,,,,,,,,,,,,,,,,,,
G0,h105,0,S4,near_boundary,candidate_raw_counts,22,0,0,0,0,22,22,22,0,0.0,0,22,,0.0,0,22,,,0,0,zero denominator,1.0,22,22,,1.0,22,22,,1.0,22,22,,0.0,0,22,,0.0,0,22,,0.0,0,22,,0.0,0.0,0.0,,present,,,,,,,,,,,,,,,,,,,,
G0,h105,1,S4,near_boundary,candidate_raw_counts,22,0,0,0,0,22,22,22,0,0.0,0,22,,0.0,0,22,,,0,0,zero denominator,1.0,22,22,,1.0,22,22,,1.0,22,22,,0.0,0,22,,0.0,0,22,,0.0,0,22,,0.0,0.0,0.0,,present,,,,,,,,,,,,,,,,,,,,
G0,h105,2,S4,near_boundary,candidate_raw_counts,21,0,0,1,0,22,22,21,0,0.0,0,21,,0.045454545454545456,1,22,,,0,0,zero denominator,0.9545454545454546,21,22,,1.0,22,22,,0.9545454545454546,21,22,,0.0,0,22,,0.0,0,22,,0.045454545454545456,1,22,,-0.0032467532467532504,0.0032467532467532504,0.0,,present,,,,,,,,,,,,,,,,,,,,
G0,h105,ALL,S4,near_boundary,pooled_counts,109,0,0,1,0,110,110,109,0,0.0,0,109,,0.00909090909090909,1,110,,,0,0,zero denominator,0.990909090909091,109,110,,1.0,110,110,,0.990909090909091,109,110,,0.0,0,110,,0.0,0,110,,0.00909090909090909,1,110,,-0.0006493506493506501,0.0006493506493506501,0.0,,present,,,,,,,,,,,,,,,,,,,,
G0,h105,ALL,S4,near_boundary,equal_candidate_equal_workload_macro,,,,,,,,,,0.0,,,,0.00909090909090909,,,,,,,all denominators zero,0.990909090909091,,,,1.0,,,,0.990909090909091,,,,0.0,,,,0.0,,,,0.00909090909090909,,,,-0.0006493506493506501,0.0006493506493506501,0.0,,,1,5,1,5,0,0,1,5,1,5,1,5,1,5,1,5,1,5,1,5
G0,h105,-2,S5,service,candidate_raw_counts,23,4,0,0,46,73,27,23,0,0.0,0,23,,0.0,0,23,,0.0,0,4,,0.3150684931506849,23,73,,0.3698630136986301,27,73,,0.8518518518518519,23,27,,0.14814814814814814,4,27,,0.0,0,27,,0.0,0,27,,0.0,0.0,0.0,,present,,,,,,,,,,,,,,,,,,,,
G0,h105,-1,S5,service,candidate_raw_counts,23,4,0,0,46,73,27,23,0,0.0,0,23,,0.0,0,23,,0.0,0,4,,0.3150684931506849,23,73,,0.3698630136986301,27,73,,0.8518518518518519,23,27,,0.14814814814814814,4,27,,0.0,0,27,,0.0,0,27,,0.01851851851851852,0.01851851851851852,0.14285714285714285,,present,,,,,,,,,,,,,,,,,,,,
G0,h105,0,S5,service,candidate_raw_counts,23,4,0,0,46,73,27,23,0,0.0,0,23,,0.0,0,23,,0.0,0,4,,0.3150684931506849,23,73,,0.3698630136986301,27,73,,0.8518518518518519,23,27,,0.14814814814814814,4,27,,0.0,0,27,,0.0,0,27,,0.04497354497354497,0.05026455026455026,0.2857142857142857,,present,,,,,,,,,,,,,,,,,,,,
G0,h105,1,S5,service,candidate_raw_counts,22,5,0,0,46,73,27,22,0,0.0,0,22,,0.0,0,22,,0.0,0,5,,0.3013698630136986,22,73,,0.3698630136986301,27,73,,0.8148148148148148,22,27,,0.18518518518518517,5,27,,0.0,0,27,,0.0,0,27,,0.042328042328042326,0.042328042328042326,0.2857142857142857,,present,,,,,,,,,,,,,,,,,,,,
G0,h105,2,S5,service,candidate_raw_counts,22,5,0,0,46,73,27,22,0,0.0,0,22,,0.0,0,22,,0.0,0,5,,0.3013698630136986,22,73,,0.3698630136986301,27,73,,0.8148148148148148,22,27,,0.18518518518518517,5,27,,0.0,0,27,,0.0,0,27,,0.05555555555555555,0.05555555555555555,0.3571428571428571,,present,,,,,,,,,,,,,,,,,,,,
G0,h105,ALL,S5,service,pooled_counts,113,22,0,0,230,365,135,113,0,0.0,0,113,,0.0,0,113,,0.0,0,22,,0.3095890410958904,113,365,,0.3698630136986301,135,365,,0.837037037037037,113,135,,0.16296296296296298,22,135,,0.0,0,135,,0.0,0,135,,0.032275132275132276,0.03333333333333333,0.14285714285714285,,present,,,,,,,,,,,,,,,,,,,,
G0,h105,ALL,S5,service,equal_candidate_equal_workload_macro,,,,,,,,,,0.0,,,,0.0,,,,0.0,,,,0.3095890410958904,,,,0.3698630136986301,,,,0.837037037037037,,,,0.16296296296296295,,,,0.0,,,,0.0,,,,0.032275132275132276,0.03333333333333333,0.14285714285714285,,,1,5,1,5,1,5,1,5,1,5,1,5,1,5,1,5,1,5,1,5
G0,h105,-2,S5,latency_only,candidate_raw_counts,23,4,0,0,0,27,27,23,0,0.0,0,23,,0.0,0,23,,0.0,0,4,,0.8518518518518519,23,27,,1.0,27,27,,0.8518518518518519,23,27,,0.14814814814814814,4,27,,0.0,0,27,,0.0,0,27,,0.0,0.0,0.0,,present,,,,,,,,,,,,,,,,,,,,
G0,h105,-1,S5,latency_only,candidate_raw_counts,23,4,0,0,0,27,27,23,0,0.0,0,23,,0.0,0,23,,0.0,0,4,,0.8518518518518519,23,27,,1.0,27,27,,0.8518518518518519,23,27,,0.14814814814814814,4,27,,0.0,0,27,,0.0,0,27,,0.01851851851851852,0.01851851851851852,0.14285714285714285,,present,,,,,,,,,,,,,,,,,,,,
G0,h105,0,S5,latency_only,candidate_raw_counts,23,4,0,0,0,27,27,23,0,0.0,0,23,,0.0,0,23,,0.0,0,4,,0.8518518518518519,23,27,,1.0,27,27,,0.8518518518518519,23,27,,0.14814814814814814,4,27,,0.0,0,27,,0.0,0,27,,0.04497354497354497,0.05026455026455026,0.2857142857142857,,present,,,,,,,,,,,,,,,,,,,,
G0,h105,1,S5,latency_only,candidate_raw_counts,22,5,0,0,0,27,27,22,0,0.0,0,22,,0.0,0,22,,0.0,0,5,,0.8148148148148148,22,27,,1.0,27,27,,0.8148148148148148,22,27,,0.18518518518518517,5,27,,0.0,0,27,,0.0,0,27,,0.042328042328042326,0.042328042328042326,0.2857142857142857,,present,,,,,,,,,,,,,,,,,,,,
G0,h105,2,S5,latency_only,candidate_raw_counts,22,5,0,0,0,27,27,22,0,0.0,0,22,,0.0,0,22,,0.0,0,5,,0.8148148148148148,22,27,,1.0,27,27,,0.8148148148148148,22,27,,0.18518518518518517,5,27,,0.0,0,27,,0.0,0,27,,0.05555555555555555,0.05555555555555555,0.3571428571428571,,present,,,,,,,,,,,,,,,,,,,,
G0,h105,ALL,S5,latency_only,pooled_counts,113,22,0,0,0,135,135,113,0,0.0,0,113,,0.0,0,113,,0.0,0,22,,0.837037037037037,113,135,,1.0,135,135,,0.837037037037037,113,135,,0.16296296296296298,22,135,,0.0,0,135,,0.0,0,135,,0.032275132275132276,0.03333333333333333,0.14285714285714285,,present,,,,,,,,,,,,,,,,,,,,
G0,h105,ALL,S5,latency_only,equal_candidate_equal_workload_macro,,,,,,,,,,0.0,,,,0.0,,,,0.0,,,,0.837037037037037,,,,1.0,,,,0.837037037037037,,,,0.16296296296296295,,,,0.0,,,,0.0,,,,0.032275132275132276,0.03333333333333333,0.14285714285714285,,,1,5,1,5,1,5,1,5,1,5,1,5,1,5,1,5,1,5,1,5
G0,h105,-2,S5,near_boundary,candidate_raw_counts,23,0,0,0,0,23,23,23,0,0.0,0,23,,0.0,0,23,,,0,0,zero denominator,1.0,23,23,,1.0,23,23,,1.0,23,23,,0.0,0,23,,0.0,0,23,,0.0,0,23,,0.0,0.0,0.0,,present,,,,,,,,,,,,,,,,,,,,
G0,h105,-1,S5,near_boundary,candidate_raw_counts,23,0,0,0,2,25,23,23,0,0.0,0,23,,0.0,0,23,,,0,0,zero denominator,0.92,23,25,,0.92,23,25,,1.0,23,23,,0.0,0,23,,0.0,0,23,,0.0,0,23,,0.0,0.0,0.0,,present,,,,,,,,,,,,,,,,,,,,
G0,h105,0,S5,near_boundary,candidate_raw_counts,23,0,0,0,0,23,23,23,0,0.0,0,23,,0.0,0,23,,,0,0,zero denominator,1.0,23,23,,1.0,23,23,,1.0,23,23,,0.0,0,23,,0.0,0,23,,0.0,0,23,,-0.0031055900621117997,0.0031055900621117997,0.0,,present,,,,,,,,,,,,,,,,,,,,
G0,h105,1,S5,near_boundary,candidate_raw_counts,22,1,0,0,0,23,23,22,0,0.0,0,22,,0.0,0,22,,0.0,0,1,,0.9565217391304348,22,23,,1.0,23,23,,0.9565217391304348,22,23,,0.043478260869565216,1,23,,0.0,0,23,,0.0,0,23,,0.0,0.0,0.0,,present,,,,,,,,,,,,,,,,,,,,
G0,h105,2,S5,near_boundary,candidate_raw_counts,22,0,0,0,0,22,22,22,0,0.0,0,22,,0.0,0,22,,,0,0,zero denominator,1.0,22,22,,1.0,22,22,,1.0,22,22,,0.0,0,22,,0.0,0,22,,0.0,0,22,,0.0,0.0,0.0,,present,,,,,,,,,,,,,,,,,,,,
G0,h105,ALL,S5,near_boundary,pooled_counts,113,1,0,0,2,116,114,113,0,0.0,0,113,,0.0,0,113,,0.0,0,1,,0.9741379310344828,113,116,,0.9827586206896551,114,116,,0.9912280701754386,113,114,,0.008771929824561403,1,114,,0.0,0,114,,0.0,0,114,,-0.0006265664160401,0.0006265664160401,0.0,,present,,,,,,,,,,,,,,,,,,,,
G0,h105,ALL,S5,near_boundary,equal_candidate_equal_workload_macro,,,,,,,,,,0.0,,,,0.0,,,,0.0,,,,0.975304347826087,,,,0.984,,,,0.991304347826087,,,,0.008695652173913044,,,,0.0,,,,0.0,,,,-0.00062111801242236,0.00062111801242236,0.0,,,1,5,1,5,1,1,1,5,1,5,1,5,1,5,1,5,1,5,1,5
G0,h105,-2,S6,service,candidate_raw_counts,25,0,0,2,46,73,27,25,0,0.0,0,25,,0.07407407407407407,2,27,,,0,0,zero denominator,0.3424657534246575,25,73,,0.3698630136986301,27,73,,0.9259259259259259,25,27,,0.0,0,27,,0.0,0,27,,0.07407407407407407,2,27,,-0.007936507936507941,0.007936507936507941,0.0,,present,,,,,,,,,,,,,,,,,,,,
G0,h105,-1,S6,service,candidate_raw_counts,25,0,0,2,46,73,27,25,0,0.0,0,25,,0.07407407407407407,2,27,,,0,0,zero denominator,0.3424657534246575,25,73,,0.3698630136986301,27,73,,0.9259259259259259,25,27,,0.0,0,27,,0.0,0,27,,0.07407407407407407,2,27,,-0.005291005291005297,0.010582010582010585,0.0714285714285714,,present,,,,,,,,,,,,,,,,,,,,
G0,h105,0,S6,service,candidate_raw_counts,25,0,0,2,46,73,27,25,0,0.0,0,25,,0.07407407407407407,2,27,,,0,0,zero denominator,0.3424657534246575,25,73,,0.3698630136986301,27,73,,0.9259259259259259,25,27,,0.0,0,27,,0.0,0,27,,0.07407407407407407,2,27,,-0.015873015873015876,0.015873015873015876,0.0,,present,,,,,,,,,,,,,,,,,,,,
G0,h105,1,S6,service,candidate_raw_counts,24,1,0,2,46,73,27,24,0,0.0,0,24,,0.07692307692307693,2,26,,0.0,0,1,,0.3287671232876712,24,73,,0.3698630136986301,27,73,,0.8888888888888888,24,27,,0.037037037037037035,1,27,,0.0,0,27,,0.07407407407407407,2,27,,-0.015873015873015876,0.015873015873015876,0.07142857142857151,,present,,,,,,,,,,,,,,,,,,,,
G0,h105,2,S6,service,candidate_raw_counts,24,3,0,0,46,73,27,24,0,0.0,0,24,,0.0,0,24,,0.0,0,3,,0.3287671232876712,24,73,,0.3698630136986301,27,73,,0.8888888888888888,24,27,,0.1111111111111111,3,27,,0.0,0,27,,0.0,0,27,,-0.010582010582010578,0.010582010582010578,0.0714285714285714,,present,,,,,,,,,,,,,,,,,,,,
G0,h105,ALL,S6,service,pooled_counts,123,4,0,8,230,365,135,123,0,0.0,0,123,,0.061068702290076333,8,131,,0.0,0,4,,0.336986301369863,123,365,,0.3698630136986301,135,365,,0.9111111111111111,123,135,,0.02962962962962963,4,135,,0.0,0,135,,0.05925925925925926,8,135,,-0.011111111111111113,0.01216931216931217,0.0,,present,,,,,,,,,,,,,,,,,,,,
G0,h105,ALL,S6,service,equal_candidate_equal_workload_macro,,,,,,,,,,0.0,,,,0.059829059829059825,,,,0.0,,,,0.336986301369863,,,,0.3698630136986301,,,,0.9111111111111111,,,,0.029629629629629627,,,,0.0,,,,0.059259259259259255,,,,-0.011111111111111113,0.01216931216931217,0.0,,,1,5,1,5,1,2,1,5,1,5,1,5,1,5,1,5,1,5,1,5
G0,h105,-2,S6,latency_only,candidate_raw_counts,25,0,0,2,0,27,27,25,0,0.0,0,25,,0.07407407407407407,2,27,,,0,0,zero denominator,0.9259259259259259,25,27,,1.0,27,27,,0.9259259259259259,25,27,,0.0,0,27,,0.0,0,27,,0.07407407407407407,2,27,,-0.007936507936507941,0.007936507936507941,0.0,,present,,,,,,,,,,,,,,,,,,,,
G0,h105,-1,S6,latency_only,candidate_raw_counts,25,0,0,2,0,27,27,25,0,0.0,0,25,,0.07407407407407407,2,27,,,0,0,zero denominator,0.9259259259259259,25,27,,1.0,27,27,,0.9259259259259259,25,27,,0.0,0,27,,0.0,0,27,,0.07407407407407407,2,27,,-0.005291005291005297,0.010582010582010585,0.0714285714285714,,present,,,,,,,,,,,,,,,,,,,,
G0,h105,0,S6,latency_only,candidate_raw_counts,25,0,0,2,0,27,27,25,0,0.0,0,25,,0.07407407407407407,2,27,,,0,0,zero denominator,0.9259259259259259,25,27,,1.0,27,27,,0.9259259259259259,25,27,,0.0,0,27,,0.0,0,27,,0.07407407407407407,2,27,,-0.015873015873015876,0.015873015873015876,0.0,,present,,,,,,,,,,,,,,,,,,,,
G0,h105,1,S6,latency_only,candidate_raw_counts,24,1,0,2,0,27,27,24,0,0.0,0,24,,0.07692307692307693,2,26,,0.0,0,1,,0.8888888888888888,24,27,,1.0,27,27,,0.8888888888888888,24,27,,0.037037037037037035,1,27,,0.0,0,27,,0.07407407407407407,2,27,,-0.015873015873015876,0.015873015873015876,0.07142857142857151,,present,,,,,,,,,,,,,,,,,,,,
G0,h105,2,S6,latency_only,candidate_raw_counts,24,3,0,0,0,27,27,24,0,0.0,0,24,,0.0,0,24,,0.0,0,3,,0.8888888888888888,24,27,,1.0,27,27,,0.8888888888888888,24,27,,0.1111111111111111,3,27,,0.0,0,27,,0.0,0,27,,-0.010582010582010578,0.010582010582010578,0.0714285714285714,,present,,,,,,,,,,,,,,,,,,,,
G0,h105,ALL,S6,latency_only,pooled_counts,123,4,0,8,0,135,135,123,0,0.0,0,123,,0.061068702290076333,8,131,,0.0,0,4,,0.9111111111111111,123,135,,1.0,135,135,,0.9111111111111111,123,135,,0.02962962962962963,4,135,,0.0,0,135,,0.05925925925925926,8,135,,-0.011111111111111113,0.01216931216931217,0.0,,present,,,,,,,,,,,,,,,,,,,,
G0,h105,ALL,S6,latency_only,equal_candidate_equal_workload_macro,,,,,,,,,,0.0,,,,0.059829059829059825,,,,0.0,,,,0.9111111111111111,,,,1.0,,,,0.9111111111111111,,,,0.029629629629629627,,,,0.0,,,,0.059259259259259255,,,,-0.011111111111111113,0.01216931216931217,0.0,,,1,5,1,5,1,2,1,5,1,5,1,5,1,5,1,5,1,5,1,5
G0,h105,-2,S6,near_boundary,candidate_raw_counts,25,0,0,2,18,45,27,25,0,0.0,0,25,,0.07407407407407407,2,27,,,0,0,zero denominator,0.5555555555555556,25,45,,0.6,27,45,,0.9259259259259259,25,27,,0.0,0,27,,0.0,0,27,,0.07407407407407407,2,27,,-0.007936507936507941,0.007936507936507941,0.0,,present,,,,,,,,,,,,,,,,,,,,
G0,h105,-1,S6,near_boundary,candidate_raw_counts,25,0,0,2,37,64,27,25,0,0.0,0,25,,0.07407407407407407,2,27,,,0,0,zero denominator,0.390625,25,64,,0.421875,27,64,,0.9259259259259259,25,27,,0.0,0,27,,0.0,0,27,,0.07407407407407407,2,27,,-0.005291005291005297,0.010582010582010585,0.0714285714285714,,present,,,,,,,,,,,,,,,,,,,,
G0,h105,0,S6,near_boundary,candidate_raw_counts,25,0,0,2,46,73,27,25,0,0.0,0,25,,0.07407407407407407,2,27,,,0,0,zero denominator,0.3424657534246575,25,73,,0.3698630136986301,27,73,,0.9259259259259259,25,27,,0.0,0,27,,0.0,0,27,,0.07407407407407407,2,27,,-0.015873015873015876,0.015873015873015876,0.0,,present,,,,,,,,,,,,,,,,,,,,
G0,h105,1,S6,near_boundary,candidate_raw_counts,24,1,0,2,46,73,27,24,0,0.0,0,24,,0.07692307692307693,2,26,,0.0,0,1,,0.3287671232876712,24,73,,0.3698630136986301,27,73,,0.8888888888888888,24,27,,0.037037037037037035,1,27,,0.0,0,27,,0.07407407407407407,2,27,,-0.015873015873015876,0.015873015873015876,0.07142857142857151,,present,,,,,,,,,,,,,,,,,,,,
G0,h105,2,S6,near_boundary,candidate_raw_counts,24,2,0,0,45,71,26,24,0,0.0,0,24,,0.0,0,24,,0.0,0,2,,0.3380281690140845,24,71,,0.36619718309859156,26,71,,0.9230769230769231,24,26,,0.07692307692307693,2,26,,0.0,0,26,,0.0,0,26,,-0.005494505494505492,0.005494505494505492,0.0,,present,,,,,,,,,,,,,,,,,,,,
G0,h105,ALL,S6,near_boundary,pooled_counts,123,3,0,8,192,326,134,123,0,0.0,0,123,,0.061068702290076333,8,131,,0.0,0,3,,0.3773006134969325,123,326,,0.4110429447852761,134,326,,0.917910447761194,123,134,,0.022388059701492536,3,134,,0.0,0,134,,0.05970149253731343,8,134,,-0.010127931769722816,0.01119402985074627,0.0,,present,,,,,,,,,,,,,,,,,,,,
G0,h105,ALL,S6,near_boundary,equal_candidate_equal_workload_macro,,,,,,,,,,0.0,,,,0.059829059829059825,,,,0.0,,,,0.3910883202563938,,,,0.42555964209917035,,,,0.9179487179487179,,,,0.022792022792022793,,,,0.0,,,,0.059259259259259255,,,,-0.010093610093610096,0.011151811151811153,0.0,,,1,5,1,5,1,2,1,5,1,5,1,5,1,5,1,5,1,5,1,5
G0,h106,-2,S1,service,candidate_raw_counts,0,37,0,0,26,63,37,0,0,,0,0,zero denominator,,0,0,zero denominator,0.0,0,37,,0.0,0,63,,0.5873015873015873,37,63,,0.0,0,37,,1.0,37,37,,0.0,0,37,,0.0,0,37,,0.0,0.0,0.0,,present,,,,,,,,,,,,,,,,,,,,
G0,h106,-1,S1,service,candidate_raw_counts,0,37,0,0,26,63,37,0,0,,0,0,zero denominator,,0,0,zero denominator,0.0,0,37,,0.0,0,63,,0.5873015873015873,37,63,,0.0,0,37,,1.0,37,37,,0.0,0,37,,0.0,0,37,,0.0,0.0,0.0,,present,,,,,,,,,,,,,,,,,,,,
G0,h106,0,S1,service,candidate_raw_counts,0,37,0,0,26,63,37,0,0,,0,0,zero denominator,,0,0,zero denominator,0.0,0,37,,0.0,0,63,,0.5873015873015873,37,63,,0.0,0,37,,1.0,37,37,,0.0,0,37,,0.0,0,37,,0.0,0.0,0.0,,present,,,,,,,,,,,,,,,,,,,,
G0,h106,1,S1,service,candidate_raw_counts,0,37,0,0,26,63,37,0,0,,0,0,zero denominator,,0,0,zero denominator,0.0,0,37,,0.0,0,63,,0.5873015873015873,37,63,,0.0,0,37,,1.0,37,37,,0.0,0,37,,0.0,0,37,,0.0,0.0,0.0,,present,,,,,,,,,,,,,,,,,,,,
G0,h106,2,S1,service,candidate_raw_counts,0,37,0,0,26,63,37,0,0,,0,0,zero denominator,,0,0,zero denominator,0.0,0,37,,0.0,0,63,,0.5873015873015873,37,63,,0.0,0,37,,1.0,37,37,,0.0,0,37,,0.0,0,37,,0.0,0.0,0.0,,present,,,,,,,,,,,,,,,,,,,,
G0,h106,ALL,S1,service,pooled_counts,0,185,0,0,130,315,185,0,0,,0,0,zero denominator,,0,0,zero denominator,0.0,0,185,,0.0,0,315,,0.5873015873015873,185,315,,0.0,0,185,,1.0,185,185,,0.0,0,185,,0.0,0,185,,0.0,0.0,0.0,,present,,,,,,,,,,,,,,,,,,,,
G0,h106,ALL,S1,service,equal_candidate_equal_workload_macro,,,,,,,,,,,,,all denominators zero,,,,all denominators zero,0.0,,,,0.0,,,,0.5873015873015873,,,,0.0,,,,1.0,,,,0.0,,,,0.0,,,,0.0,0.0,0.0,,,0,0,0,0,1,5,1,5,1,5,1,5,1,5,1,5,1,5,1,5
G0,h106,-2,S1,latency_only,candidate_raw_counts,0,37,0,0,0,37,37,0,0,,0,0,zero denominator,,0,0,zero denominator,0.0,0,37,,0.0,0,37,,1.0,37,37,,0.0,0,37,,1.0,37,37,,0.0,0,37,,0.0,0,37,,0.0,0.0,0.0,,present,,,,,,,,,,,,,,,,,,,,
G0,h106,-1,S1,latency_only,candidate_raw_counts,0,37,0,0,0,37,37,0,0,,0,0,zero denominator,,0,0,zero denominator,0.0,0,37,,0.0,0,37,,1.0,37,37,,0.0,0,37,,1.0,37,37,,0.0,0,37,,0.0,0,37,,0.0,0.0,0.0,,present,,,,,,,,,,,,,,,,,,,,
G0,h106,0,S1,latency_only,candidate_raw_counts,0,37,0,0,0,37,37,0,0,,0,0,zero denominator,,0,0,zero denominator,0.0,0,37,,0.0,0,37,,1.0,37,37,,0.0,0,37,,1.0,37,37,,0.0,0,37,,0.0,0,37,,0.0,0.0,0.0,,present,,,,,,,,,,,,,,,,,,,,
G0,h106,1,S1,latency_only,candidate_raw_counts,0,37,0,0,0,37,37,0,0,,0,0,zero denominator,,0,0,zero denominator,0.0,0,37,,0.0,0,37,,1.0,37,37,,0.0,0,37,,1.0,37,37,,0.0,0,37,,0.0,0,37,,0.0,0.0,0.0,,present,,,,,,,,,,,,,,,,,,,,
G0,h106,2,S1,latency_only,candidate_raw_counts,0,37,0,0,0,37,37,0,0,,0,0,zero denominator,,0,0,zero denominator,0.0,0,37,,0.0,0,37,,1.0,37,37,,0.0,0,37,,1.0,37,37,,0.0,0,37,,0.0,0,37,,0.0,0.0,0.0,,present,,,,,,,,,,,,,,,,,,,,
G0,h106,ALL,S1,latency_only,pooled_counts,0,185,0,0,0,185,185,0,0,,0,0,zero denominator,,0,0,zero denominator,0.0,0,185,,0.0,0,185,,1.0,185,185,,0.0,0,185,,1.0,185,185,,0.0,0,185,,0.0,0,185,,0.0,0.0,0.0,,present,,,,,,,,,,,,,,,,,,,,
G0,h106,ALL,S1,latency_only,equal_candidate_equal_workload_macro,,,,,,,,,,,,,all denominators zero,,,,all denominators zero,0.0,,,,0.0,,,,1.0,,,,0.0,,,,1.0,,,,0.0,,,,0.0,,,,0.0,0.0,0.0,,,0,0,0,0,1,5,1,5,1,5,1,5,1,5,1,5,1,5,1,5
G0,h106,-2,S1,near_boundary,candidate_raw_counts,0,0,0,0,0,0,0,0,0,,0,0,zero denominator,,0,0,zero denominator,,0,0,zero denominator,,0,0,zero denominator,,0,0,zero denominator,,0,0,zero denominator,,0,0,zero denominator,,0,0,zero denominator,,0,0,zero denominator,,,,no both-attainment-defined points,absent,,,,,,,,,,,,,,,,,,,,
G0,h106,-1,S1,near_boundary,candidate_raw_counts,0,0,0,0,0,0,0,0,0,,0,0,zero denominator,,0,0,zero denominator,,0,0,zero denominator,,0,0,zero denominator,,0,0,zero denominator,,0,0,zero denominator,,0,0,zero denominator,,0,0,zero denominator,,0,0,zero denominator,,,,no both-attainment-defined points,absent,,,,,,,,,,,,,,,,,,,,
G0,h106,0,S1,near_boundary,candidate_raw_counts,0,0,0,0,0,0,0,0,0,,0,0,zero denominator,,0,0,zero denominator,,0,0,zero denominator,,0,0,zero denominator,,0,0,zero denominator,,0,0,zero denominator,,0,0,zero denominator,,0,0,zero denominator,,0,0,zero denominator,,,,no both-attainment-defined points,absent,,,,,,,,,,,,,,,,,,,,
G0,h106,1,S1,near_boundary,candidate_raw_counts,0,0,0,0,0,0,0,0,0,,0,0,zero denominator,,0,0,zero denominator,,0,0,zero denominator,,0,0,zero denominator,,0,0,zero denominator,,0,0,zero denominator,,0,0,zero denominator,,0,0,zero denominator,,0,0,zero denominator,,,,no both-attainment-defined points,absent,,,,,,,,,,,,,,,,,,,,
G0,h106,2,S1,near_boundary,candidate_raw_counts,0,0,0,0,0,0,0,0,0,,0,0,zero denominator,,0,0,zero denominator,,0,0,zero denominator,,0,0,zero denominator,,0,0,zero denominator,,0,0,zero denominator,,0,0,zero denominator,,0,0,zero denominator,,0,0,zero denominator,,,,no both-attainment-defined points,absent,,,,,,,,,,,,,,,,,,,,
G0,h106,ALL,S1,near_boundary,pooled_counts,0,0,0,0,0,0,0,0,0,,0,0,zero denominator,,0,0,zero denominator,,0,0,zero denominator,,0,0,zero denominator,,0,0,zero denominator,,0,0,zero denominator,,0,0,zero denominator,,0,0,zero denominator,,0,0,zero denominator,,,,no both-attainment-defined points,absent,,,,,,,,,,,,,,,,,,,,
G0,h106,ALL,S1,near_boundary,equal_candidate_equal_workload_macro,,,,,,,,,,,,,all denominators zero,,,,all denominators zero,,,,all denominators zero,,,,all denominators zero,,,,all denominators zero,,,,all denominators zero,,,,all denominators zero,,,,all denominators zero,,,,all denominators zero,,,,empty applicable subset,,0,0,0,0,0,0,0,0,0,0,0,0,0,0,0,0,0,0,0,0
G0,h106,-2,S2,service,candidate_raw_counts,0,37,0,0,26,63,37,0,0,,0,0,zero denominator,,0,0,zero denominator,0.0,0,37,,0.0,0,63,,0.5873015873015873,37,63,,0.0,0,37,,1.0,37,37,,0.0,0,37,,0.0,0,37,,0.009928295642581346,0.02978488692774408,0.10204081632653061,,present,,,,,,,,,,,,,,,,,,,,
G0,h106,-1,S2,service,candidate_raw_counts,0,37,0,0,26,63,37,0,0,,0,0,zero denominator,,0,0,zero denominator,0.0,0,37,,0.0,0,63,,0.5873015873015873,37,63,,0.0,0,37,,1.0,37,37,,0.0,0,37,,0.0,0,37,,0.018753447324875886,0.03419746276889135,0.1224489795918367,,present,,,,,,,,,,,,,,,,,,,,
G0,h106,0,S2,service,candidate_raw_counts,0,37,0,0,26,63,37,0,0,,0,0,zero denominator,,0,0,zero denominator,0.0,0,37,,0.0,0,63,,0.5873015873015873,37,63,,0.0,0,37,,1.0,37,37,,0.0,0,37,,0.0,0,37,,0.035300606729178154,0.04743519029233315,0.18367346938775514,,present,,,,,,,,,,,,,,,,,,,,
G0,h106,1,S2,service,candidate_raw_counts,0,37,0,0,26,63,37,0,0,,0,0,zero denominator,,0,0,zero denominator,0.0,0,37,,0.0,0,63,,0.5873015873015873,37,63,,0.0,0,37,,1.0,37,37,,0.0,0,37,,0.0,0,37,,0.03254274682846111,0.04467733039161611,0.18367346938775508,,present,,,,,,,,,,,,,,,,,,,,
G0,h106,2,S2,service,candidate_raw_counts,0,37,0,0,26,63,37,0,0,,0,0,zero denominator,,0,0,zero denominator,0.0,0,37,,0.0,0,63,,0.5873015873015873,37,63,,0.0,0,37,,1.0,37,37,,0.0,0,37,,0.0,0,37,,0.04081632653061224,0.04743519029233316,0.20408163265306123,,present,,,,,,,,,,,,,,,,,,,,
G0,h106,ALL,S2,service,pooled_counts,0,185,0,0,130,315,185,0,0,,0,0,zero denominator,,0,0,zero denominator,0.0,0,185,,0.0,0,315,,0.5873015873015873,185,315,,0.0,0,185,,1.0,185,185,,0.0,0,185,,0.0,0,185,,0.027468284611141747,0.040706012134583566,0.16326530612244897,,present,,,,,,,,,,,,,,,,,,,,
G0,h106,ALL,S2,service,equal_candidate_equal_workload_macro,,,,,,,,,,,,,all denominators zero,,,,all denominators zero,0.0,,,,0.0,,,,0.5873015873015873,,,,0.0,,,,1.0,,,,0.0,,,,0.0,,,,0.027468284611141747,0.040706012134583566,0.16326530612244897,,,0,0,0,0,1,5,1,5,1,5,1,5,1,5,1,5,1,5,1,5
G0,h106,-2,S2,latency_only,candidate_raw_counts,0,37,0,0,0,37,37,0,0,,0,0,zero denominator,,0,0,zero denominator,0.0,0,37,,0.0,0,37,,1.0,37,37,,0.0,0,37,,1.0,37,37,,0.0,0,37,,0.0,0,37,,0.009928295642581346,0.02978488692774408,0.10204081632653061,,present,,,,,,,,,,,,,,,,,,,,
G0,h106,-1,S2,latency_only,candidate_raw_counts,0,37,0,0,0,37,37,0,0,,0,0,zero denominator,,0,0,zero denominator,0.0,0,37,,0.0,0,37,,1.0,37,37,,0.0,0,37,,1.0,37,37,,0.0,0,37,,0.0,0,37,,0.018753447324875886,0.03419746276889135,0.1224489795918367,,present,,,,,,,,,,,,,,,,,,,,
G0,h106,0,S2,latency_only,candidate_raw_counts,0,37,0,0,0,37,37,0,0,,0,0,zero denominator,,0,0,zero denominator,0.0,0,37,,0.0,0,37,,1.0,37,37,,0.0,0,37,,1.0,37,37,,0.0,0,37,,0.0,0,37,,0.035300606729178154,0.04743519029233315,0.18367346938775514,,present,,,,,,,,,,,,,,,,,,,,
G0,h106,1,S2,latency_only,candidate_raw_counts,0,37,0,0,0,37,37,0,0,,0,0,zero denominator,,0,0,zero denominator,0.0,0,37,,0.0,0,37,,1.0,37,37,,0.0,0,37,,1.0,37,37,,0.0,0,37,,0.0,0,37,,0.03254274682846111,0.04467733039161611,0.18367346938775508,,present,,,,,,,,,,,,,,,,,,,,
G0,h106,2,S2,latency_only,candidate_raw_counts,0,37,0,0,0,37,37,0,0,,0,0,zero denominator,,0,0,zero denominator,0.0,0,37,,0.0,0,37,,1.0,37,37,,0.0,0,37,,1.0,37,37,,0.0,0,37,,0.0,0,37,,0.04081632653061224,0.04743519029233316,0.20408163265306123,,present,,,,,,,,,,,,,,,,,,,,
G0,h106,ALL,S2,latency_only,pooled_counts,0,185,0,0,0,185,185,0,0,,0,0,zero denominator,,0,0,zero denominator,0.0,0,185,,0.0,0,185,,1.0,185,185,,0.0,0,185,,1.0,185,185,,0.0,0,185,,0.0,0,185,,0.027468284611141747,0.040706012134583566,0.16326530612244897,,present,,,,,,,,,,,,,,,,,,,,
G0,h106,ALL,S2,latency_only,equal_candidate_equal_workload_macro,,,,,,,,,,,,,all denominators zero,,,,all denominators zero,0.0,,,,0.0,,,,1.0,,,,0.0,,,,1.0,,,,0.0,,,,0.0,,,,0.027468284611141747,0.040706012134583566,0.16326530612244897,,,0,0,0,0,1,5,1,5,1,5,1,5,1,5,1,5,1,5,1,5
G0,h106,-2,S2,near_boundary,candidate_raw_counts,0,0,0,0,0,0,0,0,0,,0,0,zero denominator,,0,0,zero denominator,,0,0,zero denominator,,0,0,zero denominator,,0,0,zero denominator,,0,0,zero denominator,,0,0,zero denominator,,0,0,zero denominator,,0,0,zero denominator,,,,no both-attainment-defined points,absent,,,,,,,,,,,,,,,,,,,,
G0,h106,-1,S2,near_boundary,candidate_raw_counts,0,0,0,0,0,0,0,0,0,,0,0,zero denominator,,0,0,zero denominator,,0,0,zero denominator,,0,0,zero denominator,,0,0,zero denominator,,0,0,zero denominator,,0,0,zero denominator,,0,0,zero denominator,,0,0,zero denominator,,,,no both-attainment-defined points,absent,,,,,,,,,,,,,,,,,,,,
G0,h106,0,S2,near_boundary,candidate_raw_counts,0,0,0,0,0,0,0,0,0,,0,0,zero denominator,,0,0,zero denominator,,0,0,zero denominator,,0,0,zero denominator,,0,0,zero denominator,,0,0,zero denominator,,0,0,zero denominator,,0,0,zero denominator,,0,0,zero denominator,,,,no both-attainment-defined points,absent,,,,,,,,,,,,,,,,,,,,
G0,h106,1,S2,near_boundary,candidate_raw_counts,0,0,0,0,0,0,0,0,0,,0,0,zero denominator,,0,0,zero denominator,,0,0,zero denominator,,0,0,zero denominator,,0,0,zero denominator,,0,0,zero denominator,,0,0,zero denominator,,0,0,zero denominator,,0,0,zero denominator,,,,no both-attainment-defined points,absent,,,,,,,,,,,,,,,,,,,,
G0,h106,2,S2,near_boundary,candidate_raw_counts,0,0,0,0,0,0,0,0,0,,0,0,zero denominator,,0,0,zero denominator,,0,0,zero denominator,,0,0,zero denominator,,0,0,zero denominator,,0,0,zero denominator,,0,0,zero denominator,,0,0,zero denominator,,0,0,zero denominator,,,,no both-attainment-defined points,absent,,,,,,,,,,,,,,,,,,,,
G0,h106,ALL,S2,near_boundary,pooled_counts,0,0,0,0,0,0,0,0,0,,0,0,zero denominator,,0,0,zero denominator,,0,0,zero denominator,,0,0,zero denominator,,0,0,zero denominator,,0,0,zero denominator,,0,0,zero denominator,,0,0,zero denominator,,0,0,zero denominator,,,,no both-attainment-defined points,absent,,,,,,,,,,,,,,,,,,,,
G0,h106,ALL,S2,near_boundary,equal_candidate_equal_workload_macro,,,,,,,,,,,,,all denominators zero,,,,all denominators zero,,,,all denominators zero,,,,all denominators zero,,,,all denominators zero,,,,all denominators zero,,,,all denominators zero,,,,all denominators zero,,,,all denominators zero,,,,empty applicable subset,,0,0,0,0,0,0,0,0,0,0,0,0,0,0,0,0,0,0,0,0
G0,h106,-2,S3,service,candidate_raw_counts,0,37,0,0,26,63,37,0,0,,0,0,zero denominator,,0,0,zero denominator,0.0,0,37,,0.0,0,63,,0.5873015873015873,37,63,,0.0,0,37,,1.0,37,37,,0.0,0,37,,0.0,0,37,,0.0,0.0,0.0,,present,,,,,,,,,,,,,,,,,,,,
G0,h106,-1,S3,service,candidate_raw_counts,0,37,0,0,26,63,37,0,0,,0,0,zero denominator,,0,0,zero denominator,0.0,0,37,,0.0,0,63,,0.5873015873015873,37,63,,0.0,0,37,,1.0,37,37,,0.0,0,37,,0.0,0,37,,0.0,0.0,0.0,,present,,,,,,,,,,,,,,,,,,,,
G0,h106,0,S3,service,candidate_raw_counts,0,37,0,0,26,63,37,0,0,,0,0,zero denominator,,0,0,zero denominator,0.0,0,37,,0.0,0,63,,0.5873015873015873,37,63,,0.0,0,37,,1.0,37,37,,0.0,0,37,,0.0,0,37,,0.0,0.0,0.0,,present,,,,,,,,,,,,,,,,,,,,
G0,h106,1,S3,service,candidate_raw_counts,0,37,0,0,26,63,37,0,0,,0,0,zero denominator,,0,0,zero denominator,0.0,0,37,,0.0,0,63,,0.5873015873015873,37,63,,0.0,0,37,,1.0,37,37,,0.0,0,37,,0.0,0,37,,0.0,0.0,0.0,,present,,,,,,,,,,,,,,,,,,,,
G0,h106,2,S3,service,candidate_raw_counts,0,37,0,0,26,63,37,0,0,,0,0,zero denominator,,0,0,zero denominator,0.0,0,37,,0.0,0,63,,0.5873015873015873,37,63,,0.0,0,37,,1.0,37,37,,0.0,0,37,,0.0,0,37,,0.0,0.0,0.0,,present,,,,,,,,,,,,,,,,,,,,
G0,h106,ALL,S3,service,pooled_counts,0,185,0,0,130,315,185,0,0,,0,0,zero denominator,,0,0,zero denominator,0.0,0,185,,0.0,0,315,,0.5873015873015873,185,315,,0.0,0,185,,1.0,185,185,,0.0,0,185,,0.0,0,185,,0.0,0.0,0.0,,present,,,,,,,,,,,,,,,,,,,,
G0,h106,ALL,S3,service,equal_candidate_equal_workload_macro,,,,,,,,,,,,,all denominators zero,,,,all denominators zero,0.0,,,,0.0,,,,0.5873015873015873,,,,0.0,,,,1.0,,,,0.0,,,,0.0,,,,0.0,0.0,0.0,,,0,0,0,0,1,5,1,5,1,5,1,5,1,5,1,5,1,5,1,5
G0,h106,-2,S3,latency_only,candidate_raw_counts,0,37,0,0,0,37,37,0,0,,0,0,zero denominator,,0,0,zero denominator,0.0,0,37,,0.0,0,37,,1.0,37,37,,0.0,0,37,,1.0,37,37,,0.0,0,37,,0.0,0,37,,0.0,0.0,0.0,,present,,,,,,,,,,,,,,,,,,,,
G0,h106,-1,S3,latency_only,candidate_raw_counts,0,37,0,0,0,37,37,0,0,,0,0,zero denominator,,0,0,zero denominator,0.0,0,37,,0.0,0,37,,1.0,37,37,,0.0,0,37,,1.0,37,37,,0.0,0,37,,0.0,0,37,,0.0,0.0,0.0,,present,,,,,,,,,,,,,,,,,,,,
G0,h106,0,S3,latency_only,candidate_raw_counts,0,37,0,0,0,37,37,0,0,,0,0,zero denominator,,0,0,zero denominator,0.0,0,37,,0.0,0,37,,1.0,37,37,,0.0,0,37,,1.0,37,37,,0.0,0,37,,0.0,0,37,,0.0,0.0,0.0,,present,,,,,,,,,,,,,,,,,,,,
G0,h106,1,S3,latency_only,candidate_raw_counts,0,37,0,0,0,37,37,0,0,,0,0,zero denominator,,0,0,zero denominator,0.0,0,37,,0.0,0,37,,1.0,37,37,,0.0,0,37,,1.0,37,37,,0.0,0,37,,0.0,0,37,,0.0,0.0,0.0,,present,,,,,,,,,,,,,,,,,,,,
G0,h106,2,S3,latency_only,candidate_raw_counts,0,37,0,0,0,37,37,0,0,,0,0,zero denominator,,0,0,zero denominator,0.0,0,37,,0.0,0,37,,1.0,37,37,,0.0,0,37,,1.0,37,37,,0.0,0,37,,0.0,0,37,,0.0,0.0,0.0,,present,,,,,,,,,,,,,,,,,,,,
G0,h106,ALL,S3,latency_only,pooled_counts,0,185,0,0,0,185,185,0,0,,0,0,zero denominator,,0,0,zero denominator,0.0,0,185,,0.0,0,185,,1.0,185,185,,0.0,0,185,,1.0,185,185,,0.0,0,185,,0.0,0,185,,0.0,0.0,0.0,,present,,,,,,,,,,,,,,,,,,,,
G0,h106,ALL,S3,latency_only,equal_candidate_equal_workload_macro,,,,,,,,,,,,,all denominators zero,,,,all denominators zero,0.0,,,,0.0,,,,1.0,,,,0.0,,,,1.0,,,,0.0,,,,0.0,,,,0.0,0.0,0.0,,,0,0,0,0,1,5,1,5,1,5,1,5,1,5,1,5,1,5,1,5
G0,h106,-2,S3,near_boundary,candidate_raw_counts,0,0,0,0,0,0,0,0,0,,0,0,zero denominator,,0,0,zero denominator,,0,0,zero denominator,,0,0,zero denominator,,0,0,zero denominator,,0,0,zero denominator,,0,0,zero denominator,,0,0,zero denominator,,0,0,zero denominator,,,,no both-attainment-defined points,absent,,,,,,,,,,,,,,,,,,,,
G0,h106,-1,S3,near_boundary,candidate_raw_counts,0,0,0,0,0,0,0,0,0,,0,0,zero denominator,,0,0,zero denominator,,0,0,zero denominator,,0,0,zero denominator,,0,0,zero denominator,,0,0,zero denominator,,0,0,zero denominator,,0,0,zero denominator,,0,0,zero denominator,,,,no both-attainment-defined points,absent,,,,,,,,,,,,,,,,,,,,
G0,h106,0,S3,near_boundary,candidate_raw_counts,0,0,0,0,0,0,0,0,0,,0,0,zero denominator,,0,0,zero denominator,,0,0,zero denominator,,0,0,zero denominator,,0,0,zero denominator,,0,0,zero denominator,,0,0,zero denominator,,0,0,zero denominator,,0,0,zero denominator,,,,no both-attainment-defined points,absent,,,,,,,,,,,,,,,,,,,,
G0,h106,1,S3,near_boundary,candidate_raw_counts,0,0,0,0,0,0,0,0,0,,0,0,zero denominator,,0,0,zero denominator,,0,0,zero denominator,,0,0,zero denominator,,0,0,zero denominator,,0,0,zero denominator,,0,0,zero denominator,,0,0,zero denominator,,0,0,zero denominator,,,,no both-attainment-defined points,absent,,,,,,,,,,,,,,,,,,,,
G0,h106,2,S3,near_boundary,candidate_raw_counts,0,0,0,0,0,0,0,0,0,,0,0,zero denominator,,0,0,zero denominator,,0,0,zero denominator,,0,0,zero denominator,,0,0,zero denominator,,0,0,zero denominator,,0,0,zero denominator,,0,0,zero denominator,,0,0,zero denominator,,,,no both-attainment-defined points,absent,,,,,,,,,,,,,,,,,,,,
G0,h106,ALL,S3,near_boundary,pooled_counts,0,0,0,0,0,0,0,0,0,,0,0,zero denominator,,0,0,zero denominator,,0,0,zero denominator,,0,0,zero denominator,,0,0,zero denominator,,0,0,zero denominator,,0,0,zero denominator,,0,0,zero denominator,,0,0,zero denominator,,,,no both-attainment-defined points,absent,,,,,,,,,,,,,,,,,,,,
G0,h106,ALL,S3,near_boundary,equal_candidate_equal_workload_macro,,,,,,,,,,,,,all denominators zero,,,,all denominators zero,,,,all denominators zero,,,,all denominators zero,,,,all denominators zero,,,,all denominators zero,,,,all denominators zero,,,,all denominators zero,,,,all denominators zero,,,,empty applicable subset,,0,0,0,0,0,0,0,0,0,0,0,0,0,0,0,0,0,0,0,0
G0,h106,-2,S4,service,candidate_raw_counts,18,17,0,2,26,63,37,18,0,0.0,0,18,,0.1,2,20,,0.0,0,17,,0.2857142857142857,18,63,,0.5873015873015873,37,63,,0.4864864864864865,18,37,,0.4594594594594595,17,37,,0.0,0,37,,0.05405405405405406,2,37,,-0.07887479316050744,0.08549365692222835,0.30612244897959184,,present,,,,,,,,,,,,,,,,,,,,
G0,h106,-1,S4,service,candidate_raw_counts,14,18,0,5,26,63,37,14,0,0.0,0,14,,0.2631578947368421,5,19,,0.0,0,18,,0.2222222222222222,14,63,,0.5873015873015873,37,63,,0.3783783783783784,14,37,,0.4864864864864865,18,37,,0.0,0,37,,0.13513513513513514,5,37,,-0.075565361279647,0.07777164920022063,0.3469387755102041,,present,,,,,,,,,,,,,,,,,,,,
G0,h106,0,S4,service,candidate_raw_counts,13,22,0,2,26,63,37,13,0,0.0,0,13,,0.13333333333333333,2,15,,0.0,0,22,,0.20634920634920634,13,63,,0.5873015873015873,37,63,,0.35135135135135137,13,37,,0.5945945945945946,22,37,,0.0,0,37,,0.05405405405405406,2,37,,-0.04743519029233315,0.05736348593491451,0.2040816326530612,,present,,,,,,,,,,,,,,,,,,,,
G0,h106,1,S4,service,candidate_raw_counts,12,24,0,1,26,63,37,12,0,0.0,0,12,,0.07692307692307693,1,13,,0.0,0,24,,0.19047619047619047,12,63,,0.5873015873015873,37,63,,0.32432432432432434,12,37,,0.6486486486486487,24,37,,0.0,0,37,,0.02702702702702703,1,37,,-0.041919470490899065,0.049641478212906785,0.20408163265306123,,present,,,,,,,,,,,,,,,,,,,,
G0,h106,2,S4,service,candidate_raw_counts,12,25,0,0,26,63,37,12,0,0.0,0,12,,0.0,0,12,,0.0,0,25,,0.19047619047619047,12,63,,0.5873015873015873,37,63,,0.32432432432432434,12,37,,0.6756756756756757,25,37,,0.0,0,37,,0.0,0,37,,-0.028681742967457253,0.03861003861003861,0.163265306122449,,present,,,,,,,,,,,,,,,,,,,,
G0,h106,ALL,S4,service,pooled_counts,69,106,0,10,130,315,185,69,0,0.0,0,69,,0.12658227848101267,10,79,,0.0,0,106,,0.21904761904761905,69,315,,0.5873015873015873,185,315,,0.372972972972973,69,185,,0.572972972972973,106,185,,0.0,0,185,,0.05405405405405406,10,185,,-0.05449531163816878,0.06177606177606178,0.20408163265306123,,present,,,,,,,,,,,,,,,,,,,,
G0,h106,ALL,S4,service,equal_candidate_equal_workload_macro,,,,,,,,,,0.0,,,,0.11468286099865047,,,,0.0,,,,0.21904761904761905,,,,0.5873015873015873,,,,0.372972972972973,,,,0.572972972972973,,,,0.0,,,,0.05405405405405406,,,,-0.05449531163816878,0.06177606177606178,0.20408163265306123,,,1,5,1,5,1,5,1,5,1,5,1,5,1,5,1,5,1,5,1,5
G0,h106,-2,S4,latency_only,candidate_raw_counts,18,17,0,2,0,37,37,18,0,0.0,0,18,,0.1,2,20,,0.0,0,17,,0.4864864864864865,18,37,,1.0,37,37,,0.4864864864864865,18,37,,0.4594594594594595,17,37,,0.0,0,37,,0.05405405405405406,2,37,,-0.07887479316050744,0.08549365692222835,0.30612244897959184,,present,,,,,,,,,,,,,,,,,,,,
G0,h106,-1,S4,latency_only,candidate_raw_counts,14,18,0,5,0,37,37,14,0,0.0,0,14,,0.2631578947368421,5,19,,0.0,0,18,,0.3783783783783784,14,37,,1.0,37,37,,0.3783783783783784,14,37,,0.4864864864864865,18,37,,0.0,0,37,,0.13513513513513514,5,37,,-0.075565361279647,0.07777164920022063,0.3469387755102041,,present,,,,,,,,,,,,,,,,,,,,
G0,h106,0,S4,latency_only,candidate_raw_counts,13,22,0,2,0,37,37,13,0,0.0,0,13,,0.13333333333333333,2,15,,0.0,0,22,,0.35135135135135137,13,37,,1.0,37,37,,0.35135135135135137,13,37,,0.5945945945945946,22,37,,0.0,0,37,,0.05405405405405406,2,37,,-0.04743519029233315,0.05736348593491451,0.2040816326530612,,present,,,,,,,,,,,,,,,,,,,,
G0,h106,1,S4,latency_only,candidate_raw_counts,12,24,0,1,0,37,37,12,0,0.0,0,12,,0.07692307692307693,1,13,,0.0,0,24,,0.32432432432432434,12,37,,1.0,37,37,,0.32432432432432434,12,37,,0.6486486486486487,24,37,,0.0,0,37,,0.02702702702702703,1,37,,-0.041919470490899065,0.049641478212906785,0.20408163265306123,,present,,,,,,,,,,,,,,,,,,,,
G0,h106,2,S4,latency_only,candidate_raw_counts,12,25,0,0,0,37,37,12,0,0.0,0,12,,0.0,0,12,,0.0,0,25,,0.32432432432432434,12,37,,1.0,37,37,,0.32432432432432434,12,37,,0.6756756756756757,25,37,,0.0,0,37,,0.0,0,37,,-0.028681742967457253,0.03861003861003861,0.163265306122449,,present,,,,,,,,,,,,,,,,,,,,
G0,h106,ALL,S4,latency_only,pooled_counts,69,106,0,10,0,185,185,69,0,0.0,0,69,,0.12658227848101267,10,79,,0.0,0,106,,0.372972972972973,69,185,,1.0,185,185,,0.372972972972973,69,185,,0.572972972972973,106,185,,0.0,0,185,,0.05405405405405406,10,185,,-0.05449531163816878,0.06177606177606178,0.20408163265306123,,present,,,,,,,,,,,,,,,,,,,,
G0,h106,ALL,S4,latency_only,equal_candidate_equal_workload_macro,,,,,,,,,,0.0,,,,0.11468286099865047,,,,0.0,,,,0.372972972972973,,,,1.0,,,,0.372972972972973,,,,0.572972972972973,,,,0.0,,,,0.05405405405405406,,,,-0.05449531163816878,0.06177606177606178,0.20408163265306123,,,1,5,1,5,1,5,1,5,1,5,1,5,1,5,1,5,1,5,1,5
G0,h106,-2,S4,near_boundary,candidate_raw_counts,0,0,0,2,0,2,2,0,0,,0,0,zero denominator,1.0,2,2,,,0,0,zero denominator,0.0,0,2,,1.0,2,2,,0.0,0,2,,0.0,0,2,,0.0,0,2,,1.0,2,2,,-0.20408163265306123,0.20408163265306123,0.2857142857142857,,present,,,,,,,,,,,,,,,,,,,,
G0,h106,-1,S4,near_boundary,candidate_raw_counts,0,0,0,1,0,1,1,0,0,,0,0,zero denominator,1.0,1,1,,,0,0,zero denominator,0.0,0,1,,1.0,1,1,,0.0,0,1,,0.0,0,1,,0.0,0,1,,1.0,1,1,,-0.26530612244897966,0.26530612244897966,0.26530612244897966,,present,,,,,,,,,,,,,,,,,,,,
G0,h106,0,S4,near_boundary,candidate_raw_counts,0,3,0,2,0,5,5,0,0,,0,0,zero denominator,1.0,2,2,,0.0,0,3,,0.0,0,5,,1.0,5,5,,0.0,0,5,,0.6,3,5,,0.0,0,5,,0.4,2,5,,-0.15918367346938778,0.15918367346938778,0.22448979591836737,,present,,,,,,,,,,,,,,,,,,,,
G0,h106,1,S4,near_boundary,candidate_raw_counts,0,0,0,0,0,0,0,0,0,,0,0,zero denominator,,0,0,zero denominator,,0,0,zero denominator,,0,0,zero denominator,,0,0,zero denominator,,0,0,zero denominator,,0,0,zero denominator,,0,0,zero denominator,,0,0,zero denominator,,,,no both-attainment-defined points,absent,,,,,,,,,,,,,,,,,,,,
G0,h106,2,S4,near_boundary,candidate_raw_counts,0,0,0,0,0,0,0,0,0,,0,0,zero denominator,,0,0,zero denominator,,0,0,zero denominator,,0,0,zero denominator,,0,0,zero denominator,,0,0,zero denominator,,0,0,zero denominator,,0,0,zero denominator,,0,0,zero denominator,,,,no both-attainment-defined points,absent,,,,,,,,,,,,,,,,,,,,
G0,h106,ALL,S4,near_boundary,pooled_counts,0,3,0,5,0,8,8,0,0,,0,0,zero denominator,1.0,5,5,,0.0,0,3,,0.0,0,8,,1.0,8,8,,0.0,0,8,,0.375,3,8,,0.0,0,8,,0.625,5,8,,-0.18367346938775514,0.18367346938775514,0.2857142857142857,,present,,,,,,,,,,,,,,,,,,,,
G0,h106,ALL,S4,near_boundary,equal_candidate_equal_workload_macro,,,,,,,,,,,,,all denominators zero,1.0,,,,0.0,,,,0.0,,,,1.0,,,,0.0,,,,0.19999999999999998,,,,0.0,,,,0.8,,,,-0.20952380952380956,0.20952380952380956,0.2857142857142857,,,0,0,1,3,1,1,1,3,1,3,1,3,1,3,1,3,1,3,1,3
G0,h106,-2,S5,service,candidate_raw_counts,26,10,1,0,26,63,37,27,0,0.037037037037037035,1,27,,0.0,0,26,,0.09090909090909091,1,11,,0.42857142857142855,27,63,,0.5873015873015873,37,63,,0.7027027027027027,26,37,,0.2702702702702703,10,37,,0.02702702702702703,1,37,,0.0,0,37,,0.03861003861003861,0.04302261445118589,0.163265306122449,,present,,,,,,,,,,,,,,,,,,,,
G0,h106,-1,S5,service,candidate_raw_counts,24,11,2,0,26,63,37,26,0,0.07692307692307693,2,26,,0.0,0,24,,0.15384615384615385,2,13,,0.4126984126984127,26,63,,0.5873015873015873,37,63,,0.6486486486486487,24,37,,0.2972972972972973,11,37,,0.05405405405405406,2,37,,0.0,0,37,,0.06784335355763928,0.07115278543849973,0.2653061224489796,,present,,,,,,,,,,,,,,,,,,,,
G0,h106,0,S5,service,candidate_raw_counts,23,13,1,0,26,63,37,24,0,0.041666666666666664,1,24,,0.0,0,23,,0.07142857142857142,1,14,,0.38095238095238093,24,63,,0.5873015873015873,37,63,,0.6216216216216216,23,37,,0.35135135135135137,13,37,,0.02702702702702703,1,37,,0.0,0,37,,0.09873138444567015,0.10093767236624379,0.5306122448979592,,present,,,,,,,,,,,,,,,,,,,,
G0,h106,1,S5,service,candidate_raw_counts,20,13,4,0,26,63,37,24,0,0.16666666666666666,4,24,,0.0,0,20,,0.23529411764705882,4,17,,0.38095238095238093,24,63,,0.5873015873015873,37,63,,0.5405405405405406,20,37,,0.35135135135135137,13,37,,0.10810810810810811,4,37,,0.0,0,37,,0.0827357970215113,0.08383894098179813,0.36734693877551017,,present,,,,,,,,,,,,,,,,,,,,
G0,h106,2,S5,service,candidate_raw_counts,19,14,4,0,26,63,37,23,0,0.17391304347826086,4,23,,0.0,0,19,,0.2222222222222222,4,18,,0.36507936507936506,23,63,,0.5873015873015873,37,63,,0.5135135135135135,19,37,,0.3783783783783784,14,37,,0.10810810810810811,4,37,,0.0,0,37,,0.09376723662437948,0.09376723662437948,0.326530612244898,,present,,,,,,,,,,,,,,,,,,,,
G0,h106,ALL,S5,service,pooled_counts,112,61,12,0,130,315,185,124,0,0.0967741935483871,12,124,,0.0,0,112,,0.1643835616438356,12,73,,0.39365079365079364,124,315,,0.5873015873015873,185,315,,0.6054054054054054,112,185,,0.32972972972972975,61,185,,0.06486486486486487,12,185,,0.0,0,185,,0.07633756205184776,0.0785438499724214,0.326530612244898,,present,,,,,,,,,,,,,,,,,,,,
G0,h106,ALL,S5,service,equal_candidate_equal_workload_macro,,,,,,,,,,0.09924129815434163,,,,0.0,,,,0.15474003121061944,,,,0.39365079365079364,,,,0.5873015873015873,,,,0.6054054054054054,,,,0.32972972972972975,,,,0.06486486486486487,,,,0.0,,,,0.07633756205184776,0.0785438499724214,0.326530612244898,,,1,5,1,5,1,5,1,5,1,5,1,5,1,5,1,5,1,5,1,5
G0,h106,-2,S5,latency_only,candidate_raw_counts,26,10,1,0,0,37,37,27,0,0.037037037037037035,1,27,,0.0,0,26,,0.09090909090909091,1,11,,0.7297297297297297,27,37,,1.0,37,37,,0.7027027027027027,26,37,,0.2702702702702703,10,37,,0.02702702702702703,1,37,,0.0,0,37,,0.03861003861003861,0.04302261445118589,0.163265306122449,,present,,,,,,,,,,,,,,,,,,,,
G0,h106,-1,S5,latency_only,candidate_raw_counts,24,11,2,0,0,37,37,26,0,0.07692307692307693,2,26,,0.0,0,24,,0.15384615384615385,2,13,,0.7027027027027027,26,37,,1.0,37,37,,0.6486486486486487,24,37,,0.2972972972972973,11,37,,0.05405405405405406,2,37,,0.0,0,37,,0.06784335355763928,0.07115278543849973,0.2653061224489796,,present,,,,,,,,,,,,,,,,,,,,
G0,h106,0,S5,latency_only,candidate_raw_counts,23,13,1,0,0,37,37,24,0,0.041666666666666664,1,24,,0.0,0,23,,0.07142857142857142,1,14,,0.6486486486486487,24,37,,1.0,37,37,,0.6216216216216216,23,37,,0.35135135135135137,13,37,,0.02702702702702703,1,37,,0.0,0,37,,0.09873138444567015,0.10093767236624379,0.5306122448979592,,present,,,,,,,,,,,,,,,,,,,,
G0,h106,1,S5,latency_only,candidate_raw_counts,20,13,4,0,0,37,37,24,0,0.16666666666666666,4,24,,0.0,0,20,,0.23529411764705882,4,17,,0.6486486486486487,24,37,,1.0,37,37,,0.5405405405405406,20,37,,0.35135135135135137,13,37,,0.10810810810810811,4,37,,0.0,0,37,,0.0827357970215113,0.08383894098179813,0.36734693877551017,,present,,,,,,,,,,,,,,,,,,,,
G0,h106,2,S5,latency_only,candidate_raw_counts,19,14,4,0,0,37,37,23,0,0.17391304347826086,4,23,,0.0,0,19,,0.2222222222222222,4,18,,0.6216216216216216,23,37,,1.0,37,37,,0.5135135135135135,19,37,,0.3783783783783784,14,37,,0.10810810810810811,4,37,,0.0,0,37,,0.09376723662437948,0.09376723662437948,0.326530612244898,,present,,,,,,,,,,,,,,,,,,,,
G0,h106,ALL,S5,latency_only,pooled_counts,112,61,12,0,0,185,185,124,0,0.0967741935483871,12,124,,0.0,0,112,,0.1643835616438356,12,73,,0.6702702702702703,124,185,,1.0,185,185,,0.6054054054054054,112,185,,0.32972972972972975,61,185,,0.06486486486486487,12,185,,0.0,0,185,,0.07633756205184776,0.0785438499724214,0.326530612244898,,present,,,,,,,,,,,,,,,,,,,,
G0,h106,ALL,S5,latency_only,equal_candidate_equal_workload_macro,,,,,,,,,,0.09924129815434163,,,,0.0,,,,0.15474003121061944,,,,0.6702702702702703,,,,1.0,,,,0.6054054054054054,,,,0.32972972972972975,,,,0.06486486486486487,,,,0.0,,,,0.07633756205184776,0.0785438499724214,0.326530612244898,,,1,5,1,5,1,5,1,5,1,5,1,5,1,5,1,5,1,5,1,5
G0,h106,-2,S5,near_boundary,candidate_raw_counts,2,0,1,0,0,3,3,3,0,0.3333333333333333,1,3,,0.0,0,2,,1.0,1,1,,1.0,3,3,,1.0,3,3,,0.6666666666666666,2,3,,0.0,0,3,,0.3333333333333333,1,3,,0.0,0,3,,0.013605442176870763,0.013605442176870763,0.020408163265306145,,present,,,,,,,,,,,,,,,,,,,,
G0,h106,-1,S5,near_boundary,candidate_raw_counts,0,0,0,0,0,0,0,0,0,,0,0,zero denominator,,0,0,zero denominator,,0,0,zero denominator,,0,0,zero denominator,,0,0,zero denominator,,0,0,zero denominator,,0,0,zero denominator,,0,0,zero denominator,,0,0,zero denominator,,,,no both-attainment-defined points,absent,,,,,,,,,,,,,,,,,,,,
G0,h106,0,S5,near_boundary,candidate_raw_counts,2,0,0,0,0,2,2,2,0,0.0,0,2,,0.0,0,2,,,0,0,zero denominator,1.0,2,2,,1.0,2,2,,1.0,2,2,,0.0,0,2,,0.0,0,2,,0.0,0,2,,0.020408163265306034,0.020408163265306034,0.020408163265306034,,present,,,,,,,,,,,,,,,,,,,,
G0,h106,1,S5,near_boundary,candidate_raw_counts,1,0,0,0,0,1,1,1,0,0.0,0,1,,0.0,0,1,,,0,0,zero denominator,1.0,1,1,,1.0,1,1,,1.0,1,1,,0.0,0,1,,0.0,0,1,,0.0,0,1,,0.020408163265306145,0.020408163265306145,0.020408163265306145,,present,,,,,,,,,,,,,,,,,,,,
G0,h106,2,S5,near_boundary,candidate_raw_counts,1,0,0,0,0,1,1,1,0,0.0,0,1,,0.0,0,1,,,0,0,zero denominator,1.0,1,1,,1.0,1,1,,1.0,1,1,,0.0,0,1,,0.0,0,1,,0.0,0,1,,0.020408163265306034,0.020408163265306034,0.020408163265306034,,present,,,,,,,,,,,,,,,,,,,,
G0,h106,ALL,S5,near_boundary,pooled_counts,6,0,1,0,0,7,7,7,0,0.14285714285714285,1,7,,0.0,0,6,,1.0,1,1,,1.0,7,7,,1.0,7,7,,0.8571428571428571,6,7,,0.0,0,7,,0.14285714285714285,1,7,,0.0,0,7,,0.017492711370262364,0.017492711370262364,0.020408163265306145,,present,,,,,,,,,,,,,,,,,,,,
G0,h106,ALL,S5,near_boundary,equal_candidate_equal_workload_macro,,,,,,,,,,0.08333333333333333,,,,0.0,,,,1.0,,,,1.0,,,,1.0,,,,0.9166666666666666,,,,0.0,,,,0.08333333333333333,,,,0.0,,,,0.018707482993197244,0.018707482993197244,0.020408163265306145,,,1,4,1,4,1,1,1,4,1,4,1,4,1,4,1,4,1,4,1,4
G0,h106,-2,S6,service,candidate_raw_counts,35,1,0,1,26,63,37,35,0,0.0,0,35,,0.027777777777777776,1,36,,0.0,0,1,,0.5555555555555556,35,63,,0.5873015873015873,37,63,,0.9459459459459459,35,37,,0.02702702702702703,1,37,,0.0,0,37,,0.02702702702702703,1,37,,-0.02426916712630998,0.02426916712630998,0.08163265306122447,,present,,,,,,,,,,,,,,,,,,,,
G0,h106,-1,S6,service,candidate_raw_counts,35,1,0,1,26,63,37,35,0,0.0,0,35,,0.027777777777777776,1,36,,0.0,0,1,,0.5555555555555556,35,63,,0.5873015873015873,37,63,,0.9459459459459459,35,37,,0.02702702702702703,1,37,,0.0,0,37,,0.02702702702702703,1,37,,-0.023717595146166573,0.023717595146166573,0.08163265306122447,,present,,,,,,,,,,,,,,,,,,,,
G0,h106,0,S6,service,candidate_raw_counts,35,1,0,1,26,63,37,35,0,0.0,0,35,,0.027777777777777776,1,36,,0.0,0,1,,0.5555555555555556,35,63,,0.5873015873015873,37,63,,0.9459459459459459,35,37,,0.02702702702702703,1,37,,0.0,0,37,,0.02702702702702703,1,37,,-0.021511307225592937,0.021511307225592937,0.061224489795918324,,present,,,,,,,,,,,,,,,,,,,,
G0,h106,1,S6,service,candidate_raw_counts,35,2,0,0,26,63,37,35,0,0.0,0,35,,0.0,0,35,,0.0,0,2,,0.5555555555555556,35,63,,0.5873015873015873,37,63,,0.9459459459459459,35,37,,0.05405405405405406,2,37,,0.0,0,37,,0.0,0,37,,-0.01985659128516271,0.01985659128516271,0.061224489795918324,,present,,,,,,,,,,,,,,,,,,,,
G0,h106,2,S6,service,candidate_raw_counts,35,2,0,0,26,63,37,35,0,0.0,0,35,,0.0,0,35,,0.0,0,2,,0.5555555555555556,35,63,,0.5873015873015873,37,63,,0.9459459459459459,35,37,,0.05405405405405406,2,37,,0.0,0,37,,0.0,0,37,,-0.01544401544401544,0.01544401544401544,0.061224489795918324,,present,,,,,,,,,,,,,,,,,,,,
G0,h106,ALL,S6,service,pooled_counts,175,7,0,3,130,315,185,175,0,0.0,0,175,,0.016853932584269662,3,178,,0.0,0,7,,0.5555555555555556,175,315,,0.5873015873015873,185,315,,0.9459459459459459,175,185,,0.03783783783783784,7,185,,0.0,0,185,,0.016216216216216217,3,185,,-0.02095973524544953,0.02095973524544953,0.061224489795918324,,present,,,,,,,,,,,,,,,,,,,,
G0,h106,ALL,S6,service,equal_candidate_equal_workload_macro,,,,,,,,,,0.0,,,,0.016666666666666666,,,,0.0,,,,0.5555555555555556,,,,0.5873015873015873,,,,0.9459459459459459,,,,0.03783783783783784,,,,0.0,,,,0.016216216216216217,,,,-0.02095973524544953,0.02095973524544953,0.061224489795918324,,,1,5,1,5,1,5,1,5,1,5,1,5,1,5,1,5,1,5,1,5
G0,h106,-2,S6,latency_only,candidate_raw_counts,35,1,0,1,0,37,37,35,0,0.0,0,35,,0.027777777777777776,1,36,,0.0,0,1,,0.9459459459459459,35,37,,1.0,37,37,,0.9459459459459459,35,37,,0.02702702702702703,1,37,,0.0,0,37,,0.02702702702702703,1,37,,-0.02426916712630998,0.02426916712630998,0.08163265306122447,,present,,,,,,,,,,,,,,,,,,,,
G0,h106,-1,S6,latency_only,candidate_raw_counts,35,1,0,1,0,37,37,35,0,0.0,0,35,,0.027777777777777776,1,36,,0.0,0,1,,0.9459459459459459,35,37,,1.0,37,37,,0.9459459459459459,35,37,,0.02702702702702703,1,37,,0.0,0,37,,0.02702702702702703,1,37,,-0.023717595146166573,0.023717595146166573,0.08163265306122447,,present,,,,,,,,,,,,,,,,,,,,
G0,h106,0,S6,latency_only,candidate_raw_counts,35,1,0,1,0,37,37,35,0,0.0,0,35,,0.027777777777777776,1,36,,0.0,0,1,,0.9459459459459459,35,37,,1.0,37,37,,0.9459459459459459,35,37,,0.02702702702702703,1,37,,0.0,0,37,,0.02702702702702703,1,37,,-0.021511307225592937,0.021511307225592937,0.061224489795918324,,present,,,,,,,,,,,,,,,,,,,,
G0,h106,1,S6,latency_only,candidate_raw_counts,35,2,0,0,0,37,37,35,0,0.0,0,35,,0.0,0,35,,0.0,0,2,,0.9459459459459459,35,37,,1.0,37,37,,0.9459459459459459,35,37,,0.05405405405405406,2,37,,0.0,0,37,,0.0,0,37,,-0.01985659128516271,0.01985659128516271,0.061224489795918324,,present,,,,,,,,,,,,,,,,,,,,
G0,h106,2,S6,latency_only,candidate_raw_counts,35,2,0,0,0,37,37,35,0,0.0,0,35,,0.0,0,35,,0.0,0,2,,0.9459459459459459,35,37,,1.0,37,37,,0.9459459459459459,35,37,,0.05405405405405406,2,37,,0.0,0,37,,0.0,0,37,,-0.01544401544401544,0.01544401544401544,0.061224489795918324,,present,,,,,,,,,,,,,,,,,,,,
G0,h106,ALL,S6,latency_only,pooled_counts,175,7,0,3,0,185,185,175,0,0.0,0,175,,0.016853932584269662,3,178,,0.0,0,7,,0.9459459459459459,175,185,,1.0,185,185,,0.9459459459459459,175,185,,0.03783783783783784,7,185,,0.0,0,185,,0.016216216216216217,3,185,,-0.02095973524544953,0.02095973524544953,0.061224489795918324,,present,,,,,,,,,,,,,,,,,,,,
G0,h106,ALL,S6,latency_only,equal_candidate_equal_workload_macro,,,,,,,,,,0.0,,,,0.016666666666666666,,,,0.0,,,,0.9459459459459459,,,,1.0,,,,0.9459459459459459,,,,0.03783783783783784,,,,0.0,,,,0.016216216216216217,,,,-0.02095973524544953,0.02095973524544953,0.061224489795918324,,,1,5,1,5,1,5,1,5,1,5,1,5,1,5,1,5,1,5,1,5
G0,h106,-2,S6,near_boundary,candidate_raw_counts,0,0,0,0,0,0,0,0,0,,0,0,zero denominator,,0,0,zero denominator,,0,0,zero denominator,,0,0,zero denominator,,0,0,zero denominator,,0,0,zero denominator,,0,0,zero denominator,,0,0,zero denominator,,0,0,zero denominator,,,,no both-attainment-defined points,absent,,,,,,,,,,,,,,,,,,,,
G0,h106,-1,S6,near_boundary,candidate_raw_counts,0,0,0,0,0,0,0,0,0,,0,0,zero denominator,,0,0,zero denominator,,0,0,zero denominator,,0,0,zero denominator,,0,0,zero denominator,,0,0,zero denominator,,0,0,zero denominator,,0,0,zero denominator,,0,0,zero denominator,,,,no both-attainment-defined points,absent,,,,,,,,,,,,,,,,,,,,
G0,h106,0,S6,near_boundary,candidate_raw_counts,0,0,0,1,0,1,1,0,0,,0,0,zero denominator,1.0,1,1,,,0,0,zero denominator,0.0,0,1,,1.0,1,1,,0.0,0,1,,0.0,0,1,,0.0,0,1,,1.0,1,1,,-0.12244897959183676,0.12244897959183676,0.12244897959183676,,present,,,,,,,,,,,,,,,,,,,,
G0,h106,1,S6,near_boundary,candidate_raw_counts,0,0,0,0,0,0,0,0,0,,0,0,zero denominator,,0,0,zero denominator,,0,0,zero denominator,,0,0,zero denominator,,0,0,zero denominator,,0,0,zero denominator,,0,0,zero denominator,,0,0,zero denominator,,0,0,zero denominator,,,,no both-attainment-defined points,absent,,,,,,,,,,,,,,,,,,,,
G0,h106,2,S6,near_boundary,candidate_raw_counts,0,0,0,0,0,0,0,0,0,,0,0,zero denominator,,0,0,zero denominator,,0,0,zero denominator,,0,0,zero denominator,,0,0,zero denominator,,0,0,zero denominator,,0,0,zero denominator,,0,0,zero denominator,,0,0,zero denominator,,,,no both-attainment-defined points,absent,,,,,,,,,,,,,,,,,,,,
G0,h106,ALL,S6,near_boundary,pooled_counts,0,0,0,1,0,1,1,0,0,,0,0,zero denominator,1.0,1,1,,,0,0,zero denominator,0.0,0,1,,1.0,1,1,,0.0,0,1,,0.0,0,1,,0.0,0,1,,1.0,1,1,,-0.12244897959183676,0.12244897959183676,0.12244897959183676,,present,,,,,,,,,,,,,,,,,,,,
G0,h106,ALL,S6,near_boundary,equal_candidate_equal_workload_macro,,,,,,,,,,,,,all denominators zero,1.0,,,,,,,all denominators zero,0.0,,,,1.0,,,,0.0,,,,0.0,,,,0.0,,,,1.0,,,,-0.12244897959183676,0.12244897959183676,0.12244897959183676,,,0,0,1,1,0,0,1,1,1,1,1,1,1,1,1,1,1,1,1,1
G0,w201,-2,S1,service,candidate_raw_counts,0,17,0,0,8,25,17,0,0,,0,0,zero denominator,,0,0,zero denominator,0.0,0,17,,0.0,0,25,,0.68,17,25,,0.0,0,17,,1.0,17,17,,0.0,0,17,,0.0,0,17,,0.0,0.0,0.0,,present,,,,,,,,,,,,,,,,,,,,
G0,w201,-1,S1,service,candidate_raw_counts,0,17,0,0,8,25,17,0,0,,0,0,zero denominator,,0,0,zero denominator,0.0,0,17,,0.0,0,25,,0.68,17,25,,0.0,0,17,,1.0,17,17,,0.0,0,17,,0.0,0,17,,0.0,0.0,0.0,,present,,,,,,,,,,,,,,,,,,,,
G0,w201,0,S1,service,candidate_raw_counts,0,17,0,0,8,25,17,0,0,,0,0,zero denominator,,0,0,zero denominator,0.0,0,17,,0.0,0,25,,0.68,17,25,,0.0,0,17,,1.0,17,17,,0.0,0,17,,0.0,0,17,,0.0,0.0,0.0,,present,,,,,,,,,,,,,,,,,,,,
G0,w201,1,S1,service,candidate_raw_counts,0,17,0,0,8,25,17,0,0,,0,0,zero denominator,,0,0,zero denominator,0.0,0,17,,0.0,0,25,,0.68,17,25,,0.0,0,17,,1.0,17,17,,0.0,0,17,,0.0,0,17,,0.0,0.0,0.0,,present,,,,,,,,,,,,,,,,,,,,
G0,w201,2,S1,service,candidate_raw_counts,0,17,0,0,8,25,17,0,0,,0,0,zero denominator,,0,0,zero denominator,0.0,0,17,,0.0,0,25,,0.68,17,25,,0.0,0,17,,1.0,17,17,,0.0,0,17,,0.0,0,17,,0.0,0.0,0.0,,present,,,,,,,,,,,,,,,,,,,,
G0,w201,ALL,S1,service,pooled_counts,0,85,0,0,40,125,85,0,0,,0,0,zero denominator,,0,0,zero denominator,0.0,0,85,,0.0,0,125,,0.68,85,125,,0.0,0,85,,1.0,85,85,,0.0,0,85,,0.0,0,85,,0.0,0.0,0.0,,present,,,,,,,,,,,,,,,,,,,,
G0,w201,ALL,S1,service,equal_candidate_equal_workload_macro,,,,,,,,,,,,,all denominators zero,,,,all denominators zero,0.0,,,,0.0,,,,0.68,,,,0.0,,,,1.0,,,,0.0,,,,0.0,,,,0.0,0.0,0.0,,,0,0,0,0,1,5,1,5,1,5,1,5,1,5,1,5,1,5,1,5
G0,w201,-2,S1,latency_only,candidate_raw_counts,0,17,0,0,0,17,17,0,0,,0,0,zero denominator,,0,0,zero denominator,0.0,0,17,,0.0,0,17,,1.0,17,17,,0.0,0,17,,1.0,17,17,,0.0,0,17,,0.0,0,17,,0.0,0.0,0.0,,present,,,,,,,,,,,,,,,,,,,,
G0,w201,-1,S1,latency_only,candidate_raw_counts,0,17,0,0,0,17,17,0,0,,0,0,zero denominator,,0,0,zero denominator,0.0,0,17,,0.0,0,17,,1.0,17,17,,0.0,0,17,,1.0,17,17,,0.0,0,17,,0.0,0,17,,0.0,0.0,0.0,,present,,,,,,,,,,,,,,,,,,,,
G0,w201,0,S1,latency_only,candidate_raw_counts,0,17,0,0,0,17,17,0,0,,0,0,zero denominator,,0,0,zero denominator,0.0,0,17,,0.0,0,17,,1.0,17,17,,0.0,0,17,,1.0,17,17,,0.0,0,17,,0.0,0,17,,0.0,0.0,0.0,,present,,,,,,,,,,,,,,,,,,,,
G0,w201,1,S1,latency_only,candidate_raw_counts,0,17,0,0,0,17,17,0,0,,0,0,zero denominator,,0,0,zero denominator,0.0,0,17,,0.0,0,17,,1.0,17,17,,0.0,0,17,,1.0,17,17,,0.0,0,17,,0.0,0,17,,0.0,0.0,0.0,,present,,,,,,,,,,,,,,,,,,,,
G0,w201,2,S1,latency_only,candidate_raw_counts,0,17,0,0,0,17,17,0,0,,0,0,zero denominator,,0,0,zero denominator,0.0,0,17,,0.0,0,17,,1.0,17,17,,0.0,0,17,,1.0,17,17,,0.0,0,17,,0.0,0,17,,0.0,0.0,0.0,,present,,,,,,,,,,,,,,,,,,,,
G0,w201,ALL,S1,latency_only,pooled_counts,0,85,0,0,0,85,85,0,0,,0,0,zero denominator,,0,0,zero denominator,0.0,0,85,,0.0,0,85,,1.0,85,85,,0.0,0,85,,1.0,85,85,,0.0,0,85,,0.0,0,85,,0.0,0.0,0.0,,present,,,,,,,,,,,,,,,,,,,,
G0,w201,ALL,S1,latency_only,equal_candidate_equal_workload_macro,,,,,,,,,,,,,all denominators zero,,,,all denominators zero,0.0,,,,0.0,,,,1.0,,,,0.0,,,,1.0,,,,0.0,,,,0.0,,,,0.0,0.0,0.0,,,0,0,0,0,1,5,1,5,1,5,1,5,1,5,1,5,1,5,1,5
G0,w201,-2,S1,near_boundary,candidate_raw_counts,0,0,0,0,0,0,0,0,0,,0,0,zero denominator,,0,0,zero denominator,,0,0,zero denominator,,0,0,zero denominator,,0,0,zero denominator,,0,0,zero denominator,,0,0,zero denominator,,0,0,zero denominator,,0,0,zero denominator,,,,no both-attainment-defined points,absent,,,,,,,,,,,,,,,,,,,,
G0,w201,-1,S1,near_boundary,candidate_raw_counts,0,0,0,0,0,0,0,0,0,,0,0,zero denominator,,0,0,zero denominator,,0,0,zero denominator,,0,0,zero denominator,,0,0,zero denominator,,0,0,zero denominator,,0,0,zero denominator,,0,0,zero denominator,,0,0,zero denominator,,,,no both-attainment-defined points,absent,,,,,,,,,,,,,,,,,,,,
G0,w201,0,S1,near_boundary,candidate_raw_counts,0,0,0,0,0,0,0,0,0,,0,0,zero denominator,,0,0,zero denominator,,0,0,zero denominator,,0,0,zero denominator,,0,0,zero denominator,,0,0,zero denominator,,0,0,zero denominator,,0,0,zero denominator,,0,0,zero denominator,,,,no both-attainment-defined points,absent,,,,,,,,,,,,,,,,,,,,
G0,w201,1,S1,near_boundary,candidate_raw_counts,0,0,0,0,0,0,0,0,0,,0,0,zero denominator,,0,0,zero denominator,,0,0,zero denominator,,0,0,zero denominator,,0,0,zero denominator,,0,0,zero denominator,,0,0,zero denominator,,0,0,zero denominator,,0,0,zero denominator,,,,no both-attainment-defined points,absent,,,,,,,,,,,,,,,,,,,,
G0,w201,2,S1,near_boundary,candidate_raw_counts,0,0,0,0,0,0,0,0,0,,0,0,zero denominator,,0,0,zero denominator,,0,0,zero denominator,,0,0,zero denominator,,0,0,zero denominator,,0,0,zero denominator,,0,0,zero denominator,,0,0,zero denominator,,0,0,zero denominator,,,,no both-attainment-defined points,absent,,,,,,,,,,,,,,,,,,,,
G0,w201,ALL,S1,near_boundary,pooled_counts,0,0,0,0,0,0,0,0,0,,0,0,zero denominator,,0,0,zero denominator,,0,0,zero denominator,,0,0,zero denominator,,0,0,zero denominator,,0,0,zero denominator,,0,0,zero denominator,,0,0,zero denominator,,0,0,zero denominator,,,,no both-attainment-defined points,absent,,,,,,,,,,,,,,,,,,,,
G0,w201,ALL,S1,near_boundary,equal_candidate_equal_workload_macro,,,,,,,,,,,,,all denominators zero,,,,all denominators zero,,,,all denominators zero,,,,all denominators zero,,,,all denominators zero,,,,all denominators zero,,,,all denominators zero,,,,all denominators zero,,,,all denominators zero,,,,empty applicable subset,,0,0,0,0,0,0,0,0,0,0,0,0,0,0,0,0,0,0,0,0
G0,w201,-2,S2,service,candidate_raw_counts,0,17,0,0,8,25,17,0,0,,0,0,zero denominator,,0,0,zero denominator,0.0,0,17,,0.0,0,25,,0.68,17,25,,0.0,0,17,,1.0,17,17,,0.0,0,17,,0.0,0,17,,-0.04524886877828055,0.04524886877828055,0.15384615384615385,,present,,,,,,,,,,,,,,,,,,,,
G0,w201,-1,S2,service,candidate_raw_counts,0,17,0,0,8,25,17,0,0,,0,0,zero denominator,,0,0,zero denominator,0.0,0,17,,0.0,0,25,,0.68,17,25,,0.0,0,17,,1.0,17,17,,0.0,0,17,,0.0,0,17,,-0.027149321266968326,0.027149321266968326,0.07692307692307693,,present,,,,,,,,,,,,,,,,,,,,
G0,w201,0,S2,service,candidate_raw_counts,0,17,0,0,8,25,17,0,0,,0,0,zero denominator,,0,0,zero denominator,0.0,0,17,,0.0,0,25,,0.68,17,25,,0.0,0,17,,1.0,17,17,,0.0,0,17,,0.0,0,17,,-0.004524886877828055,0.004524886877828055,0.0,,present,,,,,,,,,,,,,,,,,,,,
G0,w201,1,S2,service,candidate_raw_counts,0,17,0,0,8,25,17,0,0,,0,0,zero denominator,,0,0,zero denominator,0.0,0,17,,0.0,0,25,,0.68,17,25,,0.0,0,17,,1.0,17,17,,0.0,0,17,,0.0,0,17,,-0.004524886877828055,0.004524886877828055,0.0,,present,,,,,,,,,,,,,,,,,,,,
G0,w201,2,S2,service,candidate_raw_counts,0,17,0,0,8,25,17,0,0,,0,0,zero denominator,,0,0,zero denominator,0.0,0,17,,0.0,0,25,,0.68,17,25,,0.0,0,17,,1.0,17,17,,0.0,0,17,,0.0,0,17,,0.07692307692307693,0.09502262443438915,0.15384615384615385,,present,,,,,,,,,,,,,,,,,,,,
G0,w201,ALL,S2,service,pooled_counts,0,85,0,0,40,125,85,0,0,,0,0,zero denominator,,0,0,zero denominator,0.0,0,85,,0.0,0,125,,0.68,85,125,,0.0,0,85,,1.0,85,85,,0.0,0,85,,0.0,0,85,,-0.0009049773755656109,0.03529411764705882,0.15384615384615385,,present,,,,,,,,,,,,,,,,,,,,
G0,w201,ALL,S2,service,equal_candidate_equal_workload_macro,,,,,,,,,,,,,all denominators zero,,,,all denominators zero,0.0,,,,0.0,,,,0.68,,,,0.0,,,,1.0,,,,0.0,,,,0.0,,,,-0.0009049773755656109,0.03529411764705882,0.15384615384615385,,,0,0,0,0,1,5,1,5,1,5,1,5,1,5,1,5,1,5,1,5
G0,w201,-2,S2,latency_only,candidate_raw_counts,0,17,0,0,0,17,17,0,0,,0,0,zero denominator,,0,0,zero denominator,0.0,0,17,,0.0,0,17,,1.0,17,17,,0.0,0,17,,1.0,17,17,,0.0,0,17,,0.0,0,17,,-0.04524886877828055,0.04524886877828055,0.15384615384615385,,present,,,,,,,,,,,,,,,,,,,,
G0,w201,-1,S2,latency_only,candidate_raw_counts,0,17,0,0,0,17,17,0,0,,0,0,zero denominator,,0,0,zero denominator,0.0,0,17,,0.0,0,17,,1.0,17,17,,0.0,0,17,,1.0,17,17,,0.0,0,17,,0.0,0,17,,-0.027149321266968326,0.027149321266968326,0.07692307692307693,,present,,,,,,,,,,,,,,,,,,,,
G0,w201,0,S2,latency_only,candidate_raw_counts,0,17,0,0,0,17,17,0,0,,0,0,zero denominator,,0,0,zero denominator,0.0,0,17,,0.0,0,17,,1.0,17,17,,0.0,0,17,,1.0,17,17,,0.0,0,17,,0.0,0,17,,-0.004524886877828055,0.004524886877828055,0.0,,present,,,,,,,,,,,,,,,,,,,,
G0,w201,1,S2,latency_only,candidate_raw_counts,0,17,0,0,0,17,17,0,0,,0,0,zero denominator,,0,0,zero denominator,0.0,0,17,,0.0,0,17,,1.0,17,17,,0.0,0,17,,1.0,17,17,,0.0,0,17,,0.0,0,17,,-0.004524886877828055,0.004524886877828055,0.0,,present,,,,,,,,,,,,,,,,,,,,
G0,w201,2,S2,latency_only,candidate_raw_counts,0,17,0,0,0,17,17,0,0,,0,0,zero denominator,,0,0,zero denominator,0.0,0,17,,0.0,0,17,,1.0,17,17,,0.0,0,17,,1.0,17,17,,0.0,0,17,,0.0,0,17,,0.07692307692307693,0.09502262443438915,0.15384615384615385,,present,,,,,,,,,,,,,,,,,,,,
G0,w201,ALL,S2,latency_only,pooled_counts,0,85,0,0,0,85,85,0,0,,0,0,zero denominator,,0,0,zero denominator,0.0,0,85,,0.0,0,85,,1.0,85,85,,0.0,0,85,,1.0,85,85,,0.0,0,85,,0.0,0,85,,-0.0009049773755656109,0.03529411764705882,0.15384615384615385,,present,,,,,,,,,,,,,,,,,,,,
G0,w201,ALL,S2,latency_only,equal_candidate_equal_workload_macro,,,,,,,,,,,,,all denominators zero,,,,all denominators zero,0.0,,,,0.0,,,,1.0,,,,0.0,,,,1.0,,,,0.0,,,,0.0,,,,-0.0009049773755656109,0.03529411764705882,0.15384615384615385,,,0,0,0,0,1,5,1,5,1,5,1,5,1,5,1,5,1,5,1,5
G0,w201,-2,S2,near_boundary,candidate_raw_counts,0,0,0,0,0,0,0,0,0,,0,0,zero denominator,,0,0,zero denominator,,0,0,zero denominator,,0,0,zero denominator,,0,0,zero denominator,,0,0,zero denominator,,0,0,zero denominator,,0,0,zero denominator,,0,0,zero denominator,,,,no both-attainment-defined points,absent,,,,,,,,,,,,,,,,,,,,
G0,w201,-1,S2,near_boundary,candidate_raw_counts,0,0,0,0,0,0,0,0,0,,0,0,zero denominator,,0,0,zero denominator,,0,0,zero denominator,,0,0,zero denominator,,0,0,zero denominator,,0,0,zero denominator,,0,0,zero denominator,,0,0,zero denominator,,0,0,zero denominator,,,,no both-attainment-defined points,absent,,,,,,,,,,,,,,,,,,,,
G0,w201,0,S2,near_boundary,candidate_raw_counts,0,0,0,0,0,0,0,0,0,,0,0,zero denominator,,0,0,zero denominator,,0,0,zero denominator,,0,0,zero denominator,,0,0,zero denominator,,0,0,zero denominator,,0,0,zero denominator,,0,0,zero denominator,,0,0,zero denominator,,,,no both-attainment-defined points,absent,,,,,,,,,,,,,,,,,,,,
G0,w201,1,S2,near_boundary,candidate_raw_counts,0,0,0,0,0,0,0,0,0,,0,0,zero denominator,,0,0,zero denominator,,0,0,zero denominator,,0,0,zero denominator,,0,0,zero denominator,,0,0,zero denominator,,0,0,zero denominator,,0,0,zero denominator,,0,0,zero denominator,,,,no both-attainment-defined points,absent,,,,,,,,,,,,,,,,,,,,
G0,w201,2,S2,near_boundary,candidate_raw_counts,0,0,0,0,0,0,0,0,0,,0,0,zero denominator,,0,0,zero denominator,,0,0,zero denominator,,0,0,zero denominator,,0,0,zero denominator,,0,0,zero denominator,,0,0,zero denominator,,0,0,zero denominator,,0,0,zero denominator,,,,no both-attainment-defined points,absent,,,,,,,,,,,,,,,,,,,,
G0,w201,ALL,S2,near_boundary,pooled_counts,0,0,0,0,0,0,0,0,0,,0,0,zero denominator,,0,0,zero denominator,,0,0,zero denominator,,0,0,zero denominator,,0,0,zero denominator,,0,0,zero denominator,,0,0,zero denominator,,0,0,zero denominator,,0,0,zero denominator,,,,no both-attainment-defined points,absent,,,,,,,,,,,,,,,,,,,,
G0,w201,ALL,S2,near_boundary,equal_candidate_equal_workload_macro,,,,,,,,,,,,,all denominators zero,,,,all denominators zero,,,,all denominators zero,,,,all denominators zero,,,,all denominators zero,,,,all denominators zero,,,,all denominators zero,,,,all denominators zero,,,,all denominators zero,,,,empty applicable subset,,0,0,0,0,0,0,0,0,0,0,0,0,0,0,0,0,0,0,0,0
G0,w201,-2,S3,service,candidate_raw_counts,0,17,0,0,8,25,17,0,0,,0,0,zero denominator,,0,0,zero denominator,0.0,0,17,,0.0,0,25,,0.68,17,25,,0.0,0,17,,1.0,17,17,,0.0,0,17,,0.0,0,17,,0.0,0.0,0.0,,present,,,,,,,,,,,,,,,,,,,,
G0,w201,-1,S3,service,candidate_raw_counts,0,17,0,0,8,25,17,0,0,,0,0,zero denominator,,0,0,zero denominator,0.0,0,17,,0.0,0,25,,0.68,17,25,,0.0,0,17,,1.0,17,17,,0.0,0,17,,0.0,0,17,,0.0,0.0,0.0,,present,,,,,,,,,,,,,,,,,,,,
G0,w201,0,S3,service,candidate_raw_counts,0,17,0,0,8,25,17,0,0,,0,0,zero denominator,,0,0,zero denominator,0.0,0,17,,0.0,0,25,,0.68,17,25,,0.0,0,17,,1.0,17,17,,0.0,0,17,,0.0,0,17,,0.0,0.0,0.0,,present,,,,,,,,,,,,,,,,,,,,
G0,w201,1,S3,service,candidate_raw_counts,0,17,0,0,8,25,17,0,0,,0,0,zero denominator,,0,0,zero denominator,0.0,0,17,,0.0,0,25,,0.68,17,25,,0.0,0,17,,1.0,17,17,,0.0,0,17,,0.0,0,17,,0.0,0.0,0.0,,present,,,,,,,,,,,,,,,,,,,,
G0,w201,2,S3,service,candidate_raw_counts,0,17,0,0,8,25,17,0,0,,0,0,zero denominator,,0,0,zero denominator,0.0,0,17,,0.0,0,25,,0.68,17,25,,0.0,0,17,,1.0,17,17,,0.0,0,17,,0.0,0,17,,0.0,0.0,0.0,,present,,,,,,,,,,,,,,,,,,,,
G0,w201,ALL,S3,service,pooled_counts,0,85,0,0,40,125,85,0,0,,0,0,zero denominator,,0,0,zero denominator,0.0,0,85,,0.0,0,125,,0.68,85,125,,0.0,0,85,,1.0,85,85,,0.0,0,85,,0.0,0,85,,0.0,0.0,0.0,,present,,,,,,,,,,,,,,,,,,,,
G0,w201,ALL,S3,service,equal_candidate_equal_workload_macro,,,,,,,,,,,,,all denominators zero,,,,all denominators zero,0.0,,,,0.0,,,,0.68,,,,0.0,,,,1.0,,,,0.0,,,,0.0,,,,0.0,0.0,0.0,,,0,0,0,0,1,5,1,5,1,5,1,5,1,5,1,5,1,5,1,5
G0,w201,-2,S3,latency_only,candidate_raw_counts,0,17,0,0,0,17,17,0,0,,0,0,zero denominator,,0,0,zero denominator,0.0,0,17,,0.0,0,17,,1.0,17,17,,0.0,0,17,,1.0,17,17,,0.0,0,17,,0.0,0,17,,0.0,0.0,0.0,,present,,,,,,,,,,,,,,,,,,,,
G0,w201,-1,S3,latency_only,candidate_raw_counts,0,17,0,0,0,17,17,0,0,,0,0,zero denominator,,0,0,zero denominator,0.0,0,17,,0.0,0,17,,1.0,17,17,,0.0,0,17,,1.0,17,17,,0.0,0,17,,0.0,0,17,,0.0,0.0,0.0,,present,,,,,,,,,,,,,,,,,,,,
G0,w201,0,S3,latency_only,candidate_raw_counts,0,17,0,0,0,17,17,0,0,,0,0,zero denominator,,0,0,zero denominator,0.0,0,17,,0.0,0,17,,1.0,17,17,,0.0,0,17,,1.0,17,17,,0.0,0,17,,0.0,0,17,,0.0,0.0,0.0,,present,,,,,,,,,,,,,,,,,,,,
G0,w201,1,S3,latency_only,candidate_raw_counts,0,17,0,0,0,17,17,0,0,,0,0,zero denominator,,0,0,zero denominator,0.0,0,17,,0.0,0,17,,1.0,17,17,,0.0,0,17,,1.0,17,17,,0.0,0,17,,0.0,0,17,,0.0,0.0,0.0,,present,,,,,,,,,,,,,,,,,,,,
G0,w201,2,S3,latency_only,candidate_raw_counts,0,17,0,0,0,17,17,0,0,,0,0,zero denominator,,0,0,zero denominator,0.0,0,17,,0.0,0,17,,1.0,17,17,,0.0,0,17,,1.0,17,17,,0.0,0,17,,0.0,0,17,,0.0,0.0,0.0,,present,,,,,,,,,,,,,,,,,,,,
G0,w201,ALL,S3,latency_only,pooled_counts,0,85,0,0,0,85,85,0,0,,0,0,zero denominator,,0,0,zero denominator,0.0,0,85,,0.0,0,85,,1.0,85,85,,0.0,0,85,,1.0,85,85,,0.0,0,85,,0.0,0,85,,0.0,0.0,0.0,,present,,,,,,,,,,,,,,,,,,,,
G0,w201,ALL,S3,latency_only,equal_candidate_equal_workload_macro,,,,,,,,,,,,,all denominators zero,,,,all denominators zero,0.0,,,,0.0,,,,1.0,,,,0.0,,,,1.0,,,,0.0,,,,0.0,,,,0.0,0.0,0.0,,,0,0,0,0,1,5,1,5,1,5,1,5,1,5,1,5,1,5,1,5
G0,w201,-2,S3,near_boundary,candidate_raw_counts,0,0,0,0,0,0,0,0,0,,0,0,zero denominator,,0,0,zero denominator,,0,0,zero denominator,,0,0,zero denominator,,0,0,zero denominator,,0,0,zero denominator,,0,0,zero denominator,,0,0,zero denominator,,0,0,zero denominator,,,,no both-attainment-defined points,absent,,,,,,,,,,,,,,,,,,,,
G0,w201,-1,S3,near_boundary,candidate_raw_counts,0,0,0,0,0,0,0,0,0,,0,0,zero denominator,,0,0,zero denominator,,0,0,zero denominator,,0,0,zero denominator,,0,0,zero denominator,,0,0,zero denominator,,0,0,zero denominator,,0,0,zero denominator,,0,0,zero denominator,,,,no both-attainment-defined points,absent,,,,,,,,,,,,,,,,,,,,
G0,w201,0,S3,near_boundary,candidate_raw_counts,0,0,0,0,0,0,0,0,0,,0,0,zero denominator,,0,0,zero denominator,,0,0,zero denominator,,0,0,zero denominator,,0,0,zero denominator,,0,0,zero denominator,,0,0,zero denominator,,0,0,zero denominator,,0,0,zero denominator,,,,no both-attainment-defined points,absent,,,,,,,,,,,,,,,,,,,,
G0,w201,1,S3,near_boundary,candidate_raw_counts,0,0,0,0,0,0,0,0,0,,0,0,zero denominator,,0,0,zero denominator,,0,0,zero denominator,,0,0,zero denominator,,0,0,zero denominator,,0,0,zero denominator,,0,0,zero denominator,,0,0,zero denominator,,0,0,zero denominator,,,,no both-attainment-defined points,absent,,,,,,,,,,,,,,,,,,,,
G0,w201,2,S3,near_boundary,candidate_raw_counts,0,0,0,0,0,0,0,0,0,,0,0,zero denominator,,0,0,zero denominator,,0,0,zero denominator,,0,0,zero denominator,,0,0,zero denominator,,0,0,zero denominator,,0,0,zero denominator,,0,0,zero denominator,,0,0,zero denominator,,,,no both-attainment-defined points,absent,,,,,,,,,,,,,,,,,,,,
G0,w201,ALL,S3,near_boundary,pooled_counts,0,0,0,0,0,0,0,0,0,,0,0,zero denominator,,0,0,zero denominator,,0,0,zero denominator,,0,0,zero denominator,,0,0,zero denominator,,0,0,zero denominator,,0,0,zero denominator,,0,0,zero denominator,,0,0,zero denominator,,,,no both-attainment-defined points,absent,,,,,,,,,,,,,,,,,,,,
G0,w201,ALL,S3,near_boundary,equal_candidate_equal_workload_macro,,,,,,,,,,,,,all denominators zero,,,,all denominators zero,,,,all denominators zero,,,,all denominators zero,,,,all denominators zero,,,,all denominators zero,,,,all denominators zero,,,,all denominators zero,,,,all denominators zero,,,,empty applicable subset,,0,0,0,0,0,0,0,0,0,0,0,0,0,0,0,0,0,0,0,0
G0,w201,-2,S4,service,candidate_raw_counts,9,8,0,0,8,25,17,9,0,0.0,0,9,,0.0,0,9,,0.0,0,8,,0.36,9,25,,0.68,17,25,,0.5294117647058824,9,17,,0.47058823529411764,8,17,,0.0,0,17,,0.0,0,17,,-0.07239819004524888,0.08144796380090498,0.38461538461538464,,present,,,,,,,,,,,,,,,,,,,,
G0,w201,-1,S4,service,candidate_raw_counts,9,8,0,0,8,25,17,9,0,0.0,0,9,,0.0,0,9,,0.0,0,8,,0.36,9,25,,0.68,17,25,,0.5294117647058824,9,17,,0.47058823529411764,8,17,,0.0,0,17,,0.0,0,17,,-0.049773755656108594,0.07692307692307693,0.3076923076923077,,present,,,,,,,,,,,,,,,,,,,,
G0,w201,0,S4,service,candidate_raw_counts,9,8,0,0,8,25,17,9,0,0.0,0,9,,0.0,0,9,,0.0,0,8,,0.36,9,25,,0.68,17,25,,0.5294117647058824,9,17,,0.47058823529411764,8,17,,0.0,0,17,,0.0,0,17,,0.022624434389140274,0.049773755656108594,0.15384615384615385,,present,,,,,,,,,,,,,,,,,,,,
G0,w201,1,S4,service,candidate_raw_counts,9,8,0,0,8,25,17,9,0,0.0,0,9,,0.0,0,9,,0.0,0,8,,0.36,9,25,,0.68,17,25,,0.5294117647058824,9,17,,0.47058823529411764,8,17,,0.0,0,17,,0.0,0,17,,0.027149321266968326,0.027149321266968326,0.07692307692307693,,present,,,,,,,,,,,,,,,,,,,,
G0,w201,2,S4,service,candidate_raw_counts,8,8,0,1,8,25,17,8,0,0.0,0,8,,0.1111111111111111,1,9,,0.0,0,8,,0.32,8,25,,0.68,17,25,,0.47058823529411764,8,17,,0.47058823529411764,8,17,,0.0,0,17,,0.058823529411764705,1,17,,3.2653618371328133e-18,0.027149321266968323,0.07692307692307693,,present,,,,,,,,,,,,,,,,,,,,
G0,w201,ALL,S4,service,pooled_counts,44,40,0,1,40,125,85,44,0,0.0,0,44,,0.022222222222222223,1,45,,0.0,0,40,,0.352,44,125,,0.68,85,125,,0.5176470588235295,44,85,,0.47058823529411764,40,85,,0.0,0,85,,0.011764705882352941,1,85,,-0.014479638009049773,0.05248868778280543,0.15384615384615385,,present,,,,,,,,,,,,,,,,,,,,
G0,w201,ALL,S4,service,equal_candidate_equal_workload_macro,,,,,,,,,,0.0,,,,0.02222222222222222,,,,0.0,,,,0.352,,,,0.68,,,,0.5176470588235295,,,,0.47058823529411764,,,,0.0,,,,0.011764705882352941,,,,-0.014479638009049773,0.05248868778280543,0.15384615384615385,,,1,5,1,5,1,5,1,5,1,5,1,5,1,5,1,5,1,5,1,5
G0,w201,-2,S4,latency_only,candidate_raw_counts,9,8,0,0,0,17,17,9,0,0.0,0,9,,0.0,0,9,,0.0,0,8,,0.5294117647058824,9,17,,1.0,17,17,,0.5294117647058824,9,17,,0.47058823529411764,8,17,,0.0,0,17,,0.0,0,17,,-0.07239819004524888,0.08144796380090498,0.38461538461538464,,present,,,,,,,,,,,,,,,,,,,,
G0,w201,-1,S4,latency_only,candidate_raw_counts,9,8,0,0,0,17,17,9,0,0.0,0,9,,0.0,0,9,,0.0,0,8,,0.5294117647058824,9,17,,1.0,17,17,,0.5294117647058824,9,17,,0.47058823529411764,8,17,,0.0,0,17,,0.0,0,17,,-0.049773755656108594,0.07692307692307693,0.3076923076923077,,present,,,,,,,,,,,,,,,,,,,,
G0,w201,0,S4,latency_only,candidate_raw_counts,9,8,0,0,0,17,17,9,0,0.0,0,9,,0.0,0,9,,0.0,0,8,,0.5294117647058824,9,17,,1.0,17,17,,0.5294117647058824,9,17,,0.47058823529411764,8,17,,0.0,0,17,,0.0,0,17,,0.022624434389140274,0.049773755656108594,0.15384615384615385,,present,,,,,,,,,,,,,,,,,,,,
G0,w201,1,S4,latency_only,candidate_raw_counts,9,8,0,0,0,17,17,9,0,0.0,0,9,,0.0,0,9,,0.0,0,8,,0.5294117647058824,9,17,,1.0,17,17,,0.5294117647058824,9,17,,0.47058823529411764,8,17,,0.0,0,17,,0.0,0,17,,0.027149321266968326,0.027149321266968326,0.07692307692307693,,present,,,,,,,,,,,,,,,,,,,,
G0,w201,2,S4,latency_only,candidate_raw_counts,8,8,0,1,0,17,17,8,0,0.0,0,8,,0.1111111111111111,1,9,,0.0,0,8,,0.47058823529411764,8,17,,1.0,17,17,,0.47058823529411764,8,17,,0.47058823529411764,8,17,,0.0,0,17,,0.058823529411764705,1,17,,3.2653618371328133e-18,0.027149321266968323,0.07692307692307693,,present,,,,,,,,,,,,,,,,,,,,
G0,w201,ALL,S4,latency_only,pooled_counts,44,40,0,1,0,85,85,44,0,0.0,0,44,,0.022222222222222223,1,45,,0.0,0,40,,0.5176470588235295,44,85,,1.0,85,85,,0.5176470588235295,44,85,,0.47058823529411764,40,85,,0.0,0,85,,0.011764705882352941,1,85,,-0.014479638009049773,0.05248868778280543,0.15384615384615385,,present,,,,,,,,,,,,,,,,,,,,
G0,w201,ALL,S4,latency_only,equal_candidate_equal_workload_macro,,,,,,,,,,0.0,,,,0.02222222222222222,,,,0.0,,,,0.5176470588235295,,,,1.0,,,,0.5176470588235295,,,,0.47058823529411764,,,,0.0,,,,0.011764705882352941,,,,-0.014479638009049773,0.05248868778280543,0.15384615384615385,,,1,5,1,5,1,5,1,5,1,5,1,5,1,5,1,5,1,5,1,5
G0,w201,-2,S4,near_boundary,candidate_raw_counts,9,0,0,0,0,9,9,9,0,0.0,0,9,,0.0,0,9,,,0,0,zero denominator,1.0,9,9,,1.0,9,9,,1.0,9,9,,0.0,0,9,,0.0,0,9,,0.0,0,9,,0.0,0.0,0.0,,present,,,,,,,,,,,,,,,,,,,,
G0,w201,-1,S4,near_boundary,candidate_raw_counts,9,0,0,0,0,9,9,9,0,0.0,0,9,,0.0,0,9,,,0,0,zero denominator,1.0,9,9,,1.0,9,9,,1.0,9,9,,0.0,0,9,,0.0,0,9,,0.0,0,9,,0.0,0.0,0.0,,present,,,,,,,,,,,,,,,,,,,,
G0,w201,0,S4,near_boundary,candidate_raw_counts,9,0,0,0,0,9,9,9,0,0.0,0,9,,0.0,0,9,,,0,0,zero denominator,1.0,9,9,,1.0,9,9,,1.0,9,9,,0.0,0,9,,0.0,0,9,,0.0,0,9,,0.0,0.0,0.0,,present,,,,,,,,,,,,,,,,,,,,
G0,w201,1,S4,near_boundary,candidate_raw_counts,9,0,0,0,0,9,9,9,0,0.0,0,9,,0.0,0,9,,,0,0,zero denominator,1.0,9,9,,1.0,9,9,,1.0,9,9,,0.0,0,9,,0.0,0,9,,0.0,0,9,,0.0,0.0,0.0,,present,,,,,,,,,,,,,,,,,,,,
G0,w201,2,S4,near_boundary,candidate_raw_counts,8,0,0,1,0,9,9,8,0,0.0,0,8,,0.1111111111111111,1,9,,,0,0,zero denominator,0.8888888888888888,8,9,,1.0,9,9,,0.8888888888888888,8,9,,0.0,0,9,,0.0,0,9,,0.1111111111111111,1,9,,-0.025641025641025637,0.025641025641025637,0.23076923076923073,,present,,,,,,,,,,,,,,,,,,,,
G0,w201,ALL,S4,near_boundary,pooled_counts,44,0,0,1,0,45,45,44,0,0.0,0,44,,0.022222222222222223,1,45,,,0,0,zero denominator,0.9777777777777777,44,45,,1.0,45,45,,0.9777777777777777,44,45,,0.0,0,45,,0.0,0,45,,0.022222222222222223,1,45,,-0.005128205128205127,0.005128205128205127,0.0,,present,,,,,,,,,,,,,,,,,,,,
G0,w201,ALL,S4,near_boundary,equal_candidate_equal_workload_macro,,,,,,,,,,0.0,,,,0.02222222222222222,,,,,,,all denominators zero,0.9777777777777777,,,,1.0,,,,0.9777777777777777,,,,0.0,,,,0.0,,,,0.02222222222222222,,,,-0.005128205128205127,0.005128205128205127,0.0,,,1,5,1,5,0,0,1,5,1,5,1,5,1,5,1,5,1,5,1,5
G0,w201,-2,S5,service,candidate_raw_counts,10,7,0,0,8,25,17,10,0,0.0,0,10,,0.0,0,10,,0.0,0,7,,0.4,10,25,,0.68,17,25,,0.5882352941176471,10,17,,0.4117647058823529,7,17,,0.0,0,17,,0.0,0,17,,-0.10407239819004525,0.10407239819004525,0.5384615384615385,,present,,,,,,,,,,,,,,,,,,,,
G0,w201,-1,S5,service,candidate_raw_counts,10,7,0,0,8,25,17,10,0,0.0,0,10,,0.0,0,10,,0.0,0,7,,0.4,10,25,,0.68,17,25,,0.5882352941176471,10,17,,0.4117647058823529,7,17,,0.0,0,17,,0.0,0,17,,-0.08597285067873303,0.08597285067873303,0.5384615384615384,,present,,,,,,,,,,,,,,,,,,,,
G0,w201,0,S5,service,candidate_raw_counts,10,7,0,0,8,25,17,10,0,0.0,0,10,,0.0,0,10,,0.0,0,7,,0.4,10,25,,0.68,17,25,,0.5882352941176471,10,17,,0.4117647058823529,7,17,,0.0,0,17,,0.0,0,17,,-0.06787330316742082,0.07692307692307693,0.46153846153846156,,present,,,,,,,,,,,,,,,,,,,,
G0,w201,1,S5,service,candidate_raw_counts,9,7,0,1,8,25,17,9,0,0.0,0,9,,0.1,1,10,,0.0,0,7,,0.36,9,25,,0.68,17,25,,0.5294117647058824,9,17,,0.4117647058823529,7,17,,0.0,0,17,,0.058823529411764705,1,17,,-0.05882352941176472,0.07692307692307693,0.38461538461538464,,present,,,,,,,,,,,,,,,,,,,,
G0,w201,2,S5,service,candidate_raw_counts,9,7,0,1,8,25,17,9,0,0.0,0,9,,0.1,1,10,,0.0,0,7,,0.36,9,25,,0.68,17,25,,0.5294117647058824,9,17,,0.4117647058823529,7,17,,0.0,0,17,,0.058823529411764705,1,17,,-0.004524886877828064,0.11312217194570136,0.38461538461538464,,present,,,,,,,,,,,,,,,,,,,,
G0,w201,ALL,S5,service,pooled_counts,48,35,0,2,40,125,85,48,0,0.0,0,48,,0.04,2,50,,0.0,0,35,,0.384,48,125,,0.68,85,125,,0.5647058823529412,48,85,,0.4117647058823529,35,85,,0.0,0,85,,0.023529411764705882,2,85,,-0.06425339366515838,0.0914027149321267,0.38461538461538464,,present,,,,,,,,,,,,,,,,,,,,
G0,w201,ALL,S5,service,equal_candidate_equal_workload_macro,,,,,,,,,,0.0,,,,0.04,,,,0.0,,,,0.384,,,,0.68,,,,0.5647058823529412,,,,0.4117647058823529,,,,0.0,,,,0.023529411764705882,,,,-0.06425339366515838,0.0914027149321267,0.38461538461538464,,,1,5,1,5,1,5,1,5,1,5,1,5,1,5,1,5,1,5,1,5
G0,w201,-2,S5,latency_only,candidate_raw_counts,10,7,0,0,0,17,17,10,0,0.0,0,10,,0.0,0,10,,0.0,0,7,,0.5882352941176471,10,17,,1.0,17,17,,0.5882352941176471,10,17,,0.4117647058823529,7,17,,0.0,0,17,,0.0,0,17,,-0.10407239819004525,0.10407239819004525,0.5384615384615385,,present,,,,,,,,,,,,,,,,,,,,
G0,w201,-1,S5,latency_only,candidate_raw_counts,10,7,0,0,0,17,17,10,0,0.0,0,10,,0.0,0,10,,0.0,0,7,,0.5882352941176471,10,17,,1.0,17,17,,0.5882352941176471,10,17,,0.4117647058823529,7,17,,0.0,0,17,,0.0,0,17,,-0.08597285067873303,0.08597285067873303,0.5384615384615384,,present,,,,,,,,,,,,,,,,,,,,
G0,w201,0,S5,latency_only,candidate_raw_counts,10,7,0,0,0,17,17,10,0,0.0,0,10,,0.0,0,10,,0.0,0,7,,0.5882352941176471,10,17,,1.0,17,17,,0.5882352941176471,10,17,,0.4117647058823529,7,17,,0.0,0,17,,0.0,0,17,,-0.06787330316742082,0.07692307692307693,0.46153846153846156,,present,,,,,,,,,,,,,,,,,,,,
G0,w201,1,S5,latency_only,candidate_raw_counts,9,7,0,1,0,17,17,9,0,0.0,0,9,,0.1,1,10,,0.0,0,7,,0.5294117647058824,9,17,,1.0,17,17,,0.5294117647058824,9,17,,0.4117647058823529,7,17,,0.0,0,17,,0.058823529411764705,1,17,,-0.05882352941176472,0.07692307692307693,0.38461538461538464,,present,,,,,,,,,,,,,,,,,,,,
G0,w201,2,S5,latency_only,candidate_raw_counts,9,7,0,1,0,17,17,9,0,0.0,0,9,,0.1,1,10,,0.0,0,7,,0.5294117647058824,9,17,,1.0,17,17,,0.5294117647058824,9,17,,0.4117647058823529,7,17,,0.0,0,17,,0.058823529411764705,1,17,,-0.004524886877828064,0.11312217194570136,0.38461538461538464,,present,,,,,,,,,,,,,,,,,,,,
G0,w201,ALL,S5,latency_only,pooled_counts,48,35,0,2,0,85,85,48,0,0.0,0,48,,0.04,2,50,,0.0,0,35,,0.5647058823529412,48,85,,1.0,85,85,,0.5647058823529412,48,85,,0.4117647058823529,35,85,,0.0,0,85,,0.023529411764705882,2,85,,-0.06425339366515838,0.0914027149321267,0.38461538461538464,,present,,,,,,,,,,,,,,,,,,,,
G0,w201,ALL,S5,latency_only,equal_candidate_equal_workload_macro,,,,,,,,,,0.0,,,,0.04,,,,0.0,,,,0.5647058823529412,,,,1.0,,,,0.5647058823529412,,,,0.4117647058823529,,,,0.0,,,,0.023529411764705882,,,,-0.06425339366515838,0.0914027149321267,0.38461538461538464,,,1,5,1,5,1,5,1,5,1,5,1,5,1,5,1,5,1,5,1,5
G0,w201,-2,S5,near_boundary,candidate_raw_counts,10,0,0,0,1,11,10,10,0,0.0,0,10,,0.0,0,10,,,0,0,zero denominator,0.9090909090909091,10,11,,0.9090909090909091,10,11,,1.0,10,10,,0.0,0,10,,0.0,0,10,,0.0,0,10,,0.0,0.0,0.0,,present,,,,,,,,,,,,,,,,,,,,
G0,w201,-1,S5,near_boundary,candidate_raw_counts,10,0,0,0,2,12,10,10,0,0.0,0,10,,0.0,0,10,,,0,0,zero denominator,0.8333333333333334,10,12,,0.8333333333333334,10,12,,1.0,10,10,,0.0,0,10,,0.0,0,10,,0.0,0,10,,0.0,0.0,0.0,,present,,,,,,,,,,,,,,,,,,,,
G0,w201,0,S5,near_boundary,candidate_raw_counts,10,0,0,0,0,10,10,10,0,0.0,0,10,,0.0,0,10,,,0,0,zero denominator,1.0,10,10,,1.0,10,10,,1.0,10,10,,0.0,0,10,,0.0,0,10,,0.0,0,10,,0.0,0.0,0.0,,present,,,,,,,,,,,,,,,,,,,,
G0,w201,1,S5,near_boundary,candidate_raw_counts,9,0,0,1,0,10,10,9,0,0.0,0,9,,0.1,1,10,,,0,0,zero denominator,0.9,9,10,,1.0,10,10,,0.9,9,10,,0.0,0,10,,0.0,0,10,,0.1,1,10,,-0.007692307692307698,0.007692307692307698,0.0,,present,,,,,,,,,,,,,,,,,,,,
G0,w201,2,S5,near_boundary,candidate_raw_counts,9,0,0,1,0,10,10,9,0,0.0,0,9,,0.1,1,10,,,0,0,zero denominator,0.9,9,10,,1.0,10,10,,0.9,9,10,,0.0,0,10,,0.0,0,10,,0.1,1,10,,-0.015384615384615385,0.015384615384615385,0.0,,present,,,,,,,,,,,,,,,,,,,,
G0,w201,ALL,S5,near_boundary,pooled_counts,48,0,0,2,3,53,50,48,0,0.0,0,48,,0.04,2,50,,,0,0,zero denominator,0.9056603773584906,48,53,,0.9433962264150944,50,53,,0.96,48,50,,0.0,0,50,,0.0,0,50,,0.04,2,50,,-0.004615384615384617,0.004615384615384617,0.0,,present,,,,,,,,,,,,,,,,,,,,
G0,w201,ALL,S5,near_boundary,equal_candidate_equal_workload_macro,,,,,,,,,,0.0,,,,0.04,,,,,,,all denominators zero,0.9084848484848485,,,,0.9484848484848485,,,,0.96,,,,0.0,,,,0.0,,,,0.04,,,,-0.004615384615384617,0.004615384615384617,0.0,,,1,5,1,5,0,0,1,5,1,5,1,5,1,5,1,5,1,5,1,5
G0,w201,-2,S6,service,candidate_raw_counts,12,0,0,5,8,25,17,12,0,0.0,0,12,,0.29411764705882354,5,17,,,0,0,zero denominator,0.48,12,25,,0.68,17,25,,0.7058823529411765,12,17,,0.0,0,17,,0.0,0,17,,0.29411764705882354,5,17,,-0.13122171945701358,0.13122171945701358,0.6153846153846154,,present,,,,,,,,,,,,,,,,,,,,
G0,w201,-1,S6,service,candidate_raw_counts,12,0,0,5,8,25,17,12,0,0.0,0,12,,0.29411764705882354,5,17,,,0,0,zero denominator,0.48,12,25,,0.68,17,25,,0.7058823529411765,12,17,,0.0,0,17,,0.0,0,17,,0.29411764705882354,5,17,,-0.13122171945701358,0.13122171945701358,0.6153846153846154,,present,,,,,,,,,,,,,,,,,,,,
G0,w201,0,S6,service,candidate_raw_counts,12,0,0,5,8,25,17,12,0,0.0,0,12,,0.29411764705882354,5,17,,,0,0,zero denominator,0.48,12,25,,0.68,17,25,,0.7058823529411765,12,17,,0.0,0,17,,0.0,0,17,,0.29411764705882354,5,17,,-0.13122171945701358,0.13122171945701358,0.6153846153846154,,present,,,,,,,,,,,,,,,,,,,,
G0,w201,1,S6,service,candidate_raw_counts,12,0,0,5,8,25,17,12,0,0.0,0,12,,0.29411764705882354,5,17,,,0,0,zero denominator,0.48,12,25,,0.68,17,25,,0.7058823529411765,12,17,,0.0,0,17,,0.0,0,17,,0.29411764705882354,5,17,,-0.12669683257918554,0.12669683257918554,0.6153846153846154,,present,,,,,,,,,,,,,,,,,,,,
G0,w201,2,S6,service,candidate_raw_counts,12,0,0,5,8,25,17,12,0,0.0,0,12,,0.29411764705882354,5,17,,,0,0,zero denominator,0.48,12,25,,0.68,17,25,,0.7058823529411765,12,17,,0.0,0,17,,0.0,0,17,,0.29411764705882354,5,17,,-0.12669683257918554,0.12669683257918554,0.6153846153846154,,present,,,,,,,,,,,,,,,,,,,,
G0,w201,ALL,S6,service,pooled_counts,60,0,0,25,40,125,85,60,0,0.0,0,60,,0.29411764705882354,25,85,,,0,0,zero denominator,0.48,60,125,,0.68,85,125,,0.7058823529411765,60,85,,0.0,0,85,,0.0,0,85,,0.29411764705882354,25,85,,-0.12941176470588237,0.12941176470588237,0.6153846153846154,,present,,,,,,,,,,,,,,,,,,,,
G0,w201,ALL,S6,service,equal_candidate_equal_workload_macro,,,,,,,,,,0.0,,,,0.29411764705882354,,,,,,,all denominators zero,0.48,,,,0.68,,,,0.7058823529411765,,,,0.0,,,,0.0,,,,0.29411764705882354,,,,-0.12941176470588237,0.12941176470588237,0.6153846153846154,,,1,5,1,5,0,0,1,5,1,5,1,5,1,5,1,5,1,5,1,5
G0,w201,-2,S6,latency_only,candidate_raw_counts,12,0,0,5,0,17,17,12,0,0.0,0,12,,0.29411764705882354,5,17,,,0,0,zero denominator,0.7058823529411765,12,17,,1.0,17,17,,0.7058823529411765,12,17,,0.0,0,17,,0.0,0,17,,0.29411764705882354,5,17,,-0.13122171945701358,0.13122171945701358,0.6153846153846154,,present,,,,,,,,,,,,,,,,,,,,
G0,w201,-1,S6,latency_only,candidate_raw_counts,12,0,0,5,0,17,17,12,0,0.0,0,12,,0.29411764705882354,5,17,,,0,0,zero denominator,0.7058823529411765,12,17,,1.0,17,17,,0.7058823529411765,12,17,,0.0,0,17,,0.0,0,17,,0.29411764705882354,5,17,,-0.13122171945701358,0.13122171945701358,0.6153846153846154,,present,,,,,,,,,,,,,,,,,,,,
G0,w201,0,S6,latency_only,candidate_raw_counts,12,0,0,5,0,17,17,12,0,0.0,0,12,,0.29411764705882354,5,17,,,0,0,zero denominator,0.7058823529411765,12,17,,1.0,17,17,,0.7058823529411765,12,17,,0.0,0,17,,0.0,0,17,,0.29411764705882354,5,17,,-0.13122171945701358,0.13122171945701358,0.6153846153846154,,present,,,,,,,,,,,,,,,,,,,,
G0,w201,1,S6,latency_only,candidate_raw_counts,12,0,0,5,0,17,17,12,0,0.0,0,12,,0.29411764705882354,5,17,,,0,0,zero denominator,0.7058823529411765,12,17,,1.0,17,17,,0.7058823529411765,12,17,,0.0,0,17,,0.0,0,17,,0.29411764705882354,5,17,,-0.12669683257918554,0.12669683257918554,0.6153846153846154,,present,,,,,,,,,,,,,,,,,,,,
G0,w201,2,S6,latency_only,candidate_raw_counts,12,0,0,5,0,17,17,12,0,0.0,0,12,,0.29411764705882354,5,17,,,0,0,zero denominator,0.7058823529411765,12,17,,1.0,17,17,,0.7058823529411765,12,17,,0.0,0,17,,0.0,0,17,,0.29411764705882354,5,17,,-0.12669683257918554,0.12669683257918554,0.6153846153846154,,present,,,,,,,,,,,,,,,,,,,,
G0,w201,ALL,S6,latency_only,pooled_counts,60,0,0,25,0,85,85,60,0,0.0,0,60,,0.29411764705882354,25,85,,,0,0,zero denominator,0.7058823529411765,60,85,,1.0,85,85,,0.7058823529411765,60,85,,0.0,0,85,,0.0,0,85,,0.29411764705882354,25,85,,-0.12941176470588237,0.12941176470588237,0.6153846153846154,,present,,,,,,,,,,,,,,,,,,,,
G0,w201,ALL,S6,latency_only,equal_candidate_equal_workload_macro,,,,,,,,,,0.0,,,,0.29411764705882354,,,,,,,all denominators zero,0.7058823529411765,,,,1.0,,,,0.7058823529411765,,,,0.0,,,,0.0,,,,0.29411764705882354,,,,-0.12941176470588237,0.12941176470588237,0.6153846153846154,,,1,5,1,5,0,0,1,5,1,5,1,5,1,5,1,5,1,5,1,5
G0,w201,-2,S6,near_boundary,candidate_raw_counts,12,0,0,5,3,20,17,12,0,0.0,0,12,,0.29411764705882354,5,17,,,0,0,zero denominator,0.6,12,20,,0.85,17,20,,0.7058823529411765,12,17,,0.0,0,17,,0.0,0,17,,0.29411764705882354,5,17,,-0.13122171945701358,0.13122171945701358,0.6153846153846154,,present,,,,,,,,,,,,,,,,,,,,
G0,w201,-1,S6,near_boundary,candidate_raw_counts,12,0,0,5,4,21,17,12,0,0.0,0,12,,0.29411764705882354,5,17,,,0,0,zero denominator,0.5714285714285714,12,21,,0.8095238095238095,17,21,,0.7058823529411765,12,17,,0.0,0,17,,0.0,0,17,,0.29411764705882354,5,17,,-0.13122171945701358,0.13122171945701358,0.6153846153846154,,present,,,,,,,,,,,,,,,,,,,,
G0,w201,0,S6,near_boundary,candidate_raw_counts,12,0,0,5,6,23,17,12,0,0.0,0,12,,0.29411764705882354,5,17,,,0,0,zero denominator,0.5217391304347826,12,23,,0.7391304347826086,17,23,,0.7058823529411765,12,17,,0.0,0,17,,0.0,0,17,,0.29411764705882354,5,17,,-0.13122171945701358,0.13122171945701358,0.6153846153846154,,present,,,,,,,,,,,,,,,,,,,,
G0,w201,1,S6,near_boundary,candidate_raw_counts,12,0,0,5,7,24,17,12,0,0.0,0,12,,0.29411764705882354,5,17,,,0,0,zero denominator,0.5,12,24,,0.7083333333333334,17,24,,0.7058823529411765,12,17,,0.0,0,17,,0.0,0,17,,0.29411764705882354,5,17,,-0.12669683257918554,0.12669683257918554,0.6153846153846154,,present,,,,,,,,,,,,,,,,,,,,
G0,w201,2,S6,near_boundary,candidate_raw_counts,12,0,0,5,5,22,17,12,0,0.0,0,12,,0.29411764705882354,5,17,,,0,0,zero denominator,0.5454545454545454,12,22,,0.7727272727272727,17,22,,0.7058823529411765,12,17,,0.0,0,17,,0.0,0,17,,0.29411764705882354,5,17,,-0.12669683257918554,0.12669683257918554,0.6153846153846154,,present,,,,,,,,,,,,,,,,,,,,
G0,w201,ALL,S6,near_boundary,pooled_counts,60,0,0,25,25,110,85,60,0,0.0,0,60,,0.29411764705882354,25,85,,,0,0,zero denominator,0.5454545454545454,60,110,,0.7727272727272727,85,110,,0.7058823529411765,60,85,,0.0,0,85,,0.0,0,85,,0.29411764705882354,25,85,,-0.12941176470588237,0.12941176470588237,0.6153846153846154,,present,,,,,,,,,,,,,,,,,,,,
G0,w201,ALL,S6,near_boundary,equal_candidate_equal_workload_macro,,,,,,,,,,0.0,,,,0.29411764705882354,,,,,,,all denominators zero,0.5477244494635799,,,,0.7759429700734048,,,,0.7058823529411765,,,,0.0,,,,0.0,,,,0.29411764705882354,,,,-0.12941176470588237,0.12941176470588237,0.6153846153846154,,,1,5,1,5,0,0,1,5,1,5,1,5,1,5,1,5,1,5,1,5
G0,w202,-2,S1,service,candidate_raw_counts,0,16,0,0,9,25,16,0,0,,0,0,zero denominator,,0,0,zero denominator,0.0,0,16,,0.0,0,25,,0.64,16,25,,0.0,0,16,,1.0,16,16,,0.0,0,16,,0.0,0,16,,0.0,0.0,0.0,,present,,,,,,,,,,,,,,,,,,,,
G0,w202,-1,S1,service,candidate_raw_counts,0,16,0,0,9,25,16,0,0,,0,0,zero denominator,,0,0,zero denominator,0.0,0,16,,0.0,0,25,,0.64,16,25,,0.0,0,16,,1.0,16,16,,0.0,0,16,,0.0,0,16,,0.0,0.0,0.0,,present,,,,,,,,,,,,,,,,,,,,
G0,w202,0,S1,service,candidate_raw_counts,0,16,0,0,9,25,16,0,0,,0,0,zero denominator,,0,0,zero denominator,0.0,0,16,,0.0,0,25,,0.64,16,25,,0.0,0,16,,1.0,16,16,,0.0,0,16,,0.0,0,16,,0.0,0.0,0.0,,present,,,,,,,,,,,,,,,,,,,,
G0,w202,1,S1,service,candidate_raw_counts,0,16,0,0,9,25,16,0,0,,0,0,zero denominator,,0,0,zero denominator,0.0,0,16,,0.0,0,25,,0.64,16,25,,0.0,0,16,,1.0,16,16,,0.0,0,16,,0.0,0,16,,0.0,0.0,0.0,,present,,,,,,,,,,,,,,,,,,,,
G0,w202,2,S1,service,candidate_raw_counts,0,16,0,0,9,25,16,0,0,,0,0,zero denominator,,0,0,zero denominator,0.0,0,16,,0.0,0,25,,0.64,16,25,,0.0,0,16,,1.0,16,16,,0.0,0,16,,0.0,0,16,,0.0,0.0,0.0,,present,,,,,,,,,,,,,,,,,,,,
G0,w202,ALL,S1,service,pooled_counts,0,80,0,0,45,125,80,0,0,,0,0,zero denominator,,0,0,zero denominator,0.0,0,80,,0.0,0,125,,0.64,80,125,,0.0,0,80,,1.0,80,80,,0.0,0,80,,0.0,0,80,,0.0,0.0,0.0,,present,,,,,,,,,,,,,,,,,,,,
G0,w202,ALL,S1,service,equal_candidate_equal_workload_macro,,,,,,,,,,,,,all denominators zero,,,,all denominators zero,0.0,,,,0.0,,,,0.64,,,,0.0,,,,1.0,,,,0.0,,,,0.0,,,,0.0,0.0,0.0,,,0,0,0,0,1,5,1,5,1,5,1,5,1,5,1,5,1,5,1,5
G0,w202,-2,S1,latency_only,candidate_raw_counts,0,16,0,0,0,16,16,0,0,,0,0,zero denominator,,0,0,zero denominator,0.0,0,16,,0.0,0,16,,1.0,16,16,,0.0,0,16,,1.0,16,16,,0.0,0,16,,0.0,0,16,,0.0,0.0,0.0,,present,,,,,,,,,,,,,,,,,,,,
G0,w202,-1,S1,latency_only,candidate_raw_counts,0,16,0,0,0,16,16,0,0,,0,0,zero denominator,,0,0,zero denominator,0.0,0,16,,0.0,0,16,,1.0,16,16,,0.0,0,16,,1.0,16,16,,0.0,0,16,,0.0,0,16,,0.0,0.0,0.0,,present,,,,,,,,,,,,,,,,,,,,
G0,w202,0,S1,latency_only,candidate_raw_counts,0,16,0,0,0,16,16,0,0,,0,0,zero denominator,,0,0,zero denominator,0.0,0,16,,0.0,0,16,,1.0,16,16,,0.0,0,16,,1.0,16,16,,0.0,0,16,,0.0,0,16,,0.0,0.0,0.0,,present,,,,,,,,,,,,,,,,,,,,
G0,w202,1,S1,latency_only,candidate_raw_counts,0,16,0,0,0,16,16,0,0,,0,0,zero denominator,,0,0,zero denominator,0.0,0,16,,0.0,0,16,,1.0,16,16,,0.0,0,16,,1.0,16,16,,0.0,0,16,,0.0,0,16,,0.0,0.0,0.0,,present,,,,,,,,,,,,,,,,,,,,
G0,w202,2,S1,latency_only,candidate_raw_counts,0,16,0,0,0,16,16,0,0,,0,0,zero denominator,,0,0,zero denominator,0.0,0,16,,0.0,0,16,,1.0,16,16,,0.0,0,16,,1.0,16,16,,0.0,0,16,,0.0,0,16,,0.0,0.0,0.0,,present,,,,,,,,,,,,,,,,,,,,
G0,w202,ALL,S1,latency_only,pooled_counts,0,80,0,0,0,80,80,0,0,,0,0,zero denominator,,0,0,zero denominator,0.0,0,80,,0.0,0,80,,1.0,80,80,,0.0,0,80,,1.0,80,80,,0.0,0,80,,0.0,0,80,,0.0,0.0,0.0,,present,,,,,,,,,,,,,,,,,,,,
G0,w202,ALL,S1,latency_only,equal_candidate_equal_workload_macro,,,,,,,,,,,,,all denominators zero,,,,all denominators zero,0.0,,,,0.0,,,,1.0,,,,0.0,,,,1.0,,,,0.0,,,,0.0,,,,0.0,0.0,0.0,,,0,0,0,0,1,5,1,5,1,5,1,5,1,5,1,5,1,5,1,5
G0,w202,-2,S1,near_boundary,candidate_raw_counts,0,0,0,0,0,0,0,0,0,,0,0,zero denominator,,0,0,zero denominator,,0,0,zero denominator,,0,0,zero denominator,,0,0,zero denominator,,0,0,zero denominator,,0,0,zero denominator,,0,0,zero denominator,,0,0,zero denominator,,,,no both-attainment-defined points,absent,,,,,,,,,,,,,,,,,,,,
G0,w202,-1,S1,near_boundary,candidate_raw_counts,0,0,0,0,0,0,0,0,0,,0,0,zero denominator,,0,0,zero denominator,,0,0,zero denominator,,0,0,zero denominator,,0,0,zero denominator,,0,0,zero denominator,,0,0,zero denominator,,0,0,zero denominator,,0,0,zero denominator,,,,no both-attainment-defined points,absent,,,,,,,,,,,,,,,,,,,,
G0,w202,0,S1,near_boundary,candidate_raw_counts,0,0,0,0,0,0,0,0,0,,0,0,zero denominator,,0,0,zero denominator,,0,0,zero denominator,,0,0,zero denominator,,0,0,zero denominator,,0,0,zero denominator,,0,0,zero denominator,,0,0,zero denominator,,0,0,zero denominator,,,,no both-attainment-defined points,absent,,,,,,,,,,,,,,,,,,,,
G0,w202,1,S1,near_boundary,candidate_raw_counts,0,0,0,0,0,0,0,0,0,,0,0,zero denominator,,0,0,zero denominator,,0,0,zero denominator,,0,0,zero denominator,,0,0,zero denominator,,0,0,zero denominator,,0,0,zero denominator,,0,0,zero denominator,,0,0,zero denominator,,,,no both-attainment-defined points,absent,,,,,,,,,,,,,,,,,,,,
G0,w202,2,S1,near_boundary,candidate_raw_counts,0,0,0,0,0,0,0,0,0,,0,0,zero denominator,,0,0,zero denominator,,0,0,zero denominator,,0,0,zero denominator,,0,0,zero denominator,,0,0,zero denominator,,0,0,zero denominator,,0,0,zero denominator,,0,0,zero denominator,,,,no both-attainment-defined points,absent,,,,,,,,,,,,,,,,,,,,
G0,w202,ALL,S1,near_boundary,pooled_counts,0,0,0,0,0,0,0,0,0,,0,0,zero denominator,,0,0,zero denominator,,0,0,zero denominator,,0,0,zero denominator,,0,0,zero denominator,,0,0,zero denominator,,0,0,zero denominator,,0,0,zero denominator,,0,0,zero denominator,,,,no both-attainment-defined points,absent,,,,,,,,,,,,,,,,,,,,
G0,w202,ALL,S1,near_boundary,equal_candidate_equal_workload_macro,,,,,,,,,,,,,all denominators zero,,,,all denominators zero,,,,all denominators zero,,,,all denominators zero,,,,all denominators zero,,,,all denominators zero,,,,all denominators zero,,,,all denominators zero,,,,all denominators zero,,,,empty applicable subset,,0,0,0,0,0,0,0,0,0,0,0,0,0,0,0,0,0,0,0,0
G0,w202,-2,S2,service,candidate_raw_counts,0,16,0,0,9,25,16,0,0,,0,0,zero denominator,,0,0,zero denominator,0.0,0,16,,0.0,0,25,,0.64,16,25,,0.0,0,16,,1.0,16,16,,0.0,0,16,,0.0,0,16,,0.03515625,0.03776041666666667,0.0625,,present,,,,,,,,,,,,,,,,,,,,
G0,w202,-1,S2,service,candidate_raw_counts,0,16,0,0,9,25,16,0,0,,0,0,zero denominator,,0,0,zero denominator,0.0,0,16,,0.0,0,25,,0.64,16,25,,0.0,0,16,,1.0,16,16,,0.0,0,16,,0.0,0,16,,0.044270833333333336,0.044270833333333336,0.0625,,present,,,,,,,,,,,,,,,,,,,,
G0,w202,0,S2,service,candidate_raw_counts,0,16,0,0,9,25,16,0,0,,0,0,zero denominator,,0,0,zero denominator,0.0,0,16,,0.0,0,25,,0.64,16,25,,0.0,0,16,,1.0,16,16,,0.0,0,16,,0.0,0,16,,0.05078125,0.05078125,0.0625,,present,,,,,,,,,,,,,,,,,,,,
G0,w202,1,S2,service,candidate_raw_counts,0,16,0,0,9,25,16,0,0,,0,0,zero denominator,,0,0,zero denominator,0.0,0,16,,0.0,0,25,,0.64,16,25,,0.0,0,16,,1.0,16,16,,0.0,0,16,,0.0,0,16,,0.00911458333333333,0.022135416666666668,0.0625,,present,,,,,,,,,,,,,,,,,,,,
G0,w202,2,S2,service,candidate_raw_counts,0,16,0,0,9,25,16,0,0,,0,0,zero denominator,,0,0,zero denominator,0.0,0,16,,0.0,0,25,,0.64,16,25,,0.0,0,16,,1.0,16,16,,0.0,0,16,,0.0,0,16,,0.0039062499999999974,0.024739583333333332,0.0625,,present,,,,,,,,,,,,,,,,,,,,
G0,w202,ALL,S2,service,pooled_counts,0,80,0,0,45,125,80,0,0,,0,0,zero denominator,,0,0,zero denominator,0.0,0,80,,0.0,0,125,,0.64,80,125,,0.0,0,80,,1.0,80,80,,0.0,0,80,,0.0,0,80,,0.028645833333333332,0.0359375,0.0625,,present,,,,,,,,,,,,,,,,,,,,
G0,w202,ALL,S2,service,equal_candidate_equal_workload_macro,,,,,,,,,,,,,all denominators zero,,,,all denominators zero,0.0,,,,0.0,,,,0.64,,,,0.0,,,,1.0,,,,0.0,,,,0.0,,,,0.028645833333333332,0.0359375,0.0625,,,0,0,0,0,1,5,1,5,1,5,1,5,1,5,1,5,1,5,1,5
G0,w202,-2,S2,latency_only,candidate_raw_counts,0,16,0,0,0,16,16,0,0,,0,0,zero denominator,,0,0,zero denominator,0.0,0,16,,0.0,0,16,,1.0,16,16,,0.0,0,16,,1.0,16,16,,0.0,0,16,,0.0,0,16,,0.03515625,0.03776041666666667,0.0625,,present,,,,,,,,,,,,,,,,,,,,
G0,w202,-1,S2,latency_only,candidate_raw_counts,0,16,0,0,0,16,16,0,0,,0,0,zero denominator,,0,0,zero denominator,0.0,0,16,,0.0,0,16,,1.0,16,16,,0.0,0,16,,1.0,16,16,,0.0,0,16,,0.0,0,16,,0.044270833333333336,0.044270833333333336,0.0625,,present,,,,,,,,,,,,,,,,,,,,
G0,w202,0,S2,latency_only,candidate_raw_counts,0,16,0,0,0,16,16,0,0,,0,0,zero denominator,,0,0,zero denominator,0.0,0,16,,0.0,0,16,,1.0,16,16,,0.0,0,16,,1.0,16,16,,0.0,0,16,,0.0,0,16,,0.05078125,0.05078125,0.0625,,present,,,,,,,,,,,,,,,,,,,,
G0,w202,1,S2,latency_only,candidate_raw_counts,0,16,0,0,0,16,16,0,0,,0,0,zero denominator,,0,0,zero denominator,0.0,0,16,,0.0,0,16,,1.0,16,16,,0.0,0,16,,1.0,16,16,,0.0,0,16,,0.0,0,16,,0.00911458333333333,0.022135416666666668,0.0625,,present,,,,,,,,,,,,,,,,,,,,
G0,w202,2,S2,latency_only,candidate_raw_counts,0,16,0,0,0,16,16,0,0,,0,0,zero denominator,,0,0,zero denominator,0.0,0,16,,0.0,0,16,,1.0,16,16,,0.0,0,16,,1.0,16,16,,0.0,0,16,,0.0,0,16,,0.0039062499999999974,0.024739583333333332,0.0625,,present,,,,,,,,,,,,,,,,,,,,
G0,w202,ALL,S2,latency_only,pooled_counts,0,80,0,0,0,80,80,0,0,,0,0,zero denominator,,0,0,zero denominator,0.0,0,80,,0.0,0,80,,1.0,80,80,,0.0,0,80,,1.0,80,80,,0.0,0,80,,0.0,0,80,,0.028645833333333332,0.0359375,0.0625,,present,,,,,,,,,,,,,,,,,,,,
G0,w202,ALL,S2,latency_only,equal_candidate_equal_workload_macro,,,,,,,,,,,,,all denominators zero,,,,all denominators zero,0.0,,,,0.0,,,,1.0,,,,0.0,,,,1.0,,,,0.0,,,,0.0,,,,0.028645833333333332,0.0359375,0.0625,,,0,0,0,0,1,5,1,5,1,5,1,5,1,5,1,5,1,5,1,5
G0,w202,-2,S2,near_boundary,candidate_raw_counts,0,0,0,0,0,0,0,0,0,,0,0,zero denominator,,0,0,zero denominator,,0,0,zero denominator,,0,0,zero denominator,,0,0,zero denominator,,0,0,zero denominator,,0,0,zero denominator,,0,0,zero denominator,,0,0,zero denominator,,,,no both-attainment-defined points,absent,,,,,,,,,,,,,,,,,,,,
G0,w202,-1,S2,near_boundary,candidate_raw_counts,0,0,0,0,0,0,0,0,0,,0,0,zero denominator,,0,0,zero denominator,,0,0,zero denominator,,0,0,zero denominator,,0,0,zero denominator,,0,0,zero denominator,,0,0,zero denominator,,0,0,zero denominator,,0,0,zero denominator,,,,no both-attainment-defined points,absent,,,,,,,,,,,,,,,,,,,,
G0,w202,0,S2,near_boundary,candidate_raw_counts,0,0,0,0,0,0,0,0,0,,0,0,zero denominator,,0,0,zero denominator,,0,0,zero denominator,,0,0,zero denominator,,0,0,zero denominator,,0,0,zero denominator,,0,0,zero denominator,,0,0,zero denominator,,0,0,zero denominator,,,,no both-attainment-defined points,absent,,,,,,,,,,,,,,,,,,,,
G0,w202,1,S2,near_boundary,candidate_raw_counts,0,0,0,0,0,0,0,0,0,,0,0,zero denominator,,0,0,zero denominator,,0,0,zero denominator,,0,0,zero denominator,,0,0,zero denominator,,0,0,zero denominator,,0,0,zero denominator,,0,0,zero denominator,,0,0,zero denominator,,,,no both-attainment-defined points,absent,,,,,,,,,,,,,,,,,,,,
G0,w202,2,S2,near_boundary,candidate_raw_counts,0,0,0,0,0,0,0,0,0,,0,0,zero denominator,,0,0,zero denominator,,0,0,zero denominator,,0,0,zero denominator,,0,0,zero denominator,,0,0,zero denominator,,0,0,zero denominator,,0,0,zero denominator,,0,0,zero denominator,,,,no both-attainment-defined points,absent,,,,,,,,,,,,,,,,,,,,
G0,w202,ALL,S2,near_boundary,pooled_counts,0,0,0,0,0,0,0,0,0,,0,0,zero denominator,,0,0,zero denominator,,0,0,zero denominator,,0,0,zero denominator,,0,0,zero denominator,,0,0,zero denominator,,0,0,zero denominator,,0,0,zero denominator,,0,0,zero denominator,,,,no both-attainment-defined points,absent,,,,,,,,,,,,,,,,,,,,
G0,w202,ALL,S2,near_boundary,equal_candidate_equal_workload_macro,,,,,,,,,,,,,all denominators zero,,,,all denominators zero,,,,all denominators zero,,,,all denominators zero,,,,all denominators zero,,,,all denominators zero,,,,all denominators zero,,,,all denominators zero,,,,all denominators zero,,,,empty applicable subset,,0,0,0,0,0,0,0,0,0,0,0,0,0,0,0,0,0,0,0,0
G0,w202,-2,S3,service,candidate_raw_counts,0,16,0,0,9,25,16,0,0,,0,0,zero denominator,,0,0,zero denominator,0.0,0,16,,0.0,0,25,,0.64,16,25,,0.0,0,16,,1.0,16,16,,0.0,0,16,,0.0,0,16,,0.0,0.0,0.0,,present,,,,,,,,,,,,,,,,,,,,
G0,w202,-1,S3,service,candidate_raw_counts,0,16,0,0,9,25,16,0,0,,0,0,zero denominator,,0,0,zero denominator,0.0,0,16,,0.0,0,25,,0.64,16,25,,0.0,0,16,,1.0,16,16,,0.0,0,16,,0.0,0,16,,0.0,0.0,0.0,,present,,,,,,,,,,,,,,,,,,,,
G0,w202,0,S3,service,candidate_raw_counts,0,16,0,0,9,25,16,0,0,,0,0,zero denominator,,0,0,zero denominator,0.0,0,16,,0.0,0,25,,0.64,16,25,,0.0,0,16,,1.0,16,16,,0.0,0,16,,0.0,0,16,,0.0,0.0,0.0,,present,,,,,,,,,,,,,,,,,,,,
G0,w202,1,S3,service,candidate_raw_counts,0,16,0,0,9,25,16,0,0,,0,0,zero denominator,,0,0,zero denominator,0.0,0,16,,0.0,0,25,,0.64,16,25,,0.0,0,16,,1.0,16,16,,0.0,0,16,,0.0,0,16,,0.0,0.0,0.0,,present,,,,,,,,,,,,,,,,,,,,
G0,w202,2,S3,service,candidate_raw_counts,0,16,0,0,9,25,16,0,0,,0,0,zero denominator,,0,0,zero denominator,0.0,0,16,,0.0,0,25,,0.64,16,25,,0.0,0,16,,1.0,16,16,,0.0,0,16,,0.0,0,16,,0.0,0.0,0.0,,present,,,,,,,,,,,,,,,,,,,,
G0,w202,ALL,S3,service,pooled_counts,0,80,0,0,45,125,80,0,0,,0,0,zero denominator,,0,0,zero denominator,0.0,0,80,,0.0,0,125,,0.64,80,125,,0.0,0,80,,1.0,80,80,,0.0,0,80,,0.0,0,80,,0.0,0.0,0.0,,present,,,,,,,,,,,,,,,,,,,,
G0,w202,ALL,S3,service,equal_candidate_equal_workload_macro,,,,,,,,,,,,,all denominators zero,,,,all denominators zero,0.0,,,,0.0,,,,0.64,,,,0.0,,,,1.0,,,,0.0,,,,0.0,,,,0.0,0.0,0.0,,,0,0,0,0,1,5,1,5,1,5,1,5,1,5,1,5,1,5,1,5
G0,w202,-2,S3,latency_only,candidate_raw_counts,0,16,0,0,0,16,16,0,0,,0,0,zero denominator,,0,0,zero denominator,0.0,0,16,,0.0,0,16,,1.0,16,16,,0.0,0,16,,1.0,16,16,,0.0,0,16,,0.0,0,16,,0.0,0.0,0.0,,present,,,,,,,,,,,,,,,,,,,,
G0,w202,-1,S3,latency_only,candidate_raw_counts,0,16,0,0,0,16,16,0,0,,0,0,zero denominator,,0,0,zero denominator,0.0,0,16,,0.0,0,16,,1.0,16,16,,0.0,0,16,,1.0,16,16,,0.0,0,16,,0.0,0,16,,0.0,0.0,0.0,,present,,,,,,,,,,,,,,,,,,,,
G0,w202,0,S3,latency_only,candidate_raw_counts,0,16,0,0,0,16,16,0,0,,0,0,zero denominator,,0,0,zero denominator,0.0,0,16,,0.0,0,16,,1.0,16,16,,0.0,0,16,,1.0,16,16,,0.0,0,16,,0.0,0,16,,0.0,0.0,0.0,,present,,,,,,,,,,,,,,,,,,,,
G0,w202,1,S3,latency_only,candidate_raw_counts,0,16,0,0,0,16,16,0,0,,0,0,zero denominator,,0,0,zero denominator,0.0,0,16,,0.0,0,16,,1.0,16,16,,0.0,0,16,,1.0,16,16,,0.0,0,16,,0.0,0,16,,0.0,0.0,0.0,,present,,,,,,,,,,,,,,,,,,,,
G0,w202,2,S3,latency_only,candidate_raw_counts,0,16,0,0,0,16,16,0,0,,0,0,zero denominator,,0,0,zero denominator,0.0,0,16,,0.0,0,16,,1.0,16,16,,0.0,0,16,,1.0,16,16,,0.0,0,16,,0.0,0,16,,0.0,0.0,0.0,,present,,,,,,,,,,,,,,,,,,,,
G0,w202,ALL,S3,latency_only,pooled_counts,0,80,0,0,0,80,80,0,0,,0,0,zero denominator,,0,0,zero denominator,0.0,0,80,,0.0,0,80,,1.0,80,80,,0.0,0,80,,1.0,80,80,,0.0,0,80,,0.0,0,80,,0.0,0.0,0.0,,present,,,,,,,,,,,,,,,,,,,,
G0,w202,ALL,S3,latency_only,equal_candidate_equal_workload_macro,,,,,,,,,,,,,all denominators zero,,,,all denominators zero,0.0,,,,0.0,,,,1.0,,,,0.0,,,,1.0,,,,0.0,,,,0.0,,,,0.0,0.0,0.0,,,0,0,0,0,1,5,1,5,1,5,1,5,1,5,1,5,1,5,1,5
G0,w202,-2,S3,near_boundary,candidate_raw_counts,0,0,0,0,0,0,0,0,0,,0,0,zero denominator,,0,0,zero denominator,,0,0,zero denominator,,0,0,zero denominator,,0,0,zero denominator,,0,0,zero denominator,,0,0,zero denominator,,0,0,zero denominator,,0,0,zero denominator,,,,no both-attainment-defined points,absent,,,,,,,,,,,,,,,,,,,,
G0,w202,-1,S3,near_boundary,candidate_raw_counts,0,0,0,0,0,0,0,0,0,,0,0,zero denominator,,0,0,zero denominator,,0,0,zero denominator,,0,0,zero denominator,,0,0,zero denominator,,0,0,zero denominator,,0,0,zero denominator,,0,0,zero denominator,,0,0,zero denominator,,,,no both-attainment-defined points,absent,,,,,,,,,,,,,,,,,,,,
G0,w202,0,S3,near_boundary,candidate_raw_counts,0,0,0,0,0,0,0,0,0,,0,0,zero denominator,,0,0,zero denominator,,0,0,zero denominator,,0,0,zero denominator,,0,0,zero denominator,,0,0,zero denominator,,0,0,zero denominator,,0,0,zero denominator,,0,0,zero denominator,,,,no both-attainment-defined points,absent,,,,,,,,,,,,,,,,,,,,
G0,w202,1,S3,near_boundary,candidate_raw_counts,0,0,0,0,0,0,0,0,0,,0,0,zero denominator,,0,0,zero denominator,,0,0,zero denominator,,0,0,zero denominator,,0,0,zero denominator,,0,0,zero denominator,,0,0,zero denominator,,0,0,zero denominator,,0,0,zero denominator,,,,no both-attainment-defined points,absent,,,,,,,,,,,,,,,,,,,,
G0,w202,2,S3,near_boundary,candidate_raw_counts,0,0,0,0,0,0,0,0,0,,0,0,zero denominator,,0,0,zero denominator,,0,0,zero denominator,,0,0,zero denominator,,0,0,zero denominator,,0,0,zero denominator,,0,0,zero denominator,,0,0,zero denominator,,0,0,zero denominator,,,,no both-attainment-defined points,absent,,,,,,,,,,,,,,,,,,,,
G0,w202,ALL,S3,near_boundary,pooled_counts,0,0,0,0,0,0,0,0,0,,0,0,zero denominator,,0,0,zero denominator,,0,0,zero denominator,,0,0,zero denominator,,0,0,zero denominator,,0,0,zero denominator,,0,0,zero denominator,,0,0,zero denominator,,0,0,zero denominator,,,,no both-attainment-defined points,absent,,,,,,,,,,,,,,,,,,,,
G0,w202,ALL,S3,near_boundary,equal_candidate_equal_workload_macro,,,,,,,,,,,,,all denominators zero,,,,all denominators zero,,,,all denominators zero,,,,all denominators zero,,,,all denominators zero,,,,all denominators zero,,,,all denominators zero,,,,all denominators zero,,,,all denominators zero,,,,empty applicable subset,,0,0,0,0,0,0,0,0,0,0,0,0,0,0,0,0,0,0,0,0
G0,w202,-2,S4,service,candidate_raw_counts,10,5,0,1,9,25,16,10,0,0.0,0,10,,0.09090909090909091,1,11,,0.0,0,5,,0.4,10,25,,0.64,16,25,,0.625,10,16,,0.3125,5,16,,0.0,0,16,,0.0625,1,16,,-0.037760416666666664,0.04296875,0.20833333333333326,,present,,,,,,,,,,,,,,,,,,,,
G0,w202,-1,S4,service,candidate_raw_counts,10,6,0,0,9,25,16,10,0,0.0,0,10,,0.0,0,10,,0.0,0,6,,0.4,10,25,,0.64,16,25,,0.625,10,16,,0.375,6,16,,0.0,0,16,,0.0,0,16,,-0.023437500000000007,0.03125000000000001,0.14583333333333337,,present,,,,,,,,,,,,,,,,,,,,
G0,w202,0,S4,service,candidate_raw_counts,9,6,0,1,9,25,16,9,0,0.0,0,9,,0.1,1,10,,0.0,0,6,,0.36,9,25,,0.64,16,25,,0.5625,9,16,,0.375,6,16,,0.0,0,16,,0.0625,1,16,,-0.020833333333333336,0.03125,0.14583333333333337,,present,,,,,,,,,,,,,,,,,,,,
G0,w202,1,S4,service,candidate_raw_counts,8,8,0,0,9,25,16,8,0,0.0,0,8,,0.0,0,8,,0.0,0,8,,0.32,8,25,,0.64,16,25,,0.5,8,16,,0.5,8,16,,0.0,0,16,,0.0,0,16,,-0.014322916666666666,0.024739583333333332,0.04166666666666667,,present,,,,,,,,,,,,,,,,,,,,
G0,w202,2,S4,service,candidate_raw_counts,8,8,0,0,9,25,16,8,0,0.0,0,8,,0.0,0,8,,0.0,0,8,,0.32,8,25,,0.64,16,25,,0.5,8,16,,0.5,8,16,,0.0,0,16,,0.0,0,16,,-0.033854166666666664,0.03645833333333333,0.14583333333333337,,present,,,,,,,,,,,,,,,,,,,,
G0,w202,ALL,S4,service,pooled_counts,45,33,0,2,45,125,80,45,0,0.0,0,45,,0.0425531914893617,2,47,,0.0,0,33,,0.36,45,125,,0.64,80,125,,0.5625,45,80,,0.4125,33,80,,0.0,0,80,,0.025,2,80,,-0.026041666666666668,0.03333333333333333,0.14583333333333337,,present,,,,,,,,,,,,,,,,,,,,
G0,w202,ALL,S4,service,equal_candidate_equal_workload_macro,,,,,,,,,,0.0,,,,0.038181818181818185,,,,0.0,,,,0.36,,,,0.64,,,,0.5625,,,,0.4125,,,,0.0,,,,0.025,,,,-0.026041666666666668,0.03333333333333333,0.14583333333333337,,,1,5,1,5,1,5,1,5,1,5,1,5,1,5,1,5,1,5,1,5
G0,w202,-2,S4,latency_only,candidate_raw_counts,10,5,0,1,0,16,16,10,0,0.0,0,10,,0.09090909090909091,1,11,,0.0,0,5,,0.625,10,16,,1.0,16,16,,0.625,10,16,,0.3125,5,16,,0.0,0,16,,0.0625,1,16,,-0.037760416666666664,0.04296875,0.20833333333333326,,present,,,,,,,,,,,,,,,,,,,,
G0,w202,-1,S4,latency_only,candidate_raw_counts,10,6,0,0,0,16,16,10,0,0.0,0,10,,0.0,0,10,,0.0,0,6,,0.625,10,16,,1.0,16,16,,0.625,10,16,,0.375,6,16,,0.0,0,16,,0.0,0,16,,-0.023437500000000007,0.03125000000000001,0.14583333333333337,,present,,,,,,,,,,,,,,,,,,,,
G0,w202,0,S4,latency_only,candidate_raw_counts,9,6,0,1,0,16,16,9,0,0.0,0,9,,0.1,1,10,,0.0,0,6,,0.5625,9,16,,1.0,16,16,,0.5625,9,16,,0.375,6,16,,0.0,0,16,,0.0625,1,16,,-0.020833333333333336,0.03125,0.14583333333333337,,present,,,,,,,,,,,,,,,,,,,,
G0,w202,1,S4,latency_only,candidate_raw_counts,8,8,0,0,0,16,16,8,0,0.0,0,8,,0.0,0,8,,0.0,0,8,,0.5,8,16,,1.0,16,16,,0.5,8,16,,0.5,8,16,,0.0,0,16,,0.0,0,16,,-0.014322916666666666,0.024739583333333332,0.04166666666666667,,present,,,,,,,,,,,,,,,,,,,,
G0,w202,2,S4,latency_only,candidate_raw_counts,8,8,0,0,0,16,16,8,0,0.0,0,8,,0.0,0,8,,0.0,0,8,,0.5,8,16,,1.0,16,16,,0.5,8,16,,0.5,8,16,,0.0,0,16,,0.0,0,16,,-0.033854166666666664,0.03645833333333333,0.14583333333333337,,present,,,,,,,,,,,,,,,,,,,,
G0,w202,ALL,S4,latency_only,pooled_counts,45,33,0,2,0,80,80,45,0,0.0,0,45,,0.0425531914893617,2,47,,0.0,0,33,,0.5625,45,80,,1.0,80,80,,0.5625,45,80,,0.4125,33,80,,0.0,0,80,,0.025,2,80,,-0.026041666666666668,0.03333333333333333,0.14583333333333337,,present,,,,,,,,,,,,,,,,,,,,
G0,w202,ALL,S4,latency_only,equal_candidate_equal_workload_macro,,,,,,,,,,0.0,,,,0.038181818181818185,,,,0.0,,,,0.5625,,,,1.0,,,,0.5625,,,,0.4125,,,,0.0,,,,0.025,,,,-0.026041666666666668,0.03333333333333333,0.14583333333333337,,,1,5,1,5,1,5,1,5,1,5,1,5,1,5,1,5,1,5,1,5
G0,w202,-2,S4,near_boundary,candidate_raw_counts,0,0,0,1,0,1,1,0,0,,0,0,zero denominator,1.0,1,1,,,0,0,zero denominator,0.0,0,1,,1.0,1,1,,0.0,0,1,,0.0,0,1,,0.0,0,1,,1.0,1,1,,-0.20833333333333326,0.20833333333333326,0.20833333333333326,,present,,,,,,,,,,,,,,,,,,,,
G0,w202,-1,S4,near_boundary,candidate_raw_counts,0,0,0,0,0,0,0,0,0,,0,0,zero denominator,,0,0,zero denominator,,0,0,zero denominator,,0,0,zero denominator,,0,0,zero denominator,,0,0,zero denominator,,0,0,zero denominator,,0,0,zero denominator,,0,0,zero denominator,,,,no both-attainment-defined points,absent,,,,,,,,,,,,,,,,,,,,
G0,w202,0,S4,near_boundary,candidate_raw_counts,0,0,0,1,0,1,1,0,0,,0,0,zero denominator,1.0,1,1,,,0,0,zero denominator,0.0,0,1,,1.0,1,1,,0.0,0,1,,0.0,0,1,,0.0,0,1,,1.0,1,1,,-0.14583333333333337,0.14583333333333337,0.14583333333333337,,present,,,,,,,,,,,,,,,,,,,,
G0,w202,1,S4,near_boundary,candidate_raw_counts,0,1,0,0,0,1,1,0,0,,0,0,zero denominator,,0,0,zero denominator,0.0,0,1,,0.0,0,1,,1.0,1,1,,0.0,0,1,,1.0,1,1,,0.0,0,1,,0.0,0,1,,-0.02083333333333337,0.02083333333333337,0.02083333333333337,,present,,,,,,,,,,,,,,,,,,,,
G0,w202,2,S4,near_boundary,candidate_raw_counts,0,0,0,0,0,0,0,0,0,,0,0,zero denominator,,0,0,zero denominator,,0,0,zero denominator,,0,0,zero denominator,,0,0,zero denominator,,0,0,zero denominator,,0,0,zero denominator,,0,0,zero denominator,,0,0,zero denominator,,,,no both-attainment-defined points,absent,,,,,,,,,,,,,,,,,,,,
G0,w202,ALL,S4,near_boundary,pooled_counts,0,1,0,2,0,3,3,0,0,,0,0,zero denominator,1.0,2,2,,0.0,0,1,,0.0,0,3,,1.0,3,3,,0.0,0,3,,0.3333333333333333,1,3,,0.0,0,3,,0.6666666666666666,2,3,,-0.125,0.125,0.20833333333333326,,present,,,,,,,,,,,,,,,,,,,,
G0,w202,ALL,S4,near_boundary,equal_candidate_equal_workload_macro,,,,,,,,,,,,,all denominators zero,1.0,,,,0.0,,,,0.0,,,,1.0,,,,0.0,,,,0.3333333333333333,,,,0.0,,,,0.6666666666666666,,,,-0.125,0.125,0.20833333333333326,,,0,0,1,2,1,1,1,3,1,3,1,3,1,3,1,3,1,3,1,3
G0,w202,-2,S5,service,candidate_raw_counts,12,4,0,0,9,25,16,12,0,0.0,0,12,,0.0,0,12,,0.0,0,4,,0.48,12,25,,0.64,16,25,,0.75,12,16,,0.25,4,16,,0.0,0,16,,0.0,0,16,,0.0013020833333333309,0.019531250000000003,0.10416666666666666,,present,,,,,,,,,,,,,,,,,,,,
G0,w202,-1,S5,service,candidate_raw_counts,12,4,0,0,9,25,16,12,0,0.0,0,12,,0.0,0,12,,0.0,0,4,,0.48,12,25,,0.64,16,25,,0.75,12,16,,0.25,4,16,,0.0,0,16,,0.0,0,16,,0.0234375,0.0234375,0.0625,,present,,,,,,,,,,,,,,,,,,,,
G0,w202,0,S5,service,candidate_raw_counts,12,4,0,0,9,25,16,12,0,0.0,0,12,,0.0,0,12,,0.0,0,4,,0.48,12,25,,0.64,16,25,,0.75,12,16,,0.25,4,16,,0.0,0,16,,0.0,0,16,,0.03515625,0.03515625,0.08333333333333333,,present,,,,,,,,,,,,,,,,,,,,
G0,w202,1,S5,service,candidate_raw_counts,11,5,0,0,9,25,16,11,0,0.0,0,11,,0.0,0,11,,0.0,0,5,,0.44,11,25,,0.64,16,25,,0.6875,11,16,,0.3125,5,16,,0.0,0,16,,0.0,0,16,,0.02864583333333333,0.02864583333333333,0.0625,,present,,,,,,,,,,,,,,,,,,,,
G0,w202,2,S5,service,candidate_raw_counts,11,5,0,0,9,25,16,11,0,0.0,0,11,,0.0,0,11,,0.0,0,5,,0.44,11,25,,0.64,16,25,,0.6875,11,16,,0.3125,5,16,,0.0,0,16,,0.0,0,16,,0.0390625,0.0390625,0.16666666666666663,,present,,,,,,,,,,,,,,,,,,,,
G0,w202,ALL,S5,service,pooled_counts,58,22,0,0,45,125,80,58,0,0.0,0,58,,0.0,0,58,,0.0,0,22,,0.464,58,125,,0.64,80,125,,0.725,58,80,,0.275,22,80,,0.0,0,80,,0.0,0,80,,0.025520833333333333,0.029166666666666667,0.08333333333333333,,present,,,,,,,,,,,,,,,,,,,,
G0,w202,ALL,S5,service,equal_candidate_equal_workload_macro,,,,,,,,,,0.0,,,,0.0,,,,0.0,,,,0.46399999999999997,,,,0.64,,,,0.725,,,,0.275,,,,0.0,,,,0.0,,,,0.025520833333333333,0.029166666666666667,0.08333333333333333,,,1,5,1,5,1,5,1,5,1,5,1,5,1,5,1,5,1,5,1,5
G0,w202,-2,S5,latency_only,candidate_raw_counts,12,4,0,0,0,16,16,12,0,0.0,0,12,,0.0,0,12,,0.0,0,4,,0.75,12,16,,1.0,16,16,,0.75,12,16,,0.25,4,16,,0.0,0,16,,0.0,0,16,,0.0013020833333333309,0.019531250000000003,0.10416666666666666,,present,,,,,,,,,,,,,,,,,,,,
G0,w202,-1,S5,latency_only,candidate_raw_counts,12,4,0,0,0,16,16,12,0,0.0,0,12,,0.0,0,12,,0.0,0,4,,0.75,12,16,,1.0,16,16,,0.75,12,16,,0.25,4,16,,0.0,0,16,,0.0,0,16,,0.0234375,0.0234375,0.0625,,present,,,,,,,,,,,,,,,,,,,,
G0,w202,0,S5,latency_only,candidate_raw_counts,12,4,0,0,0,16,16,12,0,0.0,0,12,,0.0,0,12,,0.0,0,4,,0.75,12,16,,1.0,16,16,,0.75,12,16,,0.25,4,16,,0.0,0,16,,0.0,0,16,,0.03515625,0.03515625,0.08333333333333333,,present,,,,,,,,,,,,,,,,,,,,
G0,w202,1,S5,latency_only,candidate_raw_counts,11,5,0,0,0,16,16,11,0,0.0,0,11,,0.0,0,11,,0.0,0,5,,0.6875,11,16,,1.0,16,16,,0.6875,11,16,,0.3125,5,16,,0.0,0,16,,0.0,0,16,,0.02864583333333333,0.02864583333333333,0.0625,,present,,,,,,,,,,,,,,,,,,,,
G0,w202,2,S5,latency_only,candidate_raw_counts,11,5,0,0,0,16,16,11,0,0.0,0,11,,0.0,0,11,,0.0,0,5,,0.6875,11,16,,1.0,16,16,,0.6875,11,16,,0.3125,5,16,,0.0,0,16,,0.0,0,16,,0.0390625,0.0390625,0.16666666666666663,,present,,,,,,,,,,,,,,,,,,,,
G0,w202,ALL,S5,latency_only,pooled_counts,58,22,0,0,0,80,80,58,0,0.0,0,58,,0.0,0,58,,0.0,0,22,,0.725,58,80,,1.0,80,80,,0.725,58,80,,0.275,22,80,,0.0,0,80,,0.0,0,80,,0.025520833333333333,0.029166666666666667,0.08333333333333333,,present,,,,,,,,,,,,,,,,,,,,
G0,w202,ALL,S5,latency_only,equal_candidate_equal_workload_macro,,,,,,,,,,0.0,,,,0.0,,,,0.0,,,,0.725,,,,1.0,,,,0.725,,,,0.275,,,,0.0,,,,0.0,,,,0.025520833333333333,0.029166666666666667,0.08333333333333333,,,1,5,1,5,1,5,1,5,1,5,1,5,1,5,1,5,1,5,1,5
G0,w202,-2,S5,near_boundary,candidate_raw_counts,0,1,0,0,0,1,1,0,0,,0,0,zero denominator,,0,0,zero denominator,0.0,0,1,,0.0,0,1,,1.0,1,1,,0.0,0,1,,1.0,1,1,,0.0,0,1,,0.0,0,1,,-0.14583333333333337,0.14583333333333337,0.14583333333333337,,present,,,,,,,,,,,,,,,,,,,,
G0,w202,-1,S5,near_boundary,candidate_raw_counts,0,0,0,0,0,0,0,0,0,,0,0,zero denominator,,0,0,zero denominator,,0,0,zero denominator,,0,0,zero denominator,,0,0,zero denominator,,0,0,zero denominator,,0,0,zero denominator,,0,0,zero denominator,,0,0,zero denominator,,,,no both-attainment-defined points,absent,,,,,,,,,,,,,,,,,,,,
G0,w202,0,S5,near_boundary,candidate_raw_counts,1,0,0,0,0,1,1,1,0,0.0,0,1,,0.0,0,1,,,0,0,zero denominator,1.0,1,1,,1.0,1,1,,1.0,1,1,,0.0,0,1,,0.0,0,1,,0.0,0,1,,0.04166666666666674,0.04166666666666674,0.04166666666666674,,present,,,,,,,,,,,,,,,,,,,,
G0,w202,1,S5,near_boundary,candidate_raw_counts,0,0,0,0,0,0,0,0,0,,0,0,zero denominator,,0,0,zero denominator,,0,0,zero denominator,,0,0,zero denominator,,0,0,zero denominator,,0,0,zero denominator,,0,0,zero denominator,,0,0,zero denominator,,0,0,zero denominator,,,,no both-attainment-defined points,absent,,,,,,,,,,,,,,,,,,,,
G0,w202,2,S5,near_boundary,candidate_raw_counts,0,0,0,0,0,0,0,0,0,,0,0,zero denominator,,0,0,zero denominator,,0,0,zero denominator,,0,0,zero denominator,,0,0,zero denominator,,0,0,zero denominator,,0,0,zero denominator,,0,0,zero denominator,,0,0,zero denominator,,,,no both-attainment-defined points,absent,,,,,,,,,,,,,,,,,,,,
G0,w202,ALL,S5,near_boundary,pooled_counts,1,1,0,0,0,2,2,1,0,0.0,0,1,,0.0,0,1,,0.0,0,1,,0.5,1,2,,1.0,2,2,,0.5,1,2,,0.5,1,2,,0.0,0,2,,0.0,0,2,,-0.052083333333333315,0.09375000000000006,0.14583333333333337,,present,,,,,,,,,,,,,,,,,,,,
G0,w202,ALL,S5,near_boundary,equal_candidate_equal_workload_macro,,,,,,,,,,0.0,,,,0.0,,,,0.0,,,,0.5,,,,1.0,,,,0.5,,,,0.5,,,,0.0,,,,0.0,,,,-0.052083333333333315,0.09375000000000006,0.14583333333333337,,,1,1,1,1,1,1,1,2,1,2,1,2,1,2,1,2,1,2,1,2
G0,w202,-2,S6,service,candidate_raw_counts,13,1,0,2,9,25,16,13,0,0.0,0,13,,0.13333333333333333,2,15,,0.0,0,1,,0.52,13,25,,0.64,16,25,,0.8125,13,16,,0.0625,1,16,,0.0,0,16,,0.125,2,16,,-0.026041666666666668,0.026041666666666668,0.125,,present,,,,,,,,,,,,,,,,,,,,
G0,w202,-1,S6,service,candidate_raw_counts,13,1,0,2,9,25,16,13,0,0.0,0,13,,0.13333333333333333,2,15,,0.0,0,1,,0.52,13,25,,0.64,16,25,,0.8125,13,16,,0.0625,1,16,,0.0,0,16,,0.125,2,16,,-0.029947916666666668,0.029947916666666668,0.125,,present,,,,,,,,,,,,,,,,,,,,
G0,w202,0,S6,service,candidate_raw_counts,13,2,0,1,9,25,16,13,0,0.0,0,13,,0.07142857142857142,1,14,,0.0,0,2,,0.52,13,25,,0.64,16,25,,0.8125,13,16,,0.125,2,16,,0.0,0,16,,0.0625,1,16,,-0.02864583333333334,0.02864583333333334,0.08333333333333337,,present,,,,,,,,,,,,,,,,,,,,
G0,w202,1,S6,service,candidate_raw_counts,13,2,0,1,9,25,16,13,0,0.0,0,13,,0.07142857142857142,1,14,,0.0,0,2,,0.52,13,25,,0.64,16,25,,0.8125,13,16,,0.125,2,16,,0.0,0,16,,0.0625,1,16,,-0.018229166666666668,0.018229166666666668,0.08333333333333337,,present,,,,,,,,,,,,,,,,,,,,
G0,w202,2,S6,service,candidate_raw_counts,13,2,0,1,9,25,16,13,0,0.0,0,13,,0.07142857142857142,1,14,,0.0,0,2,,0.52,13,25,,0.64,16,25,,0.8125,13,16,,0.125,2,16,,0.0,0,16,,0.0625,1,16,,-0.0026041666666666574,0.013020833333333329,0.0625,,present,,,,,,,,,,,,,,,,,,,,
G0,w202,ALL,S6,service,pooled_counts,65,8,0,7,45,125,80,65,0,0.0,0,65,,0.09722222222222222,7,72,,0.0,0,8,,0.52,65,125,,0.64,80,125,,0.8125,65,80,,0.1,8,80,,0.0,0,80,,0.0875,7,80,,-0.02109375,0.023177083333333334,0.08333333333333337,,present,,,,,,,,,,,,,,,,,,,,
G0,w202,ALL,S6,service,equal_candidate_equal_workload_macro,,,,,,,,,,0.0,,,,0.09619047619047619,,,,0.0,,,,0.52,,,,0.64,,,,0.8125,,,,0.1,,,,0.0,,,,0.0875,,,,-0.02109375,0.023177083333333334,0.08333333333333337,,,1,5,1,5,1,5,1,5,1,5,1,5,1,5,1,5,1,5,1,5
G0,w202,-2,S6,latency_only,candidate_raw_counts,13,1,0,2,0,16,16,13,0,0.0,0,13,,0.13333333333333333,2,15,,0.0,0,1,,0.8125,13,16,,1.0,16,16,,0.8125,13,16,,0.0625,1,16,,0.0,0,16,,0.125,2,16,,-0.026041666666666668,0.026041666666666668,0.125,,present,,,,,,,,,,,,,,,,,,,,
G0,w202,-1,S6,latency_only,candidate_raw_counts,13,1,0,2,0,16,16,13,0,0.0,0,13,,0.13333333333333333,2,15,,0.0,0,1,,0.8125,13,16,,1.0,16,16,,0.8125,13,16,,0.0625,1,16,,0.0,0,16,,0.125,2,16,,-0.029947916666666668,0.029947916666666668,0.125,,present,,,,,,,,,,,,,,,,,,,,
G0,w202,0,S6,latency_only,candidate_raw_counts,13,2,0,1,0,16,16,13,0,0.0,0,13,,0.07142857142857142,1,14,,0.0,0,2,,0.8125,13,16,,1.0,16,16,,0.8125,13,16,,0.125,2,16,,0.0,0,16,,0.0625,1,16,,-0.02864583333333334,0.02864583333333334,0.08333333333333337,,present,,,,,,,,,,,,,,,,,,,,
G0,w202,1,S6,latency_only,candidate_raw_counts,13,2,0,1,0,16,16,13,0,0.0,0,13,,0.07142857142857142,1,14,,0.0,0,2,,0.8125,13,16,,1.0,16,16,,0.8125,13,16,,0.125,2,16,,0.0,0,16,,0.0625,1,16,,-0.018229166666666668,0.018229166666666668,0.08333333333333337,,present,,,,,,,,,,,,,,,,,,,,
G0,w202,2,S6,latency_only,candidate_raw_counts,13,2,0,1,0,16,16,13,0,0.0,0,13,,0.07142857142857142,1,14,,0.0,0,2,,0.8125,13,16,,1.0,16,16,,0.8125,13,16,,0.125,2,16,,0.0,0,16,,0.0625,1,16,,-0.0026041666666666574,0.013020833333333329,0.0625,,present,,,,,,,,,,,,,,,,,,,,
G0,w202,ALL,S6,latency_only,pooled_counts,65,8,0,7,0,80,80,65,0,0.0,0,65,,0.09722222222222222,7,72,,0.0,0,8,,0.8125,65,80,,1.0,80,80,,0.8125,65,80,,0.1,8,80,,0.0,0,80,,0.0875,7,80,,-0.02109375,0.023177083333333334,0.08333333333333337,,present,,,,,,,,,,,,,,,,,,,,
G0,w202,ALL,S6,latency_only,equal_candidate_equal_workload_macro,,,,,,,,,,0.0,,,,0.09619047619047619,,,,0.0,,,,0.8125,,,,1.0,,,,0.8125,,,,0.1,,,,0.0,,,,0.0875,,,,-0.02109375,0.023177083333333334,0.08333333333333337,,,1,5,1,5,1,5,1,5,1,5,1,5,1,5,1,5,1,5,1,5
G0,w202,-2,S6,near_boundary,candidate_raw_counts,0,0,0,1,0,1,1,0,0,,0,0,zero denominator,1.0,1,1,,,0,0,zero denominator,0.0,0,1,,1.0,1,1,,0.0,0,1,,0.0,0,1,,0.0,0,1,,1.0,1,1,,-0.125,0.125,0.125,,present,,,,,,,,,,,,,,,,,,,,
G0,w202,-1,S6,near_boundary,candidate_raw_counts,0,0,0,1,0,1,1,0,0,,0,0,zero denominator,1.0,1,1,,,0,0,zero denominator,0.0,0,1,,1.0,1,1,,0.0,0,1,,0.0,0,1,,0.0,0,1,,1.0,1,1,,-0.125,0.125,0.125,,present,,,,,,,,,,,,,,,,,,,,
G0,w202,0,S6,near_boundary,candidate_raw_counts,0,0,0,0,0,0,0,0,0,,0,0,zero denominator,,0,0,zero denominator,,0,0,zero denominator,,0,0,zero denominator,,0,0,zero denominator,,0,0,zero denominator,,0,0,zero denominator,,0,0,zero denominator,,0,0,zero denominator,,,,no both-attainment-defined points,absent,,,,,,,,,,,,,,,,,,,,
G0,w202,1,S6,near_boundary,candidate_raw_counts,0,0,0,0,0,0,0,0,0,,0,0,zero denominator,,0,0,zero denominator,,0,0,zero denominator,,0,0,zero denominator,,0,0,zero denominator,,0,0,zero denominator,,0,0,zero denominator,,0,0,zero denominator,,0,0,zero denominator,,,,no both-attainment-defined points,absent,,,,,,,,,,,,,,,,,,,,
G0,w202,2,S6,near_boundary,candidate_raw_counts,0,0,0,1,0,1,1,0,0,,0,0,zero denominator,1.0,1,1,,,0,0,zero denominator,0.0,0,1,,1.0,1,1,,0.0,0,1,,0.0,0,1,,0.0,0,1,,1.0,1,1,,-0.0625,0.0625,0.0625,,present,,,,,,,,,,,,,,,,,,,,
G0,w202,ALL,S6,near_boundary,pooled_counts,0,0,0,3,0,3,3,0,0,,0,0,zero denominator,1.0,3,3,,,0,0,zero denominator,0.0,0,3,,1.0,3,3,,0.0,0,3,,0.0,0,3,,0.0,0,3,,1.0,3,3,,-0.10416666666666667,0.10416666666666667,0.125,,present,,,,,,,,,,,,,,,,,,,,
G0,w202,ALL,S6,near_boundary,equal_candidate_equal_workload_macro,,,,,,,,,,,,,all denominators zero,1.0,,,,,,,all denominators zero,0.0,,,,1.0,,,,0.0,,,,0.0,,,,0.0,,,,1.0,,,,-0.10416666666666667,0.10416666666666667,0.125,,,0,0,1,3,0,0,1,3,1,3,1,3,1,3,1,3,1,3,1,3
G0,w203,-2,S1,service,candidate_raw_counts,0,25,0,0,0,25,25,0,0,,0,0,zero denominator,,0,0,zero denominator,0.0,0,25,,0.0,0,25,,1.0,25,25,,0.0,0,25,,1.0,25,25,,0.0,0,25,,0.0,0,25,,0.0,0.0,0.0,,present,,,,,,,,,,,,,,,,,,,,
G0,w203,-1,S1,service,candidate_raw_counts,0,25,0,0,0,25,25,0,0,,0,0,zero denominator,,0,0,zero denominator,0.0,0,25,,0.0,0,25,,1.0,25,25,,0.0,0,25,,1.0,25,25,,0.0,0,25,,0.0,0,25,,0.0,0.0,0.0,,present,,,,,,,,,,,,,,,,,,,,
G0,w203,0,S1,service,candidate_raw_counts,0,25,0,0,0,25,25,0,0,,0,0,zero denominator,,0,0,zero denominator,0.0,0,25,,0.0,0,25,,1.0,25,25,,0.0,0,25,,1.0,25,25,,0.0,0,25,,0.0,0,25,,0.0,0.0,0.0,,present,,,,,,,,,,,,,,,,,,,,
G0,w203,1,S1,service,candidate_raw_counts,0,25,0,0,0,25,25,0,0,,0,0,zero denominator,,0,0,zero denominator,0.0,0,25,,0.0,0,25,,1.0,25,25,,0.0,0,25,,1.0,25,25,,0.0,0,25,,0.0,0,25,,0.0,0.0,0.0,,present,,,,,,,,,,,,,,,,,,,,
G0,w203,2,S1,service,candidate_raw_counts,0,25,0,0,0,25,25,0,0,,0,0,zero denominator,,0,0,zero denominator,0.0,0,25,,0.0,0,25,,1.0,25,25,,0.0,0,25,,1.0,25,25,,0.0,0,25,,0.0,0,25,,0.0,0.0,0.0,,present,,,,,,,,,,,,,,,,,,,,
G0,w203,ALL,S1,service,pooled_counts,0,125,0,0,0,125,125,0,0,,0,0,zero denominator,,0,0,zero denominator,0.0,0,125,,0.0,0,125,,1.0,125,125,,0.0,0,125,,1.0,125,125,,0.0,0,125,,0.0,0,125,,0.0,0.0,0.0,,present,,,,,,,,,,,,,,,,,,,,
G0,w203,ALL,S1,service,equal_candidate_equal_workload_macro,,,,,,,,,,,,,all denominators zero,,,,all denominators zero,0.0,,,,0.0,,,,1.0,,,,0.0,,,,1.0,,,,0.0,,,,0.0,,,,0.0,0.0,0.0,,,0,0,0,0,1,5,1,5,1,5,1,5,1,5,1,5,1,5,1,5
G0,w203,-2,S1,latency_only,candidate_raw_counts,0,25,0,0,0,25,25,0,0,,0,0,zero denominator,,0,0,zero denominator,0.0,0,25,,0.0,0,25,,1.0,25,25,,0.0,0,25,,1.0,25,25,,0.0,0,25,,0.0,0,25,,0.0,0.0,0.0,,present,,,,,,,,,,,,,,,,,,,,
G0,w203,-1,S1,latency_only,candidate_raw_counts,0,25,0,0,0,25,25,0,0,,0,0,zero denominator,,0,0,zero denominator,0.0,0,25,,0.0,0,25,,1.0,25,25,,0.0,0,25,,1.0,25,25,,0.0,0,25,,0.0,0,25,,0.0,0.0,0.0,,present,,,,,,,,,,,,,,,,,,,,
G0,w203,0,S1,latency_only,candidate_raw_counts,0,25,0,0,0,25,25,0,0,,0,0,zero denominator,,0,0,zero denominator,0.0,0,25,,0.0,0,25,,1.0,25,25,,0.0,0,25,,1.0,25,25,,0.0,0,25,,0.0,0,25,,0.0,0.0,0.0,,present,,,,,,,,,,,,,,,,,,,,
G0,w203,1,S1,latency_only,candidate_raw_counts,0,25,0,0,0,25,25,0,0,,0,0,zero denominator,,0,0,zero denominator,0.0,0,25,,0.0,0,25,,1.0,25,25,,0.0,0,25,,1.0,25,25,,0.0,0,25,,0.0,0,25,,0.0,0.0,0.0,,present,,,,,,,,,,,,,,,,,,,,
G0,w203,2,S1,latency_only,candidate_raw_counts,0,25,0,0,0,25,25,0,0,,0,0,zero denominator,,0,0,zero denominator,0.0,0,25,,0.0,0,25,,1.0,25,25,,0.0,0,25,,1.0,25,25,,0.0,0,25,,0.0,0,25,,0.0,0.0,0.0,,present,,,,,,,,,,,,,,,,,,,,
G0,w203,ALL,S1,latency_only,pooled_counts,0,125,0,0,0,125,125,0,0,,0,0,zero denominator,,0,0,zero denominator,0.0,0,125,,0.0,0,125,,1.0,125,125,,0.0,0,125,,1.0,125,125,,0.0,0,125,,0.0,0,125,,0.0,0.0,0.0,,present,,,,,,,,,,,,,,,,,,,,
G0,w203,ALL,S1,latency_only,equal_candidate_equal_workload_macro,,,,,,,,,,,,,all denominators zero,,,,all denominators zero,0.0,,,,0.0,,,,1.0,,,,0.0,,,,1.0,,,,0.0,,,,0.0,,,,0.0,0.0,0.0,,,0,0,0,0,1,5,1,5,1,5,1,5,1,5,1,5,1,5,1,5
G0,w203,-2,S1,near_boundary,candidate_raw_counts,0,0,0,0,0,0,0,0,0,,0,0,zero denominator,,0,0,zero denominator,,0,0,zero denominator,,0,0,zero denominator,,0,0,zero denominator,,0,0,zero denominator,,0,0,zero denominator,,0,0,zero denominator,,0,0,zero denominator,,,,no both-attainment-defined points,absent,,,,,,,,,,,,,,,,,,,,
G0,w203,-1,S1,near_boundary,candidate_raw_counts,0,0,0,0,0,0,0,0,0,,0,0,zero denominator,,0,0,zero denominator,,0,0,zero denominator,,0,0,zero denominator,,0,0,zero denominator,,0,0,zero denominator,,0,0,zero denominator,,0,0,zero denominator,,0,0,zero denominator,,,,no both-attainment-defined points,absent,,,,,,,,,,,,,,,,,,,,
G0,w203,0,S1,near_boundary,candidate_raw_counts,0,0,0,0,0,0,0,0,0,,0,0,zero denominator,,0,0,zero denominator,,0,0,zero denominator,,0,0,zero denominator,,0,0,zero denominator,,0,0,zero denominator,,0,0,zero denominator,,0,0,zero denominator,,0,0,zero denominator,,,,no both-attainment-defined points,absent,,,,,,,,,,,,,,,,,,,,
G0,w203,1,S1,near_boundary,candidate_raw_counts,0,0,0,0,0,0,0,0,0,,0,0,zero denominator,,0,0,zero denominator,,0,0,zero denominator,,0,0,zero denominator,,0,0,zero denominator,,0,0,zero denominator,,0,0,zero denominator,,0,0,zero denominator,,0,0,zero denominator,,,,no both-attainment-defined points,absent,,,,,,,,,,,,,,,,,,,,
G0,w203,2,S1,near_boundary,candidate_raw_counts,0,0,0,0,0,0,0,0,0,,0,0,zero denominator,,0,0,zero denominator,,0,0,zero denominator,,0,0,zero denominator,,0,0,zero denominator,,0,0,zero denominator,,0,0,zero denominator,,0,0,zero denominator,,0,0,zero denominator,,,,no both-attainment-defined points,absent,,,,,,,,,,,,,,,,,,,,
G0,w203,ALL,S1,near_boundary,pooled_counts,0,0,0,0,0,0,0,0,0,,0,0,zero denominator,,0,0,zero denominator,,0,0,zero denominator,,0,0,zero denominator,,0,0,zero denominator,,0,0,zero denominator,,0,0,zero denominator,,0,0,zero denominator,,0,0,zero denominator,,,,no both-attainment-defined points,absent,,,,,,,,,,,,,,,,,,,,
G0,w203,ALL,S1,near_boundary,equal_candidate_equal_workload_macro,,,,,,,,,,,,,all denominators zero,,,,all denominators zero,,,,all denominators zero,,,,all denominators zero,,,,all denominators zero,,,,all denominators zero,,,,all denominators zero,,,,all denominators zero,,,,all denominators zero,,,,empty applicable subset,,0,0,0,0,0,0,0,0,0,0,0,0,0,0,0,0,0,0,0,0
G0,w203,-2,S2,service,candidate_raw_counts,0,25,0,0,0,25,25,0,0,,0,0,zero denominator,,0,0,zero denominator,0.0,0,25,,0.0,0,25,,1.0,25,25,,0.0,0,25,,1.0,25,25,,0.0,0,25,,0.0,0,25,,-0.04,0.04,0.2,,present,,,,,,,,,,,,,,,,,,,,
G0,w203,-1,S2,service,candidate_raw_counts,0,25,0,0,0,25,25,0,0,,0,0,zero denominator,,0,0,zero denominator,0.0,0,25,,0.0,0,25,,1.0,25,25,,0.0,0,25,,1.0,25,25,,0.0,0,25,,0.0,0,25,,-0.04,0.04,0.2,,present,,,,,,,,,,,,,,,,,,,,
G0,w203,0,S2,service,candidate_raw_counts,0,25,0,0,0,25,25,0,0,,0,0,zero denominator,,0,0,zero denominator,0.0,0,25,,0.0,0,25,,1.0,25,25,,0.0,0,25,,1.0,25,25,,0.0,0,25,,0.0,0,25,,-0.04,0.04,0.2,,present,,,,,,,,,,,,,,,,,,,,
G0,w203,1,S2,service,candidate_raw_counts,0,25,0,0,0,25,25,0,0,,0,0,zero denominator,,0,0,zero denominator,0.0,0,25,,0.0,0,25,,1.0,25,25,,0.0,0,25,,1.0,25,25,,0.0,0,25,,0.0,0,25,,-0.04,0.04,0.2,,present,,,,,,,,,,,,,,,,,,,,
G0,w203,2,S2,service,candidate_raw_counts,0,25,0,0,0,25,25,0,0,,0,0,zero denominator,,0,0,zero denominator,0.0,0,25,,0.0,0,25,,1.0,25,25,,0.0,0,25,,1.0,25,25,,0.0,0,25,,0.0,0,25,,-0.04,0.04,0.2,,present,,,,,,,,,,,,,,,,,,,,
G0,w203,ALL,S2,service,pooled_counts,0,125,0,0,0,125,125,0,0,,0,0,zero denominator,,0,0,zero denominator,0.0,0,125,,0.0,0,125,,1.0,125,125,,0.0,0,125,,1.0,125,125,,0.0,0,125,,0.0,0,125,,-0.04,0.04,0.2,,present,,,,,,,,,,,,,,,,,,,,
G0,w203,ALL,S2,service,equal_candidate_equal_workload_macro,,,,,,,,,,,,,all denominators zero,,,,all denominators zero,0.0,,,,0.0,,,,1.0,,,,0.0,,,,1.0,,,,0.0,,,,0.0,,,,-0.04,0.04,0.2,,,0,0,0,0,1,5,1,5,1,5,1,5,1,5,1,5,1,5,1,5
G0,w203,-2,S2,latency_only,candidate_raw_counts,0,25,0,0,0,25,25,0,0,,0,0,zero denominator,,0,0,zero denominator,0.0,0,25,,0.0,0,25,,1.0,25,25,,0.0,0,25,,1.0,25,25,,0.0,0,25,,0.0,0,25,,-0.04,0.04,0.2,,present,,,,,,,,,,,,,,,,,,,,
G0,w203,-1,S2,latency_only,candidate_raw_counts,0,25,0,0,0,25,25,0,0,,0,0,zero denominator,,0,0,zero denominator,0.0,0,25,,0.0,0,25,,1.0,25,25,,0.0,0,25,,1.0,25,25,,0.0,0,25,,0.0,0,25,,-0.04,0.04,0.2,,present,,,,,,,,,,,,,,,,,,,,
G0,w203,0,S2,latency_only,candidate_raw_counts,0,25,0,0,0,25,25,0,0,,0,0,zero denominator,,0,0,zero denominator,0.0,0,25,,0.0,0,25,,1.0,25,25,,0.0,0,25,,1.0,25,25,,0.0,0,25,,0.0,0,25,,-0.04,0.04,0.2,,present,,,,,,,,,,,,,,,,,,,,
G0,w203,1,S2,latency_only,candidate_raw_counts,0,25,0,0,0,25,25,0,0,,0,0,zero denominator,,0,0,zero denominator,0.0,0,25,,0.0,0,25,,1.0,25,25,,0.0,0,25,,1.0,25,25,,0.0,0,25,,0.0,0,25,,-0.04,0.04,0.2,,present,,,,,,,,,,,,,,,,,,,,
G0,w203,2,S2,latency_only,candidate_raw_counts,0,25,0,0,0,25,25,0,0,,0,0,zero denominator,,0,0,zero denominator,0.0,0,25,,0.0,0,25,,1.0,25,25,,0.0,0,25,,1.0,25,25,,0.0,0,25,,0.0,0,25,,-0.04,0.04,0.2,,present,,,,,,,,,,,,,,,,,,,,
G0,w203,ALL,S2,latency_only,pooled_counts,0,125,0,0,0,125,125,0,0,,0,0,zero denominator,,0,0,zero denominator,0.0,0,125,,0.0,0,125,,1.0,125,125,,0.0,0,125,,1.0,125,125,,0.0,0,125,,0.0,0,125,,-0.04,0.04,0.2,,present,,,,,,,,,,,,,,,,,,,,
G0,w203,ALL,S2,latency_only,equal_candidate_equal_workload_macro,,,,,,,,,,,,,all denominators zero,,,,all denominators zero,0.0,,,,0.0,,,,1.0,,,,0.0,,,,1.0,,,,0.0,,,,0.0,,,,-0.04,0.04,0.2,,,0,0,0,0,1,5,1,5,1,5,1,5,1,5,1,5,1,5,1,5
G0,w203,-2,S2,near_boundary,candidate_raw_counts,0,0,0,0,0,0,0,0,0,,0,0,zero denominator,,0,0,zero denominator,,0,0,zero denominator,,0,0,zero denominator,,0,0,zero denominator,,0,0,zero denominator,,0,0,zero denominator,,0,0,zero denominator,,0,0,zero denominator,,,,no both-attainment-defined points,absent,,,,,,,,,,,,,,,,,,,,
G0,w203,-1,S2,near_boundary,candidate_raw_counts,0,0,0,0,0,0,0,0,0,,0,0,zero denominator,,0,0,zero denominator,,0,0,zero denominator,,0,0,zero denominator,,0,0,zero denominator,,0,0,zero denominator,,0,0,zero denominator,,0,0,zero denominator,,0,0,zero denominator,,,,no both-attainment-defined points,absent,,,,,,,,,,,,,,,,,,,,
G0,w203,0,S2,near_boundary,candidate_raw_counts,0,0,0,0,0,0,0,0,0,,0,0,zero denominator,,0,0,zero denominator,,0,0,zero denominator,,0,0,zero denominator,,0,0,zero denominator,,0,0,zero denominator,,0,0,zero denominator,,0,0,zero denominator,,0,0,zero denominator,,,,no both-attainment-defined points,absent,,,,,,,,,,,,,,,,,,,,
G0,w203,1,S2,near_boundary,candidate_raw_counts,0,0,0,0,0,0,0,0,0,,0,0,zero denominator,,0,0,zero denominator,,0,0,zero denominator,,0,0,zero denominator,,0,0,zero denominator,,0,0,zero denominator,,0,0,zero denominator,,0,0,zero denominator,,0,0,zero denominator,,,,no both-attainment-defined points,absent,,,,,,,,,,,,,,,,,,,,
G0,w203,2,S2,near_boundary,candidate_raw_counts,0,0,0,0,0,0,0,0,0,,0,0,zero denominator,,0,0,zero denominator,,0,0,zero denominator,,0,0,zero denominator,,0,0,zero denominator,,0,0,zero denominator,,0,0,zero denominator,,0,0,zero denominator,,0,0,zero denominator,,,,no both-attainment-defined points,absent,,,,,,,,,,,,,,,,,,,,
G0,w203,ALL,S2,near_boundary,pooled_counts,0,0,0,0,0,0,0,0,0,,0,0,zero denominator,,0,0,zero denominator,,0,0,zero denominator,,0,0,zero denominator,,0,0,zero denominator,,0,0,zero denominator,,0,0,zero denominator,,0,0,zero denominator,,0,0,zero denominator,,,,no both-attainment-defined points,absent,,,,,,,,,,,,,,,,,,,,
G0,w203,ALL,S2,near_boundary,equal_candidate_equal_workload_macro,,,,,,,,,,,,,all denominators zero,,,,all denominators zero,,,,all denominators zero,,,,all denominators zero,,,,all denominators zero,,,,all denominators zero,,,,all denominators zero,,,,all denominators zero,,,,all denominators zero,,,,empty applicable subset,,0,0,0,0,0,0,0,0,0,0,0,0,0,0,0,0,0,0,0,0
G0,w203,-2,S3,service,candidate_raw_counts,0,25,0,0,0,25,25,0,0,,0,0,zero denominator,,0,0,zero denominator,0.0,0,25,,0.0,0,25,,1.0,25,25,,0.0,0,25,,1.0,25,25,,0.0,0,25,,0.0,0,25,,0.0,0.0,0.0,,present,,,,,,,,,,,,,,,,,,,,
G0,w203,-1,S3,service,candidate_raw_counts,0,25,0,0,0,25,25,0,0,,0,0,zero denominator,,0,0,zero denominator,0.0,0,25,,0.0,0,25,,1.0,25,25,,0.0,0,25,,1.0,25,25,,0.0,0,25,,0.0,0,25,,0.0,0.0,0.0,,present,,,,,,,,,,,,,,,,,,,,
G0,w203,0,S3,service,candidate_raw_counts,0,25,0,0,0,25,25,0,0,,0,0,zero denominator,,0,0,zero denominator,0.0,0,25,,0.0,0,25,,1.0,25,25,,0.0,0,25,,1.0,25,25,,0.0,0,25,,0.0,0,25,,0.0,0.0,0.0,,present,,,,,,,,,,,,,,,,,,,,
G0,w203,1,S3,service,candidate_raw_counts,0,25,0,0,0,25,25,0,0,,0,0,zero denominator,,0,0,zero denominator,0.0,0,25,,0.0,0,25,,1.0,25,25,,0.0,0,25,,1.0,25,25,,0.0,0,25,,0.0,0,25,,0.0,0.0,0.0,,present,,,,,,,,,,,,,,,,,,,,
G0,w203,2,S3,service,candidate_raw_counts,0,25,0,0,0,25,25,0,0,,0,0,zero denominator,,0,0,zero denominator,0.0,0,25,,0.0,0,25,,1.0,25,25,,0.0,0,25,,1.0,25,25,,0.0,0,25,,0.0,0,25,,0.0,0.0,0.0,,present,,,,,,,,,,,,,,,,,,,,
G0,w203,ALL,S3,service,pooled_counts,0,125,0,0,0,125,125,0,0,,0,0,zero denominator,,0,0,zero denominator,0.0,0,125,,0.0,0,125,,1.0,125,125,,0.0,0,125,,1.0,125,125,,0.0,0,125,,0.0,0,125,,0.0,0.0,0.0,,present,,,,,,,,,,,,,,,,,,,,
G0,w203,ALL,S3,service,equal_candidate_equal_workload_macro,,,,,,,,,,,,,all denominators zero,,,,all denominators zero,0.0,,,,0.0,,,,1.0,,,,0.0,,,,1.0,,,,0.0,,,,0.0,,,,0.0,0.0,0.0,,,0,0,0,0,1,5,1,5,1,5,1,5,1,5,1,5,1,5,1,5
G0,w203,-2,S3,latency_only,candidate_raw_counts,0,25,0,0,0,25,25,0,0,,0,0,zero denominator,,0,0,zero denominator,0.0,0,25,,0.0,0,25,,1.0,25,25,,0.0,0,25,,1.0,25,25,,0.0,0,25,,0.0,0,25,,0.0,0.0,0.0,,present,,,,,,,,,,,,,,,,,,,,
G0,w203,-1,S3,latency_only,candidate_raw_counts,0,25,0,0,0,25,25,0,0,,0,0,zero denominator,,0,0,zero denominator,0.0,0,25,,0.0,0,25,,1.0,25,25,,0.0,0,25,,1.0,25,25,,0.0,0,25,,0.0,0,25,,0.0,0.0,0.0,,present,,,,,,,,,,,,,,,,,,,,
G0,w203,0,S3,latency_only,candidate_raw_counts,0,25,0,0,0,25,25,0,0,,0,0,zero denominator,,0,0,zero denominator,0.0,0,25,,0.0,0,25,,1.0,25,25,,0.0,0,25,,1.0,25,25,,0.0,0,25,,0.0,0,25,,0.0,0.0,0.0,,present,,,,,,,,,,,,,,,,,,,,
G0,w203,1,S3,latency_only,candidate_raw_counts,0,25,0,0,0,25,25,0,0,,0,0,zero denominator,,0,0,zero denominator,0.0,0,25,,0.0,0,25,,1.0,25,25,,0.0,0,25,,1.0,25,25,,0.0,0,25,,0.0,0,25,,0.0,0.0,0.0,,present,,,,,,,,,,,,,,,,,,,,
G0,w203,2,S3,latency_only,candidate_raw_counts,0,25,0,0,0,25,25,0,0,,0,0,zero denominator,,0,0,zero denominator,0.0,0,25,,0.0,0,25,,1.0,25,25,,0.0,0,25,,1.0,25,25,,0.0,0,25,,0.0,0,25,,0.0,0.0,0.0,,present,,,,,,,,,,,,,,,,,,,,
G0,w203,ALL,S3,latency_only,pooled_counts,0,125,0,0,0,125,125,0,0,,0,0,zero denominator,,0,0,zero denominator,0.0,0,125,,0.0,0,125,,1.0,125,125,,0.0,0,125,,1.0,125,125,,0.0,0,125,,0.0,0,125,,0.0,0.0,0.0,,present,,,,,,,,,,,,,,,,,,,,
G0,w203,ALL,S3,latency_only,equal_candidate_equal_workload_macro,,,,,,,,,,,,,all denominators zero,,,,all denominators zero,0.0,,,,0.0,,,,1.0,,,,0.0,,,,1.0,,,,0.0,,,,0.0,,,,0.0,0.0,0.0,,,0,0,0,0,1,5,1,5,1,5,1,5,1,5,1,5,1,5,1,5
G0,w203,-2,S3,near_boundary,candidate_raw_counts,0,0,0,0,0,0,0,0,0,,0,0,zero denominator,,0,0,zero denominator,,0,0,zero denominator,,0,0,zero denominator,,0,0,zero denominator,,0,0,zero denominator,,0,0,zero denominator,,0,0,zero denominator,,0,0,zero denominator,,,,no both-attainment-defined points,absent,,,,,,,,,,,,,,,,,,,,
G0,w203,-1,S3,near_boundary,candidate_raw_counts,0,0,0,0,0,0,0,0,0,,0,0,zero denominator,,0,0,zero denominator,,0,0,zero denominator,,0,0,zero denominator,,0,0,zero denominator,,0,0,zero denominator,,0,0,zero denominator,,0,0,zero denominator,,0,0,zero denominator,,,,no both-attainment-defined points,absent,,,,,,,,,,,,,,,,,,,,
G0,w203,0,S3,near_boundary,candidate_raw_counts,0,0,0,0,0,0,0,0,0,,0,0,zero denominator,,0,0,zero denominator,,0,0,zero denominator,,0,0,zero denominator,,0,0,zero denominator,,0,0,zero denominator,,0,0,zero denominator,,0,0,zero denominator,,0,0,zero denominator,,,,no both-attainment-defined points,absent,,,,,,,,,,,,,,,,,,,,
G0,w203,1,S3,near_boundary,candidate_raw_counts,0,0,0,0,0,0,0,0,0,,0,0,zero denominator,,0,0,zero denominator,,0,0,zero denominator,,0,0,zero denominator,,0,0,zero denominator,,0,0,zero denominator,,0,0,zero denominator,,0,0,zero denominator,,0,0,zero denominator,,,,no both-attainment-defined points,absent,,,,,,,,,,,,,,,,,,,,
G0,w203,2,S3,near_boundary,candidate_raw_counts,0,0,0,0,0,0,0,0,0,,0,0,zero denominator,,0,0,zero denominator,,0,0,zero denominator,,0,0,zero denominator,,0,0,zero denominator,,0,0,zero denominator,,0,0,zero denominator,,0,0,zero denominator,,0,0,zero denominator,,,,no both-attainment-defined points,absent,,,,,,,,,,,,,,,,,,,,
G0,w203,ALL,S3,near_boundary,pooled_counts,0,0,0,0,0,0,0,0,0,,0,0,zero denominator,,0,0,zero denominator,,0,0,zero denominator,,0,0,zero denominator,,0,0,zero denominator,,0,0,zero denominator,,0,0,zero denominator,,0,0,zero denominator,,0,0,zero denominator,,,,no both-attainment-defined points,absent,,,,,,,,,,,,,,,,,,,,
G0,w203,ALL,S3,near_boundary,equal_candidate_equal_workload_macro,,,,,,,,,,,,,all denominators zero,,,,all denominators zero,,,,all denominators zero,,,,all denominators zero,,,,all denominators zero,,,,all denominators zero,,,,all denominators zero,,,,all denominators zero,,,,all denominators zero,,,,empty applicable subset,,0,0,0,0,0,0,0,0,0,0,0,0,0,0,0,0,0,0,0,0
G0,w203,-2,S4,service,candidate_raw_counts,11,3,0,11,0,25,25,11,0,0.0,0,11,,0.5,11,22,,0.0,0,3,,0.44,11,25,,1.0,25,25,,0.44,11,25,,0.12,3,25,,0.0,0,25,,0.44,11,25,,-0.44,0.44,1.0,,present,,,,,,,,,,,,,,,,,,,,
G0,w203,-1,S4,service,candidate_raw_counts,11,3,0,11,0,25,25,11,0,0.0,0,11,,0.5,11,22,,0.0,0,3,,0.44,11,25,,1.0,25,25,,0.44,11,25,,0.12,3,25,,0.0,0,25,,0.44,11,25,,-0.456,0.456,1.0,,present,,,,,,,,,,,,,,,,,,,,
G0,w203,0,S4,service,candidate_raw_counts,11,3,0,11,0,25,25,11,0,0.0,0,11,,0.5,11,22,,0.0,0,3,,0.44,11,25,,1.0,25,25,,0.44,11,25,,0.12,3,25,,0.0,0,25,,0.44,11,25,,-0.456,0.456,1.0,,present,,,,,,,,,,,,,,,,,,,,
G0,w203,1,S4,service,candidate_raw_counts,10,3,0,12,0,25,25,10,0,0.0,0,10,,0.5454545454545454,12,22,,0.0,0,3,,0.4,10,25,,1.0,25,25,,0.4,10,25,,0.12,3,25,,0.0,0,25,,0.48,12,25,,-0.496,0.496,1.0,,present,,,,,,,,,,,,,,,,,,,,
G0,w203,2,S4,service,candidate_raw_counts,9,5,0,11,0,25,25,9,0,0.0,0,9,,0.55,11,20,,0.0,0,5,,0.36,9,25,,1.0,25,25,,0.36,9,25,,0.2,5,25,,0.0,0,25,,0.44,11,25,,-0.432,0.432,1.0,,present,,,,,,,,,,,,,,,,,,,,
G0,w203,ALL,S4,service,pooled_counts,52,17,0,56,0,125,125,52,0,0.0,0,52,,0.5185185185185185,56,108,,0.0,0,17,,0.416,52,125,,1.0,125,125,,0.416,52,125,,0.136,17,125,,0.0,0,125,,0.448,56,125,,-0.456,0.456,1.0,,present,,,,,,,,,,,,,,,,,,,,
G0,w203,ALL,S4,service,equal_candidate_equal_workload_macro,,,,,,,,,,0.0,,,,0.519090909090909,,,,0.0,,,,0.416,,,,1.0,,,,0.416,,,,0.136,,,,0.0,,,,0.448,,,,-0.456,0.456,1.0,,,1,5,1,5,1,5,1,5,1,5,1,5,1,5,1,5,1,5,1,5
G0,w203,-2,S4,latency_only,candidate_raw_counts,11,3,0,11,0,25,25,11,0,0.0,0,11,,0.5,11,22,,0.0,0,3,,0.44,11,25,,1.0,25,25,,0.44,11,25,,0.12,3,25,,0.0,0,25,,0.44,11,25,,-0.44,0.44,1.0,,present,,,,,,,,,,,,,,,,,,,,
G0,w203,-1,S4,latency_only,candidate_raw_counts,11,3,0,11,0,25,25,11,0,0.0,0,11,,0.5,11,22,,0.0,0,3,,0.44,11,25,,1.0,25,25,,0.44,11,25,,0.12,3,25,,0.0,0,25,,0.44,11,25,,-0.456,0.456,1.0,,present,,,,,,,,,,,,,,,,,,,,
G0,w203,0,S4,latency_only,candidate_raw_counts,11,3,0,11,0,25,25,11,0,0.0,0,11,,0.5,11,22,,0.0,0,3,,0.44,11,25,,1.0,25,25,,0.44,11,25,,0.12,3,25,,0.0,0,25,,0.44,11,25,,-0.456,0.456,1.0,,present,,,,,,,,,,,,,,,,,,,,
G0,w203,1,S4,latency_only,candidate_raw_counts,10,3,0,12,0,25,25,10,0,0.0,0,10,,0.5454545454545454,12,22,,0.0,0,3,,0.4,10,25,,1.0,25,25,,0.4,10,25,,0.12,3,25,,0.0,0,25,,0.48,12,25,,-0.496,0.496,1.0,,present,,,,,,,,,,,,,,,,,,,,
G0,w203,2,S4,latency_only,candidate_raw_counts,9,5,0,11,0,25,25,9,0,0.0,0,9,,0.55,11,20,,0.0,0,5,,0.36,9,25,,1.0,25,25,,0.36,9,25,,0.2,5,25,,0.0,0,25,,0.44,11,25,,-0.432,0.432,1.0,,present,,,,,,,,,,,,,,,,,,,,
G0,w203,ALL,S4,latency_only,pooled_counts,52,17,0,56,0,125,125,52,0,0.0,0,52,,0.5185185185185185,56,108,,0.0,0,17,,0.416,52,125,,1.0,125,125,,0.416,52,125,,0.136,17,125,,0.0,0,125,,0.448,56,125,,-0.456,0.456,1.0,,present,,,,,,,,,,,,,,,,,,,,
G0,w203,ALL,S4,latency_only,equal_candidate_equal_workload_macro,,,,,,,,,,0.0,,,,0.519090909090909,,,,0.0,,,,0.416,,,,1.0,,,,0.416,,,,0.136,,,,0.0,,,,0.448,,,,-0.456,0.456,1.0,,,1,5,1,5,1,5,1,5,1,5,1,5,1,5,1,5,1,5,1,5
G0,w203,-2,S4,near_boundary,candidate_raw_counts,11,3,0,11,0,25,25,11,0,0.0,0,11,,0.5,11,22,,0.0,0,3,,0.44,11,25,,1.0,25,25,,0.44,11,25,,0.12,3,25,,0.0,0,25,,0.44,11,25,,-0.44,0.44,1.0,,present,,,,,,,,,,,,,,,,,,,,
G0,w203,-1,S4,near_boundary,candidate_raw_counts,11,3,0,11,0,25,25,11,0,0.0,0,11,,0.5,11,22,,0.0,0,3,,0.44,11,25,,1.0,25,25,,0.44,11,25,,0.12,3,25,,0.0,0,25,,0.44,11,25,,-0.456,0.456,1.0,,present,,,,,,,,,,,,,,,,,,,,
G0,w203,0,S4,near_boundary,candidate_raw_counts,11,3,0,11,0,25,25,11,0,0.0,0,11,,0.5,11,22,,0.0,0,3,,0.44,11,25,,1.0,25,25,,0.44,11,25,,0.12,3,25,,0.0,0,25,,0.44,11,25,,-0.456,0.456,1.0,,present,,,,,,,,,,,,,,,,,,,,
G0,w203,1,S4,near_boundary,candidate_raw_counts,10,3,0,12,0,25,25,10,0,0.0,0,10,,0.5454545454545454,12,22,,0.0,0,3,,0.4,10,25,,1.0,25,25,,0.4,10,25,,0.12,3,25,,0.0,0,25,,0.48,12,25,,-0.496,0.496,1.0,,present,,,,,,,,,,,,,,,,,,,,
G0,w203,2,S4,near_boundary,candidate_raw_counts,9,2,0,11,0,22,22,9,0,0.0,0,9,,0.55,11,20,,0.0,0,2,,0.4090909090909091,9,22,,1.0,22,22,,0.4090909090909091,9,22,,0.09090909090909091,2,22,,0.0,0,22,,0.5,11,22,,-0.4909090909090909,0.4909090909090909,1.0,,present,,,,,,,,,,,,,,,,,,,,
G0,w203,ALL,S4,near_boundary,pooled_counts,52,14,0,56,0,122,122,52,0,0.0,0,52,,0.5185185185185185,56,108,,0.0,0,14,,0.4262295081967213,52,122,,1.0,122,122,,0.4262295081967213,52,122,,0.11475409836065574,14,122,,0.0,0,122,,0.45901639344262296,56,122,,-0.4672131147540984,0.4672131147540984,1.0,,present,,,,,,,,,,,,,,,,,,,,
G0,w203,ALL,S4,near_boundary,equal_candidate_equal_workload_macro,,,,,,,,,,0.0,,,,0.519090909090909,,,,0.0,,,,0.4258181818181818,,,,1.0,,,,0.4258181818181818,,,,0.11418181818181818,,,,0.0,,,,0.46,,,,-0.4677818181818182,0.4677818181818182,1.0,,,1,5,1,5,1,5,1,5,1,5,1,5,1,5,1,5,1,5,1,5
G0,w203,-2,S5,service,candidate_raw_counts,13,0,0,12,0,25,25,13,0,0.0,0,13,,0.48,12,25,,,0,0,zero denominator,0.52,13,25,,1.0,25,25,,0.52,13,25,,0.0,0,25,,0.0,0,25,,0.48,12,25,,-0.448,0.448,1.0,,present,,,,,,,,,,,,,,,,,,,,
G0,w203,-1,S5,service,candidate_raw_counts,13,0,0,12,0,25,25,13,0,0.0,0,13,,0.48,12,25,,,0,0,zero denominator,0.52,13,25,,1.0,25,25,,0.52,13,25,,0.0,0,25,,0.0,0,25,,0.48,12,25,,-0.448,0.448,1.0,,present,,,,,,,,,,,,,,,,,,,,
G0,w203,0,S5,service,candidate_raw_counts,13,0,0,12,0,25,25,13,0,0.0,0,13,,0.48,12,25,,,0,0,zero denominator,0.52,13,25,,1.0,25,25,,0.52,13,25,,0.0,0,25,,0.0,0,25,,0.48,12,25,,-0.448,0.448,1.0,,present,,,,,,,,,,,,,,,,,,,,
G0,w203,1,S5,service,candidate_raw_counts,13,0,0,12,0,25,25,13,0,0.0,0,13,,0.48,12,25,,,0,0,zero denominator,0.52,13,25,,1.0,25,25,,0.52,13,25,,0.0,0,25,,0.0,0,25,,0.48,12,25,,-0.448,0.448,1.0,,present,,,,,,,,,,,,,,,,,,,,
G0,w203,2,S5,service,candidate_raw_counts,13,0,0,12,0,25,25,13,0,0.0,0,13,,0.48,12,25,,,0,0,zero denominator,0.52,13,25,,1.0,25,25,,0.52,13,25,,0.0,0,25,,0.0,0,25,,0.48,12,25,,-0.448,0.448,1.0,,present,,,,,,,,,,,,,,,,,,,,
G0,w203,ALL,S5,service,pooled_counts,65,0,0,60,0,125,125,65,0,0.0,0,65,,0.48,60,125,,,0,0,zero denominator,0.52,65,125,,1.0,125,125,,0.52,65,125,,0.0,0,125,,0.0,0,125,,0.48,60,125,,-0.448,0.448,1.0,,present,,,,,,,,,,,,,,,,,,,,
G0,w203,ALL,S5,service,equal_candidate_equal_workload_macro,,,,,,,,,,0.0,,,,0.48,,,,,,,all denominators zero,0.52,,,,1.0,,,,0.52,,,,0.0,,,,0.0,,,,0.48,,,,-0.448,0.448,1.0,,,1,5,1,5,0,0,1,5,1,5,1,5,1,5,1,5,1,5,1,5
G0,w203,-2,S5,latency_only,candidate_raw_counts,13,0,0,12,0,25,25,13,0,0.0,0,13,,0.48,12,25,,,0,0,zero denominator,0.52,13,25,,1.0,25,25,,0.52,13,25,,0.0,0,25,,0.0,0,25,,0.48,12,25,,-0.448,0.448,1.0,,present,,,,,,,,,,,,,,,,,,,,
G0,w203,-1,S5,latency_only,candidate_raw_counts,13,0,0,12,0,25,25,13,0,0.0,0,13,,0.48,12,25,,,0,0,zero denominator,0.52,13,25,,1.0,25,25,,0.52,13,25,,0.0,0,25,,0.0,0,25,,0.48,12,25,,-0.448,0.448,1.0,,present,,,,,,,,,,,,,,,,,,,,
G0,w203,0,S5,latency_only,candidate_raw_counts,13,0,0,12,0,25,25,13,0,0.0,0,13,,0.48,12,25,,,0,0,zero denominator,0.52,13,25,,1.0,25,25,,0.52,13,25,,0.0,0,25,,0.0,0,25,,0.48,12,25,,-0.448,0.448,1.0,,present,,,,,,,,,,,,,,,,,,,,
G0,w203,1,S5,latency_only,candidate_raw_counts,13,0,0,12,0,25,25,13,0,0.0,0,13,,0.48,12,25,,,0,0,zero denominator,0.52,13,25,,1.0,25,25,,0.52,13,25,,0.0,0,25,,0.0,0,25,,0.48,12,25,,-0.448,0.448,1.0,,present,,,,,,,,,,,,,,,,,,,,
G0,w203,2,S5,latency_only,candidate_raw_counts,13,0,0,12,0,25,25,13,0,0.0,0,13,,0.48,12,25,,,0,0,zero denominator,0.52,13,25,,1.0,25,25,,0.52,13,25,,0.0,0,25,,0.0,0,25,,0.48,12,25,,-0.448,0.448,1.0,,present,,,,,,,,,,,,,,,,,,,,
G0,w203,ALL,S5,latency_only,pooled_counts,65,0,0,60,0,125,125,65,0,0.0,0,65,,0.48,60,125,,,0,0,zero denominator,0.52,65,125,,1.0,125,125,,0.52,65,125,,0.0,0,125,,0.0,0,125,,0.48,60,125,,-0.448,0.448,1.0,,present,,,,,,,,,,,,,,,,,,,,
G0,w203,ALL,S5,latency_only,equal_candidate_equal_workload_macro,,,,,,,,,,0.0,,,,0.48,,,,,,,all denominators zero,0.52,,,,1.0,,,,0.52,,,,0.0,,,,0.0,,,,0.48,,,,-0.448,0.448,1.0,,,1,5,1,5,0,0,1,5,1,5,1,5,1,5,1,5,1,5,1,5
G0,w203,-2,S5,near_boundary,candidate_raw_counts,13,0,0,12,0,25,25,13,0,0.0,0,13,,0.48,12,25,,,0,0,zero denominator,0.52,13,25,,1.0,25,25,,0.52,13,25,,0.0,0,25,,0.0,0,25,,0.48,12,25,,-0.448,0.448,1.0,,present,,,,,,,,,,,,,,,,,,,,
G0,w203,-1,S5,near_boundary,candidate_raw_counts,13,0,0,12,0,25,25,13,0,0.0,0,13,,0.48,12,25,,,0,0,zero denominator,0.52,13,25,,1.0,25,25,,0.52,13,25,,0.0,0,25,,0.0,0,25,,0.48,12,25,,-0.448,0.448,1.0,,present,,,,,,,,,,,,,,,,,,,,
G0,w203,0,S5,near_boundary,candidate_raw_counts,13,0,0,12,0,25,25,13,0,0.0,0,13,,0.48,12,25,,,0,0,zero denominator,0.52,13,25,,1.0,25,25,,0.52,13,25,,0.0,0,25,,0.0,0,25,,0.48,12,25,,-0.448,0.448,1.0,,present,,,,,,,,,,,,,,,,,,,,
G0,w203,1,S5,near_boundary,candidate_raw_counts,13,0,0,12,0,25,25,13,0,0.0,0,13,,0.48,12,25,,,0,0,zero denominator,0.52,13,25,,1.0,25,25,,0.52,13,25,,0.0,0,25,,0.0,0,25,,0.48,12,25,,-0.448,0.448,1.0,,present,,,,,,,,,,,,,,,,,,,,
G0,w203,2,S5,near_boundary,candidate_raw_counts,13,0,0,12,0,25,25,13,0,0.0,0,13,,0.48,12,25,,,0,0,zero denominator,0.52,13,25,,1.0,25,25,,0.52,13,25,,0.0,0,25,,0.0,0,25,,0.48,12,25,,-0.448,0.448,1.0,,present,,,,,,,,,,,,,,,,,,,,
G0,w203,ALL,S5,near_boundary,pooled_counts,65,0,0,60,0,125,125,65,0,0.0,0,65,,0.48,60,125,,,0,0,zero denominator,0.52,65,125,,1.0,125,125,,0.52,65,125,,0.0,0,125,,0.0,0,125,,0.48,60,125,,-0.448,0.448,1.0,,present,,,,,,,,,,,,,,,,,,,,
G0,w203,ALL,S5,near_boundary,equal_candidate_equal_workload_macro,,,,,,,,,,0.0,,,,0.48,,,,,,,all denominators zero,0.52,,,,1.0,,,,0.52,,,,0.0,,,,0.0,,,,0.48,,,,-0.448,0.448,1.0,,,1,5,1,5,0,0,1,5,1,5,1,5,1,5,1,5,1,5,1,5
G0,w203,-2,S6,service,candidate_raw_counts,13,0,0,12,0,25,25,13,0,0.0,0,13,,0.48,12,25,,,0,0,zero denominator,0.52,13,25,,1.0,25,25,,0.52,13,25,,0.0,0,25,,0.0,0,25,,0.48,12,25,,-0.448,0.448,1.0,,present,,,,,,,,,,,,,,,,,,,,
G0,w203,-1,S6,service,candidate_raw_counts,13,0,0,12,0,25,25,13,0,0.0,0,13,,0.48,12,25,,,0,0,zero denominator,0.52,13,25,,1.0,25,25,,0.52,13,25,,0.0,0,25,,0.0,0,25,,0.48,12,25,,-0.448,0.448,1.0,,present,,,,,,,,,,,,,,,,,,,,
G0,w203,0,S6,service,candidate_raw_counts,13,0,0,12,0,25,25,13,0,0.0,0,13,,0.48,12,25,,,0,0,zero denominator,0.52,13,25,,1.0,25,25,,0.52,13,25,,0.0,0,25,,0.0,0,25,,0.48,12,25,,-0.448,0.448,1.0,,present,,,,,,,,,,,,,,,,,,,,
G0,w203,1,S6,service,candidate_raw_counts,13,0,0,12,0,25,25,13,0,0.0,0,13,,0.48,12,25,,,0,0,zero denominator,0.52,13,25,,1.0,25,25,,0.52,13,25,,0.0,0,25,,0.0,0,25,,0.48,12,25,,-0.448,0.448,1.0,,present,,,,,,,,,,,,,,,,,,,,
G0,w203,2,S6,service,candidate_raw_counts,13,0,0,12,0,25,25,13,0,0.0,0,13,,0.48,12,25,,,0,0,zero denominator,0.52,13,25,,1.0,25,25,,0.52,13,25,,0.0,0,25,,0.0,0,25,,0.48,12,25,,-0.448,0.448,1.0,,present,,,,,,,,,,,,,,,,,,,,
G0,w203,ALL,S6,service,pooled_counts,65,0,0,60,0,125,125,65,0,0.0,0,65,,0.48,60,125,,,0,0,zero denominator,0.52,65,125,,1.0,125,125,,0.52,65,125,,0.0,0,125,,0.0,0,125,,0.48,60,125,,-0.448,0.448,1.0,,present,,,,,,,,,,,,,,,,,,,,
G0,w203,ALL,S6,service,equal_candidate_equal_workload_macro,,,,,,,,,,0.0,,,,0.48,,,,,,,all denominators zero,0.52,,,,1.0,,,,0.52,,,,0.0,,,,0.0,,,,0.48,,,,-0.448,0.448,1.0,,,1,5,1,5,0,0,1,5,1,5,1,5,1,5,1,5,1,5,1,5
G0,w203,-2,S6,latency_only,candidate_raw_counts,13,0,0,12,0,25,25,13,0,0.0,0,13,,0.48,12,25,,,0,0,zero denominator,0.52,13,25,,1.0,25,25,,0.52,13,25,,0.0,0,25,,0.0,0,25,,0.48,12,25,,-0.448,0.448,1.0,,present,,,,,,,,,,,,,,,,,,,,
G0,w203,-1,S6,latency_only,candidate_raw_counts,13,0,0,12,0,25,25,13,0,0.0,0,13,,0.48,12,25,,,0,0,zero denominator,0.52,13,25,,1.0,25,25,,0.52,13,25,,0.0,0,25,,0.0,0,25,,0.48,12,25,,-0.448,0.448,1.0,,present,,,,,,,,,,,,,,,,,,,,
G0,w203,0,S6,latency_only,candidate_raw_counts,13,0,0,12,0,25,25,13,0,0.0,0,13,,0.48,12,25,,,0,0,zero denominator,0.52,13,25,,1.0,25,25,,0.52,13,25,,0.0,0,25,,0.0,0,25,,0.48,12,25,,-0.448,0.448,1.0,,present,,,,,,,,,,,,,,,,,,,,
G0,w203,1,S6,latency_only,candidate_raw_counts,13,0,0,12,0,25,25,13,0,0.0,0,13,,0.48,12,25,,,0,0,zero denominator,0.52,13,25,,1.0,25,25,,0.52,13,25,,0.0,0,25,,0.0,0,25,,0.48,12,25,,-0.448,0.448,1.0,,present,,,,,,,,,,,,,,,,,,,,
G0,w203,2,S6,latency_only,candidate_raw_counts,13,0,0,12,0,25,25,13,0,0.0,0,13,,0.48,12,25,,,0,0,zero denominator,0.52,13,25,,1.0,25,25,,0.52,13,25,,0.0,0,25,,0.0,0,25,,0.48,12,25,,-0.448,0.448,1.0,,present,,,,,,,,,,,,,,,,,,,,
G0,w203,ALL,S6,latency_only,pooled_counts,65,0,0,60,0,125,125,65,0,0.0,0,65,,0.48,60,125,,,0,0,zero denominator,0.52,65,125,,1.0,125,125,,0.52,65,125,,0.0,0,125,,0.0,0,125,,0.48,60,125,,-0.448,0.448,1.0,,present,,,,,,,,,,,,,,,,,,,,
G0,w203,ALL,S6,latency_only,equal_candidate_equal_workload_macro,,,,,,,,,,0.0,,,,0.48,,,,,,,all denominators zero,0.52,,,,1.0,,,,0.52,,,,0.0,,,,0.0,,,,0.48,,,,-0.448,0.448,1.0,,,1,5,1,5,0,0,1,5,1,5,1,5,1,5,1,5,1,5,1,5
G0,w203,-2,S6,near_boundary,candidate_raw_counts,13,0,0,12,0,25,25,13,0,0.0,0,13,,0.48,12,25,,,0,0,zero denominator,0.52,13,25,,1.0,25,25,,0.52,13,25,,0.0,0,25,,0.0,0,25,,0.48,12,25,,-0.448,0.448,1.0,,present,,,,,,,,,,,,,,,,,,,,
G0,w203,-1,S6,near_boundary,candidate_raw_counts,13,0,0,12,0,25,25,13,0,0.0,0,13,,0.48,12,25,,,0,0,zero denominator,0.52,13,25,,1.0,25,25,,0.52,13,25,,0.0,0,25,,0.0,0,25,,0.48,12,25,,-0.448,0.448,1.0,,present,,,,,,,,,,,,,,,,,,,,
G0,w203,0,S6,near_boundary,candidate_raw_counts,13,0,0,12,0,25,25,13,0,0.0,0,13,,0.48,12,25,,,0,0,zero denominator,0.52,13,25,,1.0,25,25,,0.52,13,25,,0.0,0,25,,0.0,0,25,,0.48,12,25,,-0.448,0.448,1.0,,present,,,,,,,,,,,,,,,,,,,,
G0,w203,1,S6,near_boundary,candidate_raw_counts,13,0,0,12,0,25,25,13,0,0.0,0,13,,0.48,12,25,,,0,0,zero denominator,0.52,13,25,,1.0,25,25,,0.52,13,25,,0.0,0,25,,0.0,0,25,,0.48,12,25,,-0.448,0.448,1.0,,present,,,,,,,,,,,,,,,,,,,,
G0,w203,2,S6,near_boundary,candidate_raw_counts,13,0,0,12,0,25,25,13,0,0.0,0,13,,0.48,12,25,,,0,0,zero denominator,0.52,13,25,,1.0,25,25,,0.52,13,25,,0.0,0,25,,0.0,0,25,,0.48,12,25,,-0.448,0.448,1.0,,present,,,,,,,,,,,,,,,,,,,,
G0,w203,ALL,S6,near_boundary,pooled_counts,65,0,0,60,0,125,125,65,0,0.0,0,65,,0.48,60,125,,,0,0,zero denominator,0.52,65,125,,1.0,125,125,,0.52,65,125,,0.0,0,125,,0.0,0,125,,0.48,60,125,,-0.448,0.448,1.0,,present,,,,,,,,,,,,,,,,,,,,
G0,w203,ALL,S6,near_boundary,equal_candidate_equal_workload_macro,,,,,,,,,,0.0,,,,0.48,,,,,,,all denominators zero,0.52,,,,1.0,,,,0.52,,,,0.0,,,,0.0,,,,0.48,,,,-0.448,0.448,1.0,,,1,5,1,5,0,0,1,5,1,5,1,5,1,5,1,5,1,5,1,5
G0,w204,-2,S1,service,candidate_raw_counts,0,16,0,0,9,25,16,0,0,,0,0,zero denominator,,0,0,zero denominator,0.0,0,16,,0.0,0,25,,0.64,16,25,,0.0,0,16,,1.0,16,16,,0.0,0,16,,0.0,0,16,,0.0,0.0,0.0,,present,,,,,,,,,,,,,,,,,,,,
G0,w204,-1,S1,service,candidate_raw_counts,0,16,0,0,9,25,16,0,0,,0,0,zero denominator,,0,0,zero denominator,0.0,0,16,,0.0,0,25,,0.64,16,25,,0.0,0,16,,1.0,16,16,,0.0,0,16,,0.0,0,16,,0.0,0.0,0.0,,present,,,,,,,,,,,,,,,,,,,,
G0,w204,0,S1,service,candidate_raw_counts,0,16,0,0,9,25,16,0,0,,0,0,zero denominator,,0,0,zero denominator,0.0,0,16,,0.0,0,25,,0.64,16,25,,0.0,0,16,,1.0,16,16,,0.0,0,16,,0.0,0,16,,0.0,0.0,0.0,,present,,,,,,,,,,,,,,,,,,,,
G0,w204,1,S1,service,candidate_raw_counts,0,16,0,0,9,25,16,0,0,,0,0,zero denominator,,0,0,zero denominator,0.0,0,16,,0.0,0,25,,0.64,16,25,,0.0,0,16,,1.0,16,16,,0.0,0,16,,0.0,0,16,,0.0,0.0,0.0,,present,,,,,,,,,,,,,,,,,,,,
G0,w204,2,S1,service,candidate_raw_counts,0,16,0,0,9,25,16,0,0,,0,0,zero denominator,,0,0,zero denominator,0.0,0,16,,0.0,0,25,,0.64,16,25,,0.0,0,16,,1.0,16,16,,0.0,0,16,,0.0,0,16,,0.0,0.0,0.0,,present,,,,,,,,,,,,,,,,,,,,
G0,w204,ALL,S1,service,pooled_counts,0,80,0,0,45,125,80,0,0,,0,0,zero denominator,,0,0,zero denominator,0.0,0,80,,0.0,0,125,,0.64,80,125,,0.0,0,80,,1.0,80,80,,0.0,0,80,,0.0,0,80,,0.0,0.0,0.0,,present,,,,,,,,,,,,,,,,,,,,
G0,w204,ALL,S1,service,equal_candidate_equal_workload_macro,,,,,,,,,,,,,all denominators zero,,,,all denominators zero,0.0,,,,0.0,,,,0.64,,,,0.0,,,,1.0,,,,0.0,,,,0.0,,,,0.0,0.0,0.0,,,0,0,0,0,1,5,1,5,1,5,1,5,1,5,1,5,1,5,1,5
G0,w204,-2,S1,latency_only,candidate_raw_counts,0,16,0,0,0,16,16,0,0,,0,0,zero denominator,,0,0,zero denominator,0.0,0,16,,0.0,0,16,,1.0,16,16,,0.0,0,16,,1.0,16,16,,0.0,0,16,,0.0,0,16,,0.0,0.0,0.0,,present,,,,,,,,,,,,,,,,,,,,
G0,w204,-1,S1,latency_only,candidate_raw_counts,0,16,0,0,0,16,16,0,0,,0,0,zero denominator,,0,0,zero denominator,0.0,0,16,,0.0,0,16,,1.0,16,16,,0.0,0,16,,1.0,16,16,,0.0,0,16,,0.0,0,16,,0.0,0.0,0.0,,present,,,,,,,,,,,,,,,,,,,,
G0,w204,0,S1,latency_only,candidate_raw_counts,0,16,0,0,0,16,16,0,0,,0,0,zero denominator,,0,0,zero denominator,0.0,0,16,,0.0,0,16,,1.0,16,16,,0.0,0,16,,1.0,16,16,,0.0,0,16,,0.0,0,16,,0.0,0.0,0.0,,present,,,,,,,,,,,,,,,,,,,,
G0,w204,1,S1,latency_only,candidate_raw_counts,0,16,0,0,0,16,16,0,0,,0,0,zero denominator,,0,0,zero denominator,0.0,0,16,,0.0,0,16,,1.0,16,16,,0.0,0,16,,1.0,16,16,,0.0,0,16,,0.0,0,16,,0.0,0.0,0.0,,present,,,,,,,,,,,,,,,,,,,,
G0,w204,2,S1,latency_only,candidate_raw_counts,0,16,0,0,0,16,16,0,0,,0,0,zero denominator,,0,0,zero denominator,0.0,0,16,,0.0,0,16,,1.0,16,16,,0.0,0,16,,1.0,16,16,,0.0,0,16,,0.0,0,16,,0.0,0.0,0.0,,present,,,,,,,,,,,,,,,,,,,,
G0,w204,ALL,S1,latency_only,pooled_counts,0,80,0,0,0,80,80,0,0,,0,0,zero denominator,,0,0,zero denominator,0.0,0,80,,0.0,0,80,,1.0,80,80,,0.0,0,80,,1.0,80,80,,0.0,0,80,,0.0,0,80,,0.0,0.0,0.0,,present,,,,,,,,,,,,,,,,,,,,
G0,w204,ALL,S1,latency_only,equal_candidate_equal_workload_macro,,,,,,,,,,,,,all denominators zero,,,,all denominators zero,0.0,,,,0.0,,,,1.0,,,,0.0,,,,1.0,,,,0.0,,,,0.0,,,,0.0,0.0,0.0,,,0,0,0,0,1,5,1,5,1,5,1,5,1,5,1,5,1,5,1,5
G0,w204,-2,S1,near_boundary,candidate_raw_counts,0,0,0,0,0,0,0,0,0,,0,0,zero denominator,,0,0,zero denominator,,0,0,zero denominator,,0,0,zero denominator,,0,0,zero denominator,,0,0,zero denominator,,0,0,zero denominator,,0,0,zero denominator,,0,0,zero denominator,,,,no both-attainment-defined points,absent,,,,,,,,,,,,,,,,,,,,
G0,w204,-1,S1,near_boundary,candidate_raw_counts,0,0,0,0,0,0,0,0,0,,0,0,zero denominator,,0,0,zero denominator,,0,0,zero denominator,,0,0,zero denominator,,0,0,zero denominator,,0,0,zero denominator,,0,0,zero denominator,,0,0,zero denominator,,0,0,zero denominator,,,,no both-attainment-defined points,absent,,,,,,,,,,,,,,,,,,,,
G0,w204,0,S1,near_boundary,candidate_raw_counts,0,0,0,0,0,0,0,0,0,,0,0,zero denominator,,0,0,zero denominator,,0,0,zero denominator,,0,0,zero denominator,,0,0,zero denominator,,0,0,zero denominator,,0,0,zero denominator,,0,0,zero denominator,,0,0,zero denominator,,,,no both-attainment-defined points,absent,,,,,,,,,,,,,,,,,,,,
G0,w204,1,S1,near_boundary,candidate_raw_counts,0,0,0,0,0,0,0,0,0,,0,0,zero denominator,,0,0,zero denominator,,0,0,zero denominator,,0,0,zero denominator,,0,0,zero denominator,,0,0,zero denominator,,0,0,zero denominator,,0,0,zero denominator,,0,0,zero denominator,,,,no both-attainment-defined points,absent,,,,,,,,,,,,,,,,,,,,
G0,w204,2,S1,near_boundary,candidate_raw_counts,0,0,0,0,0,0,0,0,0,,0,0,zero denominator,,0,0,zero denominator,,0,0,zero denominator,,0,0,zero denominator,,0,0,zero denominator,,0,0,zero denominator,,0,0,zero denominator,,0,0,zero denominator,,0,0,zero denominator,,,,no both-attainment-defined points,absent,,,,,,,,,,,,,,,,,,,,
G0,w204,ALL,S1,near_boundary,pooled_counts,0,0,0,0,0,0,0,0,0,,0,0,zero denominator,,0,0,zero denominator,,0,0,zero denominator,,0,0,zero denominator,,0,0,zero denominator,,0,0,zero denominator,,0,0,zero denominator,,0,0,zero denominator,,0,0,zero denominator,,,,no both-attainment-defined points,absent,,,,,,,,,,,,,,,,,,,,
G0,w204,ALL,S1,near_boundary,equal_candidate_equal_workload_macro,,,,,,,,,,,,,all denominators zero,,,,all denominators zero,,,,all denominators zero,,,,all denominators zero,,,,all denominators zero,,,,all denominators zero,,,,all denominators zero,,,,all denominators zero,,,,all denominators zero,,,,empty applicable subset,,0,0,0,0,0,0,0,0,0,0,0,0,0,0,0,0,0,0,0,0
G0,w204,-2,S2,service,candidate_raw_counts,0,16,0,0,9,25,16,0,0,,0,0,zero denominator,,0,0,zero denominator,0.0,0,16,,0.0,0,25,,0.64,16,25,,0.0,0,16,,1.0,16,16,,0.0,0,16,,0.0,0,16,,0.03551136363636367,0.04119318181818185,0.06818181818181818,,present,,,,,,,,,,,,,,,,,,,,
G0,w204,-1,S2,service,candidate_raw_counts,0,16,0,0,9,25,16,0,0,,0,0,zero denominator,,0,0,zero denominator,0.0,0,16,,0.0,0,25,,0.64,16,25,,0.0,0,16,,1.0,16,16,,0.0,0,16,,0.0,0,16,,0.035511363636363674,0.03835227272727276,0.09090909090909088,,present,,,,,,,,,,,,,,,,,,,,
G0,w204,0,S2,service,candidate_raw_counts,0,16,0,0,9,25,16,0,0,,0,0,zero denominator,,0,0,zero denominator,0.0,0,16,,0.0,0,25,,0.64,16,25,,0.0,0,16,,1.0,16,16,,0.0,0,16,,0.0,0,16,,0.03551136363636362,0.04119318181818181,0.13636363636363638,,present,,,,,,,,,,,,,,,,,,,,
G0,w204,1,S2,service,candidate_raw_counts,0,16,0,0,9,25,16,0,0,,0,0,zero denominator,,0,0,zero denominator,0.0,0,16,,0.0,0,25,,0.64,16,25,,0.0,0,16,,1.0,16,16,,0.0,0,16,,0.0,0,16,,0.031249999999999986,0.039772727272727265,0.13636363636363635,,present,,,,,,,,,,,,,,,,,,,,
G0,w204,2,S2,service,candidate_raw_counts,0,16,0,0,9,25,16,0,0,,0,0,zero denominator,,0,0,zero denominator,0.0,0,16,,0.0,0,25,,0.64,16,25,,0.0,0,16,,1.0,16,16,,0.0,0,16,,0.0,0,16,,0.04119318181818181,0.0440340909090909,0.1590909090909091,,present,,,,,,,,,,,,,,,,,,,,
G0,w204,ALL,S2,service,pooled_counts,0,80,0,0,45,125,80,0,0,,0,0,zero denominator,,0,0,zero denominator,0.0,0,80,,0.0,0,125,,0.64,80,125,,0.0,0,80,,1.0,80,80,,0.0,0,80,,0.0,0,80,,0.035795454545454554,0.040909090909090916,0.09090909090909091,,present,,,,,,,,,,,,,,,,,,,,
G0,w204,ALL,S2,service,equal_candidate_equal_workload_macro,,,,,,,,,,,,,all denominators zero,,,,all denominators zero,0.0,,,,0.0,,,,0.64,,,,0.0,,,,1.0,,,,0.0,,,,0.0,,,,0.035795454545454554,0.040909090909090916,0.09090909090909091,,,0,0,0,0,1,5,1,5,1,5,1,5,1,5,1,5,1,5,1,5
G0,w204,-2,S2,latency_only,candidate_raw_counts,0,16,0,0,0,16,16,0,0,,0,0,zero denominator,,0,0,zero denominator,0.0,0,16,,0.0,0,16,,1.0,16,16,,0.0,0,16,,1.0,16,16,,0.0,0,16,,0.0,0,16,,0.03551136363636367,0.04119318181818185,0.06818181818181818,,present,,,,,,,,,,,,,,,,,,,,
G0,w204,-1,S2,latency_only,candidate_raw_counts,0,16,0,0,0,16,16,0,0,,0,0,zero denominator,,0,0,zero denominator,0.0,0,16,,0.0,0,16,,1.0,16,16,,0.0,0,16,,1.0,16,16,,0.0,0,16,,0.0,0,16,,0.035511363636363674,0.03835227272727276,0.09090909090909088,,present,,,,,,,,,,,,,,,,,,,,
G0,w204,0,S2,latency_only,candidate_raw_counts,0,16,0,0,0,16,16,0,0,,0,0,zero denominator,,0,0,zero denominator,0.0,0,16,,0.0,0,16,,1.0,16,16,,0.0,0,16,,1.0,16,16,,0.0,0,16,,0.0,0,16,,0.03551136363636362,0.04119318181818181,0.13636363636363638,,present,,,,,,,,,,,,,,,,,,,,
G0,w204,1,S2,latency_only,candidate_raw_counts,0,16,0,0,0,16,16,0,0,,0,0,zero denominator,,0,0,zero denominator,0.0,0,16,,0.0,0,16,,1.0,16,16,,0.0,0,16,,1.0,16,16,,0.0,0,16,,0.0,0,16,,0.031249999999999986,0.039772727272727265,0.13636363636363635,,present,,,,,,,,,,,,,,,,,,,,
G0,w204,2,S2,latency_only,candidate_raw_counts,0,16,0,0,0,16,16,0,0,,0,0,zero denominator,,0,0,zero denominator,0.0,0,16,,0.0,0,16,,1.0,16,16,,0.0,0,16,,1.0,16,16,,0.0,0,16,,0.0,0,16,,0.04119318181818181,0.0440340909090909,0.1590909090909091,,present,,,,,,,,,,,,,,,,,,,,
G0,w204,ALL,S2,latency_only,pooled_counts,0,80,0,0,0,80,80,0,0,,0,0,zero denominator,,0,0,zero denominator,0.0,0,80,,0.0,0,80,,1.0,80,80,,0.0,0,80,,1.0,80,80,,0.0,0,80,,0.0,0,80,,0.035795454545454554,0.040909090909090916,0.09090909090909091,,present,,,,,,,,,,,,,,,,,,,,
G0,w204,ALL,S2,latency_only,equal_candidate_equal_workload_macro,,,,,,,,,,,,,all denominators zero,,,,all denominators zero,0.0,,,,0.0,,,,1.0,,,,0.0,,,,1.0,,,,0.0,,,,0.0,,,,0.035795454545454554,0.040909090909090916,0.09090909090909091,,,0,0,0,0,1,5,1,5,1,5,1,5,1,5,1,5,1,5,1,5
G0,w204,-2,S2,near_boundary,candidate_raw_counts,0,0,0,0,0,0,0,0,0,,0,0,zero denominator,,0,0,zero denominator,,0,0,zero denominator,,0,0,zero denominator,,0,0,zero denominator,,0,0,zero denominator,,0,0,zero denominator,,0,0,zero denominator,,0,0,zero denominator,,,,no both-attainment-defined points,absent,,,,,,,,,,,,,,,,,,,,
G0,w204,-1,S2,near_boundary,candidate_raw_counts,0,0,0,0,0,0,0,0,0,,0,0,zero denominator,,0,0,zero denominator,,0,0,zero denominator,,0,0,zero denominator,,0,0,zero denominator,,0,0,zero denominator,,0,0,zero denominator,,0,0,zero denominator,,0,0,zero denominator,,,,no both-attainment-defined points,absent,,,,,,,,,,,,,,,,,,,,
G0,w204,0,S2,near_boundary,candidate_raw_counts,0,0,0,0,0,0,0,0,0,,0,0,zero denominator,,0,0,zero denominator,,0,0,zero denominator,,0,0,zero denominator,,0,0,zero denominator,,0,0,zero denominator,,0,0,zero denominator,,0,0,zero denominator,,0,0,zero denominator,,,,no both-attainment-defined points,absent,,,,,,,,,,,,,,,,,,,,
G0,w204,1,S2,near_boundary,candidate_raw_counts,0,0,0,0,0,0,0,0,0,,0,0,zero denominator,,0,0,zero denominator,,0,0,zero denominator,,0,0,zero denominator,,0,0,zero denominator,,0,0,zero denominator,,0,0,zero denominator,,0,0,zero denominator,,0,0,zero denominator,,,,no both-attainment-defined points,absent,,,,,,,,,,,,,,,,,,,,
G0,w204,2,S2,near_boundary,candidate_raw_counts,0,0,0,0,0,0,0,0,0,,0,0,zero denominator,,0,0,zero denominator,,0,0,zero denominator,,0,0,zero denominator,,0,0,zero denominator,,0,0,zero denominator,,0,0,zero denominator,,0,0,zero denominator,,0,0,zero denominator,,,,no both-attainment-defined points,absent,,,,,,,,,,,,,,,,,,,,
G0,w204,ALL,S2,near_boundary,pooled_counts,0,0,0,0,0,0,0,0,0,,0,0,zero denominator,,0,0,zero denominator,,0,0,zero denominator,,0,0,zero denominator,,0,0,zero denominator,,0,0,zero denominator,,0,0,zero denominator,,0,0,zero denominator,,0,0,zero denominator,,,,no both-attainment-defined points,absent,,,,,,,,,,,,,,,,,,,,
G0,w204,ALL,S2,near_boundary,equal_candidate_equal_workload_macro,,,,,,,,,,,,,all denominators zero,,,,all denominators zero,,,,all denominators zero,,,,all denominators zero,,,,all denominators zero,,,,all denominators zero,,,,all denominators zero,,,,all denominators zero,,,,all denominators zero,,,,empty applicable subset,,0,0,0,0,0,0,0,0,0,0,0,0,0,0,0,0,0,0,0,0
G0,w204,-2,S3,service,candidate_raw_counts,0,16,0,0,9,25,16,0,0,,0,0,zero denominator,,0,0,zero denominator,0.0,0,16,,0.0,0,25,,0.64,16,25,,0.0,0,16,,1.0,16,16,,0.0,0,16,,0.0,0,16,,0.0,0.0,0.0,,present,,,,,,,,,,,,,,,,,,,,
G0,w204,-1,S3,service,candidate_raw_counts,0,16,0,0,9,25,16,0,0,,0,0,zero denominator,,0,0,zero denominator,0.0,0,16,,0.0,0,25,,0.64,16,25,,0.0,0,16,,1.0,16,16,,0.0,0,16,,0.0,0,16,,0.0,0.0,0.0,,present,,,,,,,,,,,,,,,,,,,,
G0,w204,0,S3,service,candidate_raw_counts,0,16,0,0,9,25,16,0,0,,0,0,zero denominator,,0,0,zero denominator,0.0,0,16,,0.0,0,25,,0.64,16,25,,0.0,0,16,,1.0,16,16,,0.0,0,16,,0.0,0,16,,0.0,0.0,0.0,,present,,,,,,,,,,,,,,,,,,,,
G0,w204,1,S3,service,candidate_raw_counts,0,16,0,0,9,25,16,0,0,,0,0,zero denominator,,0,0,zero denominator,0.0,0,16,,0.0,0,25,,0.64,16,25,,0.0,0,16,,1.0,16,16,,0.0,0,16,,0.0,0,16,,0.0,0.0,0.0,,present,,,,,,,,,,,,,,,,,,,,
G0,w204,2,S3,service,candidate_raw_counts,0,16,0,0,9,25,16,0,0,,0,0,zero denominator,,0,0,zero denominator,0.0,0,16,,0.0,0,25,,0.64,16,25,,0.0,0,16,,1.0,16,16,,0.0,0,16,,0.0,0,16,,0.0,0.0,0.0,,present,,,,,,,,,,,,,,,,,,,,
G0,w204,ALL,S3,service,pooled_counts,0,80,0,0,45,125,80,0,0,,0,0,zero denominator,,0,0,zero denominator,0.0,0,80,,0.0,0,125,,0.64,80,125,,0.0,0,80,,1.0,80,80,,0.0,0,80,,0.0,0,80,,0.0,0.0,0.0,,present,,,,,,,,,,,,,,,,,,,,
G0,w204,ALL,S3,service,equal_candidate_equal_workload_macro,,,,,,,,,,,,,all denominators zero,,,,all denominators zero,0.0,,,,0.0,,,,0.64,,,,0.0,,,,1.0,,,,0.0,,,,0.0,,,,0.0,0.0,0.0,,,0,0,0,0,1,5,1,5,1,5,1,5,1,5,1,5,1,5,1,5
G0,w204,-2,S3,latency_only,candidate_raw_counts,0,16,0,0,0,16,16,0,0,,0,0,zero denominator,,0,0,zero denominator,0.0,0,16,,0.0,0,16,,1.0,16,16,,0.0,0,16,,1.0,16,16,,0.0,0,16,,0.0,0,16,,0.0,0.0,0.0,,present,,,,,,,,,,,,,,,,,,,,
G0,w204,-1,S3,latency_only,candidate_raw_counts,0,16,0,0,0,16,16,0,0,,0,0,zero denominator,,0,0,zero denominator,0.0,0,16,,0.0,0,16,,1.0,16,16,,0.0,0,16,,1.0,16,16,,0.0,0,16,,0.0,0,16,,0.0,0.0,0.0,,present,,,,,,,,,,,,,,,,,,,,
G0,w204,0,S3,latency_only,candidate_raw_counts,0,16,0,0,0,16,16,0,0,,0,0,zero denominator,,0,0,zero denominator,0.0,0,16,,0.0,0,16,,1.0,16,16,,0.0,0,16,,1.0,16,16,,0.0,0,16,,0.0,0,16,,0.0,0.0,0.0,,present,,,,,,,,,,,,,,,,,,,,
G0,w204,1,S3,latency_only,candidate_raw_counts,0,16,0,0,0,16,16,0,0,,0,0,zero denominator,,0,0,zero denominator,0.0,0,16,,0.0,0,16,,1.0,16,16,,0.0,0,16,,1.0,16,16,,0.0,0,16,,0.0,0,16,,0.0,0.0,0.0,,present,,,,,,,,,,,,,,,,,,,,
G0,w204,2,S3,latency_only,candidate_raw_counts,0,16,0,0,0,16,16,0,0,,0,0,zero denominator,,0,0,zero denominator,0.0,0,16,,0.0,0,16,,1.0,16,16,,0.0,0,16,,1.0,16,16,,0.0,0,16,,0.0,0,16,,0.0,0.0,0.0,,present,,,,,,,,,,,,,,,,,,,,
G0,w204,ALL,S3,latency_only,pooled_counts,0,80,0,0,0,80,80,0,0,,0,0,zero denominator,,0,0,zero denominator,0.0,0,80,,0.0,0,80,,1.0,80,80,,0.0,0,80,,1.0,80,80,,0.0,0,80,,0.0,0,80,,0.0,0.0,0.0,,present,,,,,,,,,,,,,,,,,,,,
G0,w204,ALL,S3,latency_only,equal_candidate_equal_workload_macro,,,,,,,,,,,,,all denominators zero,,,,all denominators zero,0.0,,,,0.0,,,,1.0,,,,0.0,,,,1.0,,,,0.0,,,,0.0,,,,0.0,0.0,0.0,,,0,0,0,0,1,5,1,5,1,5,1,5,1,5,1,5,1,5,1,5
G0,w204,-2,S3,near_boundary,candidate_raw_counts,0,0,0,0,0,0,0,0,0,,0,0,zero denominator,,0,0,zero denominator,,0,0,zero denominator,,0,0,zero denominator,,0,0,zero denominator,,0,0,zero denominator,,0,0,zero denominator,,0,0,zero denominator,,0,0,zero denominator,,,,no both-attainment-defined points,absent,,,,,,,,,,,,,,,,,,,,
G0,w204,-1,S3,near_boundary,candidate_raw_counts,0,0,0,0,0,0,0,0,0,,0,0,zero denominator,,0,0,zero denominator,,0,0,zero denominator,,0,0,zero denominator,,0,0,zero denominator,,0,0,zero denominator,,0,0,zero denominator,,0,0,zero denominator,,0,0,zero denominator,,,,no both-attainment-defined points,absent,,,,,,,,,,,,,,,,,,,,
G0,w204,0,S3,near_boundary,candidate_raw_counts,0,0,0,0,0,0,0,0,0,,0,0,zero denominator,,0,0,zero denominator,,0,0,zero denominator,,0,0,zero denominator,,0,0,zero denominator,,0,0,zero denominator,,0,0,zero denominator,,0,0,zero denominator,,0,0,zero denominator,,,,no both-attainment-defined points,absent,,,,,,,,,,,,,,,,,,,,
G0,w204,1,S3,near_boundary,candidate_raw_counts,0,0,0,0,0,0,0,0,0,,0,0,zero denominator,,0,0,zero denominator,,0,0,zero denominator,,0,0,zero denominator,,0,0,zero denominator,,0,0,zero denominator,,0,0,zero denominator,,0,0,zero denominator,,0,0,zero denominator,,,,no both-attainment-defined points,absent,,,,,,,,,,,,,,,,,,,,
G0,w204,2,S3,near_boundary,candidate_raw_counts,0,0,0,0,0,0,0,0,0,,0,0,zero denominator,,0,0,zero denominator,,0,0,zero denominator,,0,0,zero denominator,,0,0,zero denominator,,0,0,zero denominator,,0,0,zero denominator,,0,0,zero denominator,,0,0,zero denominator,,,,no both-attainment-defined points,absent,,,,,,,,,,,,,,,,,,,,
G0,w204,ALL,S3,near_boundary,pooled_counts,0,0,0,0,0,0,0,0,0,,0,0,zero denominator,,0,0,zero denominator,,0,0,zero denominator,,0,0,zero denominator,,0,0,zero denominator,,0,0,zero denominator,,0,0,zero denominator,,0,0,zero denominator,,0,0,zero denominator,,,,no both-attainment-defined points,absent,,,,,,,,,,,,,,,,,,,,
G0,w204,ALL,S3,near_boundary,equal_candidate_equal_workload_macro,,,,,,,,,,,,,all denominators zero,,,,all denominators zero,,,,all denominators zero,,,,all denominators zero,,,,all denominators zero,,,,all denominators zero,,,,all denominators zero,,,,all denominators zero,,,,all denominators zero,,,,empty applicable subset,,0,0,0,0,0,0,0,0,0,0,0,0,0,0,0,0,0,0,0,0
G0,w204,-2,S4,service,candidate_raw_counts,9,7,0,0,9,25,16,9,0,0.0,0,9,,0.0,0,9,,0.0,0,7,,0.36,9,25,,0.64,16,25,,0.5625,9,16,,0.4375,7,16,,0.0,0,16,,0.0,0,16,,-8.673617379884035e-19,0.014204545454545452,0.06818181818181818,,present,,,,,,,,,,,,,,,,,,,,
G0,w204,-1,S4,service,candidate_raw_counts,9,7,0,0,9,25,16,9,0,0.0,0,9,,0.0,0,9,,0.0,0,7,,0.36,9,25,,0.64,16,25,,0.5625,9,16,,0.4375,7,16,,0.0,0,16,,0.0,0,16,,0.007102272727272728,0.015625,0.045454545454545456,,present,,,,,,,,,,,,,,,,,,,,
G0,w204,0,S4,service,candidate_raw_counts,9,7,0,0,9,25,16,9,0,0.0,0,9,,0.0,0,9,,0.0,0,7,,0.36,9,25,,0.64,16,25,,0.5625,9,16,,0.4375,7,16,,0.0,0,16,,0.0,0,16,,0.0028409090909090923,0.011363636363636362,0.022727272727272735,,present,,,,,,,,,,,,,,,,,,,,
G0,w204,1,S4,service,candidate_raw_counts,8,7,0,1,9,25,16,8,0,0.0,0,8,,0.1111111111111111,1,9,,0.0,0,7,,0.32,8,25,,0.64,16,25,,0.5,8,16,,0.4375,7,16,,0.0,0,16,,0.0625,1,16,,-0.008522727272727272,0.011363636363636362,0.022727272727272728,,present,,,,,,,,,,,,,,,,,,,,
G0,w204,2,S4,service,candidate_raw_counts,8,8,0,0,9,25,16,8,0,0.0,0,8,,0.0,0,8,,0.0,0,8,,0.32,8,25,,0.64,16,25,,0.5,8,16,,0.5,8,16,,0.0,0,16,,0.0,0,16,,-0.009943181818181815,0.009943181818181815,0.04545454545454545,,present,,,,,,,,,,,,,,,,,,,,
G0,w204,ALL,S4,service,pooled_counts,43,36,0,1,45,125,80,43,0,0.0,0,43,,0.022727272727272728,1,44,,0.0,0,36,,0.344,43,125,,0.64,80,125,,0.5375,43,80,,0.45,36,80,,0.0,0,80,,0.0125,1,80,,-0.0017045454545454534,0.012499999999999999,0.045454545454545414,,present,,,,,,,,,,,,,,,,,,,,
G0,w204,ALL,S4,service,equal_candidate_equal_workload_macro,,,,,,,,,,0.0,,,,0.02222222222222222,,,,0.0,,,,0.344,,,,0.64,,,,0.5375,,,,0.45,,,,0.0,,,,0.0125,,,,-0.0017045454545454534,0.012499999999999999,0.045454545454545414,,,1,5,1,5,1,5,1,5,1,5,1,5,1,5,1,5,1,5,1,5
G0,w204,-2,S4,latency_only,candidate_raw_counts,9,7,0,0,0,16,16,9,0,0.0,0,9,,0.0,0,9,,0.0,0,7,,0.5625,9,16,,1.0,16,16,,0.5625,9,16,,0.4375,7,16,,0.0,0,16,,0.0,0,16,,-8.673617379884035e-19,0.014204545454545452,0.06818181818181818,,present,,,,,,,,,,,,,,,,,,,,
G0,w204,-1,S4,latency_only,candidate_raw_counts,9,7,0,0,0,16,16,9,0,0.0,0,9,,0.0,0,9,,0.0,0,7,,0.5625,9,16,,1.0,16,16,,0.5625,9,16,,0.4375,7,16,,0.0,0,16,,0.0,0,16,,0.007102272727272728,0.015625,0.045454545454545456,,present,,,,,,,,,,,,,,,,,,,,
G0,w204,0,S4,latency_only,candidate_raw_counts,9,7,0,0,0,16,16,9,0,0.0,0,9,,0.0,0,9,,0.0,0,7,,0.5625,9,16,,1.0,16,16,,0.5625,9,16,,0.4375,7,16,,0.0,0,16,,0.0,0,16,,0.0028409090909090923,0.011363636363636362,0.022727272727272735,,present,,,,,,,,,,,,,,,,,,,,
G0,w204,1,S4,latency_only,candidate_raw_counts,8,7,0,1,0,16,16,8,0,0.0,0,8,,0.1111111111111111,1,9,,0.0,0,7,,0.5,8,16,,1.0,16,16,,0.5,8,16,,0.4375,7,16,,0.0,0,16,,0.0625,1,16,,-0.008522727272727272,0.011363636363636362,0.022727272727272728,,present,,,,,,,,,,,,,,,,,,,,
G0,w204,2,S4,latency_only,candidate_raw_counts,8,8,0,0,0,16,16,8,0,0.0,0,8,,0.0,0,8,,0.0,0,8,,0.5,8,16,,1.0,16,16,,0.5,8,16,,0.5,8,16,,0.0,0,16,,0.0,0,16,,-0.009943181818181815,0.009943181818181815,0.04545454545454545,,present,,,,,,,,,,,,,,,,,,,,
G0,w204,ALL,S4,latency_only,pooled_counts,43,36,0,1,0,80,80,43,0,0.0,0,43,,0.022727272727272728,1,44,,0.0,0,36,,0.5375,43,80,,1.0,80,80,,0.5375,43,80,,0.45,36,80,,0.0,0,80,,0.0125,1,80,,-0.0017045454545454534,0.012499999999999999,0.045454545454545414,,present,,,,,,,,,,,,,,,,,,,,
G0,w204,ALL,S4,latency_only,equal_candidate_equal_workload_macro,,,,,,,,,,0.0,,,,0.02222222222222222,,,,0.0,,,,0.5375,,,,1.0,,,,0.5375,,,,0.45,,,,0.0,,,,0.0125,,,,-0.0017045454545454534,0.012499999999999999,0.045454545454545414,,,1,5,1,5,1,5,1,5,1,5,1,5,1,5,1,5,1,5,1,5
G0,w204,-2,S4,near_boundary,candidate_raw_counts,0,0,0,0,0,0,0,0,0,,0,0,zero denominator,,0,0,zero denominator,,0,0,zero denominator,,0,0,zero denominator,,0,0,zero denominator,,0,0,zero denominator,,0,0,zero denominator,,0,0,zero denominator,,0,0,zero denominator,,,,no both-attainment-defined points,absent,,,,,,,,,,,,,,,,,,,,
G0,w204,-1,S4,near_boundary,candidate_raw_counts,0,0,0,0,0,0,0,0,0,,0,0,zero denominator,,0,0,zero denominator,,0,0,zero denominator,,0,0,zero denominator,,0,0,zero denominator,,0,0,zero denominator,,0,0,zero denominator,,0,0,zero denominator,,0,0,zero denominator,,,,no both-attainment-defined points,absent,,,,,,,,,,,,,,,,,,,,
G0,w204,0,S4,near_boundary,candidate_raw_counts,0,0,0,0,0,0,0,0,0,,0,0,zero denominator,,0,0,zero denominator,,0,0,zero denominator,,0,0,zero denominator,,0,0,zero denominator,,0,0,zero denominator,,0,0,zero denominator,,0,0,zero denominator,,0,0,zero denominator,,,,no both-attainment-defined points,absent,,,,,,,,,,,,,,,,,,,,
G0,w204,1,S4,near_boundary,candidate_raw_counts,0,0,0,0,0,0,0,0,0,,0,0,zero denominator,,0,0,zero denominator,,0,0,zero denominator,,0,0,zero denominator,,0,0,zero denominator,,0,0,zero denominator,,0,0,zero denominator,,0,0,zero denominator,,0,0,zero denominator,,,,no both-attainment-defined points,absent,,,,,,,,,,,,,,,,,,,,
G0,w204,2,S4,near_boundary,candidate_raw_counts,0,0,0,0,0,0,0,0,0,,0,0,zero denominator,,0,0,zero denominator,,0,0,zero denominator,,0,0,zero denominator,,0,0,zero denominator,,0,0,zero denominator,,0,0,zero denominator,,0,0,zero denominator,,0,0,zero denominator,,,,no both-attainment-defined points,absent,,,,,,,,,,,,,,,,,,,,
G0,w204,ALL,S4,near_boundary,pooled_counts,0,0,0,0,0,0,0,0,0,,0,0,zero denominator,,0,0,zero denominator,,0,0,zero denominator,,0,0,zero denominator,,0,0,zero denominator,,0,0,zero denominator,,0,0,zero denominator,,0,0,zero denominator,,0,0,zero denominator,,,,no both-attainment-defined points,absent,,,,,,,,,,,,,,,,,,,,
G0,w204,ALL,S4,near_boundary,equal_candidate_equal_workload_macro,,,,,,,,,,,,,all denominators zero,,,,all denominators zero,,,,all denominators zero,,,,all denominators zero,,,,all denominators zero,,,,all denominators zero,,,,all denominators zero,,,,all denominators zero,,,,all denominators zero,,,,empty applicable subset,,0,0,0,0,0,0,0,0,0,0,0,0,0,0,0,0,0,0,0,0
G0,w204,-2,S5,service,candidate_raw_counts,10,6,0,0,9,25,16,10,0,0.0,0,10,,0.0,0,10,,0.0,0,6,,0.4,10,25,,0.64,16,25,,0.625,10,16,,0.375,6,16,,0.0,0,16,,0.0,0,16,,0.041193181818181816,0.044034090909090905,0.15909090909090912,,present,,,,,,,,,,,,,,,,,,,,
G0,w204,-1,S5,service,candidate_raw_counts,9,7,0,0,9,25,16,9,0,0.0,0,9,,0.0,0,9,,0.0,0,7,,0.36,9,25,,0.64,16,25,,0.5625,9,16,,0.4375,7,16,,0.0,0,16,,0.0,0,16,,0.048295454545454544,0.048295454545454544,0.20454545454545447,,present,,,,,,,,,,,,,,,,,,,,
G0,w204,0,S5,service,candidate_raw_counts,9,7,0,0,9,25,16,9,0,0.0,0,9,,0.0,0,9,,0.0,0,7,,0.36,9,25,,0.64,16,25,,0.5625,9,16,,0.4375,7,16,,0.0,0,16,,0.0,0,16,,0.06392045454545454,0.06392045454545454,0.2727272727272727,,present,,,,,,,,,,,,,,,,,,,,
G0,w204,1,S5,service,candidate_raw_counts,9,7,0,0,9,25,16,9,0,0.0,0,9,,0.0,0,9,,0.0,0,7,,0.36,9,25,,0.64,16,25,,0.5625,9,16,,0.4375,7,16,,0.0,0,16,,0.0,0,16,,0.048295454545454544,0.048295454545454544,0.2272727272727273,,present,,,,,,,,,,,,,,,,,,,,
G0,w204,2,S5,service,candidate_raw_counts,9,7,0,0,9,25,16,9,0,0.0,0,9,,0.0,0,9,,0.0,0,7,,0.36,9,25,,0.64,16,25,,0.5625,9,16,,0.4375,7,16,,0.0,0,16,,0.0,0,16,,0.04971590909090909,0.04971590909090909,0.24999999999999997,,present,,,,,,,,,,,,,,,,,,,,
G0,w204,ALL,S5,service,pooled_counts,46,34,0,0,45,125,80,46,0,0.0,0,46,,0.0,0,46,,0.0,0,34,,0.368,46,125,,0.64,80,125,,0.575,46,80,,0.425,34,80,,0.0,0,80,,0.0,0,80,,0.05028409090909091,0.050852272727272725,0.22727272727272724,,present,,,,,,,,,,,,,,,,,,,,
G0,w204,ALL,S5,service,equal_candidate_equal_workload_macro,,,,,,,,,,0.0,,,,0.0,,,,0.0,,,,0.368,,,,0.64,,,,0.575,,,,0.425,,,,0.0,,,,0.0,,,,0.05028409090909091,0.050852272727272725,0.22727272727272724,,,1,5,1,5,1,5,1,5,1,5,1,5,1,5,1,5,1,5,1,5
G0,w204,-2,S5,latency_only,candidate_raw_counts,10,6,0,0,0,16,16,10,0,0.0,0,10,,0.0,0,10,,0.0,0,6,,0.625,10,16,,1.0,16,16,,0.625,10,16,,0.375,6,16,,0.0,0,16,,0.0,0,16,,0.041193181818181816,0.044034090909090905,0.15909090909090912,,present,,,,,,,,,,,,,,,,,,,,
G0,w204,-1,S5,latency_only,candidate_raw_counts,9,7,0,0,0,16,16,9,0,0.0,0,9,,0.0,0,9,,0.0,0,7,,0.5625,9,16,,1.0,16,16,,0.5625,9,16,,0.4375,7,16,,0.0,0,16,,0.0,0,16,,0.048295454545454544,0.048295454545454544,0.20454545454545447,,present,,,,,,,,,,,,,,,,,,,,
G0,w204,0,S5,latency_only,candidate_raw_counts,9,7,0,0,0,16,16,9,0,0.0,0,9,,0.0,0,9,,0.0,0,7,,0.5625,9,16,,1.0,16,16,,0.5625,9,16,,0.4375,7,16,,0.0,0,16,,0.0,0,16,,0.06392045454545454,0.06392045454545454,0.2727272727272727,,present,,,,,,,,,,,,,,,,,,,,
G0,w204,1,S5,latency_only,candidate_raw_counts,9,7,0,0,0,16,16,9,0,0.0,0,9,,0.0,0,9,,0.0,0,7,,0.5625,9,16,,1.0,16,16,,0.5625,9,16,,0.4375,7,16,,0.0,0,16,,0.0,0,16,,0.048295454545454544,0.048295454545454544,0.2272727272727273,,present,,,,,,,,,,,,,,,,,,,,
G0,w204,2,S5,latency_only,candidate_raw_counts,9,7,0,0,0,16,16,9,0,0.0,0,9,,0.0,0,9,,0.0,0,7,,0.5625,9,16,,1.0,16,16,,0.5625,9,16,,0.4375,7,16,,0.0,0,16,,0.0,0,16,,0.04971590909090909,0.04971590909090909,0.24999999999999997,,present,,,,,,,,,,,,,,,,,,,,
G0,w204,ALL,S5,latency_only,pooled_counts,46,34,0,0,0,80,80,46,0,0.0,0,46,,0.0,0,46,,0.0,0,34,,0.575,46,80,,1.0,80,80,,0.575,46,80,,0.425,34,80,,0.0,0,80,,0.0,0,80,,0.05028409090909091,0.050852272727272725,0.22727272727272724,,present,,,,,,,,,,,,,,,,,,,,
G0,w204,ALL,S5,latency_only,equal_candidate_equal_workload_macro,,,,,,,,,,0.0,,,,0.0,,,,0.0,,,,0.575,,,,1.0,,,,0.575,,,,0.425,,,,0.0,,,,0.0,,,,0.05028409090909091,0.050852272727272725,0.22727272727272724,,,1,5,1,5,1,5,1,5,1,5,1,5,1,5,1,5,1,5,1,5
G0,w204,-2,S5,near_boundary,candidate_raw_counts,1,0,0,0,0,1,1,1,0,0.0,0,1,,0.0,0,1,,,0,0,zero denominator,1.0,1,1,,1.0,1,1,,1.0,1,1,,0.0,0,1,,0.0,0,1,,0.0,0,1,,-0.022727272727272707,0.022727272727272707,0.022727272727272707,,present,,,,,,,,,,,,,,,,,,,,
G0,w204,-1,S5,near_boundary,candidate_raw_counts,0,0,0,0,0,0,0,0,0,,0,0,zero denominator,,0,0,zero denominator,,0,0,zero denominator,,0,0,zero denominator,,0,0,zero denominator,,0,0,zero denominator,,0,0,zero denominator,,0,0,zero denominator,,0,0,zero denominator,,,,no both-attainment-defined points,absent,,,,,,,,,,,,,,,,,,,,
G0,w204,0,S5,near_boundary,candidate_raw_counts,0,0,0,0,0,0,0,0,0,,0,0,zero denominator,,0,0,zero denominator,,0,0,zero denominator,,0,0,zero denominator,,0,0,zero denominator,,0,0,zero denominator,,0,0,zero denominator,,0,0,zero denominator,,0,0,zero denominator,,,,no both-attainment-defined points,absent,,,,,,,,,,,,,,,,,,,,
G0,w204,1,S5,near_boundary,candidate_raw_counts,0,0,0,0,0,0,0,0,0,,0,0,zero denominator,,0,0,zero denominator,,0,0,zero denominator,,0,0,zero denominator,,0,0,zero denominator,,0,0,zero denominator,,0,0,zero denominator,,0,0,zero denominator,,0,0,zero denominator,,,,no both-attainment-defined points,absent,,,,,,,,,,,,,,,,,,,,
G0,w204,2,S5,near_boundary,candidate_raw_counts,0,0,0,0,0,0,0,0,0,,0,0,zero denominator,,0,0,zero denominator,,0,0,zero denominator,,0,0,zero denominator,,0,0,zero denominator,,0,0,zero denominator,,0,0,zero denominator,,0,0,zero denominator,,0,0,zero denominator,,,,no both-attainment-defined points,absent,,,,,,,,,,,,,,,,,,,,
G0,w204,ALL,S5,near_boundary,pooled_counts,1,0,0,0,0,1,1,1,0,0.0,0,1,,0.0,0,1,,,0,0,zero denominator,1.0,1,1,,1.0,1,1,,1.0,1,1,,0.0,0,1,,0.0,0,1,,0.0,0,1,,-0.022727272727272707,0.022727272727272707,0.022727272727272707,,present,,,,,,,,,,,,,,,,,,,,
G0,w204,ALL,S5,near_boundary,equal_candidate_equal_workload_macro,,,,,,,,,,0.0,,,,0.0,,,,,,,all denominators zero,1.0,,,,1.0,,,,1.0,,,,0.0,,,,0.0,,,,0.0,,,,-0.022727272727272707,0.022727272727272707,0.022727272727272707,,,1,1,1,1,0,0,1,1,1,1,1,1,1,1,1,1,1,1,1,1
G0,w204,-2,S6,service,candidate_raw_counts,12,3,0,1,9,25,16,12,0,0.0,0,12,,0.07692307692307693,1,13,,0.0,0,3,,0.48,12,25,,0.64,16,25,,0.75,12,16,,0.1875,3,16,,0.0,0,16,,0.0625,1,16,,-0.08522727272727272,0.08522727272727272,0.3863636363636364,,present,,,,,,,,,,,,,,,,,,,,
G0,w204,-1,S6,service,candidate_raw_counts,12,3,0,1,9,25,16,12,0,0.0,0,12,,0.07692307692307693,1,13,,0.0,0,3,,0.48,12,25,,0.64,16,25,,0.75,12,16,,0.1875,3,16,,0.0,0,16,,0.0625,1,16,,-0.08380681818181818,0.08380681818181818,0.38636363636363635,,present,,,,,,,,,,,,,,,,,,,,
G0,w204,0,S6,service,candidate_raw_counts,12,3,0,1,9,25,16,12,0,0.0,0,12,,0.07692307692307693,1,13,,0.0,0,3,,0.48,12,25,,0.64,16,25,,0.75,12,16,,0.1875,3,16,,0.0,0,16,,0.0625,1,16,,-0.07386363636363635,0.07386363636363635,0.3636363636363636,,present,,,,,,,,,,,,,,,,,,,,
G0,w204,1,S6,service,candidate_raw_counts,12,3,0,1,9,25,16,12,0,0.0,0,12,,0.07692307692307693,1,13,,0.0,0,3,,0.48,12,25,,0.64,16,25,,0.75,12,16,,0.1875,3,16,,0.0,0,16,,0.0625,1,16,,-0.06960227272727272,0.06960227272727272,0.3181818181818182,,present,,,,,,,,,,,,,,,,,,,,
G0,w204,2,S6,service,candidate_raw_counts,12,4,0,0,9,25,16,12,0,0.0,0,12,,0.0,0,12,,0.0,0,4,,0.48,12,25,,0.64,16,25,,0.75,12,16,,0.25,4,16,,0.0,0,16,,0.0,0,16,,-0.059659090909090905,0.059659090909090905,0.27272727272727276,,present,,,,,,,,,,,,,,,,,,,,
G0,w204,ALL,S6,service,pooled_counts,60,16,0,4,45,125,80,60,0,0.0,0,60,,0.0625,4,64,,0.0,0,16,,0.48,60,125,,0.64,80,125,,0.75,60,80,,0.2,16,80,,0.0,0,80,,0.05,4,80,,-0.07443181818181818,0.07443181818181818,0.34090909090909094,,present,,,,,,,,,,,,,,,,,,,,
G0,w204,ALL,S6,service,equal_candidate_equal_workload_macro,,,,,,,,,,0.0,,,,0.06153846153846154,,,,0.0,,,,0.48,,,,0.64,,,,0.75,,,,0.2,,,,0.0,,,,0.05,,,,-0.07443181818181818,0.07443181818181818,0.34090909090909094,,,1,5,1,5,1,5,1,5,1,5,1,5,1,5,1,5,1,5,1,5
G0,w204,-2,S6,latency_only,candidate_raw_counts,12,3,0,1,0,16,16,12,0,0.0,0,12,,0.07692307692307693,1,13,,0.0,0,3,,0.75,12,16,,1.0,16,16,,0.75,12,16,,0.1875,3,16,,0.0,0,16,,0.0625,1,16,,-0.08522727272727272,0.08522727272727272,0.3863636363636364,,present,,,,,,,,,,,,,,,,,,,,
G0,w204,-1,S6,latency_only,candidate_raw_counts,12,3,0,1,0,16,16,12,0,0.0,0,12,,0.07692307692307693,1,13,,0.0,0,3,,0.75,12,16,,1.0,16,16,,0.75,12,16,,0.1875,3,16,,0.0,0,16,,0.0625,1,16,,-0.08380681818181818,0.08380681818181818,0.38636363636363635,,present,,,,,,,,,,,,,,,,,,,,
G0,w204,0,S6,latency_only,candidate_raw_counts,12,3,0,1,0,16,16,12,0,0.0,0,12,,0.07692307692307693,1,13,,0.0,0,3,,0.75,12,16,,1.0,16,16,,0.75,12,16,,0.1875,3,16,,0.0,0,16,,0.0625,1,16,,-0.07386363636363635,0.07386363636363635,0.3636363636363636,,present,,,,,,,,,,,,,,,,,,,,
G0,w204,1,S6,latency_only,candidate_raw_counts,12,3,0,1,0,16,16,12,0,0.0,0,12,,0.07692307692307693,1,13,,0.0,0,3,,0.75,12,16,,1.0,16,16,,0.75,12,16,,0.1875,3,16,,0.0,0,16,,0.0625,1,16,,-0.06960227272727272,0.06960227272727272,0.3181818181818182,,present,,,,,,,,,,,,,,,,,,,,
G0,w204,2,S6,latency_only,candidate_raw_counts,12,4,0,0,0,16,16,12,0,0.0,0,12,,0.0,0,12,,0.0,0,4,,0.75,12,16,,1.0,16,16,,0.75,12,16,,0.25,4,16,,0.0,0,16,,0.0,0,16,,-0.059659090909090905,0.059659090909090905,0.27272727272727276,,present,,,,,,,,,,,,,,,,,,,,
G0,w204,ALL,S6,latency_only,pooled_counts,60,16,0,4,0,80,80,60,0,0.0,0,60,,0.0625,4,64,,0.0,0,16,,0.75,60,80,,1.0,80,80,,0.75,60,80,,0.2,16,80,,0.0,0,80,,0.05,4,80,,-0.07443181818181818,0.07443181818181818,0.34090909090909094,,present,,,,,,,,,,,,,,,,,,,,
G0,w204,ALL,S6,latency_only,equal_candidate_equal_workload_macro,,,,,,,,,,0.0,,,,0.06153846153846154,,,,0.0,,,,0.75,,,,1.0,,,,0.75,,,,0.2,,,,0.0,,,,0.05,,,,-0.07443181818181818,0.07443181818181818,0.34090909090909094,,,1,5,1,5,1,5,1,5,1,5,1,5,1,5,1,5,1,5,1,5
G0,w204,-2,S6,near_boundary,candidate_raw_counts,0,0,0,0,0,0,0,0,0,,0,0,zero denominator,,0,0,zero denominator,,0,0,zero denominator,,0,0,zero denominator,,0,0,zero denominator,,0,0,zero denominator,,0,0,zero denominator,,0,0,zero denominator,,0,0,zero denominator,,,,no both-attainment-defined points,absent,,,,,,,,,,,,,,,,,,,,
G0,w204,-1,S6,near_boundary,candidate_raw_counts,0,0,0,0,0,0,0,0,0,,0,0,zero denominator,,0,0,zero denominator,,0,0,zero denominator,,0,0,zero denominator,,0,0,zero denominator,,0,0,zero denominator,,0,0,zero denominator,,0,0,zero denominator,,0,0,zero denominator,,,,no both-attainment-defined points,absent,,,,,,,,,,,,,,,,,,,,
G0,w204,0,S6,near_boundary,candidate_raw_counts,0,0,0,1,0,1,1,0,0,,0,0,zero denominator,1.0,1,1,,,0,0,zero denominator,0.0,0,1,,1.0,1,1,,0.0,0,1,,0.0,0,1,,0.0,0,1,,1.0,1,1,,-0.06818181818181812,0.06818181818181812,0.06818181818181812,,present,,,,,,,,,,,,,,,,,,,,
G0,w204,1,S6,near_boundary,candidate_raw_counts,0,0,0,1,0,1,1,0,0,,0,0,zero denominator,1.0,1,1,,,0,0,zero denominator,0.0,0,1,,1.0,1,1,,0.0,0,1,,0.0,0,1,,0.0,0,1,,1.0,1,1,,-0.06818181818181812,0.06818181818181812,0.06818181818181812,,present,,,,,,,,,,,,,,,,,,,,
G0,w204,2,S6,near_boundary,candidate_raw_counts,0,1,0,0,0,1,1,0,0,,0,0,zero denominator,,0,0,zero denominator,0.0,0,1,,0.0,0,1,,1.0,1,1,,0.0,0,1,,1.0,1,1,,0.0,0,1,,0.0,0,1,,-0.022727272727272707,0.022727272727272707,0.022727272727272707,,present,,,,,,,,,,,,,,,,,,,,
G0,w204,ALL,S6,near_boundary,pooled_counts,0,1,0,2,0,3,3,0,0,,0,0,zero denominator,1.0,2,2,,0.0,0,1,,0.0,0,3,,1.0,3,3,,0.0,0,3,,0.3333333333333333,1,3,,0.0,0,3,,0.6666666666666666,2,3,,-0.05303030303030298,0.05303030303030298,0.06818181818181812,,present,,,,,,,,,,,,,,,,,,,,
G0,w204,ALL,S6,near_boundary,equal_candidate_equal_workload_macro,,,,,,,,,,,,,all denominators zero,1.0,,,,0.0,,,,0.0,,,,1.0,,,,0.0,,,,0.3333333333333333,,,,0.0,,,,0.6666666666666666,,,,-0.05303030303030298,0.05303030303030298,0.06818181818181812,,,0,0,1,2,1,1,1,3,1,3,1,3,1,3,1,3,1,3,1,3
G0,ALL,ALL,S1,service,pooled_counts,0,1265,0,0,1285,2550,1265,0,0,,0,0,zero denominator,,0,0,zero denominator,0.0,0,1265,,0.0,0,2550,,0.49607843137254903,1265,2550,,0.0,0,1265,,1.0,1265,1265,,0.0,0,1265,,0.0,0,1265,,0.0,0.0,0.0,,present,,,,,,,,,,,,,,,,,,,,
G0,ALL,ALL,S1,service,equal_candidate_equal_workload_macro,,,,,,,,,,,,,all denominators zero,,,,all denominators zero,0.0,,,,0.0,,,,0.5596518580354197,,,,0.0,,,,1.0,,,,0.0,,,,0.0,,,,0.0,0.0,0.0,,,0,0,0,0,10,50,10,50,10,50,10,50,10,50,10,50,10,50,10,50
G0,ALL,ALL,S1,latency_only,pooled_counts,0,1265,0,0,0,1265,1265,0,0,,0,0,zero denominator,,0,0,zero denominator,0.0,0,1265,,0.0,0,1265,,1.0,1265,1265,,0.0,0,1265,,1.0,1265,1265,,0.0,0,1265,,0.0,0,1265,,0.0,0.0,0.0,,present,,,,,,,,,,,,,,,,,,,,
G0,ALL,ALL,S1,latency_only,equal_candidate_equal_workload_macro,,,,,,,,,,,,,all denominators zero,,,,all denominators zero,0.0,,,,0.0,,,,1.0,,,,0.0,,,,1.0,,,,0.0,,,,0.0,,,,0.0,0.0,0.0,,,0,0,0,0,10,50,10,50,10,50,10,50,10,50,10,50,10,50,10,50
G0,ALL,ALL,S1,near_boundary,pooled_counts,0,0,0,0,0,0,0,0,0,,0,0,zero denominator,,0,0,zero denominator,,0,0,zero denominator,,0,0,zero denominator,,0,0,zero denominator,,0,0,zero denominator,,0,0,zero denominator,,0,0,zero denominator,,0,0,zero denominator,,,,no both-attainment-defined points,absent,,,,,,,,,,,,,,,,,,,,
G0,ALL,ALL,S1,near_boundary,equal_candidate_equal_workload_macro,,,,,,,,,,,,,all denominators zero,,,,all denominators zero,,,,all denominators zero,,,,all denominators zero,,,,all denominators zero,,,,all denominators zero,,,,all denominators zero,,,,all denominators zero,,,,all denominators zero,,,,empty applicable subset,,0,0,0,0,0,0,0,0,0,0,0,0,0,0,0,0,0,0,0,0
G0,ALL,ALL,S2,service,pooled_counts,0,1265,0,0,1285,2550,1265,0,0,,0,0,zero denominator,,0,0,zero denominator,0.0,0,1265,,0.0,0,2550,,0.49607843137254903,1265,2550,,0.0,0,1265,,1.0,1265,1265,,0.0,0,1265,,0.0,0,1265,,0.03512654446166586,0.050417433139529885,0.18518518518518517,,present,,,,,,,,,,,,,,,,,,,,
G0,ALL,ALL,S2,service,equal_candidate_equal_workload_macro,,,,,,,,,,,,,all denominators zero,,,,all denominators zero,0.0,,,,0.0,,,,0.5596518580354197,,,,0.0,,,,1.0,,,,0.0,,,,0.0,,,,0.03169116818547841,0.04798785468892262,0.15384615384615385,,,0,0,0,0,10,50,10,50,10,50,10,50,10,50,10,50,10,50,10,50
G0,ALL,ALL,S2,latency_only,pooled_counts,0,1265,0,0,0,1265,1265,0,0,,0,0,zero denominator,,0,0,zero denominator,0.0,0,1265,,0.0,0,1265,,1.0,1265,1265,,0.0,0,1265,,1.0,1265,1265,,0.0,0,1265,,0.0,0,1265,,0.03512654446166586,0.050417433139529885,0.18518518518518517,,present,,,,,,,,,,,,,,,,,,,,
G0,ALL,ALL,S2,latency_only,equal_candidate_equal_workload_macro,,,,,,,,,,,,,all denominators zero,,,,all denominators zero,0.0,,,,0.0,,,,1.0,,,,0.0,,,,1.0,,,,0.0,,,,0.0,,,,0.03169116818547841,0.04798785468892262,0.15384615384615385,,,0,0,0,0,10,50,10,50,10,50,10,50,10,50,10,50,10,50,10,50
G0,ALL,ALL,S2,near_boundary,pooled_counts,0,0,0,0,0,0,0,0,0,,0,0,zero denominator,,0,0,zero denominator,,0,0,zero denominator,,0,0,zero denominator,,0,0,zero denominator,,0,0,zero denominator,,0,0,zero denominator,,0,0,zero denominator,,0,0,zero denominator,,,,no both-attainment-defined points,absent,,,,,,,,,,,,,,,,,,,,
G0,ALL,ALL,S2,near_boundary,equal_candidate_equal_workload_macro,,,,,,,,,,,,,all denominators zero,,,,all denominators zero,,,,all denominators zero,,,,all denominators zero,,,,all denominators zero,,,,all denominators zero,,,,all denominators zero,,,,all denominators zero,,,,all denominators zero,,,,empty applicable subset,,0,0,0,0,0,0,0,0,0,0,0,0,0,0,0,0,0,0,0,0
G0,ALL,ALL,S3,service,pooled_counts,0,1265,0,0,1285,2550,1265,0,0,,0,0,zero denominator,,0,0,zero denominator,0.0,0,1265,,0.0,0,2550,,0.49607843137254903,1265,2550,,0.0,0,1265,,1.0,1265,1265,,0.0,0,1265,,0.0,0,1265,,0.0,0.0,0.0,,present,,,,,,,,,,,,,,,,,,,,
G0,ALL,ALL,S3,service,equal_candidate_equal_workload_macro,,,,,,,,,,,,,all denominators zero,,,,all denominators zero,0.0,,,,0.0,,,,0.5596518580354197,,,,0.0,,,,1.0,,,,0.0,,,,0.0,,,,0.0,0.0,0.0,,,0,0,0,0,10,50,10,50,10,50,10,50,10,50,10,50,10,50,10,50
G0,ALL,ALL,S3,latency_only,pooled_counts,0,1265,0,0,0,1265,1265,0,0,,0,0,zero denominator,,0,0,zero denominator,0.0,0,1265,,0.0,0,1265,,1.0,1265,1265,,0.0,0,1265,,1.0,1265,1265,,0.0,0,1265,,0.0,0,1265,,0.0,0.0,0.0,,present,,,,,,,,,,,,,,,,,,,,
G0,ALL,ALL,S3,latency_only,equal_candidate_equal_workload_macro,,,,,,,,,,,,,all denominators zero,,,,all denominators zero,0.0,,,,0.0,,,,1.0,,,,0.0,,,,1.0,,,,0.0,,,,0.0,,,,0.0,0.0,0.0,,,0,0,0,0,10,50,10,50,10,50,10,50,10,50,10,50,10,50,10,50
G0,ALL,ALL,S3,near_boundary,pooled_counts,0,0,0,0,0,0,0,0,0,,0,0,zero denominator,,0,0,zero denominator,,0,0,zero denominator,,0,0,zero denominator,,0,0,zero denominator,,0,0,zero denominator,,0,0,zero denominator,,0,0,zero denominator,,0,0,zero denominator,,,,no both-attainment-defined points,absent,,,,,,,,,,,,,,,,,,,,
G0,ALL,ALL,S3,near_boundary,equal_candidate_equal_workload_macro,,,,,,,,,,,,,all denominators zero,,,,all denominators zero,,,,all denominators zero,,,,all denominators zero,,,,all denominators zero,,,,all denominators zero,,,,all denominators zero,,,,all denominators zero,,,,all denominators zero,,,,empty applicable subset,,0,0,0,0,0,0,0,0,0,0,0,0,0,0,0,0,0,0,0,0
G0,ALL,ALL,S4,service,pooled_counts,780,409,0,76,1285,2550,1265,780,0,0.0,0,780,,0.08878504672897196,76,856,,0.0,0,409,,0.3058823529411765,780,2550,,0.49607843137254903,1265,2550,,0.616600790513834,780,1265,,0.3233201581027668,409,1265,,0.0,0,1265,,0.06007905138339921,76,1265,,-0.05285266404549296,0.06994336715351208,0.15384615384615385,,present,,,,,,,,,,,,,,,,,,,,
G0,ALL,ALL,S4,service,equal_candidate_equal_workload_macro,,,,,,,,,,0.0,,,,0.07788188660798888,,,,0.0,,,,0.3195187579543744,,,,0.5596518580354197,,,,0.6076624841801312,,,,0.33269433631492457,,,,0.0,,,,0.05964317950494421,,,,-0.052970809458869686,0.07002006161614005,0.15384615384615385,,,10,50,10,50,10,50,10,50,10,50,10,50,10,50,10,50,10,50,10,50
G0,ALL,ALL,S4,latency_only,pooled_counts,780,409,0,76,0,1265,1265,780,0,0.0,0,780,,0.08878504672897196,76,856,,0.0,0,409,,0.616600790513834,780,1265,,1.0,1265,1265,,0.616600790513834,780,1265,,0.3233201581027668,409,1265,,0.0,0,1265,,0.06007905138339921,76,1265,,-0.05285266404549296,0.06994336715351208,0.15384615384615385,,present,,,,,,,,,,,,,,,,,,,,
G0,ALL,ALL,S4,latency_only,equal_candidate_equal_workload_macro,,,,,,,,,,0.0,,,,0.07788188660798888,,,,0.0,,,,0.6076624841801312,,,,1.0,,,,0.6076624841801312,,,,0.33269433631492457,,,,0.0,,,,0.05964317950494421,,,,-0.052970809458869686,0.07002006161614005,0.15384615384615385,,,10,50,10,50,10,50,10,50,10,50,10,50,10,50,10,50,10,50,10,50
G0,ALL,ALL,S4,near_boundary,pooled_counts,429,21,0,68,0,518,518,429,0,0.0,0,429,,0.13682092555331993,68,497,,0.0,0,21,,0.8281853281853282,429,518,,1.0,518,518,,0.8281853281853282,429,518,,0.04054054054054054,21,518,,0.0,0,518,,0.13127413127413126,68,518,,-0.11558042399879134,0.11558042399879134,0.8,,present,,,,,,,,,,,,,,,,,,,,
G0,ALL,ALL,S4,near_boundary,equal_candidate_equal_workload_macro,,,,,,,,,,0.0,,,,0.4461331622513164,,,,0.0,,,,0.5437857479459913,,,,1.0,,,,0.5437857479459913,,,,0.08413412010572253,,,,0.0,,,,0.3720801319482861,,,,-0.11107340973015416,0.11107340973015416,0.26530612244897966,,,5,25,8,31,5,10,8,32,8,32,8,32,8,32,8,32,8,32,8,32
G0,ALL,ALL,S5,service,pooled_counts,872,318,12,63,1285,2550,1265,884,0,0.013574660633484163,12,884,,0.06737967914438503,63,935,,0.03636363636363636,12,330,,0.3466666666666667,884,2550,,0.49607843137254903,1265,2550,,0.6893280632411067,872,1265,,0.25138339920948616,318,1265,,0.009486166007905139,12,1265,,0.04980237154150197,63,1265,,-0.02949943168416724,0.0829131655825614,0.2653061224489796,,present,,,,,,,,,,,,,,,,,,,,
G0,ALL,ALL,S5,service,equal_candidate_equal_workload_macro,,,,,,,,,,0.009924129815434163,,,,0.05266666666666667,,,,0.01719333680117994,,,,0.3681900507407357,,,,0.5596518580354197,,,,0.6778014125661185,,,,0.2647877311994959,,,,0.006486486486486487,,,,0.050924369747899156,,,,-0.03315911863511654,0.08408631313627812,0.26666666666666666,,,10,50,10,50,9,45,10,50,10,50,10,50,10,50,10,50,10,50,10,50
G0,ALL,ALL,S5,latency_only,pooled_counts,872,318,12,63,0,1265,1265,884,0,0.013574660633484163,12,884,,0.06737967914438503,63,935,,0.03636363636363636,12,330,,0.6988142292490118,884,1265,,1.0,1265,1265,,0.6893280632411067,872,1265,,0.25138339920948616,318,1265,,0.009486166007905139,12,1265,,0.04980237154150197,63,1265,,-0.02949943168416724,0.0829131655825614,0.2653061224489796,,present,,,,,,,,,,,,,,,,,,,,
G0,ALL,ALL,S5,latency_only,equal_candidate_equal_workload_macro,,,,,,,,,,0.009924129815434163,,,,0.05266666666666667,,,,0.01719333680117994,,,,0.6842878990526049,,,,1.0,,,,0.6778014125661185,,,,0.2647877311994959,,,,0.006486486486486487,,,,0.050924369747899156,,,,-0.03315911863511654,0.08408631313627812,0.26666666666666666,,,10,50,10,50,9,45,10,50,10,50,10,50,10,50,10,50,10,50,10,50
G0,ALL,ALL,S5,near_boundary,pooled_counts,464,3,1,63,5,536,531,465,0,0.002150537634408602,1,465,,0.11954459203036052,63,527,,0.25,1,4,,0.8675373134328358,465,536,,0.9906716417910447,531,536,,0.8738229755178908,464,531,,0.005649717514124294,3,531,,0.0018832391713747645,1,531,,0.11864406779661017,63,531,,-0.10627428015442543,0.10689241818176443,0.8,,present,,,,,,,,,,,,,,,,,,,,
G0,ALL,ALL,S5,near_boundary,equal_candidate_equal_workload_macro,,,,,,,,,,0.010416666666666666,,,,0.06583333333333333,,,,0.25,,,,0.8613069828722003,,,,0.991560606060606,,,,0.8593297101449275,,,,0.06442028985507246,,,,0.010416666666666666,,,,0.06583333333333333,,,,-0.06377161987856864,0.07365682396020129,0.14583333333333337,,,8,31,8,31,4,4,8,32,8,32,8,32,8,32,8,32,8,32,8,32
G0,ALL,ALL,S6,service,pooled_counts,1036,97,7,125,1285,2550,1265,1043,0,0.006711409395973154,7,1043,,0.10766580534022395,125,1161,,0.0673076923076923,7,104,,0.40901960784313723,1043,2550,,0.49607843137254903,1265,2550,,0.8189723320158103,1036,1265,,0.0766798418972332,97,1265,,0.005533596837944664,7,1265,,0.09881422924901186,125,1265,,-0.09348692055307903,0.09762024830959519,0.38775510204081637,,present,,,,,,,,,,,,,,,,,,,,
G0,ALL,ALL,S6,service,equal_candidate_equal_workload_macro,,,,,,,,,,0.006766917293233083,,,,0.1133500661704996,,,,0.028968253968253966,,,,0.4338888843272405,,,,0.5596518580354197,,,,0.802145672601555,,,,0.08221860821860821,,,,0.005926406926406926,,,,0.1097093122534299,,,,-0.09689507798535285,0.10128635183496003,0.38775510204081637,,,10,50,10,50,8,33,10,50,10,50,10,50,10,50,10,50,10,50,10,50
G0,ALL,ALL,S6,latency_only,pooled_counts,1036,97,7,125,0,1265,1265,1043,0,0.006711409395973154,7,1043,,0.10766580534022395,125,1161,,0.0673076923076923,7,104,,0.824505928853755,1043,1265,,1.0,1265,1265,,0.8189723320158103,1036,1265,,0.0766798418972332,97,1265,,0.005533596837944664,7,1265,,0.09881422924901186,125,1265,,-0.09348692055307903,0.09762024830959519,0.38775510204081637,,present,,,,,,,,,,,,,,,,,,,,
G0,ALL,ALL,S6,latency_only,equal_candidate_equal_workload_macro,,,,,,,,,,0.006766917293233083,,,,0.1133500661704996,,,,0.028968253968253966,,,,0.8080720795279619,,,,1.0,,,,0.802145672601555,,,,0.08221860821860821,,,,0.005926406926406926,,,,0.1097093122534299,,,,-0.09689507798535285,0.10128635183496003,0.38775510204081637,,,10,50,10,50,8,33,10,50,10,50,10,50,10,50,10,50,10,50,10,50
G0,ALL,ALL,S6,near_boundary,pooled_counts,506,40,0,117,250,913,663,506,0,0.0,0,506,,0.18780096308186195,117,623,,0.0,0,40,,0.5542168674698795,506,913,,0.7261774370208105,663,913,,0.7631975867269984,506,663,,0.06033182503770739,40,663,,0.0,0,663,,0.17647058823529413,117,663,,-0.15666644884665426,0.15775570696205618,0.8,,present,,,,,,,,,,,,,,,,,,,,
G0,ALL,ALL,S6,near_boundary,equal_candidate_equal_workload_macro,,,,,,,,,,0.0,,,,0.39591050573093917,,,,0.0,,,,0.4935321543936706,,,,0.9041488431798214,,,,0.5768577918245438,,,,0.06194793933924368,,,,0.0,,,,0.3611942688362126,,,,-0.1038540886842596,0.11976876454337988,0.2142857142857142,,,7,27,10,33,3,8,10,34,10,34,10,34,10,34,10,34,10,34,10,34
G1,h101,-2,S1,service,candidate_raw_counts,0,41,0,0,40,81,41,0,0,,0,0,zero denominator,,0,0,zero denominator,0.0,0,41,,0.0,0,81,,0.5061728395061729,41,81,,0.0,0,41,,1.0,41,41,,0.0,0,41,,0.0,0,41,,0.0,0.0,0.0,,present,,,,,,,,,,,,,,,,,,,,
G1,h101,-1,S1,service,candidate_raw_counts,0,41,0,0,40,81,41,0,0,,0,0,zero denominator,,0,0,zero denominator,0.0,0,41,,0.0,0,81,,0.5061728395061729,41,81,,0.0,0,41,,1.0,41,41,,0.0,0,41,,0.0,0,41,,0.0,0.0,0.0,,present,,,,,,,,,,,,,,,,,,,,
G1,h101,0,S1,service,candidate_raw_counts,0,41,0,0,40,81,41,0,0,,0,0,zero denominator,,0,0,zero denominator,0.0,0,41,,0.0,0,81,,0.5061728395061729,41,81,,0.0,0,41,,1.0,41,41,,0.0,0,41,,0.0,0,41,,0.0,0.0,0.0,,present,,,,,,,,,,,,,,,,,,,,
G1,h101,1,S1,service,candidate_raw_counts,0,41,0,0,40,81,41,0,0,,0,0,zero denominator,,0,0,zero denominator,0.0,0,41,,0.0,0,81,,0.5061728395061729,41,81,,0.0,0,41,,1.0,41,41,,0.0,0,41,,0.0,0,41,,0.0,0.0,0.0,,present,,,,,,,,,,,,,,,,,,,,
G1,h101,2,S1,service,candidate_raw_counts,0,41,0,0,40,81,41,0,0,,0,0,zero denominator,,0,0,zero denominator,0.0,0,41,,0.0,0,81,,0.5061728395061729,41,81,,0.0,0,41,,1.0,41,41,,0.0,0,41,,0.0,0,41,,0.0,0.0,0.0,,present,,,,,,,,,,,,,,,,,,,,
G1,h101,ALL,S1,service,pooled_counts,0,205,0,0,200,405,205,0,0,,0,0,zero denominator,,0,0,zero denominator,0.0,0,205,,0.0,0,405,,0.5061728395061729,205,405,,0.0,0,205,,1.0,205,205,,0.0,0,205,,0.0,0,205,,0.0,0.0,0.0,,present,,,,,,,,,,,,,,,,,,,,
G1,h101,ALL,S1,service,equal_candidate_equal_workload_macro,,,,,,,,,,,,,all denominators zero,,,,all denominators zero,0.0,,,,0.0,,,,0.5061728395061729,,,,0.0,,,,1.0,,,,0.0,,,,0.0,,,,0.0,0.0,0.0,,,0,0,0,0,1,5,1,5,1,5,1,5,1,5,1,5,1,5,1,5
G1,h101,-2,S1,latency_only,candidate_raw_counts,0,41,0,0,0,41,41,0,0,,0,0,zero denominator,,0,0,zero denominator,0.0,0,41,,0.0,0,41,,1.0,41,41,,0.0,0,41,,1.0,41,41,,0.0,0,41,,0.0,0,41,,0.0,0.0,0.0,,present,,,,,,,,,,,,,,,,,,,,
G1,h101,-1,S1,latency_only,candidate_raw_counts,0,41,0,0,0,41,41,0,0,,0,0,zero denominator,,0,0,zero denominator,0.0,0,41,,0.0,0,41,,1.0,41,41,,0.0,0,41,,1.0,41,41,,0.0,0,41,,0.0,0,41,,0.0,0.0,0.0,,present,,,,,,,,,,,,,,,,,,,,
G1,h101,0,S1,latency_only,candidate_raw_counts,0,41,0,0,0,41,41,0,0,,0,0,zero denominator,,0,0,zero denominator,0.0,0,41,,0.0,0,41,,1.0,41,41,,0.0,0,41,,1.0,41,41,,0.0,0,41,,0.0,0,41,,0.0,0.0,0.0,,present,,,,,,,,,,,,,,,,,,,,
G1,h101,1,S1,latency_only,candidate_raw_counts,0,41,0,0,0,41,41,0,0,,0,0,zero denominator,,0,0,zero denominator,0.0,0,41,,0.0,0,41,,1.0,41,41,,0.0,0,41,,1.0,41,41,,0.0,0,41,,0.0,0,41,,0.0,0.0,0.0,,present,,,,,,,,,,,,,,,,,,,,
G1,h101,2,S1,latency_only,candidate_raw_counts,0,41,0,0,0,41,41,0,0,,0,0,zero denominator,,0,0,zero denominator,0.0,0,41,,0.0,0,41,,1.0,41,41,,0.0,0,41,,1.0,41,41,,0.0,0,41,,0.0,0,41,,0.0,0.0,0.0,,present,,,,,,,,,,,,,,,,,,,,
G1,h101,ALL,S1,latency_only,pooled_counts,0,205,0,0,0,205,205,0,0,,0,0,zero denominator,,0,0,zero denominator,0.0,0,205,,0.0,0,205,,1.0,205,205,,0.0,0,205,,1.0,205,205,,0.0,0,205,,0.0,0,205,,0.0,0.0,0.0,,present,,,,,,,,,,,,,,,,,,,,
G1,h101,ALL,S1,latency_only,equal_candidate_equal_workload_macro,,,,,,,,,,,,,all denominators zero,,,,all denominators zero,0.0,,,,0.0,,,,1.0,,,,0.0,,,,1.0,,,,0.0,,,,0.0,,,,0.0,0.0,0.0,,,0,0,0,0,1,5,1,5,1,5,1,5,1,5,1,5,1,5,1,5
G1,h101,-2,S1,near_boundary,candidate_raw_counts,0,0,0,0,0,0,0,0,0,,0,0,zero denominator,,0,0,zero denominator,,0,0,zero denominator,,0,0,zero denominator,,0,0,zero denominator,,0,0,zero denominator,,0,0,zero denominator,,0,0,zero denominator,,0,0,zero denominator,,,,no both-attainment-defined points,absent,,,,,,,,,,,,,,,,,,,,
G1,h101,-1,S1,near_boundary,candidate_raw_counts,0,0,0,0,0,0,0,0,0,,0,0,zero denominator,,0,0,zero denominator,,0,0,zero denominator,,0,0,zero denominator,,0,0,zero denominator,,0,0,zero denominator,,0,0,zero denominator,,0,0,zero denominator,,0,0,zero denominator,,,,no both-attainment-defined points,absent,,,,,,,,,,,,,,,,,,,,
G1,h101,0,S1,near_boundary,candidate_raw_counts,0,0,0,0,0,0,0,0,0,,0,0,zero denominator,,0,0,zero denominator,,0,0,zero denominator,,0,0,zero denominator,,0,0,zero denominator,,0,0,zero denominator,,0,0,zero denominator,,0,0,zero denominator,,0,0,zero denominator,,,,no both-attainment-defined points,absent,,,,,,,,,,,,,,,,,,,,
G1,h101,1,S1,near_boundary,candidate_raw_counts,0,0,0,0,0,0,0,0,0,,0,0,zero denominator,,0,0,zero denominator,,0,0,zero denominator,,0,0,zero denominator,,0,0,zero denominator,,0,0,zero denominator,,0,0,zero denominator,,0,0,zero denominator,,0,0,zero denominator,,,,no both-attainment-defined points,absent,,,,,,,,,,,,,,,,,,,,
G1,h101,2,S1,near_boundary,candidate_raw_counts,0,0,0,0,0,0,0,0,0,,0,0,zero denominator,,0,0,zero denominator,,0,0,zero denominator,,0,0,zero denominator,,0,0,zero denominator,,0,0,zero denominator,,0,0,zero denominator,,0,0,zero denominator,,0,0,zero denominator,,,,no both-attainment-defined points,absent,,,,,,,,,,,,,,,,,,,,
G1,h101,ALL,S1,near_boundary,pooled_counts,0,0,0,0,0,0,0,0,0,,0,0,zero denominator,,0,0,zero denominator,,0,0,zero denominator,,0,0,zero denominator,,0,0,zero denominator,,0,0,zero denominator,,0,0,zero denominator,,0,0,zero denominator,,0,0,zero denominator,,,,no both-attainment-defined points,absent,,,,,,,,,,,,,,,,,,,,
G1,h101,ALL,S1,near_boundary,equal_candidate_equal_workload_macro,,,,,,,,,,,,,all denominators zero,,,,all denominators zero,,,,all denominators zero,,,,all denominators zero,,,,all denominators zero,,,,all denominators zero,,,,all denominators zero,,,,all denominators zero,,,,all denominators zero,,,,empty applicable subset,,0,0,0,0,0,0,0,0,0,0,0,0,0,0,0,0,0,0,0,0
G1,h101,-2,S2,service,candidate_raw_counts,0,41,0,0,40,81,41,0,0,,0,0,zero denominator,,0,0,zero denominator,0.0,0,41,,0.0,0,81,,0.5061728395061729,41,81,,0.0,0,41,,1.0,41,41,,0.0,0,41,,0.0,0,41,,0.042682926829268296,0.051829268292682924,0.0625,,present,,,,,,,,,,,,,,,,,,,,
G1,h101,-1,S2,service,candidate_raw_counts,0,41,0,0,40,81,41,0,0,,0,0,zero denominator,,0,0,zero denominator,0.0,0,41,,0.0,0,81,,0.5061728395061729,41,81,,0.0,0,41,,1.0,41,41,,0.0,0,41,,0.0,0,41,,0.042682926829268296,0.051829268292682924,0.0625,,present,,,,,,,,,,,,,,,,,,,,
G1,h101,0,S2,service,candidate_raw_counts,0,41,0,0,40,81,41,0,0,,0,0,zero denominator,,0,0,zero denominator,0.0,0,41,,0.0,0,81,,0.5061728395061729,41,81,,0.0,0,41,,1.0,41,41,,0.0,0,41,,0.0,0,41,,0.10060975609756098,0.10365853658536585,0.125,,present,,,,,,,,,,,,,,,,,,,,
G1,h101,1,S2,service,candidate_raw_counts,0,41,0,0,40,81,41,0,0,,0,0,zero denominator,,0,0,zero denominator,0.0,0,41,,0.0,0,81,,0.5061728395061729,41,81,,0.0,0,41,,1.0,41,41,,0.0,0,41,,0.0,0,41,,0.14634146341463414,0.14634146341463414,0.1875,,present,,,,,,,,,,,,,,,,,,,,
G1,h101,2,S2,service,candidate_raw_counts,0,41,0,0,40,81,41,0,0,,0,0,zero denominator,,0,0,zero denominator,0.0,0,41,,0.0,0,81,,0.5061728395061729,41,81,,0.0,0,41,,1.0,41,41,,0.0,0,41,,0.0,0,41,,0.10518292682926829,0.11432926829268293,0.125,,present,,,,,,,,,,,,,,,,,,,,
G1,h101,ALL,S2,service,pooled_counts,0,205,0,0,200,405,205,0,0,,0,0,zero denominator,,0,0,zero denominator,0.0,0,205,,0.0,0,405,,0.5061728395061729,205,405,,0.0,0,205,,1.0,205,205,,0.0,0,205,,0.0,0,205,,0.0875,0.09359756097560976,0.1875,,present,,,,,,,,,,,,,,,,,,,,
G1,h101,ALL,S2,service,equal_candidate_equal_workload_macro,,,,,,,,,,,,,all denominators zero,,,,all denominators zero,0.0,,,,0.0,,,,0.5061728395061729,,,,0.0,,,,1.0,,,,0.0,,,,0.0,,,,0.0875,0.09359756097560976,0.1875,,,0,0,0,0,1,5,1,5,1,5,1,5,1,5,1,5,1,5,1,5
G1,h101,-2,S2,latency_only,candidate_raw_counts,0,41,0,0,0,41,41,0,0,,0,0,zero denominator,,0,0,zero denominator,0.0,0,41,,0.0,0,41,,1.0,41,41,,0.0,0,41,,1.0,41,41,,0.0,0,41,,0.0,0,41,,0.042682926829268296,0.051829268292682924,0.0625,,present,,,,,,,,,,,,,,,,,,,,
G1,h101,-1,S2,latency_only,candidate_raw_counts,0,41,0,0,0,41,41,0,0,,0,0,zero denominator,,0,0,zero denominator,0.0,0,41,,0.0,0,41,,1.0,41,41,,0.0,0,41,,1.0,41,41,,0.0,0,41,,0.0,0,41,,0.042682926829268296,0.051829268292682924,0.0625,,present,,,,,,,,,,,,,,,,,,,,
G1,h101,0,S2,latency_only,candidate_raw_counts,0,41,0,0,0,41,41,0,0,,0,0,zero denominator,,0,0,zero denominator,0.0,0,41,,0.0,0,41,,1.0,41,41,,0.0,0,41,,1.0,41,41,,0.0,0,41,,0.0,0,41,,0.10060975609756098,0.10365853658536585,0.125,,present,,,,,,,,,,,,,,,,,,,,
G1,h101,1,S2,latency_only,candidate_raw_counts,0,41,0,0,0,41,41,0,0,,0,0,zero denominator,,0,0,zero denominator,0.0,0,41,,0.0,0,41,,1.0,41,41,,0.0,0,41,,1.0,41,41,,0.0,0,41,,0.0,0,41,,0.14634146341463414,0.14634146341463414,0.1875,,present,,,,,,,,,,,,,,,,,,,,
G1,h101,2,S2,latency_only,candidate_raw_counts,0,41,0,0,0,41,41,0,0,,0,0,zero denominator,,0,0,zero denominator,0.0,0,41,,0.0,0,41,,1.0,41,41,,0.0,0,41,,1.0,41,41,,0.0,0,41,,0.0,0,41,,0.10518292682926829,0.11432926829268293,0.125,,present,,,,,,,,,,,,,,,,,,,,
G1,h101,ALL,S2,latency_only,pooled_counts,0,205,0,0,0,205,205,0,0,,0,0,zero denominator,,0,0,zero denominator,0.0,0,205,,0.0,0,205,,1.0,205,205,,0.0,0,205,,1.0,205,205,,0.0,0,205,,0.0,0,205,,0.0875,0.09359756097560976,0.1875,,present,,,,,,,,,,,,,,,,,,,,
G1,h101,ALL,S2,latency_only,equal_candidate_equal_workload_macro,,,,,,,,,,,,,all denominators zero,,,,all denominators zero,0.0,,,,0.0,,,,1.0,,,,0.0,,,,1.0,,,,0.0,,,,0.0,,,,0.0875,0.09359756097560976,0.1875,,,0,0,0,0,1,5,1,5,1,5,1,5,1,5,1,5,1,5,1,5
G1,h101,-2,S2,near_boundary,candidate_raw_counts,0,0,0,0,0,0,0,0,0,,0,0,zero denominator,,0,0,zero denominator,,0,0,zero denominator,,0,0,zero denominator,,0,0,zero denominator,,0,0,zero denominator,,0,0,zero denominator,,0,0,zero denominator,,0,0,zero denominator,,,,no both-attainment-defined points,absent,,,,,,,,,,,,,,,,,,,,
G1,h101,-1,S2,near_boundary,candidate_raw_counts,0,0,0,0,0,0,0,0,0,,0,0,zero denominator,,0,0,zero denominator,,0,0,zero denominator,,0,0,zero denominator,,0,0,zero denominator,,0,0,zero denominator,,0,0,zero denominator,,0,0,zero denominator,,0,0,zero denominator,,,,no both-attainment-defined points,absent,,,,,,,,,,,,,,,,,,,,
G1,h101,0,S2,near_boundary,candidate_raw_counts,0,0,0,0,0,0,0,0,0,,0,0,zero denominator,,0,0,zero denominator,,0,0,zero denominator,,0,0,zero denominator,,0,0,zero denominator,,0,0,zero denominator,,0,0,zero denominator,,0,0,zero denominator,,0,0,zero denominator,,,,no both-attainment-defined points,absent,,,,,,,,,,,,,,,,,,,,
G1,h101,1,S2,near_boundary,candidate_raw_counts,0,0,0,0,0,0,0,0,0,,0,0,zero denominator,,0,0,zero denominator,,0,0,zero denominator,,0,0,zero denominator,,0,0,zero denominator,,0,0,zero denominator,,0,0,zero denominator,,0,0,zero denominator,,0,0,zero denominator,,,,no both-attainment-defined points,absent,,,,,,,,,,,,,,,,,,,,
G1,h101,2,S2,near_boundary,candidate_raw_counts,0,0,0,0,0,0,0,0,0,,0,0,zero denominator,,0,0,zero denominator,,0,0,zero denominator,,0,0,zero denominator,,0,0,zero denominator,,0,0,zero denominator,,0,0,zero denominator,,0,0,zero denominator,,0,0,zero denominator,,,,no both-attainment-defined points,absent,,,,,,,,,,,,,,,,,,,,
G1,h101,ALL,S2,near_boundary,pooled_counts,0,0,0,0,0,0,0,0,0,,0,0,zero denominator,,0,0,zero denominator,,0,0,zero denominator,,0,0,zero denominator,,0,0,zero denominator,,0,0,zero denominator,,0,0,zero denominator,,0,0,zero denominator,,0,0,zero denominator,,,,no both-attainment-defined points,absent,,,,,,,,,,,,,,,,,,,,
G1,h101,ALL,S2,near_boundary,equal_candidate_equal_workload_macro,,,,,,,,,,,,,all denominators zero,,,,all denominators zero,,,,all denominators zero,,,,all denominators zero,,,,all denominators zero,,,,all denominators zero,,,,all denominators zero,,,,all denominators zero,,,,all denominators zero,,,,empty applicable subset,,0,0,0,0,0,0,0,0,0,0,0,0,0,0,0,0,0,0,0,0
G1,h101,-2,S3,service,candidate_raw_counts,0,41,0,0,40,81,41,0,0,,0,0,zero denominator,,0,0,zero denominator,0.0,0,41,,0.0,0,81,,0.5061728395061729,41,81,,0.0,0,41,,1.0,41,41,,0.0,0,41,,0.0,0,41,,0.0,0.0,0.0,,present,,,,,,,,,,,,,,,,,,,,
G1,h101,-1,S3,service,candidate_raw_counts,0,41,0,0,40,81,41,0,0,,0,0,zero denominator,,0,0,zero denominator,0.0,0,41,,0.0,0,81,,0.5061728395061729,41,81,,0.0,0,41,,1.0,41,41,,0.0,0,41,,0.0,0,41,,0.0,0.0,0.0,,present,,,,,,,,,,,,,,,,,,,,
G1,h101,0,S3,service,candidate_raw_counts,0,41,0,0,40,81,41,0,0,,0,0,zero denominator,,0,0,zero denominator,0.0,0,41,,0.0,0,81,,0.5061728395061729,41,81,,0.0,0,41,,1.0,41,41,,0.0,0,41,,0.0,0,41,,0.0,0.0,0.0,,present,,,,,,,,,,,,,,,,,,,,
G1,h101,1,S3,service,candidate_raw_counts,0,41,0,0,40,81,41,0,0,,0,0,zero denominator,,0,0,zero denominator,0.0,0,41,,0.0,0,81,,0.5061728395061729,41,81,,0.0,0,41,,1.0,41,41,,0.0,0,41,,0.0,0,41,,0.0,0.0,0.0,,present,,,,,,,,,,,,,,,,,,,,
G1,h101,2,S3,service,candidate_raw_counts,0,41,0,0,40,81,41,0,0,,0,0,zero denominator,,0,0,zero denominator,0.0,0,41,,0.0,0,81,,0.5061728395061729,41,81,,0.0,0,41,,1.0,41,41,,0.0,0,41,,0.0,0,41,,0.0,0.0,0.0,,present,,,,,,,,,,,,,,,,,,,,
G1,h101,ALL,S3,service,pooled_counts,0,205,0,0,200,405,205,0,0,,0,0,zero denominator,,0,0,zero denominator,0.0,0,205,,0.0,0,405,,0.5061728395061729,205,405,,0.0,0,205,,1.0,205,205,,0.0,0,205,,0.0,0,205,,0.0,0.0,0.0,,present,,,,,,,,,,,,,,,,,,,,
G1,h101,ALL,S3,service,equal_candidate_equal_workload_macro,,,,,,,,,,,,,all denominators zero,,,,all denominators zero,0.0,,,,0.0,,,,0.5061728395061729,,,,0.0,,,,1.0,,,,0.0,,,,0.0,,,,0.0,0.0,0.0,,,0,0,0,0,1,5,1,5,1,5,1,5,1,5,1,5,1,5,1,5
G1,h101,-2,S3,latency_only,candidate_raw_counts,0,41,0,0,0,41,41,0,0,,0,0,zero denominator,,0,0,zero denominator,0.0,0,41,,0.0,0,41,,1.0,41,41,,0.0,0,41,,1.0,41,41,,0.0,0,41,,0.0,0,41,,0.0,0.0,0.0,,present,,,,,,,,,,,,,,,,,,,,
G1,h101,-1,S3,latency_only,candidate_raw_counts,0,41,0,0,0,41,41,0,0,,0,0,zero denominator,,0,0,zero denominator,0.0,0,41,,0.0,0,41,,1.0,41,41,,0.0,0,41,,1.0,41,41,,0.0,0,41,,0.0,0,41,,0.0,0.0,0.0,,present,,,,,,,,,,,,,,,,,,,,
G1,h101,0,S3,latency_only,candidate_raw_counts,0,41,0,0,0,41,41,0,0,,0,0,zero denominator,,0,0,zero denominator,0.0,0,41,,0.0,0,41,,1.0,41,41,,0.0,0,41,,1.0,41,41,,0.0,0,41,,0.0,0,41,,0.0,0.0,0.0,,present,,,,,,,,,,,,,,,,,,,,
G1,h101,1,S3,latency_only,candidate_raw_counts,0,41,0,0,0,41,41,0,0,,0,0,zero denominator,,0,0,zero denominator,0.0,0,41,,0.0,0,41,,1.0,41,41,,0.0,0,41,,1.0,41,41,,0.0,0,41,,0.0,0,41,,0.0,0.0,0.0,,present,,,,,,,,,,,,,,,,,,,,
G1,h101,2,S3,latency_only,candidate_raw_counts,0,41,0,0,0,41,41,0,0,,0,0,zero denominator,,0,0,zero denominator,0.0,0,41,,0.0,0,41,,1.0,41,41,,0.0,0,41,,1.0,41,41,,0.0,0,41,,0.0,0,41,,0.0,0.0,0.0,,present,,,,,,,,,,,,,,,,,,,,
G1,h101,ALL,S3,latency_only,pooled_counts,0,205,0,0,0,205,205,0,0,,0,0,zero denominator,,0,0,zero denominator,0.0,0,205,,0.0,0,205,,1.0,205,205,,0.0,0,205,,1.0,205,205,,0.0,0,205,,0.0,0,205,,0.0,0.0,0.0,,present,,,,,,,,,,,,,,,,,,,,
G1,h101,ALL,S3,latency_only,equal_candidate_equal_workload_macro,,,,,,,,,,,,,all denominators zero,,,,all denominators zero,0.0,,,,0.0,,,,1.0,,,,0.0,,,,1.0,,,,0.0,,,,0.0,,,,0.0,0.0,0.0,,,0,0,0,0,1,5,1,5,1,5,1,5,1,5,1,5,1,5,1,5
G1,h101,-2,S3,near_boundary,candidate_raw_counts,0,0,0,0,0,0,0,0,0,,0,0,zero denominator,,0,0,zero denominator,,0,0,zero denominator,,0,0,zero denominator,,0,0,zero denominator,,0,0,zero denominator,,0,0,zero denominator,,0,0,zero denominator,,0,0,zero denominator,,,,no both-attainment-defined points,absent,,,,,,,,,,,,,,,,,,,,
G1,h101,-1,S3,near_boundary,candidate_raw_counts,0,0,0,0,0,0,0,0,0,,0,0,zero denominator,,0,0,zero denominator,,0,0,zero denominator,,0,0,zero denominator,,0,0,zero denominator,,0,0,zero denominator,,0,0,zero denominator,,0,0,zero denominator,,0,0,zero denominator,,,,no both-attainment-defined points,absent,,,,,,,,,,,,,,,,,,,,
G1,h101,0,S3,near_boundary,candidate_raw_counts,0,0,0,0,0,0,0,0,0,,0,0,zero denominator,,0,0,zero denominator,,0,0,zero denominator,,0,0,zero denominator,,0,0,zero denominator,,0,0,zero denominator,,0,0,zero denominator,,0,0,zero denominator,,0,0,zero denominator,,,,no both-attainment-defined points,absent,,,,,,,,,,,,,,,,,,,,
G1,h101,1,S3,near_boundary,candidate_raw_counts,0,0,0,0,0,0,0,0,0,,0,0,zero denominator,,0,0,zero denominator,,0,0,zero denominator,,0,0,zero denominator,,0,0,zero denominator,,0,0,zero denominator,,0,0,zero denominator,,0,0,zero denominator,,0,0,zero denominator,,,,no both-attainment-defined points,absent,,,,,,,,,,,,,,,,,,,,
G1,h101,2,S3,near_boundary,candidate_raw_counts,0,0,0,0,0,0,0,0,0,,0,0,zero denominator,,0,0,zero denominator,,0,0,zero denominator,,0,0,zero denominator,,0,0,zero denominator,,0,0,zero denominator,,0,0,zero denominator,,0,0,zero denominator,,0,0,zero denominator,,,,no both-attainment-defined points,absent,,,,,,,,,,,,,,,,,,,,
G1,h101,ALL,S3,near_boundary,pooled_counts,0,0,0,0,0,0,0,0,0,,0,0,zero denominator,,0,0,zero denominator,,0,0,zero denominator,,0,0,zero denominator,,0,0,zero denominator,,0,0,zero denominator,,0,0,zero denominator,,0,0,zero denominator,,0,0,zero denominator,,,,no both-attainment-defined points,absent,,,,,,,,,,,,,,,,,,,,
G1,h101,ALL,S3,near_boundary,equal_candidate_equal_workload_macro,,,,,,,,,,,,,all denominators zero,,,,all denominators zero,,,,all denominators zero,,,,all denominators zero,,,,all denominators zero,,,,all denominators zero,,,,all denominators zero,,,,all denominators zero,,,,all denominators zero,,,,empty applicable subset,,0,0,0,0,0,0,0,0,0,0,0,0,0,0,0,0,0,0,0,0
G1,h101,-2,S4,service,candidate_raw_counts,32,8,0,1,40,81,41,32,0,0.0,0,32,,0.030303030303030304,1,33,,0.0,0,8,,0.3950617283950617,32,81,,0.5061728395061729,41,81,,0.7804878048780488,32,41,,0.1951219512195122,8,41,,0.0,0,41,,0.024390243902439025,1,41,,-0.004573170731707317,0.028963414634146343,0.125,,present,,,,,,,,,,,,,,,,,,,,
G1,h101,-1,S4,service,candidate_raw_counts,31,8,0,2,40,81,41,31,0,0.0,0,31,,0.06060606060606061,2,33,,0.0,0,8,,0.38271604938271603,31,81,,0.5061728395061729,41,81,,0.7560975609756098,31,41,,0.1951219512195122,8,41,,0.0,0,41,,0.04878048780487805,2,41,,-0.013719512195121951,0.0350609756097561,0.125,,present,,,,,,,,,,,,,,,,,,,,
G1,h101,0,S4,service,candidate_raw_counts,30,9,0,2,40,81,41,30,0,0.0,0,30,,0.0625,2,32,,0.0,0,9,,0.37037037037037035,30,81,,0.5061728395061729,41,81,,0.7317073170731707,30,41,,0.21951219512195122,9,41,,0.0,0,41,,0.04878048780487805,2,41,,-0.006097560975609756,0.036585365853658534,0.125,,present,,,,,,,,,,,,,,,,,,,,
G1,h101,1,S4,service,candidate_raw_counts,30,11,0,0,40,81,41,30,0,0.0,0,30,,0.0,0,30,,0.0,0,11,,0.37037037037037035,30,81,,0.5061728395061729,41,81,,0.7317073170731707,30,41,,0.2682926829268293,11,41,,0.0,0,41,,0.0,0,41,,0.001524390243902439,0.025914634146341462,0.125,,present,,,,,,,,,,,,,,,,,,,,
G1,h101,2,S4,service,candidate_raw_counts,29,12,0,0,40,81,41,29,0,0.0,0,29,,0.0,0,29,,0.0,0,12,,0.35802469135802467,29,81,,0.5061728395061729,41,81,,0.7073170731707317,29,41,,0.2926829268292683,12,41,,0.0,0,41,,0.0,0,41,,-0.004573170731707317,0.01676829268292683,0.0625,,present,,,,,,,,,,,,,,,,,,,,
G1,h101,ALL,S4,service,pooled_counts,152,48,0,5,200,405,205,152,0,0.0,0,152,,0.03184713375796178,5,157,,0.0,0,48,,0.37530864197530867,152,405,,0.5061728395061729,205,405,,0.7414634146341463,152,205,,0.23414634146341465,48,205,,0.0,0,205,,0.024390243902439025,5,205,,-0.00548780487804878,0.028658536585365855,0.125,,present,,,,,,,,,,,,,,,,,,,,
G1,h101,ALL,S4,service,equal_candidate_equal_workload_macro,,,,,,,,,,0.0,,,,0.03068181818181818,,,,0.0,,,,0.3753086419753086,,,,0.5061728395061729,,,,0.7414634146341463,,,,0.23414634146341465,,,,0.0,,,,0.024390243902439025,,,,-0.00548780487804878,0.028658536585365855,0.125,,,1,5,1,5,1,5,1,5,1,5,1,5,1,5,1,5,1,5,1,5
G1,h101,-2,S4,latency_only,candidate_raw_counts,32,8,0,1,0,41,41,32,0,0.0,0,32,,0.030303030303030304,1,33,,0.0,0,8,,0.7804878048780488,32,41,,1.0,41,41,,0.7804878048780488,32,41,,0.1951219512195122,8,41,,0.0,0,41,,0.024390243902439025,1,41,,-0.004573170731707317,0.028963414634146343,0.125,,present,,,,,,,,,,,,,,,,,,,,
G1,h101,-1,S4,latency_only,candidate_raw_counts,31,8,0,2,0,41,41,31,0,0.0,0,31,,0.06060606060606061,2,33,,0.0,0,8,,0.7560975609756098,31,41,,1.0,41,41,,0.7560975609756098,31,41,,0.1951219512195122,8,41,,0.0,0,41,,0.04878048780487805,2,41,,-0.013719512195121951,0.0350609756097561,0.125,,present,,,,,,,,,,,,,,,,,,,,
G1,h101,0,S4,latency_only,candidate_raw_counts,30,9,0,2,0,41,41,30,0,0.0,0,30,,0.0625,2,32,,0.0,0,9,,0.7317073170731707,30,41,,1.0,41,41,,0.7317073170731707,30,41,,0.21951219512195122,9,41,,0.0,0,41,,0.04878048780487805,2,41,,-0.006097560975609756,0.036585365853658534,0.125,,present,,,,,,,,,,,,,,,,,,,,
G1,h101,1,S4,latency_only,candidate_raw_counts,30,11,0,0,0,41,41,30,0,0.0,0,30,,0.0,0,30,,0.0,0,11,,0.7317073170731707,30,41,,1.0,41,41,,0.7317073170731707,30,41,,0.2682926829268293,11,41,,0.0,0,41,,0.0,0,41,,0.001524390243902439,0.025914634146341462,0.125,,present,,,,,,,,,,,,,,,,,,,,
G1,h101,2,S4,latency_only,candidate_raw_counts,29,12,0,0,0,41,41,29,0,0.0,0,29,,0.0,0,29,,0.0,0,12,,0.7073170731707317,29,41,,1.0,41,41,,0.7073170731707317,29,41,,0.2926829268292683,12,41,,0.0,0,41,,0.0,0,41,,-0.004573170731707317,0.01676829268292683,0.0625,,present,,,,,,,,,,,,,,,,,,,,
G1,h101,ALL,S4,latency_only,pooled_counts,152,48,0,5,0,205,205,152,0,0.0,0,152,,0.03184713375796178,5,157,,0.0,0,48,,0.7414634146341463,152,205,,1.0,205,205,,0.7414634146341463,152,205,,0.23414634146341465,48,205,,0.0,0,205,,0.024390243902439025,5,205,,-0.00548780487804878,0.028658536585365855,0.125,,present,,,,,,,,,,,,,,,,,,,,
G1,h101,ALL,S4,latency_only,equal_candidate_equal_workload_macro,,,,,,,,,,0.0,,,,0.03068181818181818,,,,0.0,,,,0.7414634146341463,,,,1.0,,,,0.7414634146341463,,,,0.23414634146341465,,,,0.0,,,,0.024390243902439025,,,,-0.00548780487804878,0.028658536585365855,0.125,,,1,5,1,5,1,5,1,5,1,5,1,5,1,5,1,5,1,5,1,5
G1,h101,-2,S4,near_boundary,candidate_raw_counts,32,0,0,1,0,33,33,32,0,0.0,0,32,,0.030303030303030304,1,33,,,0,0,zero denominator,0.9696969696969697,32,33,,1.0,33,33,,0.9696969696969697,32,33,,0.0,0,33,,0.0,0,33,,0.030303030303030304,1,33,,-0.003787878787878788,0.003787878787878788,0.0,,present,,,,,,,,,,,,,,,,,,,,
G1,h101,-1,S4,near_boundary,candidate_raw_counts,31,0,0,2,0,33,33,31,0,0.0,0,31,,0.06060606060606061,2,33,,,0,0,zero denominator,0.9393939393939394,31,33,,1.0,33,33,,0.9393939393939394,31,33,,0.0,0,33,,0.0,0,33,,0.06060606060606061,2,33,,-0.015151515151515152,0.015151515151515152,0.0,,present,,,,,,,,,,,,,,,,,,,,
G1,h101,0,S4,near_boundary,candidate_raw_counts,30,1,0,2,0,33,33,30,0,0.0,0,30,,0.0625,2,32,,0.0,0,1,,0.9090909090909091,30,33,,1.0,33,33,,0.9090909090909091,30,33,,0.030303030303030304,1,33,,0.0,0,33,,0.06060606060606061,2,33,,-0.020833333333333332,0.020833333333333332,0.0,,present,,,,,,,,,,,,,,,,,,,,
G1,h101,1,S4,near_boundary,candidate_raw_counts,30,1,0,0,0,31,31,30,0,0.0,0,30,,0.0,0,30,,0.0,0,1,,0.967741935483871,30,31,,1.0,31,31,,0.967741935483871,30,31,,0.03225806451612903,1,31,,0.0,0,31,,0.0,0,31,,0.0,0.0,0.0,,present,,,,,,,,,,,,,,,,,,,,
G1,h101,2,S4,near_boundary,candidate_raw_counts,29,2,0,0,0,31,31,29,0,0.0,0,29,,0.0,0,29,,0.0,0,2,,0.9354838709677419,29,31,,1.0,31,31,,0.9354838709677419,29,31,,0.06451612903225806,2,31,,0.0,0,31,,0.0,0,31,,-0.004032258064516129,0.004032258064516129,0.0,,present,,,,,,,,,,,,,,,,,,,,
G1,h101,ALL,S4,near_boundary,pooled_counts,152,4,0,5,0,161,161,152,0,0.0,0,152,,0.03184713375796178,5,157,,0.0,0,4,,0.9440993788819876,152,161,,1.0,161,161,,0.9440993788819876,152,161,,0.024844720496894408,4,161,,0.0,0,161,,0.031055900621118012,5,161,,-0.008928571428571428,0.008928571428571428,0.0,,present,,,,,,,,,,,,,,,,,,,,
G1,h101,ALL,S4,near_boundary,equal_candidate_equal_workload_macro,,,,,,,,,,0.0,,,,0.03068181818181818,,,,0.0,,,,0.9442815249266863,,,,1.0,,,,0.9442815249266863,,,,0.025415444770283478,,,,0.0,,,,0.030303030303030304,,,,-0.00876099706744868,0.00876099706744868,0.0,,,1,5,1,5,1,3,1,5,1,5,1,5,1,5,1,5,1,5,1,5
G1,h101,-2,S5,service,candidate_raw_counts,34,6,0,1,40,81,41,34,0,0.0,0,34,,0.02857142857142857,1,35,,0.0,0,6,,0.41975308641975306,34,81,,0.5061728395061729,41,81,,0.8292682926829268,34,41,,0.14634146341463414,6,41,,0.0,0,41,,0.024390243902439025,1,41,,0.0,0.012195121951219513,0.0625,,present,,,,,,,,,,,,,,,,,,,,
G1,h101,-1,S5,service,candidate_raw_counts,34,7,0,0,40,81,41,34,0,0.0,0,34,,0.0,0,34,,0.0,0,7,,0.41975308641975306,34,81,,0.5061728395061729,41,81,,0.8292682926829268,34,41,,0.17073170731707318,7,41,,0.0,0,41,,0.0,0,41,,0.006097560975609756,0.018292682926829267,0.125,,present,,,,,,,,,,,,,,,,,,,,
G1,h101,0,S5,service,candidate_raw_counts,34,7,0,0,40,81,41,34,0,0.0,0,34,,0.0,0,34,,0.0,0,7,,0.41975308641975306,34,81,,0.5061728395061729,41,81,,0.8292682926829268,34,41,,0.17073170731707318,7,41,,0.0,0,41,,0.0,0,41,,0.012195121951219513,0.018292682926829267,0.0625,,present,,,,,,,,,,,,,,,,,,,,
G1,h101,1,S5,service,candidate_raw_counts,34,7,0,0,40,81,41,34,0,0.0,0,34,,0.0,0,34,,0.0,0,7,,0.41975308641975306,34,81,,0.5061728395061729,41,81,,0.8292682926829268,34,41,,0.17073170731707318,7,41,,0.0,0,41,,0.0,0,41,,0.006097560975609756,0.009146341463414634,0.0625,,present,,,,,,,,,,,,,,,,,,,,
G1,h101,2,S5,service,candidate_raw_counts,33,8,0,0,40,81,41,33,0,0.0,0,33,,0.0,0,33,,0.0,0,8,,0.4074074074074074,33,81,,0.5061728395061729,41,81,,0.8048780487804879,33,41,,0.1951219512195122,8,41,,0.0,0,41,,0.0,0,41,,0.025914634146341462,0.028963414634146343,0.125,,present,,,,,,,,,,,,,,,,,,,,
G1,h101,ALL,S5,service,pooled_counts,169,35,0,1,200,405,205,169,0,0.0,0,169,,0.0058823529411764705,1,170,,0.0,0,35,,0.41728395061728396,169,405,,0.5061728395061729,205,405,,0.824390243902439,169,205,,0.17073170731707318,35,205,,0.0,0,205,,0.004878048780487805,1,205,,0.010060975609756098,0.017378048780487806,0.0625,,present,,,,,,,,,,,,,,,,,,,,
G1,h101,ALL,S5,service,equal_candidate_equal_workload_macro,,,,,,,,,,0.0,,,,0.005714285714285714,,,,0.0,,,,0.4172839506172839,,,,0.5061728395061729,,,,0.824390243902439,,,,0.17073170731707318,,,,0.0,,,,0.004878048780487805,,,,0.010060975609756098,0.017378048780487806,0.0625,,,1,5,1,5,1,5,1,5,1,5,1,5,1,5,1,5,1,5,1,5
G1,h101,-2,S5,latency_only,candidate_raw_counts,34,6,0,1,0,41,41,34,0,0.0,0,34,,0.02857142857142857,1,35,,0.0,0,6,,0.8292682926829268,34,41,,1.0,41,41,,0.8292682926829268,34,41,,0.14634146341463414,6,41,,0.0,0,41,,0.024390243902439025,1,41,,0.0,0.012195121951219513,0.0625,,present,,,,,,,,,,,,,,,,,,,,
G1,h101,-1,S5,latency_only,candidate_raw_counts,34,7,0,0,0,41,41,34,0,0.0,0,34,,0.0,0,34,,0.0,0,7,,0.8292682926829268,34,41,,1.0,41,41,,0.8292682926829268,34,41,,0.17073170731707318,7,41,,0.0,0,41,,0.0,0,41,,0.006097560975609756,0.018292682926829267,0.125,,present,,,,,,,,,,,,,,,,,,,,
G1,h101,0,S5,latency_only,candidate_raw_counts,34,7,0,0,0,41,41,34,0,0.0,0,34,,0.0,0,34,,0.0,0,7,,0.8292682926829268,34,41,,1.0,41,41,,0.8292682926829268,34,41,,0.17073170731707318,7,41,,0.0,0,41,,0.0,0,41,,0.012195121951219513,0.018292682926829267,0.0625,,present,,,,,,,,,,,,,,,,,,,,
G1,h101,1,S5,latency_only,candidate_raw_counts,34,7,0,0,0,41,41,34,0,0.0,0,34,,0.0,0,34,,0.0,0,7,,0.8292682926829268,34,41,,1.0,41,41,,0.8292682926829268,34,41,,0.17073170731707318,7,41,,0.0,0,41,,0.0,0,41,,0.006097560975609756,0.009146341463414634,0.0625,,present,,,,,,,,,,,,,,,,,,,,
G1,h101,2,S5,latency_only,candidate_raw_counts,33,8,0,0,0,41,41,33,0,0.0,0,33,,0.0,0,33,,0.0,0,8,,0.8048780487804879,33,41,,1.0,41,41,,0.8048780487804879,33,41,,0.1951219512195122,8,41,,0.0,0,41,,0.0,0,41,,0.025914634146341462,0.028963414634146343,0.125,,present,,,,,,,,,,,,,,,,,,,,
G1,h101,ALL,S5,latency_only,pooled_counts,169,35,0,1,0,205,205,169,0,0.0,0,169,,0.0058823529411764705,1,170,,0.0,0,35,,0.824390243902439,169,205,,1.0,205,205,,0.824390243902439,169,205,,0.17073170731707318,35,205,,0.0,0,205,,0.004878048780487805,1,205,,0.010060975609756098,0.017378048780487806,0.0625,,present,,,,,,,,,,,,,,,,,,,,
G1,h101,ALL,S5,latency_only,equal_candidate_equal_workload_macro,,,,,,,,,,0.0,,,,0.005714285714285714,,,,0.0,,,,0.824390243902439,,,,1.0,,,,0.824390243902439,,,,0.17073170731707318,,,,0.0,,,,0.004878048780487805,,,,0.010060975609756098,0.017378048780487806,0.0625,,,1,5,1,5,1,5,1,5,1,5,1,5,1,5,1,5,1,5,1,5
G1,h101,-2,S5,near_boundary,candidate_raw_counts,34,0,0,1,0,35,35,34,0,0.0,0,34,,0.02857142857142857,1,35,,,0,0,zero denominator,0.9714285714285714,34,35,,1.0,35,35,,0.9714285714285714,34,35,,0.0,0,35,,0.0,0,35,,0.02857142857142857,1,35,,-0.0035714285714285713,0.0035714285714285713,0.0,,present,,,,,,,,,,,,,,,,,,,,
G1,h101,-1,S5,near_boundary,candidate_raw_counts,34,1,0,0,0,35,35,34,0,0.0,0,34,,0.0,0,34,,0.0,0,1,,0.9714285714285714,34,35,,1.0,35,35,,0.9714285714285714,34,35,,0.02857142857142857,1,35,,0.0,0,35,,0.0,0,35,,-0.0035714285714285713,0.0035714285714285713,0.0,,present,,,,,,,,,,,,,,,,,,,,
G1,h101,0,S5,near_boundary,candidate_raw_counts,34,0,0,0,0,34,34,34,0,0.0,0,34,,0.0,0,34,,,0,0,zero denominator,1.0,34,34,,1.0,34,34,,1.0,34,34,,0.0,0,34,,0.0,0,34,,0.0,0,34,,0.0,0.0,0.0,,present,,,,,,,,,,,,,,,,,,,,
G1,h101,1,S5,near_boundary,candidate_raw_counts,34,0,0,0,0,34,34,34,0,0.0,0,34,,0.0,0,34,,,0,0,zero denominator,1.0,34,34,,1.0,34,34,,1.0,34,34,,0.0,0,34,,0.0,0,34,,0.0,0,34,,0.0,0.0,0.0,,present,,,,,,,,,,,,,,,,,,,,
G1,h101,2,S5,near_boundary,candidate_raw_counts,33,0,0,0,0,33,33,33,0,0.0,0,33,,0.0,0,33,,,0,0,zero denominator,1.0,33,33,,1.0,33,33,,1.0,33,33,,0.0,0,33,,0.0,0,33,,0.0,0,33,,-0.001893939393939394,0.001893939393939394,0.0,,present,,,,,,,,,,,,,,,,,,,,
G1,h101,ALL,S5,near_boundary,pooled_counts,169,1,0,1,0,171,171,169,0,0.0,0,169,,0.0058823529411764705,1,170,,0.0,0,1,,0.9883040935672515,169,171,,1.0,171,171,,0.9883040935672515,169,171,,0.005847953216374269,1,171,,0.0,0,171,,0.005847953216374269,1,171,,-0.001827485380116959,0.001827485380116959,0.0,,present,,,,,,,,,,,,,,,,,,,,
G1,h101,ALL,S5,near_boundary,equal_candidate_equal_workload_macro,,,,,,,,,,0.0,,,,0.005714285714285714,,,,0.0,,,,0.9885714285714285,,,,1.0,,,,0.9885714285714285,,,,0.005714285714285714,,,,0.0,,,,0.005714285714285714,,,,-0.0018073593073593074,0.0018073593073593074,0.0,,,1,5,1,5,1,1,1,5,1,5,1,5,1,5,1,5,1,5,1,5
G1,h101,-2,S6,service,candidate_raw_counts,38,0,0,3,40,81,41,38,0,0.0,0,38,,0.07317073170731707,3,41,,,0,0,zero denominator,0.4691358024691358,38,81,,0.5061728395061729,41,81,,0.926829268292683,38,41,,0.0,0,41,,0.0,0,41,,0.07317073170731707,3,41,,-0.025914634146341462,0.025914634146341462,0.0,,present,,,,,,,,,,,,,,,,,,,,
G1,h101,-1,S6,service,candidate_raw_counts,38,0,0,3,40,81,41,38,0,0.0,0,38,,0.07317073170731707,3,41,,,0,0,zero denominator,0.4691358024691358,38,81,,0.5061728395061729,41,81,,0.926829268292683,38,41,,0.0,0,41,,0.0,0,41,,0.07317073170731707,3,41,,-0.027439024390243903,0.027439024390243903,0.0,,present,,,,,,,,,,,,,,,,,,,,
G1,h101,0,S6,service,candidate_raw_counts,38,0,0,3,40,81,41,38,0,0.0,0,38,,0.07317073170731707,3,41,,,0,0,zero denominator,0.4691358024691358,38,81,,0.5061728395061729,41,81,,0.926829268292683,38,41,,0.0,0,41,,0.0,0,41,,0.07317073170731707,3,41,,-0.025914634146341462,0.025914634146341462,0.0,,present,,,,,,,,,,,,,,,,,,,,
G1,h101,1,S6,service,candidate_raw_counts,38,0,0,3,40,81,41,38,0,0.0,0,38,,0.07317073170731707,3,41,,,0,0,zero denominator,0.4691358024691358,38,81,,0.5061728395061729,41,81,,0.926829268292683,38,41,,0.0,0,41,,0.0,0,41,,0.07317073170731707,3,41,,-0.024390243902439025,0.024390243902439025,0.0,,present,,,,,,,,,,,,,,,,,,,,
G1,h101,2,S6,service,candidate_raw_counts,38,2,0,1,40,81,41,38,0,0.0,0,38,,0.02564102564102564,1,39,,0.0,0,2,,0.4691358024691358,38,81,,0.5061728395061729,41,81,,0.926829268292683,38,41,,0.04878048780487805,2,41,,0.0,0,41,,0.024390243902439025,1,41,,-0.012195121951219513,0.018292682926829267,0.0,,present,,,,,,,,,,,,,,,,,,,,
G1,h101,ALL,S6,service,pooled_counts,190,2,0,13,200,405,205,190,0,0.0,0,190,,0.06403940886699508,13,203,,0.0,0,2,,0.4691358024691358,190,405,,0.5061728395061729,205,405,,0.926829268292683,190,205,,0.00975609756097561,2,205,,0.0,0,205,,0.06341463414634146,13,205,,-0.023170731707317073,0.024390243902439025,0.0,,present,,,,,,,,,,,,,,,,,,,,
G1,h101,ALL,S6,service,equal_candidate_equal_workload_macro,,,,,,,,,,0.0,,,,0.06366479049405878,,,,0.0,,,,0.4691358024691358,,,,0.5061728395061729,,,,0.926829268292683,,,,0.00975609756097561,,,,0.0,,,,0.06341463414634146,,,,-0.023170731707317073,0.024390243902439025,0.0,,,1,5,1,5,1,1,1,5,1,5,1,5,1,5,1,5,1,5,1,5
G1,h101,-2,S6,latency_only,candidate_raw_counts,38,0,0,3,0,41,41,38,0,0.0,0,38,,0.07317073170731707,3,41,,,0,0,zero denominator,0.926829268292683,38,41,,1.0,41,41,,0.926829268292683,38,41,,0.0,0,41,,0.0,0,41,,0.07317073170731707,3,41,,-0.025914634146341462,0.025914634146341462,0.0,,present,,,,,,,,,,,,,,,,,,,,
G1,h101,-1,S6,latency_only,candidate_raw_counts,38,0,0,3,0,41,41,38,0,0.0,0,38,,0.07317073170731707,3,41,,,0,0,zero denominator,0.926829268292683,38,41,,1.0,41,41,,0.926829268292683,38,41,,0.0,0,41,,0.0,0,41,,0.07317073170731707,3,41,,-0.027439024390243903,0.027439024390243903,0.0,,present,,,,,,,,,,,,,,,,,,,,
G1,h101,0,S6,latency_only,candidate_raw_counts,38,0,0,3,0,41,41,38,0,0.0,0,38,,0.07317073170731707,3,41,,,0,0,zero denominator,0.926829268292683,38,41,,1.0,41,41,,0.926829268292683,38,41,,0.0,0,41,,0.0,0,41,,0.07317073170731707,3,41,,-0.025914634146341462,0.025914634146341462,0.0,,present,,,,,,,,,,,,,,,,,,,,
G1,h101,1,S6,latency_only,candidate_raw_counts,38,0,0,3,0,41,41,38,0,0.0,0,38,,0.07317073170731707,3,41,,,0,0,zero denominator,0.926829268292683,38,41,,1.0,41,41,,0.926829268292683,38,41,,0.0,0,41,,0.0,0,41,,0.07317073170731707,3,41,,-0.024390243902439025,0.024390243902439025,0.0,,present,,,,,,,,,,,,,,,,,,,,
G1,h101,2,S6,latency_only,candidate_raw_counts,38,2,0,1,0,41,41,38,0,0.0,0,38,,0.02564102564102564,1,39,,0.0,0,2,,0.926829268292683,38,41,,1.0,41,41,,0.926829268292683,38,41,,0.04878048780487805,2,41,,0.0,0,41,,0.024390243902439025,1,41,,-0.012195121951219513,0.018292682926829267,0.0,,present,,,,,,,,,,,,,,,,,,,,
G1,h101,ALL,S6,latency_only,pooled_counts,190,2,0,13,0,205,205,190,0,0.0,0,190,,0.06403940886699508,13,203,,0.0,0,2,,0.926829268292683,190,205,,1.0,205,205,,0.926829268292683,190,205,,0.00975609756097561,2,205,,0.0,0,205,,0.06341463414634146,13,205,,-0.023170731707317073,0.024390243902439025,0.0,,present,,,,,,,,,,,,,,,,,,,,
G1,h101,ALL,S6,latency_only,equal_candidate_equal_workload_macro,,,,,,,,,,0.0,,,,0.06366479049405878,,,,0.0,,,,0.926829268292683,,,,1.0,,,,0.926829268292683,,,,0.00975609756097561,,,,0.0,,,,0.06341463414634146,,,,-0.023170731707317073,0.024390243902439025,0.0,,,1,5,1,5,1,1,1,5,1,5,1,5,1,5,1,5,1,5,1,5
G1,h101,-2,S6,near_boundary,candidate_raw_counts,38,0,0,3,6,47,41,38,0,0.0,0,38,,0.07317073170731707,3,41,,,0,0,zero denominator,0.8085106382978723,38,47,,0.8723404255319149,41,47,,0.926829268292683,38,41,,0.0,0,41,,0.0,0,41,,0.07317073170731707,3,41,,-0.025914634146341462,0.025914634146341462,0.0,,present,,,,,,,,,,,,,,,,,,,,
G1,h101,-1,S6,near_boundary,candidate_raw_counts,38,0,0,3,6,47,41,38,0,0.0,0,38,,0.07317073170731707,3,41,,,0,0,zero denominator,0.8085106382978723,38,47,,0.8723404255319149,41,47,,0.926829268292683,38,41,,0.0,0,41,,0.0,0,41,,0.07317073170731707,3,41,,-0.027439024390243903,0.027439024390243903,0.0,,present,,,,,,,,,,,,,,,,,,,,
G1,h101,0,S6,near_boundary,candidate_raw_counts,38,0,0,3,6,47,41,38,0,0.0,0,38,,0.07317073170731707,3,41,,,0,0,zero denominator,0.8085106382978723,38,47,,0.8723404255319149,41,47,,0.926829268292683,38,41,,0.0,0,41,,0.0,0,41,,0.07317073170731707,3,41,,-0.025914634146341462,0.025914634146341462,0.0,,present,,,,,,,,,,,,,,,,,,,,
G1,h101,1,S6,near_boundary,candidate_raw_counts,38,0,0,3,8,49,41,38,0,0.0,0,38,,0.07317073170731707,3,41,,,0,0,zero denominator,0.7755102040816326,38,49,,0.8367346938775511,41,49,,0.926829268292683,38,41,,0.0,0,41,,0.0,0,41,,0.07317073170731707,3,41,,-0.024390243902439025,0.024390243902439025,0.0,,present,,,,,,,,,,,,,,,,,,,,
G1,h101,2,S6,near_boundary,candidate_raw_counts,38,0,0,1,7,46,39,38,0,0.0,0,38,,0.02564102564102564,1,39,,,0,0,zero denominator,0.8260869565217391,38,46,,0.8478260869565217,39,46,,0.9743589743589743,38,39,,0.0,0,39,,0.0,0,39,,0.02564102564102564,1,39,,-0.014423076923076924,0.017628205128205128,0.0,,present,,,,,,,,,,,,,,,,,,,,
G1,h101,ALL,S6,near_boundary,pooled_counts,190,0,0,13,33,236,203,190,0,0.0,0,190,,0.06403940886699508,13,203,,,0,0,zero denominator,0.8050847457627118,190,236,,0.8601694915254238,203,236,,0.9359605911330049,190,203,,0.0,0,203,,0.0,0,203,,0.06403940886699508,13,203,,-0.023706896551724137,0.02432266009852217,0.0,,present,,,,,,,,,,,,,,,,,,,,
G1,h101,ALL,S6,near_boundary,equal_candidate_equal_workload_macro,,,,,,,,,,0.0,,,,0.06366479049405878,,,,,,,all denominators zero,0.8054258150993977,,,,0.8603164114859635,,,,0.9363352095059413,,,,0.0,,,,0.0,,,,0.06366479049405878,,,,-0.023616322701688557,0.024257348342714195,0.0,,,1,5,1,5,0,0,1,5,1,5,1,5,1,5,1,5,1,5,1,5
G1,h102,-2,S1,service,candidate_raw_counts,0,36,0,0,47,83,36,0,0,,0,0,zero denominator,,0,0,zero denominator,0.0,0,36,,0.0,0,83,,0.43373493975903615,36,83,,0.0,0,36,,1.0,36,36,,0.0,0,36,,0.0,0,36,,0.0,0.0,0.0,,present,,,,,,,,,,,,,,,,,,,,
G1,h102,-1,S1,service,candidate_raw_counts,0,36,0,0,47,83,36,0,0,,0,0,zero denominator,,0,0,zero denominator,0.0,0,36,,0.0,0,83,,0.43373493975903615,36,83,,0.0,0,36,,1.0,36,36,,0.0,0,36,,0.0,0,36,,0.0,0.0,0.0,,present,,,,,,,,,,,,,,,,,,,,
G1,h102,0,S1,service,candidate_raw_counts,0,36,0,0,47,83,36,0,0,,0,0,zero denominator,,0,0,zero denominator,0.0,0,36,,0.0,0,83,,0.43373493975903615,36,83,,0.0,0,36,,1.0,36,36,,0.0,0,36,,0.0,0,36,,0.0,0.0,0.0,,present,,,,,,,,,,,,,,,,,,,,
G1,h102,1,S1,service,candidate_raw_counts,0,36,0,0,47,83,36,0,0,,0,0,zero denominator,,0,0,zero denominator,0.0,0,36,,0.0,0,83,,0.43373493975903615,36,83,,0.0,0,36,,1.0,36,36,,0.0,0,36,,0.0,0,36,,0.0,0.0,0.0,,present,,,,,,,,,,,,,,,,,,,,
G1,h102,2,S1,service,candidate_raw_counts,0,36,0,0,47,83,36,0,0,,0,0,zero denominator,,0,0,zero denominator,0.0,0,36,,0.0,0,83,,0.43373493975903615,36,83,,0.0,0,36,,1.0,36,36,,0.0,0,36,,0.0,0,36,,0.0,0.0,0.0,,present,,,,,,,,,,,,,,,,,,,,
G1,h102,ALL,S1,service,pooled_counts,0,180,0,0,235,415,180,0,0,,0,0,zero denominator,,0,0,zero denominator,0.0,0,180,,0.0,0,415,,0.43373493975903615,180,415,,0.0,0,180,,1.0,180,180,,0.0,0,180,,0.0,0,180,,0.0,0.0,0.0,,present,,,,,,,,,,,,,,,,,,,,
G1,h102,ALL,S1,service,equal_candidate_equal_workload_macro,,,,,,,,,,,,,all denominators zero,,,,all denominators zero,0.0,,,,0.0,,,,0.43373493975903615,,,,0.0,,,,1.0,,,,0.0,,,,0.0,,,,0.0,0.0,0.0,,,0,0,0,0,1,5,1,5,1,5,1,5,1,5,1,5,1,5,1,5
G1,h102,-2,S1,latency_only,candidate_raw_counts,0,36,0,0,0,36,36,0,0,,0,0,zero denominator,,0,0,zero denominator,0.0,0,36,,0.0,0,36,,1.0,36,36,,0.0,0,36,,1.0,36,36,,0.0,0,36,,0.0,0,36,,0.0,0.0,0.0,,present,,,,,,,,,,,,,,,,,,,,
G1,h102,-1,S1,latency_only,candidate_raw_counts,0,36,0,0,0,36,36,0,0,,0,0,zero denominator,,0,0,zero denominator,0.0,0,36,,0.0,0,36,,1.0,36,36,,0.0,0,36,,1.0,36,36,,0.0,0,36,,0.0,0,36,,0.0,0.0,0.0,,present,,,,,,,,,,,,,,,,,,,,
G1,h102,0,S1,latency_only,candidate_raw_counts,0,36,0,0,0,36,36,0,0,,0,0,zero denominator,,0,0,zero denominator,0.0,0,36,,0.0,0,36,,1.0,36,36,,0.0,0,36,,1.0,36,36,,0.0,0,36,,0.0,0,36,,0.0,0.0,0.0,,present,,,,,,,,,,,,,,,,,,,,
G1,h102,1,S1,latency_only,candidate_raw_counts,0,36,0,0,0,36,36,0,0,,0,0,zero denominator,,0,0,zero denominator,0.0,0,36,,0.0,0,36,,1.0,36,36,,0.0,0,36,,1.0,36,36,,0.0,0,36,,0.0,0,36,,0.0,0.0,0.0,,present,,,,,,,,,,,,,,,,,,,,
G1,h102,2,S1,latency_only,candidate_raw_counts,0,36,0,0,0,36,36,0,0,,0,0,zero denominator,,0,0,zero denominator,0.0,0,36,,0.0,0,36,,1.0,36,36,,0.0,0,36,,1.0,36,36,,0.0,0,36,,0.0,0,36,,0.0,0.0,0.0,,present,,,,,,,,,,,,,,,,,,,,
G1,h102,ALL,S1,latency_only,pooled_counts,0,180,0,0,0,180,180,0,0,,0,0,zero denominator,,0,0,zero denominator,0.0,0,180,,0.0,0,180,,1.0,180,180,,0.0,0,180,,1.0,180,180,,0.0,0,180,,0.0,0,180,,0.0,0.0,0.0,,present,,,,,,,,,,,,,,,,,,,,
G1,h102,ALL,S1,latency_only,equal_candidate_equal_workload_macro,,,,,,,,,,,,,all denominators zero,,,,all denominators zero,0.0,,,,0.0,,,,1.0,,,,0.0,,,,1.0,,,,0.0,,,,0.0,,,,0.0,0.0,0.0,,,0,0,0,0,1,5,1,5,1,5,1,5,1,5,1,5,1,5,1,5
G1,h102,-2,S1,near_boundary,candidate_raw_counts,0,0,0,0,0,0,0,0,0,,0,0,zero denominator,,0,0,zero denominator,,0,0,zero denominator,,0,0,zero denominator,,0,0,zero denominator,,0,0,zero denominator,,0,0,zero denominator,,0,0,zero denominator,,0,0,zero denominator,,,,no both-attainment-defined points,absent,,,,,,,,,,,,,,,,,,,,
G1,h102,-1,S1,near_boundary,candidate_raw_counts,0,0,0,0,0,0,0,0,0,,0,0,zero denominator,,0,0,zero denominator,,0,0,zero denominator,,0,0,zero denominator,,0,0,zero denominator,,0,0,zero denominator,,0,0,zero denominator,,0,0,zero denominator,,0,0,zero denominator,,,,no both-attainment-defined points,absent,,,,,,,,,,,,,,,,,,,,
G1,h102,0,S1,near_boundary,candidate_raw_counts,0,0,0,0,0,0,0,0,0,,0,0,zero denominator,,0,0,zero denominator,,0,0,zero denominator,,0,0,zero denominator,,0,0,zero denominator,,0,0,zero denominator,,0,0,zero denominator,,0,0,zero denominator,,0,0,zero denominator,,,,no both-attainment-defined points,absent,,,,,,,,,,,,,,,,,,,,
G1,h102,1,S1,near_boundary,candidate_raw_counts,0,0,0,0,0,0,0,0,0,,0,0,zero denominator,,0,0,zero denominator,,0,0,zero denominator,,0,0,zero denominator,,0,0,zero denominator,,0,0,zero denominator,,0,0,zero denominator,,0,0,zero denominator,,0,0,zero denominator,,,,no both-attainment-defined points,absent,,,,,,,,,,,,,,,,,,,,
G1,h102,2,S1,near_boundary,candidate_raw_counts,0,0,0,0,0,0,0,0,0,,0,0,zero denominator,,0,0,zero denominator,,0,0,zero denominator,,0,0,zero denominator,,0,0,zero denominator,,0,0,zero denominator,,0,0,zero denominator,,0,0,zero denominator,,0,0,zero denominator,,,,no both-attainment-defined points,absent,,,,,,,,,,,,,,,,,,,,
G1,h102,ALL,S1,near_boundary,pooled_counts,0,0,0,0,0,0,0,0,0,,0,0,zero denominator,,0,0,zero denominator,,0,0,zero denominator,,0,0,zero denominator,,0,0,zero denominator,,0,0,zero denominator,,0,0,zero denominator,,0,0,zero denominator,,0,0,zero denominator,,,,no both-attainment-defined points,absent,,,,,,,,,,,,,,,,,,,,
G1,h102,ALL,S1,near_boundary,equal_candidate_equal_workload_macro,,,,,,,,,,,,,all denominators zero,,,,all denominators zero,,,,all denominators zero,,,,all denominators zero,,,,all denominators zero,,,,all denominators zero,,,,all denominators zero,,,,all denominators zero,,,,all denominators zero,,,,empty applicable subset,,0,0,0,0,0,0,0,0,0,0,0,0,0,0,0,0,0,0,0,0
G1,h102,-2,S2,service,candidate_raw_counts,0,36,0,0,47,83,36,0,0,,0,0,zero denominator,,0,0,zero denominator,0.0,0,36,,0.0,0,83,,0.43373493975903615,36,83,,0.0,0,36,,1.0,36,36,,0.0,0,36,,0.0,0,36,,0.00720164609053498,0.008230452674897118,0.018518518518518517,,present,,,,,,,,,,,,,,,,,,,,
G1,h102,-1,S2,service,candidate_raw_counts,0,36,0,0,47,83,36,0,0,,0,0,zero denominator,,0,0,zero denominator,0.0,0,36,,0.0,0,83,,0.43373493975903615,36,83,,0.0,0,36,,1.0,36,36,,0.0,0,36,,0.0,0,36,,0.00925925925925926,0.00925925925925926,0.018518518518518545,,present,,,,,,,,,,,,,,,,,,,,
G1,h102,0,S2,service,candidate_raw_counts,0,36,0,0,47,83,36,0,0,,0,0,zero denominator,,0,0,zero denominator,0.0,0,36,,0.0,0,83,,0.43373493975903615,36,83,,0.0,0,36,,1.0,36,36,,0.0,0,36,,0.0,0,36,,0.015432098765432098,0.015432098765432098,0.07407407407407407,,present,,,,,,,,,,,,,,,,,,,,
G1,h102,1,S2,service,candidate_raw_counts,0,36,0,0,47,83,36,0,0,,0,0,zero denominator,,0,0,zero denominator,0.0,0,36,,0.0,0,83,,0.43373493975903615,36,83,,0.0,0,36,,1.0,36,36,,0.0,0,36,,0.0,0,36,,0.013888888888888888,0.013888888888888888,0.07407407407407407,,present,,,,,,,,,,,,,,,,,,,,
G1,h102,2,S2,service,candidate_raw_counts,0,36,0,0,47,83,36,0,0,,0,0,zero denominator,,0,0,zero denominator,0.0,0,36,,0.0,0,83,,0.43373493975903615,36,83,,0.0,0,36,,1.0,36,36,,0.0,0,36,,0.0,0,36,,0.013374485596707819,0.013374485596707819,0.055555555555555525,,present,,,,,,,,,,,,,,,,,,,,
G1,h102,ALL,S2,service,pooled_counts,0,180,0,0,235,415,180,0,0,,0,0,zero denominator,,0,0,zero denominator,0.0,0,180,,0.0,0,415,,0.43373493975903615,180,415,,0.0,0,180,,1.0,180,180,,0.0,0,180,,0.0,0,180,,0.011831275720164609,0.012037037037037037,0.037037037037037035,,present,,,,,,,,,,,,,,,,,,,,
G1,h102,ALL,S2,service,equal_candidate_equal_workload_macro,,,,,,,,,,,,,all denominators zero,,,,all denominators zero,0.0,,,,0.0,,,,0.43373493975903615,,,,0.0,,,,1.0,,,,0.0,,,,0.0,,,,0.011831275720164609,0.012037037037037037,0.037037037037037035,,,0,0,0,0,1,5,1,5,1,5,1,5,1,5,1,5,1,5,1,5
G1,h102,-2,S2,latency_only,candidate_raw_counts,0,36,0,0,0,36,36,0,0,,0,0,zero denominator,,0,0,zero denominator,0.0,0,36,,0.0,0,36,,1.0,36,36,,0.0,0,36,,1.0,36,36,,0.0,0,36,,0.0,0,36,,0.00720164609053498,0.008230452674897118,0.018518518518518517,,present,,,,,,,,,,,,,,,,,,,,
G1,h102,-1,S2,latency_only,candidate_raw_counts,0,36,0,0,0,36,36,0,0,,0,0,zero denominator,,0,0,zero denominator,0.0,0,36,,0.0,0,36,,1.0,36,36,,0.0,0,36,,1.0,36,36,,0.0,0,36,,0.0,0,36,,0.00925925925925926,0.00925925925925926,0.018518518518518545,,present,,,,,,,,,,,,,,,,,,,,
G1,h102,0,S2,latency_only,candidate_raw_counts,0,36,0,0,0,36,36,0,0,,0,0,zero denominator,,0,0,zero denominator,0.0,0,36,,0.0,0,36,,1.0,36,36,,0.0,0,36,,1.0,36,36,,0.0,0,36,,0.0,0,36,,0.015432098765432098,0.015432098765432098,0.07407407407407407,,present,,,,,,,,,,,,,,,,,,,,
G1,h102,1,S2,latency_only,candidate_raw_counts,0,36,0,0,0,36,36,0,0,,0,0,zero denominator,,0,0,zero denominator,0.0,0,36,,0.0,0,36,,1.0,36,36,,0.0,0,36,,1.0,36,36,,0.0,0,36,,0.0,0,36,,0.013888888888888888,0.013888888888888888,0.07407407407407407,,present,,,,,,,,,,,,,,,,,,,,
G1,h102,2,S2,latency_only,candidate_raw_counts,0,36,0,0,0,36,36,0,0,,0,0,zero denominator,,0,0,zero denominator,0.0,0,36,,0.0,0,36,,1.0,36,36,,0.0,0,36,,1.0,36,36,,0.0,0,36,,0.0,0,36,,0.013374485596707819,0.013374485596707819,0.055555555555555525,,present,,,,,,,,,,,,,,,,,,,,
G1,h102,ALL,S2,latency_only,pooled_counts,0,180,0,0,0,180,180,0,0,,0,0,zero denominator,,0,0,zero denominator,0.0,0,180,,0.0,0,180,,1.0,180,180,,0.0,0,180,,1.0,180,180,,0.0,0,180,,0.0,0,180,,0.011831275720164609,0.012037037037037037,0.037037037037037035,,present,,,,,,,,,,,,,,,,,,,,
G1,h102,ALL,S2,latency_only,equal_candidate_equal_workload_macro,,,,,,,,,,,,,all denominators zero,,,,all denominators zero,0.0,,,,0.0,,,,1.0,,,,0.0,,,,1.0,,,,0.0,,,,0.0,,,,0.011831275720164609,0.012037037037037037,0.037037037037037035,,,0,0,0,0,1,5,1,5,1,5,1,5,1,5,1,5,1,5,1,5
G1,h102,-2,S2,near_boundary,candidate_raw_counts,0,0,0,0,0,0,0,0,0,,0,0,zero denominator,,0,0,zero denominator,,0,0,zero denominator,,0,0,zero denominator,,0,0,zero denominator,,0,0,zero denominator,,0,0,zero denominator,,0,0,zero denominator,,0,0,zero denominator,,,,no both-attainment-defined points,absent,,,,,,,,,,,,,,,,,,,,
G1,h102,-1,S2,near_boundary,candidate_raw_counts,0,0,0,0,0,0,0,0,0,,0,0,zero denominator,,0,0,zero denominator,,0,0,zero denominator,,0,0,zero denominator,,0,0,zero denominator,,0,0,zero denominator,,0,0,zero denominator,,0,0,zero denominator,,0,0,zero denominator,,,,no both-attainment-defined points,absent,,,,,,,,,,,,,,,,,,,,
G1,h102,0,S2,near_boundary,candidate_raw_counts,0,0,0,0,0,0,0,0,0,,0,0,zero denominator,,0,0,zero denominator,,0,0,zero denominator,,0,0,zero denominator,,0,0,zero denominator,,0,0,zero denominator,,0,0,zero denominator,,0,0,zero denominator,,0,0,zero denominator,,,,no both-attainment-defined points,absent,,,,,,,,,,,,,,,,,,,,
G1,h102,1,S2,near_boundary,candidate_raw_counts,0,0,0,0,0,0,0,0,0,,0,0,zero denominator,,0,0,zero denominator,,0,0,zero denominator,,0,0,zero denominator,,0,0,zero denominator,,0,0,zero denominator,,0,0,zero denominator,,0,0,zero denominator,,0,0,zero denominator,,,,no both-attainment-defined points,absent,,,,,,,,,,,,,,,,,,,,
G1,h102,2,S2,near_boundary,candidate_raw_counts,0,0,0,0,0,0,0,0,0,,0,0,zero denominator,,0,0,zero denominator,,0,0,zero denominator,,0,0,zero denominator,,0,0,zero denominator,,0,0,zero denominator,,0,0,zero denominator,,0,0,zero denominator,,0,0,zero denominator,,,,no both-attainment-defined points,absent,,,,,,,,,,,,,,,,,,,,
G1,h102,ALL,S2,near_boundary,pooled_counts,0,0,0,0,0,0,0,0,0,,0,0,zero denominator,,0,0,zero denominator,,0,0,zero denominator,,0,0,zero denominator,,0,0,zero denominator,,0,0,zero denominator,,0,0,zero denominator,,0,0,zero denominator,,0,0,zero denominator,,,,no both-attainment-defined points,absent,,,,,,,,,,,,,,,,,,,,
G1,h102,ALL,S2,near_boundary,equal_candidate_equal_workload_macro,,,,,,,,,,,,,all denominators zero,,,,all denominators zero,,,,all denominators zero,,,,all denominators zero,,,,all denominators zero,,,,all denominators zero,,,,all denominators zero,,,,all denominators zero,,,,all denominators zero,,,,empty applicable subset,,0,0,0,0,0,0,0,0,0,0,0,0,0,0,0,0,0,0,0,0
G1,h102,-2,S3,service,candidate_raw_counts,0,36,0,0,47,83,36,0,0,,0,0,zero denominator,,0,0,zero denominator,0.0,0,36,,0.0,0,83,,0.43373493975903615,36,83,,0.0,0,36,,1.0,36,36,,0.0,0,36,,0.0,0,36,,0.0,0.0,0.0,,present,,,,,,,,,,,,,,,,,,,,
G1,h102,-1,S3,service,candidate_raw_counts,0,36,0,0,47,83,36,0,0,,0,0,zero denominator,,0,0,zero denominator,0.0,0,36,,0.0,0,83,,0.43373493975903615,36,83,,0.0,0,36,,1.0,36,36,,0.0,0,36,,0.0,0,36,,0.0,0.0,0.0,,present,,,,,,,,,,,,,,,,,,,,
G1,h102,0,S3,service,candidate_raw_counts,0,36,0,0,47,83,36,0,0,,0,0,zero denominator,,0,0,zero denominator,0.0,0,36,,0.0,0,83,,0.43373493975903615,36,83,,0.0,0,36,,1.0,36,36,,0.0,0,36,,0.0,0,36,,0.0,0.0,0.0,,present,,,,,,,,,,,,,,,,,,,,
G1,h102,1,S3,service,candidate_raw_counts,0,36,0,0,47,83,36,0,0,,0,0,zero denominator,,0,0,zero denominator,0.0,0,36,,0.0,0,83,,0.43373493975903615,36,83,,0.0,0,36,,1.0,36,36,,0.0,0,36,,0.0,0,36,,0.0,0.0,0.0,,present,,,,,,,,,,,,,,,,,,,,
G1,h102,2,S3,service,candidate_raw_counts,0,36,0,0,47,83,36,0,0,,0,0,zero denominator,,0,0,zero denominator,0.0,0,36,,0.0,0,83,,0.43373493975903615,36,83,,0.0,0,36,,1.0,36,36,,0.0,0,36,,0.0,0,36,,0.0,0.0,0.0,,present,,,,,,,,,,,,,,,,,,,,
G1,h102,ALL,S3,service,pooled_counts,0,180,0,0,235,415,180,0,0,,0,0,zero denominator,,0,0,zero denominator,0.0,0,180,,0.0,0,415,,0.43373493975903615,180,415,,0.0,0,180,,1.0,180,180,,0.0,0,180,,0.0,0,180,,0.0,0.0,0.0,,present,,,,,,,,,,,,,,,,,,,,
G1,h102,ALL,S3,service,equal_candidate_equal_workload_macro,,,,,,,,,,,,,all denominators zero,,,,all denominators zero,0.0,,,,0.0,,,,0.43373493975903615,,,,0.0,,,,1.0,,,,0.0,,,,0.0,,,,0.0,0.0,0.0,,,0,0,0,0,1,5,1,5,1,5,1,5,1,5,1,5,1,5,1,5
G1,h102,-2,S3,latency_only,candidate_raw_counts,0,36,0,0,0,36,36,0,0,,0,0,zero denominator,,0,0,zero denominator,0.0,0,36,,0.0,0,36,,1.0,36,36,,0.0,0,36,,1.0,36,36,,0.0,0,36,,0.0,0,36,,0.0,0.0,0.0,,present,,,,,,,,,,,,,,,,,,,,
G1,h102,-1,S3,latency_only,candidate_raw_counts,0,36,0,0,0,36,36,0,0,,0,0,zero denominator,,0,0,zero denominator,0.0,0,36,,0.0,0,36,,1.0,36,36,,0.0,0,36,,1.0,36,36,,0.0,0,36,,0.0,0,36,,0.0,0.0,0.0,,present,,,,,,,,,,,,,,,,,,,,
G1,h102,0,S3,latency_only,candidate_raw_counts,0,36,0,0,0,36,36,0,0,,0,0,zero denominator,,0,0,zero denominator,0.0,0,36,,0.0,0,36,,1.0,36,36,,0.0,0,36,,1.0,36,36,,0.0,0,36,,0.0,0,36,,0.0,0.0,0.0,,present,,,,,,,,,,,,,,,,,,,,
G1,h102,1,S3,latency_only,candidate_raw_counts,0,36,0,0,0,36,36,0,0,,0,0,zero denominator,,0,0,zero denominator,0.0,0,36,,0.0,0,36,,1.0,36,36,,0.0,0,36,,1.0,36,36,,0.0,0,36,,0.0,0,36,,0.0,0.0,0.0,,present,,,,,,,,,,,,,,,,,,,,
G1,h102,2,S3,latency_only,candidate_raw_counts,0,36,0,0,0,36,36,0,0,,0,0,zero denominator,,0,0,zero denominator,0.0,0,36,,0.0,0,36,,1.0,36,36,,0.0,0,36,,1.0,36,36,,0.0,0,36,,0.0,0,36,,0.0,0.0,0.0,,present,,,,,,,,,,,,,,,,,,,,
G1,h102,ALL,S3,latency_only,pooled_counts,0,180,0,0,0,180,180,0,0,,0,0,zero denominator,,0,0,zero denominator,0.0,0,180,,0.0,0,180,,1.0,180,180,,0.0,0,180,,1.0,180,180,,0.0,0,180,,0.0,0,180,,0.0,0.0,0.0,,present,,,,,,,,,,,,,,,,,,,,
G1,h102,ALL,S3,latency_only,equal_candidate_equal_workload_macro,,,,,,,,,,,,,all denominators zero,,,,all denominators zero,0.0,,,,0.0,,,,1.0,,,,0.0,,,,1.0,,,,0.0,,,,0.0,,,,0.0,0.0,0.0,,,0,0,0,0,1,5,1,5,1,5,1,5,1,5,1,5,1,5,1,5
G1,h102,-2,S3,near_boundary,candidate_raw_counts,0,0,0,0,0,0,0,0,0,,0,0,zero denominator,,0,0,zero denominator,,0,0,zero denominator,,0,0,zero denominator,,0,0,zero denominator,,0,0,zero denominator,,0,0,zero denominator,,0,0,zero denominator,,0,0,zero denominator,,,,no both-attainment-defined points,absent,,,,,,,,,,,,,,,,,,,,
G1,h102,-1,S3,near_boundary,candidate_raw_counts,0,0,0,0,0,0,0,0,0,,0,0,zero denominator,,0,0,zero denominator,,0,0,zero denominator,,0,0,zero denominator,,0,0,zero denominator,,0,0,zero denominator,,0,0,zero denominator,,0,0,zero denominator,,0,0,zero denominator,,,,no both-attainment-defined points,absent,,,,,,,,,,,,,,,,,,,,
G1,h102,0,S3,near_boundary,candidate_raw_counts,0,0,0,0,0,0,0,0,0,,0,0,zero denominator,,0,0,zero denominator,,0,0,zero denominator,,0,0,zero denominator,,0,0,zero denominator,,0,0,zero denominator,,0,0,zero denominator,,0,0,zero denominator,,0,0,zero denominator,,,,no both-attainment-defined points,absent,,,,,,,,,,,,,,,,,,,,
G1,h102,1,S3,near_boundary,candidate_raw_counts,0,0,0,0,0,0,0,0,0,,0,0,zero denominator,,0,0,zero denominator,,0,0,zero denominator,,0,0,zero denominator,,0,0,zero denominator,,0,0,zero denominator,,0,0,zero denominator,,0,0,zero denominator,,0,0,zero denominator,,,,no both-attainment-defined points,absent,,,,,,,,,,,,,,,,,,,,
G1,h102,2,S3,near_boundary,candidate_raw_counts,0,0,0,0,0,0,0,0,0,,0,0,zero denominator,,0,0,zero denominator,,0,0,zero denominator,,0,0,zero denominator,,0,0,zero denominator,,0,0,zero denominator,,0,0,zero denominator,,0,0,zero denominator,,0,0,zero denominator,,,,no both-attainment-defined points,absent,,,,,,,,,,,,,,,,,,,,
G1,h102,ALL,S3,near_boundary,pooled_counts,0,0,0,0,0,0,0,0,0,,0,0,zero denominator,,0,0,zero denominator,,0,0,zero denominator,,0,0,zero denominator,,0,0,zero denominator,,0,0,zero denominator,,0,0,zero denominator,,0,0,zero denominator,,0,0,zero denominator,,,,no both-attainment-defined points,absent,,,,,,,,,,,,,,,,,,,,
G1,h102,ALL,S3,near_boundary,equal_candidate_equal_workload_macro,,,,,,,,,,,,,all denominators zero,,,,all denominators zero,,,,all denominators zero,,,,all denominators zero,,,,all denominators zero,,,,all denominators zero,,,,all denominators zero,,,,all denominators zero,,,,all denominators zero,,,,empty applicable subset,,0,0,0,0,0,0,0,0,0,0,0,0,0,0,0,0,0,0,0,0
G1,h102,-2,S4,service,candidate_raw_counts,29,6,0,1,47,83,36,29,0,0.0,0,29,,0.03333333333333333,1,30,,0.0,0,6,,0.3493975903614458,29,83,,0.43373493975903615,36,83,,0.8055555555555556,29,36,,0.16666666666666666,6,36,,0.0,0,36,,0.027777777777777776,1,36,,-0.008230452674897118,0.012345679012345678,0.037037037037037035,,present,,,,,,,,,,,,,,,,,,,,
G1,h102,-1,S4,service,candidate_raw_counts,29,6,0,1,47,83,36,29,0,0.0,0,29,,0.03333333333333333,1,30,,0.0,0,6,,0.3493975903614458,29,83,,0.43373493975903615,36,83,,0.8055555555555556,29,36,,0.16666666666666666,6,36,,0.0,0,36,,0.027777777777777776,1,36,,-0.0102880658436214,0.0205761316872428,0.037037037037037035,,present,,,,,,,,,,,,,,,,,,,,
G1,h102,0,S4,service,candidate_raw_counts,28,7,0,1,47,83,36,28,0,0.0,0,28,,0.034482758620689655,1,29,,0.0,0,7,,0.3373493975903614,28,83,,0.43373493975903615,36,83,,0.7777777777777778,28,36,,0.19444444444444445,7,36,,0.0,0,36,,0.027777777777777776,1,36,,-0.013374485596707817,0.021604938271604937,0.05555555555555555,,present,,,,,,,,,,,,,,,,,,,,
G1,h102,1,S4,service,candidate_raw_counts,27,8,0,1,47,83,36,27,0,0.0,0,27,,0.03571428571428571,1,28,,0.0,0,8,,0.3253012048192771,27,83,,0.43373493975903615,36,83,,0.75,27,36,,0.2222222222222222,8,36,,0.0,0,36,,0.027777777777777776,1,36,,-0.010802469135802467,0.019032921810699585,0.05555555555555555,,present,,,,,,,,,,,,,,,,,,,,
G1,h102,2,S4,service,candidate_raw_counts,26,9,0,1,47,83,36,26,0,0.0,0,26,,0.037037037037037035,1,27,,0.0,0,9,,0.3132530120481928,26,83,,0.43373493975903615,36,83,,0.7222222222222222,26,36,,0.25,9,36,,0.0,0,36,,0.027777777777777776,1,36,,-0.012860082304526751,0.01491769547325103,0.03703703703703709,,present,,,,,,,,,,,,,,,,,,,,
G1,h102,ALL,S4,service,pooled_counts,139,36,0,5,235,415,180,139,0,0.0,0,139,,0.034722222222222224,5,144,,0.0,0,36,,0.3349397590361446,139,415,,0.43373493975903615,180,415,,0.7722222222222223,139,180,,0.2,36,180,,0.0,0,180,,0.027777777777777776,5,180,,-0.01111111111111111,0.017695473251028805,0.037037037037037035,,present,,,,,,,,,,,,,,,,,,,,
G1,h102,ALL,S4,service,equal_candidate_equal_workload_macro,,,,,,,,,,0.0,,,,0.034780149607735816,,,,0.0,,,,0.3349397590361446,,,,0.43373493975903615,,,,0.7722222222222223,,,,0.19999999999999998,,,,0.0,,,,0.027777777777777776,,,,-0.01111111111111111,0.017695473251028805,0.037037037037037035,,,1,5,1,5,1,5,1,5,1,5,1,5,1,5,1,5,1,5,1,5
G1,h102,-2,S4,latency_only,candidate_raw_counts,29,6,0,1,0,36,36,29,0,0.0,0,29,,0.03333333333333333,1,30,,0.0,0,6,,0.8055555555555556,29,36,,1.0,36,36,,0.8055555555555556,29,36,,0.16666666666666666,6,36,,0.0,0,36,,0.027777777777777776,1,36,,-0.008230452674897118,0.012345679012345678,0.037037037037037035,,present,,,,,,,,,,,,,,,,,,,,
G1,h102,-1,S4,latency_only,candidate_raw_counts,29,6,0,1,0,36,36,29,0,0.0,0,29,,0.03333333333333333,1,30,,0.0,0,6,,0.8055555555555556,29,36,,1.0,36,36,,0.8055555555555556,29,36,,0.16666666666666666,6,36,,0.0,0,36,,0.027777777777777776,1,36,,-0.0102880658436214,0.0205761316872428,0.037037037037037035,,present,,,,,,,,,,,,,,,,,,,,
G1,h102,0,S4,latency_only,candidate_raw_counts,28,7,0,1,0,36,36,28,0,0.0,0,28,,0.034482758620689655,1,29,,0.0,0,7,,0.7777777777777778,28,36,,1.0,36,36,,0.7777777777777778,28,36,,0.19444444444444445,7,36,,0.0,0,36,,0.027777777777777776,1,36,,-0.013374485596707817,0.021604938271604937,0.05555555555555555,,present,,,,,,,,,,,,,,,,,,,,
G1,h102,1,S4,latency_only,candidate_raw_counts,27,8,0,1,0,36,36,27,0,0.0,0,27,,0.03571428571428571,1,28,,0.0,0,8,,0.75,27,36,,1.0,36,36,,0.75,27,36,,0.2222222222222222,8,36,,0.0,0,36,,0.027777777777777776,1,36,,-0.010802469135802467,0.019032921810699585,0.05555555555555555,,present,,,,,,,,,,,,,,,,,,,,
G1,h102,2,S4,latency_only,candidate_raw_counts,26,9,0,1,0,36,36,26,0,0.0,0,26,,0.037037037037037035,1,27,,0.0,0,9,,0.7222222222222222,26,36,,1.0,36,36,,0.7222222222222222,26,36,,0.25,9,36,,0.0,0,36,,0.027777777777777776,1,36,,-0.012860082304526751,0.01491769547325103,0.03703703703703709,,present,,,,,,,,,,,,,,,,,,,,
G1,h102,ALL,S4,latency_only,pooled_counts,139,36,0,5,0,180,180,139,0,0.0,0,139,,0.034722222222222224,5,144,,0.0,0,36,,0.7722222222222223,139,180,,1.0,180,180,,0.7722222222222223,139,180,,0.2,36,180,,0.0,0,180,,0.027777777777777776,5,180,,-0.01111111111111111,0.017695473251028805,0.037037037037037035,,present,,,,,,,,,,,,,,,,,,,,
G1,h102,ALL,S4,latency_only,equal_candidate_equal_workload_macro,,,,,,,,,,0.0,,,,0.034780149607735816,,,,0.0,,,,0.7722222222222223,,,,1.0,,,,0.7722222222222223,,,,0.19999999999999998,,,,0.0,,,,0.027777777777777776,,,,-0.01111111111111111,0.017695473251028805,0.037037037037037035,,,1,5,1,5,1,5,1,5,1,5,1,5,1,5,1,5,1,5,1,5
G1,h102,-2,S4,near_boundary,candidate_raw_counts,0,0,0,0,0,0,0,0,0,,0,0,zero denominator,,0,0,zero denominator,,0,0,zero denominator,,0,0,zero denominator,,0,0,zero denominator,,0,0,zero denominator,,0,0,zero denominator,,0,0,zero denominator,,0,0,zero denominator,,,,no both-attainment-defined points,absent,,,,,,,,,,,,,,,,,,,,
G1,h102,-1,S4,near_boundary,candidate_raw_counts,0,0,0,1,0,1,1,0,0,,0,0,zero denominator,1.0,1,1,,,0,0,zero denominator,0.0,0,1,,1.0,1,1,,0.0,0,1,,0.0,0,1,,0.0,0,1,,1.0,1,1,,-0.35185185185185186,0.35185185185185186,0.35185185185185186,,present,,,,,,,,,,,,,,,,,,,,
G1,h102,0,S4,near_boundary,candidate_raw_counts,0,0,0,0,0,0,0,0,0,,0,0,zero denominator,,0,0,zero denominator,,0,0,zero denominator,,0,0,zero denominator,,0,0,zero denominator,,0,0,zero denominator,,0,0,zero denominator,,0,0,zero denominator,,0,0,zero denominator,,,,no both-attainment-defined points,absent,,,,,,,,,,,,,,,,,,,,
G1,h102,1,S4,near_boundary,candidate_raw_counts,0,0,0,1,0,1,1,0,0,,0,0,zero denominator,1.0,1,1,,,0,0,zero denominator,0.0,0,1,,1.0,1,1,,0.0,0,1,,0.0,0,1,,0.0,0,1,,1.0,1,1,,-0.07407407407407407,0.07407407407407407,0.07407407407407407,,present,,,,,,,,,,,,,,,,,,,,
G1,h102,2,S4,near_boundary,candidate_raw_counts,0,0,0,1,0,1,1,0,0,,0,0,zero denominator,1.0,1,1,,,0,0,zero denominator,0.0,0,1,,1.0,1,1,,0.0,0,1,,0.0,0,1,,0.0,0,1,,1.0,1,1,,-0.03703703703703709,0.03703703703703709,0.03703703703703709,,present,,,,,,,,,,,,,,,,,,,,
G1,h102,ALL,S4,near_boundary,pooled_counts,0,0,0,3,0,3,3,0,0,,0,0,zero denominator,1.0,3,3,,,0,0,zero denominator,0.0,0,3,,1.0,3,3,,0.0,0,3,,0.0,0,3,,0.0,0,3,,1.0,3,3,,-0.154320987654321,0.154320987654321,0.35185185185185186,,present,,,,,,,,,,,,,,,,,,,,
G1,h102,ALL,S4,near_boundary,equal_candidate_equal_workload_macro,,,,,,,,,,,,,all denominators zero,1.0,,,,,,,all denominators zero,0.0,,,,1.0,,,,0.0,,,,0.0,,,,0.0,,,,1.0,,,,-0.154320987654321,0.154320987654321,0.35185185185185186,,,0,0,1,3,0,0,1,3,1,3,1,3,1,3,1,3,1,3,1,3
G1,h102,-2,S5,service,candidate_raw_counts,31,5,0,0,47,83,36,31,0,0.0,0,31,,0.0,0,31,,0.0,0,5,,0.37349397590361444,31,83,,0.43373493975903615,36,83,,0.8611111111111112,31,36,,0.1388888888888889,5,36,,0.0,0,36,,0.0,0,36,,0.015432098765432101,0.01646090534979424,0.07407407407407407,,present,,,,,,,,,,,,,,,,,,,,
G1,h102,-1,S5,service,candidate_raw_counts,30,5,1,0,47,83,36,31,0,0.03225806451612903,1,31,,0.0,0,30,,0.16666666666666666,1,6,,0.37349397590361444,31,83,,0.43373493975903615,36,83,,0.8333333333333334,30,36,,0.1388888888888889,5,36,,0.027777777777777776,1,36,,0.0,0,36,,0.01800411522633745,0.01800411522633745,0.1111111111111111,,present,,,,,,,,,,,,,,,,,,,,
G1,h102,0,S5,service,candidate_raw_counts,30,5,1,0,47,83,36,31,0,0.03225806451612903,1,31,,0.0,0,30,,0.16666666666666666,1,6,,0.37349397590361444,31,83,,0.43373493975903615,36,83,,0.8333333333333334,30,36,,0.1388888888888889,5,36,,0.027777777777777776,1,36,,0.0,0,36,,0.027777777777777773,0.027777777777777773,0.12962962962962962,,present,,,,,,,,,,,,,,,,,,,,
G1,h102,1,S5,service,candidate_raw_counts,30,6,0,0,47,83,36,30,0,0.0,0,30,,0.0,0,30,,0.0,0,6,,0.3614457831325301,30,83,,0.43373493975903615,36,83,,0.8333333333333334,30,36,,0.16666666666666666,6,36,,0.0,0,36,,0.0,0,36,,0.025205761316872424,0.025205761316872424,0.1111111111111111,,present,,,,,,,,,,,,,,,,,,,,
G1,h102,2,S5,service,candidate_raw_counts,29,6,1,0,47,83,36,30,0,0.03333333333333333,1,30,,0.0,0,29,,0.14285714285714285,1,7,,0.3614457831325301,30,83,,0.43373493975903615,36,83,,0.8055555555555556,29,36,,0.16666666666666666,6,36,,0.027777777777777776,1,36,,0.0,0,36,,0.028292181069958847,0.028292181069958847,0.12962962962962965,,present,,,,,,,,,,,,,,,,,,,,
G1,h102,ALL,S5,service,pooled_counts,150,27,3,0,235,415,180,153,0,0.0196078431372549,3,153,,0.0,0,150,,0.1,3,30,,0.3686746987951807,153,415,,0.43373493975903615,180,415,,0.8333333333333334,150,180,,0.15,27,180,,0.016666666666666666,3,180,,0.0,0,180,,0.02294238683127572,0.023148148148148147,0.09259259259259262,,present,,,,,,,,,,,,,,,,,,,,
G1,h102,ALL,S5,service,equal_candidate_equal_workload_macro,,,,,,,,,,0.01956989247311828,,,,0.0,,,,0.09523809523809523,,,,0.3686746987951807,,,,0.43373493975903615,,,,0.8333333333333334,,,,0.15,,,,0.016666666666666666,,,,0.0,,,,0.02294238683127572,0.023148148148148147,0.09259259259259262,,,1,5,1,5,1,5,1,5,1,5,1,5,1,5,1,5,1,5,1,5
G1,h102,-2,S5,latency_only,candidate_raw_counts,31,5,0,0,0,36,36,31,0,0.0,0,31,,0.0,0,31,,0.0,0,5,,0.8611111111111112,31,36,,1.0,36,36,,0.8611111111111112,31,36,,0.1388888888888889,5,36,,0.0,0,36,,0.0,0,36,,0.015432098765432101,0.01646090534979424,0.07407407407407407,,present,,,,,,,,,,,,,,,,,,,,
G1,h102,-1,S5,latency_only,candidate_raw_counts,30,5,1,0,0,36,36,31,0,0.03225806451612903,1,31,,0.0,0,30,,0.16666666666666666,1,6,,0.8611111111111112,31,36,,1.0,36,36,,0.8333333333333334,30,36,,0.1388888888888889,5,36,,0.027777777777777776,1,36,,0.0,0,36,,0.01800411522633745,0.01800411522633745,0.1111111111111111,,present,,,,,,,,,,,,,,,,,,,,
G1,h102,0,S5,latency_only,candidate_raw_counts,30,5,1,0,0,36,36,31,0,0.03225806451612903,1,31,,0.0,0,30,,0.16666666666666666,1,6,,0.8611111111111112,31,36,,1.0,36,36,,0.8333333333333334,30,36,,0.1388888888888889,5,36,,0.027777777777777776,1,36,,0.0,0,36,,0.027777777777777773,0.027777777777777773,0.12962962962962962,,present,,,,,,,,,,,,,,,,,,,,
G1,h102,1,S5,latency_only,candidate_raw_counts,30,6,0,0,0,36,36,30,0,0.0,0,30,,0.0,0,30,,0.0,0,6,,0.8333333333333334,30,36,,1.0,36,36,,0.8333333333333334,30,36,,0.16666666666666666,6,36,,0.0,0,36,,0.0,0,36,,0.025205761316872424,0.025205761316872424,0.1111111111111111,,present,,,,,,,,,,,,,,,,,,,,
G1,h102,2,S5,latency_only,candidate_raw_counts,29,6,1,0,0,36,36,30,0,0.03333333333333333,1,30,,0.0,0,29,,0.14285714285714285,1,7,,0.8333333333333334,30,36,,1.0,36,36,,0.8055555555555556,29,36,,0.16666666666666666,6,36,,0.027777777777777776,1,36,,0.0,0,36,,0.028292181069958847,0.028292181069958847,0.12962962962962965,,present,,,,,,,,,,,,,,,,,,,,
G1,h102,ALL,S5,latency_only,pooled_counts,150,27,3,0,0,180,180,153,0,0.0196078431372549,3,153,,0.0,0,150,,0.1,3,30,,0.85,153,180,,1.0,180,180,,0.8333333333333334,150,180,,0.15,27,180,,0.016666666666666666,3,180,,0.0,0,180,,0.02294238683127572,0.023148148148148147,0.09259259259259262,,present,,,,,,,,,,,,,,,,,,,,
G1,h102,ALL,S5,latency_only,equal_candidate_equal_workload_macro,,,,,,,,,,0.01956989247311828,,,,0.0,,,,0.09523809523809523,,,,0.8500000000000001,,,,1.0,,,,0.8333333333333334,,,,0.15,,,,0.016666666666666666,,,,0.0,,,,0.02294238683127572,0.023148148148148147,0.09259259259259262,,,1,5,1,5,1,5,1,5,1,5,1,5,1,5,1,5,1,5,1,5
G1,h102,-2,S5,near_boundary,candidate_raw_counts,0,0,0,0,0,0,0,0,0,,0,0,zero denominator,,0,0,zero denominator,,0,0,zero denominator,,0,0,zero denominator,,0,0,zero denominator,,0,0,zero denominator,,0,0,zero denominator,,0,0,zero denominator,,0,0,zero denominator,,,,no both-attainment-defined points,absent,,,,,,,,,,,,,,,,,,,,
G1,h102,-1,S5,near_boundary,candidate_raw_counts,0,0,0,0,0,0,0,0,0,,0,0,zero denominator,,0,0,zero denominator,,0,0,zero denominator,,0,0,zero denominator,,0,0,zero denominator,,0,0,zero denominator,,0,0,zero denominator,,0,0,zero denominator,,0,0,zero denominator,,,,no both-attainment-defined points,absent,,,,,,,,,,,,,,,,,,,,
G1,h102,0,S5,near_boundary,candidate_raw_counts,0,0,0,0,0,0,0,0,0,,0,0,zero denominator,,0,0,zero denominator,,0,0,zero denominator,,0,0,zero denominator,,0,0,zero denominator,,0,0,zero denominator,,0,0,zero denominator,,0,0,zero denominator,,0,0,zero denominator,,,,no both-attainment-defined points,absent,,,,,,,,,,,,,,,,,,,,
G1,h102,1,S5,near_boundary,candidate_raw_counts,0,0,0,0,0,0,0,0,0,,0,0,zero denominator,,0,0,zero denominator,,0,0,zero denominator,,0,0,zero denominator,,0,0,zero denominator,,0,0,zero denominator,,0,0,zero denominator,,0,0,zero denominator,,0,0,zero denominator,,,,no both-attainment-defined points,absent,,,,,,,,,,,,,,,,,,,,
G1,h102,2,S5,near_boundary,candidate_raw_counts,0,0,0,0,0,0,0,0,0,,0,0,zero denominator,,0,0,zero denominator,,0,0,zero denominator,,0,0,zero denominator,,0,0,zero denominator,,0,0,zero denominator,,0,0,zero denominator,,0,0,zero denominator,,0,0,zero denominator,,,,no both-attainment-defined points,absent,,,,,,,,,,,,,,,,,,,,
G1,h102,ALL,S5,near_boundary,pooled_counts,0,0,0,0,0,0,0,0,0,,0,0,zero denominator,,0,0,zero denominator,,0,0,zero denominator,,0,0,zero denominator,,0,0,zero denominator,,0,0,zero denominator,,0,0,zero denominator,,0,0,zero denominator,,0,0,zero denominator,,,,no both-attainment-defined points,absent,,,,,,,,,,,,,,,,,,,,
G1,h102,ALL,S5,near_boundary,equal_candidate_equal_workload_macro,,,,,,,,,,,,,all denominators zero,,,,all denominators zero,,,,all denominators zero,,,,all denominators zero,,,,all denominators zero,,,,all denominators zero,,,,all denominators zero,,,,all denominators zero,,,,all denominators zero,,,,empty applicable subset,,0,0,0,0,0,0,0,0,0,0,0,0,0,0,0,0,0,0,0,0
G1,h102,-2,S6,service,candidate_raw_counts,34,2,0,0,47,83,36,34,0,0.0,0,34,,0.0,0,34,,0.0,0,2,,0.40963855421686746,34,83,,0.43373493975903615,36,83,,0.9444444444444444,34,36,,0.05555555555555555,2,36,,0.0,0,36,,0.0,0,36,,-0.010288065843621401,0.01131687242798354,0.01851851851851849,,present,,,,,,,,,,,,,,,,,,,,
G1,h102,-1,S6,service,candidate_raw_counts,34,2,0,0,47,83,36,34,0,0.0,0,34,,0.0,0,34,,0.0,0,2,,0.40963855421686746,34,83,,0.43373493975903615,36,83,,0.9444444444444444,34,36,,0.05555555555555555,2,36,,0.0,0,36,,0.0,0,36,,-0.011316872427983543,0.011316872427983543,0.01851851851851849,,present,,,,,,,,,,,,,,,,,,,,
G1,h102,0,S6,service,candidate_raw_counts,34,2,0,0,47,83,36,34,0,0.0,0,34,,0.0,0,34,,0.0,0,2,,0.40963855421686746,34,83,,0.43373493975903615,36,83,,0.9444444444444444,34,36,,0.05555555555555555,2,36,,0.0,0,36,,0.0,0,36,,-0.012345679012345678,0.012345679012345678,0.0,,present,,,,,,,,,,,,,,,,,,,,
G1,h102,1,S6,service,candidate_raw_counts,34,2,0,0,47,83,36,34,0,0.0,0,34,,0.0,0,34,,0.0,0,2,,0.40963855421686746,34,83,,0.43373493975903615,36,83,,0.9444444444444444,34,36,,0.05555555555555555,2,36,,0.0,0,36,,0.0,0,36,,-0.010288065843621401,0.013374485596707817,0.01851851851851849,,present,,,,,,,,,,,,,,,,,,,,
G1,h102,2,S6,service,candidate_raw_counts,33,2,1,0,47,83,36,34,0,0.029411764705882353,1,34,,0.0,0,33,,0.3333333333333333,1,3,,0.40963855421686746,34,83,,0.43373493975903615,36,83,,0.9166666666666666,33,36,,0.05555555555555555,2,36,,0.027777777777777776,1,36,,0.0,0,36,,0.0010288065843621383,0.018518518518518514,0.01851851851851849,,present,,,,,,,,,,,,,,,,,,,,
G1,h102,ALL,S6,service,pooled_counts,169,10,1,0,235,415,180,170,0,0.0058823529411764705,1,170,,0.0,0,169,,0.09090909090909091,1,11,,0.40963855421686746,170,415,,0.43373493975903615,180,415,,0.9388888888888889,169,180,,0.05555555555555555,10,180,,0.005555555555555556,1,180,,0.0,0,180,,-0.008641975308641978,0.013374485596707819,0.01851851851851849,,present,,,,,,,,,,,,,,,,,,,,
G1,h102,ALL,S6,service,equal_candidate_equal_workload_macro,,,,,,,,,,0.0058823529411764705,,,,0.0,,,,0.06666666666666667,,,,0.40963855421686746,,,,0.43373493975903615,,,,0.9388888888888889,,,,0.05555555555555555,,,,0.005555555555555555,,,,0.0,,,,-0.008641975308641978,0.013374485596707819,0.01851851851851849,,,1,5,1,5,1,5,1,5,1,5,1,5,1,5,1,5,1,5,1,5
G1,h102,-2,S6,latency_only,candidate_raw_counts,34,2,0,0,0,36,36,34,0,0.0,0,34,,0.0,0,34,,0.0,0,2,,0.9444444444444444,34,36,,1.0,36,36,,0.9444444444444444,34,36,,0.05555555555555555,2,36,,0.0,0,36,,0.0,0,36,,-0.010288065843621401,0.01131687242798354,0.01851851851851849,,present,,,,,,,,,,,,,,,,,,,,
G1,h102,-1,S6,latency_only,candidate_raw_counts,34,2,0,0,0,36,36,34,0,0.0,0,34,,0.0,0,34,,0.0,0,2,,0.9444444444444444,34,36,,1.0,36,36,,0.9444444444444444,34,36,,0.05555555555555555,2,36,,0.0,0,36,,0.0,0,36,,-0.011316872427983543,0.011316872427983543,0.01851851851851849,,present,,,,,,,,,,,,,,,,,,,,
G1,h102,0,S6,latency_only,candidate_raw_counts,34,2,0,0,0,36,36,34,0,0.0,0,34,,0.0,0,34,,0.0,0,2,,0.9444444444444444,34,36,,1.0,36,36,,0.9444444444444444,34,36,,0.05555555555555555,2,36,,0.0,0,36,,0.0,0,36,,-0.012345679012345678,0.012345679012345678,0.0,,present,,,,,,,,,,,,,,,,,,,,
G1,h102,1,S6,latency_only,candidate_raw_counts,34,2,0,0,0,36,36,34,0,0.0,0,34,,0.0,0,34,,0.0,0,2,,0.9444444444444444,34,36,,1.0,36,36,,0.9444444444444444,34,36,,0.05555555555555555,2,36,,0.0,0,36,,0.0,0,36,,-0.010288065843621401,0.013374485596707817,0.01851851851851849,,present,,,,,,,,,,,,,,,,,,,,
G1,h102,2,S6,latency_only,candidate_raw_counts,33,2,1,0,0,36,36,34,0,0.029411764705882353,1,34,,0.0,0,33,,0.3333333333333333,1,3,,0.9444444444444444,34,36,,1.0,36,36,,0.9166666666666666,33,36,,0.05555555555555555,2,36,,0.027777777777777776,1,36,,0.0,0,36,,0.0010288065843621383,0.018518518518518514,0.01851851851851849,,present,,,,,,,,,,,,,,,,,,,,
G1,h102,ALL,S6,latency_only,pooled_counts,169,10,1,0,0,180,180,170,0,0.0058823529411764705,1,170,,0.0,0,169,,0.09090909090909091,1,11,,0.9444444444444444,170,180,,1.0,180,180,,0.9388888888888889,169,180,,0.05555555555555555,10,180,,0.005555555555555556,1,180,,0.0,0,180,,-0.008641975308641978,0.013374485596707819,0.01851851851851849,,present,,,,,,,,,,,,,,,,,,,,
G1,h102,ALL,S6,latency_only,equal_candidate_equal_workload_macro,,,,,,,,,,0.0058823529411764705,,,,0.0,,,,0.06666666666666667,,,,0.9444444444444444,,,,1.0,,,,0.9388888888888889,,,,0.05555555555555555,,,,0.005555555555555555,,,,0.0,,,,-0.008641975308641978,0.013374485596707819,0.01851851851851849,,,1,5,1,5,1,5,1,5,1,5,1,5,1,5,1,5,1,5,1,5
G1,h102,-2,S6,near_boundary,candidate_raw_counts,0,0,0,0,0,0,0,0,0,,0,0,zero denominator,,0,0,zero denominator,,0,0,zero denominator,,0,0,zero denominator,,0,0,zero denominator,,0,0,zero denominator,,0,0,zero denominator,,0,0,zero denominator,,0,0,zero denominator,,,,no both-attainment-defined points,absent,,,,,,,,,,,,,,,,,,,,
G1,h102,-1,S6,near_boundary,candidate_raw_counts,0,0,0,0,0,0,0,0,0,,0,0,zero denominator,,0,0,zero denominator,,0,0,zero denominator,,0,0,zero denominator,,0,0,zero denominator,,0,0,zero denominator,,0,0,zero denominator,,0,0,zero denominator,,0,0,zero denominator,,,,no both-attainment-defined points,absent,,,,,,,,,,,,,,,,,,,,
G1,h102,0,S6,near_boundary,candidate_raw_counts,0,0,0,0,0,0,0,0,0,,0,0,zero denominator,,0,0,zero denominator,,0,0,zero denominator,,0,0,zero denominator,,0,0,zero denominator,,0,0,zero denominator,,0,0,zero denominator,,0,0,zero denominator,,0,0,zero denominator,,,,no both-attainment-defined points,absent,,,,,,,,,,,,,,,,,,,,
G1,h102,1,S6,near_boundary,candidate_raw_counts,1,0,0,0,0,1,1,1,0,0.0,0,1,,0.0,0,1,,,0,0,zero denominator,1.0,1,1,,1.0,1,1,,1.0,1,1,,0.0,0,1,,0.0,0,1,,0.0,0,1,,0.03703703703703698,0.03703703703703698,0.03703703703703698,,present,,,,,,,,,,,,,,,,,,,,
G1,h102,2,S6,near_boundary,candidate_raw_counts,0,0,0,0,0,0,0,0,0,,0,0,zero denominator,,0,0,zero denominator,,0,0,zero denominator,,0,0,zero denominator,,0,0,zero denominator,,0,0,zero denominator,,0,0,zero denominator,,0,0,zero denominator,,0,0,zero denominator,,,,no both-attainment-defined points,absent,,,,,,,,,,,,,,,,,,,,
G1,h102,ALL,S6,near_boundary,pooled_counts,1,0,0,0,0,1,1,1,0,0.0,0,1,,0.0,0,1,,,0,0,zero denominator,1.0,1,1,,1.0,1,1,,1.0,1,1,,0.0,0,1,,0.0,0,1,,0.0,0,1,,0.03703703703703698,0.03703703703703698,0.03703703703703698,,present,,,,,,,,,,,,,,,,,,,,
G1,h102,ALL,S6,near_boundary,equal_candidate_equal_workload_macro,,,,,,,,,,0.0,,,,0.0,,,,,,,all denominators zero,1.0,,,,1.0,,,,1.0,,,,0.0,,,,0.0,,,,0.0,,,,0.03703703703703698,0.03703703703703698,0.03703703703703698,,,1,1,1,1,0,0,1,1,1,1,1,1,1,1,1,1,1,1,1,1
G1,h103,-2,S1,service,candidate_raw_counts,0,34,0,0,42,76,34,0,0,,0,0,zero denominator,,0,0,zero denominator,0.0,0,34,,0.0,0,76,,0.4473684210526316,34,76,,0.0,0,34,,1.0,34,34,,0.0,0,34,,0.0,0,34,,0.0,0.0,0.0,,present,,,,,,,,,,,,,,,,,,,,
G1,h103,-1,S1,service,candidate_raw_counts,0,34,0,0,42,76,34,0,0,,0,0,zero denominator,,0,0,zero denominator,0.0,0,34,,0.0,0,76,,0.4473684210526316,34,76,,0.0,0,34,,1.0,34,34,,0.0,0,34,,0.0,0,34,,0.0,0.0,0.0,,present,,,,,,,,,,,,,,,,,,,,
G1,h103,0,S1,service,candidate_raw_counts,0,34,0,0,42,76,34,0,0,,0,0,zero denominator,,0,0,zero denominator,0.0,0,34,,0.0,0,76,,0.4473684210526316,34,76,,0.0,0,34,,1.0,34,34,,0.0,0,34,,0.0,0,34,,0.0,0.0,0.0,,present,,,,,,,,,,,,,,,,,,,,
G1,h103,1,S1,service,candidate_raw_counts,0,34,0,0,42,76,34,0,0,,0,0,zero denominator,,0,0,zero denominator,0.0,0,34,,0.0,0,76,,0.4473684210526316,34,76,,0.0,0,34,,1.0,34,34,,0.0,0,34,,0.0,0,34,,0.0,0.0,0.0,,present,,,,,,,,,,,,,,,,,,,,
G1,h103,2,S1,service,candidate_raw_counts,0,34,0,0,42,76,34,0,0,,0,0,zero denominator,,0,0,zero denominator,0.0,0,34,,0.0,0,76,,0.4473684210526316,34,76,,0.0,0,34,,1.0,34,34,,0.0,0,34,,0.0,0,34,,0.0,0.0,0.0,,present,,,,,,,,,,,,,,,,,,,,
G1,h103,ALL,S1,service,pooled_counts,0,170,0,0,210,380,170,0,0,,0,0,zero denominator,,0,0,zero denominator,0.0,0,170,,0.0,0,380,,0.4473684210526316,170,380,,0.0,0,170,,1.0,170,170,,0.0,0,170,,0.0,0,170,,0.0,0.0,0.0,,present,,,,,,,,,,,,,,,,,,,,
G1,h103,ALL,S1,service,equal_candidate_equal_workload_macro,,,,,,,,,,,,,all denominators zero,,,,all denominators zero,0.0,,,,0.0,,,,0.4473684210526316,,,,0.0,,,,1.0,,,,0.0,,,,0.0,,,,0.0,0.0,0.0,,,0,0,0,0,1,5,1,5,1,5,1,5,1,5,1,5,1,5,1,5
G1,h103,-2,S1,latency_only,candidate_raw_counts,0,34,0,0,0,34,34,0,0,,0,0,zero denominator,,0,0,zero denominator,0.0,0,34,,0.0,0,34,,1.0,34,34,,0.0,0,34,,1.0,34,34,,0.0,0,34,,0.0,0,34,,0.0,0.0,0.0,,present,,,,,,,,,,,,,,,,,,,,
G1,h103,-1,S1,latency_only,candidate_raw_counts,0,34,0,0,0,34,34,0,0,,0,0,zero denominator,,0,0,zero denominator,0.0,0,34,,0.0,0,34,,1.0,34,34,,0.0,0,34,,1.0,34,34,,0.0,0,34,,0.0,0,34,,0.0,0.0,0.0,,present,,,,,,,,,,,,,,,,,,,,
G1,h103,0,S1,latency_only,candidate_raw_counts,0,34,0,0,0,34,34,0,0,,0,0,zero denominator,,0,0,zero denominator,0.0,0,34,,0.0,0,34,,1.0,34,34,,0.0,0,34,,1.0,34,34,,0.0,0,34,,0.0,0,34,,0.0,0.0,0.0,,present,,,,,,,,,,,,,,,,,,,,
G1,h103,1,S1,latency_only,candidate_raw_counts,0,34,0,0,0,34,34,0,0,,0,0,zero denominator,,0,0,zero denominator,0.0,0,34,,0.0,0,34,,1.0,34,34,,0.0,0,34,,1.0,34,34,,0.0,0,34,,0.0,0,34,,0.0,0.0,0.0,,present,,,,,,,,,,,,,,,,,,,,
G1,h103,2,S1,latency_only,candidate_raw_counts,0,34,0,0,0,34,34,0,0,,0,0,zero denominator,,0,0,zero denominator,0.0,0,34,,0.0,0,34,,1.0,34,34,,0.0,0,34,,1.0,34,34,,0.0,0,34,,0.0,0,34,,0.0,0.0,0.0,,present,,,,,,,,,,,,,,,,,,,,
G1,h103,ALL,S1,latency_only,pooled_counts,0,170,0,0,0,170,170,0,0,,0,0,zero denominator,,0,0,zero denominator,0.0,0,170,,0.0,0,170,,1.0,170,170,,0.0,0,170,,1.0,170,170,,0.0,0,170,,0.0,0,170,,0.0,0.0,0.0,,present,,,,,,,,,,,,,,,,,,,,
G1,h103,ALL,S1,latency_only,equal_candidate_equal_workload_macro,,,,,,,,,,,,,all denominators zero,,,,all denominators zero,0.0,,,,0.0,,,,1.0,,,,0.0,,,,1.0,,,,0.0,,,,0.0,,,,0.0,0.0,0.0,,,0,0,0,0,1,5,1,5,1,5,1,5,1,5,1,5,1,5,1,5
G1,h103,-2,S1,near_boundary,candidate_raw_counts,0,0,0,0,0,0,0,0,0,,0,0,zero denominator,,0,0,zero denominator,,0,0,zero denominator,,0,0,zero denominator,,0,0,zero denominator,,0,0,zero denominator,,0,0,zero denominator,,0,0,zero denominator,,0,0,zero denominator,,,,no both-attainment-defined points,absent,,,,,,,,,,,,,,,,,,,,
G1,h103,-1,S1,near_boundary,candidate_raw_counts,0,0,0,0,0,0,0,0,0,,0,0,zero denominator,,0,0,zero denominator,,0,0,zero denominator,,0,0,zero denominator,,0,0,zero denominator,,0,0,zero denominator,,0,0,zero denominator,,0,0,zero denominator,,0,0,zero denominator,,,,no both-attainment-defined points,absent,,,,,,,,,,,,,,,,,,,,
G1,h103,0,S1,near_boundary,candidate_raw_counts,0,0,0,0,0,0,0,0,0,,0,0,zero denominator,,0,0,zero denominator,,0,0,zero denominator,,0,0,zero denominator,,0,0,zero denominator,,0,0,zero denominator,,0,0,zero denominator,,0,0,zero denominator,,0,0,zero denominator,,,,no both-attainment-defined points,absent,,,,,,,,,,,,,,,,,,,,
G1,h103,1,S1,near_boundary,candidate_raw_counts,0,0,0,0,0,0,0,0,0,,0,0,zero denominator,,0,0,zero denominator,,0,0,zero denominator,,0,0,zero denominator,,0,0,zero denominator,,0,0,zero denominator,,0,0,zero denominator,,0,0,zero denominator,,0,0,zero denominator,,,,no both-attainment-defined points,absent,,,,,,,,,,,,,,,,,,,,
G1,h103,2,S1,near_boundary,candidate_raw_counts,0,0,0,0,0,0,0,0,0,,0,0,zero denominator,,0,0,zero denominator,,0,0,zero denominator,,0,0,zero denominator,,0,0,zero denominator,,0,0,zero denominator,,0,0,zero denominator,,0,0,zero denominator,,0,0,zero denominator,,,,no both-attainment-defined points,absent,,,,,,,,,,,,,,,,,,,,
G1,h103,ALL,S1,near_boundary,pooled_counts,0,0,0,0,0,0,0,0,0,,0,0,zero denominator,,0,0,zero denominator,,0,0,zero denominator,,0,0,zero denominator,,0,0,zero denominator,,0,0,zero denominator,,0,0,zero denominator,,0,0,zero denominator,,0,0,zero denominator,,,,no both-attainment-defined points,absent,,,,,,,,,,,,,,,,,,,,
G1,h103,ALL,S1,near_boundary,equal_candidate_equal_workload_macro,,,,,,,,,,,,,all denominators zero,,,,all denominators zero,,,,all denominators zero,,,,all denominators zero,,,,all denominators zero,,,,all denominators zero,,,,all denominators zero,,,,all denominators zero,,,,all denominators zero,,,,empty applicable subset,,0,0,0,0,0,0,0,0,0,0,0,0,0,0,0,0,0,0,0,0
G1,h103,-2,S2,service,candidate_raw_counts,0,34,0,0,42,76,34,0,0,,0,0,zero denominator,,0,0,zero denominator,0.0,0,34,,0.0,0,76,,0.4473684210526316,34,76,,0.0,0,34,,1.0,34,34,,0.0,0,34,,0.0,0,34,,-0.0019607843137254897,0.0019607843137254897,0.0,,present,,,,,,,,,,,,,,,,,,,,
G1,h103,-1,S2,service,candidate_raw_counts,0,34,0,0,42,76,34,0,0,,0,0,zero denominator,,0,0,zero denominator,0.0,0,34,,0.0,0,76,,0.4473684210526316,34,76,,0.0,0,34,,1.0,34,34,,0.0,0,34,,0.0,0,34,,0.0,0.0,0.0,,present,,,,,,,,,,,,,,,,,,,,
G1,h103,0,S2,service,candidate_raw_counts,0,34,0,0,42,76,34,0,0,,0,0,zero denominator,,0,0,zero denominator,0.0,0,34,,0.0,0,76,,0.4473684210526316,34,76,,0.0,0,34,,1.0,34,34,,0.0,0,34,,0.0,0,34,,-0.00196078431372549,0.00196078431372549,0.0,,present,,,,,,,,,,,,,,,,,,,,
G1,h103,1,S2,service,candidate_raw_counts,0,34,0,0,42,76,34,0,0,,0,0,zero denominator,,0,0,zero denominator,0.0,0,34,,0.0,0,76,,0.4473684210526316,34,76,,0.0,0,34,,1.0,34,34,,0.0,0,34,,0.0,0,34,,-0.00196078431372549,0.00196078431372549,0.0,,present,,,,,,,,,,,,,,,,,,,,
G1,h103,2,S2,service,candidate_raw_counts,0,34,0,0,42,76,34,0,0,,0,0,zero denominator,,0,0,zero denominator,0.0,0,34,,0.0,0,76,,0.4473684210526316,34,76,,0.0,0,34,,1.0,34,34,,0.0,0,34,,0.0,0,34,,0.0039215686274509795,0.0039215686274509795,0.0,,present,,,,,,,,,,,,,,,,,,,,
G1,h103,ALL,S2,service,pooled_counts,0,170,0,0,210,380,170,0,0,,0,0,zero denominator,,0,0,zero denominator,0.0,0,170,,0.0,0,380,,0.4473684210526316,170,380,,0.0,0,170,,1.0,170,170,,0.0,0,170,,0.0,0,170,,-0.00039215686274509813,0.0019607843137254897,0.0,,present,,,,,,,,,,,,,,,,,,,,
G1,h103,ALL,S2,service,equal_candidate_equal_workload_macro,,,,,,,,,,,,,all denominators zero,,,,all denominators zero,0.0,,,,0.0,,,,0.4473684210526316,,,,0.0,,,,1.0,,,,0.0,,,,0.0,,,,-0.00039215686274509813,0.0019607843137254897,0.0,,,0,0,0,0,1,5,1,5,1,5,1,5,1,5,1,5,1,5,1,5
G1,h103,-2,S2,latency_only,candidate_raw_counts,0,34,0,0,0,34,34,0,0,,0,0,zero denominator,,0,0,zero denominator,0.0,0,34,,0.0,0,34,,1.0,34,34,,0.0,0,34,,1.0,34,34,,0.0,0,34,,0.0,0,34,,-0.0019607843137254897,0.0019607843137254897,0.0,,present,,,,,,,,,,,,,,,,,,,,
G1,h103,-1,S2,latency_only,candidate_raw_counts,0,34,0,0,0,34,34,0,0,,0,0,zero denominator,,0,0,zero denominator,0.0,0,34,,0.0,0,34,,1.0,34,34,,0.0,0,34,,1.0,34,34,,0.0,0,34,,0.0,0,34,,0.0,0.0,0.0,,present,,,,,,,,,,,,,,,,,,,,
G1,h103,0,S2,latency_only,candidate_raw_counts,0,34,0,0,0,34,34,0,0,,0,0,zero denominator,,0,0,zero denominator,0.0,0,34,,0.0,0,34,,1.0,34,34,,0.0,0,34,,1.0,34,34,,0.0,0,34,,0.0,0,34,,-0.00196078431372549,0.00196078431372549,0.0,,present,,,,,,,,,,,,,,,,,,,,
G1,h103,1,S2,latency_only,candidate_raw_counts,0,34,0,0,0,34,34,0,0,,0,0,zero denominator,,0,0,zero denominator,0.0,0,34,,0.0,0,34,,1.0,34,34,,0.0,0,34,,1.0,34,34,,0.0,0,34,,0.0,0,34,,-0.00196078431372549,0.00196078431372549,0.0,,present,,,,,,,,,,,,,,,,,,,,
G1,h103,2,S2,latency_only,candidate_raw_counts,0,34,0,0,0,34,34,0,0,,0,0,zero denominator,,0,0,zero denominator,0.0,0,34,,0.0,0,34,,1.0,34,34,,0.0,0,34,,1.0,34,34,,0.0,0,34,,0.0,0,34,,0.0039215686274509795,0.0039215686274509795,0.0,,present,,,,,,,,,,,,,,,,,,,,
G1,h103,ALL,S2,latency_only,pooled_counts,0,170,0,0,0,170,170,0,0,,0,0,zero denominator,,0,0,zero denominator,0.0,0,170,,0.0,0,170,,1.0,170,170,,0.0,0,170,,1.0,170,170,,0.0,0,170,,0.0,0,170,,-0.00039215686274509813,0.0019607843137254897,0.0,,present,,,,,,,,,,,,,,,,,,,,
G1,h103,ALL,S2,latency_only,equal_candidate_equal_workload_macro,,,,,,,,,,,,,all denominators zero,,,,all denominators zero,0.0,,,,0.0,,,,1.0,,,,0.0,,,,1.0,,,,0.0,,,,0.0,,,,-0.00039215686274509813,0.0019607843137254897,0.0,,,0,0,0,0,1,5,1,5,1,5,1,5,1,5,1,5,1,5,1,5
G1,h103,-2,S2,near_boundary,candidate_raw_counts,0,0,0,0,0,0,0,0,0,,0,0,zero denominator,,0,0,zero denominator,,0,0,zero denominator,,0,0,zero denominator,,0,0,zero denominator,,0,0,zero denominator,,0,0,zero denominator,,0,0,zero denominator,,0,0,zero denominator,,,,no both-attainment-defined points,absent,,,,,,,,,,,,,,,,,,,,
G1,h103,-1,S2,near_boundary,candidate_raw_counts,0,0,0,0,0,0,0,0,0,,0,0,zero denominator,,0,0,zero denominator,,0,0,zero denominator,,0,0,zero denominator,,0,0,zero denominator,,0,0,zero denominator,,0,0,zero denominator,,0,0,zero denominator,,0,0,zero denominator,,,,no both-attainment-defined points,absent,,,,,,,,,,,,,,,,,,,,
G1,h103,0,S2,near_boundary,candidate_raw_counts,0,0,0,0,0,0,0,0,0,,0,0,zero denominator,,0,0,zero denominator,,0,0,zero denominator,,0,0,zero denominator,,0,0,zero denominator,,0,0,zero denominator,,0,0,zero denominator,,0,0,zero denominator,,0,0,zero denominator,,,,no both-attainment-defined points,absent,,,,,,,,,,,,,,,,,,,,
G1,h103,1,S2,near_boundary,candidate_raw_counts,0,0,0,0,0,0,0,0,0,,0,0,zero denominator,,0,0,zero denominator,,0,0,zero denominator,,0,0,zero denominator,,0,0,zero denominator,,0,0,zero denominator,,0,0,zero denominator,,0,0,zero denominator,,0,0,zero denominator,,,,no both-attainment-defined points,absent,,,,,,,,,,,,,,,,,,,,
G1,h103,2,S2,near_boundary,candidate_raw_counts,0,0,0,0,0,0,0,0,0,,0,0,zero denominator,,0,0,zero denominator,,0,0,zero denominator,,0,0,zero denominator,,0,0,zero denominator,,0,0,zero denominator,,0,0,zero denominator,,0,0,zero denominator,,0,0,zero denominator,,,,no both-attainment-defined points,absent,,,,,,,,,,,,,,,,,,,,
G1,h103,ALL,S2,near_boundary,pooled_counts,0,0,0,0,0,0,0,0,0,,0,0,zero denominator,,0,0,zero denominator,,0,0,zero denominator,,0,0,zero denominator,,0,0,zero denominator,,0,0,zero denominator,,0,0,zero denominator,,0,0,zero denominator,,0,0,zero denominator,,,,no both-attainment-defined points,absent,,,,,,,,,,,,,,,,,,,,
G1,h103,ALL,S2,near_boundary,equal_candidate_equal_workload_macro,,,,,,,,,,,,,all denominators zero,,,,all denominators zero,,,,all denominators zero,,,,all denominators zero,,,,all denominators zero,,,,all denominators zero,,,,all denominators zero,,,,all denominators zero,,,,all denominators zero,,,,empty applicable subset,,0,0,0,0,0,0,0,0,0,0,0,0,0,0,0,0,0,0,0,0
G1,h103,-2,S3,service,candidate_raw_counts,0,34,0,0,42,76,34,0,0,,0,0,zero denominator,,0,0,zero denominator,0.0,0,34,,0.0,0,76,,0.4473684210526316,34,76,,0.0,0,34,,1.0,34,34,,0.0,0,34,,0.0,0,34,,0.0,0.0,0.0,,present,,,,,,,,,,,,,,,,,,,,
G1,h103,-1,S3,service,candidate_raw_counts,0,34,0,0,42,76,34,0,0,,0,0,zero denominator,,0,0,zero denominator,0.0,0,34,,0.0,0,76,,0.4473684210526316,34,76,,0.0,0,34,,1.0,34,34,,0.0,0,34,,0.0,0,34,,0.0,0.0,0.0,,present,,,,,,,,,,,,,,,,,,,,
G1,h103,0,S3,service,candidate_raw_counts,0,34,0,0,42,76,34,0,0,,0,0,zero denominator,,0,0,zero denominator,0.0,0,34,,0.0,0,76,,0.4473684210526316,34,76,,0.0,0,34,,1.0,34,34,,0.0,0,34,,0.0,0,34,,0.0,0.0,0.0,,present,,,,,,,,,,,,,,,,,,,,
G1,h103,1,S3,service,candidate_raw_counts,0,34,0,0,42,76,34,0,0,,0,0,zero denominator,,0,0,zero denominator,0.0,0,34,,0.0,0,76,,0.4473684210526316,34,76,,0.0,0,34,,1.0,34,34,,0.0,0,34,,0.0,0,34,,0.0,0.0,0.0,,present,,,,,,,,,,,,,,,,,,,,
G1,h103,2,S3,service,candidate_raw_counts,0,34,0,0,42,76,34,0,0,,0,0,zero denominator,,0,0,zero denominator,0.0,0,34,,0.0,0,76,,0.4473684210526316,34,76,,0.0,0,34,,1.0,34,34,,0.0,0,34,,0.0,0,34,,0.0,0.0,0.0,,present,,,,,,,,,,,,,,,,,,,,
G1,h103,ALL,S3,service,pooled_counts,0,170,0,0,210,380,170,0,0,,0,0,zero denominator,,0,0,zero denominator,0.0,0,170,,0.0,0,380,,0.4473684210526316,170,380,,0.0,0,170,,1.0,170,170,,0.0,0,170,,0.0,0,170,,0.0,0.0,0.0,,present,,,,,,,,,,,,,,,,,,,,
G1,h103,ALL,S3,service,equal_candidate_equal_workload_macro,,,,,,,,,,,,,all denominators zero,,,,all denominators zero,0.0,,,,0.0,,,,0.4473684210526316,,,,0.0,,,,1.0,,,,0.0,,,,0.0,,,,0.0,0.0,0.0,,,0,0,0,0,1,5,1,5,1,5,1,5,1,5,1,5,1,5,1,5
G1,h103,-2,S3,latency_only,candidate_raw_counts,0,34,0,0,0,34,34,0,0,,0,0,zero denominator,,0,0,zero denominator,0.0,0,34,,0.0,0,34,,1.0,34,34,,0.0,0,34,,1.0,34,34,,0.0,0,34,,0.0,0,34,,0.0,0.0,0.0,,present,,,,,,,,,,,,,,,,,,,,
G1,h103,-1,S3,latency_only,candidate_raw_counts,0,34,0,0,0,34,34,0,0,,0,0,zero denominator,,0,0,zero denominator,0.0,0,34,,0.0,0,34,,1.0,34,34,,0.0,0,34,,1.0,34,34,,0.0,0,34,,0.0,0,34,,0.0,0.0,0.0,,present,,,,,,,,,,,,,,,,,,,,
G1,h103,0,S3,latency_only,candidate_raw_counts,0,34,0,0,0,34,34,0,0,,0,0,zero denominator,,0,0,zero denominator,0.0,0,34,,0.0,0,34,,1.0,34,34,,0.0,0,34,,1.0,34,34,,0.0,0,34,,0.0,0,34,,0.0,0.0,0.0,,present,,,,,,,,,,,,,,,,,,,,
G1,h103,1,S3,latency_only,candidate_raw_counts,0,34,0,0,0,34,34,0,0,,0,0,zero denominator,,0,0,zero denominator,0.0,0,34,,0.0,0,34,,1.0,34,34,,0.0,0,34,,1.0,34,34,,0.0,0,34,,0.0,0,34,,0.0,0.0,0.0,,present,,,,,,,,,,,,,,,,,,,,
G1,h103,2,S3,latency_only,candidate_raw_counts,0,34,0,0,0,34,34,0,0,,0,0,zero denominator,,0,0,zero denominator,0.0,0,34,,0.0,0,34,,1.0,34,34,,0.0,0,34,,1.0,34,34,,0.0,0,34,,0.0,0,34,,0.0,0.0,0.0,,present,,,,,,,,,,,,,,,,,,,,
G1,h103,ALL,S3,latency_only,pooled_counts,0,170,0,0,0,170,170,0,0,,0,0,zero denominator,,0,0,zero denominator,0.0,0,170,,0.0,0,170,,1.0,170,170,,0.0,0,170,,1.0,170,170,,0.0,0,170,,0.0,0,170,,0.0,0.0,0.0,,present,,,,,,,,,,,,,,,,,,,,
G1,h103,ALL,S3,latency_only,equal_candidate_equal_workload_macro,,,,,,,,,,,,,all denominators zero,,,,all denominators zero,0.0,,,,0.0,,,,1.0,,,,0.0,,,,1.0,,,,0.0,,,,0.0,,,,0.0,0.0,0.0,,,0,0,0,0,1,5,1,5,1,5,1,5,1,5,1,5,1,5,1,5
G1,h103,-2,S3,near_boundary,candidate_raw_counts,0,0,0,0,0,0,0,0,0,,0,0,zero denominator,,0,0,zero denominator,,0,0,zero denominator,,0,0,zero denominator,,0,0,zero denominator,,0,0,zero denominator,,0,0,zero denominator,,0,0,zero denominator,,0,0,zero denominator,,,,no both-attainment-defined points,absent,,,,,,,,,,,,,,,,,,,,
G1,h103,-1,S3,near_boundary,candidate_raw_counts,0,0,0,0,0,0,0,0,0,,0,0,zero denominator,,0,0,zero denominator,,0,0,zero denominator,,0,0,zero denominator,,0,0,zero denominator,,0,0,zero denominator,,0,0,zero denominator,,0,0,zero denominator,,0,0,zero denominator,,,,no both-attainment-defined points,absent,,,,,,,,,,,,,,,,,,,,
G1,h103,0,S3,near_boundary,candidate_raw_counts,0,0,0,0,0,0,0,0,0,,0,0,zero denominator,,0,0,zero denominator,,0,0,zero denominator,,0,0,zero denominator,,0,0,zero denominator,,0,0,zero denominator,,0,0,zero denominator,,0,0,zero denominator,,0,0,zero denominator,,,,no both-attainment-defined points,absent,,,,,,,,,,,,,,,,,,,,
G1,h103,1,S3,near_boundary,candidate_raw_counts,0,0,0,0,0,0,0,0,0,,0,0,zero denominator,,0,0,zero denominator,,0,0,zero denominator,,0,0,zero denominator,,0,0,zero denominator,,0,0,zero denominator,,0,0,zero denominator,,0,0,zero denominator,,0,0,zero denominator,,,,no both-attainment-defined points,absent,,,,,,,,,,,,,,,,,,,,
G1,h103,2,S3,near_boundary,candidate_raw_counts,0,0,0,0,0,0,0,0,0,,0,0,zero denominator,,0,0,zero denominator,,0,0,zero denominator,,0,0,zero denominator,,0,0,zero denominator,,0,0,zero denominator,,0,0,zero denominator,,0,0,zero denominator,,0,0,zero denominator,,,,no both-attainment-defined points,absent,,,,,,,,,,,,,,,,,,,,
G1,h103,ALL,S3,near_boundary,pooled_counts,0,0,0,0,0,0,0,0,0,,0,0,zero denominator,,0,0,zero denominator,,0,0,zero denominator,,0,0,zero denominator,,0,0,zero denominator,,0,0,zero denominator,,0,0,zero denominator,,0,0,zero denominator,,0,0,zero denominator,,,,no both-attainment-defined points,absent,,,,,,,,,,,,,,,,,,,,
G1,h103,ALL,S3,near_boundary,equal_candidate_equal_workload_macro,,,,,,,,,,,,,all denominators zero,,,,all denominators zero,,,,all denominators zero,,,,all denominators zero,,,,all denominators zero,,,,all denominators zero,,,,all denominators zero,,,,all denominators zero,,,,all denominators zero,,,,empty applicable subset,,0,0,0,0,0,0,0,0,0,0,0,0,0,0,0,0,0,0,0,0
G1,h103,-2,S4,service,candidate_raw_counts,20,14,0,0,42,76,34,20,0,0.0,0,20,,0.0,0,20,,0.0,0,14,,0.2631578947368421,20,76,,0.4473684210526316,34,76,,0.5882352941176471,20,34,,0.4117647058823529,14,34,,0.0,0,34,,0.0,0,34,,-0.04705882352941177,0.05098039215686275,0.2,,present,,,,,,,,,,,,,,,,,,,,
G1,h103,-1,S4,service,candidate_raw_counts,19,14,0,1,42,76,34,19,0,0.0,0,19,,0.05,1,20,,0.0,0,14,,0.25,19,76,,0.4473684210526316,34,76,,0.5588235294117647,19,34,,0.4117647058823529,14,34,,0.0,0,34,,0.029411764705882353,1,34,,-0.0019607843137254893,0.025490196078431372,0.06666666666666668,,present,,,,,,,,,,,,,,,,,,,,
G1,h103,0,S4,service,candidate_raw_counts,18,14,0,2,42,76,34,18,0,0.0,0,18,,0.1,2,20,,0.0,0,14,,0.23684210526315788,18,76,,0.4473684210526316,34,76,,0.5294117647058824,18,34,,0.4117647058823529,14,34,,0.0,0,34,,0.058823529411764705,2,34,,0.009803921568627449,0.052941176470588235,0.13333333333333333,,present,,,,,,,,,,,,,,,,,,,,
G1,h103,1,S4,service,candidate_raw_counts,17,16,0,1,42,76,34,17,0,0.0,0,17,,0.05555555555555555,1,18,,0.0,0,16,,0.2236842105263158,17,76,,0.4473684210526316,34,76,,0.5,17,34,,0.47058823529411764,16,34,,0.0,0,34,,0.029411764705882353,1,34,,0.013725490196078431,0.052941176470588235,0.13333333333333333,,present,,,,,,,,,,,,,,,,,,,,
G1,h103,2,S4,service,candidate_raw_counts,17,17,0,0,42,76,34,17,0,0.0,0,17,,0.0,0,17,,0.0,0,17,,0.2236842105263158,17,76,,0.4473684210526316,34,76,,0.5,17,34,,0.5,17,34,,0.0,0,34,,0.0,0,34,,-0.009803921568627453,0.03333333333333333,0.13333333333333333,,present,,,,,,,,,,,,,,,,,,,,
G1,h103,ALL,S4,service,pooled_counts,91,75,0,4,210,380,170,91,0,0.0,0,91,,0.042105263157894736,4,95,,0.0,0,75,,0.2394736842105263,91,380,,0.4473684210526316,170,380,,0.5352941176470588,91,170,,0.4411764705882353,75,170,,0.0,0,170,,0.023529411764705882,4,170,,-0.007058823529411766,0.043137254901960784,0.13333333333333333,,present,,,,,,,,,,,,,,,,,,,,
G1,h103,ALL,S4,service,equal_candidate_equal_workload_macro,,,,,,,,,,0.0,,,,0.04111111111111111,,,,0.0,,,,0.2394736842105263,,,,0.4473684210526316,,,,0.5352941176470588,,,,0.4411764705882353,,,,0.0,,,,0.023529411764705882,,,,-0.007058823529411766,0.043137254901960784,0.13333333333333333,,,1,5,1,5,1,5,1,5,1,5,1,5,1,5,1,5,1,5,1,5
G1,h103,-2,S4,latency_only,candidate_raw_counts,20,14,0,0,0,34,34,20,0,0.0,0,20,,0.0,0,20,,0.0,0,14,,0.5882352941176471,20,34,,1.0,34,34,,0.5882352941176471,20,34,,0.4117647058823529,14,34,,0.0,0,34,,0.0,0,34,,-0.04705882352941177,0.05098039215686275,0.2,,present,,,,,,,,,,,,,,,,,,,,
G1,h103,-1,S4,latency_only,candidate_raw_counts,19,14,0,1,0,34,34,19,0,0.0,0,19,,0.05,1,20,,0.0,0,14,,0.5588235294117647,19,34,,1.0,34,34,,0.5588235294117647,19,34,,0.4117647058823529,14,34,,0.0,0,34,,0.029411764705882353,1,34,,-0.0019607843137254893,0.025490196078431372,0.06666666666666668,,present,,,,,,,,,,,,,,,,,,,,
G1,h103,0,S4,latency_only,candidate_raw_counts,18,14,0,2,0,34,34,18,0,0.0,0,18,,0.1,2,20,,0.0,0,14,,0.5294117647058824,18,34,,1.0,34,34,,0.5294117647058824,18,34,,0.4117647058823529,14,34,,0.0,0,34,,0.058823529411764705,2,34,,0.009803921568627449,0.052941176470588235,0.13333333333333333,,present,,,,,,,,,,,,,,,,,,,,
G1,h103,1,S4,latency_only,candidate_raw_counts,17,16,0,1,0,34,34,17,0,0.0,0,17,,0.05555555555555555,1,18,,0.0,0,16,,0.5,17,34,,1.0,34,34,,0.5,17,34,,0.47058823529411764,16,34,,0.0,0,34,,0.029411764705882353,1,34,,0.013725490196078431,0.052941176470588235,0.13333333333333333,,present,,,,,,,,,,,,,,,,,,,,
G1,h103,2,S4,latency_only,candidate_raw_counts,17,17,0,0,0,34,34,17,0,0.0,0,17,,0.0,0,17,,0.0,0,17,,0.5,17,34,,1.0,34,34,,0.5,17,34,,0.5,17,34,,0.0,0,34,,0.0,0,34,,-0.009803921568627453,0.03333333333333333,0.13333333333333333,,present,,,,,,,,,,,,,,,,,,,,
G1,h103,ALL,S4,latency_only,pooled_counts,91,75,0,4,0,170,170,91,0,0.0,0,91,,0.042105263157894736,4,95,,0.0,0,75,,0.5352941176470588,91,170,,1.0,170,170,,0.5352941176470588,91,170,,0.4411764705882353,75,170,,0.0,0,170,,0.023529411764705882,4,170,,-0.007058823529411766,0.043137254901960784,0.13333333333333333,,present,,,,,,,,,,,,,,,,,,,,
G1,h103,ALL,S4,latency_only,equal_candidate_equal_workload_macro,,,,,,,,,,0.0,,,,0.04111111111111111,,,,0.0,,,,0.5352941176470588,,,,1.0,,,,0.5352941176470588,,,,0.4411764705882353,,,,0.0,,,,0.023529411764705882,,,,-0.007058823529411766,0.043137254901960784,0.13333333333333333,,,1,5,1,5,1,5,1,5,1,5,1,5,1,5,1,5,1,5,1,5
G1,h103,-2,S4,near_boundary,candidate_raw_counts,20,1,0,0,0,21,21,20,0,0.0,0,20,,0.0,0,20,,0.0,0,1,,0.9523809523809523,20,21,,1.0,21,21,,0.9523809523809523,20,21,,0.047619047619047616,1,21,,0.0,0,21,,0.0,0,21,,-0.01904761904761905,0.01904761904761905,0.06666666666666665,,present,,,,,,,,,,,,,,,,,,,,
G1,h103,-1,S4,near_boundary,candidate_raw_counts,19,0,0,1,0,20,20,19,0,0.0,0,19,,0.05,1,20,,,0,0,zero denominator,0.95,19,20,,1.0,20,20,,0.95,19,20,,0.0,0,20,,0.0,0,20,,0.05,1,20,,-0.0033333333333333327,0.0033333333333333327,0.0,,present,,,,,,,,,,,,,,,,,,,,
G1,h103,0,S4,near_boundary,candidate_raw_counts,18,0,0,2,0,20,20,18,0,0.0,0,18,,0.1,2,20,,,0,0,zero denominator,0.9,18,20,,1.0,20,20,,0.9,18,20,,0.0,0,20,,0.0,0,20,,0.1,2,20,,-0.02,0.02,0.06666666666666665,,present,,,,,,,,,,,,,,,,,,,,
G1,h103,1,S4,near_boundary,candidate_raw_counts,17,1,0,1,0,19,19,17,0,0.0,0,17,,0.05555555555555555,1,18,,0.0,0,1,,0.8947368421052632,17,19,,1.0,19,19,,0.8947368421052632,17,19,,0.05263157894736842,1,19,,0.0,0,19,,0.05263157894736842,1,19,,-0.021052631578947368,0.021052631578947368,0.1333333333333333,,present,,,,,,,,,,,,,,,,,,,,
G1,h103,2,S4,near_boundary,candidate_raw_counts,17,0,0,0,0,17,17,17,0,0.0,0,17,,0.0,0,17,,,0,0,zero denominator,1.0,17,17,,1.0,17,17,,1.0,17,17,,0.0,0,17,,0.0,0,17,,0.0,0,17,,0.0,0.0,0.0,,present,,,,,,,,,,,,,,,,,,,,
G1,h103,ALL,S4,near_boundary,pooled_counts,91,2,0,4,0,97,97,91,0,0.0,0,91,,0.042105263157894736,4,95,,0.0,0,2,,0.9381443298969072,91,97,,1.0,97,97,,0.9381443298969072,91,97,,0.020618556701030927,2,97,,0.0,0,97,,0.041237113402061855,4,97,,-0.013058419243986255,0.013058419243986255,0.0,,present,,,,,,,,,,,,,,,,,,,,
G1,h103,ALL,S4,near_boundary,equal_candidate_equal_workload_macro,,,,,,,,,,0.0,,,,0.04111111111111111,,,,0.0,,,,0.939423558897243,,,,1.0,,,,0.939423558897243,,,,0.020050125313283207,,,,0.0,,,,0.04052631578947369,,,,-0.012686716791979951,0.012686716791979951,0.0,,,1,5,1,5,1,2,1,5,1,5,1,5,1,5,1,5,1,5,1,5
G1,h103,-2,S5,service,candidate_raw_counts,21,12,0,1,42,76,34,21,0,0.0,0,21,,0.045454545454545456,1,22,,0.0,0,12,,0.27631578947368424,21,76,,0.4473684210526316,34,76,,0.6176470588235294,21,34,,0.35294117647058826,12,34,,0.0,0,34,,0.029411764705882353,1,34,,-0.09607843137254903,0.09607843137254903,0.33333333333333337,,present,,,,,,,,,,,,,,,,,,,,
G1,h103,-1,S5,service,candidate_raw_counts,21,13,0,0,42,76,34,21,0,0.0,0,21,,0.0,0,21,,0.0,0,13,,0.27631578947368424,21,76,,0.4473684210526316,34,76,,0.6176470588235294,21,34,,0.38235294117647056,13,34,,0.0,0,34,,0.0,0,34,,-0.049019607843137254,0.060784313725490195,0.2,,present,,,,,,,,,,,,,,,,,,,,
G1,h103,0,S5,service,candidate_raw_counts,21,13,0,0,42,76,34,21,0,0.0,0,21,,0.0,0,21,,0.0,0,13,,0.27631578947368424,21,76,,0.4473684210526316,34,76,,0.6176470588235294,21,34,,0.38235294117647056,13,34,,0.0,0,34,,0.0,0,34,,-0.023529411764705885,0.043137254901960784,0.2,,present,,,,,,,,,,,,,,,,,,,,
G1,h103,1,S5,service,candidate_raw_counts,21,13,0,0,42,76,34,21,0,0.0,0,21,,0.0,0,21,,0.0,0,13,,0.27631578947368424,21,76,,0.4473684210526316,34,76,,0.6176470588235294,21,34,,0.38235294117647056,13,34,,0.0,0,34,,0.0,0,34,,-0.015686274509803925,0.03921568627450981,0.13333333333333336,,present,,,,,,,,,,,,,,,,,,,,
G1,h103,2,S5,service,candidate_raw_counts,20,13,1,0,42,76,34,21,0,0.047619047619047616,1,21,,0.0,0,20,,0.07142857142857142,1,14,,0.27631578947368424,21,76,,0.4473684210526316,34,76,,0.5882352941176471,20,34,,0.38235294117647056,13,34,,0.029411764705882353,1,34,,0.0,0,34,,0.02352941176470588,0.047058823529411764,0.19999999999999998,,present,,,,,,,,,,,,,,,,,,,,
G1,h103,ALL,S5,service,pooled_counts,104,64,1,1,210,380,170,105,0,0.009523809523809525,1,105,,0.009523809523809525,1,105,,0.015384615384615385,1,65,,0.27631578947368424,105,380,,0.4473684210526316,170,380,,0.611764705882353,104,170,,0.3764705882352941,64,170,,0.0058823529411764705,1,170,,0.0058823529411764705,1,170,,-0.03215686274509804,0.05725490196078432,0.2,,present,,,,,,,,,,,,,,,,,,,,
G1,h103,ALL,S5,service,equal_candidate_equal_workload_macro,,,,,,,,,,0.009523809523809523,,,,0.00909090909090909,,,,0.014285714285714285,,,,0.27631578947368424,,,,0.4473684210526316,,,,0.611764705882353,,,,0.3764705882352941,,,,0.0058823529411764705,,,,0.0058823529411764705,,,,-0.03215686274509804,0.05725490196078432,0.2,,,1,5,1,5,1,5,1,5,1,5,1,5,1,5,1,5,1,5,1,5
G1,h103,-2,S5,latency_only,candidate_raw_counts,21,12,0,1,0,34,34,21,0,0.0,0,21,,0.045454545454545456,1,22,,0.0,0,12,,0.6176470588235294,21,34,,1.0,34,34,,0.6176470588235294,21,34,,0.35294117647058826,12,34,,0.0,0,34,,0.029411764705882353,1,34,,-0.09607843137254903,0.09607843137254903,0.33333333333333337,,present,,,,,,,,,,,,,,,,,,,,
G1,h103,-1,S5,latency_only,candidate_raw_counts,21,13,0,0,0,34,34,21,0,0.0,0,21,,0.0,0,21,,0.0,0,13,,0.6176470588235294,21,34,,1.0,34,34,,0.6176470588235294,21,34,,0.38235294117647056,13,34,,0.0,0,34,,0.0,0,34,,-0.049019607843137254,0.060784313725490195,0.2,,present,,,,,,,,,,,,,,,,,,,,
G1,h103,0,S5,latency_only,candidate_raw_counts,21,13,0,0,0,34,34,21,0,0.0,0,21,,0.0,0,21,,0.0,0,13,,0.6176470588235294,21,34,,1.0,34,34,,0.6176470588235294,21,34,,0.38235294117647056,13,34,,0.0,0,34,,0.0,0,34,,-0.023529411764705885,0.043137254901960784,0.2,,present,,,,,,,,,,,,,,,,,,,,
G1,h103,1,S5,latency_only,candidate_raw_counts,21,13,0,0,0,34,34,21,0,0.0,0,21,,0.0,0,21,,0.0,0,13,,0.6176470588235294,21,34,,1.0,34,34,,0.6176470588235294,21,34,,0.38235294117647056,13,34,,0.0,0,34,,0.0,0,34,,-0.015686274509803925,0.03921568627450981,0.13333333333333336,,present,,,,,,,,,,,,,,,,,,,,
G1,h103,2,S5,latency_only,candidate_raw_counts,20,13,1,0,0,34,34,21,0,0.047619047619047616,1,21,,0.0,0,20,,0.07142857142857142,1,14,,0.6176470588235294,21,34,,1.0,34,34,,0.5882352941176471,20,34,,0.38235294117647056,13,34,,0.029411764705882353,1,34,,0.0,0,34,,0.02352941176470588,0.047058823529411764,0.19999999999999998,,present,,,,,,,,,,,,,,,,,,,,
G1,h103,ALL,S5,latency_only,pooled_counts,104,64,1,1,0,170,170,105,0,0.009523809523809525,1,105,,0.009523809523809525,1,105,,0.015384615384615385,1,65,,0.6176470588235294,105,170,,1.0,170,170,,0.611764705882353,104,170,,0.3764705882352941,64,170,,0.0058823529411764705,1,170,,0.0058823529411764705,1,170,,-0.03215686274509804,0.05725490196078432,0.2,,present,,,,,,,,,,,,,,,,,,,,
G1,h103,ALL,S5,latency_only,equal_candidate_equal_workload_macro,,,,,,,,,,0.009523809523809523,,,,0.00909090909090909,,,,0.014285714285714285,,,,0.6176470588235294,,,,1.0,,,,0.611764705882353,,,,0.3764705882352941,,,,0.0058823529411764705,,,,0.0058823529411764705,,,,-0.03215686274509804,0.05725490196078432,0.2,,,1,5,1,5,1,5,1,5,1,5,1,5,1,5,1,5,1,5,1,5
G1,h103,-2,S5,near_boundary,candidate_raw_counts,21,0,0,1,0,22,22,21,0,0.0,0,21,,0.045454545454545456,1,22,,,0,0,zero denominator,0.9545454545454546,21,22,,1.0,22,22,,0.9545454545454546,21,22,,0.0,0,22,,0.0,0,22,,0.045454545454545456,1,22,,-0.0030303030303030294,0.0030303030303030294,0.0,,present,,,,,,,,,,,,,,,,,,,,
G1,h103,-1,S5,near_boundary,candidate_raw_counts,21,1,0,0,0,22,22,21,0,0.0,0,21,,0.0,0,21,,0.0,0,1,,0.9545454545454546,21,22,,1.0,22,22,,0.9545454545454546,21,22,,0.045454545454545456,1,22,,0.0,0,22,,0.0,0,22,,0.0,0.0,0.0,,present,,,,,,,,,,,,,,,,,,,,
G1,h103,0,S5,near_boundary,candidate_raw_counts,21,1,0,0,0,22,22,21,0,0.0,0,21,,0.0,0,21,,0.0,0,1,,0.9545454545454546,21,22,,1.0,22,22,,0.9545454545454546,21,22,,0.045454545454545456,1,22,,0.0,0,22,,0.0,0,22,,0.0,0.0,0.0,,present,,,,,,,,,,,,,,,,,,,,
G1,h103,1,S5,near_boundary,candidate_raw_counts,21,0,0,0,0,21,21,21,0,0.0,0,21,,0.0,0,21,,,0,0,zero denominator,1.0,21,21,,1.0,21,21,,1.0,21,21,,0.0,0,21,,0.0,0,21,,0.0,0,21,,0.0,0.0,0.0,,present,,,,,,,,,,,,,,,,,,,,
G1,h103,2,S5,near_boundary,candidate_raw_counts,20,0,1,0,0,21,21,21,0,0.047619047619047616,1,21,,0.0,0,20,,1.0,1,1,,1.0,21,21,,1.0,21,21,,0.9523809523809523,20,21,,0.0,0,21,,0.047619047619047616,1,21,,0.0,0,21,,0.0063492063492063475,0.0063492063492063475,0.0,,present,,,,,,,,,,,,,,,,,,,,
G1,h103,ALL,S5,near_boundary,pooled_counts,104,2,1,1,0,108,108,105,0,0.009523809523809525,1,105,,0.009523809523809525,1,105,,0.3333333333333333,1,3,,0.9722222222222222,105,108,,1.0,108,108,,0.9629629629629629,104,108,,0.018518518518518517,2,108,,0.009259259259259259,1,108,,0.009259259259259259,1,108,,0.0006172839506172838,0.0018518518518518515,0.0,,present,,,,,,,,,,,,,,,,,,,,
G1,h103,ALL,S5,near_boundary,equal_candidate_equal_workload_macro,,,,,,,,,,0.009523809523809523,,,,0.00909090909090909,,,,0.3333333333333333,,,,0.9727272727272728,,,,1.0,,,,0.9632034632034632,,,,0.01818181818181818,,,,0.009523809523809523,,,,0.00909090909090909,,,,0.0006637806637806637,0.0018759018759018755,0.0,,,1,5,1,5,1,3,1,5,1,5,1,5,1,5,1,5,1,5,1,5
G1,h103,-2,S6,service,candidate_raw_counts,25,8,0,1,42,76,34,25,0,0.0,0,25,,0.038461538461538464,1,26,,0.0,0,8,,0.32894736842105265,25,76,,0.4473684210526316,34,76,,0.7352941176470589,25,34,,0.23529411764705882,8,34,,0.0,0,34,,0.029411764705882353,1,34,,-0.2,0.2,0.8,,present,,,,,,,,,,,,,,,,,,,,
G1,h103,-1,S6,service,candidate_raw_counts,25,8,0,1,42,76,34,25,0,0.0,0,25,,0.038461538461538464,1,26,,0.0,0,8,,0.32894736842105265,25,76,,0.4473684210526316,34,76,,0.7352941176470589,25,34,,0.23529411764705882,8,34,,0.0,0,34,,0.029411764705882353,1,34,,-0.19607843137254904,0.19607843137254904,0.8,,present,,,,,,,,,,,,,,,,,,,,
G1,h103,0,S6,service,candidate_raw_counts,25,8,0,1,42,76,34,25,0,0.0,0,25,,0.038461538461538464,1,26,,0.0,0,8,,0.32894736842105265,25,76,,0.4473684210526316,34,76,,0.7352941176470589,25,34,,0.23529411764705882,8,34,,0.0,0,34,,0.029411764705882353,1,34,,-0.19607843137254904,0.19607843137254904,0.8,,present,,,,,,,,,,,,,,,,,,,,
G1,h103,1,S6,service,candidate_raw_counts,25,8,0,1,42,76,34,25,0,0.0,0,25,,0.038461538461538464,1,26,,0.0,0,8,,0.32894736842105265,25,76,,0.4473684210526316,34,76,,0.7352941176470589,25,34,,0.23529411764705882,8,34,,0.0,0,34,,0.029411764705882353,1,34,,-0.19019607843137257,0.19411764705882353,0.8,,present,,,,,,,,,,,,,,,,,,,,
G1,h103,2,S6,service,candidate_raw_counts,24,8,1,1,42,76,34,25,0,0.04,1,25,,0.04,1,25,,0.1111111111111111,1,9,,0.32894736842105265,25,76,,0.4473684210526316,34,76,,0.7058823529411765,24,34,,0.23529411764705882,8,34,,0.029411764705882353,1,34,,0.029411764705882353,1,34,,-0.1823529411764706,0.19411764705882353,0.7333333333333334,,present,,,,,,,,,,,,,,,,,,,,
G1,h103,ALL,S6,service,pooled_counts,124,40,1,5,210,380,170,125,0,0.008,1,125,,0.03875968992248062,5,129,,0.024390243902439025,1,41,,0.32894736842105265,125,380,,0.4473684210526316,170,380,,0.7294117647058823,124,170,,0.23529411764705882,40,170,,0.0058823529411764705,1,170,,0.029411764705882353,5,170,,-0.19294117647058825,0.19607843137254904,0.8,,present,,,,,,,,,,,,,,,,,,,,
G1,h103,ALL,S6,service,equal_candidate_equal_workload_macro,,,,,,,,,,0.008,,,,0.03876923076923077,,,,0.02222222222222222,,,,0.32894736842105265,,,,0.4473684210526316,,,,0.7294117647058824,,,,0.23529411764705882,,,,0.0058823529411764705,,,,0.029411764705882353,,,,-0.19294117647058825,0.19607843137254904,0.8,,,1,5,1,5,1,5,1,5,1,5,1,5,1,5,1,5,1,5,1,5
G1,h103,-2,S6,latency_only,candidate_raw_counts,25,8,0,1,0,34,34,25,0,0.0,0,25,,0.038461538461538464,1,26,,0.0,0,8,,0.7352941176470589,25,34,,1.0,34,34,,0.7352941176470589,25,34,,0.23529411764705882,8,34,,0.0,0,34,,0.029411764705882353,1,34,,-0.2,0.2,0.8,,present,,,,,,,,,,,,,,,,,,,,
G1,h103,-1,S6,latency_only,candidate_raw_counts,25,8,0,1,0,34,34,25,0,0.0,0,25,,0.038461538461538464,1,26,,0.0,0,8,,0.7352941176470589,25,34,,1.0,34,34,,0.7352941176470589,25,34,,0.23529411764705882,8,34,,0.0,0,34,,0.029411764705882353,1,34,,-0.19607843137254904,0.19607843137254904,0.8,,present,,,,,,,,,,,,,,,,,,,,
G1,h103,0,S6,latency_only,candidate_raw_counts,25,8,0,1,0,34,34,25,0,0.0,0,25,,0.038461538461538464,1,26,,0.0,0,8,,0.7352941176470589,25,34,,1.0,34,34,,0.7352941176470589,25,34,,0.23529411764705882,8,34,,0.0,0,34,,0.029411764705882353,1,34,,-0.19607843137254904,0.19607843137254904,0.8,,present,,,,,,,,,,,,,,,,,,,,
G1,h103,1,S6,latency_only,candidate_raw_counts,25,8,0,1,0,34,34,25,0,0.0,0,25,,0.038461538461538464,1,26,,0.0,0,8,,0.7352941176470589,25,34,,1.0,34,34,,0.7352941176470589,25,34,,0.23529411764705882,8,34,,0.0,0,34,,0.029411764705882353,1,34,,-0.19019607843137257,0.19411764705882353,0.8,,present,,,,,,,,,,,,,,,,,,,,
G1,h103,2,S6,latency_only,candidate_raw_counts,24,8,1,1,0,34,34,25,0,0.04,1,25,,0.04,1,25,,0.1111111111111111,1,9,,0.7352941176470589,25,34,,1.0,34,34,,0.7058823529411765,24,34,,0.23529411764705882,8,34,,0.029411764705882353,1,34,,0.029411764705882353,1,34,,-0.1823529411764706,0.19411764705882353,0.7333333333333334,,present,,,,,,,,,,,,,,,,,,,,
G1,h103,ALL,S6,latency_only,pooled_counts,124,40,1,5,0,170,170,125,0,0.008,1,125,,0.03875968992248062,5,129,,0.024390243902439025,1,41,,0.7352941176470589,125,170,,1.0,170,170,,0.7294117647058823,124,170,,0.23529411764705882,40,170,,0.0058823529411764705,1,170,,0.029411764705882353,5,170,,-0.19294117647058825,0.19607843137254904,0.8,,present,,,,,,,,,,,,,,,,,,,,
G1,h103,ALL,S6,latency_only,equal_candidate_equal_workload_macro,,,,,,,,,,0.008,,,,0.03876923076923077,,,,0.02222222222222222,,,,0.7352941176470589,,,,1.0,,,,0.7294117647058824,,,,0.23529411764705882,,,,0.0058823529411764705,,,,0.029411764705882353,,,,-0.19294117647058825,0.19607843137254904,0.8,,,1,5,1,5,1,5,1,5,1,5,1,5,1,5,1,5,1,5,1,5
G1,h103,-2,S6,near_boundary,candidate_raw_counts,25,8,0,1,0,34,34,25,0,0.0,0,25,,0.038461538461538464,1,26,,0.0,0,8,,0.7352941176470589,25,34,,1.0,34,34,,0.7352941176470589,25,34,,0.23529411764705882,8,34,,0.0,0,34,,0.029411764705882353,1,34,,-0.2,0.2,0.8,,present,,,,,,,,,,,,,,,,,,,,
G1,h103,-1,S6,near_boundary,candidate_raw_counts,25,8,0,1,0,34,34,25,0,0.0,0,25,,0.038461538461538464,1,26,,0.0,0,8,,0.7352941176470589,25,34,,1.0,34,34,,0.7352941176470589,25,34,,0.23529411764705882,8,34,,0.0,0,34,,0.029411764705882353,1,34,,-0.19607843137254904,0.19607843137254904,0.8,,present,,,,,,,,,,,,,,,,,,,,
G1,h103,0,S6,near_boundary,candidate_raw_counts,25,8,0,1,0,34,34,25,0,0.0,0,25,,0.038461538461538464,1,26,,0.0,0,8,,0.7352941176470589,25,34,,1.0,34,34,,0.7352941176470589,25,34,,0.23529411764705882,8,34,,0.0,0,34,,0.029411764705882353,1,34,,-0.19607843137254904,0.19607843137254904,0.8,,present,,,,,,,,,,,,,,,,,,,,
G1,h103,1,S6,near_boundary,candidate_raw_counts,25,8,0,1,0,34,34,25,0,0.0,0,25,,0.038461538461538464,1,26,,0.0,0,8,,0.7352941176470589,25,34,,1.0,34,34,,0.7352941176470589,25,34,,0.23529411764705882,8,34,,0.0,0,34,,0.029411764705882353,1,34,,-0.19019607843137257,0.19411764705882353,0.8,,present,,,,,,,,,,,,,,,,,,,,
G1,h103,2,S6,near_boundary,candidate_raw_counts,24,4,0,1,0,29,29,24,0,0.0,0,24,,0.04,1,25,,0.0,0,4,,0.8275862068965517,24,29,,1.0,29,29,,0.8275862068965517,24,29,,0.13793103448275862,4,29,,0.0,0,29,,0.034482758620689655,1,29,,-0.12643678160919541,0.12643678160919541,0.8,,present,,,,,,,,,,,,,,,,,,,,
G1,h103,ALL,S6,near_boundary,pooled_counts,124,36,0,5,0,165,165,124,0,0.0,0,124,,0.03875968992248062,5,129,,0.0,0,36,,0.7515151515151515,124,165,,1.0,165,165,,0.7515151515151515,124,165,,0.21818181818181817,36,165,,0.0,0,165,,0.030303030303030304,5,165,,-0.18343434343434345,0.18424242424242426,0.8,,present,,,,,,,,,,,,,,,,,,,,
G1,h103,ALL,S6,near_boundary,equal_candidate_equal_workload_macro,,,,,,,,,,0.0,,,,0.03876923076923077,,,,0.0,,,,0.7537525354969574,,,,1.0,,,,0.7537525354969574,,,,0.21582150101419878,,,,0.0,,,,0.030425963488843813,,,,-0.1817579445571332,0.1825422582826234,0.8,,,1,5,1,5,1,5,1,5,1,5,1,5,1,5,1,5,1,5,1,5
G1,h104,-2,S1,service,candidate_raw_counts,0,28,0,0,30,58,28,0,0,,0,0,zero denominator,,0,0,zero denominator,0.0,0,28,,0.0,0,58,,0.4827586206896552,28,58,,0.0,0,28,,1.0,28,28,,0.0,0,28,,0.0,0,28,,0.0,0.0,0.0,,present,,,,,,,,,,,,,,,,,,,,
G1,h104,-1,S1,service,candidate_raw_counts,0,28,0,0,30,58,28,0,0,,0,0,zero denominator,,0,0,zero denominator,0.0,0,28,,0.0,0,58,,0.4827586206896552,28,58,,0.0,0,28,,1.0,28,28,,0.0,0,28,,0.0,0,28,,0.0,0.0,0.0,,present,,,,,,,,,,,,,,,,,,,,
G1,h104,0,S1,service,candidate_raw_counts,0,28,0,0,30,58,28,0,0,,0,0,zero denominator,,0,0,zero denominator,0.0,0,28,,0.0,0,58,,0.4827586206896552,28,58,,0.0,0,28,,1.0,28,28,,0.0,0,28,,0.0,0,28,,0.0,0.0,0.0,,present,,,,,,,,,,,,,,,,,,,,
G1,h104,1,S1,service,candidate_raw_counts,0,28,0,0,30,58,28,0,0,,0,0,zero denominator,,0,0,zero denominator,0.0,0,28,,0.0,0,58,,0.4827586206896552,28,58,,0.0,0,28,,1.0,28,28,,0.0,0,28,,0.0,0,28,,0.0,0.0,0.0,,present,,,,,,,,,,,,,,,,,,,,
G1,h104,2,S1,service,candidate_raw_counts,0,28,0,0,30,58,28,0,0,,0,0,zero denominator,,0,0,zero denominator,0.0,0,28,,0.0,0,58,,0.4827586206896552,28,58,,0.0,0,28,,1.0,28,28,,0.0,0,28,,0.0,0,28,,0.0,0.0,0.0,,present,,,,,,,,,,,,,,,,,,,,
G1,h104,ALL,S1,service,pooled_counts,0,140,0,0,150,290,140,0,0,,0,0,zero denominator,,0,0,zero denominator,0.0,0,140,,0.0,0,290,,0.4827586206896552,140,290,,0.0,0,140,,1.0,140,140,,0.0,0,140,,0.0,0,140,,0.0,0.0,0.0,,present,,,,,,,,,,,,,,,,,,,,
G1,h104,ALL,S1,service,equal_candidate_equal_workload_macro,,,,,,,,,,,,,all denominators zero,,,,all denominators zero,0.0,,,,0.0,,,,0.4827586206896552,,,,0.0,,,,1.0,,,,0.0,,,,0.0,,,,0.0,0.0,0.0,,,0,0,0,0,1,5,1,5,1,5,1,5,1,5,1,5,1,5,1,5
G1,h104,-2,S1,latency_only,candidate_raw_counts,0,28,0,0,0,28,28,0,0,,0,0,zero denominator,,0,0,zero denominator,0.0,0,28,,0.0,0,28,,1.0,28,28,,0.0,0,28,,1.0,28,28,,0.0,0,28,,0.0,0,28,,0.0,0.0,0.0,,present,,,,,,,,,,,,,,,,,,,,
G1,h104,-1,S1,latency_only,candidate_raw_counts,0,28,0,0,0,28,28,0,0,,0,0,zero denominator,,0,0,zero denominator,0.0,0,28,,0.0,0,28,,1.0,28,28,,0.0,0,28,,1.0,28,28,,0.0,0,28,,0.0,0,28,,0.0,0.0,0.0,,present,,,,,,,,,,,,,,,,,,,,
G1,h104,0,S1,latency_only,candidate_raw_counts,0,28,0,0,0,28,28,0,0,,0,0,zero denominator,,0,0,zero denominator,0.0,0,28,,0.0,0,28,,1.0,28,28,,0.0,0,28,,1.0,28,28,,0.0,0,28,,0.0,0,28,,0.0,0.0,0.0,,present,,,,,,,,,,,,,,,,,,,,
G1,h104,1,S1,latency_only,candidate_raw_counts,0,28,0,0,0,28,28,0,0,,0,0,zero denominator,,0,0,zero denominator,0.0,0,28,,0.0,0,28,,1.0,28,28,,0.0,0,28,,1.0,28,28,,0.0,0,28,,0.0,0,28,,0.0,0.0,0.0,,present,,,,,,,,,,,,,,,,,,,,
G1,h104,2,S1,latency_only,candidate_raw_counts,0,28,0,0,0,28,28,0,0,,0,0,zero denominator,,0,0,zero denominator,0.0,0,28,,0.0,0,28,,1.0,28,28,,0.0,0,28,,1.0,28,28,,0.0,0,28,,0.0,0,28,,0.0,0.0,0.0,,present,,,,,,,,,,,,,,,,,,,,
G1,h104,ALL,S1,latency_only,pooled_counts,0,140,0,0,0,140,140,0,0,,0,0,zero denominator,,0,0,zero denominator,0.0,0,140,,0.0,0,140,,1.0,140,140,,0.0,0,140,,1.0,140,140,,0.0,0,140,,0.0,0,140,,0.0,0.0,0.0,,present,,,,,,,,,,,,,,,,,,,,
G1,h104,ALL,S1,latency_only,equal_candidate_equal_workload_macro,,,,,,,,,,,,,all denominators zero,,,,all denominators zero,0.0,,,,0.0,,,,1.0,,,,0.0,,,,1.0,,,,0.0,,,,0.0,,,,0.0,0.0,0.0,,,0,0,0,0,1,5,1,5,1,5,1,5,1,5,1,5,1,5,1,5
G1,h104,-2,S1,near_boundary,candidate_raw_counts,0,0,0,0,0,0,0,0,0,,0,0,zero denominator,,0,0,zero denominator,,0,0,zero denominator,,0,0,zero denominator,,0,0,zero denominator,,0,0,zero denominator,,0,0,zero denominator,,0,0,zero denominator,,0,0,zero denominator,,,,no both-attainment-defined points,absent,,,,,,,,,,,,,,,,,,,,
G1,h104,-1,S1,near_boundary,candidate_raw_counts,0,0,0,0,0,0,0,0,0,,0,0,zero denominator,,0,0,zero denominator,,0,0,zero denominator,,0,0,zero denominator,,0,0,zero denominator,,0,0,zero denominator,,0,0,zero denominator,,0,0,zero denominator,,0,0,zero denominator,,,,no both-attainment-defined points,absent,,,,,,,,,,,,,,,,,,,,
G1,h104,0,S1,near_boundary,candidate_raw_counts,0,0,0,0,0,0,0,0,0,,0,0,zero denominator,,0,0,zero denominator,,0,0,zero denominator,,0,0,zero denominator,,0,0,zero denominator,,0,0,zero denominator,,0,0,zero denominator,,0,0,zero denominator,,0,0,zero denominator,,,,no both-attainment-defined points,absent,,,,,,,,,,,,,,,,,,,,
G1,h104,1,S1,near_boundary,candidate_raw_counts,0,0,0,0,0,0,0,0,0,,0,0,zero denominator,,0,0,zero denominator,,0,0,zero denominator,,0,0,zero denominator,,0,0,zero denominator,,0,0,zero denominator,,0,0,zero denominator,,0,0,zero denominator,,0,0,zero denominator,,,,no both-attainment-defined points,absent,,,,,,,,,,,,,,,,,,,,
G1,h104,2,S1,near_boundary,candidate_raw_counts,0,0,0,0,0,0,0,0,0,,0,0,zero denominator,,0,0,zero denominator,,0,0,zero denominator,,0,0,zero denominator,,0,0,zero denominator,,0,0,zero denominator,,0,0,zero denominator,,0,0,zero denominator,,0,0,zero denominator,,,,no both-attainment-defined points,absent,,,,,,,,,,,,,,,,,,,,
G1,h104,ALL,S1,near_boundary,pooled_counts,0,0,0,0,0,0,0,0,0,,0,0,zero denominator,,0,0,zero denominator,,0,0,zero denominator,,0,0,zero denominator,,0,0,zero denominator,,0,0,zero denominator,,0,0,zero denominator,,0,0,zero denominator,,0,0,zero denominator,,,,no both-attainment-defined points,absent,,,,,,,,,,,,,,,,,,,,
G1,h104,ALL,S1,near_boundary,equal_candidate_equal_workload_macro,,,,,,,,,,,,,all denominators zero,,,,all denominators zero,,,,all denominators zero,,,,all denominators zero,,,,all denominators zero,,,,all denominators zero,,,,all denominators zero,,,,all denominators zero,,,,all denominators zero,,,,empty applicable subset,,0,0,0,0,0,0,0,0,0,0,0,0,0,0,0,0,0,0,0,0
G1,h104,-2,S2,service,candidate_raw_counts,0,28,0,0,30,58,28,0,0,,0,0,zero denominator,,0,0,zero denominator,0.0,0,28,,0.0,0,58,,0.4827586206896552,28,58,,0.0,0,28,,1.0,28,28,,0.0,0,28,,0.0,0,28,,0.01587301587301584,0.032627865961199265,0.04938271604938271,,present,,,,,,,,,,,,,,,,,,,,
G1,h104,-1,S2,service,candidate_raw_counts,0,28,0,0,30,58,28,0,0,,0,0,zero denominator,,0,0,zero denominator,0.0,0,28,,0.0,0,58,,0.4827586206896552,28,58,,0.0,0,28,,1.0,28,28,,0.0,0,28,,0.0,0,28,,0.018959435626102264,0.033068783068783046,0.04938271604938271,,present,,,,,,,,,,,,,,,,,,,,
G1,h104,0,S2,service,candidate_raw_counts,0,28,0,0,30,58,28,0,0,,0,0,zero denominator,,0,0,zero denominator,0.0,0,28,,0.0,0,58,,0.4827586206896552,28,58,,0.0,0,28,,1.0,28,28,,0.0,0,28,,0.0,0,28,,0.027336860670194005,0.04409171075837742,0.06172839506172845,,present,,,,,,,,,,,,,,,,,,,,
G1,h104,1,S2,service,candidate_raw_counts,0,28,0,0,30,58,28,0,0,,0,0,zero denominator,,0,0,zero denominator,0.0,0,28,,0.0,0,58,,0.4827586206896552,28,58,,0.0,0,28,,1.0,28,28,,0.0,0,28,,0.0,0,28,,0.020282186948853583,0.0423280423280423,0.07407407407407407,,present,,,,,,,,,,,,,,,,,,,,
G1,h104,2,S2,service,candidate_raw_counts,0,28,0,0,30,58,28,0,0,,0,0,zero denominator,,0,0,zero denominator,0.0,0,28,,0.0,0,58,,0.4827586206896552,28,58,,0.0,0,28,,1.0,28,28,,0.0,0,28,,0.0,0,28,,0.020282186948853614,0.03880070546737214,0.0864197530864198,,present,,,,,,,,,,,,,,,,,,,,
G1,h104,ALL,S2,service,pooled_counts,0,140,0,0,150,290,140,0,0,,0,0,zero denominator,,0,0,zero denominator,0.0,0,140,,0.0,0,290,,0.4827586206896552,140,290,,0.0,0,140,,1.0,140,140,,0.0,0,140,,0.0,0,140,,0.020546737213403863,0.038183421516754835,0.06172839506172845,,present,,,,,,,,,,,,,,,,,,,,
G1,h104,ALL,S2,service,equal_candidate_equal_workload_macro,,,,,,,,,,,,,all denominators zero,,,,all denominators zero,0.0,,,,0.0,,,,0.4827586206896552,,,,0.0,,,,1.0,,,,0.0,,,,0.0,,,,0.020546737213403863,0.038183421516754835,0.06172839506172845,,,0,0,0,0,1,5,1,5,1,5,1,5,1,5,1,5,1,5,1,5
G1,h104,-2,S2,latency_only,candidate_raw_counts,0,28,0,0,0,28,28,0,0,,0,0,zero denominator,,0,0,zero denominator,0.0,0,28,,0.0,0,28,,1.0,28,28,,0.0,0,28,,1.0,28,28,,0.0,0,28,,0.0,0,28,,0.01587301587301584,0.032627865961199265,0.04938271604938271,,present,,,,,,,,,,,,,,,,,,,,
G1,h104,-1,S2,latency_only,candidate_raw_counts,0,28,0,0,0,28,28,0,0,,0,0,zero denominator,,0,0,zero denominator,0.0,0,28,,0.0,0,28,,1.0,28,28,,0.0,0,28,,1.0,28,28,,0.0,0,28,,0.0,0,28,,0.018959435626102264,0.033068783068783046,0.04938271604938271,,present,,,,,,,,,,,,,,,,,,,,
G1,h104,0,S2,latency_only,candidate_raw_counts,0,28,0,0,0,28,28,0,0,,0,0,zero denominator,,0,0,zero denominator,0.0,0,28,,0.0,0,28,,1.0,28,28,,0.0,0,28,,1.0,28,28,,0.0,0,28,,0.0,0,28,,0.027336860670194005,0.04409171075837742,0.06172839506172845,,present,,,,,,,,,,,,,,,,,,,,
G1,h104,1,S2,latency_only,candidate_raw_counts,0,28,0,0,0,28,28,0,0,,0,0,zero denominator,,0,0,zero denominator,0.0,0,28,,0.0,0,28,,1.0,28,28,,0.0,0,28,,1.0,28,28,,0.0,0,28,,0.0,0,28,,0.020282186948853583,0.0423280423280423,0.07407407407407407,,present,,,,,,,,,,,,,,,,,,,,
G1,h104,2,S2,latency_only,candidate_raw_counts,0,28,0,0,0,28,28,0,0,,0,0,zero denominator,,0,0,zero denominator,0.0,0,28,,0.0,0,28,,1.0,28,28,,0.0,0,28,,1.0,28,28,,0.0,0,28,,0.0,0,28,,0.020282186948853614,0.03880070546737214,0.0864197530864198,,present,,,,,,,,,,,,,,,,,,,,
G1,h104,ALL,S2,latency_only,pooled_counts,0,140,0,0,0,140,140,0,0,,0,0,zero denominator,,0,0,zero denominator,0.0,0,140,,0.0,0,140,,1.0,140,140,,0.0,0,140,,1.0,140,140,,0.0,0,140,,0.0,0,140,,0.020546737213403863,0.038183421516754835,0.06172839506172845,,present,,,,,,,,,,,,,,,,,,,,
G1,h104,ALL,S2,latency_only,equal_candidate_equal_workload_macro,,,,,,,,,,,,,all denominators zero,,,,all denominators zero,0.0,,,,0.0,,,,1.0,,,,0.0,,,,1.0,,,,0.0,,,,0.0,,,,0.020546737213403863,0.038183421516754835,0.06172839506172845,,,0,0,0,0,1,5,1,5,1,5,1,5,1,5,1,5,1,5,1,5
G1,h104,-2,S2,near_boundary,candidate_raw_counts,0,0,0,0,0,0,0,0,0,,0,0,zero denominator,,0,0,zero denominator,,0,0,zero denominator,,0,0,zero denominator,,0,0,zero denominator,,0,0,zero denominator,,0,0,zero denominator,,0,0,zero denominator,,0,0,zero denominator,,,,no both-attainment-defined points,absent,,,,,,,,,,,,,,,,,,,,
G1,h104,-1,S2,near_boundary,candidate_raw_counts,0,0,0,0,0,0,0,0,0,,0,0,zero denominator,,0,0,zero denominator,,0,0,zero denominator,,0,0,zero denominator,,0,0,zero denominator,,0,0,zero denominator,,0,0,zero denominator,,0,0,zero denominator,,0,0,zero denominator,,,,no both-attainment-defined points,absent,,,,,,,,,,,,,,,,,,,,
G1,h104,0,S2,near_boundary,candidate_raw_counts,0,0,0,0,0,0,0,0,0,,0,0,zero denominator,,0,0,zero denominator,,0,0,zero denominator,,0,0,zero denominator,,0,0,zero denominator,,0,0,zero denominator,,0,0,zero denominator,,0,0,zero denominator,,0,0,zero denominator,,,,no both-attainment-defined points,absent,,,,,,,,,,,,,,,,,,,,
G1,h104,1,S2,near_boundary,candidate_raw_counts,0,0,0,0,0,0,0,0,0,,0,0,zero denominator,,0,0,zero denominator,,0,0,zero denominator,,0,0,zero denominator,,0,0,zero denominator,,0,0,zero denominator,,0,0,zero denominator,,0,0,zero denominator,,0,0,zero denominator,,,,no both-attainment-defined points,absent,,,,,,,,,,,,,,,,,,,,
G1,h104,2,S2,near_boundary,candidate_raw_counts,0,0,0,0,0,0,0,0,0,,0,0,zero denominator,,0,0,zero denominator,,0,0,zero denominator,,0,0,zero denominator,,0,0,zero denominator,,0,0,zero denominator,,0,0,zero denominator,,0,0,zero denominator,,0,0,zero denominator,,,,no both-attainment-defined points,absent,,,,,,,,,,,,,,,,,,,,
G1,h104,ALL,S2,near_boundary,pooled_counts,0,0,0,0,0,0,0,0,0,,0,0,zero denominator,,0,0,zero denominator,,0,0,zero denominator,,0,0,zero denominator,,0,0,zero denominator,,0,0,zero denominator,,0,0,zero denominator,,0,0,zero denominator,,0,0,zero denominator,,,,no both-attainment-defined points,absent,,,,,,,,,,,,,,,,,,,,
G1,h104,ALL,S2,near_boundary,equal_candidate_equal_workload_macro,,,,,,,,,,,,,all denominators zero,,,,all denominators zero,,,,all denominators zero,,,,all denominators zero,,,,all denominators zero,,,,all denominators zero,,,,all denominators zero,,,,all denominators zero,,,,all denominators zero,,,,empty applicable subset,,0,0,0,0,0,0,0,0,0,0,0,0,0,0,0,0,0,0,0,0
G1,h104,-2,S3,service,candidate_raw_counts,0,28,0,0,30,58,28,0,0,,0,0,zero denominator,,0,0,zero denominator,0.0,0,28,,0.0,0,58,,0.4827586206896552,28,58,,0.0,0,28,,1.0,28,28,,0.0,0,28,,0.0,0,28,,0.0,0.0,0.0,,present,,,,,,,,,,,,,,,,,,,,
G1,h104,-1,S3,service,candidate_raw_counts,0,28,0,0,30,58,28,0,0,,0,0,zero denominator,,0,0,zero denominator,0.0,0,28,,0.0,0,58,,0.4827586206896552,28,58,,0.0,0,28,,1.0,28,28,,0.0,0,28,,0.0,0,28,,0.0,0.0,0.0,,present,,,,,,,,,,,,,,,,,,,,
G1,h104,0,S3,service,candidate_raw_counts,0,28,0,0,30,58,28,0,0,,0,0,zero denominator,,0,0,zero denominator,0.0,0,28,,0.0,0,58,,0.4827586206896552,28,58,,0.0,0,28,,1.0,28,28,,0.0,0,28,,0.0,0,28,,0.0,0.0,0.0,,present,,,,,,,,,,,,,,,,,,,,
G1,h104,1,S3,service,candidate_raw_counts,0,28,0,0,30,58,28,0,0,,0,0,zero denominator,,0,0,zero denominator,0.0,0,28,,0.0,0,58,,0.4827586206896552,28,58,,0.0,0,28,,1.0,28,28,,0.0,0,28,,0.0,0,28,,0.0,0.0,0.0,,present,,,,,,,,,,,,,,,,,,,,
G1,h104,2,S3,service,candidate_raw_counts,0,28,0,0,30,58,28,0,0,,0,0,zero denominator,,0,0,zero denominator,0.0,0,28,,0.0,0,58,,0.4827586206896552,28,58,,0.0,0,28,,1.0,28,28,,0.0,0,28,,0.0,0,28,,0.0,0.0,0.0,,present,,,,,,,,,,,,,,,,,,,,
G1,h104,ALL,S3,service,pooled_counts,0,140,0,0,150,290,140,0,0,,0,0,zero denominator,,0,0,zero denominator,0.0,0,140,,0.0,0,290,,0.4827586206896552,140,290,,0.0,0,140,,1.0,140,140,,0.0,0,140,,0.0,0,140,,0.0,0.0,0.0,,present,,,,,,,,,,,,,,,,,,,,
G1,h104,ALL,S3,service,equal_candidate_equal_workload_macro,,,,,,,,,,,,,all denominators zero,,,,all denominators zero,0.0,,,,0.0,,,,0.4827586206896552,,,,0.0,,,,1.0,,,,0.0,,,,0.0,,,,0.0,0.0,0.0,,,0,0,0,0,1,5,1,5,1,5,1,5,1,5,1,5,1,5,1,5
G1,h104,-2,S3,latency_only,candidate_raw_counts,0,28,0,0,0,28,28,0,0,,0,0,zero denominator,,0,0,zero denominator,0.0,0,28,,0.0,0,28,,1.0,28,28,,0.0,0,28,,1.0,28,28,,0.0,0,28,,0.0,0,28,,0.0,0.0,0.0,,present,,,,,,,,,,,,,,,,,,,,
G1,h104,-1,S3,latency_only,candidate_raw_counts,0,28,0,0,0,28,28,0,0,,0,0,zero denominator,,0,0,zero denominator,0.0,0,28,,0.0,0,28,,1.0,28,28,,0.0,0,28,,1.0,28,28,,0.0,0,28,,0.0,0,28,,0.0,0.0,0.0,,present,,,,,,,,,,,,,,,,,,,,
G1,h104,0,S3,latency_only,candidate_raw_counts,0,28,0,0,0,28,28,0,0,,0,0,zero denominator,,0,0,zero denominator,0.0,0,28,,0.0,0,28,,1.0,28,28,,0.0,0,28,,1.0,28,28,,0.0,0,28,,0.0,0,28,,0.0,0.0,0.0,,present,,,,,,,,,,,,,,,,,,,,
G1,h104,1,S3,latency_only,candidate_raw_counts,0,28,0,0,0,28,28,0,0,,0,0,zero denominator,,0,0,zero denominator,0.0,0,28,,0.0,0,28,,1.0,28,28,,0.0,0,28,,1.0,28,28,,0.0,0,28,,0.0,0,28,,0.0,0.0,0.0,,present,,,,,,,,,,,,,,,,,,,,
G1,h104,2,S3,latency_only,candidate_raw_counts,0,28,0,0,0,28,28,0,0,,0,0,zero denominator,,0,0,zero denominator,0.0,0,28,,0.0,0,28,,1.0,28,28,,0.0,0,28,,1.0,28,28,,0.0,0,28,,0.0,0,28,,0.0,0.0,0.0,,present,,,,,,,,,,,,,,,,,,,,
G1,h104,ALL,S3,latency_only,pooled_counts,0,140,0,0,0,140,140,0,0,,0,0,zero denominator,,0,0,zero denominator,0.0,0,140,,0.0,0,140,,1.0,140,140,,0.0,0,140,,1.0,140,140,,0.0,0,140,,0.0,0,140,,0.0,0.0,0.0,,present,,,,,,,,,,,,,,,,,,,,
G1,h104,ALL,S3,latency_only,equal_candidate_equal_workload_macro,,,,,,,,,,,,,all denominators zero,,,,all denominators zero,0.0,,,,0.0,,,,1.0,,,,0.0,,,,1.0,,,,0.0,,,,0.0,,,,0.0,0.0,0.0,,,0,0,0,0,1,5,1,5,1,5,1,5,1,5,1,5,1,5,1,5
G1,h104,-2,S3,near_boundary,candidate_raw_counts,0,0,0,0,0,0,0,0,0,,0,0,zero denominator,,0,0,zero denominator,,0,0,zero denominator,,0,0,zero denominator,,0,0,zero denominator,,0,0,zero denominator,,0,0,zero denominator,,0,0,zero denominator,,0,0,zero denominator,,,,no both-attainment-defined points,absent,,,,,,,,,,,,,,,,,,,,
G1,h104,-1,S3,near_boundary,candidate_raw_counts,0,0,0,0,0,0,0,0,0,,0,0,zero denominator,,0,0,zero denominator,,0,0,zero denominator,,0,0,zero denominator,,0,0,zero denominator,,0,0,zero denominator,,0,0,zero denominator,,0,0,zero denominator,,0,0,zero denominator,,,,no both-attainment-defined points,absent,,,,,,,,,,,,,,,,,,,,
G1,h104,0,S3,near_boundary,candidate_raw_counts,0,0,0,0,0,0,0,0,0,,0,0,zero denominator,,0,0,zero denominator,,0,0,zero denominator,,0,0,zero denominator,,0,0,zero denominator,,0,0,zero denominator,,0,0,zero denominator,,0,0,zero denominator,,0,0,zero denominator,,,,no both-attainment-defined points,absent,,,,,,,,,,,,,,,,,,,,
G1,h104,1,S3,near_boundary,candidate_raw_counts,0,0,0,0,0,0,0,0,0,,0,0,zero denominator,,0,0,zero denominator,,0,0,zero denominator,,0,0,zero denominator,,0,0,zero denominator,,0,0,zero denominator,,0,0,zero denominator,,0,0,zero denominator,,0,0,zero denominator,,,,no both-attainment-defined points,absent,,,,,,,,,,,,,,,,,,,,
G1,h104,2,S3,near_boundary,candidate_raw_counts,0,0,0,0,0,0,0,0,0,,0,0,zero denominator,,0,0,zero denominator,,0,0,zero denominator,,0,0,zero denominator,,0,0,zero denominator,,0,0,zero denominator,,0,0,zero denominator,,0,0,zero denominator,,0,0,zero denominator,,,,no both-attainment-defined points,absent,,,,,,,,,,,,,,,,,,,,
G1,h104,ALL,S3,near_boundary,pooled_counts,0,0,0,0,0,0,0,0,0,,0,0,zero denominator,,0,0,zero denominator,,0,0,zero denominator,,0,0,zero denominator,,0,0,zero denominator,,0,0,zero denominator,,0,0,zero denominator,,0,0,zero denominator,,0,0,zero denominator,,,,no both-attainment-defined points,absent,,,,,,,,,,,,,,,,,,,,
G1,h104,ALL,S3,near_boundary,equal_candidate_equal_workload_macro,,,,,,,,,,,,,all denominators zero,,,,all denominators zero,,,,all denominators zero,,,,all denominators zero,,,,all denominators zero,,,,all denominators zero,,,,all denominators zero,,,,all denominators zero,,,,all denominators zero,,,,empty applicable subset,,0,0,0,0,0,0,0,0,0,0,0,0,0,0,0,0,0,0,0,0
G1,h104,-2,S4,service,candidate_raw_counts,18,9,0,1,30,58,28,18,0,0.0,0,18,,0.05263157894736842,1,19,,0.0,0,9,,0.3103448275862069,18,58,,0.4827586206896552,28,58,,0.6428571428571429,18,28,,0.32142857142857145,9,28,,0.0,0,28,,0.03571428571428571,1,28,,-0.027777777777777776,0.027777777777777776,0.06172839506172839,,present,,,,,,,,,,,,,,,,,,,,
G1,h104,-1,S4,service,candidate_raw_counts,17,10,0,1,30,58,28,17,0,0.0,0,17,,0.05555555555555555,1,18,,0.0,0,10,,0.29310344827586204,17,58,,0.4827586206896552,28,58,,0.6071428571428571,17,28,,0.35714285714285715,10,28,,0.0,0,28,,0.03571428571428571,1,28,,-0.023368606701940037,0.023368606701940037,0.0864197530864198,,present,,,,,,,,,,,,,,,,,,,,
G1,h104,0,S4,service,candidate_raw_counts,17,10,0,1,30,58,28,17,0,0.0,0,17,,0.05555555555555555,1,18,,0.0,0,10,,0.29310344827586204,17,58,,0.4827586206896552,28,58,,0.6071428571428571,17,28,,0.35714285714285715,10,28,,0.0,0,28,,0.03571428571428571,1,28,,-0.017636684303350966,0.023809523809523805,0.1111111111111111,,present,,,,,,,,,,,,,,,,,,,,
G1,h104,1,S4,service,candidate_raw_counts,16,11,0,1,30,58,28,16,0,0.0,0,16,,0.058823529411764705,1,17,,0.0,0,11,,0.27586206896551724,16,58,,0.4827586206896552,28,58,,0.5714285714285714,16,28,,0.39285714285714285,11,28,,0.0,0,28,,0.03571428571428571,1,28,,-0.014991181657848325,0.022045855379188715,0.0864197530864198,,present,,,,,,,,,,,,,,,,,,,,
G1,h104,2,S4,service,candidate_raw_counts,15,12,0,1,30,58,28,15,0,0.0,0,15,,0.0625,1,16,,0.0,0,12,,0.25862068965517243,15,58,,0.4827586206896552,28,58,,0.5357142857142857,15,28,,0.42857142857142855,12,28,,0.0,0,28,,0.03571428571428571,1,28,,-0.0171957671957672,0.018959435626102295,0.09876543209876543,,present,,,,,,,,,,,,,,,,,,,,
G1,h104,ALL,S4,service,pooled_counts,83,52,0,5,150,290,140,83,0,0.0,0,83,,0.056818181818181816,5,88,,0.0,0,52,,0.28620689655172415,83,290,,0.4827586206896552,140,290,,0.5928571428571429,83,140,,0.37142857142857144,52,140,,0.0,0,140,,0.03571428571428571,5,140,,-0.02019400352733686,0.023192239858906526,0.06172839506172839,,present,,,,,,,,,,,,,,,,,,,,
G1,h104,ALL,S4,service,equal_candidate_equal_workload_macro,,,,,,,,,,0.0,,,,0.05701324389404885,,,,0.0,,,,0.28620689655172415,,,,0.4827586206896552,,,,0.5928571428571429,,,,0.37142857142857144,,,,0.0,,,,0.03571428571428571,,,,-0.02019400352733686,0.023192239858906526,0.06172839506172839,,,1,5,1,5,1,5,1,5,1,5,1,5,1,5,1,5,1,5,1,5
G1,h104,-2,S4,latency_only,candidate_raw_counts,18,9,0,1,0,28,28,18,0,0.0,0,18,,0.05263157894736842,1,19,,0.0,0,9,,0.6428571428571429,18,28,,1.0,28,28,,0.6428571428571429,18,28,,0.32142857142857145,9,28,,0.0,0,28,,0.03571428571428571,1,28,,-0.027777777777777776,0.027777777777777776,0.06172839506172839,,present,,,,,,,,,,,,,,,,,,,,
G1,h104,-1,S4,latency_only,candidate_raw_counts,17,10,0,1,0,28,28,17,0,0.0,0,17,,0.05555555555555555,1,18,,0.0,0,10,,0.6071428571428571,17,28,,1.0,28,28,,0.6071428571428571,17,28,,0.35714285714285715,10,28,,0.0,0,28,,0.03571428571428571,1,28,,-0.023368606701940037,0.023368606701940037,0.0864197530864198,,present,,,,,,,,,,,,,,,,,,,,
G1,h104,0,S4,latency_only,candidate_raw_counts,17,10,0,1,0,28,28,17,0,0.0,0,17,,0.05555555555555555,1,18,,0.0,0,10,,0.6071428571428571,17,28,,1.0,28,28,,0.6071428571428571,17,28,,0.35714285714285715,10,28,,0.0,0,28,,0.03571428571428571,1,28,,-0.017636684303350966,0.023809523809523805,0.1111111111111111,,present,,,,,,,,,,,,,,,,,,,,
G1,h104,1,S4,latency_only,candidate_raw_counts,16,11,0,1,0,28,28,16,0,0.0,0,16,,0.058823529411764705,1,17,,0.0,0,11,,0.5714285714285714,16,28,,1.0,28,28,,0.5714285714285714,16,28,,0.39285714285714285,11,28,,0.0,0,28,,0.03571428571428571,1,28,,-0.014991181657848325,0.022045855379188715,0.0864197530864198,,present,,,,,,,,,,,,,,,,,,,,
G1,h104,2,S4,latency_only,candidate_raw_counts,15,12,0,1,0,28,28,15,0,0.0,0,15,,0.0625,1,16,,0.0,0,12,,0.5357142857142857,15,28,,1.0,28,28,,0.5357142857142857,15,28,,0.42857142857142855,12,28,,0.0,0,28,,0.03571428571428571,1,28,,-0.0171957671957672,0.018959435626102295,0.09876543209876543,,present,,,,,,,,,,,,,,,,,,,,
G1,h104,ALL,S4,latency_only,pooled_counts,83,52,0,5,0,140,140,83,0,0.0,0,83,,0.056818181818181816,5,88,,0.0,0,52,,0.5928571428571429,83,140,,1.0,140,140,,0.5928571428571429,83,140,,0.37142857142857144,52,140,,0.0,0,140,,0.03571428571428571,5,140,,-0.02019400352733686,0.023192239858906526,0.06172839506172839,,present,,,,,,,,,,,,,,,,,,,,
G1,h104,ALL,S4,latency_only,equal_candidate_equal_workload_macro,,,,,,,,,,0.0,,,,0.05701324389404885,,,,0.0,,,,0.5928571428571429,,,,1.0,,,,0.5928571428571429,,,,0.37142857142857144,,,,0.0,,,,0.03571428571428571,,,,-0.02019400352733686,0.023192239858906526,0.06172839506172839,,,1,5,1,5,1,5,1,5,1,5,1,5,1,5,1,5,1,5,1,5
G1,h104,-2,S4,near_boundary,candidate_raw_counts,0,0,0,0,0,0,0,0,0,,0,0,zero denominator,,0,0,zero denominator,,0,0,zero denominator,,0,0,zero denominator,,0,0,zero denominator,,0,0,zero denominator,,0,0,zero denominator,,0,0,zero denominator,,0,0,zero denominator,,,,no both-attainment-defined points,absent,,,,,,,,,,,,,,,,,,,,
G1,h104,-1,S4,near_boundary,candidate_raw_counts,0,0,0,0,0,0,0,0,0,,0,0,zero denominator,,0,0,zero denominator,,0,0,zero denominator,,0,0,zero denominator,,0,0,zero denominator,,0,0,zero denominator,,0,0,zero denominator,,0,0,zero denominator,,0,0,zero denominator,,,,no both-attainment-defined points,absent,,,,,,,,,,,,,,,,,,,,
G1,h104,0,S4,near_boundary,candidate_raw_counts,0,0,0,0,0,0,0,0,0,,0,0,zero denominator,,0,0,zero denominator,,0,0,zero denominator,,0,0,zero denominator,,0,0,zero denominator,,0,0,zero denominator,,0,0,zero denominator,,0,0,zero denominator,,0,0,zero denominator,,,,no both-attainment-defined points,absent,,,,,,,,,,,,,,,,,,,,
G1,h104,1,S4,near_boundary,candidate_raw_counts,0,0,0,0,0,0,0,0,0,,0,0,zero denominator,,0,0,zero denominator,,0,0,zero denominator,,0,0,zero denominator,,0,0,zero denominator,,0,0,zero denominator,,0,0,zero denominator,,0,0,zero denominator,,0,0,zero denominator,,,,no both-attainment-defined points,absent,,,,,,,,,,,,,,,,,,,,
G1,h104,2,S4,near_boundary,candidate_raw_counts,0,0,0,0,0,0,0,0,0,,0,0,zero denominator,,0,0,zero denominator,,0,0,zero denominator,,0,0,zero denominator,,0,0,zero denominator,,0,0,zero denominator,,0,0,zero denominator,,0,0,zero denominator,,0,0,zero denominator,,,,no both-attainment-defined points,absent,,,,,,,,,,,,,,,,,,,,
G1,h104,ALL,S4,near_boundary,pooled_counts,0,0,0,0,0,0,0,0,0,,0,0,zero denominator,,0,0,zero denominator,,0,0,zero denominator,,0,0,zero denominator,,0,0,zero denominator,,0,0,zero denominator,,0,0,zero denominator,,0,0,zero denominator,,0,0,zero denominator,,,,no both-attainment-defined points,absent,,,,,,,,,,,,,,,,,,,,
G1,h104,ALL,S4,near_boundary,equal_candidate_equal_workload_macro,,,,,,,,,,,,,all denominators zero,,,,all denominators zero,,,,all denominators zero,,,,all denominators zero,,,,all denominators zero,,,,all denominators zero,,,,all denominators zero,,,,all denominators zero,,,,all denominators zero,,,,empty applicable subset,,0,0,0,0,0,0,0,0,0,0,0,0,0,0,0,0,0,0,0,0
G1,h104,-2,S5,service,candidate_raw_counts,20,8,0,0,30,58,28,20,0,0.0,0,20,,0.0,0,20,,0.0,0,8,,0.3448275862068966,20,58,,0.4827586206896552,28,58,,0.7142857142857143,20,28,,0.2857142857142857,8,28,,0.0,0,28,,0.0,0,28,,0.020282186948853614,0.020282186948853614,0.07407407407407407,,present,,,,,,,,,,,,,,,,,,,,
G1,h104,-1,S5,service,candidate_raw_counts,19,8,1,0,30,58,28,20,0,0.05,1,20,,0.0,0,19,,0.1111111111111111,1,9,,0.3448275862068966,20,58,,0.4827586206896552,28,58,,0.6785714285714286,19,28,,0.2857142857142857,8,28,,0.03571428571428571,1,28,,0.0,0,28,,0.027336860670194005,0.027336860670194005,0.06172839506172839,,present,,,,,,,,,,,,,,,,,,,,
G1,h104,0,S5,service,candidate_raw_counts,19,8,1,0,30,58,28,20,0,0.05,1,20,,0.0,0,19,,0.1111111111111111,1,9,,0.3448275862068966,20,58,,0.4827586206896552,28,58,,0.6785714285714286,19,28,,0.2857142857142857,8,28,,0.03571428571428571,1,28,,0.0,0,28,,0.027336860670194,0.028218694885361554,0.1111111111111111,,present,,,,,,,,,,,,,,,,,,,,
G1,h104,1,S5,service,candidate_raw_counts,19,9,0,0,30,58,28,19,0,0.0,0,19,,0.0,0,19,,0.0,0,9,,0.3275862068965517,19,58,,0.4827586206896552,28,58,,0.6785714285714286,19,28,,0.32142857142857145,9,28,,0.0,0,28,,0.0,0,28,,0.026455026455026454,0.027336860670194002,0.09876543209876543,,present,,,,,,,,,,,,,,,,,,,,
G1,h104,2,S5,service,candidate_raw_counts,18,9,1,0,30,58,28,19,0,0.05263157894736842,1,19,,0.0,0,18,,0.1,1,10,,0.3275862068965517,19,58,,0.4827586206896552,28,58,,0.6428571428571429,18,28,,0.32142857142857145,9,28,,0.03571428571428571,1,28,,0.0,0,28,,0.03659611992945326,0.03659611992945326,0.1728395061728395,,present,,,,,,,,,,,,,,,,,,,,
G1,h104,ALL,S5,service,pooled_counts,95,42,3,0,150,290,140,98,0,0.030612244897959183,3,98,,0.0,0,95,,0.06666666666666667,3,45,,0.33793103448275863,98,290,,0.4827586206896552,140,290,,0.6785714285714286,95,140,,0.3,42,140,,0.02142857142857143,3,140,,0.0,0,140,,0.027601410934744268,0.027954144620811288,0.07407407407407407,,present,,,,,,,,,,,,,,,,,,,,
G1,h104,ALL,S5,service,equal_candidate_equal_workload_macro,,,,,,,,,,0.030526315789473686,,,,0.0,,,,0.06444444444444444,,,,0.33793103448275863,,,,0.4827586206896552,,,,0.6785714285714286,,,,0.3,,,,0.02142857142857143,,,,0.0,,,,0.027601410934744268,0.027954144620811288,0.07407407407407407,,,1,5,1,5,1,5,1,5,1,5,1,5,1,5,1,5,1,5,1,5
G1,h104,-2,S5,latency_only,candidate_raw_counts,20,8,0,0,0,28,28,20,0,0.0,0,20,,0.0,0,20,,0.0,0,8,,0.7142857142857143,20,28,,1.0,28,28,,0.7142857142857143,20,28,,0.2857142857142857,8,28,,0.0,0,28,,0.0,0,28,,0.020282186948853614,0.020282186948853614,0.07407407407407407,,present,,,,,,,,,,,,,,,,,,,,
G1,h104,-1,S5,latency_only,candidate_raw_counts,19,8,1,0,0,28,28,20,0,0.05,1,20,,0.0,0,19,,0.1111111111111111,1,9,,0.7142857142857143,20,28,,1.0,28,28,,0.6785714285714286,19,28,,0.2857142857142857,8,28,,0.03571428571428571,1,28,,0.0,0,28,,0.027336860670194005,0.027336860670194005,0.06172839506172839,,present,,,,,,,,,,,,,,,,,,,,
G1,h104,0,S5,latency_only,candidate_raw_counts,19,8,1,0,0,28,28,20,0,0.05,1,20,,0.0,0,19,,0.1111111111111111,1,9,,0.7142857142857143,20,28,,1.0,28,28,,0.6785714285714286,19,28,,0.2857142857142857,8,28,,0.03571428571428571,1,28,,0.0,0,28,,0.027336860670194,0.028218694885361554,0.1111111111111111,,present,,,,,,,,,,,,,,,,,,,,
G1,h104,1,S5,latency_only,candidate_raw_counts,19,9,0,0,0,28,28,19,0,0.0,0,19,,0.0,0,19,,0.0,0,9,,0.6785714285714286,19,28,,1.0,28,28,,0.6785714285714286,19,28,,0.32142857142857145,9,28,,0.0,0,28,,0.0,0,28,,0.026455026455026454,0.027336860670194002,0.09876543209876543,,present,,,,,,,,,,,,,,,,,,,,
G1,h104,2,S5,latency_only,candidate_raw_counts,18,9,1,0,0,28,28,19,0,0.05263157894736842,1,19,,0.0,0,18,,0.1,1,10,,0.6785714285714286,19,28,,1.0,28,28,,0.6428571428571429,18,28,,0.32142857142857145,9,28,,0.03571428571428571,1,28,,0.0,0,28,,0.03659611992945326,0.03659611992945326,0.1728395061728395,,present,,,,,,,,,,,,,,,,,,,,
G1,h104,ALL,S5,latency_only,pooled_counts,95,42,3,0,0,140,140,98,0,0.030612244897959183,3,98,,0.0,0,95,,0.06666666666666667,3,45,,0.7,98,140,,1.0,140,140,,0.6785714285714286,95,140,,0.3,42,140,,0.02142857142857143,3,140,,0.0,0,140,,0.027601410934744268,0.027954144620811288,0.07407407407407407,,present,,,,,,,,,,,,,,,,,,,,
G1,h104,ALL,S5,latency_only,equal_candidate_equal_workload_macro,,,,,,,,,,0.030526315789473686,,,,0.0,,,,0.06444444444444444,,,,0.7000000000000001,,,,1.0,,,,0.6785714285714286,,,,0.3,,,,0.02142857142857143,,,,0.0,,,,0.027601410934744268,0.027954144620811288,0.07407407407407407,,,1,5,1,5,1,5,1,5,1,5,1,5,1,5,1,5,1,5,1,5
G1,h104,-2,S5,near_boundary,candidate_raw_counts,0,0,0,0,0,0,0,0,0,,0,0,zero denominator,,0,0,zero denominator,,0,0,zero denominator,,0,0,zero denominator,,0,0,zero denominator,,0,0,zero denominator,,0,0,zero denominator,,0,0,zero denominator,,0,0,zero denominator,,,,no both-attainment-defined points,absent,,,,,,,,,,,,,,,,,,,,
G1,h104,-1,S5,near_boundary,candidate_raw_counts,0,0,0,0,0,0,0,0,0,,0,0,zero denominator,,0,0,zero denominator,,0,0,zero denominator,,0,0,zero denominator,,0,0,zero denominator,,0,0,zero denominator,,0,0,zero denominator,,0,0,zero denominator,,0,0,zero denominator,,,,no both-attainment-defined points,absent,,,,,,,,,,,,,,,,,,,,
G1,h104,0,S5,near_boundary,candidate_raw_counts,0,0,0,0,0,0,0,0,0,,0,0,zero denominator,,0,0,zero denominator,,0,0,zero denominator,,0,0,zero denominator,,0,0,zero denominator,,0,0,zero denominator,,0,0,zero denominator,,0,0,zero denominator,,0,0,zero denominator,,,,no both-attainment-defined points,absent,,,,,,,,,,,,,,,,,,,,
G1,h104,1,S5,near_boundary,candidate_raw_counts,0,0,0,0,0,0,0,0,0,,0,0,zero denominator,,0,0,zero denominator,,0,0,zero denominator,,0,0,zero denominator,,0,0,zero denominator,,0,0,zero denominator,,0,0,zero denominator,,0,0,zero denominator,,0,0,zero denominator,,,,no both-attainment-defined points,absent,,,,,,,,,,,,,,,,,,,,
G1,h104,2,S5,near_boundary,candidate_raw_counts,0,0,0,0,0,0,0,0,0,,0,0,zero denominator,,0,0,zero denominator,,0,0,zero denominator,,0,0,zero denominator,,0,0,zero denominator,,0,0,zero denominator,,0,0,zero denominator,,0,0,zero denominator,,0,0,zero denominator,,,,no both-attainment-defined points,absent,,,,,,,,,,,,,,,,,,,,
G1,h104,ALL,S5,near_boundary,pooled_counts,0,0,0,0,0,0,0,0,0,,0,0,zero denominator,,0,0,zero denominator,,0,0,zero denominator,,0,0,zero denominator,,0,0,zero denominator,,0,0,zero denominator,,0,0,zero denominator,,0,0,zero denominator,,0,0,zero denominator,,,,no both-attainment-defined points,absent,,,,,,,,,,,,,,,,,,,,
G1,h104,ALL,S5,near_boundary,equal_candidate_equal_workload_macro,,,,,,,,,,,,,all denominators zero,,,,all denominators zero,,,,all denominators zero,,,,all denominators zero,,,,all denominators zero,,,,all denominators zero,,,,all denominators zero,,,,all denominators zero,,,,all denominators zero,,,,empty applicable subset,,0,0,0,0,0,0,0,0,0,0,0,0,0,0,0,0,0,0,0,0
G1,h104,-2,S6,service,candidate_raw_counts,26,2,0,0,30,58,28,26,0,0.0,0,26,,0.0,0,26,,0.0,0,2,,0.4482758620689655,26,58,,0.4827586206896552,28,58,,0.9285714285714286,26,28,,0.07142857142857142,2,28,,0.0,0,28,,0.0,0,28,,-0.0004409171075837742,0.013668430335097004,0.024691358024691357,,present,,,,,,,,,,,,,,,,,,,,
G1,h104,-1,S6,service,candidate_raw_counts,26,2,0,0,30,58,28,26,0,0.0,0,26,,0.0,0,26,,0.0,0,2,,0.4482758620689655,26,58,,0.4827586206896552,28,58,,0.9285714285714286,26,28,,0.07142857142857142,2,28,,0.0,0,28,,0.0,0,28,,-0.004850088183421518,0.005731922398589063,0.012345679012345623,,present,,,,,,,,,,,,,,,,,,,,
G1,h104,0,S6,service,candidate_raw_counts,26,2,0,0,30,58,28,26,0,0.0,0,26,,0.0,0,26,,0.0,0,2,,0.4482758620689655,26,58,,0.4827586206896552,28,58,,0.9285714285714286,26,28,,0.07142857142857142,2,28,,0.0,0,28,,0.0,0,28,,0.0004409171075837722,0.01278659611992945,0.03703703703703709,,present,,,,,,,,,,,,,,,,,,,,
G1,h104,1,S6,service,candidate_raw_counts,26,2,0,0,30,58,28,26,0,0.0,0,26,,0.0,0,26,,0.0,0,2,,0.4482758620689655,26,58,,0.4827586206896552,28,58,,0.9285714285714286,26,28,,0.07142857142857142,2,28,,0.0,0,28,,0.0,0,28,,0.007054673721340383,0.019400352733686062,0.04938271604938271,,present,,,,,,,,,,,,,,,,,,,,
G1,h104,2,S6,service,candidate_raw_counts,21,2,5,0,30,58,28,26,0,0.19230769230769232,5,26,,0.0,0,21,,0.7142857142857143,5,7,,0.4482758620689655,26,58,,0.4827586206896552,28,58,,0.75,21,28,,0.07142857142857142,2,28,,0.17857142857142858,5,28,,0.0,0,28,,0.02865961199294532,0.03483245149911816,0.12345679012345678,,present,,,,,,,,,,,,,,,,,,,,
G1,h104,ALL,S6,service,pooled_counts,125,10,5,0,150,290,140,130,0,0.038461538461538464,5,130,,0.0,0,125,,0.3333333333333333,5,15,,0.4482758620689655,130,290,,0.4827586206896552,140,290,,0.8928571428571429,125,140,,0.07142857142857142,10,140,,0.03571428571428571,5,140,,0.0,0,140,,0.0061728395061728366,0.01728395061728395,0.04938271604938271,,present,,,,,,,,,,,,,,,,,,,,
G1,h104,ALL,S6,service,equal_candidate_equal_workload_macro,,,,,,,,,,0.038461538461538464,,,,0.0,,,,0.14285714285714285,,,,0.4482758620689655,,,,0.4827586206896552,,,,0.8928571428571429,,,,0.07142857142857142,,,,0.03571428571428571,,,,0.0,,,,0.0061728395061728366,0.01728395061728395,0.04938271604938271,,,1,5,1,5,1,5,1,5,1,5,1,5,1,5,1,5,1,5,1,5
G1,h104,-2,S6,latency_only,candidate_raw_counts,26,2,0,0,0,28,28,26,0,0.0,0,26,,0.0,0,26,,0.0,0,2,,0.9285714285714286,26,28,,1.0,28,28,,0.9285714285714286,26,28,,0.07142857142857142,2,28,,0.0,0,28,,0.0,0,28,,-0.0004409171075837742,0.013668430335097004,0.024691358024691357,,present,,,,,,,,,,,,,,,,,,,,
G1,h104,-1,S6,latency_only,candidate_raw_counts,26,2,0,0,0,28,28,26,0,0.0,0,26,,0.0,0,26,,0.0,0,2,,0.9285714285714286,26,28,,1.0,28,28,,0.9285714285714286,26,28,,0.07142857142857142,2,28,,0.0,0,28,,0.0,0,28,,-0.004850088183421518,0.005731922398589063,0.012345679012345623,,present,,,,,,,,,,,,,,,,,,,,
G1,h104,0,S6,latency_only,candidate_raw_counts,26,2,0,0,0,28,28,26,0,0.0,0,26,,0.0,0,26,,0.0,0,2,,0.9285714285714286,26,28,,1.0,28,28,,0.9285714285714286,26,28,,0.07142857142857142,2,28,,0.0,0,28,,0.0,0,28,,0.0004409171075837722,0.01278659611992945,0.03703703703703709,,present,,,,,,,,,,,,,,,,,,,,
G1,h104,1,S6,latency_only,candidate_raw_counts,26,2,0,0,0,28,28,26,0,0.0,0,26,,0.0,0,26,,0.0,0,2,,0.9285714285714286,26,28,,1.0,28,28,,0.9285714285714286,26,28,,0.07142857142857142,2,28,,0.0,0,28,,0.0,0,28,,0.007054673721340383,0.019400352733686062,0.04938271604938271,,present,,,,,,,,,,,,,,,,,,,,
G1,h104,2,S6,latency_only,candidate_raw_counts,21,2,5,0,0,28,28,26,0,0.19230769230769232,5,26,,0.0,0,21,,0.7142857142857143,5,7,,0.9285714285714286,26,28,,1.0,28,28,,0.75,21,28,,0.07142857142857142,2,28,,0.17857142857142858,5,28,,0.0,0,28,,0.02865961199294532,0.03483245149911816,0.12345679012345678,,present,,,,,,,,,,,,,,,,,,,,
G1,h104,ALL,S6,latency_only,pooled_counts,125,10,5,0,0,140,140,130,0,0.038461538461538464,5,130,,0.0,0,125,,0.3333333333333333,5,15,,0.9285714285714286,130,140,,1.0,140,140,,0.8928571428571429,125,140,,0.07142857142857142,10,140,,0.03571428571428571,5,140,,0.0,0,140,,0.0061728395061728366,0.01728395061728395,0.04938271604938271,,present,,,,,,,,,,,,,,,,,,,,
G1,h104,ALL,S6,latency_only,equal_candidate_equal_workload_macro,,,,,,,,,,0.038461538461538464,,,,0.0,,,,0.14285714285714285,,,,0.9285714285714286,,,,1.0,,,,0.8928571428571429,,,,0.07142857142857142,,,,0.03571428571428571,,,,0.0,,,,0.0061728395061728366,0.01728395061728395,0.04938271604938271,,,1,5,1,5,1,5,1,5,1,5,1,5,1,5,1,5,1,5,1,5
G1,h104,-2,S6,near_boundary,candidate_raw_counts,0,0,0,0,0,0,0,0,0,,0,0,zero denominator,,0,0,zero denominator,,0,0,zero denominator,,0,0,zero denominator,,0,0,zero denominator,,0,0,zero denominator,,0,0,zero denominator,,0,0,zero denominator,,0,0,zero denominator,,,,no both-attainment-defined points,absent,,,,,,,,,,,,,,,,,,,,
G1,h104,-1,S6,near_boundary,candidate_raw_counts,0,0,0,0,0,0,0,0,0,,0,0,zero denominator,,0,0,zero denominator,,0,0,zero denominator,,0,0,zero denominator,,0,0,zero denominator,,0,0,zero denominator,,0,0,zero denominator,,0,0,zero denominator,,0,0,zero denominator,,,,no both-attainment-defined points,absent,,,,,,,,,,,,,,,,,,,,
G1,h104,0,S6,near_boundary,candidate_raw_counts,0,0,0,0,0,0,0,0,0,,0,0,zero denominator,,0,0,zero denominator,,0,0,zero denominator,,0,0,zero denominator,,0,0,zero denominator,,0,0,zero denominator,,0,0,zero denominator,,0,0,zero denominator,,0,0,zero denominator,,,,no both-attainment-defined points,absent,,,,,,,,,,,,,,,,,,,,
G1,h104,1,S6,near_boundary,candidate_raw_counts,3,0,0,0,0,3,3,3,0,0.0,0,3,,0.0,0,3,,,0,0,zero denominator,1.0,3,3,,1.0,3,3,,1.0,3,3,,0.0,0,3,,0.0,0,3,,0.0,0,3,,0.041152263374485555,0.041152263374485555,0.04938271604938271,,present,,,,,,,,,,,,,,,,,,,,
G1,h104,2,S6,near_boundary,candidate_raw_counts,0,0,0,0,0,0,0,0,0,,0,0,zero denominator,,0,0,zero denominator,,0,0,zero denominator,,0,0,zero denominator,,0,0,zero denominator,,0,0,zero denominator,,0,0,zero denominator,,0,0,zero denominator,,0,0,zero denominator,,,,no both-attainment-defined points,absent,,,,,,,,,,,,,,,,,,,,
G1,h104,ALL,S6,near_boundary,pooled_counts,3,0,0,0,0,3,3,3,0,0.0,0,3,,0.0,0,3,,,0,0,zero denominator,1.0,3,3,,1.0,3,3,,1.0,3,3,,0.0,0,3,,0.0,0,3,,0.0,0,3,,0.041152263374485555,0.041152263374485555,0.04938271604938271,,present,,,,,,,,,,,,,,,,,,,,
G1,h104,ALL,S6,near_boundary,equal_candidate_equal_workload_macro,,,,,,,,,,0.0,,,,0.0,,,,,,,all denominators zero,1.0,,,,1.0,,,,1.0,,,,0.0,,,,0.0,,,,0.0,,,,0.041152263374485555,0.041152263374485555,0.04938271604938271,,,1,1,1,1,0,0,1,1,1,1,1,1,1,1,1,1,1,1,1,1
G1,h105,-2,S1,service,candidate_raw_counts,0,33,0,0,46,79,33,0,0,,0,0,zero denominator,,0,0,zero denominator,0.0,0,33,,0.0,0,79,,0.4177215189873418,33,79,,0.0,0,33,,1.0,33,33,,0.0,0,33,,0.0,0,33,,0.0,0.0,0.0,,present,,,,,,,,,,,,,,,,,,,,
G1,h105,-1,S1,service,candidate_raw_counts,0,33,0,0,46,79,33,0,0,,0,0,zero denominator,,0,0,zero denominator,0.0,0,33,,0.0,0,79,,0.4177215189873418,33,79,,0.0,0,33,,1.0,33,33,,0.0,0,33,,0.0,0,33,,0.0,0.0,0.0,,present,,,,,,,,,,,,,,,,,,,,
G1,h105,0,S1,service,candidate_raw_counts,0,33,0,0,46,79,33,0,0,,0,0,zero denominator,,0,0,zero denominator,0.0,0,33,,0.0,0,79,,0.4177215189873418,33,79,,0.0,0,33,,1.0,33,33,,0.0,0,33,,0.0,0,33,,0.0,0.0,0.0,,present,,,,,,,,,,,,,,,,,,,,
G1,h105,1,S1,service,candidate_raw_counts,0,33,0,0,46,79,33,0,0,,0,0,zero denominator,,0,0,zero denominator,0.0,0,33,,0.0,0,79,,0.4177215189873418,33,79,,0.0,0,33,,1.0,33,33,,0.0,0,33,,0.0,0,33,,0.0,0.0,0.0,,present,,,,,,,,,,,,,,,,,,,,
G1,h105,2,S1,service,candidate_raw_counts,0,33,0,0,46,79,33,0,0,,0,0,zero denominator,,0,0,zero denominator,0.0,0,33,,0.0,0,79,,0.4177215189873418,33,79,,0.0,0,33,,1.0,33,33,,0.0,0,33,,0.0,0,33,,0.0,0.0,0.0,,present,,,,,,,,,,,,,,,,,,,,
G1,h105,ALL,S1,service,pooled_counts,0,165,0,0,230,395,165,0,0,,0,0,zero denominator,,0,0,zero denominator,0.0,0,165,,0.0,0,395,,0.4177215189873418,165,395,,0.0,0,165,,1.0,165,165,,0.0,0,165,,0.0,0,165,,0.0,0.0,0.0,,present,,,,,,,,,,,,,,,,,,,,
G1,h105,ALL,S1,service,equal_candidate_equal_workload_macro,,,,,,,,,,,,,all denominators zero,,,,all denominators zero,0.0,,,,0.0,,,,0.4177215189873418,,,,0.0,,,,1.0,,,,0.0,,,,0.0,,,,0.0,0.0,0.0,,,0,0,0,0,1,5,1,5,1,5,1,5,1,5,1,5,1,5,1,5
G1,h105,-2,S1,latency_only,candidate_raw_counts,0,33,0,0,0,33,33,0,0,,0,0,zero denominator,,0,0,zero denominator,0.0,0,33,,0.0,0,33,,1.0,33,33,,0.0,0,33,,1.0,33,33,,0.0,0,33,,0.0,0,33,,0.0,0.0,0.0,,present,,,,,,,,,,,,,,,,,,,,
G1,h105,-1,S1,latency_only,candidate_raw_counts,0,33,0,0,0,33,33,0,0,,0,0,zero denominator,,0,0,zero denominator,0.0,0,33,,0.0,0,33,,1.0,33,33,,0.0,0,33,,1.0,33,33,,0.0,0,33,,0.0,0,33,,0.0,0.0,0.0,,present,,,,,,,,,,,,,,,,,,,,
G1,h105,0,S1,latency_only,candidate_raw_counts,0,33,0,0,0,33,33,0,0,,0,0,zero denominator,,0,0,zero denominator,0.0,0,33,,0.0,0,33,,1.0,33,33,,0.0,0,33,,1.0,33,33,,0.0,0,33,,0.0,0,33,,0.0,0.0,0.0,,present,,,,,,,,,,,,,,,,,,,,
G1,h105,1,S1,latency_only,candidate_raw_counts,0,33,0,0,0,33,33,0,0,,0,0,zero denominator,,0,0,zero denominator,0.0,0,33,,0.0,0,33,,1.0,33,33,,0.0,0,33,,1.0,33,33,,0.0,0,33,,0.0,0,33,,0.0,0.0,0.0,,present,,,,,,,,,,,,,,,,,,,,
G1,h105,2,S1,latency_only,candidate_raw_counts,0,33,0,0,0,33,33,0,0,,0,0,zero denominator,,0,0,zero denominator,0.0,0,33,,0.0,0,33,,1.0,33,33,,0.0,0,33,,1.0,33,33,,0.0,0,33,,0.0,0,33,,0.0,0.0,0.0,,present,,,,,,,,,,,,,,,,,,,,
G1,h105,ALL,S1,latency_only,pooled_counts,0,165,0,0,0,165,165,0,0,,0,0,zero denominator,,0,0,zero denominator,0.0,0,165,,0.0,0,165,,1.0,165,165,,0.0,0,165,,1.0,165,165,,0.0,0,165,,0.0,0,165,,0.0,0.0,0.0,,present,,,,,,,,,,,,,,,,,,,,
G1,h105,ALL,S1,latency_only,equal_candidate_equal_workload_macro,,,,,,,,,,,,,all denominators zero,,,,all denominators zero,0.0,,,,0.0,,,,1.0,,,,0.0,,,,1.0,,,,0.0,,,,0.0,,,,0.0,0.0,0.0,,,0,0,0,0,1,5,1,5,1,5,1,5,1,5,1,5,1,5,1,5
G1,h105,-2,S1,near_boundary,candidate_raw_counts,0,0,0,0,0,0,0,0,0,,0,0,zero denominator,,0,0,zero denominator,,0,0,zero denominator,,0,0,zero denominator,,0,0,zero denominator,,0,0,zero denominator,,0,0,zero denominator,,0,0,zero denominator,,0,0,zero denominator,,,,no both-attainment-defined points,absent,,,,,,,,,,,,,,,,,,,,
G1,h105,-1,S1,near_boundary,candidate_raw_counts,0,0,0,0,0,0,0,0,0,,0,0,zero denominator,,0,0,zero denominator,,0,0,zero denominator,,0,0,zero denominator,,0,0,zero denominator,,0,0,zero denominator,,0,0,zero denominator,,0,0,zero denominator,,0,0,zero denominator,,,,no both-attainment-defined points,absent,,,,,,,,,,,,,,,,,,,,
G1,h105,0,S1,near_boundary,candidate_raw_counts,0,0,0,0,0,0,0,0,0,,0,0,zero denominator,,0,0,zero denominator,,0,0,zero denominator,,0,0,zero denominator,,0,0,zero denominator,,0,0,zero denominator,,0,0,zero denominator,,0,0,zero denominator,,0,0,zero denominator,,,,no both-attainment-defined points,absent,,,,,,,,,,,,,,,,,,,,
G1,h105,1,S1,near_boundary,candidate_raw_counts,0,0,0,0,0,0,0,0,0,,0,0,zero denominator,,0,0,zero denominator,,0,0,zero denominator,,0,0,zero denominator,,0,0,zero denominator,,0,0,zero denominator,,0,0,zero denominator,,0,0,zero denominator,,0,0,zero denominator,,,,no both-attainment-defined points,absent,,,,,,,,,,,,,,,,,,,,
G1,h105,2,S1,near_boundary,candidate_raw_counts,0,0,0,0,0,0,0,0,0,,0,0,zero denominator,,0,0,zero denominator,,0,0,zero denominator,,0,0,zero denominator,,0,0,zero denominator,,0,0,zero denominator,,0,0,zero denominator,,0,0,zero denominator,,0,0,zero denominator,,,,no both-attainment-defined points,absent,,,,,,,,,,,,,,,,,,,,
G1,h105,ALL,S1,near_boundary,pooled_counts,0,0,0,0,0,0,0,0,0,,0,0,zero denominator,,0,0,zero denominator,,0,0,zero denominator,,0,0,zero denominator,,0,0,zero denominator,,0,0,zero denominator,,0,0,zero denominator,,0,0,zero denominator,,0,0,zero denominator,,,,no both-attainment-defined points,absent,,,,,,,,,,,,,,,,,,,,
G1,h105,ALL,S1,near_boundary,equal_candidate_equal_workload_macro,,,,,,,,,,,,,all denominators zero,,,,all denominators zero,,,,all denominators zero,,,,all denominators zero,,,,all denominators zero,,,,all denominators zero,,,,all denominators zero,,,,all denominators zero,,,,all denominators zero,,,,empty applicable subset,,0,0,0,0,0,0,0,0,0,0,0,0,0,0,0,0,0,0,0,0
G1,h105,-2,S2,service,candidate_raw_counts,0,33,0,0,46,79,33,0,0,,0,0,zero denominator,,0,0,zero denominator,0.0,0,33,,0.0,0,79,,0.4177215189873418,33,79,,0.0,0,33,,1.0,33,33,,0.0,0,33,,0.0,0,33,,0.1320346320346321,0.14069264069264073,0.21428571428571436,,present,,,,,,,,,,,,,,,,,,,,
G1,h105,-1,S2,service,candidate_raw_counts,0,33,0,0,46,79,33,0,0,,0,0,zero denominator,,0,0,zero denominator,0.0,0,33,,0.0,0,79,,0.4177215189873418,33,79,,0.0,0,33,,1.0,33,33,,0.0,0,33,,0.0,0,33,,0.06709956709956712,0.10173160173160176,0.1428571428571429,,present,,,,,,,,,,,,,,,,,,,,
G1,h105,0,S2,service,candidate_raw_counts,0,33,0,0,46,79,33,0,0,,0,0,zero denominator,,0,0,zero denominator,0.0,0,33,,0.0,0,79,,0.4177215189873418,33,79,,0.0,0,33,,1.0,33,33,,0.0,0,33,,0.0,0,33,,0.11471861471861472,0.13636363636363638,0.2142857142857143,,present,,,,,,,,,,,,,,,,,,,,
G1,h105,1,S2,service,candidate_raw_counts,0,33,0,0,46,79,33,0,0,,0,0,zero denominator,,0,0,zero denominator,0.0,0,33,,0.0,0,79,,0.4177215189873418,33,79,,0.0,0,33,,1.0,33,33,,0.0,0,33,,0.0,0,33,,0.1103896103896104,0.13636363636363638,0.2142857142857143,,present,,,,,,,,,,,,,,,,,,,,
G1,h105,2,S2,service,candidate_raw_counts,0,33,0,0,46,79,33,0,0,,0,0,zero denominator,,0,0,zero denominator,0.0,0,33,,0.0,0,79,,0.4177215189873418,33,79,,0.0,0,33,,1.0,33,33,,0.0,0,33,,0.0,0,33,,0.07575757575757577,0.10606060606060608,0.2142857142857143,,present,,,,,,,,,,,,,,,,,,,,
G1,h105,ALL,S2,service,pooled_counts,0,165,0,0,230,395,165,0,0,,0,0,zero denominator,,0,0,zero denominator,0.0,0,165,,0.0,0,395,,0.4177215189873418,165,395,,0.0,0,165,,1.0,165,165,,0.0,0,165,,0.0,0,165,,0.10000000000000002,0.12424242424242427,0.21428571428571436,,present,,,,,,,,,,,,,,,,,,,,
G1,h105,ALL,S2,service,equal_candidate_equal_workload_macro,,,,,,,,,,,,,all denominators zero,,,,all denominators zero,0.0,,,,0.0,,,,0.4177215189873418,,,,0.0,,,,1.0,,,,0.0,,,,0.0,,,,0.10000000000000002,0.12424242424242427,0.21428571428571436,,,0,0,0,0,1,5,1,5,1,5,1,5,1,5,1,5,1,5,1,5
G1,h105,-2,S2,latency_only,candidate_raw_counts,0,33,0,0,0,33,33,0,0,,0,0,zero denominator,,0,0,zero denominator,0.0,0,33,,0.0,0,33,,1.0,33,33,,0.0,0,33,,1.0,33,33,,0.0,0,33,,0.0,0,33,,0.1320346320346321,0.14069264069264073,0.21428571428571436,,present,,,,,,,,,,,,,,,,,,,,
G1,h105,-1,S2,latency_only,candidate_raw_counts,0,33,0,0,0,33,33,0,0,,0,0,zero denominator,,0,0,zero denominator,0.0,0,33,,0.0,0,33,,1.0,33,33,,0.0,0,33,,1.0,33,33,,0.0,0,33,,0.0,0,33,,0.06709956709956712,0.10173160173160176,0.1428571428571429,,present,,,,,,,,,,,,,,,,,,,,
G1,h105,0,S2,latency_only,candidate_raw_counts,0,33,0,0,0,33,33,0,0,,0,0,zero denominator,,0,0,zero denominator,0.0,0,33,,0.0,0,33,,1.0,33,33,,0.0,0,33,,1.0,33,33,,0.0,0,33,,0.0,0,33,,0.11471861471861472,0.13636363636363638,0.2142857142857143,,present,,,,,,,,,,,,,,,,,,,,
G1,h105,1,S2,latency_only,candidate_raw_counts,0,33,0,0,0,33,33,0,0,,0,0,zero denominator,,0,0,zero denominator,0.0,0,33,,0.0,0,33,,1.0,33,33,,0.0,0,33,,1.0,33,33,,0.0,0,33,,0.0,0,33,,0.1103896103896104,0.13636363636363638,0.2142857142857143,,present,,,,,,,,,,,,,,,,,,,,
G1,h105,2,S2,latency_only,candidate_raw_counts,0,33,0,0,0,33,33,0,0,,0,0,zero denominator,,0,0,zero denominator,0.0,0,33,,0.0,0,33,,1.0,33,33,,0.0,0,33,,1.0,33,33,,0.0,0,33,,0.0,0,33,,0.07575757575757577,0.10606060606060608,0.2142857142857143,,present,,,,,,,,,,,,,,,,,,,,
G1,h105,ALL,S2,latency_only,pooled_counts,0,165,0,0,0,165,165,0,0,,0,0,zero denominator,,0,0,zero denominator,0.0,0,165,,0.0,0,165,,1.0,165,165,,0.0,0,165,,1.0,165,165,,0.0,0,165,,0.0,0,165,,0.10000000000000002,0.12424242424242427,0.21428571428571436,,present,,,,,,,,,,,,,,,,,,,,
G1,h105,ALL,S2,latency_only,equal_candidate_equal_workload_macro,,,,,,,,,,,,,all denominators zero,,,,all denominators zero,0.0,,,,0.0,,,,1.0,,,,0.0,,,,1.0,,,,0.0,,,,0.0,,,,0.10000000000000002,0.12424242424242427,0.21428571428571436,,,0,0,0,0,1,5,1,5,1,5,1,5,1,5,1,5,1,5,1,5
G1,h105,-2,S2,near_boundary,candidate_raw_counts,0,0,0,0,0,0,0,0,0,,0,0,zero denominator,,0,0,zero denominator,,0,0,zero denominator,,0,0,zero denominator,,0,0,zero denominator,,0,0,zero denominator,,0,0,zero denominator,,0,0,zero denominator,,0,0,zero denominator,,,,no both-attainment-defined points,absent,,,,,,,,,,,,,,,,,,,,
G1,h105,-1,S2,near_boundary,candidate_raw_counts,0,0,0,0,0,0,0,0,0,,0,0,zero denominator,,0,0,zero denominator,,0,0,zero denominator,,0,0,zero denominator,,0,0,zero denominator,,0,0,zero denominator,,0,0,zero denominator,,0,0,zero denominator,,0,0,zero denominator,,,,no both-attainment-defined points,absent,,,,,,,,,,,,,,,,,,,,
G1,h105,0,S2,near_boundary,candidate_raw_counts,0,0,0,0,0,0,0,0,0,,0,0,zero denominator,,0,0,zero denominator,,0,0,zero denominator,,0,0,zero denominator,,0,0,zero denominator,,0,0,zero denominator,,0,0,zero denominator,,0,0,zero denominator,,0,0,zero denominator,,,,no both-attainment-defined points,absent,,,,,,,,,,,,,,,,,,,,
G1,h105,1,S2,near_boundary,candidate_raw_counts,0,0,0,0,0,0,0,0,0,,0,0,zero denominator,,0,0,zero denominator,,0,0,zero denominator,,0,0,zero denominator,,0,0,zero denominator,,0,0,zero denominator,,0,0,zero denominator,,0,0,zero denominator,,0,0,zero denominator,,,,no both-attainment-defined points,absent,,,,,,,,,,,,,,,,,,,,
G1,h105,2,S2,near_boundary,candidate_raw_counts,0,0,0,0,0,0,0,0,0,,0,0,zero denominator,,0,0,zero denominator,,0,0,zero denominator,,0,0,zero denominator,,0,0,zero denominator,,0,0,zero denominator,,0,0,zero denominator,,0,0,zero denominator,,0,0,zero denominator,,,,no both-attainment-defined points,absent,,,,,,,,,,,,,,,,,,,,
G1,h105,ALL,S2,near_boundary,pooled_counts,0,0,0,0,0,0,0,0,0,,0,0,zero denominator,,0,0,zero denominator,,0,0,zero denominator,,0,0,zero denominator,,0,0,zero denominator,,0,0,zero denominator,,0,0,zero denominator,,0,0,zero denominator,,0,0,zero denominator,,,,no both-attainment-defined points,absent,,,,,,,,,,,,,,,,,,,,
G1,h105,ALL,S2,near_boundary,equal_candidate_equal_workload_macro,,,,,,,,,,,,,all denominators zero,,,,all denominators zero,,,,all denominators zero,,,,all denominators zero,,,,all denominators zero,,,,all denominators zero,,,,all denominators zero,,,,all denominators zero,,,,all denominators zero,,,,empty applicable subset,,0,0,0,0,0,0,0,0,0,0,0,0,0,0,0,0,0,0,0,0
G1,h105,-2,S3,service,candidate_raw_counts,0,33,0,0,46,79,33,0,0,,0,0,zero denominator,,0,0,zero denominator,0.0,0,33,,0.0,0,79,,0.4177215189873418,33,79,,0.0,0,33,,1.0,33,33,,0.0,0,33,,0.0,0,33,,0.0,0.0,0.0,,present,,,,,,,,,,,,,,,,,,,,
G1,h105,-1,S3,service,candidate_raw_counts,0,33,0,0,46,79,33,0,0,,0,0,zero denominator,,0,0,zero denominator,0.0,0,33,,0.0,0,79,,0.4177215189873418,33,79,,0.0,0,33,,1.0,33,33,,0.0,0,33,,0.0,0,33,,0.0,0.0,0.0,,present,,,,,,,,,,,,,,,,,,,,
G1,h105,0,S3,service,candidate_raw_counts,0,33,0,0,46,79,33,0,0,,0,0,zero denominator,,0,0,zero denominator,0.0,0,33,,0.0,0,79,,0.4177215189873418,33,79,,0.0,0,33,,1.0,33,33,,0.0,0,33,,0.0,0,33,,0.0,0.0,0.0,,present,,,,,,,,,,,,,,,,,,,,
G1,h105,1,S3,service,candidate_raw_counts,0,33,0,0,46,79,33,0,0,,0,0,zero denominator,,0,0,zero denominator,0.0,0,33,,0.0,0,79,,0.4177215189873418,33,79,,0.0,0,33,,1.0,33,33,,0.0,0,33,,0.0,0,33,,0.0,0.0,0.0,,present,,,,,,,,,,,,,,,,,,,,
G1,h105,2,S3,service,candidate_raw_counts,0,33,0,0,46,79,33,0,0,,0,0,zero denominator,,0,0,zero denominator,0.0,0,33,,0.0,0,79,,0.4177215189873418,33,79,,0.0,0,33,,1.0,33,33,,0.0,0,33,,0.0,0,33,,0.0,0.0,0.0,,present,,,,,,,,,,,,,,,,,,,,
G1,h105,ALL,S3,service,pooled_counts,0,165,0,0,230,395,165,0,0,,0,0,zero denominator,,0,0,zero denominator,0.0,0,165,,0.0,0,395,,0.4177215189873418,165,395,,0.0,0,165,,1.0,165,165,,0.0,0,165,,0.0,0,165,,0.0,0.0,0.0,,present,,,,,,,,,,,,,,,,,,,,
G1,h105,ALL,S3,service,equal_candidate_equal_workload_macro,,,,,,,,,,,,,all denominators zero,,,,all denominators zero,0.0,,,,0.0,,,,0.4177215189873418,,,,0.0,,,,1.0,,,,0.0,,,,0.0,,,,0.0,0.0,0.0,,,0,0,0,0,1,5,1,5,1,5,1,5,1,5,1,5,1,5,1,5
G1,h105,-2,S3,latency_only,candidate_raw_counts,0,33,0,0,0,33,33,0,0,,0,0,zero denominator,,0,0,zero denominator,0.0,0,33,,0.0,0,33,,1.0,33,33,,0.0,0,33,,1.0,33,33,,0.0,0,33,,0.0,0,33,,0.0,0.0,0.0,,present,,,,,,,,,,,,,,,,,,,,
G1,h105,-1,S3,latency_only,candidate_raw_counts,0,33,0,0,0,33,33,0,0,,0,0,zero denominator,,0,0,zero denominator,0.0,0,33,,0.0,0,33,,1.0,33,33,,0.0,0,33,,1.0,33,33,,0.0,0,33,,0.0,0,33,,0.0,0.0,0.0,,present,,,,,,,,,,,,,,,,,,,,
G1,h105,0,S3,latency_only,candidate_raw_counts,0,33,0,0,0,33,33,0,0,,0,0,zero denominator,,0,0,zero denominator,0.0,0,33,,0.0,0,33,,1.0,33,33,,0.0,0,33,,1.0,33,33,,0.0,0,33,,0.0,0,33,,0.0,0.0,0.0,,present,,,,,,,,,,,,,,,,,,,,
G1,h105,1,S3,latency_only,candidate_raw_counts,0,33,0,0,0,33,33,0,0,,0,0,zero denominator,,0,0,zero denominator,0.0,0,33,,0.0,0,33,,1.0,33,33,,0.0,0,33,,1.0,33,33,,0.0,0,33,,0.0,0,33,,0.0,0.0,0.0,,present,,,,,,,,,,,,,,,,,,,,
G1,h105,2,S3,latency_only,candidate_raw_counts,0,33,0,0,0,33,33,0,0,,0,0,zero denominator,,0,0,zero denominator,0.0,0,33,,0.0,0,33,,1.0,33,33,,0.0,0,33,,1.0,33,33,,0.0,0,33,,0.0,0,33,,0.0,0.0,0.0,,present,,,,,,,,,,,,,,,,,,,,
G1,h105,ALL,S3,latency_only,pooled_counts,0,165,0,0,0,165,165,0,0,,0,0,zero denominator,,0,0,zero denominator,0.0,0,165,,0.0,0,165,,1.0,165,165,,0.0,0,165,,1.0,165,165,,0.0,0,165,,0.0,0,165,,0.0,0.0,0.0,,present,,,,,,,,,,,,,,,,,,,,
G1,h105,ALL,S3,latency_only,equal_candidate_equal_workload_macro,,,,,,,,,,,,,all denominators zero,,,,all denominators zero,0.0,,,,0.0,,,,1.0,,,,0.0,,,,1.0,,,,0.0,,,,0.0,,,,0.0,0.0,0.0,,,0,0,0,0,1,5,1,5,1,5,1,5,1,5,1,5,1,5,1,5
G1,h105,-2,S3,near_boundary,candidate_raw_counts,0,0,0,0,0,0,0,0,0,,0,0,zero denominator,,0,0,zero denominator,,0,0,zero denominator,,0,0,zero denominator,,0,0,zero denominator,,0,0,zero denominator,,0,0,zero denominator,,0,0,zero denominator,,0,0,zero denominator,,,,no both-attainment-defined points,absent,,,,,,,,,,,,,,,,,,,,
G1,h105,-1,S3,near_boundary,candidate_raw_counts,0,0,0,0,0,0,0,0,0,,0,0,zero denominator,,0,0,zero denominator,,0,0,zero denominator,,0,0,zero denominator,,0,0,zero denominator,,0,0,zero denominator,,0,0,zero denominator,,0,0,zero denominator,,0,0,zero denominator,,,,no both-attainment-defined points,absent,,,,,,,,,,,,,,,,,,,,
G1,h105,0,S3,near_boundary,candidate_raw_counts,0,0,0,0,0,0,0,0,0,,0,0,zero denominator,,0,0,zero denominator,,0,0,zero denominator,,0,0,zero denominator,,0,0,zero denominator,,0,0,zero denominator,,0,0,zero denominator,,0,0,zero denominator,,0,0,zero denominator,,,,no both-attainment-defined points,absent,,,,,,,,,,,,,,,,,,,,
G1,h105,1,S3,near_boundary,candidate_raw_counts,0,0,0,0,0,0,0,0,0,,0,0,zero denominator,,0,0,zero denominator,,0,0,zero denominator,,0,0,zero denominator,,0,0,zero denominator,,0,0,zero denominator,,0,0,zero denominator,,0,0,zero denominator,,0,0,zero denominator,,,,no both-attainment-defined points,absent,,,,,,,,,,,,,,,,,,,,
G1,h105,2,S3,near_boundary,candidate_raw_counts,0,0,0,0,0,0,0,0,0,,0,0,zero denominator,,0,0,zero denominator,,0,0,zero denominator,,0,0,zero denominator,,0,0,zero denominator,,0,0,zero denominator,,0,0,zero denominator,,0,0,zero denominator,,0,0,zero denominator,,,,no both-attainment-defined points,absent,,,,,,,,,,,,,,,,,,,,
G1,h105,ALL,S3,near_boundary,pooled_counts,0,0,0,0,0,0,0,0,0,,0,0,zero denominator,,0,0,zero denominator,,0,0,zero denominator,,0,0,zero denominator,,0,0,zero denominator,,0,0,zero denominator,,0,0,zero denominator,,0,0,zero denominator,,0,0,zero denominator,,,,no both-attainment-defined points,absent,,,,,,,,,,,,,,,,,,,,
G1,h105,ALL,S3,near_boundary,equal_candidate_equal_workload_macro,,,,,,,,,,,,,all denominators zero,,,,all denominators zero,,,,all denominators zero,,,,all denominators zero,,,,all denominators zero,,,,all denominators zero,,,,all denominators zero,,,,all denominators zero,,,,all denominators zero,,,,empty applicable subset,,0,0,0,0,0,0,0,0,0,0,0,0,0,0,0,0,0,0,0,0
G1,h105,-2,S4,service,candidate_raw_counts,25,7,0,1,46,79,33,25,0,0.0,0,25,,0.038461538461538464,1,26,,0.0,0,7,,0.31645569620253167,25,79,,0.4177215189873418,33,79,,0.7575757575757576,25,33,,0.21212121212121213,7,33,,0.0,0,33,,0.030303030303030304,1,33,,-0.030303030303030304,0.03463203463203463,0.07142857142857145,,present,,,,,,,,,,,,,,,,,,,,
G1,h105,-1,S4,service,candidate_raw_counts,24,8,0,1,46,79,33,24,0,0.0,0,24,,0.04,1,25,,0.0,0,8,,0.3037974683544304,24,79,,0.4177215189873418,33,79,,0.7272727272727273,24,33,,0.24242424242424243,8,33,,0.0,0,33,,0.030303030303030304,1,33,,-2.523234146875356e-18,0.03896103896103896,0.14285714285714285,,present,,,,,,,,,,,,,,,,,,,,
G1,h105,0,S4,service,candidate_raw_counts,24,9,0,0,46,79,33,24,0,0.0,0,24,,0.0,0,24,,0.0,0,9,,0.3037974683544304,24,79,,0.4177215189873418,33,79,,0.7272727272727273,24,33,,0.2727272727272727,9,33,,0.0,0,33,,0.0,0,33,,0.017316017316017316,0.047619047619047616,0.2142857142857142,,present,,,,,,,,,,,,,,,,,,,,
G1,h105,1,S4,service,candidate_raw_counts,24,9,0,0,46,79,33,24,0,0.0,0,24,,0.0,0,24,,0.0,0,9,,0.3037974683544304,24,79,,0.4177215189873418,33,79,,0.7272727272727273,24,33,,0.2727272727272727,9,33,,0.0,0,33,,0.0,0,33,,0.017316017316017313,0.03896103896103896,0.14285714285714285,,present,,,,,,,,,,,,,,,,,,,,
G1,h105,2,S4,service,candidate_raw_counts,21,11,0,1,46,79,33,21,0,0.0,0,21,,0.045454545454545456,1,22,,0.0,0,11,,0.26582278481012656,21,79,,0.4177215189873418,33,79,,0.6363636363636364,21,33,,0.3333333333333333,11,33,,0.0,0,33,,0.030303030303030304,1,33,,-0.00865800865800866,0.03896103896103896,0.14285714285714285,,present,,,,,,,,,,,,,,,,,,,,
G1,h105,ALL,S4,service,pooled_counts,118,44,0,3,230,395,165,118,0,0.0,0,118,,0.024793388429752067,3,121,,0.0,0,44,,0.29873417721518986,118,395,,0.4177215189873418,165,395,,0.7151515151515152,118,165,,0.26666666666666666,44,165,,0.0,0,165,,0.01818181818181818,3,165,,-0.0008658008658008669,0.03982683982683983,0.14285714285714285,,present,,,,,,,,,,,,,,,,,,,,
G1,h105,ALL,S4,service,equal_candidate_equal_workload_macro,,,,,,,,,,0.0,,,,0.024783216783216783,,,,0.0,,,,0.29873417721518986,,,,0.4177215189873418,,,,0.7151515151515152,,,,0.26666666666666666,,,,0.0,,,,0.01818181818181818,,,,-0.0008658008658008669,0.03982683982683983,0.14285714285714285,,,1,5,1,5,1,5,1,5,1,5,1,5,1,5,1,5,1,5,1,5
G1,h105,-2,S4,latency_only,candidate_raw_counts,25,7,0,1,0,33,33,25,0,0.0,0,25,,0.038461538461538464,1,26,,0.0,0,7,,0.7575757575757576,25,33,,1.0,33,33,,0.7575757575757576,25,33,,0.21212121212121213,7,33,,0.0,0,33,,0.030303030303030304,1,33,,-0.030303030303030304,0.03463203463203463,0.07142857142857145,,present,,,,,,,,,,,,,,,,,,,,
G1,h105,-1,S4,latency_only,candidate_raw_counts,24,8,0,1,0,33,33,24,0,0.0,0,24,,0.04,1,25,,0.0,0,8,,0.7272727272727273,24,33,,1.0,33,33,,0.7272727272727273,24,33,,0.24242424242424243,8,33,,0.0,0,33,,0.030303030303030304,1,33,,-2.523234146875356e-18,0.03896103896103896,0.14285714285714285,,present,,,,,,,,,,,,,,,,,,,,
G1,h105,0,S4,latency_only,candidate_raw_counts,24,9,0,0,0,33,33,24,0,0.0,0,24,,0.0,0,24,,0.0,0,9,,0.7272727272727273,24,33,,1.0,33,33,,0.7272727272727273,24,33,,0.2727272727272727,9,33,,0.0,0,33,,0.0,0,33,,0.017316017316017316,0.047619047619047616,0.2142857142857142,,present,,,,,,,,,,,,,,,,,,,,
G1,h105,1,S4,latency_only,candidate_raw_counts,24,9,0,0,0,33,33,24,0,0.0,0,24,,0.0,0,24,,0.0,0,9,,0.7272727272727273,24,33,,1.0,33,33,,0.7272727272727273,24,33,,0.2727272727272727,9,33,,0.0,0,33,,0.0,0,33,,0.017316017316017313,0.03896103896103896,0.14285714285714285,,present,,,,,,,,,,,,,,,,,,,,
G1,h105,2,S4,latency_only,candidate_raw_counts,21,11,0,1,0,33,33,21,0,0.0,0,21,,0.045454545454545456,1,22,,0.0,0,11,,0.6363636363636364,21,33,,1.0,33,33,,0.6363636363636364,21,33,,0.3333333333333333,11,33,,0.0,0,33,,0.030303030303030304,1,33,,-0.00865800865800866,0.03896103896103896,0.14285714285714285,,present,,,,,,,,,,,,,,,,,,,,
G1,h105,ALL,S4,latency_only,pooled_counts,118,44,0,3,0,165,165,118,0,0.0,0,118,,0.024793388429752067,3,121,,0.0,0,44,,0.7151515151515152,118,165,,1.0,165,165,,0.7151515151515152,118,165,,0.26666666666666666,44,165,,0.0,0,165,,0.01818181818181818,3,165,,-0.0008658008658008669,0.03982683982683983,0.14285714285714285,,present,,,,,,,,,,,,,,,,,,,,
G1,h105,ALL,S4,latency_only,equal_candidate_equal_workload_macro,,,,,,,,,,0.0,,,,0.024783216783216783,,,,0.0,,,,0.7151515151515152,,,,1.0,,,,0.7151515151515152,,,,0.26666666666666666,,,,0.0,,,,0.01818181818181818,,,,-0.0008658008658008669,0.03982683982683983,0.14285714285714285,,,1,5,1,5,1,5,1,5,1,5,1,5,1,5,1,5,1,5,1,5
G1,h105,-2,S4,near_boundary,candidate_raw_counts,25,0,0,1,0,26,26,25,0,0.0,0,25,,0.038461538461538464,1,26,,,0,0,zero denominator,0.9615384615384616,25,26,,1.0,26,26,,0.9615384615384616,25,26,,0.0,0,26,,0.0,0,26,,0.038461538461538464,1,26,,-0.013736263736263734,0.013736263736263734,0.0,,present,,,,,,,,,,,,,,,,,,,,
G1,h105,-1,S4,near_boundary,candidate_raw_counts,24,1,0,1,0,26,26,24,0,0.0,0,24,,0.04,1,25,,0.0,0,1,,0.9230769230769231,24,26,,1.0,26,26,,0.9230769230769231,24,26,,0.038461538461538464,1,26,,0.0,0,26,,0.038461538461538464,1,26,,-0.02197802197802198,0.02197802197802198,0.0,,present,,,,,,,,,,,,,,,,,,,,
G1,h105,0,S4,near_boundary,candidate_raw_counts,24,1,0,0,0,25,25,24,0,0.0,0,24,,0.0,0,24,,0.0,0,1,,0.96,24,25,,1.0,25,25,,0.96,24,25,,0.04,1,25,,0.0,0,25,,0.0,0,25,,-0.008571428571428568,0.008571428571428568,0.0,,present,,,,,,,,,,,,,,,,,,,,
G1,h105,1,S4,near_boundary,candidate_raw_counts,24,0,0,0,0,24,24,24,0,0.0,0,24,,0.0,0,24,,,0,0,zero denominator,1.0,24,24,,1.0,24,24,,1.0,24,24,,0.0,0,24,,0.0,0,24,,0.0,0,24,,-0.0029761904761904747,0.0029761904761904747,0.0,,present,,,,,,,,,,,,,,,,,,,,
G1,h105,2,S4,near_boundary,candidate_raw_counts,21,1,0,1,0,23,23,21,0,0.0,0,21,,0.045454545454545456,1,22,,0.0,0,1,,0.9130434782608695,21,23,,1.0,23,23,,0.9130434782608695,21,23,,0.043478260869565216,1,23,,0.0,0,23,,0.043478260869565216,1,23,,-0.012422360248447204,0.012422360248447204,0.0,,present,,,,,,,,,,,,,,,,,,,,
G1,h105,ALL,S4,near_boundary,pooled_counts,118,3,0,3,0,124,124,118,0,0.0,0,118,,0.024793388429752067,3,121,,0.0,0,3,,0.9516129032258065,118,124,,1.0,124,124,,0.9516129032258065,118,124,,0.024193548387096774,3,124,,0.0,0,124,,0.024193548387096774,3,124,,-0.012096774193548385,0.012096774193548385,0.0,,present,,,,,,,,,,,,,,,,,,,,
G1,h105,ALL,S4,near_boundary,equal_candidate_equal_workload_macro,,,,,,,,,,0.0,,,,0.024783216783216783,,,,0.0,,,,0.9515317725752508,,,,1.0,,,,0.9515317725752508,,,,0.024387959866220735,,,,0.0,,,,0.024080267558528427,,,,-0.011936853002070391,0.011936853002070391,0.0,,,1,5,1,5,1,3,1,5,1,5,1,5,1,5,1,5,1,5,1,5
G1,h105,-2,S5,service,candidate_raw_counts,27,5,0,1,46,79,33,27,0,0.0,0,27,,0.03571428571428571,1,28,,0.0,0,5,,0.34177215189873417,27,79,,0.4177215189873418,33,79,,0.8181818181818182,27,33,,0.15151515151515152,5,33,,0.0,0,33,,0.030303030303030304,1,33,,-0.019480519480519484,0.019480519480519484,0.0,,present,,,,,,,,,,,,,,,,,,,,
G1,h105,-1,S5,service,candidate_raw_counts,27,5,0,1,46,79,33,27,0,0.0,0,27,,0.03571428571428571,1,28,,0.0,0,5,,0.34177215189873417,27,79,,0.4177215189873418,33,79,,0.8181818181818182,27,33,,0.15151515151515152,5,33,,0.0,0,33,,0.030303030303030304,1,33,,-0.008658008658008656,0.03896103896103896,0.14285714285714285,,present,,,,,,,,,,,,,,,,,,,,
G1,h105,0,S5,service,candidate_raw_counts,27,6,0,0,46,79,33,27,0,0.0,0,27,,0.0,0,27,,0.0,0,6,,0.34177215189873417,27,79,,0.4177215189873418,33,79,,0.8181818181818182,27,33,,0.18181818181818182,6,33,,0.0,0,33,,0.0,0,33,,0.03246753246753247,0.05411255411255411,0.2857142857142857,,present,,,,,,,,,,,,,,,,,,,,
G1,h105,1,S5,service,candidate_raw_counts,26,7,0,0,46,79,33,26,0,0.0,0,26,,0.0,0,26,,0.0,0,7,,0.3291139240506329,26,79,,0.4177215189873418,33,79,,0.7878787878787878,26,33,,0.21212121212121213,7,33,,0.0,0,33,,0.0,0,33,,0.030303030303030304,0.047619047619047616,0.2857142857142857,,present,,,,,,,,,,,,,,,,,,,,
G1,h105,2,S5,service,candidate_raw_counts,26,7,0,0,46,79,33,26,0,0.0,0,26,,0.0,0,26,,0.0,0,7,,0.3291139240506329,26,79,,0.4177215189873418,33,79,,0.7878787878787878,26,33,,0.21212121212121213,7,33,,0.0,0,33,,0.0,0,33,,0.054112554112554105,0.05844155844155843,0.3571428571428571,,present,,,,,,,,,,,,,,,,,,,,
G1,h105,ALL,S5,service,pooled_counts,133,30,0,2,230,395,165,133,0,0.0,0,133,,0.014814814814814815,2,135,,0.0,0,30,,0.3367088607594937,133,395,,0.4177215189873418,165,395,,0.806060606060606,133,165,,0.18181818181818182,30,165,,0.0,0,165,,0.012121212121212121,2,165,,0.017748917748917747,0.04372294372294372,0.2857142857142857,,present,,,,,,,,,,,,,,,,,,,,
G1,h105,ALL,S5,service,equal_candidate_equal_workload_macro,,,,,,,,,,0.0,,,,0.014285714285714285,,,,0.0,,,,0.33670886075949363,,,,0.4177215189873418,,,,0.806060606060606,,,,0.18181818181818182,,,,0.0,,,,0.012121212121212121,,,,0.017748917748917747,0.04372294372294372,0.2857142857142857,,,1,5,1,5,1,5,1,5,1,5,1,5,1,5,1,5,1,5,1,5
G1,h105,-2,S5,latency_only,candidate_raw_counts,27,5,0,1,0,33,33,27,0,0.0,0,27,,0.03571428571428571,1,28,,0.0,0,5,,0.8181818181818182,27,33,,1.0,33,33,,0.8181818181818182,27,33,,0.15151515151515152,5,33,,0.0,0,33,,0.030303030303030304,1,33,,-0.019480519480519484,0.019480519480519484,0.0,,present,,,,,,,,,,,,,,,,,,,,
G1,h105,-1,S5,latency_only,candidate_raw_counts,27,5,0,1,0,33,33,27,0,0.0,0,27,,0.03571428571428571,1,28,,0.0,0,5,,0.8181818181818182,27,33,,1.0,33,33,,0.8181818181818182,27,33,,0.15151515151515152,5,33,,0.0,0,33,,0.030303030303030304,1,33,,-0.008658008658008656,0.03896103896103896,0.14285714285714285,,present,,,,,,,,,,,,,,,,,,,,
G1,h105,0,S5,latency_only,candidate_raw_counts,27,6,0,0,0,33,33,27,0,0.0,0,27,,0.0,0,27,,0.0,0,6,,0.8181818181818182,27,33,,1.0,33,33,,0.8181818181818182,27,33,,0.18181818181818182,6,33,,0.0,0,33,,0.0,0,33,,0.03246753246753247,0.05411255411255411,0.2857142857142857,,present,,,,,,,,,,,,,,,,,,,,
G1,h105,1,S5,latency_only,candidate_raw_counts,26,7,0,0,0,33,33,26,0,0.0,0,26,,0.0,0,26,,0.0,0,7,,0.7878787878787878,26,33,,1.0,33,33,,0.7878787878787878,26,33,,0.21212121212121213,7,33,,0.0,0,33,,0.0,0,33,,0.030303030303030304,0.047619047619047616,0.2857142857142857,,present,,,,,,,,,,,,,,,,,,,,
G1,h105,2,S5,latency_only,candidate_raw_counts,26,7,0,0,0,33,33,26,0,0.0,0,26,,0.0,0,26,,0.0,0,7,,0.7878787878787878,26,33,,1.0,33,33,,0.7878787878787878,26,33,,0.21212121212121213,7,33,,0.0,0,33,,0.0,0,33,,0.054112554112554105,0.05844155844155843,0.3571428571428571,,present,,,,,,,,,,,,,,,,,,,,
G1,h105,ALL,S5,latency_only,pooled_counts,133,30,0,2,0,165,165,133,0,0.0,0,133,,0.014814814814814815,2,135,,0.0,0,30,,0.806060606060606,133,165,,1.0,165,165,,0.806060606060606,133,165,,0.18181818181818182,30,165,,0.0,0,165,,0.012121212121212121,2,165,,0.017748917748917747,0.04372294372294372,0.2857142857142857,,present,,,,,,,,,,,,,,,,,,,,
G1,h105,ALL,S5,latency_only,equal_candidate_equal_workload_macro,,,,,,,,,,0.0,,,,0.014285714285714285,,,,0.0,,,,0.806060606060606,,,,1.0,,,,0.806060606060606,,,,0.18181818181818182,,,,0.0,,,,0.012121212121212121,,,,0.017748917748917747,0.04372294372294372,0.2857142857142857,,,1,5,1,5,1,5,1,5,1,5,1,5,1,5,1,5,1,5,1,5
G1,h105,-2,S5,near_boundary,candidate_raw_counts,27,0,0,1,0,28,28,27,0,0.0,0,27,,0.03571428571428571,1,28,,,0,0,zero denominator,0.9642857142857143,27,28,,1.0,28,28,,0.9642857142857143,27,28,,0.0,0,28,,0.0,0,28,,0.03571428571428571,1,28,,-0.005102040816326532,0.005102040816326532,0.0,,present,,,,,,,,,,,,,,,,,,,,
G1,h105,-1,S5,near_boundary,candidate_raw_counts,27,0,0,1,2,30,28,27,0,0.0,0,27,,0.03571428571428571,1,28,,,0,0,zero denominator,0.9,27,30,,0.9333333333333333,28,30,,0.9642857142857143,27,28,,0.0,0,28,,0.0,0,28,,0.03571428571428571,1,28,,-0.01020408163265306,0.01020408163265306,0.0,,present,,,,,,,,,,,,,,,,,,,,
G1,h105,0,S5,near_boundary,candidate_raw_counts,27,0,0,0,0,27,27,27,0,0.0,0,27,,0.0,0,27,,,0,0,zero denominator,1.0,27,27,,1.0,27,27,,1.0,27,27,,0.0,0,27,,0.0,0,27,,0.0,0,27,,-0.0026455026455026445,0.0026455026455026445,0.0,,present,,,,,,,,,,,,,,,,,,,,
G1,h105,1,S5,near_boundary,candidate_raw_counts,26,1,0,0,0,27,27,26,0,0.0,0,26,,0.0,0,26,,0.0,0,1,,0.9629629629629629,26,27,,1.0,27,27,,0.9629629629629629,26,27,,0.037037037037037035,1,27,,0.0,0,27,,0.0,0,27,,0.0,0.0,0.0,,present,,,,,,,,,,,,,,,,,,,,
G1,h105,2,S5,near_boundary,candidate_raw_counts,26,0,0,0,0,26,26,26,0,0.0,0,26,,0.0,0,26,,,0,0,zero denominator,1.0,26,26,,1.0,26,26,,1.0,26,26,,0.0,0,26,,0.0,0,26,,0.0,0,26,,0.0,0.0,0.0,,present,,,,,,,,,,,,,,,,,,,,
G1,h105,ALL,S5,near_boundary,pooled_counts,133,1,0,2,2,138,136,133,0,0.0,0,133,,0.014814814814814815,2,135,,0.0,0,1,,0.9637681159420289,133,138,,0.9855072463768116,136,138,,0.9779411764705882,133,136,,0.007352941176470588,1,136,,0.0,0,136,,0.014705882352941176,2,136,,-0.003676470588235294,0.003676470588235294,0.0,,present,,,,,,,,,,,,,,,,,,,,
G1,h105,ALL,S5,near_boundary,equal_candidate_equal_workload_macro,,,,,,,,,,0.0,,,,0.014285714285714285,,,,0.0,,,,0.9654497354497354,,,,0.9866666666666667,,,,0.9783068783068783,,,,0.007407407407407407,,,,0.0,,,,0.014285714285714285,,,,-0.0035903250188964475,0.0035903250188964475,0.0,,,1,5,1,5,1,1,1,5,1,5,1,5,1,5,1,5,1,5,1,5
G1,h105,-2,S6,service,candidate_raw_counts,30,0,0,3,46,79,33,30,0,0.0,0,30,,0.09090909090909091,3,33,,,0,0,zero denominator,0.379746835443038,30,79,,0.4177215189873418,33,79,,0.9090909090909091,30,33,,0.0,0,33,,0.0,0,33,,0.09090909090909091,3,33,,-0.03463203463203464,0.03463203463203464,0.0,,present,,,,,,,,,,,,,,,,,,,,
G1,h105,-1,S6,service,candidate_raw_counts,30,0,0,3,46,79,33,30,0,0.0,0,30,,0.09090909090909091,3,33,,,0,0,zero denominator,0.379746835443038,30,79,,0.4177215189873418,33,79,,0.9090909090909091,30,33,,0.0,0,33,,0.0,0,33,,0.09090909090909091,3,33,,-0.03246753246753247,0.0367965367965368,0.0714285714285714,,present,,,,,,,,,,,,,,,,,,,,
G1,h105,0,S6,service,candidate_raw_counts,30,0,0,3,46,79,33,30,0,0.0,0,30,,0.09090909090909091,3,33,,,0,0,zero denominator,0.379746835443038,30,79,,0.4177215189873418,33,79,,0.9090909090909091,30,33,,0.0,0,33,,0.0,0,33,,0.09090909090909091,3,33,,-0.04112554112554113,0.04112554112554113,0.0,,present,,,,,,,,,,,,,,,,,,,,
G1,h105,1,S6,service,candidate_raw_counts,29,1,0,3,46,79,33,29,0,0.0,0,29,,0.09375,3,32,,0.0,0,1,,0.3670886075949367,29,79,,0.4177215189873418,33,79,,0.8787878787878788,29,33,,0.030303030303030304,1,33,,0.0,0,33,,0.09090909090909091,3,33,,-0.04112554112554113,0.04112554112554113,0.07142857142857151,,present,,,,,,,,,,,,,,,,,,,,
G1,h105,2,S6,service,candidate_raw_counts,29,3,0,1,46,79,33,29,0,0.0,0,29,,0.03333333333333333,1,30,,0.0,0,3,,0.3670886075949367,29,79,,0.4177215189873418,33,79,,0.8787878787878788,29,33,,0.09090909090909091,3,33,,0.0,0,33,,0.030303030303030304,1,33,,-0.03679653679653679,0.03679653679653679,0.0714285714285714,,present,,,,,,,,,,,,,,,,,,,,
G1,h105,ALL,S6,service,pooled_counts,148,4,0,13,230,395,165,148,0,0.0,0,148,,0.08074534161490683,13,161,,0.0,0,4,,0.37468354430379747,148,395,,0.4177215189873418,165,395,,0.896969696969697,148,165,,0.024242424242424242,4,165,,0.0,0,165,,0.07878787878787878,13,165,,-0.03722943722943723,0.0380952380952381,0.0714285714285714,,present,,,,,,,,,,,,,,,,,,,,
G1,h105,ALL,S6,service,equal_candidate_equal_workload_macro,,,,,,,,,,0.0,,,,0.0799621212121212,,,,0.0,,,,0.37468354430379747,,,,0.4177215189873418,,,,0.896969696969697,,,,0.024242424242424242,,,,0.0,,,,0.0787878787878788,,,,-0.03722943722943723,0.0380952380952381,0.0714285714285714,,,1,5,1,5,1,2,1,5,1,5,1,5,1,5,1,5,1,5,1,5
G1,h105,-2,S6,latency_only,candidate_raw_counts,30,0,0,3,0,33,33,30,0,0.0,0,30,,0.09090909090909091,3,33,,,0,0,zero denominator,0.9090909090909091,30,33,,1.0,33,33,,0.9090909090909091,30,33,,0.0,0,33,,0.0,0,33,,0.09090909090909091,3,33,,-0.03463203463203464,0.03463203463203464,0.0,,present,,,,,,,,,,,,,,,,,,,,
G1,h105,-1,S6,latency_only,candidate_raw_counts,30,0,0,3,0,33,33,30,0,0.0,0,30,,0.09090909090909091,3,33,,,0,0,zero denominator,0.9090909090909091,30,33,,1.0,33,33,,0.9090909090909091,30,33,,0.0,0,33,,0.0,0,33,,0.09090909090909091,3,33,,-0.03246753246753247,0.0367965367965368,0.0714285714285714,,present,,,,,,,,,,,,,,,,,,,,
G1,h105,0,S6,latency_only,candidate_raw_counts,30,0,0,3,0,33,33,30,0,0.0,0,30,,0.09090909090909091,3,33,,,0,0,zero denominator,0.9090909090909091,30,33,,1.0,33,33,,0.9090909090909091,30,33,,0.0,0,33,,0.0,0,33,,0.09090909090909091,3,33,,-0.04112554112554113,0.04112554112554113,0.0,,present,,,,,,,,,,,,,,,,,,,,
G1,h105,1,S6,latency_only,candidate_raw_counts,29,1,0,3,0,33,33,29,0,0.0,0,29,,0.09375,3,32,,0.0,0,1,,0.8787878787878788,29,33,,1.0,33,33,,0.8787878787878788,29,33,,0.030303030303030304,1,33,,0.0,0,33,,0.09090909090909091,3,33,,-0.04112554112554113,0.04112554112554113,0.07142857142857151,,present,,,,,,,,,,,,,,,,,,,,
G1,h105,2,S6,latency_only,candidate_raw_counts,29,3,0,1,0,33,33,29,0,0.0,0,29,,0.03333333333333333,1,30,,0.0,0,3,,0.8787878787878788,29,33,,1.0,33,33,,0.8787878787878788,29,33,,0.09090909090909091,3,33,,0.0,0,33,,0.030303030303030304,1,33,,-0.03679653679653679,0.03679653679653679,0.0714285714285714,,present,,,,,,,,,,,,,,,,,,,,
G1,h105,ALL,S6,latency_only,pooled_counts,148,4,0,13,0,165,165,148,0,0.0,0,148,,0.08074534161490683,13,161,,0.0,0,4,,0.896969696969697,148,165,,1.0,165,165,,0.896969696969697,148,165,,0.024242424242424242,4,165,,0.0,0,165,,0.07878787878787878,13,165,,-0.03722943722943723,0.0380952380952381,0.0714285714285714,,present,,,,,,,,,,,,,,,,,,,,
G1,h105,ALL,S6,latency_only,equal_candidate_equal_workload_macro,,,,,,,,,,0.0,,,,0.0799621212121212,,,,0.0,,,,0.896969696969697,,,,1.0,,,,0.896969696969697,,,,0.024242424242424242,,,,0.0,,,,0.0787878787878788,,,,-0.03722943722943723,0.0380952380952381,0.0714285714285714,,,1,5,1,5,1,2,1,5,1,5,1,5,1,5,1,5,1,5,1,5
G1,h105,-2,S6,near_boundary,candidate_raw_counts,30,0,0,3,18,51,33,30,0,0.0,0,30,,0.09090909090909091,3,33,,,0,0,zero denominator,0.5882352941176471,30,51,,0.6470588235294118,33,51,,0.9090909090909091,30,33,,0.0,0,33,,0.0,0,33,,0.09090909090909091,3,33,,-0.03463203463203464,0.03463203463203464,0.0,,present,,,,,,,,,,,,,,,,,,,,
G1,h105,-1,S6,near_boundary,candidate_raw_counts,30,0,0,3,37,70,33,30,0,0.0,0,30,,0.09090909090909091,3,33,,,0,0,zero denominator,0.42857142857142855,30,70,,0.4714285714285714,33,70,,0.9090909090909091,30,33,,0.0,0,33,,0.0,0,33,,0.09090909090909091,3,33,,-0.03246753246753247,0.0367965367965368,0.0714285714285714,,present,,,,,,,,,,,,,,,,,,,,
G1,h105,0,S6,near_boundary,candidate_raw_counts,30,0,0,3,46,79,33,30,0,0.0,0,30,,0.09090909090909091,3,33,,,0,0,zero denominator,0.379746835443038,30,79,,0.4177215189873418,33,79,,0.9090909090909091,30,33,,0.0,0,33,,0.0,0,33,,0.09090909090909091,3,33,,-0.04112554112554113,0.04112554112554113,0.0,,present,,,,,,,,,,,,,,,,,,,,
G1,h105,1,S6,near_boundary,candidate_raw_counts,29,1,0,3,46,79,33,29,0,0.0,0,29,,0.09375,3,32,,0.0,0,1,,0.3670886075949367,29,79,,0.4177215189873418,33,79,,0.8787878787878788,29,33,,0.030303030303030304,1,33,,0.0,0,33,,0.09090909090909091,3,33,,-0.04112554112554113,0.04112554112554113,0.07142857142857151,,present,,,,,,,,,,,,,,,,,,,,
G1,h105,2,S6,near_boundary,candidate_raw_counts,29,2,0,1,45,77,32,29,0,0.0,0,29,,0.03333333333333333,1,30,,0.0,0,2,,0.37662337662337664,29,77,,0.4155844155844156,32,77,,0.90625,29,32,,0.0625,2,32,,0.0,0,32,,0.03125,1,32,,-0.033482142857142856,0.033482142857142856,0.0,,present,,,,,,,,,,,,,,,,,,,,
G1,h105,ALL,S6,near_boundary,pooled_counts,148,3,0,13,192,356,164,148,0,0.0,0,148,,0.08074534161490683,13,161,,0.0,0,3,,0.4157303370786517,148,356,,0.4606741573033708,164,356,,0.9024390243902439,148,164,,0.018292682926829267,3,164,,0.0,0,164,,0.07926829268292683,13,164,,-0.03658536585365854,0.03745644599303136,0.0714285714285714,,present,,,,,,,,,,,,,,,,,,,,
G1,h105,ALL,S6,near_boundary,equal_candidate_equal_workload_macro,,,,,,,,,,0.0,,,,0.0799621212121212,,,,0.0,,,,0.4280531084700854,,,,0.4739029697034165,,,,0.9024621212121212,,,,0.018560606060606062,,,,0.0,,,,0.07897727272727273,,,,-0.03656655844155844,0.03743235930735931,0.0714285714285714,,,1,5,1,5,1,2,1,5,1,5,1,5,1,5,1,5,1,5,1,5
G1,h106,-2,S1,service,candidate_raw_counts,0,43,0,0,26,69,43,0,0,,0,0,zero denominator,,0,0,zero denominator,0.0,0,43,,0.0,0,69,,0.6231884057971014,43,69,,0.0,0,43,,1.0,43,43,,0.0,0,43,,0.0,0,43,,0.0,0.0,0.0,,present,,,,,,,,,,,,,,,,,,,,
G1,h106,-1,S1,service,candidate_raw_counts,0,43,0,0,26,69,43,0,0,,0,0,zero denominator,,0,0,zero denominator,0.0,0,43,,0.0,0,69,,0.6231884057971014,43,69,,0.0,0,43,,1.0,43,43,,0.0,0,43,,0.0,0,43,,0.0,0.0,0.0,,present,,,,,,,,,,,,,,,,,,,,
G1,h106,0,S1,service,candidate_raw_counts,0,43,0,0,26,69,43,0,0,,0,0,zero denominator,,0,0,zero denominator,0.0,0,43,,0.0,0,69,,0.6231884057971014,43,69,,0.0,0,43,,1.0,43,43,,0.0,0,43,,0.0,0,43,,0.0,0.0,0.0,,present,,,,,,,,,,,,,,,,,,,,
G1,h106,1,S1,service,candidate_raw_counts,0,43,0,0,26,69,43,0,0,,0,0,zero denominator,,0,0,zero denominator,0.0,0,43,,0.0,0,69,,0.6231884057971014,43,69,,0.0,0,43,,1.0,43,43,,0.0,0,43,,0.0,0,43,,0.0,0.0,0.0,,present,,,,,,,,,,,,,,,,,,,,
G1,h106,2,S1,service,candidate_raw_counts,0,43,0,0,26,69,43,0,0,,0,0,zero denominator,,0,0,zero denominator,0.0,0,43,,0.0,0,69,,0.6231884057971014,43,69,,0.0,0,43,,1.0,43,43,,0.0,0,43,,0.0,0,43,,0.0,0.0,0.0,,present,,,,,,,,,,,,,,,,,,,,
G1,h106,ALL,S1,service,pooled_counts,0,215,0,0,130,345,215,0,0,,0,0,zero denominator,,0,0,zero denominator,0.0,0,215,,0.0,0,345,,0.6231884057971014,215,345,,0.0,0,215,,1.0,215,215,,0.0,0,215,,0.0,0,215,,0.0,0.0,0.0,,present,,,,,,,,,,,,,,,,,,,,
G1,h106,ALL,S1,service,equal_candidate_equal_workload_macro,,,,,,,,,,,,,all denominators zero,,,,all denominators zero,0.0,,,,0.0,,,,0.6231884057971014,,,,0.0,,,,1.0,,,,0.0,,,,0.0,,,,0.0,0.0,0.0,,,0,0,0,0,1,5,1,5,1,5,1,5,1,5,1,5,1,5,1,5
G1,h106,-2,S1,latency_only,candidate_raw_counts,0,43,0,0,0,43,43,0,0,,0,0,zero denominator,,0,0,zero denominator,0.0,0,43,,0.0,0,43,,1.0,43,43,,0.0,0,43,,1.0,43,43,,0.0,0,43,,0.0,0,43,,0.0,0.0,0.0,,present,,,,,,,,,,,,,,,,,,,,
G1,h106,-1,S1,latency_only,candidate_raw_counts,0,43,0,0,0,43,43,0,0,,0,0,zero denominator,,0,0,zero denominator,0.0,0,43,,0.0,0,43,,1.0,43,43,,0.0,0,43,,1.0,43,43,,0.0,0,43,,0.0,0,43,,0.0,0.0,0.0,,present,,,,,,,,,,,,,,,,,,,,
G1,h106,0,S1,latency_only,candidate_raw_counts,0,43,0,0,0,43,43,0,0,,0,0,zero denominator,,0,0,zero denominator,0.0,0,43,,0.0,0,43,,1.0,43,43,,0.0,0,43,,1.0,43,43,,0.0,0,43,,0.0,0,43,,0.0,0.0,0.0,,present,,,,,,,,,,,,,,,,,,,,
G1,h106,1,S1,latency_only,candidate_raw_counts,0,43,0,0,0,43,43,0,0,,0,0,zero denominator,,0,0,zero denominator,0.0,0,43,,0.0,0,43,,1.0,43,43,,0.0,0,43,,1.0,43,43,,0.0,0,43,,0.0,0,43,,0.0,0.0,0.0,,present,,,,,,,,,,,,,,,,,,,,
G1,h106,2,S1,latency_only,candidate_raw_counts,0,43,0,0,0,43,43,0,0,,0,0,zero denominator,,0,0,zero denominator,0.0,0,43,,0.0,0,43,,1.0,43,43,,0.0,0,43,,1.0,43,43,,0.0,0,43,,0.0,0,43,,0.0,0.0,0.0,,present,,,,,,,,,,,,,,,,,,,,
G1,h106,ALL,S1,latency_only,pooled_counts,0,215,0,0,0,215,215,0,0,,0,0,zero denominator,,0,0,zero denominator,0.0,0,215,,0.0,0,215,,1.0,215,215,,0.0,0,215,,1.0,215,215,,0.0,0,215,,0.0,0,215,,0.0,0.0,0.0,,present,,,,,,,,,,,,,,,,,,,,
G1,h106,ALL,S1,latency_only,equal_candidate_equal_workload_macro,,,,,,,,,,,,,all denominators zero,,,,all denominators zero,0.0,,,,0.0,,,,1.0,,,,0.0,,,,1.0,,,,0.0,,,,0.0,,,,0.0,0.0,0.0,,,0,0,0,0,1,5,1,5,1,5,1,5,1,5,1,5,1,5,1,5
G1,h106,-2,S1,near_boundary,candidate_raw_counts,0,0,0,0,0,0,0,0,0,,0,0,zero denominator,,0,0,zero denominator,,0,0,zero denominator,,0,0,zero denominator,,0,0,zero denominator,,0,0,zero denominator,,0,0,zero denominator,,0,0,zero denominator,,0,0,zero denominator,,,,no both-attainment-defined points,absent,,,,,,,,,,,,,,,,,,,,
G1,h106,-1,S1,near_boundary,candidate_raw_counts,0,0,0,0,0,0,0,0,0,,0,0,zero denominator,,0,0,zero denominator,,0,0,zero denominator,,0,0,zero denominator,,0,0,zero denominator,,0,0,zero denominator,,0,0,zero denominator,,0,0,zero denominator,,0,0,zero denominator,,,,no both-attainment-defined points,absent,,,,,,,,,,,,,,,,,,,,
G1,h106,0,S1,near_boundary,candidate_raw_counts,0,0,0,0,0,0,0,0,0,,0,0,zero denominator,,0,0,zero denominator,,0,0,zero denominator,,0,0,zero denominator,,0,0,zero denominator,,0,0,zero denominator,,0,0,zero denominator,,0,0,zero denominator,,0,0,zero denominator,,,,no both-attainment-defined points,absent,,,,,,,,,,,,,,,,,,,,
G1,h106,1,S1,near_boundary,candidate_raw_counts,0,0,0,0,0,0,0,0,0,,0,0,zero denominator,,0,0,zero denominator,,0,0,zero denominator,,0,0,zero denominator,,0,0,zero denominator,,0,0,zero denominator,,0,0,zero denominator,,0,0,zero denominator,,0,0,zero denominator,,,,no both-attainment-defined points,absent,,,,,,,,,,,,,,,,,,,,
G1,h106,2,S1,near_boundary,candidate_raw_counts,0,0,0,0,0,0,0,0,0,,0,0,zero denominator,,0,0,zero denominator,,0,0,zero denominator,,0,0,zero denominator,,0,0,zero denominator,,0,0,zero denominator,,0,0,zero denominator,,0,0,zero denominator,,0,0,zero denominator,,,,no both-attainment-defined points,absent,,,,,,,,,,,,,,,,,,,,
G1,h106,ALL,S1,near_boundary,pooled_counts,0,0,0,0,0,0,0,0,0,,0,0,zero denominator,,0,0,zero denominator,,0,0,zero denominator,,0,0,zero denominator,,0,0,zero denominator,,0,0,zero denominator,,0,0,zero denominator,,0,0,zero denominator,,0,0,zero denominator,,,,no both-attainment-defined points,absent,,,,,,,,,,,,,,,,,,,,
G1,h106,ALL,S1,near_boundary,equal_candidate_equal_workload_macro,,,,,,,,,,,,,all denominators zero,,,,all denominators zero,,,,all denominators zero,,,,all denominators zero,,,,all denominators zero,,,,all denominators zero,,,,all denominators zero,,,,all denominators zero,,,,all denominators zero,,,,empty applicable subset,,0,0,0,0,0,0,0,0,0,0,0,0,0,0,0,0,0,0,0,0
G1,h106,-2,S2,service,candidate_raw_counts,0,43,0,0,26,69,43,0,0,,0,0,zero denominator,,0,0,zero denominator,0.0,0,43,,0.0,0,69,,0.6231884057971014,43,69,,0.0,0,43,,1.0,43,43,,0.0,0,43,,0.0,0,43,,0.007593735168485989,0.026578073089701004,0.061224489795918366,,present,,,,,,,,,,,,,,,,,,,,
G1,h106,-1,S2,service,candidate_raw_counts,0,43,0,0,26,69,43,0,0,,0,0,zero denominator,,0,0,zero denominator,0.0,0,43,,0.0,0,69,,0.6231884057971014,43,69,,0.0,0,43,,1.0,43,43,,0.0,0,43,,0.0,0,43,,0.01518747033697199,0.030374940673944004,0.0816326530612245,,present,,,,,,,,,,,,,,,,,,,,
G1,h106,0,S2,service,candidate_raw_counts,0,43,0,0,26,69,43,0,0,,0,0,zero denominator,,0,0,zero denominator,0.0,0,43,,0.0,0,69,,0.6231884057971014,43,69,,0.0,0,43,,1.0,43,43,,0.0,0,43,,0.0,0,43,,0.029425723777883245,0.041765543426673,0.14285714285714288,,present,,,,,,,,,,,,,,,,,,,,
G1,h106,1,S2,service,candidate_raw_counts,0,43,0,0,26,69,43,0,0,,0,0,zero denominator,,0,0,zero denominator,0.0,0,43,,0.0,0,69,,0.6231884057971014,43,69,,0.0,0,43,,1.0,43,43,,0.0,0,43,,0.0,0,43,,0.02705268153773137,0.03939250118652112,0.16326530612244897,,present,,,,,,,,,,,,,,,,,,,,
G1,h106,2,S2,service,candidate_raw_counts,0,43,0,0,26,69,43,0,0,,0,0,zero denominator,,0,0,zero denominator,0.0,0,43,,0.0,0,69,,0.6231884057971014,43,69,,0.0,0,43,,1.0,43,43,,0.0,0,43,,0.0,0,43,,0.034171808258187,0.041765543426673005,0.1836734693877551,,present,,,,,,,,,,,,,,,,,,,,
G1,h106,ALL,S2,service,pooled_counts,0,215,0,0,130,345,215,0,0,,0,0,zero denominator,,0,0,zero denominator,0.0,0,215,,0.0,0,345,,0.6231884057971014,215,345,,0.0,0,215,,1.0,215,215,,0.0,0,215,,0.0,0,215,,0.022686283815851915,0.035975320360702424,0.14285714285714288,,present,,,,,,,,,,,,,,,,,,,,
G1,h106,ALL,S2,service,equal_candidate_equal_workload_macro,,,,,,,,,,,,,all denominators zero,,,,all denominators zero,0.0,,,,0.0,,,,0.6231884057971014,,,,0.0,,,,1.0,,,,0.0,,,,0.0,,,,0.022686283815851915,0.035975320360702424,0.14285714285714288,,,0,0,0,0,1,5,1,5,1,5,1,5,1,5,1,5,1,5,1,5
G1,h106,-2,S2,latency_only,candidate_raw_counts,0,43,0,0,0,43,43,0,0,,0,0,zero denominator,,0,0,zero denominator,0.0,0,43,,0.0,0,43,,1.0,43,43,,0.0,0,43,,1.0,43,43,,0.0,0,43,,0.0,0,43,,0.007593735168485989,0.026578073089701004,0.061224489795918366,,present,,,,,,,,,,,,,,,,,,,,
G1,h106,-1,S2,latency_only,candidate_raw_counts,0,43,0,0,0,43,43,0,0,,0,0,zero denominator,,0,0,zero denominator,0.0,0,43,,0.0,0,43,,1.0,43,43,,0.0,0,43,,1.0,43,43,,0.0,0,43,,0.0,0,43,,0.01518747033697199,0.030374940673944004,0.0816326530612245,,present,,,,,,,,,,,,,,,,,,,,
G1,h106,0,S2,latency_only,candidate_raw_counts,0,43,0,0,0,43,43,0,0,,0,0,zero denominator,,0,0,zero denominator,0.0,0,43,,0.0,0,43,,1.0,43,43,,0.0,0,43,,1.0,43,43,,0.0,0,43,,0.0,0,43,,0.029425723777883245,0.041765543426673,0.14285714285714288,,present,,,,,,,,,,,,,,,,,,,,
G1,h106,1,S2,latency_only,candidate_raw_counts,0,43,0,0,0,43,43,0,0,,0,0,zero denominator,,0,0,zero denominator,0.0,0,43,,0.0,0,43,,1.0,43,43,,0.0,0,43,,1.0,43,43,,0.0,0,43,,0.0,0,43,,0.02705268153773137,0.03939250118652112,0.16326530612244897,,present,,,,,,,,,,,,,,,,,,,,
G1,h106,2,S2,latency_only,candidate_raw_counts,0,43,0,0,0,43,43,0,0,,0,0,zero denominator,,0,0,zero denominator,0.0,0,43,,0.0,0,43,,1.0,43,43,,0.0,0,43,,1.0,43,43,,0.0,0,43,,0.0,0,43,,0.034171808258187,0.041765543426673005,0.1836734693877551,,present,,,,,,,,,,,,,,,,,,,,
G1,h106,ALL,S2,latency_only,pooled_counts,0,215,0,0,0,215,215,0,0,,0,0,zero denominator,,0,0,zero denominator,0.0,0,215,,0.0,0,215,,1.0,215,215,,0.0,0,215,,1.0,215,215,,0.0,0,215,,0.0,0,215,,0.022686283815851915,0.035975320360702424,0.14285714285714288,,present,,,,,,,,,,,,,,,,,,,,
G1,h106,ALL,S2,latency_only,equal_candidate_equal_workload_macro,,,,,,,,,,,,,all denominators zero,,,,all denominators zero,0.0,,,,0.0,,,,1.0,,,,0.0,,,,1.0,,,,0.0,,,,0.0,,,,0.022686283815851915,0.035975320360702424,0.14285714285714288,,,0,0,0,0,1,5,1,5,1,5,1,5,1,5,1,5,1,5,1,5
G1,h106,-2,S2,near_boundary,candidate_raw_counts,0,0,0,0,0,0,0,0,0,,0,0,zero denominator,,0,0,zero denominator,,0,0,zero denominator,,0,0,zero denominator,,0,0,zero denominator,,0,0,zero denominator,,0,0,zero denominator,,0,0,zero denominator,,0,0,zero denominator,,,,no both-attainment-defined points,absent,,,,,,,,,,,,,,,,,,,,
G1,h106,-1,S2,near_boundary,candidate_raw_counts,0,0,0,0,0,0,0,0,0,,0,0,zero denominator,,0,0,zero denominator,,0,0,zero denominator,,0,0,zero denominator,,0,0,zero denominator,,0,0,zero denominator,,0,0,zero denominator,,0,0,zero denominator,,0,0,zero denominator,,,,no both-attainment-defined points,absent,,,,,,,,,,,,,,,,,,,,
G1,h106,0,S2,near_boundary,candidate_raw_counts,0,0,0,0,0,0,0,0,0,,0,0,zero denominator,,0,0,zero denominator,,0,0,zero denominator,,0,0,zero denominator,,0,0,zero denominator,,0,0,zero denominator,,0,0,zero denominator,,0,0,zero denominator,,0,0,zero denominator,,,,no both-attainment-defined points,absent,,,,,,,,,,,,,,,,,,,,
G1,h106,1,S2,near_boundary,candidate_raw_counts,0,0,0,0,0,0,0,0,0,,0,0,zero denominator,,0,0,zero denominator,,0,0,zero denominator,,0,0,zero denominator,,0,0,zero denominator,,0,0,zero denominator,,0,0,zero denominator,,0,0,zero denominator,,0,0,zero denominator,,,,no both-attainment-defined points,absent,,,,,,,,,,,,,,,,,,,,
G1,h106,2,S2,near_boundary,candidate_raw_counts,0,0,0,0,0,0,0,0,0,,0,0,zero denominator,,0,0,zero denominator,,0,0,zero denominator,,0,0,zero denominator,,0,0,zero denominator,,0,0,zero denominator,,0,0,zero denominator,,0,0,zero denominator,,0,0,zero denominator,,,,no both-attainment-defined points,absent,,,,,,,,,,,,,,,,,,,,
G1,h106,ALL,S2,near_boundary,pooled_counts,0,0,0,0,0,0,0,0,0,,0,0,zero denominator,,0,0,zero denominator,,0,0,zero denominator,,0,0,zero denominator,,0,0,zero denominator,,0,0,zero denominator,,0,0,zero denominator,,0,0,zero denominator,,0,0,zero denominator,,,,no both-attainment-defined points,absent,,,,,,,,,,,,,,,,,,,,
G1,h106,ALL,S2,near_boundary,equal_candidate_equal_workload_macro,,,,,,,,,,,,,all denominators zero,,,,all denominators zero,,,,all denominators zero,,,,all denominators zero,,,,all denominators zero,,,,all denominators zero,,,,all denominators zero,,,,all denominators zero,,,,all denominators zero,,,,empty applicable subset,,0,0,0,0,0,0,0,0,0,0,0,0,0,0,0,0,0,0,0,0
G1,h106,-2,S3,service,candidate_raw_counts,0,43,0,0,26,69,43,0,0,,0,0,zero denominator,,0,0,zero denominator,0.0,0,43,,0.0,0,69,,0.6231884057971014,43,69,,0.0,0,43,,1.0,43,43,,0.0,0,43,,0.0,0,43,,0.0,0.0,0.0,,present,,,,,,,,,,,,,,,,,,,,
G1,h106,-1,S3,service,candidate_raw_counts,0,43,0,0,26,69,43,0,0,,0,0,zero denominator,,0,0,zero denominator,0.0,0,43,,0.0,0,69,,0.6231884057971014,43,69,,0.0,0,43,,1.0,43,43,,0.0,0,43,,0.0,0,43,,0.0,0.0,0.0,,present,,,,,,,,,,,,,,,,,,,,
G1,h106,0,S3,service,candidate_raw_counts,0,43,0,0,26,69,43,0,0,,0,0,zero denominator,,0,0,zero denominator,0.0,0,43,,0.0,0,69,,0.6231884057971014,43,69,,0.0,0,43,,1.0,43,43,,0.0,0,43,,0.0,0,43,,0.0,0.0,0.0,,present,,,,,,,,,,,,,,,,,,,,
G1,h106,1,S3,service,candidate_raw_counts,0,43,0,0,26,69,43,0,0,,0,0,zero denominator,,0,0,zero denominator,0.0,0,43,,0.0,0,69,,0.6231884057971014,43,69,,0.0,0,43,,1.0,43,43,,0.0,0,43,,0.0,0,43,,0.0,0.0,0.0,,present,,,,,,,,,,,,,,,,,,,,
G1,h106,2,S3,service,candidate_raw_counts,0,43,0,0,26,69,43,0,0,,0,0,zero denominator,,0,0,zero denominator,0.0,0,43,,0.0,0,69,,0.6231884057971014,43,69,,0.0,0,43,,1.0,43,43,,0.0,0,43,,0.0,0,43,,0.0,0.0,0.0,,present,,,,,,,,,,,,,,,,,,,,
G1,h106,ALL,S3,service,pooled_counts,0,215,0,0,130,345,215,0,0,,0,0,zero denominator,,0,0,zero denominator,0.0,0,215,,0.0,0,345,,0.6231884057971014,215,345,,0.0,0,215,,1.0,215,215,,0.0,0,215,,0.0,0,215,,0.0,0.0,0.0,,present,,,,,,,,,,,,,,,,,,,,
G1,h106,ALL,S3,service,equal_candidate_equal_workload_macro,,,,,,,,,,,,,all denominators zero,,,,all denominators zero,0.0,,,,0.0,,,,0.6231884057971014,,,,0.0,,,,1.0,,,,0.0,,,,0.0,,,,0.0,0.0,0.0,,,0,0,0,0,1,5,1,5,1,5,1,5,1,5,1,5,1,5,1,5
G1,h106,-2,S3,latency_only,candidate_raw_counts,0,43,0,0,0,43,43,0,0,,0,0,zero denominator,,0,0,zero denominator,0.0,0,43,,0.0,0,43,,1.0,43,43,,0.0,0,43,,1.0,43,43,,0.0,0,43,,0.0,0,43,,0.0,0.0,0.0,,present,,,,,,,,,,,,,,,,,,,,
G1,h106,-1,S3,latency_only,candidate_raw_counts,0,43,0,0,0,43,43,0,0,,0,0,zero denominator,,0,0,zero denominator,0.0,0,43,,0.0,0,43,,1.0,43,43,,0.0,0,43,,1.0,43,43,,0.0,0,43,,0.0,0,43,,0.0,0.0,0.0,,present,,,,,,,,,,,,,,,,,,,,
G1,h106,0,S3,latency_only,candidate_raw_counts,0,43,0,0,0,43,43,0,0,,0,0,zero denominator,,0,0,zero denominator,0.0,0,43,,0.0,0,43,,1.0,43,43,,0.0,0,43,,1.0,43,43,,0.0,0,43,,0.0,0,43,,0.0,0.0,0.0,,present,,,,,,,,,,,,,,,,,,,,
G1,h106,1,S3,latency_only,candidate_raw_counts,0,43,0,0,0,43,43,0,0,,0,0,zero denominator,,0,0,zero denominator,0.0,0,43,,0.0,0,43,,1.0,43,43,,0.0,0,43,,1.0,43,43,,0.0,0,43,,0.0,0,43,,0.0,0.0,0.0,,present,,,,,,,,,,,,,,,,,,,,
G1,h106,2,S3,latency_only,candidate_raw_counts,0,43,0,0,0,43,43,0,0,,0,0,zero denominator,,0,0,zero denominator,0.0,0,43,,0.0,0,43,,1.0,43,43,,0.0,0,43,,1.0,43,43,,0.0,0,43,,0.0,0,43,,0.0,0.0,0.0,,present,,,,,,,,,,,,,,,,,,,,
G1,h106,ALL,S3,latency_only,pooled_counts,0,215,0,0,0,215,215,0,0,,0,0,zero denominator,,0,0,zero denominator,0.0,0,215,,0.0,0,215,,1.0,215,215,,0.0,0,215,,1.0,215,215,,0.0,0,215,,0.0,0,215,,0.0,0.0,0.0,,present,,,,,,,,,,,,,,,,,,,,
G1,h106,ALL,S3,latency_only,equal_candidate_equal_workload_macro,,,,,,,,,,,,,all denominators zero,,,,all denominators zero,0.0,,,,0.0,,,,1.0,,,,0.0,,,,1.0,,,,0.0,,,,0.0,,,,0.0,0.0,0.0,,,0,0,0,0,1,5,1,5,1,5,1,5,1,5,1,5,1,5,1,5
G1,h106,-2,S3,near_boundary,candidate_raw_counts,0,0,0,0,0,0,0,0,0,,0,0,zero denominator,,0,0,zero denominator,,0,0,zero denominator,,0,0,zero denominator,,0,0,zero denominator,,0,0,zero denominator,,0,0,zero denominator,,0,0,zero denominator,,0,0,zero denominator,,,,no both-attainment-defined points,absent,,,,,,,,,,,,,,,,,,,,
G1,h106,-1,S3,near_boundary,candidate_raw_counts,0,0,0,0,0,0,0,0,0,,0,0,zero denominator,,0,0,zero denominator,,0,0,zero denominator,,0,0,zero denominator,,0,0,zero denominator,,0,0,zero denominator,,0,0,zero denominator,,0,0,zero denominator,,0,0,zero denominator,,,,no both-attainment-defined points,absent,,,,,,,,,,,,,,,,,,,,
G1,h106,0,S3,near_boundary,candidate_raw_counts,0,0,0,0,0,0,0,0,0,,0,0,zero denominator,,0,0,zero denominator,,0,0,zero denominator,,0,0,zero denominator,,0,0,zero denominator,,0,0,zero denominator,,0,0,zero denominator,,0,0,zero denominator,,0,0,zero denominator,,,,no both-attainment-defined points,absent,,,,,,,,,,,,,,,,,,,,
G1,h106,1,S3,near_boundary,candidate_raw_counts,0,0,0,0,0,0,0,0,0,,0,0,zero denominator,,0,0,zero denominator,,0,0,zero denominator,,0,0,zero denominator,,0,0,zero denominator,,0,0,zero denominator,,0,0,zero denominator,,0,0,zero denominator,,0,0,zero denominator,,,,no both-attainment-defined points,absent,,,,,,,,,,,,,,,,,,,,
G1,h106,2,S3,near_boundary,candidate_raw_counts,0,0,0,0,0,0,0,0,0,,0,0,zero denominator,,0,0,zero denominator,,0,0,zero denominator,,0,0,zero denominator,,0,0,zero denominator,,0,0,zero denominator,,0,0,zero denominator,,0,0,zero denominator,,0,0,zero denominator,,,,no both-attainment-defined points,absent,,,,,,,,,,,,,,,,,,,,
G1,h106,ALL,S3,near_boundary,pooled_counts,0,0,0,0,0,0,0,0,0,,0,0,zero denominator,,0,0,zero denominator,,0,0,zero denominator,,0,0,zero denominator,,0,0,zero denominator,,0,0,zero denominator,,0,0,zero denominator,,0,0,zero denominator,,0,0,zero denominator,,,,no both-attainment-defined points,absent,,,,,,,,,,,,,,,,,,,,
G1,h106,ALL,S3,near_boundary,equal_candidate_equal_workload_macro,,,,,,,,,,,,,all denominators zero,,,,all denominators zero,,,,all denominators zero,,,,all denominators zero,,,,all denominators zero,,,,all denominators zero,,,,all denominators zero,,,,all denominators zero,,,,all denominators zero,,,,empty applicable subset,,0,0,0,0,0,0,0,0,0,0,0,0,0,0,0,0,0,0,0,0
G1,h106,-2,S4,service,candidate_raw_counts,22,19,0,2,26,69,43,22,0,0.0,0,22,,0.08333333333333333,2,24,,0.0,0,19,,0.3188405797101449,22,69,,0.6231884057971014,43,69,,0.5116279069767442,22,43,,0.4418604651162791,19,43,,0.0,0,43,,0.046511627906976744,2,43,,-0.06786900806834362,0.07356430944470811,0.2857142857142857,,present,,,,,,,,,,,,,,,,,,,,
G1,h106,-1,S4,service,candidate_raw_counts,18,20,0,5,26,69,43,18,0,0.0,0,18,,0.21739130434782608,5,23,,0.0,0,20,,0.2608695652173913,18,69,,0.6231884057971014,43,69,,0.4186046511627907,18,43,,0.46511627906976744,20,43,,0.0,0,43,,0.11627906976744186,5,43,,-0.0664451827242525,0.068343616516374,0.30612244897959184,,present,,,,,,,,,,,,,,,,,,,,
G1,h106,0,S4,service,candidate_raw_counts,17,24,0,2,26,69,43,17,0,0.0,0,17,,0.10526315789473684,2,19,,0.0,0,24,,0.2463768115942029,17,69,,0.6231884057971014,43,69,,0.3953488372093023,17,43,,0.5581395348837209,24,43,,0.0,0,43,,0.046511627906976744,2,43,,-0.04129093497864262,0.04983388704318937,0.16326530612244897,,present,,,,,,,,,,,,,,,,,,,,
G1,h106,1,S4,service,candidate_raw_counts,15,26,0,2,26,69,43,15,0,0.0,0,15,,0.11764705882352941,2,17,,0.0,0,26,,0.21739130434782608,15,69,,0.6231884057971014,43,69,,0.3488372093023256,15,43,,0.6046511627906976,26,43,,0.0,0,43,,0.046511627906976744,2,43,,-0.03939250118652112,0.04603701945894637,0.20408163265306123,,present,,,,,,,,,,,,,,,,,,,,
G1,h106,2,S4,service,candidate_raw_counts,14,28,0,1,26,69,43,14,0,0.0,0,14,,0.06666666666666667,1,15,,0.0,0,28,,0.2028985507246377,14,69,,0.6231884057971014,43,69,,0.32558139534883723,14,43,,0.6511627906976745,28,43,,0.0,0,43,,0.023255813953488372,1,43,,-0.03227337446606549,0.04081632653061224,0.16326530612244897,,present,,,,,,,,,,,,,,,,,,,,
G1,h106,ALL,S4,service,pooled_counts,86,117,0,12,130,345,215,86,0,0.0,0,86,,0.12244897959183673,12,98,,0.0,0,117,,0.2492753623188406,86,345,,0.6231884057971014,215,345,,0.4,86,215,,0.5441860465116279,117,215,,0.0,0,215,,0.05581395348837209,12,215,,-0.04945420028476507,0.05571903179876602,0.2040816326530612,,present,,,,,,,,,,,,,,,,,,,,
G1,h106,ALL,S4,service,equal_candidate_equal_workload_macro,,,,,,,,,,0.0,,,,0.11806030421321846,,,,0.0,,,,0.24927536231884057,,,,0.6231884057971014,,,,0.4,,,,0.5441860465116279,,,,0.0,,,,0.05581395348837209,,,,-0.04945420028476507,0.05571903179876602,0.2040816326530612,,,1,5,1,5,1,5,1,5,1,5,1,5,1,5,1,5,1,5,1,5
G1,h106,-2,S4,latency_only,candidate_raw_counts,22,19,0,2,0,43,43,22,0,0.0,0,22,,0.08333333333333333,2,24,,0.0,0,19,,0.5116279069767442,22,43,,1.0,43,43,,0.5116279069767442,22,43,,0.4418604651162791,19,43,,0.0,0,43,,0.046511627906976744,2,43,,-0.06786900806834362,0.07356430944470811,0.2857142857142857,,present,,,,,,,,,,,,,,,,,,,,
G1,h106,-1,S4,latency_only,candidate_raw_counts,18,20,0,5,0,43,43,18,0,0.0,0,18,,0.21739130434782608,5,23,,0.0,0,20,,0.4186046511627907,18,43,,1.0,43,43,,0.4186046511627907,18,43,,0.46511627906976744,20,43,,0.0,0,43,,0.11627906976744186,5,43,,-0.0664451827242525,0.068343616516374,0.30612244897959184,,present,,,,,,,,,,,,,,,,,,,,
G1,h106,0,S4,latency_only,candidate_raw_counts,17,24,0,2,0,43,43,17,0,0.0,0,17,,0.10526315789473684,2,19,,0.0,0,24,,0.3953488372093023,17,43,,1.0,43,43,,0.3953488372093023,17,43,,0.5581395348837209,24,43,,0.0,0,43,,0.046511627906976744,2,43,,-0.04129093497864262,0.04983388704318937,0.16326530612244897,,present,,,,,,,,,,,,,,,,,,,,
G1,h106,1,S4,latency_only,candidate_raw_counts,15,26,0,2,0,43,43,15,0,0.0,0,15,,0.11764705882352941,2,17,,0.0,0,26,,0.3488372093023256,15,43,,1.0,43,43,,0.3488372093023256,15,43,,0.6046511627906976,26,43,,0.0,0,43,,0.046511627906976744,2,43,,-0.03939250118652112,0.04603701945894637,0.20408163265306123,,present,,,,,,,,,,,,,,,,,,,,
G1,h106,2,S4,latency_only,candidate_raw_counts,14,28,0,1,0,43,43,14,0,0.0,0,14,,0.06666666666666667,1,15,,0.0,0,28,,0.32558139534883723,14,43,,1.0,43,43,,0.32558139534883723,14,43,,0.6511627906976745,28,43,,0.0,0,43,,0.023255813953488372,1,43,,-0.03227337446606549,0.04081632653061224,0.16326530612244897,,present,,,,,,,,,,,,,,,,,,,,
G1,h106,ALL,S4,latency_only,pooled_counts,86,117,0,12,0,215,215,86,0,0.0,0,86,,0.12244897959183673,12,98,,0.0,0,117,,0.4,86,215,,1.0,215,215,,0.4,86,215,,0.5441860465116279,117,215,,0.0,0,215,,0.05581395348837209,12,215,,-0.04945420028476507,0.05571903179876602,0.2040816326530612,,present,,,,,,,,,,,,,,,,,,,,
G1,h106,ALL,S4,latency_only,equal_candidate_equal_workload_macro,,,,,,,,,,0.0,,,,0.11806030421321846,,,,0.0,,,,0.4,,,,1.0,,,,0.4,,,,0.5441860465116279,,,,0.0,,,,0.05581395348837209,,,,-0.04945420028476507,0.05571903179876602,0.2040816326530612,,,1,5,1,5,1,5,1,5,1,5,1,5,1,5,1,5,1,5,1,5
G1,h106,-2,S4,near_boundary,candidate_raw_counts,0,0,0,2,0,2,2,0,0,,0,0,zero denominator,1.0,2,2,,,0,0,zero denominator,0.0,0,2,,1.0,2,2,,0.0,0,2,,0.0,0,2,,0.0,0,2,,1.0,2,2,,-0.20408163265306123,0.20408163265306123,0.2857142857142857,,present,,,,,,,,,,,,,,,,,,,,
G1,h106,-1,S4,near_boundary,candidate_raw_counts,0,0,0,1,0,1,1,0,0,,0,0,zero denominator,1.0,1,1,,,0,0,zero denominator,0.0,0,1,,1.0,1,1,,0.0,0,1,,0.0,0,1,,0.0,0,1,,1.0,1,1,,-0.26530612244897966,0.26530612244897966,0.26530612244897966,,present,,,,,,,,,,,,,,,,,,,,
G1,h106,0,S4,near_boundary,candidate_raw_counts,0,3,0,2,0,5,5,0,0,,0,0,zero denominator,1.0,2,2,,0.0,0,3,,0.0,0,5,,1.0,5,5,,0.0,0,5,,0.6,3,5,,0.0,0,5,,0.4,2,5,,-0.15918367346938778,0.15918367346938778,0.22448979591836737,,present,,,,,,,,,,,,,,,,,,,,
G1,h106,1,S4,near_boundary,candidate_raw_counts,0,0,0,1,0,1,1,0,0,,0,0,zero denominator,1.0,1,1,,,0,0,zero denominator,0.0,0,1,,1.0,1,1,,0.0,0,1,,0.0,0,1,,0.0,0,1,,1.0,1,1,,-0.1428571428571429,0.1428571428571429,0.1428571428571429,,present,,,,,,,,,,,,,,,,,,,,
G1,h106,2,S4,near_boundary,candidate_raw_counts,0,0,0,1,0,1,1,0,0,,0,0,zero denominator,1.0,1,1,,,0,0,zero denominator,0.0,0,1,,1.0,1,1,,0.0,0,1,,0.0,0,1,,0.0,0,1,,1.0,1,1,,-0.12244897959183676,0.12244897959183676,0.12244897959183676,,present,,,,,,,,,,,,,,,,,,,,
G1,h106,ALL,S4,near_boundary,pooled_counts,0,3,0,7,0,10,10,0,0,,0,0,zero denominator,1.0,7,7,,0.0,0,3,,0.0,0,10,,1.0,10,10,,0.0,0,10,,0.3,3,10,,0.0,0,10,,0.7,7,10,,-0.17346938775510207,0.17346938775510207,0.26530612244897966,,present,,,,,,,,,,,,,,,,,,,,
G1,h106,ALL,S4,near_boundary,equal_candidate_equal_workload_macro,,,,,,,,,,,,,all denominators zero,1.0,,,,0.0,,,,0.0,,,,1.0,,,,0.0,,,,0.12,,,,0.0,,,,0.88,,,,-0.17877551020408167,0.17877551020408167,0.26530612244897966,,,0,0,1,5,1,1,1,5,1,5,1,5,1,5,1,5,1,5,1,5
G1,h106,-2,S5,service,candidate_raw_counts,30,12,1,0,26,69,43,31,0,0.03225806451612903,1,31,,0.0,0,30,,0.07692307692307693,1,13,,0.4492753623188406,31,69,,0.6231884057971014,43,69,,0.6976744186046512,30,43,,0.27906976744186046,12,43,,0.023255813953488372,1,43,,0.0,0,43,,0.034171808258187,0.03796867584243,0.10204081632653061,,present,,,,,,,,,,,,,,,,,,,,
G1,h106,-1,S5,service,candidate_raw_counts,28,13,2,0,26,69,43,30,0,0.06666666666666667,2,30,,0.0,0,28,,0.13333333333333333,2,15,,0.43478260869565216,30,69,,0.6231884057971014,43,69,,0.6511627906976745,28,43,,0.3023255813953488,13,43,,0.046511627906976744,2,43,,0.0,0,43,,0.059800664451827246,0.0626483151400095,0.24489795918367352,,present,,,,,,,,,,,,,,,,,,,,
G1,h106,0,S5,service,candidate_raw_counts,27,15,1,0,26,69,43,28,0,0.03571428571428571,1,28,,0.0,0,27,,0.0625,1,16,,0.4057971014492754,28,69,,0.6231884057971014,43,69,,0.627906976744186,27,43,,0.3488372093023256,15,43,,0.023255813953488372,1,43,,0.0,0,43,,0.0868533459895586,0.08875177978168011,0.4897959183673469,,present,,,,,,,,,,,,,,,,,,,,
G1,h106,1,S5,service,candidate_raw_counts,24,15,4,0,26,69,43,28,0,0.14285714285714285,4,28,,0.0,0,24,,0.21052631578947367,4,19,,0.4057971014492754,28,69,,0.6231884057971014,43,69,,0.5581395348837209,24,43,,0.3488372093023256,15,43,,0.09302325581395349,4,43,,0.0,0,43,,0.07308970099667775,0.07403891789273849,0.346938775510204,,present,,,,,,,,,,,,,,,,,,,,
G1,h106,2,S5,service,candidate_raw_counts,23,16,4,0,26,69,43,27,0,0.14814814814814814,4,27,,0.0,0,23,,0.2,4,20,,0.391304347826087,27,69,,0.6231884057971014,43,69,,0.5348837209302325,23,43,,0.37209302325581395,16,43,,0.09302325581395349,4,43,,0.0,0,43,,0.08210726150925486,0.08210726150925486,0.326530612244898,,present,,,,,,,,,,,,,,,,,,,,
G1,h106,ALL,S5,service,pooled_counts,132,71,12,0,130,345,215,144,0,0.08333333333333333,12,144,,0.0,0,132,,0.14457831325301204,12,83,,0.41739130434782606,144,345,,0.6231884057971014,215,345,,0.6139534883720931,132,215,,0.3302325581395349,71,215,,0.05581395348837209,12,215,,0.0,0,215,,0.0672045562411011,0.0691029900332226,0.2857142857142857,,present,,,,,,,,,,,,,,,,,,,,
G1,h106,ALL,S5,service,equal_candidate_equal_workload_macro,,,,,,,,,,0.08512886158047447,,,,0.0,,,,0.13665654520917678,,,,0.4173913043478261,,,,0.6231884057971014,,,,0.6139534883720931,,,,0.3302325581395349,,,,0.05581395348837209,,,,0.0,,,,0.0672045562411011,0.0691029900332226,0.2857142857142857,,,1,5,1,5,1,5,1,5,1,5,1,5,1,5,1,5,1,5,1,5
G1,h106,-2,S5,latency_only,candidate_raw_counts,30,12,1,0,0,43,43,31,0,0.03225806451612903,1,31,,0.0,0,30,,0.07692307692307693,1,13,,0.7209302325581395,31,43,,1.0,43,43,,0.6976744186046512,30,43,,0.27906976744186046,12,43,,0.023255813953488372,1,43,,0.0,0,43,,0.034171808258187,0.03796867584243,0.10204081632653061,,present,,,,,,,,,,,,,,,,,,,,
G1,h106,-1,S5,latency_only,candidate_raw_counts,28,13,2,0,0,43,43,30,0,0.06666666666666667,2,30,,0.0,0,28,,0.13333333333333333,2,15,,0.6976744186046512,30,43,,1.0,43,43,,0.6511627906976745,28,43,,0.3023255813953488,13,43,,0.046511627906976744,2,43,,0.0,0,43,,0.059800664451827246,0.0626483151400095,0.24489795918367352,,present,,,,,,,,,,,,,,,,,,,,
G1,h106,0,S5,latency_only,candidate_raw_counts,27,15,1,0,0,43,43,28,0,0.03571428571428571,1,28,,0.0,0,27,,0.0625,1,16,,0.6511627906976745,28,43,,1.0,43,43,,0.627906976744186,27,43,,0.3488372093023256,15,43,,0.023255813953488372,1,43,,0.0,0,43,,0.0868533459895586,0.08875177978168011,0.4897959183673469,,present,,,,,,,,,,,,,,,,,,,,
G1,h106,1,S5,latency_only,candidate_raw_counts,24,15,4,0,0,43,43,28,0,0.14285714285714285,4,28,,0.0,0,24,,0.21052631578947367,4,19,,0.6511627906976745,28,43,,1.0,43,43,,0.5581395348837209,24,43,,0.3488372093023256,15,43,,0.09302325581395349,4,43,,0.0,0,43,,0.07308970099667775,0.07403891789273849,0.346938775510204,,present,,,,,,,,,,,,,,,,,,,,
G1,h106,2,S5,latency_only,candidate_raw_counts,23,16,4,0,0,43,43,27,0,0.14814814814814814,4,27,,0.0,0,23,,0.2,4,20,,0.627906976744186,27,43,,1.0,43,43,,0.5348837209302325,23,43,,0.37209302325581395,16,43,,0.09302325581395349,4,43,,0.0,0,43,,0.08210726150925486,0.08210726150925486,0.326530612244898,,present,,,,,,,,,,,,,,,,,,,,
G1,h106,ALL,S5,latency_only,pooled_counts,132,71,12,0,0,215,215,144,0,0.08333333333333333,12,144,,0.0,0,132,,0.14457831325301204,12,83,,0.6697674418604651,144,215,,1.0,215,215,,0.6139534883720931,132,215,,0.3302325581395349,71,215,,0.05581395348837209,12,215,,0.0,0,215,,0.0672045562411011,0.0691029900332226,0.2857142857142857,,present,,,,,,,,,,,,,,,,,,,,
G1,h106,ALL,S5,latency_only,equal_candidate_equal_workload_macro,,,,,,,,,,0.08512886158047447,,,,0.0,,,,0.13665654520917678,,,,0.6697674418604651,,,,1.0,,,,0.6139534883720931,,,,0.3302325581395349,,,,0.05581395348837209,,,,0.0,,,,0.0672045562411011,0.0691029900332226,0.2857142857142857,,,1,5,1,5,1,5,1,5,1,5,1,5,1,5,1,5,1,5,1,5
G1,h106,-2,S5,near_boundary,candidate_raw_counts,2,0,1,0,0,3,3,3,0,0.3333333333333333,1,3,,0.0,0,2,,1.0,1,1,,1.0,3,3,,1.0,3,3,,0.6666666666666666,2,3,,0.0,0,3,,0.3333333333333333,1,3,,0.0,0,3,,0.013605442176870763,0.013605442176870763,0.020408163265306145,,present,,,,,,,,,,,,,,,,,,,,
G1,h106,-1,S5,near_boundary,candidate_raw_counts,0,0,0,0,0,0,0,0,0,,0,0,zero denominator,,0,0,zero denominator,,0,0,zero denominator,,0,0,zero denominator,,0,0,zero denominator,,0,0,zero denominator,,0,0,zero denominator,,0,0,zero denominator,,0,0,zero denominator,,,,no both-attainment-defined points,absent,,,,,,,,,,,,,,,,,,,,
G1,h106,0,S5,near_boundary,candidate_raw_counts,2,0,0,0,0,2,2,2,0,0.0,0,2,,0.0,0,2,,,0,0,zero denominator,1.0,2,2,,1.0,2,2,,1.0,2,2,,0.0,0,2,,0.0,0,2,,0.0,0,2,,0.020408163265306034,0.020408163265306034,0.020408163265306034,,present,,,,,,,,,,,,,,,,,,,,
G1,h106,1,S5,near_boundary,candidate_raw_counts,1,0,0,0,0,1,1,1,0,0.0,0,1,,0.0,0,1,,,0,0,zero denominator,1.0,1,1,,1.0,1,1,,1.0,1,1,,0.0,0,1,,0.0,0,1,,0.0,0,1,,0.020408163265306145,0.020408163265306145,0.020408163265306145,,present,,,,,,,,,,,,,,,,,,,,
G1,h106,2,S5,near_boundary,candidate_raw_counts,1,0,0,0,0,1,1,1,0,0.0,0,1,,0.0,0,1,,,0,0,zero denominator,1.0,1,1,,1.0,1,1,,1.0,1,1,,0.0,0,1,,0.0,0,1,,0.0,0,1,,0.020408163265306034,0.020408163265306034,0.020408163265306034,,present,,,,,,,,,,,,,,,,,,,,
G1,h106,ALL,S5,near_boundary,pooled_counts,6,0,1,0,0,7,7,7,0,0.14285714285714285,1,7,,0.0,0,6,,1.0,1,1,,1.0,7,7,,1.0,7,7,,0.8571428571428571,6,7,,0.0,0,7,,0.14285714285714285,1,7,,0.0,0,7,,0.017492711370262364,0.017492711370262364,0.020408163265306145,,present,,,,,,,,,,,,,,,,,,,,
G1,h106,ALL,S5,near_boundary,equal_candidate_equal_workload_macro,,,,,,,,,,0.08333333333333333,,,,0.0,,,,1.0,,,,1.0,,,,1.0,,,,0.9166666666666666,,,,0.0,,,,0.08333333333333333,,,,0.0,,,,0.018707482993197244,0.018707482993197244,0.020408163265306145,,,1,4,1,4,1,1,1,4,1,4,1,4,1,4,1,4,1,4,1,4
G1,h106,-2,S6,service,candidate_raw_counts,39,3,0,1,26,69,43,39,0,0.0,0,39,,0.025,1,40,,0.0,0,3,,0.5652173913043478,39,69,,0.6231884057971014,43,69,,0.9069767441860465,39,43,,0.06976744186046512,3,43,,0.0,0,43,,0.023255813953488372,1,43,,-0.030374940673943994,0.030374940673943994,0.08163265306122447,,present,,,,,,,,,,,,,,,,,,,,
G1,h106,-1,S6,service,candidate_raw_counts,39,3,0,1,26,69,43,39,0,0.0,0,39,,0.025,1,40,,0.0,0,3,,0.5652173913043478,39,69,,0.6231884057971014,43,69,,0.9069767441860465,39,43,,0.06976744186046512,3,43,,0.0,0,43,,0.023255813953488372,1,43,,-0.030374940673943994,0.030374940673943994,0.08163265306122447,,present,,,,,,,,,,,,,,,,,,,,
G1,h106,0,S6,service,candidate_raw_counts,39,3,0,1,26,69,43,39,0,0.0,0,39,,0.025,1,40,,0.0,0,3,,0.5652173913043478,39,69,,0.6231884057971014,43,69,,0.9069767441860465,39,43,,0.06976744186046512,3,43,,0.0,0,43,,0.023255813953488372,1,43,,-0.02895111532985287,0.02895111532985287,0.08163265306122447,,present,,,,,,,,,,,,,,,,,,,,
G1,h106,1,S6,service,candidate_raw_counts,39,4,0,0,26,69,43,39,0,0.0,0,39,,0.0,0,39,,0.0,0,4,,0.5652173913043478,39,69,,0.6231884057971014,43,69,,0.9069767441860465,39,43,,0.09302325581395349,4,43,,0.0,0,43,,0.0,0,43,,-0.025628856193640245,0.025628856193640245,0.061224489795918324,,present,,,,,,,,,,,,,,,,,,,,
G1,h106,2,S6,service,candidate_raw_counts,39,4,0,0,26,69,43,39,0,0.0,0,39,,0.0,0,39,,0.0,0,4,,0.5652173913043478,39,69,,0.6231884057971014,43,69,,0.9069767441860465,39,43,,0.09302325581395349,4,43,,0.0,0,43,,0.0,0,43,,-0.01850972947318462,0.01850972947318462,0.061224489795918324,,present,,,,,,,,,,,,,,,,,,,,
G1,h106,ALL,S6,service,pooled_counts,195,17,0,3,130,345,215,195,0,0.0,0,195,,0.015151515151515152,3,198,,0.0,0,17,,0.5652173913043478,195,345,,0.6231884057971014,215,345,,0.9069767441860465,195,215,,0.07906976744186046,17,215,,0.0,0,215,,0.013953488372093023,3,215,,-0.026767916468913144,0.026767916468913144,0.08163265306122447,,present,,,,,,,,,,,,,,,,,,,,
G1,h106,ALL,S6,service,equal_candidate_equal_workload_macro,,,,,,,,,,0.0,,,,0.015000000000000001,,,,0.0,,,,0.5652173913043478,,,,0.6231884057971014,,,,0.9069767441860465,,,,0.07906976744186046,,,,0.0,,,,0.013953488372093023,,,,-0.026767916468913144,0.026767916468913144,0.08163265306122447,,,1,5,1,5,1,5,1,5,1,5,1,5,1,5,1,5,1,5,1,5
G1,h106,-2,S6,latency_only,candidate_raw_counts,39,3,0,1,0,43,43,39,0,0.0,0,39,,0.025,1,40,,0.0,0,3,,0.9069767441860465,39,43,,1.0,43,43,,0.9069767441860465,39,43,,0.06976744186046512,3,43,,0.0,0,43,,0.023255813953488372,1,43,,-0.030374940673943994,0.030374940673943994,0.08163265306122447,,present,,,,,,,,,,,,,,,,,,,,
G1,h106,-1,S6,latency_only,candidate_raw_counts,39,3,0,1,0,43,43,39,0,0.0,0,39,,0.025,1,40,,0.0,0,3,,0.9069767441860465,39,43,,1.0,43,43,,0.9069767441860465,39,43,,0.06976744186046512,3,43,,0.0,0,43,,0.023255813953488372,1,43,,-0.030374940673943994,0.030374940673943994,0.08163265306122447,,present,,,,,,,,,,,,,,,,,,,,
G1,h106,0,S6,latency_only,candidate_raw_counts,39,3,0,1,0,43,43,39,0,0.0,0,39,,0.025,1,40,,0.0,0,3,,0.9069767441860465,39,43,,1.0,43,43,,0.9069767441860465,39,43,,0.06976744186046512,3,43,,0.0,0,43,,0.023255813953488372,1,43,,-0.02895111532985287,0.02895111532985287,0.08163265306122447,,present,,,,,,,,,,,,,,,,,,,,
G1,h106,1,S6,latency_only,candidate_raw_counts,39,4,0,0,0,43,43,39,0,0.0,0,39,,0.0,0,39,,0.0,0,4,,0.9069767441860465,39,43,,1.0,43,43,,0.9069767441860465,39,43,,0.09302325581395349,4,43,,0.0,0,43,,0.0,0,43,,-0.025628856193640245,0.025628856193640245,0.061224489795918324,,present,,,,,,,,,,,,,,,,,,,,
G1,h106,2,S6,latency_only,candidate_raw_counts,39,4,0,0,0,43,43,39,0,0.0,0,39,,0.0,0,39,,0.0,0,4,,0.9069767441860465,39,43,,1.0,43,43,,0.9069767441860465,39,43,,0.09302325581395349,4,43,,0.0,0,43,,0.0,0,43,,-0.01850972947318462,0.01850972947318462,0.061224489795918324,,present,,,,,,,,,,,,,,,,,,,,
G1,h106,ALL,S6,latency_only,pooled_counts,195,17,0,3,0,215,215,195,0,0.0,0,195,,0.015151515151515152,3,198,,0.0,0,17,,0.9069767441860465,195,215,,1.0,215,215,,0.9069767441860465,195,215,,0.07906976744186046,17,215,,0.0,0,215,,0.013953488372093023,3,215,,-0.026767916468913144,0.026767916468913144,0.08163265306122447,,present,,,,,,,,,,,,,,,,,,,,
G1,h106,ALL,S6,latency_only,equal_candidate_equal_workload_macro,,,,,,,,,,0.0,,,,0.015000000000000001,,,,0.0,,,,0.9069767441860465,,,,1.0,,,,0.9069767441860465,,,,0.07906976744186046,,,,0.0,,,,0.013953488372093023,,,,-0.026767916468913144,0.026767916468913144,0.08163265306122447,,,1,5,1,5,1,5,1,5,1,5,1,5,1,5,1,5,1,5,1,5
G1,h106,-2,S6,near_boundary,candidate_raw_counts,0,0,0,0,0,0,0,0,0,,0,0,zero denominator,,0,0,zero denominator,,0,0,zero denominator,,0,0,zero denominator,,0,0,zero denominator,,0,0,zero denominator,,0,0,zero denominator,,0,0,zero denominator,,0,0,zero denominator,,,,no both-attainment-defined points,absent,,,,,,,,,,,,,,,,,,,,
G1,h106,-1,S6,near_boundary,candidate_raw_counts,0,0,0,0,0,0,0,0,0,,0,0,zero denominator,,0,0,zero denominator,,0,0,zero denominator,,0,0,zero denominator,,0,0,zero denominator,,0,0,zero denominator,,0,0,zero denominator,,0,0,zero denominator,,0,0,zero denominator,,,,no both-attainment-defined points,absent,,,,,,,,,,,,,,,,,,,,
G1,h106,0,S6,near_boundary,candidate_raw_counts,0,0,0,1,0,1,1,0,0,,0,0,zero denominator,1.0,1,1,,,0,0,zero denominator,0.0,0,1,,1.0,1,1,,0.0,0,1,,0.0,0,1,,0.0,0,1,,1.0,1,1,,-0.12244897959183676,0.12244897959183676,0.12244897959183676,,present,,,,,,,,,,,,,,,,,,,,
G1,h106,1,S6,near_boundary,candidate_raw_counts,0,0,0,0,0,0,0,0,0,,0,0,zero denominator,,0,0,zero denominator,,0,0,zero denominator,,0,0,zero denominator,,0,0,zero denominator,,0,0,zero denominator,,0,0,zero denominator,,0,0,zero denominator,,0,0,zero denominator,,,,no both-attainment-defined points,absent,,,,,,,,,,,,,,,,,,,,
G1,h106,2,S6,near_boundary,candidate_raw_counts,0,0,0,0,0,0,0,0,0,,0,0,zero denominator,,0,0,zero denominator,,0,0,zero denominator,,0,0,zero denominator,,0,0,zero denominator,,0,0,zero denominator,,0,0,zero denominator,,0,0,zero denominator,,0,0,zero denominator,,,,no both-attainment-defined points,absent,,,,,,,,,,,,,,,,,,,,
G1,h106,ALL,S6,near_boundary,pooled_counts,0,0,0,1,0,1,1,0,0,,0,0,zero denominator,1.0,1,1,,,0,0,zero denominator,0.0,0,1,,1.0,1,1,,0.0,0,1,,0.0,0,1,,0.0,0,1,,1.0,1,1,,-0.12244897959183676,0.12244897959183676,0.12244897959183676,,present,,,,,,,,,,,,,,,,,,,,
G1,h106,ALL,S6,near_boundary,equal_candidate_equal_workload_macro,,,,,,,,,,,,,all denominators zero,1.0,,,,,,,all denominators zero,0.0,,,,1.0,,,,0.0,,,,0.0,,,,0.0,,,,1.0,,,,-0.12244897959183676,0.12244897959183676,0.12244897959183676,,,0,0,1,1,0,0,1,1,1,1,1,1,1,1,1,1,1,1,1,1
G1,w201,-2,S1,service,candidate_raw_counts,0,22,0,0,9,31,22,0,0,,0,0,zero denominator,,0,0,zero denominator,0.0,0,22,,0.0,0,31,,0.7096774193548387,22,31,,0.0,0,22,,1.0,22,22,,0.0,0,22,,0.0,0,22,,0.0,0.0,0.0,,present,,,,,,,,,,,,,,,,,,,,
G1,w201,-1,S1,service,candidate_raw_counts,0,22,0,0,9,31,22,0,0,,0,0,zero denominator,,0,0,zero denominator,0.0,0,22,,0.0,0,31,,0.7096774193548387,22,31,,0.0,0,22,,1.0,22,22,,0.0,0,22,,0.0,0,22,,0.0,0.0,0.0,,present,,,,,,,,,,,,,,,,,,,,
G1,w201,0,S1,service,candidate_raw_counts,0,22,0,0,9,31,22,0,0,,0,0,zero denominator,,0,0,zero denominator,0.0,0,22,,0.0,0,31,,0.7096774193548387,22,31,,0.0,0,22,,1.0,22,22,,0.0,0,22,,0.0,0,22,,0.0,0.0,0.0,,present,,,,,,,,,,,,,,,,,,,,
G1,w201,1,S1,service,candidate_raw_counts,0,22,0,0,9,31,22,0,0,,0,0,zero denominator,,0,0,zero denominator,0.0,0,22,,0.0,0,31,,0.7096774193548387,22,31,,0.0,0,22,,1.0,22,22,,0.0,0,22,,0.0,0,22,,0.0,0.0,0.0,,present,,,,,,,,,,,,,,,,,,,,
G1,w201,2,S1,service,candidate_raw_counts,0,22,0,0,9,31,22,0,0,,0,0,zero denominator,,0,0,zero denominator,0.0,0,22,,0.0,0,31,,0.7096774193548387,22,31,,0.0,0,22,,1.0,22,22,,0.0,0,22,,0.0,0,22,,0.0,0.0,0.0,,present,,,,,,,,,,,,,,,,,,,,
G1,w201,ALL,S1,service,pooled_counts,0,110,0,0,45,155,110,0,0,,0,0,zero denominator,,0,0,zero denominator,0.0,0,110,,0.0,0,155,,0.7096774193548387,110,155,,0.0,0,110,,1.0,110,110,,0.0,0,110,,0.0,0,110,,0.0,0.0,0.0,,present,,,,,,,,,,,,,,,,,,,,
G1,w201,ALL,S1,service,equal_candidate_equal_workload_macro,,,,,,,,,,,,,all denominators zero,,,,all denominators zero,0.0,,,,0.0,,,,0.7096774193548387,,,,0.0,,,,1.0,,,,0.0,,,,0.0,,,,0.0,0.0,0.0,,,0,0,0,0,1,5,1,5,1,5,1,5,1,5,1,5,1,5,1,5
G1,w201,-2,S1,latency_only,candidate_raw_counts,0,22,0,0,0,22,22,0,0,,0,0,zero denominator,,0,0,zero denominator,0.0,0,22,,0.0,0,22,,1.0,22,22,,0.0,0,22,,1.0,22,22,,0.0,0,22,,0.0,0,22,,0.0,0.0,0.0,,present,,,,,,,,,,,,,,,,,,,,
G1,w201,-1,S1,latency_only,candidate_raw_counts,0,22,0,0,0,22,22,0,0,,0,0,zero denominator,,0,0,zero denominator,0.0,0,22,,0.0,0,22,,1.0,22,22,,0.0,0,22,,1.0,22,22,,0.0,0,22,,0.0,0,22,,0.0,0.0,0.0,,present,,,,,,,,,,,,,,,,,,,,
G1,w201,0,S1,latency_only,candidate_raw_counts,0,22,0,0,0,22,22,0,0,,0,0,zero denominator,,0,0,zero denominator,0.0,0,22,,0.0,0,22,,1.0,22,22,,0.0,0,22,,1.0,22,22,,0.0,0,22,,0.0,0,22,,0.0,0.0,0.0,,present,,,,,,,,,,,,,,,,,,,,
G1,w201,1,S1,latency_only,candidate_raw_counts,0,22,0,0,0,22,22,0,0,,0,0,zero denominator,,0,0,zero denominator,0.0,0,22,,0.0,0,22,,1.0,22,22,,0.0,0,22,,1.0,22,22,,0.0,0,22,,0.0,0,22,,0.0,0.0,0.0,,present,,,,,,,,,,,,,,,,,,,,
G1,w201,2,S1,latency_only,candidate_raw_counts,0,22,0,0,0,22,22,0,0,,0,0,zero denominator,,0,0,zero denominator,0.0,0,22,,0.0,0,22,,1.0,22,22,,0.0,0,22,,1.0,22,22,,0.0,0,22,,0.0,0,22,,0.0,0.0,0.0,,present,,,,,,,,,,,,,,,,,,,,
G1,w201,ALL,S1,latency_only,pooled_counts,0,110,0,0,0,110,110,0,0,,0,0,zero denominator,,0,0,zero denominator,0.0,0,110,,0.0,0,110,,1.0,110,110,,0.0,0,110,,1.0,110,110,,0.0,0,110,,0.0,0,110,,0.0,0.0,0.0,,present,,,,,,,,,,,,,,,,,,,,
G1,w201,ALL,S1,latency_only,equal_candidate_equal_workload_macro,,,,,,,,,,,,,all denominators zero,,,,all denominators zero,0.0,,,,0.0,,,,1.0,,,,0.0,,,,1.0,,,,0.0,,,,0.0,,,,0.0,0.0,0.0,,,0,0,0,0,1,5,1,5,1,5,1,5,1,5,1,5,1,5,1,5
G1,w201,-2,S1,near_boundary,candidate_raw_counts,0,0,0,0,0,0,0,0,0,,0,0,zero denominator,,0,0,zero denominator,,0,0,zero denominator,,0,0,zero denominator,,0,0,zero denominator,,0,0,zero denominator,,0,0,zero denominator,,0,0,zero denominator,,0,0,zero denominator,,,,no both-attainment-defined points,absent,,,,,,,,,,,,,,,,,,,,
G1,w201,-1,S1,near_boundary,candidate_raw_counts,0,0,0,0,0,0,0,0,0,,0,0,zero denominator,,0,0,zero denominator,,0,0,zero denominator,,0,0,zero denominator,,0,0,zero denominator,,0,0,zero denominator,,0,0,zero denominator,,0,0,zero denominator,,0,0,zero denominator,,,,no both-attainment-defined points,absent,,,,,,,,,,,,,,,,,,,,
G1,w201,0,S1,near_boundary,candidate_raw_counts,0,0,0,0,0,0,0,0,0,,0,0,zero denominator,,0,0,zero denominator,,0,0,zero denominator,,0,0,zero denominator,,0,0,zero denominator,,0,0,zero denominator,,0,0,zero denominator,,0,0,zero denominator,,0,0,zero denominator,,,,no both-attainment-defined points,absent,,,,,,,,,,,,,,,,,,,,
G1,w201,1,S1,near_boundary,candidate_raw_counts,0,0,0,0,0,0,0,0,0,,0,0,zero denominator,,0,0,zero denominator,,0,0,zero denominator,,0,0,zero denominator,,0,0,zero denominator,,0,0,zero denominator,,0,0,zero denominator,,0,0,zero denominator,,0,0,zero denominator,,,,no both-attainment-defined points,absent,,,,,,,,,,,,,,,,,,,,
G1,w201,2,S1,near_boundary,candidate_raw_counts,0,0,0,0,0,0,0,0,0,,0,0,zero denominator,,0,0,zero denominator,,0,0,zero denominator,,0,0,zero denominator,,0,0,zero denominator,,0,0,zero denominator,,0,0,zero denominator,,0,0,zero denominator,,0,0,zero denominator,,,,no both-attainment-defined points,absent,,,,,,,,,,,,,,,,,,,,
G1,w201,ALL,S1,near_boundary,pooled_counts,0,0,0,0,0,0,0,0,0,,0,0,zero denominator,,0,0,zero denominator,,0,0,zero denominator,,0,0,zero denominator,,0,0,zero denominator,,0,0,zero denominator,,0,0,zero denominator,,0,0,zero denominator,,0,0,zero denominator,,,,no both-attainment-defined points,absent,,,,,,,,,,,,,,,,,,,,
G1,w201,ALL,S1,near_boundary,equal_candidate_equal_workload_macro,,,,,,,,,,,,,all denominators zero,,,,all denominators zero,,,,all denominators zero,,,,all denominators zero,,,,all denominators zero,,,,all denominators zero,,,,all denominators zero,,,,all denominators zero,,,,all denominators zero,,,,empty applicable subset,,0,0,0,0,0,0,0,0,0,0,0,0,0,0,0,0,0,0,0,0
G1,w201,-2,S2,service,candidate_raw_counts,0,22,0,0,9,31,22,0,0,,0,0,zero denominator,,0,0,zero denominator,0.0,0,22,,0.0,0,31,,0.7096774193548387,22,31,,0.0,0,22,,1.0,22,22,,0.0,0,22,,0.0,0,22,,-0.04195804195804196,0.04195804195804196,0.15384615384615385,,present,,,,,,,,,,,,,,,,,,,,
G1,w201,-1,S2,service,candidate_raw_counts,0,22,0,0,9,31,22,0,0,,0,0,zero denominator,,0,0,zero denominator,0.0,0,22,,0.0,0,31,,0.7096774193548387,22,31,,0.0,0,22,,1.0,22,22,,0.0,0,22,,0.0,0,22,,-0.027972027972027972,0.027972027972027972,0.07692307692307693,,present,,,,,,,,,,,,,,,,,,,,
G1,w201,0,S2,service,candidate_raw_counts,0,22,0,0,9,31,22,0,0,,0,0,zero denominator,,0,0,zero denominator,0.0,0,22,,0.0,0,31,,0.7096774193548387,22,31,,0.0,0,22,,1.0,22,22,,0.0,0,22,,0.0,0,22,,-0.01048951048951049,0.01048951048951049,0.0,,present,,,,,,,,,,,,,,,,,,,,
G1,w201,1,S2,service,candidate_raw_counts,0,22,0,0,9,31,22,0,0,,0,0,zero denominator,,0,0,zero denominator,0.0,0,22,,0.0,0,31,,0.7096774193548387,22,31,,0.0,0,22,,1.0,22,22,,0.0,0,22,,0.0,0,22,,-0.0034965034965034965,0.0034965034965034965,0.0,,present,,,,,,,,,,,,,,,,,,,,
G1,w201,2,S2,service,candidate_raw_counts,0,22,0,0,9,31,22,0,0,,0,0,zero denominator,,0,0,zero denominator,0.0,0,22,,0.0,0,31,,0.7096774193548387,22,31,,0.0,0,22,,1.0,22,22,,0.0,0,22,,0.0,0,22,,0.07692307692307693,0.09090909090909091,0.15384615384615385,,present,,,,,,,,,,,,,,,,,,,,
G1,w201,ALL,S2,service,pooled_counts,0,110,0,0,45,155,110,0,0,,0,0,zero denominator,,0,0,zero denominator,0.0,0,110,,0.0,0,155,,0.7096774193548387,110,155,,0.0,0,110,,1.0,110,110,,0.0,0,110,,0.0,0,110,,-0.0013986013986013993,0.03496503496503497,0.15384615384615385,,present,,,,,,,,,,,,,,,,,,,,
G1,w201,ALL,S2,service,equal_candidate_equal_workload_macro,,,,,,,,,,,,,all denominators zero,,,,all denominators zero,0.0,,,,0.0,,,,0.7096774193548387,,,,0.0,,,,1.0,,,,0.0,,,,0.0,,,,-0.0013986013986013993,0.03496503496503497,0.15384615384615385,,,0,0,0,0,1,5,1,5,1,5,1,5,1,5,1,5,1,5,1,5
G1,w201,-2,S2,latency_only,candidate_raw_counts,0,22,0,0,0,22,22,0,0,,0,0,zero denominator,,0,0,zero denominator,0.0,0,22,,0.0,0,22,,1.0,22,22,,0.0,0,22,,1.0,22,22,,0.0,0,22,,0.0,0,22,,-0.04195804195804196,0.04195804195804196,0.15384615384615385,,present,,,,,,,,,,,,,,,,,,,,
G1,w201,-1,S2,latency_only,candidate_raw_counts,0,22,0,0,0,22,22,0,0,,0,0,zero denominator,,0,0,zero denominator,0.0,0,22,,0.0,0,22,,1.0,22,22,,0.0,0,22,,1.0,22,22,,0.0,0,22,,0.0,0,22,,-0.027972027972027972,0.027972027972027972,0.07692307692307693,,present,,,,,,,,,,,,,,,,,,,,
G1,w201,0,S2,latency_only,candidate_raw_counts,0,22,0,0,0,22,22,0,0,,0,0,zero denominator,,0,0,zero denominator,0.0,0,22,,0.0,0,22,,1.0,22,22,,0.0,0,22,,1.0,22,22,,0.0,0,22,,0.0,0,22,,-0.01048951048951049,0.01048951048951049,0.0,,present,,,,,,,,,,,,,,,,,,,,
G1,w201,1,S2,latency_only,candidate_raw_counts,0,22,0,0,0,22,22,0,0,,0,0,zero denominator,,0,0,zero denominator,0.0,0,22,,0.0,0,22,,1.0,22,22,,0.0,0,22,,1.0,22,22,,0.0,0,22,,0.0,0,22,,-0.0034965034965034965,0.0034965034965034965,0.0,,present,,,,,,,,,,,,,,,,,,,,
G1,w201,2,S2,latency_only,candidate_raw_counts,0,22,0,0,0,22,22,0,0,,0,0,zero denominator,,0,0,zero denominator,0.0,0,22,,0.0,0,22,,1.0,22,22,,0.0,0,22,,1.0,22,22,,0.0,0,22,,0.0,0,22,,0.07692307692307693,0.09090909090909091,0.15384615384615385,,present,,,,,,,,,,,,,,,,,,,,
G1,w201,ALL,S2,latency_only,pooled_counts,0,110,0,0,0,110,110,0,0,,0,0,zero denominator,,0,0,zero denominator,0.0,0,110,,0.0,0,110,,1.0,110,110,,0.0,0,110,,1.0,110,110,,0.0,0,110,,0.0,0,110,,-0.0013986013986013993,0.03496503496503497,0.15384615384615385,,present,,,,,,,,,,,,,,,,,,,,
G1,w201,ALL,S2,latency_only,equal_candidate_equal_workload_macro,,,,,,,,,,,,,all denominators zero,,,,all denominators zero,0.0,,,,0.0,,,,1.0,,,,0.0,,,,1.0,,,,0.0,,,,0.0,,,,-0.0013986013986013993,0.03496503496503497,0.15384615384615385,,,0,0,0,0,1,5,1,5,1,5,1,5,1,5,1,5,1,5,1,5
G1,w201,-2,S2,near_boundary,candidate_raw_counts,0,0,0,0,0,0,0,0,0,,0,0,zero denominator,,0,0,zero denominator,,0,0,zero denominator,,0,0,zero denominator,,0,0,zero denominator,,0,0,zero denominator,,0,0,zero denominator,,0,0,zero denominator,,0,0,zero denominator,,,,no both-attainment-defined points,absent,,,,,,,,,,,,,,,,,,,,
G1,w201,-1,S2,near_boundary,candidate_raw_counts,0,0,0,0,0,0,0,0,0,,0,0,zero denominator,,0,0,zero denominator,,0,0,zero denominator,,0,0,zero denominator,,0,0,zero denominator,,0,0,zero denominator,,0,0,zero denominator,,0,0,zero denominator,,0,0,zero denominator,,,,no both-attainment-defined points,absent,,,,,,,,,,,,,,,,,,,,
G1,w201,0,S2,near_boundary,candidate_raw_counts,0,0,0,0,0,0,0,0,0,,0,0,zero denominator,,0,0,zero denominator,,0,0,zero denominator,,0,0,zero denominator,,0,0,zero denominator,,0,0,zero denominator,,0,0,zero denominator,,0,0,zero denominator,,0,0,zero denominator,,,,no both-attainment-defined points,absent,,,,,,,,,,,,,,,,,,,,
G1,w201,1,S2,near_boundary,candidate_raw_counts,0,0,0,0,0,0,0,0,0,,0,0,zero denominator,,0,0,zero denominator,,0,0,zero denominator,,0,0,zero denominator,,0,0,zero denominator,,0,0,zero denominator,,0,0,zero denominator,,0,0,zero denominator,,0,0,zero denominator,,,,no both-attainment-defined points,absent,,,,,,,,,,,,,,,,,,,,
G1,w201,2,S2,near_boundary,candidate_raw_counts,0,0,0,0,0,0,0,0,0,,0,0,zero denominator,,0,0,zero denominator,,0,0,zero denominator,,0,0,zero denominator,,0,0,zero denominator,,0,0,zero denominator,,0,0,zero denominator,,0,0,zero denominator,,0,0,zero denominator,,,,no both-attainment-defined points,absent,,,,,,,,,,,,,,,,,,,,
G1,w201,ALL,S2,near_boundary,pooled_counts,0,0,0,0,0,0,0,0,0,,0,0,zero denominator,,0,0,zero denominator,,0,0,zero denominator,,0,0,zero denominator,,0,0,zero denominator,,0,0,zero denominator,,0,0,zero denominator,,0,0,zero denominator,,0,0,zero denominator,,,,no both-attainment-defined points,absent,,,,,,,,,,,,,,,,,,,,
G1,w201,ALL,S2,near_boundary,equal_candidate_equal_workload_macro,,,,,,,,,,,,,all denominators zero,,,,all denominators zero,,,,all denominators zero,,,,all denominators zero,,,,all denominators zero,,,,all denominators zero,,,,all denominators zero,,,,all denominators zero,,,,all denominators zero,,,,empty applicable subset,,0,0,0,0,0,0,0,0,0,0,0,0,0,0,0,0,0,0,0,0
G1,w201,-2,S3,service,candidate_raw_counts,0,22,0,0,9,31,22,0,0,,0,0,zero denominator,,0,0,zero denominator,0.0,0,22,,0.0,0,31,,0.7096774193548387,22,31,,0.0,0,22,,1.0,22,22,,0.0,0,22,,0.0,0,22,,0.0,0.0,0.0,,present,,,,,,,,,,,,,,,,,,,,
G1,w201,-1,S3,service,candidate_raw_counts,0,22,0,0,9,31,22,0,0,,0,0,zero denominator,,0,0,zero denominator,0.0,0,22,,0.0,0,31,,0.7096774193548387,22,31,,0.0,0,22,,1.0,22,22,,0.0,0,22,,0.0,0,22,,0.0,0.0,0.0,,present,,,,,,,,,,,,,,,,,,,,
G1,w201,0,S3,service,candidate_raw_counts,0,22,0,0,9,31,22,0,0,,0,0,zero denominator,,0,0,zero denominator,0.0,0,22,,0.0,0,31,,0.7096774193548387,22,31,,0.0,0,22,,1.0,22,22,,0.0,0,22,,0.0,0,22,,0.0,0.0,0.0,,present,,,,,,,,,,,,,,,,,,,,
G1,w201,1,S3,service,candidate_raw_counts,0,22,0,0,9,31,22,0,0,,0,0,zero denominator,,0,0,zero denominator,0.0,0,22,,0.0,0,31,,0.7096774193548387,22,31,,0.0,0,22,,1.0,22,22,,0.0,0,22,,0.0,0,22,,0.0,0.0,0.0,,present,,,,,,,,,,,,,,,,,,,,
G1,w201,2,S3,service,candidate_raw_counts,0,22,0,0,9,31,22,0,0,,0,0,zero denominator,,0,0,zero denominator,0.0,0,22,,0.0,0,31,,0.7096774193548387,22,31,,0.0,0,22,,1.0,22,22,,0.0,0,22,,0.0,0,22,,0.0,0.0,0.0,,present,,,,,,,,,,,,,,,,,,,,
G1,w201,ALL,S3,service,pooled_counts,0,110,0,0,45,155,110,0,0,,0,0,zero denominator,,0,0,zero denominator,0.0,0,110,,0.0,0,155,,0.7096774193548387,110,155,,0.0,0,110,,1.0,110,110,,0.0,0,110,,0.0,0,110,,0.0,0.0,0.0,,present,,,,,,,,,,,,,,,,,,,,
G1,w201,ALL,S3,service,equal_candidate_equal_workload_macro,,,,,,,,,,,,,all denominators zero,,,,all denominators zero,0.0,,,,0.0,,,,0.7096774193548387,,,,0.0,,,,1.0,,,,0.0,,,,0.0,,,,0.0,0.0,0.0,,,0,0,0,0,1,5,1,5,1,5,1,5,1,5,1,5,1,5,1,5
G1,w201,-2,S3,latency_only,candidate_raw_counts,0,22,0,0,0,22,22,0,0,,0,0,zero denominator,,0,0,zero denominator,0.0,0,22,,0.0,0,22,,1.0,22,22,,0.0,0,22,,1.0,22,22,,0.0,0,22,,0.0,0,22,,0.0,0.0,0.0,,present,,,,,,,,,,,,,,,,,,,,
G1,w201,-1,S3,latency_only,candidate_raw_counts,0,22,0,0,0,22,22,0,0,,0,0,zero denominator,,0,0,zero denominator,0.0,0,22,,0.0,0,22,,1.0,22,22,,0.0,0,22,,1.0,22,22,,0.0,0,22,,0.0,0,22,,0.0,0.0,0.0,,present,,,,,,,,,,,,,,,,,,,,
G1,w201,0,S3,latency_only,candidate_raw_counts,0,22,0,0,0,22,22,0,0,,0,0,zero denominator,,0,0,zero denominator,0.0,0,22,,0.0,0,22,,1.0,22,22,,0.0,0,22,,1.0,22,22,,0.0,0,22,,0.0,0,22,,0.0,0.0,0.0,,present,,,,,,,,,,,,,,,,,,,,
G1,w201,1,S3,latency_only,candidate_raw_counts,0,22,0,0,0,22,22,0,0,,0,0,zero denominator,,0,0,zero denominator,0.0,0,22,,0.0,0,22,,1.0,22,22,,0.0,0,22,,1.0,22,22,,0.0,0,22,,0.0,0,22,,0.0,0.0,0.0,,present,,,,,,,,,,,,,,,,,,,,
G1,w201,2,S3,latency_only,candidate_raw_counts,0,22,0,0,0,22,22,0,0,,0,0,zero denominator,,0,0,zero denominator,0.0,0,22,,0.0,0,22,,1.0,22,22,,0.0,0,22,,1.0,22,22,,0.0,0,22,,0.0,0,22,,0.0,0.0,0.0,,present,,,,,,,,,,,,,,,,,,,,
G1,w201,ALL,S3,latency_only,pooled_counts,0,110,0,0,0,110,110,0,0,,0,0,zero denominator,,0,0,zero denominator,0.0,0,110,,0.0,0,110,,1.0,110,110,,0.0,0,110,,1.0,110,110,,0.0,0,110,,0.0,0,110,,0.0,0.0,0.0,,present,,,,,,,,,,,,,,,,,,,,
G1,w201,ALL,S3,latency_only,equal_candidate_equal_workload_macro,,,,,,,,,,,,,all denominators zero,,,,all denominators zero,0.0,,,,0.0,,,,1.0,,,,0.0,,,,1.0,,,,0.0,,,,0.0,,,,0.0,0.0,0.0,,,0,0,0,0,1,5,1,5,1,5,1,5,1,5,1,5,1,5,1,5
G1,w201,-2,S3,near_boundary,candidate_raw_counts,0,0,0,0,0,0,0,0,0,,0,0,zero denominator,,0,0,zero denominator,,0,0,zero denominator,,0,0,zero denominator,,0,0,zero denominator,,0,0,zero denominator,,0,0,zero denominator,,0,0,zero denominator,,0,0,zero denominator,,,,no both-attainment-defined points,absent,,,,,,,,,,,,,,,,,,,,
G1,w201,-1,S3,near_boundary,candidate_raw_counts,0,0,0,0,0,0,0,0,0,,0,0,zero denominator,,0,0,zero denominator,,0,0,zero denominator,,0,0,zero denominator,,0,0,zero denominator,,0,0,zero denominator,,0,0,zero denominator,,0,0,zero denominator,,0,0,zero denominator,,,,no both-attainment-defined points,absent,,,,,,,,,,,,,,,,,,,,
G1,w201,0,S3,near_boundary,candidate_raw_counts,0,0,0,0,0,0,0,0,0,,0,0,zero denominator,,0,0,zero denominator,,0,0,zero denominator,,0,0,zero denominator,,0,0,zero denominator,,0,0,zero denominator,,0,0,zero denominator,,0,0,zero denominator,,0,0,zero denominator,,,,no both-attainment-defined points,absent,,,,,,,,,,,,,,,,,,,,
G1,w201,1,S3,near_boundary,candidate_raw_counts,0,0,0,0,0,0,0,0,0,,0,0,zero denominator,,0,0,zero denominator,,0,0,zero denominator,,0,0,zero denominator,,0,0,zero denominator,,0,0,zero denominator,,0,0,zero denominator,,0,0,zero denominator,,0,0,zero denominator,,,,no both-attainment-defined points,absent,,,,,,,,,,,,,,,,,,,,
G1,w201,2,S3,near_boundary,candidate_raw_counts,0,0,0,0,0,0,0,0,0,,0,0,zero denominator,,0,0,zero denominator,,0,0,zero denominator,,0,0,zero denominator,,0,0,zero denominator,,0,0,zero denominator,,0,0,zero denominator,,0,0,zero denominator,,0,0,zero denominator,,,,no both-attainment-defined points,absent,,,,,,,,,,,,,,,,,,,,
G1,w201,ALL,S3,near_boundary,pooled_counts,0,0,0,0,0,0,0,0,0,,0,0,zero denominator,,0,0,zero denominator,,0,0,zero denominator,,0,0,zero denominator,,0,0,zero denominator,,0,0,zero denominator,,0,0,zero denominator,,0,0,zero denominator,,0,0,zero denominator,,,,no both-attainment-defined points,absent,,,,,,,,,,,,,,,,,,,,
G1,w201,ALL,S3,near_boundary,equal_candidate_equal_workload_macro,,,,,,,,,,,,,all denominators zero,,,,all denominators zero,,,,all denominators zero,,,,all denominators zero,,,,all denominators zero,,,,all denominators zero,,,,all denominators zero,,,,all denominators zero,,,,all denominators zero,,,,empty applicable subset,,0,0,0,0,0,0,0,0,0,0,0,0,0,0,0,0,0,0,0,0
G1,w201,-2,S4,service,candidate_raw_counts,12,9,0,1,9,31,22,12,0,0.0,0,12,,0.07692307692307693,1,13,,0.0,0,9,,0.3870967741935484,12,31,,0.7096774193548387,22,31,,0.5454545454545454,12,22,,0.4090909090909091,9,22,,0.0,0,22,,0.045454545454545456,1,22,,-0.06643356643356643,0.07342657342657342,0.23076923076923078,,present,,,,,,,,,,,,,,,,,,,,
G1,w201,-1,S4,service,candidate_raw_counts,12,9,0,1,9,31,22,12,0,0.0,0,12,,0.07692307692307693,1,13,,0.0,0,9,,0.3870967741935484,12,31,,0.7096774193548387,22,31,,0.5454545454545454,12,22,,0.4090909090909091,9,22,,0.0,0,22,,0.045454545454545456,1,22,,-0.06293706293706294,0.08391608391608392,0.3076923076923077,,present,,,,,,,,,,,,,,,,,,,,
G1,w201,0,S4,service,candidate_raw_counts,11,10,0,1,9,31,22,11,0,0.0,0,11,,0.08333333333333333,1,12,,0.0,0,10,,0.3548387096774194,11,31,,0.7096774193548387,22,31,,0.5,11,22,,0.45454545454545453,10,22,,0.0,0,22,,0.045454545454545456,1,22,,5.046468293750712e-18,0.055944055944055944,0.15384615384615385,,present,,,,,,,,,,,,,,,,,,,,
G1,w201,1,S4,service,candidate_raw_counts,10,10,0,2,9,31,22,10,0,0.0,0,10,,0.16666666666666666,2,12,,0.0,0,10,,0.3225806451612903,10,31,,0.7096774193548387,22,31,,0.45454545454545453,10,22,,0.45454545454545453,10,22,,0.0,0,22,,0.09090909090909091,2,22,,-0.01048951048951049,0.05944055944055945,0.15384615384615385,,present,,,,,,,,,,,,,,,,,,,,
G1,w201,2,S4,service,candidate_raw_counts,9,12,0,1,9,31,22,9,0,0.0,0,9,,0.1,1,10,,0.0,0,12,,0.2903225806451613,9,31,,0.7096774193548387,22,31,,0.4090909090909091,9,22,,0.5454545454545454,12,22,,0.0,0,22,,0.045454545454545456,1,22,,-0.024475524475524472,0.05244755244755245,0.15384615384615385,,present,,,,,,,,,,,,,,,,,,,,
G1,w201,ALL,S4,service,pooled_counts,54,50,0,6,45,155,110,54,0,0.0,0,54,,0.1,6,60,,0.0,0,50,,0.34838709677419355,54,155,,0.7096774193548387,110,155,,0.4909090909090909,54,110,,0.45454545454545453,50,110,,0.0,0,110,,0.05454545454545454,6,110,,-0.032867132867132866,0.06503496503496503,0.23076923076923073,,present,,,,,,,,,,,,,,,,,,,,
G1,w201,ALL,S4,service,equal_candidate_equal_workload_macro,,,,,,,,,,0.0,,,,0.10076923076923076,,,,0.0,,,,0.34838709677419355,,,,0.7096774193548387,,,,0.4909090909090909,,,,0.45454545454545453,,,,0.0,,,,0.05454545454545455,,,,-0.032867132867132866,0.06503496503496503,0.23076923076923073,,,1,5,1,5,1,5,1,5,1,5,1,5,1,5,1,5,1,5,1,5
G1,w201,-2,S4,latency_only,candidate_raw_counts,12,9,0,1,0,22,22,12,0,0.0,0,12,,0.07692307692307693,1,13,,0.0,0,9,,0.5454545454545454,12,22,,1.0,22,22,,0.5454545454545454,12,22,,0.4090909090909091,9,22,,0.0,0,22,,0.045454545454545456,1,22,,-0.06643356643356643,0.07342657342657342,0.23076923076923078,,present,,,,,,,,,,,,,,,,,,,,
G1,w201,-1,S4,latency_only,candidate_raw_counts,12,9,0,1,0,22,22,12,0,0.0,0,12,,0.07692307692307693,1,13,,0.0,0,9,,0.5454545454545454,12,22,,1.0,22,22,,0.5454545454545454,12,22,,0.4090909090909091,9,22,,0.0,0,22,,0.045454545454545456,1,22,,-0.06293706293706294,0.08391608391608392,0.3076923076923077,,present,,,,,,,,,,,,,,,,,,,,
G1,w201,0,S4,latency_only,candidate_raw_counts,11,10,0,1,0,22,22,11,0,0.0,0,11,,0.08333333333333333,1,12,,0.0,0,10,,0.5,11,22,,1.0,22,22,,0.5,11,22,,0.45454545454545453,10,22,,0.0,0,22,,0.045454545454545456,1,22,,5.046468293750712e-18,0.055944055944055944,0.15384615384615385,,present,,,,,,,,,,,,,,,,,,,,
G1,w201,1,S4,latency_only,candidate_raw_counts,10,10,0,2,0,22,22,10,0,0.0,0,10,,0.16666666666666666,2,12,,0.0,0,10,,0.45454545454545453,10,22,,1.0,22,22,,0.45454545454545453,10,22,,0.45454545454545453,10,22,,0.0,0,22,,0.09090909090909091,2,22,,-0.01048951048951049,0.05944055944055945,0.15384615384615385,,present,,,,,,,,,,,,,,,,,,,,
G1,w201,2,S4,latency_only,candidate_raw_counts,9,12,0,1,0,22,22,9,0,0.0,0,9,,0.1,1,10,,0.0,0,12,,0.4090909090909091,9,22,,1.0,22,22,,0.4090909090909091,9,22,,0.5454545454545454,12,22,,0.0,0,22,,0.045454545454545456,1,22,,-0.024475524475524472,0.05244755244755245,0.15384615384615385,,present,,,,,,,,,,,,,,,,,,,,
G1,w201,ALL,S4,latency_only,pooled_counts,54,50,0,6,0,110,110,54,0,0.0,0,54,,0.1,6,60,,0.0,0,50,,0.4909090909090909,54,110,,1.0,110,110,,0.4909090909090909,54,110,,0.45454545454545453,50,110,,0.0,0,110,,0.05454545454545454,6,110,,-0.032867132867132866,0.06503496503496503,0.23076923076923073,,present,,,,,,,,,,,,,,,,,,,,
G1,w201,ALL,S4,latency_only,equal_candidate_equal_workload_macro,,,,,,,,,,0.0,,,,0.10076923076923076,,,,0.0,,,,0.4909090909090909,,,,1.0,,,,0.4909090909090909,,,,0.45454545454545453,,,,0.0,,,,0.05454545454545455,,,,-0.032867132867132866,0.06503496503496503,0.23076923076923073,,,1,5,1,5,1,5,1,5,1,5,1,5,1,5,1,5,1,5,1,5
G1,w201,-2,S4,near_boundary,candidate_raw_counts,12,0,0,1,0,13,13,12,0,0.0,0,12,,0.07692307692307693,1,13,,,0,0,zero denominator,0.9230769230769231,12,13,,1.0,13,13,,0.9230769230769231,12,13,,0.0,0,13,,0.0,0,13,,0.07692307692307693,1,13,,-0.01183431952662722,0.01183431952662722,0.0,,present,,,,,,,,,,,,,,,,,,,,
G1,w201,-1,S4,near_boundary,candidate_raw_counts,12,0,0,1,0,13,13,12,0,0.0,0,12,,0.07692307692307693,1,13,,,0,0,zero denominator,0.9230769230769231,12,13,,1.0,13,13,,0.9230769230769231,12,13,,0.0,0,13,,0.0,0,13,,0.07692307692307693,1,13,,-0.03550295857988166,0.03550295857988166,0.07692307692307687,,present,,,,,,,,,,,,,,,,,,,,
G1,w201,0,S4,near_boundary,candidate_raw_counts,11,0,0,1,0,12,12,11,0,0.0,0,11,,0.08333333333333333,1,12,,,0,0,zero denominator,0.9166666666666666,11,12,,1.0,12,12,,0.9166666666666666,11,12,,0.0,0,12,,0.0,0,12,,0.08333333333333333,1,12,,-0.012820512820512822,0.012820512820512822,0.0,,present,,,,,,,,,,,,,,,,,,,,
G1,w201,1,S4,near_boundary,candidate_raw_counts,10,0,0,2,0,12,12,10,0,0.0,0,10,,0.16666666666666666,2,12,,,0,0,zero denominator,0.8333333333333334,10,12,,1.0,12,12,,0.8333333333333334,10,12,,0.0,0,12,,0.0,0,12,,0.16666666666666666,2,12,,-0.05128205128205129,0.05128205128205129,0.3076923076923077,,present,,,,,,,,,,,,,,,,,,,,
G1,w201,2,S4,near_boundary,candidate_raw_counts,9,0,0,1,0,10,10,9,0,0.0,0,9,,0.1,1,10,,,0,0,zero denominator,0.9,9,10,,1.0,10,10,,0.9,9,10,,0.0,0,10,,0.0,0,10,,0.1,1,10,,-0.02307692307692307,0.02307692307692307,0.0,,present,,,,,,,,,,,,,,,,,,,,
G1,w201,ALL,S4,near_boundary,pooled_counts,54,0,0,6,0,60,60,54,0,0.0,0,54,,0.1,6,60,,,0,0,zero denominator,0.9,54,60,,1.0,60,60,,0.9,54,60,,0.0,0,60,,0.0,0,60,,0.1,6,60,,-0.026923076923076925,0.026923076923076925,0.07692307692307687,,present,,,,,,,,,,,,,,,,,,,,
G1,w201,ALL,S4,near_boundary,equal_candidate_equal_workload_macro,,,,,,,,,,0.0,,,,0.10076923076923076,,,,,,,all denominators zero,0.8992307692307693,,,,1.0,,,,0.8992307692307693,,,,0.0,,,,0.0,,,,0.10076923076923076,,,,-0.026903353057199212,0.026903353057199212,0.15384615384615385,,,1,5,1,5,0,0,1,5,1,5,1,5,1,5,1,5,1,5,1,5
G1,w201,-2,S5,service,candidate_raw_counts,14,7,0,1,9,31,22,14,0,0.0,0,14,,0.06666666666666667,1,15,,0.0,0,7,,0.45161290322580644,14,31,,0.7096774193548387,22,31,,0.6363636363636364,14,22,,0.3181818181818182,7,22,,0.0,0,22,,0.045454545454545456,1,22,,-0.08741258741258742,0.08741258741258742,0.38461538461538464,,present,,,,,,,,,,,,,,,,,,,,
G1,w201,-1,S5,service,candidate_raw_counts,14,8,0,0,9,31,22,14,0,0.0,0,14,,0.0,0,14,,0.0,0,8,,0.45161290322580644,14,31,,0.7096774193548387,22,31,,0.6363636363636364,14,22,,0.36363636363636365,8,22,,0.0,0,22,,0.0,0,22,,-0.07342657342657342,0.07342657342657342,0.23076923076923078,,present,,,,,,,,,,,,,,,,,,,,
G1,w201,0,S5,service,candidate_raw_counts,14,8,0,0,9,31,22,14,0,0.0,0,14,,0.0,0,14,,0.0,0,8,,0.45161290322580644,14,31,,0.7096774193548387,22,31,,0.6363636363636364,14,22,,0.36363636363636365,8,22,,0.0,0,22,,0.0,0,22,,-0.05944055944055945,0.06643356643356643,0.23076923076923078,,present,,,,,,,,,,,,,,,,,,,,
G1,w201,1,S5,service,candidate_raw_counts,13,8,0,1,9,31,22,13,0,0.0,0,13,,0.07142857142857142,1,14,,0.0,0,8,,0.41935483870967744,13,31,,0.7096774193548387,22,31,,0.5909090909090909,13,22,,0.36363636363636365,8,22,,0.0,0,22,,0.045454545454545456,1,22,,-0.04545454545454547,0.05944055944055945,0.15384615384615385,,present,,,,,,,,,,,,,,,,,,,,
G1,w201,2,S5,service,candidate_raw_counts,13,8,0,1,9,31,22,13,0,0.0,0,13,,0.07142857142857142,1,14,,0.0,0,8,,0.41935483870967744,13,31,,0.7096774193548387,22,31,,0.5909090909090909,13,22,,0.36363636363636365,8,22,,0.0,0,22,,0.045454545454545456,1,22,,-5.046468293750712e-18,0.09090909090909091,0.3846153846153846,,present,,,,,,,,,,,,,,,,,,,,
G1,w201,ALL,S5,service,pooled_counts,68,39,0,3,45,155,110,68,0,0.0,0,68,,0.04225352112676056,3,71,,0.0,0,39,,0.43870967741935485,68,155,,0.7096774193548387,110,155,,0.6181818181818182,68,110,,0.35454545454545455,39,110,,0.0,0,110,,0.02727272727272727,3,110,,-0.053146853146853155,0.07552447552447553,0.3846153846153846,,present,,,,,,,,,,,,,,,,,,,,
G1,w201,ALL,S5,service,equal_candidate_equal_workload_macro,,,,,,,,,,0.0,,,,0.0419047619047619,,,,0.0,,,,0.43870967741935485,,,,0.7096774193548387,,,,0.6181818181818182,,,,0.35454545454545455,,,,0.0,,,,0.027272727272727275,,,,-0.053146853146853155,0.07552447552447553,0.3846153846153846,,,1,5,1,5,1,5,1,5,1,5,1,5,1,5,1,5,1,5,1,5
G1,w201,-2,S5,latency_only,candidate_raw_counts,14,7,0,1,0,22,22,14,0,0.0,0,14,,0.06666666666666667,1,15,,0.0,0,7,,0.6363636363636364,14,22,,1.0,22,22,,0.6363636363636364,14,22,,0.3181818181818182,7,22,,0.0,0,22,,0.045454545454545456,1,22,,-0.08741258741258742,0.08741258741258742,0.38461538461538464,,present,,,,,,,,,,,,,,,,,,,,
G1,w201,-1,S5,latency_only,candidate_raw_counts,14,8,0,0,0,22,22,14,0,0.0,0,14,,0.0,0,14,,0.0,0,8,,0.6363636363636364,14,22,,1.0,22,22,,0.6363636363636364,14,22,,0.36363636363636365,8,22,,0.0,0,22,,0.0,0,22,,-0.07342657342657342,0.07342657342657342,0.23076923076923078,,present,,,,,,,,,,,,,,,,,,,,
G1,w201,0,S5,latency_only,candidate_raw_counts,14,8,0,0,0,22,22,14,0,0.0,0,14,,0.0,0,14,,0.0,0,8,,0.6363636363636364,14,22,,1.0,22,22,,0.6363636363636364,14,22,,0.36363636363636365,8,22,,0.0,0,22,,0.0,0,22,,-0.05944055944055945,0.06643356643356643,0.23076923076923078,,present,,,,,,,,,,,,,,,,,,,,
G1,w201,1,S5,latency_only,candidate_raw_counts,13,8,0,1,0,22,22,13,0,0.0,0,13,,0.07142857142857142,1,14,,0.0,0,8,,0.5909090909090909,13,22,,1.0,22,22,,0.5909090909090909,13,22,,0.36363636363636365,8,22,,0.0,0,22,,0.045454545454545456,1,22,,-0.04545454545454547,0.05944055944055945,0.15384615384615385,,present,,,,,,,,,,,,,,,,,,,,
G1,w201,2,S5,latency_only,candidate_raw_counts,13,8,0,1,0,22,22,13,0,0.0,0,13,,0.07142857142857142,1,14,,0.0,0,8,,0.5909090909090909,13,22,,1.0,22,22,,0.5909090909090909,13,22,,0.36363636363636365,8,22,,0.0,0,22,,0.045454545454545456,1,22,,-5.046468293750712e-18,0.09090909090909091,0.3846153846153846,,present,,,,,,,,,,,,,,,,,,,,
G1,w201,ALL,S5,latency_only,pooled_counts,68,39,0,3,0,110,110,68,0,0.0,0,68,,0.04225352112676056,3,71,,0.0,0,39,,0.6181818181818182,68,110,,1.0,110,110,,0.6181818181818182,68,110,,0.35454545454545455,39,110,,0.0,0,110,,0.02727272727272727,3,110,,-0.053146853146853155,0.07552447552447553,0.3846153846153846,,present,,,,,,,,,,,,,,,,,,,,
G1,w201,ALL,S5,latency_only,equal_candidate_equal_workload_macro,,,,,,,,,,0.0,,,,0.0419047619047619,,,,0.0,,,,0.6181818181818182,,,,1.0,,,,0.6181818181818182,,,,0.35454545454545455,,,,0.0,,,,0.027272727272727275,,,,-0.053146853146853155,0.07552447552447553,0.3846153846153846,,,1,5,1,5,1,5,1,5,1,5,1,5,1,5,1,5,1,5,1,5
G1,w201,-2,S5,near_boundary,candidate_raw_counts,14,0,0,1,1,16,15,14,0,0.0,0,14,,0.06666666666666667,1,15,,,0,0,zero denominator,0.875,14,16,,0.9375,15,16,,0.9333333333333333,14,15,,0.0,0,15,,0.0,0,15,,0.06666666666666667,1,15,,-0.010256410256410256,0.010256410256410256,0.0,,present,,,,,,,,,,,,,,,,,,,,
G1,w201,-1,S5,near_boundary,candidate_raw_counts,14,1,0,0,3,18,15,14,0,0.0,0,14,,0.0,0,14,,0.0,0,1,,0.7777777777777778,14,18,,0.8333333333333334,15,18,,0.9333333333333333,14,15,,0.06666666666666667,1,15,,0.0,0,15,,0.0,0,15,,-0.010256410256410256,0.010256410256410256,0.0,,present,,,,,,,,,,,,,,,,,,,,
G1,w201,0,S5,near_boundary,candidate_raw_counts,14,0,0,0,0,14,14,14,0,0.0,0,14,,0.0,0,14,,,0,0,zero denominator,1.0,14,14,,1.0,14,14,,1.0,14,14,,0.0,0,14,,0.0,0,14,,0.0,0,14,,0.0,0.0,0.0,,present,,,,,,,,,,,,,,,,,,,,
G1,w201,1,S5,near_boundary,candidate_raw_counts,13,0,0,1,0,14,14,13,0,0.0,0,13,,0.07142857142857142,1,14,,,0,0,zero denominator,0.9285714285714286,13,14,,1.0,14,14,,0.9285714285714286,13,14,,0.0,0,14,,0.0,0,14,,0.07142857142857142,1,14,,-0.005494505494505498,0.005494505494505498,0.0,,present,,,,,,,,,,,,,,,,,,,,
G1,w201,2,S5,near_boundary,candidate_raw_counts,13,0,0,1,0,14,14,13,0,0.0,0,13,,0.07142857142857142,1,14,,,0,0,zero denominator,0.9285714285714286,13,14,,1.0,14,14,,0.9285714285714286,13,14,,0.0,0,14,,0.0,0,14,,0.07142857142857142,1,14,,-0.01098901098901099,0.01098901098901099,0.0,,present,,,,,,,,,,,,,,,,,,,,
G1,w201,ALL,S5,near_boundary,pooled_counts,68,1,0,3,4,76,72,68,0,0.0,0,68,,0.04225352112676056,3,71,,0.0,0,1,,0.8947368421052632,68,76,,0.9473684210526315,72,76,,0.9444444444444444,68,72,,0.013888888888888888,1,72,,0.0,0,72,,0.041666666666666664,3,72,,-0.00747863247863248,0.00747863247863248,0.0,,present,,,,,,,,,,,,,,,,,,,,
G1,w201,ALL,S5,near_boundary,equal_candidate_equal_workload_macro,,,,,,,,,,0.0,,,,0.0419047619047619,,,,0.0,,,,0.901984126984127,,,,0.9541666666666667,,,,0.9447619047619048,,,,0.013333333333333332,,,,0.0,,,,0.0419047619047619,,,,-0.0073992673992674006,0.0073992673992674006,0.0,,,1,5,1,5,1,1,1,5,1,5,1,5,1,5,1,5,1,5,1,5
G1,w201,-2,S6,service,candidate_raw_counts,17,0,0,5,9,31,22,17,0,0.0,0,17,,0.22727272727272727,5,22,,,0,0,zero denominator,0.5483870967741935,17,31,,0.7096774193548387,22,31,,0.7727272727272727,17,22,,0.0,0,22,,0.0,0,22,,0.22727272727272727,5,22,,-0.1013986013986014,0.1013986013986014,0.3846153846153847,,present,,,,,,,,,,,,,,,,,,,,
G1,w201,-1,S6,service,candidate_raw_counts,17,0,0,5,9,31,22,17,0,0.0,0,17,,0.22727272727272727,5,22,,,0,0,zero denominator,0.5483870967741935,17,31,,0.7096774193548387,22,31,,0.7727272727272727,17,22,,0.0,0,22,,0.0,0,22,,0.22727272727272727,5,22,,-0.1013986013986014,0.1013986013986014,0.3846153846153847,,present,,,,,,,,,,,,,,,,,,,,
G1,w201,0,S6,service,candidate_raw_counts,17,0,0,5,9,31,22,17,0,0.0,0,17,,0.22727272727272727,5,22,,,0,0,zero denominator,0.5483870967741935,17,31,,0.7096774193548387,22,31,,0.7727272727272727,17,22,,0.0,0,22,,0.0,0,22,,0.22727272727272727,5,22,,-0.1013986013986014,0.1013986013986014,0.3846153846153847,,present,,,,,,,,,,,,,,,,,,,,
G1,w201,1,S6,service,candidate_raw_counts,17,0,0,5,9,31,22,17,0,0.0,0,17,,0.22727272727272727,5,22,,,0,0,zero denominator,0.5483870967741935,17,31,,0.7096774193548387,22,31,,0.7727272727272727,17,22,,0.0,0,22,,0.0,0,22,,0.22727272727272727,5,22,,-0.09790209790209792,0.09790209790209792,0.3846153846153847,,present,,,,,,,,,,,,,,,,,,,,
G1,w201,2,S6,service,candidate_raw_counts,17,0,0,5,9,31,22,17,0,0.0,0,17,,0.22727272727272727,5,22,,,0,0,zero denominator,0.5483870967741935,17,31,,0.7096774193548387,22,31,,0.7727272727272727,17,22,,0.0,0,22,,0.0,0,22,,0.22727272727272727,5,22,,-0.09790209790209792,0.09790209790209792,0.3846153846153847,,present,,,,,,,,,,,,,,,,,,,,
G1,w201,ALL,S6,service,pooled_counts,85,0,0,25,45,155,110,85,0,0.0,0,85,,0.22727272727272727,25,110,,,0,0,zero denominator,0.5483870967741935,85,155,,0.7096774193548387,110,155,,0.7727272727272727,85,110,,0.0,0,110,,0.0,0,110,,0.22727272727272727,25,110,,-0.1,0.1,0.3846153846153847,,present,,,,,,,,,,,,,,,,,,,,
G1,w201,ALL,S6,service,equal_candidate_equal_workload_macro,,,,,,,,,,0.0,,,,0.22727272727272727,,,,,,,all denominators zero,0.5483870967741935,,,,0.7096774193548387,,,,0.7727272727272727,,,,0.0,,,,0.0,,,,0.22727272727272727,,,,-0.1,0.1,0.3846153846153847,,,1,5,1,5,0,0,1,5,1,5,1,5,1,5,1,5,1,5,1,5
G1,w201,-2,S6,latency_only,candidate_raw_counts,17,0,0,5,0,22,22,17,0,0.0,0,17,,0.22727272727272727,5,22,,,0,0,zero denominator,0.7727272727272727,17,22,,1.0,22,22,,0.7727272727272727,17,22,,0.0,0,22,,0.0,0,22,,0.22727272727272727,5,22,,-0.1013986013986014,0.1013986013986014,0.3846153846153847,,present,,,,,,,,,,,,,,,,,,,,
G1,w201,-1,S6,latency_only,candidate_raw_counts,17,0,0,5,0,22,22,17,0,0.0,0,17,,0.22727272727272727,5,22,,,0,0,zero denominator,0.7727272727272727,17,22,,1.0,22,22,,0.7727272727272727,17,22,,0.0,0,22,,0.0,0,22,,0.22727272727272727,5,22,,-0.1013986013986014,0.1013986013986014,0.3846153846153847,,present,,,,,,,,,,,,,,,,,,,,
G1,w201,0,S6,latency_only,candidate_raw_counts,17,0,0,5,0,22,22,17,0,0.0,0,17,,0.22727272727272727,5,22,,,0,0,zero denominator,0.7727272727272727,17,22,,1.0,22,22,,0.7727272727272727,17,22,,0.0,0,22,,0.0,0,22,,0.22727272727272727,5,22,,-0.1013986013986014,0.1013986013986014,0.3846153846153847,,present,,,,,,,,,,,,,,,,,,,,
G1,w201,1,S6,latency_only,candidate_raw_counts,17,0,0,5,0,22,22,17,0,0.0,0,17,,0.22727272727272727,5,22,,,0,0,zero denominator,0.7727272727272727,17,22,,1.0,22,22,,0.7727272727272727,17,22,,0.0,0,22,,0.0,0,22,,0.22727272727272727,5,22,,-0.09790209790209792,0.09790209790209792,0.3846153846153847,,present,,,,,,,,,,,,,,,,,,,,
G1,w201,2,S6,latency_only,candidate_raw_counts,17,0,0,5,0,22,22,17,0,0.0,0,17,,0.22727272727272727,5,22,,,0,0,zero denominator,0.7727272727272727,17,22,,1.0,22,22,,0.7727272727272727,17,22,,0.0,0,22,,0.0,0,22,,0.22727272727272727,5,22,,-0.09790209790209792,0.09790209790209792,0.3846153846153847,,present,,,,,,,,,,,,,,,,,,,,
G1,w201,ALL,S6,latency_only,pooled_counts,85,0,0,25,0,110,110,85,0,0.0,0,85,,0.22727272727272727,25,110,,,0,0,zero denominator,0.7727272727272727,85,110,,1.0,110,110,,0.7727272727272727,85,110,,0.0,0,110,,0.0,0,110,,0.22727272727272727,25,110,,-0.1,0.1,0.3846153846153847,,present,,,,,,,,,,,,,,,,,,,,
G1,w201,ALL,S6,latency_only,equal_candidate_equal_workload_macro,,,,,,,,,,0.0,,,,0.22727272727272727,,,,,,,all denominators zero,0.7727272727272727,,,,1.0,,,,0.7727272727272727,,,,0.0,,,,0.0,,,,0.22727272727272727,,,,-0.1,0.1,0.3846153846153847,,,1,5,1,5,0,0,1,5,1,5,1,5,1,5,1,5,1,5,1,5
G1,w201,-2,S6,near_boundary,candidate_raw_counts,17,0,0,5,4,26,22,17,0,0.0,0,17,,0.22727272727272727,5,22,,,0,0,zero denominator,0.6538461538461539,17,26,,0.8461538461538461,22,26,,0.7727272727272727,17,22,,0.0,0,22,,0.0,0,22,,0.22727272727272727,5,22,,-0.1013986013986014,0.1013986013986014,0.3846153846153847,,present,,,,,,,,,,,,,,,,,,,,
G1,w201,-1,S6,near_boundary,candidate_raw_counts,17,0,0,5,5,27,22,17,0,0.0,0,17,,0.22727272727272727,5,22,,,0,0,zero denominator,0.6296296296296297,17,27,,0.8148148148148148,22,27,,0.7727272727272727,17,22,,0.0,0,22,,0.0,0,22,,0.22727272727272727,5,22,,-0.1013986013986014,0.1013986013986014,0.3846153846153847,,present,,,,,,,,,,,,,,,,,,,,
G1,w201,0,S6,near_boundary,candidate_raw_counts,17,0,0,5,7,29,22,17,0,0.0,0,17,,0.22727272727272727,5,22,,,0,0,zero denominator,0.5862068965517241,17,29,,0.7586206896551724,22,29,,0.7727272727272727,17,22,,0.0,0,22,,0.0,0,22,,0.22727272727272727,5,22,,-0.1013986013986014,0.1013986013986014,0.3846153846153847,,present,,,,,,,,,,,,,,,,,,,,
G1,w201,1,S6,near_boundary,candidate_raw_counts,17,0,0,5,8,30,22,17,0,0.0,0,17,,0.22727272727272727,5,22,,,0,0,zero denominator,0.5666666666666667,17,30,,0.7333333333333333,22,30,,0.7727272727272727,17,22,,0.0,0,22,,0.0,0,22,,0.22727272727272727,5,22,,-0.09790209790209792,0.09790209790209792,0.3846153846153847,,present,,,,,,,,,,,,,,,,,,,,
G1,w201,2,S6,near_boundary,candidate_raw_counts,17,0,0,5,6,28,22,17,0,0.0,0,17,,0.22727272727272727,5,22,,,0,0,zero denominator,0.6071428571428571,17,28,,0.7857142857142857,22,28,,0.7727272727272727,17,22,,0.0,0,22,,0.0,0,22,,0.22727272727272727,5,22,,-0.09790209790209792,0.09790209790209792,0.3846153846153847,,present,,,,,,,,,,,,,,,,,,,,
G1,w201,ALL,S6,near_boundary,pooled_counts,85,0,0,25,30,140,110,85,0,0.0,0,85,,0.22727272727272727,25,110,,,0,0,zero denominator,0.6071428571428571,85,140,,0.7857142857142857,110,140,,0.7727272727272727,85,110,,0.0,0,110,,0.0,0,110,,0.22727272727272727,25,110,,-0.1,0.1,0.3846153846153847,,present,,,,,,,,,,,,,,,,,,,,
G1,w201,ALL,S6,near_boundary,equal_candidate_equal_workload_macro,,,,,,,,,,0.0,,,,0.22727272727272727,,,,,,,all denominators zero,0.6086984407674063,,,,0.7877273939342905,,,,0.7727272727272727,,,,0.0,,,,0.0,,,,0.22727272727272727,,,,-0.1,0.1,0.3846153846153847,,,1,5,1,5,0,0,1,5,1,5,1,5,1,5,1,5,1,5,1,5
G1,w202,-2,S1,service,candidate_raw_counts,0,22,0,0,9,31,22,0,0,,0,0,zero denominator,,0,0,zero denominator,0.0,0,22,,0.0,0,31,,0.7096774193548387,22,31,,0.0,0,22,,1.0,22,22,,0.0,0,22,,0.0,0,22,,0.0,0.0,0.0,,present,,,,,,,,,,,,,,,,,,,,
G1,w202,-1,S1,service,candidate_raw_counts,0,22,0,0,9,31,22,0,0,,0,0,zero denominator,,0,0,zero denominator,0.0,0,22,,0.0,0,31,,0.7096774193548387,22,31,,0.0,0,22,,1.0,22,22,,0.0,0,22,,0.0,0,22,,0.0,0.0,0.0,,present,,,,,,,,,,,,,,,,,,,,
G1,w202,0,S1,service,candidate_raw_counts,0,22,0,0,9,31,22,0,0,,0,0,zero denominator,,0,0,zero denominator,0.0,0,22,,0.0,0,31,,0.7096774193548387,22,31,,0.0,0,22,,1.0,22,22,,0.0,0,22,,0.0,0,22,,0.0,0.0,0.0,,present,,,,,,,,,,,,,,,,,,,,
G1,w202,1,S1,service,candidate_raw_counts,0,22,0,0,9,31,22,0,0,,0,0,zero denominator,,0,0,zero denominator,0.0,0,22,,0.0,0,31,,0.7096774193548387,22,31,,0.0,0,22,,1.0,22,22,,0.0,0,22,,0.0,0,22,,0.0,0.0,0.0,,present,,,,,,,,,,,,,,,,,,,,
G1,w202,2,S1,service,candidate_raw_counts,0,22,0,0,9,31,22,0,0,,0,0,zero denominator,,0,0,zero denominator,0.0,0,22,,0.0,0,31,,0.7096774193548387,22,31,,0.0,0,22,,1.0,22,22,,0.0,0,22,,0.0,0,22,,0.0,0.0,0.0,,present,,,,,,,,,,,,,,,,,,,,
G1,w202,ALL,S1,service,pooled_counts,0,110,0,0,45,155,110,0,0,,0,0,zero denominator,,0,0,zero denominator,0.0,0,110,,0.0,0,155,,0.7096774193548387,110,155,,0.0,0,110,,1.0,110,110,,0.0,0,110,,0.0,0,110,,0.0,0.0,0.0,,present,,,,,,,,,,,,,,,,,,,,
G1,w202,ALL,S1,service,equal_candidate_equal_workload_macro,,,,,,,,,,,,,all denominators zero,,,,all denominators zero,0.0,,,,0.0,,,,0.7096774193548387,,,,0.0,,,,1.0,,,,0.0,,,,0.0,,,,0.0,0.0,0.0,,,0,0,0,0,1,5,1,5,1,5,1,5,1,5,1,5,1,5,1,5
G1,w202,-2,S1,latency_only,candidate_raw_counts,0,22,0,0,0,22,22,0,0,,0,0,zero denominator,,0,0,zero denominator,0.0,0,22,,0.0,0,22,,1.0,22,22,,0.0,0,22,,1.0,22,22,,0.0,0,22,,0.0,0,22,,0.0,0.0,0.0,,present,,,,,,,,,,,,,,,,,,,,
G1,w202,-1,S1,latency_only,candidate_raw_counts,0,22,0,0,0,22,22,0,0,,0,0,zero denominator,,0,0,zero denominator,0.0,0,22,,0.0,0,22,,1.0,22,22,,0.0,0,22,,1.0,22,22,,0.0,0,22,,0.0,0,22,,0.0,0.0,0.0,,present,,,,,,,,,,,,,,,,,,,,
G1,w202,0,S1,latency_only,candidate_raw_counts,0,22,0,0,0,22,22,0,0,,0,0,zero denominator,,0,0,zero denominator,0.0,0,22,,0.0,0,22,,1.0,22,22,,0.0,0,22,,1.0,22,22,,0.0,0,22,,0.0,0,22,,0.0,0.0,0.0,,present,,,,,,,,,,,,,,,,,,,,
G1,w202,1,S1,latency_only,candidate_raw_counts,0,22,0,0,0,22,22,0,0,,0,0,zero denominator,,0,0,zero denominator,0.0,0,22,,0.0,0,22,,1.0,22,22,,0.0,0,22,,1.0,22,22,,0.0,0,22,,0.0,0,22,,0.0,0.0,0.0,,present,,,,,,,,,,,,,,,,,,,,
G1,w202,2,S1,latency_only,candidate_raw_counts,0,22,0,0,0,22,22,0,0,,0,0,zero denominator,,0,0,zero denominator,0.0,0,22,,0.0,0,22,,1.0,22,22,,0.0,0,22,,1.0,22,22,,0.0,0,22,,0.0,0,22,,0.0,0.0,0.0,,present,,,,,,,,,,,,,,,,,,,,
G1,w202,ALL,S1,latency_only,pooled_counts,0,110,0,0,0,110,110,0,0,,0,0,zero denominator,,0,0,zero denominator,0.0,0,110,,0.0,0,110,,1.0,110,110,,0.0,0,110,,1.0,110,110,,0.0,0,110,,0.0,0,110,,0.0,0.0,0.0,,present,,,,,,,,,,,,,,,,,,,,
G1,w202,ALL,S1,latency_only,equal_candidate_equal_workload_macro,,,,,,,,,,,,,all denominators zero,,,,all denominators zero,0.0,,,,0.0,,,,1.0,,,,0.0,,,,1.0,,,,0.0,,,,0.0,,,,0.0,0.0,0.0,,,0,0,0,0,1,5,1,5,1,5,1,5,1,5,1,5,1,5,1,5
G1,w202,-2,S1,near_boundary,candidate_raw_counts,0,0,0,0,0,0,0,0,0,,0,0,zero denominator,,0,0,zero denominator,,0,0,zero denominator,,0,0,zero denominator,,0,0,zero denominator,,0,0,zero denominator,,0,0,zero denominator,,0,0,zero denominator,,0,0,zero denominator,,,,no both-attainment-defined points,absent,,,,,,,,,,,,,,,,,,,,
G1,w202,-1,S1,near_boundary,candidate_raw_counts,0,0,0,0,0,0,0,0,0,,0,0,zero denominator,,0,0,zero denominator,,0,0,zero denominator,,0,0,zero denominator,,0,0,zero denominator,,0,0,zero denominator,,0,0,zero denominator,,0,0,zero denominator,,0,0,zero denominator,,,,no both-attainment-defined points,absent,,,,,,,,,,,,,,,,,,,,
G1,w202,0,S1,near_boundary,candidate_raw_counts,0,0,0,0,0,0,0,0,0,,0,0,zero denominator,,0,0,zero denominator,,0,0,zero denominator,,0,0,zero denominator,,0,0,zero denominator,,0,0,zero denominator,,0,0,zero denominator,,0,0,zero denominator,,0,0,zero denominator,,,,no both-attainment-defined points,absent,,,,,,,,,,,,,,,,,,,,
G1,w202,1,S1,near_boundary,candidate_raw_counts,0,0,0,0,0,0,0,0,0,,0,0,zero denominator,,0,0,zero denominator,,0,0,zero denominator,,0,0,zero denominator,,0,0,zero denominator,,0,0,zero denominator,,0,0,zero denominator,,0,0,zero denominator,,0,0,zero denominator,,,,no both-attainment-defined points,absent,,,,,,,,,,,,,,,,,,,,
G1,w202,2,S1,near_boundary,candidate_raw_counts,0,0,0,0,0,0,0,0,0,,0,0,zero denominator,,0,0,zero denominator,,0,0,zero denominator,,0,0,zero denominator,,0,0,zero denominator,,0,0,zero denominator,,0,0,zero denominator,,0,0,zero denominator,,0,0,zero denominator,,,,no both-attainment-defined points,absent,,,,,,,,,,,,,,,,,,,,
G1,w202,ALL,S1,near_boundary,pooled_counts,0,0,0,0,0,0,0,0,0,,0,0,zero denominator,,0,0,zero denominator,,0,0,zero denominator,,0,0,zero denominator,,0,0,zero denominator,,0,0,zero denominator,,0,0,zero denominator,,0,0,zero denominator,,0,0,zero denominator,,,,no both-attainment-defined points,absent,,,,,,,,,,,,,,,,,,,,
G1,w202,ALL,S1,near_boundary,equal_candidate_equal_workload_macro,,,,,,,,,,,,,all denominators zero,,,,all denominators zero,,,,all denominators zero,,,,all denominators zero,,,,all denominators zero,,,,all denominators zero,,,,all denominators zero,,,,all denominators zero,,,,all denominators zero,,,,empty applicable subset,,0,0,0,0,0,0,0,0,0,0,0,0,0,0,0,0,0,0,0,0
G1,w202,-2,S2,service,candidate_raw_counts,0,22,0,0,9,31,22,0,0,,0,0,zero denominator,,0,0,zero denominator,0.0,0,22,,0.0,0,31,,0.7096774193548387,22,31,,0.0,0,22,,1.0,22,22,,0.0,0,22,,0.0,0,22,,0.036931818181818184,0.038825757575757576,0.0625,,present,,,,,,,,,,,,,,,,,,,,
G1,w202,-1,S2,service,candidate_raw_counts,0,22,0,0,9,31,22,0,0,,0,0,zero denominator,,0,0,zero denominator,0.0,0,22,,0.0,0,31,,0.7096774193548387,22,31,,0.0,0,22,,1.0,22,22,,0.0,0,22,,0.0,0,22,,0.04356060606060606,0.04356060606060606,0.0625,,present,,,,,,,,,,,,,,,,,,,,
G1,w202,0,S2,service,candidate_raw_counts,0,22,0,0,9,31,22,0,0,,0,0,zero denominator,,0,0,zero denominator,0.0,0,22,,0.0,0,31,,0.7096774193548387,22,31,,0.0,0,22,,1.0,22,22,,0.0,0,22,,0.0,0,22,,0.04640151515151515,0.04640151515151515,0.0625,,present,,,,,,,,,,,,,,,,,,,,
G1,w202,1,S2,service,candidate_raw_counts,0,22,0,0,9,31,22,0,0,,0,0,zero denominator,,0,0,zero denominator,0.0,0,22,,0.0,0,31,,0.7096774193548387,22,31,,0.0,0,22,,1.0,22,22,,0.0,0,22,,0.0,0,22,,0.0028409090909090884,0.027462121212121215,0.0625,,present,,,,,,,,,,,,,,,,,,,,
G1,w202,2,S2,service,candidate_raw_counts,0,22,0,0,9,31,22,0,0,,0,0,zero denominator,,0,0,zero denominator,0.0,0,22,,0.0,0,31,,0.7096774193548387,22,31,,0.0,0,22,,1.0,22,22,,0.0,0,22,,0.0,0,22,,-0.002840909090909093,0.027462121212121212,0.0625,,present,,,,,,,,,,,,,,,,,,,,
G1,w202,ALL,S2,service,pooled_counts,0,110,0,0,45,155,110,0,0,,0,0,zero denominator,,0,0,zero denominator,0.0,0,110,,0.0,0,155,,0.7096774193548387,110,155,,0.0,0,110,,1.0,110,110,,0.0,0,110,,0.0,0,110,,0.025378787878787876,0.03674242424242424,0.0625,,present,,,,,,,,,,,,,,,,,,,,
G1,w202,ALL,S2,service,equal_candidate_equal_workload_macro,,,,,,,,,,,,,all denominators zero,,,,all denominators zero,0.0,,,,0.0,,,,0.7096774193548387,,,,0.0,,,,1.0,,,,0.0,,,,0.0,,,,0.025378787878787876,0.03674242424242424,0.0625,,,0,0,0,0,1,5,1,5,1,5,1,5,1,5,1,5,1,5,1,5
G1,w202,-2,S2,latency_only,candidate_raw_counts,0,22,0,0,0,22,22,0,0,,0,0,zero denominator,,0,0,zero denominator,0.0,0,22,,0.0,0,22,,1.0,22,22,,0.0,0,22,,1.0,22,22,,0.0,0,22,,0.0,0,22,,0.036931818181818184,0.038825757575757576,0.0625,,present,,,,,,,,,,,,,,,,,,,,
G1,w202,-1,S2,latency_only,candidate_raw_counts,0,22,0,0,0,22,22,0,0,,0,0,zero denominator,,0,0,zero denominator,0.0,0,22,,0.0,0,22,,1.0,22,22,,0.0,0,22,,1.0,22,22,,0.0,0,22,,0.0,0,22,,0.04356060606060606,0.04356060606060606,0.0625,,present,,,,,,,,,,,,,,,,,,,,
G1,w202,0,S2,latency_only,candidate_raw_counts,0,22,0,0,0,22,22,0,0,,0,0,zero denominator,,0,0,zero denominator,0.0,0,22,,0.0,0,22,,1.0,22,22,,0.0,0,22,,1.0,22,22,,0.0,0,22,,0.0,0,22,,0.04640151515151515,0.04640151515151515,0.0625,,present,,,,,,,,,,,,,,,,,,,,
G1,w202,1,S2,latency_only,candidate_raw_counts,0,22,0,0,0,22,22,0,0,,0,0,zero denominator,,0,0,zero denominator,0.0,0,22,,0.0,0,22,,1.0,22,22,,0.0,0,22,,1.0,22,22,,0.0,0,22,,0.0,0,22,,0.0028409090909090884,0.027462121212121215,0.0625,,present,,,,,,,,,,,,,,,,,,,,
G1,w202,2,S2,latency_only,candidate_raw_counts,0,22,0,0,0,22,22,0,0,,0,0,zero denominator,,0,0,zero denominator,0.0,0,22,,0.0,0,22,,1.0,22,22,,0.0,0,22,,1.0,22,22,,0.0,0,22,,0.0,0,22,,-0.002840909090909093,0.027462121212121212,0.0625,,present,,,,,,,,,,,,,,,,,,,,
G1,w202,ALL,S2,latency_only,pooled_counts,0,110,0,0,0,110,110,0,0,,0,0,zero denominator,,0,0,zero denominator,0.0,0,110,,0.0,0,110,,1.0,110,110,,0.0,0,110,,1.0,110,110,,0.0,0,110,,0.0,0,110,,0.025378787878787876,0.03674242424242424,0.0625,,present,,,,,,,,,,,,,,,,,,,,
G1,w202,ALL,S2,latency_only,equal_candidate_equal_workload_macro,,,,,,,,,,,,,all denominators zero,,,,all denominators zero,0.0,,,,0.0,,,,1.0,,,,0.0,,,,1.0,,,,0.0,,,,0.0,,,,0.025378787878787876,0.03674242424242424,0.0625,,,0,0,0,0,1,5,1,5,1,5,1,5,1,5,1,5,1,5,1,5
G1,w202,-2,S2,near_boundary,candidate_raw_counts,0,0,0,0,0,0,0,0,0,,0,0,zero denominator,,0,0,zero denominator,,0,0,zero denominator,,0,0,zero denominator,,0,0,zero denominator,,0,0,zero denominator,,0,0,zero denominator,,0,0,zero denominator,,0,0,zero denominator,,,,no both-attainment-defined points,absent,,,,,,,,,,,,,,,,,,,,
G1,w202,-1,S2,near_boundary,candidate_raw_counts,0,0,0,0,0,0,0,0,0,,0,0,zero denominator,,0,0,zero denominator,,0,0,zero denominator,,0,0,zero denominator,,0,0,zero denominator,,0,0,zero denominator,,0,0,zero denominator,,0,0,zero denominator,,0,0,zero denominator,,,,no both-attainment-defined points,absent,,,,,,,,,,,,,,,,,,,,
G1,w202,0,S2,near_boundary,candidate_raw_counts,0,0,0,0,0,0,0,0,0,,0,0,zero denominator,,0,0,zero denominator,,0,0,zero denominator,,0,0,zero denominator,,0,0,zero denominator,,0,0,zero denominator,,0,0,zero denominator,,0,0,zero denominator,,0,0,zero denominator,,,,no both-attainment-defined points,absent,,,,,,,,,,,,,,,,,,,,
G1,w202,1,S2,near_boundary,candidate_raw_counts,0,0,0,0,0,0,0,0,0,,0,0,zero denominator,,0,0,zero denominator,,0,0,zero denominator,,0,0,zero denominator,,0,0,zero denominator,,0,0,zero denominator,,0,0,zero denominator,,0,0,zero denominator,,0,0,zero denominator,,,,no both-attainment-defined points,absent,,,,,,,,,,,,,,,,,,,,
G1,w202,2,S2,near_boundary,candidate_raw_counts,0,0,0,0,0,0,0,0,0,,0,0,zero denominator,,0,0,zero denominator,,0,0,zero denominator,,0,0,zero denominator,,0,0,zero denominator,,0,0,zero denominator,,0,0,zero denominator,,0,0,zero denominator,,0,0,zero denominator,,,,no both-attainment-defined points,absent,,,,,,,,,,,,,,,,,,,,
G1,w202,ALL,S2,near_boundary,pooled_counts,0,0,0,0,0,0,0,0,0,,0,0,zero denominator,,0,0,zero denominator,,0,0,zero denominator,,0,0,zero denominator,,0,0,zero denominator,,0,0,zero denominator,,0,0,zero denominator,,0,0,zero denominator,,0,0,zero denominator,,,,no both-attainment-defined points,absent,,,,,,,,,,,,,,,,,,,,
G1,w202,ALL,S2,near_boundary,equal_candidate_equal_workload_macro,,,,,,,,,,,,,all denominators zero,,,,all denominators zero,,,,all denominators zero,,,,all denominators zero,,,,all denominators zero,,,,all denominators zero,,,,all denominators zero,,,,all denominators zero,,,,all denominators zero,,,,empty applicable subset,,0,0,0,0,0,0,0,0,0,0,0,0,0,0,0,0,0,0,0,0
G1,w202,-2,S3,service,candidate_raw_counts,0,22,0,0,9,31,22,0,0,,0,0,zero denominator,,0,0,zero denominator,0.0,0,22,,0.0,0,31,,0.7096774193548387,22,31,,0.0,0,22,,1.0,22,22,,0.0,0,22,,0.0,0,22,,0.0,0.0,0.0,,present,,,,,,,,,,,,,,,,,,,,
G1,w202,-1,S3,service,candidate_raw_counts,0,22,0,0,9,31,22,0,0,,0,0,zero denominator,,0,0,zero denominator,0.0,0,22,,0.0,0,31,,0.7096774193548387,22,31,,0.0,0,22,,1.0,22,22,,0.0,0,22,,0.0,0,22,,0.0,0.0,0.0,,present,,,,,,,,,,,,,,,,,,,,
G1,w202,0,S3,service,candidate_raw_counts,0,22,0,0,9,31,22,0,0,,0,0,zero denominator,,0,0,zero denominator,0.0,0,22,,0.0,0,31,,0.7096774193548387,22,31,,0.0,0,22,,1.0,22,22,,0.0,0,22,,0.0,0,22,,0.0,0.0,0.0,,present,,,,,,,,,,,,,,,,,,,,
G1,w202,1,S3,service,candidate_raw_counts,0,22,0,0,9,31,22,0,0,,0,0,zero denominator,,0,0,zero denominator,0.0,0,22,,0.0,0,31,,0.7096774193548387,22,31,,0.0,0,22,,1.0,22,22,,0.0,0,22,,0.0,0,22,,0.0,0.0,0.0,,present,,,,,,,,,,,,,,,,,,,,
G1,w202,2,S3,service,candidate_raw_counts,0,22,0,0,9,31,22,0,0,,0,0,zero denominator,,0,0,zero denominator,0.0,0,22,,0.0,0,31,,0.7096774193548387,22,31,,0.0,0,22,,1.0,22,22,,0.0,0,22,,0.0,0,22,,0.0,0.0,0.0,,present,,,,,,,,,,,,,,,,,,,,
G1,w202,ALL,S3,service,pooled_counts,0,110,0,0,45,155,110,0,0,,0,0,zero denominator,,0,0,zero denominator,0.0,0,110,,0.0,0,155,,0.7096774193548387,110,155,,0.0,0,110,,1.0,110,110,,0.0,0,110,,0.0,0,110,,0.0,0.0,0.0,,present,,,,,,,,,,,,,,,,,,,,
G1,w202,ALL,S3,service,equal_candidate_equal_workload_macro,,,,,,,,,,,,,all denominators zero,,,,all denominators zero,0.0,,,,0.0,,,,0.7096774193548387,,,,0.0,,,,1.0,,,,0.0,,,,0.0,,,,0.0,0.0,0.0,,,0,0,0,0,1,5,1,5,1,5,1,5,1,5,1,5,1,5,1,5
G1,w202,-2,S3,latency_only,candidate_raw_counts,0,22,0,0,0,22,22,0,0,,0,0,zero denominator,,0,0,zero denominator,0.0,0,22,,0.0,0,22,,1.0,22,22,,0.0,0,22,,1.0,22,22,,0.0,0,22,,0.0,0,22,,0.0,0.0,0.0,,present,,,,,,,,,,,,,,,,,,,,
G1,w202,-1,S3,latency_only,candidate_raw_counts,0,22,0,0,0,22,22,0,0,,0,0,zero denominator,,0,0,zero denominator,0.0,0,22,,0.0,0,22,,1.0,22,22,,0.0,0,22,,1.0,22,22,,0.0,0,22,,0.0,0,22,,0.0,0.0,0.0,,present,,,,,,,,,,,,,,,,,,,,
G1,w202,0,S3,latency_only,candidate_raw_counts,0,22,0,0,0,22,22,0,0,,0,0,zero denominator,,0,0,zero denominator,0.0,0,22,,0.0,0,22,,1.0,22,22,,0.0,0,22,,1.0,22,22,,0.0,0,22,,0.0,0,22,,0.0,0.0,0.0,,present,,,,,,,,,,,,,,,,,,,,
G1,w202,1,S3,latency_only,candidate_raw_counts,0,22,0,0,0,22,22,0,0,,0,0,zero denominator,,0,0,zero denominator,0.0,0,22,,0.0,0,22,,1.0,22,22,,0.0,0,22,,1.0,22,22,,0.0,0,22,,0.0,0,22,,0.0,0.0,0.0,,present,,,,,,,,,,,,,,,,,,,,
G1,w202,2,S3,latency_only,candidate_raw_counts,0,22,0,0,0,22,22,0,0,,0,0,zero denominator,,0,0,zero denominator,0.0,0,22,,0.0,0,22,,1.0,22,22,,0.0,0,22,,1.0,22,22,,0.0,0,22,,0.0,0,22,,0.0,0.0,0.0,,present,,,,,,,,,,,,,,,,,,,,
G1,w202,ALL,S3,latency_only,pooled_counts,0,110,0,0,0,110,110,0,0,,0,0,zero denominator,,0,0,zero denominator,0.0,0,110,,0.0,0,110,,1.0,110,110,,0.0,0,110,,1.0,110,110,,0.0,0,110,,0.0,0,110,,0.0,0.0,0.0,,present,,,,,,,,,,,,,,,,,,,,
G1,w202,ALL,S3,latency_only,equal_candidate_equal_workload_macro,,,,,,,,,,,,,all denominators zero,,,,all denominators zero,0.0,,,,0.0,,,,1.0,,,,0.0,,,,1.0,,,,0.0,,,,0.0,,,,0.0,0.0,0.0,,,0,0,0,0,1,5,1,5,1,5,1,5,1,5,1,5,1,5,1,5
G1,w202,-2,S3,near_boundary,candidate_raw_counts,0,0,0,0,0,0,0,0,0,,0,0,zero denominator,,0,0,zero denominator,,0,0,zero denominator,,0,0,zero denominator,,0,0,zero denominator,,0,0,zero denominator,,0,0,zero denominator,,0,0,zero denominator,,0,0,zero denominator,,,,no both-attainment-defined points,absent,,,,,,,,,,,,,,,,,,,,
G1,w202,-1,S3,near_boundary,candidate_raw_counts,0,0,0,0,0,0,0,0,0,,0,0,zero denominator,,0,0,zero denominator,,0,0,zero denominator,,0,0,zero denominator,,0,0,zero denominator,,0,0,zero denominator,,0,0,zero denominator,,0,0,zero denominator,,0,0,zero denominator,,,,no both-attainment-defined points,absent,,,,,,,,,,,,,,,,,,,,
G1,w202,0,S3,near_boundary,candidate_raw_counts,0,0,0,0,0,0,0,0,0,,0,0,zero denominator,,0,0,zero denominator,,0,0,zero denominator,,0,0,zero denominator,,0,0,zero denominator,,0,0,zero denominator,,0,0,zero denominator,,0,0,zero denominator,,0,0,zero denominator,,,,no both-attainment-defined points,absent,,,,,,,,,,,,,,,,,,,,
G1,w202,1,S3,near_boundary,candidate_raw_counts,0,0,0,0,0,0,0,0,0,,0,0,zero denominator,,0,0,zero denominator,,0,0,zero denominator,,0,0,zero denominator,,0,0,zero denominator,,0,0,zero denominator,,0,0,zero denominator,,0,0,zero denominator,,0,0,zero denominator,,,,no both-attainment-defined points,absent,,,,,,,,,,,,,,,,,,,,
G1,w202,2,S3,near_boundary,candidate_raw_counts,0,0,0,0,0,0,0,0,0,,0,0,zero denominator,,0,0,zero denominator,,0,0,zero denominator,,0,0,zero denominator,,0,0,zero denominator,,0,0,zero denominator,,0,0,zero denominator,,0,0,zero denominator,,0,0,zero denominator,,,,no both-attainment-defined points,absent,,,,,,,,,,,,,,,,,,,,
G1,w202,ALL,S3,near_boundary,pooled_counts,0,0,0,0,0,0,0,0,0,,0,0,zero denominator,,0,0,zero denominator,,0,0,zero denominator,,0,0,zero denominator,,0,0,zero denominator,,0,0,zero denominator,,0,0,zero denominator,,0,0,zero denominator,,0,0,zero denominator,,,,no both-attainment-defined points,absent,,,,,,,,,,,,,,,,,,,,
G1,w202,ALL,S3,near_boundary,equal_candidate_equal_workload_macro,,,,,,,,,,,,,all denominators zero,,,,all denominators zero,,,,all denominators zero,,,,all denominators zero,,,,all denominators zero,,,,all denominators zero,,,,all denominators zero,,,,all denominators zero,,,,all denominators zero,,,,empty applicable subset,,0,0,0,0,0,0,0,0,0,0,0,0,0,0,0,0,0,0,0,0
G1,w202,-2,S4,service,candidate_raw_counts,13,8,0,1,9,31,22,13,0,0.0,0,13,,0.07142857142857142,1,14,,0.0,0,8,,0.41935483870967744,13,31,,0.7096774193548387,22,31,,0.5909090909090909,13,22,,0.36363636363636365,8,22,,0.0,0,22,,0.045454545454545456,1,22,,-0.04071969696969697,0.04640151515151515,0.20833333333333326,,present,,,,,,,,,,,,,,,,,,,,
G1,w202,-1,S4,service,candidate_raw_counts,13,9,0,0,9,31,22,13,0,0.0,0,13,,0.0,0,13,,0.0,0,9,,0.41935483870967744,13,31,,0.7096774193548387,22,31,,0.5909090909090909,13,22,,0.4090909090909091,9,22,,0.0,0,22,,0.0,0,22,,-0.02935606060606061,0.03693181818181819,0.14583333333333337,,present,,,,,,,,,,,,,,,,,,,,
G1,w202,0,S4,service,candidate_raw_counts,12,9,0,1,9,31,22,12,0,0.0,0,12,,0.07692307692307693,1,13,,0.0,0,9,,0.3870967741935484,12,31,,0.7096774193548387,22,31,,0.5454545454545454,12,22,,0.4090909090909091,9,22,,0.0,0,22,,0.045454545454545456,1,22,,-0.02367424242424243,0.0350378787878788,0.14583333333333337,,present,,,,,,,,,,,,,,,,,,,,
G1,w202,1,S4,service,candidate_raw_counts,10,12,0,0,9,31,22,10,0,0.0,0,10,,0.0,0,10,,0.0,0,12,,0.3225806451612903,10,31,,0.7096774193548387,22,31,,0.45454545454545453,10,22,,0.5454545454545454,12,22,,0.0,0,22,,0.0,0,22,,-0.019886363636363636,0.03125,0.04166666666666667,,present,,,,,,,,,,,,,,,,,,,,
G1,w202,2,S4,service,candidate_raw_counts,10,12,0,0,9,31,22,10,0,0.0,0,10,,0.0,0,10,,0.0,0,12,,0.3225806451612903,10,31,,0.7096774193548387,22,31,,0.45454545454545453,10,22,,0.5454545454545454,12,22,,0.0,0,22,,0.0,0,22,,-0.038825757575757576,0.04261363636363636,0.14583333333333337,,present,,,,,,,,,,,,,,,,,,,,
G1,w202,ALL,S4,service,pooled_counts,58,50,0,2,45,155,110,58,0,0.0,0,58,,0.03333333333333333,2,60,,0.0,0,50,,0.3741935483870968,58,155,,0.7096774193548387,110,155,,0.5272727272727272,58,110,,0.45454545454545453,50,110,,0.0,0,110,,0.01818181818181818,2,110,,-0.030492424242424244,0.0384469696969697,0.14583333333333337,,present,,,,,,,,,,,,,,,,,,,,
G1,w202,ALL,S4,service,equal_candidate_equal_workload_macro,,,,,,,,,,0.0,,,,0.02967032967032967,,,,0.0,,,,0.3741935483870968,,,,0.7096774193548387,,,,0.5272727272727272,,,,0.45454545454545453,,,,0.0,,,,0.01818181818181818,,,,-0.030492424242424244,0.0384469696969697,0.14583333333333337,,,1,5,1,5,1,5,1,5,1,5,1,5,1,5,1,5,1,5,1,5
G1,w202,-2,S4,latency_only,candidate_raw_counts,13,8,0,1,0,22,22,13,0,0.0,0,13,,0.07142857142857142,1,14,,0.0,0,8,,0.5909090909090909,13,22,,1.0,22,22,,0.5909090909090909,13,22,,0.36363636363636365,8,22,,0.0,0,22,,0.045454545454545456,1,22,,-0.04071969696969697,0.04640151515151515,0.20833333333333326,,present,,,,,,,,,,,,,,,,,,,,
G1,w202,-1,S4,latency_only,candidate_raw_counts,13,9,0,0,0,22,22,13,0,0.0,0,13,,0.0,0,13,,0.0,0,9,,0.5909090909090909,13,22,,1.0,22,22,,0.5909090909090909,13,22,,0.4090909090909091,9,22,,0.0,0,22,,0.0,0,22,,-0.02935606060606061,0.03693181818181819,0.14583333333333337,,present,,,,,,,,,,,,,,,,,,,,
G1,w202,0,S4,latency_only,candidate_raw_counts,12,9,0,1,0,22,22,12,0,0.0,0,12,,0.07692307692307693,1,13,,0.0,0,9,,0.5454545454545454,12,22,,1.0,22,22,,0.5454545454545454,12,22,,0.4090909090909091,9,22,,0.0,0,22,,0.045454545454545456,1,22,,-0.02367424242424243,0.0350378787878788,0.14583333333333337,,present,,,,,,,,,,,,,,,,,,,,
G1,w202,1,S4,latency_only,candidate_raw_counts,10,12,0,0,0,22,22,10,0,0.0,0,10,,0.0,0,10,,0.0,0,12,,0.45454545454545453,10,22,,1.0,22,22,,0.45454545454545453,10,22,,0.5454545454545454,12,22,,0.0,0,22,,0.0,0,22,,-0.019886363636363636,0.03125,0.04166666666666667,,present,,,,,,,,,,,,,,,,,,,,
G1,w202,2,S4,latency_only,candidate_raw_counts,10,12,0,0,0,22,22,10,0,0.0,0,10,,0.0,0,10,,0.0,0,12,,0.45454545454545453,10,22,,1.0,22,22,,0.45454545454545453,10,22,,0.5454545454545454,12,22,,0.0,0,22,,0.0,0,22,,-0.038825757575757576,0.04261363636363636,0.14583333333333337,,present,,,,,,,,,,,,,,,,,,,,
G1,w202,ALL,S4,latency_only,pooled_counts,58,50,0,2,0,110,110,58,0,0.0,0,58,,0.03333333333333333,2,60,,0.0,0,50,,0.5272727272727272,58,110,,1.0,110,110,,0.5272727272727272,58,110,,0.45454545454545453,50,110,,0.0,0,110,,0.01818181818181818,2,110,,-0.030492424242424244,0.0384469696969697,0.14583333333333337,,present,,,,,,,,,,,,,,,,,,,,
G1,w202,ALL,S4,latency_only,equal_candidate_equal_workload_macro,,,,,,,,,,0.0,,,,0.02967032967032967,,,,0.0,,,,0.5272727272727272,,,,1.0,,,,0.5272727272727272,,,,0.45454545454545453,,,,0.0,,,,0.01818181818181818,,,,-0.030492424242424244,0.0384469696969697,0.14583333333333337,,,1,5,1,5,1,5,1,5,1,5,1,5,1,5,1,5,1,5,1,5
G1,w202,-2,S4,near_boundary,candidate_raw_counts,0,0,0,1,0,1,1,0,0,,0,0,zero denominator,1.0,1,1,,,0,0,zero denominator,0.0,0,1,,1.0,1,1,,0.0,0,1,,0.0,0,1,,0.0,0,1,,1.0,1,1,,-0.20833333333333326,0.20833333333333326,0.20833333333333326,,present,,,,,,,,,,,,,,,,,,,,
G1,w202,-1,S4,near_boundary,candidate_raw_counts,0,0,0,0,0,0,0,0,0,,0,0,zero denominator,,0,0,zero denominator,,0,0,zero denominator,,0,0,zero denominator,,0,0,zero denominator,,0,0,zero denominator,,0,0,zero denominator,,0,0,zero denominator,,0,0,zero denominator,,,,no both-attainment-defined points,absent,,,,,,,,,,,,,,,,,,,,
G1,w202,0,S4,near_boundary,candidate_raw_counts,0,0,0,1,0,1,1,0,0,,0,0,zero denominator,1.0,1,1,,,0,0,zero denominator,0.0,0,1,,1.0,1,1,,0.0,0,1,,0.0,0,1,,0.0,0,1,,1.0,1,1,,-0.14583333333333337,0.14583333333333337,0.14583333333333337,,present,,,,,,,,,,,,,,,,,,,,
G1,w202,1,S4,near_boundary,candidate_raw_counts,0,1,0,0,0,1,1,0,0,,0,0,zero denominator,,0,0,zero denominator,0.0,0,1,,0.0,0,1,,1.0,1,1,,0.0,0,1,,1.0,1,1,,0.0,0,1,,0.0,0,1,,-0.02083333333333337,0.02083333333333337,0.02083333333333337,,present,,,,,,,,,,,,,,,,,,,,
G1,w202,2,S4,near_boundary,candidate_raw_counts,2,0,0,0,0,2,2,2,0,0.0,0,2,,0.0,0,2,,,0,0,zero denominator,1.0,2,2,,1.0,2,2,,1.0,2,2,,0.0,0,2,,0.0,0,2,,0.0,0,2,,0.0,0.0,0.0,,present,,,,,,,,,,,,,,,,,,,,
G1,w202,ALL,S4,near_boundary,pooled_counts,2,1,0,2,0,5,5,2,0,0.0,0,2,,0.5,2,4,,0.0,0,1,,0.4,2,5,,1.0,5,5,,0.4,2,5,,0.2,1,5,,0.0,0,5,,0.4,2,5,,-0.075,0.075,0.20833333333333326,,present,,,,,,,,,,,,,,,,,,,,
G1,w202,ALL,S4,near_boundary,equal_candidate_equal_workload_macro,,,,,,,,,,0.0,,,,0.6666666666666666,,,,0.0,,,,0.25,,,,1.0,,,,0.25,,,,0.25,,,,0.0,,,,0.5,,,,-0.09375,0.09375,0.20833333333333326,,,1,1,1,3,1,1,1,4,1,4,1,4,1,4,1,4,1,4,1,4
G1,w202,-2,S5,service,candidate_raw_counts,16,6,0,0,9,31,22,16,0,0.0,0,16,,0.0,0,16,,0.0,0,6,,0.5161290322580645,16,31,,0.7096774193548387,22,31,,0.7272727272727273,16,22,,0.2727272727272727,6,22,,0.0,0,22,,0.0,0,22,,0.014204545454545452,0.027462121212121215,0.10416666666666666,,present,,,,,,,,,,,,,,,,,,,,
G1,w202,-1,S5,service,candidate_raw_counts,16,6,0,0,9,31,22,16,0,0.0,0,16,,0.0,0,16,,0.0,0,6,,0.5161290322580645,16,31,,0.7096774193548387,22,31,,0.7272727272727273,16,22,,0.2727272727272727,6,22,,0.0,0,22,,0.0,0,22,,0.030303030303030307,0.032196969696969696,0.0625,,present,,,,,,,,,,,,,,,,,,,,
G1,w202,0,S5,service,candidate_raw_counts,16,6,0,0,9,31,22,16,0,0.0,0,16,,0.0,0,16,,0.0,0,6,,0.5161290322580645,16,31,,0.7096774193548387,22,31,,0.7272727272727273,16,22,,0.2727272727272727,6,22,,0.0,0,22,,0.0,0,22,,0.03598484848484849,0.03787878787878788,0.08333333333333333,,present,,,,,,,,,,,,,,,,,,,,
G1,w202,1,S5,service,candidate_raw_counts,15,7,0,0,9,31,22,15,0,0.0,0,15,,0.0,0,15,,0.0,0,7,,0.4838709677419355,15,31,,0.7096774193548387,22,31,,0.6818181818181818,15,22,,0.3181818181818182,7,22,,0.0,0,22,,0.0,0,22,,0.028409090909090908,0.028409090909090908,0.0625,,present,,,,,,,,,,,,,,,,,,,,
G1,w202,2,S5,service,candidate_raw_counts,14,7,1,0,9,31,22,15,0,0.06666666666666667,1,15,,0.0,0,14,,0.125,1,8,,0.4838709677419355,15,31,,0.7096774193548387,22,31,,0.6363636363636364,14,22,,0.3181818181818182,7,22,,0.045454545454545456,1,22,,0.0,0,22,,0.039772727272727265,0.039772727272727265,0.10416666666666667,,present,,,,,,,,,,,,,,,,,,,,
G1,w202,ALL,S5,service,pooled_counts,77,32,1,0,45,155,110,78,0,0.01282051282051282,1,78,,0.0,0,77,,0.030303030303030304,1,33,,0.5032258064516129,78,155,,0.7096774193548387,110,155,,0.7,77,110,,0.2909090909090909,32,110,,0.00909090909090909,1,110,,0.0,0,110,,0.029734848484848486,0.03314393939393939,0.10416666666666667,,present,,,,,,,,,,,,,,,,,,,,
G1,w202,ALL,S5,service,equal_candidate_equal_workload_macro,,,,,,,,,,0.013333333333333332,,,,0.0,,,,0.025,,,,0.5032258064516129,,,,0.7096774193548387,,,,0.7,,,,0.2909090909090909,,,,0.00909090909090909,,,,0.0,,,,0.029734848484848486,0.03314393939393939,0.10416666666666667,,,1,5,1,5,1,5,1,5,1,5,1,5,1,5,1,5,1,5,1,5
G1,w202,-2,S5,latency_only,candidate_raw_counts,16,6,0,0,0,22,22,16,0,0.0,0,16,,0.0,0,16,,0.0,0,6,,0.7272727272727273,16,22,,1.0,22,22,,0.7272727272727273,16,22,,0.2727272727272727,6,22,,0.0,0,22,,0.0,0,22,,0.014204545454545452,0.027462121212121215,0.10416666666666666,,present,,,,,,,,,,,,,,,,,,,,
G1,w202,-1,S5,latency_only,candidate_raw_counts,16,6,0,0,0,22,22,16,0,0.0,0,16,,0.0,0,16,,0.0,0,6,,0.7272727272727273,16,22,,1.0,22,22,,0.7272727272727273,16,22,,0.2727272727272727,6,22,,0.0,0,22,,0.0,0,22,,0.030303030303030307,0.032196969696969696,0.0625,,present,,,,,,,,,,,,,,,,,,,,
G1,w202,0,S5,latency_only,candidate_raw_counts,16,6,0,0,0,22,22,16,0,0.0,0,16,,0.0,0,16,,0.0,0,6,,0.7272727272727273,16,22,,1.0,22,22,,0.7272727272727273,16,22,,0.2727272727272727,6,22,,0.0,0,22,,0.0,0,22,,0.03598484848484849,0.03787878787878788,0.08333333333333333,,present,,,,,,,,,,,,,,,,,,,,
G1,w202,1,S5,latency_only,candidate_raw_counts,15,7,0,0,0,22,22,15,0,0.0,0,15,,0.0,0,15,,0.0,0,7,,0.6818181818181818,15,22,,1.0,22,22,,0.6818181818181818,15,22,,0.3181818181818182,7,22,,0.0,0,22,,0.0,0,22,,0.028409090909090908,0.028409090909090908,0.0625,,present,,,,,,,,,,,,,,,,,,,,
G1,w202,2,S5,latency_only,candidate_raw_counts,14,7,1,0,0,22,22,15,0,0.06666666666666667,1,15,,0.0,0,14,,0.125,1,8,,0.6818181818181818,15,22,,1.0,22,22,,0.6363636363636364,14,22,,0.3181818181818182,7,22,,0.045454545454545456,1,22,,0.0,0,22,,0.039772727272727265,0.039772727272727265,0.10416666666666667,,present,,,,,,,,,,,,,,,,,,,,
G1,w202,ALL,S5,latency_only,pooled_counts,77,32,1,0,0,110,110,78,0,0.01282051282051282,1,78,,0.0,0,77,,0.030303030303030304,1,33,,0.7090909090909091,78,110,,1.0,110,110,,0.7,77,110,,0.2909090909090909,32,110,,0.00909090909090909,1,110,,0.0,0,110,,0.029734848484848486,0.03314393939393939,0.10416666666666667,,present,,,,,,,,,,,,,,,,,,,,
G1,w202,ALL,S5,latency_only,equal_candidate_equal_workload_macro,,,,,,,,,,0.013333333333333332,,,,0.0,,,,0.025,,,,0.7090909090909091,,,,1.0,,,,0.7,,,,0.2909090909090909,,,,0.00909090909090909,,,,0.0,,,,0.029734848484848486,0.03314393939393939,0.10416666666666667,,,1,5,1,5,1,5,1,5,1,5,1,5,1,5,1,5,1,5,1,5
G1,w202,-2,S5,near_boundary,candidate_raw_counts,0,1,0,0,0,1,1,0,0,,0,0,zero denominator,,0,0,zero denominator,0.0,0,1,,0.0,0,1,,1.0,1,1,,0.0,0,1,,1.0,1,1,,0.0,0,1,,0.0,0,1,,-0.14583333333333337,0.14583333333333337,0.14583333333333337,,present,,,,,,,,,,,,,,,,,,,,
G1,w202,-1,S5,near_boundary,candidate_raw_counts,0,0,0,0,0,0,0,0,0,,0,0,zero denominator,,0,0,zero denominator,,0,0,zero denominator,,0,0,zero denominator,,0,0,zero denominator,,0,0,zero denominator,,0,0,zero denominator,,0,0,zero denominator,,0,0,zero denominator,,,,no both-attainment-defined points,absent,,,,,,,,,,,,,,,,,,,,
G1,w202,0,S5,near_boundary,candidate_raw_counts,1,0,0,0,0,1,1,1,0,0.0,0,1,,0.0,0,1,,,0,0,zero denominator,1.0,1,1,,1.0,1,1,,1.0,1,1,,0.0,0,1,,0.0,0,1,,0.0,0,1,,0.04166666666666674,0.04166666666666674,0.04166666666666674,,present,,,,,,,,,,,,,,,,,,,,
G1,w202,1,S5,near_boundary,candidate_raw_counts,0,0,0,0,0,0,0,0,0,,0,0,zero denominator,,0,0,zero denominator,,0,0,zero denominator,,0,0,zero denominator,,0,0,zero denominator,,0,0,zero denominator,,0,0,zero denominator,,0,0,zero denominator,,0,0,zero denominator,,,,no both-attainment-defined points,absent,,,,,,,,,,,,,,,,,,,,
G1,w202,2,S5,near_boundary,candidate_raw_counts,0,0,0,0,0,0,0,0,0,,0,0,zero denominator,,0,0,zero denominator,,0,0,zero denominator,,0,0,zero denominator,,0,0,zero denominator,,0,0,zero denominator,,0,0,zero denominator,,0,0,zero denominator,,0,0,zero denominator,,,,no both-attainment-defined points,absent,,,,,,,,,,,,,,,,,,,,
G1,w202,ALL,S5,near_boundary,pooled_counts,1,1,0,0,0,2,2,1,0,0.0,0,1,,0.0,0,1,,0.0,0,1,,0.5,1,2,,1.0,2,2,,0.5,1,2,,0.5,1,2,,0.0,0,2,,0.0,0,2,,-0.052083333333333315,0.09375000000000006,0.14583333333333337,,present,,,,,,,,,,,,,,,,,,,,
G1,w202,ALL,S5,near_boundary,equal_candidate_equal_workload_macro,,,,,,,,,,0.0,,,,0.0,,,,0.0,,,,0.5,,,,1.0,,,,0.5,,,,0.5,,,,0.0,,,,0.0,,,,-0.052083333333333315,0.09375000000000006,0.14583333333333337,,,1,1,1,1,1,1,1,2,1,2,1,2,1,2,1,2,1,2,1,2
G1,w202,-2,S6,service,candidate_raw_counts,17,2,0,3,9,31,22,17,0,0.0,0,17,,0.15,3,20,,0.0,0,2,,0.5483870967741935,17,31,,0.7096774193548387,22,31,,0.7727272727272727,17,22,,0.09090909090909091,2,22,,0.0,0,22,,0.13636363636363635,3,22,,-0.02651515151515152,0.02651515151515152,0.10416666666666674,,present,,,,,,,,,,,,,,,,,,,,
G1,w202,-1,S6,service,candidate_raw_counts,17,2,0,3,9,31,22,17,0,0.0,0,17,,0.15,3,20,,0.0,0,2,,0.5483870967741935,17,31,,0.7096774193548387,22,31,,0.7727272727272727,17,22,,0.09090909090909091,2,22,,0.0,0,22,,0.13636363636363635,3,22,,-0.03977272727272727,0.03977272727272727,0.125,,present,,,,,,,,,,,,,,,,,,,,
G1,w202,0,S6,service,candidate_raw_counts,17,3,0,2,9,31,22,17,0,0.0,0,17,,0.10526315789473684,2,19,,0.0,0,3,,0.5483870967741935,17,31,,0.7096774193548387,22,31,,0.7727272727272727,17,22,,0.13636363636363635,3,22,,0.0,0,22,,0.09090909090909091,2,22,,-0.03503787878787879,0.03503787878787879,0.08333333333333337,,present,,,,,,,,,,,,,,,,,,,,
G1,w202,1,S6,service,candidate_raw_counts,17,3,0,2,9,31,22,17,0,0.0,0,17,,0.10526315789473684,2,19,,0.0,0,3,,0.5483870967741935,17,31,,0.7096774193548387,22,31,,0.7727272727272727,17,22,,0.13636363636363635,3,22,,0.0,0,22,,0.09090909090909091,2,22,,-0.02556818181818182,0.02556818181818182,0.08333333333333337,,present,,,,,,,,,,,,,,,,,,,,
G1,w202,2,S6,service,candidate_raw_counts,18,3,0,1,9,31,22,18,0,0.0,0,18,,0.05263157894736842,1,19,,0.0,0,3,,0.5806451612903226,18,31,,0.7096774193548387,22,31,,0.8181818181818182,18,22,,0.13636363636363635,3,22,,0.0,0,22,,0.045454545454545456,1,22,,-0.005681818181818179,0.013257575757575758,0.041666666666666685,,present,,,,,,,,,,,,,,,,,,,,
G1,w202,ALL,S6,service,pooled_counts,86,13,0,11,45,155,110,86,0,0.0,0,86,,0.1134020618556701,11,97,,0.0,0,13,,0.5548387096774193,86,155,,0.7096774193548387,110,155,,0.7818181818181819,86,110,,0.11818181818181818,13,110,,0.0,0,110,,0.1,11,110,,-0.026515151515151516,0.028030303030303034,0.08333333333333337,,present,,,,,,,,,,,,,,,,,,,,
G1,w202,ALL,S6,service,equal_candidate_equal_workload_macro,,,,,,,,,,0.0,,,,0.11263157894736842,,,,0.0,,,,0.5548387096774193,,,,0.7096774193548387,,,,0.7818181818181819,,,,0.11818181818181818,,,,0.0,,,,0.09999999999999999,,,,-0.026515151515151516,0.028030303030303034,0.08333333333333337,,,1,5,1,5,1,5,1,5,1,5,1,5,1,5,1,5,1,5,1,5
G1,w202,-2,S6,latency_only,candidate_raw_counts,17,2,0,3,0,22,22,17,0,0.0,0,17,,0.15,3,20,,0.0,0,2,,0.7727272727272727,17,22,,1.0,22,22,,0.7727272727272727,17,22,,0.09090909090909091,2,22,,0.0,0,22,,0.13636363636363635,3,22,,-0.02651515151515152,0.02651515151515152,0.10416666666666674,,present,,,,,,,,,,,,,,,,,,,,
G1,w202,-1,S6,latency_only,candidate_raw_counts,17,2,0,3,0,22,22,17,0,0.0,0,17,,0.15,3,20,,0.0,0,2,,0.7727272727272727,17,22,,1.0,22,22,,0.7727272727272727,17,22,,0.09090909090909091,2,22,,0.0,0,22,,0.13636363636363635,3,22,,-0.03977272727272727,0.03977272727272727,0.125,,present,,,,,,,,,,,,,,,,,,,,
G1,w202,0,S6,latency_only,candidate_raw_counts,17,3,0,2,0,22,22,17,0,0.0,0,17,,0.10526315789473684,2,19,,0.0,0,3,,0.7727272727272727,17,22,,1.0,22,22,,0.7727272727272727,17,22,,0.13636363636363635,3,22,,0.0,0,22,,0.09090909090909091,2,22,,-0.03503787878787879,0.03503787878787879,0.08333333333333337,,present,,,,,,,,,,,,,,,,,,,,
G1,w202,1,S6,latency_only,candidate_raw_counts,17,3,0,2,0,22,22,17,0,0.0,0,17,,0.10526315789473684,2,19,,0.0,0,3,,0.7727272727272727,17,22,,1.0,22,22,,0.7727272727272727,17,22,,0.13636363636363635,3,22,,0.0,0,22,,0.09090909090909091,2,22,,-0.02556818181818182,0.02556818181818182,0.08333333333333337,,present,,,,,,,,,,,,,,,,,,,,
G1,w202,2,S6,latency_only,candidate_raw_counts,18,3,0,1,0,22,22,18,0,0.0,0,18,,0.05263157894736842,1,19,,0.0,0,3,,0.8181818181818182,18,22,,1.0,22,22,,0.8181818181818182,18,22,,0.13636363636363635,3,22,,0.0,0,22,,0.045454545454545456,1,22,,-0.005681818181818179,0.013257575757575758,0.041666666666666685,,present,,,,,,,,,,,,,,,,,,,,
G1,w202,ALL,S6,latency_only,pooled_counts,86,13,0,11,0,110,110,86,0,0.0,0,86,,0.1134020618556701,11,97,,0.0,0,13,,0.7818181818181819,86,110,,1.0,110,110,,0.7818181818181819,86,110,,0.11818181818181818,13,110,,0.0,0,110,,0.1,11,110,,-0.026515151515151516,0.028030303030303034,0.08333333333333337,,present,,,,,,,,,,,,,,,,,,,,
G1,w202,ALL,S6,latency_only,equal_candidate_equal_workload_macro,,,,,,,,,,0.0,,,,0.11263157894736842,,,,0.0,,,,0.7818181818181819,,,,1.0,,,,0.7818181818181819,,,,0.11818181818181818,,,,0.0,,,,0.09999999999999999,,,,-0.026515151515151516,0.028030303030303034,0.08333333333333337,,,1,5,1,5,1,5,1,5,1,5,1,5,1,5,1,5,1,5,1,5
G1,w202,-2,S6,near_boundary,candidate_raw_counts,0,0,0,1,0,1,1,0,0,,0,0,zero denominator,1.0,1,1,,,0,0,zero denominator,0.0,0,1,,1.0,1,1,,0.0,0,1,,0.0,0,1,,0.0,0,1,,1.0,1,1,,-0.125,0.125,0.125,,present,,,,,,,,,,,,,,,,,,,,
G1,w202,-1,S6,near_boundary,candidate_raw_counts,0,0,0,1,0,1,1,0,0,,0,0,zero denominator,1.0,1,1,,,0,0,zero denominator,0.0,0,1,,1.0,1,1,,0.0,0,1,,0.0,0,1,,0.0,0,1,,1.0,1,1,,-0.125,0.125,0.125,,present,,,,,,,,,,,,,,,,,,,,
G1,w202,0,S6,near_boundary,candidate_raw_counts,0,0,0,1,0,1,1,0,0,,0,0,zero denominator,1.0,1,1,,,0,0,zero denominator,0.0,0,1,,1.0,1,1,,0.0,0,1,,0.0,0,1,,0.0,0,1,,1.0,1,1,,-0.04166666666666663,0.04166666666666663,0.04166666666666663,,present,,,,,,,,,,,,,,,,,,,,
G1,w202,1,S6,near_boundary,candidate_raw_counts,0,0,0,1,0,1,1,0,0,,0,0,zero denominator,1.0,1,1,,,0,0,zero denominator,0.0,0,1,,1.0,1,1,,0.0,0,1,,0.0,0,1,,0.0,0,1,,1.0,1,1,,-0.04166666666666663,0.04166666666666663,0.04166666666666663,,present,,,,,,,,,,,,,,,,,,,,
G1,w202,2,S6,near_boundary,candidate_raw_counts,1,0,0,1,0,2,2,1,0,0.0,0,1,,0.5,1,2,,,0,0,zero denominator,0.5,1,2,,1.0,2,2,,0.5,1,2,,0.0,0,2,,0.0,0,2,,0.5,1,2,,-0.041666666666666685,0.041666666666666685,0.0625,,present,,,,,,,,,,,,,,,,,,,,
G1,w202,ALL,S6,near_boundary,pooled_counts,1,0,0,5,0,6,6,1,0,0.0,0,1,,0.8333333333333334,5,6,,,0,0,zero denominator,0.16666666666666666,1,6,,1.0,6,6,,0.16666666666666666,1,6,,0.0,0,6,,0.0,0,6,,0.8333333333333334,5,6,,-0.06944444444444443,0.06944444444444443,0.125,,present,,,,,,,,,,,,,,,,,,,,
G1,w202,ALL,S6,near_boundary,equal_candidate_equal_workload_macro,,,,,,,,,,0.0,,,,0.9,,,,,,,all denominators zero,0.1,,,,1.0,,,,0.1,,,,0.0,,,,0.0,,,,0.9,,,,-0.07499999999999998,0.07499999999999998,0.125,,,1,1,1,5,0,0,1,5,1,5,1,5,1,5,1,5,1,5,1,5
G1,w203,-2,S1,service,candidate_raw_counts,0,31,0,0,0,31,31,0,0,,0,0,zero denominator,,0,0,zero denominator,0.0,0,31,,0.0,0,31,,1.0,31,31,,0.0,0,31,,1.0,31,31,,0.0,0,31,,0.0,0,31,,0.0,0.0,0.0,,present,,,,,,,,,,,,,,,,,,,,
G1,w203,-1,S1,service,candidate_raw_counts,0,31,0,0,0,31,31,0,0,,0,0,zero denominator,,0,0,zero denominator,0.0,0,31,,0.0,0,31,,1.0,31,31,,0.0,0,31,,1.0,31,31,,0.0,0,31,,0.0,0,31,,0.0,0.0,0.0,,present,,,,,,,,,,,,,,,,,,,,
G1,w203,0,S1,service,candidate_raw_counts,0,31,0,0,0,31,31,0,0,,0,0,zero denominator,,0,0,zero denominator,0.0,0,31,,0.0,0,31,,1.0,31,31,,0.0,0,31,,1.0,31,31,,0.0,0,31,,0.0,0,31,,0.0,0.0,0.0,,present,,,,,,,,,,,,,,,,,,,,
G1,w203,1,S1,service,candidate_raw_counts,0,31,0,0,0,31,31,0,0,,0,0,zero denominator,,0,0,zero denominator,0.0,0,31,,0.0,0,31,,1.0,31,31,,0.0,0,31,,1.0,31,31,,0.0,0,31,,0.0,0,31,,0.0,0.0,0.0,,present,,,,,,,,,,,,,,,,,,,,
G1,w203,2,S1,service,candidate_raw_counts,0,31,0,0,0,31,31,0,0,,0,0,zero denominator,,0,0,zero denominator,0.0,0,31,,0.0,0,31,,1.0,31,31,,0.0,0,31,,1.0,31,31,,0.0,0,31,,0.0,0,31,,0.0,0.0,0.0,,present,,,,,,,,,,,,,,,,,,,,
G1,w203,ALL,S1,service,pooled_counts,0,155,0,0,0,155,155,0,0,,0,0,zero denominator,,0,0,zero denominator,0.0,0,155,,0.0,0,155,,1.0,155,155,,0.0,0,155,,1.0,155,155,,0.0,0,155,,0.0,0,155,,0.0,0.0,0.0,,present,,,,,,,,,,,,,,,,,,,,
G1,w203,ALL,S1,service,equal_candidate_equal_workload_macro,,,,,,,,,,,,,all denominators zero,,,,all denominators zero,0.0,,,,0.0,,,,1.0,,,,0.0,,,,1.0,,,,0.0,,,,0.0,,,,0.0,0.0,0.0,,,0,0,0,0,1,5,1,5,1,5,1,5,1,5,1,5,1,5,1,5
G1,w203,-2,S1,latency_only,candidate_raw_counts,0,31,0,0,0,31,31,0,0,,0,0,zero denominator,,0,0,zero denominator,0.0,0,31,,0.0,0,31,,1.0,31,31,,0.0,0,31,,1.0,31,31,,0.0,0,31,,0.0,0,31,,0.0,0.0,0.0,,present,,,,,,,,,,,,,,,,,,,,
G1,w203,-1,S1,latency_only,candidate_raw_counts,0,31,0,0,0,31,31,0,0,,0,0,zero denominator,,0,0,zero denominator,0.0,0,31,,0.0,0,31,,1.0,31,31,,0.0,0,31,,1.0,31,31,,0.0,0,31,,0.0,0,31,,0.0,0.0,0.0,,present,,,,,,,,,,,,,,,,,,,,
G1,w203,0,S1,latency_only,candidate_raw_counts,0,31,0,0,0,31,31,0,0,,0,0,zero denominator,,0,0,zero denominator,0.0,0,31,,0.0,0,31,,1.0,31,31,,0.0,0,31,,1.0,31,31,,0.0,0,31,,0.0,0,31,,0.0,0.0,0.0,,present,,,,,,,,,,,,,,,,,,,,
G1,w203,1,S1,latency_only,candidate_raw_counts,0,31,0,0,0,31,31,0,0,,0,0,zero denominator,,0,0,zero denominator,0.0,0,31,,0.0,0,31,,1.0,31,31,,0.0,0,31,,1.0,31,31,,0.0,0,31,,0.0,0,31,,0.0,0.0,0.0,,present,,,,,,,,,,,,,,,,,,,,
G1,w203,2,S1,latency_only,candidate_raw_counts,0,31,0,0,0,31,31,0,0,,0,0,zero denominator,,0,0,zero denominator,0.0,0,31,,0.0,0,31,,1.0,31,31,,0.0,0,31,,1.0,31,31,,0.0,0,31,,0.0,0,31,,0.0,0.0,0.0,,present,,,,,,,,,,,,,,,,,,,,
G1,w203,ALL,S1,latency_only,pooled_counts,0,155,0,0,0,155,155,0,0,,0,0,zero denominator,,0,0,zero denominator,0.0,0,155,,0.0,0,155,,1.0,155,155,,0.0,0,155,,1.0,155,155,,0.0,0,155,,0.0,0,155,,0.0,0.0,0.0,,present,,,,,,,,,,,,,,,,,,,,
G1,w203,ALL,S1,latency_only,equal_candidate_equal_workload_macro,,,,,,,,,,,,,all denominators zero,,,,all denominators zero,0.0,,,,0.0,,,,1.0,,,,0.0,,,,1.0,,,,0.0,,,,0.0,,,,0.0,0.0,0.0,,,0,0,0,0,1,5,1,5,1,5,1,5,1,5,1,5,1,5,1,5
G1,w203,-2,S1,near_boundary,candidate_raw_counts,0,0,0,0,0,0,0,0,0,,0,0,zero denominator,,0,0,zero denominator,,0,0,zero denominator,,0,0,zero denominator,,0,0,zero denominator,,0,0,zero denominator,,0,0,zero denominator,,0,0,zero denominator,,0,0,zero denominator,,,,no both-attainment-defined points,absent,,,,,,,,,,,,,,,,,,,,
G1,w203,-1,S1,near_boundary,candidate_raw_counts,0,0,0,0,0,0,0,0,0,,0,0,zero denominator,,0,0,zero denominator,,0,0,zero denominator,,0,0,zero denominator,,0,0,zero denominator,,0,0,zero denominator,,0,0,zero denominator,,0,0,zero denominator,,0,0,zero denominator,,,,no both-attainment-defined points,absent,,,,,,,,,,,,,,,,,,,,
G1,w203,0,S1,near_boundary,candidate_raw_counts,0,0,0,0,0,0,0,0,0,,0,0,zero denominator,,0,0,zero denominator,,0,0,zero denominator,,0,0,zero denominator,,0,0,zero denominator,,0,0,zero denominator,,0,0,zero denominator,,0,0,zero denominator,,0,0,zero denominator,,,,no both-attainment-defined points,absent,,,,,,,,,,,,,,,,,,,,
G1,w203,1,S1,near_boundary,candidate_raw_counts,0,0,0,0,0,0,0,0,0,,0,0,zero denominator,,0,0,zero denominator,,0,0,zero denominator,,0,0,zero denominator,,0,0,zero denominator,,0,0,zero denominator,,0,0,zero denominator,,0,0,zero denominator,,0,0,zero denominator,,,,no both-attainment-defined points,absent,,,,,,,,,,,,,,,,,,,,
G1,w203,2,S1,near_boundary,candidate_raw_counts,0,0,0,0,0,0,0,0,0,,0,0,zero denominator,,0,0,zero denominator,,0,0,zero denominator,,0,0,zero denominator,,0,0,zero denominator,,0,0,zero denominator,,0,0,zero denominator,,0,0,zero denominator,,0,0,zero denominator,,,,no both-attainment-defined points,absent,,,,,,,,,,,,,,,,,,,,
G1,w203,ALL,S1,near_boundary,pooled_counts,0,0,0,0,0,0,0,0,0,,0,0,zero denominator,,0,0,zero denominator,,0,0,zero denominator,,0,0,zero denominator,,0,0,zero denominator,,0,0,zero denominator,,0,0,zero denominator,,0,0,zero denominator,,0,0,zero denominator,,,,no both-attainment-defined points,absent,,,,,,,,,,,,,,,,,,,,
G1,w203,ALL,S1,near_boundary,equal_candidate_equal_workload_macro,,,,,,,,,,,,,all denominators zero,,,,all denominators zero,,,,all denominators zero,,,,all denominators zero,,,,all denominators zero,,,,all denominators zero,,,,all denominators zero,,,,all denominators zero,,,,all denominators zero,,,,empty applicable subset,,0,0,0,0,0,0,0,0,0,0,0,0,0,0,0,0,0,0,0,0
G1,w203,-2,S2,service,candidate_raw_counts,0,31,0,0,0,31,31,0,0,,0,0,zero denominator,,0,0,zero denominator,0.0,0,31,,0.0,0,31,,1.0,31,31,,0.0,0,31,,1.0,31,31,,0.0,0,31,,0.0,0,31,,-0.03870967741935484,0.03870967741935484,0.2,,present,,,,,,,,,,,,,,,,,,,,
G1,w203,-1,S2,service,candidate_raw_counts,0,31,0,0,0,31,31,0,0,,0,0,zero denominator,,0,0,zero denominator,0.0,0,31,,0.0,0,31,,1.0,31,31,,0.0,0,31,,1.0,31,31,,0.0,0,31,,0.0,0,31,,-0.03870967741935484,0.03870967741935484,0.2,,present,,,,,,,,,,,,,,,,,,,,
G1,w203,0,S2,service,candidate_raw_counts,0,31,0,0,0,31,31,0,0,,0,0,zero denominator,,0,0,zero denominator,0.0,0,31,,0.0,0,31,,1.0,31,31,,0.0,0,31,,1.0,31,31,,0.0,0,31,,0.0,0,31,,-0.03870967741935484,0.03870967741935484,0.2,,present,,,,,,,,,,,,,,,,,,,,
G1,w203,1,S2,service,candidate_raw_counts,0,31,0,0,0,31,31,0,0,,0,0,zero denominator,,0,0,zero denominator,0.0,0,31,,0.0,0,31,,1.0,31,31,,0.0,0,31,,1.0,31,31,,0.0,0,31,,0.0,0,31,,-0.03870967741935484,0.03870967741935484,0.2,,present,,,,,,,,,,,,,,,,,,,,
G1,w203,2,S2,service,candidate_raw_counts,0,31,0,0,0,31,31,0,0,,0,0,zero denominator,,0,0,zero denominator,0.0,0,31,,0.0,0,31,,1.0,31,31,,0.0,0,31,,1.0,31,31,,0.0,0,31,,0.0,0,31,,-0.03870967741935484,0.03870967741935484,0.2,,present,,,,,,,,,,,,,,,,,,,,
G1,w203,ALL,S2,service,pooled_counts,0,155,0,0,0,155,155,0,0,,0,0,zero denominator,,0,0,zero denominator,0.0,0,155,,0.0,0,155,,1.0,155,155,,0.0,0,155,,1.0,155,155,,0.0,0,155,,0.0,0,155,,-0.03870967741935484,0.03870967741935484,0.2,,present,,,,,,,,,,,,,,,,,,,,
G1,w203,ALL,S2,service,equal_candidate_equal_workload_macro,,,,,,,,,,,,,all denominators zero,,,,all denominators zero,0.0,,,,0.0,,,,1.0,,,,0.0,,,,1.0,,,,0.0,,,,0.0,,,,-0.03870967741935484,0.03870967741935484,0.2,,,0,0,0,0,1,5,1,5,1,5,1,5,1,5,1,5,1,5,1,5
G1,w203,-2,S2,latency_only,candidate_raw_counts,0,31,0,0,0,31,31,0,0,,0,0,zero denominator,,0,0,zero denominator,0.0,0,31,,0.0,0,31,,1.0,31,31,,0.0,0,31,,1.0,31,31,,0.0,0,31,,0.0,0,31,,-0.03870967741935484,0.03870967741935484,0.2,,present,,,,,,,,,,,,,,,,,,,,
G1,w203,-1,S2,latency_only,candidate_raw_counts,0,31,0,0,0,31,31,0,0,,0,0,zero denominator,,0,0,zero denominator,0.0,0,31,,0.0,0,31,,1.0,31,31,,0.0,0,31,,1.0,31,31,,0.0,0,31,,0.0,0,31,,-0.03870967741935484,0.03870967741935484,0.2,,present,,,,,,,,,,,,,,,,,,,,
G1,w203,0,S2,latency_only,candidate_raw_counts,0,31,0,0,0,31,31,0,0,,0,0,zero denominator,,0,0,zero denominator,0.0,0,31,,0.0,0,31,,1.0,31,31,,0.0,0,31,,1.0,31,31,,0.0,0,31,,0.0,0,31,,-0.03870967741935484,0.03870967741935484,0.2,,present,,,,,,,,,,,,,,,,,,,,
G1,w203,1,S2,latency_only,candidate_raw_counts,0,31,0,0,0,31,31,0,0,,0,0,zero denominator,,0,0,zero denominator,0.0,0,31,,0.0,0,31,,1.0,31,31,,0.0,0,31,,1.0,31,31,,0.0,0,31,,0.0,0,31,,-0.03870967741935484,0.03870967741935484,0.2,,present,,,,,,,,,,,,,,,,,,,,
G1,w203,2,S2,latency_only,candidate_raw_counts,0,31,0,0,0,31,31,0,0,,0,0,zero denominator,,0,0,zero denominator,0.0,0,31,,0.0,0,31,,1.0,31,31,,0.0,0,31,,1.0,31,31,,0.0,0,31,,0.0,0,31,,-0.03870967741935484,0.03870967741935484,0.2,,present,,,,,,,,,,,,,,,,,,,,
G1,w203,ALL,S2,latency_only,pooled_counts,0,155,0,0,0,155,155,0,0,,0,0,zero denominator,,0,0,zero denominator,0.0,0,155,,0.0,0,155,,1.0,155,155,,0.0,0,155,,1.0,155,155,,0.0,0,155,,0.0,0,155,,-0.03870967741935484,0.03870967741935484,0.2,,present,,,,,,,,,,,,,,,,,,,,
G1,w203,ALL,S2,latency_only,equal_candidate_equal_workload_macro,,,,,,,,,,,,,all denominators zero,,,,all denominators zero,0.0,,,,0.0,,,,1.0,,,,0.0,,,,1.0,,,,0.0,,,,0.0,,,,-0.03870967741935484,0.03870967741935484,0.2,,,0,0,0,0,1,5,1,5,1,5,1,5,1,5,1,5,1,5,1,5
G1,w203,-2,S2,near_boundary,candidate_raw_counts,0,0,0,0,0,0,0,0,0,,0,0,zero denominator,,0,0,zero denominator,,0,0,zero denominator,,0,0,zero denominator,,0,0,zero denominator,,0,0,zero denominator,,0,0,zero denominator,,0,0,zero denominator,,0,0,zero denominator,,,,no both-attainment-defined points,absent,,,,,,,,,,,,,,,,,,,,
G1,w203,-1,S2,near_boundary,candidate_raw_counts,0,0,0,0,0,0,0,0,0,,0,0,zero denominator,,0,0,zero denominator,,0,0,zero denominator,,0,0,zero denominator,,0,0,zero denominator,,0,0,zero denominator,,0,0,zero denominator,,0,0,zero denominator,,0,0,zero denominator,,,,no both-attainment-defined points,absent,,,,,,,,,,,,,,,,,,,,
G1,w203,0,S2,near_boundary,candidate_raw_counts,0,0,0,0,0,0,0,0,0,,0,0,zero denominator,,0,0,zero denominator,,0,0,zero denominator,,0,0,zero denominator,,0,0,zero denominator,,0,0,zero denominator,,0,0,zero denominator,,0,0,zero denominator,,0,0,zero denominator,,,,no both-attainment-defined points,absent,,,,,,,,,,,,,,,,,,,,
G1,w203,1,S2,near_boundary,candidate_raw_counts,0,0,0,0,0,0,0,0,0,,0,0,zero denominator,,0,0,zero denominator,,0,0,zero denominator,,0,0,zero denominator,,0,0,zero denominator,,0,0,zero denominator,,0,0,zero denominator,,0,0,zero denominator,,0,0,zero denominator,,,,no both-attainment-defined points,absent,,,,,,,,,,,,,,,,,,,,
G1,w203,2,S2,near_boundary,candidate_raw_counts,0,0,0,0,0,0,0,0,0,,0,0,zero denominator,,0,0,zero denominator,,0,0,zero denominator,,0,0,zero denominator,,0,0,zero denominator,,0,0,zero denominator,,0,0,zero denominator,,0,0,zero denominator,,0,0,zero denominator,,,,no both-attainment-defined points,absent,,,,,,,,,,,,,,,,,,,,
G1,w203,ALL,S2,near_boundary,pooled_counts,0,0,0,0,0,0,0,0,0,,0,0,zero denominator,,0,0,zero denominator,,0,0,zero denominator,,0,0,zero denominator,,0,0,zero denominator,,0,0,zero denominator,,0,0,zero denominator,,0,0,zero denominator,,0,0,zero denominator,,,,no both-attainment-defined points,absent,,,,,,,,,,,,,,,,,,,,
G1,w203,ALL,S2,near_boundary,equal_candidate_equal_workload_macro,,,,,,,,,,,,,all denominators zero,,,,all denominators zero,,,,all denominators zero,,,,all denominators zero,,,,all denominators zero,,,,all denominators zero,,,,all denominators zero,,,,all denominators zero,,,,all denominators zero,,,,empty applicable subset,,0,0,0,0,0,0,0,0,0,0,0,0,0,0,0,0,0,0,0,0
G1,w203,-2,S3,service,candidate_raw_counts,0,31,0,0,0,31,31,0,0,,0,0,zero denominator,,0,0,zero denominator,0.0,0,31,,0.0,0,31,,1.0,31,31,,0.0,0,31,,1.0,31,31,,0.0,0,31,,0.0,0,31,,0.0,0.0,0.0,,present,,,,,,,,,,,,,,,,,,,,
G1,w203,-1,S3,service,candidate_raw_counts,0,31,0,0,0,31,31,0,0,,0,0,zero denominator,,0,0,zero denominator,0.0,0,31,,0.0,0,31,,1.0,31,31,,0.0,0,31,,1.0,31,31,,0.0,0,31,,0.0,0,31,,0.0,0.0,0.0,,present,,,,,,,,,,,,,,,,,,,,
G1,w203,0,S3,service,candidate_raw_counts,0,31,0,0,0,31,31,0,0,,0,0,zero denominator,,0,0,zero denominator,0.0,0,31,,0.0,0,31,,1.0,31,31,,0.0,0,31,,1.0,31,31,,0.0,0,31,,0.0,0,31,,0.0,0.0,0.0,,present,,,,,,,,,,,,,,,,,,,,
G1,w203,1,S3,service,candidate_raw_counts,0,31,0,0,0,31,31,0,0,,0,0,zero denominator,,0,0,zero denominator,0.0,0,31,,0.0,0,31,,1.0,31,31,,0.0,0,31,,1.0,31,31,,0.0,0,31,,0.0,0,31,,0.0,0.0,0.0,,present,,,,,,,,,,,,,,,,,,,,
G1,w203,2,S3,service,candidate_raw_counts,0,31,0,0,0,31,31,0,0,,0,0,zero denominator,,0,0,zero denominator,0.0,0,31,,0.0,0,31,,1.0,31,31,,0.0,0,31,,1.0,31,31,,0.0,0,31,,0.0,0,31,,0.0,0.0,0.0,,present,,,,,,,,,,,,,,,,,,,,
G1,w203,ALL,S3,service,pooled_counts,0,155,0,0,0,155,155,0,0,,0,0,zero denominator,,0,0,zero denominator,0.0,0,155,,0.0,0,155,,1.0,155,155,,0.0,0,155,,1.0,155,155,,0.0,0,155,,0.0,0,155,,0.0,0.0,0.0,,present,,,,,,,,,,,,,,,,,,,,
G1,w203,ALL,S3,service,equal_candidate_equal_workload_macro,,,,,,,,,,,,,all denominators zero,,,,all denominators zero,0.0,,,,0.0,,,,1.0,,,,0.0,,,,1.0,,,,0.0,,,,0.0,,,,0.0,0.0,0.0,,,0,0,0,0,1,5,1,5,1,5,1,5,1,5,1,5,1,5,1,5
G1,w203,-2,S3,latency_only,candidate_raw_counts,0,31,0,0,0,31,31,0,0,,0,0,zero denominator,,0,0,zero denominator,0.0,0,31,,0.0,0,31,,1.0,31,31,,0.0,0,31,,1.0,31,31,,0.0,0,31,,0.0,0,31,,0.0,0.0,0.0,,present,,,,,,,,,,,,,,,,,,,,
G1,w203,-1,S3,latency_only,candidate_raw_counts,0,31,0,0,0,31,31,0,0,,0,0,zero denominator,,0,0,zero denominator,0.0,0,31,,0.0,0,31,,1.0,31,31,,0.0,0,31,,1.0,31,31,,0.0,0,31,,0.0,0,31,,0.0,0.0,0.0,,present,,,,,,,,,,,,,,,,,,,,
G1,w203,0,S3,latency_only,candidate_raw_counts,0,31,0,0,0,31,31,0,0,,0,0,zero denominator,,0,0,zero denominator,0.0,0,31,,0.0,0,31,,1.0,31,31,,0.0,0,31,,1.0,31,31,,0.0,0,31,,0.0,0,31,,0.0,0.0,0.0,,present,,,,,,,,,,,,,,,,,,,,
G1,w203,1,S3,latency_only,candidate_raw_counts,0,31,0,0,0,31,31,0,0,,0,0,zero denominator,,0,0,zero denominator,0.0,0,31,,0.0,0,31,,1.0,31,31,,0.0,0,31,,1.0,31,31,,0.0,0,31,,0.0,0,31,,0.0,0.0,0.0,,present,,,,,,,,,,,,,,,,,,,,
G1,w203,2,S3,latency_only,candidate_raw_counts,0,31,0,0,0,31,31,0,0,,0,0,zero denominator,,0,0,zero denominator,0.0,0,31,,0.0,0,31,,1.0,31,31,,0.0,0,31,,1.0,31,31,,0.0,0,31,,0.0,0,31,,0.0,0.0,0.0,,present,,,,,,,,,,,,,,,,,,,,
G1,w203,ALL,S3,latency_only,pooled_counts,0,155,0,0,0,155,155,0,0,,0,0,zero denominator,,0,0,zero denominator,0.0,0,155,,0.0,0,155,,1.0,155,155,,0.0,0,155,,1.0,155,155,,0.0,0,155,,0.0,0,155,,0.0,0.0,0.0,,present,,,,,,,,,,,,,,,,,,,,
G1,w203,ALL,S3,latency_only,equal_candidate_equal_workload_macro,,,,,,,,,,,,,all denominators zero,,,,all denominators zero,0.0,,,,0.0,,,,1.0,,,,0.0,,,,1.0,,,,0.0,,,,0.0,,,,0.0,0.0,0.0,,,0,0,0,0,1,5,1,5,1,5,1,5,1,5,1,5,1,5,1,5
G1,w203,-2,S3,near_boundary,candidate_raw_counts,0,0,0,0,0,0,0,0,0,,0,0,zero denominator,,0,0,zero denominator,,0,0,zero denominator,,0,0,zero denominator,,0,0,zero denominator,,0,0,zero denominator,,0,0,zero denominator,,0,0,zero denominator,,0,0,zero denominator,,,,no both-attainment-defined points,absent,,,,,,,,,,,,,,,,,,,,
G1,w203,-1,S3,near_boundary,candidate_raw_counts,0,0,0,0,0,0,0,0,0,,0,0,zero denominator,,0,0,zero denominator,,0,0,zero denominator,,0,0,zero denominator,,0,0,zero denominator,,0,0,zero denominator,,0,0,zero denominator,,0,0,zero denominator,,0,0,zero denominator,,,,no both-attainment-defined points,absent,,,,,,,,,,,,,,,,,,,,
G1,w203,0,S3,near_boundary,candidate_raw_counts,0,0,0,0,0,0,0,0,0,,0,0,zero denominator,,0,0,zero denominator,,0,0,zero denominator,,0,0,zero denominator,,0,0,zero denominator,,0,0,zero denominator,,0,0,zero denominator,,0,0,zero denominator,,0,0,zero denominator,,,,no both-attainment-defined points,absent,,,,,,,,,,,,,,,,,,,,
G1,w203,1,S3,near_boundary,candidate_raw_counts,0,0,0,0,0,0,0,0,0,,0,0,zero denominator,,0,0,zero denominator,,0,0,zero denominator,,0,0,zero denominator,,0,0,zero denominator,,0,0,zero denominator,,0,0,zero denominator,,0,0,zero denominator,,0,0,zero denominator,,,,no both-attainment-defined points,absent,,,,,,,,,,,,,,,,,,,,
G1,w203,2,S3,near_boundary,candidate_raw_counts,0,0,0,0,0,0,0,0,0,,0,0,zero denominator,,0,0,zero denominator,,0,0,zero denominator,,0,0,zero denominator,,0,0,zero denominator,,0,0,zero denominator,,0,0,zero denominator,,0,0,zero denominator,,0,0,zero denominator,,,,no both-attainment-defined points,absent,,,,,,,,,,,,,,,,,,,,
G1,w203,ALL,S3,near_boundary,pooled_counts,0,0,0,0,0,0,0,0,0,,0,0,zero denominator,,0,0,zero denominator,,0,0,zero denominator,,0,0,zero denominator,,0,0,zero denominator,,0,0,zero denominator,,0,0,zero denominator,,0,0,zero denominator,,0,0,zero denominator,,,,no both-attainment-defined points,absent,,,,,,,,,,,,,,,,,,,,
G1,w203,ALL,S3,near_boundary,equal_candidate_equal_workload_macro,,,,,,,,,,,,,all denominators zero,,,,all denominators zero,,,,all denominators zero,,,,all denominators zero,,,,all denominators zero,,,,all denominators zero,,,,all denominators zero,,,,all denominators zero,,,,all denominators zero,,,,empty applicable subset,,0,0,0,0,0,0,0,0,0,0,0,0,0,0,0,0,0,0,0,0
G1,w203,-2,S4,service,candidate_raw_counts,13,5,0,13,0,31,31,13,0,0.0,0,13,,0.5,13,26,,0.0,0,5,,0.41935483870967744,13,31,,1.0,31,31,,0.41935483870967744,13,31,,0.16129032258064516,5,31,,0.0,0,31,,0.41935483870967744,13,31,,-0.3741935483870968,0.3741935483870968,1.0,,present,,,,,,,,,,,,,,,,,,,,
G1,w203,-1,S4,service,candidate_raw_counts,13,7,0,11,0,31,31,13,0,0.0,0,13,,0.4583333333333333,11,24,,0.0,0,7,,0.41935483870967744,13,31,,1.0,31,31,,0.41935483870967744,13,31,,0.22580645161290322,7,31,,0.0,0,31,,0.3548387096774194,11,31,,-0.3870967741935484,0.3870967741935484,1.0,,present,,,,,,,,,,,,,,,,,,,,
G1,w203,0,S4,service,candidate_raw_counts,13,7,0,11,0,31,31,13,0,0.0,0,13,,0.4583333333333333,11,24,,0.0,0,7,,0.41935483870967744,13,31,,1.0,31,31,,0.41935483870967744,13,31,,0.22580645161290322,7,31,,0.0,0,31,,0.3548387096774194,11,31,,-0.3870967741935484,0.3870967741935484,1.0,,present,,,,,,,,,,,,,,,,,,,,
G1,w203,1,S4,service,candidate_raw_counts,11,7,0,13,0,31,31,11,0,0.0,0,11,,0.5416666666666666,13,24,,0.0,0,7,,0.3548387096774194,11,31,,1.0,31,31,,0.3548387096774194,11,31,,0.22580645161290322,7,31,,0.0,0,31,,0.41935483870967744,13,31,,-0.4774193548387097,0.4774193548387097,1.0,,present,,,,,,,,,,,,,,,,,,,,
G1,w203,2,S4,service,candidate_raw_counts,9,11,0,11,0,31,31,9,0,0.0,0,9,,0.55,11,20,,0.0,0,11,,0.2903225806451613,9,31,,1.0,31,31,,0.2903225806451613,9,31,,0.3548387096774194,11,31,,0.0,0,31,,0.3548387096774194,11,31,,-0.36129032258064514,0.36129032258064514,1.0,,present,,,,,,,,,,,,,,,,,,,,
G1,w203,ALL,S4,service,pooled_counts,59,37,0,59,0,155,155,59,0,0.0,0,59,,0.5,59,118,,0.0,0,37,,0.38064516129032255,59,155,,1.0,155,155,,0.38064516129032255,59,155,,0.23870967741935484,37,155,,0.0,0,155,,0.38064516129032255,59,155,,-0.39741935483870966,0.39741935483870966,1.0,,present,,,,,,,,,,,,,,,,,,,,
G1,w203,ALL,S4,service,equal_candidate_equal_workload_macro,,,,,,,,,,0.0,,,,0.5016666666666667,,,,0.0,,,,0.3806451612903226,,,,1.0,,,,0.3806451612903226,,,,0.23870967741935484,,,,0.0,,,,0.3806451612903226,,,,-0.39741935483870966,0.39741935483870966,1.0,,,1,5,1,5,1,5,1,5,1,5,1,5,1,5,1,5,1,5,1,5
G1,w203,-2,S4,latency_only,candidate_raw_counts,13,5,0,13,0,31,31,13,0,0.0,0,13,,0.5,13,26,,0.0,0,5,,0.41935483870967744,13,31,,1.0,31,31,,0.41935483870967744,13,31,,0.16129032258064516,5,31,,0.0,0,31,,0.41935483870967744,13,31,,-0.3741935483870968,0.3741935483870968,1.0,,present,,,,,,,,,,,,,,,,,,,,
G1,w203,-1,S4,latency_only,candidate_raw_counts,13,7,0,11,0,31,31,13,0,0.0,0,13,,0.4583333333333333,11,24,,0.0,0,7,,0.41935483870967744,13,31,,1.0,31,31,,0.41935483870967744,13,31,,0.22580645161290322,7,31,,0.0,0,31,,0.3548387096774194,11,31,,-0.3870967741935484,0.3870967741935484,1.0,,present,,,,,,,,,,,,,,,,,,,,
G1,w203,0,S4,latency_only,candidate_raw_counts,13,7,0,11,0,31,31,13,0,0.0,0,13,,0.4583333333333333,11,24,,0.0,0,7,,0.41935483870967744,13,31,,1.0,31,31,,0.41935483870967744,13,31,,0.22580645161290322,7,31,,0.0,0,31,,0.3548387096774194,11,31,,-0.3870967741935484,0.3870967741935484,1.0,,present,,,,,,,,,,,,,,,,,,,,
G1,w203,1,S4,latency_only,candidate_raw_counts,11,7,0,13,0,31,31,11,0,0.0,0,11,,0.5416666666666666,13,24,,0.0,0,7,,0.3548387096774194,11,31,,1.0,31,31,,0.3548387096774194,11,31,,0.22580645161290322,7,31,,0.0,0,31,,0.41935483870967744,13,31,,-0.4774193548387097,0.4774193548387097,1.0,,present,,,,,,,,,,,,,,,,,,,,
G1,w203,2,S4,latency_only,candidate_raw_counts,9,11,0,11,0,31,31,9,0,0.0,0,9,,0.55,11,20,,0.0,0,11,,0.2903225806451613,9,31,,1.0,31,31,,0.2903225806451613,9,31,,0.3548387096774194,11,31,,0.0,0,31,,0.3548387096774194,11,31,,-0.36129032258064514,0.36129032258064514,1.0,,present,,,,,,,,,,,,,,,,,,,,
G1,w203,ALL,S4,latency_only,pooled_counts,59,37,0,59,0,155,155,59,0,0.0,0,59,,0.5,59,118,,0.0,0,37,,0.38064516129032255,59,155,,1.0,155,155,,0.38064516129032255,59,155,,0.23870967741935484,37,155,,0.0,0,155,,0.38064516129032255,59,155,,-0.39741935483870966,0.39741935483870966,1.0,,present,,,,,,,,,,,,,,,,,,,,
G1,w203,ALL,S4,latency_only,equal_candidate_equal_workload_macro,,,,,,,,,,0.0,,,,0.5016666666666667,,,,0.0,,,,0.3806451612903226,,,,1.0,,,,0.3806451612903226,,,,0.23870967741935484,,,,0.0,,,,0.3806451612903226,,,,-0.39741935483870966,0.39741935483870966,1.0,,,1,5,1,5,1,5,1,5,1,5,1,5,1,5,1,5,1,5,1,5
G1,w203,-2,S4,near_boundary,candidate_raw_counts,13,5,0,13,0,31,31,13,0,0.0,0,13,,0.5,13,26,,0.0,0,5,,0.41935483870967744,13,31,,1.0,31,31,,0.41935483870967744,13,31,,0.16129032258064516,5,31,,0.0,0,31,,0.41935483870967744,13,31,,-0.3741935483870968,0.3741935483870968,1.0,,present,,,,,,,,,,,,,,,,,,,,
G1,w203,-1,S4,near_boundary,candidate_raw_counts,13,7,0,11,0,31,31,13,0,0.0,0,13,,0.4583333333333333,11,24,,0.0,0,7,,0.41935483870967744,13,31,,1.0,31,31,,0.41935483870967744,13,31,,0.22580645161290322,7,31,,0.0,0,31,,0.3548387096774194,11,31,,-0.3870967741935484,0.3870967741935484,1.0,,present,,,,,,,,,,,,,,,,,,,,
G1,w203,0,S4,near_boundary,candidate_raw_counts,13,7,0,11,0,31,31,13,0,0.0,0,13,,0.4583333333333333,11,24,,0.0,0,7,,0.41935483870967744,13,31,,1.0,31,31,,0.41935483870967744,13,31,,0.22580645161290322,7,31,,0.0,0,31,,0.3548387096774194,11,31,,-0.3870967741935484,0.3870967741935484,1.0,,present,,,,,,,,,,,,,,,,,,,,
G1,w203,1,S4,near_boundary,candidate_raw_counts,11,7,0,13,0,31,31,11,0,0.0,0,11,,0.5416666666666666,13,24,,0.0,0,7,,0.3548387096774194,11,31,,1.0,31,31,,0.3548387096774194,11,31,,0.22580645161290322,7,31,,0.0,0,31,,0.41935483870967744,13,31,,-0.4774193548387097,0.4774193548387097,1.0,,present,,,,,,,,,,,,,,,,,,,,
G1,w203,2,S4,near_boundary,candidate_raw_counts,9,3,0,11,0,23,23,9,0,0.0,0,9,,0.55,11,20,,0.0,0,3,,0.391304347826087,9,23,,1.0,23,23,,0.391304347826087,9,23,,0.13043478260869565,3,23,,0.0,0,23,,0.4782608695652174,11,23,,-0.4782608695652174,0.4782608695652174,1.0,,present,,,,,,,,,,,,,,,,,,,,
G1,w203,ALL,S4,near_boundary,pooled_counts,59,29,0,59,0,147,147,59,0,0.0,0,59,,0.5,59,118,,0.0,0,29,,0.4013605442176871,59,147,,1.0,147,147,,0.4013605442176871,59,147,,0.19727891156462585,29,147,,0.0,0,147,,0.4013605442176871,59,147,,-0.417687074829932,0.417687074829932,1.0,,present,,,,,,,,,,,,,,,,,,,,
G1,w203,ALL,S4,near_boundary,equal_candidate_equal_workload_macro,,,,,,,,,,0.0,,,,0.5016666666666667,,,,0.0,,,,0.40084151472650775,,,,1.0,,,,0.40084151472650775,,,,0.1938288920056101,,,,0.0,,,,0.4053295932678822,,,,-0.42081346423562416,0.42081346423562416,1.0,,,1,5,1,5,1,5,1,5,1,5,1,5,1,5,1,5,1,5,1,5
G1,w203,-2,S5,service,candidate_raw_counts,18,0,0,13,0,31,31,18,0,0.0,0,18,,0.41935483870967744,13,31,,,0,0,zero denominator,0.5806451612903226,18,31,,1.0,31,31,,0.5806451612903226,18,31,,0.0,0,31,,0.0,0,31,,0.41935483870967744,13,31,,-0.3741935483870968,0.3741935483870968,1.0,,present,,,,,,,,,,,,,,,,,,,,
G1,w203,-1,S5,service,candidate_raw_counts,18,0,0,13,0,31,31,18,0,0.0,0,18,,0.41935483870967744,13,31,,,0,0,zero denominator,0.5806451612903226,18,31,,1.0,31,31,,0.5806451612903226,18,31,,0.0,0,31,,0.0,0,31,,0.41935483870967744,13,31,,-0.3741935483870968,0.3741935483870968,1.0,,present,,,,,,,,,,,,,,,,,,,,
G1,w203,0,S5,service,candidate_raw_counts,18,0,0,13,0,31,31,18,0,0.0,0,18,,0.41935483870967744,13,31,,,0,0,zero denominator,0.5806451612903226,18,31,,1.0,31,31,,0.5806451612903226,18,31,,0.0,0,31,,0.0,0,31,,0.41935483870967744,13,31,,-0.3741935483870968,0.3741935483870968,1.0,,present,,,,,,,,,,,,,,,,,,,,
G1,w203,1,S5,service,candidate_raw_counts,18,0,0,13,0,31,31,18,0,0.0,0,18,,0.41935483870967744,13,31,,,0,0,zero denominator,0.5806451612903226,18,31,,1.0,31,31,,0.5806451612903226,18,31,,0.0,0,31,,0.0,0,31,,0.41935483870967744,13,31,,-0.3741935483870968,0.3741935483870968,1.0,,present,,,,,,,,,,,,,,,,,,,,
G1,w203,2,S5,service,candidate_raw_counts,18,0,0,13,0,31,31,18,0,0.0,0,18,,0.41935483870967744,13,31,,,0,0,zero denominator,0.5806451612903226,18,31,,1.0,31,31,,0.5806451612903226,18,31,,0.0,0,31,,0.0,0,31,,0.41935483870967744,13,31,,-0.3741935483870968,0.3741935483870968,1.0,,present,,,,,,,,,,,,,,,,,,,,
G1,w203,ALL,S5,service,pooled_counts,90,0,0,65,0,155,155,90,0,0.0,0,90,,0.41935483870967744,65,155,,,0,0,zero denominator,0.5806451612903226,90,155,,1.0,155,155,,0.5806451612903226,90,155,,0.0,0,155,,0.0,0,155,,0.41935483870967744,65,155,,-0.3741935483870968,0.3741935483870968,1.0,,present,,,,,,,,,,,,,,,,,,,,
G1,w203,ALL,S5,service,equal_candidate_equal_workload_macro,,,,,,,,,,0.0,,,,0.41935483870967744,,,,,,,all denominators zero,0.5806451612903226,,,,1.0,,,,0.5806451612903226,,,,0.0,,,,0.0,,,,0.41935483870967744,,,,-0.3741935483870968,0.3741935483870968,1.0,,,1,5,1,5,0,0,1,5,1,5,1,5,1,5,1,5,1,5,1,5
G1,w203,-2,S5,latency_only,candidate_raw_counts,18,0,0,13,0,31,31,18,0,0.0,0,18,,0.41935483870967744,13,31,,,0,0,zero denominator,0.5806451612903226,18,31,,1.0,31,31,,0.5806451612903226,18,31,,0.0,0,31,,0.0,0,31,,0.41935483870967744,13,31,,-0.3741935483870968,0.3741935483870968,1.0,,present,,,,,,,,,,,,,,,,,,,,
G1,w203,-1,S5,latency_only,candidate_raw_counts,18,0,0,13,0,31,31,18,0,0.0,0,18,,0.41935483870967744,13,31,,,0,0,zero denominator,0.5806451612903226,18,31,,1.0,31,31,,0.5806451612903226,18,31,,0.0,0,31,,0.0,0,31,,0.41935483870967744,13,31,,-0.3741935483870968,0.3741935483870968,1.0,,present,,,,,,,,,,,,,,,,,,,,
G1,w203,0,S5,latency_only,candidate_raw_counts,18,0,0,13,0,31,31,18,0,0.0,0,18,,0.41935483870967744,13,31,,,0,0,zero denominator,0.5806451612903226,18,31,,1.0,31,31,,0.5806451612903226,18,31,,0.0,0,31,,0.0,0,31,,0.41935483870967744,13,31,,-0.3741935483870968,0.3741935483870968,1.0,,present,,,,,,,,,,,,,,,,,,,,
G1,w203,1,S5,latency_only,candidate_raw_counts,18,0,0,13,0,31,31,18,0,0.0,0,18,,0.41935483870967744,13,31,,,0,0,zero denominator,0.5806451612903226,18,31,,1.0,31,31,,0.5806451612903226,18,31,,0.0,0,31,,0.0,0,31,,0.41935483870967744,13,31,,-0.3741935483870968,0.3741935483870968,1.0,,present,,,,,,,,,,,,,,,,,,,,
G1,w203,2,S5,latency_only,candidate_raw_counts,18,0,0,13,0,31,31,18,0,0.0,0,18,,0.41935483870967744,13,31,,,0,0,zero denominator,0.5806451612903226,18,31,,1.0,31,31,,0.5806451612903226,18,31,,0.0,0,31,,0.0,0,31,,0.41935483870967744,13,31,,-0.3741935483870968,0.3741935483870968,1.0,,present,,,,,,,,,,,,,,,,,,,,
G1,w203,ALL,S5,latency_only,pooled_counts,90,0,0,65,0,155,155,90,0,0.0,0,90,,0.41935483870967744,65,155,,,0,0,zero denominator,0.5806451612903226,90,155,,1.0,155,155,,0.5806451612903226,90,155,,0.0,0,155,,0.0,0,155,,0.41935483870967744,65,155,,-0.3741935483870968,0.3741935483870968,1.0,,present,,,,,,,,,,,,,,,,,,,,
G1,w203,ALL,S5,latency_only,equal_candidate_equal_workload_macro,,,,,,,,,,0.0,,,,0.41935483870967744,,,,,,,all denominators zero,0.5806451612903226,,,,1.0,,,,0.5806451612903226,,,,0.0,,,,0.0,,,,0.41935483870967744,,,,-0.3741935483870968,0.3741935483870968,1.0,,,1,5,1,5,0,0,1,5,1,5,1,5,1,5,1,5,1,5,1,5
G1,w203,-2,S5,near_boundary,candidate_raw_counts,18,0,0,13,0,31,31,18,0,0.0,0,18,,0.41935483870967744,13,31,,,0,0,zero denominator,0.5806451612903226,18,31,,1.0,31,31,,0.5806451612903226,18,31,,0.0,0,31,,0.0,0,31,,0.41935483870967744,13,31,,-0.3741935483870968,0.3741935483870968,1.0,,present,,,,,,,,,,,,,,,,,,,,
G1,w203,-1,S5,near_boundary,candidate_raw_counts,18,0,0,13,0,31,31,18,0,0.0,0,18,,0.41935483870967744,13,31,,,0,0,zero denominator,0.5806451612903226,18,31,,1.0,31,31,,0.5806451612903226,18,31,,0.0,0,31,,0.0,0,31,,0.41935483870967744,13,31,,-0.3741935483870968,0.3741935483870968,1.0,,present,,,,,,,,,,,,,,,,,,,,
G1,w203,0,S5,near_boundary,candidate_raw_counts,18,0,0,13,0,31,31,18,0,0.0,0,18,,0.41935483870967744,13,31,,,0,0,zero denominator,0.5806451612903226,18,31,,1.0,31,31,,0.5806451612903226,18,31,,0.0,0,31,,0.0,0,31,,0.41935483870967744,13,31,,-0.3741935483870968,0.3741935483870968,1.0,,present,,,,,,,,,,,,,,,,,,,,
G1,w203,1,S5,near_boundary,candidate_raw_counts,18,0,0,13,0,31,31,18,0,0.0,0,18,,0.41935483870967744,13,31,,,0,0,zero denominator,0.5806451612903226,18,31,,1.0,31,31,,0.5806451612903226,18,31,,0.0,0,31,,0.0,0,31,,0.41935483870967744,13,31,,-0.3741935483870968,0.3741935483870968,1.0,,present,,,,,,,,,,,,,,,,,,,,
G1,w203,2,S5,near_boundary,candidate_raw_counts,18,0,0,13,0,31,31,18,0,0.0,0,18,,0.41935483870967744,13,31,,,0,0,zero denominator,0.5806451612903226,18,31,,1.0,31,31,,0.5806451612903226,18,31,,0.0,0,31,,0.0,0,31,,0.41935483870967744,13,31,,-0.3741935483870968,0.3741935483870968,1.0,,present,,,,,,,,,,,,,,,,,,,,
G1,w203,ALL,S5,near_boundary,pooled_counts,90,0,0,65,0,155,155,90,0,0.0,0,90,,0.41935483870967744,65,155,,,0,0,zero denominator,0.5806451612903226,90,155,,1.0,155,155,,0.5806451612903226,90,155,,0.0,0,155,,0.0,0,155,,0.41935483870967744,65,155,,-0.3741935483870968,0.3741935483870968,1.0,,present,,,,,,,,,,,,,,,,,,,,
G1,w203,ALL,S5,near_boundary,equal_candidate_equal_workload_macro,,,,,,,,,,0.0,,,,0.41935483870967744,,,,,,,all denominators zero,0.5806451612903226,,,,1.0,,,,0.5806451612903226,,,,0.0,,,,0.0,,,,0.41935483870967744,,,,-0.3741935483870968,0.3741935483870968,1.0,,,1,5,1,5,0,0,1,5,1,5,1,5,1,5,1,5,1,5,1,5
G1,w203,-2,S6,service,candidate_raw_counts,18,0,0,13,0,31,31,18,0,0.0,0,18,,0.41935483870967744,13,31,,,0,0,zero denominator,0.5806451612903226,18,31,,1.0,31,31,,0.5806451612903226,18,31,,0.0,0,31,,0.0,0,31,,0.41935483870967744,13,31,,-0.3741935483870968,0.3741935483870968,1.0,,present,,,,,,,,,,,,,,,,,,,,
G1,w203,-1,S6,service,candidate_raw_counts,18,0,0,13,0,31,31,18,0,0.0,0,18,,0.41935483870967744,13,31,,,0,0,zero denominator,0.5806451612903226,18,31,,1.0,31,31,,0.5806451612903226,18,31,,0.0,0,31,,0.0,0,31,,0.41935483870967744,13,31,,-0.3741935483870968,0.3741935483870968,1.0,,present,,,,,,,,,,,,,,,,,,,,
G1,w203,0,S6,service,candidate_raw_counts,18,0,0,13,0,31,31,18,0,0.0,0,18,,0.41935483870967744,13,31,,,0,0,zero denominator,0.5806451612903226,18,31,,1.0,31,31,,0.5806451612903226,18,31,,0.0,0,31,,0.0,0,31,,0.41935483870967744,13,31,,-0.3741935483870968,0.3741935483870968,1.0,,present,,,,,,,,,,,,,,,,,,,,
G1,w203,1,S6,service,candidate_raw_counts,18,0,0,13,0,31,31,18,0,0.0,0,18,,0.41935483870967744,13,31,,,0,0,zero denominator,0.5806451612903226,18,31,,1.0,31,31,,0.5806451612903226,18,31,,0.0,0,31,,0.0,0,31,,0.41935483870967744,13,31,,-0.3741935483870968,0.3741935483870968,1.0,,present,,,,,,,,,,,,,,,,,,,,
G1,w203,2,S6,service,candidate_raw_counts,18,0,0,13,0,31,31,18,0,0.0,0,18,,0.41935483870967744,13,31,,,0,0,zero denominator,0.5806451612903226,18,31,,1.0,31,31,,0.5806451612903226,18,31,,0.0,0,31,,0.0,0,31,,0.41935483870967744,13,31,,-0.3741935483870968,0.3741935483870968,1.0,,present,,,,,,,,,,,,,,,,,,,,
G1,w203,ALL,S6,service,pooled_counts,90,0,0,65,0,155,155,90,0,0.0,0,90,,0.41935483870967744,65,155,,,0,0,zero denominator,0.5806451612903226,90,155,,1.0,155,155,,0.5806451612903226,90,155,,0.0,0,155,,0.0,0,155,,0.41935483870967744,65,155,,-0.3741935483870968,0.3741935483870968,1.0,,present,,,,,,,,,,,,,,,,,,,,
G1,w203,ALL,S6,service,equal_candidate_equal_workload_macro,,,,,,,,,,0.0,,,,0.41935483870967744,,,,,,,all denominators zero,0.5806451612903226,,,,1.0,,,,0.5806451612903226,,,,0.0,,,,0.0,,,,0.41935483870967744,,,,-0.3741935483870968,0.3741935483870968,1.0,,,1,5,1,5,0,0,1,5,1,5,1,5,1,5,1,5,1,5,1,5
G1,w203,-2,S6,latency_only,candidate_raw_counts,18,0,0,13,0,31,31,18,0,0.0,0,18,,0.41935483870967744,13,31,,,0,0,zero denominator,0.5806451612903226,18,31,,1.0,31,31,,0.5806451612903226,18,31,,0.0,0,31,,0.0,0,31,,0.41935483870967744,13,31,,-0.3741935483870968,0.3741935483870968,1.0,,present,,,,,,,,,,,,,,,,,,,,
G1,w203,-1,S6,latency_only,candidate_raw_counts,18,0,0,13,0,31,31,18,0,0.0,0,18,,0.41935483870967744,13,31,,,0,0,zero denominator,0.5806451612903226,18,31,,1.0,31,31,,0.5806451612903226,18,31,,0.0,0,31,,0.0,0,31,,0.41935483870967744,13,31,,-0.3741935483870968,0.3741935483870968,1.0,,present,,,,,,,,,,,,,,,,,,,,
G1,w203,0,S6,latency_only,candidate_raw_counts,18,0,0,13,0,31,31,18,0,0.0,0,18,,0.41935483870967744,13,31,,,0,0,zero denominator,0.5806451612903226,18,31,,1.0,31,31,,0.5806451612903226,18,31,,0.0,0,31,,0.0,0,31,,0.41935483870967744,13,31,,-0.3741935483870968,0.3741935483870968,1.0,,present,,,,,,,,,,,,,,,,,,,,
G1,w203,1,S6,latency_only,candidate_raw_counts,18,0,0,13,0,31,31,18,0,0.0,0,18,,0.41935483870967744,13,31,,,0,0,zero denominator,0.5806451612903226,18,31,,1.0,31,31,,0.5806451612903226,18,31,,0.0,0,31,,0.0,0,31,,0.41935483870967744,13,31,,-0.3741935483870968,0.3741935483870968,1.0,,present,,,,,,,,,,,,,,,,,,,,
G1,w203,2,S6,latency_only,candidate_raw_counts,18,0,0,13,0,31,31,18,0,0.0,0,18,,0.41935483870967744,13,31,,,0,0,zero denominator,0.5806451612903226,18,31,,1.0,31,31,,0.5806451612903226,18,31,,0.0,0,31,,0.0,0,31,,0.41935483870967744,13,31,,-0.3741935483870968,0.3741935483870968,1.0,,present,,,,,,,,,,,,,,,,,,,,
G1,w203,ALL,S6,latency_only,pooled_counts,90,0,0,65,0,155,155,90,0,0.0,0,90,,0.41935483870967744,65,155,,,0,0,zero denominator,0.5806451612903226,90,155,,1.0,155,155,,0.5806451612903226,90,155,,0.0,0,155,,0.0,0,155,,0.41935483870967744,65,155,,-0.3741935483870968,0.3741935483870968,1.0,,present,,,,,,,,,,,,,,,,,,,,
G1,w203,ALL,S6,latency_only,equal_candidate_equal_workload_macro,,,,,,,,,,0.0,,,,0.41935483870967744,,,,,,,all denominators zero,0.5806451612903226,,,,1.0,,,,0.5806451612903226,,,,0.0,,,,0.0,,,,0.41935483870967744,,,,-0.3741935483870968,0.3741935483870968,1.0,,,1,5,1,5,0,0,1,5,1,5,1,5,1,5,1,5,1,5,1,5
G1,w203,-2,S6,near_boundary,candidate_raw_counts,18,0,0,13,0,31,31,18,0,0.0,0,18,,0.41935483870967744,13,31,,,0,0,zero denominator,0.5806451612903226,18,31,,1.0,31,31,,0.5806451612903226,18,31,,0.0,0,31,,0.0,0,31,,0.41935483870967744,13,31,,-0.3741935483870968,0.3741935483870968,1.0,,present,,,,,,,,,,,,,,,,,,,,
G1,w203,-1,S6,near_boundary,candidate_raw_counts,18,0,0,13,0,31,31,18,0,0.0,0,18,,0.41935483870967744,13,31,,,0,0,zero denominator,0.5806451612903226,18,31,,1.0,31,31,,0.5806451612903226,18,31,,0.0,0,31,,0.0,0,31,,0.41935483870967744,13,31,,-0.3741935483870968,0.3741935483870968,1.0,,present,,,,,,,,,,,,,,,,,,,,
G1,w203,0,S6,near_boundary,candidate_raw_counts,18,0,0,13,0,31,31,18,0,0.0,0,18,,0.41935483870967744,13,31,,,0,0,zero denominator,0.5806451612903226,18,31,,1.0,31,31,,0.5806451612903226,18,31,,0.0,0,31,,0.0,0,31,,0.41935483870967744,13,31,,-0.3741935483870968,0.3741935483870968,1.0,,present,,,,,,,,,,,,,,,,,,,,
G1,w203,1,S6,near_boundary,candidate_raw_counts,18,0,0,13,0,31,31,18,0,0.0,0,18,,0.41935483870967744,13,31,,,0,0,zero denominator,0.5806451612903226,18,31,,1.0,31,31,,0.5806451612903226,18,31,,0.0,0,31,,0.0,0,31,,0.41935483870967744,13,31,,-0.3741935483870968,0.3741935483870968,1.0,,present,,,,,,,,,,,,,,,,,,,,
G1,w203,2,S6,near_boundary,candidate_raw_counts,18,0,0,13,0,31,31,18,0,0.0,0,18,,0.41935483870967744,13,31,,,0,0,zero denominator,0.5806451612903226,18,31,,1.0,31,31,,0.5806451612903226,18,31,,0.0,0,31,,0.0,0,31,,0.41935483870967744,13,31,,-0.3741935483870968,0.3741935483870968,1.0,,present,,,,,,,,,,,,,,,,,,,,
G1,w203,ALL,S6,near_boundary,pooled_counts,90,0,0,65,0,155,155,90,0,0.0,0,90,,0.41935483870967744,65,155,,,0,0,zero denominator,0.5806451612903226,90,155,,1.0,155,155,,0.5806451612903226,90,155,,0.0,0,155,,0.0,0,155,,0.41935483870967744,65,155,,-0.3741935483870968,0.3741935483870968,1.0,,present,,,,,,,,,,,,,,,,,,,,
G1,w203,ALL,S6,near_boundary,equal_candidate_equal_workload_macro,,,,,,,,,,0.0,,,,0.41935483870967744,,,,,,,all denominators zero,0.5806451612903226,,,,1.0,,,,0.5806451612903226,,,,0.0,,,,0.0,,,,0.41935483870967744,,,,-0.3741935483870968,0.3741935483870968,1.0,,,1,5,1,5,0,0,1,5,1,5,1,5,1,5,1,5,1,5,1,5
G1,w204,-2,S1,service,candidate_raw_counts,0,22,0,0,9,31,22,0,0,,0,0,zero denominator,,0,0,zero denominator,0.0,0,22,,0.0,0,31,,0.7096774193548387,22,31,,0.0,0,22,,1.0,22,22,,0.0,0,22,,0.0,0,22,,0.0,0.0,0.0,,present,,,,,,,,,,,,,,,,,,,,
G1,w204,-1,S1,service,candidate_raw_counts,0,22,0,0,9,31,22,0,0,,0,0,zero denominator,,0,0,zero denominator,0.0,0,22,,0.0,0,31,,0.7096774193548387,22,31,,0.0,0,22,,1.0,22,22,,0.0,0,22,,0.0,0,22,,0.0,0.0,0.0,,present,,,,,,,,,,,,,,,,,,,,
G1,w204,0,S1,service,candidate_raw_counts,0,22,0,0,9,31,22,0,0,,0,0,zero denominator,,0,0,zero denominator,0.0,0,22,,0.0,0,31,,0.7096774193548387,22,31,,0.0,0,22,,1.0,22,22,,0.0,0,22,,0.0,0,22,,0.0,0.0,0.0,,present,,,,,,,,,,,,,,,,,,,,
G1,w204,1,S1,service,candidate_raw_counts,0,22,0,0,9,31,22,0,0,,0,0,zero denominator,,0,0,zero denominator,0.0,0,22,,0.0,0,31,,0.7096774193548387,22,31,,0.0,0,22,,1.0,22,22,,0.0,0,22,,0.0,0,22,,0.0,0.0,0.0,,present,,,,,,,,,,,,,,,,,,,,
G1,w204,2,S1,service,candidate_raw_counts,0,22,0,0,9,31,22,0,0,,0,0,zero denominator,,0,0,zero denominator,0.0,0,22,,0.0,0,31,,0.7096774193548387,22,31,,0.0,0,22,,1.0,22,22,,0.0,0,22,,0.0,0,22,,0.0,0.0,0.0,,present,,,,,,,,,,,,,,,,,,,,
G1,w204,ALL,S1,service,pooled_counts,0,110,0,0,45,155,110,0,0,,0,0,zero denominator,,0,0,zero denominator,0.0,0,110,,0.0,0,155,,0.7096774193548387,110,155,,0.0,0,110,,1.0,110,110,,0.0,0,110,,0.0,0,110,,0.0,0.0,0.0,,present,,,,,,,,,,,,,,,,,,,,
G1,w204,ALL,S1,service,equal_candidate_equal_workload_macro,,,,,,,,,,,,,all denominators zero,,,,all denominators zero,0.0,,,,0.0,,,,0.7096774193548387,,,,0.0,,,,1.0,,,,0.0,,,,0.0,,,,0.0,0.0,0.0,,,0,0,0,0,1,5,1,5,1,5,1,5,1,5,1,5,1,5,1,5
G1,w204,-2,S1,latency_only,candidate_raw_counts,0,22,0,0,0,22,22,0,0,,0,0,zero denominator,,0,0,zero denominator,0.0,0,22,,0.0,0,22,,1.0,22,22,,0.0,0,22,,1.0,22,22,,0.0,0,22,,0.0,0,22,,0.0,0.0,0.0,,present,,,,,,,,,,,,,,,,,,,,
G1,w204,-1,S1,latency_only,candidate_raw_counts,0,22,0,0,0,22,22,0,0,,0,0,zero denominator,,0,0,zero denominator,0.0,0,22,,0.0,0,22,,1.0,22,22,,0.0,0,22,,1.0,22,22,,0.0,0,22,,0.0,0,22,,0.0,0.0,0.0,,present,,,,,,,,,,,,,,,,,,,,
G1,w204,0,S1,latency_only,candidate_raw_counts,0,22,0,0,0,22,22,0,0,,0,0,zero denominator,,0,0,zero denominator,0.0,0,22,,0.0,0,22,,1.0,22,22,,0.0,0,22,,1.0,22,22,,0.0,0,22,,0.0,0,22,,0.0,0.0,0.0,,present,,,,,,,,,,,,,,,,,,,,
G1,w204,1,S1,latency_only,candidate_raw_counts,0,22,0,0,0,22,22,0,0,,0,0,zero denominator,,0,0,zero denominator,0.0,0,22,,0.0,0,22,,1.0,22,22,,0.0,0,22,,1.0,22,22,,0.0,0,22,,0.0,0,22,,0.0,0.0,0.0,,present,,,,,,,,,,,,,,,,,,,,
G1,w204,2,S1,latency_only,candidate_raw_counts,0,22,0,0,0,22,22,0,0,,0,0,zero denominator,,0,0,zero denominator,0.0,0,22,,0.0,0,22,,1.0,22,22,,0.0,0,22,,1.0,22,22,,0.0,0,22,,0.0,0,22,,0.0,0.0,0.0,,present,,,,,,,,,,,,,,,,,,,,
G1,w204,ALL,S1,latency_only,pooled_counts,0,110,0,0,0,110,110,0,0,,0,0,zero denominator,,0,0,zero denominator,0.0,0,110,,0.0,0,110,,1.0,110,110,,0.0,0,110,,1.0,110,110,,0.0,0,110,,0.0,0,110,,0.0,0.0,0.0,,present,,,,,,,,,,,,,,,,,,,,
G1,w204,ALL,S1,latency_only,equal_candidate_equal_workload_macro,,,,,,,,,,,,,all denominators zero,,,,all denominators zero,0.0,,,,0.0,,,,1.0,,,,0.0,,,,1.0,,,,0.0,,,,0.0,,,,0.0,0.0,0.0,,,0,0,0,0,1,5,1,5,1,5,1,5,1,5,1,5,1,5,1,5
G1,w204,-2,S1,near_boundary,candidate_raw_counts,0,0,0,0,0,0,0,0,0,,0,0,zero denominator,,0,0,zero denominator,,0,0,zero denominator,,0,0,zero denominator,,0,0,zero denominator,,0,0,zero denominator,,0,0,zero denominator,,0,0,zero denominator,,0,0,zero denominator,,,,no both-attainment-defined points,absent,,,,,,,,,,,,,,,,,,,,
G1,w204,-1,S1,near_boundary,candidate_raw_counts,0,0,0,0,0,0,0,0,0,,0,0,zero denominator,,0,0,zero denominator,,0,0,zero denominator,,0,0,zero denominator,,0,0,zero denominator,,0,0,zero denominator,,0,0,zero denominator,,0,0,zero denominator,,0,0,zero denominator,,,,no both-attainment-defined points,absent,,,,,,,,,,,,,,,,,,,,
G1,w204,0,S1,near_boundary,candidate_raw_counts,0,0,0,0,0,0,0,0,0,,0,0,zero denominator,,0,0,zero denominator,,0,0,zero denominator,,0,0,zero denominator,,0,0,zero denominator,,0,0,zero denominator,,0,0,zero denominator,,0,0,zero denominator,,0,0,zero denominator,,,,no both-attainment-defined points,absent,,,,,,,,,,,,,,,,,,,,
G1,w204,1,S1,near_boundary,candidate_raw_counts,0,0,0,0,0,0,0,0,0,,0,0,zero denominator,,0,0,zero denominator,,0,0,zero denominator,,0,0,zero denominator,,0,0,zero denominator,,0,0,zero denominator,,0,0,zero denominator,,0,0,zero denominator,,0,0,zero denominator,,,,no both-attainment-defined points,absent,,,,,,,,,,,,,,,,,,,,
G1,w204,2,S1,near_boundary,candidate_raw_counts,0,0,0,0,0,0,0,0,0,,0,0,zero denominator,,0,0,zero denominator,,0,0,zero denominator,,0,0,zero denominator,,0,0,zero denominator,,0,0,zero denominator,,0,0,zero denominator,,0,0,zero denominator,,0,0,zero denominator,,,,no both-attainment-defined points,absent,,,,,,,,,,,,,,,,,,,,
G1,w204,ALL,S1,near_boundary,pooled_counts,0,0,0,0,0,0,0,0,0,,0,0,zero denominator,,0,0,zero denominator,,0,0,zero denominator,,0,0,zero denominator,,0,0,zero denominator,,0,0,zero denominator,,0,0,zero denominator,,0,0,zero denominator,,0,0,zero denominator,,,,no both-attainment-defined points,absent,,,,,,,,,,,,,,,,,,,,
G1,w204,ALL,S1,near_boundary,equal_candidate_equal_workload_macro,,,,,,,,,,,,,all denominators zero,,,,all denominators zero,,,,all denominators zero,,,,all denominators zero,,,,all denominators zero,,,,all denominators zero,,,,all denominators zero,,,,all denominators zero,,,,all denominators zero,,,,empty applicable subset,,0,0,0,0,0,0,0,0,0,0,0,0,0,0,0,0,0,0,0,0
G1,w204,-2,S2,service,candidate_raw_counts,0,22,0,0,9,31,22,0,0,,0,0,zero denominator,,0,0,zero denominator,0.0,0,22,,0.0,0,31,,0.7096774193548387,22,31,,0.0,0,22,,1.0,22,22,,0.0,0,22,,0.0,0,22,,0.020661157024793417,0.03512396694214878,0.045454545454545525,,present,,,,,,,,,,,,,,,,,,,,
G1,w204,-1,S2,service,candidate_raw_counts,0,22,0,0,9,31,22,0,0,,0,0,zero denominator,,0,0,zero denominator,0.0,0,22,,0.0,0,31,,0.7096774193548387,22,31,,0.0,0,22,,1.0,22,22,,0.0,0,22,,0.0,0,22,,0.01962809917355375,0.03409090909090911,0.045454545454545525,,present,,,,,,,,,,,,,,,,,,,,
G1,w204,0,S2,service,candidate_raw_counts,0,22,0,0,9,31,22,0,0,,0,0,zero denominator,,0,0,zero denominator,0.0,0,22,,0.0,0,31,,0.7096774193548387,22,31,,0.0,0,22,,1.0,22,22,,0.0,0,22,,0.0,0,22,,0.014462809917355351,0.041322314049586785,0.09090909090909091,,present,,,,,,,,,,,,,,,,,,,,
G1,w204,1,S2,service,candidate_raw_counts,0,22,0,0,9,31,22,0,0,,0,0,zero denominator,,0,0,zero denominator,0.0,0,22,,0.0,0,31,,0.7096774193548387,22,31,,0.0,0,22,,1.0,22,22,,0.0,0,22,,0.0,0,22,,0.012396694214876007,0.03925619834710745,0.09090909090909091,,present,,,,,,,,,,,,,,,,,,,,
G1,w204,2,S2,service,candidate_raw_counts,0,22,0,0,9,31,22,0,0,,0,0,zero denominator,,0,0,zero denominator,0.0,0,22,,0.0,0,31,,0.7096774193548387,22,31,,0.0,0,22,,1.0,22,22,,0.0,0,22,,0.0,0,22,,0.0196280991735537,0.04235537190082645,0.15909090909090906,,present,,,,,,,,,,,,,,,,,,,,
G1,w204,ALL,S2,service,pooled_counts,0,110,0,0,45,155,110,0,0,,0,0,zero denominator,,0,0,zero denominator,0.0,0,110,,0.0,0,155,,0.7096774193548387,110,155,,0.0,0,110,,1.0,110,110,,0.0,0,110,,0.0,0,110,,0.017355371900826446,0.038429752066115715,0.09090909090909088,,present,,,,,,,,,,,,,,,,,,,,
G1,w204,ALL,S2,service,equal_candidate_equal_workload_macro,,,,,,,,,,,,,all denominators zero,,,,all denominators zero,0.0,,,,0.0,,,,0.7096774193548387,,,,0.0,,,,1.0,,,,0.0,,,,0.0,,,,0.017355371900826446,0.038429752066115715,0.09090909090909088,,,0,0,0,0,1,5,1,5,1,5,1,5,1,5,1,5,1,5,1,5
G1,w204,-2,S2,latency_only,candidate_raw_counts,0,22,0,0,0,22,22,0,0,,0,0,zero denominator,,0,0,zero denominator,0.0,0,22,,0.0,0,22,,1.0,22,22,,0.0,0,22,,1.0,22,22,,0.0,0,22,,0.0,0,22,,0.020661157024793417,0.03512396694214878,0.045454545454545525,,present,,,,,,,,,,,,,,,,,,,,
G1,w204,-1,S2,latency_only,candidate_raw_counts,0,22,0,0,0,22,22,0,0,,0,0,zero denominator,,0,0,zero denominator,0.0,0,22,,0.0,0,22,,1.0,22,22,,0.0,0,22,,1.0,22,22,,0.0,0,22,,0.0,0,22,,0.01962809917355375,0.03409090909090911,0.045454545454545525,,present,,,,,,,,,,,,,,,,,,,,
G1,w204,0,S2,latency_only,candidate_raw_counts,0,22,0,0,0,22,22,0,0,,0,0,zero denominator,,0,0,zero denominator,0.0,0,22,,0.0,0,22,,1.0,22,22,,0.0,0,22,,1.0,22,22,,0.0,0,22,,0.0,0,22,,0.014462809917355351,0.041322314049586785,0.09090909090909091,,present,,,,,,,,,,,,,,,,,,,,
G1,w204,1,S2,latency_only,candidate_raw_counts,0,22,0,0,0,22,22,0,0,,0,0,zero denominator,,0,0,zero denominator,0.0,0,22,,0.0,0,22,,1.0,22,22,,0.0,0,22,,1.0,22,22,,0.0,0,22,,0.0,0,22,,0.012396694214876007,0.03925619834710745,0.09090909090909091,,present,,,,,,,,,,,,,,,,,,,,
G1,w204,2,S2,latency_only,candidate_raw_counts,0,22,0,0,0,22,22,0,0,,0,0,zero denominator,,0,0,zero denominator,0.0,0,22,,0.0,0,22,,1.0,22,22,,0.0,0,22,,1.0,22,22,,0.0,0,22,,0.0,0,22,,0.0196280991735537,0.04235537190082645,0.15909090909090906,,present,,,,,,,,,,,,,,,,,,,,
G1,w204,ALL,S2,latency_only,pooled_counts,0,110,0,0,0,110,110,0,0,,0,0,zero denominator,,0,0,zero denominator,0.0,0,110,,0.0,0,110,,1.0,110,110,,0.0,0,110,,1.0,110,110,,0.0,0,110,,0.0,0,110,,0.017355371900826446,0.038429752066115715,0.09090909090909088,,present,,,,,,,,,,,,,,,,,,,,
G1,w204,ALL,S2,latency_only,equal_candidate_equal_workload_macro,,,,,,,,,,,,,all denominators zero,,,,all denominators zero,0.0,,,,0.0,,,,1.0,,,,0.0,,,,1.0,,,,0.0,,,,0.0,,,,0.017355371900826446,0.038429752066115715,0.09090909090909088,,,0,0,0,0,1,5,1,5,1,5,1,5,1,5,1,5,1,5,1,5
G1,w204,-2,S2,near_boundary,candidate_raw_counts,0,0,0,0,0,0,0,0,0,,0,0,zero denominator,,0,0,zero denominator,,0,0,zero denominator,,0,0,zero denominator,,0,0,zero denominator,,0,0,zero denominator,,0,0,zero denominator,,0,0,zero denominator,,0,0,zero denominator,,,,no both-attainment-defined points,absent,,,,,,,,,,,,,,,,,,,,
G1,w204,-1,S2,near_boundary,candidate_raw_counts,0,0,0,0,0,0,0,0,0,,0,0,zero denominator,,0,0,zero denominator,,0,0,zero denominator,,0,0,zero denominator,,0,0,zero denominator,,0,0,zero denominator,,0,0,zero denominator,,0,0,zero denominator,,0,0,zero denominator,,,,no both-attainment-defined points,absent,,,,,,,,,,,,,,,,,,,,
G1,w204,0,S2,near_boundary,candidate_raw_counts,0,0,0,0,0,0,0,0,0,,0,0,zero denominator,,0,0,zero denominator,,0,0,zero denominator,,0,0,zero denominator,,0,0,zero denominator,,0,0,zero denominator,,0,0,zero denominator,,0,0,zero denominator,,0,0,zero denominator,,,,no both-attainment-defined points,absent,,,,,,,,,,,,,,,,,,,,
G1,w204,1,S2,near_boundary,candidate_raw_counts,0,0,0,0,0,0,0,0,0,,0,0,zero denominator,,0,0,zero denominator,,0,0,zero denominator,,0,0,zero denominator,,0,0,zero denominator,,0,0,zero denominator,,0,0,zero denominator,,0,0,zero denominator,,0,0,zero denominator,,,,no both-attainment-defined points,absent,,,,,,,,,,,,,,,,,,,,
G1,w204,2,S2,near_boundary,candidate_raw_counts,0,0,0,0,0,0,0,0,0,,0,0,zero denominator,,0,0,zero denominator,,0,0,zero denominator,,0,0,zero denominator,,0,0,zero denominator,,0,0,zero denominator,,0,0,zero denominator,,0,0,zero denominator,,0,0,zero denominator,,,,no both-attainment-defined points,absent,,,,,,,,,,,,,,,,,,,,
G1,w204,ALL,S2,near_boundary,pooled_counts,0,0,0,0,0,0,0,0,0,,0,0,zero denominator,,0,0,zero denominator,,0,0,zero denominator,,0,0,zero denominator,,0,0,zero denominator,,0,0,zero denominator,,0,0,zero denominator,,0,0,zero denominator,,0,0,zero denominator,,,,no both-attainment-defined points,absent,,,,,,,,,,,,,,,,,,,,
G1,w204,ALL,S2,near_boundary,equal_candidate_equal_workload_macro,,,,,,,,,,,,,all denominators zero,,,,all denominators zero,,,,all denominators zero,,,,all denominators zero,,,,all denominators zero,,,,all denominators zero,,,,all denominators zero,,,,all denominators zero,,,,all denominators zero,,,,empty applicable subset,,0,0,0,0,0,0,0,0,0,0,0,0,0,0,0,0,0,0,0,0
G1,w204,-2,S3,service,candidate_raw_counts,0,22,0,0,9,31,22,0,0,,0,0,zero denominator,,0,0,zero denominator,0.0,0,22,,0.0,0,31,,0.7096774193548387,22,31,,0.0,0,22,,1.0,22,22,,0.0,0,22,,0.0,0,22,,0.0,0.0,0.0,,present,,,,,,,,,,,,,,,,,,,,
G1,w204,-1,S3,service,candidate_raw_counts,0,22,0,0,9,31,22,0,0,,0,0,zero denominator,,0,0,zero denominator,0.0,0,22,,0.0,0,31,,0.7096774193548387,22,31,,0.0,0,22,,1.0,22,22,,0.0,0,22,,0.0,0,22,,0.0,0.0,0.0,,present,,,,,,,,,,,,,,,,,,,,
G1,w204,0,S3,service,candidate_raw_counts,0,22,0,0,9,31,22,0,0,,0,0,zero denominator,,0,0,zero denominator,0.0,0,22,,0.0,0,31,,0.7096774193548387,22,31,,0.0,0,22,,1.0,22,22,,0.0,0,22,,0.0,0,22,,0.0,0.0,0.0,,present,,,,,,,,,,,,,,,,,,,,
G1,w204,1,S3,service,candidate_raw_counts,0,22,0,0,9,31,22,0,0,,0,0,zero denominator,,0,0,zero denominator,0.0,0,22,,0.0,0,31,,0.7096774193548387,22,31,,0.0,0,22,,1.0,22,22,,0.0,0,22,,0.0,0,22,,0.0,0.0,0.0,,present,,,,,,,,,,,,,,,,,,,,
G1,w204,2,S3,service,candidate_raw_counts,0,22,0,0,9,31,22,0,0,,0,0,zero denominator,,0,0,zero denominator,0.0,0,22,,0.0,0,31,,0.7096774193548387,22,31,,0.0,0,22,,1.0,22,22,,0.0,0,22,,0.0,0,22,,0.0,0.0,0.0,,present,,,,,,,,,,,,,,,,,,,,
G1,w204,ALL,S3,service,pooled_counts,0,110,0,0,45,155,110,0,0,,0,0,zero denominator,,0,0,zero denominator,0.0,0,110,,0.0,0,155,,0.7096774193548387,110,155,,0.0,0,110,,1.0,110,110,,0.0,0,110,,0.0,0,110,,0.0,0.0,0.0,,present,,,,,,,,,,,,,,,,,,,,
G1,w204,ALL,S3,service,equal_candidate_equal_workload_macro,,,,,,,,,,,,,all denominators zero,,,,all denominators zero,0.0,,,,0.0,,,,0.7096774193548387,,,,0.0,,,,1.0,,,,0.0,,,,0.0,,,,0.0,0.0,0.0,,,0,0,0,0,1,5,1,5,1,5,1,5,1,5,1,5,1,5,1,5
G1,w204,-2,S3,latency_only,candidate_raw_counts,0,22,0,0,0,22,22,0,0,,0,0,zero denominator,,0,0,zero denominator,0.0,0,22,,0.0,0,22,,1.0,22,22,,0.0,0,22,,1.0,22,22,,0.0,0,22,,0.0,0,22,,0.0,0.0,0.0,,present,,,,,,,,,,,,,,,,,,,,
G1,w204,-1,S3,latency_only,candidate_raw_counts,0,22,0,0,0,22,22,0,0,,0,0,zero denominator,,0,0,zero denominator,0.0,0,22,,0.0,0,22,,1.0,22,22,,0.0,0,22,,1.0,22,22,,0.0,0,22,,0.0,0,22,,0.0,0.0,0.0,,present,,,,,,,,,,,,,,,,,,,,
G1,w204,0,S3,latency_only,candidate_raw_counts,0,22,0,0,0,22,22,0,0,,0,0,zero denominator,,0,0,zero denominator,0.0,0,22,,0.0,0,22,,1.0,22,22,,0.0,0,22,,1.0,22,22,,0.0,0,22,,0.0,0,22,,0.0,0.0,0.0,,present,,,,,,,,,,,,,,,,,,,,
G1,w204,1,S3,latency_only,candidate_raw_counts,0,22,0,0,0,22,22,0,0,,0,0,zero denominator,,0,0,zero denominator,0.0,0,22,,0.0,0,22,,1.0,22,22,,0.0,0,22,,1.0,22,22,,0.0,0,22,,0.0,0,22,,0.0,0.0,0.0,,present,,,,,,,,,,,,,,,,,,,,
G1,w204,2,S3,latency_only,candidate_raw_counts,0,22,0,0,0,22,22,0,0,,0,0,zero denominator,,0,0,zero denominator,0.0,0,22,,0.0,0,22,,1.0,22,22,,0.0,0,22,,1.0,22,22,,0.0,0,22,,0.0,0,22,,0.0,0.0,0.0,,present,,,,,,,,,,,,,,,,,,,,
G1,w204,ALL,S3,latency_only,pooled_counts,0,110,0,0,0,110,110,0,0,,0,0,zero denominator,,0,0,zero denominator,0.0,0,110,,0.0,0,110,,1.0,110,110,,0.0,0,110,,1.0,110,110,,0.0,0,110,,0.0,0,110,,0.0,0.0,0.0,,present,,,,,,,,,,,,,,,,,,,,
G1,w204,ALL,S3,latency_only,equal_candidate_equal_workload_macro,,,,,,,,,,,,,all denominators zero,,,,all denominators zero,0.0,,,,0.0,,,,1.0,,,,0.0,,,,1.0,,,,0.0,,,,0.0,,,,0.0,0.0,0.0,,,0,0,0,0,1,5,1,5,1,5,1,5,1,5,1,5,1,5,1,5
G1,w204,-2,S3,near_boundary,candidate_raw_counts,0,0,0,0,0,0,0,0,0,,0,0,zero denominator,,0,0,zero denominator,,0,0,zero denominator,,0,0,zero denominator,,0,0,zero denominator,,0,0,zero denominator,,0,0,zero denominator,,0,0,zero denominator,,0,0,zero denominator,,,,no both-attainment-defined points,absent,,,,,,,,,,,,,,,,,,,,
G1,w204,-1,S3,near_boundary,candidate_raw_counts,0,0,0,0,0,0,0,0,0,,0,0,zero denominator,,0,0,zero denominator,,0,0,zero denominator,,0,0,zero denominator,,0,0,zero denominator,,0,0,zero denominator,,0,0,zero denominator,,0,0,zero denominator,,0,0,zero denominator,,,,no both-attainment-defined points,absent,,,,,,,,,,,,,,,,,,,,
G1,w204,0,S3,near_boundary,candidate_raw_counts,0,0,0,0,0,0,0,0,0,,0,0,zero denominator,,0,0,zero denominator,,0,0,zero denominator,,0,0,zero denominator,,0,0,zero denominator,,0,0,zero denominator,,0,0,zero denominator,,0,0,zero denominator,,0,0,zero denominator,,,,no both-attainment-defined points,absent,,,,,,,,,,,,,,,,,,,,
G1,w204,1,S3,near_boundary,candidate_raw_counts,0,0,0,0,0,0,0,0,0,,0,0,zero denominator,,0,0,zero denominator,,0,0,zero denominator,,0,0,zero denominator,,0,0,zero denominator,,0,0,zero denominator,,0,0,zero denominator,,0,0,zero denominator,,0,0,zero denominator,,,,no both-attainment-defined points,absent,,,,,,,,,,,,,,,,,,,,
G1,w204,2,S3,near_boundary,candidate_raw_counts,0,0,0,0,0,0,0,0,0,,0,0,zero denominator,,0,0,zero denominator,,0,0,zero denominator,,0,0,zero denominator,,0,0,zero denominator,,0,0,zero denominator,,0,0,zero denominator,,0,0,zero denominator,,0,0,zero denominator,,,,no both-attainment-defined points,absent,,,,,,,,,,,,,,,,,,,,
G1,w204,ALL,S3,near_boundary,pooled_counts,0,0,0,0,0,0,0,0,0,,0,0,zero denominator,,0,0,zero denominator,,0,0,zero denominator,,0,0,zero denominator,,0,0,zero denominator,,0,0,zero denominator,,0,0,zero denominator,,0,0,zero denominator,,0,0,zero denominator,,,,no both-attainment-defined points,absent,,,,,,,,,,,,,,,,,,,,
G1,w204,ALL,S3,near_boundary,equal_candidate_equal_workload_macro,,,,,,,,,,,,,all denominators zero,,,,all denominators zero,,,,all denominators zero,,,,all denominators zero,,,,all denominators zero,,,,all denominators zero,,,,all denominators zero,,,,all denominators zero,,,,all denominators zero,,,,empty applicable subset,,0,0,0,0,0,0,0,0,0,0,0,0,0,0,0,0,0,0,0,0
G1,w204,-2,S4,service,candidate_raw_counts,13,8,0,1,9,31,22,13,0,0.0,0,13,,0.07142857142857142,1,14,,0.0,0,8,,0.41935483870967744,13,31,,0.7096774193548387,22,31,,0.5909090909090909,13,22,,0.36363636363636365,8,22,,0.0,0,22,,0.045454545454545456,1,22,,-0.011363636363636364,0.02169421487603306,0.11363636363636362,,present,,,,,,,,,,,,,,,,,,,,
G1,w204,-1,S4,service,candidate_raw_counts,13,8,0,1,9,31,22,13,0,0.0,0,13,,0.07142857142857142,1,14,,0.0,0,8,,0.41935483870967744,13,31,,0.7096774193548387,22,31,,0.5909090909090909,13,22,,0.36363636363636365,8,22,,0.0,0,22,,0.045454545454545456,1,22,,-0.007231404958677685,0.023760330578512397,0.09090909090909094,,present,,,,,,,,,,,,,,,,,,,,
G1,w204,0,S4,service,candidate_raw_counts,12,9,0,1,9,31,22,12,0,0.0,0,12,,0.07692307692307693,1,13,,0.0,0,9,,0.3870967741935484,12,31,,0.7096774193548387,22,31,,0.5454545454545454,12,22,,0.4090909090909091,9,22,,0.0,0,22,,0.045454545454545456,1,22,,-0.013429752066115705,0.0237603305785124,0.06818181818181823,,present,,,,,,,,,,,,,,,,,,,,
G1,w204,1,S4,service,candidate_raw_counts,11,10,0,1,9,31,22,11,0,0.0,0,11,,0.08333333333333333,1,12,,0.0,0,10,,0.3548387096774194,11,31,,0.7096774193548387,22,31,,0.5,11,22,,0.45454545454545453,10,22,,0.0,0,22,,0.045454545454545456,1,22,,-0.02789256198347108,0.029958677685950418,0.11363636363636365,,present,,,,,,,,,,,,,,,,,,,,
G1,w204,2,S4,service,candidate_raw_counts,9,12,0,1,9,31,22,9,0,0.0,0,9,,0.1,1,10,,0.0,0,12,,0.2903225806451613,9,31,,0.7096774193548387,22,31,,0.4090909090909091,9,22,,0.5454545454545454,12,22,,0.0,0,22,,0.045454545454545456,1,22,,-0.019628099173553713,0.019628099173553713,0.045454545454545456,,present,,,,,,,,,,,,,,,,,,,,
G1,w204,ALL,S4,service,pooled_counts,58,47,0,5,45,155,110,58,0,0.0,0,58,,0.07936507936507936,5,63,,0.0,0,47,,0.3741935483870968,58,155,,0.7096774193548387,110,155,,0.5272727272727272,58,110,,0.42727272727272725,47,110,,0.0,0,110,,0.045454545454545456,5,110,,-0.015909090909090907,0.023760330578512397,0.09090909090909088,,present,,,,,,,,,,,,,,,,,,,,
G1,w204,ALL,S4,service,equal_candidate_equal_workload_macro,,,,,,,,,,0.0,,,,0.08062271062271062,,,,0.0,,,,0.3741935483870968,,,,0.7096774193548387,,,,0.5272727272727273,,,,0.42727272727272725,,,,0.0,,,,0.045454545454545456,,,,-0.015909090909090907,0.023760330578512397,0.09090909090909088,,,1,5,1,5,1,5,1,5,1,5,1,5,1,5,1,5,1,5,1,5
G1,w204,-2,S4,latency_only,candidate_raw_counts,13,8,0,1,0,22,22,13,0,0.0,0,13,,0.07142857142857142,1,14,,0.0,0,8,,0.5909090909090909,13,22,,1.0,22,22,,0.5909090909090909,13,22,,0.36363636363636365,8,22,,0.0,0,22,,0.045454545454545456,1,22,,-0.011363636363636364,0.02169421487603306,0.11363636363636362,,present,,,,,,,,,,,,,,,,,,,,
G1,w204,-1,S4,latency_only,candidate_raw_counts,13,8,0,1,0,22,22,13,0,0.0,0,13,,0.07142857142857142,1,14,,0.0,0,8,,0.5909090909090909,13,22,,1.0,22,22,,0.5909090909090909,13,22,,0.36363636363636365,8,22,,0.0,0,22,,0.045454545454545456,1,22,,-0.007231404958677685,0.023760330578512397,0.09090909090909094,,present,,,,,,,,,,,,,,,,,,,,
G1,w204,0,S4,latency_only,candidate_raw_counts,12,9,0,1,0,22,22,12,0,0.0,0,12,,0.07692307692307693,1,13,,0.0,0,9,,0.5454545454545454,12,22,,1.0,22,22,,0.5454545454545454,12,22,,0.4090909090909091,9,22,,0.0,0,22,,0.045454545454545456,1,22,,-0.013429752066115705,0.0237603305785124,0.06818181818181823,,present,,,,,,,,,,,,,,,,,,,,
G1,w204,1,S4,latency_only,candidate_raw_counts,11,10,0,1,0,22,22,11,0,0.0,0,11,,0.08333333333333333,1,12,,0.0,0,10,,0.5,11,22,,1.0,22,22,,0.5,11,22,,0.45454545454545453,10,22,,0.0,0,22,,0.045454545454545456,1,22,,-0.02789256198347108,0.029958677685950418,0.11363636363636365,,present,,,,,,,,,,,,,,,,,,,,
G1,w204,2,S4,latency_only,candidate_raw_counts,9,12,0,1,0,22,22,9,0,0.0,0,9,,0.1,1,10,,0.0,0,12,,0.4090909090909091,9,22,,1.0,22,22,,0.4090909090909091,9,22,,0.5454545454545454,12,22,,0.0,0,22,,0.045454545454545456,1,22,,-0.019628099173553713,0.019628099173553713,0.045454545454545456,,present,,,,,,,,,,,,,,,,,,,,
G1,w204,ALL,S4,latency_only,pooled_counts,58,47,0,5,0,110,110,58,0,0.0,0,58,,0.07936507936507936,5,63,,0.0,0,47,,0.5272727272727272,58,110,,1.0,110,110,,0.5272727272727272,58,110,,0.42727272727272725,47,110,,0.0,0,110,,0.045454545454545456,5,110,,-0.015909090909090907,0.023760330578512397,0.09090909090909088,,present,,,,,,,,,,,,,,,,,,,,
G1,w204,ALL,S4,latency_only,equal_candidate_equal_workload_macro,,,,,,,,,,0.0,,,,0.08062271062271062,,,,0.0,,,,0.5272727272727273,,,,1.0,,,,0.5272727272727273,,,,0.42727272727272725,,,,0.0,,,,0.045454545454545456,,,,-0.015909090909090907,0.023760330578512397,0.09090909090909088,,,1,5,1,5,1,5,1,5,1,5,1,5,1,5,1,5,1,5,1,5
G1,w204,-2,S4,near_boundary,candidate_raw_counts,0,0,0,0,0,0,0,0,0,,0,0,zero denominator,,0,0,zero denominator,,0,0,zero denominator,,0,0,zero denominator,,0,0,zero denominator,,0,0,zero denominator,,0,0,zero denominator,,0,0,zero denominator,,0,0,zero denominator,,,,no both-attainment-defined points,absent,,,,,,,,,,,,,,,,,,,,
G1,w204,-1,S4,near_boundary,candidate_raw_counts,0,0,0,1,0,1,1,0,0,,0,0,zero denominator,1.0,1,1,,,0,0,zero denominator,0.0,0,1,,1.0,1,1,,0.0,0,1,,0.0,0,1,,0.0,0,1,,1.0,1,1,,-0.18181818181818177,0.18181818181818177,0.18181818181818177,,present,,,,,,,,,,,,,,,,,,,,
G1,w204,0,S4,near_boundary,candidate_raw_counts,0,0,0,0,0,0,0,0,0,,0,0,zero denominator,,0,0,zero denominator,,0,0,zero denominator,,0,0,zero denominator,,0,0,zero denominator,,0,0,zero denominator,,0,0,zero denominator,,0,0,zero denominator,,0,0,zero denominator,,,,no both-attainment-defined points,absent,,,,,,,,,,,,,,,,,,,,
G1,w204,1,S4,near_boundary,candidate_raw_counts,0,1,0,0,0,1,1,0,0,,0,0,zero denominator,,0,0,zero denominator,0.0,0,1,,0.0,0,1,,1.0,1,1,,0.0,0,1,,1.0,1,1,,0.0,0,1,,0.0,0,1,,-0.20454545454545459,0.20454545454545459,0.20454545454545459,,present,,,,,,,,,,,,,,,,,,,,
G1,w204,2,S4,near_boundary,candidate_raw_counts,0,1,0,1,0,2,2,0,0,,0,0,zero denominator,1.0,1,1,,0.0,0,1,,0.0,0,2,,1.0,2,2,,0.0,0,2,,0.5,1,2,,0.0,0,2,,0.5,1,2,,-0.022727272727272707,0.022727272727272707,0.022727272727272707,,present,,,,,,,,,,,,,,,,,,,,
G1,w204,ALL,S4,near_boundary,pooled_counts,0,2,0,2,0,4,4,0,0,,0,0,zero denominator,1.0,2,2,,0.0,0,2,,0.0,0,4,,1.0,4,4,,0.0,0,4,,0.5,2,4,,0.0,0,4,,0.5,2,4,,-0.10795454545454544,0.10795454545454544,0.20454545454545459,,present,,,,,,,,,,,,,,,,,,,,
G1,w204,ALL,S4,near_boundary,equal_candidate_equal_workload_macro,,,,,,,,,,,,,all denominators zero,1.0,,,,0.0,,,,0.0,,,,1.0,,,,0.0,,,,0.5,,,,0.0,,,,0.5,,,,-0.13636363636363635,0.13636363636363635,0.20454545454545459,,,0,0,1,2,1,2,1,3,1,3,1,3,1,3,1,3,1,3,1,3
G1,w204,-2,S5,service,candidate_raw_counts,16,6,0,0,9,31,22,16,0,0.0,0,16,,0.0,0,16,,0.0,0,6,,0.5161290322580645,16,31,,0.7096774193548387,22,31,,0.7272727272727273,16,22,,0.2727272727272727,6,22,,0.0,0,22,,0.0,0,22,,0.028925619834710745,0.03305785123966942,0.15909090909090912,,present,,,,,,,,,,,,,,,,,,,,
G1,w204,-1,S5,service,candidate_raw_counts,15,7,0,0,9,31,22,15,0,0.0,0,15,,0.0,0,15,,0.0,0,7,,0.4838709677419355,15,31,,0.7096774193548387,22,31,,0.6818181818181818,15,22,,0.3181818181818182,7,22,,0.0,0,22,,0.0,0,22,,0.03409090909090909,0.03615702479338843,0.15909090909090906,,present,,,,,,,,,,,,,,,,,,,,
G1,w204,0,S5,service,candidate_raw_counts,15,7,0,0,9,31,22,15,0,0.0,0,15,,0.0,0,15,,0.0,0,7,,0.4838709677419355,15,31,,0.7096774193548387,22,31,,0.6818181818181818,15,22,,0.3181818181818182,7,22,,0.0,0,22,,0.0,0,22,,0.04648760330578512,0.04648760330578512,0.2727272727272727,,present,,,,,,,,,,,,,,,,,,,,
G1,w204,1,S5,service,candidate_raw_counts,14,7,1,0,9,31,22,15,0,0.06666666666666667,1,15,,0.0,0,14,,0.125,1,8,,0.4838709677419355,15,31,,0.7096774193548387,22,31,,0.6363636363636364,14,22,,0.3181818181818182,7,22,,0.045454545454545456,1,22,,0.0,0,22,,0.038223140495867766,0.038223140495867766,0.20454545454545456,,present,,,,,,,,,,,,,,,,,,,,
G1,w204,2,S5,service,candidate_raw_counts,14,8,0,0,9,31,22,14,0,0.0,0,14,,0.0,0,14,,0.0,0,8,,0.45161290322580644,14,31,,0.7096774193548387,22,31,,0.6363636363636364,14,22,,0.36363636363636365,8,22,,0.0,0,22,,0.0,0,22,,0.03925619834710744,0.03925619834710744,0.2272727272727273,,present,,,,,,,,,,,,,,,,,,,,
G1,w204,ALL,S5,service,pooled_counts,74,35,1,0,45,155,110,75,0,0.013333333333333334,1,75,,0.0,0,74,,0.027777777777777776,1,36,,0.4838709677419355,75,155,,0.7096774193548387,110,155,,0.6727272727272727,74,110,,0.3181818181818182,35,110,,0.00909090909090909,1,110,,0.0,0,110,,0.037396694214876035,0.038636363636363635,0.20454545454545447,,present,,,,,,,,,,,,,,,,,,,,
G1,w204,ALL,S5,service,equal_candidate_equal_workload_macro,,,,,,,,,,0.013333333333333332,,,,0.0,,,,0.025,,,,0.4838709677419355,,,,0.7096774193548387,,,,0.6727272727272727,,,,0.3181818181818182,,,,0.00909090909090909,,,,0.0,,,,0.037396694214876035,0.038636363636363635,0.20454545454545447,,,1,5,1,5,1,5,1,5,1,5,1,5,1,5,1,5,1,5,1,5
G1,w204,-2,S5,latency_only,candidate_raw_counts,16,6,0,0,0,22,22,16,0,0.0,0,16,,0.0,0,16,,0.0,0,6,,0.7272727272727273,16,22,,1.0,22,22,,0.7272727272727273,16,22,,0.2727272727272727,6,22,,0.0,0,22,,0.0,0,22,,0.028925619834710745,0.03305785123966942,0.15909090909090912,,present,,,,,,,,,,,,,,,,,,,,
G1,w204,-1,S5,latency_only,candidate_raw_counts,15,7,0,0,0,22,22,15,0,0.0,0,15,,0.0,0,15,,0.0,0,7,,0.6818181818181818,15,22,,1.0,22,22,,0.6818181818181818,15,22,,0.3181818181818182,7,22,,0.0,0,22,,0.0,0,22,,0.03409090909090909,0.03615702479338843,0.15909090909090906,,present,,,,,,,,,,,,,,,,,,,,
G1,w204,0,S5,latency_only,candidate_raw_counts,15,7,0,0,0,22,22,15,0,0.0,0,15,,0.0,0,15,,0.0,0,7,,0.6818181818181818,15,22,,1.0,22,22,,0.6818181818181818,15,22,,0.3181818181818182,7,22,,0.0,0,22,,0.0,0,22,,0.04648760330578512,0.04648760330578512,0.2727272727272727,,present,,,,,,,,,,,,,,,,,,,,
G1,w204,1,S5,latency_only,candidate_raw_counts,14,7,1,0,0,22,22,15,0,0.06666666666666667,1,15,,0.0,0,14,,0.125,1,8,,0.6818181818181818,15,22,,1.0,22,22,,0.6363636363636364,14,22,,0.3181818181818182,7,22,,0.045454545454545456,1,22,,0.0,0,22,,0.038223140495867766,0.038223140495867766,0.20454545454545456,,present,,,,,,,,,,,,,,,,,,,,
G1,w204,2,S5,latency_only,candidate_raw_counts,14,8,0,0,0,22,22,14,0,0.0,0,14,,0.0,0,14,,0.0,0,8,,0.6363636363636364,14,22,,1.0,22,22,,0.6363636363636364,14,22,,0.36363636363636365,8,22,,0.0,0,22,,0.0,0,22,,0.03925619834710744,0.03925619834710744,0.2272727272727273,,present,,,,,,,,,,,,,,,,,,,,
G1,w204,ALL,S5,latency_only,pooled_counts,74,35,1,0,0,110,110,75,0,0.013333333333333334,1,75,,0.0,0,74,,0.027777777777777776,1,36,,0.6818181818181818,75,110,,1.0,110,110,,0.6727272727272727,74,110,,0.3181818181818182,35,110,,0.00909090909090909,1,110,,0.0,0,110,,0.037396694214876035,0.038636363636363635,0.20454545454545447,,present,,,,,,,,,,,,,,,,,,,,
G1,w204,ALL,S5,latency_only,equal_candidate_equal_workload_macro,,,,,,,,,,0.013333333333333332,,,,0.0,,,,0.025,,,,0.6818181818181818,,,,1.0,,,,0.6727272727272727,,,,0.3181818181818182,,,,0.00909090909090909,,,,0.0,,,,0.037396694214876035,0.038636363636363635,0.20454545454545447,,,1,5,1,5,1,5,1,5,1,5,1,5,1,5,1,5,1,5,1,5
G1,w204,-2,S5,near_boundary,candidate_raw_counts,1,0,0,0,0,1,1,1,0,0.0,0,1,,0.0,0,1,,,0,0,zero denominator,1.0,1,1,,1.0,1,1,,1.0,1,1,,0.0,0,1,,0.0,0,1,,0.0,0,1,,-0.022727272727272707,0.022727272727272707,0.022727272727272707,,present,,,,,,,,,,,,,,,,,,,,
G1,w204,-1,S5,near_boundary,candidate_raw_counts,0,0,0,0,0,0,0,0,0,,0,0,zero denominator,,0,0,zero denominator,,0,0,zero denominator,,0,0,zero denominator,,0,0,zero denominator,,0,0,zero denominator,,0,0,zero denominator,,0,0,zero denominator,,0,0,zero denominator,,,,no both-attainment-defined points,absent,,,,,,,,,,,,,,,,,,,,
G1,w204,0,S5,near_boundary,candidate_raw_counts,1,0,0,0,0,1,1,1,0,0.0,0,1,,0.0,0,1,,,0,0,zero denominator,1.0,1,1,,1.0,1,1,,1.0,1,1,,0.0,0,1,,0.0,0,1,,0.0,0,1,,0.0,0.0,0.0,,present,,,,,,,,,,,,,,,,,,,,
G1,w204,1,S5,near_boundary,candidate_raw_counts,0,0,0,0,0,0,0,0,0,,0,0,zero denominator,,0,0,zero denominator,,0,0,zero denominator,,0,0,zero denominator,,0,0,zero denominator,,0,0,zero denominator,,0,0,zero denominator,,0,0,zero denominator,,0,0,zero denominator,,,,no both-attainment-defined points,absent,,,,,,,,,,,,,,,,,,,,
G1,w204,2,S5,near_boundary,candidate_raw_counts,0,0,0,0,0,0,0,0,0,,0,0,zero denominator,,0,0,zero denominator,,0,0,zero denominator,,0,0,zero denominator,,0,0,zero denominator,,0,0,zero denominator,,0,0,zero denominator,,0,0,zero denominator,,0,0,zero denominator,,,,no both-attainment-defined points,absent,,,,,,,,,,,,,,,,,,,,
G1,w204,ALL,S5,near_boundary,pooled_counts,2,0,0,0,0,2,2,2,0,0.0,0,2,,0.0,0,2,,,0,0,zero denominator,1.0,2,2,,1.0,2,2,,1.0,2,2,,0.0,0,2,,0.0,0,2,,0.0,0,2,,-0.011363636363636354,0.011363636363636354,0.022727272727272707,,present,,,,,,,,,,,,,,,,,,,,
G1,w204,ALL,S5,near_boundary,equal_candidate_equal_workload_macro,,,,,,,,,,0.0,,,,0.0,,,,,,,all denominators zero,1.0,,,,1.0,,,,1.0,,,,0.0,,,,0.0,,,,0.0,,,,-0.011363636363636354,0.011363636363636354,0.022727272727272707,,,1,2,1,2,0,0,1,2,1,2,1,2,1,2,1,2,1,2,1,2
G1,w204,-2,S6,service,candidate_raw_counts,18,3,0,1,9,31,22,18,0,0.0,0,18,,0.05263157894736842,1,19,,0.0,0,3,,0.5806451612903226,18,31,,0.7096774193548387,22,31,,0.8181818181818182,18,22,,0.13636363636363635,3,22,,0.0,0,22,,0.045454545454545456,1,22,,-0.06198347107438016,0.06198347107438016,0.34090909090909094,,present,,,,,,,,,,,,,,,,,,,,
G1,w204,-1,S6,service,candidate_raw_counts,18,3,0,1,9,31,22,18,0,0.0,0,18,,0.05263157894736842,1,19,,0.0,0,3,,0.5806451612903226,18,31,,0.7096774193548387,22,31,,0.8181818181818182,18,22,,0.13636363636363635,3,22,,0.0,0,22,,0.045454545454545456,1,22,,-0.060950413223140494,0.060950413223140494,0.34090909090909094,,present,,,,,,,,,,,,,,,,,,,,
G1,w204,0,S6,service,candidate_raw_counts,18,3,0,1,9,31,22,18,0,0.0,0,18,,0.05263157894736842,1,19,,0.0,0,3,,0.5806451612903226,18,31,,0.7096774193548387,22,31,,0.8181818181818182,18,22,,0.13636363636363635,3,22,,0.0,0,22,,0.045454545454545456,1,22,,-0.0537190082644628,0.0537190082644628,0.2954545454545454,,present,,,,,,,,,,,,,,,,,,,,
G1,w204,1,S6,service,candidate_raw_counts,18,3,0,1,9,31,22,18,0,0.0,0,18,,0.05263157894736842,1,19,,0.0,0,3,,0.5806451612903226,18,31,,0.7096774193548387,22,31,,0.8181818181818182,18,22,,0.13636363636363635,3,22,,0.0,0,22,,0.045454545454545456,1,22,,-0.0506198347107438,0.0506198347107438,0.27272727272727276,,present,,,,,,,,,,,,,,,,,,,,
G1,w204,2,S6,service,candidate_raw_counts,18,4,0,0,9,31,22,18,0,0.0,0,18,,0.0,0,18,,0.0,0,4,,0.5806451612903226,18,31,,0.7096774193548387,22,31,,0.8181818181818182,18,22,,0.18181818181818182,4,22,,0.0,0,22,,0.0,0,22,,-0.04338842975206611,0.04338842975206611,0.20454545454545453,,present,,,,,,,,,,,,,,,,,,,,
G1,w204,ALL,S6,service,pooled_counts,90,16,0,4,45,155,110,90,0,0.0,0,90,,0.0425531914893617,4,94,,0.0,0,16,,0.5806451612903226,90,155,,0.7096774193548387,110,155,,0.8181818181818182,90,110,,0.14545454545454545,16,110,,0.0,0,110,,0.03636363636363636,4,110,,-0.054132231404958674,0.054132231404958674,0.2954545454545454,,present,,,,,,,,,,,,,,,,,,,,
G1,w204,ALL,S6,service,equal_candidate_equal_workload_macro,,,,,,,,,,0.0,,,,0.042105263157894736,,,,0.0,,,,0.5806451612903226,,,,0.7096774193548387,,,,0.8181818181818182,,,,0.14545454545454545,,,,0.0,,,,0.03636363636363636,,,,-0.054132231404958674,0.054132231404958674,0.2954545454545454,,,1,5,1,5,1,5,1,5,1,5,1,5,1,5,1,5,1,5,1,5
G1,w204,-2,S6,latency_only,candidate_raw_counts,18,3,0,1,0,22,22,18,0,0.0,0,18,,0.05263157894736842,1,19,,0.0,0,3,,0.8181818181818182,18,22,,1.0,22,22,,0.8181818181818182,18,22,,0.13636363636363635,3,22,,0.0,0,22,,0.045454545454545456,1,22,,-0.06198347107438016,0.06198347107438016,0.34090909090909094,,present,,,,,,,,,,,,,,,,,,,,
G1,w204,-1,S6,latency_only,candidate_raw_counts,18,3,0,1,0,22,22,18,0,0.0,0,18,,0.05263157894736842,1,19,,0.0,0,3,,0.8181818181818182,18,22,,1.0,22,22,,0.8181818181818182,18,22,,0.13636363636363635,3,22,,0.0,0,22,,0.045454545454545456,1,22,,-0.060950413223140494,0.060950413223140494,0.34090909090909094,,present,,,,,,,,,,,,,,,,,,,,
G1,w204,0,S6,latency_only,candidate_raw_counts,18,3,0,1,0,22,22,18,0,0.0,0,18,,0.05263157894736842,1,19,,0.0,0,3,,0.8181818181818182,18,22,,1.0,22,22,,0.8181818181818182,18,22,,0.13636363636363635,3,22,,0.0,0,22,,0.045454545454545456,1,22,,-0.0537190082644628,0.0537190082644628,0.2954545454545454,,present,,,,,,,,,,,,,,,,,,,,
G1,w204,1,S6,latency_only,candidate_raw_counts,18,3,0,1,0,22,22,18,0,0.0,0,18,,0.05263157894736842,1,19,,0.0,0,3,,0.8181818181818182,18,22,,1.0,22,22,,0.8181818181818182,18,22,,0.13636363636363635,3,22,,0.0,0,22,,0.045454545454545456,1,22,,-0.0506198347107438,0.0506198347107438,0.27272727272727276,,present,,,,,,,,,,,,,,,,,,,,
G1,w204,2,S6,latency_only,candidate_raw_counts,18,4,0,0,0,22,22,18,0,0.0,0,18,,0.0,0,18,,0.0,0,4,,0.8181818181818182,18,22,,1.0,22,22,,0.8181818181818182,18,22,,0.18181818181818182,4,22,,0.0,0,22,,0.0,0,22,,-0.04338842975206611,0.04338842975206611,0.20454545454545453,,present,,,,,,,,,,,,,,,,,,,,
G1,w204,ALL,S6,latency_only,pooled_counts,90,16,0,4,0,110,110,90,0,0.0,0,90,,0.0425531914893617,4,94,,0.0,0,16,,0.8181818181818182,90,110,,1.0,110,110,,0.8181818181818182,90,110,,0.14545454545454545,16,110,,0.0,0,110,,0.03636363636363636,4,110,,-0.054132231404958674,0.054132231404958674,0.2954545454545454,,present,,,,,,,,,,,,,,,,,,,,
G1,w204,ALL,S6,latency_only,equal_candidate_equal_workload_macro,,,,,,,,,,0.0,,,,0.042105263157894736,,,,0.0,,,,0.8181818181818182,,,,1.0,,,,0.8181818181818182,,,,0.14545454545454545,,,,0.0,,,,0.03636363636363636,,,,-0.054132231404958674,0.054132231404958674,0.2954545454545454,,,1,5,1,5,1,5,1,5,1,5,1,5,1,5,1,5,1,5,1,5
G1,w204,-2,S6,near_boundary,candidate_raw_counts,0,0,0,0,0,0,0,0,0,,0,0,zero denominator,,0,0,zero denominator,,0,0,zero denominator,,0,0,zero denominator,,0,0,zero denominator,,0,0,zero denominator,,0,0,zero denominator,,0,0,zero denominator,,0,0,zero denominator,,,,no both-attainment-defined points,absent,,,,,,,,,,,,,,,,,,,,
G1,w204,-1,S6,near_boundary,candidate_raw_counts,0,0,0,0,0,0,0,0,0,,0,0,zero denominator,,0,0,zero denominator,,0,0,zero denominator,,0,0,zero denominator,,0,0,zero denominator,,0,0,zero denominator,,0,0,zero denominator,,0,0,zero denominator,,0,0,zero denominator,,,,no both-attainment-defined points,absent,,,,,,,,,,,,,,,,,,,,
G1,w204,0,S6,near_boundary,candidate_raw_counts,0,0,0,1,0,1,1,0,0,,0,0,zero denominator,1.0,1,1,,,0,0,zero denominator,0.0,0,1,,1.0,1,1,,0.0,0,1,,0.0,0,1,,0.0,0,1,,1.0,1,1,,-0.06818181818181812,0.06818181818181812,0.06818181818181812,,present,,,,,,,,,,,,,,,,,,,,
G1,w204,1,S6,near_boundary,candidate_raw_counts,0,0,0,1,0,1,1,0,0,,0,0,zero denominator,1.0,1,1,,,0,0,zero denominator,0.0,0,1,,1.0,1,1,,0.0,0,1,,0.0,0,1,,0.0,0,1,,1.0,1,1,,-0.06818181818181812,0.06818181818181812,0.06818181818181812,,present,,,,,,,,,,,,,,,,,,,,
G1,w204,2,S6,near_boundary,candidate_raw_counts,0,1,0,0,0,1,1,0,0,,0,0,zero denominator,,0,0,zero denominator,0.0,0,1,,0.0,0,1,,1.0,1,1,,0.0,0,1,,1.0,1,1,,0.0,0,1,,0.0,0,1,,-0.022727272727272707,0.022727272727272707,0.022727272727272707,,present,,,,,,,,,,,,,,,,,,,,
G1,w204,ALL,S6,near_boundary,pooled_counts,0,1,0,2,0,3,3,0,0,,0,0,zero denominator,1.0,2,2,,0.0,0,1,,0.0,0,3,,1.0,3,3,,0.0,0,3,,0.3333333333333333,1,3,,0.0,0,3,,0.6666666666666666,2,3,,-0.05303030303030298,0.05303030303030298,0.06818181818181812,,present,,,,,,,,,,,,,,,,,,,,
G1,w204,ALL,S6,near_boundary,equal_candidate_equal_workload_macro,,,,,,,,,,,,,all denominators zero,1.0,,,,0.0,,,,0.0,,,,1.0,,,,0.0,,,,0.3333333333333333,,,,0.0,,,,0.6666666666666666,,,,-0.05303030303030298,0.05303030303030298,0.06818181818181812,,,0,0,1,2,1,1,1,3,1,3,1,3,1,3,1,3,1,3,1,3
G1,ALL,ALL,S1,service,pooled_counts,0,1560,0,0,1290,2850,1560,0,0,,0,0,zero denominator,,0,0,zero denominator,0.0,0,1560,,0.0,0,2850,,0.5473684210526316,1560,2850,,0.0,0,1560,,1.0,1560,1560,,0.0,0,1560,,0.0,0,1560,,0.0,0.0,0.0,,present,,,,,,,,,,,,,,,,,,,,
G1,ALL,ALL,S1,service,equal_candidate_equal_workload_macro,,,,,,,,,,,,,all denominators zero,,,,all denominators zero,0.0,,,,0.0,,,,0.6039977003856455,,,,0.0,,,,1.0,,,,0.0,,,,0.0,,,,0.0,0.0,0.0,,,0,0,0,0,10,50,10,50,10,50,10,50,10,50,10,50,10,50,10,50
G1,ALL,ALL,S1,latency_only,pooled_counts,0,1560,0,0,0,1560,1560,0,0,,0,0,zero denominator,,0,0,zero denominator,0.0,0,1560,,0.0,0,1560,,1.0,1560,1560,,0.0,0,1560,,1.0,1560,1560,,0.0,0,1560,,0.0,0,1560,,0.0,0.0,0.0,,present,,,,,,,,,,,,,,,,,,,,
G1,ALL,ALL,S1,latency_only,equal_candidate_equal_workload_macro,,,,,,,,,,,,,all denominators zero,,,,all denominators zero,0.0,,,,0.0,,,,1.0,,,,0.0,,,,1.0,,,,0.0,,,,0.0,,,,0.0,0.0,0.0,,,0,0,0,0,10,50,10,50,10,50,10,50,10,50,10,50,10,50,10,50
G1,ALL,ALL,S1,near_boundary,pooled_counts,0,0,0,0,0,0,0,0,0,,0,0,zero denominator,,0,0,zero denominator,,0,0,zero denominator,,0,0,zero denominator,,0,0,zero denominator,,0,0,zero denominator,,0,0,zero denominator,,0,0,zero denominator,,0,0,zero denominator,,,,no both-attainment-defined points,absent,,,,,,,,,,,,,,,,,,,,
G1,ALL,ALL,S1,near_boundary,equal_candidate_equal_workload_macro,,,,,,,,,,,,,all denominators zero,,,,all denominators zero,,,,all denominators zero,,,,all denominators zero,,,,all denominators zero,,,,all denominators zero,,,,all denominators zero,,,,all denominators zero,,,,all denominators zero,,,,empty applicable subset,,0,0,0,0,0,0,0,0,0,0,0,0,0,0,0,0,0,0,0,0
G1,ALL,ALL,S2,service,pooled_counts,0,1560,0,0,1290,2850,1560,0,0,,0,0,zero denominator,,0,0,zero denominator,0.0,0,1560,,0.0,0,2850,,0.5473684210526316,1560,2850,,0.0,0,1560,,1.0,1560,1560,,0.0,0,1560,,0.0,0,1560,,0.027436838855871212,0.04704036290383971,0.15384615384615385,,present,,,,,,,,,,,,,,,,,,,,
G1,ALL,ALL,S2,service,equal_candidate_equal_workload_macro,,,,,,,,,,,,,all denominators zero,,,,all denominators zero,0.0,,,,0.0,,,,0.6039977003856455,,,,0.0,,,,1.0,,,,0.0,,,,0.0,,,,0.02447980208483334,0.04548434371391836,0.15384615384615385,,,0,0,0,0,10,50,10,50,10,50,10,50,10,50,10,50,10,50,10,50
G1,ALL,ALL,S2,latency_only,pooled_counts,0,1560,0,0,0,1560,1560,0,0,,0,0,zero denominator,,0,0,zero denominator,0.0,0,1560,,0.0,0,1560,,1.0,1560,1560,,0.0,0,1560,,1.0,1560,1560,,0.0,0,1560,,0.0,0,1560,,0.027436838855871212,0.04704036290383971,0.15384615384615385,,present,,,,,,,,,,,,,,,,,,,,
G1,ALL,ALL,S2,latency_only,equal_candidate_equal_workload_macro,,,,,,,,,,,,,all denominators zero,,,,all denominators zero,0.0,,,,0.0,,,,1.0,,,,0.0,,,,1.0,,,,0.0,,,,0.0,,,,0.02447980208483334,0.04548434371391836,0.15384615384615385,,,0,0,0,0,10,50,10,50,10,50,10,50,10,50,10,50,10,50,10,50
G1,ALL,ALL,S2,near_boundary,pooled_counts,0,0,0,0,0,0,0,0,0,,0,0,zero denominator,,0,0,zero denominator,,0,0,zero denominator,,0,0,zero denominator,,0,0,zero denominator,,0,0,zero denominator,,0,0,zero denominator,,0,0,zero denominator,,0,0,zero denominator,,,,no both-attainment-defined points,absent,,,,,,,,,,,,,,,,,,,,
G1,ALL,ALL,S2,near_boundary,equal_candidate_equal_workload_macro,,,,,,,,,,,,,all denominators zero,,,,all denominators zero,,,,all denominators zero,,,,all denominators zero,,,,all denominators zero,,,,all denominators zero,,,,all denominators zero,,,,all denominators zero,,,,all denominators zero,,,,empty applicable subset,,0,0,0,0,0,0,0,0,0,0,0,0,0,0,0,0,0,0,0,0
G1,ALL,ALL,S3,service,pooled_counts,0,1560,0,0,1290,2850,1560,0,0,,0,0,zero denominator,,0,0,zero denominator,0.0,0,1560,,0.0,0,2850,,0.5473684210526316,1560,2850,,0.0,0,1560,,1.0,1560,1560,,0.0,0,1560,,0.0,0,1560,,0.0,0.0,0.0,,present,,,,,,,,,,,,,,,,,,,,
G1,ALL,ALL,S3,service,equal_candidate_equal_workload_macro,,,,,,,,,,,,,all denominators zero,,,,all denominators zero,0.0,,,,0.0,,,,0.6039977003856455,,,,0.0,,,,1.0,,,,0.0,,,,0.0,,,,0.0,0.0,0.0,,,0,0,0,0,10,50,10,50,10,50,10,50,10,50,10,50,10,50,10,50
G1,ALL,ALL,S3,latency_only,pooled_counts,0,1560,0,0,0,1560,1560,0,0,,0,0,zero denominator,,0,0,zero denominator,0.0,0,1560,,0.0,0,1560,,1.0,1560,1560,,0.0,0,1560,,1.0,1560,1560,,0.0,0,1560,,0.0,0,1560,,0.0,0.0,0.0,,present,,,,,,,,,,,,,,,,,,,,
G1,ALL,ALL,S3,latency_only,equal_candidate_equal_workload_macro,,,,,,,,,,,,,all denominators zero,,,,all denominators zero,0.0,,,,0.0,,,,1.0,,,,0.0,,,,1.0,,,,0.0,,,,0.0,,,,0.0,0.0,0.0,,,0,0,0,0,10,50,10,50,10,50,10,50,10,50,10,50,10,50,10,50
G1,ALL,ALL,S3,near_boundary,pooled_counts,0,0,0,0,0,0,0,0,0,,0,0,zero denominator,,0,0,zero denominator,,0,0,zero denominator,,0,0,zero denominator,,0,0,zero denominator,,0,0,zero denominator,,0,0,zero denominator,,0,0,zero denominator,,0,0,zero denominator,,,,no both-attainment-defined points,absent,,,,,,,,,,,,,,,,,,,,
G1,ALL,ALL,S3,near_boundary,equal_candidate_equal_workload_macro,,,,,,,,,,,,,all denominators zero,,,,all denominators zero,,,,all denominators zero,,,,all denominators zero,,,,all denominators zero,,,,all denominators zero,,,,all denominators zero,,,,all denominators zero,,,,all denominators zero,,,,empty applicable subset,,0,0,0,0,0,0,0,0,0,0,0,0,0,0,0,0,0,0,0,0
G1,ALL,ALL,S4,service,pooled_counts,898,556,0,106,1290,2850,1560,898,0,0.0,0,898,,0.10557768924302789,106,1004,,0.0,0,556,,0.31508771929824564,898,2850,,0.5473684210526316,1560,2850,,0.5756410256410256,898,1560,,0.3564102564102564,556,1560,,0.0,0,1560,,0.06794871794871794,106,1560,,-0.056568732038435945,0.07294109082761403,0.2,,present,,,,,,,,,,,,,,,,,,,,
G1,ALL,ALL,S4,service,equal_candidate_equal_workload_macro,,,,,,,,,,0.0,,,,0.1019158781520087,,,,0.0,,,,0.3261357876146444,,,,0.6039977003856455,,,,0.5683088119256954,,,,0.3632677410441507,,,,0.0,,,,0.06842344703015395,,,,-0.057085974705383215,0.07328909963720247,0.2,,,10,50,10,50,10,50,10,50,10,50,10,50,10,50,10,50,10,50,10,50
G1,ALL,ALL,S4,latency_only,pooled_counts,898,556,0,106,0,1560,1560,898,0,0.0,0,898,,0.10557768924302789,106,1004,,0.0,0,556,,0.5756410256410256,898,1560,,1.0,1560,1560,,0.5756410256410256,898,1560,,0.3564102564102564,556,1560,,0.0,0,1560,,0.06794871794871794,106,1560,,-0.056568732038435945,0.07294109082761403,0.2,,present,,,,,,,,,,,,,,,,,,,,
G1,ALL,ALL,S4,latency_only,equal_candidate_equal_workload_macro,,,,,,,,,,0.0,,,,0.1019158781520087,,,,0.0,,,,0.5683088119256954,,,,1.0,,,,0.5683088119256954,,,,0.3632677410441507,,,,0.0,,,,0.06842344703015395,,,,-0.057085974705383215,0.07328909963720247,0.2,,,10,50,10,50,10,50,10,50,10,50,10,50,10,50,10,50,10,50,10,50
G1,ALL,ALL,S4,near_boundary,pooled_counts,476,44,0,91,0,611,611,476,0,0.0,0,476,,0.16049382716049382,91,567,,0.0,0,44,,0.779050736497545,476,611,,1.0,611,611,,0.779050736497545,476,611,,0.07201309328968904,44,611,,0.0,0,611,,0.14893617021276595,91,611,,-0.11493293994170778,0.11493293994170778,0.4,,present,,,,,,,,,,,,,,,,,,,,
G1,ALL,ALL,S4,near_boundary,equal_candidate_equal_workload_macro,,,,,,,,,,0.0,,,,0.4850754122420789,,,,0.0,,,,0.48725657115071747,,,,1.0,,,,0.48725657115071747,,,,0.1259647135505997,,,,0.0,,,,0.3867787152986828,,,,-0.11603461315292904,0.11603461315292904,0.2857142857142857,,,6,26,9,38,7,17,9,40,9,40,9,40,9,40,9,40,9,40,9,40
G1,ALL,ALL,S5,service,pooled_counts,1092,375,21,72,1290,2850,1560,1113,0,0.018867924528301886,21,1113,,0.061855670103092786,72,1164,,0.05303030303030303,21,396,,0.39052631578947367,1113,2850,,0.5473684210526316,1560,2850,,0.7,1092,1560,,0.2403846153846154,375,1560,,0.013461538461538462,21,1560,,0.046153846153846156,72,1560,,-0.022111841432659506,0.07541732978164602,0.2407407407407407,,present,,,,,,,,,,,,,,,,,,,,
G1,ALL,ALL,S5,service,equal_candidate_equal_workload_macro,,,,,,,,,,0.017141554603354262,,,,0.049035050970534844,,,,0.040069422130825635,,,,0.41607572513794533,,,,0.6039977003856455,,,,0.6939628058321666,,,,0.24728893991464476,,,,0.011797336270660484,,,,0.04695091798252811,,,,-0.024680747421352855,0.07600595042082732,0.2407407407407407,,,10,50,10,50,9,45,10,50,10,50,10,50,10,50,10,50,10,50,10,50
G1,ALL,ALL,S5,latency_only,pooled_counts,1092,375,21,72,0,1560,1560,1113,0,0.018867924528301886,21,1113,,0.061855670103092786,72,1164,,0.05303030303030303,21,396,,0.7134615384615385,1113,1560,,1.0,1560,1560,,0.7,1092,1560,,0.2403846153846154,375,1560,,0.013461538461538462,21,1560,,0.046153846153846156,72,1560,,-0.022111841432659506,0.07541732978164602,0.2407407407407407,,present,,,,,,,,,,,,,,,,,,,,
G1,ALL,ALL,S5,latency_only,equal_candidate_equal_workload_macro,,,,,,,,,,0.017141554603354262,,,,0.049035050970534844,,,,0.040069422130825635,,,,0.7057601421028271,,,,1.0,,,,0.6939628058321666,,,,0.24728893991464476,,,,0.011797336270660484,,,,0.04695091798252811,,,,-0.024680747421352855,0.07600595042082732,0.2407407407407407,,,10,50,10,50,9,45,10,50,10,50,10,50,10,50,10,50,10,50,10,50
G1,ALL,ALL,S5,near_boundary,pooled_counts,573,6,2,72,6,659,653,575,0,0.0034782608695652175,2,575,,0.11162790697674418,72,645,,0.25,2,8,,0.8725341426403642,575,659,,0.9908952959028832,653,659,,0.877488514548239,573,653,,0.009188361408882083,6,653,,0.0030627871362940277,2,653,,0.11026033690658499,72,653,,-0.09079439484164928,0.09170541775004694,0.2857142857142857,,present,,,,,,,,,,,,,,,,,,,,
G1,ALL,ALL,S5,near_boundary,equal_candidate_equal_workload_macro,,,,,,,,,,0.011607142857142856,,,,0.061293813713168555,,,,0.2222222222222222,,,,0.8636722156278608,,,,0.9926041666666667,,,,0.8590194378500831,,,,0.06807960557960557,,,,0.011607142857142856,,,,0.061293813713168555,,,,-0.053883275769076464,0.06408594016816943,0.14583333333333337,,,8,32,8,32,6,8,8,33,8,33,8,33,8,33,8,33,8,33,8,33
G1,ALL,ALL,S6,service,pooled_counts,1302,112,7,139,1290,2850,1560,1309,0,0.0053475935828877,7,1309,,0.09646079111727966,139,1441,,0.058823529411764705,7,119,,0.4592982456140351,1309,2850,,0.5473684210526316,1560,2850,,0.8346153846153846,1302,1560,,0.07179487179487179,112,1560,,0.004487179487179487,7,1560,,0.0891025641025641,139,1560,,-0.08205803162152368,0.08540973650100635,0.2954545454545454,,present,,,,,,,,,,,,,,,,,,,,
G1,ALL,ALL,S6,service,equal_candidate_equal_workload_macro,,,,,,,,,,0.005234389140271493,,,,0.09987605505630787,,,,0.028968253968253966,,,,0.4860414651816425,,,,0.6039977003856455,,,,0.8245305939917936,,,,0.07389828975128097,,,,0.004715219421101774,,,,0.09685589683582367,,,,-0.08374193289859318,0.08723463488754896,0.3181818181818182,,,10,50,10,50,8,33,10,50,10,50,10,50,10,50,10,50,10,50,10,50
G1,ALL,ALL,S6,latency_only,pooled_counts,1302,112,7,139,0,1560,1560,1309,0,0.0053475935828877,7,1309,,0.09646079111727966,139,1441,,0.058823529411764705,7,119,,0.8391025641025641,1309,1560,,1.0,1560,1560,,0.8346153846153846,1302,1560,,0.07179487179487179,112,1560,,0.004487179487179487,7,1560,,0.0891025641025641,139,1560,,-0.08205803162152368,0.08540973650100635,0.2954545454545454,,present,,,,,,,,,,,,,,,,,,,,
G1,ALL,ALL,S6,latency_only,equal_candidate_equal_workload_macro,,,,,,,,,,0.005234389140271493,,,,0.09987605505630787,,,,0.028968253968253966,,,,0.8292458134128954,,,,1.0,,,,0.8245305939917936,,,,0.07389828975128097,,,,0.004715219421101774,,,,0.09685589683582367,,,,-0.08374193289859318,0.08723463488754896,0.3181818181818182,,,10,50,10,50,8,33,10,50,10,50,10,50,10,50,10,50,10,50,10,50
G1,ALL,ALL,S6,near_boundary,pooled_counts,642,40,0,129,255,1066,811,642,0,0.0,0,642,,0.16731517509727625,129,771,,0.0,0,40,,0.6022514071294559,642,1066,,0.7607879924953096,811,1066,,0.7916152897657214,642,811,,0.04932182490752158,40,811,,0.0,0,811,,0.15906288532675708,129,811,,-0.13639565893323746,0.13728613751586566,0.8,,present,,,,,,,,,,,,,,,,,,,,
G1,ALL,ALL,S6,near_boundary,equal_candidate_equal_workload_macro,,,,,,,,,,0.0,,,,0.37290237084578154,,,,0.0,,,,0.5276575061124169,,,,0.912194677512367,,,,0.6045922300232616,,,,0.05677154404081382,,,,0.0,,,,0.3386362259359247,,,,-0.08884243562980942,0.1047094097353456,0.125,,,8,28,10,35,3,8,10,36,10,36,10,36,10,36,10,36,10,36,10,36
