grid_version,workload,scope,SLA,metric,error_kind,median_signed,median_absolute,p90_absolute,p95_absolute,mean_signed,MAE,min,max,na_reason,valid_workloads,valid_candidates,valid_points,valid_requests,inapplicable_or_small_reference_requests,weighting
G0,h101,full_grid,,TTFT,seconds,-0.02330247326233348,0.06147133454533105,0.22604802913593858,0.7254305058184904,0.19032683698204697,0.25658467327370377,-0.29688984073384894,8.52408141594642,,1,5,175,2800,0,equal workload/candidate/point/request
G0,h101,full_grid,,TTFT,relative,-0.019729802896976623,0.023918507917293528,0.2773937829900629,0.44100293450776806,0.11313130209302034,0.14386090278194782,-0.07021450677020138,10.43963618712527,,1,5,175,2800,0,equal workload/candidate/point/request
G0,h101,full_grid,,TPOT,seconds,-5.8993602111839794e-05,5.899360318328828e-05,0.018467783697167672,0.038488254003707145,-0.003951500866388066,0.005177301130899175,-0.11300532596046003,0.05836700574997861,,1,5,175,2800,0,equal workload/candidate/point/request
G0,h101,full_grid,,TPOT,relative,-0.0002631871776890447,0.00027092261729283896,0.057794294939561536,0.10922992156215137,-0.01114539069388499,0.01501169366140127,-0.2619072692066084,0.14874606380127747,,1,5,175,2800,0,equal workload/candidate/point/request
G0,h101,full_grid,S1,TTFT,SLA_budget_normalized,-0.009320989304933391,0.02458853381813242,0.09041921165437543,0.29017220232739616,0.07613073479281879,0.10263386930948151,-0.11875593629353957,3.409632566378568,,1,5,175,2800,0,equal workload/candidate/point/request
G0,h101,full_grid,S1,TPOT,SLA_budget_normalized,-0.00039329068074559864,0.00039329068788858856,0.12311855798111782,0.2565883600247143,-0.026343339109253773,0.03451534087266117,-0.7533688397364002,0.38911337166652404,,1,5,175,2800,0,equal workload/candidate/point/request
G0,h101,service_relevant,S1,TTFT,SLA_budget_normalized,,,,,,,,,empty applicable subset,0,0,0,0,0,equal workload/candidate/point/request
G0,h101,service_relevant,S1,TTFT,seconds,,,,,,,,,empty applicable subset,0,0,0,0,0,equal workload/candidate/point/request
G0,h101,service_relevant,S1,TPOT,SLA_budget_normalized,,,,,,,,,empty applicable subset,0,0,0,0,0,equal workload/candidate/point/request
G0,h101,service_relevant,S1,TPOT,seconds,,,,,,,,,empty applicable subset,0,0,0,0,0,equal workload/candidate/point/request
G0,h101,full_grid,S2,TTFT,SLA_budget_normalized,-0.009320989304933391,0.02458853381813242,0.09041921165437543,0.29017220232739616,0.07613073479281879,0.10263386930948151,-0.11875593629353957,3.409632566378568,,1,5,175,2800,0,equal workload/candidate/point/request
G0,h101,full_grid,S2,TPOT,SLA_budget_normalized,-0.00019664534037279932,0.00019664534394429428,0.06155927899055891,0.12829418001235715,-0.013171669554626887,0.017257670436330586,-0.3766844198682001,0.19455668583326202,,1,5,175,2800,0,equal workload/candidate/point/request
G0,h101,service_relevant,S2,TTFT,SLA_budget_normalized,,,,,,,,,empty applicable subset,0,0,0,0,0,equal workload/candidate/point/request
G0,h101,service_relevant,S2,TTFT,seconds,,,,,,,,,empty applicable subset,0,0,0,0,0,equal workload/candidate/point/request
G0,h101,service_relevant,S2,TPOT,SLA_budget_normalized,,,,,,,,,empty applicable subset,0,0,0,0,0,equal workload/candidate/point/request
G0,h101,service_relevant,S2,TPOT,seconds,,,,,,,,,empty applicable subset,0,0,0,0,0,equal workload/candidate/point/request
G0,h101,full_grid,S3,TTFT,SLA_budget_normalized,-0.0038837455437222466,0.010245222424221842,0.03767467152265643,0.12090508430308174,0.031721139497007826,0.04276411221228396,-0.04948164012230816,1.42068023599107,,1,5,175,2800,0,equal workload/candidate/point/request
G0,h101,full_grid,S3,TPOT,SLA_budget_normalized,-0.00029496801055919897,0.0002949680159164414,0.09233891848583836,0.19244127001853573,-0.019757504331940328,0.025886505654495875,-0.5650266298023001,0.29183502874989303,,1,5,175,2800,0,equal workload/candidate/point/request
G0,h101,service_relevant,S3,TTFT,SLA_budget_normalized,,,,,,,,,empty applicable subset,0,0,0,0,0,equal workload/candidate/point/request
G0,h101,service_relevant,S3,TTFT,seconds,,,,,,,,,empty applicable subset,0,0,0,0,0,equal workload/candidate/point/request
G0,h101,service_relevant,S3,TPOT,SLA_budget_normalized,,,,,,,,,empty applicable subset,0,0,0,0,0,equal workload/candidate/point/request
G0,h101,service_relevant,S3,TPOT,seconds,,,,,,,,,empty applicable subset,0,0,0,0,0,equal workload/candidate/point/request
G0,h101,full_grid,S4,TTFT,SLA_budget_normalized,-0.0038837455437222466,0.010245222424221842,0.03767467152265643,0.12090508430308174,0.031721139497007826,0.04276411221228396,-0.04948164012230816,1.42068023599107,,1,5,175,2800,0,equal workload/candidate/point/request
G0,h101,full_grid,S4,TPOT,SLA_budget_normalized,-0.00023597440844735917,0.00023597441273315312,0.07387113478867069,0.15395301601482858,-0.015806003465552262,0.0207092045235967,-0.45202130384184014,0.23346802299991443,,1,5,175,2800,0,equal workload/candidate/point/request
G0,h101,service_relevant,S4,TTFT,SLA_budget_normalized,-0.005692882708027962,0.008593401532799009,0.02408114272346514,0.031991816173814414,-0.003358787539949049,0.009985769296045539,-0.019595708543420187,0.03757995803198355,,1,5,143,2288,0,equal workload/candidate/point/request
G0,h101,service_relevant,S4,TTFT,seconds,-0.03415729624816777,0.051560409196794055,0.14448685634079084,0.19195089704288648,-0.020152725239694292,0.05991461577627323,-0.11757425126052112,0.2254797481919013,,1,5,143,2288,0,equal workload/candidate/point/request
G0,h101,service_relevant,S4,TPOT,SLA_budget_normalized,-0.00023597440761546906,0.00023597441053868629,0.001272323912479112,0.002621112423598193,0.00028024287079858037,0.0006824078142453083,-0.0033926618936915842,0.0343323680797567,,1,5,143,2288,0,equal workload/candidate/point/request
G0,h101,service_relevant,S4,TPOT,seconds,-5.8993601903867265e-05,5.899360263467157e-05,0.000318080978119778,0.0006552781058995483,7.006071769964509e-05,0.00017060195356132708,-0.0008481654734228961,0.008583092019939176,,1,5,143,2288,0,equal workload/candidate/point/request
G0,h101,full_grid,S5,TTFT,SLA_budget_normalized,-0.0038837455437222466,0.010245222424221842,0.03767467152265643,0.12090508430308174,0.031721139497007826,0.04276411221228396,-0.04948164012230816,1.42068023599107,,1,5,175,2800,0,equal workload/candidate/point/request
G0,h101,full_grid,S5,TPOT,SLA_budget_normalized,-0.00019664534037279932,0.00019664534394429428,0.06155927899055891,0.12829418001235715,-0.013171669554626887,0.017257670436330586,-0.3766844198682001,0.19455668583326202,,1,5,175,2800,0,equal workload/candidate/point/request
G0,h101,service_relevant,S5,TTFT,SLA_budget_normalized,-0.005692882707990066,0.010078073879967064,0.025698066091517074,0.033313291363015196,-0.0027695329209361393,0.010360010475187104,-0.019595708543420187,0.039552634557807664,,1,5,146,2336,0,equal workload/candidate/point/request
G0,h101,service_relevant,S5,TTFT,seconds,-0.034157296247940394,0.060468443279802386,0.15418839654910244,0.19987974817809118,-0.016617197525616835,0.062160062851122626,-0.11757425126052112,0.23731580734684599,,1,5,146,2336,0,equal workload/candidate/point/request
G0,h101,service_relevant,S5,TPOT,SLA_budget_normalized,-0.00019664533966373687,0.0001966453421164971,0.0015669102845736194,0.002665838782160794,0.0007353187182929736,0.0010637111232555973,-0.002827218244742987,0.08200254031238549,,1,5,146,2336,0,equal workload/candidate/point/request
G0,h101,service_relevant,S5,TPOT,seconds,-5.899360189912106e-05,5.899360263494913e-05,0.0004700730853720858,0.0007997516346482381,0.00022059561548789207,0.00031911333697667914,-0.0008481654734228961,0.024600762093715645,,1,5,146,2336,0,equal workload/candidate/point/request
G0,h101,full_grid,S6,TTFT,SLA_budget_normalized,-0.0038837455437222466,0.010245222424221842,0.03767467152265643,0.12090508430308174,0.031721139497007826,0.04276411221228396,-0.04948164012230816,1.42068023599107,,1,5,175,2800,0,equal workload/candidate/point/request
G0,h101,full_grid,S6,TPOT,SLA_budget_normalized,-0.00011798720422367959,0.00011798720636657656,0.036935567394335345,0.07697650800741429,-0.007903001732776131,0.01035460226179835,-0.22601065192092007,0.11673401149995721,,1,5,175,2800,0,equal workload/candidate/point/request
G0,h101,service_relevant,S6,TTFT,SLA_budget_normalized,-0.0038837455438169854,0.01024522242414605,0.03704485001621075,0.11807348496434263,0.030235161513858237,0.041411517904824835,-0.04948164012230816,1.42068023599107,,1,5,173,2768,0,equal workload/candidate/point/request
G0,h101,service_relevant,S6,TTFT,seconds,-0.023302473262901913,0.0614713345448763,0.22226910009726453,0.7084409097860558,0.1814109690831494,0.248469107428949,-0.29688984073384894,8.52408141594642,,1,5,173,2768,0,equal workload/candidate/point/request
G0,h101,service_relevant,S6,TPOT,SLA_budget_normalized,-0.0001179872042232355,0.00011798720636657656,0.03311176893118217,0.07370167127401006,-0.007281351121381808,0.009698675232416545,-0.22601065192092007,0.11673401149995721,,1,5,173,2768,0,equal workload/candidate/point/request
G0,h101,service_relevant,S6,TPOT,seconds,-5.899360211161775e-05,5.899360318328828e-05,0.016555884465591086,0.03685083563700503,-0.003640675560690904,0.004849337616208272,-0.11300532596046003,0.05836700574997861,,1,5,173,2768,0,equal workload/candidate/point/request
G0,h102,full_grid,,TTFT,seconds,-0.02384699040749183,0.06103412897300586,0.22689349800083392,0.6809833554046989,0.22609614313697593,0.29577187966606583,-0.22729519900894957,18.69895966350211,,1,5,150,8100,0,equal workload/candidate/point/request
G0,h102,full_grid,,TTFT,relative,-0.018268017553870183,0.021526955733099276,0.2186538420818208,0.35931554782012726,0.1092496256086753,0.1394610541930511,-0.28489703011159595,24.247554700048926,,1,5,150,8100,0,equal workload/candidate/point/request
G0,h102,full_grid,,TPOT,seconds,-5.902721550990475e-05,5.9027217156698564e-05,0.025138127678419997,0.045199334267418234,0.0006645075604280931,0.010419860376994265,-0.24626525626320206,2.3493683838872585,,1,5,150,8100,0,equal workload/candidate/point/request
G0,h102,full_grid,,TPOT,relative,-0.00026301413187452833,0.0002707346684153929,0.06413528965669418,0.11509418677086551,-0.004293993124314871,0.02096184550086115,-0.44302408233590623,3.412106392867303,,1,5,150,8100,0,equal workload/candidate/point/request
G0,h102,full_grid,S1,TTFT,SLA_budget_normalized,-0.009538796162996733,0.024413651589202345,0.09075739920033357,0.27239334216187955,0.09043845725479037,0.11830875186642634,-0.09091807960357982,7.479583865400843,,1,5,150,8100,0,equal workload/candidate/point/request
G0,h102,full_grid,S1,TPOT,SLA_budget_normalized,-0.0003935147700660317,0.0003935147810446571,0.16758751785613332,0.3013288951161216,0.004430050402853954,0.06946573584662843,-1.6417683750880139,15.662455892581724,,1,5,150,8100,0,equal workload/candidate/point/request
G0,h102,service_relevant,S1,TTFT,SLA_budget_normalized,,,,,,,,,empty applicable subset,0,0,0,0,0,equal workload/candidate/point/request
G0,h102,service_relevant,S1,TTFT,seconds,,,,,,,,,empty applicable subset,0,0,0,0,0,equal workload/candidate/point/request
G0,h102,service_relevant,S1,TPOT,SLA_budget_normalized,,,,,,,,,empty applicable subset,0,0,0,0,0,equal workload/candidate/point/request
G0,h102,service_relevant,S1,TPOT,seconds,,,,,,,,,empty applicable subset,0,0,0,0,0,equal workload/candidate/point/request
G0,h102,full_grid,S2,TTFT,SLA_budget_normalized,-0.009538796162996733,0.024413651589202345,0.09075739920033357,0.27239334216187955,0.09043845725479037,0.11830875186642634,-0.09091807960357982,7.479583865400843,,1,5,150,8100,0,equal workload/candidate/point/request
G0,h102,full_grid,S2,TPOT,SLA_budget_normalized,-0.00019675738503301585,0.00019675739052232855,0.08379375892806666,0.1506644475580608,0.002215025201426977,0.03473286792331422,-0.8208841875440069,7.831227946290862,,1,5,150,8100,0,equal workload/candidate/point/request
G0,h102,service_relevant,S2,TTFT,SLA_budget_normalized,,,,,,,,,empty applicable subset,0,0,0,0,0,equal workload/candidate/point/request
G0,h102,service_relevant,S2,TTFT,seconds,,,,,,,,,empty applicable subset,0,0,0,0,0,equal workload/candidate/point/request
G0,h102,service_relevant,S2,TPOT,SLA_budget_normalized,,,,,,,,,empty applicable subset,0,0,0,0,0,equal workload/candidate/point/request
G0,h102,service_relevant,S2,TPOT,seconds,,,,,,,,,empty applicable subset,0,0,0,0,0,equal workload/candidate/point/request
G0,h102,full_grid,S3,TTFT,SLA_budget_normalized,-0.003974498401248638,0.01017235482883431,0.037815583000138986,0.11349722590078315,0.03768269052282932,0.04929531327767764,-0.03788253316815826,3.1164932772503513,,1,5,150,8100,0,equal workload/candidate/point/request
G0,h102,full_grid,S3,TPOT,SLA_budget_normalized,-0.00029513607754952376,0.0002951360857834928,0.12569063839209998,0.22599667133709117,0.0033225378021404643,0.052099301884971326,-1.2313262813160102,11.746841919436292,,1,5,150,8100,0,equal workload/candidate/point/request
G0,h102,service_relevant,S3,TTFT,SLA_budget_normalized,,,,,,,,,empty applicable subset,0,0,0,0,0,equal workload/candidate/point/request
G0,h102,service_relevant,S3,TTFT,seconds,,,,,,,,,empty applicable subset,0,0,0,0,0,equal workload/candidate/point/request
G0,h102,service_relevant,S3,TPOT,SLA_budget_normalized,,,,,,,,,empty applicable subset,0,0,0,0,0,equal workload/candidate/point/request
G0,h102,service_relevant,S3,TPOT,seconds,,,,,,,,,empty applicable subset,0,0,0,0,0,equal workload/candidate/point/request
G0,h102,full_grid,S4,TTFT,SLA_budget_normalized,-0.003974498401248638,0.01017235482883431,0.037815583000138986,0.11349722590078315,0.03768269052282932,0.04929531327767764,-0.03788253316815826,3.1164932772503513,,1,5,150,8100,0,equal workload/candidate/point/request
G0,h102,full_grid,S4,TPOT,SLA_budget_normalized,-0.000236108862039619,0.00023610886862679425,0.10055251071367999,0.18079733706967294,0.0026580302417123724,0.04167944150797706,-0.9850610250528082,9.397473535549034,,1,5,150,8100,0,equal workload/candidate/point/request
G0,h102,service_relevant,S4,TTFT,SLA_budget_normalized,-0.009542731314013508,0.009946083822190607,0.01279906540154722,0.02501224890102094,-0.005076359800779028,0.008789629528993627,-0.01881984021383687,0.039195485843871815,,1,5,124,6696,0,equal workload/candidate/point/request
G0,h102,service_relevant,S4,TTFT,seconds,-0.05725638788408105,0.05967650293314364,0.07679439240928332,0.15007349340612564,-0.03045815880467417,0.05273777717396177,-0.11291904128302122,0.2351729150632309,,1,5,124,6696,0,equal workload/candidate/point/request
G0,h102,service_relevant,S4,TPOT,SLA_budget_normalized,-0.00023610886180602808,0.0002361088620504992,0.00023610891183856175,0.0017735801837495124,0.00025058720871994956,0.0006820764094371856,-0.008036716554319923,0.047548331158093315,,1,5,124,6696,0,equal workload/candidate/point/request
G0,h102,service_relevant,S4,TPOT,seconds,-5.902721545150702e-05,5.90272155126248e-05,5.902722795964044e-05,0.0004433950459373781,6.264680217998739e-05,0.0001705191023592964,-0.0020091791385799807,0.011887082789523329,,1,5,124,6696,0,equal workload/candidate/point/request
G0,h102,full_grid,S5,TTFT,SLA_budget_normalized,-0.003974498401248638,0.01017235482883431,0.037815583000138986,0.11349722590078315,0.03768269052282932,0.04929531327767764,-0.03788253316815826,3.1164932772503513,,1,5,150,8100,0,equal workload/candidate/point/request
G0,h102,full_grid,S5,TPOT,SLA_budget_normalized,-0.00019675738503301585,0.00019675739052232855,0.08379375892806666,0.1506644475580608,0.002215025201426977,0.03473286792331422,-0.8208841875440069,7.831227946290862,,1,5,150,8100,0,equal workload/candidate/point/request
G0,h102,service_relevant,S5,TTFT,SLA_budget_normalized,-0.009542731313975613,0.009946083873804431,0.012799065402608297,0.026736568802183076,-0.004818370235923218,0.008951027009200528,-0.01881984021383687,0.039195485843871815,,1,5,125,6750,0,equal workload/candidate/point/request
G0,h102,service_relevant,S5,TTFT,seconds,-0.05725638788385368,0.059676503242826584,0.07679439241564978,0.16041941281309846,-0.028910221415539308,0.05370616205520317,-0.11291904128302122,0.2351729150632309,,1,5,125,6750,0,equal workload/candidate/point/request
G0,h102,service_relevant,S5,TPOT,SLA_budget_normalized,-0.00019675738483835675,0.00019675738504458068,0.00019675743187212252,0.0018821412319374362,0.00029918067079052135,0.0006560025926339986,-0.006697263795266603,0.057282408405619586,,1,5,125,6750,0,equal workload/candidate/point/request
G0,h102,service_relevant,S5,TPOT,seconds,-5.902721545150702e-05,5.90272155133742e-05,5.902722956163675e-05,0.0005646423695812308,8.97542012371564e-05,0.00019680077779019956,-0.0020091791385799807,0.017184722521685875,,1,5,125,6750,0,equal workload/candidate/point/request
G0,h102,full_grid,S6,TTFT,SLA_budget_normalized,-0.003974498401248638,0.01017235482883431,0.037815583000138986,0.11349722590078315,0.03768269052282932,0.04929531327767764,-0.03788253316815826,3.1164932772503513,,1,5,150,8100,0,equal workload/candidate/point/request
G0,h102,full_grid,S6,TPOT,SLA_budget_normalized,-0.0001180544310198095,0.00011805443431339713,0.050276255356839994,0.09039866853483647,0.0013290151208561862,0.02083972075398853,-0.4925305125264041,4.698736767774517,,1,5,150,8100,0,equal workload/candidate/point/request
G0,h102,service_relevant,S6,TTFT,SLA_budget_normalized,-0.004328661629187991,0.010113327616636525,0.03099994116284203,0.037490390123277706,0.0016419197597841487,0.014053302842104093,-0.03788253316815826,0.8434283991075328,,1,5,140,7560,0,equal workload/candidate/point/request
G0,h102,service_relevant,S6,TTFT,seconds,-0.025971969775127945,0.06067996569981915,0.18599964697705218,0.22494234073966624,0.009851518558704893,0.08431981705262455,-0.22729519900894957,5.060570394645197,,1,5,140,7560,0,equal workload/candidate/point/request
G0,h102,service_relevant,S6,TPOT,SLA_budget_normalized,-0.00011805443092061108,0.00011805443420964679,0.014579982831767924,0.07268121924126147,-0.006975313474111849,0.008023628847491445,-0.4925305125264041,0.06826269635656523,,1,5,140,7560,0,equal workload/candidate/point/request
G0,h102,service_relevant,S6,TPOT,seconds,-5.902721546030554e-05,5.902721710482339e-05,0.007289991415883962,0.03634060962063074,-0.0034876567370559245,0.004011814423745722,-0.24626525626320206,0.03413134817828262,,1,5,140,7560,0,equal workload/candidate/point/request
G0,h103,full_grid,,TTFT,seconds,-0.008795053401627229,0.09373519995216384,13.38533703575531,15.344029168543905,3.0094624728572663,3.068283081644186,-0.10483231434773188,22.63690421704335,,1,5,140,2100,0,equal workload/candidate/point/request
G0,h103,full_grid,,TTFT,relative,-0.013326680644362985,0.02189310685147767,3.4161056305530777,5.287341151341445,1.3049589383556786,1.3264944315584672,-0.02226388093083984,33.022949983829456,,1,5,140,2100,0,equal workload/candidate/point/request
G0,h103,full_grid,,TPOT,seconds,-5.902720400224881e-05,5.902721869821548e-05,0.09156899278254993,0.11347818423586747,-0.021374673983134574,0.022415137997186748,-0.21288967937973996,0.046180762720730684,,1,5,140,2100,0,equal workload/candidate/point/request
G0,h103,full_grid,,TPOT,relative,-0.00027073465955794685,0.0002789222305773972,0.21261381286951966,0.25495935206136555,-0.05396659784497855,0.057605924971572714,-0.46010214576562264,0.16340939978284358,,1,5,140,2100,0,equal workload/candidate/point/request
G0,h103,full_grid,S1,TTFT,SLA_budget_normalized,-0.0035180213606508916,0.037494079980865534,5.354134814302124,6.137611667417562,1.2037849891429067,1.2273132326576746,-0.041932925739092755,9.05476168681734,,1,5,140,2100,0,equal workload/candidate/point/request
G0,h103,full_grid,S1,TPOT,SLA_budget_normalized,-0.00039351469334832545,0.0003935147913214365,0.6104599518836662,0.7565212282391165,-0.14249782655423052,0.14943425331457832,-1.4192645291982664,0.3078717514715379,,1,5,140,2100,0,equal workload/candidate/point/request
G0,h103,service_relevant,S1,TTFT,SLA_budget_normalized,,,,,,,,,empty applicable subset,0,0,0,0,0,equal workload/candidate/point/request
G0,h103,service_relevant,S1,TTFT,seconds,,,,,,,,,empty applicable subset,0,0,0,0,0,equal workload/candidate/point/request
G0,h103,service_relevant,S1,TPOT,SLA_budget_normalized,,,,,,,,,empty applicable subset,0,0,0,0,0,equal workload/candidate/point/request
G0,h103,service_relevant,S1,TPOT,seconds,,,,,,,,,empty applicable subset,0,0,0,0,0,equal workload/candidate/point/request
G0,h103,full_grid,S2,TTFT,SLA_budget_normalized,-0.0035180213606508916,0.037494079980865534,5.354134814302124,6.137611667417562,1.2037849891429067,1.2273132326576746,-0.041932925739092755,9.05476168681734,,1,5,140,2100,0,equal workload/candidate/point/request
G0,h103,full_grid,S2,TPOT,SLA_budget_normalized,-0.00019675734667416272,0.00019675739566071826,0.3052299759418331,0.37826061411955825,-0.07124891327711526,0.07471712665728916,-0.7096322645991332,0.15393587573576895,,1,5,140,2100,0,equal workload/candidate/point/request
G0,h103,service_relevant,S2,TTFT,SLA_budget_normalized,,,,,,,,,empty applicable subset,0,0,0,0,0,equal workload/candidate/point/request
G0,h103,service_relevant,S2,TTFT,seconds,,,,,,,,,empty applicable subset,0,0,0,0,0,equal workload/candidate/point/request
G0,h103,service_relevant,S2,TPOT,SLA_budget_normalized,,,,,,,,,empty applicable subset,0,0,0,0,0,equal workload/candidate/point/request
G0,h103,service_relevant,S2,TPOT,seconds,,,,,,,,,empty applicable subset,0,0,0,0,0,equal workload/candidate/point/request
G0,h103,full_grid,S3,TTFT,SLA_budget_normalized,-0.001465842233604538,0.01562253332536064,2.2308895059592184,2.5573381947573175,0.5015770788095444,0.5113805136073644,-0.017472052391288646,3.772817369507225,,1,5,140,2100,0,equal workload/candidate/point/request
G0,h103,full_grid,S3,TPOT,SLA_budget_normalized,-0.00029513602001124406,0.0002951360934910774,0.45784496391274965,0.5673909211793373,-0.10687336991567287,0.11207568998593373,-1.0644483968986997,0.23090381360365342,,1,5,140,2100,0,equal workload/candidate/point/request
G0,h103,service_relevant,S3,TTFT,SLA_budget_normalized,,,,,,,,,empty applicable subset,0,0,0,0,0,equal workload/candidate/point/request
G0,h103,service_relevant,S3,TTFT,seconds,,,,,,,,,empty applicable subset,0,0,0,0,0,equal workload/candidate/point/request
G0,h103,service_relevant,S3,TPOT,SLA_budget_normalized,,,,,,,,,empty applicable subset,0,0,0,0,0,equal workload/candidate/point/request
G0,h103,service_relevant,S3,TPOT,seconds,,,,,,,,,empty applicable subset,0,0,0,0,0,equal workload/candidate/point/request
G0,h103,full_grid,S4,TTFT,SLA_budget_normalized,-0.001465842233604538,0.01562253332536064,2.2308895059592184,2.5573381947573175,0.5015770788095444,0.5113805136073644,-0.017472052391288646,3.772817369507225,,1,5,140,2100,0,equal workload/candidate/point/request
G0,h103,full_grid,S4,TPOT,SLA_budget_normalized,-0.00023610881600899525,0.0002361088747928619,0.3662759711301997,0.4539127369434699,-0.0854986959325383,0.08966055198874699,-0.8515587175189598,0.18472305088292273,,1,5,140,2100,0,equal workload/candidate/point/request
G0,h103,service_relevant,S4,TTFT,SLA_budget_normalized,-0.009946083873766534,0.01059538311838537,0.017472052383766368,0.027867923544439083,-0.00524739183517112,0.010905532746756761,-0.017472052391288646,0.03829040204436751,,1,5,83,1245,0,equal workload/candidate/point/request
G0,h103,service_relevant,S4,TTFT,seconds,-0.05967650324259921,0.06357229871031223,0.1048323143025982,0.1672075412666345,-0.03148435101102672,0.06543319648054056,-0.10483231434773188,0.22974241226620506,,1,5,83,1245,0,equal workload/candidate/point/request
G0,h103,service_relevant,S4,TPOT,SLA_budget_normalized,-0.00023610881010149853,0.00023610881112168247,0.0010861735182184917,0.002909889225325868,0.0006402374905858772,0.001043939422362028,-0.00023610892479641876,0.07232509146620536,,1,5,83,1245,0,equal workload/candidate/point/request
G0,h103,service_relevant,S4,TPOT,seconds,-5.9027202525374634e-05,5.902720278042062e-05,0.00027154337955462293,0.000727472306331467,0.0001600593726464693,0.000260984855590507,-5.902723119910469e-05,0.01808127286655134,,1,5,83,1245,0,equal workload/candidate/point/request
G0,h103,full_grid,S5,TTFT,SLA_budget_normalized,-0.001465842233604538,0.01562253332536064,2.2308895059592184,2.5573381947573175,0.5015770788095444,0.5113805136073644,-0.017472052391288646,3.772817369507225,,1,5,140,2100,0,equal workload/candidate/point/request
G0,h103,full_grid,S5,TPOT,SLA_budget_normalized,-0.00019675734667416272,0.00019675739566071826,0.3052299759418331,0.37826061411955825,-0.07124891327711526,0.07471712665728916,-0.7096322645991332,0.15393587573576895,,1,5,140,2100,0,equal workload/candidate/point/request
G0,h103,service_relevant,S5,TTFT,SLA_budget_normalized,-0.009946083873577058,0.01059538311838537,0.02450488193165275,0.02893459021106537,-0.004590432150854745,0.011263811885335163,-0.017472052391288646,0.04086273479607172,,1,5,85,1275,0,equal workload/candidate/point/request
G0,h103,service_relevant,S5,TTFT,seconds,-0.05967650324146234,0.06357229871031223,0.1470292915899165,0.17360754126639222,-0.027542592905128466,0.06758287131201098,-0.10483231434773188,0.24517640877643032,,1,5,85,1275,0,equal workload/candidate/point/request
G0,h103,service_relevant,S5,TPOT,SLA_budget_normalized,-0.0001967573417497685,0.00019675734298479908,0.001195879450156164,0.00520154151892179,0.0009136088611724854,0.0012427331175372846,-0.00019675743733034898,0.060270909555171136,,1,5,85,1275,0,equal workload/candidate/point/request
G0,h103,service_relevant,S5,TPOT,seconds,-5.9027202524930544e-05,5.902720289543972e-05,0.00035876383504684917,0.0015604624556765367,0.0002740826583517456,0.0003728199352611853,-5.902723119910469e-05,0.01808127286655134,,1,5,85,1275,0,equal workload/candidate/point/request
G0,h103,full_grid,S6,TTFT,SLA_budget_normalized,-0.001465842233604538,0.01562253332536064,2.2308895059592184,2.5573381947573175,0.5015770788095444,0.5113805136073644,-0.017472052391288646,3.772817369507225,,1,5,140,2100,0,equal workload/candidate/point/request
G0,h103,full_grid,S6,TPOT,SLA_budget_normalized,-0.00011805440800449762,0.00011805443739643096,0.18313798556509986,0.22695636847173495,-0.04274934796626915,0.044830275994373496,-0.4257793587594799,0.09236152544146137,,1,5,140,2100,0,equal workload/candidate/point/request
G0,h103,service_relevant,S6,TTFT,SLA_budget_normalized,-0.009700137189990224,0.011136465820072772,0.03645479949464914,0.17371577974371158,0.02940460312404693,0.043129411840994905,-0.017472052391288646,1.2353319919906796,,1,5,100,1500,0,equal workload/candidate/point/request
G0,h103,service_relevant,S6,TTFT,seconds,-0.05820082313994135,0.06681879492043663,0.21872879696789482,1.0422946784622695,0.1764276187442816,0.2587764710459694,-0.10483231434773188,7.411991951944077,,1,5,100,1500,0,equal workload/candidate/point/request
G0,h103,service_relevant,S6,TPOT,SLA_budget_normalized,-0.00011805440510748166,0.00011805440664147682,0.024192929820346043,0.05540613283298379,-0.005517647510286734,0.007891685540378673,-0.21989950793658397,0.09236152544146137,,1,5,100,1500,0,equal workload/candidate/point/request
G0,h103,service_relevant,S6,TPOT,seconds,-5.902720255374083e-05,5.902720332073841e-05,0.012096464910173022,0.027703066416491895,-0.002758823755143367,0.0039458427701893365,-0.10994975396829199,0.046180762720730684,,1,5,100,1500,0,equal workload/candidate/point/request
G0,h104,full_grid,,TTFT,seconds,-0.01433544557676214,0.0660138421371812,0.25649883783546557,0.5003070929782325,0.10843652322609429,0.16368025394690128,-0.7032892927994112,6.892311539450844,,1,5,110,8910,0,equal workload/candidate/point/request
G0,h104,full_grid,,TTFT,relative,-0.016306149978230332,0.024005423776306697,0.24031401530443822,0.34222823213848563,0.06659476078231569,0.09397599830990364,-0.2246705322391143,4.931012706190813,,1,5,110,8910,0,equal workload/candidate/point/request
G0,h104,full_grid,,TPOT,seconds,-5.899363075312358e-05,5.899363395020507e-05,0.04842062586778001,0.06171406216197667,-0.008859367474636467,0.013183591473704457,-0.29711753240619293,0.25258277758997094,,1,5,110,8910,0,equal workload/candidate/point/request
G0,h104,full_grid,,TPOT,relative,-0.000270922173424445,0.0002709227738655008,0.11733103158741527,0.14970666033881225,-0.021390211158165622,0.03197057503819168,-0.5270626859691836,0.40964928977887943,,1,5,110,8910,0,equal workload/candidate/point/request
G0,h104,full_grid,S1,TTFT,SLA_budget_normalized,-0.005734178230704856,0.02640553685487248,0.10259953513418622,0.200122837191293,0.04337460929043772,0.06547210157876052,-0.2813157171197645,2.7569246157803375,,1,5,110,8910,0,equal workload/candidate/point/request
G0,h104,full_grid,S1,TPOT,SLA_budget_normalized,-0.00039329087168749055,0.00039329089300136716,0.32280417245186677,0.4114270810798445,-0.05906244983090979,0.08789060982469638,-1.9807835493746195,1.6838851839331397,,1,5,110,8910,0,equal workload/candidate/point/request
G0,h104,service_relevant,S1,TTFT,SLA_budget_normalized,,,,,,,,,empty applicable subset,0,0,0,0,0,equal workload/candidate/point/request
G0,h104,service_relevant,S1,TTFT,seconds,,,,,,,,,empty applicable subset,0,0,0,0,0,equal workload/candidate/point/request
G0,h104,service_relevant,S1,TPOT,SLA_budget_normalized,,,,,,,,,empty applicable subset,0,0,0,0,0,equal workload/candidate/point/request
G0,h104,service_relevant,S1,TPOT,seconds,,,,,,,,,empty applicable subset,0,0,0,0,0,equal workload/candidate/point/request
G0,h104,full_grid,S2,TTFT,SLA_budget_normalized,-0.005734178230704856,0.02640553685487248,0.10259953513418622,0.200122837191293,0.04337460929043772,0.06547210157876052,-0.2813157171197645,2.7569246157803375,,1,5,110,8910,0,equal workload/candidate/point/request
G0,h104,full_grid,S2,TPOT,SLA_budget_normalized,-0.00019664543584374528,0.00019664544650068358,0.16140208622593338,0.20571354053992225,-0.029531224915454894,0.04394530491234819,-0.9903917746873098,0.8419425919665698,,1,5,110,8910,0,equal workload/candidate/point/request
G0,h104,service_relevant,S2,TTFT,SLA_budget_normalized,,,,,,,,,empty applicable subset,0,0,0,0,0,equal workload/candidate/point/request
G0,h104,service_relevant,S2,TTFT,seconds,,,,,,,,,empty applicable subset,0,0,0,0,0,equal workload/candidate/point/request
G0,h104,service_relevant,S2,TPOT,SLA_budget_normalized,,,,,,,,,empty applicable subset,0,0,0,0,0,equal workload/candidate/point/request
G0,h104,service_relevant,S2,TPOT,seconds,,,,,,,,,empty applicable subset,0,0,0,0,0,equal workload/candidate/point/request
G0,h104,full_grid,S3,TTFT,SLA_budget_normalized,-0.0023892409294603567,0.011002307022863533,0.04274980630591093,0.08338451549637209,0.018072753871015715,0.027280042324483545,-0.11721488213323521,1.148718589908474,,1,5,110,8910,0,equal workload/candidate/point/request
G0,h104,full_grid,S3,TPOT,SLA_budget_normalized,-0.0002949681537656179,0.00029496816975102536,0.24210312933890005,0.30857031080988334,-0.04429683737318234,0.06591795736852228,-1.4855876620309645,1.2629138879498547,,1,5,110,8910,0,equal workload/candidate/point/request
G0,h104,service_relevant,S3,TTFT,SLA_budget_normalized,,,,,,,,,empty applicable subset,0,0,0,0,0,equal workload/candidate/point/request
G0,h104,service_relevant,S3,TTFT,seconds,,,,,,,,,empty applicable subset,0,0,0,0,0,equal workload/candidate/point/request
G0,h104,service_relevant,S3,TPOT,SLA_budget_normalized,,,,,,,,,empty applicable subset,0,0,0,0,0,equal workload/candidate/point/request
G0,h104,service_relevant,S3,TPOT,seconds,,,,,,,,,empty applicable subset,0,0,0,0,0,equal workload/candidate/point/request
G0,h104,full_grid,S4,TTFT,SLA_budget_normalized,-0.0023892409294603567,0.011002307022863533,0.04274980630591093,0.08338451549637209,0.018072753871015715,0.027280042324483545,-0.11721488213323521,1.148718589908474,,1,5,110,8910,0,equal workload/candidate/point/request
G0,h104,full_grid,S4,TPOT,SLA_budget_normalized,-0.00023597452301249433,0.00023597453580082028,0.19368250347112004,0.24685624864790667,-0.03543746989854587,0.05273436589481783,-1.1884701296247717,1.0103311103598838,,1,5,110,8910,0,equal workload/candidate/point/request
G0,h104,service_relevant,S4,TTFT,SLA_budget_normalized,-0.004326197568540617,0.009085014816567613,0.012791779652009913,0.02428642923530333,-0.004803906481447717,0.008355870686777008,-0.018700972226118513,0.03866619457058581,,1,5,73,5913,0,equal workload/candidate/point/request
G0,h104,service_relevant,S4,TTFT,seconds,-0.0259571854112437,0.05451008889940567,0.07675067791205947,0.14571857541181998,-0.028823438888686298,0.05013522412066204,-0.11220583335671108,0.23199716742351484,,1,5,73,5913,0,equal workload/candidate/point/request
G0,h104,service_relevant,S4,TPOT,SLA_budget_normalized,-0.00023597447036405317,0.00023597447674383876,0.00023597454859825007,0.0016112036339479552,0.000825086578252882,0.0012619046489239665,-0.0002359745492206411,0.17457428426279686,,1,5,73,5913,0,equal workload/candidate/point/request
G0,h104,service_relevant,S4,TPOT,seconds,-5.899361759101329e-05,5.899361918595969e-05,5.899363714956252e-05,0.0004028009084869888,0.0002062716445632205,0.00031547616223099163,-5.8993637305160274e-05,0.043643571065699216,,1,5,73,5913,0,equal workload/candidate/point/request
G0,h104,full_grid,S5,TTFT,SLA_budget_normalized,-0.0023892409294603567,0.011002307022863533,0.04274980630591093,0.08338451549637209,0.018072753871015715,0.027280042324483545,-0.11721488213323521,1.148718589908474,,1,5,110,8910,0,equal workload/candidate/point/request
G0,h104,full_grid,S5,TPOT,SLA_budget_normalized,-0.00019664543584374528,0.00019664544650068358,0.16140208622593338,0.20571354053992225,-0.029531224915454894,0.04394530491234819,-0.9903917746873098,0.8419425919665698,,1,5,110,8910,0,equal workload/candidate/point/request
G0,h104,service_relevant,S5,TTFT,SLA_budget_normalized,-0.0042573717055347515,0.009635621855219748,0.01746210655498241,0.02815334902129507,-0.0038541039744200254,0.00896588738028335,-0.018700972226118513,0.04042806095405164,,1,5,75,6075,0,equal workload/candidate/point/request
G0,h104,service_relevant,S5,TTFT,seconds,-0.02554423023320851,0.05781373113131849,0.10477263932989445,0.16892009412777043,-0.023124623846520153,0.0537953242817001,-0.11220583335671108,0.24256836572430984,,1,5,75,6075,0,equal workload/candidate/point/request
G0,h104,service_relevant,S5,TPOT,SLA_budget_normalized,-0.00019664539196107,0.00019664539742531018,0.000196645457242924,0.01290214188403573,0.0012537022156962725,0.001607745026740175,-0.0001966454576838676,0.1454785702189974,,1,5,75,6075,0,equal workload/candidate/point/request
G0,h104,service_relevant,S5,TPOT,seconds,-5.8993617588321e-05,5.899361922759305e-05,5.89936371728772e-05,0.003870642565210719,0.00037611066470888166,0.0004823235080220525,-5.8993637305160274e-05,0.043643571065699216,,1,5,75,6075,0,equal workload/candidate/point/request
G0,h104,full_grid,S6,TTFT,SLA_budget_normalized,-0.0023892409294603567,0.011002307022863533,0.04274980630591093,0.08338451549637209,0.018072753871015715,0.027280042324483545,-0.11721488213323521,1.148718589908474,,1,5,110,8910,0,equal workload/candidate/point/request
G0,h104,full_grid,S6,TPOT,SLA_budget_normalized,-0.00011798726150624717,0.00011798726790041014,0.09684125173556002,0.12342812432395334,-0.017718734949272934,0.026367182947408915,-0.5942350648123859,0.5051655551799419,,1,5,110,8910,0,equal workload/candidate/point/request
G0,h104,service_relevant,S6,TTFT,SLA_budget_normalized,-0.003854248750333985,0.010510693636799795,0.03664111083600119,0.042514086497808044,0.007179374743319561,0.01716994718084991,-0.11721488213323521,0.5752857635450445,,1,5,100,8100,0,equal workload/candidate/point/request
G0,h104,service_relevant,S6,TTFT,seconds,-0.023125492502003908,0.06306416182079877,0.21984666501600714,0.25508451898684825,0.043076248459917366,0.10301968308509946,-0.7032892927994112,3.4517145812702665,,1,5,100,8100,0,equal workload/candidate/point/request
G0,h104,service_relevant,S6,TPOT,SLA_budget_normalized,-0.00011798724164990837,0.00011798726473333243,0.08716385041940677,0.11422282006343809,-0.017930770876855778,0.020725148783557933,-0.5942350648123859,0.1481093595401169,,1,5,100,8100,0,equal workload/candidate/point/request
G0,h104,service_relevant,S6,TPOT,seconds,-5.8993620824954185e-05,5.8993632366666215e-05,0.04358192520970339,0.057111410031719045,-0.008965385438427889,0.010362574391778966,-0.29711753240619293,0.07405467977005845,,1,5,100,8100,0,equal workload/candidate/point/request
G0,h105,full_grid,,TTFT,seconds,-0.02206360759691961,0.06135334733176023,0.22135218068272877,0.6975964853105481,0.09731408170540526,0.16180271621525494,-0.07751759471284458,3.8239243100193967,,1,5,135,1890,0,equal workload/candidate/point/request
G0,h105,full_grid,,TTFT,relative,-0.019407527242067173,0.024033404813657153,0.2488455511624815,0.34930415799388287,0.054570276259424205,0.08389033491193572,-0.02423540791972535,1.4878814936354279,,1,5,135,1890,0,equal workload/candidate/point/request
G0,h105,full_grid,,TPOT,seconds,-5.899360211017446e-05,5.899360326225289e-05,0.022395395976522292,0.03482968576020018,-0.002775399857531517,0.0052198846726741795,-0.17782914779887743,0.09622779119863867,,1,5,135,1890,0,equal workload/candidate/point/request
G0,h105,full_grid,,TPOT,relative,-0.000255881335845345,0.0002709226235079869,0.06914370075586347,0.10900404259078213,-0.008814556454232922,0.01566194978180184,-0.42264197162201644,0.17705560800450243,,1,5,135,1890,0,equal workload/candidate/point/request
G0,h105,full_grid,S1,TTFT,SLA_budget_normalized,-0.008825443038767844,0.024541338932704094,0.08854087227309151,0.2790385941242192,0.0389256326821621,0.06472108648610198,-0.031007037885137832,1.5295697240077586,,1,5,135,1890,0,equal workload/candidate/point/request
G0,h105,full_grid,S1,TPOT,SLA_budget_normalized,-0.0003932906807344964,0.0003932906884150193,0.14930263984348197,0.2321979050680012,-0.01850266571687678,0.0347992311511612,-1.1855276519925162,0.6415186079909245,,1,5,135,1890,0,equal workload/candidate/point/request
G0,h105,service_relevant,S1,TTFT,SLA_budget_normalized,,,,,,,,,empty applicable subset,0,0,0,0,0,equal workload/candidate/point/request
G0,h105,service_relevant,S1,TTFT,seconds,,,,,,,,,empty applicable subset,0,0,0,0,0,equal workload/candidate/point/request
G0,h105,service_relevant,S1,TPOT,SLA_budget_normalized,,,,,,,,,empty applicable subset,0,0,0,0,0,equal workload/candidate/point/request
G0,h105,service_relevant,S1,TPOT,seconds,,,,,,,,,empty applicable subset,0,0,0,0,0,equal workload/candidate/point/request
G0,h105,full_grid,S2,TTFT,SLA_budget_normalized,-0.008825443038767844,0.024541338932704094,0.08854087227309151,0.2790385941242192,0.0389256326821621,0.06472108648610198,-0.031007037885137832,1.5295697240077586,,1,5,135,1890,0,equal workload/candidate/point/request
G0,h105,full_grid,S2,TPOT,SLA_budget_normalized,-0.0001966453403672482,0.00019664534420750965,0.07465131992174098,0.1160989525340006,-0.00925133285843839,0.0173996155755806,-0.5927638259962581,0.32075930399546226,,1,5,135,1890,0,equal workload/candidate/point/request
G0,h105,service_relevant,S2,TTFT,SLA_budget_normalized,,,,,,,,,empty applicable subset,0,0,0,0,0,equal workload/candidate/point/request
G0,h105,service_relevant,S2,TTFT,seconds,,,,,,,,,empty applicable subset,0,0,0,0,0,equal workload/candidate/point/request
G0,h105,service_relevant,S2,TPOT,SLA_budget_normalized,,,,,,,,,empty applicable subset,0,0,0,0,0,equal workload/candidate/point/request
G0,h105,service_relevant,S2,TPOT,seconds,,,,,,,,,empty applicable subset,0,0,0,0,0,equal workload/candidate/point/request
G0,h105,full_grid,S3,TTFT,SLA_budget_normalized,-0.003677267932819935,0.010225557888626705,0.03689203011378813,0.11626608088509134,0.016219013617567543,0.026967119369209154,-0.012919599118807431,0.6373207183365661,,1,5,135,1890,0,equal workload/candidate/point/request
G0,h105,full_grid,S3,TPOT,SLA_budget_normalized,-0.0002949680105508723,0.00029496801631126446,0.11197697988261146,0.1741484288010009,-0.013876999287657586,0.026099423363370896,-0.8891457389943871,0.48113895599319334,,1,5,135,1890,0,equal workload/candidate/point/request
G0,h105,service_relevant,S3,TTFT,SLA_budget_normalized,,,,,,,,,empty applicable subset,0,0,0,0,0,equal workload/candidate/point/request
G0,h105,service_relevant,S3,TTFT,seconds,,,,,,,,,empty applicable subset,0,0,0,0,0,equal workload/candidate/point/request
G0,h105,service_relevant,S3,TPOT,SLA_budget_normalized,,,,,,,,,empty applicable subset,0,0,0,0,0,equal workload/candidate/point/request
G0,h105,service_relevant,S3,TPOT,seconds,,,,,,,,,empty applicable subset,0,0,0,0,0,equal workload/candidate/point/request
G0,h105,full_grid,S4,TTFT,SLA_budget_normalized,-0.003677267932819935,0.010225557888626705,0.03689203011378813,0.11626608088509134,0.016219013617567543,0.026967119369209154,-0.012919599118807431,0.6373207183365661,,1,5,135,1890,0,equal workload/candidate/point/request
G0,h105,full_grid,S4,TPOT,SLA_budget_normalized,-0.00023597440844069784,0.00023597441304901157,0.08958158390608917,0.13931874304080072,-0.011101599430126069,0.020879538690696718,-0.7113165911955097,0.38491116479455467,,1,5,135,1890,0,equal workload/candidate/point/request
G0,h105,service_relevant,S4,TTFT,SLA_budget_normalized,-0.009547131450517554,0.01009773841377637,0.02776678317458921,0.03243316912370039,-0.0014989078090016806,0.011620056471123696,-0.012919599118807431,0.037707777503034855,,1,5,110,1540,0,equal workload/candidate/point/request
G0,h105,service_relevant,S4,TTFT,seconds,-0.057282788703105325,0.060586430482658216,0.16660069904753527,0.19459901474220231,-0.008993446854010084,0.06972033882674218,-0.07751759471284458,0.22624666501820911,,1,5,110,1540,0,equal workload/candidate/point/request
G0,h105,service_relevant,S4,TPOT,SLA_budget_normalized,-0.00023597440758749144,0.00023597441134903807,0.0025856815608698014,0.004520425018601282,0.0004768020314880212,0.0008330107205652548,-0.0002359745489871612,0.03497567799975043,,1,5,110,1540,0,equal workload/candidate/point/request
G0,h105,service_relevant,S4,TPOT,seconds,-5.899360189687286e-05,5.899360283725952e-05,0.0006464203902174503,0.0011301062546503204,0.0001192005078720053,0.0002082526801413137,-5.89936372467903e-05,0.008743919499937608,,1,5,110,1540,0,equal workload/candidate/point/request
G0,h105,full_grid,S5,TTFT,SLA_budget_normalized,-0.003677267932819935,0.010225557888626705,0.03689203011378813,0.11626608088509134,0.016219013617567543,0.026967119369209154,-0.012919599118807431,0.6373207183365661,,1,5,135,1890,0,equal workload/candidate/point/request
G0,h105,full_grid,S5,TPOT,SLA_budget_normalized,-0.0001966453403672482,0.00019664534420750965,0.07465131992174098,0.1160989525340006,-0.00925133285843839,0.0173996155755806,-0.5927638259962581,0.32075930399546226,,1,5,135,1890,0,equal workload/candidate/point/request
G0,h105,service_relevant,S5,TTFT,SLA_budget_normalized,-0.00954713145029018,0.010097738413871108,0.028205025578851444,0.03331807317137723,-0.0007335285739005086,0.012075612694536867,-0.012919599118807431,0.03866619456961532,,1,5,113,1582,0,equal workload/candidate/point/request
G0,h105,service_relevant,S5,TTFT,seconds,-0.05728278870174108,0.06058643048322665,0.16923015347310866,0.19990843902826338,-0.004401171443403052,0.0724536761672212,-0.07751759471284458,0.23199716741769194,,1,5,113,1582,0,equal workload/candidate/point/request
G0,h105,service_relevant,S5,TPOT,SLA_budget_normalized,-0.00019664533965624287,0.00019664534353499205,0.0026745281367104856,0.004984798435949863,0.0014958621034412245,0.001839365338200691,-0.03993505725672188,0.10680327756307238,,1,5,113,1582,0,equal workload/candidate/point/request
G0,h105,service_relevant,S5,TPOT,seconds,-5.899360189687286e-05,5.899360306049761e-05,0.0008023584410131457,0.0014954395307849588,0.0004487586310323673,0.0005518096014602073,-0.011980517177016564,0.03204098326892171,,1,5,113,1582,0,equal workload/candidate/point/request
G0,h105,full_grid,S6,TTFT,SLA_budget_normalized,-0.003677267932819935,0.010225557888626705,0.03689203011378813,0.11626608088509134,0.016219013617567543,0.026967119369209154,-0.012919599118807431,0.6373207183365661,,1,5,135,1890,0,equal workload/candidate/point/request
G0,h105,full_grid,S6,TPOT,SLA_budget_normalized,-0.00011798720422034892,0.00011798720652450578,0.044790791953044584,0.06965937152040036,-0.005550799715063034,0.010439769345348359,-0.35565829559775486,0.19245558239727734,,1,5,135,1890,0,equal workload/candidate/point/request
G0,h105,service_relevant,S6,TTFT,SLA_budget_normalized,-0.003677267932914674,0.010225557888437228,0.03523769437196833,0.09585014894857598,0.011952888057940262,0.023037559201060775,-0.012919599118807431,0.6373207183365661,,1,5,131,1834,0,equal workload/candidate/point/request
G0,h105,service_relevant,S6,TTFT,seconds,-0.022063607597488044,0.061353347330623365,0.21142616623181,0.5751008936914559,0.07171732834764158,0.13822535520636464,-0.07751759471284458,3.8239243100193967,,1,5,131,1834,0,equal workload/candidate/point/request
G0,h105,service_relevant,S6,TPOT,SLA_budget_normalized,-0.00011798720421868358,0.00011798720648786842,0.032818486824109705,0.05954072765924057,-0.004112342906687611,0.00846752089724954,-0.35565829559775486,0.19245558239727734,,1,5,131,1834,0,equal workload/candidate/point/request
G0,h105,service_relevant,S6,TPOT,seconds,-5.899360210934179e-05,5.899360324393421e-05,0.016409243412054852,0.029770363829620283,-0.0020561714533438055,0.00423376044862477,-0.17782914779887743,0.09622779119863867,,1,5,131,1834,0,equal workload/candidate/point/request
G0,h106,full_grid,,TTFT,seconds,0.15940959552736444,0.15958872230140742,0.23143463339772552,0.8102711839563828,0.25034119263847354,0.2821518489011261,-0.23309653527005025,14.310989361671375,,1,5,185,9065,0,equal workload/candidate/point/request
G0,h106,full_grid,,TTFT,relative,0.054162012586327024,0.05449454183900312,0.23405603913804776,0.32857249432031466,0.12008959823352298,0.13512134264414202,-0.2936358520764524,17.309978387660138,,1,5,185,9065,0,equal workload/candidate/point/request
G0,h106,full_grid,,TPOT,seconds,-5.902720397873984e-05,0.006091065788939559,0.04990016273959286,0.06041958215221055,-0.006529412308435669,0.01763387952479566,-0.1389062709427219,1.1747441173711288,,1,5,185,9065,0,equal workload/candidate/point/request
G0,h106,full_grid,,TPOT,relative,-0.00025572170814803434,0.023433989661632376,0.1378926909968474,0.16727564592743538,-0.016972860467595344,0.049658864374912265,-0.3351299907442936,1.8517992541592707,,1,5,185,9065,0,equal workload/candidate/point/request
G0,h106,full_grid,S1,TTFT,SLA_budget_normalized,0.06376383821094578,0.06383548892056297,0.09257385335909021,0.3241084735825531,0.10013647705538942,0.11286073956045042,-0.0932386141080201,5.72439574466855,,1,5,185,9065,0,equal workload/candidate/point/request
G0,h106,full_grid,S1,TPOT,SLA_budget_normalized,-0.00039351469319159893,0.040607105259597064,0.33266775159728573,0.40279721434807036,-0.04352941538957113,0.11755919683197108,-0.9260418062848127,7.831627449140859,,1,5,185,9065,0,equal workload/candidate/point/request
G0,h106,service_relevant,S1,TTFT,SLA_budget_normalized,,,,,,,,,empty applicable subset,0,0,0,0,0,equal workload/candidate/point/request
G0,h106,service_relevant,S1,TTFT,seconds,,,,,,,,,empty applicable subset,0,0,0,0,0,equal workload/candidate/point/request
G0,h106,service_relevant,S1,TPOT,SLA_budget_normalized,,,,,,,,,empty applicable subset,0,0,0,0,0,equal workload/candidate/point/request
G0,h106,service_relevant,S1,TPOT,seconds,,,,,,,,,empty applicable subset,0,0,0,0,0,equal workload/candidate/point/request
G0,h106,full_grid,S2,TTFT,SLA_budget_normalized,0.06376383821094578,0.06383548892056297,0.09257385335909021,0.3241084735825531,0.10013647705538942,0.11286073956045042,-0.0932386141080201,5.72439574466855,,1,5,185,9065,0,equal workload/candidate/point/request
G0,h106,full_grid,S2,TPOT,SLA_budget_normalized,-0.00019675734659579946,0.020303552629798532,0.16633387579864287,0.20139860717403518,-0.021764707694785564,0.05877959841598554,-0.46302090314240635,3.9158137245704294,,1,5,185,9065,0,equal workload/candidate/point/request
G0,h106,service_relevant,S2,TTFT,SLA_budget_normalized,,,,,,,,,empty applicable subset,0,0,0,0,0,equal workload/candidate/point/request
G0,h106,service_relevant,S2,TTFT,seconds,,,,,,,,,empty applicable subset,0,0,0,0,0,equal workload/candidate/point/request
G0,h106,service_relevant,S2,TPOT,SLA_budget_normalized,,,,,,,,,empty applicable subset,0,0,0,0,0,equal workload/candidate/point/request
G0,h106,service_relevant,S2,TPOT,seconds,,,,,,,,,empty applicable subset,0,0,0,0,0,equal workload/candidate/point/request
G0,h106,full_grid,S3,TTFT,SLA_budget_normalized,0.026568265921227407,0.026598120383567903,0.03857243889962092,0.1350451973260638,0.041723532106412255,0.04702530815018768,-0.03884942254500837,2.3851648936118957,,1,5,185,9065,0,equal workload/candidate/point/request
G0,h106,full_grid,S3,TPOT,SLA_budget_normalized,-0.0002951360198936992,0.030455328944697796,0.24950081369796429,0.30209791076105275,-0.03264706154217835,0.0881693976239783,-0.6945313547136095,5.873720586855644,,1,5,185,9065,0,equal workload/candidate/point/request
G0,h106,service_relevant,S3,TTFT,SLA_budget_normalized,,,,,,,,,empty applicable subset,0,0,0,0,0,equal workload/candidate/point/request
G0,h106,service_relevant,S3,TTFT,seconds,,,,,,,,,empty applicable subset,0,0,0,0,0,equal workload/candidate/point/request
G0,h106,service_relevant,S3,TPOT,SLA_budget_normalized,,,,,,,,,empty applicable subset,0,0,0,0,0,equal workload/candidate/point/request
G0,h106,service_relevant,S3,TPOT,seconds,,,,,,,,,empty applicable subset,0,0,0,0,0,equal workload/candidate/point/request
G0,h106,full_grid,S4,TTFT,SLA_budget_normalized,0.026568265921227407,0.026598120383567903,0.03857243889962092,0.1350451973260638,0.041723532106412255,0.04702530815018768,-0.03884942254500837,2.3851648936118957,,1,5,185,9065,0,equal workload/candidate/point/request
G0,h106,full_grid,S4,TPOT,SLA_budget_normalized,-0.00023610881591495936,0.024364263155758237,0.19960065095837143,0.2416783286088422,-0.026117649233742678,0.07053551809918264,-0.5556250837708876,4.698976469484515,,1,5,185,9065,0,equal workload/candidate/point/request
G0,h106,service_relevant,S4,TTFT,SLA_budget_normalized,-0.003964660535283808,0.010221544157881604,0.027707824550873283,0.032431972017358625,-0.0003372212596191479,0.011733975602176283,-0.020079087582416832,0.037723383326256986,,1,5,79,3871,0,equal workload/candidate/point/request
G0,h106,service_relevant,S4,TTFT,seconds,-0.023787963211702845,0.06132926494728963,0.1662469473052397,0.19459183210415176,-0.0020233275577148874,0.0704038536130577,-0.120474525494501,0.2263402999575419,,1,5,79,3871,0,equal workload/candidate/point/request
G0,h106,service_relevant,S4,TPOT,SLA_budget_normalized,-0.00023610881243030235,0.00023610886841662904,0.018699903988421807,0.03400534624192486,0.0047139803544567725,0.005073960802384792,-0.00023611653596167237,0.18408360588141537,,1,5,79,3871,0,equal workload/candidate/point/request
G0,h106,service_relevant,S4,TPOT,seconds,-5.902720310757559e-05,5.902721710415726e-05,0.004674975997105452,0.008501336560481215,0.0011784950886141931,0.001268490200596198,-5.902913399041809e-05,0.04602090147035384,,1,5,79,3871,0,equal workload/candidate/point/request
G0,h106,full_grid,S5,TTFT,SLA_budget_normalized,0.026568265921227407,0.026598120383567903,0.03857243889962092,0.1350451973260638,0.041723532106412255,0.04702530815018768,-0.03884942254500837,2.3851648936118957,,1,5,185,9065,0,equal workload/candidate/point/request
G0,h106,full_grid,S5,TPOT,SLA_budget_normalized,-0.00019675734659579946,0.020303552629798532,0.16633387579864287,0.20139860717403518,-0.021764707694785564,0.05877959841598554,-0.46302090314240635,3.9158137245704294,,1,5,185,9065,0,equal workload/candidate/point/request
G0,h106,service_relevant,S5,TTFT,SLA_budget_normalized,-0.0017904918546670274,0.012985984873921552,0.03451103705842229,0.03629677000123858,0.01087486158635077,0.01846753373208916,-0.020079087582416832,0.18345381419131948,,1,5,124,6076,0,equal workload/candidate/point/request
G0,h106,service_relevant,S5,TTFT,seconds,-0.010742951128002165,0.07791590924352931,0.20706622235053374,0.21778062000743148,0.06524916951810462,0.11080520239253497,-0.120474525494501,1.100722885147917,,1,5,124,6076,0,equal workload/candidate/point/request
G0,h106,service_relevant,S5,TPOT,SLA_budget_normalized,-0.00019675503911760947,0.0016957720461886299,0.04616790798087948,0.05939667927084724,0.008603434384185324,0.016345009884758073,-0.2677871071745412,0.18667394544915525,,1,5,124,6076,0,equal workload/candidate/point/request
G0,h106,service_relevant,S5,TPOT,seconds,-5.902651173528284e-05,0.0005087316138565889,0.013850372394263843,0.017819003781254172,0.002581030315255597,0.004903502965427422,-0.08033613215236235,0.05600218363474657,,1,5,124,6076,0,equal workload/candidate/point/request
G0,h106,full_grid,S6,TTFT,SLA_budget_normalized,0.026568265921227407,0.026598120383567903,0.03857243889962092,0.1350451973260638,0.041723532106412255,0.04702530815018768,-0.03884942254500837,2.3851648936118957,,1,5,185,9065,0,equal workload/candidate/point/request
G0,h106,full_grid,S6,TPOT,SLA_budget_normalized,-0.00011805440795747968,0.012182131577879118,0.09980032547918571,0.1208391643044211,-0.013058824616871339,0.03526775904959132,-0.2778125418854438,2.3494882347422577,,1,5,185,9065,0,equal workload/candidate/point/request
G0,h106,service_relevant,S6,TTFT,SLA_budget_normalized,0.02623931825191524,0.02625345416664023,0.036935966666533204,0.04372397977858119,0.023603623747906647,0.02908935312429423,-0.03884942254500837,0.5263557245760259,,1,5,178,8722,0,equal workload/candidate/point/request
G0,h106,service_relevant,S6,TTFT,seconds,0.15743590951149145,0.15752072499984138,0.22161579999919923,0.2623438786714871,0.1416217424874399,0.17453611874576536,-0.23309653527005025,3.158134347456155,,1,5,178,8722,0,equal workload/candidate/point/request
G0,h106,service_relevant,S6,TPOT,SLA_budget_normalized,-0.00011805440664197642,0.01068318361686943,0.09765627553065437,0.11780001799975814,-0.01680564376864941,0.030415469190475466,-0.2778125418854438,0.15871291720913494,,1,5,178,8722,0,equal workload/candidate/point/request
G0,h106,service_relevant,S6,TPOT,seconds,-5.902720332098821e-05,0.005341591808434715,0.048828137765327184,0.05890000899987907,-0.008402821884324705,0.015207734595237733,-0.1389062709427219,0.07935645860456747,,1,5,178,8722,0,equal workload/candidate/point/request
G0,w201,full_grid,,TTFT,seconds,0.1530428427252133,0.1530428427252133,3.3383410061083953,8.717594822221566,1.2837270632527311,1.330231640574434,-0.09857831094717984,18.581922001769897,,1,5,85,1105,0,equal workload/candidate/point/request
G0,w201,full_grid,,TTFT,relative,0.05557115023746604,0.05557115023746604,1.5267682991792786,2.4797605959206543,0.6014350999881044,0.6215770531756362,-0.024713446516885427,15.420299109791577,,1,5,85,1105,0,equal workload/candidate/point/request
G0,w201,full_grid,,TPOT,seconds,-5.8993603062246214e-05,0.0008269393996733765,0.03779379344207495,0.05217239094602341,-0.006264575052474563,0.013116796399959373,-0.3309550446251588,0.17309690647592352,,1,5,85,1105,0,equal workload/candidate/point/request
G0,w201,full_grid,,TPOT,relative,-0.00026318718440233315,0.0035704182225708802,0.10305248886686316,0.16905090208140555,-0.01752200670810646,0.036784573355232206,-0.5800654120944434,0.5104375131003701,,1,5,85,1105,0,equal workload/candidate/point/request
G0,w201,full_grid,S1,TTFT,SLA_budget_normalized,0.06121713709008532,0.06121713709008532,1.335336402443358,3.4870379288886264,0.5134908253010925,0.5320926562297736,-0.03943132437887194,7.432768800707959,,1,5,85,1105,0,equal workload/candidate/point/request
G0,w201,full_grid,S1,TPOT,SLA_budget_normalized,-0.00039329068708164144,0.005512929331155844,0.25195862294716637,0.3478159396401561,-0.04176383368316376,0.0874453093330625,-2.2063669641677253,1.1539793765061568,,1,5,85,1105,0,equal workload/candidate/point/request
G0,w201,service_relevant,S1,TTFT,SLA_budget_normalized,,,,,,,,,empty applicable subset,0,0,0,0,0,equal workload/candidate/point/request
G0,w201,service_relevant,S1,TTFT,seconds,,,,,,,,,empty applicable subset,0,0,0,0,0,equal workload/candidate/point/request
G0,w201,service_relevant,S1,TPOT,SLA_budget_normalized,,,,,,,,,empty applicable subset,0,0,0,0,0,equal workload/candidate/point/request
G0,w201,service_relevant,S1,TPOT,seconds,,,,,,,,,empty applicable subset,0,0,0,0,0,equal workload/candidate/point/request
G0,w201,full_grid,S2,TTFT,SLA_budget_normalized,0.06121713709008532,0.06121713709008532,1.335336402443358,3.4870379288886264,0.5134908253010925,0.5320926562297736,-0.03943132437887194,7.432768800707959,,1,5,85,1105,0,equal workload/candidate/point/request
G0,w201,full_grid,S2,TPOT,SLA_budget_normalized,-0.00019664534354082072,0.002756464665577922,0.12597931147358318,0.17390796982007806,-0.02088191684158188,0.04372265466653125,-1.1031834820838626,0.5769896882530784,,1,5,85,1105,0,equal workload/candidate/point/request
G0,w201,service_relevant,S2,TTFT,SLA_budget_normalized,,,,,,,,,empty applicable subset,0,0,0,0,0,equal workload/candidate/point/request
G0,w201,service_relevant,S2,TTFT,seconds,,,,,,,,,empty applicable subset,0,0,0,0,0,equal workload/candidate/point/request
G0,w201,service_relevant,S2,TPOT,SLA_budget_normalized,,,,,,,,,empty applicable subset,0,0,0,0,0,equal workload/candidate/point/request
G0,w201,service_relevant,S2,TPOT,seconds,,,,,,,,,empty applicable subset,0,0,0,0,0,equal workload/candidate/point/request
G0,w201,full_grid,S3,TTFT,SLA_budget_normalized,0.025507140454202215,0.025507140454202215,0.5563901676847326,1.4529324703702609,0.21395451054212186,0.22170527342907237,-0.01642971849119664,3.0969870002949826,,1,5,85,1105,0,equal workload/candidate/point/request
G0,w201,full_grid,S3,TPOT,SLA_budget_normalized,-0.00029496801531123107,0.004134696998366882,0.18896896721037476,0.26086195473011703,-0.03132287526237282,0.06558398199979687,-1.654775223125794,0.8654845323796175,,1,5,85,1105,0,equal workload/candidate/point/request
G0,w201,service_relevant,S3,TTFT,SLA_budget_normalized,,,,,,,,,empty applicable subset,0,0,0,0,0,equal workload/candidate/point/request
G0,w201,service_relevant,S3,TTFT,seconds,,,,,,,,,empty applicable subset,0,0,0,0,0,equal workload/candidate/point/request
G0,w201,service_relevant,S3,TPOT,SLA_budget_normalized,,,,,,,,,empty applicable subset,0,0,0,0,0,equal workload/candidate/point/request
G0,w201,service_relevant,S3,TPOT,seconds,,,,,,,,,empty applicable subset,0,0,0,0,0,equal workload/candidate/point/request
G0,w201,full_grid,S4,TTFT,SLA_budget_normalized,0.025507140454202215,0.025507140454202215,0.5563901676847326,1.4529324703702609,0.21395451054212186,0.22170527342907237,-0.01642971849119664,3.0969870002949826,,1,5,85,1105,0,equal workload/candidate/point/request
G0,w201,full_grid,S4,TPOT,SLA_budget_normalized,-0.00023597441224898486,0.003307757598693506,0.1511751737682998,0.20868956378409365,-0.025058300209898254,0.05246718559983749,-1.3238201785006352,0.6923876259036941,,1,5,85,1105,0,equal workload/candidate/point/request
G0,w201,service_relevant,S4,TTFT,SLA_budget_normalized,-0.004188545827380115,0.01032388056017434,0.02839662046430173,0.03307731694965336,-0.002137903016229438,0.011659877215128513,-0.01642971849119664,0.03697456708299285,,1,5,45,585,0,equal workload/candidate/point/request
G0,w201,service_relevant,S4,TTFT,seconds,-0.025131274964280692,0.06194328336104604,0.17037972278581037,0.19846390169792016,-0.012827418097376628,0.06995926329077108,-0.09857831094717984,0.2218474024979571,,1,5,45,585,0,equal workload/candidate/point/request
G0,w201,service_relevant,S4,TPOT,SLA_budget_normalized,-0.00023597440844169704,0.00023597441277423137,0.0032092402184978885,0.007309086860581626,0.0008488680418381904,0.001219521880049694,-0.0002359745487283682,0.025086979128479237,,1,5,45,585,0,equal workload/candidate/point/request
G0,w201,service_relevant,S4,TPOT,seconds,-5.899360211042426e-05,5.899360319355784e-05,0.0008023100546244721,0.0018272717151454065,0.0002122170104595476,0.0003048804700124235,-5.899363718209205e-05,0.006271744782119809,,1,5,45,585,0,equal workload/candidate/point/request
G0,w201,full_grid,S5,TTFT,SLA_budget_normalized,0.025507140454202215,0.025507140454202215,0.5563901676847326,1.4529324703702609,0.21395451054212186,0.22170527342907237,-0.01642971849119664,3.0969870002949826,,1,5,85,1105,0,equal workload/candidate/point/request
G0,w201,full_grid,S5,TPOT,SLA_budget_normalized,-0.00019664534354082072,0.002756464665577922,0.12597931147358318,0.17390796982007806,-0.02088191684158188,0.04372265466653125,-1.1031834820838626,0.5769896882530784,,1,5,85,1105,0,equal workload/candidate/point/request
G0,w201,service_relevant,S5,TTFT,SLA_budget_normalized,-0.004188545826612729,0.010903984325523197,0.0322561883141835,0.03438952164740764,0.0008013918638643312,0.013472158971951047,-0.01642971849119664,0.038628756055478185,,1,5,50,650,0,equal workload/candidate/point/request
G0,w201,service_relevant,S5,TTFT,seconds,-0.025131274959676375,0.06542390595313918,0.19353712988510097,0.20633712988444586,0.004808351183185986,0.08083295383170629,-0.09857831094717984,0.2317725363328691,,1,5,50,650,0,equal workload/candidate/point/request
G0,w201,service_relevant,S5,TPOT,SLA_budget_normalized,-0.00019664533967853987,0.00019664534420565927,0.012109701468866474,0.040698524432150426,0.004300489461830482,0.005308501243454105,-0.14005747935503152,0.14186198238697445,,1,5,50,650,0,equal workload/candidate/point/request
G0,w201,service_relevant,S5,TPOT,seconds,-5.8993601903561954e-05,5.899360326169778e-05,0.003632910440659942,0.012209557329645127,0.0012901468385491444,0.0015925503730362315,-0.04201724380650945,0.04255859471609233,,1,5,50,650,0,equal workload/candidate/point/request
G0,w201,full_grid,S6,TTFT,SLA_budget_normalized,0.025507140454202215,0.025507140454202215,0.5563901676847326,1.4529324703702609,0.21395451054212186,0.22170527342907237,-0.01642971849119664,3.0969870002949826,,1,5,85,1105,0,equal workload/candidate/point/request
G0,w201,full_grid,S6,TPOT,SLA_budget_normalized,-0.00011798720612449243,0.001653878799346753,0.0755875868841499,0.10434478189204682,-0.012529150104949127,0.026233592799918746,-0.6619100892503176,0.34619381295184704,,1,5,85,1105,0,equal workload/candidate/point/request
G0,w201,service_relevant,S6,TTFT,SLA_budget_normalized,0.025507140454202215,0.025507140454202215,0.5563901676847326,1.4529324703702609,0.21395451054212186,0.22170527342907237,-0.01642971849119664,3.0969870002949826,,1,5,85,1105,0,equal workload/candidate/point/request
G0,w201,service_relevant,S6,TTFT,seconds,0.1530428427252133,0.1530428427252133,3.3383410061083953,8.717594822221566,1.2837270632527311,1.330231640574434,-0.09857831094717984,18.581922001769897,,1,5,85,1105,0,equal workload/candidate/point/request
G0,w201,service_relevant,S6,TPOT,SLA_budget_normalized,-0.00011798720612449243,0.001653878799346753,0.0755875868841499,0.10434478189204682,-0.012529150104949127,0.026233592799918746,-0.6619100892503176,0.34619381295184704,,1,5,85,1105,0,equal workload/candidate/point/request
G0,w201,service_relevant,S6,TPOT,seconds,-5.8993603062246214e-05,0.0008269393996733765,0.03779379344207495,0.05217239094602341,-0.006264575052474563,0.013116796399959373,-0.3309550446251588,0.17309690647592352,,1,5,85,1105,0,equal workload/candidate/point/request
G0,w202,full_grid,,TTFT,seconds,-0.012572794474181137,0.11055795304491767,0.30059032863604784,1.2172271533081016,0.2810302461046329,0.3339709767717959,-0.11764121764281299,7.731868748455803,,1,5,80,3840,0,equal workload/candidate/point/request
G0,w202,full_grid,,TTFT,relative,-0.014773028126531187,0.02192385251003568,0.2040336528726586,0.40254973963015867,0.10816121519771676,0.12904567227798264,-0.022427110920958546,5.316161854663761,,1,5,80,3840,0,equal workload/candidate/point/request
G0,w202,full_grid,,TPOT,seconds,-5.902720455161492e-05,0.0003079743813071689,0.03996470779556344,0.05452820544396286,-0.0018027933007582736,0.01152039373763022,-0.1551887949581235,0.31943204770254086,,1,5,80,3840,0,equal workload/candidate/point/request
G0,w202,full_grid,,TPOT,relative,-0.0002557216610992882,0.0012982318887253019,0.10469579226063962,0.14183110177601427,-0.004242179970878219,0.031045901991486356,-0.29307441730323036,0.723797594836188,,1,5,80,3840,0,equal workload/candidate/point/request
G0,w202,full_grid,S1,TTFT,SLA_budget_normalized,-0.005029117789672455,0.04422318121796707,0.12023613145441914,0.48689086132324066,0.11241209844185317,0.13358839070871834,-0.047056487057125194,3.092747499382321,,1,5,80,3840,0,equal workload/candidate/point/request
G0,w202,full_grid,S1,TPOT,SLA_budget_normalized,-0.00039351469701076613,0.002053162542047793,0.26643138530375626,0.3635213696264191,-0.012018622005055157,0.0768026249175348,-1.03459196638749,2.1295469846836057,,1,5,80,3840,0,equal workload/candidate/point/request
G0,w202,service_relevant,S1,TTFT,SLA_budget_normalized,,,,,,,,,empty applicable subset,0,0,0,0,0,equal workload/candidate/point/request
G0,w202,service_relevant,S1,TTFT,seconds,,,,,,,,,empty applicable subset,0,0,0,0,0,equal workload/candidate/point/request
G0,w202,service_relevant,S1,TPOT,SLA_budget_normalized,,,,,,,,,empty applicable subset,0,0,0,0,0,equal workload/candidate/point/request
G0,w202,service_relevant,S1,TPOT,seconds,,,,,,,,,empty applicable subset,0,0,0,0,0,equal workload/candidate/point/request
G0,w202,full_grid,S2,TTFT,SLA_budget_normalized,-0.005029117789672455,0.04422318121796707,0.12023613145441914,0.48689086132324066,0.11241209844185317,0.13358839070871834,-0.047056487057125194,3.092747499382321,,1,5,80,3840,0,equal workload/candidate/point/request
G0,w202,full_grid,S2,TPOT,SLA_budget_normalized,-0.00019675734850538307,0.0010265812710238964,0.13321569265187813,0.18176068481320956,-0.006009311002527579,0.0384013124587674,-0.517295983193745,1.0647734923418029,,1,5,80,3840,0,equal workload/candidate/point/request
G0,w202,service_relevant,S2,TTFT,SLA_budget_normalized,,,,,,,,,empty applicable subset,0,0,0,0,0,equal workload/candidate/point/request
G0,w202,service_relevant,S2,TTFT,seconds,,,,,,,,,empty applicable subset,0,0,0,0,0,equal workload/candidate/point/request
G0,w202,service_relevant,S2,TPOT,SLA_budget_normalized,,,,,,,,,empty applicable subset,0,0,0,0,0,equal workload/candidate/point/request
G0,w202,service_relevant,S2,TPOT,seconds,,,,,,,,,empty applicable subset,0,0,0,0,0,equal workload/candidate/point/request
G0,w202,full_grid,S3,TTFT,SLA_budget_normalized,-0.002095465745696856,0.01842632550748628,0.050098388106007974,0.20287119221801694,0.046838374350772156,0.055661829461965975,-0.019606869607135497,1.2886447914093004,,1,5,80,3840,0,equal workload/candidate/point/request
G0,w202,full_grid,S3,TPOT,SLA_budget_normalized,-0.0002951360227580746,0.0015398719065358446,0.19982353897781718,0.2726410272198143,-0.009013966503791368,0.057601968688151095,-0.7759439747906174,1.5971602385127042,,1,5,80,3840,0,equal workload/candidate/point/request
G0,w202,service_relevant,S3,TTFT,SLA_budget_normalized,,,,,,,,,empty applicable subset,0,0,0,0,0,equal workload/candidate/point/request
G0,w202,service_relevant,S3,TTFT,seconds,,,,,,,,,empty applicable subset,0,0,0,0,0,equal workload/candidate/point/request
G0,w202,service_relevant,S3,TPOT,SLA_budget_normalized,,,,,,,,,empty applicable subset,0,0,0,0,0,equal workload/candidate/point/request
G0,w202,service_relevant,S3,TPOT,seconds,,,,,,,,,empty applicable subset,0,0,0,0,0,equal workload/candidate/point/request
G0,w202,full_grid,S4,TTFT,SLA_budget_normalized,-0.002095465745696856,0.01842632550748628,0.050098388106007974,0.20287119221801694,0.046838374350772156,0.055661829461965975,-0.019606869607135497,1.2886447914093004,,1,5,80,3840,0,equal workload/candidate/point/request
G0,w202,full_grid,S4,TPOT,SLA_budget_normalized,-0.00023610881820645968,0.0012318975252286757,0.15985883118225375,0.21811282177585145,-0.007211173203033094,0.04608157495052088,-0.620755179832494,1.2777281908101634,,1,5,80,3840,0,equal workload/candidate/point/request
G0,w202,service_relevant,S4,TTFT,SLA_budget_normalized,-0.008834404871474058,0.010241219899702022,0.02536641212536021,0.029785840536703745,-0.0035349172210277207,0.011190993615909266,-0.019606869607135497,0.0369760626723045,,1,5,47,2256,0,equal workload/candidate/point/request
G0,w202,service_relevant,S4,TTFT,seconds,-0.053006429228844354,0.06144731939821213,0.15219847275216125,0.17871504322022247,-0.021209503326166324,0.0671459616954556,-0.11764121764281299,0.22185637603382702,,1,5,47,2256,0,equal workload/candidate/point/request
G0,w202,service_relevant,S4,TPOT,SLA_budget_normalized,-0.00023610885546077043,0.0002361088620534968,0.004006680383460193,0.018000905325247785,0.0021591370339892873,0.0025493253428043264,-0.00023610892488057367,0.23213174017632543,,1,5,47,2256,0,equal workload/candidate/point/request
G0,w202,service_relevant,S4,TPOT,seconds,-5.902721386519261e-05,5.90272155133742e-05,0.0010016700958650482,0.004500226331311946,0.0005397842584973218,0.0006373313357010816,-5.902723122014342e-05,0.05803293504408136,,1,5,47,2256,0,equal workload/candidate/point/request
G0,w202,full_grid,S5,TTFT,SLA_budget_normalized,-0.002095465745696856,0.01842632550748628,0.050098388106007974,0.20287119221801694,0.046838374350772156,0.055661829461965975,-0.019606869607135497,1.2886447914093004,,1,5,80,3840,0,equal workload/candidate/point/request
G0,w202,full_grid,S5,TPOT,SLA_budget_normalized,-0.00019675734850538307,0.0010265812710238964,0.13321569265187813,0.18176068481320956,-0.006009311002527579,0.0384013124587674,-0.517295983193745,1.0647734923418029,,1,5,80,3840,0,equal workload/candidate/point/request
G0,w202,service_relevant,S5,TTFT,SLA_budget_normalized,-0.004200769328842095,0.010782302594937695,0.03147572773991669,0.03442757520768206,0.0028421317727481887,0.014910961592189471,-0.019606869607135497,0.1758404702284698,,1,5,58,2784,0,equal workload/candidate/point/request
G0,w202,service_relevant,S5,TTFT,seconds,-0.02520461597305257,0.06469381556962617,0.18885436643950015,0.20656545124609238,0.01705279063648913,0.08946576955313683,-0.11764121764281299,1.0550428213708187,,1,5,58,2784,0,equal workload/candidate/point/request
G0,w202,service_relevant,S5,TPOT,SLA_budget_normalized,-0.00019675734259973673,0.00019675739575619744,0.02866160861377106,0.04039041240538814,0.00631413816929772,0.006932332264850049,-0.14842533685939316,0.19344311681360454,,1,5,58,2784,0,equal workload/candidate/point/request
G0,w202,service_relevant,S5,TPOT,seconds,-5.902720277992102e-05,5.902721872685923e-05,0.008598482584131317,0.01211712372161644,0.0018942414507893159,0.0020796996794550148,-0.044527601057817945,0.05803293504408136,,1,5,58,2784,0,equal workload/candidate/point/request
G0,w202,full_grid,S6,TTFT,SLA_budget_normalized,-0.002095465745696856,0.01842632550748628,0.050098388106007974,0.20287119221801694,0.046838374350772156,0.055661829461965975,-0.019606869607135497,1.2886447914093004,,1,5,80,3840,0,equal workload/candidate/point/request
G0,w202,full_grid,S6,TPOT,SLA_budget_normalized,-0.00011805440910322984,0.0006159487626143378,0.07992941559112687,0.10905641088792573,-0.003605586601516547,0.02304078747526044,-0.310377589916247,0.6388640954050817,,1,5,80,3840,0,equal workload/candidate/point/request
G0,w202,service_relevant,S6,TTFT,SLA_budget_normalized,-0.0037482274539494633,0.01126435810510884,0.03511444349328485,0.04293390371509531,0.0190709996054544,0.02886774504056364,-0.019606869607135497,1.0568142860302505,,1,5,72,3456,0,equal workload/candidate/point/request
G0,w202,service_relevant,S6,TTFT,seconds,-0.02248936472369678,0.06758614863065304,0.21068666095970912,0.25760342229057187,0.11442599763272641,0.17320647024338184,-0.11764121764281299,6.3408857161815035,,1,5,72,3456,0,equal workload/candidate/point/request
G0,w202,service_relevant,S6,TPOT,SLA_budget_normalized,-0.00011805440796675004,0.00011805445275053783,0.05780867335548989,0.09361092651148906,-0.005995084719710972,0.01590831979552128,-0.310377589916247,0.19606603387485821,,1,5,72,3456,0,equal workload/candidate/point/request
G0,w202,service_relevant,S6,TPOT,seconds,-5.902720398337502e-05,5.9027226375268915e-05,0.028904336677744946,0.04680546325574453,-0.002997542359855486,0.00795415989776064,-0.1551887949581235,0.09803301693742911,,1,5,72,3456,0,equal workload/candidate/point/request
G0,w203,full_grid,,TTFT,seconds,0.7252087863409358,0.7252087863409358,6.307100993339304,6.355550480508117,2.595187207945978,2.6314578366499677,-0.07106875362660503,6.431380529721102,,1,5,125,625,0,equal workload/candidate/point/request
G0,w203,full_grid,,TTFT,relative,0.2613998273418279,0.2613998273418279,1.8384838154856675,2.060018462407961,0.7535729711068937,0.7684462410413074,-0.02174041031292978,2.7135993522447186,,1,5,125,625,0,equal workload/candidate/point/request
G0,w203,full_grid,,TPOT,seconds,0.0024134493082494657,0.0024982359574186874,0.010076994505485548,0.0110063945558396,0.003769048424465657,0.004529963116518588,-0.02738287558578284,0.017272932606128832,,1,5,125,625,0,equal workload/candidate/point/request
G0,w203,full_grid,,TPOT,relative,0.01104538743282888,0.011546116955627104,0.046204967929919245,0.047966320858957474,0.016674791756373923,0.01971224207442005,-0.10744226223636277,0.07521927205832823,,1,5,125,625,0,equal workload/candidate/point/request
G0,w203,full_grid,S1,TTFT,SLA_budget_normalized,0.2900835145363743,0.2900835145363743,2.5228403973357216,2.5422201922032466,1.038074883178391,1.052583134659987,-0.02842750145064201,2.572552211888441,,1,5,125,625,0,equal workload/candidate/point/request
G0,w203,full_grid,S1,TPOT,SLA_budget_normalized,0.01608966205499644,0.01665490638279125,0.06717996336990366,0.07337596370559733,0.025126989496437716,0.030199754110123923,-0.18255250390521893,0.11515288404085888,,1,5,125,625,0,equal workload/candidate/point/request
G0,w203,service_relevant,S1,TTFT,SLA_budget_normalized,,,,,,,,,empty applicable subset,0,0,0,0,0,equal workload/candidate/point/request
G0,w203,service_relevant,S1,TTFT,seconds,,,,,,,,,empty applicable subset,0,0,0,0,0,equal workload/candidate/point/request
G0,w203,service_relevant,S1,TPOT,SLA_budget_normalized,,,,,,,,,empty applicable subset,0,0,0,0,0,equal workload/candidate/point/request
G0,w203,service_relevant,S1,TPOT,seconds,,,,,,,,,empty applicable subset,0,0,0,0,0,equal workload/candidate/point/request
G0,w203,full_grid,S2,TTFT,SLA_budget_normalized,0.2900835145363743,0.2900835145363743,2.5228403973357216,2.5422201922032466,1.038074883178391,1.052583134659987,-0.02842750145064201,2.572552211888441,,1,5,125,625,0,equal workload/candidate/point/request
G0,w203,full_grid,S2,TPOT,SLA_budget_normalized,0.00804483102749822,0.008327453191395625,0.03358998168495183,0.036687981852798666,0.012563494748218858,0.015099877055061961,-0.09127625195260947,0.05757644202042944,,1,5,125,625,0,equal workload/candidate/point/request
G0,w203,service_relevant,S2,TTFT,SLA_budget_normalized,,,,,,,,,empty applicable subset,0,0,0,0,0,equal workload/candidate/point/request
G0,w203,service_relevant,S2,TTFT,seconds,,,,,,,,,empty applicable subset,0,0,0,0,0,equal workload/candidate/point/request
G0,w203,service_relevant,S2,TPOT,SLA_budget_normalized,,,,,,,,,empty applicable subset,0,0,0,0,0,equal workload/candidate/point/request
G0,w203,service_relevant,S2,TPOT,seconds,,,,,,,,,empty applicable subset,0,0,0,0,0,equal workload/candidate/point/request
G0,w203,full_grid,S3,TTFT,SLA_budget_normalized,0.12086813105682263,0.12086813105682263,1.051183498889884,1.0592584134180194,0.43253120132432965,0.43857630610832793,-0.011844792271100838,1.071896754953517,,1,5,125,625,0,equal workload/candidate/point/request
G0,w203,full_grid,S3,TPOT,SLA_budget_normalized,0.012067246541247328,0.012491179787093437,0.05038497252742774,0.055031972779197996,0.018845242122328285,0.02264981558259294,-0.1369143779289142,0.08636466303064416,,1,5,125,625,0,equal workload/candidate/point/request
G0,w203,service_relevant,S3,TTFT,SLA_budget_normalized,,,,,,,,,empty applicable subset,0,0,0,0,0,equal workload/candidate/point/request
G0,w203,service_relevant,S3,TTFT,seconds,,,,,,,,,empty applicable subset,0,0,0,0,0,equal workload/candidate/point/request
G0,w203,service_relevant,S3,TPOT,SLA_budget_normalized,,,,,,,,,empty applicable subset,0,0,0,0,0,equal workload/candidate/point/request
G0,w203,service_relevant,S3,TPOT,seconds,,,,,,,,,empty applicable subset,0,0,0,0,0,equal workload/candidate/point/request
G0,w203,full_grid,S4,TTFT,SLA_budget_normalized,0.12086813105682263,0.12086813105682263,1.051183498889884,1.0592584134180194,0.43253120132432965,0.43857630610832793,-0.011844792271100838,1.071896754953517,,1,5,125,625,0,equal workload/candidate/point/request
G0,w203,full_grid,S4,TPOT,SLA_budget_normalized,0.009653797232997863,0.00999294382967475,0.04030797802194219,0.0440255782233584,0.015076193697862629,0.01811985246607435,-0.10953150234313136,0.06909173042451533,,1,5,125,625,0,equal workload/candidate/point/request
G0,w203,service_relevant,S4,TTFT,SLA_budget_normalized,0.4078570661566981,0.4078570661566981,1.0526728840370934,1.0601262885095266,0.4719666477677415,0.47847333244574786,-0.011844792271100838,1.071896754953517,,1,5,108,540,0,equal workload/candidate/point/request
G0,w203,service_relevant,S4,TTFT,seconds,2.4471423969401886,2.4471423969401886,6.31603730422256,6.360757731057159,2.831799886606449,2.8708399946744874,-0.07106875362660503,6.431380529721102,,1,5,108,540,0,equal workload/candidate/point/request
G0,w203,service_relevant,S4,TPOT,SLA_budget_normalized,0.009389971883071446,0.00941349771770128,0.03970870529469506,0.040607614385570256,0.014755372839946464,0.015284763166723203,-0.00978824761432362,0.047235916784057586,,1,5,108,540,0,equal workload/candidate/point/request
G0,w203,service_relevant,S4,TPOT,seconds,0.0023474929707678616,0.00235337442942532,0.009927176323673764,0.010151903596392564,0.003688843209986616,0.0038211907916808007,-0.002447061903580905,0.011808979196014396,,1,5,108,540,0,equal workload/candidate/point/request
G0,w203,full_grid,S5,TTFT,SLA_budget_normalized,0.12086813105682263,0.12086813105682263,1.051183498889884,1.0592584134180194,0.43253120132432965,0.43857630610832793,-0.011844792271100838,1.071896754953517,,1,5,125,625,0,equal workload/candidate/point/request
G0,w203,full_grid,S5,TPOT,SLA_budget_normalized,0.00804483102749822,0.008327453191395625,0.03358998168495183,0.036687981852798666,0.012563494748218858,0.015099877055061961,-0.09127625195260947,0.05757644202042944,,1,5,125,625,0,equal workload/candidate/point/request
G0,w203,service_relevant,S5,TTFT,SLA_budget_normalized,0.12086813105682263,0.12086813105682263,1.051183498889884,1.0592584134180194,0.43253120132432965,0.43857630610832793,-0.011844792271100838,1.071896754953517,,1,5,125,625,0,equal workload/candidate/point/request
G0,w203,service_relevant,S5,TTFT,seconds,0.7252087863409358,0.7252087863409358,6.307100993339304,6.355550480508117,2.595187207945978,2.6314578366499677,-0.07106875362660503,6.431380529721102,,1,5,125,625,0,equal workload/candidate/point/request
G0,w203,service_relevant,S5,TPOT,SLA_budget_normalized,0.00804483102749822,0.008327453191395625,0.03358998168495183,0.036687981852798666,0.012563494748218858,0.015099877055061961,-0.09127625195260947,0.05757644202042944,,1,5,125,625,0,equal workload/candidate/point/request
G0,w203,service_relevant,S5,TPOT,seconds,0.0024134493082494657,0.0024982359574186874,0.010076994505485548,0.0110063945558396,0.003769048424465657,0.004529963116518588,-0.02738287558578284,0.017272932606128832,,1,5,125,625,0,equal workload/candidate/point/request
G0,w203,full_grid,S6,TTFT,SLA_budget_normalized,0.12086813105682263,0.12086813105682263,1.051183498889884,1.0592584134180194,0.43253120132432965,0.43857630610832793,-0.011844792271100838,1.071896754953517,,1,5,125,625,0,equal workload/candidate/point/request
G0,w203,full_grid,S6,TPOT,SLA_budget_normalized,0.004826898616498931,0.004996471914837375,0.020153989010971096,0.0220127891116792,0.007538096848931314,0.009059926233037176,-0.05476575117156568,0.034545865212257665,,1,5,125,625,0,equal workload/candidate/point/request
G0,w203,service_relevant,S6,TTFT,SLA_budget_normalized,0.12086813105682263,0.12086813105682263,1.051183498889884,1.0592584134180194,0.43253120132432965,0.43857630610832793,-0.011844792271100838,1.071896754953517,,1,5,125,625,0,equal workload/candidate/point/request
G0,w203,service_relevant,S6,TTFT,seconds,0.7252087863409358,0.7252087863409358,6.307100993339304,6.355550480508117,2.595187207945978,2.6314578366499677,-0.07106875362660503,6.431380529721102,,1,5,125,625,0,equal workload/candidate/point/request
G0,w203,service_relevant,S6,TPOT,SLA_budget_normalized,0.004826898616498931,0.004996471914837375,0.020153989010971096,0.0220127891116792,0.007538096848931314,0.009059926233037176,-0.05476575117156568,0.034545865212257665,,1,5,125,625,0,equal workload/candidate/point/request
G0,w203,service_relevant,S6,TPOT,seconds,0.0024134493082494657,0.0024982359574186874,0.010076994505485548,0.0110063945558396,0.003769048424465657,0.004529963116518588,-0.02738287558578284,0.017272932606128832,,1,5,125,625,0,equal workload/candidate/point/request
G0,w204,full_grid,,TTFT,seconds,-0.0007079232564137783,0.07474489525293393,1.8627455961286614,5.155785725907364,0.7753842895513099,0.824485725642236,-0.3138592041113384,21.913008918702886,,1,5,80,3520,0,equal workload/candidate/point/request
G0,w204,full_grid,,TTFT,relative,-0.002935383271063758,0.02419886162097154,0.687955886720883,2.0777498436213615,0.34743360450306204,0.37326096698408173,-0.28544448713703496,21.13757101623001,,1,5,80,3520,0,equal workload/candidate/point/request
G0,w204,full_grid,,TPOT,seconds,-5.899361600017472e-05,5.899363715780592e-05,0.059135232102006996,0.0955548371819116,0.0023804868579169252,0.02514443999632315,-0.3299175991920084,0.8532171397157852,,1,5,80,3520,0,equal workload/candidate/point/request
G0,w204,full_grid,,TPOT,relative,-0.00026318724860502666,0.00027912670677622537,0.15724406319516987,0.2216167358732714,-0.0027116973124136708,0.05878390823675931,-0.3981807570496178,1.4430699514649123,,1,5,80,3520,0,equal workload/candidate/point/request
G0,w204,full_grid,S1,TTFT,SLA_budget_normalized,-0.0002831693025655113,0.029897958101173572,0.7450982384514646,2.062314290362946,0.310153715820524,0.3297942902568944,-0.12554368164453536,8.765203567481155,,1,5,80,3520,0,equal workload/candidate/point/request
G0,w204,full_grid,S1,TPOT,SLA_budget_normalized,-0.00039329077333449813,0.00039329091438537284,0.39423488068004664,0.6370322478794107,0.015869912386112836,0.16762959997548768,-2.199450661280056,5.688114264771901,,1,5,80,3520,0,equal workload/candidate/point/request
G0,w204,service_relevant,S1,TTFT,SLA_budget_normalized,,,,,,,,,empty applicable subset,0,0,0,0,0,equal workload/candidate/point/request
G0,w204,service_relevant,S1,TTFT,seconds,,,,,,,,,empty applicable subset,0,0,0,0,0,equal workload/candidate/point/request
G0,w204,service_relevant,S1,TPOT,SLA_budget_normalized,,,,,,,,,empty applicable subset,0,0,0,0,0,equal workload/candidate/point/request
G0,w204,service_relevant,S1,TPOT,seconds,,,,,,,,,empty applicable subset,0,0,0,0,0,equal workload/candidate/point/request
G0,w204,full_grid,S2,TTFT,SLA_budget_normalized,-0.0002831693025655113,0.029897958101173572,0.7450982384514646,2.062314290362946,0.310153715820524,0.3297942902568944,-0.12554368164453536,8.765203567481155,,1,5,80,3520,0,equal workload/candidate/point/request
G0,w204,full_grid,S2,TPOT,SLA_budget_normalized,-0.00019664538666724907,0.00019664545719268642,0.19711744034002332,0.31851612393970535,0.007934956193056418,0.08381479998774384,-1.099725330640028,2.8440571323859505,,1,5,80,3520,0,equal workload/candidate/point/request
G0,w204,service_relevant,S2,TTFT,SLA_budget_normalized,,,,,,,,,empty applicable subset,0,0,0,0,0,equal workload/candidate/point/request
G0,w204,service_relevant,S2,TTFT,seconds,,,,,,,,,empty applicable subset,0,0,0,0,0,equal workload/candidate/point/request
G0,w204,service_relevant,S2,TPOT,SLA_budget_normalized,,,,,,,,,empty applicable subset,0,0,0,0,0,equal workload/candidate/point/request
G0,w204,service_relevant,S2,TPOT,seconds,,,,,,,,,empty applicable subset,0,0,0,0,0,equal workload/candidate/point/request
G0,w204,full_grid,S3,TTFT,SLA_budget_normalized,-0.00011798720940229639,0.012457482542155654,0.3104575993547769,0.8592976209845608,0.12923071492521832,0.13741428760703933,-0.05230986735188973,3.6521681531171475,,1,5,80,3520,0,equal workload/candidate/point/request
G0,w204,full_grid,S3,TPOT,SLA_budget_normalized,-0.0002949680800008736,0.0002949681857890296,0.295676160510035,0.477774185909558,0.011902434289584625,0.12572219998161574,-1.649587995960042,4.266085698578926,,1,5,80,3520,0,equal workload/candidate/point/request
G0,w204,service_relevant,S3,TTFT,SLA_budget_normalized,,,,,,,,,empty applicable subset,0,0,0,0,0,equal workload/candidate/point/request
G0,w204,service_relevant,S3,TTFT,seconds,,,,,,,,,empty applicable subset,0,0,0,0,0,equal workload/candidate/point/request
G0,w204,service_relevant,S3,TPOT,SLA_budget_normalized,,,,,,,,,empty applicable subset,0,0,0,0,0,equal workload/candidate/point/request
G0,w204,service_relevant,S3,TPOT,seconds,,,,,,,,,empty applicable subset,0,0,0,0,0,equal workload/candidate/point/request
G0,w204,full_grid,S4,TTFT,SLA_budget_normalized,-0.00011798720940229639,0.012457482542155654,0.3104575993547769,0.8592976209845608,0.12923071492521832,0.13741428760703933,-0.05230986735188973,3.6521681531171475,,1,5,80,3520,0,equal workload/candidate/point/request
G0,w204,full_grid,S4,TPOT,SLA_budget_normalized,-0.00023597446400069888,0.0002359745486312237,0.23654092840802798,0.3822193487276464,0.009521947431667701,0.1005777599852926,-1.3196703967680337,3.4128685588631407,,1,5,80,3520,0,equal workload/candidate/point/request
G0,w204,service_relevant,S4,TTFT,SLA_budget_normalized,-0.004434352512210656,0.00984209946697471,0.01823885565602268,0.026238572134692124,-0.004198087952606651,0.00902935812659611,-0.01823885565894064,0.03706305748877033,,1,5,44,1936,0,equal workload/candidate/point/request
G0,w204,service_relevant,S4,TTFT,seconds,-0.026606115073263936,0.05905259680184827,0.10943313393613607,0.15743143280815275,-0.025188527715639904,0.05417614875957666,-0.10943313395364385,0.22237834493262199,,1,5,44,1936,0,equal workload/candidate/point/request
G0,w204,service_relevant,S4,TPOT,SLA_budget_normalized,-0.00023597445760970004,0.0002359744639893746,0.00023597454861468137,0.00293783309834994,0.0006617812979854236,0.0010758484547557074,-0.0002359745489871612,0.045174757342906435,,1,5,44,1936,0,equal workload/candidate/point/request
G0,w204,service_relevant,S4,TPOT,seconds,-5.899361440242501e-05,5.899361599734365e-05,5.899363715367034e-05,0.000734458274587485,0.0001654453244963559,0.00026896211368892685,-5.89936372467903e-05,0.011293689335726609,,1,5,44,1936,0,equal workload/candidate/point/request
G0,w204,full_grid,S5,TTFT,SLA_budget_normalized,-0.00011798720940229639,0.012457482542155654,0.3104575993547769,0.8592976209845608,0.12923071492521832,0.13741428760703933,-0.05230986735188973,3.6521681531171475,,1,5,80,3520,0,equal workload/candidate/point/request
G0,w204,full_grid,S5,TPOT,SLA_budget_normalized,-0.00019664538666724907,0.00019664545719268642,0.19711744034002332,0.31851612393970535,0.007934956193056418,0.08381479998774384,-1.099725330640028,2.8440571323859505,,1,5,80,3520,0,equal workload/candidate/point/request
G0,w204,service_relevant,S5,TTFT,SLA_budget_normalized,-0.00443435250746423,0.01000924800799415,0.0240414633913133,0.028076633916460498,-0.002991535578818729,0.0097985429505813,-0.01823885565894064,0.15082433011383975,,1,5,46,2024,0,equal workload/candidate/point/request
G0,w204,service_relevant,S5,TTFT,seconds,-0.026606115044785383,0.0600554880479649,0.1442487803478798,0.168459803498763,-0.017949213472912375,0.0587912577034878,-0.10943313395364385,0.9049459806830384,,1,5,46,2024,0,equal workload/candidate/point/request
G0,w204,service_relevant,S5,TPOT,SLA_budget_normalized,-0.0001966453813414167,0.0001966453866788139,0.0016601849264852309,0.01240184403482179,0.001247515040129396,0.0017595854273415358,-0.10778999003985934,0.11156187732644227,,1,5,46,2024,0,equal workload/candidate/point/request
G0,w204,service_relevant,S5,TPOT,seconds,-5.899361440242501e-05,5.899361600364417e-05,0.0004980554779455693,0.0037205532104465366,0.00037425451203881876,0.0005278756282024607,-0.0323369970119578,0.03346856319793268,,1,5,46,2024,0,equal workload/candidate/point/request
G0,w204,full_grid,S6,TTFT,SLA_budget_normalized,-0.00011798720940229639,0.012457482542155654,0.3104575993547769,0.8592976209845608,0.12923071492521832,0.13741428760703933,-0.05230986735188973,3.6521681531171475,,1,5,80,3520,0,equal workload/candidate/point/request
G0,w204,full_grid,S6,TPOT,SLA_budget_normalized,-0.00011798723200034944,0.00011798727431561185,0.11827046420401399,0.1911096743638232,0.0047609737158338505,0.0502888799926463,-0.6598351983840168,1.7064342794315703,,1,5,80,3520,0,equal workload/candidate/point/request
G0,w204,service_relevant,S6,TTFT,SLA_budget_normalized,-0.0037657583370294865,0.011139958743418296,0.034232385648981754,0.04135794941647456,0.012892252914931112,0.022693939112421183,-0.036490347928098764,0.7641278324133912,,1,5,64,2816,0,equal workload/candidate/point/request
G0,w204,service_relevant,S6,TTFT,seconds,-0.022594550022176918,0.06683975246050977,0.2053943138938905,0.24814769649884738,0.07735351748958667,0.1361636346745271,-0.21894208756859257,4.584766994480347,,1,5,64,2816,0,equal workload/candidate/point/request
G0,w204,service_relevant,S6,TPOT,SLA_budget_normalized,-0.00011798723199152317,0.00011798723846301318,0.0921190639354249,0.1163697903654311,-0.013198029463078326,0.02164298582111978,-0.25306874638936516,0.3521774488688465,,1,5,64,2816,0,equal workload/candidate/point/request
G0,w204,service_relevant,S6,TPOT,seconds,-5.8993615995761584e-05,5.899361923150659e-05,0.04605953196771245,0.05818489518271555,-0.006599014731539163,0.01082149291055989,-0.12653437319468258,0.17608872443442325,,1,5,64,2816,0,equal workload/candidate/point/request
G0,ALL,full_grid,,TTFT,seconds,-0.012211675858907256,0.0712052790895541,2.9211954348625113,6.227113460238242,0.8817306057400914,0.9348420633285672,-0.7032892927994112,22.63690421704335,,10,50,1265,41955,0,equal workload/candidate/point/request
G0,ALL,full_grid,,TTFT,relative,-0.015020851700835823,0.024044566325554535,0.9557630113683128,1.7778362257052114,0.3579197392128414,0.38151339978784554,-0.2936358520764524,33.022949983829456,,10,50,1265,41955,0,equal workload/candidate/point/request
G0,ALL,full_grid,,TPOT,seconds,-5.89936192308127e-05,5.902721874084804e-05,0.041174705231194764,0.058280509335661146,-0.004474368000054845,0.012836124842668582,-0.3309550446251588,2.3493683838872585,,10,50,1265,41955,0,equal workload/candidate/point/request
G0,ALL,full_grid,,TPOT,relative,-0.00026301413170385876,0.00027912653702121204,0.11264915402129963,0.15889228943560163,-0.012438470197819672,0.03371974789866389,-0.5800654120944434,3.412106392867303,,10,50,1265,41955,0,equal workload/candidate/point/request
G0,ALL,full_grid,S1,TTFT,SLA_budget_normalized,-0.004884670343562903,0.02848211163582164,1.1684781739450045,2.490845384095297,0.3526922422960366,0.37393682533142686,-0.2813157171197645,9.05476168681734,,10,50,1265,41955,0,equal workload/candidate/point/request
G0,ALL,full_grid,S1,TPOT,SLA_budget_normalized,-0.0003932907948720847,0.0003935147916056536,0.27449803487463176,0.38853672890440766,-0.02982912000036564,0.08557416561779055,-2.2063669641677253,15.662455892581724,,10,50,1265,41955,0,equal workload/candidate/point/request
G0,ALL,service_relevant,S1,TTFT,SLA_budget_normalized,,,,,,,,,empty applicable subset,0,0,0,0,0,equal workload/candidate/point/request
G0,ALL,service_relevant,S1,TTFT,seconds,,,,,,,,,empty applicable subset,0,0,0,0,0,equal workload/candidate/point/request
G0,ALL,service_relevant,S1,TPOT,SLA_budget_normalized,,,,,,,,,empty applicable subset,0,0,0,0,0,equal workload/candidate/point/request
G0,ALL,service_relevant,S1,TPOT,seconds,,,,,,,,,empty applicable subset,0,0,0,0,0,equal workload/candidate/point/request
G0,ALL,full_grid,S2,TTFT,SLA_budget_normalized,-0.004884670343562903,0.02848211163582164,1.1684781739450045,2.490845384095297,0.3526922422960366,0.37393682533142686,-0.2813157171197645,9.05476168681734,,10,50,1265,41955,0,equal workload/candidate/point/request
G0,ALL,full_grid,S2,TPOT,SLA_budget_normalized,-0.00019664539743604234,0.0001967573958028268,0.13724901743731588,0.19426836445220383,-0.01491456000018282,0.042787082808895274,-1.1031834820838626,7.831227946290862,,10,50,1265,41955,0,equal workload/candidate/point/request
G0,ALL,service_relevant,S2,TTFT,SLA_budget_normalized,,,,,,,,,empty applicable subset,0,0,0,0,0,equal workload/candidate/point/request
G0,ALL,service_relevant,S2,TTFT,seconds,,,,,,,,,empty applicable subset,0,0,0,0,0,equal workload/candidate/point/request
G0,ALL,service_relevant,S2,TPOT,SLA_budget_normalized,,,,,,,,,empty applicable subset,0,0,0,0,0,equal workload/candidate/point/request
G0,ALL,service_relevant,S2,TPOT,seconds,,,,,,,,,empty applicable subset,0,0,0,0,0,equal workload/candidate/point/request
G0,ALL,full_grid,S3,TTFT,SLA_budget_normalized,-0.002035279309817876,0.011867546514925683,0.48686590581041855,1.0378522433730404,0.1469551009566819,0.1558070105547612,-0.11721488213323521,3.772817369507225,,10,50,1265,41955,0,equal workload/candidate/point/request
G0,ALL,full_grid,S3,TPOT,SLA_budget_normalized,-0.0002949680961540635,0.0002951360937042402,0.20587352615597382,0.29140254667830573,-0.02237184000027423,0.0641806242133429,-1.654775223125794,11.746841919436292,,10,50,1265,41955,0,equal workload/candidate/point/request
G0,ALL,service_relevant,S3,TTFT,SLA_budget_normalized,,,,,,,,,empty applicable subset,0,0,0,0,0,equal workload/candidate/point/request
G0,ALL,service_relevant,S3,TTFT,seconds,,,,,,,,,empty applicable subset,0,0,0,0,0,equal workload/candidate/point/request
G0,ALL,service_relevant,S3,TPOT,SLA_budget_normalized,,,,,,,,,empty applicable subset,0,0,0,0,0,equal workload/candidate/point/request
G0,ALL,service_relevant,S3,TPOT,seconds,,,,,,,,,empty applicable subset,0,0,0,0,0,equal workload/candidate/point/request
G0,ALL,full_grid,S4,TTFT,SLA_budget_normalized,-0.002035279309817876,0.011867546514925683,0.48686590581041855,1.0378522433730404,0.1469551009566819,0.1558070105547612,-0.11721488213323521,3.772817369507225,,10,50,1265,41955,0,equal workload/candidate/point/request
G0,ALL,full_grid,S4,TPOT,SLA_budget_normalized,-0.0002359744769232508,0.00023610887496339217,0.16469882092477905,0.23312203734264458,-0.01789747200021938,0.051344499370674326,-1.3238201785006352,9.397473535549034,,10,50,1265,41955,0,equal workload/candidate/point/request
G0,ALL,service_relevant,S4,TTFT,SLA_budget_normalized,-0.004299148027106033,0.010245222422478642,0.029298591302421073,0.4078570661566981,0.04417731648519099,0.05717443957352547,-0.020079087582416832,1.071896754953517,,10,50,856,26870,0,equal workload/candidate/point/request
G0,ALL,service_relevant,S4,TTFT,seconds,-0.025794888162636198,0.06147133453487186,0.17579154781452644,2.4471423969401886,0.26506389891114596,0.3430466374411528,-0.120474525494501,6.431380529721102,,10,50,856,26870,0,equal workload/candidate/point/request
G0,ALL,service_relevant,S4,TPOT,SLA_budget_normalized,-0.00023597445760970004,0.00023610880850866156,0.006980035857720446,0.019363470392771087,0.002561209574806145,0.0029706758662251466,-0.00978824761432362,0.23213174017632543,,10,50,856,26870,0,equal workload/candidate/point/request
G0,ALL,service_relevant,S4,TPOT,seconds,-5.899361440242501e-05,5.902720212716539e-05,0.0017450089644301114,0.004840867598192772,0.0006403023937015363,0.0007426689665562867,-0.002447061903580905,0.05803293504408136,,10,50,856,26870,0,equal workload/candidate/point/request
G0,ALL,full_grid,S5,TTFT,SLA_budget_normalized,-0.002035279309817876,0.011867546514925683,0.48686590581041855,1.0378522433730404,0.1469551009566819,0.1558070105547612,-0.11721488213323521,3.772817369507225,,10,50,1265,41955,0,equal workload/candidate/point/request
G0,ALL,full_grid,S5,TPOT,SLA_budget_normalized,-0.00019664539743604234,0.0001967573958028268,0.13724901743731588,0.19426836445220383,-0.01491456000018282,0.042787082808895274,-1.1031834820838626,7.831227946290862,,10,50,1265,41955,0,equal workload/candidate/point/request
G0,ALL,service_relevant,S5,TTFT,SLA_budget_normalized,-0.003994174137214183,0.010323880562888613,0.03347033898872098,0.12310068266287703,0.04272920831124396,0.05468418527996819,-0.020079087582416832,1.071896754953517,,10,50,947,30177,0,equal workload/candidate/point/request
G0,ALL,service_relevant,S5,TTFT,seconds,-0.023965044823285098,0.06194328337733168,0.2008220339323259,0.7386040959772622,0.25637524986746374,0.32810511167980916,-0.120474525494501,6.431380529721102,,10,50,947,30177,0,equal workload/candidate/point/request
G0,ALL,service_relevant,S5,TPOT,SLA_budget_normalized,-0.0001966453449739336,0.00019675734156426872,0.018676062930637526,0.03309058774559864,0.0037726744373055257,0.005185486307383347,-0.2677871071745412,0.19344311681360454,,10,50,947,30177,0,equal workload/candidate/point/request
G0,ALL,service_relevant,S5,TPOT,seconds,-5.899360349218008e-05,5.9027202469280615e-05,0.005602818879191257,0.009927176323679593,0.0011318023311916575,0.001555645892215004,-0.08033613215236235,0.05803293504408136,,10,50,947,30177,0,equal workload/candidate/point/request
G0,ALL,full_grid,S6,TTFT,SLA_budget_normalized,-0.002035279309817876,0.011867546514925683,0.48686590581041855,1.0378522433730404,0.1469551009566819,0.1558070105547612,-0.11721488213323521,3.772817369507225,,10,50,1265,41955,0,equal workload/candidate/point/request
G0,ALL,full_grid,S6,TPOT,SLA_budget_normalized,-0.0001179872384616254,0.00011805443748169608,0.08234941046238953,0.11656101867132229,-0.00894873600010969,0.025672249685337163,-0.6619100892503176,4.698736767774517,,10,50,1265,41955,0,equal workload/candidate/point/request
G0,ALL,service_relevant,S6,TTFT,SLA_budget_normalized,-0.003195486839899786,0.011208784608167358,0.12206223802782261,0.7498899768521934,0.07824665353336928,0.08797343557845139,-0.11721488213323521,3.0969870002949826,,10,50,1168,38486,0,equal workload/candidate/point/request
G0,ALL,service_relevant,S6,TTFT,seconds,-0.019172921039398716,0.06725270764900415,0.7323734281669356,4.49933986111316,0.4694799212002157,0.5278406134707083,-0.7032892927994112,18.581922001769897,,10,50,1168,38486,0,equal workload/candidate/point/request
G0,ALL,service_relevant,S6,TPOT,SLA_budget_normalized,-0.00011798723521083687,0.00011805443090534551,0.05828160536010518,0.09428359842370104,-0.00828072370967803,0.01580669531411666,-0.6619100892503176,0.3521774488688465,,10,50,1168,38486,0,equal workload/candidate/point/request
G0,ALL,service_relevant,S6,TPOT,seconds,-5.8993617605418436e-05,5.9027215452672754e-05,0.02914080268005259,0.04714179921185052,-0.004140361854839015,0.00790334765705833,-0.3309550446251588,0.17608872443442325,,10,50,1168,38486,0,equal workload/candidate/point/request
G1,h101,full_grid,,TTFT,seconds,-0.022417569209210342,0.06164831534383097,0.22473808905601622,0.6688672725949161,0.1810772216491068,0.24098358262977063,-0.29688984073384894,8.52408141594642,,1,5,205,3280,0,equal workload/candidate/point/request
G1,h101,full_grid,,TTFT,relative,-0.019448574670646562,0.02397951655088134,0.2835597343012381,0.3526413071920712,0.11253866948536773,0.14031362878949724,-0.07021450677020138,10.43963618712527,,1,5,205,3280,0,equal workload/candidate/point/request
G1,h101,full_grid,,TPOT,seconds,-5.899360190445013e-05,5.899360339589599e-05,0.019139336293699183,0.03750142343309193,-0.0032403078551208786,0.005705871171224035,-0.11300532596046003,0.05836700574997861,,1,5,205,3280,0,equal workload/candidate/point/request
G1,h101,full_grid,,TPOT,relative,-0.0002631871776568501,0.00027092262512253706,0.061219801132732045,0.10619767392173107,-0.008317832561207546,0.01735902537466857,-0.2619072692066084,0.14874606380127747,,1,5,205,3280,0,equal workload/candidate/point/request
G1,h101,full_grid,S1,TTFT,SLA_budget_normalized,-0.008967027683684136,0.02465932613753239,0.08989523562240649,0.2675469090379664,0.07243088865964273,0.09639343305190824,-0.11875593629353957,3.409632566378568,,1,5,205,3280,0,equal workload/candidate/point/request
G1,h101,full_grid,S1,TPOT,SLA_budget_normalized,-0.0003932906793630009,0.0003932906893059733,0.1275955752913279,0.2500094895539462,-0.021602052367472525,0.038039141141493565,-0.7533688397364002,0.38911337166652404,,1,5,205,3280,0,equal workload/candidate/point/request
G1,h101,service_relevant,S1,TTFT,SLA_budget_normalized,,,,,,,,,empty applicable subset,0,0,0,0,0,equal workload/candidate/point/request
G1,h101,service_relevant,S1,TTFT,seconds,,,,,,,,,empty applicable subset,0,0,0,0,0,equal workload/candidate/point/request
G1,h101,service_relevant,S1,TPOT,SLA_budget_normalized,,,,,,,,,empty applicable subset,0,0,0,0,0,equal workload/candidate/point/request
G1,h101,service_relevant,S1,TPOT,seconds,,,,,,,,,empty applicable subset,0,0,0,0,0,equal workload/candidate/point/request
G1,h101,full_grid,S2,TTFT,SLA_budget_normalized,-0.008967027683684136,0.02465932613753239,0.08989523562240649,0.2675469090379664,0.07243088865964273,0.09639343305190824,-0.11875593629353957,3.409632566378568,,1,5,205,3280,0,equal workload/candidate/point/request
G1,h101,full_grid,S2,TPOT,SLA_budget_normalized,-0.00019664533968150044,0.00019664534465298664,0.06379778764566395,0.1250047447769731,-0.010801026183736262,0.019019570570746783,-0.3766844198682001,0.19455668583326202,,1,5,205,3280,0,equal workload/candidate/point/request
G1,h101,service_relevant,S2,TTFT,SLA_budget_normalized,,,,,,,,,empty applicable subset,0,0,0,0,0,equal workload/candidate/point/request
G1,h101,service_relevant,S2,TTFT,seconds,,,,,,,,,empty applicable subset,0,0,0,0,0,equal workload/candidate/point/request
G1,h101,service_relevant,S2,TPOT,SLA_budget_normalized,,,,,,,,,empty applicable subset,0,0,0,0,0,equal workload/candidate/point/request
G1,h101,service_relevant,S2,TPOT,seconds,,,,,,,,,empty applicable subset,0,0,0,0,0,equal workload/candidate/point/request
G1,h101,full_grid,S3,TTFT,SLA_budget_normalized,-0.0037362615348683903,0.010274719223971829,0.037456348176002706,0.11147787876581934,0.0301795369415178,0.0401639304382951,-0.04948164012230816,1.42068023599107,,1,5,205,3280,0,equal workload/candidate/point/request
G1,h101,full_grid,S3,TPOT,SLA_budget_normalized,-0.00029496800952225066,0.00029496801697947994,0.09569668146849591,0.18750711716545965,-0.016201539275604394,0.028529355856120174,-0.5650266298023001,0.29183502874989303,,1,5,205,3280,0,equal workload/candidate/point/request
G1,h101,service_relevant,S3,TTFT,SLA_budget_normalized,,,,,,,,,empty applicable subset,0,0,0,0,0,equal workload/candidate/point/request
G1,h101,service_relevant,S3,TTFT,seconds,,,,,,,,,empty applicable subset,0,0,0,0,0,equal workload/candidate/point/request
G1,h101,service_relevant,S3,TPOT,SLA_budget_normalized,,,,,,,,,empty applicable subset,0,0,0,0,0,equal workload/candidate/point/request
G1,h101,service_relevant,S3,TPOT,seconds,,,,,,,,,empty applicable subset,0,0,0,0,0,equal workload/candidate/point/request
G1,h101,full_grid,S4,TTFT,SLA_budget_normalized,-0.0037362615348683903,0.010274719223971829,0.037456348176002706,0.11147787876581934,0.0301795369415178,0.0401639304382951,-0.04948164012230816,1.42068023599107,,1,5,205,3280,0,equal workload/candidate/point/request
G1,h101,full_grid,S4,TPOT,SLA_budget_normalized,-0.00023597440761780053,0.00023597441358358395,0.07655734517479673,0.15000569373236772,-0.012961231420483514,0.02282348468489614,-0.45202130384184014,0.23346802299991443,,1,5,205,3280,0,equal workload/candidate/point/request
G1,h101,service_relevant,S4,TTFT,SLA_budget_normalized,-0.003962403681612159,0.01007807387997417,0.026945336160404548,0.03355909804268661,-0.0018510110290249162,0.010914305722392506,-0.019595708543420187,0.03818871775750191,,1,5,157,2512,0,equal workload/candidate/point/request
G1,h101,service_relevant,S4,TTFT,seconds,-0.023774422089672953,0.06046844327984502,0.16167201696242728,0.20135458825611963,-0.011106066174149496,0.06548583433435504,-0.11757425126052112,0.2291323065450115,,1,5,157,2512,0,equal workload/candidate/point/request
G1,h101,service_relevant,S4,TPOT,SLA_budget_normalized,-0.00023597440758749144,0.00023597441134004526,0.002430337523290249,0.0071471022195273015,0.001319558126370303,0.0016965184793541446,-0.0033926618936915842,0.13886815391352525,,1,5,157,2512,0,equal workload/candidate/point/request
G1,h101,service_relevant,S4,TPOT,seconds,-5.899360189687286e-05,5.8993602835011316e-05,0.0006075843808225623,0.0017867755548818254,0.00032988953159257577,0.00042412961983853616,-0.0008481654734228961,0.03471703847838131,,1,5,157,2512,0,equal workload/candidate/point/request
G1,h101,full_grid,S5,TTFT,SLA_budget_normalized,-0.0037362615348683903,0.010274719223971829,0.037456348176002706,0.11147787876581934,0.0301795369415178,0.0401639304382951,-0.04948164012230816,1.42068023599107,,1,5,205,3280,0,equal workload/candidate/point/request
G1,h101,full_grid,S5,TPOT,SLA_budget_normalized,-0.00019664533968150044,0.00019664534465298664,0.06379778764566395,0.1250047447769731,-0.010801026183736262,0.019019570570746783,-0.3766844198682001,0.19455668583326202,,1,5,205,3280,0,equal workload/candidate/point/request
G1,h101,service_relevant,S5,TTFT,SLA_budget_normalized,-0.003962403679300526,0.010078073880054697,0.032028142908446945,0.03524408805598137,0.0004013188015667432,0.012311865900480027,-0.019595708543420187,0.04053763118166861,,1,5,170,2720,0,equal workload/candidate/point/request
G1,h101,service_relevant,S5,TTFT,seconds,-0.02377442207580316,0.06046844328032819,0.19216885745068168,0.21146452833588825,0.0024079128094004593,0.07387119540288016,-0.11757425126052112,0.24322578709001164,,1,5,170,2720,0,equal workload/candidate/point/request
G1,h101,service_relevant,S5,TPOT,SLA_budget_normalized,-0.00019664533896994002,0.00019664534353906288,0.008363855645764084,0.027347487992312274,0.0032339908464933537,0.003544018789520174,-0.02707148987884415,0.11572346159460438,,1,5,170,2720,0,equal workload/candidate/point/request
G1,h101,service_relevant,S5,TPOT,seconds,-5.8993601690982e-05,5.899360306171886e-05,0.0025091566937292253,0.008204246397693682,0.0009701972539480061,0.001063205636856052,-0.008121446963653245,0.03471703847838131,,1,5,170,2720,0,equal workload/candidate/point/request
G1,h101,full_grid,S6,TTFT,SLA_budget_normalized,-0.0037362615348683903,0.010274719223971829,0.037456348176002706,0.11147787876581934,0.0301795369415178,0.0401639304382951,-0.04948164012230816,1.42068023599107,,1,5,205,3280,0,equal workload/candidate/point/request
G1,h101,full_grid,S6,TPOT,SLA_budget_normalized,-0.00011798720380890027,0.00011798720679179198,0.038278672587398366,0.07500284686618386,-0.006480615710241757,0.01141174234244807,-0.22601065192092007,0.11673401149995721,,1,5,205,3280,0,equal workload/candidate/point/request
G1,h101,service_relevant,S6,TTFT,SLA_budget_normalized,-0.0037362615348683903,0.010274719223464976,0.03675909804263355,0.10927630981443108,0.02891184359512997,0.03899742169056611,-0.04948164012230816,1.42068023599107,,1,5,203,3248,0,equal workload/candidate/point/request
G1,h101,service_relevant,S6,TTFT,seconds,-0.022417569209210342,0.06164831534078985,0.22055458825580132,0.6556578588865865,0.17347106157077982,0.23398453014339665,-0.29688984073384894,8.52408141594642,,1,5,203,3248,0,equal workload/candidate/point/request
G1,h101,service_relevant,S6,TPOT,SLA_budget_normalized,-0.00011798720380790106,0.00011798720665295859,0.036013881699820394,0.07287214507690032,-0.005946560829855902,0.010869160335491334,-0.22601065192092007,0.11673401149995721,,1,5,203,3248,0,equal workload/candidate/point/request
G1,h101,service_relevant,S6,TPOT,seconds,-5.899360190395053e-05,5.8993603326479294e-05,0.018006940849910197,0.03643607253845016,-0.002973280414927951,0.005434580167745667,-0.11300532596046003,0.05836700574997861,,1,5,203,3248,0,equal workload/candidate/point/request
G1,h102,full_grid,,TTFT,seconds,-0.022902554454049096,0.0618605098225089,0.22315183734973232,0.5039939006129543,0.209667609894082,0.27113182760096116,-0.22729519900894957,18.69895966350211,,1,5,180,9720,0,equal workload/candidate/point/request
G1,h102,full_grid,,TTFT,relative,-0.017968042395900607,0.021596425079888047,0.23853719352877953,0.35931554778151786,0.10780454404649428,0.1344759866453498,-0.28489703011159595,24.247554700048926,,1,5,180,9720,0,equal workload/candidate/point/request
G1,h102,full_grid,,TPOT,seconds,-5.902721386519261e-05,5.902721873290995e-05,0.02221231422643677,0.04369429355178883,0.0008630253493345,0.009892165226755486,-0.24626525626320206,2.3493683838872585,,1,5,180,9720,0,equal workload/candidate/point/request
G1,h102,full_grid,,TPOT,relative,-0.000263014066897641,0.0002707347332325186,0.06366026783267377,0.11328788368753993,-0.0018104620398638686,0.022008755147042827,-0.44302408233590623,3.412106392867303,,1,5,180,9720,0,equal workload/candidate/point/request
G1,h102,full_grid,S1,TTFT,SLA_budget_normalized,-0.009161021781619639,0.02474420392900356,0.08926073493989292,0.20159756024518174,0.08386704395763281,0.10845273104038447,-0.09091807960357982,7.479583865400843,,1,5,180,9720,0,equal workload/candidate/point/request
G1,h102,full_grid,S1,TPOT,SLA_budget_normalized,-0.0003935147591012841,0.000393514791552733,0.1480820948429118,0.2912952903452589,0.005753502328896667,0.0659477681783699,-1.6417683750880139,15.662455892581724,,1,5,180,9720,0,equal workload/candidate/point/request
G1,h102,service_relevant,S1,TTFT,SLA_budget_normalized,,,,,,,,,empty applicable subset,0,0,0,0,0,equal workload/candidate/point/request
G1,h102,service_relevant,S1,TTFT,seconds,,,,,,,,,empty applicable subset,0,0,0,0,0,equal workload/candidate/point/request
G1,h102,service_relevant,S1,TPOT,SLA_budget_normalized,,,,,,,,,empty applicable subset,0,0,0,0,0,equal workload/candidate/point/request
G1,h102,service_relevant,S1,TPOT,seconds,,,,,,,,,empty applicable subset,0,0,0,0,0,equal workload/candidate/point/request
G1,h102,full_grid,S2,TTFT,SLA_budget_normalized,-0.009161021781619639,0.02474420392900356,0.08926073493989292,0.20159756024518174,0.08386704395763281,0.10845273104038447,-0.09091807960357982,7.479583865400843,,1,5,180,9720,0,equal workload/candidate/point/request
G1,h102,full_grid,S2,TPOT,SLA_budget_normalized,-0.00019675737955064204,0.0001967573957763665,0.0740410474214559,0.14564764517262946,0.0028767511644483333,0.03297388408918495,-0.8208841875440069,7.831227946290862,,1,5,180,9720,0,equal workload/candidate/point/request
G1,h102,service_relevant,S2,TTFT,SLA_budget_normalized,,,,,,,,,empty applicable subset,0,0,0,0,0,equal workload/candidate/point/request
G1,h102,service_relevant,S2,TTFT,seconds,,,,,,,,,empty applicable subset,0,0,0,0,0,equal workload/candidate/point/request
G1,h102,service_relevant,S2,TPOT,SLA_budget_normalized,,,,,,,,,empty applicable subset,0,0,0,0,0,equal workload/candidate/point/request
G1,h102,service_relevant,S2,TPOT,seconds,,,,,,,,,empty applicable subset,0,0,0,0,0,equal workload/candidate/point/request
G1,h102,full_grid,S3,TTFT,SLA_budget_normalized,-0.0038170924090081826,0.010310084970418151,0.03719197289162205,0.08399898343549239,0.03494460164901367,0.04518863793349353,-0.03788253316815826,3.1164932772503513,,1,5,180,9720,0,equal workload/candidate/point/request
G1,h102,full_grid,S3,TPOT,SLA_budget_normalized,-0.00029513606932596304,0.00029513609366454974,0.11106157113218385,0.21847146775894416,0.004315126746672499,0.04946082613377743,-1.2313262813160102,11.746841919436292,,1,5,180,9720,0,equal workload/candidate/point/request
G1,h102,service_relevant,S3,TTFT,SLA_budget_normalized,,,,,,,,,empty applicable subset,0,0,0,0,0,equal workload/candidate/point/request
G1,h102,service_relevant,S3,TTFT,seconds,,,,,,,,,empty applicable subset,0,0,0,0,0,equal workload/candidate/point/request
G1,h102,service_relevant,S3,TPOT,SLA_budget_normalized,,,,,,,,,empty applicable subset,0,0,0,0,0,equal workload/candidate/point/request
G1,h102,service_relevant,S3,TPOT,seconds,,,,,,,,,empty applicable subset,0,0,0,0,0,equal workload/candidate/point/request
G1,h102,full_grid,S4,TTFT,SLA_budget_normalized,-0.0038170924090081826,0.010310084970418151,0.03719197289162205,0.08399898343549239,0.03494460164901367,0.04518863793349353,-0.03788253316815826,3.1164932772503513,,1,5,180,9720,0,equal workload/candidate/point/request
G1,h102,full_grid,S4,TPOT,SLA_budget_normalized,-0.00023610885546077043,0.0002361088749316398,0.08884925690574708,0.17477717420715533,0.003452101397338,0.03956866090702194,-0.9850610250528082,9.397473535549034,,1,5,180,9720,0,equal workload/candidate/point/request
G1,h102,service_relevant,S4,TTFT,SLA_budget_normalized,-0.004348337360492375,0.010044462552438441,0.02676953742866317,0.03331540893153336,-0.0019925132966156387,0.010635057944530851,-0.01881984021383687,0.040043176411624394,,1,5,144,7776,0,equal workload/candidate/point/request
G1,h102,service_relevant,S4,TTFT,seconds,-0.02609002416295425,0.06026677531463065,0.16061722457197902,0.19989245358920016,-0.01195507977969383,0.0638103476671851,-0.11291904128302122,0.24025905846974638,,1,5,144,7776,0,equal workload/candidate/point/request
G1,h102,service_relevant,S4,TPOT,SLA_budget_normalized,-0.00023610885546077043,0.0002361088684144086,0.0029305043286474985,0.011643342005353108,0.0016733604793210133,0.0020553922937402245,-0.008036716554319923,0.12348545413199497,,1,5,144,7776,0,equal workload/candidate/point/request
G1,h102,service_relevant,S4,TPOT,seconds,-5.902721386519261e-05,5.902721710360215e-05,0.0007326260821618746,0.002910835501338277,0.0004183401198302533,0.0005138480734350561,-0.0020091791385799807,0.03087136353299874,,1,5,144,7776,0,equal workload/candidate/point/request
G1,h102,full_grid,S5,TTFT,SLA_budget_normalized,-0.0038170924090081826,0.010310084970418151,0.03719197289162205,0.08399898343549239,0.03494460164901367,0.04518863793349353,-0.03788253316815826,3.1164932772503513,,1,5,180,9720,0,equal workload/candidate/point/request
G1,h102,full_grid,S5,TPOT,SLA_budget_normalized,-0.00019675737955064204,0.0001967573957763665,0.0740410474214559,0.14564764517262946,0.0028767511644483333,0.03297388408918495,-0.8208841875440069,7.831227946290862,,1,5,180,9720,0,equal workload/candidate/point/request
G1,h102,service_relevant,S5,TTFT,SLA_budget_normalized,-0.004299148026196538,0.010113327619061844,0.029498466508466475,0.034764268548618325,-0.00013600282275617155,0.011772581954970924,-0.01881984021383687,0.04198425167176841,,1,5,153,8262,0,equal workload/candidate/point/request
G1,h102,service_relevant,S5,TTFT,seconds,-0.02579488815717923,0.060679965714371065,0.17699079905079884,0.20858561129170994,-0.0008160169365370294,0.07063549172982554,-0.11291904128302122,0.25190551003061046,,1,5,153,8262,0,equal workload/candidate/point/request
G1,h102,service_relevant,S5,TPOT,SLA_budget_normalized,-0.00019675737955064204,0.00019675739048162039,0.009772009912572082,0.029095406088286424,0.0022728604398531216,0.004011656074882663,-0.26584191224375536,0.14465839976013345,,1,5,153,8262,0,equal workload/candidate/point/request
G1,h102,service_relevant,S5,TPOT,seconds,-5.902721386519261e-05,5.902721714448611e-05,0.0029316029737716243,0.008728621826485927,0.0006818581319559366,0.001203496822464799,-0.0797525736731266,0.04339751992804003,,1,5,153,8262,0,equal workload/candidate/point/request
G1,h102,full_grid,S6,TTFT,SLA_budget_normalized,-0.0038170924090081826,0.010310084970418151,0.03719197289162205,0.08399898343549239,0.03494460164901367,0.04518863793349353,-0.03788253316815826,3.1164932772503513,,1,5,180,9720,0,equal workload/candidate/point/request
G1,h102,full_grid,S6,TPOT,SLA_budget_normalized,-0.00011805442773038521,0.0001180544374658199,0.04442462845287354,0.08738858710357766,0.001726050698669,0.01978433045351097,-0.4925305125264041,4.698736767774517,,1,5,180,9720,0,equal workload/candidate/point/request
G1,h102,service_relevant,S6,TTFT,SLA_budget_normalized,-0.0038466061332655954,0.010251057761479387,0.03438207559693751,0.0374853309052862,0.005102902851575548,0.015924236672186835,-0.03788253316815826,0.8434283991075328,,1,5,170,9180,0,equal workload/candidate/point/request
G1,h102,service_relevant,S6,TTFT,seconds,-0.023079636799593573,0.061506346568876324,0.20629245358162507,0.2249119854317172,0.030617417109453288,0.09554542003312101,-0.22729519900894957,5.060570394645197,,1,5,170,9180,0,equal workload/candidate/point/request
G1,h102,service_relevant,S6,TPOT,SLA_budget_normalized,-0.00011805442773038521,0.0001180544373961534,0.026328646939828615,0.06919040014159739,-0.005089453110256863,0.009167820042249988,-0.4925305125264041,0.10331266963844776,,1,5,170,9180,0,equal workload/candidate/point/request
G1,h102,service_relevant,S6,TPOT,seconds,-5.902721386519261e-05,5.90272186980767e-05,0.013164323469914307,0.03459520007079869,-0.0025447265551284317,0.004583910021124994,-0.24626525626320206,0.05165633481922388,,1,5,170,9180,0,equal workload/candidate/point/request
G1,h103,full_grid,,TTFT,seconds,0.12942034671838343,0.12942034671838343,12.140961874751879,14.924233184855957,2.513132722661142,2.565019579403463,-0.10483231434773188,22.63690421704335,,1,5,170,2550,0,equal workload/candidate/point/request
G1,h103,full_grid,,TTFT,relative,0.02848471395765484,0.02848471395765484,2.802197438529213,4.596795916992569,1.0950670709357058,1.1140937560312643,-0.02226388093083984,33.022949983829456,,1,5,170,2550,0,equal workload/candidate/point/request
G1,h103,full_grid,,TPOT,seconds,-5.902720297931707e-05,0.0007649731665892168,0.07539952134049127,0.10923042450044596,-0.01765364548480662,0.020209421215998336,-0.21288967937973996,0.046180762720730684,,1,5,170,2550,0,equal workload/candidate/point/request
G1,h103,full_grid,,TPOT,relative,-0.00027073465590302006,0.0032612915664261906,0.19020014751819028,0.24548873998497614,-0.04358945634608914,0.0535602147973836,-0.46010214576562264,0.17549998683870902,,1,5,170,2550,0,equal workload/candidate/point/request
G1,h103,full_grid,S1,TTFT,SLA_budget_normalized,0.051768138687353374,0.051768138687353374,4.8563847499007515,5.969693273942383,1.0052530890644569,1.0260078317613852,-0.041932925739092755,9.05476168681734,,1,5,170,2550,0,equal workload/candidate/point/request
G1,h103,full_grid,S1,TPOT,SLA_budget_normalized,-0.0003935146865287805,0.005099821110594779,0.5026634756032752,0.728202830002973,-0.1176909698987108,0.13472947477332223,-1.4192645291982664,0.3078717514715379,,1,5,170,2550,0,equal workload/candidate/point/request
G1,h103,service_relevant,S1,TTFT,SLA_budget_normalized,,,,,,,,,empty applicable subset,0,0,0,0,0,equal workload/candidate/point/request
G1,h103,service_relevant,S1,TTFT,seconds,,,,,,,,,empty applicable subset,0,0,0,0,0,equal workload/candidate/point/request
G1,h103,service_relevant,S1,TPOT,SLA_budget_normalized,,,,,,,,,empty applicable subset,0,0,0,0,0,equal workload/candidate/point/request
G1,h103,service_relevant,S1,TPOT,seconds,,,,,,,,,empty applicable subset,0,0,0,0,0,equal workload/candidate/point/request
G1,h103,full_grid,S2,TTFT,SLA_budget_normalized,0.051768138687353374,0.051768138687353374,4.8563847499007515,5.969693273942383,1.0052530890644569,1.0260078317613852,-0.041932925739092755,9.05476168681734,,1,5,170,2550,0,equal workload/candidate/point/request
G1,h103,full_grid,S2,TPOT,SLA_budget_normalized,-0.00019675734326439026,0.0025499105552973895,0.2513317378016376,0.3641014150014865,-0.0588454849493554,0.06736473738666111,-0.7096322645991332,0.15393587573576895,,1,5,170,2550,0,equal workload/candidate/point/request
G1,h103,service_relevant,S2,TTFT,SLA_budget_normalized,,,,,,,,,empty applicable subset,0,0,0,0,0,equal workload/candidate/point/request
G1,h103,service_relevant,S2,TTFT,seconds,,,,,,,,,empty applicable subset,0,0,0,0,0,equal workload/candidate/point/request
G1,h103,service_relevant,S2,TPOT,SLA_budget_normalized,,,,,,,,,empty applicable subset,0,0,0,0,0,equal workload/candidate/point/request
G1,h103,service_relevant,S2,TPOT,seconds,,,,,,,,,empty applicable subset,0,0,0,0,0,equal workload/candidate/point/request
G1,h103,full_grid,S3,TTFT,SLA_budget_normalized,0.02157005778639724,0.02157005778639724,2.0234936457919797,2.487372197475993,0.41885545377685707,0.42750326323391047,-0.017472052391288646,3.772817369507225,,1,5,170,2550,0,equal workload/candidate/point/request
G1,h103,full_grid,S3,TPOT,SLA_budget_normalized,-0.00029513601489658536,0.003824865832946084,0.37699760670245636,0.5461521225022298,-0.0882682274240331,0.10104710607999166,-1.0644483968986997,0.23090381360365342,,1,5,170,2550,0,equal workload/candidate/point/request
G1,h103,service_relevant,S3,TTFT,SLA_budget_normalized,,,,,,,,,empty applicable subset,0,0,0,0,0,equal workload/candidate/point/request
G1,h103,service_relevant,S3,TTFT,seconds,,,,,,,,,empty applicable subset,0,0,0,0,0,equal workload/candidate/point/request
G1,h103,service_relevant,S3,TPOT,SLA_budget_normalized,,,,,,,,,empty applicable subset,0,0,0,0,0,equal workload/candidate/point/request
G1,h103,service_relevant,S3,TPOT,seconds,,,,,,,,,empty applicable subset,0,0,0,0,0,equal workload/candidate/point/request
G1,h103,full_grid,S4,TTFT,SLA_budget_normalized,0.02157005778639724,0.02157005778639724,2.0234936457919797,2.487372197475993,0.41885545377685707,0.42750326323391047,-0.017472052391288646,3.772817369507225,,1,5,170,2550,0,equal workload/candidate/point/request
G1,h103,full_grid,S4,TPOT,SLA_budget_normalized,-0.0002361088119172683,0.003059892666356867,0.3015980853619651,0.4369216980017838,-0.07061458193922648,0.08083768486399334,-0.8515587175189598,0.18472305088292273,,1,5,170,2550,0,equal workload/candidate/point/request
G1,h103,service_relevant,S4,TTFT,SLA_budget_normalized,-0.009700137206285339,0.010595383118394844,0.026688863342324492,0.03158689460884053,-0.0025997000489702445,0.012187906893240515,-0.017472052391288646,0.03850631442641136,,1,5,95,1425,0,equal workload/candidate/point/request
G1,h103,service_relevant,S4,TTFT,seconds,-0.05820082323771203,0.06357229871036907,0.16013318005394694,0.18952136765304317,-0.015598200293821467,0.07312744135944309,-0.10483231434773188,0.23103788655846813,,1,5,95,1425,0,equal workload/candidate/point/request
G1,h103,service_relevant,S4,TPOT,SLA_budget_normalized,-0.00023610880987456895,0.00023610881193136812,0.0037628393253710257,0.015320289882119309,0.002098364279066346,0.0024599067850307353,-0.00023610892479641876,0.15754706040588462,,1,5,95,1425,0,equal workload/candidate/point/request
G1,h103,service_relevant,S4,TPOT,seconds,-5.902720246864224e-05,5.902720298284203e-05,0.0009407098313427564,0.0038300724705298272,0.0005245910697665865,0.0006149766962576838,-5.902723119910469e-05,0.039386765101471155,,1,5,95,1425,0,equal workload/candidate/point/request
G1,h103,full_grid,S5,TTFT,SLA_budget_normalized,0.02157005778639724,0.02157005778639724,2.0234936457919797,2.487372197475993,0.41885545377685707,0.42750326323391047,-0.017472052391288646,3.772817369507225,,1,5,170,2550,0,equal workload/candidate/point/request
G1,h103,full_grid,S5,TPOT,SLA_budget_normalized,-0.00019675734326439026,0.0025499105552973895,0.2513317378016376,0.3641014150014865,-0.0588454849493554,0.06736473738666111,-0.7096322645991332,0.15393587573576895,,1,5,170,2550,0,equal workload/candidate/point/request
G1,h103,service_relevant,S5,TTFT,SLA_budget_normalized,-0.009700137189383895,0.011136465820072772,0.02893459021106537,0.035185994739123316,0.0002879905339924701,0.013783590570282372,-0.017472052391288646,0.041423493234053886,,1,5,106,1590,0,equal workload/candidate/point/request
G1,h103,service_relevant,S5,TTFT,seconds,-0.05820082313630337,0.06681879492043663,0.17360754126639222,0.2111159684347399,0.001727943203954821,0.08270154342169424,-0.10483231434773188,0.2485409594043233,,1,5,106,1590,0,equal workload/candidate/point/request
G1,h103,service_relevant,S5,TPOT,SLA_budget_normalized,-0.0001967573410414462,0.00019675734440801249,0.015583253318659323,0.03708043647092772,0.004314741615913347,0.004759647751156194,-0.09123628973529734,0.13128921700490387,,1,5,106,1590,0,equal workload/candidate/point/request
G1,h103,service_relevant,S5,TPOT,seconds,-5.902720231243386e-05,5.902720332240374e-05,0.0046749759955977965,0.011124130941278315,0.0012944224847740039,0.001427894325346858,-0.0273708869205892,0.039386765101471155,,1,5,106,1590,0,equal workload/candidate/point/request
G1,h103,full_grid,S6,TTFT,SLA_budget_normalized,0.02157005778639724,0.02157005778639724,2.0234936457919797,2.487372197475993,0.41885545377685707,0.42750326323391047,-0.017472052391288646,3.772817369507225,,1,5,170,2550,0,equal workload/candidate/point/request
G1,h103,full_grid,S6,TPOT,SLA_budget_normalized,-0.00011805440595863415,0.0015299463331784335,0.15079904268098254,0.2184608490008919,-0.03530729096961324,0.04041884243199667,-0.4257793587594799,0.09236152544146137,,1,5,170,2550,0,equal workload/candidate/point/request
G1,h103,service_relevant,S6,TTFT,SLA_budget_normalized,-0.0039941741366646966,0.012435064309327318,0.03771089109049086,0.14731763373252468,0.030193049393339833,0.04150172329871738,-0.017472052391288646,1.2353319919906796,,1,5,130,1950,0,equal workload/candidate/point/request
G1,h103,service_relevant,S6,TTFT,seconds,-0.02396504481998818,0.07461038585596391,0.22626534654294517,0.883905802395148,0.181158296360039,0.2490103397923043,-0.10483231434773188,7.411991951944077,,1,5,130,1950,0,equal workload/candidate/point/request
G1,h103,service_relevant,S6,TPOT,SLA_budget_normalized,-0.00011805440470880058,0.00011805440919943067,0.03232616736610694,0.06610582684299271,-0.004377657696809566,0.01064717790973086,-0.21989950793658397,0.09236152544146137,,1,5,130,1950,0,equal workload/candidate/point/request
G1,h103,service_relevant,S6,TPOT,seconds,-5.902720235440029e-05,5.902720459971533e-05,0.01616308368305347,0.033052913421496355,-0.002188828848404783,0.00532358895486543,-0.10994975396829199,0.046180762720730684,,1,5,130,1950,0,equal workload/candidate/point/request
G1,h104,full_grid,,TTFT,seconds,-0.010146899840037804,0.0724441446363926,0.23452884732804335,0.32516711778143303,0.1149665880329802,0.1615856982338564,-0.7032892927994112,6.892311539450844,,1,5,140,11340,0,equal workload/candidate/point/request
G1,h104,full_grid,,TTFT,relative,-0.014756601881131077,0.024155177288781828,0.25541416779596204,0.3311242415346274,0.07587606003283782,0.09908002822536832,-0.2246705322391143,4.931012706190813,,1,5,140,11340,0,equal workload/candidate/point/request
G1,h104,full_grid,,TPOT,seconds,-5.899361917893753e-05,5.8993637143678335e-05,0.048324421911192406,0.06138205050314427,-0.008046448491271656,0.013245417369708629,-0.29711753240619293,0.25258277758997094,,1,5,140,11340,0,equal workload/candidate/point/request
G1,h104,full_grid,,TPOT,relative,-0.00026318724863561157,0.0002791267067093811,0.12208444280329962,0.15544231878442383,-0.018781916167403784,0.034524117577564295,-0.5270626859691836,0.40964928977887943,,1,5,140,11340,0,equal workload/candidate/point/request
G1,h104,full_grid,S1,TTFT,SLA_budget_normalized,-0.004058759936015122,0.028977657854557037,0.09381153893121734,0.13006684711257321,0.04598663521319208,0.06463427929354255,-0.2813157171197645,2.7569246157803375,,1,5,140,11340,0,equal workload/candidate/point/request
G1,h104,full_grid,S1,TPOT,SLA_budget_normalized,-0.0003932907945262502,0.0003932909142911889,0.3221628127412827,0.4092136700209618,-0.05364298994181105,0.0883027824647242,-1.9807835493746195,1.6838851839331397,,1,5,140,11340,0,equal workload/candidate/point/request
G1,h104,service_relevant,S1,TTFT,SLA_budget_normalized,,,,,,,,,empty applicable subset,0,0,0,0,0,equal workload/candidate/point/request
G1,h104,service_relevant,S1,TTFT,seconds,,,,,,,,,empty applicable subset,0,0,0,0,0,equal workload/candidate/point/request
G1,h104,service_relevant,S1,TPOT,SLA_budget_normalized,,,,,,,,,empty applicable subset,0,0,0,0,0,equal workload/candidate/point/request
G1,h104,service_relevant,S1,TPOT,seconds,,,,,,,,,empty applicable subset,0,0,0,0,0,equal workload/candidate/point/request
G1,h104,full_grid,S2,TTFT,SLA_budget_normalized,-0.004058759936015122,0.028977657854557037,0.09381153893121734,0.13006684711257321,0.04598663521319208,0.06463427929354255,-0.2813157171197645,2.7569246157803375,,1,5,140,11340,0,equal workload/candidate/point/request
G1,h104,full_grid,S2,TPOT,SLA_budget_normalized,-0.0001966453972631251,0.00019664545714559445,0.16108140637064136,0.2046068350104809,-0.026821494970905524,0.0441513912323621,-0.9903917746873098,0.8419425919665698,,1,5,140,11340,0,equal workload/candidate/point/request
G1,h104,service_relevant,S2,TTFT,SLA_budget_normalized,,,,,,,,,empty applicable subset,0,0,0,0,0,equal workload/candidate/point/request
G1,h104,service_relevant,S2,TTFT,seconds,,,,,,,,,empty applicable subset,0,0,0,0,0,equal workload/candidate/point/request
G1,h104,service_relevant,S2,TPOT,SLA_budget_normalized,,,,,,,,,empty applicable subset,0,0,0,0,0,equal workload/candidate/point/request
G1,h104,service_relevant,S2,TPOT,seconds,,,,,,,,,empty applicable subset,0,0,0,0,0,equal workload/candidate/point/request
G1,h104,full_grid,S3,TTFT,SLA_budget_normalized,-0.001691149973339634,0.012074024106065432,0.03908814122134056,0.05419451963023884,0.0191610980054967,0.02693094970564273,-0.11721488213323521,1.148718589908474,,1,5,140,11340,0,equal workload/candidate/point/request
G1,h104,full_grid,S3,TPOT,SLA_budget_normalized,-0.00029496809589468764,0.0002949681857183917,0.24162210955596203,0.30691025251572135,-0.04023224245635828,0.06622708684854314,-1.4855876620309645,1.2629138879498547,,1,5,140,11340,0,equal workload/candidate/point/request
G1,h104,service_relevant,S3,TTFT,SLA_budget_normalized,,,,,,,,,empty applicable subset,0,0,0,0,0,equal workload/candidate/point/request
G1,h104,service_relevant,S3,TTFT,seconds,,,,,,,,,empty applicable subset,0,0,0,0,0,equal workload/candidate/point/request
G1,h104,service_relevant,S3,TPOT,SLA_budget_normalized,,,,,,,,,empty applicable subset,0,0,0,0,0,equal workload/candidate/point/request
G1,h104,service_relevant,S3,TPOT,seconds,,,,,,,,,empty applicable subset,0,0,0,0,0,equal workload/candidate/point/request
G1,h104,full_grid,S4,TTFT,SLA_budget_normalized,-0.001691149973339634,0.012074024106065432,0.03908814122134056,0.05419451963023884,0.0191610980054967,0.02693094970564273,-0.11721488213323521,1.148718589908474,,1,5,140,11340,0,equal workload/candidate/point/request
G1,h104,full_grid,S4,TPOT,SLA_budget_normalized,-0.00023597447671575011,0.00023597454857471334,0.19329768764476962,0.24552820201257708,-0.032185793965086626,0.052981669478834516,-1.1884701296247717,1.0103311103598838,,1,5,140,11340,0,equal workload/candidate/point/request
G1,h104,service_relevant,S4,TTFT,SLA_budget_normalized,-0.00398206821758625,0.009930589875997006,0.027329953799039686,0.033195304154181336,-0.0010617242241264995,0.010638267287899957,-0.018700972226118513,0.03910395944467382,,1,5,88,7128,0,equal workload/candidate/point/request
G1,h104,service_relevant,S4,TTFT,seconds,-0.023892409305517504,0.05958353925598203,0.16397972279423811,0.199171824925088,-0.006370345344758996,0.06382960372739974,-0.11220583335671108,0.23462375666804292,,1,5,88,7128,0,equal workload/candidate/point/request
G1,h104,service_relevant,S4,TPOT,SLA_budget_normalized,-0.00023597445760970004,0.00023597447691892093,0.004527299546254415,0.016498028792364727,0.0020312826450556293,0.002409596332319735,-0.0002359745492206411,0.17457428426279686,,1,5,88,7128,0,equal workload/candidate/point/request
G1,h104,service_relevant,S4,TPOT,seconds,-5.899361440242501e-05,5.899361922973023e-05,0.0011318248865636038,0.004124507198091182,0.0005078206612639073,0.0006023990830799338,-5.8993637305160274e-05,0.043643571065699216,,1,5,88,7128,0,equal workload/candidate/point/request
G1,h104,full_grid,S5,TTFT,SLA_budget_normalized,-0.001691149973339634,0.012074024106065432,0.03908814122134056,0.05419451963023884,0.0191610980054967,0.02693094970564273,-0.11721488213323521,1.148718589908474,,1,5,140,11340,0,equal workload/candidate/point/request
G1,h104,full_grid,S5,TPOT,SLA_budget_normalized,-0.0001966453972631251,0.00019664545714559445,0.16108140637064136,0.2046068350104809,-0.026821494970905524,0.0441513912323621,-0.9903917746873098,0.8419425919665698,,1,5,140,11340,0,equal workload/candidate/point/request
G1,h104,service_relevant,S5,TTFT,SLA_budget_normalized,-0.003932906880474245,0.010245222421265984,0.03201353471411276,0.03503032894388506,0.002114889620416619,0.012664011797499252,-0.018700972226118513,0.04083118390775553,,1,5,98,7938,0,equal workload/candidate/point/request
G1,h104,service_relevant,S5,TTFT,seconds,-0.023597441282845466,0.0614713345275959,0.19208120828467656,0.21018197366331037,0.012689337722499715,0.07598407078499551,-0.11220583335671108,0.24498710344653318,,1,5,98,7938,0,equal workload/candidate/point/request
G1,h104,service_relevant,S5,TPOT,SLA_budget_normalized,-0.00019664538128627562,0.00019664543537606383,0.0215196581024385,0.036472583575958104,0.003062761996201927,0.005898075151718902,-0.2768400646920142,0.1454785702189974,,1,5,98,7938,0,equal workload/candidate/point/request
G1,h104,service_relevant,S5,TPOT,seconds,-5.899361438588269e-05,5.899363061281915e-05,0.00645589743073155,0.01094177507278743,0.0009188285988605781,0.0017694225455156705,-0.08305201940760426,0.043643571065699216,,1,5,98,7938,0,equal workload/candidate/point/request
G1,h104,full_grid,S6,TTFT,SLA_budget_normalized,-0.001691149973339634,0.012074024106065432,0.03908814122134056,0.05419451963023884,0.0191610980054967,0.02693094970564273,-0.11721488213323521,1.148718589908474,,1,5,140,11340,0,equal workload/candidate/point/request
G1,h104,full_grid,S6,TPOT,SLA_budget_normalized,-0.00011798723835787506,0.00011798727428735667,0.09664884382238481,0.12276410100628854,-0.016092896982543313,0.026490834739417258,-0.5942350648123859,0.5051655551799419,,1,5,140,11340,0,equal workload/candidate/point/request
G1,h104,service_relevant,S6,TTFT,SLA_budget_normalized,-0.0020352792671474162,0.011297275028482545,0.03639530415406019,0.03993447422163854,0.010865294379152042,0.019127100162936794,-0.11721488213323521,0.5752857635450445,,1,5,130,10530,0,equal workload/candidate/point/request
G1,h104,service_relevant,S6,TTFT,seconds,-0.012211675602884497,0.06778365017089527,0.21837182492436114,0.23960684532983123,0.06519176627491224,0.11476260097762077,-0.7032892927994112,3.4517145812702665,,1,5,130,10530,0,equal workload/candidate/point/request
G1,h104,service_relevant,S6,TPOT,SLA_budget_normalized,-0.0001179872351910749,0.00011798727108708329,0.0884981104451561,0.11607434394603755,-0.016130937083243223,0.022160320135840225,-0.5942350648123859,0.1481093595401169,,1,5,130,10530,0,equal workload/candidate/point/request
G1,h104,service_relevant,S6,TPOT,seconds,-5.899361759553745e-05,5.8993635543541645e-05,0.04424905522257805,0.058037171973018775,-0.008065468541621611,0.011080160067920113,-0.29711753240619293,0.07405467977005845,,1,5,130,10530,0,equal workload/candidate/point/request
G1,h105,full_grid,,TTFT,seconds,-0.012211675863341043,0.07751759460421681,0.3131420229531692,1.175584172538585,0.357050007917071,0.41162658566585186,-0.07751759471284458,13.51850606671042,,1,5,165,2310,0,equal workload/candidate/point/request
G1,h105,full_grid,,TTFT,relative,-0.01586418138499308,0.024139609942301268,0.2947858796773938,0.5710859717965694,0.19196746531422448,0.21668430457189572,-0.02423540791972535,17.561883791113125,,1,5,165,2310,0,equal workload/candidate/point/request
G1,h105,full_grid,,TPOT,seconds,-5.899360189687286e-05,5.899360360403505e-05,0.026733580458313033,0.04078399035634933,-0.003915800387862653,0.007693342199133292,-0.29183678447315353,0.09622779119863867,,1,5,165,2310,0,equal workload/candidate/point/request
G1,h105,full_grid,,TPOT,relative,-0.00025588120965188386,0.00027912653702764694,0.08612181003590251,0.12517940430406715,-0.01045375170278911,0.02340164924890392,-0.5474116114048052,0.2254135575582939,,1,5,165,2310,0,equal workload/candidate/point/request
G1,h105,full_grid,S1,TTFT,SLA_budget_normalized,-0.004884670345336417,0.031007037841686725,0.12525680918126766,0.47023366901543395,0.14282000316682839,0.16465063426634075,-0.031007037885137832,5.407402426684168,,1,5,165,2310,0,equal workload/candidate/point/request
G1,h105,full_grid,S1,TPOT,SLA_budget_normalized,-0.00039329067931248574,0.00039329069069356703,0.1782238697220869,0.2718932690423289,-0.026105335919084354,0.05128894799422195,-1.945578563154357,0.6415186079909245,,1,5,165,2310,0,equal workload/candidate/point/request
G1,h105,service_relevant,S1,TTFT,SLA_budget_normalized,,,,,,,,,empty applicable subset,0,0,0,0,0,equal workload/candidate/point/request
G1,h105,service_relevant,S1,TTFT,seconds,,,,,,,,,empty applicable subset,0,0,0,0,0,equal workload/candidate/point/request
G1,h105,service_relevant,S1,TPOT,SLA_budget_normalized,,,,,,,,,empty applicable subset,0,0,0,0,0,equal workload/candidate/point/request
G1,h105,service_relevant,S1,TPOT,seconds,,,,,,,,,empty applicable subset,0,0,0,0,0,equal workload/candidate/point/request
G1,h105,full_grid,S2,TTFT,SLA_budget_normalized,-0.004884670345336417,0.031007037841686725,0.12525680918126766,0.47023366901543395,0.14282000316682839,0.16465063426634075,-0.031007037885137832,5.407402426684168,,1,5,165,2310,0,equal workload/candidate/point/request
G1,h105,full_grid,S2,TPOT,SLA_budget_normalized,-0.00019664533965624287,0.00019664534534678352,0.08911193486104345,0.13594663452116446,-0.013052667959542177,0.025644473997110975,-0.9727892815771785,0.32075930399546226,,1,5,165,2310,0,equal workload/candidate/point/request
G1,h105,service_relevant,S2,TTFT,SLA_budget_normalized,,,,,,,,,empty applicable subset,0,0,0,0,0,equal workload/candidate/point/request
G1,h105,service_relevant,S2,TTFT,seconds,,,,,,,,,empty applicable subset,0,0,0,0,0,equal workload/candidate/point/request
G1,h105,service_relevant,S2,TPOT,SLA_budget_normalized,,,,,,,,,empty applicable subset,0,0,0,0,0,equal workload/candidate/point/request
G1,h105,service_relevant,S2,TPOT,seconds,,,,,,,,,empty applicable subset,0,0,0,0,0,equal workload/candidate/point/request
G1,h105,full_grid,S3,TTFT,SLA_budget_normalized,-0.0020352793105568403,0.012919599100702802,0.05219033715886153,0.1959306954230975,0.05950833465284516,0.06860443094430865,-0.012919599118807431,2.2530843444517368,,1,5,165,2310,0,equal workload/candidate/point/request
G1,h105,full_grid,S3,TPOT,SLA_budget_normalized,-0.0002949680094843643,0.00029496801802017525,0.13366790229156517,0.20391995178174666,-0.019579001939313265,0.03846671099566646,-1.4591839223657677,0.48113895599319334,,1,5,165,2310,0,equal workload/candidate/point/request
G1,h105,service_relevant,S3,TTFT,SLA_budget_normalized,,,,,,,,,empty applicable subset,0,0,0,0,0,equal workload/candidate/point/request
G1,h105,service_relevant,S3,TTFT,seconds,,,,,,,,,empty applicable subset,0,0,0,0,0,equal workload/candidate/point/request
G1,h105,service_relevant,S3,TPOT,SLA_budget_normalized,,,,,,,,,empty applicable subset,0,0,0,0,0,equal workload/candidate/point/request
G1,h105,service_relevant,S3,TPOT,seconds,,,,,,,,,empty applicable subset,0,0,0,0,0,equal workload/candidate/point/request
G1,h105,full_grid,S4,TTFT,SLA_budget_normalized,-0.0020352793105568403,0.012919599100702802,0.05219033715886153,0.1959306954230975,0.05950833465284516,0.06860443094430865,-0.012919599118807431,2.2530843444517368,,1,5,165,2310,0,equal workload/candidate/point/request
G1,h105,full_grid,S4,TPOT,SLA_budget_normalized,-0.00023597440758749144,0.0002359744144161402,0.10693432183325213,0.16313596142539732,-0.015663201551450612,0.030773368796533168,-1.1673471378926141,0.38491116479455467,,1,5,165,2310,0,equal workload/candidate/point/request
G1,h105,service_relevant,S4,TTFT,SLA_budget_normalized,-0.003864081009652409,0.010097738414325855,0.029202866374968533,0.03349983579040542,0.0008057557620194404,0.012975169704923295,-0.012919599118807431,0.037707777503034855,,1,5,121,1694,0,equal workload/candidate/point/request
G1,h105,service_relevant,S4,TTFT,seconds,-0.023184486057914455,0.060586430485955134,0.1752171982498112,0.20099901474243254,0.004834534572116642,0.07785101822953977,-0.07751759471284458,0.22624666501820911,,1,5,121,1694,0,equal workload/candidate/point/request
G1,h105,service_relevant,S4,TPOT,SLA_budget_normalized,-0.00023597440676370596,0.000235974412249762,0.005981758123139835,0.013226048179061478,0.0021170826989777994,0.0024415236875856843,-0.0002359745489871612,0.1391845468606735,,1,5,121,1694,0,equal workload/candidate/point/request
G1,h105,service_relevant,S4,TPOT,seconds,-5.899360169092649e-05,5.89936030624405e-05,0.0014954395307849588,0.0033065120447653695,0.0005292706747444499,0.0006103809218964211,-5.89936372467903e-05,0.034796136715168374,,1,5,121,1694,0,equal workload/candidate/point/request
G1,h105,full_grid,S5,TTFT,SLA_budget_normalized,-0.0020352793105568403,0.012919599100702802,0.05219033715886153,0.1959306954230975,0.05950833465284516,0.06860443094430865,-0.012919599118807431,2.2530843444517368,,1,5,165,2310,0,equal workload/candidate/point/request
G1,h105,full_grid,S5,TPOT,SLA_budget_normalized,-0.00019664533965624287,0.00019664534534678352,0.08911193486104345,0.13594663452116446,-0.013052667959542177,0.025644473997110975,-0.9727892815771785,0.32075930399546226,,1,5,165,2310,0,equal workload/candidate/point/request
G1,h105,service_relevant,S5,TTFT,SLA_budget_normalized,-0.003677267932933622,0.010225557888437228,0.03160413870475054,0.03467473253453809,0.003563059985420463,0.014626321348677408,-0.012919599118807431,0.04008430468961185,,1,5,135,1890,0,equal workload/candidate/point/request
G1,h105,service_relevant,S5,TTFT,seconds,-0.02206360759760173,0.061353347330623365,0.18962483222850324,0.2080483952072285,0.021378359912522776,0.08775792809206444,-0.07751759471284458,0.24050582813767107,,1,5,135,1890,0,equal workload/candidate/point/request
G1,h105,service_relevant,S5,TPOT,SLA_budget_normalized,-0.00019664533828021397,0.00019664534420667698,0.0159661588055988,0.033133250791069956,0.004545079407204288,0.005225407343844874,-0.08108637641274286,0.190665354457088,,1,5,135,1890,0,equal workload/candidate/point/request
G1,h105,service_relevant,S5,TPOT,seconds,-5.8993601484064184e-05,5.899360326200309e-05,0.00478984764167964,0.009939975237320986,0.0013635238221612865,0.0015676222031534622,-0.024325912923822857,0.057199606337126396,,1,5,135,1890,0,equal workload/candidate/point/request
G1,h105,full_grid,S6,TTFT,SLA_budget_normalized,-0.0020352793105568403,0.012919599100702802,0.05219033715886153,0.1959306954230975,0.05950833465284516,0.06860443094430865,-0.012919599118807431,2.2530843444517368,,1,5,165,2310,0,equal workload/candidate/point/request
G1,h105,full_grid,S6,TPOT,SLA_budget_normalized,-0.00011798720379374572,0.0001179872072080701,0.053467160916626066,0.08156798071269866,-0.007831600775725306,0.015386684398266584,-0.5836735689463071,0.19245558239727734,,1,5,165,2310,0,equal workload/candidate/point/request
G1,h105,service_relevant,S6,TTFT,SLA_budget_normalized,-0.0029791769600251428,0.012919599100011206,0.037461970822699676,0.14635189997825768,0.057162417483896735,0.06648658172567654,-0.012919599118807431,2.2530843444517368,,1,5,161,2254,0,equal workload/candidate/point/request
G1,h105,service_relevant,S6,TTFT,seconds,-0.017875061760150857,0.07751759460006724,0.22477182493619807,0.878111399869546,0.3429745049033804,0.3989194903540592,-0.07751759471284458,13.51850606671042,,1,5,161,2254,0,equal workload/candidate/point/request
G1,h105,service_relevant,S6,TPOT,SLA_budget_normalized,-0.00011798720379374572,0.00011798720707573152,0.04716199592371406,0.07335412514254924,-0.006759855254981825,0.013948256995615946,-0.5836735689463071,0.19245558239727734,,1,5,161,2254,0,equal workload/candidate/point/request
G1,h105,service_relevant,S6,TPOT,seconds,-5.899360189687286e-05,5.899360353786576e-05,0.02358099796185703,0.03667706257127462,-0.0033799276274909125,0.006974128497807973,-0.29183678447315353,0.09622779119863867,,1,5,161,2254,0,equal workload/candidate/point/request
G1,h106,full_grid,,TTFT,seconds,0.1608262484246552,0.1609255956564084,0.26317777130122977,1.1678240448335941,0.2750454944287604,0.3059264589975002,-0.23309653527005025,14.310989361671375,,1,5,215,10535,0,equal workload/candidate/point/request
G1,h106,full_grid,,TTFT,relative,0.055147089036209795,0.05550882138392568,0.25339953448616126,0.414314117903095,0.13039618230586084,0.14494629029798076,-0.2936358520764524,17.309978387660138,,1,5,215,10535,0,equal workload/candidate/point/request
G1,h106,full_grid,,TPOT,seconds,-5.9027202524791766e-05,0.005058471775196527,0.04969624796455352,0.061137607202272626,-0.005091033666083444,0.017516326940893782,-0.1389062709427219,1.1747441173711288,,1,5,215,10535,0,equal workload/candidate/point/request
G1,h106,full_grid,,TPOT,relative,-0.0002557216073665815,0.021426492729213657,0.1358409977010802,0.16653954152467443,-0.013596842372859297,0.04821544885699929,-0.3351299907442936,1.8517992541592707,,1,5,215,10535,0,equal workload/candidate/point/request
G1,h106,full_grid,S1,TTFT,SLA_budget_normalized,0.06433049936986208,0.06437023826256336,0.1052711085204919,0.46712961793343766,0.11001819777150416,0.12237058359900008,-0.0932386141080201,5.72439574466855,,1,5,215,10535,0,equal workload/candidate/point/request
G1,h106,full_grid,S1,TPOT,SLA_budget_normalized,-0.0003935146834986118,0.03372314516797685,0.33130831976369013,0.40758404801515086,-0.03394022444055629,0.11677551293929189,-0.9260418062848127,7.831627449140859,,1,5,215,10535,0,equal workload/candidate/point/request
G1,h106,service_relevant,S1,TTFT,SLA_budget_normalized,,,,,,,,,empty applicable subset,0,0,0,0,0,equal workload/candidate/point/request
G1,h106,service_relevant,S1,TTFT,seconds,,,,,,,,,empty applicable subset,0,0,0,0,0,equal workload/candidate/point/request
G1,h106,service_relevant,S1,TPOT,SLA_budget_normalized,,,,,,,,,empty applicable subset,0,0,0,0,0,equal workload/candidate/point/request
G1,h106,service_relevant,S1,TPOT,seconds,,,,,,,,,empty applicable subset,0,0,0,0,0,equal workload/candidate/point/request
G1,h106,full_grid,S2,TTFT,SLA_budget_normalized,0.06433049936986208,0.06437023826256336,0.1052711085204919,0.46712961793343766,0.11001819777150416,0.12237058359900008,-0.0932386141080201,5.72439574466855,,1,5,215,10535,0,equal workload/candidate/point/request
G1,h106,full_grid,S2,TPOT,SLA_budget_normalized,-0.0001967573417493059,0.016861572583988425,0.16565415988184506,0.20379202400757543,-0.016970112220278145,0.058387756469645946,-0.46302090314240635,3.9158137245704294,,1,5,215,10535,0,equal workload/candidate/point/request
G1,h106,service_relevant,S2,TTFT,SLA_budget_normalized,,,,,,,,,empty applicable subset,0,0,0,0,0,equal workload/candidate/point/request
G1,h106,service_relevant,S2,TTFT,seconds,,,,,,,,,empty applicable subset,0,0,0,0,0,equal workload/candidate/point/request
G1,h106,service_relevant,S2,TPOT,SLA_budget_normalized,,,,,,,,,empty applicable subset,0,0,0,0,0,equal workload/candidate/point/request
G1,h106,service_relevant,S2,TPOT,seconds,,,,,,,,,empty applicable subset,0,0,0,0,0,equal workload/candidate/point/request
G1,h106,full_grid,S3,TTFT,SLA_budget_normalized,0.026804374737442533,0.0268209326094014,0.0438629618835383,0.19463734080559902,0.045840915738126736,0.05098774316625003,-0.03884942254500837,2.3851648936118957,,1,5,215,10535,0,equal workload/candidate/point/request
G1,h106,full_grid,S3,TPOT,SLA_budget_normalized,-0.00029513601262395883,0.025292358875982635,0.2484812398227676,0.30568803601136313,-0.025455168330417218,0.08758163470446892,-0.6945313547136095,5.873720586855644,,1,5,215,10535,0,equal workload/candidate/point/request
G1,h106,service_relevant,S3,TTFT,SLA_budget_normalized,,,,,,,,,empty applicable subset,0,0,0,0,0,equal workload/candidate/point/request
G1,h106,service_relevant,S3,TTFT,seconds,,,,,,,,,empty applicable subset,0,0,0,0,0,equal workload/candidate/point/request
G1,h106,service_relevant,S3,TPOT,SLA_budget_normalized,,,,,,,,,empty applicable subset,0,0,0,0,0,equal workload/candidate/point/request
G1,h106,service_relevant,S3,TPOT,seconds,,,,,,,,,empty applicable subset,0,0,0,0,0,equal workload/candidate/point/request
G1,h106,full_grid,S4,TTFT,SLA_budget_normalized,0.026804374737442533,0.0268209326094014,0.0438629618835383,0.19463734080559902,0.045840915738126736,0.05098774316625003,-0.03884942254500837,2.3851648936118957,,1,5,215,10535,0,equal workload/candidate/point/request
G1,h106,full_grid,S4,TPOT,SLA_budget_normalized,-0.00023610881009916707,0.020233887100786108,0.19878499185821408,0.2445504288090905,-0.020364134664333775,0.07006530776357513,-0.5556250837708876,4.698976469484515,,1,5,215,10535,0,equal workload/candidate/point/request
G1,h106,service_relevant,S4,TTFT,SLA_budget_normalized,-0.0039056333325030814,0.010487166581090909,0.029919270135773484,0.0335598717369218,0.0025801153872923887,0.013447724584082887,-0.020079087582416832,0.03871655754898976,,1,5,98,4802,0,equal workload/candidate/point/request
G1,h106,service_relevant,S4,TTFT,seconds,-0.02343379999501849,0.06292299948654545,0.1795156208146409,0.2013592304215308,0.015480692323754331,0.08068634750449732,-0.120474525494501,0.23229934529393859,,1,5,98,4802,0,equal workload/candidate/point/request
G1,h106,service_relevant,S4,TPOT,SLA_budget_normalized,-0.00023610880941360435,0.00023610887479408316,0.01869990398927257,0.031745635543565576,0.005191146741626398,0.005498501579210272,-0.00023611653596167237,0.18408360588141537,,1,5,98,4802,0,equal workload/candidate/point/request
G1,h106,service_relevant,S4,TPOT,seconds,-5.902720235340109e-05,5.902721869852079e-05,0.004674975997318143,0.007936408885891394,0.0012977866854065995,0.001374625394802568,-5.902913399041809e-05,0.04602090147035384,,1,5,98,4802,0,equal workload/candidate/point/request
G1,h106,full_grid,S5,TTFT,SLA_budget_normalized,0.026804374737442533,0.0268209326094014,0.0438629618835383,0.19463734080559902,0.045840915738126736,0.05098774316625003,-0.03884942254500837,2.3851648936118957,,1,5,215,10535,0,equal workload/candidate/point/request
G1,h106,full_grid,S5,TPOT,SLA_budget_normalized,-0.0001967573417493059,0.016861572583988425,0.16565415988184506,0.20379202400757543,-0.016970112220278145,0.058387756469645946,-0.46302090314240635,3.9158137245704294,,1,5,215,10535,0,equal workload/candidate/point/request
G1,h106,service_relevant,S5,TTFT,SLA_budget_normalized,0.005043930888528318,0.020079087227600212,0.03449644027993296,0.036243258816512025,0.011375054816390357,0.018740284029371237,-0.020079087582416832,0.18345381419131948,,1,5,144,7056,0,equal workload/candidate/point/request
G1,h106,service_relevant,S5,TTFT,seconds,0.030263585331169907,0.12047452336560127,0.20697864167959779,0.21745955289907215,0.06825032889834214,0.11244170417622742,-0.120474525494501,1.100722885147917,,1,5,144,7056,0,equal workload/candidate/point/request
G1,h106,service_relevant,S5,TPOT,SLA_budget_normalized,0.000498164159106566,0.002517747270604313,0.043357946104401655,0.05672841810737665,0.00827639294615529,0.014921218191340924,-0.2677871071745412,0.18667394544915525,,1,5,144,7056,0,equal workload/candidate/point/request
G1,h106,service_relevant,S5,TPOT,seconds,0.00014944924773196977,0.0007553241811812939,0.013007383831320496,0.017018525432212994,0.002482917883846587,0.004476365457402277,-0.08033613215236235,0.05600218363474657,,1,5,144,7056,0,equal workload/candidate/point/request
G1,h106,full_grid,S6,TTFT,SLA_budget_normalized,0.026804374737442533,0.0268209326094014,0.0438629618835383,0.19463734080559902,0.045840915738126736,0.05098774316625003,-0.03884942254500837,2.3851648936118957,,1,5,215,10535,0,equal workload/candidate/point/request
G1,h106,full_grid,S6,TPOT,SLA_budget_normalized,-0.00011805440504958353,0.010116943550393054,0.09939249592910704,0.12227521440454525,-0.010182067332166887,0.035032653881787564,-0.2778125418854438,2.3494882347422577,,1,5,215,10535,0,equal workload/candidate/point/request
G1,h106,service_relevant,S6,TTFT,SLA_budget_normalized,0.02606687185254941,0.026084632082183628,0.036678962949328785,0.040810180469568046,0.022672548156037167,0.02820866845451996,-0.03884942254500837,0.5263557245760259,,1,5,198,9702,0,equal workload/candidate/point/request
G1,h106,service_relevant,S6,TTFT,seconds,0.15640123111529647,0.15650779249310176,0.2200737776959727,0.24486108281740826,0.136035288936223,0.16925201072711976,-0.23309653527005025,3.158134347456155,,1,5,198,9702,0,equal workload/candidate/point/request
G1,h106,service_relevant,S6,TPOT,SLA_budget_normalized,-0.00011805440470680217,0.009349951990828609,0.09401027860482092,0.11500299181445983,-0.014734844657536656,0.027703392885038515,-0.2778125418854438,0.15871291720913494,,1,5,198,9702,0,equal workload/candidate/point/request
G1,h106,service_relevant,S6,TPOT,seconds,-5.902720235340109e-05,0.004674975995414304,0.04700513930241046,0.057501495907229916,-0.007367422328768328,0.013851696442519257,-0.1389062709427219,0.07935645860456747,,1,5,198,9702,0,equal workload/candidate/point/request
G1,w201,full_grid,,TTFT,seconds,0.16265113452222124,0.16265113452222124,2.660703206692588,6.873617798790338,1.0233282203348506,1.0655688778548458,-0.09857831094717984,18.581922001769897,,1,5,110,1430,0,equal workload/candidate/point/request
G1,w201,full_grid,,TTFT,relative,0.05892653282864001,0.05892653282864001,1.0967863556766275,2.25684503577704,0.48654306916772866,0.5043734110965604,-0.024713446516885427,15.420299109791577,,1,5,110,1430,0,equal workload/candidate/point/request
G1,w201,full_grid,,TPOT,seconds,-5.899360189687286e-05,0.0027384822120758434,0.032310912230976874,0.04841458603759441,-0.003680426765924873,0.011822440139756989,-0.3309550446251588,0.17309690647592352,,1,5,110,1430,0,equal workload/candidate/point/request
G1,w201,full_grid,,TPOT,relative,-0.0002558812037641305,0.011063828972439588,0.08994714611840464,0.1546144447237968,-0.008621756805273311,0.03510412136226985,-0.5800654120944434,0.5104375131003701,,1,5,110,1430,0,equal workload/candidate/point/request
G1,w201,full_grid,S1,TTFT,SLA_budget_normalized,0.0650604538088885,0.0650604538088885,1.0642812826770354,2.749447119516135,0.40933128813394026,0.42622755114193833,-0.03943132437887194,7.432768800707959,,1,5,110,1430,0,equal workload/candidate/point/request
G1,w201,full_grid,S1,TPOT,SLA_budget_normalized,-0.00039329067931248574,0.018256548080505624,0.21540608153984583,0.32276390691729606,-0.024536178439499155,0.07881626759837994,-2.2063669641677253,1.1539793765061568,,1,5,110,1430,0,equal workload/candidate/point/request
G1,w201,service_relevant,S1,TTFT,SLA_budget_normalized,,,,,,,,,empty applicable subset,0,0,0,0,0,equal workload/candidate/point/request
G1,w201,service_relevant,S1,TTFT,seconds,,,,,,,,,empty applicable subset,0,0,0,0,0,equal workload/candidate/point/request
G1,w201,service_relevant,S1,TPOT,SLA_budget_normalized,,,,,,,,,empty applicable subset,0,0,0,0,0,equal workload/candidate/point/request
G1,w201,service_relevant,S1,TPOT,seconds,,,,,,,,,empty applicable subset,0,0,0,0,0,equal workload/candidate/point/request
G1,w201,full_grid,S2,TTFT,SLA_budget_normalized,0.0650604538088885,0.0650604538088885,1.0642812826770354,2.749447119516135,0.40933128813394026,0.42622755114193833,-0.03943132437887194,7.432768800707959,,1,5,110,1430,0,equal workload/candidate/point/request
G1,w201,full_grid,S2,TPOT,SLA_budget_normalized,-0.00019664533965624287,0.009128274040252812,0.10770304076992292,0.16138195345864803,-0.012268089219749577,0.03940813379918997,-1.1031834820838626,0.5769896882530784,,1,5,110,1430,0,equal workload/candidate/point/request
G1,w201,service_relevant,S2,TTFT,SLA_budget_normalized,,,,,,,,,empty applicable subset,0,0,0,0,0,equal workload/candidate/point/request
G1,w201,service_relevant,S2,TTFT,seconds,,,,,,,,,empty applicable subset,0,0,0,0,0,equal workload/candidate/point/request
G1,w201,service_relevant,S2,TPOT,SLA_budget_normalized,,,,,,,,,empty applicable subset,0,0,0,0,0,equal workload/candidate/point/request
G1,w201,service_relevant,S2,TPOT,seconds,,,,,,,,,empty applicable subset,0,0,0,0,0,equal workload/candidate/point/request
G1,w201,full_grid,S3,TTFT,SLA_budget_normalized,0.027108522420370207,0.027108522420370207,0.4434505344487647,1.1456029664650564,0.17055470338914178,0.17759481297580762,-0.01642971849119664,3.0969870002949826,,1,5,110,1430,0,equal workload/candidate/point/request
G1,w201,full_grid,S3,TPOT,SLA_budget_normalized,-0.0002949680094843643,0.013692411060379217,0.16155456115488437,0.24207293018797205,-0.018402133829624367,0.05911220069878495,-1.654775223125794,0.8654845323796175,,1,5,110,1430,0,equal workload/candidate/point/request
G1,w201,service_relevant,S3,TTFT,SLA_budget_normalized,,,,,,,,,empty applicable subset,0,0,0,0,0,equal workload/candidate/point/request
G1,w201,service_relevant,S3,TTFT,seconds,,,,,,,,,empty applicable subset,0,0,0,0,0,equal workload/candidate/point/request
G1,w201,service_relevant,S3,TPOT,SLA_budget_normalized,,,,,,,,,empty applicable subset,0,0,0,0,0,equal workload/candidate/point/request
G1,w201,service_relevant,S3,TPOT,seconds,,,,,,,,,empty applicable subset,0,0,0,0,0,equal workload/candidate/point/request
G1,w201,full_grid,S4,TTFT,SLA_budget_normalized,0.027108522420370207,0.027108522420370207,0.4434505344487647,1.1456029664650564,0.17055470338914178,0.17759481297580762,-0.01642971849119664,3.0969870002949826,,1,5,110,1430,0,equal workload/candidate/point/request
G1,w201,full_grid,S4,TPOT,SLA_budget_normalized,-0.00023597440758749144,0.010953928848303374,0.1292436489239075,0.19365834415037764,-0.014721707063699492,0.047289760559027956,-1.3238201785006352,0.6923876259036941,,1,5,110,1430,0,equal workload/candidate/point/request
G1,w201,service_relevant,S4,TTFT,SLA_budget_normalized,-0.004041061817626239,0.011100629667528969,0.03304196926827293,0.03447845458902066,0.0028368108998430264,0.014656968985452807,-0.01642971849119664,0.03825550299034811,,1,5,60,780,0,equal workload/candidate/point/request
G1,w201,service_relevant,S4,TTFT,seconds,-0.02424637090575743,0.06660377800517381,0.19825181560963756,0.20687072753412394,0.017020865399058158,0.08794181391271684,-0.09857831094717984,0.2295330179420887,,1,5,60,780,0,equal workload/candidate/point/request
G1,w201,service_relevant,S4,TPOT,SLA_budget_normalized,-0.0002359744067629288,0.00023597441395395435,0.021818434935077402,0.03419341529754316,0.005355430905891773,0.005654734437676653,-0.0002359745487283682,0.09751441469578337,,1,5,60,780,0,equal workload/candidate/point/request
G1,w201,service_relevant,S4,TPOT,seconds,-5.89936016907322e-05,5.899360348848859e-05,0.0054546087337693505,0.00854835382438579,0.0013388577264729432,0.0014136836094191634,-5.899363718209205e-05,0.024378603673945842,,1,5,60,780,0,equal workload/candidate/point/request
G1,w201,full_grid,S5,TTFT,SLA_budget_normalized,0.027108522420370207,0.027108522420370207,0.4434505344487647,1.1456029664650564,0.17055470338914178,0.17759481297580762,-0.01642971849119664,3.0969870002949826,,1,5,110,1430,0,equal workload/candidate/point/request
G1,w201,full_grid,S5,TPOT,SLA_budget_normalized,-0.00019664533965624287,0.009128274040252812,0.10770304076992292,0.16138195345864803,-0.012268089219749577,0.03940813379918997,-1.1031834820838626,0.5769896882530784,,1,5,110,1430,0,equal workload/candidate/point/request
G1,w201,service_relevant,S5,TTFT,SLA_budget_normalized,-0.003864081008108163,0.011375933148656259,0.03414398361632228,0.03545618831398656,0.006724729241780082,0.01713607592223582,-0.01642971849119664,0.1420592143189907,,1,5,71,923,0,equal workload/candidate/point/request
G1,w201,service_relevant,S5,TTFT,seconds,-0.023184486048648978,0.06825559889193755,0.20486390169793367,0.21273712988391935,0.04034837545068049,0.10281645553341491,-0.09857831094717984,0.8523552859139443,,1,5,71,923,0,equal workload/candidate/point/request
G1,w201,service_relevant,S5,TPOT,SLA_budget_normalized,-0.0001966453375701338,0.00019664538131338358,0.03413448178469697,0.04267461766548446,0.00889882810854581,0.009707733096007195,-0.14005747935503152,0.16247078035969348,,1,5,71,923,0,equal workload/candidate/point/request
G1,w201,service_relevant,S5,TPOT,seconds,-5.899360127104014e-05,5.899361439401507e-05,0.01024034453540909,0.012802385299645336,0.002669648432563743,0.0029123199288021585,-0.04201724380650945,0.04874123410790804,,1,5,71,923,0,equal workload/candidate/point/request
G1,w201,full_grid,S6,TTFT,SLA_budget_normalized,0.027108522420370207,0.027108522420370207,0.4434505344487647,1.1456029664650564,0.17055470338914178,0.17759481297580762,-0.01642971849119664,3.0969870002949826,,1,5,110,1430,0,equal workload/candidate/point/request
G1,w201,full_grid,S6,TPOT,SLA_budget_normalized,-0.00011798720379374572,0.005476964424151687,0.06462182446195375,0.09682917207518882,-0.007360853531849746,0.023644880279513978,-0.6619100892503176,0.34619381295184704,,1,5,110,1430,0,equal workload/candidate/point/request
G1,w201,service_relevant,S6,TTFT,SLA_budget_normalized,0.027108522420370207,0.027108522420370207,0.4434505344487647,1.1456029664650564,0.17055470338914178,0.17759481297580762,-0.01642971849119664,3.0969870002949826,,1,5,110,1430,0,equal workload/candidate/point/request
G1,w201,service_relevant,S6,TTFT,seconds,0.16265113452222124,0.16265113452222124,2.660703206692588,6.873617798790338,1.0233282203348506,1.0655688778548458,-0.09857831094717984,18.581922001769897,,1,5,110,1430,0,equal workload/candidate/point/request
G1,w201,service_relevant,S6,TPOT,SLA_budget_normalized,-0.00011798720379374572,0.005476964424151687,0.06462182446195375,0.09682917207518882,-0.007360853531849746,0.023644880279513978,-0.6619100892503176,0.34619381295184704,,1,5,110,1430,0,equal workload/candidate/point/request
G1,w201,service_relevant,S6,TPOT,seconds,-5.899360189687286e-05,0.0027384822120758434,0.032310912230976874,0.04841458603759441,-0.003680426765924873,0.011822440139756989,-0.3309550446251588,0.17309690647592352,,1,5,110,1430,0,equal workload/candidate/point/request
G1,w202,full_grid,,TTFT,seconds,0.15032923624630712,0.1504606990999946,0.3161094345356048,1.353631125769283,0.3153199558438576,0.3601439160586623,-0.2659798354463305,7.731868748455803,,1,5,110,5280,0,equal workload/candidate/point/request
G1,w202,full_grid,,TTFT,relative,0.04951611407515087,0.04951611407515214,0.22262760709959098,0.5070975397243485,0.12220851839039705,0.1398240248429754,-0.14244914381357743,5.454202387360203,,1,5,110,5280,0,equal workload/candidate/point/request
G1,w202,full_grid,,TPOT,seconds,-5.9027202553352254e-05,0.0014984548666520658,0.04231449638509849,0.055743828085138614,-0.0023176716159826944,0.012500638614479852,-0.1551887949581235,0.31943204770254086,,1,5,110,5280,0,equal workload/candidate/point/request
G1,w202,full_grid,,TPOT,relative,-0.0002557216059465103,0.0058854721419445205,0.1107886829694273,0.1470159039581582,-0.005355292105322468,0.03408627855505949,-0.29307441730323036,0.723797594836188,,1,5,110,5280,0,equal workload/candidate/point/request
G1,w202,full_grid,S1,TTFT,SLA_budget_normalized,0.06013169449852285,0.06018427963999784,0.12644377381424193,0.5414524503077132,0.12612798233754302,0.1440575664234649,-0.10639193417853221,3.092747499382321,,1,5,110,5280,0,equal workload/candidate/point/request
G1,w202,full_grid,S1,TPOT,SLA_budget_normalized,-0.00039351468368901504,0.009989699111013772,0.28209664256732325,0.3716255205675908,-0.015451144106551297,0.08333759076319901,-1.03459196638749,2.1295469846836057,,1,5,110,5280,0,equal workload/candidate/point/request
G1,w202,service_relevant,S1,TTFT,SLA_budget_normalized,,,,,,,,,empty applicable subset,0,0,0,0,0,equal workload/candidate/point/request
G1,w202,service_relevant,S1,TTFT,seconds,,,,,,,,,empty applicable subset,0,0,0,0,0,equal workload/candidate/point/request
G1,w202,service_relevant,S1,TPOT,SLA_budget_normalized,,,,,,,,,empty applicable subset,0,0,0,0,0,equal workload/candidate/point/request
G1,w202,service_relevant,S1,TPOT,seconds,,,,,,,,,empty applicable subset,0,0,0,0,0,equal workload/candidate/point/request
G1,w202,full_grid,S2,TTFT,SLA_budget_normalized,0.06013169449852285,0.06018427963999784,0.12644377381424193,0.5414524503077132,0.12612798233754302,0.1440575664234649,-0.10639193417853221,3.092747499382321,,1,5,110,5280,0,equal workload/candidate/point/request
G1,w202,full_grid,S2,TPOT,SLA_budget_normalized,-0.00019675734184450752,0.004994849555506886,0.14104832128366163,0.1858127602837954,-0.007725572053275649,0.041668795381599504,-0.517295983193745,1.0647734923418029,,1,5,110,5280,0,equal workload/candidate/point/request
G1,w202,service_relevant,S2,TTFT,SLA_budget_normalized,,,,,,,,,empty applicable subset,0,0,0,0,0,equal workload/candidate/point/request
G1,w202,service_relevant,S2,TTFT,seconds,,,,,,,,,empty applicable subset,0,0,0,0,0,equal workload/candidate/point/request
G1,w202,service_relevant,S2,TPOT,SLA_budget_normalized,,,,,,,,,empty applicable subset,0,0,0,0,0,equal workload/candidate/point/request
G1,w202,service_relevant,S2,TPOT,seconds,,,,,,,,,empty applicable subset,0,0,0,0,0,equal workload/candidate/point/request
G1,w202,full_grid,S3,TTFT,SLA_budget_normalized,0.025054872707717852,0.025076783183332434,0.05268490575593413,0.22560518762821383,0.052553325973976266,0.06002398600977705,-0.04432997257438842,1.2886447914093004,,1,5,110,5280,0,equal workload/candidate/point/request
G1,w202,full_grid,S3,TPOT,SLA_budget_normalized,-0.00029513601276676127,0.007492274333260329,0.21157248192549244,0.27871914042569307,-0.011588358079913472,0.06250319307239925,-0.7759439747906174,1.5971602385127042,,1,5,110,5280,0,equal workload/candidate/point/request
G1,w202,service_relevant,S3,TTFT,SLA_budget_normalized,,,,,,,,,empty applicable subset,0,0,0,0,0,equal workload/candidate/point/request
G1,w202,service_relevant,S3,TTFT,seconds,,,,,,,,,empty applicable subset,0,0,0,0,0,equal workload/candidate/point/request
G1,w202,service_relevant,S3,TPOT,SLA_budget_normalized,,,,,,,,,empty applicable subset,0,0,0,0,0,equal workload/candidate/point/request
G1,w202,service_relevant,S3,TPOT,seconds,,,,,,,,,empty applicable subset,0,0,0,0,0,equal workload/candidate/point/request
G1,w202,full_grid,S4,TTFT,SLA_budget_normalized,0.025054872707717852,0.025076783183332434,0.05268490575593413,0.22560518762821383,0.052553325973976266,0.06002398600977705,-0.04432997257438842,1.2886447914093004,,1,5,110,5280,0,equal workload/candidate/point/request
G1,w202,full_grid,S4,TPOT,SLA_budget_normalized,-0.00023610881021340901,0.005993819466608263,0.16925798554039395,0.22297531234055445,-0.009270686463930778,0.05000255445791941,-0.620755179832494,1.2777281908101634,,1,5,110,5280,0,equal workload/candidate/point/request
G1,w202,service_relevant,S4,TTFT,SLA_budget_normalized,-0.007752239454627367,0.010447815109728253,0.028640938069429467,0.03240245841607248,-0.00022551639893196937,0.013036308763626853,-0.019606869607135497,0.0369760626723045,,1,5,60,2880,0,equal workload/candidate/point/request
G1,w202,service_relevant,S4,TTFT,seconds,-0.0465134367277642,0.06268689065836952,0.1718456284165768,0.19441475049643486,-0.001353098393591816,0.07821785258176112,-0.11764121764281299,0.22185637603382702,,1,5,60,2880,0,equal workload/candidate/point/request
G1,w202,service_relevant,S4,TPOT,SLA_budget_normalized,-0.00023610881111968407,0.0002361088686085866,0.009032332623514439,0.018645987853438628,0.0026745913647693263,0.0030068780792790123,-0.00023610892488057367,0.23213174017632543,,1,5,60,2880,0,equal workload/candidate/point/request
G1,w202,service_relevant,S4,TPOT,seconds,-5.902720277992102e-05,5.902721715214665e-05,0.0022580831558786096,0.004661496963359657,0.0006686478411923316,0.0007517195198197531,-5.902723122014342e-05,0.05803293504408136,,1,5,60,2880,0,equal workload/candidate/point/request
G1,w202,full_grid,S5,TTFT,SLA_budget_normalized,0.025054872707717852,0.025076783183332434,0.05268490575593413,0.22560518762821383,0.052553325973976266,0.06002398600977705,-0.04432997257438842,1.2886447914093004,,1,5,110,5280,0,equal workload/candidate/point/request
G1,w202,full_grid,S5,TPOT,SLA_budget_normalized,-0.00019675734184450752,0.004994849555506886,0.14104832128366163,0.1858127602837954,-0.007725572053275649,0.041668795381599504,-0.517295983193745,1.0647734923418029,,1,5,110,5280,0,equal workload/candidate/point/request
G1,w202,service_relevant,S5,TTFT,SLA_budget_normalized,-0.0038466061305371113,0.011225006644963287,0.033065772521249905,0.035297484527215296,0.007088121733621764,0.017484781636502807,-0.019606869607135497,0.4961975995418679,,1,5,78,3744,0,equal workload/candidate/point/request
G1,w202,service_relevant,S5,TTFT,seconds,-0.023079636783222668,0.06735003986977972,0.19839463512749944,0.2117849071632918,0.04252873040173059,0.10490868981901683,-0.11764121764281299,2.977185597251207,,1,5,78,3744,0,equal workload/candidate/point/request
G1,w202,service_relevant,S5,TPOT,SLA_budget_normalized,-0.00019675702483336796,0.0001967574159304301,0.03131095738958617,0.043049385737102173,0.007453388965927063,0.008659354540529952,-0.30209848902491865,0.19344311681360454,,1,5,78,3744,0,equal workload/candidate/point/request
G1,w202,service_relevant,S5,TPOT,seconds,-5.9027107450010385e-05,5.902722477912903e-05,0.00939328721687585,0.012914815721130651,0.0022360166897781187,0.0025978063621589853,-0.09062954670747558,0.05803293504408136,,1,5,78,3744,0,equal workload/candidate/point/request
G1,w202,full_grid,S6,TTFT,SLA_budget_normalized,0.025054872707717852,0.025076783183332434,0.05268490575593413,0.22560518762821383,0.052553325973976266,0.06002398600977705,-0.04432997257438842,1.2886447914093004,,1,5,110,5280,0,equal workload/candidate/point/request
G1,w202,full_grid,S6,TPOT,SLA_budget_normalized,-0.00011805440510670451,0.0029969097333041317,0.08462899277019698,0.11148765617027723,-0.004635343231965389,0.025001277228959704,-0.310377589916247,0.6388640954050817,,1,5,110,5280,0,equal workload/candidate/point/request
G1,w202,service_relevant,S6,TTFT,SLA_budget_normalized,0.01757899819161442,0.01960686959440257,0.035297484527215296,0.03865905251344278,0.021324765832133854,0.029761672397764834,-0.02976810476798845,1.0568142860302505,,1,5,97,4656,0,equal workload/candidate/point/request
G1,w202,service_relevant,S6,TTFT,seconds,0.10547398914968653,0.11764121756641543,0.2117849071632918,0.23195431508065667,0.12794859499280312,0.178570034386589,-0.1786086286079307,6.3408857161815035,,1,5,97,4656,0,equal workload/candidate/point/request
G1,w202,service_relevant,S6,TPOT,SLA_budget_normalized,-0.00011805440470852302,0.0006174214825436786,0.06830482303310681,0.09971052087182808,-0.007046332537490563,0.017625735507687347,-0.310377589916247,0.19606603387485821,,1,5,97,4656,0,equal workload/candidate/point/request
G1,w202,service_relevant,S6,TPOT,seconds,-5.902720235426151e-05,0.0003087107412718393,0.034152411516553405,0.04985526043591404,-0.0035231662687452816,0.008812867753843674,-0.1551887949581235,0.09803301693742911,,1,5,97,4656,0,equal workload/candidate/point/request
G1,w203,full_grid,,TTFT,seconds,0.20612319436365922,0.20612319436365922,6.291080318003084,6.342196754847226,2.1690056165428047,2.202686591248194,-0.07106875362660503,6.431380529721102,,1,5,155,775,0,equal workload/candidate/point/request
G1,w203,full_grid,,TTFT,relative,0.1604906772271199,0.1604906772271199,1.8022274741543551,1.950896658941149,0.6446708316652172,0.658292094381595,-0.02174041031292978,2.7135993522447186,,1,5,155,775,0,equal workload/candidate/point/request
G1,w203,full_grid,,TPOT,seconds,0.004079029466658918,0.004261615706773553,0.010151903596401834,0.013152868779248816,0.004174280829908243,0.005069650506227111,-0.02738287558578284,0.039709439765533844,,1,5,155,775,0,equal workload/candidate/point/request
G1,w203,full_grid,,TPOT,relative,0.0172253322455372,0.018547424213896158,0.04625369056987194,0.05274930177810012,0.018238472478688768,0.021792480033436545,-0.10744226223636277,0.16948469346544257,,1,5,155,775,0,equal workload/candidate/point/request
G1,w203,full_grid,S1,TTFT,SLA_budget_normalized,0.08244927774546369,0.08244927774546369,2.5164321272012335,2.5368787019388903,0.8676022466171218,0.8810746364992775,-0.02842750145064201,2.572552211888441,,1,5,155,775,0,equal workload/candidate/point/request
G1,w203,full_grid,S1,TPOT,SLA_budget_normalized,0.02719352977772612,0.02841077137849035,0.06767935730934557,0.08768579186165879,0.027828538866054957,0.03379767004151408,-0.18255250390521893,0.2647295984368923,,1,5,155,775,0,equal workload/candidate/point/request
G1,w203,service_relevant,S1,TTFT,SLA_budget_normalized,,,,,,,,,empty applicable subset,0,0,0,0,0,equal workload/candidate/point/request
G1,w203,service_relevant,S1,TTFT,seconds,,,,,,,,,empty applicable subset,0,0,0,0,0,equal workload/candidate/point/request
G1,w203,service_relevant,S1,TPOT,SLA_budget_normalized,,,,,,,,,empty applicable subset,0,0,0,0,0,equal workload/candidate/point/request
G1,w203,service_relevant,S1,TPOT,seconds,,,,,,,,,empty applicable subset,0,0,0,0,0,equal workload/candidate/point/request
G1,w203,full_grid,S2,TTFT,SLA_budget_normalized,0.08244927774546369,0.08244927774546369,2.5164321272012335,2.5368787019388903,0.8676022466171218,0.8810746364992775,-0.02842750145064201,2.572552211888441,,1,5,155,775,0,equal workload/candidate/point/request
G1,w203,full_grid,S2,TPOT,SLA_budget_normalized,0.01359676488886306,0.014205385689245176,0.033839678654672786,0.04384289593082939,0.013914269433027478,0.01689883502075704,-0.09127625195260947,0.13236479921844616,,1,5,155,775,0,equal workload/candidate/point/request
G1,w203,service_relevant,S2,TTFT,SLA_budget_normalized,,,,,,,,,empty applicable subset,0,0,0,0,0,equal workload/candidate/point/request
G1,w203,service_relevant,S2,TTFT,seconds,,,,,,,,,empty applicable subset,0,0,0,0,0,equal workload/candidate/point/request
G1,w203,service_relevant,S2,TPOT,SLA_budget_normalized,,,,,,,,,empty applicable subset,0,0,0,0,0,equal workload/candidate/point/request
G1,w203,service_relevant,S2,TPOT,seconds,,,,,,,,,empty applicable subset,0,0,0,0,0,equal workload/candidate/point/request
G1,w203,full_grid,S3,TTFT,SLA_budget_normalized,0.034353865727276535,0.034353865727276535,1.0485133863338474,1.0570327924745377,0.3615009360904674,0.367114431874699,-0.011844792271100838,1.071896754953517,,1,5,155,775,0,equal workload/candidate/point/request
G1,w203,full_grid,S3,TPOT,SLA_budget_normalized,0.02039514733329459,0.021308078533867764,0.05075951798200917,0.06576434389624408,0.020871404149541216,0.025348252531135557,-0.1369143779289142,0.19854719882766922,,1,5,155,775,0,equal workload/candidate/point/request
G1,w203,service_relevant,S3,TTFT,SLA_budget_normalized,,,,,,,,,empty applicable subset,0,0,0,0,0,equal workload/candidate/point/request
G1,w203,service_relevant,S3,TTFT,seconds,,,,,,,,,empty applicable subset,0,0,0,0,0,equal workload/candidate/point/request
G1,w203,service_relevant,S3,TPOT,SLA_budget_normalized,,,,,,,,,empty applicable subset,0,0,0,0,0,equal workload/candidate/point/request
G1,w203,service_relevant,S3,TPOT,seconds,,,,,,,,,empty applicable subset,0,0,0,0,0,equal workload/candidate/point/request
G1,w203,full_grid,S4,TTFT,SLA_budget_normalized,0.034353865727276535,0.034353865727276535,1.0485133863338474,1.0570327924745377,0.3615009360904674,0.367114431874699,-0.011844792271100838,1.071896754953517,,1,5,155,775,0,equal workload/candidate/point/request
G1,w203,full_grid,S4,TPOT,SLA_budget_normalized,0.01631611786663567,0.01704646282709421,0.04060761438560734,0.052611475116995265,0.01669712331963297,0.020278602024908443,-0.10953150234313136,0.15883775906213538,,1,5,155,775,0,equal workload/candidate/point/request
G1,w203,service_relevant,S4,TTFT,SLA_budget_normalized,0.03327236773531913,0.03327236773531913,1.0516161919154379,1.0593733680343707,0.4359755169650423,0.4423473985648159,-0.011844792271100838,1.071896754953517,,1,5,118,590,0,equal workload/candidate/point/request
G1,w203,service_relevant,S4,TTFT,seconds,0.19963420641191476,0.19963420641191476,6.309697151492627,6.356240208206224,2.6158531017902535,2.6540843913888956,-0.07106875362660503,6.431380529721102,,1,5,118,590,0,equal workload/candidate/point/request
G1,w203,service_relevant,S4,TPOT,SLA_budget_normalized,0.009639621840038304,0.009643555711276064,0.039708705294694724,0.040607614385570034,0.015213639241511869,0.015703939031762766,-0.00978824761432362,0.15883775906213538,,1,5,118,590,0,equal workload/candidate/point/request
G1,w203,service_relevant,S4,TPOT,seconds,0.002409905460009576,0.002410888927819016,0.009927176323673681,0.010151903596392509,0.003803409810377967,0.0039259847579406915,-0.002447061903580905,0.039709439765533844,,1,5,118,590,0,equal workload/candidate/point/request
G1,w203,full_grid,S5,TTFT,SLA_budget_normalized,0.034353865727276535,0.034353865727276535,1.0485133863338474,1.0570327924745377,0.3615009360904674,0.367114431874699,-0.011844792271100838,1.071896754953517,,1,5,155,775,0,equal workload/candidate/point/request
G1,w203,full_grid,S5,TPOT,SLA_budget_normalized,0.01359676488886306,0.014205385689245176,0.033839678654672786,0.04384289593082939,0.013914269433027478,0.01689883502075704,-0.09127625195260947,0.13236479921844616,,1,5,155,775,0,equal workload/candidate/point/request
G1,w203,service_relevant,S5,TTFT,SLA_budget_normalized,0.034353865727276535,0.034353865727276535,1.0485133863338474,1.0570327924745377,0.3615009360904674,0.367114431874699,-0.011844792271100838,1.071896754953517,,1,5,155,775,0,equal workload/candidate/point/request
G1,w203,service_relevant,S5,TTFT,seconds,0.20612319436365922,0.20612319436365922,6.291080318003084,6.342196754847226,2.1690056165428047,2.202686591248194,-0.07106875362660503,6.431380529721102,,1,5,155,775,0,equal workload/candidate/point/request
G1,w203,service_relevant,S5,TPOT,SLA_budget_normalized,0.01359676488886306,0.014205385689245176,0.033839678654672786,0.04384289593082939,0.013914269433027478,0.01689883502075704,-0.09127625195260947,0.13236479921844616,,1,5,155,775,0,equal workload/candidate/point/request
G1,w203,service_relevant,S5,TPOT,seconds,0.004079029466658918,0.004261615706773553,0.010151903596401834,0.013152868779248816,0.004174280829908243,0.005069650506227111,-0.02738287558578284,0.039709439765533844,,1,5,155,775,0,equal workload/candidate/point/request
G1,w203,full_grid,S6,TTFT,SLA_budget_normalized,0.034353865727276535,0.034353865727276535,1.0485133863338474,1.0570327924745377,0.3615009360904674,0.367114431874699,-0.011844792271100838,1.071896754953517,,1,5,155,775,0,equal workload/candidate/point/request
G1,w203,full_grid,S6,TPOT,SLA_budget_normalized,0.008158058933317835,0.008523231413547105,0.02030380719280367,0.026305737558497633,0.008348561659816485,0.010139301012454222,-0.05476575117156568,0.07941887953106769,,1,5,155,775,0,equal workload/candidate/point/request
G1,w203,service_relevant,S6,TTFT,SLA_budget_normalized,0.034353865727276535,0.034353865727276535,1.0485133863338474,1.0570327924745377,0.3615009360904674,0.367114431874699,-0.011844792271100838,1.071896754953517,,1,5,155,775,0,equal workload/candidate/point/request
G1,w203,service_relevant,S6,TTFT,seconds,0.20612319436365922,0.20612319436365922,6.291080318003084,6.342196754847226,2.1690056165428047,2.202686591248194,-0.07106875362660503,6.431380529721102,,1,5,155,775,0,equal workload/candidate/point/request
G1,w203,service_relevant,S6,TPOT,SLA_budget_normalized,0.008158058933317835,0.008523231413547105,0.02030380719280367,0.026305737558497633,0.008348561659816485,0.010139301012454222,-0.05476575117156568,0.07941887953106769,,1,5,155,775,0,equal workload/candidate/point/request
G1,w203,service_relevant,S6,TPOT,seconds,0.004079029466658918,0.004261615706773553,0.010151903596401834,0.013152868779248816,0.004174280829908243,0.005069650506227111,-0.02738287558578284,0.039709439765533844,,1,5,155,775,0,equal workload/candidate/point/request
G1,w204,full_grid,,TTFT,seconds,0.08901703602356292,0.11153772318112942,0.6927268901279717,4.092793419471903,0.590216739674833,0.6336219812378494,-0.3138592041113384,21.913008918702886,,1,5,110,4840,0,equal workload/candidate/point/request
G1,w204,full_grid,,TTFT,relative,0.041774377174858816,0.04595938368352592,0.3241535517604723,1.4024437795055884,0.27196938795096326,0.294508240835111,-0.28544448713703496,21.13757101623001,,1,5,110,4840,0,equal workload/candidate/point/request
G1,w204,full_grid,,TPOT,seconds,-5.8993603061108235e-05,0.000776211485872258,0.05106321946801756,0.07170865073758526,0.0026064154291630323,0.019440847716350827,-0.3299175991920084,0.8532171397157852,,1,5,110,4840,0,equal workload/candidate/point/request
G1,w204,full_grid,,TPOT,relative,-0.00025588126485268965,0.0031613170451181985,0.13930226293565298,0.18613713203363516,0.001826483873268664,0.04744736107041111,-0.3981807570496178,1.4430699514649123,,1,5,110,4840,0,equal workload/candidate/point/request
G1,w204,full_grid,S1,TTFT,SLA_budget_normalized,0.03560681440942517,0.044615089272451766,0.2770907560511887,1.6371173677887612,0.23608669586993322,0.25344879249513974,-0.12554368164453536,8.765203567481155,,1,5,110,4840,0,equal workload/candidate/point/request
G1,w204,full_grid,S1,TPOT,SLA_budget_normalized,-0.0003932906870740549,0.005174743239148387,0.3404214631201171,0.4780576715839017,0.01737610286108688,0.12960565144233885,-2.199450661280056,5.688114264771901,,1,5,110,4840,0,equal workload/candidate/point/request
G1,w204,service_relevant,S1,TTFT,SLA_budget_normalized,,,,,,,,,empty applicable subset,0,0,0,0,0,equal workload/candidate/point/request
G1,w204,service_relevant,S1,TTFT,seconds,,,,,,,,,empty applicable subset,0,0,0,0,0,equal workload/candidate/point/request
G1,w204,service_relevant,S1,TPOT,SLA_budget_normalized,,,,,,,,,empty applicable subset,0,0,0,0,0,equal workload/candidate/point/request
G1,w204,service_relevant,S1,TPOT,seconds,,,,,,,,,empty applicable subset,0,0,0,0,0,equal workload/candidate/point/request
G1,w204,full_grid,S2,TTFT,SLA_budget_normalized,0.03560681440942517,0.044615089272451766,0.2770907560511887,1.6371173677887612,0.23608669586993322,0.25344879249513974,-0.12554368164453536,8.765203567481155,,1,5,110,4840,0,equal workload/candidate/point/request
G1,w204,full_grid,S2,TPOT,SLA_budget_normalized,-0.00019664534353702745,0.0025873716195741934,0.17021073156005856,0.23902883579195086,0.00868805143054344,0.06480282572116942,-1.099725330640028,2.8440571323859505,,1,5,110,4840,0,equal workload/candidate/point/request
G1,w204,service_relevant,S2,TTFT,SLA_budget_normalized,,,,,,,,,empty applicable subset,0,0,0,0,0,equal workload/candidate/point/request
G1,w204,service_relevant,S2,TTFT,seconds,,,,,,,,,empty applicable subset,0,0,0,0,0,equal workload/candidate/point/request
G1,w204,service_relevant,S2,TPOT,SLA_budget_normalized,,,,,,,,,empty applicable subset,0,0,0,0,0,equal workload/candidate/point/request
G1,w204,service_relevant,S2,TPOT,seconds,,,,,,,,,empty applicable subset,0,0,0,0,0,equal workload/candidate/point/request
G1,w204,full_grid,S3,TTFT,SLA_budget_normalized,0.01483617267059382,0.018589620530188238,0.11545448168799528,0.6821322365786505,0.09836945661247218,0.10560366353964157,-0.05230986735188973,3.6521681531171475,,1,5,110,4840,0,equal workload/candidate/point/request
G1,w204,full_grid,S3,TPOT,SLA_budget_normalized,-0.0002949680153055412,0.00388105742936129,0.2553160973400878,0.3585432536879263,0.01303207714581516,0.09720423858175414,-1.649587995960042,4.266085698578926,,1,5,110,4840,0,equal workload/candidate/point/request
G1,w204,service_relevant,S3,TTFT,SLA_budget_normalized,,,,,,,,,empty applicable subset,0,0,0,0,0,equal workload/candidate/point/request
G1,w204,service_relevant,S3,TTFT,seconds,,,,,,,,,empty applicable subset,0,0,0,0,0,equal workload/candidate/point/request
G1,w204,service_relevant,S3,TPOT,SLA_budget_normalized,,,,,,,,,empty applicable subset,0,0,0,0,0,equal workload/candidate/point/request
G1,w204,service_relevant,S3,TPOT,seconds,,,,,,,,,empty applicable subset,0,0,0,0,0,equal workload/candidate/point/request
G1,w204,full_grid,S4,TTFT,SLA_budget_normalized,0.01483617267059382,0.018589620530188238,0.11545448168799528,0.6821322365786505,0.09836945661247218,0.10560366353964157,-0.05230986735188973,3.6521681531171475,,1,5,110,4840,0,equal workload/candidate/point/request
G1,w204,full_grid,S4,TPOT,SLA_budget_normalized,-0.00023597441224443294,0.003104845943489032,0.20425287787207025,0.286834602950341,0.01042566171665213,0.0777633908654033,-1.3196703967680337,3.4128685588631407,,1,5,110,4840,0,equal workload/candidate/point/request
G1,w204,service_relevant,S4,TTFT,SLA_budget_normalized,-0.003972235958220456,0.010402538698523736,0.027241463390964782,0.03122885071767693,0.00024644122490506714,0.011512364756399843,-0.01823885565894064,0.038129724155245036,,1,5,63,2772,0,equal workload/candidate/point/request
G1,w204,service_relevant,S4,TTFT,seconds,-0.02383341574932274,0.06241523219114242,0.1634487803457887,0.18737310430606158,0.0014786473494304026,0.06907418853839906,-0.10943313395364385,0.2287783449314702,,1,5,63,2772,0,equal workload/candidate/point/request
G1,w204,service_relevant,S4,TPOT,SLA_budget_normalized,-0.00023597441242406703,0.0002359744639783834,0.008961186101023921,0.01951832706115486,0.002666232988774419,0.003006941183252848,-0.0002359745489871612,0.1880824365791507,,1,5,63,2772,0,equal workload/candidate/point/request
G1,w204,service_relevant,S4,TPOT,seconds,-5.8993603106016756e-05,5.899361599459585e-05,0.0022402965252559803,0.004879581765288715,0.0006665582471936047,0.000751735295813212,-5.89936372467903e-05,0.04702060914478767,,1,5,63,2772,0,equal workload/candidate/point/request
G1,w204,full_grid,S5,TTFT,SLA_budget_normalized,0.01483617267059382,0.018589620530188238,0.11545448168799528,0.6821322365786505,0.09836945661247218,0.10560366353964157,-0.05230986735188973,3.6521681531171475,,1,5,110,4840,0,equal workload/candidate/point/request
G1,w204,full_grid,S5,TPOT,SLA_budget_normalized,-0.00019664534353702745,0.0025873716195741934,0.17021073156005856,0.23902883579195086,0.00868805143054344,0.06480282572116942,-1.099725330640028,2.8440571323859505,,1,5,110,4840,0,equal workload/candidate/point/request
G1,w204,service_relevant,S5,TTFT,SLA_budget_normalized,-0.0039034100780099834,0.010795829387158543,0.030890761769294766,0.034242306288490454,0.0042467201020967215,0.013963408557930145,-0.01823885565894064,0.15082433011383975,,1,5,75,3300,0,equal workload/candidate/point/request
G1,w204,service_relevant,S5,TTFT,seconds,-0.0234204604680599,0.06477497632295126,0.1853445706157686,0.20545383773094272,0.025480320612580327,0.08378045134758087,-0.10943313395364385,0.9049459806830384,,1,5,75,3300,0,equal workload/candidate/point/request
G1,w204,service_relevant,S5,TPOT,SLA_budget_normalized,-0.00019664533965624287,0.00019664539197356,0.02428476654296898,0.0344449944733205,0.005290785505358507,0.0061477548686272344,-0.1485664714501169,0.17281671208116467,,1,5,75,3300,0,equal workload/candidate/point/request
G1,w204,service_relevant,S5,TPOT,seconds,-5.899360189687286e-05,5.8993617592068004e-05,0.007285429962890694,0.01033349834199615,0.001587235651607552,0.0018443264605881703,-0.044569941435035065,0.0518450136243494,,1,5,75,3300,0,equal workload/candidate/point/request
G1,w204,full_grid,S6,TTFT,SLA_budget_normalized,0.01483617267059382,0.018589620530188238,0.11545448168799528,0.6821322365786505,0.09836945661247218,0.10560366353964157,-0.05230986735188973,3.6521681531171475,,1,5,110,4840,0,equal workload/candidate/point/request
G1,w204,full_grid,S6,TPOT,SLA_budget_normalized,-0.00011798720612221647,0.001552422971744516,0.10212643893603512,0.1434173014751705,0.005212830858326065,0.03888169543270165,-0.6598351983840168,1.7064342794315703,,1,5,110,4840,0,equal workload/candidate/point/request
G1,w204,service_relevant,S6,TTFT,SLA_budget_normalized,-0.0019541558626722613,0.011631572099683277,0.03437988171590215,0.0373890684444973,0.01393333664027572,0.022104057060525432,-0.036490347928098764,0.7641278324133912,,1,5,94,4136,0,equal workload/candidate/point/request
G1,w204,service_relevant,S6,TTFT,seconds,-0.011724935176033568,0.06978943259809967,0.20627929029541292,0.22433441066698379,0.08360001984165433,0.1326243423631526,-0.21894208756859257,4.584766994480347,,1,5,94,4136,0,equal workload/candidate/point/request
G1,w204,service_relevant,S6,TPOT,SLA_budget_normalized,-0.00011798720568123588,0.00011798724165557051,0.06622388196996953,0.10452426153487082,-0.006920763999481348,0.017424598418962572,-0.25306874638936516,0.3521774488688465,,1,5,94,4136,0,equal workload/candidate/point/request
G1,w204,service_relevant,S6,TPOT,seconds,-5.899360284061794e-05,5.8993620827785254e-05,0.03311194098498477,0.05226213076743541,-0.003460381999740674,0.008712299209481286,-0.12653437319468258,0.17608872443442325,,1,5,94,4136,0,equal workload/candidate/point/request
G1,ALL,full_grid,,TTFT,seconds,0.09547624836068991,0.11757425117366438,1.8956125454220825,6.006470245698913,0.7748810176979488,0.8218295098930954,-0.7032892927994112,22.63690421704335,,10,50,1560,52060,0,equal workload/candidate/point/request
G1,ALL,full_grid,,TTFT,relative,0.023584748799053,0.027364142227854927,0.6784303599714552,1.697149549867345,0.32390417992947973,0.34465917657175976,-0.2936358520764524,33.022949983829456,,10,50,1560,52060,0,equal workload/candidate/point/request
G1,ALL,full_grid,,TPOT,seconds,-5.899360348848859e-05,0.0005378541847657348,0.03867964950883884,0.0556664374103516,-0.003630161265864704,0.012309612110052834,-0.3309550446251588,2.3493683838872585,,10,50,1560,52060,0,equal workload/candidate/point/request
G1,ALL,full_grid,,TPOT,relative,-0.0002558812037625655,0.0022790562073509864,0.10780613793069019,0.153581198704179,-0.00904623537488511,0.03374994520237395,-0.5800654120944434,3.412106392867303,,10,50,1560,52060,0,equal workload/candidate/point/request
G1,ALL,full_grid,S1,TTFT,SLA_budget_normalized,0.038190499344275965,0.04702970046946575,0.7582450181688329,2.402588098279565,0.30995240707917954,0.32873180395723817,-0.2813157171197645,9.05476168681734,,10,50,1560,52060,0,equal workload/candidate/point/request
G1,ALL,full_grid,S1,TPOT,SLA_budget_normalized,-0.0003932906899232573,0.0035856945651048986,0.2578643300589256,0.37110958273567735,-0.024201075105764698,0.08206408073368557,-2.2063669641677253,15.662455892581724,,10,50,1560,52060,0,equal workload/candidate/point/request
G1,ALL,service_relevant,S1,TTFT,SLA_budget_normalized,,,,,,,,,empty applicable subset,0,0,0,0,0,equal workload/candidate/point/request
G1,ALL,service_relevant,S1,TTFT,seconds,,,,,,,,,empty applicable subset,0,0,0,0,0,equal workload/candidate/point/request
G1,ALL,service_relevant,S1,TPOT,SLA_budget_normalized,,,,,,,,,empty applicable subset,0,0,0,0,0,equal workload/candidate/point/request
G1,ALL,service_relevant,S1,TPOT,seconds,,,,,,,,,empty applicable subset,0,0,0,0,0,equal workload/candidate/point/request
G1,ALL,full_grid,S2,TTFT,SLA_budget_normalized,0.038190499344275965,0.04702970046946575,0.7582450181688329,2.402588098279565,0.30995240707917954,0.32873180395723817,-0.2813157171197645,9.05476168681734,,10,50,1560,52060,0,equal workload/candidate/point/request
G1,ALL,full_grid,S2,TPOT,SLA_budget_normalized,-0.00019664534496162864,0.0017928472825524493,0.1289321650294628,0.18555479136783867,-0.012100537552882349,0.041032040366842784,-1.1031834820838626,7.831227946290862,,10,50,1560,52060,0,equal workload/candidate/point/request
G1,ALL,service_relevant,S2,TTFT,SLA_budget_normalized,,,,,,,,,empty applicable subset,0,0,0,0,0,equal workload/candidate/point/request
G1,ALL,service_relevant,S2,TTFT,seconds,,,,,,,,,empty applicable subset,0,0,0,0,0,equal workload/candidate/point/request
G1,ALL,service_relevant,S2,TPOT,SLA_budget_normalized,,,,,,,,,empty applicable subset,0,0,0,0,0,equal workload/candidate/point/request
G1,ALL,service_relevant,S2,TPOT,seconds,,,,,,,,,empty applicable subset,0,0,0,0,0,equal workload/candidate/point/request
G1,ALL,full_grid,S3,TTFT,SLA_budget_normalized,0.015912708060114984,0.019595708528944062,0.31593542423701376,1.0010783742831522,0.12914683628299148,0.13697158498218256,-0.11721488213323521,3.772817369507225,,10,50,1560,52060,0,equal workload/candidate/point/request
G1,ALL,full_grid,S3,TPOT,SLA_budget_normalized,-0.00029496801744244294,0.002689270923828674,0.1933982475441942,0.278332187051758,-0.018150806329323522,0.06154806055026417,-1.654775223125794,11.746841919436292,,10,50,1560,52060,0,equal workload/candidate/point/request
G1,ALL,service_relevant,S3,TTFT,SLA_budget_normalized,,,,,,,,,empty applicable subset,0,0,0,0,0,equal workload/candidate/point/request
G1,ALL,service_relevant,S3,TTFT,seconds,,,,,,,,,empty applicable subset,0,0,0,0,0,equal workload/candidate/point/request
G1,ALL,service_relevant,S3,TPOT,SLA_budget_normalized,,,,,,,,,empty applicable subset,0,0,0,0,0,equal workload/candidate/point/request
G1,ALL,service_relevant,S3,TPOT,seconds,,,,,,,,,empty applicable subset,0,0,0,0,0,equal workload/candidate/point/request
G1,ALL,full_grid,S4,TTFT,SLA_budget_normalized,0.015912708060114984,0.019595708528944062,0.31593542423701376,1.0010783742831522,0.12914683628299148,0.13697158498218256,-0.11721488213323521,3.772817369507225,,10,50,1560,52060,0,equal workload/candidate/point/request
G1,ALL,full_grid,S4,TPOT,SLA_budget_normalized,-0.00023597441395395435,0.002151416739062939,0.15471859803535537,0.2226657496414064,-0.014520645063458817,0.04923844844021134,-1.3238201785006352,9.397473535549034,,10,50,1560,52060,0,equal workload/candidate/point/request
G1,ALL,service_relevant,S4,TTFT,SLA_budget_normalized,-0.003974498401551803,0.010408463644732061,0.03322538424697541,0.03757995803198355,0.04347141752414329,0.05523514732073655,-0.020079087582416832,1.071896754953517,,10,50,1004,32359,0,equal workload/candidate/point/request
G1,ALL,service_relevant,S4,TTFT,seconds,-0.02384699040931082,0.06245078186839237,0.19935230548185245,0.2254797481919013,0.2608285051448597,0.33141088392441925,-0.120474525494501,6.431380529721102,,10,50,1004,32359,0,equal workload/candidate/point/request
G1,ALL,service_relevant,S4,TPOT,SLA_budget_normalized,-0.0002359744130506769,0.0002361088111089149,0.016319430003365887,0.03286503039239452,0.004034068947136487,0.0043933931889212074,-0.00978824761432362,0.23213174017632543,,10,50,1004,32359,0,equal workload/candidate/point/request
G1,ALL,service_relevant,S4,TPOT,seconds,-5.8993603262669225e-05,5.902720277722873e-05,0.004079857500841472,0.00821625759809863,0.0010085172367841218,0.0010983482972303019,-0.002447061903580905,0.05803293504408136,,10,50,1004,32359,0,equal workload/candidate/point/request
G1,ALL,full_grid,S5,TTFT,SLA_budget_normalized,0.015912708060114984,0.019595708528944062,0.31593542423701376,1.0010783742831522,0.12914683628299148,0.13697158498218256,-0.11721488213323521,3.772817369507225,,10,50,1560,52060,0,equal workload/candidate/point/request
G1,ALL,full_grid,S5,TPOT,SLA_budget_normalized,-0.00019664534496162864,0.0017928472825524493,0.1289321650294628,0.18555479136783867,-0.012100537552882349,0.041032040366842784,-1.1031834820838626,7.831227946290862,,10,50,1560,52060,0,equal workload/candidate/point/request
G1,ALL,service_relevant,S5,TTFT,SLA_budget_normalized,-0.003795255139417956,0.010998735676669943,0.034899367452377796,0.03831204892667254,0.03971668181029965,0.0499597353592649,-0.020079087582416832,1.071896754953517,,10,50,1185,38198,0,equal workload/candidate/point/request
G1,ALL,service_relevant,S5,TTFT,seconds,-0.022771530836507736,0.06599241406001966,0.2093962047142668,0.22987229356003525,0.23830009086179788,0.2997584121555894,-0.120474525494501,6.431380529721102,,10,50,1185,38198,0,equal workload/candidate/point/request
G1,ALL,service_relevant,S5,TPOT,SLA_budget_normalized,-0.0001966453403672482,0.00019675734861881086,0.030793166234460434,0.04023874070953948,0.0061263099264680185,0.007977370082838515,-0.30209848902491865,0.19344311681360454,,10,50,1185,38198,0,equal workload/candidate/point/request
G1,ALL,service_relevant,S5,TPOT,seconds,-5.899360211017446e-05,5.9027204585643256e-05,0.00923794987033813,0.012071622212861843,0.0018378929779404056,0.0023932110248515545,-0.09062954670747558,0.05803293504408136,,10,50,1185,38198,0,equal workload/candidate/point/request
G1,ALL,full_grid,S6,TTFT,SLA_budget_normalized,0.015912708060114984,0.019595708528944062,0.31593542423701376,1.0010783742831522,0.12914683628299148,0.13697158498218256,-0.11721488213323521,3.772817369507225,,10,50,1560,52060,0,equal workload/candidate/point/request
G1,ALL,full_grid,S6,TPOT,SLA_budget_normalized,-0.00011798720697697718,0.0010757083695314695,0.07735929901767769,0.1113328748207032,-0.007260322531729408,0.02461922422010567,-0.6619100892503176,4.698736767774517,,10,50,1560,52060,0,equal workload/candidate/point/request
G1,ALL,service_relevant,S6,TTFT,SLA_budget_normalized,-0.0017894726320264454,0.01292695767801888,0.06599379666171028,0.5626249302242199,0.072222179781115,0.08068207063134004,-0.11721488213323521,3.0969870002949826,,10,50,1448,47861,0,equal workload/candidate/point/request
G1,ALL,service_relevant,S6,TTFT,seconds,-0.010736835792158672,0.07756174606811328,0.39596277997026164,3.3757495813453193,0.43333307868669,0.4840924237880403,-0.7032892927994112,18.581922001769897,,10,50,1448,47861,0,equal workload/candidate/point/request
G1,ALL,service_relevant,S6,TPOT,SLA_budget_normalized,-0.00011798720652644867,0.00011805445914930823,0.054589842557491774,0.09245505941901411,-0.006601869704168921,0.016333064352258498,-0.6619100892503176,0.3521774488688465,,10,50,1448,47861,0,equal workload/candidate/point/request
G1,ALL,service_relevant,S6,TPOT,seconds,-5.899360326322434e-05,5.9027229574654116e-05,0.027294921278745887,0.046227529709507054,-0.0033009348520844604,0.008166532176129249,-0.3309550446251588,0.17608872443442325,,10,50,1448,47861,0,equal workload/candidate/point/request
