group,workload,sla,ttft_s,tpot_s,variant,selected_shift,evaluator_best_set,reference_best_set,selected_reference_rank,reference_regret,normalized_reference_quality,winner_agrees,abstention,spearman,reference_top_gap,evaluator_scores,reference_scores,best_set_overlap,incomplete_reference,mismatch_type,reference_best_capacity,selected_partition_reference_capacity,evaluator_recommended_intensity,partition_selection_loss,operating_point_loss,allocation_component,exact_reference_safe,safe_usable_load,safe_operating_point_loss,recommendation_violations,reference_nonmonotone,evaluator_nonmonotone,reference_no_safe_candidates,evaluator_no_safe_candidates,unresolved
h101-o60-d30-heterogeneous-fast,h101-o60-d30,TTFT5.2_TPOT0.3,5.2,0.3,Raw-Full,-2,[-2],[-2],1,0.0,1.0,True,False,1.0,0.00021288359999999985,"{""-2"":0.0099348625,""-1"":0.0097219789,""0"":0.0095136569,""1"":0.0093097989,""2"":0.008915094}","{""-2"":0.0099348625,""-1"":0.0097219789,""0"":0.0095136569,""1"":0.0093097989,""2"":0.008915094}",[-2],False,agreement,0.0099348625,0.0099348625,0.0099348625,0.0,0.0,0.0,True,0.0099348625,0.0,"{""safe"":true,""max_ttft_s"":4.592386054369745,""max_native_ttft_s"":4.803736798372374,""max_tpot_s"":0.2163507440037381,""violating_requests"":0,""request_count"":16,""violating_request_fraction"":0.0,""max_ttft_excess_s"":0.0,""max_tpot_excess_s"":0.0,""max_normalized_excess"":0.0,""drained"":true,""runtime_s"":13.09224050003104,""violation_type"":null}",False,False,[],[],False
h101-o60-d30-heterogeneous-fast,h101-o60-d30,TTFT5.2_TPOT0.3,5.2,0.3,Raw-Remaining,-2,[-2],[-2],1,0.0,1.0,True,False,1.0,0.00021288359999999985,"{""-2"":0.0099348625,""-1"":0.0097219789,""0"":0.0095136569,""1"":0.0093097989,""2"":0.008915094}","{""-2"":0.0099348625,""-1"":0.0097219789,""0"":0.0095136569,""1"":0.0093097989,""2"":0.008915094}",[-2],False,agreement,0.0099348625,0.0099348625,0.0099348625,0.0,0.0,0.0,True,0.0099348625,0.0,"{""safe"":true,""max_ttft_s"":4.592386054369745,""max_native_ttft_s"":4.803736798372374,""max_tpot_s"":0.2163507440037381,""violating_requests"":0,""request_count"":16,""violating_request_fraction"":0.0,""max_ttft_excess_s"":0.0,""max_tpot_excess_s"":0.0,""max_normalized_excess"":0.0,""drained"":true,""runtime_s"":13.09224050003104,""violation_type"":null}",False,False,[],[],False
h101-o60-d30-heterogeneous-fast,h101-o60-d30,TTFT5.2_TPOT0.3,5.2,0.3,Legacy-Full,-2,[-2],[-2],1,0.0,1.0,True,False,1.0,0.00021288359999999985,"{""-2"":0.0097219789,""-1"":0.0095136569,""0"":0.0093097989,""1"":0.0091103091,""2"":0.0087240619}","{""-2"":0.0099348625,""-1"":0.0097219789,""0"":0.0095136569,""1"":0.0093097989,""2"":0.008915094}",[-2],False,agreement,0.0099348625,0.0099348625,0.0097219789,0.0,0.02142793621955008,0.021427936219550078,True,0.0097219789,0.02142793621955008,"{""safe"":true,""max_ttft_s"":4.592386054369745,""max_native_ttft_s"":4.803736798372374,""max_tpot_s"":0.2163507440037381,""violating_requests"":0,""request_count"":16,""violating_request_fraction"":0.0,""max_ttft_excess_s"":0.0,""max_tpot_excess_s"":0.0,""max_normalized_excess"":0.0,""drained"":true,""runtime_s"":15.341628999973182,""violation_type"":null}",False,False,[],[],False
h101-o60-d30-heterogeneous-fast,h101-o60-d30,TTFT5.2_TPOT0.3,5.2,0.3,Legacy-Remaining,-2,[-2],[-2],1,0.0,1.0,True,False,1.0,0.00021288359999999985,"{""-2"":0.0097219789,""-1"":0.0095136569,""0"":0.0093097989,""1"":0.0091103091,""2"":0.0087240619}","{""-2"":0.0099348625,""-1"":0.0097219789,""0"":0.0095136569,""1"":0.0093097989,""2"":0.008915094}",[-2],False,agreement,0.0099348625,0.0099348625,0.0097219789,0.0,0.02142793621955008,0.021427936219550078,True,0.0097219789,0.02142793621955008,"{""safe"":true,""max_ttft_s"":4.592386054369745,""max_native_ttft_s"":4.803736798372374,""max_tpot_s"":0.2163507440037381,""violating_requests"":0,""request_count"":16,""violating_request_fraction"":0.0,""max_ttft_excess_s"":0.0,""max_tpot_excess_s"":0.0,""max_normalized_excess"":0.0,""drained"":true,""runtime_s"":15.341628999973182,""violation_type"":null}",False,False,[],[],False
h101-o60-d30-heterogeneous-fast,h101-o60-d30,TTFT5.2_TPOT0.6,5.2,0.6,Raw-Full,-2,[-2],[-2],1,0.0,1.0,True,False,1.0,0.00021288359999999985,"{""-2"":0.0099348625,""-1"":0.0097219789,""0"":0.0095136569,""1"":0.0093097989,""2"":0.008915094}","{""-2"":0.0099348625,""-1"":0.0097219789,""0"":0.0095136569,""1"":0.0093097989,""2"":0.008915094}",[-2],False,agreement,0.0099348625,0.0099348625,0.0099348625,0.0,0.0,0.0,True,0.0099348625,0.0,"{""safe"":true,""max_ttft_s"":4.592386054369745,""max_native_ttft_s"":4.803736798372374,""max_tpot_s"":0.2163507440037381,""violating_requests"":0,""request_count"":16,""violating_request_fraction"":0.0,""max_ttft_excess_s"":0.0,""max_tpot_excess_s"":0.0,""max_normalized_excess"":0.0,""drained"":true,""runtime_s"":13.09224050003104,""violation_type"":null}",False,False,[],[],False
h101-o60-d30-heterogeneous-fast,h101-o60-d30,TTFT5.2_TPOT0.6,5.2,0.6,Raw-Remaining,-2,[-2],[-2],1,0.0,1.0,True,False,1.0,0.00021288359999999985,"{""-2"":0.0099348625,""-1"":0.0097219789,""0"":0.0095136569,""1"":0.0093097989,""2"":0.008915094}","{""-2"":0.0099348625,""-1"":0.0097219789,""0"":0.0095136569,""1"":0.0093097989,""2"":0.008915094}",[-2],False,agreement,0.0099348625,0.0099348625,0.0099348625,0.0,0.0,0.0,True,0.0099348625,0.0,"{""safe"":true,""max_ttft_s"":4.592386054369745,""max_native_ttft_s"":4.803736798372374,""max_tpot_s"":0.2163507440037381,""violating_requests"":0,""request_count"":16,""violating_request_fraction"":0.0,""max_ttft_excess_s"":0.0,""max_tpot_excess_s"":0.0,""max_normalized_excess"":0.0,""drained"":true,""runtime_s"":13.09224050003104,""violation_type"":null}",False,False,[],[],False
h101-o60-d30-heterogeneous-fast,h101-o60-d30,TTFT5.2_TPOT0.6,5.2,0.6,Legacy-Full,-2,[-2],[-2],1,0.0,1.0,True,False,1.0,0.00021288359999999985,"{""-2"":0.0097219789,""-1"":0.0095136569,""0"":0.0093097989,""1"":0.0091103091,""2"":0.0087240619}","{""-2"":0.0099348625,""-1"":0.0097219789,""0"":0.0095136569,""1"":0.0093097989,""2"":0.008915094}",[-2],False,agreement,0.0099348625,0.0099348625,0.0097219789,0.0,0.02142793621955008,0.021427936219550078,True,0.0097219789,0.02142793621955008,"{""safe"":true,""max_ttft_s"":4.592386054369745,""max_native_ttft_s"":4.803736798372374,""max_tpot_s"":0.2163507440037381,""violating_requests"":0,""request_count"":16,""violating_request_fraction"":0.0,""max_ttft_excess_s"":0.0,""max_tpot_excess_s"":0.0,""max_normalized_excess"":0.0,""drained"":true,""runtime_s"":15.341628999973182,""violation_type"":null}",False,False,[],[],False
h101-o60-d30-heterogeneous-fast,h101-o60-d30,TTFT5.2_TPOT0.6,5.2,0.6,Legacy-Remaining,-2,[-2],[-2],1,0.0,1.0,True,False,1.0,0.00021288359999999985,"{""-2"":0.0097219789,""-1"":0.0095136569,""0"":0.0093097989,""1"":0.0091103091,""2"":0.0087240619}","{""-2"":0.0099348625,""-1"":0.0097219789,""0"":0.0095136569,""1"":0.0093097989,""2"":0.008915094}",[-2],False,agreement,0.0099348625,0.0099348625,0.0097219789,0.0,0.02142793621955008,0.021427936219550078,True,0.0097219789,0.02142793621955008,"{""safe"":true,""max_ttft_s"":4.592386054369745,""max_native_ttft_s"":4.803736798372374,""max_tpot_s"":0.2163507440037381,""violating_requests"":0,""request_count"":16,""violating_request_fraction"":0.0,""max_ttft_excess_s"":0.0,""max_tpot_excess_s"":0.0,""max_normalized_excess"":0.0,""drained"":true,""runtime_s"":15.341628999973182,""violation_type"":null}",False,False,[],[],False
h101-o60-d30-heterogeneous-fast,h101-o60-d30,TTFT5.2_TPOT1.2,5.2,1.2,Raw-Full,-2,[-2],[-2],1,0.0,1.0,True,False,1.0,0.00021288359999999985,"{""-2"":0.0099348625,""-1"":0.0097219789,""0"":0.0095136569,""1"":0.0093097989,""2"":0.008915094}","{""-2"":0.0099348625,""-1"":0.0097219789,""0"":0.0095136569,""1"":0.0093097989,""2"":0.008915094}",[-2],False,agreement,0.0099348625,0.0099348625,0.0099348625,0.0,0.0,0.0,True,0.0099348625,0.0,"{""safe"":true,""max_ttft_s"":4.592386054369745,""max_native_ttft_s"":4.803736798372374,""max_tpot_s"":0.2163507440037381,""violating_requests"":0,""request_count"":16,""violating_request_fraction"":0.0,""max_ttft_excess_s"":0.0,""max_tpot_excess_s"":0.0,""max_normalized_excess"":0.0,""drained"":true,""runtime_s"":13.09224050003104,""violation_type"":null}",False,False,[],[],False
h101-o60-d30-heterogeneous-fast,h101-o60-d30,TTFT5.2_TPOT1.2,5.2,1.2,Raw-Remaining,-2,[-2],[-2],1,0.0,1.0,True,False,1.0,0.00021288359999999985,"{""-2"":0.0099348625,""-1"":0.0097219789,""0"":0.0095136569,""1"":0.0093097989,""2"":0.008915094}","{""-2"":0.0099348625,""-1"":0.0097219789,""0"":0.0095136569,""1"":0.0093097989,""2"":0.008915094}",[-2],False,agreement,0.0099348625,0.0099348625,0.0099348625,0.0,0.0,0.0,True,0.0099348625,0.0,"{""safe"":true,""max_ttft_s"":4.592386054369745,""max_native_ttft_s"":4.803736798372374,""max_tpot_s"":0.2163507440037381,""violating_requests"":0,""request_count"":16,""violating_request_fraction"":0.0,""max_ttft_excess_s"":0.0,""max_tpot_excess_s"":0.0,""max_normalized_excess"":0.0,""drained"":true,""runtime_s"":13.09224050003104,""violation_type"":null}",False,False,[],[],False
h101-o60-d30-heterogeneous-fast,h101-o60-d30,TTFT5.2_TPOT1.2,5.2,1.2,Legacy-Full,-2,[-2],[-2],1,0.0,1.0,True,False,1.0,0.00021288359999999985,"{""-2"":0.0097219789,""-1"":0.0095136569,""0"":0.0093097989,""1"":0.0091103091,""2"":0.0087240619}","{""-2"":0.0099348625,""-1"":0.0097219789,""0"":0.0095136569,""1"":0.0093097989,""2"":0.008915094}",[-2],False,agreement,0.0099348625,0.0099348625,0.0097219789,0.0,0.02142793621955008,0.021427936219550078,True,0.0097219789,0.02142793621955008,"{""safe"":true,""max_ttft_s"":4.592386054369745,""max_native_ttft_s"":4.803736798372374,""max_tpot_s"":0.2163507440037381,""violating_requests"":0,""request_count"":16,""violating_request_fraction"":0.0,""max_ttft_excess_s"":0.0,""max_tpot_excess_s"":0.0,""max_normalized_excess"":0.0,""drained"":true,""runtime_s"":15.341628999973182,""violation_type"":null}",False,False,[],[],False
h101-o60-d30-heterogeneous-fast,h101-o60-d30,TTFT5.2_TPOT1.2,5.2,1.2,Legacy-Remaining,-2,[-2],[-2],1,0.0,1.0,True,False,1.0,0.00021288359999999985,"{""-2"":0.0097219789,""-1"":0.0095136569,""0"":0.0093097989,""1"":0.0091103091,""2"":0.0087240619}","{""-2"":0.0099348625,""-1"":0.0097219789,""0"":0.0095136569,""1"":0.0093097989,""2"":0.008915094}",[-2],False,agreement,0.0099348625,0.0099348625,0.0097219789,0.0,0.02142793621955008,0.021427936219550078,True,0.0097219789,0.02142793621955008,"{""safe"":true,""max_ttft_s"":4.592386054369745,""max_native_ttft_s"":4.803736798372374,""max_tpot_s"":0.2163507440037381,""violating_requests"":0,""request_count"":16,""violating_request_fraction"":0.0,""max_ttft_excess_s"":0.0,""max_tpot_excess_s"":0.0,""max_normalized_excess"":0.0,""drained"":true,""runtime_s"":15.341628999973182,""violation_type"":null}",False,False,[],[],False
h101-o60-d30-heterogeneous-fast,h101-o60-d30,TTFT5.2_TPOT2.4,5.2,2.4,Raw-Full,-2,[-2],"[0,1,2]",4,0.002233312099999999,0.9170040425572186,False,False,-0.8660254037844386,0.0,"{""-2"":0.0099348625,""-1"":0.0097219789,""0"":0.0095136569,""1"":0.0093097989,""2"":0.008915094}","{""-2"":0.0246753732,""-1"":0.0246753732,""0"":0.0269086853,""1"":0.0269086853,""2"":0.0269086853}",[],False,strict best-set mismatch,0.0269086853,0.0246753732,0.0099348625,0.08299595744278143,0.6307934635513389,0.5477975061085575,True,0.0099348625,0.6307934635513389,"{""safe"":true,""max_ttft_s"":4.592386054369745,""max_native_ttft_s"":4.803736798372374,""max_tpot_s"":0.2163507440037381,""violating_requests"":0,""request_count"":16,""violating_request_fraction"":0.0,""max_ttft_excess_s"":0.0,""max_tpot_excess_s"":0.0,""max_normalized_excess"":0.0,""drained"":true,""runtime_s"":13.09224050003104,""violation_type"":null}",True,False,[],[],True
h101-o60-d30-heterogeneous-fast,h101-o60-d30,TTFT5.2_TPOT2.4,5.2,2.4,Raw-Remaining,-2,[-2],"[0,1,2]",4,0.002233312099999999,0.9170040425572186,False,False,-0.8660254037844386,0.0,"{""-2"":0.0099348625,""-1"":0.0097219789,""0"":0.0095136569,""1"":0.0093097989,""2"":0.008915094}","{""-2"":0.0246753732,""-1"":0.0246753732,""0"":0.0269086853,""1"":0.0269086853,""2"":0.0269086853}",[],False,strict best-set mismatch,0.0269086853,0.0246753732,0.0099348625,0.08299595744278143,0.6307934635513389,0.5477975061085575,True,0.0099348625,0.6307934635513389,"{""safe"":true,""max_ttft_s"":4.592386054369745,""max_native_ttft_s"":4.803736798372374,""max_tpot_s"":0.2163507440037381,""violating_requests"":0,""request_count"":16,""violating_request_fraction"":0.0,""max_ttft_excess_s"":0.0,""max_tpot_excess_s"":0.0,""max_normalized_excess"":0.0,""drained"":true,""runtime_s"":13.09224050003104,""violation_type"":null}",True,False,[],[],True
h101-o60-d30-heterogeneous-fast,h101-o60-d30,TTFT5.2_TPOT2.4,5.2,2.4,Legacy-Full,-2,[-2],"[0,1,2]",4,0.002233312099999999,0.9170040425572186,False,False,-0.8660254037844386,0.0,"{""-2"":0.0097219789,""-1"":0.0095136569,""0"":0.0093097989,""1"":0.0091103091,""2"":0.0087240619}","{""-2"":0.0246753732,""-1"":0.0246753732,""0"":0.0269086853,""1"":0.0269086853,""2"":0.0269086853}",[],False,strict best-set mismatch,0.0269086853,0.0246753732,0.0097219789,0.08299595744278143,0.6387047976662018,0.5557088402234204,True,0.0097219789,0.6387047976662018,"{""safe"":true,""max_ttft_s"":4.592386054369745,""max_native_ttft_s"":4.803736798372374,""max_tpot_s"":0.2163507440037381,""violating_requests"":0,""request_count"":16,""violating_request_fraction"":0.0,""max_ttft_excess_s"":0.0,""max_tpot_excess_s"":0.0,""max_normalized_excess"":0.0,""drained"":true,""runtime_s"":15.341628999973182,""violation_type"":null}",True,False,[],[],True
h101-o60-d30-heterogeneous-fast,h101-o60-d30,TTFT5.2_TPOT2.4,5.2,2.4,Legacy-Remaining,-2,[-2],"[0,1,2]",4,0.002233312099999999,0.9170040425572186,False,False,-0.8660254037844386,0.0,"{""-2"":0.0097219789,""-1"":0.0095136569,""0"":0.0093097989,""1"":0.0091103091,""2"":0.0087240619}","{""-2"":0.0246753732,""-1"":0.0246753732,""0"":0.0269086853,""1"":0.0269086853,""2"":0.0269086853}",[],False,strict best-set mismatch,0.0269086853,0.0246753732,0.0097219789,0.08299595744278143,0.6387047976662018,0.5557088402234204,True,0.0097219789,0.6387047976662018,"{""safe"":true,""max_ttft_s"":4.592386054369745,""max_native_ttft_s"":4.803736798372374,""max_tpot_s"":0.2163507440037381,""violating_requests"":0,""request_count"":16,""violating_request_fraction"":0.0,""max_ttft_excess_s"":0.0,""max_tpot_excess_s"":0.0,""max_normalized_excess"":0.0,""drained"":true,""runtime_s"":15.341628999973182,""violation_type"":null}",True,False,[],[],True
h101-o60-d30-heterogeneous-fast,h101-o60-d30,TTFT5.2_TPOT5,5.2,5.0,Raw-Full,0,"[-2,-1,0,1,2]",[0],1,0.0,1.0,True,False,,1.3542156285999987,"{""-2"":0.663981852,""-1"":0.663981852,""0"":0.663981852,""1"":0.663981852,""2"":0.663981852}","{""-2"":9.5332340431,""-1"":11.0940614405,""0"":13.1931367994,""1"":11.8389211708,""2"":10.3960654413}",[0],False,agreement,13.1931367994,13.1931367994,0.663981852,0.0,0.9496721771254433,0.9496721771254432,True,0.663981852,0.9496721771254433,"{""safe"":true,""max_ttft_s"":4.579256622072561,""max_native_ttft_s"":5.381644119962146,""max_tpot_s"":4.589767385603243,""violating_requests"":0,""request_count"":16,""violating_request_fraction"":0.0,""max_ttft_excess_s"":0.0,""max_tpot_excess_s"":0.0,""max_normalized_excess"":0.0,""drained"":true,""runtime_s"":15.347372700052802,""violation_type"":null}",False,False,[],[],True
h101-o60-d30-heterogeneous-fast,h101-o60-d30,TTFT5.2_TPOT5,5.2,5.0,Raw-Remaining,0,"[-2,-1,0,1,2]",[0],1,0.0,1.0,True,False,,1.3542156285999987,"{""-2"":1.024,""-1"":1.024,""0"":1.024,""1"":1.024,""2"":1.024}","{""-2"":9.5332340431,""-1"":11.0940614405,""0"":13.1931367994,""1"":11.8389211708,""2"":10.3960654413}",[0],False,agreement,13.1931367994,13.1931367994,1.024,0.0,0.9223838867458292,0.9223838867458292,True,1.024,0.9223838867458292,"{""safe"":true,""max_ttft_s"":4.550917935311628,""max_native_ttft_s"":5.383883026524829,""max_tpot_s"":4.609911270403239,""violating_requests"":0,""request_count"":16,""violating_request_fraction"":0.0,""max_ttft_excess_s"":0.0,""max_tpot_excess_s"":0.0,""max_normalized_excess"":0.0,""drained"":true,""runtime_s"":9.545197599974927,""violation_type"":null}",False,False,[],[],True
h101-o60-d30-heterogeneous-fast,h101-o60-d30,TTFT5.2_TPOT5,5.2,5.0,Legacy-Full,0,"[-2,-1,0,1,2]",[0],1,0.0,1.0,True,False,,1.3542156285999987,"{""-2"":0.663981852,""-1"":0.663981852,""0"":0.663981852,""1"":0.663981852,""2"":0.663981852}","{""-2"":9.5332340431,""-1"":11.0940614405,""0"":13.1931367994,""1"":11.8389211708,""2"":10.3960654413}",[0],False,agreement,13.1931367994,13.1931367994,0.663981852,0.0,0.9496721771254433,0.9496721771254432,True,0.663981852,0.9496721771254433,"{""safe"":true,""max_ttft_s"":4.579256622072561,""max_native_ttft_s"":5.381644119962146,""max_tpot_s"":4.589767385603243,""violating_requests"":0,""request_count"":16,""violating_request_fraction"":0.0,""max_ttft_excess_s"":0.0,""max_tpot_excess_s"":0.0,""max_normalized_excess"":0.0,""drained"":true,""runtime_s"":15.347372700052802,""violation_type"":null}",False,False,[],[],True
h101-o60-d30-heterogeneous-fast,h101-o60-d30,TTFT5.2_TPOT5,5.2,5.0,Legacy-Remaining,0,"[-2,-1,0,1,2]",[0],1,0.0,1.0,True,False,,1.3542156285999987,"{""-2"":1.024,""-1"":1.024,""0"":1.024,""1"":1.024,""2"":1.024}","{""-2"":9.5332340431,""-1"":11.0940614405,""0"":13.1931367994,""1"":11.8389211708,""2"":10.3960654413}",[0],False,agreement,13.1931367994,13.1931367994,1.024,0.0,0.9223838867458292,0.9223838867458292,True,1.024,0.9223838867458292,"{""safe"":true,""max_ttft_s"":4.550917935311628,""max_native_ttft_s"":5.383883026524829,""max_tpot_s"":4.609911270403239,""violating_requests"":0,""request_count"":16,""violating_request_fraction"":0.0,""max_ttft_excess_s"":0.0,""max_tpot_excess_s"":0.0,""max_normalized_excess"":0.0,""drained"":true,""runtime_s"":9.545197599974927,""violation_type"":null}",False,False,[],[],True
h101-o60-d30-heterogeneous-fast,h101-o60-d30,TTFT5.2_TPOT10,5.2,10.0,Raw-Full,2,[2],[0],4,2.7970713581,0.7879904225485477,False,False,0.22360679774997896,1.3542156285999987,"{""-2"":3.0907687477,""-1"":3.8382953147,""0"":3.8382953147,""1"":3.8382953147,""2"":4.096}","{""-2"":9.5332340431,""-1"":11.0940614405,""0"":13.1931367994,""1"":11.8389211708,""2"":10.3960654413}",[],False,strict best-set mismatch,13.1931367994,10.3960654413,4.096,0.21200957745145232,0.6895355469833164,0.4775259695318641,True,4.096,0.6895355469833164,"{""safe"":true,""max_ttft_s"":4.464898054374372,""max_native_ttft_s"":7.3471492738887685,""max_tpot_s"":4.4526222058615605,""violating_requests"":0,""request_count"":16,""violating_request_fraction"":0.0,""max_ttft_excess_s"":0.0,""max_tpot_excess_s"":0.0,""max_normalized_excess"":0.0,""drained"":true,""runtime_s"":9.501334500033408,""violation_type"":null}",False,False,[],[],False
h101-o60-d30-heterogeneous-fast,h101-o60-d30,TTFT5.2_TPOT10,5.2,10.0,Raw-Remaining,0,"[0,1,2]",[0],1,0.0,1.0,True,False,0.5773502691896257,1.3542156285999987,"{""-2"":7.512097122,""-1"":7.512097122,""0"":7.8446860755,""1"":7.8446860755,""2"":7.8446860755}","{""-2"":9.5332340431,""-1"":11.0940614405,""0"":13.1931367994,""1"":11.8389211708,""2"":10.3960654413}",[0],False,agreement,13.1931367994,13.1931367994,7.8446860755,0.0,0.40539644250056117,0.40539644250056117,True,7.8446860755,0.40539644250056117,"{""safe"":true,""max_ttft_s"":4.52864205437441,""max_native_ttft_s"":6.469475400743167,""max_tpot_s"":3.456047036535164,""violating_requests"":0,""request_count"":16,""violating_request_fraction"":0.0,""max_ttft_excess_s"":0.0,""max_tpot_excess_s"":0.0,""max_normalized_excess"":0.0,""drained"":true,""runtime_s"":15.218062900006771,""violation_type"":null}",False,False,[],[],True
h101-o60-d30-heterogeneous-fast,h101-o60-d30,TTFT5.2_TPOT10,5.2,10.0,Legacy-Full,2,[2],[0],4,2.7970713581,0.7879904225485477,False,False,0.22360679774997896,1.3542156285999987,"{""-2"":3.0907687477,""-1"":3.756048561,""0"":3.756048561,""1"":3.756048561,""2"":4.096}","{""-2"":9.5332340431,""-1"":11.0940614405,""0"":13.1931367994,""1"":11.8389211708,""2"":10.3960654413}",[],False,strict best-set mismatch,13.1931367994,10.3960654413,4.096,0.21200957745145232,0.6895355469833164,0.4775259695318641,True,4.096,0.6895355469833164,"{""safe"":true,""max_ttft_s"":4.464898054374372,""max_native_ttft_s"":7.3471492738887685,""max_tpot_s"":4.4526222058615605,""violating_requests"":0,""request_count"":16,""violating_request_fraction"":0.0,""max_ttft_excess_s"":0.0,""max_tpot_excess_s"":0.0,""max_normalized_excess"":0.0,""drained"":true,""runtime_s"":9.501334500033408,""violation_type"":null}",False,False,[],[],False
h101-o60-d30-heterogeneous-fast,h101-o60-d30,TTFT5.2_TPOT10,5.2,10.0,Legacy-Remaining,0,"[0,1,2]",[0],1,0.0,1.0,True,False,0.5773502691896257,1.3542156285999987,"{""-2"":7.512097122,""-1"":7.512097122,""0"":7.8446860755,""1"":7.8446860755,""2"":7.8446860755}","{""-2"":9.5332340431,""-1"":11.0940614405,""0"":13.1931367994,""1"":11.8389211708,""2"":10.3960654413}",[0],False,agreement,13.1931367994,13.1931367994,7.8446860755,0.0,0.40539644250056117,0.40539644250056117,True,7.8446860755,0.40539644250056117,"{""safe"":true,""max_ttft_s"":4.52864205437441,""max_native_ttft_s"":6.469475400743167,""max_tpot_s"":3.456047036535164,""violating_requests"":0,""request_count"":16,""violating_request_fraction"":0.0,""max_ttft_excess_s"":0.0,""max_tpot_excess_s"":0.0,""max_normalized_excess"":0.0,""drained"":true,""runtime_s"":15.218062900006771,""violation_type"":null}",False,False,[],[],True
h101-o60-d30-heterogeneous-fast,h101-o60-d30,TTFT4.68_TPOT1.2,4.68,1.2,Raw-Full,-2,[-2],[-2],1,0.0,1.0,True,False,1.0,0.00021288359999999985,"{""-2"":0.0099348625,""-1"":0.0097219789,""0"":0.0095136569,""1"":0.0093097989,""2"":0.008915094}","{""-2"":0.0099348625,""-1"":0.0097219789,""0"":0.0095136569,""1"":0.0093097989,""2"":0.008915094}",[-2],False,agreement,0.0099348625,0.0099348625,0.0099348625,0.0,0.0,0.0,True,0.0099348625,0.0,"{""safe"":true,""max_ttft_s"":4.592386054369745,""max_native_ttft_s"":4.803736798372374,""max_tpot_s"":0.2163507440037381,""violating_requests"":0,""request_count"":16,""violating_request_fraction"":0.0,""max_ttft_excess_s"":0.0,""max_tpot_excess_s"":0.0,""max_normalized_excess"":0.0,""drained"":true,""runtime_s"":13.09224050003104,""violation_type"":null}",False,False,[],[],False
h101-o60-d30-heterogeneous-fast,h101-o60-d30,TTFT4.68_TPOT1.2,4.68,1.2,Raw-Remaining,-2,[-2],[-2],1,0.0,1.0,True,False,1.0,0.00021288359999999985,"{""-2"":0.0099348625,""-1"":0.0097219789,""0"":0.0095136569,""1"":0.0093097989,""2"":0.008915094}","{""-2"":0.0099348625,""-1"":0.0097219789,""0"":0.0095136569,""1"":0.0093097989,""2"":0.008915094}",[-2],False,agreement,0.0099348625,0.0099348625,0.0099348625,0.0,0.0,0.0,True,0.0099348625,0.0,"{""safe"":true,""max_ttft_s"":4.592386054369745,""max_native_ttft_s"":4.803736798372374,""max_tpot_s"":0.2163507440037381,""violating_requests"":0,""request_count"":16,""violating_request_fraction"":0.0,""max_ttft_excess_s"":0.0,""max_tpot_excess_s"":0.0,""max_normalized_excess"":0.0,""drained"":true,""runtime_s"":13.09224050003104,""violation_type"":null}",False,False,[],[],False
h101-o60-d30-heterogeneous-fast,h101-o60-d30,TTFT4.68_TPOT1.2,4.68,1.2,Legacy-Full,-2,[-2],[-2],1,0.0,1.0,True,False,1.0,0.00021288359999999985,"{""-2"":0.0097219789,""-1"":0.0095136569,""0"":0.0093097989,""1"":0.0091103091,""2"":0.0087240619}","{""-2"":0.0099348625,""-1"":0.0097219789,""0"":0.0095136569,""1"":0.0093097989,""2"":0.008915094}",[-2],False,agreement,0.0099348625,0.0099348625,0.0097219789,0.0,0.02142793621955008,0.021427936219550078,True,0.0097219789,0.02142793621955008,"{""safe"":true,""max_ttft_s"":4.592386054369745,""max_native_ttft_s"":4.803736798372374,""max_tpot_s"":0.2163507440037381,""violating_requests"":0,""request_count"":16,""violating_request_fraction"":0.0,""max_ttft_excess_s"":0.0,""max_tpot_excess_s"":0.0,""max_normalized_excess"":0.0,""drained"":true,""runtime_s"":15.341628999973182,""violation_type"":null}",False,False,[],[],False
h101-o60-d30-heterogeneous-fast,h101-o60-d30,TTFT4.68_TPOT1.2,4.68,1.2,Legacy-Remaining,-2,[-2],[-2],1,0.0,1.0,True,False,1.0,0.00021288359999999985,"{""-2"":0.0097219789,""-1"":0.0095136569,""0"":0.0093097989,""1"":0.0091103091,""2"":0.0087240619}","{""-2"":0.0099348625,""-1"":0.0097219789,""0"":0.0095136569,""1"":0.0093097989,""2"":0.008915094}",[-2],False,agreement,0.0099348625,0.0099348625,0.0097219789,0.0,0.02142793621955008,0.021427936219550078,True,0.0097219789,0.02142793621955008,"{""safe"":true,""max_ttft_s"":4.592386054369745,""max_native_ttft_s"":4.803736798372374,""max_tpot_s"":0.2163507440037381,""violating_requests"":0,""request_count"":16,""violating_request_fraction"":0.0,""max_ttft_excess_s"":0.0,""max_tpot_excess_s"":0.0,""max_normalized_excess"":0.0,""drained"":true,""runtime_s"":15.341628999973182,""violation_type"":null}",False,False,[],[],False
h101-o60-d30-heterogeneous-fast,h101-o60-d30,TTFT4.68_TPOT10,4.68,10.0,Raw-Full,2,[2],[0],3,1.6885479676,0.8228777390793061,False,False,0.3441236008058426,0.9785432175000004,"{""-2"":3.0907687477,""-1"":3.8382953147,""0"":3.8382953147,""1"":3.8382953147,""2"":4.096}","{""-2"":7.1936088489,""-1"":7.8446860755,""0"":9.5332340431,""1"":8.5546908256,""2"":7.8446860755}",[],False,strict best-set mismatch,9.5332340431,7.8446860755,4.096,0.17712226092069394,0.570345175469114,0.39322291454842,True,4.096,0.570345175469114,"{""safe"":true,""max_ttft_s"":4.464898054374372,""max_native_ttft_s"":7.3471492738887685,""max_tpot_s"":4.4526222058615605,""violating_requests"":0,""request_count"":16,""violating_request_fraction"":0.0,""max_ttft_excess_s"":0.0,""max_tpot_excess_s"":0.0,""max_normalized_excess"":0.0,""drained"":true,""runtime_s"":9.501334500033408,""violation_type"":null}",False,False,[],[],True
h101-o60-d30-heterogeneous-fast,h101-o60-d30,TTFT4.68_TPOT10,4.68,10.0,Raw-Remaining,0,"[0,1,2]",[0],1,0.0,1.0,True,False,0.7404360971988654,0.9785432175000004,"{""-2"":7.512097122,""-1"":7.512097122,""0"":7.8446860755,""1"":7.8446860755,""2"":7.8446860755}","{""-2"":7.1936088489,""-1"":7.8446860755,""0"":9.5332340431,""1"":8.5546908256,""2"":7.8446860755}",[0],False,agreement,9.5332340431,9.5332340431,7.8446860755,0.0,0.17712226092069394,0.1771222609206939,True,7.8446860755,0.17712226092069394,"{""safe"":true,""max_ttft_s"":4.52864205437441,""max_native_ttft_s"":6.469475400743167,""max_tpot_s"":3.456047036535164,""violating_requests"":0,""request_count"":16,""violating_request_fraction"":0.0,""max_ttft_excess_s"":0.0,""max_tpot_excess_s"":0.0,""max_normalized_excess"":0.0,""drained"":true,""runtime_s"":15.218062900006771,""violation_type"":null}",False,False,[],[],True
h101-o60-d30-heterogeneous-fast,h101-o60-d30,TTFT4.68_TPOT10,4.68,10.0,Legacy-Full,2,[2],[0],3,1.6885479676,0.8228777390793061,False,False,0.3441236008058426,0.9785432175000004,"{""-2"":3.0907687477,""-1"":3.756048561,""0"":3.756048561,""1"":3.756048561,""2"":4.096}","{""-2"":7.1936088489,""-1"":7.8446860755,""0"":9.5332340431,""1"":8.5546908256,""2"":7.8446860755}",[],False,strict best-set mismatch,9.5332340431,7.8446860755,4.096,0.17712226092069394,0.570345175469114,0.39322291454842,True,4.096,0.570345175469114,"{""safe"":true,""max_ttft_s"":4.464898054374372,""max_native_ttft_s"":7.3471492738887685,""max_tpot_s"":4.4526222058615605,""violating_requests"":0,""request_count"":16,""violating_request_fraction"":0.0,""max_ttft_excess_s"":0.0,""max_tpot_excess_s"":0.0,""max_normalized_excess"":0.0,""drained"":true,""runtime_s"":9.501334500033408,""violation_type"":null}",False,False,[],[],True
h101-o60-d30-heterogeneous-fast,h101-o60-d30,TTFT4.68_TPOT10,4.68,10.0,Legacy-Remaining,0,"[0,1,2]",[0],1,0.0,1.0,True,False,0.7404360971988654,0.9785432175000004,"{""-2"":7.512097122,""-1"":7.512097122,""0"":7.8446860755,""1"":7.8446860755,""2"":7.8446860755}","{""-2"":7.1936088489,""-1"":7.8446860755,""0"":9.5332340431,""1"":8.5546908256,""2"":7.8446860755}",[0],False,agreement,9.5332340431,9.5332340431,7.8446860755,0.0,0.17712226092069394,0.1771222609206939,True,7.8446860755,0.17712226092069394,"{""safe"":true,""max_ttft_s"":4.52864205437441,""max_native_ttft_s"":6.469475400743167,""max_tpot_s"":3.456047036535164,""violating_requests"":0,""request_count"":16,""violating_request_fraction"":0.0,""max_ttft_excess_s"":0.0,""max_tpot_excess_s"":0.0,""max_normalized_excess"":0.0,""drained"":true,""runtime_s"":15.218062900006771,""violation_type"":null}",False,False,[],[],True
h102-o300-d120-heterogeneous-slow,h102-o300-d120,TTFT5.2_TPOT0.3,5.2,0.3,Raw-Full,-2,[-2],[-2],1,0.0,1.0,True,False,1.0,0.00017901310000000004,"{""-2"":0.0083541903,""-1"":0.0081751772,""0"":0.008,""1"":0.0076608262,""2"":0.0074966705}","{""-2"":0.0083541903,""-1"":0.0081751772,""0"":0.008,""1"":0.0076608262,""2"":0.0074966705}",[-2],False,agreement,0.0083541903,0.0083541903,0.0083541903,0.0,0.0,0.0,True,0.0083541903,0.0,"{""safe"":true,""max_ttft_s"":4.937711073248356,""max_native_ttft_s"":5.149337102068675,""max_tpot_s"":0.21662602882031934,""violating_requests"":0,""request_count"":54,""violating_request_fraction"":0.0,""max_ttft_excess_s"":0.0,""max_tpot_excess_s"":0.0,""max_normalized_excess"":0.0,""drained"":true,""runtime_s"":47.18106760003138,""violation_type"":null}",False,False,[],[],False
h102-o300-d120-heterogeneous-slow,h102-o300-d120,TTFT5.2_TPOT0.3,5.2,0.3,Raw-Remaining,-2,[-2],[-2],1,0.0,1.0,True,False,1.0,0.00017901310000000004,"{""-2"":0.0083541903,""-1"":0.0081751772,""0"":0.008,""1"":0.0076608262,""2"":0.0074966705}","{""-2"":0.0083541903,""-1"":0.0081751772,""0"":0.008,""1"":0.0076608262,""2"":0.0074966705}",[-2],False,agreement,0.0083541903,0.0083541903,0.0083541903,0.0,0.0,0.0,True,0.0083541903,0.0,"{""safe"":true,""max_ttft_s"":4.937711073248356,""max_native_ttft_s"":5.149337102068675,""max_tpot_s"":0.21662602882031934,""violating_requests"":0,""request_count"":54,""violating_request_fraction"":0.0,""max_ttft_excess_s"":0.0,""max_tpot_excess_s"":0.0,""max_normalized_excess"":0.0,""drained"":true,""runtime_s"":47.18106760003138,""violation_type"":null}",False,False,[],[],False
h102-o300-d120-heterogeneous-slow,h102-o300-d120,TTFT5.2_TPOT0.3,5.2,0.3,Legacy-Full,-2,[-2],[-2],1,0.0,1.0,True,False,1.0,0.00017901310000000004,"{""-2"":0.0081751772,""-1"":0.008,""0"":0.0078285765,""1"":0.0074966705,""2"":0.0073360323}","{""-2"":0.0083541903,""-1"":0.0081751772,""0"":0.008,""1"":0.0076608262,""2"":0.0074966705}",[-2],False,agreement,0.0083541903,0.0083541903,0.0081751772,0.0,0.02142794137691595,0.02142794137691597,True,0.0081751772,0.02142794137691595,"{""safe"":true,""max_ttft_s"":4.937711073248356,""max_native_ttft_s"":5.149337102068675,""max_tpot_s"":0.21662602882031934,""violating_requests"":0,""request_count"":54,""violating_request_fraction"":0.0,""max_ttft_excess_s"":0.0,""max_tpot_excess_s"":0.0,""max_normalized_excess"":0.0,""drained"":true,""runtime_s"":42.301004000008106,""violation_type"":null}",False,False,[],[],False
h102-o300-d120-heterogeneous-slow,h102-o300-d120,TTFT5.2_TPOT0.3,5.2,0.3,Legacy-Remaining,-2,[-2],[-2],1,0.0,1.0,True,False,1.0,0.00017901310000000004,"{""-2"":0.0081751772,""-1"":0.008,""0"":0.0078285765,""1"":0.0074966705,""2"":0.0073360323}","{""-2"":0.0083541903,""-1"":0.0081751772,""0"":0.008,""1"":0.0076608262,""2"":0.0074966705}",[-2],False,agreement,0.0083541903,0.0083541903,0.0081751772,0.0,0.02142794137691595,0.02142794137691597,True,0.0081751772,0.02142794137691595,"{""safe"":true,""max_ttft_s"":4.937711073248356,""max_native_ttft_s"":5.149337102068675,""max_tpot_s"":0.21662602882031934,""violating_requests"":0,""request_count"":54,""violating_request_fraction"":0.0,""max_ttft_excess_s"":0.0,""max_tpot_excess_s"":0.0,""max_normalized_excess"":0.0,""drained"":true,""runtime_s"":42.301004000008106,""violation_type"":null}",False,False,[],[],False
h102-o300-d120-heterogeneous-slow,h102-o300-d120,TTFT5.2_TPOT0.6,5.2,0.6,Raw-Full,-2,[-2],[-2],1,0.0,1.0,True,False,1.0,0.0002321512999999987,"{""-2"":0.0083541903,""-1"":0.0081751772,""0"":0.008,""1"":0.0076608262,""2"":0.0074966705}","{""-2"":0.0108340444,""-1"":0.0106018931,""0"":0.0103747164,""1"":0.0099348625,""2"":0.0097219789}",[-2],False,agreement,0.0108340444,0.0108340444,0.0083541903,0.0,0.22889458529448148,0.2288945852944815,True,0.0083541903,0.22889458529448148,"{""safe"":true,""max_ttft_s"":4.937711073248356,""max_native_ttft_s"":5.149337102068675,""max_tpot_s"":0.21662602882031934,""violating_requests"":0,""request_count"":54,""violating_request_fraction"":0.0,""max_ttft_excess_s"":0.0,""max_tpot_excess_s"":0.0,""max_normalized_excess"":0.0,""drained"":true,""runtime_s"":47.18106760003138,""violation_type"":null}",True,False,[],[],True
h102-o300-d120-heterogeneous-slow,h102-o300-d120,TTFT5.2_TPOT0.6,5.2,0.6,Raw-Remaining,-2,[-2],[-2],1,0.0,1.0,True,False,1.0,0.0002321512999999987,"{""-2"":0.0083541903,""-1"":0.0081751772,""0"":0.008,""1"":0.0076608262,""2"":0.0074966705}","{""-2"":0.0108340444,""-1"":0.0106018931,""0"":0.0103747164,""1"":0.0099348625,""2"":0.0097219789}",[-2],False,agreement,0.0108340444,0.0108340444,0.0083541903,0.0,0.22889458529448148,0.2288945852944815,True,0.0083541903,0.22889458529448148,"{""safe"":true,""max_ttft_s"":4.937711073248356,""max_native_ttft_s"":5.149337102068675,""max_tpot_s"":0.21662602882031934,""violating_requests"":0,""request_count"":54,""violating_request_fraction"":0.0,""max_ttft_excess_s"":0.0,""max_tpot_excess_s"":0.0,""max_normalized_excess"":0.0,""drained"":true,""runtime_s"":47.18106760003138,""violation_type"":null}",True,False,[],[],True
h102-o300-d120-heterogeneous-slow,h102-o300-d120,TTFT5.2_TPOT0.6,5.2,0.6,Legacy-Full,-2,[-2],[-2],1,0.0,1.0,True,False,1.0,0.0002321512999999987,"{""-2"":0.0081751772,""-1"":0.008,""0"":0.0078285765,""1"":0.0074966705,""2"":0.0073360323}","{""-2"":0.0108340444,""-1"":0.0106018931,""0"":0.0103747164,""1"":0.0099348625,""2"":0.0097219789}",[-2],False,agreement,0.0108340444,0.0108340444,0.0081751772,0.0,0.24541778691621385,0.24541778691621385,True,0.0081751772,0.24541778691621385,"{""safe"":true,""max_ttft_s"":4.937711073248356,""max_native_ttft_s"":5.149337102068675,""max_tpot_s"":0.21662602882031934,""violating_requests"":0,""request_count"":54,""violating_request_fraction"":0.0,""max_ttft_excess_s"":0.0,""max_tpot_excess_s"":0.0,""max_normalized_excess"":0.0,""drained"":true,""runtime_s"":42.301004000008106,""violation_type"":null}",True,False,[],[],True
h102-o300-d120-heterogeneous-slow,h102-o300-d120,TTFT5.2_TPOT0.6,5.2,0.6,Legacy-Remaining,-2,[-2],[-2],1,0.0,1.0,True,False,1.0,0.0002321512999999987,"{""-2"":0.0081751772,""-1"":0.008,""0"":0.0078285765,""1"":0.0074966705,""2"":0.0073360323}","{""-2"":0.0108340444,""-1"":0.0106018931,""0"":0.0103747164,""1"":0.0099348625,""2"":0.0097219789}",[-2],False,agreement,0.0108340444,0.0108340444,0.0081751772,0.0,0.24541778691621385,0.24541778691621385,True,0.0081751772,0.24541778691621385,"{""safe"":true,""max_ttft_s"":4.937711073248356,""max_native_ttft_s"":5.149337102068675,""max_tpot_s"":0.21662602882031934,""violating_requests"":0,""request_count"":54,""violating_request_fraction"":0.0,""max_ttft_excess_s"":0.0,""max_tpot_excess_s"":0.0,""max_normalized_excess"":0.0,""drained"":true,""runtime_s"":42.301004000008106,""violation_type"":null}",True,False,[],[],True
h102-o300-d120-heterogeneous-slow,h102-o300-d120,TTFT5.2_TPOT1.2,5.2,1.2,Raw-Full,-1,"[-2,-1]",[-2],2,0.0002321512999999987,0.9785720556951014,False,False,0.9733285267845753,0.0002321512999999987,"{""-2"":0.0108340444,""-1"":0.0108340444,""0"":0.0103747164,""1"":0.0099348625,""2"":0.0099348625}","{""-2"":0.0108340444,""-1"":0.0106018931,""0"":0.0103747164,""1"":0.0099348625,""2"":0.0099348625}",[-2],False,tie-break mismatch,0.0108340444,0.0106018931,0.0108340444,0.021427944304898583,0.0,-0.02142794430489861,False,0.0,1.0,"{""safe"":false,""max_ttft_s"":4.907119073229187,""max_native_ttft_s"":5.1251451020479,""max_tpot_s"":4.748432323546585,""violating_requests"":3,""request_count"":54,""violating_request_fraction"":0.05555555555555555,""max_ttft_excess_s"":0.0,""max_tpot_excess_s"":3.548432323546585,""max_normalized_excess"":2.957026936288821,""drained"":true,""runtime_s"":43.584035599953495,""violation_type"":""TPOT only""}",False,False,[],[],True
h102-o300-d120-heterogeneous-slow,h102-o300-d120,TTFT5.2_TPOT1.2,5.2,1.2,Raw-Remaining,-1,"[-2,-1]",[-2],2,0.0002321512999999987,0.9785720556951014,False,False,0.9733285267845753,0.0002321512999999987,"{""-2"":0.0108340444,""-1"":0.0108340444,""0"":0.0103747164,""1"":0.0099348625,""2"":0.0099348625}","{""-2"":0.0108340444,""-1"":0.0106018931,""0"":0.0103747164,""1"":0.0099348625,""2"":0.0099348625}",[-2],False,tie-break mismatch,0.0108340444,0.0106018931,0.0108340444,0.021427944304898583,0.0,-0.02142794430489861,False,0.0,1.0,"{""safe"":false,""max_ttft_s"":4.907119073229187,""max_native_ttft_s"":5.1251451020479,""max_tpot_s"":4.748432323546585,""violating_requests"":3,""request_count"":54,""violating_request_fraction"":0.05555555555555555,""max_ttft_excess_s"":0.0,""max_tpot_excess_s"":3.548432323546585,""max_normalized_excess"":2.957026936288821,""drained"":true,""runtime_s"":43.584035599953495,""violation_type"":""TPOT only""}",False,False,[],[],True
h102-o300-d120-heterogeneous-slow,h102-o300-d120,TTFT5.2_TPOT1.2,5.2,1.2,Legacy-Full,-2,[-2],[-2],1,0.0,1.0,True,False,0.9210526315789473,0.0002321512999999987,"{""-2"":0.0108340444,""-1"":0.0103747164,""0"":0.0099348625,""1"":0.0099348625,""2"":0.0097219789}","{""-2"":0.0108340444,""-1"":0.0106018931,""0"":0.0103747164,""1"":0.0099348625,""2"":0.0099348625}",[-2],False,agreement,0.0108340444,0.0108340444,0.0108340444,0.0,0.0,0.0,True,0.0108340444,0.0,"{""safe"":true,""max_ttft_s"":4.937711073228347,""max_native_ttft_s"":5.1493371020486665,""max_tpot_s"":0.47989437538456514,""violating_requests"":0,""request_count"":54,""violating_request_fraction"":0.0,""max_ttft_excess_s"":0.0,""max_tpot_excess_s"":0.0,""max_normalized_excess"":0.0,""drained"":true,""runtime_s"":43.65511419996619,""violation_type"":null}",False,False,[],[],True
h102-o300-d120-heterogeneous-slow,h102-o300-d120,TTFT5.2_TPOT1.2,5.2,1.2,Legacy-Remaining,-2,[-2],[-2],1,0.0,1.0,True,False,0.9210526315789473,0.0002321512999999987,"{""-2"":0.0108340444,""-1"":0.0103747164,""0"":0.0099348625,""1"":0.0099348625,""2"":0.0097219789}","{""-2"":0.0108340444,""-1"":0.0106018931,""0"":0.0103747164,""1"":0.0099348625,""2"":0.0099348625}",[-2],False,agreement,0.0108340444,0.0108340444,0.0108340444,0.0,0.0,0.0,True,0.0108340444,0.0,"{""safe"":true,""max_ttft_s"":4.937711073228347,""max_native_ttft_s"":5.1493371020486665,""max_tpot_s"":0.47989437538456514,""violating_requests"":0,""request_count"":54,""violating_request_fraction"":0.0,""max_ttft_excess_s"":0.0,""max_tpot_excess_s"":0.0,""max_normalized_excess"":0.0,""drained"":true,""runtime_s"":43.65511419996619,""violation_type"":null}",False,False,[],[],True
h102-o300-d120-heterogeneous-slow,h102-o300-d120,TTFT5.2_TPOT2.4,5.2,2.4,Raw-Full,-1,"[-2,-1]",[-2],2,0.0002321512999999987,0.9785720556951014,False,False,0.9733285267845753,0.0002321512999999987,"{""-2"":0.0108340444,""-1"":0.0108340444,""0"":0.0103747164,""1"":0.0099348625,""2"":0.0099348625}","{""-2"":0.0108340444,""-1"":0.0106018931,""0"":0.0103747164,""1"":0.0099348625,""2"":0.0099348625}",[-2],False,tie-break mismatch,0.0108340444,0.0106018931,0.0108340444,0.021427944304898583,0.0,-0.02142794430489861,False,0.0,1.0,"{""safe"":false,""max_ttft_s"":4.907119073229187,""max_native_ttft_s"":5.1251451020479,""max_tpot_s"":4.748432323546585,""violating_requests"":3,""request_count"":54,""violating_request_fraction"":0.05555555555555555,""max_ttft_excess_s"":0.0,""max_tpot_excess_s"":2.3484323235465854,""max_normalized_excess"":0.9785134681444105,""drained"":true,""runtime_s"":43.584035599953495,""violation_type"":""TPOT only""}",False,False,[],[],True
h102-o300-d120-heterogeneous-slow,h102-o300-d120,TTFT5.2_TPOT2.4,5.2,2.4,Raw-Remaining,-1,"[-2,-1]",[-2],2,0.0002321512999999987,0.9785720556951014,False,False,0.9733285267845753,0.0002321512999999987,"{""-2"":0.0108340444,""-1"":0.0108340444,""0"":0.0103747164,""1"":0.0099348625,""2"":0.0099348625}","{""-2"":0.0108340444,""-1"":0.0106018931,""0"":0.0103747164,""1"":0.0099348625,""2"":0.0099348625}",[-2],False,tie-break mismatch,0.0108340444,0.0106018931,0.0108340444,0.021427944304898583,0.0,-0.02142794430489861,False,0.0,1.0,"{""safe"":false,""max_ttft_s"":4.907119073229187,""max_native_ttft_s"":5.1251451020479,""max_tpot_s"":4.748432323546585,""violating_requests"":3,""request_count"":54,""violating_request_fraction"":0.05555555555555555,""max_ttft_excess_s"":0.0,""max_tpot_excess_s"":2.3484323235465854,""max_normalized_excess"":0.9785134681444105,""drained"":true,""runtime_s"":43.584035599953495,""violation_type"":""TPOT only""}",False,False,[],[],True
h102-o300-d120-heterogeneous-slow,h102-o300-d120,TTFT5.2_TPOT2.4,5.2,2.4,Legacy-Full,-2,[-2],[-2],1,0.0,1.0,True,False,0.9210526315789473,0.0002321512999999987,"{""-2"":0.0108340444,""-1"":0.0103747164,""0"":0.0099348625,""1"":0.0099348625,""2"":0.0097219789}","{""-2"":0.0108340444,""-1"":0.0106018931,""0"":0.0103747164,""1"":0.0099348625,""2"":0.0099348625}",[-2],False,agreement,0.0108340444,0.0108340444,0.0108340444,0.0,0.0,0.0,True,0.0108340444,0.0,"{""safe"":true,""max_ttft_s"":4.937711073228347,""max_native_ttft_s"":5.1493371020486665,""max_tpot_s"":0.47989437538456514,""violating_requests"":0,""request_count"":54,""violating_request_fraction"":0.0,""max_ttft_excess_s"":0.0,""max_tpot_excess_s"":0.0,""max_normalized_excess"":0.0,""drained"":true,""runtime_s"":43.65511419996619,""violation_type"":null}",False,False,[],[],True
h102-o300-d120-heterogeneous-slow,h102-o300-d120,TTFT5.2_TPOT2.4,5.2,2.4,Legacy-Remaining,-2,[-2],[-2],1,0.0,1.0,True,False,0.9210526315789473,0.0002321512999999987,"{""-2"":0.0108340444,""-1"":0.0103747164,""0"":0.0099348625,""1"":0.0099348625,""2"":0.0097219789}","{""-2"":0.0108340444,""-1"":0.0106018931,""0"":0.0103747164,""1"":0.0099348625,""2"":0.0099348625}",[-2],False,agreement,0.0108340444,0.0108340444,0.0108340444,0.0,0.0,0.0,True,0.0108340444,0.0,"{""safe"":true,""max_ttft_s"":4.937711073228347,""max_native_ttft_s"":5.1493371020486665,""max_tpot_s"":0.47989437538456514,""violating_requests"":0,""request_count"":54,""violating_request_fraction"":0.0,""max_ttft_excess_s"":0.0,""max_tpot_excess_s"":0.0,""max_normalized_excess"":0.0,""drained"":true,""runtime_s"":43.65511419996619,""violation_type"":null}",False,False,[],[],True
h102-o300-d120-heterogeneous-slow,h102-o300-d120,TTFT5.2_TPOT5,5.2,5.0,Raw-Full,0,"[-2,-1,0,1,2]","[0,1]",1,0.0,1.0,True,False,,0.0,"{""-2"":0.362038672,""-1"":0.362038672,""0"":0.362038672,""1"":0.362038672,""2"":0.362038672}","{""-2"":7.6765906294,""-1"":8.3713814418,""0"":8.7420141623,""1"":8.7420141623,""2"":8.3713814418}","[0,1]",False,agreement,8.7420141623,8.7420141623,0.362038672,0.0,0.9585863548973308,0.9585863548973308,True,0.362038672,0.9585863548973308,"{""safe"":true,""max_ttft_s"":4.900338797816947,""max_native_ttft_s"":5.853473440558322,""max_tpot_s"":4.7588812031998815,""violating_requests"":0,""request_count"":54,""violating_request_fraction"":0.0,""max_ttft_excess_s"":0.0,""max_tpot_excess_s"":0.0,""max_normalized_excess"":0.0,""drained"":true,""runtime_s"":35.31237240001792,""violation_type"":null}",True,False,[],[],True
h102-o300-d120-heterogeneous-slow,h102-o300-d120,TTFT5.2_TPOT5,5.2,5.0,Raw-Remaining,0,"[-2,-1,0,1,2]","[0,1]",1,0.0,1.0,True,False,,0.0,"{""-2"":0.512,""-1"":0.512,""0"":0.512,""1"":0.512,""2"":0.512}","{""-2"":7.6765906294,""-1"":8.3713814418,""0"":8.7420141623,""1"":8.7420141623,""2"":8.3713814418}","[0,1]",False,agreement,8.7420141623,8.7420141623,0.512,0.0,0.9414322614337547,0.9414322614337547,True,0.512,0.9414322614337547,"{""safe"":true,""max_ttft_s"":4.87652707324833,""max_native_ttft_s"":6.859836389426197,""max_tpot_s"":4.190968012799293,""violating_requests"":0,""request_count"":54,""violating_request_fraction"":0.0,""max_ttft_excess_s"":0.0,""max_tpot_excess_s"":0.0,""max_normalized_excess"":0.0,""drained"":true,""runtime_s"":30.61919489997672,""violation_type"":null}",True,False,[],[],True
h102-o300-d120-heterogeneous-slow,h102-o300-d120,TTFT5.2_TPOT5,5.2,5.0,Legacy-Full,0,"[-2,-1,0,1,2]","[0,1]",1,0.0,1.0,True,False,,0.0,"{""-2"":0.362038672,""-1"":0.362038672,""0"":0.362038672,""1"":0.362038672,""2"":0.362038672}","{""-2"":7.6765906294,""-1"":8.3713814418,""0"":8.7420141623,""1"":8.7420141623,""2"":8.3713814418}","[0,1]",False,agreement,8.7420141623,8.7420141623,0.362038672,0.0,0.9585863548973308,0.9585863548973308,True,0.362038672,0.9585863548973308,"{""safe"":true,""max_ttft_s"":4.900338797816947,""max_native_ttft_s"":5.853473440558322,""max_tpot_s"":4.7588812031998815,""violating_requests"":0,""request_count"":54,""violating_request_fraction"":0.0,""max_ttft_excess_s"":0.0,""max_tpot_excess_s"":0.0,""max_normalized_excess"":0.0,""drained"":true,""runtime_s"":35.31237240001792,""violation_type"":null}",True,False,[],[],True
h102-o300-d120-heterogeneous-slow,h102-o300-d120,TTFT5.2_TPOT5,5.2,5.0,Legacy-Remaining,0,"[-2,-1,0,1,2]","[0,1]",1,0.0,1.0,True,False,,0.0,"{""-2"":0.512,""-1"":0.512,""0"":0.512,""1"":0.512,""2"":0.512}","{""-2"":7.6765906294,""-1"":8.3713814418,""0"":8.7420141623,""1"":8.7420141623,""2"":8.3713814418}","[0,1]",False,agreement,8.7420141623,8.7420141623,0.512,0.0,0.9414322614337547,0.9414322614337547,True,0.512,0.9414322614337547,"{""safe"":true,""max_ttft_s"":4.87652707324833,""max_native_ttft_s"":6.859836389426197,""max_tpot_s"":4.190968012799293,""violating_requests"":0,""request_count"":54,""violating_request_fraction"":0.0,""max_ttft_excess_s"":0.0,""max_tpot_excess_s"":0.0,""max_normalized_excess"":0.0,""drained"":true,""runtime_s"":30.61919489997672,""violation_type"":null}",True,False,[],[],True
h102-o300-d120-heterogeneous-slow,h102-o300-d120,TTFT5.2_TPOT10,5.2,10.0,Raw-Full,1,"[1,2]",[0],2,0.8085453401000002,0.9170040432055242,False,False,0.41039134083406165,0.8085453401000002,"{""-2"":1.5122699735,""-1"":2.332239124,""0"":2.4354961715,""1"":2.4888265932,""2"":2.4888265932}","{""-2"":7.6765906294,""-1"":8.5546908256,""0"":9.7419846861,""1"":8.933439346,""2"":8.3713814418}",[],False,strict best-set mismatch,9.7419846861,8.933439346,2.4888265932,0.0829959567944758,0.7445257128405167,0.6615297560460409,True,2.4888265932,0.7445257128405167,"{""safe"":true,""max_ttft_s"":4.845935073248065,""max_native_ttft_s"":7.631435318109518,""max_tpot_s"":3.6828582791827644,""violating_requests"":0,""request_count"":54,""violating_request_fraction"":0.0,""max_ttft_excess_s"":0.0,""max_tpot_excess_s"":0.0,""max_normalized_excess"":0.0,""drained"":true,""runtime_s"":23.290101399994455,""violation_type"":null}",False,False,[],[],False
h102-o300-d120-heterogeneous-slow,h102-o300-d120,TTFT5.2_TPOT10,5.2,10.0,Raw-Remaining,0,"[0,1,2]",[0],1,0.0,1.0,True,False,0.6708203932499369,0.8085453401000002,"{""-2"":1.5122699735,""-1"":2.5433247991,""0"":2.8963093757,""1"":2.8963093757,""2"":2.8963093757}","{""-2"":7.6765906294,""-1"":8.5546908256,""0"":9.7419846861,""1"":8.933439346,""2"":8.3713814418}",[0],False,agreement,9.7419846861,9.7419846861,2.8963093757,0.0,0.7026982212533659,0.7026982212533659,True,2.8963093757,0.7026982212533659,"{""safe"":true,""max_ttft_s"":4.876527073247918,""max_native_ttft_s"":6.990509462117243,""max_tpot_s"":3.504291535184973,""violating_requests"":0,""request_count"":54,""violating_request_fraction"":0.0,""max_ttft_excess_s"":0.0,""max_tpot_excess_s"":0.0,""max_normalized_excess"":0.0,""drained"":true,""runtime_s"":22.62646020000102,""violation_type"":null}",False,False,[],[],True
h102-o300-d120-heterogeneous-slow,h102-o300-d120,TTFT5.2_TPOT10,5.2,10.0,Legacy-Full,2,[2],[0],4,1.3706032442999998,0.8593096490640562,False,False,0.35909242322980395,0.8085453401000002,"{""-2"":1.5122699735,""-1"":2.2822640488,""0"":2.4354961715,""1"":2.4354961715,""2"":2.4888265932}","{""-2"":7.6765906294,""-1"":8.5546908256,""0"":9.7419846861,""1"":8.933439346,""2"":8.3713814418}",[],False,strict best-set mismatch,9.7419846861,8.3713814418,2.4888265932,0.14069035093594384,0.7445257128405167,0.6038353619045728,True,2.4888265932,0.7445257128405167,"{""safe"":true,""max_ttft_s"":4.815343073248081,""max_native_ttft_s"":7.609407318109526,""max_tpot_s"":3.6611622791827516,""violating_requests"":0,""request_count"":54,""violating_request_fraction"":0.0,""max_ttft_excess_s"":0.0,""max_tpot_excess_s"":0.0,""max_normalized_excess"":0.0,""drained"":true,""runtime_s"":22.562319899967406,""violation_type"":null}",False,False,[],[],False
h102-o300-d120-heterogeneous-slow,h102-o300-d120,TTFT5.2_TPOT10,5.2,10.0,Legacy-Remaining,0,"[0,1,2]",[0],1,0.0,1.0,True,False,0.6708203932499369,0.8085453401000002,"{""-2"":1.5122699735,""-1"":2.5433247991,""0"":2.8963093757,""1"":2.8963093757,""2"":2.8963093757}","{""-2"":7.6765906294,""-1"":8.5546908256,""0"":9.7419846861,""1"":8.933439346,""2"":8.3713814418}",[0],False,agreement,9.7419846861,9.7419846861,2.8963093757,0.0,0.7026982212533659,0.7026982212533659,True,2.8963093757,0.7026982212533659,"{""safe"":true,""max_ttft_s"":4.876527073247918,""max_native_ttft_s"":6.990509462117243,""max_tpot_s"":3.504291535184973,""violating_requests"":0,""request_count"":54,""violating_request_fraction"":0.0,""max_ttft_excess_s"":0.0,""max_tpot_excess_s"":0.0,""max_normalized_excess"":0.0,""drained"":true,""runtime_s"":22.62646020000102,""violation_type"":null}",False,False,[],[],True
h102-o300-d120-heterogeneous-slow,h102-o300-d120,TTFT4.68_TPOT1.2,4.68,1.2,Raw-Full,,[],[],,,,,True,,0.0,"{""-2"":0.0,""-1"":0.0,""0"":0.0,""1"":0.0,""2"":0.0}","{""-2"":0.0,""-1"":0.0,""0"":0.0,""1"":0.0,""2"":0.0}",[],False,no-safe recommendation,0.0,,,,,,,0.0,,{},False,False,"[-2,-1,0,1,2]","[-2,-1,0,1,2]",False
h102-o300-d120-heterogeneous-slow,h102-o300-d120,TTFT4.68_TPOT1.2,4.68,1.2,Raw-Remaining,,[],[],,,,,True,,0.0,"{""-2"":0.0,""-1"":0.0,""0"":0.0,""1"":0.0,""2"":0.0}","{""-2"":0.0,""-1"":0.0,""0"":0.0,""1"":0.0,""2"":0.0}",[],False,no-safe recommendation,0.0,,,,,,,0.0,,{},False,False,"[-2,-1,0,1,2]","[-2,-1,0,1,2]",False
h102-o300-d120-heterogeneous-slow,h102-o300-d120,TTFT4.68_TPOT1.2,4.68,1.2,Legacy-Full,,[],[],,,,,True,,0.0,"{""-2"":0.0,""-1"":0.0,""0"":0.0,""1"":0.0,""2"":0.0}","{""-2"":0.0,""-1"":0.0,""0"":0.0,""1"":0.0,""2"":0.0}",[],False,no-safe recommendation,0.0,,,,,,,0.0,,{},False,False,"[-2,-1,0,1,2]","[-2,-1,0,1,2]",False
h102-o300-d120-heterogeneous-slow,h102-o300-d120,TTFT4.68_TPOT1.2,4.68,1.2,Legacy-Remaining,,[],[],,,,,True,,0.0,"{""-2"":0.0,""-1"":0.0,""0"":0.0,""1"":0.0,""2"":0.0}","{""-2"":0.0,""-1"":0.0,""0"":0.0,""1"":0.0,""2"":0.0}",[],False,no-safe recommendation,0.0,,,,,,,0.0,,{},False,False,"[-2,-1,0,1,2]","[-2,-1,0,1,2]",False
h102-o300-d120-heterogeneous-slow,h102-o300-d120,TTFT4.68_TPOT10,4.68,10.0,Raw-Full,,[],[],,,,,True,,0.0,"{""-2"":0.0,""-1"":0.0,""0"":0.0,""1"":0.0,""2"":0.0}","{""-2"":0.0,""-1"":0.0,""0"":0.0,""1"":0.0,""2"":0.0}",[],False,no-safe recommendation,0.0,,,,,,,0.0,,{},False,False,"[-2,-1,0,1,2]","[-2,-1,0,1,2]",False
h102-o300-d120-heterogeneous-slow,h102-o300-d120,TTFT4.68_TPOT10,4.68,10.0,Raw-Remaining,,[],[],,,,,True,,0.0,"{""-2"":0.0,""-1"":0.0,""0"":0.0,""1"":0.0,""2"":0.0}","{""-2"":0.0,""-1"":0.0,""0"":0.0,""1"":0.0,""2"":0.0}",[],False,no-safe recommendation,0.0,,,,,,,0.0,,{},False,False,"[-2,-1,0,1,2]","[-2,-1,0,1,2]",False
h102-o300-d120-heterogeneous-slow,h102-o300-d120,TTFT4.68_TPOT10,4.68,10.0,Legacy-Full,,[],[],,,,,True,,0.0,"{""-2"":0.0,""-1"":0.0,""0"":0.0,""1"":0.0,""2"":0.0}","{""-2"":0.0,""-1"":0.0,""0"":0.0,""1"":0.0,""2"":0.0}",[],False,no-safe recommendation,0.0,,,,,,,0.0,,{},False,False,"[-2,-1,0,1,2]","[-2,-1,0,1,2]",False
h102-o300-d120-heterogeneous-slow,h102-o300-d120,TTFT4.68_TPOT10,4.68,10.0,Legacy-Remaining,,[],[],,,,,True,,0.0,"{""-2"":0.0,""-1"":0.0,""0"":0.0,""1"":0.0,""2"":0.0}","{""-2"":0.0,""-1"":0.0,""0"":0.0,""1"":0.0,""2"":0.0}",[],False,no-safe recommendation,0.0,,,,,,,0.0,,{},False,False,"[-2,-1,0,1,2]","[-2,-1,0,1,2]",False
h103-o500-d30-heterogeneous-slow,h103-o500-d30,TTFT5.2_TPOT0.3,5.2,0.3,Raw-Full,-2,[-2],[-2],1,0.0,1.0,True,False,1.0,0.00035419029999999956,"{""-2"":0.0083541903,""-1"":0.0081751772,""0"":0.0078285765,""1"":0.0076608262,""2"":0.0074966705}","{""-2"":0.0083541903,""-1"":0.008,""0"":0.0078285765,""1"":0.0076608262,""2"":0.0074966705}",[-2],False,agreement,0.0083541903,0.0083541903,0.0083541903,0.0,0.0,0.0,True,0.0083541903,0.0,"{""safe"":true,""max_ttft_s"":4.590001127099986,""max_native_ttft_s"":4.80162715590166,""max_tpot_s"":0.21662602880463055,""violating_requests"":0,""request_count"":15,""violating_request_fraction"":0.0,""max_ttft_excess_s"":0.0,""max_tpot_excess_s"":0.0,""max_normalized_excess"":0.0,""drained"":true,""runtime_s"":14.74571059999289,""violation_type"":null}",False,False,[],[],False
h103-o500-d30-heterogeneous-slow,h103-o500-d30,TTFT5.2_TPOT0.3,5.2,0.3,Raw-Remaining,-2,[-2],[-2],1,0.0,1.0,True,False,1.0,0.00035419029999999956,"{""-2"":0.0083541903,""-1"":0.0081751772,""0"":0.0078285765,""1"":0.0076608262,""2"":0.0074966705}","{""-2"":0.0083541903,""-1"":0.008,""0"":0.0078285765,""1"":0.0076608262,""2"":0.0074966705}",[-2],False,agreement,0.0083541903,0.0083541903,0.0083541903,0.0,0.0,0.0,True,0.0083541903,0.0,"{""safe"":true,""max_ttft_s"":4.590001127099986,""max_native_ttft_s"":4.80162715590166,""max_tpot_s"":0.21662602880463055,""violating_requests"":0,""request_count"":15,""violating_request_fraction"":0.0,""max_ttft_excess_s"":0.0,""max_tpot_excess_s"":0.0,""max_normalized_excess"":0.0,""drained"":true,""runtime_s"":14.74571059999289,""violation_type"":null}",False,False,[],[],False
h103-o500-d30-heterogeneous-slow,h103-o500-d30,TTFT5.2_TPOT0.3,5.2,0.3,Legacy-Full,-2,[-2],[-2],1,0.0,1.0,True,False,1.0,0.00035419029999999956,"{""-2"":0.0081751772,""-1"":0.008,""0"":0.0076608262,""1"":0.0074966705,""2"":0.0073360323}","{""-2"":0.0083541903,""-1"":0.008,""0"":0.0078285765,""1"":0.0076608262,""2"":0.0074966705}",[-2],False,agreement,0.0083541903,0.0083541903,0.0081751772,0.0,0.02142794137691595,0.02142794137691597,True,0.0081751772,0.02142794137691595,"{""safe"":true,""max_ttft_s"":4.590001127099986,""max_native_ttft_s"":4.80162715590166,""max_tpot_s"":0.21662602880463055,""violating_requests"":0,""request_count"":15,""violating_request_fraction"":0.0,""max_ttft_excess_s"":0.0,""max_tpot_excess_s"":0.0,""max_normalized_excess"":0.0,""drained"":true,""runtime_s"":14.553495000000112,""violation_type"":null}",False,False,[],[],False
h103-o500-d30-heterogeneous-slow,h103-o500-d30,TTFT5.2_TPOT0.3,5.2,0.3,Legacy-Remaining,-2,[-2],[-2],1,0.0,1.0,True,False,1.0,0.00035419029999999956,"{""-2"":0.0081751772,""-1"":0.008,""0"":0.0076608262,""1"":0.0074966705,""2"":0.0073360323}","{""-2"":0.0083541903,""-1"":0.008,""0"":0.0078285765,""1"":0.0076608262,""2"":0.0074966705}",[-2],False,agreement,0.0083541903,0.0083541903,0.0081751772,0.0,0.02142794137691595,0.02142794137691597,True,0.0081751772,0.02142794137691595,"{""safe"":true,""max_ttft_s"":4.590001127099986,""max_native_ttft_s"":4.80162715590166,""max_tpot_s"":0.21662602880463055,""violating_requests"":0,""request_count"":15,""violating_request_fraction"":0.0,""max_ttft_excess_s"":0.0,""max_tpot_excess_s"":0.0,""max_normalized_excess"":0.0,""drained"":true,""runtime_s"":14.553495000000112,""violation_type"":null}",False,False,[],[],False
h103-o500-d30-heterogeneous-slow,h103-o500-d30,TTFT5.2_TPOT0.6,5.2,0.6,Raw-Full,-2,[-2],[-2],1,0.0,1.0,True,False,1.0,0.00035419029999999956,"{""-2"":0.0083541903,""-1"":0.0081751772,""0"":0.0078285765,""1"":0.0076608262,""2"":0.0074966705}","{""-2"":0.0083541903,""-1"":0.008,""0"":0.0078285765,""1"":0.0076608262,""2"":0.0074966705}",[-2],False,agreement,0.0083541903,0.0083541903,0.0083541903,0.0,0.0,0.0,True,0.0083541903,0.0,"{""safe"":true,""max_ttft_s"":4.590001127099986,""max_native_ttft_s"":4.80162715590166,""max_tpot_s"":0.21662602880463055,""violating_requests"":0,""request_count"":15,""violating_request_fraction"":0.0,""max_ttft_excess_s"":0.0,""max_tpot_excess_s"":0.0,""max_normalized_excess"":0.0,""drained"":true,""runtime_s"":14.74571059999289,""violation_type"":null}",False,False,[],[],False
h103-o500-d30-heterogeneous-slow,h103-o500-d30,TTFT5.2_TPOT0.6,5.2,0.6,Raw-Remaining,-2,[-2],[-2],1,0.0,1.0,True,False,1.0,0.00035419029999999956,"{""-2"":0.0083541903,""-1"":0.0081751772,""0"":0.0078285765,""1"":0.0076608262,""2"":0.0074966705}","{""-2"":0.0083541903,""-1"":0.008,""0"":0.0078285765,""1"":0.0076608262,""2"":0.0074966705}",[-2],False,agreement,0.0083541903,0.0083541903,0.0083541903,0.0,0.0,0.0,True,0.0083541903,0.0,"{""safe"":true,""max_ttft_s"":4.590001127099986,""max_native_ttft_s"":4.80162715590166,""max_tpot_s"":0.21662602880463055,""violating_requests"":0,""request_count"":15,""violating_request_fraction"":0.0,""max_ttft_excess_s"":0.0,""max_tpot_excess_s"":0.0,""max_normalized_excess"":0.0,""drained"":true,""runtime_s"":14.74571059999289,""violation_type"":null}",False,False,[],[],False
h103-o500-d30-heterogeneous-slow,h103-o500-d30,TTFT5.2_TPOT0.6,5.2,0.6,Legacy-Full,-2,[-2],[-2],1,0.0,1.0,True,False,1.0,0.00035419029999999956,"{""-2"":0.0081751772,""-1"":0.008,""0"":0.0076608262,""1"":0.0074966705,""2"":0.0073360323}","{""-2"":0.0083541903,""-1"":0.008,""0"":0.0078285765,""1"":0.0076608262,""2"":0.0074966705}",[-2],False,agreement,0.0083541903,0.0083541903,0.0081751772,0.0,0.02142794137691595,0.02142794137691597,True,0.0081751772,0.02142794137691595,"{""safe"":true,""max_ttft_s"":4.590001127099986,""max_native_ttft_s"":4.80162715590166,""max_tpot_s"":0.21662602880463055,""violating_requests"":0,""request_count"":15,""violating_request_fraction"":0.0,""max_ttft_excess_s"":0.0,""max_tpot_excess_s"":0.0,""max_normalized_excess"":0.0,""drained"":true,""runtime_s"":14.553495000000112,""violation_type"":null}",False,False,[],[],False
h103-o500-d30-heterogeneous-slow,h103-o500-d30,TTFT5.2_TPOT0.6,5.2,0.6,Legacy-Remaining,-2,[-2],[-2],1,0.0,1.0,True,False,1.0,0.00035419029999999956,"{""-2"":0.0081751772,""-1"":0.008,""0"":0.0076608262,""1"":0.0074966705,""2"":0.0073360323}","{""-2"":0.0083541903,""-1"":0.008,""0"":0.0078285765,""1"":0.0076608262,""2"":0.0074966705}",[-2],False,agreement,0.0083541903,0.0083541903,0.0081751772,0.0,0.02142794137691595,0.02142794137691597,True,0.0081751772,0.02142794137691595,"{""safe"":true,""max_ttft_s"":4.590001127099986,""max_native_ttft_s"":4.80162715590166,""max_tpot_s"":0.21662602880463055,""violating_requests"":0,""request_count"":15,""violating_request_fraction"":0.0,""max_ttft_excess_s"":0.0,""max_tpot_excess_s"":0.0,""max_normalized_excess"":0.0,""drained"":true,""runtime_s"":14.553495000000112,""violation_type"":null}",False,False,[],[],False
h103-o500-d30-heterogeneous-slow,h103-o500-d30,TTFT5.2_TPOT1.2,5.2,1.2,Raw-Full,-2,[-2],[-2],1,0.0,1.0,True,False,1.0,0.00035419029999999956,"{""-2"":0.0083541903,""-1"":0.0081751772,""0"":0.0078285765,""1"":0.0076608262,""2"":0.0074966705}","{""-2"":0.0083541903,""-1"":0.008,""0"":0.0078285765,""1"":0.0076608262,""2"":0.0074966705}",[-2],False,agreement,0.0083541903,0.0083541903,0.0083541903,0.0,0.0,0.0,True,0.0083541903,0.0,"{""safe"":true,""max_ttft_s"":4.590001127099986,""max_native_ttft_s"":4.80162715590166,""max_tpot_s"":0.21662602880463055,""violating_requests"":0,""request_count"":15,""violating_request_fraction"":0.0,""max_ttft_excess_s"":0.0,""max_tpot_excess_s"":0.0,""max_normalized_excess"":0.0,""drained"":true,""runtime_s"":14.74571059999289,""violation_type"":null}",False,False,[],[],False
h103-o500-d30-heterogeneous-slow,h103-o500-d30,TTFT5.2_TPOT1.2,5.2,1.2,Raw-Remaining,-2,[-2],[-2],1,0.0,1.0,True,False,1.0,0.00035419029999999956,"{""-2"":0.0083541903,""-1"":0.0081751772,""0"":0.0078285765,""1"":0.0076608262,""2"":0.0074966705}","{""-2"":0.0083541903,""-1"":0.008,""0"":0.0078285765,""1"":0.0076608262,""2"":0.0074966705}",[-2],False,agreement,0.0083541903,0.0083541903,0.0083541903,0.0,0.0,0.0,True,0.0083541903,0.0,"{""safe"":true,""max_ttft_s"":4.590001127099986,""max_native_ttft_s"":4.80162715590166,""max_tpot_s"":0.21662602880463055,""violating_requests"":0,""request_count"":15,""violating_request_fraction"":0.0,""max_ttft_excess_s"":0.0,""max_tpot_excess_s"":0.0,""max_normalized_excess"":0.0,""drained"":true,""runtime_s"":14.74571059999289,""violation_type"":null}",False,False,[],[],False
h103-o500-d30-heterogeneous-slow,h103-o500-d30,TTFT5.2_TPOT1.2,5.2,1.2,Legacy-Full,-2,[-2],[-2],1,0.0,1.0,True,False,1.0,0.00035419029999999956,"{""-2"":0.0081751772,""-1"":0.008,""0"":0.0076608262,""1"":0.0074966705,""2"":0.0073360323}","{""-2"":0.0083541903,""-1"":0.008,""0"":0.0078285765,""1"":0.0076608262,""2"":0.0074966705}",[-2],False,agreement,0.0083541903,0.0083541903,0.0081751772,0.0,0.02142794137691595,0.02142794137691597,True,0.0081751772,0.02142794137691595,"{""safe"":true,""max_ttft_s"":4.590001127099986,""max_native_ttft_s"":4.80162715590166,""max_tpot_s"":0.21662602880463055,""violating_requests"":0,""request_count"":15,""violating_request_fraction"":0.0,""max_ttft_excess_s"":0.0,""max_tpot_excess_s"":0.0,""max_normalized_excess"":0.0,""drained"":true,""runtime_s"":14.553495000000112,""violation_type"":null}",False,False,[],[],False
h103-o500-d30-heterogeneous-slow,h103-o500-d30,TTFT5.2_TPOT1.2,5.2,1.2,Legacy-Remaining,-2,[-2],[-2],1,0.0,1.0,True,False,1.0,0.00035419029999999956,"{""-2"":0.0081751772,""-1"":0.008,""0"":0.0076608262,""1"":0.0074966705,""2"":0.0073360323}","{""-2"":0.0083541903,""-1"":0.008,""0"":0.0078285765,""1"":0.0076608262,""2"":0.0074966705}",[-2],False,agreement,0.0083541903,0.0083541903,0.0081751772,0.0,0.02142794137691595,0.02142794137691597,True,0.0081751772,0.02142794137691595,"{""safe"":true,""max_ttft_s"":4.590001127099986,""max_native_ttft_s"":4.80162715590166,""max_tpot_s"":0.21662602880463055,""violating_requests"":0,""request_count"":15,""violating_request_fraction"":0.0,""max_ttft_excess_s"":0.0,""max_tpot_excess_s"":0.0,""max_normalized_excess"":0.0,""drained"":true,""runtime_s"":14.553495000000112,""violation_type"":null}",False,False,[],[],False
h103-o500-d30-heterogeneous-slow,h103-o500-d30,TTFT5.2_TPOT2.4,5.2,2.4,Raw-Full,-2,[-2],[-2],1,0.0,1.0,True,False,1.0,0.00035419029999999956,"{""-2"":0.0083541903,""-1"":0.0081751772,""0"":0.0078285765,""1"":0.0076608262,""2"":0.0074966705}","{""-2"":0.0083541903,""-1"":0.008,""0"":0.0078285765,""1"":0.0076608262,""2"":0.0074966705}",[-2],False,agreement,0.0083541903,0.0083541903,0.0083541903,0.0,0.0,0.0,True,0.0083541903,0.0,"{""safe"":true,""max_ttft_s"":4.590001127099986,""max_native_ttft_s"":4.80162715590166,""max_tpot_s"":0.21662602880463055,""violating_requests"":0,""request_count"":15,""violating_request_fraction"":0.0,""max_ttft_excess_s"":0.0,""max_tpot_excess_s"":0.0,""max_normalized_excess"":0.0,""drained"":true,""runtime_s"":14.74571059999289,""violation_type"":null}",False,False,[],[],False
h103-o500-d30-heterogeneous-slow,h103-o500-d30,TTFT5.2_TPOT2.4,5.2,2.4,Raw-Remaining,-2,[-2],[-2],1,0.0,1.0,True,False,1.0,0.00035419029999999956,"{""-2"":0.0083541903,""-1"":0.0081751772,""0"":0.0078285765,""1"":0.0076608262,""2"":0.0074966705}","{""-2"":0.0083541903,""-1"":0.008,""0"":0.0078285765,""1"":0.0076608262,""2"":0.0074966705}",[-2],False,agreement,0.0083541903,0.0083541903,0.0083541903,0.0,0.0,0.0,True,0.0083541903,0.0,"{""safe"":true,""max_ttft_s"":4.590001127099986,""max_native_ttft_s"":4.80162715590166,""max_tpot_s"":0.21662602880463055,""violating_requests"":0,""request_count"":15,""violating_request_fraction"":0.0,""max_ttft_excess_s"":0.0,""max_tpot_excess_s"":0.0,""max_normalized_excess"":0.0,""drained"":true,""runtime_s"":14.74571059999289,""violation_type"":null}",False,False,[],[],False
h103-o500-d30-heterogeneous-slow,h103-o500-d30,TTFT5.2_TPOT2.4,5.2,2.4,Legacy-Full,-2,[-2],[-2],1,0.0,1.0,True,False,1.0,0.00035419029999999956,"{""-2"":0.0081751772,""-1"":0.008,""0"":0.0076608262,""1"":0.0074966705,""2"":0.0073360323}","{""-2"":0.0083541903,""-1"":0.008,""0"":0.0078285765,""1"":0.0076608262,""2"":0.0074966705}",[-2],False,agreement,0.0083541903,0.0083541903,0.0081751772,0.0,0.02142794137691595,0.02142794137691597,True,0.0081751772,0.02142794137691595,"{""safe"":true,""max_ttft_s"":4.590001127099986,""max_native_ttft_s"":4.80162715590166,""max_tpot_s"":0.21662602880463055,""violating_requests"":0,""request_count"":15,""violating_request_fraction"":0.0,""max_ttft_excess_s"":0.0,""max_tpot_excess_s"":0.0,""max_normalized_excess"":0.0,""drained"":true,""runtime_s"":14.553495000000112,""violation_type"":null}",False,False,[],[],False
h103-o500-d30-heterogeneous-slow,h103-o500-d30,TTFT5.2_TPOT2.4,5.2,2.4,Legacy-Remaining,-2,[-2],[-2],1,0.0,1.0,True,False,1.0,0.00035419029999999956,"{""-2"":0.0081751772,""-1"":0.008,""0"":0.0076608262,""1"":0.0074966705,""2"":0.0073360323}","{""-2"":0.0083541903,""-1"":0.008,""0"":0.0078285765,""1"":0.0076608262,""2"":0.0074966705}",[-2],False,agreement,0.0083541903,0.0083541903,0.0081751772,0.0,0.02142794137691595,0.02142794137691597,True,0.0081751772,0.02142794137691595,"{""safe"":true,""max_ttft_s"":4.590001127099986,""max_native_ttft_s"":4.80162715590166,""max_tpot_s"":0.21662602880463055,""violating_requests"":0,""request_count"":15,""violating_request_fraction"":0.0,""max_ttft_excess_s"":0.0,""max_tpot_excess_s"":0.0,""max_normalized_excess"":0.0,""drained"":true,""runtime_s"":14.553495000000112,""violation_type"":null}",False,False,[],[],False
h103-o500-d30-heterogeneous-slow,h103-o500-d30,TTFT5.2_TPOT5,5.2,5.0,Raw-Full,1,"[1,2]",[0],2,0.20875064300000012,0.9785720620873231,False,False,0.28867513459481287,0.20875064300000012,"{""-2"":0.8992011061,""-1"":0.8992011061,""0"":0.8992011061,""1"":0.9188910464,""2"":0.9188910464}","{""-2"":7.1936088489,""-1"":8.192,""0"":9.7419846861,""1"":9.5332340431,""2"":8.5546908256}",[],False,strict best-set mismatch,9.7419846861,9.5332340431,0.9188910464,0.021427937912676942,0.9056772232755522,0.8842492853628752,True,0.9188910464,0.9056772232755522,"{""safe"":true,""max_ttft_s"":4.504801127100017,""max_native_ttft_s"":6.974178534017949,""max_tpot_s"":4.116035956694028,""violating_requests"":0,""request_count"":15,""violating_request_fraction"":0.0,""max_ttft_excess_s"":0.0,""max_tpot_excess_s"":0.0,""max_normalized_excess"":0.0,""drained"":true,""runtime_s"":15.460995099972934,""violation_type"":null}",False,False,[],[],False
h103-o500-d30-heterogeneous-slow,h103-o500-d30,TTFT5.2_TPOT5,5.2,5.0,Raw-Remaining,2,[2],[0],3,1.1872938605000005,0.8781260801821986,False,False,0.0,0.20875064300000012,"{""-2"":1.024,""-1"":1.024,""0"":1.024,""1"":1.024,""2"":1.4481546879}","{""-2"":7.1936088489,""-1"":8.192,""0"":9.7419846861,""1"":9.5332340431,""2"":8.5546908256}",[],False,strict best-set mismatch,9.7419846861,8.5546908256,1.4481546879,0.12187391981780138,0.8513491106215505,0.7294751908037491,True,1.4481546879,0.8513491106215505,"{""safe"":true,""max_ttft_s"":4.529447316318225,""max_native_ttft_s"":6.530092840854178,""max_tpot_s"":3.4710013144365908,""violating_requests"":0,""request_count"":15,""violating_request_fraction"":0.0,""max_ttft_excess_s"":0.0,""max_tpot_excess_s"":0.0,""max_normalized_excess"":0.0,""drained"":true,""runtime_s"":17.55900919996202,""violation_type"":null}",False,False,[],[],True
h103-o500-d30-heterogeneous-slow,h103-o500-d30,TTFT5.2_TPOT5,5.2,5.0,Legacy-Full,1,"[1,2]",[0],2,0.20875064300000012,0.9785720620873231,False,False,0.5270462766947299,0.20875064300000012,"{""-2"":0.8799330806,""-1"":0.8992011061,""0"":0.8992011061,""1"":0.9188910464,""2"":0.9188910464}","{""-2"":7.1936088489,""-1"":8.192,""0"":9.7419846861,""1"":9.5332340431,""2"":8.5546908256}",[],False,strict best-set mismatch,9.7419846861,9.5332340431,0.9188910464,0.021427937912676942,0.9056772232755522,0.8842492853628752,True,0.9188910464,0.9056772232755522,"{""safe"":true,""max_ttft_s"":4.504801127100017,""max_native_ttft_s"":6.974178534017949,""max_tpot_s"":4.116035956694028,""violating_requests"":0,""request_count"":15,""violating_request_fraction"":0.0,""max_ttft_excess_s"":0.0,""max_tpot_excess_s"":0.0,""max_normalized_excess"":0.0,""drained"":true,""runtime_s"":15.460995099972934,""violation_type"":null}",False,False,[],[],False
h103-o500-d30-heterogeneous-slow,h103-o500-d30,TTFT5.2_TPOT5,5.2,5.0,Legacy-Remaining,2,[2],[0],3,1.1872938605000005,0.8781260801821986,False,False,0.0,0.20875064300000012,"{""-2"":1.024,""-1"":1.024,""0"":1.024,""1"":1.024,""2"":1.4481546879}","{""-2"":7.1936088489,""-1"":8.192,""0"":9.7419846861,""1"":9.5332340431,""2"":8.5546908256}",[],False,strict best-set mismatch,9.7419846861,8.5546908256,1.4481546879,0.12187391981780138,0.8513491106215505,0.7294751908037491,True,1.4481546879,0.8513491106215505,"{""safe"":true,""max_ttft_s"":4.529447316318225,""max_native_ttft_s"":6.530092840854178,""max_tpot_s"":3.4710013144365908,""violating_requests"":0,""request_count"":15,""violating_request_fraction"":0.0,""max_ttft_excess_s"":0.0,""max_tpot_excess_s"":0.0,""max_normalized_excess"":0.0,""drained"":true,""runtime_s"":17.55900919996202,""violation_type"":null}",False,False,[],[],True
h103-o500-d30-heterogeneous-slow,h103-o500-d30,TTFT5.2_TPOT10,5.2,10.0,Raw-Full,2,[2],[0],3,1.1872938605000005,0.8781260801821986,False,False,0.4472135954999579,0.20875064300000012,"{""-2"":2.7140846452,""-1"":2.7735153601,""0"":2.7735153601,""1"":2.7735153601,""2"":2.8342474382}","{""-2"":7.1936088489,""-1"":8.192,""0"":9.7419846861,""1"":9.5332340431,""2"":8.5546908256}",[],False,strict best-set mismatch,9.7419846861,8.5546908256,2.8342474382,0.12187391981780138,0.709068785311894,0.5871948654940926,True,2.8342474382,0.709068785311894,"{""safe"":true,""max_ttft_s"":4.476401127100001,""max_native_ttft_s"":7.94447748143235,""max_tpot_s"":3.9381937694843794,""violating_requests"":0,""request_count"":15,""violating_request_fraction"":0.0,""max_ttft_excess_s"":0.0,""max_tpot_excess_s"":0.0,""max_normalized_excess"":0.0,""drained"":true,""runtime_s"":14.30934650002746,""violation_type"":null}",False,False,[],[],False
h103-o500-d30-heterogeneous-slow,h103-o500-d30,TTFT5.2_TPOT10,5.2,10.0,Raw-Remaining,2,[2],[0],3,1.1872938605000005,0.8781260801821986,False,False,0.4472135954999579,0.20875064300000012,"{""-2"":2.7140846452,""-1"":2.7735153601,""0"":2.7735153601,""1"":2.7735153601,""2"":2.8342474382}","{""-2"":7.1936088489,""-1"":8.192,""0"":9.7419846861,""1"":9.5332340431,""2"":8.5546908256}",[],False,strict best-set mismatch,9.7419846861,8.5546908256,2.8342474382,0.12187391981780138,0.709068785311894,0.5871948654940926,True,2.8342474382,0.709068785311894,"{""safe"":true,""max_ttft_s"":4.476401127100001,""max_native_ttft_s"":7.94447748143235,""max_tpot_s"":3.9381937694843794,""violating_requests"":0,""request_count"":15,""violating_request_fraction"":0.0,""max_ttft_excess_s"":0.0,""max_tpot_excess_s"":0.0,""max_normalized_excess"":0.0,""drained"":true,""runtime_s"":14.30934650002746,""violation_type"":null}",False,False,[],[],False
h103-o500-d30-heterogeneous-slow,h103-o500-d30,TTFT5.2_TPOT10,5.2,10.0,Legacy-Full,2,[2],[0],3,1.1872938605000005,0.8781260801821986,False,False,0.4472135954999579,0.20875064300000012,"{""-2"":2.7140846452,""-1"":2.7735153601,""0"":2.7735153601,""1"":2.7735153601,""2"":2.8342474382}","{""-2"":7.1936088489,""-1"":8.192,""0"":9.7419846861,""1"":9.5332340431,""2"":8.5546908256}",[],False,strict best-set mismatch,9.7419846861,8.5546908256,2.8342474382,0.12187391981780138,0.709068785311894,0.5871948654940926,True,2.8342474382,0.709068785311894,"{""safe"":true,""max_ttft_s"":4.476401127100001,""max_native_ttft_s"":7.94447748143235,""max_tpot_s"":3.9381937694843794,""violating_requests"":0,""request_count"":15,""violating_request_fraction"":0.0,""max_ttft_excess_s"":0.0,""max_tpot_excess_s"":0.0,""max_normalized_excess"":0.0,""drained"":true,""runtime_s"":14.30934650002746,""violation_type"":null}",False,False,[],[],False
h103-o500-d30-heterogeneous-slow,h103-o500-d30,TTFT5.2_TPOT10,5.2,10.0,Legacy-Remaining,2,[2],[0],3,1.1872938605000005,0.8781260801821986,False,False,0.4472135954999579,0.20875064300000012,"{""-2"":2.7140846452,""-1"":2.7735153601,""0"":2.7735153601,""1"":2.7735153601,""2"":2.8342474382}","{""-2"":7.1936088489,""-1"":8.192,""0"":9.7419846861,""1"":9.5332340431,""2"":8.5546908256}",[],False,strict best-set mismatch,9.7419846861,8.5546908256,2.8342474382,0.12187391981780138,0.709068785311894,0.5871948654940926,True,2.8342474382,0.709068785311894,"{""safe"":true,""max_ttft_s"":4.476401127100001,""max_native_ttft_s"":7.94447748143235,""max_tpot_s"":3.9381937694843794,""violating_requests"":0,""request_count"":15,""violating_request_fraction"":0.0,""max_ttft_excess_s"":0.0,""max_tpot_excess_s"":0.0,""max_normalized_excess"":0.0,""drained"":true,""runtime_s"":14.30934650002746,""violation_type"":null}",False,False,[],[],False
h103-o500-d30-heterogeneous-slow,h103-o500-d30,TTFT4.68_TPOT1.2,4.68,1.2,Raw-Full,-2,[-2],[-2],1,0.0,1.0,True,False,1.0,0.00035419029999999956,"{""-2"":0.0083541903,""-1"":0.0081751772,""0"":0.0078285765,""1"":0.0076608262,""2"":0.0074966705}","{""-2"":0.0083541903,""-1"":0.008,""0"":0.0078285765,""1"":0.0076608262,""2"":0.0074966705}",[-2],False,agreement,0.0083541903,0.0083541903,0.0083541903,0.0,0.0,0.0,True,0.0083541903,0.0,"{""safe"":true,""max_ttft_s"":4.590001127099986,""max_native_ttft_s"":4.80162715590166,""max_tpot_s"":0.21662602880463055,""violating_requests"":0,""request_count"":15,""violating_request_fraction"":0.0,""max_ttft_excess_s"":0.0,""max_tpot_excess_s"":0.0,""max_normalized_excess"":0.0,""drained"":true,""runtime_s"":14.74571059999289,""violation_type"":null}",False,False,[],[],False
h103-o500-d30-heterogeneous-slow,h103-o500-d30,TTFT4.68_TPOT1.2,4.68,1.2,Raw-Remaining,-2,[-2],[-2],1,0.0,1.0,True,False,1.0,0.00035419029999999956,"{""-2"":0.0083541903,""-1"":0.0081751772,""0"":0.0078285765,""1"":0.0076608262,""2"":0.0074966705}","{""-2"":0.0083541903,""-1"":0.008,""0"":0.0078285765,""1"":0.0076608262,""2"":0.0074966705}",[-2],False,agreement,0.0083541903,0.0083541903,0.0083541903,0.0,0.0,0.0,True,0.0083541903,0.0,"{""safe"":true,""max_ttft_s"":4.590001127099986,""max_native_ttft_s"":4.80162715590166,""max_tpot_s"":0.21662602880463055,""violating_requests"":0,""request_count"":15,""violating_request_fraction"":0.0,""max_ttft_excess_s"":0.0,""max_tpot_excess_s"":0.0,""max_normalized_excess"":0.0,""drained"":true,""runtime_s"":14.74571059999289,""violation_type"":null}",False,False,[],[],False
h103-o500-d30-heterogeneous-slow,h103-o500-d30,TTFT4.68_TPOT1.2,4.68,1.2,Legacy-Full,-2,[-2],[-2],1,0.0,1.0,True,False,1.0,0.00035419029999999956,"{""-2"":0.0081751772,""-1"":0.008,""0"":0.0076608262,""1"":0.0074966705,""2"":0.0073360323}","{""-2"":0.0083541903,""-1"":0.008,""0"":0.0078285765,""1"":0.0076608262,""2"":0.0074966705}",[-2],False,agreement,0.0083541903,0.0083541903,0.0081751772,0.0,0.02142794137691595,0.02142794137691597,True,0.0081751772,0.02142794137691595,"{""safe"":true,""max_ttft_s"":4.590001127099986,""max_native_ttft_s"":4.80162715590166,""max_tpot_s"":0.21662602880463055,""violating_requests"":0,""request_count"":15,""violating_request_fraction"":0.0,""max_ttft_excess_s"":0.0,""max_tpot_excess_s"":0.0,""max_normalized_excess"":0.0,""drained"":true,""runtime_s"":14.553495000000112,""violation_type"":null}",False,False,[],[],False
h103-o500-d30-heterogeneous-slow,h103-o500-d30,TTFT4.68_TPOT1.2,4.68,1.2,Legacy-Remaining,-2,[-2],[-2],1,0.0,1.0,True,False,1.0,0.00035419029999999956,"{""-2"":0.0081751772,""-1"":0.008,""0"":0.0076608262,""1"":0.0074966705,""2"":0.0073360323}","{""-2"":0.0083541903,""-1"":0.008,""0"":0.0078285765,""1"":0.0076608262,""2"":0.0074966705}",[-2],False,agreement,0.0083541903,0.0083541903,0.0081751772,0.0,0.02142794137691595,0.02142794137691597,True,0.0081751772,0.02142794137691595,"{""safe"":true,""max_ttft_s"":4.590001127099986,""max_native_ttft_s"":4.80162715590166,""max_tpot_s"":0.21662602880463055,""violating_requests"":0,""request_count"":15,""violating_request_fraction"":0.0,""max_ttft_excess_s"":0.0,""max_tpot_excess_s"":0.0,""max_normalized_excess"":0.0,""drained"":true,""runtime_s"":14.553495000000112,""violation_type"":null}",False,False,[],[],False
h103-o500-d30-heterogeneous-slow,h103-o500-d30,TTFT4.68_TPOT10,4.68,10.0,Raw-Full,2,[2],[0],3,0.5970404492000005,0.9170040432082576,False,False,0.5642880936468347,0.1541442038000005,"{""-2"":0.9188910464,""-1"":0.9188910464,""0"":0.9390121402,""1"":1.7598661613,""2"":1.7984022123}","{""-2"":5.6684948766,""-1"":6.4552175416,""0"":7.1936088489,""1"":7.0394646451,""2"":6.5965683997}",[],False,strict best-set mismatch,7.1936088489,6.5965683997,1.7984022123,0.08299595679174243,0.7499999999895741,0.6670040431978317,True,1.7984022123,0.7499999999895741,"{""safe"":true,""max_ttft_s"":4.476401127100005,""max_native_ttft_s"":7.144044668800112,""max_tpot_s"":4.17583287516483,""violating_requests"":0,""request_count"":15,""violating_request_fraction"":0.0,""max_ttft_excess_s"":0.0,""max_tpot_excess_s"":0.0,""max_normalized_excess"":0.0,""drained"":true,""runtime_s"":18.735486899968237,""violation_type"":null}",False,False,[],[],False
h103-o500-d30-heterogeneous-slow,h103-o500-d30,TTFT4.68_TPOT10,4.68,10.0,Raw-Remaining,2,[2],[0],3,0.5970404492000005,0.9170040432082576,False,False,0.5642880936468347,0.1541442038000005,"{""-2"":0.9188910464,""-1"":0.9188910464,""0"":0.9390121402,""1"":1.7598661613,""2"":1.7984022123}","{""-2"":5.6684948766,""-1"":6.4552175416,""0"":7.1936088489,""1"":7.0394646451,""2"":6.5965683997}",[],False,strict best-set mismatch,7.1936088489,6.5965683997,1.7984022123,0.08299595679174243,0.7499999999895741,0.6670040431978317,True,1.7984022123,0.7499999999895741,"{""safe"":true,""max_ttft_s"":4.476401127100005,""max_native_ttft_s"":7.144044668800112,""max_tpot_s"":4.17583287516483,""violating_requests"":0,""request_count"":15,""violating_request_fraction"":0.0,""max_ttft_excess_s"":0.0,""max_tpot_excess_s"":0.0,""max_normalized_excess"":0.0,""drained"":true,""runtime_s"":18.735486899968237,""violation_type"":null}",False,False,[],[],False
h103-o500-d30-heterogeneous-slow,h103-o500-d30,TTFT4.68_TPOT10,4.68,10.0,Legacy-Full,2,[2],[0],3,0.5970404492000005,0.9170040432082576,False,False,0.22360679774997896,0.1541442038000005,"{""-2"":0.9188910464,""-1"":0.9188910464,""0"":0.9188910464,""1"":1.7598661613,""2"":1.7984022123}","{""-2"":5.6684948766,""-1"":6.4552175416,""0"":7.1936088489,""1"":7.0394646451,""2"":6.5965683997}",[],False,strict best-set mismatch,7.1936088489,6.5965683997,1.7984022123,0.08299595679174243,0.7499999999895741,0.6670040431978317,True,1.7984022123,0.7499999999895741,"{""safe"":true,""max_ttft_s"":4.476401127100005,""max_native_ttft_s"":7.144044668800112,""max_tpot_s"":4.17583287516483,""violating_requests"":0,""request_count"":15,""violating_request_fraction"":0.0,""max_ttft_excess_s"":0.0,""max_tpot_excess_s"":0.0,""max_normalized_excess"":0.0,""drained"":true,""runtime_s"":18.735486899968237,""violation_type"":null}",False,False,[],[],False
h103-o500-d30-heterogeneous-slow,h103-o500-d30,TTFT4.68_TPOT10,4.68,10.0,Legacy-Remaining,2,[2],[0],3,0.5970404492000005,0.9170040432082576,False,False,0.22360679774997896,0.1541442038000005,"{""-2"":0.9188910464,""-1"":0.9188910464,""0"":0.9188910464,""1"":1.7598661613,""2"":1.7984022123}","{""-2"":5.6684948766,""-1"":6.4552175416,""0"":7.1936088489,""1"":7.0394646451,""2"":6.5965683997}",[],False,strict best-set mismatch,7.1936088489,6.5965683997,1.7984022123,0.08299595679174243,0.7499999999895741,0.6670040431978317,True,1.7984022123,0.7499999999895741,"{""safe"":true,""max_ttft_s"":4.476401127100005,""max_native_ttft_s"":7.144044668800112,""max_tpot_s"":4.17583287516483,""violating_requests"":0,""request_count"":15,""violating_request_fraction"":0.0,""max_ttft_excess_s"":0.0,""max_tpot_excess_s"":0.0,""max_normalized_excess"":0.0,""drained"":true,""runtime_s"":18.735486899968237,""violation_type"":null}",False,False,[],[],False
h104-o700-d120-heterogeneous-fast,h104-o700-d120,TTFT5.2_TPOT0.3,5.2,0.3,Raw-Full,-2,[-2],[-2],1,0.0,1.0,True,False,1.0,0.0001489187000000003,"{""-2"":0.0035125043,""-1"":0.0033635856,""0"":0.0032915109,""1"":0.0032209806,""2"":0.0031519616}","{""-2"":0.0035125043,""-1"":0.0033635856,""0"":0.0032915109,""1"":0.0032209806,""2"":0.0031519616}",[-2],False,agreement,0.0035125043,0.0035125043,0.0035125043,0.0,0.0,0.0,True,0.0035125043,0.0,"{""safe"":true,""max_ttft_s"":4.386476350085904,""max_native_ttft_s"":4.597827094088534,""max_tpot_s"":0.21635074403719046,""violating_requests"":0,""request_count"":81,""violating_request_fraction"":0.0,""max_ttft_excess_s"":0.0,""max_tpot_excess_s"":0.0,""max_normalized_excess"":0.0,""drained"":true,""runtime_s"":57.79560960002709,""violation_type"":null}",False,False,[],[],False
h104-o700-d120-heterogeneous-fast,h104-o700-d120,TTFT5.2_TPOT0.3,5.2,0.3,Raw-Remaining,-2,[-2],[-2],1,0.0,1.0,True,False,1.0,0.0001489187000000003,"{""-2"":0.0035125043,""-1"":0.0033635856,""0"":0.0032915109,""1"":0.0032209806,""2"":0.0031519616}","{""-2"":0.0035125043,""-1"":0.0033635856,""0"":0.0032915109,""1"":0.0032209806,""2"":0.0031519616}",[-2],False,agreement,0.0035125043,0.0035125043,0.0035125043,0.0,0.0,0.0,True,0.0035125043,0.0,"{""safe"":true,""max_ttft_s"":4.386476350085904,""max_native_ttft_s"":4.597827094088534,""max_tpot_s"":0.21635074403719046,""violating_requests"":0,""request_count"":81,""violating_request_fraction"":0.0,""max_ttft_excess_s"":0.0,""max_tpot_excess_s"":0.0,""max_normalized_excess"":0.0,""drained"":true,""runtime_s"":57.79560960002709,""violation_type"":null}",False,False,[],[],False
h104-o700-d120-heterogeneous-fast,h104-o700-d120,TTFT5.2_TPOT0.3,5.2,0.3,Legacy-Full,-2,[-2],[-2],1,0.0,1.0,True,False,1.0,0.0001489187000000003,"{""-2"":0.0034372386,""-1"":0.0032915109,""0"":0.0032209806,""1"":0.0031519616,""2"":0.0030844216}","{""-2"":0.0035125043,""-1"":0.0033635856,""0"":0.0032915109,""1"":0.0032209806,""2"":0.0031519616}",[-2],False,agreement,0.0035125043,0.0035125043,0.0034372386,0.0,0.02142793106331564,0.021427931063315694,True,0.0034372386,0.02142793106331564,"{""safe"":true,""max_ttft_s"":4.386476350085904,""max_native_ttft_s"":4.597827094088534,""max_tpot_s"":0.21635074403719046,""violating_requests"":0,""request_count"":81,""violating_request_fraction"":0.0,""max_ttft_excess_s"":0.0,""max_tpot_excess_s"":0.0,""max_normalized_excess"":0.0,""drained"":true,""runtime_s"":57.03756959998282,""violation_type"":null}",False,False,[],[],False
h104-o700-d120-heterogeneous-fast,h104-o700-d120,TTFT5.2_TPOT0.3,5.2,0.3,Legacy-Remaining,-2,[-2],[-2],1,0.0,1.0,True,False,1.0,0.0001489187000000003,"{""-2"":0.0034372386,""-1"":0.0032915109,""0"":0.0032209806,""1"":0.0031519616,""2"":0.0030844216}","{""-2"":0.0035125043,""-1"":0.0033635856,""0"":0.0032915109,""1"":0.0032209806,""2"":0.0031519616}",[-2],False,agreement,0.0035125043,0.0035125043,0.0034372386,0.0,0.02142793106331564,0.021427931063315694,True,0.0034372386,0.02142793106331564,"{""safe"":true,""max_ttft_s"":4.386476350085904,""max_native_ttft_s"":4.597827094088534,""max_tpot_s"":0.21635074403719046,""violating_requests"":0,""request_count"":81,""violating_request_fraction"":0.0,""max_ttft_excess_s"":0.0,""max_tpot_excess_s"":0.0,""max_normalized_excess"":0.0,""drained"":true,""runtime_s"":57.03756959998282,""violation_type"":null}",False,False,[],[],False
h104-o700-d120-heterogeneous-fast,h104-o700-d120,TTFT5.2_TPOT0.6,5.2,0.6,Raw-Full,-2,[-2],[-2],1,0.0,1.0,True,False,1.0,0.0001489187000000003,"{""-2"":0.0035125043,""-1"":0.0033635856,""0"":0.0032915109,""1"":0.0032209806,""2"":0.0031519616}","{""-2"":0.0035125043,""-1"":0.0033635856,""0"":0.0032915109,""1"":0.0032209806,""2"":0.0031519616}",[-2],False,agreement,0.0035125043,0.0035125043,0.0035125043,0.0,0.0,0.0,True,0.0035125043,0.0,"{""safe"":true,""max_ttft_s"":4.386476350085904,""max_native_ttft_s"":4.597827094088534,""max_tpot_s"":0.21635074403719046,""violating_requests"":0,""request_count"":81,""violating_request_fraction"":0.0,""max_ttft_excess_s"":0.0,""max_tpot_excess_s"":0.0,""max_normalized_excess"":0.0,""drained"":true,""runtime_s"":57.79560960002709,""violation_type"":null}",False,False,[],[],False
h104-o700-d120-heterogeneous-fast,h104-o700-d120,TTFT5.2_TPOT0.6,5.2,0.6,Raw-Remaining,-2,[-2],[-2],1,0.0,1.0,True,False,1.0,0.0001489187000000003,"{""-2"":0.0035125043,""-1"":0.0033635856,""0"":0.0032915109,""1"":0.0032209806,""2"":0.0031519616}","{""-2"":0.0035125043,""-1"":0.0033635856,""0"":0.0032915109,""1"":0.0032209806,""2"":0.0031519616}",[-2],False,agreement,0.0035125043,0.0035125043,0.0035125043,0.0,0.0,0.0,True,0.0035125043,0.0,"{""safe"":true,""max_ttft_s"":4.386476350085904,""max_native_ttft_s"":4.597827094088534,""max_tpot_s"":0.21635074403719046,""violating_requests"":0,""request_count"":81,""violating_request_fraction"":0.0,""max_ttft_excess_s"":0.0,""max_tpot_excess_s"":0.0,""max_normalized_excess"":0.0,""drained"":true,""runtime_s"":57.79560960002709,""violation_type"":null}",False,False,[],[],False
h104-o700-d120-heterogeneous-fast,h104-o700-d120,TTFT5.2_TPOT0.6,5.2,0.6,Legacy-Full,-2,[-2],[-2],1,0.0,1.0,True,False,1.0,0.0001489187000000003,"{""-2"":0.0034372386,""-1"":0.0032915109,""0"":0.0032209806,""1"":0.0031519616,""2"":0.0030844216}","{""-2"":0.0035125043,""-1"":0.0033635856,""0"":0.0032915109,""1"":0.0032209806,""2"":0.0031519616}",[-2],False,agreement,0.0035125043,0.0035125043,0.0034372386,0.0,0.02142793106331564,0.021427931063315694,True,0.0034372386,0.02142793106331564,"{""safe"":true,""max_ttft_s"":4.386476350085904,""max_native_ttft_s"":4.597827094088534,""max_tpot_s"":0.21635074403719046,""violating_requests"":0,""request_count"":81,""violating_request_fraction"":0.0,""max_ttft_excess_s"":0.0,""max_tpot_excess_s"":0.0,""max_normalized_excess"":0.0,""drained"":true,""runtime_s"":57.03756959998282,""violation_type"":null}",False,False,[],[],False
h104-o700-d120-heterogeneous-fast,h104-o700-d120,TTFT5.2_TPOT0.6,5.2,0.6,Legacy-Remaining,-2,[-2],[-2],1,0.0,1.0,True,False,1.0,0.0001489187000000003,"{""-2"":0.0034372386,""-1"":0.0032915109,""0"":0.0032209806,""1"":0.0031519616,""2"":0.0030844216}","{""-2"":0.0035125043,""-1"":0.0033635856,""0"":0.0032915109,""1"":0.0032209806,""2"":0.0031519616}",[-2],False,agreement,0.0035125043,0.0035125043,0.0034372386,0.0,0.02142793106331564,0.021427931063315694,True,0.0034372386,0.02142793106331564,"{""safe"":true,""max_ttft_s"":4.386476350085904,""max_native_ttft_s"":4.597827094088534,""max_tpot_s"":0.21635074403719046,""violating_requests"":0,""request_count"":81,""violating_request_fraction"":0.0,""max_ttft_excess_s"":0.0,""max_tpot_excess_s"":0.0,""max_normalized_excess"":0.0,""drained"":true,""runtime_s"":57.03756959998282,""violation_type"":null}",False,False,[],[],False
h104-o700-d120-heterogeneous-fast,h104-o700-d120,TTFT5.2_TPOT1.2,5.2,1.2,Raw-Full,-2,[-2],[-2],1,0.0,1.0,True,False,1.0,0.0001489187000000003,"{""-2"":0.0035125043,""-1"":0.0033635856,""0"":0.0032915109,""1"":0.0032209806,""2"":0.0031519616}","{""-2"":0.0035125043,""-1"":0.0033635856,""0"":0.0032915109,""1"":0.0032209806,""2"":0.0031519616}",[-2],False,agreement,0.0035125043,0.0035125043,0.0035125043,0.0,0.0,0.0,True,0.0035125043,0.0,"{""safe"":true,""max_ttft_s"":4.386476350085904,""max_native_ttft_s"":4.597827094088534,""max_tpot_s"":0.21635074403719046,""violating_requests"":0,""request_count"":81,""violating_request_fraction"":0.0,""max_ttft_excess_s"":0.0,""max_tpot_excess_s"":0.0,""max_normalized_excess"":0.0,""drained"":true,""runtime_s"":57.79560960002709,""violation_type"":null}",False,False,[],[],False
h104-o700-d120-heterogeneous-fast,h104-o700-d120,TTFT5.2_TPOT1.2,5.2,1.2,Raw-Remaining,-2,[-2],[-2],1,0.0,1.0,True,False,1.0,0.0001489187000000003,"{""-2"":0.0035125043,""-1"":0.0033635856,""0"":0.0032915109,""1"":0.0032209806,""2"":0.0031519616}","{""-2"":0.0035125043,""-1"":0.0033635856,""0"":0.0032915109,""1"":0.0032209806,""2"":0.0031519616}",[-2],False,agreement,0.0035125043,0.0035125043,0.0035125043,0.0,0.0,0.0,True,0.0035125043,0.0,"{""safe"":true,""max_ttft_s"":4.386476350085904,""max_native_ttft_s"":4.597827094088534,""max_tpot_s"":0.21635074403719046,""violating_requests"":0,""request_count"":81,""violating_request_fraction"":0.0,""max_ttft_excess_s"":0.0,""max_tpot_excess_s"":0.0,""max_normalized_excess"":0.0,""drained"":true,""runtime_s"":57.79560960002709,""violation_type"":null}",False,False,[],[],False
h104-o700-d120-heterogeneous-fast,h104-o700-d120,TTFT5.2_TPOT1.2,5.2,1.2,Legacy-Full,-2,[-2],[-2],1,0.0,1.0,True,False,1.0,0.0001489187000000003,"{""-2"":0.0034372386,""-1"":0.0032915109,""0"":0.0032209806,""1"":0.0031519616,""2"":0.0030844216}","{""-2"":0.0035125043,""-1"":0.0033635856,""0"":0.0032915109,""1"":0.0032209806,""2"":0.0031519616}",[-2],False,agreement,0.0035125043,0.0035125043,0.0034372386,0.0,0.02142793106331564,0.021427931063315694,True,0.0034372386,0.02142793106331564,"{""safe"":true,""max_ttft_s"":4.386476350085904,""max_native_ttft_s"":4.597827094088534,""max_tpot_s"":0.21635074403719046,""violating_requests"":0,""request_count"":81,""violating_request_fraction"":0.0,""max_ttft_excess_s"":0.0,""max_tpot_excess_s"":0.0,""max_normalized_excess"":0.0,""drained"":true,""runtime_s"":57.03756959998282,""violation_type"":null}",False,False,[],[],False
h104-o700-d120-heterogeneous-fast,h104-o700-d120,TTFT5.2_TPOT1.2,5.2,1.2,Legacy-Remaining,-2,[-2],[-2],1,0.0,1.0,True,False,1.0,0.0001489187000000003,"{""-2"":0.0034372386,""-1"":0.0032915109,""0"":0.0032209806,""1"":0.0031519616,""2"":0.0030844216}","{""-2"":0.0035125043,""-1"":0.0033635856,""0"":0.0032915109,""1"":0.0032209806,""2"":0.0031519616}",[-2],False,agreement,0.0035125043,0.0035125043,0.0034372386,0.0,0.02142793106331564,0.021427931063315694,True,0.0034372386,0.02142793106331564,"{""safe"":true,""max_ttft_s"":4.386476350085904,""max_native_ttft_s"":4.597827094088534,""max_tpot_s"":0.21635074403719046,""violating_requests"":0,""request_count"":81,""violating_request_fraction"":0.0,""max_ttft_excess_s"":0.0,""max_tpot_excess_s"":0.0,""max_normalized_excess"":0.0,""drained"":true,""runtime_s"":57.03756959998282,""violation_type"":null}",False,False,[],[],False
h104-o700-d120-heterogeneous-fast,h104-o700-d120,TTFT5.2_TPOT2.4,5.2,2.4,Raw-Full,-2,[-2],[-2],1,0.0,1.0,True,False,1.0,0.0001489187000000003,"{""-2"":0.0035125043,""-1"":0.0033635856,""0"":0.0032915109,""1"":0.0032209806,""2"":0.0031519616}","{""-2"":0.0035125043,""-1"":0.0033635856,""0"":0.0032915109,""1"":0.0032209806,""2"":0.0031519616}",[-2],False,agreement,0.0035125043,0.0035125043,0.0035125043,0.0,0.0,0.0,True,0.0035125043,0.0,"{""safe"":true,""max_ttft_s"":4.386476350085904,""max_native_ttft_s"":4.597827094088534,""max_tpot_s"":0.21635074403719046,""violating_requests"":0,""request_count"":81,""violating_request_fraction"":0.0,""max_ttft_excess_s"":0.0,""max_tpot_excess_s"":0.0,""max_normalized_excess"":0.0,""drained"":true,""runtime_s"":57.79560960002709,""violation_type"":null}",False,False,[],[],False
h104-o700-d120-heterogeneous-fast,h104-o700-d120,TTFT5.2_TPOT2.4,5.2,2.4,Raw-Remaining,-2,[-2],[-2],1,0.0,1.0,True,False,1.0,0.0001489187000000003,"{""-2"":0.0035125043,""-1"":0.0033635856,""0"":0.0032915109,""1"":0.0032209806,""2"":0.0031519616}","{""-2"":0.0035125043,""-1"":0.0033635856,""0"":0.0032915109,""1"":0.0032209806,""2"":0.0031519616}",[-2],False,agreement,0.0035125043,0.0035125043,0.0035125043,0.0,0.0,0.0,True,0.0035125043,0.0,"{""safe"":true,""max_ttft_s"":4.386476350085904,""max_native_ttft_s"":4.597827094088534,""max_tpot_s"":0.21635074403719046,""violating_requests"":0,""request_count"":81,""violating_request_fraction"":0.0,""max_ttft_excess_s"":0.0,""max_tpot_excess_s"":0.0,""max_normalized_excess"":0.0,""drained"":true,""runtime_s"":57.79560960002709,""violation_type"":null}",False,False,[],[],False
h104-o700-d120-heterogeneous-fast,h104-o700-d120,TTFT5.2_TPOT2.4,5.2,2.4,Legacy-Full,-2,[-2],[-2],1,0.0,1.0,True,False,1.0,0.0001489187000000003,"{""-2"":0.0034372386,""-1"":0.0032915109,""0"":0.0032209806,""1"":0.0031519616,""2"":0.0030844216}","{""-2"":0.0035125043,""-1"":0.0033635856,""0"":0.0032915109,""1"":0.0032209806,""2"":0.0031519616}",[-2],False,agreement,0.0035125043,0.0035125043,0.0034372386,0.0,0.02142793106331564,0.021427931063315694,True,0.0034372386,0.02142793106331564,"{""safe"":true,""max_ttft_s"":4.386476350085904,""max_native_ttft_s"":4.597827094088534,""max_tpot_s"":0.21635074403719046,""violating_requests"":0,""request_count"":81,""violating_request_fraction"":0.0,""max_ttft_excess_s"":0.0,""max_tpot_excess_s"":0.0,""max_normalized_excess"":0.0,""drained"":true,""runtime_s"":57.03756959998282,""violation_type"":null}",False,False,[],[],False
h104-o700-d120-heterogeneous-fast,h104-o700-d120,TTFT5.2_TPOT2.4,5.2,2.4,Legacy-Remaining,-2,[-2],[-2],1,0.0,1.0,True,False,1.0,0.0001489187000000003,"{""-2"":0.0034372386,""-1"":0.0032915109,""0"":0.0032209806,""1"":0.0031519616,""2"":0.0030844216}","{""-2"":0.0035125043,""-1"":0.0033635856,""0"":0.0032915109,""1"":0.0032209806,""2"":0.0031519616}",[-2],False,agreement,0.0035125043,0.0035125043,0.0034372386,0.0,0.02142793106331564,0.021427931063315694,True,0.0034372386,0.02142793106331564,"{""safe"":true,""max_ttft_s"":4.386476350085904,""max_native_ttft_s"":4.597827094088534,""max_tpot_s"":0.21635074403719046,""violating_requests"":0,""request_count"":81,""violating_request_fraction"":0.0,""max_ttft_excess_s"":0.0,""max_tpot_excess_s"":0.0,""max_normalized_excess"":0.0,""drained"":true,""runtime_s"":57.03756959998282,""violation_type"":null}",False,False,[],[],False
h104-o700-d120-heterogeneous-fast,h104-o700-d120,TTFT5.2_TPOT5,5.2,5.0,Raw-Full,1,"[1,2]","[0,1]",1,0.0,1.0,True,False,0.3042903097250923,0.0,"{""-2"":0.2915298905,""-1"":0.2915298905,""0"":0.2915298905,""1"":0.2979135639,""2"":0.2979135639}","{""-2"":5.4281692904,""-1"":6.0490798938,""0"":6.7410144386,""1"":6.7410144386,""2"":6.0490798938}",[1],False,agreement,6.7410144386,6.7410144386,0.2979135639,0.0,0.9558058261685207,0.9558058261685207,True,0.2979135639,0.9558058261685207,"{""safe"":true,""max_ttft_s"":4.323895548211067,""max_native_ttft_s"":5.347990297407027,""max_tpot_s"":4.2830013280000445,""violating_requests"":0,""request_count"":81,""violating_request_fraction"":0.0,""max_ttft_excess_s"":0.0,""max_tpot_excess_s"":0.0,""max_normalized_excess"":0.0,""drained"":true,""runtime_s"":40.7930786999641,""violation_type"":null}",False,False,[],[],False
h104-o700-d120-heterogeneous-fast,h104-o700-d120,TTFT5.2_TPOT5,5.2,5.0,Raw-Remaining,0,"[-2,-1,0,1,2]","[0,1]",1,0.0,1.0,True,False,,0.0,"{""-2"":0.512,""-1"":0.512,""0"":0.512,""1"":0.512,""2"":0.512}","{""-2"":5.4281692904,""-1"":6.0490798938,""0"":6.7410144386,""1"":6.7410144386,""2"":6.0490798938}","[0,1]",False,agreement,6.7410144386,6.7410144386,0.512,0.0,0.9240470400021374,0.9240470400021374,True,0.512,0.9240470400021374,"{""safe"":true,""max_ttft_s"":4.330258935962708,""max_native_ttft_s"":5.088944070968812,""max_tpot_s"":4.468641937603182,""violating_requests"":0,""request_count"":81,""violating_request_fraction"":0.0,""max_ttft_excess_s"":0.0,""max_tpot_excess_s"":0.0,""max_normalized_excess"":0.0,""drained"":true,""runtime_s"":39.65691479999805,""violation_type"":null}",False,False,[],[],True
h104-o700-d120-heterogeneous-fast,h104-o700-d120,TTFT5.2_TPOT5,5.2,5.0,Legacy-Full,1,"[1,2]","[0,1]",1,0.0,1.0,True,False,0.3042903097250923,0.0,"{""-2"":0.2915298905,""-1"":0.2915298905,""0"":0.2915298905,""1"":0.2979135639,""2"":0.2979135639}","{""-2"":5.4281692904,""-1"":6.0490798938,""0"":6.7410144386,""1"":6.7410144386,""2"":6.0490798938}",[1],False,agreement,6.7410144386,6.7410144386,0.2979135639,0.0,0.9558058261685207,0.9558058261685207,True,0.2979135639,0.9558058261685207,"{""safe"":true,""max_ttft_s"":4.323895548211067,""max_native_ttft_s"":5.347990297407027,""max_tpot_s"":4.2830013280000445,""violating_requests"":0,""request_count"":81,""violating_request_fraction"":0.0,""max_ttft_excess_s"":0.0,""max_tpot_excess_s"":0.0,""max_normalized_excess"":0.0,""drained"":true,""runtime_s"":40.7930786999641,""violation_type"":null}",False,False,[],[],False
h104-o700-d120-heterogeneous-fast,h104-o700-d120,TTFT5.2_TPOT5,5.2,5.0,Legacy-Remaining,0,"[-2,-1,0,1,2]","[0,1]",1,0.0,1.0,True,False,,0.0,"{""-2"":0.512,""-1"":0.512,""0"":0.512,""1"":0.512,""2"":0.512}","{""-2"":5.4281692904,""-1"":6.0490798938,""0"":6.7410144386,""1"":6.7410144386,""2"":6.0490798938}","[0,1]",False,agreement,6.7410144386,6.7410144386,0.512,0.0,0.9240470400021374,0.9240470400021374,True,0.512,0.9240470400021374,"{""safe"":true,""max_ttft_s"":4.330258935962708,""max_native_ttft_s"":5.088944070968812,""max_tpot_s"":4.468641937603182,""violating_requests"":0,""request_count"":81,""violating_request_fraction"":0.0,""max_ttft_excess_s"":0.0,""max_tpot_excess_s"":0.0,""max_normalized_excess"":0.0,""drained"":true,""runtime_s"":39.65691479999805,""violation_type"":null}",False,False,[],[],True
h104-o700-d120-heterogeneous-fast,h104-o700-d120,TTFT5.2_TPOT10,5.2,10.0,Raw-Full,2,[2],"[0,1]",3,0.6919345447999996,0.8973545374954421,False,False,0.3535533905932738,0.0,"{""-2"":1.166119562,""-1"":1.1916542554,""0"":1.1916542554,""1"":1.1916542554,""2"":1.2177480858}","{""-2"":5.4281692904,""-1"":6.0490798938,""0"":6.7410144386,""1"":6.7410144386,""2"":6.0490798938}",[],False,strict best-set mismatch,6.7410144386,6.0490798938,1.2177480858,0.10264546250455786,0.819352399124529,0.7167069366199711,True,1.2177480858,0.819352399124529,"{""safe"":true,""max_ttft_s"":4.335192506149855,""max_native_ttft_s"":6.288153514846601,""max_tpot_s"":4.427875437131168,""violating_requests"":0,""request_count"":81,""violating_request_fraction"":0.0,""max_ttft_excess_s"":0.0,""max_tpot_excess_s"":0.0,""max_normalized_excess"":0.0,""drained"":true,""runtime_s"":32.71532229997683,""violation_type"":null}",False,False,[],[],False
h104-o700-d120-heterogeneous-fast,h104-o700-d120,TTFT5.2_TPOT10,5.2,10.0,Raw-Remaining,0,"[-2,-1,0,1,2]","[0,1]",1,0.0,1.0,True,False,,0.0,"{""-2"":2.048,""-1"":2.048,""0"":2.048,""1"":2.048,""2"":2.048}","{""-2"":5.4281692904,""-1"":6.0490798938,""0"":6.7410144386,""1"":6.7410144386,""2"":6.0490798938}","[0,1]",False,agreement,6.7410144386,6.7410144386,2.048,0.0,0.6961881600085496,0.6961881600085496,True,2.048,0.6961881600085496,"{""safe"":true,""max_ttft_s"":4.325644350083197,""max_native_ttft_s"":6.196311704459309,""max_tpot_s"":4.284844605483975,""violating_requests"":0,""request_count"":81,""violating_request_fraction"":0.0,""max_ttft_excess_s"":0.0,""max_tpot_excess_s"":0.0,""max_normalized_excess"":0.0,""drained"":true,""runtime_s"":33.08950529998401,""violation_type"":null}",False,False,[],[],True
h104-o700-d120-heterogeneous-fast,h104-o700-d120,TTFT5.2_TPOT10,5.2,10.0,Legacy-Full,0,"[0,1,2]","[0,1]",1,0.0,1.0,True,False,0.7607257743127307,0.0,"{""-2"":1.166119562,""-1"":1.166119562,""0"":1.1916542554,""1"":1.1916542554,""2"":1.1916542554}","{""-2"":5.4281692904,""-1"":6.0490798938,""0"":6.7410144386,""1"":6.7410144386,""2"":6.0490798938}","[0,1]",False,agreement,6.7410144386,6.7410144386,1.1916542554,0.0,0.823223304703752,0.823223304703752,True,1.1916542554,0.823223304703752,"{""safe"":true,""max_ttft_s"":4.401406417737545,""max_native_ttft_s"":5.6490720814170645,""max_tpot_s"":4.39122455679995,""violating_requests"":0,""request_count"":81,""violating_request_fraction"":0.0,""max_ttft_excess_s"":0.0,""max_tpot_excess_s"":0.0,""max_normalized_excess"":0.0,""drained"":true,""runtime_s"":30.721445099974517,""violation_type"":null}",False,False,[],[],False
h104-o700-d120-heterogeneous-fast,h104-o700-d120,TTFT5.2_TPOT10,5.2,10.0,Legacy-Remaining,0,"[-2,-1,0,1,2]","[0,1]",1,0.0,1.0,True,False,,0.0,"{""-2"":2.048,""-1"":2.048,""0"":2.048,""1"":2.048,""2"":2.048}","{""-2"":5.4281692904,""-1"":6.0490798938,""0"":6.7410144386,""1"":6.7410144386,""2"":6.0490798938}","[0,1]",False,agreement,6.7410144386,6.7410144386,2.048,0.0,0.6961881600085496,0.6961881600085496,True,2.048,0.6961881600085496,"{""safe"":true,""max_ttft_s"":4.325644350083197,""max_native_ttft_s"":6.196311704459309,""max_tpot_s"":4.284844605483975,""violating_requests"":0,""request_count"":81,""violating_request_fraction"":0.0,""max_ttft_excess_s"":0.0,""max_tpot_excess_s"":0.0,""max_normalized_excess"":0.0,""drained"":true,""runtime_s"":33.08950529998401,""violation_type"":null}",False,False,[],[],True
h104-o700-d120-heterogeneous-fast,h104-o700-d120,TTFT4.68_TPOT1.2,4.68,1.2,Raw-Full,-2,[-2],[-2],1,0.0,1.0,True,False,1.0,0.0001489187000000003,"{""-2"":0.0035125043,""-1"":0.0033635856,""0"":0.0032915109,""1"":0.0032209806,""2"":0.0031519616}","{""-2"":0.0035125043,""-1"":0.0033635856,""0"":0.0032915109,""1"":0.0032209806,""2"":0.0031519616}",[-2],False,agreement,0.0035125043,0.0035125043,0.0035125043,0.0,0.0,0.0,True,0.0035125043,0.0,"{""safe"":true,""max_ttft_s"":4.386476350085904,""max_native_ttft_s"":4.597827094088534,""max_tpot_s"":0.21635074403719046,""violating_requests"":0,""request_count"":81,""violating_request_fraction"":0.0,""max_ttft_excess_s"":0.0,""max_tpot_excess_s"":0.0,""max_normalized_excess"":0.0,""drained"":true,""runtime_s"":57.79560960002709,""violation_type"":null}",False,False,[],[],False
h104-o700-d120-heterogeneous-fast,h104-o700-d120,TTFT4.68_TPOT1.2,4.68,1.2,Raw-Remaining,-2,[-2],[-2],1,0.0,1.0,True,False,1.0,0.0001489187000000003,"{""-2"":0.0035125043,""-1"":0.0033635856,""0"":0.0032915109,""1"":0.0032209806,""2"":0.0031519616}","{""-2"":0.0035125043,""-1"":0.0033635856,""0"":0.0032915109,""1"":0.0032209806,""2"":0.0031519616}",[-2],False,agreement,0.0035125043,0.0035125043,0.0035125043,0.0,0.0,0.0,True,0.0035125043,0.0,"{""safe"":true,""max_ttft_s"":4.386476350085904,""max_native_ttft_s"":4.597827094088534,""max_tpot_s"":0.21635074403719046,""violating_requests"":0,""request_count"":81,""violating_request_fraction"":0.0,""max_ttft_excess_s"":0.0,""max_tpot_excess_s"":0.0,""max_normalized_excess"":0.0,""drained"":true,""runtime_s"":57.79560960002709,""violation_type"":null}",False,False,[],[],False
h104-o700-d120-heterogeneous-fast,h104-o700-d120,TTFT4.68_TPOT1.2,4.68,1.2,Legacy-Full,-2,[-2],[-2],1,0.0,1.0,True,False,1.0,0.0001489187000000003,"{""-2"":0.0034372386,""-1"":0.0032915109,""0"":0.0032209806,""1"":0.0031519616,""2"":0.0030844216}","{""-2"":0.0035125043,""-1"":0.0033635856,""0"":0.0032915109,""1"":0.0032209806,""2"":0.0031519616}",[-2],False,agreement,0.0035125043,0.0035125043,0.0034372386,0.0,0.02142793106331564,0.021427931063315694,True,0.0034372386,0.02142793106331564,"{""safe"":true,""max_ttft_s"":4.386476350085904,""max_native_ttft_s"":4.597827094088534,""max_tpot_s"":0.21635074403719046,""violating_requests"":0,""request_count"":81,""violating_request_fraction"":0.0,""max_ttft_excess_s"":0.0,""max_tpot_excess_s"":0.0,""max_normalized_excess"":0.0,""drained"":true,""runtime_s"":57.03756959998282,""violation_type"":null}",False,False,[],[],False
h104-o700-d120-heterogeneous-fast,h104-o700-d120,TTFT4.68_TPOT1.2,4.68,1.2,Legacy-Remaining,-2,[-2],[-2],1,0.0,1.0,True,False,1.0,0.0001489187000000003,"{""-2"":0.0034372386,""-1"":0.0032915109,""0"":0.0032209806,""1"":0.0031519616,""2"":0.0030844216}","{""-2"":0.0035125043,""-1"":0.0033635856,""0"":0.0032915109,""1"":0.0032209806,""2"":0.0031519616}",[-2],False,agreement,0.0035125043,0.0035125043,0.0034372386,0.0,0.02142793106331564,0.021427931063315694,True,0.0034372386,0.02142793106331564,"{""safe"":true,""max_ttft_s"":4.386476350085904,""max_native_ttft_s"":4.597827094088534,""max_tpot_s"":0.21635074403719046,""violating_requests"":0,""request_count"":81,""violating_request_fraction"":0.0,""max_ttft_excess_s"":0.0,""max_tpot_excess_s"":0.0,""max_normalized_excess"":0.0,""drained"":true,""runtime_s"":57.03756959998282,""violation_type"":null}",False,False,[],[],False
h104-o700-d120-heterogeneous-fast,h104-o700-d120,TTFT4.68_TPOT10,4.68,10.0,Raw-Full,2,[2],[1],3,0.6625987900999997,0.8973545374993254,False,False,0.4472135954999579,0.27368004609999996,"{""-2"":1.166119562,""-1"":1.1916542554,""0"":1.1916542554,""1"":1.1916542554,""2"":1.2177480858}","{""-2"":5.0866495983,""-1"":5.5470307203,""0"":6.1815374955,""1"":6.4552175416,""2"":5.7926187515}",[],False,strict best-set mismatch,6.4552175416,5.7926187515,1.2177480858,0.10264546250067463,0.8113544465461706,0.708708984045496,True,1.2177480858,0.8113544465461706,"{""safe"":true,""max_ttft_s"":4.335192506149855,""max_native_ttft_s"":6.288153514846601,""max_tpot_s"":4.427875437131168,""violating_requests"":0,""request_count"":81,""violating_request_fraction"":0.0,""max_ttft_excess_s"":0.0,""max_tpot_excess_s"":0.0,""max_normalized_excess"":0.0,""drained"":true,""runtime_s"":32.71532229997683,""violation_type"":null}",False,False,[],[],False
h104-o700-d120-heterogeneous-fast,h104-o700-d120,TTFT4.68_TPOT10,4.68,10.0,Raw-Remaining,0,"[-2,-1,0,1,2]",[1],2,0.27368004609999996,0.9576032807049032,False,False,,0.27368004609999996,"{""-2"":2.048,""-1"":2.048,""0"":2.048,""1"":2.048,""2"":2.048}","{""-2"":5.0866495983,""-1"":5.5470307203,""0"":6.1815374955,""1"":6.4552175416,""2"":5.7926187515}",[1],False,tie-break mismatch,6.4552175416,6.1815374955,2.048,0.04239671929509681,0.682737260703939,0.6403405414088423,True,2.048,0.682737260703939,"{""safe"":true,""max_ttft_s"":4.325644350083197,""max_native_ttft_s"":6.196311704459309,""max_tpot_s"":4.284844605483975,""violating_requests"":0,""request_count"":81,""violating_request_fraction"":0.0,""max_ttft_excess_s"":0.0,""max_tpot_excess_s"":0.0,""max_normalized_excess"":0.0,""drained"":true,""runtime_s"":33.08950529998401,""violation_type"":null}",False,False,[],[],True
h104-o700-d120-heterogeneous-fast,h104-o700-d120,TTFT4.68_TPOT10,4.68,10.0,Legacy-Full,0,"[0,1,2]",[1],2,0.27368004609999996,0.9576032807049032,False,False,0.8660254037844386,0.27368004609999996,"{""-2"":1.166119562,""-1"":1.166119562,""0"":1.1916542554,""1"":1.1916542554,""2"":1.1916542554}","{""-2"":5.0866495983,""-1"":5.5470307203,""0"":6.1815374955,""1"":6.4552175416,""2"":5.7926187515}",[1],False,tie-break mismatch,6.4552175416,6.1815374955,1.1916542554,0.04239671929509681,0.8153967317568301,0.7730000124617333,True,1.1916542554,0.8153967317568301,"{""safe"":true,""max_ttft_s"":4.401406417737545,""max_native_ttft_s"":5.6490720814170645,""max_tpot_s"":4.39122455679995,""violating_requests"":0,""request_count"":81,""violating_request_fraction"":0.0,""max_ttft_excess_s"":0.0,""max_tpot_excess_s"":0.0,""max_normalized_excess"":0.0,""drained"":true,""runtime_s"":30.721445099974517,""violation_type"":null}",False,False,[],[],False
h104-o700-d120-heterogeneous-fast,h104-o700-d120,TTFT4.68_TPOT10,4.68,10.0,Legacy-Remaining,0,"[-2,-1,0,1,2]",[1],2,0.27368004609999996,0.9576032807049032,False,False,,0.27368004609999996,"{""-2"":2.048,""-1"":2.048,""0"":2.048,""1"":2.048,""2"":2.048}","{""-2"":5.0866495983,""-1"":5.5470307203,""0"":6.1815374955,""1"":6.4552175416,""2"":5.7926187515}",[1],False,tie-break mismatch,6.4552175416,6.1815374955,2.048,0.04239671929509681,0.682737260703939,0.6403405414088423,True,2.048,0.682737260703939,"{""safe"":true,""max_ttft_s"":4.325644350083197,""max_native_ttft_s"":6.196311704459309,""max_tpot_s"":4.284844605483975,""violating_requests"":0,""request_count"":81,""violating_request_fraction"":0.0,""max_ttft_excess_s"":0.0,""max_tpot_excess_s"":0.0,""max_normalized_excess"":0.0,""drained"":true,""runtime_s"":33.08950529998401,""violation_type"":null}",False,False,[],[],True
h105-o900-d30-heterogeneous-fast,h105-o900-d30,TTFT5.2_TPOT0.3,5.2,0.3,Raw-Full,-2,[-2],[-2],1,0.0,1.0,True,False,1.0,0.0003862472000000002,"{""-2"":0.0091103091,""-1"":0.0087240619,""0"":0.0085371232,""1"":0.0083541903,""2"":0.008}","{""-2"":0.0091103091,""-1"":0.0087240619,""0"":0.0085371232,""1"":0.0083541903,""2"":0.008}",[-2],False,agreement,0.0091103091,0.0091103091,0.0091103091,0.0,0.0,0.0,True,0.0091103091,0.0,"{""safe"":true,""max_ttft_s"":3.0559828762006918,""max_native_ttft_s"":3.267333620204231,""max_tpot_s"":0.21635074400376653,""violating_requests"":0,""request_count"":14,""violating_request_fraction"":0.0,""max_ttft_excess_s"":0.0,""max_tpot_excess_s"":0.0,""max_normalized_excess"":0.0,""drained"":true,""runtime_s"":14.170578799967188,""violation_type"":null}",False,False,[],[],False
h105-o900-d30-heterogeneous-fast,h105-o900-d30,TTFT5.2_TPOT0.3,5.2,0.3,Raw-Remaining,-2,[-2],[-2],1,0.0,1.0,True,False,1.0,0.0003862472000000002,"{""-2"":0.0091103091,""-1"":0.0087240619,""0"":0.0085371232,""1"":0.0083541903,""2"":0.008}","{""-2"":0.0091103091,""-1"":0.0087240619,""0"":0.0085371232,""1"":0.0083541903,""2"":0.008}",[-2],False,agreement,0.0091103091,0.0091103091,0.0091103091,0.0,0.0,0.0,True,0.0091103091,0.0,"{""safe"":true,""max_ttft_s"":3.0559828762006918,""max_native_ttft_s"":3.267333620204231,""max_tpot_s"":0.21635074400376653,""violating_requests"":0,""request_count"":14,""violating_request_fraction"":0.0,""max_ttft_excess_s"":0.0,""max_tpot_excess_s"":0.0,""max_normalized_excess"":0.0,""drained"":true,""runtime_s"":14.170578799967188,""violation_type"":null}",False,False,[],[],False
h105-o900-d30-heterogeneous-fast,h105-o900-d30,TTFT5.2_TPOT0.3,5.2,0.3,Legacy-Full,-2,[-2],[-2],1,0.0,1.0,True,False,1.0,0.0003862472000000002,"{""-2"":0.008915094,""-1"":0.0085371232,""0"":0.0083541903,""1"":0.0081751772,""2"":0.0073360323}","{""-2"":0.0091103091,""-1"":0.0087240619,""0"":0.0085371232,""1"":0.0083541903,""2"":0.008}",[-2],False,agreement,0.0091103091,0.0091103091,0.008915094,0.0,0.0214279337679113,0.021427933767911335,True,0.008915094,0.0214279337679113,"{""safe"":true,""max_ttft_s"":3.0559828762146752,""max_native_ttft_s"":3.267333620217305,""max_tpot_s"":0.2163507440037381,""violating_requests"":0,""request_count"":14,""violating_request_fraction"":0.0,""max_ttft_excess_s"":0.0,""max_tpot_excess_s"":0.0,""max_normalized_excess"":0.0,""drained"":true,""runtime_s"":16.634932600019965,""violation_type"":null}",False,False,[],[],True
h105-o900-d30-heterogeneous-fast,h105-o900-d30,TTFT5.2_TPOT0.3,5.2,0.3,Legacy-Remaining,-2,[-2],[-2],1,0.0,1.0,True,False,1.0,0.0003862472000000002,"{""-2"":0.008915094,""-1"":0.0085371232,""0"":0.0083541903,""1"":0.0081751772,""2"":0.0073360323}","{""-2"":0.0091103091,""-1"":0.0087240619,""0"":0.0085371232,""1"":0.0083541903,""2"":0.008}",[-2],False,agreement,0.0091103091,0.0091103091,0.008915094,0.0,0.0214279337679113,0.021427933767911335,True,0.008915094,0.0214279337679113,"{""safe"":true,""max_ttft_s"":3.0559828762146752,""max_native_ttft_s"":3.267333620217305,""max_tpot_s"":0.2163507440037381,""violating_requests"":0,""request_count"":14,""violating_request_fraction"":0.0,""max_ttft_excess_s"":0.0,""max_tpot_excess_s"":0.0,""max_normalized_excess"":0.0,""drained"":true,""runtime_s"":16.634932600019965,""violation_type"":null}",False,False,[],[],True
h105-o900-d30-heterogeneous-fast,h105-o900-d30,TTFT5.2_TPOT0.6,5.2,0.6,Raw-Full,-2,[-2],[-2],1,0.0,1.0,True,False,1.0,0.0003862472000000002,"{""-2"":0.0091103091,""-1"":0.0087240619,""0"":0.0085371232,""1"":0.0083541903,""2"":0.008}","{""-2"":0.0091103091,""-1"":0.0087240619,""0"":0.0085371232,""1"":0.0083541903,""2"":0.008}",[-2],False,agreement,0.0091103091,0.0091103091,0.0091103091,0.0,0.0,0.0,True,0.0091103091,0.0,"{""safe"":true,""max_ttft_s"":3.0559828762006918,""max_native_ttft_s"":3.267333620204231,""max_tpot_s"":0.21635074400376653,""violating_requests"":0,""request_count"":14,""violating_request_fraction"":0.0,""max_ttft_excess_s"":0.0,""max_tpot_excess_s"":0.0,""max_normalized_excess"":0.0,""drained"":true,""runtime_s"":14.170578799967188,""violation_type"":null}",False,False,[],[],False
h105-o900-d30-heterogeneous-fast,h105-o900-d30,TTFT5.2_TPOT0.6,5.2,0.6,Raw-Remaining,-2,[-2],[-2],1,0.0,1.0,True,False,1.0,0.0003862472000000002,"{""-2"":0.0091103091,""-1"":0.0087240619,""0"":0.0085371232,""1"":0.0083541903,""2"":0.008}","{""-2"":0.0091103091,""-1"":0.0087240619,""0"":0.0085371232,""1"":0.0083541903,""2"":0.008}",[-2],False,agreement,0.0091103091,0.0091103091,0.0091103091,0.0,0.0,0.0,True,0.0091103091,0.0,"{""safe"":true,""max_ttft_s"":3.0559828762006918,""max_native_ttft_s"":3.267333620204231,""max_tpot_s"":0.21635074400376653,""violating_requests"":0,""request_count"":14,""violating_request_fraction"":0.0,""max_ttft_excess_s"":0.0,""max_tpot_excess_s"":0.0,""max_normalized_excess"":0.0,""drained"":true,""runtime_s"":14.170578799967188,""violation_type"":null}",False,False,[],[],False
h105-o900-d30-heterogeneous-fast,h105-o900-d30,TTFT5.2_TPOT0.6,5.2,0.6,Legacy-Full,-2,[-2],[-2],1,0.0,1.0,True,False,1.0,0.0003862472000000002,"{""-2"":0.008915094,""-1"":0.0085371232,""0"":0.0083541903,""1"":0.0081751772,""2"":0.0073360323}","{""-2"":0.0091103091,""-1"":0.0087240619,""0"":0.0085371232,""1"":0.0083541903,""2"":0.008}",[-2],False,agreement,0.0091103091,0.0091103091,0.008915094,0.0,0.0214279337679113,0.021427933767911335,True,0.008915094,0.0214279337679113,"{""safe"":true,""max_ttft_s"":3.0559828762146752,""max_native_ttft_s"":3.267333620217305,""max_tpot_s"":0.2163507440037381,""violating_requests"":0,""request_count"":14,""violating_request_fraction"":0.0,""max_ttft_excess_s"":0.0,""max_tpot_excess_s"":0.0,""max_normalized_excess"":0.0,""drained"":true,""runtime_s"":16.634932600019965,""violation_type"":null}",False,False,[],[],True
h105-o900-d30-heterogeneous-fast,h105-o900-d30,TTFT5.2_TPOT0.6,5.2,0.6,Legacy-Remaining,-2,[-2],[-2],1,0.0,1.0,True,False,1.0,0.0003862472000000002,"{""-2"":0.008915094,""-1"":0.0085371232,""0"":0.0083541903,""1"":0.0081751772,""2"":0.0073360323}","{""-2"":0.0091103091,""-1"":0.0087240619,""0"":0.0085371232,""1"":0.0083541903,""2"":0.008}",[-2],False,agreement,0.0091103091,0.0091103091,0.008915094,0.0,0.0214279337679113,0.021427933767911335,True,0.008915094,0.0214279337679113,"{""safe"":true,""max_ttft_s"":3.0559828762146752,""max_native_ttft_s"":3.267333620217305,""max_tpot_s"":0.2163507440037381,""violating_requests"":0,""request_count"":14,""violating_request_fraction"":0.0,""max_ttft_excess_s"":0.0,""max_tpot_excess_s"":0.0,""max_normalized_excess"":0.0,""drained"":true,""runtime_s"":16.634932600019965,""violation_type"":null}",False,False,[],[],True
h105-o900-d30-heterogeneous-fast,h105-o900-d30,TTFT5.2_TPOT1.2,5.2,1.2,Raw-Full,-2,[-2],[-2],1,0.0,1.0,True,False,1.0,0.0003862472000000002,"{""-2"":0.0091103091,""-1"":0.0087240619,""0"":0.0085371232,""1"":0.0083541903,""2"":0.008}","{""-2"":0.0091103091,""-1"":0.0087240619,""0"":0.0085371232,""1"":0.0083541903,""2"":0.008}",[-2],False,agreement,0.0091103091,0.0091103091,0.0091103091,0.0,0.0,0.0,True,0.0091103091,0.0,"{""safe"":true,""max_ttft_s"":3.0559828762006918,""max_native_ttft_s"":3.267333620204231,""max_tpot_s"":0.21635074400376653,""violating_requests"":0,""request_count"":14,""violating_request_fraction"":0.0,""max_ttft_excess_s"":0.0,""max_tpot_excess_s"":0.0,""max_normalized_excess"":0.0,""drained"":true,""runtime_s"":14.170578799967188,""violation_type"":null}",False,False,[],[],False
h105-o900-d30-heterogeneous-fast,h105-o900-d30,TTFT5.2_TPOT1.2,5.2,1.2,Raw-Remaining,-2,[-2],[-2],1,0.0,1.0,True,False,1.0,0.0003862472000000002,"{""-2"":0.0091103091,""-1"":0.0087240619,""0"":0.0085371232,""1"":0.0083541903,""2"":0.008}","{""-2"":0.0091103091,""-1"":0.0087240619,""0"":0.0085371232,""1"":0.0083541903,""2"":0.008}",[-2],False,agreement,0.0091103091,0.0091103091,0.0091103091,0.0,0.0,0.0,True,0.0091103091,0.0,"{""safe"":true,""max_ttft_s"":3.0559828762006918,""max_native_ttft_s"":3.267333620204231,""max_tpot_s"":0.21635074400376653,""violating_requests"":0,""request_count"":14,""violating_request_fraction"":0.0,""max_ttft_excess_s"":0.0,""max_tpot_excess_s"":0.0,""max_normalized_excess"":0.0,""drained"":true,""runtime_s"":14.170578799967188,""violation_type"":null}",False,False,[],[],False
h105-o900-d30-heterogeneous-fast,h105-o900-d30,TTFT5.2_TPOT1.2,5.2,1.2,Legacy-Full,-2,[-2],[-2],1,0.0,1.0,True,False,1.0,0.0003862472000000002,"{""-2"":0.008915094,""-1"":0.0085371232,""0"":0.0083541903,""1"":0.0081751772,""2"":0.0073360323}","{""-2"":0.0091103091,""-1"":0.0087240619,""0"":0.0085371232,""1"":0.0083541903,""2"":0.008}",[-2],False,agreement,0.0091103091,0.0091103091,0.008915094,0.0,0.0214279337679113,0.021427933767911335,True,0.008915094,0.0214279337679113,"{""safe"":true,""max_ttft_s"":3.0559828762146752,""max_native_ttft_s"":3.267333620217305,""max_tpot_s"":0.2163507440037381,""violating_requests"":0,""request_count"":14,""violating_request_fraction"":0.0,""max_ttft_excess_s"":0.0,""max_tpot_excess_s"":0.0,""max_normalized_excess"":0.0,""drained"":true,""runtime_s"":16.634932600019965,""violation_type"":null}",False,False,[],[],True
h105-o900-d30-heterogeneous-fast,h105-o900-d30,TTFT5.2_TPOT1.2,5.2,1.2,Legacy-Remaining,-2,[-2],[-2],1,0.0,1.0,True,False,1.0,0.0003862472000000002,"{""-2"":0.008915094,""-1"":0.0085371232,""0"":0.0083541903,""1"":0.0081751772,""2"":0.0073360323}","{""-2"":0.0091103091,""-1"":0.0087240619,""0"":0.0085371232,""1"":0.0083541903,""2"":0.008}",[-2],False,agreement,0.0091103091,0.0091103091,0.008915094,0.0,0.0214279337679113,0.021427933767911335,True,0.008915094,0.0214279337679113,"{""safe"":true,""max_ttft_s"":3.0559828762146752,""max_native_ttft_s"":3.267333620217305,""max_tpot_s"":0.2163507440037381,""violating_requests"":0,""request_count"":14,""violating_request_fraction"":0.0,""max_ttft_excess_s"":0.0,""max_tpot_excess_s"":0.0,""max_normalized_excess"":0.0,""drained"":true,""runtime_s"":16.634932600019965,""violation_type"":null}",False,False,[],[],True
h105-o900-d30-heterogeneous-fast,h105-o900-d30,TTFT5.2_TPOT2.4,5.2,2.4,Raw-Full,-2,[-2],"[1,2]",5,0.8330336958999998,0.8052451659837576,False,False,-0.9746794344808964,0.0,"{""-2"":0.0091103091,""-1"":0.0087240619,""0"":0.0085371232,""1"":0.0083541903,""2"":0.008}","{""-2"":3.4443117169,""-1"":4.096,""0"":4.1856907209,""1"":4.2773454128,""2"":4.2773454128}",[],False,strict best-set mismatch,4.2773454128,3.4443117169,0.0091103091,0.19475483401624238,0.997870102079496,0.8031152680632536,True,0.0091103091,0.997870102079496,"{""safe"":true,""max_ttft_s"":3.0559828762006918,""max_native_ttft_s"":3.267333620204231,""max_tpot_s"":0.21635074400376653,""violating_requests"":0,""request_count"":14,""violating_request_fraction"":0.0,""max_ttft_excess_s"":0.0,""max_tpot_excess_s"":0.0,""max_normalized_excess"":0.0,""drained"":true,""runtime_s"":14.170578799967188,""violation_type"":null}",True,False,[],[],True
h105-o900-d30-heterogeneous-fast,h105-o900-d30,TTFT5.2_TPOT2.4,5.2,2.4,Raw-Remaining,-2,[-2],"[1,2]",5,0.8330336958999998,0.8052451659837576,False,False,-0.9746794344808964,0.0,"{""-2"":0.0091103091,""-1"":0.0087240619,""0"":0.0085371232,""1"":0.0083541903,""2"":0.008}","{""-2"":3.4443117169,""-1"":4.096,""0"":4.1856907209,""1"":4.2773454128,""2"":4.2773454128}",[],False,strict best-set mismatch,4.2773454128,3.4443117169,0.0091103091,0.19475483401624238,0.997870102079496,0.8031152680632536,True,0.0091103091,0.997870102079496,"{""safe"":true,""max_ttft_s"":3.0559828762006918,""max_native_ttft_s"":3.267333620204231,""max_tpot_s"":0.21635074400376653,""violating_requests"":0,""request_count"":14,""violating_request_fraction"":0.0,""max_ttft_excess_s"":0.0,""max_tpot_excess_s"":0.0,""max_normalized_excess"":0.0,""drained"":true,""runtime_s"":14.170578799967188,""violation_type"":null}",True,False,[],[],True
h105-o900-d30-heterogeneous-fast,h105-o900-d30,TTFT5.2_TPOT2.4,5.2,2.4,Legacy-Full,-2,[-2],"[1,2]",5,0.8330336958999998,0.8052451659837576,False,False,-0.9746794344808964,0.0,"{""-2"":0.008915094,""-1"":0.0085371232,""0"":0.0083541903,""1"":0.0081751772,""2"":0.0073360323}","{""-2"":3.4443117169,""-1"":4.096,""0"":4.1856907209,""1"":4.2773454128,""2"":4.2773454128}",[],False,strict best-set mismatch,4.2773454128,3.4443117169,0.008915094,0.19475483401624238,0.997915741391069,0.8031609073748266,True,0.008915094,0.997915741391069,"{""safe"":true,""max_ttft_s"":3.0559828762146752,""max_native_ttft_s"":3.267333620217305,""max_tpot_s"":0.2163507440037381,""violating_requests"":0,""request_count"":14,""violating_request_fraction"":0.0,""max_ttft_excess_s"":0.0,""max_tpot_excess_s"":0.0,""max_normalized_excess"":0.0,""drained"":true,""runtime_s"":16.634932600019965,""violation_type"":null}",True,False,[],[],True
h105-o900-d30-heterogeneous-fast,h105-o900-d30,TTFT5.2_TPOT2.4,5.2,2.4,Legacy-Remaining,-2,[-2],"[1,2]",5,0.8330336958999998,0.8052451659837576,False,False,-0.9746794344808964,0.0,"{""-2"":0.008915094,""-1"":0.0085371232,""0"":0.0083541903,""1"":0.0081751772,""2"":0.0073360323}","{""-2"":3.4443117169,""-1"":4.096,""0"":4.1856907209,""1"":4.2773454128,""2"":4.2773454128}",[],False,strict best-set mismatch,4.2773454128,3.4443117169,0.008915094,0.19475483401624238,0.997915741391069,0.8031609073748266,True,0.008915094,0.997915741391069,"{""safe"":true,""max_ttft_s"":3.0559828762146752,""max_native_ttft_s"":3.267333620217305,""max_tpot_s"":0.2163507440037381,""violating_requests"":0,""request_count"":14,""violating_request_fraction"":0.0,""max_ttft_excess_s"":0.0,""max_tpot_excess_s"":0.0,""max_normalized_excess"":0.0,""drained"":true,""runtime_s"":16.634932600019965,""violation_type"":null}",True,False,[],[],True
h105-o900-d30-heterogeneous-fast,h105-o900-d30,TTFT5.2_TPOT5,5.2,5.0,Raw-Full,0,"[-2,-1,0,1,2]",[1],2,4.268435781499996,0.8973545375026458,False,False,,4.268435781499996,"{""-2"":0.8610779292,""-1"":0.8610779292,""0"":0.8610779292,""1"":0.8610779292,""2"":0.8610779292}","{""-2"":19.9106127459,""-1"":27.554493735,""0"":37.3158259837,""1"":41.5842617652,""2"":32.0658493305}",[1],False,tie-break mismatch,41.5842617652,37.3158259837,0.8610779292,0.10264546249735418,0.979293177451076,0.8766477149537218,True,0.8610779292,0.979293177451076,"{""safe"":true,""max_ttft_s"":3.0796424258335096,""max_native_ttft_s"":5.285177624022057,""max_tpot_s"":3.075849227203183,""violating_requests"":0,""request_count"":14,""violating_request_fraction"":0.0,""max_ttft_excess_s"":0.0,""max_tpot_excess_s"":0.0,""max_normalized_excess"":0.0,""drained"":true,""runtime_s"":17.95042980002472,""violation_type"":null}",False,False,[],[],True
h105-o900-d30-heterogeneous-fast,h105-o900-d30,TTFT5.2_TPOT5,5.2,5.0,Raw-Remaining,0,"[-2,-1,0,1,2]",[1],2,4.268435781499996,0.8973545375026458,False,False,,4.268435781499996,"{""-2"":2.048,""-1"":2.048,""0"":2.048,""1"":2.048,""2"":2.048}","{""-2"":19.9106127459,""-1"":27.554493735,""0"":37.3158259837,""1"":41.5842617652,""2"":32.0658493305}",[1],False,tie-break mismatch,41.5842617652,37.3158259837,2.048,0.10264546249735418,0.950750598590309,0.8481051360929548,True,2.048,0.950750598590309,"{""safe"":true,""max_ttft_s"":3.0139668762016014,""max_native_ttft_s"":5.247679714438427,""max_tpot_s"":2.4841638074672026,""violating_requests"":0,""request_count"":14,""violating_request_fraction"":0.0,""max_ttft_excess_s"":0.0,""max_tpot_excess_s"":0.0,""max_normalized_excess"":0.0,""drained"":true,""runtime_s"":17.606565100024454,""violation_type"":null}",False,False,[],[],True
h105-o900-d30-heterogeneous-fast,h105-o900-d30,TTFT5.2_TPOT5,5.2,5.0,Legacy-Full,0,"[-2,-1,0,1,2]",[1],2,4.268435781499996,0.8973545375026458,False,False,,4.268435781499996,"{""-2"":0.8610779292,""-1"":0.8610779292,""0"":0.8610779292,""1"":0.8610779292,""2"":0.8610779292}","{""-2"":19.9106127459,""-1"":27.554493735,""0"":37.3158259837,""1"":41.5842617652,""2"":32.0658493305}",[1],False,tie-break mismatch,41.5842617652,37.3158259837,0.8610779292,0.10264546249735418,0.979293177451076,0.8766477149537218,True,0.8610779292,0.979293177451076,"{""safe"":true,""max_ttft_s"":3.0796424258335096,""max_native_ttft_s"":5.285177624022057,""max_tpot_s"":3.075849227203183,""violating_requests"":0,""request_count"":14,""violating_request_fraction"":0.0,""max_ttft_excess_s"":0.0,""max_tpot_excess_s"":0.0,""max_normalized_excess"":0.0,""drained"":true,""runtime_s"":17.95042980002472,""violation_type"":null}",False,False,[],[],True
h105-o900-d30-heterogeneous-fast,h105-o900-d30,TTFT5.2_TPOT5,5.2,5.0,Legacy-Remaining,0,"[-2,-1,0,1,2]",[1],2,4.268435781499996,0.8973545375026458,False,False,,4.268435781499996,"{""-2"":2.048,""-1"":2.048,""0"":2.048,""1"":2.048,""2"":2.048}","{""-2"":19.9106127459,""-1"":27.554493735,""0"":37.3158259837,""1"":41.5842617652,""2"":32.0658493305}",[1],False,tie-break mismatch,41.5842617652,37.3158259837,2.048,0.10264546249735418,0.950750598590309,0.8481051360929548,True,2.048,0.950750598590309,"{""safe"":true,""max_ttft_s"":3.0139668762016014,""max_native_ttft_s"":5.247679714438427,""max_tpot_s"":2.4841638074672026,""violating_requests"":0,""request_count"":14,""violating_request_fraction"":0.0,""max_ttft_excess_s"":0.0,""max_tpot_excess_s"":0.0,""max_normalized_excess"":0.0,""drained"":true,""runtime_s"":17.606565100024454,""violation_type"":null}",False,False,[],[],True
h105-o900-d30-heterogeneous-fast,h105-o900-d30,TTFT5.2_TPOT10,5.2,10.0,Raw-Full,0,"[0,1,2]",[1],2,4.268435781499996,0.8973545375026458,False,False,0.8944271909999159,4.268435781499996,"{""-2"":4.2773454128,""-1"":4.9776531865,""0"":5.0866495983,""1"":5.0866495983,""2"":5.0866495983}","{""-2"":19.9106127459,""-1"":27.554493735,""0"":37.3158259837,""1"":41.5842617652,""2"":32.0658493305}",[1],False,tie-break mismatch,41.5842617652,37.3158259837,5.0866495983,0.10264546249735418,0.8776784922377343,0.7750330297403801,True,5.0866495983,0.8776784922377343,"{""safe"":true,""max_ttft_s"":3.0139668762016045,""max_native_ttft_s"":6.0801209407642505,""max_tpot_s"":3.071154064562646,""violating_requests"":0,""request_count"":14,""violating_request_fraction"":0.0,""max_ttft_excess_s"":0.0,""max_tpot_excess_s"":0.0,""max_normalized_excess"":0.0,""drained"":true,""runtime_s"":13.185349800041877,""violation_type"":null}",False,False,[],[],False
h105-o900-d30-heterogeneous-fast,h105-o900-d30,TTFT5.2_TPOT10,5.2,10.0,Raw-Remaining,0,"[-2,-1,0,1,2]",[1],2,4.268435781499996,0.8973545375026458,False,False,,4.268435781499996,"{""-2"":8.192,""-1"":8.192,""0"":8.192,""1"":8.192,""2"":8.192}","{""-2"":19.9106127459,""-1"":27.554493735,""0"":37.3158259837,""1"":41.5842617652,""2"":32.0658493305}",[1],False,tie-break mismatch,41.5842617652,37.3158259837,8.192,0.10264546249735418,0.803002394361236,0.7003569318638818,True,8.192,0.803002394361236,"{""safe"":true,""max_ttft_s"":3.013966876201607,""max_native_ttft_s"":5.861117307276001,""max_tpot_s"":3.1357291737172015,""violating_requests"":0,""request_count"":14,""violating_request_fraction"":0.0,""max_ttft_excess_s"":0.0,""max_tpot_excess_s"":0.0,""max_normalized_excess"":0.0,""drained"":true,""runtime_s"":11.067951500008348,""violation_type"":null}",False,False,[],[],True
h105-o900-d30-heterogeneous-fast,h105-o900-d30,TTFT5.2_TPOT10,5.2,10.0,Legacy-Full,1,"[1,2]",[1],1,0.0,1.0,True,False,0.7378647873726218,4.268435781499996,"{""-2"":4.2773454128,""-1"":4.9776531865,""0"":4.9776531865,""1"":5.0866495983,""2"":5.0866495983}","{""-2"":19.9106127459,""-1"":27.554493735,""0"":37.3158259837,""1"":41.5842617652,""2"":32.0658493305}",[1],False,agreement,41.5842617652,41.5842617652,5.0866495983,0.0,0.8776784922377343,0.8776784922377343,True,5.0866495983,0.8776784922377343,"{""safe"":true,""max_ttft_s"":2.992958876201604,""max_native_ttft_s"":6.047614940764249,""max_tpot_s"":3.0596560645626445,""violating_requests"":0,""request_count"":14,""violating_request_fraction"":0.0,""max_ttft_excess_s"":0.0,""max_tpot_excess_s"":0.0,""max_normalized_excess"":0.0,""drained"":true,""runtime_s"":12.538971400004812,""violation_type"":null}",False,False,[],[],False
h105-o900-d30-heterogeneous-fast,h105-o900-d30,TTFT5.2_TPOT10,5.2,10.0,Legacy-Remaining,0,"[-2,-1,0,1,2]",[1],2,4.268435781499996,0.8973545375026458,False,False,,4.268435781499996,"{""-2"":8.192,""-1"":8.192,""0"":8.192,""1"":8.192,""2"":8.192}","{""-2"":19.9106127459,""-1"":27.554493735,""0"":37.3158259837,""1"":41.5842617652,""2"":32.0658493305}",[1],False,tie-break mismatch,41.5842617652,37.3158259837,8.192,0.10264546249735418,0.803002394361236,0.7003569318638818,True,8.192,0.803002394361236,"{""safe"":true,""max_ttft_s"":3.013966876201607,""max_native_ttft_s"":5.861117307276001,""max_tpot_s"":3.1357291737172015,""violating_requests"":0,""request_count"":14,""violating_request_fraction"":0.0,""max_ttft_excess_s"":0.0,""max_tpot_excess_s"":0.0,""max_normalized_excess"":0.0,""drained"":true,""runtime_s"":11.067951500008348,""violation_type"":null}",False,False,[],[],True
h105-o900-d30-heterogeneous-fast,h105-o900-d30,TTFT4.68_TPOT1.2,4.68,1.2,Raw-Full,-2,[-2],[-2],1,0.0,1.0,True,False,1.0,0.0003862472000000002,"{""-2"":0.0091103091,""-1"":0.0087240619,""0"":0.0085371232,""1"":0.0083541903,""2"":0.008}","{""-2"":0.0091103091,""-1"":0.0087240619,""0"":0.0085371232,""1"":0.0083541903,""2"":0.008}",[-2],False,agreement,0.0091103091,0.0091103091,0.0091103091,0.0,0.0,0.0,True,0.0091103091,0.0,"{""safe"":true,""max_ttft_s"":3.0559828762006918,""max_native_ttft_s"":3.267333620204231,""max_tpot_s"":0.21635074400376653,""violating_requests"":0,""request_count"":14,""violating_request_fraction"":0.0,""max_ttft_excess_s"":0.0,""max_tpot_excess_s"":0.0,""max_normalized_excess"":0.0,""drained"":true,""runtime_s"":14.170578799967188,""violation_type"":null}",False,False,[],[],False
h105-o900-d30-heterogeneous-fast,h105-o900-d30,TTFT4.68_TPOT1.2,4.68,1.2,Raw-Remaining,-2,[-2],[-2],1,0.0,1.0,True,False,1.0,0.0003862472000000002,"{""-2"":0.0091103091,""-1"":0.0087240619,""0"":0.0085371232,""1"":0.0083541903,""2"":0.008}","{""-2"":0.0091103091,""-1"":0.0087240619,""0"":0.0085371232,""1"":0.0083541903,""2"":0.008}",[-2],False,agreement,0.0091103091,0.0091103091,0.0091103091,0.0,0.0,0.0,True,0.0091103091,0.0,"{""safe"":true,""max_ttft_s"":3.0559828762006918,""max_native_ttft_s"":3.267333620204231,""max_tpot_s"":0.21635074400376653,""violating_requests"":0,""request_count"":14,""violating_request_fraction"":0.0,""max_ttft_excess_s"":0.0,""max_tpot_excess_s"":0.0,""max_normalized_excess"":0.0,""drained"":true,""runtime_s"":14.170578799967188,""violation_type"":null}",False,False,[],[],False
h105-o900-d30-heterogeneous-fast,h105-o900-d30,TTFT4.68_TPOT1.2,4.68,1.2,Legacy-Full,-2,[-2],[-2],1,0.0,1.0,True,False,1.0,0.0003862472000000002,"{""-2"":0.008915094,""-1"":0.0085371232,""0"":0.0083541903,""1"":0.0081751772,""2"":0.0073360323}","{""-2"":0.0091103091,""-1"":0.0087240619,""0"":0.0085371232,""1"":0.0083541903,""2"":0.008}",[-2],False,agreement,0.0091103091,0.0091103091,0.008915094,0.0,0.0214279337679113,0.021427933767911335,True,0.008915094,0.0214279337679113,"{""safe"":true,""max_ttft_s"":3.0559828762146752,""max_native_ttft_s"":3.267333620217305,""max_tpot_s"":0.2163507440037381,""violating_requests"":0,""request_count"":14,""violating_request_fraction"":0.0,""max_ttft_excess_s"":0.0,""max_tpot_excess_s"":0.0,""max_normalized_excess"":0.0,""drained"":true,""runtime_s"":16.634932600019965,""violation_type"":null}",False,False,[],[],True
h105-o900-d30-heterogeneous-fast,h105-o900-d30,TTFT4.68_TPOT1.2,4.68,1.2,Legacy-Remaining,-2,[-2],[-2],1,0.0,1.0,True,False,1.0,0.0003862472000000002,"{""-2"":0.008915094,""-1"":0.0085371232,""0"":0.0083541903,""1"":0.0081751772,""2"":0.0073360323}","{""-2"":0.0091103091,""-1"":0.0087240619,""0"":0.0085371232,""1"":0.0083541903,""2"":0.008}",[-2],False,agreement,0.0091103091,0.0091103091,0.008915094,0.0,0.0214279337679113,0.021427933767911335,True,0.008915094,0.0214279337679113,"{""safe"":true,""max_ttft_s"":3.0559828762146752,""max_native_ttft_s"":3.267333620217305,""max_tpot_s"":0.2163507440037381,""violating_requests"":0,""request_count"":14,""violating_request_fraction"":0.0,""max_ttft_excess_s"":0.0,""max_tpot_excess_s"":0.0,""max_normalized_excess"":0.0,""drained"":true,""runtime_s"":16.634932600019965,""violation_type"":null}",False,False,[],[],True
h105-o900-d30-heterogeneous-fast,h105-o900-d30,TTFT4.68_TPOT10,4.68,10.0,Raw-Full,0,"[0,1,2]",[1],2,0.9823521248999967,0.9576032806988266,False,False,0.8944271909999159,0.9823521248999967,"{""-2"":4.2773454128,""-1"":4.9776531865,""0"":5.0866495983,""1"":5.0866495983,""2"":5.0866495983}","{""-2"":13.7772468675,""-1"":17.866878692,""0"":22.188122881,""1"":23.1704750059,""2"":19.9106127459}",[1],False,tie-break mismatch,23.1704750059,22.188122881,5.0866495983,0.04239671930117339,0.7804684799511117,0.7380717606499384,True,5.0866495983,0.7804684799511117,"{""safe"":true,""max_ttft_s"":3.0139668762016045,""max_native_ttft_s"":6.0801209407642505,""max_tpot_s"":3.071154064562646,""violating_requests"":0,""request_count"":14,""violating_request_fraction"":0.0,""max_ttft_excess_s"":0.0,""max_tpot_excess_s"":0.0,""max_normalized_excess"":0.0,""drained"":true,""runtime_s"":13.185349800041877,""violation_type"":null}",False,False,[],[],True
h105-o900-d30-heterogeneous-fast,h105-o900-d30,TTFT4.68_TPOT10,4.68,10.0,Raw-Remaining,0,"[-2,-1,0,1,2]",[1],2,0.9823521248999967,0.9576032806988266,False,False,,0.9823521248999967,"{""-2"":8.192,""-1"":8.192,""0"":8.192,""1"":8.192,""2"":8.192}","{""-2"":13.7772468675,""-1"":17.866878692,""0"":22.188122881,""1"":23.1704750059,""2"":19.9106127459}",[1],False,tie-break mismatch,23.1704750059,22.188122881,8.192,0.04239671930117339,0.646446609406409,0.6040498901052356,True,8.192,0.646446609406409,"{""safe"":true,""max_ttft_s"":3.013966876201607,""max_native_ttft_s"":5.861117307276001,""max_tpot_s"":3.1357291737172015,""violating_requests"":0,""request_count"":14,""violating_request_fraction"":0.0,""max_ttft_excess_s"":0.0,""max_tpot_excess_s"":0.0,""max_normalized_excess"":0.0,""drained"":true,""runtime_s"":11.067951500008348,""violation_type"":null}",False,False,[],[],True
h105-o900-d30-heterogeneous-fast,h105-o900-d30,TTFT4.68_TPOT10,4.68,10.0,Legacy-Full,1,"[1,2]",[1],1,0.0,1.0,True,False,0.7378647873726218,0.9823521248999967,"{""-2"":4.2773454128,""-1"":4.9776531865,""0"":4.9776531865,""1"":5.0866495983,""2"":5.0866495983}","{""-2"":13.7772468675,""-1"":17.866878692,""0"":22.188122881,""1"":23.1704750059,""2"":19.9106127459}",[1],False,agreement,23.1704750059,23.1704750059,5.0866495983,0.0,0.7804684799511117,0.7804684799511118,True,5.0866495983,0.7804684799511117,"{""safe"":true,""max_ttft_s"":2.992958876201604,""max_native_ttft_s"":6.047614940764249,""max_tpot_s"":3.0596560645626445,""violating_requests"":0,""request_count"":14,""violating_request_fraction"":0.0,""max_ttft_excess_s"":0.0,""max_tpot_excess_s"":0.0,""max_normalized_excess"":0.0,""drained"":true,""runtime_s"":12.538971400004812,""violation_type"":null}",False,False,[],[],True
h105-o900-d30-heterogeneous-fast,h105-o900-d30,TTFT4.68_TPOT10,4.68,10.0,Legacy-Remaining,0,"[-2,-1,0,1,2]",[1],2,0.9823521248999967,0.9576032806988266,False,False,,0.9823521248999967,"{""-2"":8.192,""-1"":8.192,""0"":8.192,""1"":8.192,""2"":8.192}","{""-2"":13.7772468675,""-1"":17.866878692,""0"":22.188122881,""1"":23.1704750059,""2"":19.9106127459}",[1],False,tie-break mismatch,23.1704750059,22.188122881,8.192,0.04239671930117339,0.646446609406409,0.6040498901052356,True,8.192,0.646446609406409,"{""safe"":true,""max_ttft_s"":3.013966876201607,""max_native_ttft_s"":5.861117307276001,""max_tpot_s"":3.1357291737172015,""violating_requests"":0,""request_count"":14,""violating_request_fraction"":0.0,""max_ttft_excess_s"":0.0,""max_tpot_excess_s"":0.0,""max_normalized_excess"":0.0,""drained"":true,""runtime_s"":11.067951500008348,""violation_type"":null}",False,False,[],[],True
h106-o1100-d120-heterogeneous-slow,h106-o1100-d120,TTFT5.2_TPOT0.3,5.2,0.3,Raw-Full,1,[1],[1],1,0.0,1.0,True,False,1.0,0.00017901310000000004,"{""-2"":0.0,""-1"":0.0,""0"":0.0,""1"":0.0083541903,""2"":0.0081751772}","{""-2"":0.0,""-1"":0.0,""0"":0.0,""1"":0.0083541903,""2"":0.0081751772}",[1],False,agreement,0.0083541903,0.0083541903,0.0083541903,0.0,0.0,0.0,True,0.0083541903,0.0,"{""safe"":true,""max_ttft_s"":5.176178760165276,""max_native_ttft_s"":5.4070047889807755,""max_tpot_s"":0.2358260288159545,""violating_requests"":0,""request_count"":49,""violating_request_fraction"":0.0,""max_ttft_excess_s"":0.0,""max_tpot_excess_s"":0.0,""max_normalized_excess"":0.0,""drained"":true,""runtime_s"":39.394057299999986,""violation_type"":null}",False,False,"[-2,-1,0]","[-2,-1,0]",False
h106-o1100-d120-heterogeneous-slow,h106-o1100-d120,TTFT5.2_TPOT0.3,5.2,0.3,Raw-Remaining,1,[1],[1],1,0.0,1.0,True,False,1.0,0.00017901310000000004,"{""-2"":0.0,""-1"":0.0,""0"":0.0,""1"":0.0083541903,""2"":0.0081751772}","{""-2"":0.0,""-1"":0.0,""0"":0.0,""1"":0.0083541903,""2"":0.0081751772}",[1],False,agreement,0.0083541903,0.0083541903,0.0083541903,0.0,0.0,0.0,True,0.0083541903,0.0,"{""safe"":true,""max_ttft_s"":5.176178760165276,""max_native_ttft_s"":5.4070047889807755,""max_tpot_s"":0.2358260288159545,""violating_requests"":0,""request_count"":49,""violating_request_fraction"":0.0,""max_ttft_excess_s"":0.0,""max_tpot_excess_s"":0.0,""max_normalized_excess"":0.0,""drained"":true,""runtime_s"":39.394057299999986,""violation_type"":null}",False,False,"[-2,-1,0]","[-2,-1,0]",False
h106-o1100-d120-heterogeneous-slow,h106-o1100-d120,TTFT5.2_TPOT0.3,5.2,0.3,Legacy-Full,1,[1],[1],1,0.0,1.0,True,False,1.0,0.00017901310000000004,"{""-2"":0.0,""-1"":0.0,""0"":0.0,""1"":0.0081751772,""2"":0.008}","{""-2"":0.0,""-1"":0.0,""0"":0.0,""1"":0.0083541903,""2"":0.0081751772}",[1],False,agreement,0.0083541903,0.0083541903,0.0081751772,0.0,0.02142794137691595,0.02142794137691597,True,0.0081751772,0.02142794137691595,"{""safe"":true,""max_ttft_s"":5.176178760165276,""max_native_ttft_s"":5.4070047889807755,""max_tpot_s"":0.23582602881549974,""violating_requests"":0,""request_count"":49,""violating_request_fraction"":0.0,""max_ttft_excess_s"":0.0,""max_tpot_excess_s"":0.0,""max_normalized_excess"":0.0,""drained"":true,""runtime_s"":39.61407200002577,""violation_type"":null}",False,False,"[-2,-1,0]","[-2,-1,0]",False
h106-o1100-d120-heterogeneous-slow,h106-o1100-d120,TTFT5.2_TPOT0.3,5.2,0.3,Legacy-Remaining,1,[1],[1],1,0.0,1.0,True,False,1.0,0.00017901310000000004,"{""-2"":0.0,""-1"":0.0,""0"":0.0,""1"":0.0081751772,""2"":0.008}","{""-2"":0.0,""-1"":0.0,""0"":0.0,""1"":0.0083541903,""2"":0.0081751772}",[1],False,agreement,0.0083541903,0.0083541903,0.0081751772,0.0,0.02142794137691595,0.02142794137691597,True,0.0081751772,0.02142794137691595,"{""safe"":true,""max_ttft_s"":5.176178760165276,""max_native_ttft_s"":5.4070047889807755,""max_tpot_s"":0.23582602881549974,""violating_requests"":0,""request_count"":49,""violating_request_fraction"":0.0,""max_ttft_excess_s"":0.0,""max_tpot_excess_s"":0.0,""max_normalized_excess"":0.0,""drained"":true,""runtime_s"":39.61407200002577,""violation_type"":null}",False,False,"[-2,-1,0]","[-2,-1,0]",False
h106-o1100-d120-heterogeneous-slow,h106-o1100-d120,TTFT5.2_TPOT0.6,5.2,0.6,Raw-Full,1,[1],[1],1,0.0,1.0,True,False,1.0,0.00017901310000000004,"{""-2"":0.0,""-1"":0.0,""0"":0.0,""1"":0.0083541903,""2"":0.0081751772}","{""-2"":0.0,""-1"":0.0,""0"":0.0,""1"":0.0083541903,""2"":0.0081751772}",[1],False,agreement,0.0083541903,0.0083541903,0.0083541903,0.0,0.0,0.0,True,0.0083541903,0.0,"{""safe"":true,""max_ttft_s"":5.176178760165276,""max_native_ttft_s"":5.4070047889807755,""max_tpot_s"":0.2358260288159545,""violating_requests"":0,""request_count"":49,""violating_request_fraction"":0.0,""max_ttft_excess_s"":0.0,""max_tpot_excess_s"":0.0,""max_normalized_excess"":0.0,""drained"":true,""runtime_s"":39.394057299999986,""violation_type"":null}",False,False,"[-2,-1,0]","[-2,-1,0]",False
h106-o1100-d120-heterogeneous-slow,h106-o1100-d120,TTFT5.2_TPOT0.6,5.2,0.6,Raw-Remaining,1,[1],[1],1,0.0,1.0,True,False,1.0,0.00017901310000000004,"{""-2"":0.0,""-1"":0.0,""0"":0.0,""1"":0.0083541903,""2"":0.0081751772}","{""-2"":0.0,""-1"":0.0,""0"":0.0,""1"":0.0083541903,""2"":0.0081751772}",[1],False,agreement,0.0083541903,0.0083541903,0.0083541903,0.0,0.0,0.0,True,0.0083541903,0.0,"{""safe"":true,""max_ttft_s"":5.176178760165276,""max_native_ttft_s"":5.4070047889807755,""max_tpot_s"":0.2358260288159545,""violating_requests"":0,""request_count"":49,""violating_request_fraction"":0.0,""max_ttft_excess_s"":0.0,""max_tpot_excess_s"":0.0,""max_normalized_excess"":0.0,""drained"":true,""runtime_s"":39.394057299999986,""violation_type"":null}",False,False,"[-2,-1,0]","[-2,-1,0]",False
h106-o1100-d120-heterogeneous-slow,h106-o1100-d120,TTFT5.2_TPOT0.6,5.2,0.6,Legacy-Full,1,[1],[1],1,0.0,1.0,True,False,1.0,0.00017901310000000004,"{""-2"":0.0,""-1"":0.0,""0"":0.0,""1"":0.0081751772,""2"":0.008}","{""-2"":0.0,""-1"":0.0,""0"":0.0,""1"":0.0083541903,""2"":0.0081751772}",[1],False,agreement,0.0083541903,0.0083541903,0.0081751772,0.0,0.02142794137691595,0.02142794137691597,True,0.0081751772,0.02142794137691595,"{""safe"":true,""max_ttft_s"":5.176178760165276,""max_native_ttft_s"":5.4070047889807755,""max_tpot_s"":0.23582602881549974,""violating_requests"":0,""request_count"":49,""violating_request_fraction"":0.0,""max_ttft_excess_s"":0.0,""max_tpot_excess_s"":0.0,""max_normalized_excess"":0.0,""drained"":true,""runtime_s"":39.61407200002577,""violation_type"":null}",False,False,"[-2,-1,0]","[-2,-1,0]",False
h106-o1100-d120-heterogeneous-slow,h106-o1100-d120,TTFT5.2_TPOT0.6,5.2,0.6,Legacy-Remaining,1,[1],[1],1,0.0,1.0,True,False,1.0,0.00017901310000000004,"{""-2"":0.0,""-1"":0.0,""0"":0.0,""1"":0.0081751772,""2"":0.008}","{""-2"":0.0,""-1"":0.0,""0"":0.0,""1"":0.0083541903,""2"":0.0081751772}",[1],False,agreement,0.0083541903,0.0083541903,0.0081751772,0.0,0.02142794137691595,0.02142794137691597,True,0.0081751772,0.02142794137691595,"{""safe"":true,""max_ttft_s"":5.176178760165276,""max_native_ttft_s"":5.4070047889807755,""max_tpot_s"":0.23582602881549974,""violating_requests"":0,""request_count"":49,""violating_request_fraction"":0.0,""max_ttft_excess_s"":0.0,""max_tpot_excess_s"":0.0,""max_normalized_excess"":0.0,""drained"":true,""runtime_s"":39.61407200002577,""violation_type"":null}",False,False,"[-2,-1,0]","[-2,-1,0]",False
h106-o1100-d120-heterogeneous-slow,h106-o1100-d120,TTFT5.2_TPOT1.2,5.2,1.2,Raw-Full,1,[1],[1],1,0.0,1.0,True,False,1.0,0.00017901310000000004,"{""-2"":0.0,""-1"":0.0,""0"":0.0,""1"":0.0083541903,""2"":0.0081751772}","{""-2"":0.0,""-1"":0.0,""0"":0.0,""1"":0.0083541903,""2"":0.0081751772}",[1],False,agreement,0.0083541903,0.0083541903,0.0083541903,0.0,0.0,0.0,True,0.0083541903,0.0,"{""safe"":true,""max_ttft_s"":5.176178760165276,""max_native_ttft_s"":5.4070047889807755,""max_tpot_s"":0.2358260288159545,""violating_requests"":0,""request_count"":49,""violating_request_fraction"":0.0,""max_ttft_excess_s"":0.0,""max_tpot_excess_s"":0.0,""max_normalized_excess"":0.0,""drained"":true,""runtime_s"":39.394057299999986,""violation_type"":null}",False,False,"[-2,-1,0]","[-2,-1,0]",False
h106-o1100-d120-heterogeneous-slow,h106-o1100-d120,TTFT5.2_TPOT1.2,5.2,1.2,Raw-Remaining,1,[1],[1],1,0.0,1.0,True,False,1.0,0.00017901310000000004,"{""-2"":0.0,""-1"":0.0,""0"":0.0,""1"":0.0083541903,""2"":0.0081751772}","{""-2"":0.0,""-1"":0.0,""0"":0.0,""1"":0.0083541903,""2"":0.0081751772}",[1],False,agreement,0.0083541903,0.0083541903,0.0083541903,0.0,0.0,0.0,True,0.0083541903,0.0,"{""safe"":true,""max_ttft_s"":5.176178760165276,""max_native_ttft_s"":5.4070047889807755,""max_tpot_s"":0.2358260288159545,""violating_requests"":0,""request_count"":49,""violating_request_fraction"":0.0,""max_ttft_excess_s"":0.0,""max_tpot_excess_s"":0.0,""max_normalized_excess"":0.0,""drained"":true,""runtime_s"":39.394057299999986,""violation_type"":null}",False,False,"[-2,-1,0]","[-2,-1,0]",False
h106-o1100-d120-heterogeneous-slow,h106-o1100-d120,TTFT5.2_TPOT1.2,5.2,1.2,Legacy-Full,1,[1],[1],1,0.0,1.0,True,False,1.0,0.00017901310000000004,"{""-2"":0.0,""-1"":0.0,""0"":0.0,""1"":0.0081751772,""2"":0.008}","{""-2"":0.0,""-1"":0.0,""0"":0.0,""1"":0.0083541903,""2"":0.0081751772}",[1],False,agreement,0.0083541903,0.0083541903,0.0081751772,0.0,0.02142794137691595,0.02142794137691597,True,0.0081751772,0.02142794137691595,"{""safe"":true,""max_ttft_s"":5.176178760165276,""max_native_ttft_s"":5.4070047889807755,""max_tpot_s"":0.23582602881549974,""violating_requests"":0,""request_count"":49,""violating_request_fraction"":0.0,""max_ttft_excess_s"":0.0,""max_tpot_excess_s"":0.0,""max_normalized_excess"":0.0,""drained"":true,""runtime_s"":39.61407200002577,""violation_type"":null}",False,False,"[-2,-1,0]","[-2,-1,0]",False
h106-o1100-d120-heterogeneous-slow,h106-o1100-d120,TTFT5.2_TPOT1.2,5.2,1.2,Legacy-Remaining,1,[1],[1],1,0.0,1.0,True,False,1.0,0.00017901310000000004,"{""-2"":0.0,""-1"":0.0,""0"":0.0,""1"":0.0081751772,""2"":0.008}","{""-2"":0.0,""-1"":0.0,""0"":0.0,""1"":0.0083541903,""2"":0.0081751772}",[1],False,agreement,0.0083541903,0.0083541903,0.0081751772,0.0,0.02142794137691595,0.02142794137691597,True,0.0081751772,0.02142794137691595,"{""safe"":true,""max_ttft_s"":5.176178760165276,""max_native_ttft_s"":5.4070047889807755,""max_tpot_s"":0.23582602881549974,""violating_requests"":0,""request_count"":49,""violating_request_fraction"":0.0,""max_ttft_excess_s"":0.0,""max_tpot_excess_s"":0.0,""max_normalized_excess"":0.0,""drained"":true,""runtime_s"":39.61407200002577,""violation_type"":null}",False,False,"[-2,-1,0]","[-2,-1,0]",False
h106-o1100-d120-heterogeneous-slow,h106-o1100-d120,TTFT5.2_TPOT2.4,5.2,2.4,Raw-Full,1,[1],[1],1,0.0,1.0,True,False,1.0,0.00017901310000000004,"{""-2"":0.0,""-1"":0.0,""0"":0.0,""1"":0.0083541903,""2"":0.0081751772}","{""-2"":0.0,""-1"":0.0,""0"":0.0,""1"":0.0083541903,""2"":0.0081751772}",[1],False,agreement,0.0083541903,0.0083541903,0.0083541903,0.0,0.0,0.0,True,0.0083541903,0.0,"{""safe"":true,""max_ttft_s"":5.176178760165276,""max_native_ttft_s"":5.4070047889807755,""max_tpot_s"":0.2358260288159545,""violating_requests"":0,""request_count"":49,""violating_request_fraction"":0.0,""max_ttft_excess_s"":0.0,""max_tpot_excess_s"":0.0,""max_normalized_excess"":0.0,""drained"":true,""runtime_s"":39.394057299999986,""violation_type"":null}",False,False,"[-2,-1,0]","[-2,-1,0]",False
h106-o1100-d120-heterogeneous-slow,h106-o1100-d120,TTFT5.2_TPOT2.4,5.2,2.4,Raw-Remaining,1,[1],[1],1,0.0,1.0,True,False,1.0,0.00017901310000000004,"{""-2"":0.0,""-1"":0.0,""0"":0.0,""1"":0.0083541903,""2"":0.0081751772}","{""-2"":0.0,""-1"":0.0,""0"":0.0,""1"":0.0083541903,""2"":0.0081751772}",[1],False,agreement,0.0083541903,0.0083541903,0.0083541903,0.0,0.0,0.0,True,0.0083541903,0.0,"{""safe"":true,""max_ttft_s"":5.176178760165276,""max_native_ttft_s"":5.4070047889807755,""max_tpot_s"":0.2358260288159545,""violating_requests"":0,""request_count"":49,""violating_request_fraction"":0.0,""max_ttft_excess_s"":0.0,""max_tpot_excess_s"":0.0,""max_normalized_excess"":0.0,""drained"":true,""runtime_s"":39.394057299999986,""violation_type"":null}",False,False,"[-2,-1,0]","[-2,-1,0]",False
h106-o1100-d120-heterogeneous-slow,h106-o1100-d120,TTFT5.2_TPOT2.4,5.2,2.4,Legacy-Full,1,[1],[1],1,0.0,1.0,True,False,1.0,0.00017901310000000004,"{""-2"":0.0,""-1"":0.0,""0"":0.0,""1"":0.0081751772,""2"":0.008}","{""-2"":0.0,""-1"":0.0,""0"":0.0,""1"":0.0083541903,""2"":0.0081751772}",[1],False,agreement,0.0083541903,0.0083541903,0.0081751772,0.0,0.02142794137691595,0.02142794137691597,True,0.0081751772,0.02142794137691595,"{""safe"":true,""max_ttft_s"":5.176178760165276,""max_native_ttft_s"":5.4070047889807755,""max_tpot_s"":0.23582602881549974,""violating_requests"":0,""request_count"":49,""violating_request_fraction"":0.0,""max_ttft_excess_s"":0.0,""max_tpot_excess_s"":0.0,""max_normalized_excess"":0.0,""drained"":true,""runtime_s"":39.61407200002577,""violation_type"":null}",False,False,"[-2,-1,0]","[-2,-1,0]",False
h106-o1100-d120-heterogeneous-slow,h106-o1100-d120,TTFT5.2_TPOT2.4,5.2,2.4,Legacy-Remaining,1,[1],[1],1,0.0,1.0,True,False,1.0,0.00017901310000000004,"{""-2"":0.0,""-1"":0.0,""0"":0.0,""1"":0.0081751772,""2"":0.008}","{""-2"":0.0,""-1"":0.0,""0"":0.0,""1"":0.0083541903,""2"":0.0081751772}",[1],False,agreement,0.0083541903,0.0083541903,0.0081751772,0.0,0.02142794137691595,0.02142794137691597,True,0.0081751772,0.02142794137691595,"{""safe"":true,""max_ttft_s"":5.176178760165276,""max_native_ttft_s"":5.4070047889807755,""max_tpot_s"":0.23582602881549974,""violating_requests"":0,""request_count"":49,""violating_request_fraction"":0.0,""max_ttft_excess_s"":0.0,""max_tpot_excess_s"":0.0,""max_normalized_excess"":0.0,""drained"":true,""runtime_s"":39.61407200002577,""violation_type"":null}",False,False,"[-2,-1,0]","[-2,-1,0]",False
h106-o1100-d120-heterogeneous-slow,h106-o1100-d120,TTFT5.2_TPOT5,5.2,5.0,Raw-Full,1,"[1,2]",[2],2,0.08969072090000019,0.978572062084722,False,False,0.9682458365518541,0.08969072090000019,"{""-2"":0.0,""-1"":0.0,""0"":0.0,""1"":0.2297227616,""2"":0.2297227616}","{""-2"":0.0,""-1"":0.0,""0"":0.0,""1"":4.096,""2"":4.1856907209}",[2],False,tie-break mismatch,4.1856907209,4.096,0.2297227616,0.021427937915277973,0.9451171199885965,0.9236891820733184,False,0.0,1.0,"{""safe"":false,""max_ttft_s"":5.229247271173965,""max_native_ttft_s"":6.5976147702248555,""max_tpot_s"":5.236597542403705,""violating_requests"":7,""request_count"":49,""violating_request_fraction"":0.14285714285714285,""max_ttft_excess_s"":0.02924727117396486,""max_tpot_excess_s"":0.23659754240370479,""max_normalized_excess"":0.04731950848074096,""drained"":true,""runtime_s"":35.960916200012434,""violation_type"":""both""}",True,False,"[-2,-1,0]","[-2,-1,0]",False
h106-o1100-d120-heterogeneous-slow,h106-o1100-d120,TTFT5.2_TPOT5,5.2,5.0,Raw-Remaining,1,"[1,2]",[2],2,0.08969072090000019,0.978572062084722,False,False,0.9682458365518541,0.08969072090000019,"{""-2"":0.0,""-1"":0.0,""0"":0.0,""1"":0.2297227616,""2"":0.2297227616}","{""-2"":0.0,""-1"":0.0,""0"":0.0,""1"":4.096,""2"":4.1856907209}",[2],False,tie-break mismatch,4.1856907209,4.096,0.2297227616,0.021427937915277973,0.9451171199885965,0.9236891820733184,False,0.0,1.0,"{""safe"":false,""max_ttft_s"":5.229247271173965,""max_native_ttft_s"":6.5976147702248555,""max_tpot_s"":5.236597542403705,""violating_requests"":7,""request_count"":49,""violating_request_fraction"":0.14285714285714285,""max_ttft_excess_s"":0.02924727117396486,""max_tpot_excess_s"":0.23659754240370479,""max_normalized_excess"":0.04731950848074096,""drained"":true,""runtime_s"":35.960916200012434,""violation_type"":""both""}",True,False,"[-2,-1,0]","[-2,-1,0]",False
h106-o1100-d120-heterogeneous-slow,h106-o1100-d120,TTFT5.2_TPOT5,5.2,5.0,Legacy-Full,1,"[1,2]",[2],2,0.08969072090000019,0.978572062084722,False,False,0.9682458365518541,0.08969072090000019,"{""-2"":0.0,""-1"":0.0,""0"":0.0,""1"":0.2297227616,""2"":0.2297227616}","{""-2"":0.0,""-1"":0.0,""0"":0.0,""1"":4.096,""2"":4.1856907209}",[2],False,tie-break mismatch,4.1856907209,4.096,0.2297227616,0.021427937915277973,0.9451171199885965,0.9236891820733184,False,0.0,1.0,"{""safe"":false,""max_ttft_s"":5.229247271173965,""max_native_ttft_s"":6.5976147702248555,""max_tpot_s"":5.236597542403705,""violating_requests"":7,""request_count"":49,""violating_request_fraction"":0.14285714285714285,""max_ttft_excess_s"":0.02924727117396486,""max_tpot_excess_s"":0.23659754240370479,""max_normalized_excess"":0.04731950848074096,""drained"":true,""runtime_s"":35.960916200012434,""violation_type"":""both""}",True,False,"[-2,-1,0]","[-2,-1,0]",False
h106-o1100-d120-heterogeneous-slow,h106-o1100-d120,TTFT5.2_TPOT5,5.2,5.0,Legacy-Remaining,1,"[1,2]",[2],2,0.08969072090000019,0.978572062084722,False,False,0.9682458365518541,0.08969072090000019,"{""-2"":0.0,""-1"":0.0,""0"":0.0,""1"":0.2297227616,""2"":0.2297227616}","{""-2"":0.0,""-1"":0.0,""0"":0.0,""1"":4.096,""2"":4.1856907209}",[2],False,tie-break mismatch,4.1856907209,4.096,0.2297227616,0.021427937915277973,0.9451171199885965,0.9236891820733184,False,0.0,1.0,"{""safe"":false,""max_ttft_s"":5.229247271173965,""max_native_ttft_s"":6.5976147702248555,""max_tpot_s"":5.236597542403705,""violating_requests"":7,""request_count"":49,""violating_request_fraction"":0.14285714285714285,""max_ttft_excess_s"":0.02924727117396486,""max_tpot_excess_s"":0.23659754240370479,""max_normalized_excess"":0.04731950848074096,""drained"":true,""runtime_s"":35.960916200012434,""violation_type"":""both""}",True,False,"[-2,-1,0]","[-2,-1,0]",False
h106-o1100-d120-heterogeneous-slow,h106-o1100-d120,TTFT5.2_TPOT10,5.2,10.0,Raw-Full,1,"[1,2]",[2],2,1.4510307203000004,0.7384130729635613,False,False,0.9682458365518541,1.4510307203000004,"{""-2"":0.0,""-1"":0.0,""0"":0.0,""1"":0.2297227616,""2"":0.2297227616}","{""-2"":0.0,""-1"":0.0,""0"":0.0,""1"":4.096,""2"":5.5470307203}",[2],False,tie-break mismatch,5.5470307203,4.096,0.2297227616,0.2615869270364387,0.9585863549016769,0.696999427865238,False,0.0,1.0,"{""safe"":false,""max_ttft_s"":5.229247271173965,""max_native_ttft_s"":6.5976147702248555,""max_tpot_s"":5.236597542403705,""violating_requests"":1,""request_count"":49,""violating_request_fraction"":0.02040816326530612,""max_ttft_excess_s"":0.02924727117396486,""max_tpot_excess_s"":0.0,""max_normalized_excess"":0.005624475225762371,""drained"":true,""runtime_s"":35.960916200012434,""violation_type"":""TTFT only""}",True,False,"[-2,-1,0]","[-2,-1,0]",False
h106-o1100-d120-heterogeneous-slow,h106-o1100-d120,TTFT5.2_TPOT10,5.2,10.0,Raw-Remaining,1,"[1,2]",[2],2,1.4510307203000004,0.7384130729635613,False,False,0.9682458365518541,1.4510307203000004,"{""-2"":0.0,""-1"":0.0,""0"":0.0,""1"":0.2297227616,""2"":0.2297227616}","{""-2"":0.0,""-1"":0.0,""0"":0.0,""1"":4.096,""2"":5.5470307203}",[2],False,tie-break mismatch,5.5470307203,4.096,0.2297227616,0.2615869270364387,0.9585863549016769,0.696999427865238,False,0.0,1.0,"{""safe"":false,""max_ttft_s"":5.229247271173965,""max_native_ttft_s"":6.5976147702248555,""max_tpot_s"":5.236597542403705,""violating_requests"":1,""request_count"":49,""violating_request_fraction"":0.02040816326530612,""max_ttft_excess_s"":0.02924727117396486,""max_tpot_excess_s"":0.0,""max_normalized_excess"":0.005624475225762371,""drained"":true,""runtime_s"":35.960916200012434,""violation_type"":""TTFT only""}",True,False,"[-2,-1,0]","[-2,-1,0]",False
h106-o1100-d120-heterogeneous-slow,h106-o1100-d120,TTFT5.2_TPOT10,5.2,10.0,Legacy-Full,1,"[1,2]",[2],2,1.4510307203000004,0.7384130729635613,False,False,0.9682458365518541,1.4510307203000004,"{""-2"":0.0,""-1"":0.0,""0"":0.0,""1"":0.2297227616,""2"":0.2297227616}","{""-2"":0.0,""-1"":0.0,""0"":0.0,""1"":4.096,""2"":5.5470307203}",[2],False,tie-break mismatch,5.5470307203,4.096,0.2297227616,0.2615869270364387,0.9585863549016769,0.696999427865238,False,0.0,1.0,"{""safe"":false,""max_ttft_s"":5.229247271173965,""max_native_ttft_s"":6.5976147702248555,""max_tpot_s"":5.236597542403705,""violating_requests"":1,""request_count"":49,""violating_request_fraction"":0.02040816326530612,""max_ttft_excess_s"":0.02924727117396486,""max_tpot_excess_s"":0.0,""max_normalized_excess"":0.005624475225762371,""drained"":true,""runtime_s"":35.960916200012434,""violation_type"":""TTFT only""}",True,False,"[-2,-1,0]","[-2,-1,0]",False
h106-o1100-d120-heterogeneous-slow,h106-o1100-d120,TTFT5.2_TPOT10,5.2,10.0,Legacy-Remaining,1,"[1,2]",[2],2,1.4510307203000004,0.7384130729635613,False,False,0.9682458365518541,1.4510307203000004,"{""-2"":0.0,""-1"":0.0,""0"":0.0,""1"":0.2297227616,""2"":0.2297227616}","{""-2"":0.0,""-1"":0.0,""0"":0.0,""1"":4.096,""2"":5.5470307203}",[2],False,tie-break mismatch,5.5470307203,4.096,0.2297227616,0.2615869270364387,0.9585863549016769,0.696999427865238,False,0.0,1.0,"{""safe"":false,""max_ttft_s"":5.229247271173965,""max_native_ttft_s"":6.5976147702248555,""max_tpot_s"":5.236597542403705,""violating_requests"":1,""request_count"":49,""violating_request_fraction"":0.02040816326530612,""max_ttft_excess_s"":0.02924727117396486,""max_tpot_excess_s"":0.0,""max_normalized_excess"":0.005624475225762371,""drained"":true,""runtime_s"":35.960916200012434,""violation_type"":""TTFT only""}",True,False,"[-2,-1,0]","[-2,-1,0]",False
h106-o1100-d120-heterogeneous-slow,h106-o1100-d120,TTFT4.68_TPOT1.2,4.68,1.2,Raw-Full,,[],[],,,,,True,,0.0,"{""-2"":0.0,""-1"":0.0,""0"":0.0,""1"":0.0,""2"":0.0}","{""-2"":0.0,""-1"":0.0,""0"":0.0,""1"":0.0,""2"":0.0}",[],False,no-safe recommendation,0.0,,,,,,,0.0,,{},False,False,"[-2,-1,0,1,2]","[-2,-1,0,1,2]",False
h106-o1100-d120-heterogeneous-slow,h106-o1100-d120,TTFT4.68_TPOT1.2,4.68,1.2,Raw-Remaining,,[],[],,,,,True,,0.0,"{""-2"":0.0,""-1"":0.0,""0"":0.0,""1"":0.0,""2"":0.0}","{""-2"":0.0,""-1"":0.0,""0"":0.0,""1"":0.0,""2"":0.0}",[],False,no-safe recommendation,0.0,,,,,,,0.0,,{},False,False,"[-2,-1,0,1,2]","[-2,-1,0,1,2]",False
h106-o1100-d120-heterogeneous-slow,h106-o1100-d120,TTFT4.68_TPOT1.2,4.68,1.2,Legacy-Full,,[],[],,,,,True,,0.0,"{""-2"":0.0,""-1"":0.0,""0"":0.0,""1"":0.0,""2"":0.0}","{""-2"":0.0,""-1"":0.0,""0"":0.0,""1"":0.0,""2"":0.0}",[],False,no-safe recommendation,0.0,,,,,,,0.0,,{},False,False,"[-2,-1,0,1,2]","[-2,-1,0,1,2]",False
h106-o1100-d120-heterogeneous-slow,h106-o1100-d120,TTFT4.68_TPOT1.2,4.68,1.2,Legacy-Remaining,,[],[],,,,,True,,0.0,"{""-2"":0.0,""-1"":0.0,""0"":0.0,""1"":0.0,""2"":0.0}","{""-2"":0.0,""-1"":0.0,""0"":0.0,""1"":0.0,""2"":0.0}",[],False,no-safe recommendation,0.0,,,,,,,0.0,,{},False,False,"[-2,-1,0,1,2]","[-2,-1,0,1,2]",False
h106-o1100-d120-heterogeneous-slow,h106-o1100-d120,TTFT4.68_TPOT10,4.68,10.0,Raw-Full,,[],[],,,,,True,,0.0,"{""-2"":0.0,""-1"":0.0,""0"":0.0,""1"":0.0,""2"":0.0}","{""-2"":0.0,""-1"":0.0,""0"":0.0,""1"":0.0,""2"":0.0}",[],False,no-safe recommendation,0.0,,,,,,,0.0,,{},False,False,"[-2,-1,0,1,2]","[-2,-1,0,1,2]",False
h106-o1100-d120-heterogeneous-slow,h106-o1100-d120,TTFT4.68_TPOT10,4.68,10.0,Raw-Remaining,,[],[],,,,,True,,0.0,"{""-2"":0.0,""-1"":0.0,""0"":0.0,""1"":0.0,""2"":0.0}","{""-2"":0.0,""-1"":0.0,""0"":0.0,""1"":0.0,""2"":0.0}",[],False,no-safe recommendation,0.0,,,,,,,0.0,,{},False,False,"[-2,-1,0,1,2]","[-2,-1,0,1,2]",False
h106-o1100-d120-heterogeneous-slow,h106-o1100-d120,TTFT4.68_TPOT10,4.68,10.0,Legacy-Full,,[],[],,,,,True,,0.0,"{""-2"":0.0,""-1"":0.0,""0"":0.0,""1"":0.0,""2"":0.0}","{""-2"":0.0,""-1"":0.0,""0"":0.0,""1"":0.0,""2"":0.0}",[],False,no-safe recommendation,0.0,,,,,,,0.0,,{},False,False,"[-2,-1,0,1,2]","[-2,-1,0,1,2]",False
h106-o1100-d120-heterogeneous-slow,h106-o1100-d120,TTFT4.68_TPOT10,4.68,10.0,Legacy-Remaining,,[],[],,,,,True,,0.0,"{""-2"":0.0,""-1"":0.0,""0"":0.0,""1"":0.0,""2"":0.0}","{""-2"":0.0,""-1"":0.0,""0"":0.0,""1"":0.0,""2"":0.0}",[],False,no-safe recommendation,0.0,,,,,,,0.0,,{},False,False,"[-2,-1,0,1,2]","[-2,-1,0,1,2]",False
