group,workload,sla,ttft_s,tpot_s,variant,shift,evaluator,reference,signed_gap,relative_signed_gap
h101-o60-d30-a100-fast,h101-o60-d30,decode,2.0,0.15,Raw-Full,0,"{""largest_safe"":0.0190273138,""nearest_unsafe_above"":0.0194439577,""all_unsafe"":false,""right_censored"":false,""nonmonotone"":false,""single_boundary_supported"":true,""transitions"":[{""left"":0.0190273138,""right"":0.0194439577,""left_safe"":true,""right_safe"":false}],""sequence"":[{""intensity"":0.001,""safe"":true},{""intensity"":0.004,""safe"":true},{""intensity"":0.016,""safe"":true},{""intensity"":0.0190273138,""safe"":true},{""intensity"":0.0194439577,""safe"":false},{""intensity"":0.019869725,""safe"":false},{""intensity"":0.0207494329,""safe"":false},{""intensity"":0.022627417,""safe"":false},{""intensity"":0.032,""safe"":false},{""intensity"":0.045254834,""safe"":false},{""intensity"":0.0538173706,""safe"":false},{""intensity"":0.0586882588,""safe"":false},{""intensity"":0.06128661,""safe"":false},{""intensity"":0.062628612,""safe"":false},{""intensity"":0.064,""safe"":false},{""intensity"":0.256,""safe"":false},{""intensity"":1.024,""safe"":false},{""intensity"":4.096,""safe"":false},{""intensity"":16.384,""safe"":false},{""intensity"":65.536,""safe"":false}],""missing_count"":0,""no_safe"":false,""bracket_relative_width"":0.02189714766779116,""unresolved"":false}","{""largest_safe"":0.0190273138,""nearest_unsafe_above"":0.0194439577,""all_unsafe"":false,""right_censored"":false,""nonmonotone"":false,""single_boundary_supported"":true,""transitions"":[{""left"":0.0190273138,""right"":0.0194439577,""left_safe"":true,""right_safe"":false}],""sequence"":[{""intensity"":0.001,""safe"":true},{""intensity"":0.004,""safe"":true},{""intensity"":0.016,""safe"":true},{""intensity"":0.0190273138,""safe"":true},{""intensity"":0.0194439577,""safe"":false},{""intensity"":0.019869725,""safe"":false},{""intensity"":0.0207494329,""safe"":false},{""intensity"":0.022627417,""safe"":false},{""intensity"":0.032,""safe"":false},{""intensity"":0.045254834,""safe"":false},{""intensity"":0.0538173706,""safe"":false},{""intensity"":0.0586882588,""safe"":false},{""intensity"":0.06128661,""safe"":false},{""intensity"":0.062628612,""safe"":false},{""intensity"":0.064,""safe"":false},{""intensity"":0.256,""safe"":false},{""intensity"":1.024,""safe"":false},{""intensity"":4.096,""safe"":false},{""intensity"":16.384,""safe"":false},{""intensity"":65.536,""safe"":false}],""missing_count"":0,""no_safe"":false,""bracket_relative_width"":0.02189714766779116,""unresolved"":false}",0.0,0.0
h101-o60-d30-a100-fast,h101-o60-d30,decode,2.0,0.15,Raw-Remaining,0,"{""largest_safe"":0.0190273138,""nearest_unsafe_above"":0.0194439577,""all_unsafe"":false,""right_censored"":false,""nonmonotone"":false,""single_boundary_supported"":true,""transitions"":[{""left"":0.0190273138,""right"":0.0194439577,""left_safe"":true,""right_safe"":false}],""sequence"":[{""intensity"":0.001,""safe"":true},{""intensity"":0.004,""safe"":true},{""intensity"":0.016,""safe"":true},{""intensity"":0.0190273138,""safe"":true},{""intensity"":0.0194439577,""safe"":false},{""intensity"":0.019869725,""safe"":false},{""intensity"":0.0207494329,""safe"":false},{""intensity"":0.022627417,""safe"":false},{""intensity"":0.032,""safe"":false},{""intensity"":0.045254834,""safe"":false},{""intensity"":0.0538173706,""safe"":false},{""intensity"":0.0586882588,""safe"":false},{""intensity"":0.06128661,""safe"":false},{""intensity"":0.062628612,""safe"":false},{""intensity"":0.064,""safe"":false},{""intensity"":0.256,""safe"":false},{""intensity"":1.024,""safe"":false},{""intensity"":4.096,""safe"":false},{""intensity"":16.384,""safe"":false},{""intensity"":65.536,""safe"":false}],""missing_count"":0,""no_safe"":false,""bracket_relative_width"":0.02189714766779116,""unresolved"":false}","{""largest_safe"":0.0190273138,""nearest_unsafe_above"":0.0194439577,""all_unsafe"":false,""right_censored"":false,""nonmonotone"":false,""single_boundary_supported"":true,""transitions"":[{""left"":0.0190273138,""right"":0.0194439577,""left_safe"":true,""right_safe"":false}],""sequence"":[{""intensity"":0.001,""safe"":true},{""intensity"":0.004,""safe"":true},{""intensity"":0.016,""safe"":true},{""intensity"":0.0190273138,""safe"":true},{""intensity"":0.0194439577,""safe"":false},{""intensity"":0.019869725,""safe"":false},{""intensity"":0.0207494329,""safe"":false},{""intensity"":0.022627417,""safe"":false},{""intensity"":0.032,""safe"":false},{""intensity"":0.045254834,""safe"":false},{""intensity"":0.0538173706,""safe"":false},{""intensity"":0.0586882588,""safe"":false},{""intensity"":0.06128661,""safe"":false},{""intensity"":0.062628612,""safe"":false},{""intensity"":0.064,""safe"":false},{""intensity"":0.256,""safe"":false},{""intensity"":1.024,""safe"":false},{""intensity"":4.096,""safe"":false},{""intensity"":16.384,""safe"":false},{""intensity"":65.536,""safe"":false}],""missing_count"":0,""no_safe"":false,""bracket_relative_width"":0.02189714766779116,""unresolved"":false}",0.0,0.0
h101-o60-d30-a100-fast,h101-o60-d30,decode,2.0,0.15,Legacy-Full,0,"{""largest_safe"":0.016,""nearest_unsafe_above"":0.0190273138,""all_unsafe"":false,""right_censored"":false,""nonmonotone"":false,""single_boundary_supported"":true,""transitions"":[{""left"":0.016,""right"":0.0190273138,""left_safe"":true,""right_safe"":false}],""sequence"":[{""intensity"":0.001,""safe"":true},{""intensity"":0.004,""safe"":true},{""intensity"":0.016,""safe"":true},{""intensity"":0.0190273138,""safe"":false},{""intensity"":0.0194439577,""safe"":false},{""intensity"":0.019869725,""safe"":false},{""intensity"":0.0207494329,""safe"":false},{""intensity"":0.022627417,""safe"":false},{""intensity"":0.032,""safe"":false},{""intensity"":0.045254834,""safe"":false},{""intensity"":0.0538173706,""safe"":false},{""intensity"":0.0586882588,""safe"":false},{""intensity"":0.06128661,""safe"":false},{""intensity"":0.062628612,""safe"":false},{""intensity"":0.064,""safe"":false},{""intensity"":0.256,""safe"":false},{""intensity"":1.024,""safe"":false},{""intensity"":4.096,""safe"":false},{""intensity"":16.384,""safe"":false},{""intensity"":65.536,""safe"":false}],""missing_count"":0,""no_safe"":false,""bracket_relative_width"":0.1892071125000001,""unresolved"":true}","{""largest_safe"":0.0190273138,""nearest_unsafe_above"":0.0194439577,""all_unsafe"":false,""right_censored"":false,""nonmonotone"":false,""single_boundary_supported"":true,""transitions"":[{""left"":0.0190273138,""right"":0.0194439577,""left_safe"":true,""right_safe"":false}],""sequence"":[{""intensity"":0.001,""safe"":true},{""intensity"":0.004,""safe"":true},{""intensity"":0.016,""safe"":true},{""intensity"":0.0190273138,""safe"":true},{""intensity"":0.0194439577,""safe"":false},{""intensity"":0.019869725,""safe"":false},{""intensity"":0.0207494329,""safe"":false},{""intensity"":0.022627417,""safe"":false},{""intensity"":0.032,""safe"":false},{""intensity"":0.045254834,""safe"":false},{""intensity"":0.0538173706,""safe"":false},{""intensity"":0.0586882588,""safe"":false},{""intensity"":0.06128661,""safe"":false},{""intensity"":0.062628612,""safe"":false},{""intensity"":0.064,""safe"":false},{""intensity"":0.256,""safe"":false},{""intensity"":1.024,""safe"":false},{""intensity"":4.096,""safe"":false},{""intensity"":16.384,""safe"":false},{""intensity"":65.536,""safe"":false}],""missing_count"":0,""no_safe"":false,""bracket_relative_width"":0.02189714766779116,""unresolved"":false}",-0.0030273138000000005,-0.15910358297659444
h101-o60-d30-a100-fast,h101-o60-d30,decode,2.0,0.15,Legacy-Remaining,0,"{""largest_safe"":0.016,""nearest_unsafe_above"":0.0190273138,""all_unsafe"":false,""right_censored"":false,""nonmonotone"":false,""single_boundary_supported"":true,""transitions"":[{""left"":0.016,""right"":0.0190273138,""left_safe"":true,""right_safe"":false}],""sequence"":[{""intensity"":0.001,""safe"":true},{""intensity"":0.004,""safe"":true},{""intensity"":0.016,""safe"":true},{""intensity"":0.0190273138,""safe"":false},{""intensity"":0.0194439577,""safe"":false},{""intensity"":0.019869725,""safe"":false},{""intensity"":0.0207494329,""safe"":false},{""intensity"":0.022627417,""safe"":false},{""intensity"":0.032,""safe"":false},{""intensity"":0.045254834,""safe"":false},{""intensity"":0.0538173706,""safe"":false},{""intensity"":0.0586882588,""safe"":false},{""intensity"":0.06128661,""safe"":false},{""intensity"":0.062628612,""safe"":false},{""intensity"":0.064,""safe"":false},{""intensity"":0.256,""safe"":false},{""intensity"":1.024,""safe"":false},{""intensity"":4.096,""safe"":false},{""intensity"":16.384,""safe"":false},{""intensity"":65.536,""safe"":false}],""missing_count"":0,""no_safe"":false,""bracket_relative_width"":0.1892071125000001,""unresolved"":true}","{""largest_safe"":0.0190273138,""nearest_unsafe_above"":0.0194439577,""all_unsafe"":false,""right_censored"":false,""nonmonotone"":false,""single_boundary_supported"":true,""transitions"":[{""left"":0.0190273138,""right"":0.0194439577,""left_safe"":true,""right_safe"":false}],""sequence"":[{""intensity"":0.001,""safe"":true},{""intensity"":0.004,""safe"":true},{""intensity"":0.016,""safe"":true},{""intensity"":0.0190273138,""safe"":true},{""intensity"":0.0194439577,""safe"":false},{""intensity"":0.019869725,""safe"":false},{""intensity"":0.0207494329,""safe"":false},{""intensity"":0.022627417,""safe"":false},{""intensity"":0.032,""safe"":false},{""intensity"":0.045254834,""safe"":false},{""intensity"":0.0538173706,""safe"":false},{""intensity"":0.0586882588,""safe"":false},{""intensity"":0.06128661,""safe"":false},{""intensity"":0.062628612,""safe"":false},{""intensity"":0.064,""safe"":false},{""intensity"":0.256,""safe"":false},{""intensity"":1.024,""safe"":false},{""intensity"":4.096,""safe"":false},{""intensity"":16.384,""safe"":false},{""intensity"":65.536,""safe"":false}],""missing_count"":0,""no_safe"":false,""bracket_relative_width"":0.02189714766779116,""unresolved"":false}",-0.0030273138000000005,-0.15910358297659444
h101-o60-d30-a100-fast,h101-o60-d30,relaxed_decode,2.0,1.0,Raw-Full,0,"{""largest_safe"":0.062628612,""nearest_unsafe_above"":0.064,""all_unsafe"":false,""right_censored"":false,""nonmonotone"":false,""single_boundary_supported"":true,""transitions"":[{""left"":0.062628612,""right"":0.064,""left_safe"":true,""right_safe"":false}],""sequence"":[{""intensity"":0.001,""safe"":true},{""intensity"":0.004,""safe"":true},{""intensity"":0.016,""safe"":true},{""intensity"":0.0190273138,""safe"":true},{""intensity"":0.0194439577,""safe"":true},{""intensity"":0.019869725,""safe"":true},{""intensity"":0.0207494329,""safe"":true},{""intensity"":0.022627417,""safe"":true},{""intensity"":0.032,""safe"":true},{""intensity"":0.045254834,""safe"":true},{""intensity"":0.0538173706,""safe"":true},{""intensity"":0.0586882588,""safe"":true},{""intensity"":0.06128661,""safe"":true},{""intensity"":0.062628612,""safe"":true},{""intensity"":0.064,""safe"":false},{""intensity"":0.256,""safe"":false},{""intensity"":1.024,""safe"":false},{""intensity"":4.096,""safe"":false},{""intensity"":16.384,""safe"":false},{""intensity"":65.536,""safe"":false}],""missing_count"":0,""no_safe"":false,""bracket_relative_width"":0.021897148223562812,""unresolved"":false}","{""largest_safe"":0.062628612,""nearest_unsafe_above"":0.064,""all_unsafe"":false,""right_censored"":false,""nonmonotone"":false,""single_boundary_supported"":true,""transitions"":[{""left"":0.062628612,""right"":0.064,""left_safe"":true,""right_safe"":false}],""sequence"":[{""intensity"":0.001,""safe"":true},{""intensity"":0.004,""safe"":true},{""intensity"":0.016,""safe"":true},{""intensity"":0.0190273138,""safe"":true},{""intensity"":0.0194439577,""safe"":true},{""intensity"":0.019869725,""safe"":true},{""intensity"":0.0207494329,""safe"":true},{""intensity"":0.022627417,""safe"":true},{""intensity"":0.032,""safe"":true},{""intensity"":0.045254834,""safe"":true},{""intensity"":0.0538173706,""safe"":true},{""intensity"":0.0586882588,""safe"":true},{""intensity"":0.06128661,""safe"":true},{""intensity"":0.062628612,""safe"":true},{""intensity"":0.064,""safe"":false},{""intensity"":0.256,""safe"":false},{""intensity"":1.024,""safe"":false},{""intensity"":4.096,""safe"":false},{""intensity"":16.384,""safe"":false},{""intensity"":65.536,""safe"":false}],""missing_count"":0,""no_safe"":false,""bracket_relative_width"":0.021897148223562812,""unresolved"":false}",0.0,0.0
h101-o60-d30-a100-fast,h101-o60-d30,relaxed_decode,2.0,1.0,Raw-Remaining,0,"{""largest_safe"":0.062628612,""nearest_unsafe_above"":0.064,""all_unsafe"":false,""right_censored"":false,""nonmonotone"":false,""single_boundary_supported"":true,""transitions"":[{""left"":0.062628612,""right"":0.064,""left_safe"":true,""right_safe"":false}],""sequence"":[{""intensity"":0.001,""safe"":true},{""intensity"":0.004,""safe"":true},{""intensity"":0.016,""safe"":true},{""intensity"":0.0190273138,""safe"":true},{""intensity"":0.0194439577,""safe"":true},{""intensity"":0.019869725,""safe"":true},{""intensity"":0.0207494329,""safe"":true},{""intensity"":0.022627417,""safe"":true},{""intensity"":0.032,""safe"":true},{""intensity"":0.045254834,""safe"":true},{""intensity"":0.0538173706,""safe"":true},{""intensity"":0.0586882588,""safe"":true},{""intensity"":0.06128661,""safe"":true},{""intensity"":0.062628612,""safe"":true},{""intensity"":0.064,""safe"":false},{""intensity"":0.256,""safe"":false},{""intensity"":1.024,""safe"":false},{""intensity"":4.096,""safe"":false},{""intensity"":16.384,""safe"":false},{""intensity"":65.536,""safe"":false}],""missing_count"":0,""no_safe"":false,""bracket_relative_width"":0.021897148223562812,""unresolved"":false}","{""largest_safe"":0.062628612,""nearest_unsafe_above"":0.064,""all_unsafe"":false,""right_censored"":false,""nonmonotone"":false,""single_boundary_supported"":true,""transitions"":[{""left"":0.062628612,""right"":0.064,""left_safe"":true,""right_safe"":false}],""sequence"":[{""intensity"":0.001,""safe"":true},{""intensity"":0.004,""safe"":true},{""intensity"":0.016,""safe"":true},{""intensity"":0.0190273138,""safe"":true},{""intensity"":0.0194439577,""safe"":true},{""intensity"":0.019869725,""safe"":true},{""intensity"":0.0207494329,""safe"":true},{""intensity"":0.022627417,""safe"":true},{""intensity"":0.032,""safe"":true},{""intensity"":0.045254834,""safe"":true},{""intensity"":0.0538173706,""safe"":true},{""intensity"":0.0586882588,""safe"":true},{""intensity"":0.06128661,""safe"":true},{""intensity"":0.062628612,""safe"":true},{""intensity"":0.064,""safe"":false},{""intensity"":0.256,""safe"":false},{""intensity"":1.024,""safe"":false},{""intensity"":4.096,""safe"":false},{""intensity"":16.384,""safe"":false},{""intensity"":65.536,""safe"":false}],""missing_count"":0,""no_safe"":false,""bracket_relative_width"":0.021897148223562812,""unresolved"":false}",0.0,0.0
h101-o60-d30-a100-fast,h101-o60-d30,relaxed_decode,2.0,1.0,Legacy-Full,0,"{""largest_safe"":0.0586882588,""nearest_unsafe_above"":0.06128661,""all_unsafe"":false,""right_censored"":false,""nonmonotone"":false,""single_boundary_supported"":true,""transitions"":[{""left"":0.0586882588,""right"":0.06128661,""left_safe"":true,""right_safe"":false}],""sequence"":[{""intensity"":0.001,""safe"":true},{""intensity"":0.004,""safe"":true},{""intensity"":0.016,""safe"":true},{""intensity"":0.0190273138,""safe"":true},{""intensity"":0.0194439577,""safe"":true},{""intensity"":0.019869725,""safe"":true},{""intensity"":0.0207494329,""safe"":true},{""intensity"":0.022627417,""safe"":true},{""intensity"":0.032,""safe"":true},{""intensity"":0.045254834,""safe"":true},{""intensity"":0.0538173706,""safe"":true},{""intensity"":0.0586882588,""safe"":true},{""intensity"":0.06128661,""safe"":false},{""intensity"":0.062628612,""safe"":false},{""intensity"":0.064,""safe"":false},{""intensity"":0.256,""safe"":false},{""intensity"":1.024,""safe"":false},{""intensity"":4.096,""safe"":false},{""intensity"":16.384,""safe"":false},{""intensity"":65.536,""safe"":false}],""missing_count"":0,""no_safe"":false,""bracket_relative_width"":0.044273782407734386,""unresolved"":true}","{""largest_safe"":0.062628612,""nearest_unsafe_above"":0.064,""all_unsafe"":false,""right_censored"":false,""nonmonotone"":false,""single_boundary_supported"":true,""transitions"":[{""left"":0.062628612,""right"":0.064,""left_safe"":true,""right_safe"":false}],""sequence"":[{""intensity"":0.001,""safe"":true},{""intensity"":0.004,""safe"":true},{""intensity"":0.016,""safe"":true},{""intensity"":0.0190273138,""safe"":true},{""intensity"":0.0194439577,""safe"":true},{""intensity"":0.019869725,""safe"":true},{""intensity"":0.0207494329,""safe"":true},{""intensity"":0.022627417,""safe"":true},{""intensity"":0.032,""safe"":true},{""intensity"":0.045254834,""safe"":true},{""intensity"":0.0538173706,""safe"":true},{""intensity"":0.0586882588,""safe"":true},{""intensity"":0.06128661,""safe"":true},{""intensity"":0.062628612,""safe"":true},{""intensity"":0.064,""safe"":false},{""intensity"":0.256,""safe"":false},{""intensity"":1.024,""safe"":false},{""intensity"":4.096,""safe"":false},{""intensity"":16.384,""safe"":false},{""intensity"":65.536,""safe"":false}],""missing_count"":0,""no_safe"":false,""bracket_relative_width"":0.021897148223562812,""unresolved"":false}",-0.003940353200000003,-0.0629161827823999
h101-o60-d30-a100-fast,h101-o60-d30,relaxed_decode,2.0,1.0,Legacy-Remaining,0,"{""largest_safe"":0.0586882588,""nearest_unsafe_above"":0.06128661,""all_unsafe"":false,""right_censored"":false,""nonmonotone"":false,""single_boundary_supported"":true,""transitions"":[{""left"":0.0586882588,""right"":0.06128661,""left_safe"":true,""right_safe"":false}],""sequence"":[{""intensity"":0.001,""safe"":true},{""intensity"":0.004,""safe"":true},{""intensity"":0.016,""safe"":true},{""intensity"":0.0190273138,""safe"":true},{""intensity"":0.0194439577,""safe"":true},{""intensity"":0.019869725,""safe"":true},{""intensity"":0.0207494329,""safe"":true},{""intensity"":0.022627417,""safe"":true},{""intensity"":0.032,""safe"":true},{""intensity"":0.045254834,""safe"":true},{""intensity"":0.0538173706,""safe"":true},{""intensity"":0.0586882588,""safe"":true},{""intensity"":0.06128661,""safe"":false},{""intensity"":0.062628612,""safe"":false},{""intensity"":0.064,""safe"":false},{""intensity"":0.256,""safe"":false},{""intensity"":1.024,""safe"":false},{""intensity"":4.096,""safe"":false},{""intensity"":16.384,""safe"":false},{""intensity"":65.536,""safe"":false}],""missing_count"":0,""no_safe"":false,""bracket_relative_width"":0.044273782407734386,""unresolved"":true}","{""largest_safe"":0.062628612,""nearest_unsafe_above"":0.064,""all_unsafe"":false,""right_censored"":false,""nonmonotone"":false,""single_boundary_supported"":true,""transitions"":[{""left"":0.062628612,""right"":0.064,""left_safe"":true,""right_safe"":false}],""sequence"":[{""intensity"":0.001,""safe"":true},{""intensity"":0.004,""safe"":true},{""intensity"":0.016,""safe"":true},{""intensity"":0.0190273138,""safe"":true},{""intensity"":0.0194439577,""safe"":true},{""intensity"":0.019869725,""safe"":true},{""intensity"":0.0207494329,""safe"":true},{""intensity"":0.022627417,""safe"":true},{""intensity"":0.032,""safe"":true},{""intensity"":0.045254834,""safe"":true},{""intensity"":0.0538173706,""safe"":true},{""intensity"":0.0586882588,""safe"":true},{""intensity"":0.06128661,""safe"":true},{""intensity"":0.062628612,""safe"":true},{""intensity"":0.064,""safe"":false},{""intensity"":0.256,""safe"":false},{""intensity"":1.024,""safe"":false},{""intensity"":4.096,""safe"":false},{""intensity"":16.384,""safe"":false},{""intensity"":65.536,""safe"":false}],""missing_count"":0,""no_safe"":false,""bracket_relative_width"":0.021897148223562812,""unresolved"":false}",-0.003940353200000003,-0.0629161827823999
h102-o300-d120-a100-slow,h102-o300-d120,decode,2.0,0.15,Raw-Full,0,"{""largest_safe"":0.016,""nearest_unsafe_above"":0.0163503544,""all_unsafe"":false,""right_censored"":false,""nonmonotone"":false,""single_boundary_supported"":true,""transitions"":[{""left"":0.016,""right"":0.0163503544,""left_safe"":true,""right_safe"":false}],""sequence"":[{""intensity"":0.001,""safe"":true},{""intensity"":0.004,""safe"":true},{""intensity"":0.016,""safe"":true},{""intensity"":0.0163503544,""safe"":false},{""intensity"":0.0167083805,""safe"":false},{""intensity"":0.0174481237,""safe"":false},{""intensity"":0.0182206181,""safe"":false},{""intensity"":0.0186195977,""safe"":false},{""intensity"":0.0190273138,""safe"":false},{""intensity"":0.0194439577,""safe"":false},{""intensity"":0.019869725,""safe"":false},{""intensity"":0.0207494329,""safe"":false},{""intensity"":0.0212037863,""safe"":false},{""intensity"":0.0216680888,""safe"":false},{""intensity"":0.022627417,""safe"":false},{""intensity"":0.032,""safe"":false},{""intensity"":0.064,""safe"":false},{""intensity"":0.256,""safe"":false},{""intensity"":1.024,""safe"":false},{""intensity"":4.096,""safe"":false},{""intensity"":16.384,""safe"":false},{""intensity"":65.536,""safe"":false}],""missing_count"":0,""no_safe"":false,""bracket_relative_width"":0.021897150000000032,""unresolved"":false}","{""largest_safe"":0.0194439577,""nearest_unsafe_above"":0.019869725,""all_unsafe"":false,""right_censored"":false,""nonmonotone"":true,""single_boundary_supported"":false,""transitions"":[{""left"":0.016,""right"":0.0163503544,""left_safe"":true,""right_safe"":false},{""left"":0.0186195977,""right"":0.0190273138,""left_safe"":false,""right_safe"":true},{""left"":0.0194439577,""right"":0.019869725,""left_safe"":true,""right_safe"":false}],""sequence"":[{""intensity"":0.001,""safe"":true},{""intensity"":0.004,""safe"":true},{""intensity"":0.016,""safe"":true},{""intensity"":0.0163503544,""safe"":false},{""intensity"":0.0167083805,""safe"":false},{""intensity"":0.0174481237,""safe"":false},{""intensity"":0.0182206181,""safe"":false},{""intensity"":0.0186195977,""safe"":false},{""intensity"":0.0190273138,""safe"":true},{""intensity"":0.0194439577,""safe"":true},{""intensity"":0.019869725,""safe"":false},{""intensity"":0.0207494329,""safe"":false},{""intensity"":0.0212037863,""safe"":false},{""intensity"":0.0216680888,""safe"":false},{""intensity"":0.022627417,""safe"":false},{""intensity"":0.032,""safe"":false},{""intensity"":0.064,""safe"":false},{""intensity"":0.256,""safe"":false},{""intensity"":1.024,""safe"":false},{""intensity"":4.096,""safe"":false},{""intensity"":16.384,""safe"":false},{""intensity"":65.536,""safe"":false}],""missing_count"":0,""no_safe"":false,""bracket_relative_width"":0.021897152142025034,""unresolved"":false}",-0.0034439577,-0.17712225839701348
h102-o300-d120-a100-slow,h102-o300-d120,decode,2.0,0.15,Raw-Remaining,0,"{""largest_safe"":0.016,""nearest_unsafe_above"":0.0163503544,""all_unsafe"":false,""right_censored"":false,""nonmonotone"":false,""single_boundary_supported"":true,""transitions"":[{""left"":0.016,""right"":0.0163503544,""left_safe"":true,""right_safe"":false}],""sequence"":[{""intensity"":0.001,""safe"":true},{""intensity"":0.004,""safe"":true},{""intensity"":0.016,""safe"":true},{""intensity"":0.0163503544,""safe"":false},{""intensity"":0.0167083805,""safe"":false},{""intensity"":0.0174481237,""safe"":false},{""intensity"":0.0182206181,""safe"":false},{""intensity"":0.0186195977,""safe"":false},{""intensity"":0.0190273138,""safe"":false},{""intensity"":0.0194439577,""safe"":false},{""intensity"":0.019869725,""safe"":false},{""intensity"":0.0207494329,""safe"":false},{""intensity"":0.0212037863,""safe"":false},{""intensity"":0.0216680888,""safe"":false},{""intensity"":0.022627417,""safe"":false},{""intensity"":0.032,""safe"":false},{""intensity"":0.064,""safe"":false},{""intensity"":0.256,""safe"":false},{""intensity"":1.024,""safe"":false},{""intensity"":4.096,""safe"":false},{""intensity"":16.384,""safe"":false},{""intensity"":65.536,""safe"":false}],""missing_count"":0,""no_safe"":false,""bracket_relative_width"":0.021897150000000032,""unresolved"":false}","{""largest_safe"":0.0194439577,""nearest_unsafe_above"":0.019869725,""all_unsafe"":false,""right_censored"":false,""nonmonotone"":true,""single_boundary_supported"":false,""transitions"":[{""left"":0.016,""right"":0.0163503544,""left_safe"":true,""right_safe"":false},{""left"":0.0186195977,""right"":0.0190273138,""left_safe"":false,""right_safe"":true},{""left"":0.0194439577,""right"":0.019869725,""left_safe"":true,""right_safe"":false}],""sequence"":[{""intensity"":0.001,""safe"":true},{""intensity"":0.004,""safe"":true},{""intensity"":0.016,""safe"":true},{""intensity"":0.0163503544,""safe"":false},{""intensity"":0.0167083805,""safe"":false},{""intensity"":0.0174481237,""safe"":false},{""intensity"":0.0182206181,""safe"":false},{""intensity"":0.0186195977,""safe"":false},{""intensity"":0.0190273138,""safe"":true},{""intensity"":0.0194439577,""safe"":true},{""intensity"":0.019869725,""safe"":false},{""intensity"":0.0207494329,""safe"":false},{""intensity"":0.0212037863,""safe"":false},{""intensity"":0.0216680888,""safe"":false},{""intensity"":0.022627417,""safe"":false},{""intensity"":0.032,""safe"":false},{""intensity"":0.064,""safe"":false},{""intensity"":0.256,""safe"":false},{""intensity"":1.024,""safe"":false},{""intensity"":4.096,""safe"":false},{""intensity"":16.384,""safe"":false},{""intensity"":65.536,""safe"":false}],""missing_count"":0,""no_safe"":false,""bracket_relative_width"":0.021897152142025034,""unresolved"":false}",-0.0034439577,-0.17712225839701348
h102-o300-d120-a100-slow,h102-o300-d120,decode,2.0,0.15,Legacy-Full,0,"{""largest_safe"":0.004,""nearest_unsafe_above"":0.016,""all_unsafe"":false,""right_censored"":false,""nonmonotone"":false,""single_boundary_supported"":true,""transitions"":[{""left"":0.004,""right"":0.016,""left_safe"":true,""right_safe"":false}],""sequence"":[{""intensity"":0.001,""safe"":true},{""intensity"":0.004,""safe"":true},{""intensity"":0.016,""safe"":false},{""intensity"":0.0163503544,""safe"":false},{""intensity"":0.0167083805,""safe"":false},{""intensity"":0.0174481237,""safe"":false},{""intensity"":0.0182206181,""safe"":false},{""intensity"":0.0186195977,""safe"":false},{""intensity"":0.0190273138,""safe"":false},{""intensity"":0.0194439577,""safe"":false},{""intensity"":0.019869725,""safe"":false},{""intensity"":0.0207494329,""safe"":false},{""intensity"":0.0212037863,""safe"":false},{""intensity"":0.0216680888,""safe"":false},{""intensity"":0.022627417,""safe"":false},{""intensity"":0.032,""safe"":false},{""intensity"":0.064,""safe"":false},{""intensity"":0.256,""safe"":false},{""intensity"":1.024,""safe"":false},{""intensity"":4.096,""safe"":false},{""intensity"":16.384,""safe"":false},{""intensity"":65.536,""safe"":false}],""missing_count"":0,""no_safe"":false,""bracket_relative_width"":3.0,""unresolved"":true}","{""largest_safe"":0.0194439577,""nearest_unsafe_above"":0.019869725,""all_unsafe"":false,""right_censored"":false,""nonmonotone"":true,""single_boundary_supported"":false,""transitions"":[{""left"":0.016,""right"":0.0163503544,""left_safe"":true,""right_safe"":false},{""left"":0.0186195977,""right"":0.0190273138,""left_safe"":false,""right_safe"":true},{""left"":0.0194439577,""right"":0.019869725,""left_safe"":true,""right_safe"":false}],""sequence"":[{""intensity"":0.001,""safe"":true},{""intensity"":0.004,""safe"":true},{""intensity"":0.016,""safe"":true},{""intensity"":0.0163503544,""safe"":false},{""intensity"":0.0167083805,""safe"":false},{""intensity"":0.0174481237,""safe"":false},{""intensity"":0.0182206181,""safe"":false},{""intensity"":0.0186195977,""safe"":false},{""intensity"":0.0190273138,""safe"":true},{""intensity"":0.0194439577,""safe"":true},{""intensity"":0.019869725,""safe"":false},{""intensity"":0.0207494329,""safe"":false},{""intensity"":0.0212037863,""safe"":false},{""intensity"":0.0216680888,""safe"":false},{""intensity"":0.022627417,""safe"":false},{""intensity"":0.032,""safe"":false},{""intensity"":0.064,""safe"":false},{""intensity"":0.256,""safe"":false},{""intensity"":1.024,""safe"":false},{""intensity"":4.096,""safe"":false},{""intensity"":16.384,""safe"":false},{""intensity"":65.536,""safe"":false}],""missing_count"":0,""no_safe"":false,""bracket_relative_width"":0.021897152142025034,""unresolved"":false}",-0.0154439577,-0.7942805645992533
h102-o300-d120-a100-slow,h102-o300-d120,decode,2.0,0.15,Legacy-Remaining,0,"{""largest_safe"":0.004,""nearest_unsafe_above"":0.016,""all_unsafe"":false,""right_censored"":false,""nonmonotone"":false,""single_boundary_supported"":true,""transitions"":[{""left"":0.004,""right"":0.016,""left_safe"":true,""right_safe"":false}],""sequence"":[{""intensity"":0.001,""safe"":true},{""intensity"":0.004,""safe"":true},{""intensity"":0.016,""safe"":false},{""intensity"":0.0163503544,""safe"":false},{""intensity"":0.0167083805,""safe"":false},{""intensity"":0.0174481237,""safe"":false},{""intensity"":0.0182206181,""safe"":false},{""intensity"":0.0186195977,""safe"":false},{""intensity"":0.0190273138,""safe"":false},{""intensity"":0.0194439577,""safe"":false},{""intensity"":0.019869725,""safe"":false},{""intensity"":0.0207494329,""safe"":false},{""intensity"":0.0212037863,""safe"":false},{""intensity"":0.0216680888,""safe"":false},{""intensity"":0.022627417,""safe"":false},{""intensity"":0.032,""safe"":false},{""intensity"":0.064,""safe"":false},{""intensity"":0.256,""safe"":false},{""intensity"":1.024,""safe"":false},{""intensity"":4.096,""safe"":false},{""intensity"":16.384,""safe"":false},{""intensity"":65.536,""safe"":false}],""missing_count"":0,""no_safe"":false,""bracket_relative_width"":3.0,""unresolved"":true}","{""largest_safe"":0.0194439577,""nearest_unsafe_above"":0.019869725,""all_unsafe"":false,""right_censored"":false,""nonmonotone"":true,""single_boundary_supported"":false,""transitions"":[{""left"":0.016,""right"":0.0163503544,""left_safe"":true,""right_safe"":false},{""left"":0.0186195977,""right"":0.0190273138,""left_safe"":false,""right_safe"":true},{""left"":0.0194439577,""right"":0.019869725,""left_safe"":true,""right_safe"":false}],""sequence"":[{""intensity"":0.001,""safe"":true},{""intensity"":0.004,""safe"":true},{""intensity"":0.016,""safe"":true},{""intensity"":0.0163503544,""safe"":false},{""intensity"":0.0167083805,""safe"":false},{""intensity"":0.0174481237,""safe"":false},{""intensity"":0.0182206181,""safe"":false},{""intensity"":0.0186195977,""safe"":false},{""intensity"":0.0190273138,""safe"":true},{""intensity"":0.0194439577,""safe"":true},{""intensity"":0.019869725,""safe"":false},{""intensity"":0.0207494329,""safe"":false},{""intensity"":0.0212037863,""safe"":false},{""intensity"":0.0216680888,""safe"":false},{""intensity"":0.022627417,""safe"":false},{""intensity"":0.032,""safe"":false},{""intensity"":0.064,""safe"":false},{""intensity"":0.256,""safe"":false},{""intensity"":1.024,""safe"":false},{""intensity"":4.096,""safe"":false},{""intensity"":16.384,""safe"":false},{""intensity"":65.536,""safe"":false}],""missing_count"":0,""no_safe"":false,""bracket_relative_width"":0.021897152142025034,""unresolved"":false}",-0.0154439577,-0.7942805645992533
h102-o300-d120-a100-slow,h102-o300-d120,relaxed_decode,2.0,1.0,Raw-Full,0,"{""largest_safe"":0.0212037863,""nearest_unsafe_above"":0.0216680888,""all_unsafe"":false,""right_censored"":false,""nonmonotone"":false,""single_boundary_supported"":true,""transitions"":[{""left"":0.0212037863,""right"":0.0216680888,""left_safe"":true,""right_safe"":false}],""sequence"":[{""intensity"":0.001,""safe"":true},{""intensity"":0.004,""safe"":true},{""intensity"":0.016,""safe"":true},{""intensity"":0.0163503544,""safe"":true},{""intensity"":0.0167083805,""safe"":true},{""intensity"":0.0174481237,""safe"":true},{""intensity"":0.0182206181,""safe"":true},{""intensity"":0.0186195977,""safe"":true},{""intensity"":0.0190273138,""safe"":true},{""intensity"":0.0194439577,""safe"":true},{""intensity"":0.019869725,""safe"":true},{""intensity"":0.0207494329,""safe"":true},{""intensity"":0.0212037863,""safe"":true},{""intensity"":0.0216680888,""safe"":false},{""intensity"":0.022627417,""safe"":false},{""intensity"":0.032,""safe"":false},{""intensity"":0.064,""safe"":false},{""intensity"":0.256,""safe"":false},{""intensity"":1.024,""safe"":false},{""intensity"":4.096,""safe"":false},{""intensity"":16.384,""safe"":false},{""intensity"":65.536,""safe"":false}],""missing_count"":0,""no_safe"":false,""bracket_relative_width"":0.021897150510331143,""unresolved"":false}","{""largest_safe"":0.0207494329,""nearest_unsafe_above"":0.0212037863,""all_unsafe"":false,""right_censored"":false,""nonmonotone"":false,""single_boundary_supported"":true,""transitions"":[{""left"":0.0207494329,""right"":0.0212037863,""left_safe"":true,""right_safe"":false}],""sequence"":[{""intensity"":0.001,""safe"":true},{""intensity"":0.004,""safe"":true},{""intensity"":0.016,""safe"":true},{""intensity"":0.0163503544,""safe"":true},{""intensity"":0.0167083805,""safe"":true},{""intensity"":0.0174481237,""safe"":true},{""intensity"":0.0182206181,""safe"":true},{""intensity"":0.0186195977,""safe"":true},{""intensity"":0.0190273138,""safe"":true},{""intensity"":0.0194439577,""safe"":true},{""intensity"":0.019869725,""safe"":true},{""intensity"":0.0207494329,""safe"":true},{""intensity"":0.0212037863,""safe"":false},{""intensity"":0.0216680888,""safe"":false},{""intensity"":0.022627417,""safe"":false},{""intensity"":0.032,""safe"":false},{""intensity"":0.064,""safe"":false},{""intensity"":0.256,""safe"":false},{""intensity"":1.024,""safe"":false},{""intensity"":4.096,""safe"":false},{""intensity"":16.384,""safe"":false},{""intensity"":65.536,""safe"":false}],""missing_count"":0,""no_safe"":false,""bracket_relative_width"":0.02189714784927932,""unresolved"":false}",0.0004543533999999995,0.021897147849279267
h102-o300-d120-a100-slow,h102-o300-d120,relaxed_decode,2.0,1.0,Raw-Remaining,0,"{""largest_safe"":0.0212037863,""nearest_unsafe_above"":0.0216680888,""all_unsafe"":false,""right_censored"":false,""nonmonotone"":false,""single_boundary_supported"":true,""transitions"":[{""left"":0.0212037863,""right"":0.0216680888,""left_safe"":true,""right_safe"":false}],""sequence"":[{""intensity"":0.001,""safe"":true},{""intensity"":0.004,""safe"":true},{""intensity"":0.016,""safe"":true},{""intensity"":0.0163503544,""safe"":true},{""intensity"":0.0167083805,""safe"":true},{""intensity"":0.0174481237,""safe"":true},{""intensity"":0.0182206181,""safe"":true},{""intensity"":0.0186195977,""safe"":true},{""intensity"":0.0190273138,""safe"":true},{""intensity"":0.0194439577,""safe"":true},{""intensity"":0.019869725,""safe"":true},{""intensity"":0.0207494329,""safe"":true},{""intensity"":0.0212037863,""safe"":true},{""intensity"":0.0216680888,""safe"":false},{""intensity"":0.022627417,""safe"":false},{""intensity"":0.032,""safe"":false},{""intensity"":0.064,""safe"":false},{""intensity"":0.256,""safe"":false},{""intensity"":1.024,""safe"":false},{""intensity"":4.096,""safe"":false},{""intensity"":16.384,""safe"":false},{""intensity"":65.536,""safe"":false}],""missing_count"":0,""no_safe"":false,""bracket_relative_width"":0.021897150510331143,""unresolved"":false}","{""largest_safe"":0.0207494329,""nearest_unsafe_above"":0.0212037863,""all_unsafe"":false,""right_censored"":false,""nonmonotone"":false,""single_boundary_supported"":true,""transitions"":[{""left"":0.0207494329,""right"":0.0212037863,""left_safe"":true,""right_safe"":false}],""sequence"":[{""intensity"":0.001,""safe"":true},{""intensity"":0.004,""safe"":true},{""intensity"":0.016,""safe"":true},{""intensity"":0.0163503544,""safe"":true},{""intensity"":0.0167083805,""safe"":true},{""intensity"":0.0174481237,""safe"":true},{""intensity"":0.0182206181,""safe"":true},{""intensity"":0.0186195977,""safe"":true},{""intensity"":0.0190273138,""safe"":true},{""intensity"":0.0194439577,""safe"":true},{""intensity"":0.019869725,""safe"":true},{""intensity"":0.0207494329,""safe"":true},{""intensity"":0.0212037863,""safe"":false},{""intensity"":0.0216680888,""safe"":false},{""intensity"":0.022627417,""safe"":false},{""intensity"":0.032,""safe"":false},{""intensity"":0.064,""safe"":false},{""intensity"":0.256,""safe"":false},{""intensity"":1.024,""safe"":false},{""intensity"":4.096,""safe"":false},{""intensity"":16.384,""safe"":false},{""intensity"":65.536,""safe"":false}],""missing_count"":0,""no_safe"":false,""bracket_relative_width"":0.02189714784927932,""unresolved"":false}",0.0004543533999999995,0.021897147849279267
h102-o300-d120-a100-slow,h102-o300-d120,relaxed_decode,2.0,1.0,Legacy-Full,0,"{""largest_safe"":0.019869725,""nearest_unsafe_above"":0.0207494329,""all_unsafe"":false,""right_censored"":false,""nonmonotone"":false,""single_boundary_supported"":true,""transitions"":[{""left"":0.019869725,""right"":0.0207494329,""left_safe"":true,""right_safe"":false}],""sequence"":[{""intensity"":0.001,""safe"":true},{""intensity"":0.004,""safe"":true},{""intensity"":0.016,""safe"":true},{""intensity"":0.0163503544,""safe"":true},{""intensity"":0.0167083805,""safe"":true},{""intensity"":0.0174481237,""safe"":true},{""intensity"":0.0182206181,""safe"":true},{""intensity"":0.0186195977,""safe"":true},{""intensity"":0.0190273138,""safe"":true},{""intensity"":0.0194439577,""safe"":true},{""intensity"":0.019869725,""safe"":true},{""intensity"":0.0207494329,""safe"":false},{""intensity"":0.0212037863,""safe"":false},{""intensity"":0.0216680888,""safe"":false},{""intensity"":0.022627417,""safe"":false},{""intensity"":0.032,""safe"":false},{""intensity"":0.064,""safe"":false},{""intensity"":0.256,""safe"":false},{""intensity"":1.024,""safe"":false},{""intensity"":4.096,""safe"":false},{""intensity"":16.384,""safe"":false},{""intensity"":65.536,""safe"":false}],""missing_count"":0,""no_safe"":false,""bracket_relative_width"":0.04427378335633736,""unresolved"":true}","{""largest_safe"":0.0207494329,""nearest_unsafe_above"":0.0212037863,""all_unsafe"":false,""right_censored"":false,""nonmonotone"":false,""single_boundary_supported"":true,""transitions"":[{""left"":0.0207494329,""right"":0.0212037863,""left_safe"":true,""right_safe"":false}],""sequence"":[{""intensity"":0.001,""safe"":true},{""intensity"":0.004,""safe"":true},{""intensity"":0.016,""safe"":true},{""intensity"":0.0163503544,""safe"":true},{""intensity"":0.0167083805,""safe"":true},{""intensity"":0.0174481237,""safe"":true},{""intensity"":0.0182206181,""safe"":true},{""intensity"":0.0186195977,""safe"":true},{""intensity"":0.0190273138,""safe"":true},{""intensity"":0.0194439577,""safe"":true},{""intensity"":0.019869725,""safe"":true},{""intensity"":0.0207494329,""safe"":true},{""intensity"":0.0212037863,""safe"":false},{""intensity"":0.0216680888,""safe"":false},{""intensity"":0.022627417,""safe"":false},{""intensity"":0.032,""safe"":false},{""intensity"":0.064,""safe"":false},{""intensity"":0.256,""safe"":false},{""intensity"":1.024,""safe"":false},{""intensity"":4.096,""safe"":false},{""intensity"":16.384,""safe"":false},{""intensity"":65.536,""safe"":false}],""missing_count"":0,""no_safe"":false,""bracket_relative_width"":0.02189714784927932,""unresolved"":false}",-0.0008797078999999985,-0.04239672015325289
h102-o300-d120-a100-slow,h102-o300-d120,relaxed_decode,2.0,1.0,Legacy-Remaining,0,"{""largest_safe"":0.019869725,""nearest_unsafe_above"":0.0207494329,""all_unsafe"":false,""right_censored"":false,""nonmonotone"":false,""single_boundary_supported"":true,""transitions"":[{""left"":0.019869725,""right"":0.0207494329,""left_safe"":true,""right_safe"":false}],""sequence"":[{""intensity"":0.001,""safe"":true},{""intensity"":0.004,""safe"":true},{""intensity"":0.016,""safe"":true},{""intensity"":0.0163503544,""safe"":true},{""intensity"":0.0167083805,""safe"":true},{""intensity"":0.0174481237,""safe"":true},{""intensity"":0.0182206181,""safe"":true},{""intensity"":0.0186195977,""safe"":true},{""intensity"":0.0190273138,""safe"":true},{""intensity"":0.0194439577,""safe"":true},{""intensity"":0.019869725,""safe"":true},{""intensity"":0.0207494329,""safe"":false},{""intensity"":0.0212037863,""safe"":false},{""intensity"":0.0216680888,""safe"":false},{""intensity"":0.022627417,""safe"":false},{""intensity"":0.032,""safe"":false},{""intensity"":0.064,""safe"":false},{""intensity"":0.256,""safe"":false},{""intensity"":1.024,""safe"":false},{""intensity"":4.096,""safe"":false},{""intensity"":16.384,""safe"":false},{""intensity"":65.536,""safe"":false}],""missing_count"":0,""no_safe"":false,""bracket_relative_width"":0.04427378335633736,""unresolved"":true}","{""largest_safe"":0.0207494329,""nearest_unsafe_above"":0.0212037863,""all_unsafe"":false,""right_censored"":false,""nonmonotone"":false,""single_boundary_supported"":true,""transitions"":[{""left"":0.0207494329,""right"":0.0212037863,""left_safe"":true,""right_safe"":false}],""sequence"":[{""intensity"":0.001,""safe"":true},{""intensity"":0.004,""safe"":true},{""intensity"":0.016,""safe"":true},{""intensity"":0.0163503544,""safe"":true},{""intensity"":0.0167083805,""safe"":true},{""intensity"":0.0174481237,""safe"":true},{""intensity"":0.0182206181,""safe"":true},{""intensity"":0.0186195977,""safe"":true},{""intensity"":0.0190273138,""safe"":true},{""intensity"":0.0194439577,""safe"":true},{""intensity"":0.019869725,""safe"":true},{""intensity"":0.0207494329,""safe"":true},{""intensity"":0.0212037863,""safe"":false},{""intensity"":0.0216680888,""safe"":false},{""intensity"":0.022627417,""safe"":false},{""intensity"":0.032,""safe"":false},{""intensity"":0.064,""safe"":false},{""intensity"":0.256,""safe"":false},{""intensity"":1.024,""safe"":false},{""intensity"":4.096,""safe"":false},{""intensity"":16.384,""safe"":false},{""intensity"":65.536,""safe"":false}],""missing_count"":0,""no_safe"":false,""bracket_relative_width"":0.02189714784927932,""unresolved"":false}",-0.0008797078999999985,-0.04239672015325289
h103-o500-d30-a100-slow,h103-o500-d30,decode,2.0,0.15,Raw-Full,0,"{""largest_safe"":0.016,""nearest_unsafe_above"":0.0163503544,""all_unsafe"":false,""right_censored"":false,""nonmonotone"":false,""single_boundary_supported"":true,""transitions"":[{""left"":0.016,""right"":0.0163503544,""left_safe"":true,""right_safe"":false}],""sequence"":[{""intensity"":0.001,""safe"":true},{""intensity"":0.004,""safe"":true},{""intensity"":0.008,""safe"":true},{""intensity"":0.0113137085,""safe"":true},{""intensity"":0.0134543426,""safe"":true},{""intensity"":0.0146720647,""safe"":true},{""intensity"":0.0153216525,""safe"":true},{""intensity"":0.015657153,""safe"":true},{""intensity"":0.016,""safe"":true},{""intensity"":0.0163503544,""safe"":false},{""intensity"":0.0167083805,""safe"":false},{""intensity"":0.0174481237,""safe"":false},{""intensity"":0.0190273138,""safe"":false},{""intensity"":0.022627417,""safe"":false},{""intensity"":0.032,""safe"":false},{""intensity"":0.0380546277,""safe"":false},{""intensity"":0.0414988658,""safe"":false},{""intensity"":0.0433361775,""safe"":false},{""intensity"":0.0442851162,""safe"":false},{""intensity"":0.045254834,""safe"":false},{""intensity"":0.064,""safe"":false},{""intensity"":0.256,""safe"":false},{""intensity"":1.024,""safe"":false},{""intensity"":4.096,""safe"":false},{""intensity"":16.384,""safe"":false},{""intensity"":65.536,""safe"":false}],""missing_count"":0,""no_safe"":false,""bracket_relative_width"":0.021897150000000032,""unresolved"":false}","{""largest_safe"":0.015657153,""nearest_unsafe_above"":0.016,""all_unsafe"":false,""right_censored"":false,""nonmonotone"":false,""single_boundary_supported"":true,""transitions"":[{""left"":0.015657153,""right"":0.016,""left_safe"":true,""right_safe"":false}],""sequence"":[{""intensity"":0.001,""safe"":true},{""intensity"":0.004,""safe"":true},{""intensity"":0.008,""safe"":true},{""intensity"":0.0113137085,""safe"":true},{""intensity"":0.0134543426,""safe"":true},{""intensity"":0.0146720647,""safe"":true},{""intensity"":0.0153216525,""safe"":true},{""intensity"":0.015657153,""safe"":true},{""intensity"":0.016,""safe"":false},{""intensity"":0.0163503544,""safe"":false},{""intensity"":0.0167083805,""safe"":false},{""intensity"":0.0174481237,""safe"":false},{""intensity"":0.0190273138,""safe"":false},{""intensity"":0.022627417,""safe"":false},{""intensity"":0.032,""safe"":false},{""intensity"":0.0380546277,""safe"":false},{""intensity"":0.0414988658,""safe"":false},{""intensity"":0.0433361775,""safe"":false},{""intensity"":0.0442851162,""safe"":false},{""intensity"":0.045254834,""safe"":false},{""intensity"":0.064,""safe"":false},{""intensity"":0.256,""safe"":false},{""intensity"":1.024,""safe"":false},{""intensity"":4.096,""safe"":false},{""intensity"":16.384,""safe"":false},{""intensity"":65.536,""safe"":false}],""missing_count"":0,""no_safe"":false,""bracket_relative_width"":0.021897148223562812,""unresolved"":false}",0.0003428470000000003,0.021897148223562757
h103-o500-d30-a100-slow,h103-o500-d30,decode,2.0,0.15,Raw-Remaining,0,"{""largest_safe"":0.016,""nearest_unsafe_above"":0.0163503544,""all_unsafe"":false,""right_censored"":false,""nonmonotone"":false,""single_boundary_supported"":true,""transitions"":[{""left"":0.016,""right"":0.0163503544,""left_safe"":true,""right_safe"":false}],""sequence"":[{""intensity"":0.001,""safe"":true},{""intensity"":0.004,""safe"":true},{""intensity"":0.008,""safe"":true},{""intensity"":0.0113137085,""safe"":true},{""intensity"":0.0134543426,""safe"":true},{""intensity"":0.0146720647,""safe"":true},{""intensity"":0.0153216525,""safe"":true},{""intensity"":0.015657153,""safe"":true},{""intensity"":0.016,""safe"":true},{""intensity"":0.0163503544,""safe"":false},{""intensity"":0.0167083805,""safe"":false},{""intensity"":0.0174481237,""safe"":false},{""intensity"":0.0190273138,""safe"":false},{""intensity"":0.022627417,""safe"":false},{""intensity"":0.032,""safe"":false},{""intensity"":0.0380546277,""safe"":false},{""intensity"":0.0414988658,""safe"":false},{""intensity"":0.0433361775,""safe"":false},{""intensity"":0.0442851162,""safe"":false},{""intensity"":0.045254834,""safe"":false},{""intensity"":0.064,""safe"":false},{""intensity"":0.256,""safe"":false},{""intensity"":1.024,""safe"":false},{""intensity"":4.096,""safe"":false},{""intensity"":16.384,""safe"":false},{""intensity"":65.536,""safe"":false}],""missing_count"":0,""no_safe"":false,""bracket_relative_width"":0.021897150000000032,""unresolved"":false}","{""largest_safe"":0.015657153,""nearest_unsafe_above"":0.016,""all_unsafe"":false,""right_censored"":false,""nonmonotone"":false,""single_boundary_supported"":true,""transitions"":[{""left"":0.015657153,""right"":0.016,""left_safe"":true,""right_safe"":false}],""sequence"":[{""intensity"":0.001,""safe"":true},{""intensity"":0.004,""safe"":true},{""intensity"":0.008,""safe"":true},{""intensity"":0.0113137085,""safe"":true},{""intensity"":0.0134543426,""safe"":true},{""intensity"":0.0146720647,""safe"":true},{""intensity"":0.0153216525,""safe"":true},{""intensity"":0.015657153,""safe"":true},{""intensity"":0.016,""safe"":false},{""intensity"":0.0163503544,""safe"":false},{""intensity"":0.0167083805,""safe"":false},{""intensity"":0.0174481237,""safe"":false},{""intensity"":0.0190273138,""safe"":false},{""intensity"":0.022627417,""safe"":false},{""intensity"":0.032,""safe"":false},{""intensity"":0.0380546277,""safe"":false},{""intensity"":0.0414988658,""safe"":false},{""intensity"":0.0433361775,""safe"":false},{""intensity"":0.0442851162,""safe"":false},{""intensity"":0.045254834,""safe"":false},{""intensity"":0.064,""safe"":false},{""intensity"":0.256,""safe"":false},{""intensity"":1.024,""safe"":false},{""intensity"":4.096,""safe"":false},{""intensity"":16.384,""safe"":false},{""intensity"":65.536,""safe"":false}],""missing_count"":0,""no_safe"":false,""bracket_relative_width"":0.021897148223562812,""unresolved"":false}",0.0003428470000000003,0.021897148223562757
h103-o500-d30-a100-slow,h103-o500-d30,decode,2.0,0.15,Legacy-Full,0,"{""largest_safe"":0.0153216525,""nearest_unsafe_above"":0.015657153,""all_unsafe"":false,""right_censored"":false,""nonmonotone"":false,""single_boundary_supported"":true,""transitions"":[{""left"":0.0153216525,""right"":0.015657153,""left_safe"":true,""right_safe"":false}],""sequence"":[{""intensity"":0.001,""safe"":true},{""intensity"":0.004,""safe"":true},{""intensity"":0.008,""safe"":true},{""intensity"":0.0113137085,""safe"":true},{""intensity"":0.0134543426,""safe"":true},{""intensity"":0.0146720647,""safe"":true},{""intensity"":0.0153216525,""safe"":true},{""intensity"":0.015657153,""safe"":false},{""intensity"":0.016,""safe"":false},{""intensity"":0.0163503544,""safe"":false},{""intensity"":0.0167083805,""safe"":false},{""intensity"":0.0174481237,""safe"":false},{""intensity"":0.0190273138,""safe"":false},{""intensity"":0.022627417,""safe"":false},{""intensity"":0.032,""safe"":false},{""intensity"":0.0380546277,""safe"":false},{""intensity"":0.0414988658,""safe"":false},{""intensity"":0.0433361775,""safe"":false},{""intensity"":0.0442851162,""safe"":false},{""intensity"":0.045254834,""safe"":false},{""intensity"":0.064,""safe"":false},{""intensity"":0.256,""safe"":false},{""intensity"":1.024,""safe"":false},{""intensity"":4.096,""safe"":false},{""intensity"":16.384,""safe"":false},{""intensity"":65.536,""safe"":false}],""missing_count"":0,""no_safe"":false,""bracket_relative_width"":0.021897148496221375,""unresolved"":false}","{""largest_safe"":0.015657153,""nearest_unsafe_above"":0.016,""all_unsafe"":false,""right_censored"":false,""nonmonotone"":false,""single_boundary_supported"":true,""transitions"":[{""left"":0.015657153,""right"":0.016,""left_safe"":true,""right_safe"":false}],""sequence"":[{""intensity"":0.001,""safe"":true},{""intensity"":0.004,""safe"":true},{""intensity"":0.008,""safe"":true},{""intensity"":0.0113137085,""safe"":true},{""intensity"":0.0134543426,""safe"":true},{""intensity"":0.0146720647,""safe"":true},{""intensity"":0.0153216525,""safe"":true},{""intensity"":0.015657153,""safe"":true},{""intensity"":0.016,""safe"":false},{""intensity"":0.0163503544,""safe"":false},{""intensity"":0.0167083805,""safe"":false},{""intensity"":0.0174481237,""safe"":false},{""intensity"":0.0190273138,""safe"":false},{""intensity"":0.022627417,""safe"":false},{""intensity"":0.032,""safe"":false},{""intensity"":0.0380546277,""safe"":false},{""intensity"":0.0414988658,""safe"":false},{""intensity"":0.0433361775,""safe"":false},{""intensity"":0.0442851162,""safe"":false},{""intensity"":0.045254834,""safe"":false},{""intensity"":0.064,""safe"":false},{""intensity"":0.256,""safe"":false},{""intensity"":1.024,""safe"":false},{""intensity"":4.096,""safe"":false},{""intensity"":16.384,""safe"":false},{""intensity"":65.536,""safe"":false}],""missing_count"":0,""no_safe"":false,""bracket_relative_width"":0.021897148223562812,""unresolved"":false}",-0.00033550050000000047,-0.021427937761098744
h103-o500-d30-a100-slow,h103-o500-d30,decode,2.0,0.15,Legacy-Remaining,0,"{""largest_safe"":0.0153216525,""nearest_unsafe_above"":0.015657153,""all_unsafe"":false,""right_censored"":false,""nonmonotone"":false,""single_boundary_supported"":true,""transitions"":[{""left"":0.0153216525,""right"":0.015657153,""left_safe"":true,""right_safe"":false}],""sequence"":[{""intensity"":0.001,""safe"":true},{""intensity"":0.004,""safe"":true},{""intensity"":0.008,""safe"":true},{""intensity"":0.0113137085,""safe"":true},{""intensity"":0.0134543426,""safe"":true},{""intensity"":0.0146720647,""safe"":true},{""intensity"":0.0153216525,""safe"":true},{""intensity"":0.015657153,""safe"":false},{""intensity"":0.016,""safe"":false},{""intensity"":0.0163503544,""safe"":false},{""intensity"":0.0167083805,""safe"":false},{""intensity"":0.0174481237,""safe"":false},{""intensity"":0.0190273138,""safe"":false},{""intensity"":0.022627417,""safe"":false},{""intensity"":0.032,""safe"":false},{""intensity"":0.0380546277,""safe"":false},{""intensity"":0.0414988658,""safe"":false},{""intensity"":0.0433361775,""safe"":false},{""intensity"":0.0442851162,""safe"":false},{""intensity"":0.045254834,""safe"":false},{""intensity"":0.064,""safe"":false},{""intensity"":0.256,""safe"":false},{""intensity"":1.024,""safe"":false},{""intensity"":4.096,""safe"":false},{""intensity"":16.384,""safe"":false},{""intensity"":65.536,""safe"":false}],""missing_count"":0,""no_safe"":false,""bracket_relative_width"":0.021897148496221375,""unresolved"":false}","{""largest_safe"":0.015657153,""nearest_unsafe_above"":0.016,""all_unsafe"":false,""right_censored"":false,""nonmonotone"":false,""single_boundary_supported"":true,""transitions"":[{""left"":0.015657153,""right"":0.016,""left_safe"":true,""right_safe"":false}],""sequence"":[{""intensity"":0.001,""safe"":true},{""intensity"":0.004,""safe"":true},{""intensity"":0.008,""safe"":true},{""intensity"":0.0113137085,""safe"":true},{""intensity"":0.0134543426,""safe"":true},{""intensity"":0.0146720647,""safe"":true},{""intensity"":0.0153216525,""safe"":true},{""intensity"":0.015657153,""safe"":true},{""intensity"":0.016,""safe"":false},{""intensity"":0.0163503544,""safe"":false},{""intensity"":0.0167083805,""safe"":false},{""intensity"":0.0174481237,""safe"":false},{""intensity"":0.0190273138,""safe"":false},{""intensity"":0.022627417,""safe"":false},{""intensity"":0.032,""safe"":false},{""intensity"":0.0380546277,""safe"":false},{""intensity"":0.0414988658,""safe"":false},{""intensity"":0.0433361775,""safe"":false},{""intensity"":0.0442851162,""safe"":false},{""intensity"":0.045254834,""safe"":false},{""intensity"":0.064,""safe"":false},{""intensity"":0.256,""safe"":false},{""intensity"":1.024,""safe"":false},{""intensity"":4.096,""safe"":false},{""intensity"":16.384,""safe"":false},{""intensity"":65.536,""safe"":false}],""missing_count"":0,""no_safe"":false,""bracket_relative_width"":0.021897148223562812,""unresolved"":false}",-0.00033550050000000047,-0.021427937761098744
h103-o500-d30-a100-slow,h103-o500-d30,relaxed_decode,2.0,1.0,Raw-Full,0,"{""largest_safe"":0.0442851162,""nearest_unsafe_above"":0.045254834,""all_unsafe"":false,""right_censored"":false,""nonmonotone"":false,""single_boundary_supported"":true,""transitions"":[{""left"":0.0442851162,""right"":0.045254834,""left_safe"":true,""right_safe"":false}],""sequence"":[{""intensity"":0.001,""safe"":true},{""intensity"":0.004,""safe"":true},{""intensity"":0.008,""safe"":true},{""intensity"":0.0113137085,""safe"":true},{""intensity"":0.0134543426,""safe"":true},{""intensity"":0.0146720647,""safe"":true},{""intensity"":0.0153216525,""safe"":true},{""intensity"":0.015657153,""safe"":true},{""intensity"":0.016,""safe"":true},{""intensity"":0.0163503544,""safe"":true},{""intensity"":0.0167083805,""safe"":true},{""intensity"":0.0174481237,""safe"":true},{""intensity"":0.0190273138,""safe"":true},{""intensity"":0.022627417,""safe"":true},{""intensity"":0.032,""safe"":true},{""intensity"":0.0380546277,""safe"":true},{""intensity"":0.0414988658,""safe"":true},{""intensity"":0.0433361775,""safe"":true},{""intensity"":0.0442851162,""safe"":true},{""intensity"":0.045254834,""safe"":false},{""intensity"":0.064,""safe"":false},{""intensity"":0.256,""safe"":false},{""intensity"":1.024,""safe"":false},{""intensity"":4.096,""safe"":false},{""intensity"":16.384,""safe"":false},{""intensity"":65.536,""safe"":false}],""missing_count"":0,""no_safe"":false,""bracket_relative_width"":0.021897149272919858,""unresolved"":false}","{""largest_safe"":0.015657153,""nearest_unsafe_above"":0.016,""all_unsafe"":false,""right_censored"":false,""nonmonotone"":false,""single_boundary_supported"":true,""transitions"":[{""left"":0.015657153,""right"":0.016,""left_safe"":true,""right_safe"":false}],""sequence"":[{""intensity"":0.001,""safe"":true},{""intensity"":0.004,""safe"":true},{""intensity"":0.008,""safe"":true},{""intensity"":0.0113137085,""safe"":true},{""intensity"":0.0134543426,""safe"":true},{""intensity"":0.0146720647,""safe"":true},{""intensity"":0.0153216525,""safe"":true},{""intensity"":0.015657153,""safe"":true},{""intensity"":0.016,""safe"":false},{""intensity"":0.0163503544,""safe"":false},{""intensity"":0.0167083805,""safe"":false},{""intensity"":0.0174481237,""safe"":false},{""intensity"":0.0190273138,""safe"":false},{""intensity"":0.022627417,""safe"":false},{""intensity"":0.032,""safe"":false},{""intensity"":0.0380546277,""safe"":false},{""intensity"":0.0414988658,""safe"":false},{""intensity"":0.0433361775,""safe"":false},{""intensity"":0.0442851162,""safe"":false},{""intensity"":0.045254834,""safe"":false},{""intensity"":0.064,""safe"":false},{""intensity"":0.256,""safe"":false},{""intensity"":1.024,""safe"":false},{""intensity"":4.096,""safe"":false},{""intensity"":16.384,""safe"":false},{""intensity"":65.536,""safe"":false}],""missing_count"":0,""no_safe"":false,""bracket_relative_width"":0.021897148223562812,""unresolved"":false}",0.028627963200000002,1.8284271220955688
h103-o500-d30-a100-slow,h103-o500-d30,relaxed_decode,2.0,1.0,Raw-Remaining,0,"{""largest_safe"":0.0442851162,""nearest_unsafe_above"":0.045254834,""all_unsafe"":false,""right_censored"":false,""nonmonotone"":false,""single_boundary_supported"":true,""transitions"":[{""left"":0.0442851162,""right"":0.045254834,""left_safe"":true,""right_safe"":false}],""sequence"":[{""intensity"":0.001,""safe"":true},{""intensity"":0.004,""safe"":true},{""intensity"":0.008,""safe"":true},{""intensity"":0.0113137085,""safe"":true},{""intensity"":0.0134543426,""safe"":true},{""intensity"":0.0146720647,""safe"":true},{""intensity"":0.0153216525,""safe"":true},{""intensity"":0.015657153,""safe"":true},{""intensity"":0.016,""safe"":true},{""intensity"":0.0163503544,""safe"":true},{""intensity"":0.0167083805,""safe"":true},{""intensity"":0.0174481237,""safe"":true},{""intensity"":0.0190273138,""safe"":true},{""intensity"":0.022627417,""safe"":true},{""intensity"":0.032,""safe"":true},{""intensity"":0.0380546277,""safe"":true},{""intensity"":0.0414988658,""safe"":true},{""intensity"":0.0433361775,""safe"":true},{""intensity"":0.0442851162,""safe"":true},{""intensity"":0.045254834,""safe"":false},{""intensity"":0.064,""safe"":false},{""intensity"":0.256,""safe"":false},{""intensity"":1.024,""safe"":false},{""intensity"":4.096,""safe"":false},{""intensity"":16.384,""safe"":false},{""intensity"":65.536,""safe"":false}],""missing_count"":0,""no_safe"":false,""bracket_relative_width"":0.021897149272919858,""unresolved"":false}","{""largest_safe"":0.015657153,""nearest_unsafe_above"":0.016,""all_unsafe"":false,""right_censored"":false,""nonmonotone"":false,""single_boundary_supported"":true,""transitions"":[{""left"":0.015657153,""right"":0.016,""left_safe"":true,""right_safe"":false}],""sequence"":[{""intensity"":0.001,""safe"":true},{""intensity"":0.004,""safe"":true},{""intensity"":0.008,""safe"":true},{""intensity"":0.0113137085,""safe"":true},{""intensity"":0.0134543426,""safe"":true},{""intensity"":0.0146720647,""safe"":true},{""intensity"":0.0153216525,""safe"":true},{""intensity"":0.015657153,""safe"":true},{""intensity"":0.016,""safe"":false},{""intensity"":0.0163503544,""safe"":false},{""intensity"":0.0167083805,""safe"":false},{""intensity"":0.0174481237,""safe"":false},{""intensity"":0.0190273138,""safe"":false},{""intensity"":0.022627417,""safe"":false},{""intensity"":0.032,""safe"":false},{""intensity"":0.0380546277,""safe"":false},{""intensity"":0.0414988658,""safe"":false},{""intensity"":0.0433361775,""safe"":false},{""intensity"":0.0442851162,""safe"":false},{""intensity"":0.045254834,""safe"":false},{""intensity"":0.064,""safe"":false},{""intensity"":0.256,""safe"":false},{""intensity"":1.024,""safe"":false},{""intensity"":4.096,""safe"":false},{""intensity"":16.384,""safe"":false},{""intensity"":65.536,""safe"":false}],""missing_count"":0,""no_safe"":false,""bracket_relative_width"":0.021897148223562812,""unresolved"":false}",0.028627963200000002,1.8284271220955688
h103-o500-d30-a100-slow,h103-o500-d30,relaxed_decode,2.0,1.0,Legacy-Full,0,"{""largest_safe"":0.0414988658,""nearest_unsafe_above"":0.0433361775,""all_unsafe"":false,""right_censored"":false,""nonmonotone"":false,""single_boundary_supported"":true,""transitions"":[{""left"":0.0414988658,""right"":0.0433361775,""left_safe"":true,""right_safe"":false}],""sequence"":[{""intensity"":0.001,""safe"":true},{""intensity"":0.004,""safe"":true},{""intensity"":0.008,""safe"":true},{""intensity"":0.0113137085,""safe"":true},{""intensity"":0.0134543426,""safe"":true},{""intensity"":0.0146720647,""safe"":true},{""intensity"":0.0153216525,""safe"":true},{""intensity"":0.015657153,""safe"":true},{""intensity"":0.016,""safe"":true},{""intensity"":0.0163503544,""safe"":true},{""intensity"":0.0167083805,""safe"":true},{""intensity"":0.0174481237,""safe"":true},{""intensity"":0.0190273138,""safe"":true},{""intensity"":0.022627417,""safe"":true},{""intensity"":0.032,""safe"":true},{""intensity"":0.0380546277,""safe"":true},{""intensity"":0.0414988658,""safe"":true},{""intensity"":0.0433361775,""safe"":false},{""intensity"":0.0442851162,""safe"":false},{""intensity"":0.045254834,""safe"":false},{""intensity"":0.064,""safe"":false},{""intensity"":0.256,""safe"":false},{""intensity"":1.024,""safe"":false},{""intensity"":4.096,""safe"":false},{""intensity"":16.384,""safe"":false},{""intensity"":65.536,""safe"":false}],""missing_count"":0,""no_safe"":false,""bracket_relative_width"":0.04427378109210878,""unresolved"":true}","{""largest_safe"":0.015657153,""nearest_unsafe_above"":0.016,""all_unsafe"":false,""right_censored"":false,""nonmonotone"":false,""single_boundary_supported"":true,""transitions"":[{""left"":0.015657153,""right"":0.016,""left_safe"":true,""right_safe"":false}],""sequence"":[{""intensity"":0.001,""safe"":true},{""intensity"":0.004,""safe"":true},{""intensity"":0.008,""safe"":true},{""intensity"":0.0113137085,""safe"":true},{""intensity"":0.0134543426,""safe"":true},{""intensity"":0.0146720647,""safe"":true},{""intensity"":0.0153216525,""safe"":true},{""intensity"":0.015657153,""safe"":true},{""intensity"":0.016,""safe"":false},{""intensity"":0.0163503544,""safe"":false},{""intensity"":0.0167083805,""safe"":false},{""intensity"":0.0174481237,""safe"":false},{""intensity"":0.0190273138,""safe"":false},{""intensity"":0.022627417,""safe"":false},{""intensity"":0.032,""safe"":false},{""intensity"":0.0380546277,""safe"":false},{""intensity"":0.0414988658,""safe"":false},{""intensity"":0.0433361775,""safe"":false},{""intensity"":0.0442851162,""safe"":false},{""intensity"":0.045254834,""safe"":false},{""intensity"":0.064,""safe"":false},{""intensity"":0.256,""safe"":false},{""intensity"":1.024,""safe"":false},{""intensity"":4.096,""safe"":false},{""intensity"":16.384,""safe"":false},{""intensity"":65.536,""safe"":false}],""missing_count"":0,""no_safe"":false,""bracket_relative_width"":0.021897148223562812,""unresolved"":false}",0.0258417128,1.6504732884707711
h103-o500-d30-a100-slow,h103-o500-d30,relaxed_decode,2.0,1.0,Legacy-Remaining,0,"{""largest_safe"":0.0414988658,""nearest_unsafe_above"":0.0433361775,""all_unsafe"":false,""right_censored"":false,""nonmonotone"":false,""single_boundary_supported"":true,""transitions"":[{""left"":0.0414988658,""right"":0.0433361775,""left_safe"":true,""right_safe"":false}],""sequence"":[{""intensity"":0.001,""safe"":true},{""intensity"":0.004,""safe"":true},{""intensity"":0.008,""safe"":true},{""intensity"":0.0113137085,""safe"":true},{""intensity"":0.0134543426,""safe"":true},{""intensity"":0.0146720647,""safe"":true},{""intensity"":0.0153216525,""safe"":true},{""intensity"":0.015657153,""safe"":true},{""intensity"":0.016,""safe"":true},{""intensity"":0.0163503544,""safe"":true},{""intensity"":0.0167083805,""safe"":true},{""intensity"":0.0174481237,""safe"":true},{""intensity"":0.0190273138,""safe"":true},{""intensity"":0.022627417,""safe"":true},{""intensity"":0.032,""safe"":true},{""intensity"":0.0380546277,""safe"":true},{""intensity"":0.0414988658,""safe"":true},{""intensity"":0.0433361775,""safe"":false},{""intensity"":0.0442851162,""safe"":false},{""intensity"":0.045254834,""safe"":false},{""intensity"":0.064,""safe"":false},{""intensity"":0.256,""safe"":false},{""intensity"":1.024,""safe"":false},{""intensity"":4.096,""safe"":false},{""intensity"":16.384,""safe"":false},{""intensity"":65.536,""safe"":false}],""missing_count"":0,""no_safe"":false,""bracket_relative_width"":0.04427378109210878,""unresolved"":true}","{""largest_safe"":0.015657153,""nearest_unsafe_above"":0.016,""all_unsafe"":false,""right_censored"":false,""nonmonotone"":false,""single_boundary_supported"":true,""transitions"":[{""left"":0.015657153,""right"":0.016,""left_safe"":true,""right_safe"":false}],""sequence"":[{""intensity"":0.001,""safe"":true},{""intensity"":0.004,""safe"":true},{""intensity"":0.008,""safe"":true},{""intensity"":0.0113137085,""safe"":true},{""intensity"":0.0134543426,""safe"":true},{""intensity"":0.0146720647,""safe"":true},{""intensity"":0.0153216525,""safe"":true},{""intensity"":0.015657153,""safe"":true},{""intensity"":0.016,""safe"":false},{""intensity"":0.0163503544,""safe"":false},{""intensity"":0.0167083805,""safe"":false},{""intensity"":0.0174481237,""safe"":false},{""intensity"":0.0190273138,""safe"":false},{""intensity"":0.022627417,""safe"":false},{""intensity"":0.032,""safe"":false},{""intensity"":0.0380546277,""safe"":false},{""intensity"":0.0414988658,""safe"":false},{""intensity"":0.0433361775,""safe"":false},{""intensity"":0.0442851162,""safe"":false},{""intensity"":0.045254834,""safe"":false},{""intensity"":0.064,""safe"":false},{""intensity"":0.256,""safe"":false},{""intensity"":1.024,""safe"":false},{""intensity"":4.096,""safe"":false},{""intensity"":16.384,""safe"":false},{""intensity"":65.536,""safe"":false}],""missing_count"":0,""no_safe"":false,""bracket_relative_width"":0.021897148223562812,""unresolved"":false}",0.0258417128,1.6504732884707711
h104-o700-d120-a100-fast,h104-o700-d120,decode,2.0,0.15,Raw-Full,0,"{""largest_safe"":0.0065830219,""nearest_unsafe_above"":0.0067271713,""all_unsafe"":false,""right_censored"":false,""nonmonotone"":false,""single_boundary_supported"":true,""transitions"":[{""left"":0.0065830219,""right"":0.0067271713,""left_safe"":true,""right_safe"":false}],""sequence"":[{""intensity"":0.001,""safe"":true},{""intensity"":0.004,""safe"":true},{""intensity"":0.0056568542,""safe"":true},{""intensity"":0.0061688433,""safe"":true},{""intensity"":0.0064419613,""safe"":true},{""intensity"":0.0065830219,""safe"":true},{""intensity"":0.0067271713,""safe"":false},{""intensity"":0.008,""safe"":false},{""intensity"":0.016,""safe"":false},{""intensity"":0.032,""safe"":false},{""intensity"":0.0348962475,""safe"":false},{""intensity"":0.0364412364,""safe"":false},{""intensity"":0.0372391955,""safe"":false},{""intensity"":0.0380546277,""safe"":false},{""intensity"":0.0388879155,""safe"":false},{""intensity"":0.03973945,""safe"":false},{""intensity"":0.0414988658,""safe"":false},{""intensity"":0.045254834,""safe"":false},{""intensity"":0.064,""safe"":false},{""intensity"":0.256,""safe"":false},{""intensity"":1.024,""safe"":false},{""intensity"":4.096,""safe"":false},{""intensity"":16.384,""safe"":false},{""intensity"":65.536,""safe"":false}],""missing_count"":0,""no_safe"":false,""bracket_relative_width"":0.02189714726606029,""unresolved"":false}","{""largest_safe"":0.0065830219,""nearest_unsafe_above"":0.0067271713,""all_unsafe"":false,""right_censored"":false,""nonmonotone"":false,""single_boundary_supported"":true,""transitions"":[{""left"":0.0065830219,""right"":0.0067271713,""left_safe"":true,""right_safe"":false}],""sequence"":[{""intensity"":0.001,""safe"":true},{""intensity"":0.004,""safe"":true},{""intensity"":0.0056568542,""safe"":true},{""intensity"":0.0061688433,""safe"":true},{""intensity"":0.0064419613,""safe"":true},{""intensity"":0.0065830219,""safe"":true},{""intensity"":0.0067271713,""safe"":false},{""intensity"":0.008,""safe"":false},{""intensity"":0.016,""safe"":false},{""intensity"":0.032,""safe"":false},{""intensity"":0.0348962475,""safe"":false},{""intensity"":0.0364412364,""safe"":false},{""intensity"":0.0372391955,""safe"":false},{""intensity"":0.0380546277,""safe"":false},{""intensity"":0.0388879155,""safe"":false},{""intensity"":0.03973945,""safe"":false},{""intensity"":0.0414988658,""safe"":false},{""intensity"":0.045254834,""safe"":false},{""intensity"":0.064,""safe"":false},{""intensity"":0.256,""safe"":false},{""intensity"":1.024,""safe"":false},{""intensity"":4.096,""safe"":false},{""intensity"":16.384,""safe"":false},{""intensity"":65.536,""safe"":false}],""missing_count"":0,""no_safe"":false,""bracket_relative_width"":0.02189714726606029,""unresolved"":false}",0.0,0.0
h104-o700-d120-a100-fast,h104-o700-d120,decode,2.0,0.15,Raw-Remaining,0,"{""largest_safe"":0.0065830219,""nearest_unsafe_above"":0.0067271713,""all_unsafe"":false,""right_censored"":false,""nonmonotone"":false,""single_boundary_supported"":true,""transitions"":[{""left"":0.0065830219,""right"":0.0067271713,""left_safe"":true,""right_safe"":false}],""sequence"":[{""intensity"":0.001,""safe"":true},{""intensity"":0.004,""safe"":true},{""intensity"":0.0056568542,""safe"":true},{""intensity"":0.0061688433,""safe"":true},{""intensity"":0.0064419613,""safe"":true},{""intensity"":0.0065830219,""safe"":true},{""intensity"":0.0067271713,""safe"":false},{""intensity"":0.008,""safe"":false},{""intensity"":0.016,""safe"":false},{""intensity"":0.032,""safe"":false},{""intensity"":0.0348962475,""safe"":false},{""intensity"":0.0364412364,""safe"":false},{""intensity"":0.0372391955,""safe"":false},{""intensity"":0.0380546277,""safe"":false},{""intensity"":0.0388879155,""safe"":false},{""intensity"":0.03973945,""safe"":false},{""intensity"":0.0414988658,""safe"":false},{""intensity"":0.045254834,""safe"":false},{""intensity"":0.064,""safe"":false},{""intensity"":0.256,""safe"":false},{""intensity"":1.024,""safe"":false},{""intensity"":4.096,""safe"":false},{""intensity"":16.384,""safe"":false},{""intensity"":65.536,""safe"":false}],""missing_count"":0,""no_safe"":false,""bracket_relative_width"":0.02189714726606029,""unresolved"":false}","{""largest_safe"":0.0065830219,""nearest_unsafe_above"":0.0067271713,""all_unsafe"":false,""right_censored"":false,""nonmonotone"":false,""single_boundary_supported"":true,""transitions"":[{""left"":0.0065830219,""right"":0.0067271713,""left_safe"":true,""right_safe"":false}],""sequence"":[{""intensity"":0.001,""safe"":true},{""intensity"":0.004,""safe"":true},{""intensity"":0.0056568542,""safe"":true},{""intensity"":0.0061688433,""safe"":true},{""intensity"":0.0064419613,""safe"":true},{""intensity"":0.0065830219,""safe"":true},{""intensity"":0.0067271713,""safe"":false},{""intensity"":0.008,""safe"":false},{""intensity"":0.016,""safe"":false},{""intensity"":0.032,""safe"":false},{""intensity"":0.0348962475,""safe"":false},{""intensity"":0.0364412364,""safe"":false},{""intensity"":0.0372391955,""safe"":false},{""intensity"":0.0380546277,""safe"":false},{""intensity"":0.0388879155,""safe"":false},{""intensity"":0.03973945,""safe"":false},{""intensity"":0.0414988658,""safe"":false},{""intensity"":0.045254834,""safe"":false},{""intensity"":0.064,""safe"":false},{""intensity"":0.256,""safe"":false},{""intensity"":1.024,""safe"":false},{""intensity"":4.096,""safe"":false},{""intensity"":16.384,""safe"":false},{""intensity"":65.536,""safe"":false}],""missing_count"":0,""no_safe"":false,""bracket_relative_width"":0.02189714726606029,""unresolved"":false}",0.0,0.0
h104-o700-d120-a100-fast,h104-o700-d120,decode,2.0,0.15,Legacy-Full,0,"{""largest_safe"":0.0061688433,""nearest_unsafe_above"":0.0064419613,""all_unsafe"":false,""right_censored"":false,""nonmonotone"":false,""single_boundary_supported"":true,""transitions"":[{""left"":0.0061688433,""right"":0.0064419613,""left_safe"":true,""right_safe"":false}],""sequence"":[{""intensity"":0.001,""safe"":true},{""intensity"":0.004,""safe"":true},{""intensity"":0.0056568542,""safe"":true},{""intensity"":0.0061688433,""safe"":true},{""intensity"":0.0064419613,""safe"":false},{""intensity"":0.0065830219,""safe"":false},{""intensity"":0.0067271713,""safe"":false},{""intensity"":0.008,""safe"":false},{""intensity"":0.016,""safe"":false},{""intensity"":0.032,""safe"":false},{""intensity"":0.0348962475,""safe"":false},{""intensity"":0.0364412364,""safe"":false},{""intensity"":0.0372391955,""safe"":false},{""intensity"":0.0380546277,""safe"":false},{""intensity"":0.0388879155,""safe"":false},{""intensity"":0.03973945,""safe"":false},{""intensity"":0.0414988658,""safe"":false},{""intensity"":0.045254834,""safe"":false},{""intensity"":0.064,""safe"":false},{""intensity"":0.256,""safe"":false},{""intensity"":1.024,""safe"":false},{""intensity"":4.096,""safe"":false},{""intensity"":16.384,""safe"":false},{""intensity"":65.536,""safe"":false}],""missing_count"":0,""no_safe"":false,""bracket_relative_width"":0.044273778197607916,""unresolved"":true}","{""largest_safe"":0.0065830219,""nearest_unsafe_above"":0.0067271713,""all_unsafe"":false,""right_censored"":false,""nonmonotone"":false,""single_boundary_supported"":true,""transitions"":[{""left"":0.0065830219,""right"":0.0067271713,""left_safe"":true,""right_safe"":false}],""sequence"":[{""intensity"":0.001,""safe"":true},{""intensity"":0.004,""safe"":true},{""intensity"":0.0056568542,""safe"":true},{""intensity"":0.0061688433,""safe"":true},{""intensity"":0.0064419613,""safe"":true},{""intensity"":0.0065830219,""safe"":true},{""intensity"":0.0067271713,""safe"":false},{""intensity"":0.008,""safe"":false},{""intensity"":0.016,""safe"":false},{""intensity"":0.032,""safe"":false},{""intensity"":0.0348962475,""safe"":false},{""intensity"":0.0364412364,""safe"":false},{""intensity"":0.0372391955,""safe"":false},{""intensity"":0.0380546277,""safe"":false},{""intensity"":0.0388879155,""safe"":false},{""intensity"":0.03973945,""safe"":false},{""intensity"":0.0414988658,""safe"":false},{""intensity"":0.045254834,""safe"":false},{""intensity"":0.064,""safe"":false},{""intensity"":0.256,""safe"":false},{""intensity"":1.024,""safe"":false},{""intensity"":4.096,""safe"":false},{""intensity"":16.384,""safe"":false},{""intensity"":65.536,""safe"":false}],""missing_count"":0,""no_safe"":false,""bracket_relative_width"":0.02189714726606029,""unresolved"":false}",-0.0004141786000000005,-0.06291618139687497
h104-o700-d120-a100-fast,h104-o700-d120,decode,2.0,0.15,Legacy-Remaining,0,"{""largest_safe"":0.0061688433,""nearest_unsafe_above"":0.0064419613,""all_unsafe"":false,""right_censored"":false,""nonmonotone"":false,""single_boundary_supported"":true,""transitions"":[{""left"":0.0061688433,""right"":0.0064419613,""left_safe"":true,""right_safe"":false}],""sequence"":[{""intensity"":0.001,""safe"":true},{""intensity"":0.004,""safe"":true},{""intensity"":0.0056568542,""safe"":true},{""intensity"":0.0061688433,""safe"":true},{""intensity"":0.0064419613,""safe"":false},{""intensity"":0.0065830219,""safe"":false},{""intensity"":0.0067271713,""safe"":false},{""intensity"":0.008,""safe"":false},{""intensity"":0.016,""safe"":false},{""intensity"":0.032,""safe"":false},{""intensity"":0.0348962475,""safe"":false},{""intensity"":0.0364412364,""safe"":false},{""intensity"":0.0372391955,""safe"":false},{""intensity"":0.0380546277,""safe"":false},{""intensity"":0.0388879155,""safe"":false},{""intensity"":0.03973945,""safe"":false},{""intensity"":0.0414988658,""safe"":false},{""intensity"":0.045254834,""safe"":false},{""intensity"":0.064,""safe"":false},{""intensity"":0.256,""safe"":false},{""intensity"":1.024,""safe"":false},{""intensity"":4.096,""safe"":false},{""intensity"":16.384,""safe"":false},{""intensity"":65.536,""safe"":false}],""missing_count"":0,""no_safe"":false,""bracket_relative_width"":0.044273778197607916,""unresolved"":true}","{""largest_safe"":0.0065830219,""nearest_unsafe_above"":0.0067271713,""all_unsafe"":false,""right_censored"":false,""nonmonotone"":false,""single_boundary_supported"":true,""transitions"":[{""left"":0.0065830219,""right"":0.0067271713,""left_safe"":true,""right_safe"":false}],""sequence"":[{""intensity"":0.001,""safe"":true},{""intensity"":0.004,""safe"":true},{""intensity"":0.0056568542,""safe"":true},{""intensity"":0.0061688433,""safe"":true},{""intensity"":0.0064419613,""safe"":true},{""intensity"":0.0065830219,""safe"":true},{""intensity"":0.0067271713,""safe"":false},{""intensity"":0.008,""safe"":false},{""intensity"":0.016,""safe"":false},{""intensity"":0.032,""safe"":false},{""intensity"":0.0348962475,""safe"":false},{""intensity"":0.0364412364,""safe"":false},{""intensity"":0.0372391955,""safe"":false},{""intensity"":0.0380546277,""safe"":false},{""intensity"":0.0388879155,""safe"":false},{""intensity"":0.03973945,""safe"":false},{""intensity"":0.0414988658,""safe"":false},{""intensity"":0.045254834,""safe"":false},{""intensity"":0.064,""safe"":false},{""intensity"":0.256,""safe"":false},{""intensity"":1.024,""safe"":false},{""intensity"":4.096,""safe"":false},{""intensity"":16.384,""safe"":false},{""intensity"":65.536,""safe"":false}],""missing_count"":0,""no_safe"":false,""bracket_relative_width"":0.02189714726606029,""unresolved"":false}",-0.0004141786000000005,-0.06291618139687497
h104-o700-d120-a100-fast,h104-o700-d120,relaxed_decode,2.0,1.0,Raw-Full,0,"{""largest_safe"":0.0380546277,""nearest_unsafe_above"":0.0388879155,""all_unsafe"":false,""right_censored"":false,""nonmonotone"":false,""single_boundary_supported"":true,""transitions"":[{""left"":0.0380546277,""right"":0.0388879155,""left_safe"":true,""right_safe"":false}],""sequence"":[{""intensity"":0.001,""safe"":true},{""intensity"":0.004,""safe"":true},{""intensity"":0.0056568542,""safe"":true},{""intensity"":0.0061688433,""safe"":true},{""intensity"":0.0064419613,""safe"":true},{""intensity"":0.0065830219,""safe"":true},{""intensity"":0.0067271713,""safe"":true},{""intensity"":0.008,""safe"":true},{""intensity"":0.016,""safe"":true},{""intensity"":0.032,""safe"":true},{""intensity"":0.0348962475,""safe"":true},{""intensity"":0.0364412364,""safe"":true},{""intensity"":0.0372391955,""safe"":true},{""intensity"":0.0380546277,""safe"":true},{""intensity"":0.0388879155,""safe"":false},{""intensity"":0.03973945,""safe"":false},{""intensity"":0.0414988658,""safe"":false},{""intensity"":0.045254834,""safe"":false},{""intensity"":0.064,""safe"":false},{""intensity"":0.256,""safe"":false},{""intensity"":1.024,""safe"":false},{""intensity"":4.096,""safe"":false},{""intensity"":16.384,""safe"":false},{""intensity"":65.536,""safe"":false}],""missing_count"":0,""no_safe"":false,""bracket_relative_width"":0.021897147610249634,""unresolved"":false}","{""largest_safe"":0.0372391955,""nearest_unsafe_above"":0.0380546277,""all_unsafe"":false,""right_censored"":false,""nonmonotone"":false,""single_boundary_supported"":true,""transitions"":[{""left"":0.0372391955,""right"":0.0380546277,""left_safe"":true,""right_safe"":false}],""sequence"":[{""intensity"":0.001,""safe"":true},{""intensity"":0.004,""safe"":true},{""intensity"":0.0056568542,""safe"":true},{""intensity"":0.0061688433,""safe"":true},{""intensity"":0.0064419613,""safe"":true},{""intensity"":0.0065830219,""safe"":true},{""intensity"":0.0067271713,""safe"":true},{""intensity"":0.008,""safe"":true},{""intensity"":0.016,""safe"":true},{""intensity"":0.032,""safe"":true},{""intensity"":0.0348962475,""safe"":true},{""intensity"":0.0364412364,""safe"":true},{""intensity"":0.0372391955,""safe"":true},{""intensity"":0.0380546277,""safe"":false},{""intensity"":0.0388879155,""safe"":false},{""intensity"":0.03973945,""safe"":false},{""intensity"":0.0414988658,""safe"":false},{""intensity"":0.045254834,""safe"":false},{""intensity"":0.064,""safe"":false},{""intensity"":0.256,""safe"":false},{""intensity"":1.024,""safe"":false},{""intensity"":4.096,""safe"":false},{""intensity"":16.384,""safe"":false},{""intensity"":65.536,""safe"":false}],""missing_count"":0,""no_safe"":false,""bracket_relative_width"":0.021897148664234756,""unresolved"":false}",0.0008154322000000006,0.021897148664234718
h104-o700-d120-a100-fast,h104-o700-d120,relaxed_decode,2.0,1.0,Raw-Remaining,0,"{""largest_safe"":0.0380546277,""nearest_unsafe_above"":0.0388879155,""all_unsafe"":false,""right_censored"":false,""nonmonotone"":false,""single_boundary_supported"":true,""transitions"":[{""left"":0.0380546277,""right"":0.0388879155,""left_safe"":true,""right_safe"":false}],""sequence"":[{""intensity"":0.001,""safe"":true},{""intensity"":0.004,""safe"":true},{""intensity"":0.0056568542,""safe"":true},{""intensity"":0.0061688433,""safe"":true},{""intensity"":0.0064419613,""safe"":true},{""intensity"":0.0065830219,""safe"":true},{""intensity"":0.0067271713,""safe"":true},{""intensity"":0.008,""safe"":true},{""intensity"":0.016,""safe"":true},{""intensity"":0.032,""safe"":true},{""intensity"":0.0348962475,""safe"":true},{""intensity"":0.0364412364,""safe"":true},{""intensity"":0.0372391955,""safe"":true},{""intensity"":0.0380546277,""safe"":true},{""intensity"":0.0388879155,""safe"":false},{""intensity"":0.03973945,""safe"":false},{""intensity"":0.0414988658,""safe"":false},{""intensity"":0.045254834,""safe"":false},{""intensity"":0.064,""safe"":false},{""intensity"":0.256,""safe"":false},{""intensity"":1.024,""safe"":false},{""intensity"":4.096,""safe"":false},{""intensity"":16.384,""safe"":false},{""intensity"":65.536,""safe"":false}],""missing_count"":0,""no_safe"":false,""bracket_relative_width"":0.021897147610249634,""unresolved"":false}","{""largest_safe"":0.0372391955,""nearest_unsafe_above"":0.0380546277,""all_unsafe"":false,""right_censored"":false,""nonmonotone"":false,""single_boundary_supported"":true,""transitions"":[{""left"":0.0372391955,""right"":0.0380546277,""left_safe"":true,""right_safe"":false}],""sequence"":[{""intensity"":0.001,""safe"":true},{""intensity"":0.004,""safe"":true},{""intensity"":0.0056568542,""safe"":true},{""intensity"":0.0061688433,""safe"":true},{""intensity"":0.0064419613,""safe"":true},{""intensity"":0.0065830219,""safe"":true},{""intensity"":0.0067271713,""safe"":true},{""intensity"":0.008,""safe"":true},{""intensity"":0.016,""safe"":true},{""intensity"":0.032,""safe"":true},{""intensity"":0.0348962475,""safe"":true},{""intensity"":0.0364412364,""safe"":true},{""intensity"":0.0372391955,""safe"":true},{""intensity"":0.0380546277,""safe"":false},{""intensity"":0.0388879155,""safe"":false},{""intensity"":0.03973945,""safe"":false},{""intensity"":0.0414988658,""safe"":false},{""intensity"":0.045254834,""safe"":false},{""intensity"":0.064,""safe"":false},{""intensity"":0.256,""safe"":false},{""intensity"":1.024,""safe"":false},{""intensity"":4.096,""safe"":false},{""intensity"":16.384,""safe"":false},{""intensity"":65.536,""safe"":false}],""missing_count"":0,""no_safe"":false,""bracket_relative_width"":0.021897148664234756,""unresolved"":false}",0.0008154322000000006,0.021897148664234718
h104-o700-d120-a100-fast,h104-o700-d120,relaxed_decode,2.0,1.0,Legacy-Full,0,"{""largest_safe"":0.0364412364,""nearest_unsafe_above"":0.0372391955,""all_unsafe"":false,""right_censored"":false,""nonmonotone"":false,""single_boundary_supported"":true,""transitions"":[{""left"":0.0364412364,""right"":0.0372391955,""left_safe"":true,""right_safe"":false}],""sequence"":[{""intensity"":0.001,""safe"":true},{""intensity"":0.004,""safe"":true},{""intensity"":0.0056568542,""safe"":true},{""intensity"":0.0061688433,""safe"":true},{""intensity"":0.0064419613,""safe"":true},{""intensity"":0.0065830219,""safe"":true},{""intensity"":0.0067271713,""safe"":true},{""intensity"":0.008,""safe"":true},{""intensity"":0.016,""safe"":true},{""intensity"":0.032,""safe"":true},{""intensity"":0.0348962475,""safe"":true},{""intensity"":0.0364412364,""safe"":true},{""intensity"":0.0372391955,""safe"":false},{""intensity"":0.0380546277,""safe"":false},{""intensity"":0.0388879155,""safe"":false},{""intensity"":0.03973945,""safe"":false},{""intensity"":0.0414988658,""safe"":false},{""intensity"":0.045254834,""safe"":false},{""intensity"":0.064,""safe"":false},{""intensity"":0.256,""safe"":false},{""intensity"":1.024,""safe"":false},{""intensity"":4.096,""safe"":false},{""intensity"":16.384,""safe"":false},{""intensity"":65.536,""safe"":false}],""missing_count"":0,""no_safe"":false,""bracket_relative_width"":0.02189714671700882,""unresolved"":false}","{""largest_safe"":0.0372391955,""nearest_unsafe_above"":0.0380546277,""all_unsafe"":false,""right_censored"":false,""nonmonotone"":false,""single_boundary_supported"":true,""transitions"":[{""left"":0.0372391955,""right"":0.0380546277,""left_safe"":true,""right_safe"":false}],""sequence"":[{""intensity"":0.001,""safe"":true},{""intensity"":0.004,""safe"":true},{""intensity"":0.0056568542,""safe"":true},{""intensity"":0.0061688433,""safe"":true},{""intensity"":0.0064419613,""safe"":true},{""intensity"":0.0065830219,""safe"":true},{""intensity"":0.0067271713,""safe"":true},{""intensity"":0.008,""safe"":true},{""intensity"":0.016,""safe"":true},{""intensity"":0.032,""safe"":true},{""intensity"":0.0348962475,""safe"":true},{""intensity"":0.0364412364,""safe"":true},{""intensity"":0.0372391955,""safe"":true},{""intensity"":0.0380546277,""safe"":false},{""intensity"":0.0388879155,""safe"":false},{""intensity"":0.03973945,""safe"":false},{""intensity"":0.0414988658,""safe"":false},{""intensity"":0.045254834,""safe"":false},{""intensity"":0.064,""safe"":false},{""intensity"":0.256,""safe"":false},{""intensity"":1.024,""safe"":false},{""intensity"":4.096,""safe"":false},{""intensity"":16.384,""safe"":false},{""intensity"":65.536,""safe"":false}],""missing_count"":0,""no_safe"":false,""bracket_relative_width"":0.021897148664234756,""unresolved"":false}",-0.0007979591000000022,-0.02142793605731902
h104-o700-d120-a100-fast,h104-o700-d120,relaxed_decode,2.0,1.0,Legacy-Remaining,0,"{""largest_safe"":0.0364412364,""nearest_unsafe_above"":0.0372391955,""all_unsafe"":false,""right_censored"":false,""nonmonotone"":false,""single_boundary_supported"":true,""transitions"":[{""left"":0.0364412364,""right"":0.0372391955,""left_safe"":true,""right_safe"":false}],""sequence"":[{""intensity"":0.001,""safe"":true},{""intensity"":0.004,""safe"":true},{""intensity"":0.0056568542,""safe"":true},{""intensity"":0.0061688433,""safe"":true},{""intensity"":0.0064419613,""safe"":true},{""intensity"":0.0065830219,""safe"":true},{""intensity"":0.0067271713,""safe"":true},{""intensity"":0.008,""safe"":true},{""intensity"":0.016,""safe"":true},{""intensity"":0.032,""safe"":true},{""intensity"":0.0348962475,""safe"":true},{""intensity"":0.0364412364,""safe"":true},{""intensity"":0.0372391955,""safe"":false},{""intensity"":0.0380546277,""safe"":false},{""intensity"":0.0388879155,""safe"":false},{""intensity"":0.03973945,""safe"":false},{""intensity"":0.0414988658,""safe"":false},{""intensity"":0.045254834,""safe"":false},{""intensity"":0.064,""safe"":false},{""intensity"":0.256,""safe"":false},{""intensity"":1.024,""safe"":false},{""intensity"":4.096,""safe"":false},{""intensity"":16.384,""safe"":false},{""intensity"":65.536,""safe"":false}],""missing_count"":0,""no_safe"":false,""bracket_relative_width"":0.02189714671700882,""unresolved"":false}","{""largest_safe"":0.0372391955,""nearest_unsafe_above"":0.0380546277,""all_unsafe"":false,""right_censored"":false,""nonmonotone"":false,""single_boundary_supported"":true,""transitions"":[{""left"":0.0372391955,""right"":0.0380546277,""left_safe"":true,""right_safe"":false}],""sequence"":[{""intensity"":0.001,""safe"":true},{""intensity"":0.004,""safe"":true},{""intensity"":0.0056568542,""safe"":true},{""intensity"":0.0061688433,""safe"":true},{""intensity"":0.0064419613,""safe"":true},{""intensity"":0.0065830219,""safe"":true},{""intensity"":0.0067271713,""safe"":true},{""intensity"":0.008,""safe"":true},{""intensity"":0.016,""safe"":true},{""intensity"":0.032,""safe"":true},{""intensity"":0.0348962475,""safe"":true},{""intensity"":0.0364412364,""safe"":true},{""intensity"":0.0372391955,""safe"":true},{""intensity"":0.0380546277,""safe"":false},{""intensity"":0.0388879155,""safe"":false},{""intensity"":0.03973945,""safe"":false},{""intensity"":0.0414988658,""safe"":false},{""intensity"":0.045254834,""safe"":false},{""intensity"":0.064,""safe"":false},{""intensity"":0.256,""safe"":false},{""intensity"":1.024,""safe"":false},{""intensity"":4.096,""safe"":false},{""intensity"":16.384,""safe"":false},{""intensity"":65.536,""safe"":false}],""missing_count"":0,""no_safe"":false,""bracket_relative_width"":0.021897148664234756,""unresolved"":false}",-0.0007979591000000022,-0.02142793605731902
h105-o900-d30-a100-fast,h105-o900-d30,decode,2.0,0.15,Raw-Full,0,"{""largest_safe"":0.0170742464,""nearest_unsafe_above"":0.0174481237,""all_unsafe"":false,""right_censored"":false,""nonmonotone"":false,""single_boundary_supported"":true,""transitions"":[{""left"":0.0170742464,""right"":0.0174481237,""left_safe"":true,""right_safe"":false}],""sequence"":[{""intensity"":0.001,""safe"":true},{""intensity"":0.004,""safe"":true},{""intensity"":0.016,""safe"":true},{""intensity"":0.0167083805,""safe"":true},{""intensity"":0.0170742464,""safe"":true},{""intensity"":0.0174481237,""safe"":false},{""intensity"":0.0190273138,""safe"":false},{""intensity"":0.022627417,""safe"":false},{""intensity"":0.032,""safe"":false},{""intensity"":0.064,""safe"":false},{""intensity"":0.256,""safe"":false},{""intensity"":1.024,""safe"":false},{""intensity"":1.4481546879,""safe"":false},{""intensity"":1.5792238853,""safe"":false},{""intensity"":1.6138043855,""safe"":false},{""intensity"":1.6491421,""safe"":false},{""intensity"":1.7221558585,""safe"":false},{""intensity"":2.048,""safe"":false},{""intensity"":4.096,""safe"":false},{""intensity"":16.384,""safe"":false},{""intensity"":32.768,""safe"":false},{""intensity"":33.4855257671,""safe"":false},{""intensity"":34.2187633026,""safe"":false},{""intensity"":35.733757384,""safe"":false},{""intensity"":38.9679387444,""safe"":false},{""intensity"":46.3409500118,""safe"":false},{""intensity"":65.536,""safe"":false}],""missing_count"":0,""no_safe"":false,""bracket_relative_width"":0.02189714797603015,""unresolved"":false}","{""largest_safe"":0.0170742464,""nearest_unsafe_above"":0.0174481237,""all_unsafe"":false,""right_censored"":false,""nonmonotone"":false,""single_boundary_supported"":true,""transitions"":[{""left"":0.0170742464,""right"":0.0174481237,""left_safe"":true,""right_safe"":false}],""sequence"":[{""intensity"":0.001,""safe"":true},{""intensity"":0.004,""safe"":true},{""intensity"":0.016,""safe"":true},{""intensity"":0.0167083805,""safe"":true},{""intensity"":0.0170742464,""safe"":true},{""intensity"":0.0174481237,""safe"":false},{""intensity"":0.0190273138,""safe"":false},{""intensity"":0.022627417,""safe"":false},{""intensity"":0.032,""safe"":false},{""intensity"":0.064,""safe"":false},{""intensity"":0.256,""safe"":false},{""intensity"":1.024,""safe"":false},{""intensity"":1.4481546879,""safe"":false},{""intensity"":1.5792238853,""safe"":false},{""intensity"":1.6138043855,""safe"":false},{""intensity"":1.6491421,""safe"":false},{""intensity"":1.7221558585,""safe"":false},{""intensity"":2.048,""safe"":false},{""intensity"":4.096,""safe"":false},{""intensity"":16.384,""safe"":false},{""intensity"":32.768,""safe"":false},{""intensity"":33.4855257671,""safe"":false},{""intensity"":34.2187633026,""safe"":false},{""intensity"":35.733757384,""safe"":false},{""intensity"":38.9679387444,""safe"":false},{""intensity"":46.3409500118,""safe"":false},{""intensity"":65.536,""safe"":false}],""missing_count"":0,""no_safe"":false,""bracket_relative_width"":0.02189714797603015,""unresolved"":false}",0.0,0.0
h105-o900-d30-a100-fast,h105-o900-d30,decode,2.0,0.15,Raw-Remaining,0,"{""largest_safe"":0.0170742464,""nearest_unsafe_above"":0.0174481237,""all_unsafe"":false,""right_censored"":false,""nonmonotone"":false,""single_boundary_supported"":true,""transitions"":[{""left"":0.0170742464,""right"":0.0174481237,""left_safe"":true,""right_safe"":false}],""sequence"":[{""intensity"":0.001,""safe"":true},{""intensity"":0.004,""safe"":true},{""intensity"":0.016,""safe"":true},{""intensity"":0.0167083805,""safe"":true},{""intensity"":0.0170742464,""safe"":true},{""intensity"":0.0174481237,""safe"":false},{""intensity"":0.0190273138,""safe"":false},{""intensity"":0.022627417,""safe"":false},{""intensity"":0.032,""safe"":false},{""intensity"":0.064,""safe"":false},{""intensity"":0.256,""safe"":false},{""intensity"":1.024,""safe"":false},{""intensity"":1.4481546879,""safe"":false},{""intensity"":1.5792238853,""safe"":false},{""intensity"":1.6138043855,""safe"":false},{""intensity"":1.6491421,""safe"":false},{""intensity"":1.7221558585,""safe"":false},{""intensity"":2.048,""safe"":false},{""intensity"":4.096,""safe"":false},{""intensity"":16.384,""safe"":false},{""intensity"":32.768,""safe"":false},{""intensity"":33.4855257671,""safe"":false},{""intensity"":34.2187633026,""safe"":false},{""intensity"":35.733757384,""safe"":false},{""intensity"":38.9679387444,""safe"":false},{""intensity"":46.3409500118,""safe"":false},{""intensity"":65.536,""safe"":false}],""missing_count"":0,""no_safe"":false,""bracket_relative_width"":0.02189714797603015,""unresolved"":false}","{""largest_safe"":0.0170742464,""nearest_unsafe_above"":0.0174481237,""all_unsafe"":false,""right_censored"":false,""nonmonotone"":false,""single_boundary_supported"":true,""transitions"":[{""left"":0.0170742464,""right"":0.0174481237,""left_safe"":true,""right_safe"":false}],""sequence"":[{""intensity"":0.001,""safe"":true},{""intensity"":0.004,""safe"":true},{""intensity"":0.016,""safe"":true},{""intensity"":0.0167083805,""safe"":true},{""intensity"":0.0170742464,""safe"":true},{""intensity"":0.0174481237,""safe"":false},{""intensity"":0.0190273138,""safe"":false},{""intensity"":0.022627417,""safe"":false},{""intensity"":0.032,""safe"":false},{""intensity"":0.064,""safe"":false},{""intensity"":0.256,""safe"":false},{""intensity"":1.024,""safe"":false},{""intensity"":1.4481546879,""safe"":false},{""intensity"":1.5792238853,""safe"":false},{""intensity"":1.6138043855,""safe"":false},{""intensity"":1.6491421,""safe"":false},{""intensity"":1.7221558585,""safe"":false},{""intensity"":2.048,""safe"":false},{""intensity"":4.096,""safe"":false},{""intensity"":16.384,""safe"":false},{""intensity"":32.768,""safe"":false},{""intensity"":33.4855257671,""safe"":false},{""intensity"":34.2187633026,""safe"":false},{""intensity"":35.733757384,""safe"":false},{""intensity"":38.9679387444,""safe"":false},{""intensity"":46.3409500118,""safe"":false},{""intensity"":65.536,""safe"":false}],""missing_count"":0,""no_safe"":false,""bracket_relative_width"":0.02189714797603015,""unresolved"":false}",0.0,0.0
h105-o900-d30-a100-fast,h105-o900-d30,decode,2.0,0.15,Legacy-Full,0,"{""largest_safe"":0.016,""nearest_unsafe_above"":0.0167083805,""all_unsafe"":false,""right_censored"":false,""nonmonotone"":false,""single_boundary_supported"":true,""transitions"":[{""left"":0.016,""right"":0.0167083805,""left_safe"":true,""right_safe"":false}],""sequence"":[{""intensity"":0.001,""safe"":true},{""intensity"":0.004,""safe"":true},{""intensity"":0.016,""safe"":true},{""intensity"":0.0167083805,""safe"":false},{""intensity"":0.0170742464,""safe"":false},{""intensity"":0.0174481237,""safe"":false},{""intensity"":0.0190273138,""safe"":false},{""intensity"":0.022627417,""safe"":false},{""intensity"":0.032,""safe"":false},{""intensity"":0.064,""safe"":false},{""intensity"":0.256,""safe"":false},{""intensity"":1.024,""safe"":false},{""intensity"":1.4481546879,""safe"":false},{""intensity"":1.5792238853,""safe"":false},{""intensity"":1.6138043855,""safe"":false},{""intensity"":1.6491421,""safe"":false},{""intensity"":1.7221558585,""safe"":false},{""intensity"":2.048,""safe"":false},{""intensity"":4.096,""safe"":false},{""intensity"":16.384,""safe"":false},{""intensity"":32.768,""safe"":false},{""intensity"":33.4855257671,""safe"":false},{""intensity"":34.2187633026,""safe"":false},{""intensity"":35.733757384,""safe"":false},{""intensity"":38.9679387444,""safe"":false},{""intensity"":46.3409500118,""safe"":false},{""intensity"":65.536,""safe"":false}],""missing_count"":0,""no_safe"":false,""bracket_relative_width"":0.04427378125000003,""unresolved"":true}","{""largest_safe"":0.0170742464,""nearest_unsafe_above"":0.0174481237,""all_unsafe"":false,""right_censored"":false,""nonmonotone"":false,""single_boundary_supported"":true,""transitions"":[{""left"":0.0170742464,""right"":0.0174481237,""left_safe"":true,""right_safe"":false}],""sequence"":[{""intensity"":0.001,""safe"":true},{""intensity"":0.004,""safe"":true},{""intensity"":0.016,""safe"":true},{""intensity"":0.0167083805,""safe"":true},{""intensity"":0.0170742464,""safe"":true},{""intensity"":0.0174481237,""safe"":false},{""intensity"":0.0190273138,""safe"":false},{""intensity"":0.022627417,""safe"":false},{""intensity"":0.032,""safe"":false},{""intensity"":0.064,""safe"":false},{""intensity"":0.256,""safe"":false},{""intensity"":1.024,""safe"":false},{""intensity"":1.4481546879,""safe"":false},{""intensity"":1.5792238853,""safe"":false},{""intensity"":1.6138043855,""safe"":false},{""intensity"":1.6491421,""safe"":false},{""intensity"":1.7221558585,""safe"":false},{""intensity"":2.048,""safe"":false},{""intensity"":4.096,""safe"":false},{""intensity"":16.384,""safe"":false},{""intensity"":32.768,""safe"":false},{""intensity"":33.4855257671,""safe"":false},{""intensity"":34.2187633026,""safe"":false},{""intensity"":35.733757384,""safe"":false},{""intensity"":38.9679387444,""safe"":false},{""intensity"":46.3409500118,""safe"":false},{""intensity"":65.536,""safe"":false}],""missing_count"":0,""no_safe"":false,""bracket_relative_width"":0.02189714797603015,""unresolved"":false}",-0.0010742463999999993,-0.06291618235051354
h105-o900-d30-a100-fast,h105-o900-d30,decode,2.0,0.15,Legacy-Remaining,0,"{""largest_safe"":0.016,""nearest_unsafe_above"":0.0167083805,""all_unsafe"":false,""right_censored"":false,""nonmonotone"":false,""single_boundary_supported"":true,""transitions"":[{""left"":0.016,""right"":0.0167083805,""left_safe"":true,""right_safe"":false}],""sequence"":[{""intensity"":0.001,""safe"":true},{""intensity"":0.004,""safe"":true},{""intensity"":0.016,""safe"":true},{""intensity"":0.0167083805,""safe"":false},{""intensity"":0.0170742464,""safe"":false},{""intensity"":0.0174481237,""safe"":false},{""intensity"":0.0190273138,""safe"":false},{""intensity"":0.022627417,""safe"":false},{""intensity"":0.032,""safe"":false},{""intensity"":0.064,""safe"":false},{""intensity"":0.256,""safe"":false},{""intensity"":1.024,""safe"":false},{""intensity"":1.4481546879,""safe"":false},{""intensity"":1.5792238853,""safe"":false},{""intensity"":1.6138043855,""safe"":false},{""intensity"":1.6491421,""safe"":false},{""intensity"":1.7221558585,""safe"":false},{""intensity"":2.048,""safe"":false},{""intensity"":4.096,""safe"":false},{""intensity"":16.384,""safe"":false},{""intensity"":32.768,""safe"":false},{""intensity"":33.4855257671,""safe"":false},{""intensity"":34.2187633026,""safe"":false},{""intensity"":35.733757384,""safe"":false},{""intensity"":38.9679387444,""safe"":false},{""intensity"":46.3409500118,""safe"":false},{""intensity"":65.536,""safe"":false}],""missing_count"":0,""no_safe"":false,""bracket_relative_width"":0.04427378125000003,""unresolved"":true}","{""largest_safe"":0.0170742464,""nearest_unsafe_above"":0.0174481237,""all_unsafe"":false,""right_censored"":false,""nonmonotone"":false,""single_boundary_supported"":true,""transitions"":[{""left"":0.0170742464,""right"":0.0174481237,""left_safe"":true,""right_safe"":false}],""sequence"":[{""intensity"":0.001,""safe"":true},{""intensity"":0.004,""safe"":true},{""intensity"":0.016,""safe"":true},{""intensity"":0.0167083805,""safe"":true},{""intensity"":0.0170742464,""safe"":true},{""intensity"":0.0174481237,""safe"":false},{""intensity"":0.0190273138,""safe"":false},{""intensity"":0.022627417,""safe"":false},{""intensity"":0.032,""safe"":false},{""intensity"":0.064,""safe"":false},{""intensity"":0.256,""safe"":false},{""intensity"":1.024,""safe"":false},{""intensity"":1.4481546879,""safe"":false},{""intensity"":1.5792238853,""safe"":false},{""intensity"":1.6138043855,""safe"":false},{""intensity"":1.6491421,""safe"":false},{""intensity"":1.7221558585,""safe"":false},{""intensity"":2.048,""safe"":false},{""intensity"":4.096,""safe"":false},{""intensity"":16.384,""safe"":false},{""intensity"":32.768,""safe"":false},{""intensity"":33.4855257671,""safe"":false},{""intensity"":34.2187633026,""safe"":false},{""intensity"":35.733757384,""safe"":false},{""intensity"":38.9679387444,""safe"":false},{""intensity"":46.3409500118,""safe"":false},{""intensity"":65.536,""safe"":false}],""missing_count"":0,""no_safe"":false,""bracket_relative_width"":0.02189714797603015,""unresolved"":false}",-0.0010742463999999993,-0.06291618235051354
h105-o900-d30-a100-fast,h105-o900-d30,relaxed_decode,2.0,1.0,Raw-Full,0,"{""largest_safe"":1.6138043855,""nearest_unsafe_above"":1.6491421,""all_unsafe"":false,""right_censored"":false,""nonmonotone"":false,""single_boundary_supported"":true,""transitions"":[{""left"":1.6138043855,""right"":1.6491421,""left_safe"":true,""right_safe"":false}],""sequence"":[{""intensity"":0.001,""safe"":true},{""intensity"":0.004,""safe"":true},{""intensity"":0.016,""safe"":true},{""intensity"":0.0167083805,""safe"":true},{""intensity"":0.0170742464,""safe"":true},{""intensity"":0.0174481237,""safe"":true},{""intensity"":0.0190273138,""safe"":true},{""intensity"":0.022627417,""safe"":true},{""intensity"":0.032,""safe"":true},{""intensity"":0.064,""safe"":true},{""intensity"":0.256,""safe"":true},{""intensity"":1.024,""safe"":true},{""intensity"":1.4481546879,""safe"":true},{""intensity"":1.5792238853,""safe"":true},{""intensity"":1.6138043855,""safe"":true},{""intensity"":1.6491421,""safe"":false},{""intensity"":1.7221558585,""safe"":false},{""intensity"":2.048,""safe"":false},{""intensity"":4.096,""safe"":false},{""intensity"":16.384,""safe"":false},{""intensity"":32.768,""safe"":false},{""intensity"":33.4855257671,""safe"":false},{""intensity"":34.2187633026,""safe"":false},{""intensity"":35.733757384,""safe"":false},{""intensity"":38.9679387444,""safe"":false},{""intensity"":46.3409500118,""safe"":false},{""intensity"":65.536,""safe"":false}],""missing_count"":0,""no_safe"":false,""bracket_relative_width"":0.02189714863679182,""unresolved"":false}","{""largest_safe"":33.4855257671,""nearest_unsafe_above"":34.2187633026,""all_unsafe"":false,""right_censored"":false,""nonmonotone"":false,""single_boundary_supported"":true,""transitions"":[{""left"":33.4855257671,""right"":34.2187633026,""left_safe"":true,""right_safe"":false}],""sequence"":[{""intensity"":0.001,""safe"":true},{""intensity"":0.004,""safe"":true},{""intensity"":0.016,""safe"":true},{""intensity"":0.0167083805,""safe"":true},{""intensity"":0.0170742464,""safe"":true},{""intensity"":0.0174481237,""safe"":true},{""intensity"":0.0190273138,""safe"":true},{""intensity"":0.022627417,""safe"":true},{""intensity"":0.032,""safe"":true},{""intensity"":0.064,""safe"":true},{""intensity"":0.256,""safe"":true},{""intensity"":1.024,""safe"":true},{""intensity"":1.4481546879,""safe"":true},{""intensity"":1.5792238853,""safe"":true},{""intensity"":1.6138043855,""safe"":true},{""intensity"":1.6491421,""safe"":true},{""intensity"":1.7221558585,""safe"":true},{""intensity"":2.048,""safe"":true},{""intensity"":4.096,""safe"":true},{""intensity"":16.384,""safe"":true},{""intensity"":32.768,""safe"":true},{""intensity"":33.4855257671,""safe"":true},{""intensity"":34.2187633026,""safe"":false},{""intensity"":35.733757384,""safe"":false},{""intensity"":38.9679387444,""safe"":false},{""intensity"":46.3409500118,""safe"":false},{""intensity"":65.536,""safe"":false}],""missing_count"":0,""no_safe"":false,""bracket_relative_width"":0.02189714865461112,""unresolved"":false}",-31.8717213816,-0.9518059117027338
h105-o900-d30-a100-fast,h105-o900-d30,relaxed_decode,2.0,1.0,Raw-Remaining,0,"{""largest_safe"":1.7221558585,""nearest_unsafe_above"":2.048,""all_unsafe"":false,""right_censored"":false,""nonmonotone"":false,""single_boundary_supported"":true,""transitions"":[{""left"":1.7221558585,""right"":2.048,""left_safe"":true,""right_safe"":false}],""sequence"":[{""intensity"":0.001,""safe"":true},{""intensity"":0.004,""safe"":true},{""intensity"":0.016,""safe"":true},{""intensity"":0.0167083805,""safe"":true},{""intensity"":0.0170742464,""safe"":true},{""intensity"":0.0174481237,""safe"":true},{""intensity"":0.0190273138,""safe"":true},{""intensity"":0.022627417,""safe"":true},{""intensity"":0.032,""safe"":true},{""intensity"":0.064,""safe"":true},{""intensity"":0.256,""safe"":true},{""intensity"":1.024,""safe"":true},{""intensity"":1.4481546879,""safe"":true},{""intensity"":1.5792238853,""safe"":true},{""intensity"":1.6138043855,""safe"":true},{""intensity"":1.6491421,""safe"":true},{""intensity"":1.7221558585,""safe"":true},{""intensity"":2.048,""safe"":false},{""intensity"":4.096,""safe"":false},{""intensity"":16.384,""safe"":false},{""intensity"":32.768,""safe"":false},{""intensity"":33.4855257671,""safe"":false},{""intensity"":34.2187633026,""safe"":false},{""intensity"":35.733757384,""safe"":false},{""intensity"":38.9679387444,""safe"":false},{""intensity"":46.3409500118,""safe"":false},{""intensity"":65.536,""safe"":false}],""missing_count"":0,""no_safe"":false,""bracket_relative_width"":0.18920711496101794,""unresolved"":true}","{""largest_safe"":33.4855257671,""nearest_unsafe_above"":34.2187633026,""all_unsafe"":false,""right_censored"":false,""nonmonotone"":false,""single_boundary_supported"":true,""transitions"":[{""left"":33.4855257671,""right"":34.2187633026,""left_safe"":true,""right_safe"":false}],""sequence"":[{""intensity"":0.001,""safe"":true},{""intensity"":0.004,""safe"":true},{""intensity"":0.016,""safe"":true},{""intensity"":0.0167083805,""safe"":true},{""intensity"":0.0170742464,""safe"":true},{""intensity"":0.0174481237,""safe"":true},{""intensity"":0.0190273138,""safe"":true},{""intensity"":0.022627417,""safe"":true},{""intensity"":0.032,""safe"":true},{""intensity"":0.064,""safe"":true},{""intensity"":0.256,""safe"":true},{""intensity"":1.024,""safe"":true},{""intensity"":1.4481546879,""safe"":true},{""intensity"":1.5792238853,""safe"":true},{""intensity"":1.6138043855,""safe"":true},{""intensity"":1.6491421,""safe"":true},{""intensity"":1.7221558585,""safe"":true},{""intensity"":2.048,""safe"":true},{""intensity"":4.096,""safe"":true},{""intensity"":16.384,""safe"":true},{""intensity"":32.768,""safe"":true},{""intensity"":33.4855257671,""safe"":true},{""intensity"":34.2187633026,""safe"":false},{""intensity"":35.733757384,""safe"":false},{""intensity"":38.9679387444,""safe"":false},{""intensity"":46.3409500118,""safe"":false},{""intensity"":65.536,""safe"":false}],""missing_count"":0,""no_safe"":false,""bracket_relative_width"":0.02189714865461112,""unresolved"":false}",-31.7633699086,-0.948570141305888
h105-o900-d30-a100-fast,h105-o900-d30,relaxed_decode,2.0,1.0,Legacy-Full,0,"{""largest_safe"":1.6138043855,""nearest_unsafe_above"":1.6491421,""all_unsafe"":false,""right_censored"":false,""nonmonotone"":false,""single_boundary_supported"":true,""transitions"":[{""left"":1.6138043855,""right"":1.6491421,""left_safe"":true,""right_safe"":false}],""sequence"":[{""intensity"":0.001,""safe"":true},{""intensity"":0.004,""safe"":true},{""intensity"":0.016,""safe"":true},{""intensity"":0.0167083805,""safe"":true},{""intensity"":0.0170742464,""safe"":true},{""intensity"":0.0174481237,""safe"":true},{""intensity"":0.0190273138,""safe"":true},{""intensity"":0.022627417,""safe"":true},{""intensity"":0.032,""safe"":true},{""intensity"":0.064,""safe"":true},{""intensity"":0.256,""safe"":true},{""intensity"":1.024,""safe"":true},{""intensity"":1.4481546879,""safe"":true},{""intensity"":1.5792238853,""safe"":true},{""intensity"":1.6138043855,""safe"":true},{""intensity"":1.6491421,""safe"":false},{""intensity"":1.7221558585,""safe"":false},{""intensity"":2.048,""safe"":false},{""intensity"":4.096,""safe"":false},{""intensity"":16.384,""safe"":false},{""intensity"":32.768,""safe"":false},{""intensity"":33.4855257671,""safe"":false},{""intensity"":34.2187633026,""safe"":false},{""intensity"":35.733757384,""safe"":false},{""intensity"":38.9679387444,""safe"":false},{""intensity"":46.3409500118,""safe"":false},{""intensity"":65.536,""safe"":false}],""missing_count"":0,""no_safe"":false,""bracket_relative_width"":0.02189714863679182,""unresolved"":false}","{""largest_safe"":33.4855257671,""nearest_unsafe_above"":34.2187633026,""all_unsafe"":false,""right_censored"":false,""nonmonotone"":false,""single_boundary_supported"":true,""transitions"":[{""left"":33.4855257671,""right"":34.2187633026,""left_safe"":true,""right_safe"":false}],""sequence"":[{""intensity"":0.001,""safe"":true},{""intensity"":0.004,""safe"":true},{""intensity"":0.016,""safe"":true},{""intensity"":0.0167083805,""safe"":true},{""intensity"":0.0170742464,""safe"":true},{""intensity"":0.0174481237,""safe"":true},{""intensity"":0.0190273138,""safe"":true},{""intensity"":0.022627417,""safe"":true},{""intensity"":0.032,""safe"":true},{""intensity"":0.064,""safe"":true},{""intensity"":0.256,""safe"":true},{""intensity"":1.024,""safe"":true},{""intensity"":1.4481546879,""safe"":true},{""intensity"":1.5792238853,""safe"":true},{""intensity"":1.6138043855,""safe"":true},{""intensity"":1.6491421,""safe"":true},{""intensity"":1.7221558585,""safe"":true},{""intensity"":2.048,""safe"":true},{""intensity"":4.096,""safe"":true},{""intensity"":16.384,""safe"":true},{""intensity"":32.768,""safe"":true},{""intensity"":33.4855257671,""safe"":true},{""intensity"":34.2187633026,""safe"":false},{""intensity"":35.733757384,""safe"":false},{""intensity"":38.9679387444,""safe"":false},{""intensity"":46.3409500118,""safe"":false},{""intensity"":65.536,""safe"":false}],""missing_count"":0,""no_safe"":false,""bracket_relative_width"":0.02189714865461112,""unresolved"":false}",-31.8717213816,-0.9518059117027338
h105-o900-d30-a100-fast,h105-o900-d30,relaxed_decode,2.0,1.0,Legacy-Remaining,0,"{""largest_safe"":1.7221558585,""nearest_unsafe_above"":2.048,""all_unsafe"":false,""right_censored"":false,""nonmonotone"":false,""single_boundary_supported"":true,""transitions"":[{""left"":1.7221558585,""right"":2.048,""left_safe"":true,""right_safe"":false}],""sequence"":[{""intensity"":0.001,""safe"":true},{""intensity"":0.004,""safe"":true},{""intensity"":0.016,""safe"":true},{""intensity"":0.0167083805,""safe"":true},{""intensity"":0.0170742464,""safe"":true},{""intensity"":0.0174481237,""safe"":true},{""intensity"":0.0190273138,""safe"":true},{""intensity"":0.022627417,""safe"":true},{""intensity"":0.032,""safe"":true},{""intensity"":0.064,""safe"":true},{""intensity"":0.256,""safe"":true},{""intensity"":1.024,""safe"":true},{""intensity"":1.4481546879,""safe"":true},{""intensity"":1.5792238853,""safe"":true},{""intensity"":1.6138043855,""safe"":true},{""intensity"":1.6491421,""safe"":true},{""intensity"":1.7221558585,""safe"":true},{""intensity"":2.048,""safe"":false},{""intensity"":4.096,""safe"":false},{""intensity"":16.384,""safe"":false},{""intensity"":32.768,""safe"":false},{""intensity"":33.4855257671,""safe"":false},{""intensity"":34.2187633026,""safe"":false},{""intensity"":35.733757384,""safe"":false},{""intensity"":38.9679387444,""safe"":false},{""intensity"":46.3409500118,""safe"":false},{""intensity"":65.536,""safe"":false}],""missing_count"":0,""no_safe"":false,""bracket_relative_width"":0.18920711496101794,""unresolved"":true}","{""largest_safe"":33.4855257671,""nearest_unsafe_above"":34.2187633026,""all_unsafe"":false,""right_censored"":false,""nonmonotone"":false,""single_boundary_supported"":true,""transitions"":[{""left"":33.4855257671,""right"":34.2187633026,""left_safe"":true,""right_safe"":false}],""sequence"":[{""intensity"":0.001,""safe"":true},{""intensity"":0.004,""safe"":true},{""intensity"":0.016,""safe"":true},{""intensity"":0.0167083805,""safe"":true},{""intensity"":0.0170742464,""safe"":true},{""intensity"":0.0174481237,""safe"":true},{""intensity"":0.0190273138,""safe"":true},{""intensity"":0.022627417,""safe"":true},{""intensity"":0.032,""safe"":true},{""intensity"":0.064,""safe"":true},{""intensity"":0.256,""safe"":true},{""intensity"":1.024,""safe"":true},{""intensity"":1.4481546879,""safe"":true},{""intensity"":1.5792238853,""safe"":true},{""intensity"":1.6138043855,""safe"":true},{""intensity"":1.6491421,""safe"":true},{""intensity"":1.7221558585,""safe"":true},{""intensity"":2.048,""safe"":true},{""intensity"":4.096,""safe"":true},{""intensity"":16.384,""safe"":true},{""intensity"":32.768,""safe"":true},{""intensity"":33.4855257671,""safe"":true},{""intensity"":34.2187633026,""safe"":false},{""intensity"":35.733757384,""safe"":false},{""intensity"":38.9679387444,""safe"":false},{""intensity"":46.3409500118,""safe"":false},{""intensity"":65.536,""safe"":false}],""missing_count"":0,""no_safe"":false,""bracket_relative_width"":0.02189714865461112,""unresolved"":false}",-31.7633699086,-0.948570141305888
h106-o1100-d120-a100-slow,h106-o1100-d120,decode,2.0,0.15,Raw-Full,0,"{""largest_safe"":null,""nearest_unsafe_above"":null,""all_unsafe"":true,""right_censored"":false,""nonmonotone"":false,""single_boundary_supported"":false,""transitions"":[],""sequence"":[{""intensity"":6.25e-05,""safe"":false},{""intensity"":0.00025,""safe"":false},{""intensity"":0.001,""safe"":false},{""intensity"":0.004,""safe"":false},{""intensity"":0.016,""safe"":false},{""intensity"":0.064,""safe"":false},{""intensity"":0.256,""safe"":false},{""intensity"":1.024,""safe"":false},{""intensity"":4.096,""safe"":false},{""intensity"":16.384,""safe"":false},{""intensity"":65.536,""safe"":false}],""missing_count"":0,""no_safe"":true,""bracket_relative_width"":null,""unresolved"":false}","{""largest_safe"":null,""nearest_unsafe_above"":null,""all_unsafe"":true,""right_censored"":false,""nonmonotone"":false,""single_boundary_supported"":false,""transitions"":[],""sequence"":[{""intensity"":6.25e-05,""safe"":false},{""intensity"":0.00025,""safe"":false},{""intensity"":0.001,""safe"":false},{""intensity"":0.004,""safe"":false},{""intensity"":0.016,""safe"":false},{""intensity"":0.064,""safe"":false},{""intensity"":0.256,""safe"":false},{""intensity"":1.024,""safe"":false},{""intensity"":4.096,""safe"":false},{""intensity"":16.384,""safe"":false},{""intensity"":65.536,""safe"":false}],""missing_count"":0,""no_safe"":true,""bracket_relative_width"":null,""unresolved"":false}",,
h106-o1100-d120-a100-slow,h106-o1100-d120,decode,2.0,0.15,Raw-Remaining,0,"{""largest_safe"":null,""nearest_unsafe_above"":null,""all_unsafe"":true,""right_censored"":false,""nonmonotone"":false,""single_boundary_supported"":false,""transitions"":[],""sequence"":[{""intensity"":6.25e-05,""safe"":false},{""intensity"":0.00025,""safe"":false},{""intensity"":0.001,""safe"":false},{""intensity"":0.004,""safe"":false},{""intensity"":0.016,""safe"":false},{""intensity"":0.064,""safe"":false},{""intensity"":0.256,""safe"":false},{""intensity"":1.024,""safe"":false},{""intensity"":4.096,""safe"":false},{""intensity"":16.384,""safe"":false},{""intensity"":65.536,""safe"":false}],""missing_count"":0,""no_safe"":true,""bracket_relative_width"":null,""unresolved"":false}","{""largest_safe"":null,""nearest_unsafe_above"":null,""all_unsafe"":true,""right_censored"":false,""nonmonotone"":false,""single_boundary_supported"":false,""transitions"":[],""sequence"":[{""intensity"":6.25e-05,""safe"":false},{""intensity"":0.00025,""safe"":false},{""intensity"":0.001,""safe"":false},{""intensity"":0.004,""safe"":false},{""intensity"":0.016,""safe"":false},{""intensity"":0.064,""safe"":false},{""intensity"":0.256,""safe"":false},{""intensity"":1.024,""safe"":false},{""intensity"":4.096,""safe"":false},{""intensity"":16.384,""safe"":false},{""intensity"":65.536,""safe"":false}],""missing_count"":0,""no_safe"":true,""bracket_relative_width"":null,""unresolved"":false}",,
h106-o1100-d120-a100-slow,h106-o1100-d120,decode,2.0,0.15,Legacy-Full,0,"{""largest_safe"":null,""nearest_unsafe_above"":null,""all_unsafe"":true,""right_censored"":false,""nonmonotone"":false,""single_boundary_supported"":false,""transitions"":[],""sequence"":[{""intensity"":6.25e-05,""safe"":false},{""intensity"":0.00025,""safe"":false},{""intensity"":0.001,""safe"":false},{""intensity"":0.004,""safe"":false},{""intensity"":0.016,""safe"":false},{""intensity"":0.064,""safe"":false},{""intensity"":0.256,""safe"":false},{""intensity"":1.024,""safe"":false},{""intensity"":4.096,""safe"":false},{""intensity"":16.384,""safe"":false},{""intensity"":65.536,""safe"":false}],""missing_count"":0,""no_safe"":true,""bracket_relative_width"":null,""unresolved"":false}","{""largest_safe"":null,""nearest_unsafe_above"":null,""all_unsafe"":true,""right_censored"":false,""nonmonotone"":false,""single_boundary_supported"":false,""transitions"":[],""sequence"":[{""intensity"":6.25e-05,""safe"":false},{""intensity"":0.00025,""safe"":false},{""intensity"":0.001,""safe"":false},{""intensity"":0.004,""safe"":false},{""intensity"":0.016,""safe"":false},{""intensity"":0.064,""safe"":false},{""intensity"":0.256,""safe"":false},{""intensity"":1.024,""safe"":false},{""intensity"":4.096,""safe"":false},{""intensity"":16.384,""safe"":false},{""intensity"":65.536,""safe"":false}],""missing_count"":0,""no_safe"":true,""bracket_relative_width"":null,""unresolved"":false}",,
h106-o1100-d120-a100-slow,h106-o1100-d120,decode,2.0,0.15,Legacy-Remaining,0,"{""largest_safe"":null,""nearest_unsafe_above"":null,""all_unsafe"":true,""right_censored"":false,""nonmonotone"":false,""single_boundary_supported"":false,""transitions"":[],""sequence"":[{""intensity"":6.25e-05,""safe"":false},{""intensity"":0.00025,""safe"":false},{""intensity"":0.001,""safe"":false},{""intensity"":0.004,""safe"":false},{""intensity"":0.016,""safe"":false},{""intensity"":0.064,""safe"":false},{""intensity"":0.256,""safe"":false},{""intensity"":1.024,""safe"":false},{""intensity"":4.096,""safe"":false},{""intensity"":16.384,""safe"":false},{""intensity"":65.536,""safe"":false}],""missing_count"":0,""no_safe"":true,""bracket_relative_width"":null,""unresolved"":false}","{""largest_safe"":null,""nearest_unsafe_above"":null,""all_unsafe"":true,""right_censored"":false,""nonmonotone"":false,""single_boundary_supported"":false,""transitions"":[],""sequence"":[{""intensity"":6.25e-05,""safe"":false},{""intensity"":0.00025,""safe"":false},{""intensity"":0.001,""safe"":false},{""intensity"":0.004,""safe"":false},{""intensity"":0.016,""safe"":false},{""intensity"":0.064,""safe"":false},{""intensity"":0.256,""safe"":false},{""intensity"":1.024,""safe"":false},{""intensity"":4.096,""safe"":false},{""intensity"":16.384,""safe"":false},{""intensity"":65.536,""safe"":false}],""missing_count"":0,""no_safe"":true,""bracket_relative_width"":null,""unresolved"":false}",,
h106-o1100-d120-a100-slow,h106-o1100-d120,relaxed_decode,2.0,1.0,Raw-Full,0,"{""largest_safe"":null,""nearest_unsafe_above"":null,""all_unsafe"":true,""right_censored"":false,""nonmonotone"":false,""single_boundary_supported"":false,""transitions"":[],""sequence"":[{""intensity"":6.25e-05,""safe"":false},{""intensity"":0.00025,""safe"":false},{""intensity"":0.001,""safe"":false},{""intensity"":0.004,""safe"":false},{""intensity"":0.016,""safe"":false},{""intensity"":0.064,""safe"":false},{""intensity"":0.256,""safe"":false},{""intensity"":1.024,""safe"":false},{""intensity"":4.096,""safe"":false},{""intensity"":16.384,""safe"":false},{""intensity"":65.536,""safe"":false}],""missing_count"":0,""no_safe"":true,""bracket_relative_width"":null,""unresolved"":false}","{""largest_safe"":null,""nearest_unsafe_above"":null,""all_unsafe"":true,""right_censored"":false,""nonmonotone"":false,""single_boundary_supported"":false,""transitions"":[],""sequence"":[{""intensity"":6.25e-05,""safe"":false},{""intensity"":0.00025,""safe"":false},{""intensity"":0.001,""safe"":false},{""intensity"":0.004,""safe"":false},{""intensity"":0.016,""safe"":false},{""intensity"":0.064,""safe"":false},{""intensity"":0.256,""safe"":false},{""intensity"":1.024,""safe"":false},{""intensity"":4.096,""safe"":false},{""intensity"":16.384,""safe"":false},{""intensity"":65.536,""safe"":false}],""missing_count"":0,""no_safe"":true,""bracket_relative_width"":null,""unresolved"":false}",,
h106-o1100-d120-a100-slow,h106-o1100-d120,relaxed_decode,2.0,1.0,Raw-Remaining,0,"{""largest_safe"":null,""nearest_unsafe_above"":null,""all_unsafe"":true,""right_censored"":false,""nonmonotone"":false,""single_boundary_supported"":false,""transitions"":[],""sequence"":[{""intensity"":6.25e-05,""safe"":false},{""intensity"":0.00025,""safe"":false},{""intensity"":0.001,""safe"":false},{""intensity"":0.004,""safe"":false},{""intensity"":0.016,""safe"":false},{""intensity"":0.064,""safe"":false},{""intensity"":0.256,""safe"":false},{""intensity"":1.024,""safe"":false},{""intensity"":4.096,""safe"":false},{""intensity"":16.384,""safe"":false},{""intensity"":65.536,""safe"":false}],""missing_count"":0,""no_safe"":true,""bracket_relative_width"":null,""unresolved"":false}","{""largest_safe"":null,""nearest_unsafe_above"":null,""all_unsafe"":true,""right_censored"":false,""nonmonotone"":false,""single_boundary_supported"":false,""transitions"":[],""sequence"":[{""intensity"":6.25e-05,""safe"":false},{""intensity"":0.00025,""safe"":false},{""intensity"":0.001,""safe"":false},{""intensity"":0.004,""safe"":false},{""intensity"":0.016,""safe"":false},{""intensity"":0.064,""safe"":false},{""intensity"":0.256,""safe"":false},{""intensity"":1.024,""safe"":false},{""intensity"":4.096,""safe"":false},{""intensity"":16.384,""safe"":false},{""intensity"":65.536,""safe"":false}],""missing_count"":0,""no_safe"":true,""bracket_relative_width"":null,""unresolved"":false}",,
h106-o1100-d120-a100-slow,h106-o1100-d120,relaxed_decode,2.0,1.0,Legacy-Full,0,"{""largest_safe"":null,""nearest_unsafe_above"":null,""all_unsafe"":true,""right_censored"":false,""nonmonotone"":false,""single_boundary_supported"":false,""transitions"":[],""sequence"":[{""intensity"":6.25e-05,""safe"":false},{""intensity"":0.00025,""safe"":false},{""intensity"":0.001,""safe"":false},{""intensity"":0.004,""safe"":false},{""intensity"":0.016,""safe"":false},{""intensity"":0.064,""safe"":false},{""intensity"":0.256,""safe"":false},{""intensity"":1.024,""safe"":false},{""intensity"":4.096,""safe"":false},{""intensity"":16.384,""safe"":false},{""intensity"":65.536,""safe"":false}],""missing_count"":0,""no_safe"":true,""bracket_relative_width"":null,""unresolved"":false}","{""largest_safe"":null,""nearest_unsafe_above"":null,""all_unsafe"":true,""right_censored"":false,""nonmonotone"":false,""single_boundary_supported"":false,""transitions"":[],""sequence"":[{""intensity"":6.25e-05,""safe"":false},{""intensity"":0.00025,""safe"":false},{""intensity"":0.001,""safe"":false},{""intensity"":0.004,""safe"":false},{""intensity"":0.016,""safe"":false},{""intensity"":0.064,""safe"":false},{""intensity"":0.256,""safe"":false},{""intensity"":1.024,""safe"":false},{""intensity"":4.096,""safe"":false},{""intensity"":16.384,""safe"":false},{""intensity"":65.536,""safe"":false}],""missing_count"":0,""no_safe"":true,""bracket_relative_width"":null,""unresolved"":false}",,
h106-o1100-d120-a100-slow,h106-o1100-d120,relaxed_decode,2.0,1.0,Legacy-Remaining,0,"{""largest_safe"":null,""nearest_unsafe_above"":null,""all_unsafe"":true,""right_censored"":false,""nonmonotone"":false,""single_boundary_supported"":false,""transitions"":[],""sequence"":[{""intensity"":6.25e-05,""safe"":false},{""intensity"":0.00025,""safe"":false},{""intensity"":0.001,""safe"":false},{""intensity"":0.004,""safe"":false},{""intensity"":0.016,""safe"":false},{""intensity"":0.064,""safe"":false},{""intensity"":0.256,""safe"":false},{""intensity"":1.024,""safe"":false},{""intensity"":4.096,""safe"":false},{""intensity"":16.384,""safe"":false},{""intensity"":65.536,""safe"":false}],""missing_count"":0,""no_safe"":true,""bracket_relative_width"":null,""unresolved"":false}","{""largest_safe"":null,""nearest_unsafe_above"":null,""all_unsafe"":true,""right_censored"":false,""nonmonotone"":false,""single_boundary_supported"":false,""transitions"":[],""sequence"":[{""intensity"":6.25e-05,""safe"":false},{""intensity"":0.00025,""safe"":false},{""intensity"":0.001,""safe"":false},{""intensity"":0.004,""safe"":false},{""intensity"":0.016,""safe"":false},{""intensity"":0.064,""safe"":false},{""intensity"":0.256,""safe"":false},{""intensity"":1.024,""safe"":false},{""intensity"":4.096,""safe"":false},{""intensity"":16.384,""safe"":false},{""intensity"":65.536,""safe"":false}],""missing_count"":0,""no_safe"":true,""bracket_relative_width"":null,""unresolved"":false}",,
