group,workload,sla,ttft_s,tpot_s,variant,shift,intensity,status,evaluator_safe,reference_safe,events,runtime_s,first_violation,reference_violating_requests,reference_violating_fraction
h101-o60-d30-a100-fast,h101-o60-d30,decode,2.0,0.15,Raw-Full,0,16.384,ok,False,False,4,0.0003081000177189708,"{""kind"":""sla_time"",""object"":""decode"",""request_id"":""azure-00002"",""required"":1.3953985649887126,""limit"":0.15,""time_s"":1.321783046875,""side"":""post"",""num_prefill"":2,""num_decode"":1}",16,1.0
h101-o60-d30-a100-fast,h101-o60-d30,decode,2.0,0.15,Raw-Full,0,0.019869725,ok,False,False,99,0.003049299994017929,"{""kind"":""sla_time"",""object"":""decode"",""request_id"":""azure-00005"",""required"":0.8455892538180513,""limit"":0.15,""time_s"":504.2782285612911,""side"":""post"",""num_prefill"":1,""num_decode"":1}",1,0.0625
h101-o60-d30-a100-fast,h101-o60-d30,decode,2.0,0.15,Raw-Full,0,0.032,ok,False,False,89,0.0029803000506944954,"{""kind"":""sla_time"",""object"":""decode"",""request_id"":""azure-00005"",""required"":0.8455892538180513,""limit"":0.15,""time_s"":313.5,""side"":""post"",""num_prefill"":1,""num_decode"":1}",1,0.0625
h101-o60-d30-a100-fast,h101-o60-d30,decode,2.0,0.15,Raw-Full,0,0.256,ok,False,False,4,0.0003315000212751329,"{""kind"":""sla_time"",""object"":""decode"",""request_id"":""azure-00000"",""required"":0.8254822617545818,""limit"":0.15,""time_s"":4.90625,""side"":""post"",""num_prefill"":1,""num_decode"":1}",13,0.8125
h101-o60-d30-a100-fast,h101-o60-d30,decode,2.0,0.15,Raw-Full,0,0.022627417,ok,False,False,96,0.004062300024088472,"{""kind"":""sla_time"",""object"":""decode"",""request_id"":""azure-00005"",""required"":0.8455892538180513,""limit"":0.15,""time_s"":442.9417382019344,""side"":""post"",""num_prefill"":1,""num_decode"":1}",2,0.125
h101-o60-d30-a100-fast,h101-o60-d30,decode,2.0,0.15,Raw-Full,0,1.024,ok,False,False,3,0.0002345999819226563,"{""kind"":""sla_time"",""object"":""decode"",""request_id"":""azure-00000"",""required"":0.8254822617545818,""limit"":0.15,""time_s"":1.9765625,""side"":""post"",""num_prefill"":1,""num_decode"":1}",16,1.0
h101-o60-d30-a100-fast,h101-o60-d30,decode,2.0,0.15,Raw-Full,0,0.064,ok,False,False,32,0.0011137000401504338,"{""kind"":""sla_time"",""object"":""decode"",""request_id"":""azure-00001"",""required"":0.2351947482778558,""limit"":0.15,""time_s"":55.6875,""side"":""post"",""num_prefill"":1,""num_decode"":1}",3,0.1875
h101-o60-d30-a100-fast,h101-o60-d30,decode,2.0,0.15,Raw-Full,0,0.0190273138,ok,True,True,261,0.009409299993421882,,0,0.0
h101-o60-d30-a100-fast,h101-o60-d30,decode,2.0,0.15,Raw-Full,0,0.045254834,ok,False,False,83,0.002660800004377961,"{""kind"":""sla_time"",""object"":""decode"",""request_id"":""azure-00005"",""required"":0.8455892538180513,""limit"":0.15,""time_s"":221.9708691009672,""side"":""post"",""num_prefill"":1,""num_decode"":1}",3,0.1875
h101-o60-d30-a100-fast,h101-o60-d30,decode,2.0,0.15,Raw-Full,0,0.0538173706,ok,False,False,82,0.002503999974578619,"{""kind"":""sla_time"",""object"":""decode"",""request_id"":""azure-00005"",""required"":0.8455892538180513,""limit"":0.15,""time_s"":186.8136116371319,""side"":""post"",""num_prefill"":1,""num_decode"":1}",2,0.125
h101-o60-d30-a100-fast,h101-o60-d30,decode,2.0,0.15,Raw-Full,0,0.062628612,ok,False,False,32,0.0011248000082559884,"{""kind"":""sla_time"",""object"":""decode"",""request_id"":""azure-00001"",""required"":0.2351947482778558,""limit"":0.15,""time_s"":56.88500029347609,""side"":""post"",""num_prefill"":1,""num_decode"":1}",2,0.125
h101-o60-d30-a100-fast,h101-o60-d30,decode,2.0,0.15,Raw-Full,0,0.06128661,ok,False,False,33,0.0011038000229746103,"{""kind"":""sla_time"",""object"":""decode"",""request_id"":""azure-00001"",""required"":0.2351947482778558,""limit"":0.15,""time_s"":58.10872244361371,""side"":""post"",""num_prefill"":1,""num_decode"":1}",2,0.125
h101-o60-d30-a100-fast,h101-o60-d30,decode,2.0,0.15,Raw-Full,0,0.001,ok,True,True,261,0.007987599994521588,,0,0.0
h101-o60-d30-a100-fast,h101-o60-d30,decode,2.0,0.15,Raw-Full,0,65.536,ok,False,False,8,0.0006792000494897366,"{""kind"":""sla_time"",""object"":""decode"",""request_id"":""azure-00002"",""required"":3.9552932744809475,""limit"":0.15,""time_s"":1.16156576171875,""side"":""post"",""num_prefill"":6,""num_decode"":1}",16,1.0
h101-o60-d30-a100-fast,h101-o60-d30,decode,2.0,0.15,Raw-Full,0,0.004,ok,True,True,261,0.007460799999535084,,0,0.0
h101-o60-d30-a100-fast,h101-o60-d30,decode,2.0,0.15,Raw-Full,0,0.0194439577,ok,False,False,100,0.003148999996483326,"{""kind"":""sla_time"",""object"":""decode"",""request_id"":""azure-00005"",""required"":0.8455892538180513,""limit"":0.15,""time_s"":515.2985885018666,""side"":""post"",""num_prefill"":1,""num_decode"":1}",1,0.0625
h101-o60-d30-a100-fast,h101-o60-d30,decode,2.0,0.15,Raw-Full,0,0.0207494329,ok,False,False,98,0.0031028000521473587,"{""kind"":""sla_time"",""object"":""decode"",""request_id"":""azure-00005"",""required"":0.8455892538180513,""limit"":0.15,""time_s"":482.94088234575315,""side"":""post"",""num_prefill"":1,""num_decode"":1}",1,0.0625
h101-o60-d30-a100-fast,h101-o60-d30,decode,2.0,0.15,Raw-Full,0,4.096,ok,False,False,3,0.0002502999850548804,"{""kind"":""sla_time"",""object"":""decode"",""request_id"":""azure-00000"",""required"":0.8254822617545818,""limit"":0.15,""time_s"":1.5180799999999999,""side"":""post"",""num_prefill"":1,""num_decode"":1}",16,1.0
h101-o60-d30-a100-fast,h101-o60-d30,decode,2.0,0.15,Raw-Full,0,0.0586882588,ok,False,False,34,0.0011317000025883317,"{""kind"":""sla_time"",""object"":""decode"",""request_id"":""azure-00001"",""required"":0.2351947482778558,""limit"":0.15,""time_s"":60.637141594665955,""side"":""post"",""num_prefill"":1,""num_decode"":1}",2,0.125
h101-o60-d30-a100-fast,h101-o60-d30,decode,2.0,0.15,Raw-Full,0,0.016,ok,True,True,261,0.00800059997709468,,0,0.0
h101-o60-d30-a100-fast,h101-o60-d30,decode,2.0,0.15,Raw-Remaining,0,16.384,ok,False,False,4,0.00031700002728030086,"{""kind"":""sla_time"",""object"":""decode"",""request_id"":""azure-00002"",""required"":0.8128676274887126,""limit"":0.15,""time_s"":1.321783046875,""side"":""post"",""num_prefill"":2,""num_decode"":1}",16,1.0
h101-o60-d30-a100-fast,h101-o60-d30,decode,2.0,0.15,Raw-Remaining,0,0.019869725,ok,False,False,99,0.0031490999972447753,"{""kind"":""sla_time"",""object"":""decode"",""request_id"":""azure-00005"",""required"":0.8455892538180513,""limit"":0.15,""time_s"":504.2782285612911,""side"":""post"",""num_prefill"":1,""num_decode"":1}",1,0.0625
h101-o60-d30-a100-fast,h101-o60-d30,decode,2.0,0.15,Raw-Remaining,0,0.032,ok,False,False,89,0.0028648999868892133,"{""kind"":""sla_time"",""object"":""decode"",""request_id"":""azure-00005"",""required"":0.8455892538180513,""limit"":0.15,""time_s"":313.5,""side"":""post"",""num_prefill"":1,""num_decode"":1}",1,0.0625
h101-o60-d30-a100-fast,h101-o60-d30,decode,2.0,0.15,Raw-Remaining,0,0.256,ok,False,False,4,0.0004870999837294221,"{""kind"":""sla_time"",""object"":""decode"",""request_id"":""azure-00000"",""required"":0.8254822617545818,""limit"":0.15,""time_s"":4.90625,""side"":""post"",""num_prefill"":1,""num_decode"":1}",13,0.8125
h101-o60-d30-a100-fast,h101-o60-d30,decode,2.0,0.15,Raw-Remaining,0,0.022627417,ok,False,False,96,0.0030716999899595976,"{""kind"":""sla_time"",""object"":""decode"",""request_id"":""azure-00005"",""required"":0.8455892538180513,""limit"":0.15,""time_s"":442.9417382019344,""side"":""post"",""num_prefill"":1,""num_decode"":1}",2,0.125
h101-o60-d30-a100-fast,h101-o60-d30,decode,2.0,0.15,Raw-Remaining,0,1.024,ok,False,False,3,0.00032210000790655613,"{""kind"":""sla_time"",""object"":""decode"",""request_id"":""azure-00000"",""required"":0.8254822617545818,""limit"":0.15,""time_s"":1.9765625,""side"":""post"",""num_prefill"":1,""num_decode"":1}",16,1.0
h101-o60-d30-a100-fast,h101-o60-d30,decode,2.0,0.15,Raw-Remaining,0,0.064,ok,False,False,32,0.0011312999995425344,"{""kind"":""sla_time"",""object"":""decode"",""request_id"":""azure-00001"",""required"":0.2351947482778558,""limit"":0.15,""time_s"":55.6875,""side"":""post"",""num_prefill"":1,""num_decode"":1}",3,0.1875
h101-o60-d30-a100-fast,h101-o60-d30,decode,2.0,0.15,Raw-Remaining,0,0.0190273138,ok,True,True,261,0.007982200011610985,,0,0.0
h101-o60-d30-a100-fast,h101-o60-d30,decode,2.0,0.15,Raw-Remaining,0,0.045254834,ok,False,False,83,0.002685000014025718,"{""kind"":""sla_time"",""object"":""decode"",""request_id"":""azure-00005"",""required"":0.8455892538180513,""limit"":0.15,""time_s"":221.9708691009672,""side"":""post"",""num_prefill"":1,""num_decode"":1}",3,0.1875
h101-o60-d30-a100-fast,h101-o60-d30,decode,2.0,0.15,Raw-Remaining,0,0.0538173706,ok,False,False,82,0.002672600036021322,"{""kind"":""sla_time"",""object"":""decode"",""request_id"":""azure-00005"",""required"":0.8455892538180513,""limit"":0.15,""time_s"":186.8136116371319,""side"":""post"",""num_prefill"":1,""num_decode"":1}",2,0.125
h101-o60-d30-a100-fast,h101-o60-d30,decode,2.0,0.15,Raw-Remaining,0,0.062628612,ok,False,False,32,0.0011402000091038644,"{""kind"":""sla_time"",""object"":""decode"",""request_id"":""azure-00001"",""required"":0.2351947482778558,""limit"":0.15,""time_s"":56.88500029347609,""side"":""post"",""num_prefill"":1,""num_decode"":1}",2,0.125
h101-o60-d30-a100-fast,h101-o60-d30,decode,2.0,0.15,Raw-Remaining,0,0.06128661,ok,False,False,33,0.0011198999709449708,"{""kind"":""sla_time"",""object"":""decode"",""request_id"":""azure-00001"",""required"":0.2351947482778558,""limit"":0.15,""time_s"":58.10872244361371,""side"":""post"",""num_prefill"":1,""num_decode"":1}",2,0.125
h101-o60-d30-a100-fast,h101-o60-d30,decode,2.0,0.15,Raw-Remaining,0,0.001,ok,True,True,261,0.009334799950011075,,0,0.0
h101-o60-d30-a100-fast,h101-o60-d30,decode,2.0,0.15,Raw-Remaining,0,65.536,ok,False,False,8,0.0007859000470489264,"{""kind"":""sla_time"",""object"":""decode"",""request_id"":""azure-00002"",""required"":3.4894387432309473,""limit"":0.15,""time_s"":1.16156576171875,""side"":""post"",""num_prefill"":6,""num_decode"":1}",16,1.0
h101-o60-d30-a100-fast,h101-o60-d30,decode,2.0,0.15,Raw-Remaining,0,0.004,ok,True,True,261,0.008377799997106194,,0,0.0
h101-o60-d30-a100-fast,h101-o60-d30,decode,2.0,0.15,Raw-Remaining,0,0.0194439577,ok,False,False,100,0.0031932999845594168,"{""kind"":""sla_time"",""object"":""decode"",""request_id"":""azure-00005"",""required"":0.8455892538180513,""limit"":0.15,""time_s"":515.2985885018666,""side"":""post"",""num_prefill"":1,""num_decode"":1}",1,0.0625
h101-o60-d30-a100-fast,h101-o60-d30,decode,2.0,0.15,Raw-Remaining,0,0.0207494329,ok,False,False,98,0.0030897000106051564,"{""kind"":""sla_time"",""object"":""decode"",""request_id"":""azure-00005"",""required"":0.8455892538180513,""limit"":0.15,""time_s"":482.94088234575315,""side"":""post"",""num_prefill"":1,""num_decode"":1}",1,0.0625
h101-o60-d30-a100-fast,h101-o60-d30,decode,2.0,0.15,Raw-Remaining,0,4.096,ok,False,False,3,0.00024009996559470892,"{""kind"":""sla_time"",""object"":""decode"",""request_id"":""azure-00000"",""required"":0.551542886754582,""limit"":0.15,""time_s"":1.5180799999999999,""side"":""post"",""num_prefill"":1,""num_decode"":1}",16,1.0
h101-o60-d30-a100-fast,h101-o60-d30,decode,2.0,0.15,Raw-Remaining,0,0.0586882588,ok,False,False,34,0.001184399996418506,"{""kind"":""sla_time"",""object"":""decode"",""request_id"":""azure-00001"",""required"":0.2351947482778558,""limit"":0.15,""time_s"":60.637141594665955,""side"":""post"",""num_prefill"":1,""num_decode"":1}",2,0.125
h101-o60-d30-a100-fast,h101-o60-d30,decode,2.0,0.15,Raw-Remaining,0,0.016,ok,True,True,261,0.008058000006712973,,0,0.0
h101-o60-d30-a100-fast,h101-o60-d30,decode,2.0,0.15,Legacy-Full,0,16.384,ok,False,False,4,0.00025620002998039126,"{""kind"":""sla_time"",""object"":""decode"",""request_id"":""azure-00002"",""required"":1.3953985649887126,""limit"":0.15,""time_s"":1.326783046875,""side"":""post"",""num_prefill"":2,""num_decode"":1}",16,1.0
h101-o60-d30-a100-fast,h101-o60-d30,decode,2.0,0.15,Legacy-Full,0,0.019869725,ok,False,False,98,0.0035057999775744975,"{""kind"":""sla_time"",""object"":""decode"",""request_id"":""azure-00005"",""required"":0.8455892538180513,""limit"":0.15,""time_s"":504.2782285612911,""side"":""post"",""num_prefill"":1,""num_decode"":1}",1,0.0625
h101-o60-d30-a100-fast,h101-o60-d30,decode,2.0,0.15,Legacy-Full,0,0.032,ok,False,False,88,0.0027350999880582094,"{""kind"":""sla_time"",""object"":""decode"",""request_id"":""azure-00005"",""required"":0.8455892538180513,""limit"":0.15,""time_s"":313.5,""side"":""post"",""num_prefill"":1,""num_decode"":1}",1,0.0625
h101-o60-d30-a100-fast,h101-o60-d30,decode,2.0,0.15,Legacy-Full,0,0.256,ok,False,False,4,0.0002466000150889158,"{""kind"":""sla_time"",""object"":""decode"",""request_id"":""azure-00000"",""required"":0.8254822617545818,""limit"":0.15,""time_s"":4.90625,""side"":""post"",""num_prefill"":1,""num_decode"":1}",13,0.8125
h101-o60-d30-a100-fast,h101-o60-d30,decode,2.0,0.15,Legacy-Full,0,0.022627417,ok,False,False,95,0.002910699986387044,"{""kind"":""sla_time"",""object"":""decode"",""request_id"":""azure-00005"",""required"":0.8455892538180513,""limit"":0.15,""time_s"":442.9417382019344,""side"":""post"",""num_prefill"":1,""num_decode"":1}",2,0.125
h101-o60-d30-a100-fast,h101-o60-d30,decode,2.0,0.15,Legacy-Full,0,1.024,ok,False,False,3,0.0002555000246502459,"{""kind"":""sla_time"",""object"":""decode"",""request_id"":""azure-00000"",""required"":0.8254822617545818,""limit"":0.15,""time_s"":1.9765625,""side"":""post"",""num_prefill"":1,""num_decode"":1}",16,1.0
h101-o60-d30-a100-fast,h101-o60-d30,decode,2.0,0.15,Legacy-Full,0,0.064,ok,False,False,31,0.0012478999560698867,"{""kind"":""sla_time"",""object"":""decode"",""request_id"":""azure-00001"",""required"":0.2351947482778558,""limit"":0.15,""time_s"":55.6875,""side"":""post"",""num_prefill"":1,""num_decode"":1}",3,0.1875
h101-o60-d30-a100-fast,h101-o60-d30,decode,2.0,0.15,Legacy-Full,0,0.0190273138,ok,False,True,99,0.0030609999666921794,"{""kind"":""sla_time"",""object"":""decode"",""request_id"":""azure-00005"",""required"":0.8455892538180513,""limit"":0.15,""time_s"":526.5602606396285,""side"":""post"",""num_prefill"":1,""num_decode"":1}",0,0.0
h101-o60-d30-a100-fast,h101-o60-d30,decode,2.0,0.15,Legacy-Full,0,0.045254834,ok,False,False,83,0.00259569997433573,"{""kind"":""sla_time"",""object"":""decode"",""request_id"":""azure-00005"",""required"":0.8455892538180513,""limit"":0.15,""time_s"":221.9708691009672,""side"":""post"",""num_prefill"":1,""num_decode"":1}",3,0.1875
h101-o60-d30-a100-fast,h101-o60-d30,decode,2.0,0.15,Legacy-Full,0,0.0538173706,ok,False,False,81,0.0024038999690674245,"{""kind"":""sla_time"",""object"":""decode"",""request_id"":""azure-00005"",""required"":0.8455892538180513,""limit"":0.15,""time_s"":186.8136116371319,""side"":""post"",""num_prefill"":1,""num_decode"":1}",2,0.125
h101-o60-d30-a100-fast,h101-o60-d30,decode,2.0,0.15,Legacy-Full,0,0.062628612,ok,False,False,31,0.0010171000030823052,"{""kind"":""sla_time"",""object"":""decode"",""request_id"":""azure-00001"",""required"":0.2351947482778558,""limit"":0.15,""time_s"":56.88500029347609,""side"":""post"",""num_prefill"":1,""num_decode"":1}",2,0.125
h101-o60-d30-a100-fast,h101-o60-d30,decode,2.0,0.15,Legacy-Full,0,0.06128661,ok,False,False,32,0.0011147999903187156,"{""kind"":""sla_time"",""object"":""decode"",""request_id"":""azure-00001"",""required"":0.2351947482778558,""limit"":0.15,""time_s"":58.10872244361371,""side"":""post"",""num_prefill"":1,""num_decode"":1}",2,0.125
h101-o60-d30-a100-fast,h101-o60-d30,decode,2.0,0.15,Legacy-Full,0,0.001,ok,True,True,261,0.008131599985063076,,0,0.0
h101-o60-d30-a100-fast,h101-o60-d30,decode,2.0,0.15,Legacy-Full,0,65.536,ok,False,False,8,0.0006647999980486929,"{""kind"":""sla_time"",""object"":""decode"",""request_id"":""azure-00002"",""required"":3.9552932744809475,""limit"":0.15,""time_s"":1.16656576171875,""side"":""post"",""num_prefill"":6,""num_decode"":1}",16,1.0
h101-o60-d30-a100-fast,h101-o60-d30,decode,2.0,0.15,Legacy-Full,0,0.004,ok,True,True,261,0.00782439997419715,,0,0.0
h101-o60-d30-a100-fast,h101-o60-d30,decode,2.0,0.15,Legacy-Full,0,0.0194439577,ok,False,False,99,0.0031725000008009374,"{""kind"":""sla_time"",""object"":""decode"",""request_id"":""azure-00005"",""required"":0.8455892538180513,""limit"":0.15,""time_s"":515.2985885018666,""side"":""post"",""num_prefill"":1,""num_decode"":1}",1,0.0625
h101-o60-d30-a100-fast,h101-o60-d30,decode,2.0,0.15,Legacy-Full,0,0.0207494329,ok,False,False,97,0.003091900027357042,"{""kind"":""sla_time"",""object"":""decode"",""request_id"":""azure-00005"",""required"":0.8455892538180513,""limit"":0.15,""time_s"":482.94088234575315,""side"":""post"",""num_prefill"":1,""num_decode"":1}",1,0.0625
h101-o60-d30-a100-fast,h101-o60-d30,decode,2.0,0.15,Legacy-Full,0,4.096,ok,False,False,3,0.0002074999501928687,"{""kind"":""sla_time"",""object"":""decode"",""request_id"":""azure-00000"",""required"":0.8254822617545818,""limit"":0.15,""time_s"":1.5230799999999998,""side"":""post"",""num_prefill"":1,""num_decode"":1}",16,1.0
h101-o60-d30-a100-fast,h101-o60-d30,decode,2.0,0.15,Legacy-Full,0,0.0586882588,ok,False,False,33,0.0011457999935373664,"{""kind"":""sla_time"",""object"":""decode"",""request_id"":""azure-00001"",""required"":0.2351947482778558,""limit"":0.15,""time_s"":60.637141594665955,""side"":""post"",""num_prefill"":1,""num_decode"":1}",2,0.125
h101-o60-d30-a100-fast,h101-o60-d30,decode,2.0,0.15,Legacy-Full,0,0.016,ok,True,True,261,0.007700200018007308,,0,0.0
h101-o60-d30-a100-fast,h101-o60-d30,decode,2.0,0.15,Legacy-Remaining,0,16.384,ok,False,False,4,0.00023900001542642713,"{""kind"":""sla_time"",""object"":""decode"",""request_id"":""azure-00002"",""required"":0.8080270912897533,""limit"":0.15,""time_s"":1.326783046875,""side"":""post"",""num_prefill"":2,""num_decode"":1}",16,1.0
h101-o60-d30-a100-fast,h101-o60-d30,decode,2.0,0.15,Legacy-Remaining,0,0.019869725,ok,False,False,98,0.0032432000152766705,"{""kind"":""sla_time"",""object"":""decode"",""request_id"":""azure-00005"",""required"":0.8455892538180513,""limit"":0.15,""time_s"":504.2782285612911,""side"":""post"",""num_prefill"":1,""num_decode"":1}",1,0.0625
h101-o60-d30-a100-fast,h101-o60-d30,decode,2.0,0.15,Legacy-Remaining,0,0.032,ok,False,False,88,0.0026431999867781997,"{""kind"":""sla_time"",""object"":""decode"",""request_id"":""azure-00005"",""required"":0.8455892538180513,""limit"":0.15,""time_s"":313.5,""side"":""post"",""num_prefill"":1,""num_decode"":1}",1,0.0625
h101-o60-d30-a100-fast,h101-o60-d30,decode,2.0,0.15,Legacy-Remaining,0,0.256,ok,False,False,4,0.00023420003708451986,"{""kind"":""sla_time"",""object"":""decode"",""request_id"":""azure-00000"",""required"":0.8254822617545818,""limit"":0.15,""time_s"":4.90625,""side"":""post"",""num_prefill"":1,""num_decode"":1}",13,0.8125
h101-o60-d30-a100-fast,h101-o60-d30,decode,2.0,0.15,Legacy-Remaining,0,0.022627417,ok,False,False,95,0.0038799999747425318,"{""kind"":""sla_time"",""object"":""decode"",""request_id"":""azure-00005"",""required"":0.8455892538180513,""limit"":0.15,""time_s"":442.9417382019344,""side"":""post"",""num_prefill"":1,""num_decode"":1}",2,0.125
h101-o60-d30-a100-fast,h101-o60-d30,decode,2.0,0.15,Legacy-Remaining,0,1.024,ok,False,False,3,0.00020629999926313758,"{""kind"":""sla_time"",""object"":""decode"",""request_id"":""azure-00000"",""required"":0.8254822617545818,""limit"":0.15,""time_s"":1.9765625,""side"":""post"",""num_prefill"":1,""num_decode"":1}",16,1.0
h101-o60-d30-a100-fast,h101-o60-d30,decode,2.0,0.15,Legacy-Remaining,0,0.064,ok,False,False,31,0.0010320000001229346,"{""kind"":""sla_time"",""object"":""decode"",""request_id"":""azure-00001"",""required"":0.2351947482778558,""limit"":0.15,""time_s"":55.6875,""side"":""post"",""num_prefill"":1,""num_decode"":1}",3,0.1875
h101-o60-d30-a100-fast,h101-o60-d30,decode,2.0,0.15,Legacy-Remaining,0,0.0190273138,ok,False,True,99,0.0031806999468244612,"{""kind"":""sla_time"",""object"":""decode"",""request_id"":""azure-00005"",""required"":0.8455892538180513,""limit"":0.15,""time_s"":526.5602606396285,""side"":""post"",""num_prefill"":1,""num_decode"":1}",0,0.0
h101-o60-d30-a100-fast,h101-o60-d30,decode,2.0,0.15,Legacy-Remaining,0,0.045254834,ok,False,False,83,0.003230299975257367,"{""kind"":""sla_time"",""object"":""decode"",""request_id"":""azure-00005"",""required"":0.8455892538180513,""limit"":0.15,""time_s"":221.9708691009672,""side"":""post"",""num_prefill"":1,""num_decode"":1}",3,0.1875
h101-o60-d30-a100-fast,h101-o60-d30,decode,2.0,0.15,Legacy-Remaining,0,0.0538173706,ok,False,False,81,0.0025891000404953957,"{""kind"":""sla_time"",""object"":""decode"",""request_id"":""azure-00005"",""required"":0.8455892538180513,""limit"":0.15,""time_s"":186.8136116371319,""side"":""post"",""num_prefill"":1,""num_decode"":1}",2,0.125
h101-o60-d30-a100-fast,h101-o60-d30,decode,2.0,0.15,Legacy-Remaining,0,0.062628612,ok,False,False,31,0.001061400049366057,"{""kind"":""sla_time"",""object"":""decode"",""request_id"":""azure-00001"",""required"":0.2351947482778558,""limit"":0.15,""time_s"":56.88500029347609,""side"":""post"",""num_prefill"":1,""num_decode"":1}",2,0.125
h101-o60-d30-a100-fast,h101-o60-d30,decode,2.0,0.15,Legacy-Remaining,0,0.06128661,ok,False,False,32,0.0010665999725461006,"{""kind"":""sla_time"",""object"":""decode"",""request_id"":""azure-00001"",""required"":0.2351947482778558,""limit"":0.15,""time_s"":58.10872244361371,""side"":""post"",""num_prefill"":1,""num_decode"":1}",2,0.125
h101-o60-d30-a100-fast,h101-o60-d30,decode,2.0,0.15,Legacy-Remaining,0,0.001,ok,True,True,261,0.008068999974057078,,0,0.0
h101-o60-d30-a100-fast,h101-o60-d30,decode,2.0,0.15,Legacy-Remaining,0,65.536,ok,False,False,8,0.0006209000130183995,"{""kind"":""sla_time"",""object"":""decode"",""request_id"":""azure-00002"",""required"":3.464364419661422,""limit"":0.15,""time_s"":1.16656576171875,""side"":""post"",""num_prefill"":6,""num_decode"":1}",16,1.0
h101-o60-d30-a100-fast,h101-o60-d30,decode,2.0,0.15,Legacy-Remaining,0,0.004,ok,True,True,261,0.007930399966426194,,0,0.0
h101-o60-d30-a100-fast,h101-o60-d30,decode,2.0,0.15,Legacy-Remaining,0,0.0194439577,ok,False,False,99,0.0030663000070489943,"{""kind"":""sla_time"",""object"":""decode"",""request_id"":""azure-00005"",""required"":0.8455892538180513,""limit"":0.15,""time_s"":515.2985885018666,""side"":""post"",""num_prefill"":1,""num_decode"":1}",1,0.0625
h101-o60-d30-a100-fast,h101-o60-d30,decode,2.0,0.15,Legacy-Remaining,0,0.0207494329,ok,False,False,97,0.0038858999614603817,"{""kind"":""sla_time"",""object"":""decode"",""request_id"":""azure-00005"",""required"":0.8455892538180513,""limit"":0.15,""time_s"":482.94088234575315,""side"":""post"",""num_prefill"":1,""num_decode"":1}",1,0.0625
h101-o60-d30-a100-fast,h101-o60-d30,decode,2.0,0.15,Legacy-Remaining,0,4.096,ok,False,False,3,0.00017900002421811223,"{""kind"":""sla_time"",""object"":""decode"",""request_id"":""azure-00000"",""required"":0.5486797637463698,""limit"":0.15,""time_s"":1.5230799999999998,""side"":""post"",""num_prefill"":1,""num_decode"":1}",16,1.0
h101-o60-d30-a100-fast,h101-o60-d30,decode,2.0,0.15,Legacy-Remaining,0,0.0586882588,ok,False,False,33,0.0012915999977849424,"{""kind"":""sla_time"",""object"":""decode"",""request_id"":""azure-00001"",""required"":0.2351947482778558,""limit"":0.15,""time_s"":60.637141594665955,""side"":""post"",""num_prefill"":1,""num_decode"":1}",2,0.125
h101-o60-d30-a100-fast,h101-o60-d30,decode,2.0,0.15,Legacy-Remaining,0,0.016,ok,True,True,261,0.00781260000076145,,0,0.0
h101-o60-d30-a100-fast,h101-o60-d30,relaxed_decode,2.0,1.0,Raw-Full,0,16.384,ok,False,False,4,0.00024040002608671784,"{""kind"":""sla_time"",""object"":""decode"",""request_id"":""azure-00002"",""required"":1.3953985649887126,""limit"":1.0,""time_s"":1.321783046875,""side"":""post"",""num_prefill"":2,""num_decode"":1}",11,0.6875
h101-o60-d30-a100-fast,h101-o60-d30,relaxed_decode,2.0,1.0,Raw-Full,0,0.019869725,ok,True,True,261,0.007695300038903952,,0,0.0
h101-o60-d30-a100-fast,h101-o60-d30,relaxed_decode,2.0,1.0,Raw-Full,0,0.032,ok,True,True,261,0.008873100043274462,,0,0.0
h101-o60-d30-a100-fast,h101-o60-d30,relaxed_decode,2.0,1.0,Raw-Full,0,0.256,ok,False,False,170,0.012987299996893853,"{""kind"":""sla_time"",""object"":""decode"",""request_id"":""azure-00005"",""required"":1.35015939981946,""limit"":1.0,""time_s"":84.984375,""side"":""post"",""num_prefill"":1,""num_decode"":3}",3,0.1875
h101-o60-d30-a100-fast,h101-o60-d30,relaxed_decode,2.0,1.0,Raw-Full,0,0.022627417,ok,True,True,261,0.01005560002522543,,0,0.0
h101-o60-d30-a100-fast,h101-o60-d30,relaxed_decode,2.0,1.0,Raw-Full,0,1.024,ok,False,False,89,0.012769500026479363,"{""kind"":""sla_time"",""object"":""decode"",""request_id"":""azure-00001"",""required"":1.35015939981946,""limit"":1.0,""time_s"":21.99609375,""side"":""post"",""num_prefill"":1,""num_decode"":10}",11,0.6875
h101-o60-d30-a100-fast,h101-o60-d30,relaxed_decode,2.0,1.0,Raw-Full,0,0.064,ok,False,False,199,0.007352899992838502,"{""kind"":""sla_time"",""object"":""decode"",""request_id"":""azure-00011"",""required"":1.35015939981946,""limit"":1.0,""time_s"":336.9375,""side"":""post"",""num_prefill"":1,""num_decode"":1}",1,0.0625
h101-o60-d30-a100-fast,h101-o60-d30,relaxed_decode,2.0,1.0,Raw-Full,0,0.0190273138,ok,True,True,261,0.008146700041834265,,0,0.0
h101-o60-d30-a100-fast,h101-o60-d30,relaxed_decode,2.0,1.0,Raw-Full,0,0.045254834,ok,True,True,261,0.00923210004111752,,0,0.0
h101-o60-d30-a100-fast,h101-o60-d30,relaxed_decode,2.0,1.0,Raw-Full,0,0.0538173706,ok,True,True,261,0.008982500003185123,,0,0.0
h101-o60-d30-a100-fast,h101-o60-d30,relaxed_decode,2.0,1.0,Raw-Full,0,0.062628612,ok,True,True,261,0.009750100027304143,,0,0.0
h101-o60-d30-a100-fast,h101-o60-d30,relaxed_decode,2.0,1.0,Raw-Full,0,0.06128661,ok,True,True,261,0.0120320999994874,,0,0.0
h101-o60-d30-a100-fast,h101-o60-d30,relaxed_decode,2.0,1.0,Raw-Full,0,0.001,ok,True,True,261,0.007866300002206117,,0,0.0
h101-o60-d30-a100-fast,h101-o60-d30,relaxed_decode,2.0,1.0,Raw-Full,0,65.536,ok,False,False,8,0.0005757000180892646,"{""kind"":""sla_time"",""object"":""decode"",""request_id"":""azure-00002"",""required"":3.9552932744809475,""limit"":1.0,""time_s"":1.16156576171875,""side"":""post"",""num_prefill"":6,""num_decode"":1}",4,0.25
h101-o60-d30-a100-fast,h101-o60-d30,relaxed_decode,2.0,1.0,Raw-Full,0,0.004,ok,True,True,261,0.007108599995262921,,0,0.0
h101-o60-d30-a100-fast,h101-o60-d30,relaxed_decode,2.0,1.0,Raw-Full,0,0.0194439577,ok,True,True,261,0.008303500013425946,,0,0.0
h101-o60-d30-a100-fast,h101-o60-d30,relaxed_decode,2.0,1.0,Raw-Full,0,0.0207494329,ok,True,True,261,0.007583900005556643,,0,0.0
h101-o60-d30-a100-fast,h101-o60-d30,relaxed_decode,2.0,1.0,Raw-Full,0,4.096,ok,False,False,8,0.0005640999879688025,"{""kind"":""sla_time"",""object"":""decode"",""request_id"":""azure-00000"",""required"":1.2322356497447073,""limit"":1.0,""time_s"":2.708984375,""side"":""post"",""num_prefill"":2,""num_decode"":3}",12,0.75
h101-o60-d30-a100-fast,h101-o60-d30,relaxed_decode,2.0,1.0,Raw-Full,0,0.0586882588,ok,True,True,261,0.00992379995295778,,0,0.0
h101-o60-d30-a100-fast,h101-o60-d30,relaxed_decode,2.0,1.0,Raw-Full,0,0.016,ok,True,True,261,0.007258599973283708,,0,0.0
h101-o60-d30-a100-fast,h101-o60-d30,relaxed_decode,2.0,1.0,Raw-Remaining,0,16.384,ok,False,False,6,0.0004246999742463231,"{""kind"":""sla_time"",""object"":""decode"",""request_id"":""azure-00002"",""required"":1.65614202723342,""limit"":1.0,""time_s"":1.42724609375,""side"":""post"",""num_prefill"":4,""num_decode"":1}",11,0.6875
h101-o60-d30-a100-fast,h101-o60-d30,relaxed_decode,2.0,1.0,Raw-Remaining,0,0.019869725,ok,True,True,261,0.00817389995791018,,0,0.0
h101-o60-d30-a100-fast,h101-o60-d30,relaxed_decode,2.0,1.0,Raw-Remaining,0,0.032,ok,True,True,261,0.008659099985379726,,0,0.0
h101-o60-d30-a100-fast,h101-o60-d30,relaxed_decode,2.0,1.0,Raw-Remaining,0,0.256,ok,False,False,170,0.023456000024452806,"{""kind"":""sla_time"",""object"":""decode"",""request_id"":""azure-00005"",""required"":1.35015939981946,""limit"":1.0,""time_s"":84.984375,""side"":""post"",""num_prefill"":1,""num_decode"":3}",3,0.1875
h101-o60-d30-a100-fast,h101-o60-d30,relaxed_decode,2.0,1.0,Raw-Remaining,0,0.022627417,ok,True,True,261,0.008942699991166592,,0,0.0
h101-o60-d30-a100-fast,h101-o60-d30,relaxed_decode,2.0,1.0,Raw-Remaining,0,1.024,ok,False,False,89,0.013982999953441322,"{""kind"":""sla_time"",""object"":""decode"",""request_id"":""azure-00001"",""required"":1.35015939981946,""limit"":1.0,""time_s"":21.99609375,""side"":""post"",""num_prefill"":1,""num_decode"":10}",11,0.6875
h101-o60-d30-a100-fast,h101-o60-d30,relaxed_decode,2.0,1.0,Raw-Remaining,0,0.064,ok,False,False,199,0.007942199998069555,"{""kind"":""sla_time"",""object"":""decode"",""request_id"":""azure-00011"",""required"":1.35015939981946,""limit"":1.0,""time_s"":336.9375,""side"":""post"",""num_prefill"":1,""num_decode"":1}",1,0.0625
h101-o60-d30-a100-fast,h101-o60-d30,relaxed_decode,2.0,1.0,Raw-Remaining,0,0.0190273138,ok,True,True,261,0.008032499987166375,,0,0.0
h101-o60-d30-a100-fast,h101-o60-d30,relaxed_decode,2.0,1.0,Raw-Remaining,0,0.045254834,ok,True,True,261,0.0096126000280492,,0,0.0
h101-o60-d30-a100-fast,h101-o60-d30,relaxed_decode,2.0,1.0,Raw-Remaining,0,0.0538173706,ok,True,True,261,0.010381000000052154,,0,0.0
h101-o60-d30-a100-fast,h101-o60-d30,relaxed_decode,2.0,1.0,Raw-Remaining,0,0.062628612,ok,True,True,261,0.010120399994775653,,0,0.0
h101-o60-d30-a100-fast,h101-o60-d30,relaxed_decode,2.0,1.0,Raw-Remaining,0,0.06128661,ok,True,True,261,0.01269119995413348,,0,0.0
h101-o60-d30-a100-fast,h101-o60-d30,relaxed_decode,2.0,1.0,Raw-Remaining,0,0.001,ok,True,True,261,0.007964699994772673,,0,0.0
h101-o60-d30-a100-fast,h101-o60-d30,relaxed_decode,2.0,1.0,Raw-Remaining,0,65.536,ok,False,False,8,0.0006259999936446548,"{""kind"":""sla_time"",""object"":""decode"",""request_id"":""azure-00002"",""required"":3.4894387432309473,""limit"":1.0,""time_s"":1.16156576171875,""side"":""post"",""num_prefill"":6,""num_decode"":1}",4,0.25
h101-o60-d30-a100-fast,h101-o60-d30,relaxed_decode,2.0,1.0,Raw-Remaining,0,0.004,ok,True,True,261,0.007899600022938102,,0,0.0
h101-o60-d30-a100-fast,h101-o60-d30,relaxed_decode,2.0,1.0,Raw-Remaining,0,0.0194439577,ok,True,True,261,0.008606000046711415,,0,0.0
h101-o60-d30-a100-fast,h101-o60-d30,relaxed_decode,2.0,1.0,Raw-Remaining,0,0.0207494329,ok,True,True,261,0.008863899973221123,,0,0.0
h101-o60-d30-a100-fast,h101-o60-d30,relaxed_decode,2.0,1.0,Raw-Remaining,0,4.096,ok,False,False,10,0.0008163999882526696,"{""kind"":""sla_time"",""object"":""decode"",""request_id"":""azure-00000"",""required"":1.1844695854287681,""limit"":1.0,""time_s"":3.197265625,""side"":""post"",""num_prefill"":2,""num_decode"":4}",12,0.75
h101-o60-d30-a100-fast,h101-o60-d30,relaxed_decode,2.0,1.0,Raw-Remaining,0,0.0586882588,ok,True,True,261,0.009795800026040524,,0,0.0
h101-o60-d30-a100-fast,h101-o60-d30,relaxed_decode,2.0,1.0,Raw-Remaining,0,0.016,ok,True,True,261,0.007715100015047938,,0,0.0
h101-o60-d30-a100-fast,h101-o60-d30,relaxed_decode,2.0,1.0,Legacy-Full,0,16.384,ok,False,False,4,0.00024389999452978373,"{""kind"":""sla_time"",""object"":""decode"",""request_id"":""azure-00002"",""required"":1.3953985649887126,""limit"":1.0,""time_s"":1.326783046875,""side"":""post"",""num_prefill"":2,""num_decode"":1}",11,0.6875
h101-o60-d30-a100-fast,h101-o60-d30,relaxed_decode,2.0,1.0,Legacy-Full,0,0.019869725,ok,True,True,261,0.008238199981860816,,0,0.0
h101-o60-d30-a100-fast,h101-o60-d30,relaxed_decode,2.0,1.0,Legacy-Full,0,0.032,ok,True,True,261,0.00860509998165071,,0,0.0
h101-o60-d30-a100-fast,h101-o60-d30,relaxed_decode,2.0,1.0,Legacy-Full,0,0.256,ok,False,False,167,0.014010399987455457,"{""kind"":""sla_time"",""object"":""decode"",""request_id"":""azure-00005"",""required"":1.35015939981946,""limit"":1.0,""time_s"":84.984375,""side"":""post"",""num_prefill"":1,""num_decode"":3}",3,0.1875
h101-o60-d30-a100-fast,h101-o60-d30,relaxed_decode,2.0,1.0,Legacy-Full,0,0.022627417,ok,True,True,261,0.009037999960128218,,0,0.0
h101-o60-d30-a100-fast,h101-o60-d30,relaxed_decode,2.0,1.0,Legacy-Full,0,1.024,ok,False,False,88,0.013666999991983175,"{""kind"":""sla_time"",""object"":""decode"",""request_id"":""azure-00001"",""required"":1.35015939981946,""limit"":1.0,""time_s"":21.99609375,""side"":""post"",""num_prefill"":1,""num_decode"":10}",11,0.6875
h101-o60-d30-a100-fast,h101-o60-d30,relaxed_decode,2.0,1.0,Legacy-Full,0,0.064,ok,False,False,198,0.007766099995933473,"{""kind"":""sla_time"",""object"":""decode"",""request_id"":""azure-00011"",""required"":1.35015939981946,""limit"":1.0,""time_s"":336.9375,""side"":""post"",""num_prefill"":1,""num_decode"":1}",1,0.0625
h101-o60-d30-a100-fast,h101-o60-d30,relaxed_decode,2.0,1.0,Legacy-Full,0,0.0190273138,ok,True,True,261,0.008577300002798438,,0,0.0
h101-o60-d30-a100-fast,h101-o60-d30,relaxed_decode,2.0,1.0,Legacy-Full,0,0.045254834,ok,True,True,261,0.009369900042656809,,0,0.0
h101-o60-d30-a100-fast,h101-o60-d30,relaxed_decode,2.0,1.0,Legacy-Full,0,0.0538173706,ok,True,True,261,0.010013299994170666,,0,0.0
h101-o60-d30-a100-fast,h101-o60-d30,relaxed_decode,2.0,1.0,Legacy-Full,0,0.062628612,ok,False,True,199,0.007692100014537573,"{""kind"":""sla_time"",""object"":""decode"",""request_id"":""azure-00011"",""required"":1.35015939981946,""limit"":1.0,""time_s"":344.2935732313531,""side"":""post"",""num_prefill"":1,""num_decode"":1}",0,0.0
h101-o60-d30-a100-fast,h101-o60-d30,relaxed_decode,2.0,1.0,Legacy-Full,0,0.06128661,ok,False,True,199,0.007561200007330626,"{""kind"":""sla_time"",""object"":""decode"",""request_id"":""azure-00011"",""required"":1.35015939981946,""limit"":1.0,""time_s"":351.8107235821985,""side"":""post"",""num_prefill"":1,""num_decode"":1}",0,0.0
h101-o60-d30-a100-fast,h101-o60-d30,relaxed_decode,2.0,1.0,Legacy-Full,0,0.001,ok,True,True,261,0.007670900027733296,,0,0.0
h101-o60-d30-a100-fast,h101-o60-d30,relaxed_decode,2.0,1.0,Legacy-Full,0,65.536,ok,False,False,8,0.0007512000156566501,"{""kind"":""sla_time"",""object"":""decode"",""request_id"":""azure-00002"",""required"":3.9552932744809475,""limit"":1.0,""time_s"":1.16656576171875,""side"":""post"",""num_prefill"":6,""num_decode"":1}",4,0.25
h101-o60-d30-a100-fast,h101-o60-d30,relaxed_decode,2.0,1.0,Legacy-Full,0,0.004,ok,True,True,261,0.007686900033149868,,0,0.0
h101-o60-d30-a100-fast,h101-o60-d30,relaxed_decode,2.0,1.0,Legacy-Full,0,0.0194439577,ok,True,True,261,0.007959000009577721,,0,0.0
h101-o60-d30-a100-fast,h101-o60-d30,relaxed_decode,2.0,1.0,Legacy-Full,0,0.0207494329,ok,True,True,261,0.007719599991105497,,0,0.0
h101-o60-d30-a100-fast,h101-o60-d30,relaxed_decode,2.0,1.0,Legacy-Full,0,4.096,ok,False,False,8,0.0005546000320464373,"{""kind"":""sla_time"",""object"":""decode"",""request_id"":""azure-00000"",""required"":1.2322356497447073,""limit"":1.0,""time_s"":2.708984375,""side"":""post"",""num_prefill"":2,""num_decode"":3}",12,0.75
h101-o60-d30-a100-fast,h101-o60-d30,relaxed_decode,2.0,1.0,Legacy-Full,0,0.0586882588,ok,True,True,261,0.010523000033572316,,0,0.0
h101-o60-d30-a100-fast,h101-o60-d30,relaxed_decode,2.0,1.0,Legacy-Full,0,0.016,ok,True,True,261,0.007599000004120171,,0,0.0
h101-o60-d30-a100-fast,h101-o60-d30,relaxed_decode,2.0,1.0,Legacy-Remaining,0,16.384,ok,False,False,5,0.00030419998802244663,"{""kind"":""sla_time"",""object"":""decode"",""request_id"":""azure-00002"",""required"":1.005404858423849,""limit"":1.0,""time_s"":1.3662109375,""side"":""post"",""num_prefill"":3,""num_decode"":1}",11,0.6875
h101-o60-d30-a100-fast,h101-o60-d30,relaxed_decode,2.0,1.0,Legacy-Remaining,0,0.019869725,ok,True,True,261,0.008233900007326156,,0,0.0
h101-o60-d30-a100-fast,h101-o60-d30,relaxed_decode,2.0,1.0,Legacy-Remaining,0,0.032,ok,True,True,261,0.008653600001707673,,0,0.0
h101-o60-d30-a100-fast,h101-o60-d30,relaxed_decode,2.0,1.0,Legacy-Remaining,0,0.256,ok,False,False,167,0.015596400015056133,"{""kind"":""sla_time"",""object"":""decode"",""request_id"":""azure-00005"",""required"":1.35015939981946,""limit"":1.0,""time_s"":84.984375,""side"":""post"",""num_prefill"":1,""num_decode"":3}",3,0.1875
h101-o60-d30-a100-fast,h101-o60-d30,relaxed_decode,2.0,1.0,Legacy-Remaining,0,0.022627417,ok,True,True,261,0.008254899992607534,,0,0.0
h101-o60-d30-a100-fast,h101-o60-d30,relaxed_decode,2.0,1.0,Legacy-Remaining,0,1.024,ok,False,False,88,0.015268400020431727,"{""kind"":""sla_time"",""object"":""decode"",""request_id"":""azure-00001"",""required"":1.35015939981946,""limit"":1.0,""time_s"":21.99609375,""side"":""post"",""num_prefill"":1,""num_decode"":10}",11,0.6875
h101-o60-d30-a100-fast,h101-o60-d30,relaxed_decode,2.0,1.0,Legacy-Remaining,0,0.064,ok,False,False,198,0.010348199983127415,"{""kind"":""sla_time"",""object"":""decode"",""request_id"":""azure-00011"",""required"":1.35015939981946,""limit"":1.0,""time_s"":336.9375,""side"":""post"",""num_prefill"":1,""num_decode"":1}",1,0.0625
h101-o60-d30-a100-fast,h101-o60-d30,relaxed_decode,2.0,1.0,Legacy-Remaining,0,0.0190273138,ok,True,True,261,0.008091900032013655,,0,0.0
h101-o60-d30-a100-fast,h101-o60-d30,relaxed_decode,2.0,1.0,Legacy-Remaining,0,0.045254834,ok,True,True,261,0.009697299974504858,,0,0.0
h101-o60-d30-a100-fast,h101-o60-d30,relaxed_decode,2.0,1.0,Legacy-Remaining,0,0.0538173706,ok,True,True,261,0.009549400012474507,,0,0.0
h101-o60-d30-a100-fast,h101-o60-d30,relaxed_decode,2.0,1.0,Legacy-Remaining,0,0.062628612,ok,False,True,199,0.007616199960466474,"{""kind"":""sla_time"",""object"":""decode"",""request_id"":""azure-00011"",""required"":1.35015939981946,""limit"":1.0,""time_s"":344.2935732313531,""side"":""post"",""num_prefill"":1,""num_decode"":1}",0,0.0
h101-o60-d30-a100-fast,h101-o60-d30,relaxed_decode,2.0,1.0,Legacy-Remaining,0,0.06128661,ok,False,True,199,0.013206799980252981,"{""kind"":""sla_time"",""object"":""decode"",""request_id"":""azure-00011"",""required"":1.35015939981946,""limit"":1.0,""time_s"":351.8107235821985,""side"":""post"",""num_prefill"":1,""num_decode"":1}",0,0.0
h101-o60-d30-a100-fast,h101-o60-d30,relaxed_decode,2.0,1.0,Legacy-Remaining,0,0.001,ok,True,True,261,0.00841559999389574,,0,0.0
h101-o60-d30-a100-fast,h101-o60-d30,relaxed_decode,2.0,1.0,Legacy-Remaining,0,65.536,ok,False,False,8,0.0006084999768063426,"{""kind"":""sla_time"",""object"":""decode"",""request_id"":""azure-00002"",""required"":3.464364419661422,""limit"":1.0,""time_s"":1.16656576171875,""side"":""post"",""num_prefill"":6,""num_decode"":1}",4,0.25
h101-o60-d30-a100-fast,h101-o60-d30,relaxed_decode,2.0,1.0,Legacy-Remaining,0,0.004,ok,True,True,261,0.007786100031808019,,0,0.0
h101-o60-d30-a100-fast,h101-o60-d30,relaxed_decode,2.0,1.0,Legacy-Remaining,0,0.0194439577,ok,True,True,261,0.007993900042492896,,0,0.0
h101-o60-d30-a100-fast,h101-o60-d30,relaxed_decode,2.0,1.0,Legacy-Remaining,0,0.0207494329,ok,True,True,261,0.008284300041850656,,0,0.0
h101-o60-d30-a100-fast,h101-o60-d30,relaxed_decode,2.0,1.0,Legacy-Remaining,0,4.096,ok,False,False,10,0.0007386000361293554,"{""kind"":""sla_time"",""object"":""decode"",""request_id"":""azure-00000"",""required"":1.1876543052957131,""limit"":1.0,""time_s"":3.197265625,""side"":""post"",""num_prefill"":2,""num_decode"":4}",12,0.75
h101-o60-d30-a100-fast,h101-o60-d30,relaxed_decode,2.0,1.0,Legacy-Remaining,0,0.0586882588,ok,True,True,261,0.012100799998734146,,0,0.0
h101-o60-d30-a100-fast,h101-o60-d30,relaxed_decode,2.0,1.0,Legacy-Remaining,0,0.016,ok,True,True,261,0.007746599963866174,,0,0.0
h102-o300-d120-a100-slow,h102-o300-d120,decode,2.0,0.15,Raw-Full,0,16.384,ok,False,False,4,0.001021500036586076,"{""kind"":""sla_time"",""object"":""decode"",""request_id"":""azure-00001"",""required"":0.9032087723864575,""limit"":0.15,""time_s"":1.19927515625,""side"":""post"",""num_prefill"":2,""num_decode"":1}",54,1.0
h102-o300-d120-a100-slow,h102-o300-d120,decode,2.0,0.15,Raw-Full,0,0.019869725,ok,False,False,181,0.00581240002065897,"{""kind"":""sla_time"",""object"":""decode"",""request_id"":""azure-00009"",""required"":0.2589735733751759,""limit"":0.15,""time_s"":957.228634266453,""side"":""post"",""num_prefill"":1,""num_decode"":1}",1,0.018518518518518517
h102-o300-d120-a100-slow,h102-o300-d120,decode,2.0,0.15,Raw-Full,0,0.032,ok,False,False,20,0.0008871000027284026,"{""kind"":""sla_time"",""object"":""decode"",""request_id"":""azure-00000"",""required"":0.2680654770888571,""limit"":0.15,""time_s"":32.25,""side"":""post"",""num_prefill"":1,""num_decode"":1}",8,0.14814814814814814
h102-o300-d120-a100-slow,h102-o300-d120,decode,2.0,0.15,Raw-Full,0,0.256,ok,False,False,4,0.004675000032875687,"{""kind"":""sla_time"",""object"":""decode"",""request_id"":""azure-00000"",""required"":0.2680654770888571,""limit"":0.15,""time_s"":4.90625,""side"":""post"",""num_prefill"":1,""num_decode"":1}",42,0.7777777777777778
h102-o300-d120-a100-slow,h102-o300-d120,decode,2.0,0.15,Raw-Full,0,0.0182206181,ok,False,False,184,0.005732899997383356,"{""kind"":""sla_time"",""object"":""decode"",""request_id"":""azure-00009"",""required"":0.2589735733751759,""limit"":0.15,""time_s"":1043.774723432681,""side"":""post"",""num_prefill"":1,""num_decode"":1}",1,0.018518518518518517
h102-o300-d120-a100-slow,h102-o300-d120,decode,2.0,0.15,Raw-Full,0,0.022627417,ok,False,False,27,0.0010916999890469015,"{""kind"":""sla_time"",""object"":""decode"",""request_id"":""azure-00000"",""required"":0.2680654770888571,""limit"":0.15,""time_s"":45.19417382019344,""side"":""post"",""num_prefill"":1,""num_decode"":1}",8,0.14814814814814814
h102-o300-d120-a100-slow,h102-o300-d120,decode,2.0,0.15,Raw-Full,0,1.024,ok,False,False,3,0.0009600840276107192,"{""kind"":""sla_time"",""object"":""decode"",""request_id"":""azure-00000"",""required"":0.2680654770888571,""limit"":0.15,""time_s"":1.9765625,""side"":""post"",""num_prefill"":1,""num_decode"":1}",53,0.9814814814814815
h102-o300-d120-a100-slow,h102-o300-d120,decode,2.0,0.15,Raw-Full,0,0.0212037863,ok,False,False,28,0.0012662999797612429,"{""kind"":""sla_time"",""object"":""decode"",""request_id"":""azure-00000"",""required"":0.2680654770888571,""limit"":0.15,""time_s"":48.16138834128884,""side"":""post"",""num_prefill"":1,""num_decode"":1}",4,0.07407407407407407
h102-o300-d120-a100-slow,h102-o300-d120,decode,2.0,0.15,Raw-Full,0,0.064,ok,False,False,11,0.001209957990795374,"{""kind"":""sla_time"",""object"":""decode"",""request_id"":""azure-00000"",""required"":0.2680654770888571,""limit"":0.15,""time_s"":16.625,""side"":""post"",""num_prefill"":1,""num_decode"":1}",23,0.42592592592592593
h102-o300-d120-a100-slow,h102-o300-d120,decode,2.0,0.15,Raw-Full,0,0.0163503544,ok,False,False,187,0.007377400004770607,"{""kind"":""sla_time"",""object"":""decode"",""request_id"":""azure-00009"",""required"":0.2589735733751759,""limit"":0.15,""time_s"":1163.0543221986675,""side"":""post"",""num_prefill"":1,""num_decode"":1}",1,0.018518518518518517
h102-o300-d120-a100-slow,h102-o300-d120,decode,2.0,0.15,Raw-Full,0,0.0190273138,ok,False,True,182,0.005702499998733401,"{""kind"":""sla_time"",""object"":""decode"",""request_id"":""azure-00009"",""required"":0.2589735733751759,""limit"":0.15,""time_s"":999.5644952152941,""side"":""post"",""num_prefill"":1,""num_decode"":1}",0,0.0
h102-o300-d120-a100-slow,h102-o300-d120,decode,2.0,0.15,Raw-Full,0,0.0186195977,ok,False,False,183,0.0071131999720819294,"{""kind"":""sla_time"",""object"":""decode"",""request_id"":""azure-00009"",""required"":0.2589735733751759,""limit"":0.15,""time_s"":1021.4302104765668,""side"":""post"",""num_prefill"":1,""num_decode"":1}",1,0.018518518518518517
h102-o300-d120-a100-slow,h102-o300-d120,decode,2.0,0.15,Raw-Full,0,0.001,ok,True,True,1001,0.028454499959480017,,0,0.0
h102-o300-d120-a100-slow,h102-o300-d120,decode,2.0,0.15,Raw-Full,0,65.536,ok,False,False,5,0.0009050419903360307,"{""kind"":""network"",""object"":""slow-0"",""required"":323585154.40533674,""limit"":312500000.0,""time_s"":1.09918212890625,""side"":""post"",""num_prefill"":5,""num_decode"":0}",54,1.0
h102-o300-d120-a100-slow,h102-o300-d120,decode,2.0,0.15,Raw-Full,0,0.004,ok,True,True,1001,0.051747791992966086,,0,0.0
h102-o300-d120-a100-slow,h102-o300-d120,decode,2.0,0.15,Raw-Full,0,0.0194439577,ok,False,True,182,0.006195000023581088,"{""kind"":""sla_time"",""object"":""decode"",""request_id"":""azure-00009"",""required"":0.2589735733751759,""limit"":0.15,""time_s"":978.1673181535465,""side"":""post"",""num_prefill"":1,""num_decode"":1}",0,0.0
h102-o300-d120-a100-slow,h102-o300-d120,decode,2.0,0.15,Raw-Full,0,0.0207494329,ok,False,False,180,0.009430000034626573,"{""kind"":""sla_time"",""object"":""decode"",""request_id"":""azure-00009"",""required"":0.2589735733751759,""limit"":0.15,""time_s"":916.6876764569311,""side"":""post"",""num_prefill"":1,""num_decode"":1}",1,0.018518518518518517
h102-o300-d120-a100-slow,h102-o300-d120,decode,2.0,0.15,Raw-Full,0,4.096,ok,False,False,3,0.0008023750269785523,"{""kind"":""sla_time"",""object"":""decode"",""request_id"":""azure-00001"",""required"":0.7766214976036652,""limit"":0.15,""time_s"":1.382380625,""side"":""post"",""num_prefill"":1,""num_decode"":1}",54,1.0
h102-o300-d120-a100-slow,h102-o300-d120,decode,2.0,0.15,Raw-Full,0,0.0167083805,ok,False,False,187,0.006800300034228712,"{""kind"":""sla_time"",""object"":""decode"",""request_id"":""azure-00009"",""required"":0.2589735733751759,""limit"":0.15,""time_s"":1138.1538971116918,""side"":""post"",""num_prefill"":1,""num_decode"":1}",1,0.018518518518518517
h102-o300-d120-a100-slow,h102-o300-d120,decode,2.0,0.15,Raw-Full,0,0.0216680888,ok,False,False,28,0.0011770999990403652,"{""kind"":""sla_time"",""object"":""decode"",""request_id"":""azure-00000"",""required"":0.2680654770888571,""limit"":0.15,""time_s"":47.150816956223665,""side"":""post"",""num_prefill"":1,""num_decode"":1}",5,0.09259259259259259
h102-o300-d120-a100-slow,h102-o300-d120,decode,2.0,0.15,Raw-Full,0,0.016,ok,True,True,1001,0.07156995800323784,,0,0.0
h102-o300-d120-a100-slow,h102-o300-d120,decode,2.0,0.15,Raw-Full,0,0.0174481237,ok,False,False,185,0.005913400033023208,"{""kind"":""sla_time"",""object"":""decode"",""request_id"":""azure-00009"",""required"":0.2589735733751759,""limit"":0.15,""time_s"":1089.9423027187731,""side"":""post"",""num_prefill"":1,""num_decode"":1}",1,0.018518518518518517
h102-o300-d120-a100-slow,h102-o300-d120,decode,2.0,0.15,Raw-Remaining,0,16.384,ok,False,False,4,0.0004403999773785472,"{""kind"":""sla_time"",""object"":""decode"",""request_id"":""azure-00001"",""required"":0.6877639286364575,""limit"":0.15,""time_s"":1.19927515625,""side"":""post"",""num_prefill"":2,""num_decode"":1}",54,1.0
h102-o300-d120-a100-slow,h102-o300-d120,decode,2.0,0.15,Raw-Remaining,0,0.019869725,ok,False,False,181,0.0056865999940782785,"{""kind"":""sla_time"",""object"":""decode"",""request_id"":""azure-00009"",""required"":0.2589735733751759,""limit"":0.15,""time_s"":957.228634266453,""side"":""post"",""num_prefill"":1,""num_decode"":1}",1,0.018518518518518517
h102-o300-d120-a100-slow,h102-o300-d120,decode,2.0,0.15,Raw-Remaining,0,0.032,ok,False,False,20,0.0009089999948628247,"{""kind"":""sla_time"",""object"":""decode"",""request_id"":""azure-00000"",""required"":0.2680654770888571,""limit"":0.15,""time_s"":32.25,""side"":""post"",""num_prefill"":1,""num_decode"":1}",8,0.14814814814814814
h102-o300-d120-a100-slow,h102-o300-d120,decode,2.0,0.15,Raw-Remaining,0,0.256,ok,False,False,4,0.00040499999886378646,"{""kind"":""sla_time"",""object"":""decode"",""request_id"":""azure-00000"",""required"":0.2680654770888571,""limit"":0.15,""time_s"":4.90625,""side"":""post"",""num_prefill"":1,""num_decode"":1}",42,0.7777777777777778
h102-o300-d120-a100-slow,h102-o300-d120,decode,2.0,0.15,Raw-Remaining,0,0.0182206181,ok,False,False,184,0.006088999973144382,"{""kind"":""sla_time"",""object"":""decode"",""request_id"":""azure-00009"",""required"":0.2589735733751759,""limit"":0.15,""time_s"":1043.774723432681,""side"":""post"",""num_prefill"":1,""num_decode"":1}",1,0.018518518518518517
h102-o300-d120-a100-slow,h102-o300-d120,decode,2.0,0.15,Raw-Remaining,0,0.022627417,ok,False,False,27,0.0011066999868489802,"{""kind"":""sla_time"",""object"":""decode"",""request_id"":""azure-00000"",""required"":0.2680654770888571,""limit"":0.15,""time_s"":45.19417382019344,""side"":""post"",""num_prefill"":1,""num_decode"":1}",8,0.14814814814814814
h102-o300-d120-a100-slow,h102-o300-d120,decode,2.0,0.15,Raw-Remaining,0,1.024,ok,False,False,3,0.00036750000435858965,"{""kind"":""sla_time"",""object"":""decode"",""request_id"":""azure-00000"",""required"":0.2680654770888571,""limit"":0.15,""time_s"":1.9765625,""side"":""post"",""num_prefill"":1,""num_decode"":1}",53,0.9814814814814815
h102-o300-d120-a100-slow,h102-o300-d120,decode,2.0,0.15,Raw-Remaining,0,0.0212037863,ok,False,False,28,0.001181200030259788,"{""kind"":""sla_time"",""object"":""decode"",""request_id"":""azure-00000"",""required"":0.2680654770888571,""limit"":0.15,""time_s"":48.16138834128884,""side"":""post"",""num_prefill"":1,""num_decode"":1}",4,0.07407407407407407
h102-o300-d120-a100-slow,h102-o300-d120,decode,2.0,0.15,Raw-Remaining,0,0.064,ok,False,False,11,0.0007326999912038445,"{""kind"":""sla_time"",""object"":""decode"",""request_id"":""azure-00000"",""required"":0.2680654770888571,""limit"":0.15,""time_s"":16.625,""side"":""post"",""num_prefill"":1,""num_decode"":1}",23,0.42592592592592593
h102-o300-d120-a100-slow,h102-o300-d120,decode,2.0,0.15,Raw-Remaining,0,0.0163503544,ok,False,False,187,0.007052199973259121,"{""kind"":""sla_time"",""object"":""decode"",""request_id"":""azure-00009"",""required"":0.2589735733751759,""limit"":0.15,""time_s"":1163.0543221986675,""side"":""post"",""num_prefill"":1,""num_decode"":1}",1,0.018518518518518517
h102-o300-d120-a100-slow,h102-o300-d120,decode,2.0,0.15,Raw-Remaining,0,0.0190273138,ok,False,True,182,0.0090794000425376,"{""kind"":""sla_time"",""object"":""decode"",""request_id"":""azure-00009"",""required"":0.2589735733751759,""limit"":0.15,""time_s"":999.5644952152941,""side"":""post"",""num_prefill"":1,""num_decode"":1}",0,0.0
h102-o300-d120-a100-slow,h102-o300-d120,decode,2.0,0.15,Raw-Remaining,0,0.0186195977,ok,False,False,183,0.0063331000274047256,"{""kind"":""sla_time"",""object"":""decode"",""request_id"":""azure-00009"",""required"":0.2589735733751759,""limit"":0.15,""time_s"":1021.4302104765668,""side"":""post"",""num_prefill"":1,""num_decode"":1}",1,0.018518518518518517
h102-o300-d120-a100-slow,h102-o300-d120,decode,2.0,0.15,Raw-Remaining,0,0.001,ok,True,True,1001,0.035845300008077174,,0,0.0
h102-o300-d120-a100-slow,h102-o300-d120,decode,2.0,0.15,Raw-Remaining,0,65.536,ok,False,False,5,0.0005416999920271337,"{""kind"":""network"",""object"":""slow-0"",""required"":323585154.40533674,""limit"":312500000.0,""time_s"":1.09918212890625,""side"":""post"",""num_prefill"":5,""num_decode"":0}",54,1.0
h102-o300-d120-a100-slow,h102-o300-d120,decode,2.0,0.15,Raw-Remaining,0,0.004,ok,True,True,1001,0.03219549998175353,,0,0.0
h102-o300-d120-a100-slow,h102-o300-d120,decode,2.0,0.15,Raw-Remaining,0,0.0194439577,ok,False,True,182,0.007828099944163114,"{""kind"":""sla_time"",""object"":""decode"",""request_id"":""azure-00009"",""required"":0.2589735733751759,""limit"":0.15,""time_s"":978.1673181535465,""side"":""post"",""num_prefill"":1,""num_decode"":1}",0,0.0
h102-o300-d120-a100-slow,h102-o300-d120,decode,2.0,0.15,Raw-Remaining,0,0.0207494329,ok,False,False,180,0.005689200013875961,"{""kind"":""sla_time"",""object"":""decode"",""request_id"":""azure-00009"",""required"":0.2589735733751759,""limit"":0.15,""time_s"":916.6876764569311,""side"":""post"",""num_prefill"":1,""num_decode"":1}",1,0.018518518518518517
h102-o300-d120-a100-slow,h102-o300-d120,decode,2.0,0.15,Raw-Remaining,0,4.096,ok,False,False,3,0.0003904000041075051,"{""kind"":""sla_time"",""object"":""decode"",""request_id"":""azure-00001"",""required"":0.3942408726036652,""limit"":0.15,""time_s"":1.382380625,""side"":""post"",""num_prefill"":1,""num_decode"":1}",54,1.0
h102-o300-d120-a100-slow,h102-o300-d120,decode,2.0,0.15,Raw-Remaining,0,0.0167083805,ok,False,False,187,0.006102900020778179,"{""kind"":""sla_time"",""object"":""decode"",""request_id"":""azure-00009"",""required"":0.2589735733751759,""limit"":0.15,""time_s"":1138.1538971116918,""side"":""post"",""num_prefill"":1,""num_decode"":1}",1,0.018518518518518517
h102-o300-d120-a100-slow,h102-o300-d120,decode,2.0,0.15,Raw-Remaining,0,0.0216680888,ok,False,False,28,0.0013681999989785254,"{""kind"":""sla_time"",""object"":""decode"",""request_id"":""azure-00000"",""required"":0.2680654770888571,""limit"":0.15,""time_s"":47.150816956223665,""side"":""post"",""num_prefill"":1,""num_decode"":1}",5,0.09259259259259259
h102-o300-d120-a100-slow,h102-o300-d120,decode,2.0,0.15,Raw-Remaining,0,0.016,ok,True,True,1001,0.0358721999800764,,0,0.0
h102-o300-d120-a100-slow,h102-o300-d120,decode,2.0,0.15,Raw-Remaining,0,0.0174481237,ok,False,False,185,0.00598720001289621,"{""kind"":""sla_time"",""object"":""decode"",""request_id"":""azure-00009"",""required"":0.2589735733751759,""limit"":0.15,""time_s"":1089.9423027187731,""side"":""post"",""num_prefill"":1,""num_decode"":1}",1,0.018518518518518517
h102-o300-d120-a100-slow,h102-o300-d120,decode,2.0,0.15,Legacy-Full,0,16.384,ok,False,False,4,0.0003841999568976462,"{""kind"":""sla_time"",""object"":""decode"",""request_id"":""azure-00001"",""required"":0.9032087723864575,""limit"":0.15,""time_s"":1.2042751562499998,""side"":""post"",""num_prefill"":2,""num_decode"":1}",54,1.0
h102-o300-d120-a100-slow,h102-o300-d120,decode,2.0,0.15,Legacy-Full,0,0.019869725,ok,False,False,180,0.00565679999999702,"{""kind"":""sla_time"",""object"":""decode"",""request_id"":""azure-00009"",""required"":0.2589735733751759,""limit"":0.15,""time_s"":957.228634266453,""side"":""post"",""num_prefill"":1,""num_decode"":1}",1,0.018518518518518517
h102-o300-d120-a100-slow,h102-o300-d120,decode,2.0,0.15,Legacy-Full,0,0.032,ok,False,False,19,0.0008768000407144427,"{""kind"":""sla_time"",""object"":""decode"",""request_id"":""azure-00000"",""required"":0.2680654770888571,""limit"":0.15,""time_s"":32.25,""side"":""post"",""num_prefill"":1,""num_decode"":1}",8,0.14814814814814814
h102-o300-d120-a100-slow,h102-o300-d120,decode,2.0,0.15,Legacy-Full,0,0.256,ok,False,False,4,0.00034929998219013214,"{""kind"":""sla_time"",""object"":""decode"",""request_id"":""azure-00000"",""required"":0.2680654770888571,""limit"":0.15,""time_s"":4.90625,""side"":""post"",""num_prefill"":1,""num_decode"":1}",42,0.7777777777777778
h102-o300-d120-a100-slow,h102-o300-d120,decode,2.0,0.15,Legacy-Full,0,0.0182206181,ok,False,False,182,0.005684300034772605,"{""kind"":""sla_time"",""object"":""decode"",""request_id"":""azure-00009"",""required"":0.2589735733751759,""limit"":0.15,""time_s"":1043.774723432681,""side"":""post"",""num_prefill"":1,""num_decode"":1}",1,0.018518518518518517
h102-o300-d120-a100-slow,h102-o300-d120,decode,2.0,0.15,Legacy-Full,0,0.022627417,ok,False,False,26,0.0010039000189863145,"{""kind"":""sla_time"",""object"":""decode"",""request_id"":""azure-00000"",""required"":0.2680654770888571,""limit"":0.15,""time_s"":45.19417382019344,""side"":""post"",""num_prefill"":1,""num_decode"":1}",8,0.14814814814814814
h102-o300-d120-a100-slow,h102-o300-d120,decode,2.0,0.15,Legacy-Full,0,1.024,ok,False,False,3,0.0003321000258438289,"{""kind"":""sla_time"",""object"":""decode"",""request_id"":""azure-00000"",""required"":0.2680654770888571,""limit"":0.15,""time_s"":1.9765625,""side"":""post"",""num_prefill"":1,""num_decode"":1}",53,0.9814814814814815
h102-o300-d120-a100-slow,h102-o300-d120,decode,2.0,0.15,Legacy-Full,0,0.0212037863,ok,False,False,27,0.0011206999770365655,"{""kind"":""sla_time"",""object"":""decode"",""request_id"":""azure-00000"",""required"":0.2680654770888571,""limit"":0.15,""time_s"":48.16138834128884,""side"":""post"",""num_prefill"":1,""num_decode"":1}",4,0.07407407407407407
h102-o300-d120-a100-slow,h102-o300-d120,decode,2.0,0.15,Legacy-Full,0,0.064,ok,False,False,11,0.0005635999841615558,"{""kind"":""sla_time"",""object"":""decode"",""request_id"":""azure-00000"",""required"":0.2680654770888571,""limit"":0.15,""time_s"":16.625,""side"":""post"",""num_prefill"":1,""num_decode"":1}",23,0.42592592592592593
h102-o300-d120-a100-slow,h102-o300-d120,decode,2.0,0.15,Legacy-Full,0,0.0163503544,ok,False,False,186,0.005591500026639551,"{""kind"":""sla_time"",""object"":""decode"",""request_id"":""azure-00009"",""required"":0.2589735733751759,""limit"":0.15,""time_s"":1163.0543221986675,""side"":""post"",""num_prefill"":1,""num_decode"":1}",1,0.018518518518518517
h102-o300-d120-a100-slow,h102-o300-d120,decode,2.0,0.15,Legacy-Full,0,0.0190273138,ok,False,True,181,0.005571799993049353,"{""kind"":""sla_time"",""object"":""decode"",""request_id"":""azure-00009"",""required"":0.2589735733751759,""limit"":0.15,""time_s"":999.5644952152941,""side"":""post"",""num_prefill"":1,""num_decode"":1}",0,0.0
h102-o300-d120-a100-slow,h102-o300-d120,decode,2.0,0.15,Legacy-Full,0,0.0186195977,ok,False,False,182,0.005578700045589358,"{""kind"":""sla_time"",""object"":""decode"",""request_id"":""azure-00009"",""required"":0.2589735733751759,""limit"":0.15,""time_s"":1021.4302104765668,""side"":""post"",""num_prefill"":1,""num_decode"":1}",1,0.018518518518518517
h102-o300-d120-a100-slow,h102-o300-d120,decode,2.0,0.15,Legacy-Full,0,0.001,ok,True,True,1001,0.03052989998832345,,0,0.0
h102-o300-d120-a100-slow,h102-o300-d120,decode,2.0,0.15,Legacy-Full,0,65.536,ok,False,False,5,0.00045440002577379346,"{""kind"":""network"",""object"":""slow-0"",""required"":323585154.40533674,""limit"":312500000.0,""time_s"":1.09918212890625,""side"":""post"",""num_prefill"":5,""num_decode"":0}",54,1.0
h102-o300-d120-a100-slow,h102-o300-d120,decode,2.0,0.15,Legacy-Full,0,0.004,ok,True,True,1001,0.02953599998727441,,0,0.0
h102-o300-d120-a100-slow,h102-o300-d120,decode,2.0,0.15,Legacy-Full,0,0.0194439577,ok,False,True,181,0.005353499960619956,"{""kind"":""sla_time"",""object"":""decode"",""request_id"":""azure-00009"",""required"":0.2589735733751759,""limit"":0.15,""time_s"":978.1673181535465,""side"":""post"",""num_prefill"":1,""num_decode"":1}",0,0.0
h102-o300-d120-a100-slow,h102-o300-d120,decode,2.0,0.15,Legacy-Full,0,0.0207494329,ok,False,False,28,0.0010486000101082027,"{""kind"":""sla_time"",""object"":""decode"",""request_id"":""azure-00000"",""required"":0.2680654770888571,""limit"":0.15,""time_s"":49.19408823457532,""side"":""post"",""num_prefill"":1,""num_decode"":1}",1,0.018518518518518517
h102-o300-d120-a100-slow,h102-o300-d120,decode,2.0,0.15,Legacy-Full,0,4.096,ok,False,False,3,0.0003364000003784895,"{""kind"":""sla_time"",""object"":""decode"",""request_id"":""azure-00001"",""required"":0.7766214976036652,""limit"":0.15,""time_s"":1.3873806249999998,""side"":""post"",""num_prefill"":1,""num_decode"":1}",54,1.0
h102-o300-d120-a100-slow,h102-o300-d120,decode,2.0,0.15,Legacy-Full,0,0.0167083805,ok,False,False,185,0.006250299979001284,"{""kind"":""sla_time"",""object"":""decode"",""request_id"":""azure-00009"",""required"":0.2589735733751759,""limit"":0.15,""time_s"":1138.1538971116918,""side"":""post"",""num_prefill"":1,""num_decode"":1}",1,0.018518518518518517
h102-o300-d120-a100-slow,h102-o300-d120,decode,2.0,0.15,Legacy-Full,0,0.0216680888,ok,False,False,27,0.0010273000225424767,"{""kind"":""sla_time"",""object"":""decode"",""request_id"":""azure-00000"",""required"":0.2680654770888571,""limit"":0.15,""time_s"":47.150816956223665,""side"":""post"",""num_prefill"":1,""num_decode"":1}",5,0.09259259259259259
h102-o300-d120-a100-slow,h102-o300-d120,decode,2.0,0.15,Legacy-Full,0,0.016,ok,False,True,187,0.005819500016514212,"{""kind"":""sla_time"",""object"":""decode"",""request_id"":""azure-00009"",""required"":0.2589735733751759,""limit"":0.15,""time_s"":1188.5,""side"":""post"",""num_prefill"":1,""num_decode"":1}",0,0.0
h102-o300-d120-a100-slow,h102-o300-d120,decode,2.0,0.15,Legacy-Full,0,0.0174481237,ok,False,False,184,0.005566500010900199,"{""kind"":""sla_time"",""object"":""decode"",""request_id"":""azure-00009"",""required"":0.2589735733751759,""limit"":0.15,""time_s"":1089.9423027187731,""side"":""post"",""num_prefill"":1,""num_decode"":1}",1,0.018518518518518517
h102-o300-d120-a100-slow,h102-o300-d120,decode,2.0,0.15,Legacy-Remaining,0,16.384,ok,False,False,4,0.00037100003100931644,"{""kind"":""sla_time"",""object"":""decode"",""request_id"":""azure-00001"",""required"":0.68032097834829,""limit"":0.15,""time_s"":1.2042751562499998,""side"":""post"",""num_prefill"":2,""num_decode"":1}",54,1.0
h102-o300-d120-a100-slow,h102-o300-d120,decode,2.0,0.15,Legacy-Remaining,0,0.019869725,ok,False,False,180,0.00576189998537302,"{""kind"":""sla_time"",""object"":""decode"",""request_id"":""azure-00009"",""required"":0.2589735733751759,""limit"":0.15,""time_s"":957.228634266453,""side"":""post"",""num_prefill"":1,""num_decode"":1}",1,0.018518518518518517
h102-o300-d120-a100-slow,h102-o300-d120,decode,2.0,0.15,Legacy-Remaining,0,0.032,ok,False,False,19,0.0008039000094868243,"{""kind"":""sla_time"",""object"":""decode"",""request_id"":""azure-00000"",""required"":0.2680654770888571,""limit"":0.15,""time_s"":32.25,""side"":""post"",""num_prefill"":1,""num_decode"":1}",8,0.14814814814814814
h102-o300-d120-a100-slow,h102-o300-d120,decode,2.0,0.15,Legacy-Remaining,0,0.256,ok,False,False,4,0.0003923000185750425,"{""kind"":""sla_time"",""object"":""decode"",""request_id"":""azure-00000"",""required"":0.2680654770888571,""limit"":0.15,""time_s"":4.90625,""side"":""post"",""num_prefill"":1,""num_decode"":1}",42,0.7777777777777778
h102-o300-d120-a100-slow,h102-o300-d120,decode,2.0,0.15,Legacy-Remaining,0,0.0182206181,ok,False,False,182,0.005606200022157282,"{""kind"":""sla_time"",""object"":""decode"",""request_id"":""azure-00009"",""required"":0.2589735733751759,""limit"":0.15,""time_s"":1043.774723432681,""side"":""post"",""num_prefill"":1,""num_decode"":1}",1,0.018518518518518517
h102-o300-d120-a100-slow,h102-o300-d120,decode,2.0,0.15,Legacy-Remaining,0,0.022627417,ok,False,False,26,0.0012781000114046037,"{""kind"":""sla_time"",""object"":""decode"",""request_id"":""azure-00000"",""required"":0.2680654770888571,""limit"":0.15,""time_s"":45.19417382019344,""side"":""post"",""num_prefill"":1,""num_decode"":1}",8,0.14814814814814814
h102-o300-d120-a100-slow,h102-o300-d120,decode,2.0,0.15,Legacy-Remaining,0,1.024,ok,False,False,3,0.00032049999572336674,"{""kind"":""sla_time"",""object"":""decode"",""request_id"":""azure-00000"",""required"":0.2680654770888571,""limit"":0.15,""time_s"":1.9765625,""side"":""post"",""num_prefill"":1,""num_decode"":1}",53,0.9814814814814815
h102-o300-d120-a100-slow,h102-o300-d120,decode,2.0,0.15,Legacy-Remaining,0,0.0212037863,ok,False,False,27,0.0010705000022426248,"{""kind"":""sla_time"",""object"":""decode"",""request_id"":""azure-00000"",""required"":0.2680654770888571,""limit"":0.15,""time_s"":48.16138834128884,""side"":""post"",""num_prefill"":1,""num_decode"":1}",4,0.07407407407407407
h102-o300-d120-a100-slow,h102-o300-d120,decode,2.0,0.15,Legacy-Remaining,0,0.064,ok,False,False,11,0.0005537999677471817,"{""kind"":""sla_time"",""object"":""decode"",""request_id"":""azure-00000"",""required"":0.2680654770888571,""limit"":0.15,""time_s"":16.625,""side"":""post"",""num_prefill"":1,""num_decode"":1}",23,0.42592592592592593
h102-o300-d120-a100-slow,h102-o300-d120,decode,2.0,0.15,Legacy-Remaining,0,0.0163503544,ok,False,False,186,0.006006799987517297,"{""kind"":""sla_time"",""object"":""decode"",""request_id"":""azure-00009"",""required"":0.2589735733751759,""limit"":0.15,""time_s"":1163.0543221986675,""side"":""post"",""num_prefill"":1,""num_decode"":1}",1,0.018518518518518517
h102-o300-d120-a100-slow,h102-o300-d120,decode,2.0,0.15,Legacy-Remaining,0,0.0190273138,ok,False,True,181,0.006501600029878318,"{""kind"":""sla_time"",""object"":""decode"",""request_id"":""azure-00009"",""required"":0.2589735733751759,""limit"":0.15,""time_s"":999.5644952152941,""side"":""post"",""num_prefill"":1,""num_decode"":1}",0,0.0
h102-o300-d120-a100-slow,h102-o300-d120,decode,2.0,0.15,Legacy-Remaining,0,0.0186195977,ok,False,False,182,0.005602399993222207,"{""kind"":""sla_time"",""object"":""decode"",""request_id"":""azure-00009"",""required"":0.2589735733751759,""limit"":0.15,""time_s"":1021.4302104765668,""side"":""post"",""num_prefill"":1,""num_decode"":1}",1,0.018518518518518517
h102-o300-d120-a100-slow,h102-o300-d120,decode,2.0,0.15,Legacy-Remaining,0,0.001,ok,True,True,1001,0.04640049999579787,,0,0.0
h102-o300-d120-a100-slow,h102-o300-d120,decode,2.0,0.15,Legacy-Remaining,0,65.536,ok,False,False,5,0.00047179998364299536,"{""kind"":""network"",""object"":""slow-0"",""required"":323585154.40533674,""limit"":312500000.0,""time_s"":1.09918212890625,""side"":""post"",""num_prefill"":5,""num_decode"":0}",54,1.0
h102-o300-d120-a100-slow,h102-o300-d120,decode,2.0,0.15,Legacy-Remaining,0,0.004,ok,True,True,1001,0.03143259999342263,,0,0.0
h102-o300-d120-a100-slow,h102-o300-d120,decode,2.0,0.15,Legacy-Remaining,0,0.0194439577,ok,False,True,181,0.00853720004670322,"{""kind"":""sla_time"",""object"":""decode"",""request_id"":""azure-00009"",""required"":0.2589735733751759,""limit"":0.15,""time_s"":978.1673181535465,""side"":""post"",""num_prefill"":1,""num_decode"":1}",0,0.0
h102-o300-d120-a100-slow,h102-o300-d120,decode,2.0,0.15,Legacy-Remaining,0,0.0207494329,ok,False,False,28,0.001216700009535998,"{""kind"":""sla_time"",""object"":""decode"",""request_id"":""azure-00000"",""required"":0.2680654770888571,""limit"":0.15,""time_s"":49.19408823457532,""side"":""post"",""num_prefill"":1,""num_decode"":1}",1,0.018518518518518517
h102-o300-d120-a100-slow,h102-o300-d120,decode,2.0,0.15,Legacy-Remaining,0,4.096,ok,False,False,3,0.00036289996933192015,"{""kind"":""sla_time"",""object"":""decode"",""request_id"":""azure-00001"",""required"":0.3924288756404024,""limit"":0.15,""time_s"":1.3873806249999998,""side"":""post"",""num_prefill"":1,""num_decode"":1}",54,1.0
h102-o300-d120-a100-slow,h102-o300-d120,decode,2.0,0.15,Legacy-Remaining,0,0.0167083805,ok,False,False,185,0.008256700006313622,"{""kind"":""sla_time"",""object"":""decode"",""request_id"":""azure-00009"",""required"":0.2589735733751759,""limit"":0.15,""time_s"":1138.1538971116918,""side"":""post"",""num_prefill"":1,""num_decode"":1}",1,0.018518518518518517
h102-o300-d120-a100-slow,h102-o300-d120,decode,2.0,0.15,Legacy-Remaining,0,0.0216680888,ok,False,False,27,0.0010740000288933516,"{""kind"":""sla_time"",""object"":""decode"",""request_id"":""azure-00000"",""required"":0.2680654770888571,""limit"":0.15,""time_s"":47.150816956223665,""side"":""post"",""num_prefill"":1,""num_decode"":1}",5,0.09259259259259259
h102-o300-d120-a100-slow,h102-o300-d120,decode,2.0,0.15,Legacy-Remaining,0,0.016,ok,False,True,187,0.005774300021585077,"{""kind"":""sla_time"",""object"":""decode"",""request_id"":""azure-00009"",""required"":0.2589735733751759,""limit"":0.15,""time_s"":1188.5,""side"":""post"",""num_prefill"":1,""num_decode"":1}",0,0.0
h102-o300-d120-a100-slow,h102-o300-d120,decode,2.0,0.15,Legacy-Remaining,0,0.0174481237,ok,False,False,184,0.006804300006479025,"{""kind"":""sla_time"",""object"":""decode"",""request_id"":""azure-00009"",""required"":0.2589735733751759,""limit"":0.15,""time_s"":1089.9423027187731,""side"":""post"",""num_prefill"":1,""num_decode"":1}",1,0.018518518518518517
h102-o300-d120-a100-slow,h102-o300-d120,relaxed_decode,2.0,1.0,Raw-Full,0,16.384,ok,False,False,5,0.0012344169663265347,"{""kind"":""sla_time"",""object"":""decode"",""request_id"":""azure-00001"",""required"":1.6181404466896994,""limit"":1.0,""time_s"":1.244140625,""side"":""post"",""num_prefill"":3,""num_decode"":1}",37,0.6851851851851852
h102-o300-d120-a100-slow,h102-o300-d120,relaxed_decode,2.0,1.0,Raw-Full,0,0.019869725,ok,True,True,1001,0.031002200033981353,,0,0.0
h102-o300-d120-a100-slow,h102-o300-d120,relaxed_decode,2.0,1.0,Raw-Full,0,0.032,ok,False,False,697,0.023660900013055652,"{""kind"":""sla_time"",""object"":""decode"",""request_id"":""azure-00035"",""required"":1.2942092231198832,""limit"":1.0,""time_s"":2376.0,""side"":""post"",""num_prefill"":1,""num_decode"":1}",4,0.07407407407407407
h102-o300-d120-a100-slow,h102-o300-d120,relaxed_decode,2.0,1.0,Raw-Full,0,0.256,ok,False,False,658,0.15370600001187995,"{""kind"":""sla_time"",""object"":""decode"",""request_id"":""azure-00030"",""required"":1.2942092231198832,""limit"":1.0,""time_s"":297.875,""side"":""post"",""num_prefill"":1,""num_decode"":3}",33,0.6111111111111112
h102-o300-d120-a100-slow,h102-o300-d120,relaxed_decode,2.0,1.0,Raw-Full,0,0.0182206181,ok,True,True,1001,0.04099649999989197,,0,0.0
h102-o300-d120-a100-slow,h102-o300-d120,relaxed_decode,2.0,1.0,Raw-Full,0,0.022627417,ok,False,False,704,0.021609000046737492,"{""kind"":""sla_time"",""object"":""decode"",""request_id"":""azure-00035"",""required"":1.2942092231198832,""limit"":1.0,""time_s"":3359.7572103347015,""side"":""post"",""num_prefill"":1,""num_decode"":1}",4,0.07407407407407407
h102-o300-d120-a100-slow,h102-o300-d120,relaxed_decode,2.0,1.0,Raw-Full,0,1.024,ok,False,False,508,0.37327433296013623,"{""kind"":""sla_time"",""object"":""decode"",""request_id"":""azure-00009"",""required"":1.302209223119883,""limit"":1.0,""time_s"":75.21875,""side"":""post"",""num_prefill"":1,""num_decode"":19}",50,0.9259259259259259
h102-o300-d120-a100-slow,h102-o300-d120,relaxed_decode,2.0,1.0,Raw-Full,0,0.0212037863,ok,True,False,1001,0.03091970004606992,,3,0.05555555555555555
h102-o300-d120-a100-slow,h102-o300-d120,relaxed_decode,2.0,1.0,Raw-Full,0,0.064,ok,False,False,688,0.1886906250147149,"{""kind"":""sla_time"",""object"":""decode"",""request_id"":""azure-00035"",""required"":1.2942092231198832,""limit"":1.0,""time_s"":1188.5,""side"":""post"",""num_prefill"":1,""num_decode"":1}",15,0.2777777777777778
h102-o300-d120-a100-slow,h102-o300-d120,relaxed_decode,2.0,1.0,Raw-Full,0,0.0163503544,ok,True,True,1001,0.047527900023851544,,0,0.0
h102-o300-d120-a100-slow,h102-o300-d120,relaxed_decode,2.0,1.0,Raw-Full,0,0.0190273138,ok,True,True,1001,0.03331039997283369,,0,0.0
h102-o300-d120-a100-slow,h102-o300-d120,relaxed_decode,2.0,1.0,Raw-Full,0,0.0186195977,ok,True,True,1001,0.04035759996622801,,0,0.0
h102-o300-d120-a100-slow,h102-o300-d120,relaxed_decode,2.0,1.0,Raw-Full,0,0.001,ok,True,True,1001,0.02895862504374236,,0,0.0
h102-o300-d120-a100-slow,h102-o300-d120,relaxed_decode,2.0,1.0,Raw-Full,0,65.536,ok,False,False,5,0.0018241669749841094,"{""kind"":""network"",""object"":""slow-0"",""required"":323585154.40533674,""limit"":312500000.0,""time_s"":1.09918212890625,""side"":""post"",""num_prefill"":5,""num_decode"":0}",54,1.0
h102-o300-d120-a100-slow,h102-o300-d120,relaxed_decode,2.0,1.0,Raw-Full,0,0.004,ok,True,True,1001,0.057477249996736646,,0,0.0
h102-o300-d120-a100-slow,h102-o300-d120,relaxed_decode,2.0,1.0,Raw-Full,0,0.0194439577,ok,True,True,1001,0.03593640000326559,,0,0.0
h102-o300-d120-a100-slow,h102-o300-d120,relaxed_decode,2.0,1.0,Raw-Full,0,0.0207494329,ok,True,True,1001,0.040512399980798364,,0,0.0
h102-o300-d120-a100-slow,h102-o300-d120,relaxed_decode,2.0,1.0,Raw-Full,0,4.096,ok,False,False,8,0.0016639999812468886,"{""kind"":""sla_time"",""object"":""decode"",""request_id"":""azure-00000"",""required"":1.6422388610352558,""limit"":1.0,""time_s"":2.5869140625,""side"":""post"",""num_prefill"":2,""num_decode"":3}",50,0.9259259259259259
h102-o300-d120-a100-slow,h102-o300-d120,relaxed_decode,2.0,1.0,Raw-Full,0,0.0167083805,ok,True,True,1001,0.03666720003820956,,0,0.0
h102-o300-d120-a100-slow,h102-o300-d120,relaxed_decode,2.0,1.0,Raw-Full,0,0.0216680888,ok,False,False,705,0.022264699975494295,"{""kind"":""sla_time"",""object"":""decode"",""request_id"":""azure-00035"",""required"":1.2942092231198832,""limit"":1.0,""time_s"":3508.4620886729986,""side"":""post"",""num_prefill"":1,""num_decode"":1}",3,0.05555555555555555
h102-o300-d120-a100-slow,h102-o300-d120,relaxed_decode,2.0,1.0,Raw-Full,0,0.016,ok,True,True,1001,0.06700787495356053,,0,0.0
h102-o300-d120-a100-slow,h102-o300-d120,relaxed_decode,2.0,1.0,Raw-Full,0,0.0174481237,ok,True,True,1001,0.036534099956043065,,0,0.0
h102-o300-d120-a100-slow,h102-o300-d120,relaxed_decode,2.0,1.0,Raw-Remaining,0,16.384,ok,False,False,5,0.000458099995739758,"{""kind"":""sla_time"",""object"":""decode"",""request_id"":""azure-00001"",""required"":1.3129646654396991,""limit"":1.0,""time_s"":1.244140625,""side"":""post"",""num_prefill"":3,""num_decode"":1}",37,0.6851851851851852
h102-o300-d120-a100-slow,h102-o300-d120,relaxed_decode,2.0,1.0,Raw-Remaining,0,0.019869725,ok,True,True,1001,0.030910999979823828,,0,0.0
h102-o300-d120-a100-slow,h102-o300-d120,relaxed_decode,2.0,1.0,Raw-Remaining,0,0.032,ok,False,False,697,0.023921200016047806,"{""kind"":""sla_time"",""object"":""decode"",""request_id"":""azure-00035"",""required"":1.2942092231198832,""limit"":1.0,""time_s"":2376.0,""side"":""post"",""num_prefill"":1,""num_decode"":1}",4,0.07407407407407407
h102-o300-d120-a100-slow,h102-o300-d120,relaxed_decode,2.0,1.0,Raw-Remaining,0,0.256,ok,False,False,658,0.06075280002551153,"{""kind"":""sla_time"",""object"":""decode"",""request_id"":""azure-00030"",""required"":1.2942092231198832,""limit"":1.0,""time_s"":297.875,""side"":""post"",""num_prefill"":1,""num_decode"":3}",33,0.6111111111111112
h102-o300-d120-a100-slow,h102-o300-d120,relaxed_decode,2.0,1.0,Raw-Remaining,0,0.0182206181,ok,True,True,1001,0.03406449995236471,,0,0.0
h102-o300-d120-a100-slow,h102-o300-d120,relaxed_decode,2.0,1.0,Raw-Remaining,0,0.022627417,ok,False,False,704,0.025641200016252697,"{""kind"":""sla_time"",""object"":""decode"",""request_id"":""azure-00035"",""required"":1.2942092231198832,""limit"":1.0,""time_s"":3359.7572103347015,""side"":""post"",""num_prefill"":1,""num_decode"":1}",4,0.07407407407407407
h102-o300-d120-a100-slow,h102-o300-d120,relaxed_decode,2.0,1.0,Raw-Remaining,0,1.024,ok,False,False,508,0.14472029998432845,"{""kind"":""sla_time"",""object"":""decode"",""request_id"":""azure-00009"",""required"":1.302209223119883,""limit"":1.0,""time_s"":75.21875,""side"":""post"",""num_prefill"":1,""num_decode"":19}",50,0.9259259259259259
h102-o300-d120-a100-slow,h102-o300-d120,relaxed_decode,2.0,1.0,Raw-Remaining,0,0.0212037863,ok,True,False,1001,0.031690899981185794,,3,0.05555555555555555
h102-o300-d120-a100-slow,h102-o300-d120,relaxed_decode,2.0,1.0,Raw-Remaining,0,0.064,ok,False,False,688,0.02972250001039356,"{""kind"":""sla_time"",""object"":""decode"",""request_id"":""azure-00035"",""required"":1.2942092231198832,""limit"":1.0,""time_s"":1188.5,""side"":""post"",""num_prefill"":1,""num_decode"":1}",15,0.2777777777777778
h102-o300-d120-a100-slow,h102-o300-d120,relaxed_decode,2.0,1.0,Raw-Remaining,0,0.0163503544,ok,True,True,1001,0.0441751999896951,,0,0.0
h102-o300-d120-a100-slow,h102-o300-d120,relaxed_decode,2.0,1.0,Raw-Remaining,0,0.0190273138,ok,True,True,1001,0.032981500029563904,,0,0.0
h102-o300-d120-a100-slow,h102-o300-d120,relaxed_decode,2.0,1.0,Raw-Remaining,0,0.0186195977,ok,True,True,1001,0.03454680001595989,,0,0.0
h102-o300-d120-a100-slow,h102-o300-d120,relaxed_decode,2.0,1.0,Raw-Remaining,0,0.001,ok,True,True,1001,0.03047229995718226,,0,0.0
h102-o300-d120-a100-slow,h102-o300-d120,relaxed_decode,2.0,1.0,Raw-Remaining,0,65.536,ok,False,False,5,0.00048230000538751483,"{""kind"":""network"",""object"":""slow-0"",""required"":323585154.40533674,""limit"":312500000.0,""time_s"":1.09918212890625,""side"":""post"",""num_prefill"":5,""num_decode"":0}",54,1.0
h102-o300-d120-a100-slow,h102-o300-d120,relaxed_decode,2.0,1.0,Raw-Remaining,0,0.004,ok,True,True,1001,0.032954499998595566,,0,0.0
h102-o300-d120-a100-slow,h102-o300-d120,relaxed_decode,2.0,1.0,Raw-Remaining,0,0.0194439577,ok,True,True,1001,0.03481289994670078,,0,0.0
h102-o300-d120-a100-slow,h102-o300-d120,relaxed_decode,2.0,1.0,Raw-Remaining,0,0.0207494329,ok,True,True,1001,0.03636179998284206,,0,0.0
h102-o300-d120-a100-slow,h102-o300-d120,relaxed_decode,2.0,1.0,Raw-Remaining,0,4.096,ok,False,False,8,0.0007248999900184572,"{""kind"":""sla_time"",""object"":""decode"",""request_id"":""azure-00000"",""required"":1.0318872985352558,""limit"":1.0,""time_s"":2.5869140625,""side"":""post"",""num_prefill"":2,""num_decode"":3}",50,0.9259259259259259
h102-o300-d120-a100-slow,h102-o300-d120,relaxed_decode,2.0,1.0,Raw-Remaining,0,0.0167083805,ok,True,True,1001,0.030997699999716133,,0,0.0
h102-o300-d120-a100-slow,h102-o300-d120,relaxed_decode,2.0,1.0,Raw-Remaining,0,0.0216680888,ok,False,False,705,0.024605600046925247,"{""kind"":""sla_time"",""object"":""decode"",""request_id"":""azure-00035"",""required"":1.2942092231198832,""limit"":1.0,""time_s"":3508.4620886729986,""side"":""post"",""num_prefill"":1,""num_decode"":1}",3,0.05555555555555555
h102-o300-d120-a100-slow,h102-o300-d120,relaxed_decode,2.0,1.0,Raw-Remaining,0,0.016,ok,True,True,1001,0.03022329998202622,,0,0.0
h102-o300-d120-a100-slow,h102-o300-d120,relaxed_decode,2.0,1.0,Raw-Remaining,0,0.0174481237,ok,True,True,1001,0.0319016000139527,,0,0.0
h102-o300-d120-a100-slow,h102-o300-d120,relaxed_decode,2.0,1.0,Legacy-Full,0,16.384,ok,False,False,5,0.0004556999774649739,"{""kind"":""sla_time"",""object"":""decode"",""request_id"":""azure-00001"",""required"":1.6181404466896994,""limit"":1.0,""time_s"":1.244140625,""side"":""post"",""num_prefill"":3,""num_decode"":1}",37,0.6851851851851852
h102-o300-d120-a100-slow,h102-o300-d120,relaxed_decode,2.0,1.0,Legacy-Full,0,0.019869725,ok,True,True,1001,0.0320555999642238,,0,0.0
h102-o300-d120-a100-slow,h102-o300-d120,relaxed_decode,2.0,1.0,Legacy-Full,0,0.032,ok,False,False,696,0.024200199986808002,"{""kind"":""sla_time"",""object"":""decode"",""request_id"":""azure-00035"",""required"":1.2942092231198832,""limit"":1.0,""time_s"":2376.0,""side"":""post"",""num_prefill"":1,""num_decode"":1}",4,0.07407407407407407
h102-o300-d120-a100-slow,h102-o300-d120,relaxed_decode,2.0,1.0,Legacy-Full,0,0.256,ok,False,False,656,0.06207530002575368,"{""kind"":""sla_time"",""object"":""decode"",""request_id"":""azure-00030"",""required"":1.2942092231198832,""limit"":1.0,""time_s"":297.875,""side"":""post"",""num_prefill"":1,""num_decode"":3}",33,0.6111111111111112
h102-o300-d120-a100-slow,h102-o300-d120,relaxed_decode,2.0,1.0,Legacy-Full,0,0.0182206181,ok,True,True,1001,0.030853799951728433,,0,0.0
h102-o300-d120-a100-slow,h102-o300-d120,relaxed_decode,2.0,1.0,Legacy-Full,0,0.022627417,ok,False,False,703,0.023288699972908944,"{""kind"":""sla_time"",""object"":""decode"",""request_id"":""azure-00035"",""required"":1.2942092231198832,""limit"":1.0,""time_s"":3359.7572103347015,""side"":""post"",""num_prefill"":1,""num_decode"":1}",4,0.07407407407407407
h102-o300-d120-a100-slow,h102-o300-d120,relaxed_decode,2.0,1.0,Legacy-Full,0,1.024,ok,False,False,496,0.13125459995353594,"{""kind"":""sla_time"",""object"":""decode"",""request_id"":""azure-00009"",""required"":1.302209223119883,""limit"":1.0,""time_s"":75.21875,""side"":""post"",""num_prefill"":1,""num_decode"":19}",50,0.9259259259259259
h102-o300-d120-a100-slow,h102-o300-d120,relaxed_decode,2.0,1.0,Legacy-Full,0,0.0212037863,ok,False,False,704,0.023042600019834936,"{""kind"":""sla_time"",""object"":""decode"",""request_id"":""azure-00035"",""required"":1.2942092231198832,""limit"":1.0,""time_s"":3585.2655139379517,""side"":""post"",""num_prefill"":1,""num_decode"":1}",3,0.05555555555555555
h102-o300-d120-a100-slow,h102-o300-d120,relaxed_decode,2.0,1.0,Legacy-Full,0,0.064,ok,False,False,687,0.028756200044881552,"{""kind"":""sla_time"",""object"":""decode"",""request_id"":""azure-00035"",""required"":1.2942092231198832,""limit"":1.0,""time_s"":1188.5,""side"":""post"",""num_prefill"":1,""num_decode"":1}",15,0.2777777777777778
h102-o300-d120-a100-slow,h102-o300-d120,relaxed_decode,2.0,1.0,Legacy-Full,0,0.0163503544,ok,True,True,1001,0.03126010001869872,,0,0.0
h102-o300-d120-a100-slow,h102-o300-d120,relaxed_decode,2.0,1.0,Legacy-Full,0,0.0190273138,ok,True,True,1001,0.030484899994917214,,0,0.0
h102-o300-d120-a100-slow,h102-o300-d120,relaxed_decode,2.0,1.0,Legacy-Full,0,0.0186195977,ok,True,True,1001,0.03157039999496192,,0,0.0
h102-o300-d120-a100-slow,h102-o300-d120,relaxed_decode,2.0,1.0,Legacy-Full,0,0.001,ok,True,True,1001,0.030205200018826872,,0,0.0
h102-o300-d120-a100-slow,h102-o300-d120,relaxed_decode,2.0,1.0,Legacy-Full,0,65.536,ok,False,False,5,0.0004653000505641103,"{""kind"":""network"",""object"":""slow-0"",""required"":323585154.40533674,""limit"":312500000.0,""time_s"":1.09918212890625,""side"":""post"",""num_prefill"":5,""num_decode"":0}",54,1.0
h102-o300-d120-a100-slow,h102-o300-d120,relaxed_decode,2.0,1.0,Legacy-Full,0,0.004,ok,True,True,1001,0.031154799973592162,,0,0.0
h102-o300-d120-a100-slow,h102-o300-d120,relaxed_decode,2.0,1.0,Legacy-Full,0,0.0194439577,ok,True,True,1001,0.030910400033462793,,0,0.0
h102-o300-d120-a100-slow,h102-o300-d120,relaxed_decode,2.0,1.0,Legacy-Full,0,0.0207494329,ok,False,True,705,0.022160699998494238,"{""kind"":""sla_time"",""object"":""decode"",""request_id"":""azure-00035"",""required"":1.2942092231198832,""limit"":1.0,""time_s"":3663.7507058277242,""side"":""post"",""num_prefill"":1,""num_decode"":1}",0,0.0
h102-o300-d120-a100-slow,h102-o300-d120,relaxed_decode,2.0,1.0,Legacy-Full,0,4.096,ok,False,False,8,0.000674300012178719,"{""kind"":""sla_time"",""object"":""decode"",""request_id"":""azure-00000"",""required"":1.6422388610352558,""limit"":1.0,""time_s"":2.5869140625,""side"":""post"",""num_prefill"":2,""num_decode"":3}",50,0.9259259259259259
h102-o300-d120-a100-slow,h102-o300-d120,relaxed_decode,2.0,1.0,Legacy-Full,0,0.0167083805,ok,True,True,1001,0.030969700019340962,,0,0.0
h102-o300-d120-a100-slow,h102-o300-d120,relaxed_decode,2.0,1.0,Legacy-Full,0,0.0216680888,ok,False,False,704,0.022923699987586588,"{""kind"":""sla_time"",""object"":""decode"",""request_id"":""azure-00035"",""required"":1.2942092231198832,""limit"":1.0,""time_s"":3508.4620886729986,""side"":""post"",""num_prefill"":1,""num_decode"":1}",3,0.05555555555555555
h102-o300-d120-a100-slow,h102-o300-d120,relaxed_decode,2.0,1.0,Legacy-Full,0,0.016,ok,True,True,1001,0.03115639998577535,,0,0.0
h102-o300-d120-a100-slow,h102-o300-d120,relaxed_decode,2.0,1.0,Legacy-Full,0,0.0174481237,ok,True,True,1001,0.03186039999127388,,0,0.0
h102-o300-d120-a100-slow,h102-o300-d120,relaxed_decode,2.0,1.0,Legacy-Remaining,0,16.384,ok,False,False,5,0.000428799947258085,"{""kind"":""sla_time"",""object"":""decode"",""request_id"":""azure-00001"",""required"":1.3174993081983775,""limit"":1.0,""time_s"":1.244140625,""side"":""post"",""num_prefill"":3,""num_decode"":1}",37,0.6851851851851852
h102-o300-d120-a100-slow,h102-o300-d120,relaxed_decode,2.0,1.0,Legacy-Remaining,0,0.019869725,ok,True,True,1001,0.03317910002078861,,0,0.0
h102-o300-d120-a100-slow,h102-o300-d120,relaxed_decode,2.0,1.0,Legacy-Remaining,0,0.032,ok,False,False,696,0.024599399999715388,"{""kind"":""sla_time"",""object"":""decode"",""request_id"":""azure-00035"",""required"":1.2942092231198832,""limit"":1.0,""time_s"":2376.0,""side"":""post"",""num_prefill"":1,""num_decode"":1}",4,0.07407407407407407
h102-o300-d120-a100-slow,h102-o300-d120,relaxed_decode,2.0,1.0,Legacy-Remaining,0,0.256,ok,False,False,656,0.06281480001052842,"{""kind"":""sla_time"",""object"":""decode"",""request_id"":""azure-00030"",""required"":1.2942092231198832,""limit"":1.0,""time_s"":297.875,""side"":""post"",""num_prefill"":1,""num_decode"":3}",33,0.6111111111111112
h102-o300-d120-a100-slow,h102-o300-d120,relaxed_decode,2.0,1.0,Legacy-Remaining,0,0.0182206181,ok,True,True,1001,0.030412000021897256,,0,0.0
h102-o300-d120-a100-slow,h102-o300-d120,relaxed_decode,2.0,1.0,Legacy-Remaining,0,0.022627417,ok,False,False,703,0.02827619999879971,"{""kind"":""sla_time"",""object"":""decode"",""request_id"":""azure-00035"",""required"":1.2942092231198832,""limit"":1.0,""time_s"":3359.7572103347015,""side"":""post"",""num_prefill"":1,""num_decode"":1}",4,0.07407407407407407
h102-o300-d120-a100-slow,h102-o300-d120,relaxed_decode,2.0,1.0,Legacy-Remaining,0,1.024,ok,False,False,496,0.1359900000388734,"{""kind"":""sla_time"",""object"":""decode"",""request_id"":""azure-00009"",""required"":1.302209223119883,""limit"":1.0,""time_s"":75.21875,""side"":""post"",""num_prefill"":1,""num_decode"":19}",50,0.9259259259259259
h102-o300-d120-a100-slow,h102-o300-d120,relaxed_decode,2.0,1.0,Legacy-Remaining,0,0.0212037863,ok,False,False,704,0.022238600009586662,"{""kind"":""sla_time"",""object"":""decode"",""request_id"":""azure-00035"",""required"":1.2942092231198832,""limit"":1.0,""time_s"":3585.2655139379517,""side"":""post"",""num_prefill"":1,""num_decode"":1}",3,0.05555555555555555
h102-o300-d120-a100-slow,h102-o300-d120,relaxed_decode,2.0,1.0,Legacy-Remaining,0,0.064,ok,False,False,687,0.02931350003927946,"{""kind"":""sla_time"",""object"":""decode"",""request_id"":""azure-00035"",""required"":1.2942092231198832,""limit"":1.0,""time_s"":1188.5,""side"":""post"",""num_prefill"":1,""num_decode"":1}",15,0.2777777777777778
h102-o300-d120-a100-slow,h102-o300-d120,relaxed_decode,2.0,1.0,Legacy-Remaining,0,0.0163503544,ok,True,True,1001,0.030399999988730997,,0,0.0
h102-o300-d120-a100-slow,h102-o300-d120,relaxed_decode,2.0,1.0,Legacy-Remaining,0,0.0190273138,ok,True,True,1001,0.031323799979873,,0,0.0
h102-o300-d120-a100-slow,h102-o300-d120,relaxed_decode,2.0,1.0,Legacy-Remaining,0,0.0186195977,ok,True,True,1001,0.030774000042583793,,0,0.0
h102-o300-d120-a100-slow,h102-o300-d120,relaxed_decode,2.0,1.0,Legacy-Remaining,0,0.001,ok,True,True,1001,0.03525140002602711,,0,0.0
h102-o300-d120-a100-slow,h102-o300-d120,relaxed_decode,2.0,1.0,Legacy-Remaining,0,65.536,ok,False,False,5,0.0004962999955751002,"{""kind"":""network"",""object"":""slow-0"",""required"":323585154.40533674,""limit"":312500000.0,""time_s"":1.09918212890625,""side"":""post"",""num_prefill"":5,""num_decode"":0}",54,1.0
h102-o300-d120-a100-slow,h102-o300-d120,relaxed_decode,2.0,1.0,Legacy-Remaining,0,0.004,ok,True,True,1001,0.030657899973448366,,0,0.0
h102-o300-d120-a100-slow,h102-o300-d120,relaxed_decode,2.0,1.0,Legacy-Remaining,0,0.0194439577,ok,True,True,1001,0.03204219997860491,,0,0.0
h102-o300-d120-a100-slow,h102-o300-d120,relaxed_decode,2.0,1.0,Legacy-Remaining,0,0.0207494329,ok,False,True,705,0.026771700009703636,"{""kind"":""sla_time"",""object"":""decode"",""request_id"":""azure-00035"",""required"":1.2942092231198832,""limit"":1.0,""time_s"":3663.7507058277242,""side"":""post"",""num_prefill"":1,""num_decode"":1}",0,0.0
h102-o300-d120-a100-slow,h102-o300-d120,relaxed_decode,2.0,1.0,Legacy-Remaining,0,4.096,ok,False,False,8,0.0007104999967850745,"{""kind"":""sla_time"",""object"":""decode"",""request_id"":""azure-00000"",""required"":1.0365243826726473,""limit"":1.0,""time_s"":2.5869140625,""side"":""post"",""num_prefill"":2,""num_decode"":3}",50,0.9259259259259259
h102-o300-d120-a100-slow,h102-o300-d120,relaxed_decode,2.0,1.0,Legacy-Remaining,0,0.0167083805,ok,True,True,1001,0.03179660002933815,,0,0.0
h102-o300-d120-a100-slow,h102-o300-d120,relaxed_decode,2.0,1.0,Legacy-Remaining,0,0.0216680888,ok,False,False,704,0.023207499994896352,"{""kind"":""sla_time"",""object"":""decode"",""request_id"":""azure-00035"",""required"":1.2942092231198832,""limit"":1.0,""time_s"":3508.4620886729986,""side"":""post"",""num_prefill"":1,""num_decode"":1}",3,0.05555555555555555
h102-o300-d120-a100-slow,h102-o300-d120,relaxed_decode,2.0,1.0,Legacy-Remaining,0,0.016,ok,True,True,1001,0.0403025999548845,,0,0.0
h102-o300-d120-a100-slow,h102-o300-d120,relaxed_decode,2.0,1.0,Legacy-Remaining,0,0.0174481237,ok,True,True,1001,0.03110319998813793,,0,0.0
h103-o500-d30-a100-slow,h103-o500-d30,decode,2.0,0.15,Raw-Full,0,16.384,ok,False,False,3,0.00024159997701644897,"{""kind"":""network"",""object"":""slow-0"",""required"":312704279.16165423,""limit"":312500000.0,""time_s"":1.713623046875,""side"":""post"",""num_prefill"":3,""num_decode"":0}",15,1.0
h103-o500-d30-a100-slow,h103-o500-d30,decode,2.0,0.15,Raw-Full,0,0.0134543426,ok,True,True,298,0.016110499971546233,,0,0.0
h103-o500-d30-a100-slow,h103-o500-d30,decode,2.0,0.15,Raw-Full,0,0.032,ok,False,False,49,0.001678000029642135,"{""kind"":""sla_time"",""object"":""decode"",""request_id"":""azure-00001"",""required"":0.8334491831382207,""limit"":0.15,""time_s"":110.875,""side"":""post"",""num_prefill"":1,""num_decode"":1}",2,0.13333333333333333
h103-o500-d30-a100-slow,h103-o500-d30,decode,2.0,0.15,Raw-Full,0,0.256,ok,False,False,8,0.00040359998820349574,"{""kind"":""sla_time"",""object"":""decode"",""request_id"":""azure-00000"",""required"":0.8452098766093067,""limit"":0.15,""time_s"":11.265625,""side"":""post"",""num_prefill"":1,""num_decode"":1}",12,0.8
h103-o500-d30-a100-slow,h103-o500-d30,decode,2.0,0.15,Raw-Full,0,0.022627417,ok,False,False,56,0.0029761999612674117,"{""kind"":""sla_time"",""object"":""decode"",""request_id"":""azure-00001"",""required"":0.8334491831382207,""limit"":0.15,""time_s"":156.17960837067704,""side"":""post"",""num_prefill"":1,""num_decode"":1}",2,0.13333333333333333
h103-o500-d30-a100-slow,h103-o500-d30,decode,2.0,0.15,Raw-Full,0,1.024,ok,False,False,3,0.0002361999941058457,"{""kind"":""sla_time"",""object"":""decode"",""request_id"":""azure-00000"",""required"":0.8452098766093067,""limit"":0.15,""time_s"":3.94140625,""side"":""post"",""num_prefill"":1,""num_decode"":1}",15,1.0
h103-o500-d30-a100-slow,h103-o500-d30,decode,2.0,0.15,Raw-Full,0,0.0146720647,ok,True,True,298,0.01583109999774024,,0,0.0
h103-o500-d30-a100-slow,h103-o500-d30,decode,2.0,0.15,Raw-Full,0,0.064,ok,False,False,24,0.0009965000208467245,"{""kind"":""sla_time"",""object"":""decode"",""request_id"":""azure-00000"",""required"":0.8452098766093067,""limit"":0.15,""time_s"":40.5625,""side"":""post"",""num_prefill"":1,""num_decode"":1}",7,0.4666666666666667
h103-o500-d30-a100-slow,h103-o500-d30,decode,2.0,0.15,Raw-Full,0,0.0163503544,ok,False,False,258,0.007961600029375404,"{""kind"":""sla_time"",""object"":""decode"",""request_id"":""azure-00013"",""required"":0.847486139861775,""limit"":0.15,""time_s"":1683.4207294980713,""side"":""post"",""num_prefill"":1,""num_decode"":1}",1,0.06666666666666667
h103-o500-d30-a100-slow,h103-o500-d30,decode,2.0,0.15,Raw-Full,0,0.0190273138,ok,False,False,144,0.004583299974910915,"{""kind"":""sla_time"",""object"":""decode"",""request_id"":""azure-00007"",""required"":0.2086184143455569,""limit"":0.15,""time_s"":632.1723127675542,""side"":""post"",""num_prefill"":1,""num_decode"":1}",1,0.06666666666666667
h103-o500-d30-a100-slow,h103-o500-d30,decode,2.0,0.15,Raw-Full,0,0.045254834,ok,False,False,43,0.001567100000102073,"{""kind"":""sla_time"",""object"":""decode"",""request_id"":""azure-00001"",""required"":0.8334491831382207,""limit"":0.15,""time_s"":78.83980418533852,""side"":""post"",""num_prefill"":1,""num_decode"":1}",5,0.3333333333333333
h103-o500-d30-a100-slow,h103-o500-d30,decode,2.0,0.15,Raw-Full,0,0.0153216525,ok,True,True,298,0.008585400006268173,,0,0.0
h103-o500-d30-a100-slow,h103-o500-d30,decode,2.0,0.15,Raw-Full,0,0.0414988658,ok,False,False,45,0.0015281999949365854,"{""kind"":""sla_time"",""object"":""decode"",""request_id"":""azure-00001"",""required"":0.8334491831382207,""limit"":0.15,""time_s"":85.83965441050681,""side"":""post"",""num_prefill"":1,""num_decode"":1}",3,0.2
h103-o500-d30-a100-slow,h103-o500-d30,decode,2.0,0.15,Raw-Full,0,0.001,ok,True,True,298,0.04341095802374184,,0,0.0
h103-o500-d30-a100-slow,h103-o500-d30,decode,2.0,0.15,Raw-Full,0,0.0433361775,ok,False,False,44,0.0014545999583788216,"{""kind"":""sla_time"",""object"":""decode"",""request_id"":""azure-00001"",""required"":0.8334491831382207,""limit"":0.15,""time_s"":82.26392985975747,""side"":""post"",""num_prefill"":1,""num_decode"":1}",3,0.2
h103-o500-d30-a100-slow,h103-o500-d30,decode,2.0,0.15,Raw-Full,0,0.0113137085,ok,True,True,298,0.013341000012587756,,0,0.0
h103-o500-d30-a100-slow,h103-o500-d30,decode,2.0,0.15,Raw-Full,0,0.008,ok,True,True,298,0.00875169999198988,,0,0.0
h103-o500-d30-a100-slow,h103-o500-d30,decode,2.0,0.15,Raw-Full,0,65.536,ok,False,False,3,0.00025209999876096845,"{""kind"":""network"",""object"":""slow-0"",""required"":312704279.16165423,""limit"":312500000.0,""time_s"":1.55340576171875,""side"":""post"",""num_prefill"":3,""num_decode"":0}",15,1.0
h103-o500-d30-a100-slow,h103-o500-d30,decode,2.0,0.15,Raw-Full,0,0.004,ok,True,True,298,0.009224300039932132,,0,0.0
h103-o500-d30-a100-slow,h103-o500-d30,decode,2.0,0.15,Raw-Full,0,0.0442851162,ok,False,False,44,0.001503499981481582,"{""kind"":""sla_time"",""object"":""decode"",""request_id"":""azure-00001"",""required"":0.8334491831382207,""limit"":0.15,""time_s"":80.53332542232326,""side"":""post"",""num_prefill"":1,""num_decode"":1}",4,0.26666666666666666
h103-o500-d30-a100-slow,h103-o500-d30,decode,2.0,0.15,Raw-Full,0,0.015657153,ok,True,True,298,0.009272900002542883,,0,0.0
h103-o500-d30-a100-slow,h103-o500-d30,decode,2.0,0.15,Raw-Full,0,4.096,ok,False,False,3,0.00023210002109408379,"{""kind"":""sla_time"",""object"":""decode"",""request_id"":""azure-00000"",""required"":0.8452098766093067,""limit"":0.15,""time_s"":2.22832,""side"":""post"",""num_prefill"":1,""num_decode"":1}",15,1.0
h103-o500-d30-a100-slow,h103-o500-d30,decode,2.0,0.15,Raw-Full,0,0.0167083805,ok,False,False,147,0.004539100045803934,"{""kind"":""sla_time"",""object"":""decode"",""request_id"":""azure-00007"",""required"":0.2086184143455569,""limit"":0.15,""time_s"":719.7024613337001,""side"":""post"",""num_prefill"":1,""num_decode"":1}",1,0.06666666666666667
h103-o500-d30-a100-slow,h103-o500-d30,decode,2.0,0.15,Raw-Full,0,0.0380546277,ok,False,False,46,0.0016937999753281474,"{""kind"":""sla_time"",""object"":""decode"",""request_id"":""azure-00001"",""required"":0.8334491831382207,""limit"":0.15,""time_s"":93.47304537024809,""side"":""post"",""num_prefill"":1,""num_decode"":1}",3,0.2
h103-o500-d30-a100-slow,h103-o500-d30,decode,2.0,0.15,Raw-Full,0,0.016,ok,True,False,298,0.016423999972175807,,1,0.06666666666666667
h103-o500-d30-a100-slow,h103-o500-d30,decode,2.0,0.15,Raw-Full,0,0.0174481237,ok,False,False,146,0.004389600013382733,"{""kind"":""sla_time"",""object"":""decode"",""request_id"":""azure-00007"",""required"":0.2086184143455569,""limit"":0.15,""time_s"":689.2530332960673,""side"":""post"",""num_prefill"":1,""num_decode"":1}",1,0.06666666666666667
h103-o500-d30-a100-slow,h103-o500-d30,decode,2.0,0.15,Raw-Remaining,0,16.384,ok,False,False,3,0.0002543999580666423,"{""kind"":""network"",""object"":""slow-0"",""required"":312704279.16165423,""limit"":312500000.0,""time_s"":1.713623046875,""side"":""post"",""num_prefill"":3,""num_decode"":0}",15,1.0
h103-o500-d30-a100-slow,h103-o500-d30,decode,2.0,0.15,Raw-Remaining,0,0.0134543426,ok,True,True,298,0.009229599963873625,,0,0.0
h103-o500-d30-a100-slow,h103-o500-d30,decode,2.0,0.15,Raw-Remaining,0,0.032,ok,False,False,49,0.0016317999688908458,"{""kind"":""sla_time"",""object"":""decode"",""request_id"":""azure-00001"",""required"":0.8334491831382207,""limit"":0.15,""time_s"":110.875,""side"":""post"",""num_prefill"":1,""num_decode"":1}",2,0.13333333333333333
h103-o500-d30-a100-slow,h103-o500-d30,decode,2.0,0.15,Raw-Remaining,0,0.256,ok,False,False,8,0.000394499977119267,"{""kind"":""sla_time"",""object"":""decode"",""request_id"":""azure-00000"",""required"":0.8452098766093067,""limit"":0.15,""time_s"":11.265625,""side"":""post"",""num_prefill"":1,""num_decode"":1}",12,0.8
h103-o500-d30-a100-slow,h103-o500-d30,decode,2.0,0.15,Raw-Remaining,0,0.022627417,ok,False,False,56,0.001963399990927428,"{""kind"":""sla_time"",""object"":""decode"",""request_id"":""azure-00001"",""required"":0.8334491831382207,""limit"":0.15,""time_s"":156.17960837067704,""side"":""post"",""num_prefill"":1,""num_decode"":1}",2,0.13333333333333333
h103-o500-d30-a100-slow,h103-o500-d30,decode,2.0,0.15,Raw-Remaining,0,1.024,ok,False,False,3,0.0002422000397928059,"{""kind"":""sla_time"",""object"":""decode"",""request_id"":""azure-00000"",""required"":0.8452098766093067,""limit"":0.15,""time_s"":3.94140625,""side"":""post"",""num_prefill"":1,""num_decode"":1}",15,1.0
h103-o500-d30-a100-slow,h103-o500-d30,decode,2.0,0.15,Raw-Remaining,0,0.0146720647,ok,True,True,298,0.009059300005901605,,0,0.0
h103-o500-d30-a100-slow,h103-o500-d30,decode,2.0,0.15,Raw-Remaining,0,0.064,ok,False,False,24,0.0009098000009544194,"{""kind"":""sla_time"",""object"":""decode"",""request_id"":""azure-00000"",""required"":0.8452098766093067,""limit"":0.15,""time_s"":40.5625,""side"":""post"",""num_prefill"":1,""num_decode"":1}",7,0.4666666666666667
h103-o500-d30-a100-slow,h103-o500-d30,decode,2.0,0.15,Raw-Remaining,0,0.0163503544,ok,False,False,258,0.007894999987911433,"{""kind"":""sla_time"",""object"":""decode"",""request_id"":""azure-00013"",""required"":0.847486139861775,""limit"":0.15,""time_s"":1683.4207294980713,""side"":""post"",""num_prefill"":1,""num_decode"":1}",1,0.06666666666666667
h103-o500-d30-a100-slow,h103-o500-d30,decode,2.0,0.15,Raw-Remaining,0,0.0190273138,ok,False,False,144,0.00442700000712648,"{""kind"":""sla_time"",""object"":""decode"",""request_id"":""azure-00007"",""required"":0.2086184143455569,""limit"":0.15,""time_s"":632.1723127675542,""side"":""post"",""num_prefill"":1,""num_decode"":1}",1,0.06666666666666667
h103-o500-d30-a100-slow,h103-o500-d30,decode,2.0,0.15,Raw-Remaining,0,0.045254834,ok,False,False,43,0.0015039000427350402,"{""kind"":""sla_time"",""object"":""decode"",""request_id"":""azure-00001"",""required"":0.8334491831382207,""limit"":0.15,""time_s"":78.83980418533852,""side"":""post"",""num_prefill"":1,""num_decode"":1}",5,0.3333333333333333
h103-o500-d30-a100-slow,h103-o500-d30,decode,2.0,0.15,Raw-Remaining,0,0.0153216525,ok,True,True,298,0.011669599974993616,,0,0.0
h103-o500-d30-a100-slow,h103-o500-d30,decode,2.0,0.15,Raw-Remaining,0,0.0414988658,ok,False,False,45,0.0015709999715909362,"{""kind"":""sla_time"",""object"":""decode"",""request_id"":""azure-00001"",""required"":0.8334491831382207,""limit"":0.15,""time_s"":85.83965441050681,""side"":""post"",""num_prefill"":1,""num_decode"":1}",3,0.2
h103-o500-d30-a100-slow,h103-o500-d30,decode,2.0,0.15,Raw-Remaining,0,0.001,ok,True,True,298,0.009290199959650636,,0,0.0
h103-o500-d30-a100-slow,h103-o500-d30,decode,2.0,0.15,Raw-Remaining,0,0.0433361775,ok,False,False,44,0.0014522999990731478,"{""kind"":""sla_time"",""object"":""decode"",""request_id"":""azure-00001"",""required"":0.8334491831382207,""limit"":0.15,""time_s"":82.26392985975747,""side"":""post"",""num_prefill"":1,""num_decode"":1}",3,0.2
h103-o500-d30-a100-slow,h103-o500-d30,decode,2.0,0.15,Raw-Remaining,0,0.0113137085,ok,True,True,298,0.012826099991798401,,0,0.0
h103-o500-d30-a100-slow,h103-o500-d30,decode,2.0,0.15,Raw-Remaining,0,0.008,ok,True,True,298,0.009344499965664,,0,0.0
h103-o500-d30-a100-slow,h103-o500-d30,decode,2.0,0.15,Raw-Remaining,0,65.536,ok,False,False,3,0.00025730003835633397,"{""kind"":""network"",""object"":""slow-0"",""required"":312704279.16165423,""limit"":312500000.0,""time_s"":1.55340576171875,""side"":""post"",""num_prefill"":3,""num_decode"":0}",15,1.0
h103-o500-d30-a100-slow,h103-o500-d30,decode,2.0,0.15,Raw-Remaining,0,0.004,ok,True,True,298,0.009561599988956004,,0,0.0
h103-o500-d30-a100-slow,h103-o500-d30,decode,2.0,0.15,Raw-Remaining,0,0.0442851162,ok,False,False,44,0.0015339000383391976,"{""kind"":""sla_time"",""object"":""decode"",""request_id"":""azure-00001"",""required"":0.8334491831382207,""limit"":0.15,""time_s"":80.53332542232326,""side"":""post"",""num_prefill"":1,""num_decode"":1}",4,0.26666666666666666
h103-o500-d30-a100-slow,h103-o500-d30,decode,2.0,0.15,Raw-Remaining,0,0.015657153,ok,True,True,298,0.011714699969161302,,0,0.0
h103-o500-d30-a100-slow,h103-o500-d30,decode,2.0,0.15,Raw-Remaining,0,4.096,ok,False,False,3,0.00025019998429343104,"{""kind"":""sla_time"",""object"":""decode"",""request_id"":""azure-00000"",""required"":0.7272414391093066,""limit"":0.15,""time_s"":2.22832,""side"":""post"",""num_prefill"":1,""num_decode"":1}",15,1.0
h103-o500-d30-a100-slow,h103-o500-d30,decode,2.0,0.15,Raw-Remaining,0,0.0167083805,ok,False,False,147,0.004698000033386052,"{""kind"":""sla_time"",""object"":""decode"",""request_id"":""azure-00007"",""required"":0.2086184143455569,""limit"":0.15,""time_s"":719.7024613337001,""side"":""post"",""num_prefill"":1,""num_decode"":1}",1,0.06666666666666667
h103-o500-d30-a100-slow,h103-o500-d30,decode,2.0,0.15,Raw-Remaining,0,0.0380546277,ok,False,False,46,0.0027902000001631677,"{""kind"":""sla_time"",""object"":""decode"",""request_id"":""azure-00001"",""required"":0.8334491831382207,""limit"":0.15,""time_s"":93.47304537024809,""side"":""post"",""num_prefill"":1,""num_decode"":1}",3,0.2
h103-o500-d30-a100-slow,h103-o500-d30,decode,2.0,0.15,Raw-Remaining,0,0.016,ok,True,False,298,0.008974500000476837,,1,0.06666666666666667
h103-o500-d30-a100-slow,h103-o500-d30,decode,2.0,0.15,Raw-Remaining,0,0.0174481237,ok,False,False,146,0.004581000015605241,"{""kind"":""sla_time"",""object"":""decode"",""request_id"":""azure-00007"",""required"":0.2086184143455569,""limit"":0.15,""time_s"":689.2530332960673,""side"":""post"",""num_prefill"":1,""num_decode"":1}",1,0.06666666666666667
h103-o500-d30-a100-slow,h103-o500-d30,decode,2.0,0.15,Legacy-Full,0,16.384,ok,False,False,3,0.00020150002092123032,"{""kind"":""network"",""object"":""slow-0"",""required"":312704279.16165423,""limit"":312500000.0,""time_s"":1.713623046875,""side"":""post"",""num_prefill"":3,""num_decode"":0}",15,1.0
h103-o500-d30-a100-slow,h103-o500-d30,decode,2.0,0.15,Legacy-Full,0,0.0134543426,ok,True,True,298,0.009181300003547221,,0,0.0
h103-o500-d30-a100-slow,h103-o500-d30,decode,2.0,0.15,Legacy-Full,0,0.032,ok,False,False,48,0.001589299994520843,"{""kind"":""sla_time"",""object"":""decode"",""request_id"":""azure-00001"",""required"":0.8334491831382207,""limit"":0.15,""time_s"":110.875,""side"":""post"",""num_prefill"":1,""num_decode"":1}",2,0.13333333333333333
h103-o500-d30-a100-slow,h103-o500-d30,decode,2.0,0.15,Legacy-Full,0,0.256,ok,False,False,7,0.0003021999727934599,"{""kind"":""sla_time"",""object"":""decode"",""request_id"":""azure-00000"",""required"":0.8452098766093067,""limit"":0.15,""time_s"":11.265625,""side"":""post"",""num_prefill"":1,""num_decode"":1}",12,0.8
h103-o500-d30-a100-slow,h103-o500-d30,decode,2.0,0.15,Legacy-Full,0,0.022627417,ok,False,False,55,0.0017566000460647047,"{""kind"":""sla_time"",""object"":""decode"",""request_id"":""azure-00001"",""required"":0.8334491831382207,""limit"":0.15,""time_s"":156.17960837067704,""side"":""post"",""num_prefill"":1,""num_decode"":1}",2,0.13333333333333333
h103-o500-d30-a100-slow,h103-o500-d30,decode,2.0,0.15,Legacy-Full,0,1.024,ok,False,False,3,0.00019609997980296612,"{""kind"":""sla_time"",""object"":""decode"",""request_id"":""azure-00000"",""required"":0.8452098766093067,""limit"":0.15,""time_s"":3.94140625,""side"":""post"",""num_prefill"":1,""num_decode"":1}",15,1.0
h103-o500-d30-a100-slow,h103-o500-d30,decode,2.0,0.15,Legacy-Full,0,0.0146720647,ok,True,True,298,0.008925399975851178,,0,0.0
h103-o500-d30-a100-slow,h103-o500-d30,decode,2.0,0.15,Legacy-Full,0,0.064,ok,False,False,23,0.000777499983087182,"{""kind"":""sla_time"",""object"":""decode"",""request_id"":""azure-00000"",""required"":0.8452098766093067,""limit"":0.15,""time_s"":40.5625,""side"":""post"",""num_prefill"":1,""num_decode"":1}",7,0.4666666666666667
h103-o500-d30-a100-slow,h103-o500-d30,decode,2.0,0.15,Legacy-Full,0,0.0163503544,ok,False,False,147,0.00453520001610741,"{""kind"":""sla_time"",""object"":""decode"",""request_id"":""azure-00007"",""required"":0.2086184143455569,""limit"":0.15,""time_s"":735.4290455991584,""side"":""post"",""num_prefill"":1,""num_decode"":1}",1,0.06666666666666667
h103-o500-d30-a100-slow,h103-o500-d30,decode,2.0,0.15,Legacy-Full,0,0.0190273138,ok,False,False,143,0.004369899979792535,"{""kind"":""sla_time"",""object"":""decode"",""request_id"":""azure-00007"",""required"":0.2086184143455569,""limit"":0.15,""time_s"":632.1723127675542,""side"":""post"",""num_prefill"":1,""num_decode"":1}",1,0.06666666666666667
h103-o500-d30-a100-slow,h103-o500-d30,decode,2.0,0.15,Legacy-Full,0,0.045254834,ok,False,False,43,0.0013689999468624592,"{""kind"":""sla_time"",""object"":""decode"",""request_id"":""azure-00001"",""required"":0.8334491831382207,""limit"":0.15,""time_s"":78.83980418533852,""side"":""post"",""num_prefill"":1,""num_decode"":1}",5,0.3333333333333333
h103-o500-d30-a100-slow,h103-o500-d30,decode,2.0,0.15,Legacy-Full,0,0.0153216525,ok,True,True,298,0.009673100023064762,,0,0.0
h103-o500-d30-a100-slow,h103-o500-d30,decode,2.0,0.15,Legacy-Full,0,0.0414988658,ok,False,False,44,0.001400600012857467,"{""kind"":""sla_time"",""object"":""decode"",""request_id"":""azure-00001"",""required"":0.8334491831382207,""limit"":0.15,""time_s"":85.83965441050681,""side"":""post"",""num_prefill"":1,""num_decode"":1}",3,0.2
h103-o500-d30-a100-slow,h103-o500-d30,decode,2.0,0.15,Legacy-Full,0,0.001,ok,True,True,298,0.009467599971685559,,0,0.0
h103-o500-d30-a100-slow,h103-o500-d30,decode,2.0,0.15,Legacy-Full,0,0.0433361775,ok,False,False,43,0.001346200006082654,"{""kind"":""sla_time"",""object"":""decode"",""request_id"":""azure-00001"",""required"":0.8334491831382207,""limit"":0.15,""time_s"":82.26392985975747,""side"":""post"",""num_prefill"":1,""num_decode"":1}",3,0.2
h103-o500-d30-a100-slow,h103-o500-d30,decode,2.0,0.15,Legacy-Full,0,0.0113137085,ok,True,True,298,0.008698099991306663,,0,0.0
h103-o500-d30-a100-slow,h103-o500-d30,decode,2.0,0.15,Legacy-Full,0,0.008,ok,True,True,298,0.009182700014207512,,0,0.0
h103-o500-d30-a100-slow,h103-o500-d30,decode,2.0,0.15,Legacy-Full,0,65.536,ok,False,False,3,0.00019749999046325684,"{""kind"":""network"",""object"":""slow-0"",""required"":312704279.16165423,""limit"":312500000.0,""time_s"":1.55340576171875,""side"":""post"",""num_prefill"":3,""num_decode"":0}",15,1.0
h103-o500-d30-a100-slow,h103-o500-d30,decode,2.0,0.15,Legacy-Full,0,0.004,ok,True,True,298,0.009094999986700714,,0,0.0
h103-o500-d30-a100-slow,h103-o500-d30,decode,2.0,0.15,Legacy-Full,0,0.0442851162,ok,False,False,43,0.001767900015693158,"{""kind"":""sla_time"",""object"":""decode"",""request_id"":""azure-00001"",""required"":0.8334491831382207,""limit"":0.15,""time_s"":80.53332542232326,""side"":""post"",""num_prefill"":1,""num_decode"":1}",4,0.26666666666666666
h103-o500-d30-a100-slow,h103-o500-d30,decode,2.0,0.15,Legacy-Full,0,0.015657153,ok,False,True,258,0.008151400019414723,"{""kind"":""sla_time"",""object"":""decode"",""request_id"":""azure-00013"",""required"":0.847486139861775,""limit"":0.15,""time_s"":1757.8857235092485,""side"":""post"",""num_prefill"":1,""num_decode"":1}",0,0.0
h103-o500-d30-a100-slow,h103-o500-d30,decode,2.0,0.15,Legacy-Full,0,4.096,ok,False,False,3,0.0001922000083141029,"{""kind"":""sla_time"",""object"":""decode"",""request_id"":""azure-00000"",""required"":0.8452098766093067,""limit"":0.15,""time_s"":2.23332,""side"":""post"",""num_prefill"":1,""num_decode"":1}",15,1.0
h103-o500-d30-a100-slow,h103-o500-d30,decode,2.0,0.15,Legacy-Full,0,0.0167083805,ok,False,False,146,0.004791599989403039,"{""kind"":""sla_time"",""object"":""decode"",""request_id"":""azure-00007"",""required"":0.2086184143455569,""limit"":0.15,""time_s"":719.7024613337001,""side"":""post"",""num_prefill"":1,""num_decode"":1}",1,0.06666666666666667
h103-o500-d30-a100-slow,h103-o500-d30,decode,2.0,0.15,Legacy-Full,0,0.0380546277,ok,False,False,45,0.0015199999907054007,"{""kind"":""sla_time"",""object"":""decode"",""request_id"":""azure-00001"",""required"":0.8334491831382207,""limit"":0.15,""time_s"":93.47304537024809,""side"":""post"",""num_prefill"":1,""num_decode"":1}",3,0.2
h103-o500-d30-a100-slow,h103-o500-d30,decode,2.0,0.15,Legacy-Full,0,0.016,ok,False,False,147,0.004963900020811707,"{""kind"":""sla_time"",""object"":""decode"",""request_id"":""azure-00007"",""required"":0.2086184143455569,""limit"":0.15,""time_s"":751.5,""side"":""post"",""num_prefill"":1,""num_decode"":1}",1,0.06666666666666667
h103-o500-d30-a100-slow,h103-o500-d30,decode,2.0,0.15,Legacy-Full,0,0.0174481237,ok,False,False,145,0.004275000013876706,"{""kind"":""sla_time"",""object"":""decode"",""request_id"":""azure-00007"",""required"":0.2086184143455569,""limit"":0.15,""time_s"":689.2530332960673,""side"":""post"",""num_prefill"":1,""num_decode"":1}",1,0.06666666666666667
h103-o500-d30-a100-slow,h103-o500-d30,decode,2.0,0.15,Legacy-Remaining,0,16.384,ok,False,False,3,0.00018089998047798872,"{""kind"":""network"",""object"":""slow-0"",""required"":312704279.16165423,""limit"":312500000.0,""time_s"":1.713623046875,""side"":""post"",""num_prefill"":3,""num_decode"":0}",15,1.0
h103-o500-d30-a100-slow,h103-o500-d30,decode,2.0,0.15,Legacy-Remaining,0,0.0134543426,ok,True,True,298,0.008848699973896146,,0,0.0
h103-o500-d30-a100-slow,h103-o500-d30,decode,2.0,0.15,Legacy-Remaining,0,0.032,ok,False,False,48,0.0016830000095069408,"{""kind"":""sla_time"",""object"":""decode"",""request_id"":""azure-00001"",""required"":0.8334491831382207,""limit"":0.15,""time_s"":110.875,""side"":""post"",""num_prefill"":1,""num_decode"":1}",2,0.13333333333333333
h103-o500-d30-a100-slow,h103-o500-d30,decode,2.0,0.15,Legacy-Remaining,0,0.256,ok,False,False,7,0.0003198999911546707,"{""kind"":""sla_time"",""object"":""decode"",""request_id"":""azure-00000"",""required"":0.8452098766093067,""limit"":0.15,""time_s"":11.265625,""side"":""post"",""num_prefill"":1,""num_decode"":1}",12,0.8
h103-o500-d30-a100-slow,h103-o500-d30,decode,2.0,0.15,Legacy-Remaining,0,0.022627417,ok,False,False,55,0.001761099963914603,"{""kind"":""sla_time"",""object"":""decode"",""request_id"":""azure-00001"",""required"":0.8334491831382207,""limit"":0.15,""time_s"":156.17960837067704,""side"":""post"",""num_prefill"":1,""num_decode"":1}",2,0.13333333333333333
h103-o500-d30-a100-slow,h103-o500-d30,decode,2.0,0.15,Legacy-Remaining,0,1.024,ok,False,False,3,0.000172999978531152,"{""kind"":""sla_time"",""object"":""decode"",""request_id"":""azure-00000"",""required"":0.8452098766093067,""limit"":0.15,""time_s"":3.94140625,""side"":""post"",""num_prefill"":1,""num_decode"":1}",15,1.0
h103-o500-d30-a100-slow,h103-o500-d30,decode,2.0,0.15,Legacy-Remaining,0,0.0146720647,ok,True,True,298,0.009114899963606149,,0,0.0
h103-o500-d30-a100-slow,h103-o500-d30,decode,2.0,0.15,Legacy-Remaining,0,0.064,ok,False,False,23,0.0007862999918870628,"{""kind"":""sla_time"",""object"":""decode"",""request_id"":""azure-00000"",""required"":0.8452098766093067,""limit"":0.15,""time_s"":40.5625,""side"":""post"",""num_prefill"":1,""num_decode"":1}",7,0.4666666666666667
h103-o500-d30-a100-slow,h103-o500-d30,decode,2.0,0.15,Legacy-Remaining,0,0.0163503544,ok,False,False,147,0.005592800036538392,"{""kind"":""sla_time"",""object"":""decode"",""request_id"":""azure-00007"",""required"":0.2086184143455569,""limit"":0.15,""time_s"":735.4290455991584,""side"":""post"",""num_prefill"":1,""num_decode"":1}",1,0.06666666666666667
h103-o500-d30-a100-slow,h103-o500-d30,decode,2.0,0.15,Legacy-Remaining,0,0.0190273138,ok,False,False,143,0.004775299981702119,"{""kind"":""sla_time"",""object"":""decode"",""request_id"":""azure-00007"",""required"":0.2086184143455569,""limit"":0.15,""time_s"":632.1723127675542,""side"":""post"",""num_prefill"":1,""num_decode"":1}",1,0.06666666666666667
h103-o500-d30-a100-slow,h103-o500-d30,decode,2.0,0.15,Legacy-Remaining,0,0.045254834,ok,False,False,43,0.0014860999654047191,"{""kind"":""sla_time"",""object"":""decode"",""request_id"":""azure-00001"",""required"":0.8334491831382207,""limit"":0.15,""time_s"":78.83980418533852,""side"":""post"",""num_prefill"":1,""num_decode"":1}",5,0.3333333333333333
h103-o500-d30-a100-slow,h103-o500-d30,decode,2.0,0.15,Legacy-Remaining,0,0.0153216525,ok,True,True,298,0.008710499969311059,,0,0.0
h103-o500-d30-a100-slow,h103-o500-d30,decode,2.0,0.15,Legacy-Remaining,0,0.0414988658,ok,False,False,44,0.0016175999771803617,"{""kind"":""sla_time"",""object"":""decode"",""request_id"":""azure-00001"",""required"":0.8334491831382207,""limit"":0.15,""time_s"":85.83965441050681,""side"":""post"",""num_prefill"":1,""num_decode"":1}",3,0.2
h103-o500-d30-a100-slow,h103-o500-d30,decode,2.0,0.15,Legacy-Remaining,0,0.001,ok,True,True,298,0.008802700031083077,,0,0.0
h103-o500-d30-a100-slow,h103-o500-d30,decode,2.0,0.15,Legacy-Remaining,0,0.0433361775,ok,False,False,43,0.0016859000315889716,"{""kind"":""sla_time"",""object"":""decode"",""request_id"":""azure-00001"",""required"":0.8334491831382207,""limit"":0.15,""time_s"":82.26392985975747,""side"":""post"",""num_prefill"":1,""num_decode"":1}",3,0.2
h103-o500-d30-a100-slow,h103-o500-d30,decode,2.0,0.15,Legacy-Remaining,0,0.0113137085,ok,True,True,298,0.008724599960260093,,0,0.0
h103-o500-d30-a100-slow,h103-o500-d30,decode,2.0,0.15,Legacy-Remaining,0,0.008,ok,True,True,298,0.008937600010540336,,0,0.0
h103-o500-d30-a100-slow,h103-o500-d30,decode,2.0,0.15,Legacy-Remaining,0,65.536,ok,False,False,3,0.00018019997514784336,"{""kind"":""network"",""object"":""slow-0"",""required"":312704279.16165423,""limit"":312500000.0,""time_s"":1.55340576171875,""side"":""post"",""num_prefill"":3,""num_decode"":0}",15,1.0
h103-o500-d30-a100-slow,h103-o500-d30,decode,2.0,0.15,Legacy-Remaining,0,0.004,ok,True,True,298,0.009541700012050569,,0,0.0
h103-o500-d30-a100-slow,h103-o500-d30,decode,2.0,0.15,Legacy-Remaining,0,0.0442851162,ok,False,False,43,0.0013976999907754362,"{""kind"":""sla_time"",""object"":""decode"",""request_id"":""azure-00001"",""required"":0.8334491831382207,""limit"":0.15,""time_s"":80.53332542232326,""side"":""post"",""num_prefill"":1,""num_decode"":1}",4,0.26666666666666666
h103-o500-d30-a100-slow,h103-o500-d30,decode,2.0,0.15,Legacy-Remaining,0,0.015657153,ok,False,True,258,0.008012300007976592,"{""kind"":""sla_time"",""object"":""decode"",""request_id"":""azure-00013"",""required"":0.847486139861775,""limit"":0.15,""time_s"":1757.8857235092485,""side"":""post"",""num_prefill"":1,""num_decode"":1}",0,0.0
h103-o500-d30-a100-slow,h103-o500-d30,decode,2.0,0.15,Legacy-Remaining,0,4.096,ok,False,False,3,0.00018660002388060093,"{""kind"":""sla_time"",""object"":""decode"",""request_id"":""azure-00000"",""required"":0.7231600463338032,""limit"":0.15,""time_s"":2.23332,""side"":""post"",""num_prefill"":1,""num_decode"":1}",15,1.0
h103-o500-d30-a100-slow,h103-o500-d30,decode,2.0,0.15,Legacy-Remaining,0,0.0167083805,ok,False,False,146,0.005003000027500093,"{""kind"":""sla_time"",""object"":""decode"",""request_id"":""azure-00007"",""required"":0.2086184143455569,""limit"":0.15,""time_s"":719.7024613337001,""side"":""post"",""num_prefill"":1,""num_decode"":1}",1,0.06666666666666667
h103-o500-d30-a100-slow,h103-o500-d30,decode,2.0,0.15,Legacy-Remaining,0,0.0380546277,ok,False,False,45,0.0014438999933190644,"{""kind"":""sla_time"",""object"":""decode"",""request_id"":""azure-00001"",""required"":0.8334491831382207,""limit"":0.15,""time_s"":93.47304537024809,""side"":""post"",""num_prefill"":1,""num_decode"":1}",3,0.2
h103-o500-d30-a100-slow,h103-o500-d30,decode,2.0,0.15,Legacy-Remaining,0,0.016,ok,False,False,147,0.004727000021375716,"{""kind"":""sla_time"",""object"":""decode"",""request_id"":""azure-00007"",""required"":0.2086184143455569,""limit"":0.15,""time_s"":751.5,""side"":""post"",""num_prefill"":1,""num_decode"":1}",1,0.06666666666666667
h103-o500-d30-a100-slow,h103-o500-d30,decode,2.0,0.15,Legacy-Remaining,0,0.0174481237,ok,False,False,145,0.004535800020676106,"{""kind"":""sla_time"",""object"":""decode"",""request_id"":""azure-00007"",""required"":0.2086184143455569,""limit"":0.15,""time_s"":689.2530332960673,""side"":""post"",""num_prefill"":1,""num_decode"":1}",1,0.06666666666666667
h103-o500-d30-a100-slow,h103-o500-d30,relaxed_decode,2.0,1.0,Raw-Full,0,16.384,ok,False,False,3,0.0001797000295482576,"{""kind"":""network"",""object"":""slow-0"",""required"":312704279.16165423,""limit"":312500000.0,""time_s"":1.713623046875,""side"":""post"",""num_prefill"":3,""num_decode"":0}",4,0.26666666666666666
h103-o500-d30-a100-slow,h103-o500-d30,relaxed_decode,2.0,1.0,Raw-Full,0,0.0134543426,ok,True,True,298,0.008796499983873218,,0,0.0
h103-o500-d30-a100-slow,h103-o500-d30,relaxed_decode,2.0,1.0,Raw-Full,0,0.032,ok,True,False,298,0.009879599965643138,,2,0.13333333333333333
h103-o500-d30-a100-slow,h103-o500-d30,relaxed_decode,2.0,1.0,Raw-Full,0,0.256,ok,False,False,27,0.0015440999995917082,"{""kind"":""sla_time"",""object"":""decode"",""request_id"":""azure-00000"",""required"":1.1190716302778527,""limit"":1.0,""time_s"":22.984375,""side"":""post"",""num_prefill"":1,""num_decode"":3}",10,0.6666666666666666
h103-o500-d30-a100-slow,h103-o500-d30,relaxed_decode,2.0,1.0,Raw-Full,0,0.022627417,ok,True,False,298,0.0098718999652192,,2,0.13333333333333333
h103-o500-d30-a100-slow,h103-o500-d30,relaxed_decode,2.0,1.0,Raw-Full,0,1.024,ok,False,False,10,0.0007389000384137034,"{""kind"":""sla_time"",""object"":""decode"",""request_id"":""azure-00000"",""required"":1.1190716302778527,""limit"":1.0,""time_s"":6.87109375,""side"":""post"",""num_prefill"":1,""num_decode"":3}",14,0.9333333333333333
h103-o500-d30-a100-slow,h103-o500-d30,relaxed_decode,2.0,1.0,Raw-Full,0,0.0146720647,ok,True,True,298,0.009313899965491146,,0,0.0
h103-o500-d30-a100-slow,h103-o500-d30,relaxed_decode,2.0,1.0,Raw-Full,0,0.064,ok,False,False,76,0.00580929999705404,"{""kind"":""sla_time"",""object"":""decode"",""request_id"":""azure-00001"",""required"":1.1190716302778527,""limit"":1.0,""time_s"":87.4375,""side"":""post"",""num_prefill"":1,""num_decode"":2}",6,0.4
h103-o500-d30-a100-slow,h103-o500-d30,relaxed_decode,2.0,1.0,Raw-Full,0,0.0163503544,ok,True,False,298,0.008861100010108203,,1,0.06666666666666667
h103-o500-d30-a100-slow,h103-o500-d30,relaxed_decode,2.0,1.0,Raw-Full,0,0.0190273138,ok,True,False,298,0.009508400049526244,,1,0.06666666666666667
h103-o500-d30-a100-slow,h103-o500-d30,relaxed_decode,2.0,1.0,Raw-Full,0,0.045254834,ok,False,False,84,0.003590799984522164,"{""kind"":""sla_time"",""object"":""decode"",""request_id"":""azure-00002"",""required"":1.1190716302778527,""limit"":1.0,""time_s"":123.03397800553196,""side"":""post"",""num_prefill"":1,""num_decode"":1}",5,0.3333333333333333
h103-o500-d30-a100-slow,h103-o500-d30,relaxed_decode,2.0,1.0,Raw-Full,0,0.0153216525,ok,True,True,298,0.008366299967747182,,0,0.0
h103-o500-d30-a100-slow,h103-o500-d30,relaxed_decode,2.0,1.0,Raw-Full,0,0.0414988658,ok,True,False,298,0.010668000031728297,,3,0.2
h103-o500-d30-a100-slow,h103-o500-d30,relaxed_decode,2.0,1.0,Raw-Full,0,0.001,ok,True,True,298,0.02190883399453014,,0,0.0
h103-o500-d30-a100-slow,h103-o500-d30,relaxed_decode,2.0,1.0,Raw-Full,0,0.0433361775,ok,True,False,298,0.011215199949219823,,3,0.2
h103-o500-d30-a100-slow,h103-o500-d30,relaxed_decode,2.0,1.0,Raw-Full,0,0.0113137085,ok,True,True,298,0.009539599996060133,,0,0.0
h103-o500-d30-a100-slow,h103-o500-d30,relaxed_decode,2.0,1.0,Raw-Full,0,0.008,ok,True,True,298,0.008534800028428435,,0,0.0
h103-o500-d30-a100-slow,h103-o500-d30,relaxed_decode,2.0,1.0,Raw-Full,0,65.536,ok,False,False,3,0.00017229997320100665,"{""kind"":""network"",""object"":""slow-0"",""required"":312704279.16165423,""limit"":312500000.0,""time_s"":1.55340576171875,""side"":""post"",""num_prefill"":3,""num_decode"":0}",12,0.8
h103-o500-d30-a100-slow,h103-o500-d30,relaxed_decode,2.0,1.0,Raw-Full,0,0.004,ok,True,True,298,0.008943600056227297,,0,0.0
h103-o500-d30-a100-slow,h103-o500-d30,relaxed_decode,2.0,1.0,Raw-Full,0,0.0442851162,ok,True,False,298,0.01082319999113679,,4,0.26666666666666666
h103-o500-d30-a100-slow,h103-o500-d30,relaxed_decode,2.0,1.0,Raw-Full,0,0.015657153,ok,True,True,298,0.009218899998813868,,0,0.0
h103-o500-d30-a100-slow,h103-o500-d30,relaxed_decode,2.0,1.0,Raw-Full,0,4.096,ok,False,False,4,0.00024189997930079699,"{""kind"":""sla_time"",""object"":""decode"",""request_id"":""azure-00000"",""required"":1.5616590597475275,""limit"":1.0,""time_s"":2.3544921875,""side"":""post"",""num_prefill"":2,""num_decode"":1}",12,0.8
h103-o500-d30-a100-slow,h103-o500-d30,relaxed_decode,2.0,1.0,Raw-Full,0,0.0167083805,ok,True,False,298,0.008941099978983402,,1,0.06666666666666667
h103-o500-d30-a100-slow,h103-o500-d30,relaxed_decode,2.0,1.0,Raw-Full,0,0.0380546277,ok,True,False,298,0.010810700012370944,,3,0.2
h103-o500-d30-a100-slow,h103-o500-d30,relaxed_decode,2.0,1.0,Raw-Full,0,0.016,ok,True,False,298,0.01637149997986853,,1,0.06666666666666667
h103-o500-d30-a100-slow,h103-o500-d30,relaxed_decode,2.0,1.0,Raw-Full,0,0.0174481237,ok,True,False,298,0.008937300008255988,,1,0.06666666666666667
h103-o500-d30-a100-slow,h103-o500-d30,relaxed_decode,2.0,1.0,Raw-Remaining,0,16.384,ok,False,False,3,0.00018719997024163604,"{""kind"":""network"",""object"":""slow-0"",""required"":312704279.16165423,""limit"":312500000.0,""time_s"":1.713623046875,""side"":""post"",""num_prefill"":3,""num_decode"":0}",4,0.26666666666666666
h103-o500-d30-a100-slow,h103-o500-d30,relaxed_decode,2.0,1.0,Raw-Remaining,0,0.0134543426,ok,True,True,298,0.009156699990853667,,0,0.0
h103-o500-d30-a100-slow,h103-o500-d30,relaxed_decode,2.0,1.0,Raw-Remaining,0,0.032,ok,True,False,298,0.01079960004426539,,2,0.13333333333333333
h103-o500-d30-a100-slow,h103-o500-d30,relaxed_decode,2.0,1.0,Raw-Remaining,0,0.256,ok,False,False,27,0.0016276999958790839,"{""kind"":""sla_time"",""object"":""decode"",""request_id"":""azure-00000"",""required"":1.1190716302778527,""limit"":1.0,""time_s"":22.984375,""side"":""post"",""num_prefill"":1,""num_decode"":3}",10,0.6666666666666666
h103-o500-d30-a100-slow,h103-o500-d30,relaxed_decode,2.0,1.0,Raw-Remaining,0,0.022627417,ok,True,False,298,0.015403500001411885,,2,0.13333333333333333
h103-o500-d30-a100-slow,h103-o500-d30,relaxed_decode,2.0,1.0,Raw-Remaining,0,1.024,ok,False,False,10,0.0006494999979622662,"{""kind"":""sla_time"",""object"":""decode"",""request_id"":""azure-00000"",""required"":1.1190716302778527,""limit"":1.0,""time_s"":6.87109375,""side"":""post"",""num_prefill"":1,""num_decode"":3}",14,0.9333333333333333
h103-o500-d30-a100-slow,h103-o500-d30,relaxed_decode,2.0,1.0,Raw-Remaining,0,0.0146720647,ok,True,True,298,0.009957499976735562,,0,0.0
h103-o500-d30-a100-slow,h103-o500-d30,relaxed_decode,2.0,1.0,Raw-Remaining,0,0.064,ok,False,False,76,0.0033956000115722418,"{""kind"":""sla_time"",""object"":""decode"",""request_id"":""azure-00001"",""required"":1.1190716302778527,""limit"":1.0,""time_s"":87.4375,""side"":""post"",""num_prefill"":1,""num_decode"":2}",6,0.4
h103-o500-d30-a100-slow,h103-o500-d30,relaxed_decode,2.0,1.0,Raw-Remaining,0,0.0163503544,ok,True,False,298,0.011309600027743727,,1,0.06666666666666667
h103-o500-d30-a100-slow,h103-o500-d30,relaxed_decode,2.0,1.0,Raw-Remaining,0,0.0190273138,ok,True,False,298,0.02021670003887266,,1,0.06666666666666667
h103-o500-d30-a100-slow,h103-o500-d30,relaxed_decode,2.0,1.0,Raw-Remaining,0,0.045254834,ok,False,False,84,0.00418699998408556,"{""kind"":""sla_time"",""object"":""decode"",""request_id"":""azure-00002"",""required"":1.1190716302778527,""limit"":1.0,""time_s"":123.03397800553196,""side"":""post"",""num_prefill"":1,""num_decode"":1}",5,0.3333333333333333
h103-o500-d30-a100-slow,h103-o500-d30,relaxed_decode,2.0,1.0,Raw-Remaining,0,0.0153216525,ok,True,True,298,0.008758099982514977,,0,0.0
h103-o500-d30-a100-slow,h103-o500-d30,relaxed_decode,2.0,1.0,Raw-Remaining,0,0.0414988658,ok,True,False,298,0.012096700025722384,,3,0.2
h103-o500-d30-a100-slow,h103-o500-d30,relaxed_decode,2.0,1.0,Raw-Remaining,0,0.001,ok,True,True,298,0.008899900014512241,,0,0.0
h103-o500-d30-a100-slow,h103-o500-d30,relaxed_decode,2.0,1.0,Raw-Remaining,0,0.0433361775,ok,True,False,298,0.011270899965893477,,3,0.2
h103-o500-d30-a100-slow,h103-o500-d30,relaxed_decode,2.0,1.0,Raw-Remaining,0,0.0113137085,ok,True,True,298,0.014663100009784102,,0,0.0
h103-o500-d30-a100-slow,h103-o500-d30,relaxed_decode,2.0,1.0,Raw-Remaining,0,0.008,ok,True,True,298,0.008883900009095669,,0,0.0
h103-o500-d30-a100-slow,h103-o500-d30,relaxed_decode,2.0,1.0,Raw-Remaining,0,65.536,ok,False,False,3,0.00019339995924383402,"{""kind"":""network"",""object"":""slow-0"",""required"":312704279.16165423,""limit"":312500000.0,""time_s"":1.55340576171875,""side"":""post"",""num_prefill"":3,""num_decode"":0}",12,0.8
h103-o500-d30-a100-slow,h103-o500-d30,relaxed_decode,2.0,1.0,Raw-Remaining,0,0.004,ok,True,True,298,0.009624300000723451,,0,0.0
h103-o500-d30-a100-slow,h103-o500-d30,relaxed_decode,2.0,1.0,Raw-Remaining,0,0.0442851162,ok,True,False,298,0.012961499975062907,,4,0.26666666666666666
h103-o500-d30-a100-slow,h103-o500-d30,relaxed_decode,2.0,1.0,Raw-Remaining,0,0.015657153,ok,True,True,298,0.013683299999684095,,0,0.0
h103-o500-d30-a100-slow,h103-o500-d30,relaxed_decode,2.0,1.0,Raw-Remaining,0,4.096,ok,False,False,4,0.00027760001830756664,"{""kind"":""sla_time"",""object"":""decode"",""request_id"":""azure-00000"",""required"":1.3175184347475275,""limit"":1.0,""time_s"":2.3544921875,""side"":""post"",""num_prefill"":2,""num_decode"":1}",12,0.8
h103-o500-d30-a100-slow,h103-o500-d30,relaxed_decode,2.0,1.0,Raw-Remaining,0,0.0167083805,ok,True,False,298,0.009149399993475527,,1,0.06666666666666667
h103-o500-d30-a100-slow,h103-o500-d30,relaxed_decode,2.0,1.0,Raw-Remaining,0,0.0380546277,ok,True,False,298,0.01123650005320087,,3,0.2
h103-o500-d30-a100-slow,h103-o500-d30,relaxed_decode,2.0,1.0,Raw-Remaining,0,0.016,ok,True,False,298,0.008971799979917705,,1,0.06666666666666667
h103-o500-d30-a100-slow,h103-o500-d30,relaxed_decode,2.0,1.0,Raw-Remaining,0,0.0174481237,ok,True,False,298,0.011333299975376576,,1,0.06666666666666667
h103-o500-d30-a100-slow,h103-o500-d30,relaxed_decode,2.0,1.0,Legacy-Full,0,16.384,ok,False,False,3,0.00020000000949949026,"{""kind"":""network"",""object"":""slow-0"",""required"":312704279.16165423,""limit"":312500000.0,""time_s"":1.713623046875,""side"":""post"",""num_prefill"":3,""num_decode"":0}",4,0.26666666666666666
h103-o500-d30-a100-slow,h103-o500-d30,relaxed_decode,2.0,1.0,Legacy-Full,0,0.0134543426,ok,True,True,298,0.009109200036618859,,0,0.0
h103-o500-d30-a100-slow,h103-o500-d30,relaxed_decode,2.0,1.0,Legacy-Full,0,0.032,ok,True,False,298,0.010904400027357042,,2,0.13333333333333333
h103-o500-d30-a100-slow,h103-o500-d30,relaxed_decode,2.0,1.0,Legacy-Full,0,0.256,ok,False,False,26,0.0014924000133760273,"{""kind"":""sla_time"",""object"":""decode"",""request_id"":""azure-00000"",""required"":1.1190716302778527,""limit"":1.0,""time_s"":22.984375,""side"":""post"",""num_prefill"":1,""num_decode"":3}",10,0.6666666666666666
h103-o500-d30-a100-slow,h103-o500-d30,relaxed_decode,2.0,1.0,Legacy-Full,0,0.022627417,ok,True,False,298,0.010086000023875386,,2,0.13333333333333333
h103-o500-d30-a100-slow,h103-o500-d30,relaxed_decode,2.0,1.0,Legacy-Full,0,1.024,ok,False,False,10,0.0008071999764069915,"{""kind"":""sla_time"",""object"":""decode"",""request_id"":""azure-00000"",""required"":1.1190716302778527,""limit"":1.0,""time_s"":6.87109375,""side"":""post"",""num_prefill"":1,""num_decode"":3}",14,0.9333333333333333
h103-o500-d30-a100-slow,h103-o500-d30,relaxed_decode,2.0,1.0,Legacy-Full,0,0.0146720647,ok,True,True,298,0.00946600001771003,,0,0.0
h103-o500-d30-a100-slow,h103-o500-d30,relaxed_decode,2.0,1.0,Legacy-Full,0,0.064,ok,False,False,74,0.003331200045067817,"{""kind"":""sla_time"",""object"":""decode"",""request_id"":""azure-00001"",""required"":1.1190716302778527,""limit"":1.0,""time_s"":87.4375,""side"":""post"",""num_prefill"":1,""num_decode"":2}",6,0.4
h103-o500-d30-a100-slow,h103-o500-d30,relaxed_decode,2.0,1.0,Legacy-Full,0,0.0163503544,ok,True,False,298,0.009729600045830011,,1,0.06666666666666667
h103-o500-d30-a100-slow,h103-o500-d30,relaxed_decode,2.0,1.0,Legacy-Full,0,0.0190273138,ok,True,False,298,0.010135099990293384,,1,0.06666666666666667
h103-o500-d30-a100-slow,h103-o500-d30,relaxed_decode,2.0,1.0,Legacy-Full,0,0.045254834,ok,False,False,83,0.0032121999538503587,"{""kind"":""sla_time"",""object"":""decode"",""request_id"":""azure-00002"",""required"":1.1190716302778527,""limit"":1.0,""time_s"":123.03397800553196,""side"":""post"",""num_prefill"":1,""num_decode"":1}",5,0.3333333333333333
h103-o500-d30-a100-slow,h103-o500-d30,relaxed_decode,2.0,1.0,Legacy-Full,0,0.0153216525,ok,True,True,298,0.009320600016508251,,0,0.0
h103-o500-d30-a100-slow,h103-o500-d30,relaxed_decode,2.0,1.0,Legacy-Full,0,0.0414988658,ok,True,False,298,0.0109402000089176,,3,0.2
h103-o500-d30-a100-slow,h103-o500-d30,relaxed_decode,2.0,1.0,Legacy-Full,0,0.001,ok,True,True,298,0.009000899968668818,,0,0.0
h103-o500-d30-a100-slow,h103-o500-d30,relaxed_decode,2.0,1.0,Legacy-Full,0,0.0433361775,ok,False,False,84,0.003239799989387393,"{""kind"":""sla_time"",""object"":""decode"",""request_id"":""azure-00002"",""required"":1.1190716302778527,""limit"":1.0,""time_s"":128.414746922476,""side"":""post"",""num_prefill"":1,""num_decode"":1}",3,0.2
h103-o500-d30-a100-slow,h103-o500-d30,relaxed_decode,2.0,1.0,Legacy-Full,0,0.0113137085,ok,True,True,298,0.009193499980028719,,0,0.0
h103-o500-d30-a100-slow,h103-o500-d30,relaxed_decode,2.0,1.0,Legacy-Full,0,0.008,ok,True,True,298,0.00907179998466745,,0,0.0
h103-o500-d30-a100-slow,h103-o500-d30,relaxed_decode,2.0,1.0,Legacy-Full,0,65.536,ok,False,False,3,0.00020369997946545482,"{""kind"":""network"",""object"":""slow-0"",""required"":312704279.16165423,""limit"":312500000.0,""time_s"":1.55340576171875,""side"":""post"",""num_prefill"":3,""num_decode"":0}",12,0.8
h103-o500-d30-a100-slow,h103-o500-d30,relaxed_decode,2.0,1.0,Legacy-Full,0,0.004,ok,True,True,298,0.009350899956189096,,0,0.0
h103-o500-d30-a100-slow,h103-o500-d30,relaxed_decode,2.0,1.0,Legacy-Full,0,0.0442851162,ok,False,False,83,0.003127100004348904,"{""kind"":""sla_time"",""object"":""decode"",""request_id"":""azure-00002"",""required"":1.1190716302778527,""limit"":1.0,""time_s"":125.69522566365085,""side"":""post"",""num_prefill"":1,""num_decode"":1}",4,0.26666666666666666
h103-o500-d30-a100-slow,h103-o500-d30,relaxed_decode,2.0,1.0,Legacy-Full,0,0.015657153,ok,True,True,298,0.009890499990433455,,0,0.0
h103-o500-d30-a100-slow,h103-o500-d30,relaxed_decode,2.0,1.0,Legacy-Full,0,4.096,ok,False,False,4,0.00034389999927952886,"{""kind"":""sla_time"",""object"":""decode"",""request_id"":""azure-00000"",""required"":1.5616590597475275,""limit"":1.0,""time_s"":2.3544921875,""side"":""post"",""num_prefill"":2,""num_decode"":1}",12,0.8
h103-o500-d30-a100-slow,h103-o500-d30,relaxed_decode,2.0,1.0,Legacy-Full,0,0.0167083805,ok,True,False,298,0.009939800016582012,,1,0.06666666666666667
h103-o500-d30-a100-slow,h103-o500-d30,relaxed_decode,2.0,1.0,Legacy-Full,0,0.0380546277,ok,True,False,298,0.011092400003690273,,3,0.2
h103-o500-d30-a100-slow,h103-o500-d30,relaxed_decode,2.0,1.0,Legacy-Full,0,0.016,ok,True,False,298,0.009352400025818497,,1,0.06666666666666667
h103-o500-d30-a100-slow,h103-o500-d30,relaxed_decode,2.0,1.0,Legacy-Full,0,0.0174481237,ok,True,False,298,0.009937800001353025,,1,0.06666666666666667
h103-o500-d30-a100-slow,h103-o500-d30,relaxed_decode,2.0,1.0,Legacy-Remaining,0,16.384,ok,False,False,3,0.00017780001508072019,"{""kind"":""network"",""object"":""slow-0"",""required"":312704279.16165423,""limit"":312500000.0,""time_s"":1.713623046875,""side"":""post"",""num_prefill"":3,""num_decode"":0}",4,0.26666666666666666
h103-o500-d30-a100-slow,h103-o500-d30,relaxed_decode,2.0,1.0,Legacy-Remaining,0,0.0134543426,ok,True,True,298,0.008850499987602234,,0,0.0
h103-o500-d30-a100-slow,h103-o500-d30,relaxed_decode,2.0,1.0,Legacy-Remaining,0,0.032,ok,True,False,298,0.011591200018301606,,2,0.13333333333333333
h103-o500-d30-a100-slow,h103-o500-d30,relaxed_decode,2.0,1.0,Legacy-Remaining,0,0.256,ok,False,False,26,0.0014776000170968473,"{""kind"":""sla_time"",""object"":""decode"",""request_id"":""azure-00000"",""required"":1.1190716302778527,""limit"":1.0,""time_s"":22.984375,""side"":""post"",""num_prefill"":1,""num_decode"":3}",10,0.6666666666666666
h103-o500-d30-a100-slow,h103-o500-d30,relaxed_decode,2.0,1.0,Legacy-Remaining,0,0.022627417,ok,True,False,298,0.01032970001688227,,2,0.13333333333333333
h103-o500-d30-a100-slow,h103-o500-d30,relaxed_decode,2.0,1.0,Legacy-Remaining,0,1.024,ok,False,False,10,0.0006056000129319727,"{""kind"":""sla_time"",""object"":""decode"",""request_id"":""azure-00000"",""required"":1.1190716302778527,""limit"":1.0,""time_s"":6.87109375,""side"":""post"",""num_prefill"":1,""num_decode"":3}",14,0.9333333333333333
h103-o500-d30-a100-slow,h103-o500-d30,relaxed_decode,2.0,1.0,Legacy-Remaining,0,0.0146720647,ok,True,True,298,0.010085700021591038,,0,0.0
h103-o500-d30-a100-slow,h103-o500-d30,relaxed_decode,2.0,1.0,Legacy-Remaining,0,0.064,ok,False,False,74,0.0034146999823860824,"{""kind"":""sla_time"",""object"":""decode"",""request_id"":""azure-00001"",""required"":1.1190716302778527,""limit"":1.0,""time_s"":87.4375,""side"":""post"",""num_prefill"":1,""num_decode"":2}",6,0.4
h103-o500-d30-a100-slow,h103-o500-d30,relaxed_decode,2.0,1.0,Legacy-Remaining,0,0.0163503544,ok,True,False,298,0.008995999989565462,,1,0.06666666666666667
h103-o500-d30-a100-slow,h103-o500-d30,relaxed_decode,2.0,1.0,Legacy-Remaining,0,0.0190273138,ok,True,False,298,0.010133399977348745,,1,0.06666666666666667
h103-o500-d30-a100-slow,h103-o500-d30,relaxed_decode,2.0,1.0,Legacy-Remaining,0,0.045254834,ok,False,False,83,0.0031465000356547534,"{""kind"":""sla_time"",""object"":""decode"",""request_id"":""azure-00002"",""required"":1.1190716302778527,""limit"":1.0,""time_s"":123.03397800553196,""side"":""post"",""num_prefill"":1,""num_decode"":1}",5,0.3333333333333333
h103-o500-d30-a100-slow,h103-o500-d30,relaxed_decode,2.0,1.0,Legacy-Remaining,0,0.0153216525,ok,True,True,298,0.00874449999537319,,0,0.0
h103-o500-d30-a100-slow,h103-o500-d30,relaxed_decode,2.0,1.0,Legacy-Remaining,0,0.0414988658,ok,True,False,298,0.01210470002843067,,3,0.2
h103-o500-d30-a100-slow,h103-o500-d30,relaxed_decode,2.0,1.0,Legacy-Remaining,0,0.001,ok,True,True,298,0.009632900008000433,,0,0.0
h103-o500-d30-a100-slow,h103-o500-d30,relaxed_decode,2.0,1.0,Legacy-Remaining,0,0.0433361775,ok,False,False,84,0.003257600008510053,"{""kind"":""sla_time"",""object"":""decode"",""request_id"":""azure-00002"",""required"":1.1190716302778527,""limit"":1.0,""time_s"":128.414746922476,""side"":""post"",""num_prefill"":1,""num_decode"":1}",3,0.2
h103-o500-d30-a100-slow,h103-o500-d30,relaxed_decode,2.0,1.0,Legacy-Remaining,0,0.0113137085,ok,True,True,298,0.009585799998603761,,0,0.0
h103-o500-d30-a100-slow,h103-o500-d30,relaxed_decode,2.0,1.0,Legacy-Remaining,0,0.008,ok,True,True,298,0.009007200016640127,,0,0.0
h103-o500-d30-a100-slow,h103-o500-d30,relaxed_decode,2.0,1.0,Legacy-Remaining,0,65.536,ok,False,False,3,0.00018839997937902808,"{""kind"":""network"",""object"":""slow-0"",""required"":312704279.16165423,""limit"":312500000.0,""time_s"":1.55340576171875,""side"":""post"",""num_prefill"":3,""num_decode"":0}",12,0.8
h103-o500-d30-a100-slow,h103-o500-d30,relaxed_decode,2.0,1.0,Legacy-Remaining,0,0.004,ok,True,True,298,0.008943900000303984,,0,0.0
h103-o500-d30-a100-slow,h103-o500-d30,relaxed_decode,2.0,1.0,Legacy-Remaining,0,0.0442851162,ok,False,False,83,0.003136300016194582,"{""kind"":""sla_time"",""object"":""decode"",""request_id"":""azure-00002"",""required"":1.1190716302778527,""limit"":1.0,""time_s"":125.69522566365085,""side"":""post"",""num_prefill"":1,""num_decode"":1}",4,0.26666666666666666
h103-o500-d30-a100-slow,h103-o500-d30,relaxed_decode,2.0,1.0,Legacy-Remaining,0,0.015657153,ok,True,True,298,0.011850100010633469,,0,0.0
h103-o500-d30-a100-slow,h103-o500-d30,relaxed_decode,2.0,1.0,Legacy-Remaining,0,4.096,ok,False,False,4,0.0002470000181347132,"{""kind"":""sla_time"",""object"":""decode"",""request_id"":""azure-00000"",""required"":1.319342230727029,""limit"":1.0,""time_s"":2.3544921875,""side"":""post"",""num_prefill"":2,""num_decode"":1}",12,0.8
h103-o500-d30-a100-slow,h103-o500-d30,relaxed_decode,2.0,1.0,Legacy-Remaining,0,0.0167083805,ok,True,False,298,0.009260099963285029,,1,0.06666666666666667
h103-o500-d30-a100-slow,h103-o500-d30,relaxed_decode,2.0,1.0,Legacy-Remaining,0,0.0380546277,ok,True,False,298,0.013909799978137016,,3,0.2
h103-o500-d30-a100-slow,h103-o500-d30,relaxed_decode,2.0,1.0,Legacy-Remaining,0,0.016,ok,True,False,298,0.00919780001277104,,1,0.06666666666666667
h103-o500-d30-a100-slow,h103-o500-d30,relaxed_decode,2.0,1.0,Legacy-Remaining,0,0.0174481237,ok,True,False,298,0.009282299957703799,,1,0.06666666666666667
h104-o700-d120-a100-fast,h104-o700-d120,decode,2.0,0.15,Raw-Full,0,0.0348962475,ok,False,False,18,0.0009045000188052654,"{""kind"":""sla_time"",""object"":""decode"",""request_id"":""azure-00000"",""required"":0.2030233966755992,""limit"":0.15,""time_s"":29.656376305217346,""side"":""post"",""num_prefill"":1,""num_decode"":1}",19,0.2345679012345679
h104-o700-d120-a100-fast,h104-o700-d120,decode,2.0,0.15,Raw-Full,0,16.384,ok,False,False,3,0.00046389998169615865,"{""kind"":""sla_time"",""object"":""decode"",""request_id"":""azure-00001"",""required"":0.842174858939349,""limit"":0.15,""time_s"":1.1397551562500001,""side"":""post"",""num_prefill"":1,""num_decode"":1}",81,1.0
h104-o700-d120-a100-fast,h104-o700-d120,decode,2.0,0.15,Raw-Full,0,0.032,ok,False,False,20,0.0009366999729536474,"{""kind"":""sla_time"",""object"":""decode"",""request_id"":""azure-00000"",""required"":0.2030233966755992,""limit"":0.15,""time_s"":32.25,""side"":""post"",""num_prefill"":1,""num_decode"":1}",15,0.18518518518518517
h104-o700-d120-a100-fast,h104-o700-d120,decode,2.0,0.15,Raw-Full,0,0.256,ok,False,False,4,0.0007710830541327596,"{""kind"":""sla_time"",""object"":""decode"",""request_id"":""azure-00000"",""required"":0.2030233966755992,""limit"":0.15,""time_s"":4.90625,""side"":""post"",""num_prefill"":1,""num_decode"":1}",72,0.8888888888888888
h104-o700-d120-a100-fast,h104-o700-d120,decode,2.0,0.15,Raw-Full,0,0.0056568542,ok,True,True,1436,0.040882600005716085,,0,0.0
h104-o700-d120-a100-fast,h104-o700-d120,decode,2.0,0.15,Raw-Full,0,1.024,ok,False,False,3,0.00042890000622719526,"{""kind"":""sla_time"",""object"":""decode"",""request_id"":""azure-00000"",""required"":0.2030233966755992,""limit"":0.15,""time_s"":1.9765625,""side"":""post"",""num_prefill"":1,""num_decode"":1}",80,0.9876543209876543
h104-o700-d120-a100-fast,h104-o700-d120,decode,2.0,0.15,Raw-Full,0,0.0388879155,ok,False,False,16,0.0008435999625362456,"{""kind"":""sla_time"",""object"":""decode"",""request_id"":""azure-00000"",""required"":0.2030233966755992,""limit"":0.15,""time_s"":26.714929358967566,""side"":""post"",""num_prefill"":1,""num_decode"":1}",21,0.25925925925925924
h104-o700-d120-a100-fast,h104-o700-d120,decode,2.0,0.15,Raw-Full,0,0.064,ok,False,False,11,0.001109750010073185,"{""kind"":""sla_time"",""object"":""decode"",""request_id"":""azure-00000"",""required"":0.2030233966755992,""limit"":0.15,""time_s"":16.625,""side"":""post"",""num_prefill"":1,""num_decode"":1}",39,0.48148148148148145
h104-o700-d120-a100-fast,h104-o700-d120,decode,2.0,0.15,Raw-Full,0,0.0065830219,ok,True,True,1436,0.04247769998619333,,0,0.0
h104-o700-d120-a100-fast,h104-o700-d120,decode,2.0,0.15,Raw-Full,0,0.045254834,ok,False,False,14,0.0008012000471353531,"{""kind"":""sla_time"",""object"":""decode"",""request_id"":""azure-00000"",""required"":0.2030233966755992,""limit"":0.15,""time_s"":23.09708691009672,""side"":""post"",""num_prefill"":1,""num_decode"":1}",28,0.345679012345679
h104-o700-d120-a100-fast,h104-o700-d120,decode,2.0,0.15,Raw-Full,0,0.0067271713,ok,False,False,1358,0.04432519996771589,"{""kind"":""sla_time"",""object"":""decode"",""request_id"":""azure-00074"",""required"":0.9036339667559918,""limit"":0.15,""time_s"":16241.109717437996,""side"":""post"",""num_prefill"":1,""num_decode"":1}",1,0.012345679012345678
h104-o700-d120-a100-fast,h104-o700-d120,decode,2.0,0.15,Raw-Full,0,0.0414988658,ok,False,False,16,0.0008721999474801123,"{""kind"":""sla_time"",""object"":""decode"",""request_id"":""azure-00000"",""required"":0.2030233966755992,""limit"":0.15,""time_s"":25.09704411728766,""side"":""post"",""num_prefill"":1,""num_decode"":1}",24,0.2962962962962963
h104-o700-d120-a100-fast,h104-o700-d120,decode,2.0,0.15,Raw-Full,0,0.001,ok,True,True,1436,0.04609237500699237,,0,0.0
h104-o700-d120-a100-fast,h104-o700-d120,decode,2.0,0.15,Raw-Full,0,0.008,ok,False,False,1348,0.038055700017139316,"{""kind"":""sla_time"",""object"":""decode"",""request_id"":""azure-00074"",""required"":0.9036339667559918,""limit"":0.15,""time_s"":13657.25,""side"":""post"",""num_prefill"":1,""num_decode"":1}",1,0.012345679012345678
h104-o700-d120-a100-fast,h104-o700-d120,decode,2.0,0.15,Raw-Full,0,65.536,ok,False,False,5,0.0006447999621741474,"{""kind"":""sla_time"",""object"":""decode"",""request_id"":""azure-00001"",""required"":1.9428028938293314,""limit"":0.15,""time_s"":1.0939787890625001,""side"":""post"",""num_prefill"":3,""num_decode"":1}",81,1.0
h104-o700-d120-a100-fast,h104-o700-d120,decode,2.0,0.15,Raw-Full,0,0.004,ok,True,True,1436,0.09981045802123845,,0,0.0
h104-o700-d120-a100-fast,h104-o700-d120,decode,2.0,0.15,Raw-Full,0,0.0061688433,ok,True,True,1436,0.04218089999631047,,0,0.0
h104-o700-d120-a100-fast,h104-o700-d120,decode,2.0,0.15,Raw-Full,0,0.0364412364,ok,False,False,17,0.0008771999855525792,"{""kind"":""sla_time"",""object"":""decode"",""request_id"":""azure-00000"",""required"":0.2030233966755992,""limit"":0.15,""time_s"":28.441439939727182,""side"":""post"",""num_prefill"":1,""num_decode"":1}",18,0.2222222222222222
h104-o700-d120-a100-fast,h104-o700-d120,decode,2.0,0.15,Raw-Full,0,4.096,ok,False,False,3,0.0004332999815233052,"{""kind"":""sla_time"",""object"":""decode"",""request_id"":""azure-00001"",""required"":0.842174858939349,""limit"":0.15,""time_s"":1.3228606250000001,""side"":""post"",""num_prefill"":1,""num_decode"":1}",81,1.0
h104-o700-d120-a100-fast,h104-o700-d120,decode,2.0,0.15,Raw-Full,0,0.0064419613,ok,True,True,1436,0.049812099954579026,,0,0.0
h104-o700-d120-a100-fast,h104-o700-d120,decode,2.0,0.15,Raw-Full,0,0.03973945,ok,False,False,16,0.0008604999748058617,"{""kind"":""sla_time"",""object"":""decode"",""request_id"":""azure-00000"",""required"":0.2030233966755992,""limit"":0.15,""time_s"":26.163911428064555,""side"":""post"",""num_prefill"":1,""num_decode"":1}",21,0.25925925925925924
h104-o700-d120-a100-fast,h104-o700-d120,decode,2.0,0.15,Raw-Full,0,0.0380546277,ok,False,False,17,0.0009033000096678734,"{""kind"":""sla_time"",""object"":""decode"",""request_id"":""azure-00000"",""required"":0.2030233966755992,""limit"":0.15,""time_s"":27.278012962928027,""side"":""post"",""num_prefill"":1,""num_decode"":1}",20,0.24691358024691357
h104-o700-d120-a100-fast,h104-o700-d120,decode,2.0,0.15,Raw-Full,0,0.016,ok,False,False,37,0.004887834016699344,"{""kind"":""sla_time"",""object"":""decode"",""request_id"":""azure-00000"",""required"":0.2030233966755992,""limit"":0.15,""time_s"":63.5,""side"":""post"",""num_prefill"":1,""num_decode"":1}",2,0.024691358024691357
h104-o700-d120-a100-fast,h104-o700-d120,decode,2.0,0.15,Raw-Full,0,0.0372391955,ok,False,False,17,0.0009187000105157495,"{""kind"":""sla_time"",""object"":""decode"",""request_id"":""azure-00000"",""required"":0.2030233966755992,""limit"":0.15,""time_s"":27.853426519377948,""side"":""post"",""num_prefill"":1,""num_decode"":1}",20,0.24691358024691357
h104-o700-d120-a100-fast,h104-o700-d120,decode,2.0,0.15,Raw-Remaining,0,0.0348962475,ok,False,False,18,0.0009183000074699521,"{""kind"":""sla_time"",""object"":""decode"",""request_id"":""azure-00000"",""required"":0.2030233966755992,""limit"":0.15,""time_s"":29.656376305217346,""side"":""post"",""num_prefill"":1,""num_decode"":1}",19,0.2345679012345679
h104-o700-d120-a100-fast,h104-o700-d120,decode,2.0,0.15,Raw-Remaining,0,16.384,ok,False,False,3,0.00045470002805814147,"{""kind"":""sla_time"",""object"":""decode"",""request_id"":""azure-00001"",""required"":0.7024197026893488,""limit"":0.15,""time_s"":1.1397551562500001,""side"":""post"",""num_prefill"":1,""num_decode"":1}",81,1.0
h104-o700-d120-a100-fast,h104-o700-d120,decode,2.0,0.15,Raw-Remaining,0,0.032,ok,False,False,20,0.000978900003246963,"{""kind"":""sla_time"",""object"":""decode"",""request_id"":""azure-00000"",""required"":0.2030233966755992,""limit"":0.15,""time_s"":32.25,""side"":""post"",""num_prefill"":1,""num_decode"":1}",15,0.18518518518518517
h104-o700-d120-a100-fast,h104-o700-d120,decode,2.0,0.15,Raw-Remaining,0,0.256,ok,False,False,4,0.00048669998068362474,"{""kind"":""sla_time"",""object"":""decode"",""request_id"":""azure-00000"",""required"":0.2030233966755992,""limit"":0.15,""time_s"":4.90625,""side"":""post"",""num_prefill"":1,""num_decode"":1}",72,0.8888888888888888
h104-o700-d120-a100-fast,h104-o700-d120,decode,2.0,0.15,Raw-Remaining,0,0.0056568542,ok,True,True,1436,0.04545099998358637,,0,0.0
h104-o700-d120-a100-fast,h104-o700-d120,decode,2.0,0.15,Raw-Remaining,0,1.024,ok,False,False,3,0.00047069997526705265,"{""kind"":""sla_time"",""object"":""decode"",""request_id"":""azure-00000"",""required"":0.2030233966755992,""limit"":0.15,""time_s"":1.9765625,""side"":""post"",""num_prefill"":1,""num_decode"":1}",80,0.9876543209876543
h104-o700-d120-a100-fast,h104-o700-d120,decode,2.0,0.15,Raw-Remaining,0,0.0388879155,ok,False,False,16,0.0008444000268355012,"{""kind"":""sla_time"",""object"":""decode"",""request_id"":""azure-00000"",""required"":0.2030233966755992,""limit"":0.15,""time_s"":26.714929358967566,""side"":""post"",""num_prefill"":1,""num_decode"":1}",21,0.25925925925925924
h104-o700-d120-a100-fast,h104-o700-d120,decode,2.0,0.15,Raw-Remaining,0,0.064,ok,False,False,11,0.0007119000074453652,"{""kind"":""sla_time"",""object"":""decode"",""request_id"":""azure-00000"",""required"":0.2030233966755992,""limit"":0.15,""time_s"":16.625,""side"":""post"",""num_prefill"":1,""num_decode"":1}",39,0.48148148148148145
h104-o700-d120-a100-fast,h104-o700-d120,decode,2.0,0.15,Raw-Remaining,0,0.0065830219,ok,True,True,1436,0.06772869999986142,,0,0.0
h104-o700-d120-a100-fast,h104-o700-d120,decode,2.0,0.15,Raw-Remaining,0,0.045254834,ok,False,False,14,0.000782499962951988,"{""kind"":""sla_time"",""object"":""decode"",""request_id"":""azure-00000"",""required"":0.2030233966755992,""limit"":0.15,""time_s"":23.09708691009672,""side"":""post"",""num_prefill"":1,""num_decode"":1}",28,0.345679012345679
h104-o700-d120-a100-fast,h104-o700-d120,decode,2.0,0.15,Raw-Remaining,0,0.0067271713,ok,False,False,1358,0.04276250000111759,"{""kind"":""sla_time"",""object"":""decode"",""request_id"":""azure-00074"",""required"":0.9036339667559918,""limit"":0.15,""time_s"":16241.109717437996,""side"":""post"",""num_prefill"":1,""num_decode"":1}",1,0.012345679012345678
h104-o700-d120-a100-fast,h104-o700-d120,decode,2.0,0.15,Raw-Remaining,0,0.0414988658,ok,False,False,16,0.0008461999823339283,"{""kind"":""sla_time"",""object"":""decode"",""request_id"":""azure-00000"",""required"":0.2030233966755992,""limit"":0.15,""time_s"":25.09704411728766,""side"":""post"",""num_prefill"":1,""num_decode"":1}",24,0.2962962962962963
h104-o700-d120-a100-fast,h104-o700-d120,decode,2.0,0.15,Raw-Remaining,0,0.001,ok,True,True,1436,0.05003569996915758,,0,0.0
h104-o700-d120-a100-fast,h104-o700-d120,decode,2.0,0.15,Raw-Remaining,0,0.008,ok,False,False,1348,0.042115600022953004,"{""kind"":""sla_time"",""object"":""decode"",""request_id"":""azure-00074"",""required"":0.9036339667559918,""limit"":0.15,""time_s"":13657.25,""side"":""post"",""num_prefill"":1,""num_decode"":1}",1,0.012345679012345678
h104-o700-d120-a100-fast,h104-o700-d120,decode,2.0,0.15,Raw-Remaining,0,65.536,ok,False,False,5,0.0006066999631002545,"{""kind"":""sla_time"",""object"":""decode"",""request_id"":""azure-00001"",""required"":1.802010325469956,""limit"":0.15,""time_s"":1.0939787890625001,""side"":""post"",""num_prefill"":3,""num_decode"":1}",81,1.0
h104-o700-d120-a100-fast,h104-o700-d120,decode,2.0,0.15,Raw-Remaining,0,0.004,ok,True,True,1436,0.05604449997190386,,0,0.0
h104-o700-d120-a100-fast,h104-o700-d120,decode,2.0,0.15,Raw-Remaining,0,0.0061688433,ok,True,True,1436,0.04435199999716133,,0,0.0
h104-o700-d120-a100-fast,h104-o700-d120,decode,2.0,0.15,Raw-Remaining,0,0.0364412364,ok,False,False,17,0.0008562000002712011,"{""kind"":""sla_time"",""object"":""decode"",""request_id"":""azure-00000"",""required"":0.2030233966755992,""limit"":0.15,""time_s"":28.441439939727182,""side"":""post"",""num_prefill"":1,""num_decode"":1}",18,0.2222222222222222
h104-o700-d120-a100-fast,h104-o700-d120,decode,2.0,0.15,Raw-Remaining,0,4.096,ok,False,False,3,0.0005540000274777412,"{""kind"":""sla_time"",""object"":""decode"",""request_id"":""azure-00001"",""required"":0.519314233939349,""limit"":0.15,""time_s"":1.3228606250000001,""side"":""post"",""num_prefill"":1,""num_decode"":1}",81,1.0
h104-o700-d120-a100-fast,h104-o700-d120,decode,2.0,0.15,Raw-Remaining,0,0.0064419613,ok,True,True,1436,0.044371699972543865,,0,0.0
h104-o700-d120-a100-fast,h104-o700-d120,decode,2.0,0.15,Raw-Remaining,0,0.03973945,ok,False,False,16,0.0008348000119440258,"{""kind"":""sla_time"",""object"":""decode"",""request_id"":""azure-00000"",""required"":0.2030233966755992,""limit"":0.15,""time_s"":26.163911428064555,""side"":""post"",""num_prefill"":1,""num_decode"":1}",21,0.25925925925925924
h104-o700-d120-a100-fast,h104-o700-d120,decode,2.0,0.15,Raw-Remaining,0,0.0380546277,ok,False,False,17,0.0009265000117011368,"{""kind"":""sla_time"",""object"":""decode"",""request_id"":""azure-00000"",""required"":0.2030233966755992,""limit"":0.15,""time_s"":27.278012962928027,""side"":""post"",""num_prefill"":1,""num_decode"":1}",20,0.24691358024691357
h104-o700-d120-a100-fast,h104-o700-d120,decode,2.0,0.15,Raw-Remaining,0,0.016,ok,False,False,37,0.0014726999797858298,"{""kind"":""sla_time"",""object"":""decode"",""request_id"":""azure-00000"",""required"":0.2030233966755992,""limit"":0.15,""time_s"":63.5,""side"":""post"",""num_prefill"":1,""num_decode"":1}",2,0.024691358024691357
h104-o700-d120-a100-fast,h104-o700-d120,decode,2.0,0.15,Raw-Remaining,0,0.0372391955,ok,False,False,17,0.0009503000183030963,"{""kind"":""sla_time"",""object"":""decode"",""request_id"":""azure-00000"",""required"":0.2030233966755992,""limit"":0.15,""time_s"":27.853426519377948,""side"":""post"",""num_prefill"":1,""num_decode"":1}",20,0.24691358024691357
h104-o700-d120-a100-fast,h104-o700-d120,decode,2.0,0.15,Legacy-Full,0,0.0348962475,ok,False,False,17,0.000826600007712841,"{""kind"":""sla_time"",""object"":""decode"",""request_id"":""azure-00000"",""required"":0.2030233966755992,""limit"":0.15,""time_s"":29.656376305217346,""side"":""post"",""num_prefill"":1,""num_decode"":1}",19,0.2345679012345679
h104-o700-d120-a100-fast,h104-o700-d120,decode,2.0,0.15,Legacy-Full,0,16.384,ok,False,False,3,0.00043240003287792206,"{""kind"":""sla_time"",""object"":""decode"",""request_id"":""azure-00001"",""required"":0.842174858939349,""limit"":0.15,""time_s"":1.14475515625,""side"":""post"",""num_prefill"":1,""num_decode"":1}",81,1.0
h104-o700-d120-a100-fast,h104-o700-d120,decode,2.0,0.15,Legacy-Full,0,0.032,ok,False,False,19,0.0008956000092439353,"{""kind"":""sla_time"",""object"":""decode"",""request_id"":""azure-00000"",""required"":0.2030233966755992,""limit"":0.15,""time_s"":32.25,""side"":""post"",""num_prefill"":1,""num_decode"":1}",15,0.18518518518518517
h104-o700-d120-a100-fast,h104-o700-d120,decode,2.0,0.15,Legacy-Full,0,0.256,ok,False,False,4,0.0004611000185832381,"{""kind"":""sla_time"",""object"":""decode"",""request_id"":""azure-00000"",""required"":0.2030233966755992,""limit"":0.15,""time_s"":4.90625,""side"":""post"",""num_prefill"":1,""num_decode"":1}",72,0.8888888888888888
h104-o700-d120-a100-fast,h104-o700-d120,decode,2.0,0.15,Legacy-Full,0,0.0056568542,ok,True,True,1436,0.04265090002445504,,0,0.0
h104-o700-d120-a100-fast,h104-o700-d120,decode,2.0,0.15,Legacy-Full,0,1.024,ok,False,False,3,0.0004350000526756048,"{""kind"":""sla_time"",""object"":""decode"",""request_id"":""azure-00000"",""required"":0.2030233966755992,""limit"":0.15,""time_s"":1.9765625,""side"":""post"",""num_prefill"":1,""num_decode"":1}",80,0.9876543209876543
h104-o700-d120-a100-fast,h104-o700-d120,decode,2.0,0.15,Legacy-Full,0,0.0388879155,ok,False,False,16,0.0009386999881826341,"{""kind"":""sla_time"",""object"":""decode"",""request_id"":""azure-00000"",""required"":0.2030233966755992,""limit"":0.15,""time_s"":26.714929358967566,""side"":""post"",""num_prefill"":1,""num_decode"":1}",21,0.25925925925925924
h104-o700-d120-a100-fast,h104-o700-d120,decode,2.0,0.15,Legacy-Full,0,0.064,ok,False,False,10,0.0006237999768927693,"{""kind"":""sla_time"",""object"":""decode"",""request_id"":""azure-00000"",""required"":0.2030233966755992,""limit"":0.15,""time_s"":16.625,""side"":""post"",""num_prefill"":1,""num_decode"":1}",39,0.48148148148148145
h104-o700-d120-a100-fast,h104-o700-d120,decode,2.0,0.15,Legacy-Full,0,0.0065830219,ok,False,True,1357,0.04121110000414774,"{""kind"":""sla_time"",""object"":""decode"",""request_id"":""azure-00074"",""required"":0.9036339667559918,""limit"":0.15,""time_s"":16596.72179153771,""side"":""post"",""num_prefill"":1,""num_decode"":1}",0,0.0
h104-o700-d120-a100-fast,h104-o700-d120,decode,2.0,0.15,Legacy-Full,0,0.045254834,ok,False,False,14,0.0007448000251315534,"{""kind"":""sla_time"",""object"":""decode"",""request_id"":""azure-00000"",""required"":0.2030233966755992,""limit"":0.15,""time_s"":23.09708691009672,""side"":""post"",""num_prefill"":1,""num_decode"":1}",28,0.345679012345679
h104-o700-d120-a100-fast,h104-o700-d120,decode,2.0,0.15,Legacy-Full,0,0.0067271713,ok,False,False,1356,0.04067740001482889,"{""kind"":""sla_time"",""object"":""decode"",""request_id"":""azure-00074"",""required"":0.9036339667559918,""limit"":0.15,""time_s"":16241.109717437996,""side"":""post"",""num_prefill"":1,""num_decode"":1}",1,0.012345679012345678
h104-o700-d120-a100-fast,h104-o700-d120,decode,2.0,0.15,Legacy-Full,0,0.0414988658,ok,False,False,15,0.0007649000035598874,"{""kind"":""sla_time"",""object"":""decode"",""request_id"":""azure-00000"",""required"":0.2030233966755992,""limit"":0.15,""time_s"":25.09704411728766,""side"":""post"",""num_prefill"":1,""num_decode"":1}",24,0.2962962962962963
h104-o700-d120-a100-fast,h104-o700-d120,decode,2.0,0.15,Legacy-Full,0,0.001,ok,True,True,1436,0.04663040000014007,,0,0.0
h104-o700-d120-a100-fast,h104-o700-d120,decode,2.0,0.15,Legacy-Full,0,0.008,ok,False,False,1346,0.03984440001659095,"{""kind"":""sla_time"",""object"":""decode"",""request_id"":""azure-00074"",""required"":0.9036339667559918,""limit"":0.15,""time_s"":13657.25,""side"":""post"",""num_prefill"":1,""num_decode"":1}",1,0.012345679012345678
h104-o700-d120-a100-fast,h104-o700-d120,decode,2.0,0.15,Legacy-Full,0,65.536,ok,False,False,5,0.0005511000053957105,"{""kind"":""sla_time"",""object"":""decode"",""request_id"":""azure-00001"",""required"":1.9428028938293314,""limit"":0.15,""time_s"":1.0989787890625,""side"":""post"",""num_prefill"":3,""num_decode"":1}",81,1.0
h104-o700-d120-a100-fast,h104-o700-d120,decode,2.0,0.15,Legacy-Full,0,0.004,ok,True,True,1436,0.04261120001319796,,0,0.0
h104-o700-d120-a100-fast,h104-o700-d120,decode,2.0,0.15,Legacy-Full,0,0.0061688433,ok,True,True,1436,0.04420969996135682,,0,0.0
h104-o700-d120-a100-fast,h104-o700-d120,decode,2.0,0.15,Legacy-Full,0,0.0364412364,ok,False,False,17,0.0008613999816589057,"{""kind"":""sla_time"",""object"":""decode"",""request_id"":""azure-00000"",""required"":0.2030233966755992,""limit"":0.15,""time_s"":28.441439939727182,""side"":""post"",""num_prefill"":1,""num_decode"":1}",18,0.2222222222222222
h104-o700-d120-a100-fast,h104-o700-d120,decode,2.0,0.15,Legacy-Full,0,4.096,ok,False,False,3,0.0004361000028438866,"{""kind"":""sla_time"",""object"":""decode"",""request_id"":""azure-00001"",""required"":0.842174858939349,""limit"":0.15,""time_s"":1.327860625,""side"":""post"",""num_prefill"":1,""num_decode"":1}",81,1.0
h104-o700-d120-a100-fast,h104-o700-d120,decode,2.0,0.15,Legacy-Full,0,0.0064419613,ok,False,True,1358,0.04075190000003204,"{""kind"":""sla_time"",""object"":""decode"",""request_id"":""azure-00074"",""required"":0.9036339667559918,""limit"":0.15,""time_s"":16960.120819307,""side"":""post"",""num_prefill"":1,""num_decode"":1}",0,0.0
h104-o700-d120-a100-fast,h104-o700-d120,decode,2.0,0.15,Legacy-Full,0,0.03973945,ok,False,False,16,0.0008088000467978418,"{""kind"":""sla_time"",""object"":""decode"",""request_id"":""azure-00000"",""required"":0.2030233966755992,""limit"":0.15,""time_s"":26.163911428064555,""side"":""post"",""num_prefill"":1,""num_decode"":1}",21,0.25925925925925924
h104-o700-d120-a100-fast,h104-o700-d120,decode,2.0,0.15,Legacy-Full,0,0.0380546277,ok,False,False,16,0.0008951000054366887,"{""kind"":""sla_time"",""object"":""decode"",""request_id"":""azure-00000"",""required"":0.2030233966755992,""limit"":0.15,""time_s"":27.278012962928027,""side"":""post"",""num_prefill"":1,""num_decode"":1}",20,0.24691358024691357
h104-o700-d120-a100-fast,h104-o700-d120,decode,2.0,0.15,Legacy-Full,0,0.016,ok,False,False,36,0.0015439999988302588,"{""kind"":""sla_time"",""object"":""decode"",""request_id"":""azure-00000"",""required"":0.2030233966755992,""limit"":0.15,""time_s"":63.5,""side"":""post"",""num_prefill"":1,""num_decode"":1}",2,0.024691358024691357
h104-o700-d120-a100-fast,h104-o700-d120,decode,2.0,0.15,Legacy-Full,0,0.0372391955,ok,False,False,16,0.0008708000532351434,"{""kind"":""sla_time"",""object"":""decode"",""request_id"":""azure-00000"",""required"":0.2030233966755992,""limit"":0.15,""time_s"":27.853426519377948,""side"":""post"",""num_prefill"":1,""num_decode"":1}",20,0.24691358024691357
h104-o700-d120-a100-fast,h104-o700-d120,decode,2.0,0.15,Legacy-Remaining,0,0.0348962475,ok,False,False,17,0.0008087000460363925,"{""kind"":""sla_time"",""object"":""decode"",""request_id"":""azure-00000"",""required"":0.2030233966755992,""limit"":0.15,""time_s"":29.656376305217346,""side"":""post"",""num_prefill"":1,""num_decode"":1}",19,0.2345679012345679
h104-o700-d120-a100-fast,h104-o700-d120,decode,2.0,0.15,Legacy-Remaining,0,16.384,ok,False,False,3,0.00038219999987632036,"{""kind"":""sla_time"",""object"":""decode"",""request_id"":""azure-00001"",""required"":0.6985052143895859,""limit"":0.15,""time_s"":1.14475515625,""side"":""post"",""num_prefill"":1,""num_decode"":1}",81,1.0
h104-o700-d120-a100-fast,h104-o700-d120,decode,2.0,0.15,Legacy-Remaining,0,0.032,ok,False,False,19,0.0018241999787278473,"{""kind"":""sla_time"",""object"":""decode"",""request_id"":""azure-00000"",""required"":0.2030233966755992,""limit"":0.15,""time_s"":32.25,""side"":""post"",""num_prefill"":1,""num_decode"":1}",15,0.18518518518518517
h104-o700-d120-a100-fast,h104-o700-d120,decode,2.0,0.15,Legacy-Remaining,0,0.256,ok,False,False,4,0.00043340004049241543,"{""kind"":""sla_time"",""object"":""decode"",""request_id"":""azure-00000"",""required"":0.2030233966755992,""limit"":0.15,""time_s"":4.90625,""side"":""post"",""num_prefill"":1,""num_decode"":1}",72,0.8888888888888888
h104-o700-d120-a100-fast,h104-o700-d120,decode,2.0,0.15,Legacy-Remaining,0,0.0056568542,ok,True,True,1436,0.05014500004472211,,0,0.0
h104-o700-d120-a100-fast,h104-o700-d120,decode,2.0,0.15,Legacy-Remaining,0,1.024,ok,False,False,3,0.0007798000006005168,"{""kind"":""sla_time"",""object"":""decode"",""request_id"":""azure-00000"",""required"":0.2030233966755992,""limit"":0.15,""time_s"":1.9765625,""side"":""post"",""num_prefill"":1,""num_decode"":1}",80,0.9876543209876543
h104-o700-d120-a100-fast,h104-o700-d120,decode,2.0,0.15,Legacy-Remaining,0,0.0388879155,ok,False,False,16,0.0007825999637134373,"{""kind"":""sla_time"",""object"":""decode"",""request_id"":""azure-00000"",""required"":0.2030233966755992,""limit"":0.15,""time_s"":26.714929358967566,""side"":""post"",""num_prefill"":1,""num_decode"":1}",21,0.25925925925925924
h104-o700-d120-a100-fast,h104-o700-d120,decode,2.0,0.15,Legacy-Remaining,0,0.064,ok,False,False,10,0.0006298000225797296,"{""kind"":""sla_time"",""object"":""decode"",""request_id"":""azure-00000"",""required"":0.2030233966755992,""limit"":0.15,""time_s"":16.625,""side"":""post"",""num_prefill"":1,""num_decode"":1}",39,0.48148148148148145
h104-o700-d120-a100-fast,h104-o700-d120,decode,2.0,0.15,Legacy-Remaining,0,0.0065830219,ok,False,True,1357,0.041095900000073016,"{""kind"":""sla_time"",""object"":""decode"",""request_id"":""azure-00074"",""required"":0.9036339667559918,""limit"":0.15,""time_s"":16596.72179153771,""side"":""post"",""num_prefill"":1,""num_decode"":1}",0,0.0
h104-o700-d120-a100-fast,h104-o700-d120,decode,2.0,0.15,Legacy-Remaining,0,0.045254834,ok,False,False,14,0.0007119000074453652,"{""kind"":""sla_time"",""object"":""decode"",""request_id"":""azure-00000"",""required"":0.2030233966755992,""limit"":0.15,""time_s"":23.09708691009672,""side"":""post"",""num_prefill"":1,""num_decode"":1}",28,0.345679012345679
h104-o700-d120-a100-fast,h104-o700-d120,decode,2.0,0.15,Legacy-Remaining,0,0.0067271713,ok,False,False,1356,0.043174899998120964,"{""kind"":""sla_time"",""object"":""decode"",""request_id"":""azure-00074"",""required"":0.9036339667559918,""limit"":0.15,""time_s"":16241.109717437996,""side"":""post"",""num_prefill"":1,""num_decode"":1}",1,0.012345679012345678
h104-o700-d120-a100-fast,h104-o700-d120,decode,2.0,0.15,Legacy-Remaining,0,0.0414988658,ok,False,False,15,0.000750300008803606,"{""kind"":""sla_time"",""object"":""decode"",""request_id"":""azure-00000"",""required"":0.2030233966755992,""limit"":0.15,""time_s"":25.09704411728766,""side"":""post"",""num_prefill"":1,""num_decode"":1}",24,0.2962962962962963
h104-o700-d120-a100-fast,h104-o700-d120,decode,2.0,0.15,Legacy-Remaining,0,0.001,ok,True,True,1436,0.04751179995946586,,0,0.0
h104-o700-d120-a100-fast,h104-o700-d120,decode,2.0,0.15,Legacy-Remaining,0,0.008,ok,False,False,1346,0.04194429999915883,"{""kind"":""sla_time"",""object"":""decode"",""request_id"":""azure-00074"",""required"":0.9036339667559918,""limit"":0.15,""time_s"":13657.25,""side"":""post"",""num_prefill"":1,""num_decode"":1}",1,0.012345679012345678
h104-o700-d120-a100-fast,h104-o700-d120,decode,2.0,0.15,Legacy-Remaining,0,65.536,ok,False,False,5,0.0005180999869480729,"{""kind"":""sla_time"",""object"":""decode"",""request_id"":""azure-00001"",""required"":1.7882584735304594,""limit"":0.15,""time_s"":1.0989787890625,""side"":""post"",""num_prefill"":3,""num_decode"":1}",81,1.0
h104-o700-d120-a100-fast,h104-o700-d120,decode,2.0,0.15,Legacy-Remaining,0,0.004,ok,True,True,1436,0.0475389999919571,,0,0.0
h104-o700-d120-a100-fast,h104-o700-d120,decode,2.0,0.15,Legacy-Remaining,0,0.0061688433,ok,True,True,1436,0.04820399999152869,,0,0.0
h104-o700-d120-a100-fast,h104-o700-d120,decode,2.0,0.15,Legacy-Remaining,0,0.0364412364,ok,False,False,17,0.0010168000007979572,"{""kind"":""sla_time"",""object"":""decode"",""request_id"":""azure-00000"",""required"":0.2030233966755992,""limit"":0.15,""time_s"":28.441439939727182,""side"":""post"",""num_prefill"":1,""num_decode"":1}",18,0.2222222222222222
h104-o700-d120-a100-fast,h104-o700-d120,decode,2.0,0.15,Legacy-Remaining,0,4.096,ok,False,False,3,0.0003963999915868044,"{""kind"":""sla_time"",""object"":""decode"",""request_id"":""azure-00001"",""required"":0.5167728444213815,""limit"":0.15,""time_s"":1.327860625,""side"":""post"",""num_prefill"":1,""num_decode"":1}",81,1.0
h104-o700-d120-a100-fast,h104-o700-d120,decode,2.0,0.15,Legacy-Remaining,0,0.0064419613,ok,False,True,1358,0.04863720003049821,"{""kind"":""sla_time"",""object"":""decode"",""request_id"":""azure-00074"",""required"":0.9036339667559918,""limit"":0.15,""time_s"":16960.120819307,""side"":""post"",""num_prefill"":1,""num_decode"":1}",0,0.0
h104-o700-d120-a100-fast,h104-o700-d120,decode,2.0,0.15,Legacy-Remaining,0,0.03973945,ok,False,False,16,0.0009355999645777047,"{""kind"":""sla_time"",""object"":""decode"",""request_id"":""azure-00000"",""required"":0.2030233966755992,""limit"":0.15,""time_s"":26.163911428064555,""side"":""post"",""num_prefill"":1,""num_decode"":1}",21,0.25925925925925924
h104-o700-d120-a100-fast,h104-o700-d120,decode,2.0,0.15,Legacy-Remaining,0,0.0380546277,ok,False,False,16,0.0008063999703153968,"{""kind"":""sla_time"",""object"":""decode"",""request_id"":""azure-00000"",""required"":0.2030233966755992,""limit"":0.15,""time_s"":27.278012962928027,""side"":""post"",""num_prefill"":1,""num_decode"":1}",20,0.24691358024691357
h104-o700-d120-a100-fast,h104-o700-d120,decode,2.0,0.15,Legacy-Remaining,0,0.016,ok,False,False,36,0.001387000025715679,"{""kind"":""sla_time"",""object"":""decode"",""request_id"":""azure-00000"",""required"":0.2030233966755992,""limit"":0.15,""time_s"":63.5,""side"":""post"",""num_prefill"":1,""num_decode"":1}",2,0.024691358024691357
h104-o700-d120-a100-fast,h104-o700-d120,decode,2.0,0.15,Legacy-Remaining,0,0.0372391955,ok,False,False,16,0.0007906000246293843,"{""kind"":""sla_time"",""object"":""decode"",""request_id"":""azure-00000"",""required"":0.2030233966755992,""limit"":0.15,""time_s"":27.853426519377948,""side"":""post"",""num_prefill"":1,""num_decode"":1}",20,0.24691358024691357
h104-o700-d120-a100-fast,h104-o700-d120,relaxed_decode,2.0,1.0,Raw-Full,0,0.0348962475,ok,True,True,1436,0.05528179998509586,,0,0.0
h104-o700-d120-a100-fast,h104-o700-d120,relaxed_decode,2.0,1.0,Raw-Full,0,16.384,ok,False,False,4,0.00043210003059357405,"{""kind"":""sla_time"",""object"":""decode"",""request_id"":""azure-00001"",""required"":1.6105987196755946,""limit"":1.0,""time_s"":1.213623046875,""side"":""post"",""num_prefill"":2,""num_decode"":1}",57,0.7037037037037037
h104-o700-d120-a100-fast,h104-o700-d120,relaxed_decode,2.0,1.0,Raw-Full,0,0.032,ok,True,True,1436,0.055511799990199506,,0,0.0
h104-o700-d120-a100-fast,h104-o700-d120,relaxed_decode,2.0,1.0,Raw-Full,0,0.256,ok,False,False,105,0.013412417029030621,"{""kind"":""sla_time"",""object"":""decode"",""request_id"":""azure-00000"",""required"":1.2865160738236914,""limit"":1.0,""time_s"":52.7578125,""side"":""post"",""num_prefill"":1,""num_decode"":4}",8,0.09876543209876543
h104-o700-d120-a100-fast,h104-o700-d120,relaxed_decode,2.0,1.0,Raw-Full,0,0.0056568542,ok,True,True,1436,0.041923200013116,,0,0.0
h104-o700-d120-a100-fast,h104-o700-d120,relaxed_decode,2.0,1.0,Raw-Full,0,1.024,ok,False,False,45,0.005375500011723489,"{""kind"":""sla_time"",""object"":""decode"",""request_id"":""azure-00000"",""required"":1.2865160738236914,""limit"":1.0,""time_s"":13.939453125,""side"":""post"",""num_prefill"":1,""num_decode"":8}",28,0.345679012345679
h104-o700-d120-a100-fast,h104-o700-d120,relaxed_decode,2.0,1.0,Raw-Full,0,0.0388879155,ok,False,False,149,0.005438099964521825,"{""kind"":""sla_time"",""object"":""decode"",""request_id"":""azure-00008"",""required"":1.2865160738236914,""limit"":1.0,""time_s"":341.7228140063203,""side"":""post"",""num_prefill"":1,""num_decode"":1}",1,0.012345679012345678
h104-o700-d120-a100-fast,h104-o700-d120,relaxed_decode,2.0,1.0,Raw-Full,0,0.064,ok,False,False,145,0.007868583023082465,"{""kind"":""sla_time"",""object"":""decode"",""request_id"":""azure-00008"",""required"":1.2865160738236914,""limit"":1.0,""time_s"":208.03125,""side"":""post"",""num_prefill"":1,""num_decode"":1}",3,0.037037037037037035
h104-o700-d120-a100-fast,h104-o700-d120,relaxed_decode,2.0,1.0,Raw-Full,0,0.0065830219,ok,True,True,1436,0.04313689999980852,,0,0.0
h104-o700-d120-a100-fast,h104-o700-d120,relaxed_decode,2.0,1.0,Raw-Full,0,0.045254834,ok,False,False,148,0.005564399994909763,"{""kind"":""sla_time"",""object"":""decode"",""request_id"":""azure-00008"",""required"":1.2865160738236914,""limit"":1.0,""time_s"":293.78640155878156,""side"":""post"",""num_prefill"":1,""num_decode"":1}",1,0.012345679012345678
h104-o700-d120-a100-fast,h104-o700-d120,relaxed_decode,2.0,1.0,Raw-Full,0,0.0067271713,ok,True,True,1436,0.05099260003771633,,0,0.0
h104-o700-d120-a100-fast,h104-o700-d120,relaxed_decode,2.0,1.0,Raw-Full,0,0.0414988658,ok,False,False,149,0.005580600001849234,"{""kind"":""sla_time"",""object"":""decode"",""request_id"":""azure-00008"",""required"":1.2865160738236914,""limit"":1.0,""time_s"":320.28583455406147,""side"":""post"",""num_prefill"":1,""num_decode"":1}",1,0.012345679012345678
h104-o700-d120-a100-fast,h104-o700-d120,relaxed_decode,2.0,1.0,Raw-Full,0,0.001,ok,True,True,1436,0.04675095801940188,,0,0.0
h104-o700-d120-a100-fast,h104-o700-d120,relaxed_decode,2.0,1.0,Raw-Full,0,0.008,ok,True,True,1436,0.04017809999641031,,0,0.0
h104-o700-d120-a100-fast,h104-o700-d120,relaxed_decode,2.0,1.0,Raw-Full,0,65.536,ok,False,False,5,0.0005117999971844256,"{""kind"":""sla_time"",""object"":""decode"",""request_id"":""azure-00001"",""required"":1.9428028938293314,""limit"":1.0,""time_s"":1.0939787890625001,""side"":""post"",""num_prefill"":3,""num_decode"":1}",81,1.0
h104-o700-d120-a100-fast,h104-o700-d120,relaxed_decode,2.0,1.0,Raw-Full,0,0.004,ok,True,True,1436,0.09134775004349649,,0,0.0
h104-o700-d120-a100-fast,h104-o700-d120,relaxed_decode,2.0,1.0,Raw-Full,0,0.0061688433,ok,True,True,1436,0.04062400001566857,,0,0.0
h104-o700-d120-a100-fast,h104-o700-d120,relaxed_decode,2.0,1.0,Raw-Full,0,0.0364412364,ok,True,True,1436,0.06826979998731986,,0,0.0
h104-o700-d120-a100-fast,h104-o700-d120,relaxed_decode,2.0,1.0,Raw-Full,0,4.096,ok,False,False,6,0.0005859000375494361,"{""kind"":""sla_time"",""object"":""decode"",""request_id"":""azure-00000"",""required"":1.2176280348899824,""limit"":1.0,""time_s"":2.40380859375,""side"":""post"",""num_prefill"":2,""num_decode"":2}",44,0.5432098765432098
h104-o700-d120-a100-fast,h104-o700-d120,relaxed_decode,2.0,1.0,Raw-Full,0,0.0064419613,ok,True,True,1436,0.04134170000907034,,0,0.0
h104-o700-d120-a100-fast,h104-o700-d120,relaxed_decode,2.0,1.0,Raw-Full,0,0.03973945,ok,False,False,149,0.005560200021136552,"{""kind"":""sla_time"",""object"":""decode"",""request_id"":""azure-00008"",""required"":1.2865160738236914,""limit"":1.0,""time_s"":334.4218264218553,""side"":""post"",""num_prefill"":1,""num_decode"":1}",2,0.024691358024691357
h104-o700-d120-a100-fast,h104-o700-d120,relaxed_decode,2.0,1.0,Raw-Full,0,0.0380546277,ok,True,False,1436,0.05781810003099963,,1,0.012345679012345678
h104-o700-d120-a100-fast,h104-o700-d120,relaxed_decode,2.0,1.0,Raw-Full,0,0.016,ok,True,True,1436,0.28204324998660013,,0,0.0
h104-o700-d120-a100-fast,h104-o700-d120,relaxed_decode,2.0,1.0,Raw-Full,0,0.0372391955,ok,True,True,1436,0.053917499957606196,,0,0.0
h104-o700-d120-a100-fast,h104-o700-d120,relaxed_decode,2.0,1.0,Raw-Remaining,0,0.0348962475,ok,True,True,1436,0.05634150002151728,,0,0.0
h104-o700-d120-a100-fast,h104-o700-d120,relaxed_decode,2.0,1.0,Raw-Remaining,0,16.384,ok,False,False,4,0.0004721000441350043,"{""kind"":""sla_time"",""object"":""decode"",""request_id"":""azure-00001"",""required"":1.3969756728005949,""limit"":1.0,""time_s"":1.213623046875,""side"":""post"",""num_prefill"":2,""num_decode"":1}",57,0.7037037037037037
h104-o700-d120-a100-fast,h104-o700-d120,relaxed_decode,2.0,1.0,Raw-Remaining,0,0.032,ok,True,True,1436,0.06002839998109266,,0,0.0
h104-o700-d120-a100-fast,h104-o700-d120,relaxed_decode,2.0,1.0,Raw-Remaining,0,0.256,ok,False,False,105,0.008467999985441566,"{""kind"":""sla_time"",""object"":""decode"",""request_id"":""azure-00000"",""required"":1.2865160738236914,""limit"":1.0,""time_s"":52.7578125,""side"":""post"",""num_prefill"":1,""num_decode"":4}",8,0.09876543209876543
h104-o700-d120-a100-fast,h104-o700-d120,relaxed_decode,2.0,1.0,Raw-Remaining,0,0.0056568542,ok,True,True,1436,0.04640350001864135,,0,0.0
h104-o700-d120-a100-fast,h104-o700-d120,relaxed_decode,2.0,1.0,Raw-Remaining,0,1.024,ok,False,False,45,0.009133499988820404,"{""kind"":""sla_time"",""object"":""decode"",""request_id"":""azure-00000"",""required"":1.2865160738236914,""limit"":1.0,""time_s"":13.939453125,""side"":""post"",""num_prefill"":1,""num_decode"":8}",28,0.345679012345679
h104-o700-d120-a100-fast,h104-o700-d120,relaxed_decode,2.0,1.0,Raw-Remaining,0,0.0388879155,ok,False,False,149,0.005398000008426607,"{""kind"":""sla_time"",""object"":""decode"",""request_id"":""azure-00008"",""required"":1.2865160738236914,""limit"":1.0,""time_s"":341.7228140063203,""side"":""post"",""num_prefill"":1,""num_decode"":1}",1,0.012345679012345678
h104-o700-d120-a100-fast,h104-o700-d120,relaxed_decode,2.0,1.0,Raw-Remaining,0,0.064,ok,False,False,145,0.006336699996609241,"{""kind"":""sla_time"",""object"":""decode"",""request_id"":""azure-00008"",""required"":1.2865160738236914,""limit"":1.0,""time_s"":208.03125,""side"":""post"",""num_prefill"":1,""num_decode"":1}",3,0.037037037037037035
h104-o700-d120-a100-fast,h104-o700-d120,relaxed_decode,2.0,1.0,Raw-Remaining,0,0.0065830219,ok,True,True,1436,0.04857529996661469,,0,0.0
h104-o700-d120-a100-fast,h104-o700-d120,relaxed_decode,2.0,1.0,Raw-Remaining,0,0.045254834,ok,False,False,148,0.005431099969428033,"{""kind"":""sla_time"",""object"":""decode"",""request_id"":""azure-00008"",""required"":1.2865160738236914,""limit"":1.0,""time_s"":293.78640155878156,""side"":""post"",""num_prefill"":1,""num_decode"":1}",1,0.012345679012345678
h104-o700-d120-a100-fast,h104-o700-d120,relaxed_decode,2.0,1.0,Raw-Remaining,0,0.0067271713,ok,True,True,1436,0.04784399998607114,,0,0.0
h104-o700-d120-a100-fast,h104-o700-d120,relaxed_decode,2.0,1.0,Raw-Remaining,0,0.0414988658,ok,False,False,149,0.0054771999712102115,"{""kind"":""sla_time"",""object"":""decode"",""request_id"":""azure-00008"",""required"":1.2865160738236914,""limit"":1.0,""time_s"":320.28583455406147,""side"":""post"",""num_prefill"":1,""num_decode"":1}",1,0.012345679012345678
h104-o700-d120-a100-fast,h104-o700-d120,relaxed_decode,2.0,1.0,Raw-Remaining,0,0.001,ok,True,True,1436,0.047589800029527396,,0,0.0
h104-o700-d120-a100-fast,h104-o700-d120,relaxed_decode,2.0,1.0,Raw-Remaining,0,0.008,ok,True,True,1436,0.05012219998752698,,0,0.0
h104-o700-d120-a100-fast,h104-o700-d120,relaxed_decode,2.0,1.0,Raw-Remaining,0,65.536,ok,False,False,5,0.0005336999893188477,"{""kind"":""sla_time"",""object"":""decode"",""request_id"":""azure-00001"",""required"":1.802010325469956,""limit"":1.0,""time_s"":1.0939787890625001,""side"":""post"",""num_prefill"":3,""num_decode"":1}",81,1.0
h104-o700-d120-a100-fast,h104-o700-d120,relaxed_decode,2.0,1.0,Raw-Remaining,0,0.004,ok,True,True,1436,0.0465033000218682,,0,0.0
h104-o700-d120-a100-fast,h104-o700-d120,relaxed_decode,2.0,1.0,Raw-Remaining,0,0.0061688433,ok,True,True,1436,0.051249500014819205,,0,0.0
h104-o700-d120-a100-fast,h104-o700-d120,relaxed_decode,2.0,1.0,Raw-Remaining,0,0.0364412364,ok,True,True,1436,0.0548683000379242,,0,0.0
h104-o700-d120-a100-fast,h104-o700-d120,relaxed_decode,2.0,1.0,Raw-Remaining,0,4.096,ok,False,False,21,0.0027926999609917402,"{""kind"":""sla_time"",""object"":""decode"",""request_id"":""azure-00000"",""required"":1.2865160738236914,""limit"":1.0,""time_s"":4.23486328125,""side"":""post"",""num_prefill"":1,""num_decode"":9}",44,0.5432098765432098
h104-o700-d120-a100-fast,h104-o700-d120,relaxed_decode,2.0,1.0,Raw-Remaining,0,0.0064419613,ok,True,True,1436,0.04260760004399344,,0,0.0
h104-o700-d120-a100-fast,h104-o700-d120,relaxed_decode,2.0,1.0,Raw-Remaining,0,0.03973945,ok,False,False,149,0.00536479998845607,"{""kind"":""sla_time"",""object"":""decode"",""request_id"":""azure-00008"",""required"":1.2865160738236914,""limit"":1.0,""time_s"":334.4218264218553,""side"":""post"",""num_prefill"":1,""num_decode"":1}",2,0.024691358024691357
h104-o700-d120-a100-fast,h104-o700-d120,relaxed_decode,2.0,1.0,Raw-Remaining,0,0.0380546277,ok,True,False,1436,0.05738129996461794,,1,0.012345679012345678
h104-o700-d120-a100-fast,h104-o700-d120,relaxed_decode,2.0,1.0,Raw-Remaining,0,0.016,ok,True,True,1436,0.04988889995729551,,0,0.0
h104-o700-d120-a100-fast,h104-o700-d120,relaxed_decode,2.0,1.0,Raw-Remaining,0,0.0372391955,ok,True,True,1436,0.05408789997454733,,0,0.0
h104-o700-d120-a100-fast,h104-o700-d120,relaxed_decode,2.0,1.0,Legacy-Full,0,0.0348962475,ok,True,True,1436,0.05381919996580109,,0,0.0
h104-o700-d120-a100-fast,h104-o700-d120,relaxed_decode,2.0,1.0,Legacy-Full,0,16.384,ok,False,False,4,0.0004768000217154622,"{""kind"":""sla_time"",""object"":""decode"",""request_id"":""azure-00001"",""required"":1.6105987196755946,""limit"":1.0,""time_s"":1.213623046875,""side"":""post"",""num_prefill"":2,""num_decode"":1}",57,0.7037037037037037
h104-o700-d120-a100-fast,h104-o700-d120,relaxed_decode,2.0,1.0,Legacy-Full,0,0.032,ok,True,True,1436,0.05159389995969832,,0,0.0
h104-o700-d120-a100-fast,h104-o700-d120,relaxed_decode,2.0,1.0,Legacy-Full,0,0.256,ok,False,False,103,0.008086299989372492,"{""kind"":""sla_time"",""object"":""decode"",""request_id"":""azure-00000"",""required"":1.2865160738236914,""limit"":1.0,""time_s"":52.7578125,""side"":""post"",""num_prefill"":1,""num_decode"":4}",8,0.09876543209876543
h104-o700-d120-a100-fast,h104-o700-d120,relaxed_decode,2.0,1.0,Legacy-Full,0,0.0056568542,ok,True,True,1436,0.04480490001151338,,0,0.0
h104-o700-d120-a100-fast,h104-o700-d120,relaxed_decode,2.0,1.0,Legacy-Full,0,1.024,ok,False,False,45,0.005570500041358173,"{""kind"":""sla_time"",""object"":""decode"",""request_id"":""azure-00000"",""required"":1.2865160738236914,""limit"":1.0,""time_s"":13.939453125,""side"":""post"",""num_prefill"":1,""num_decode"":8}",28,0.345679012345679
h104-o700-d120-a100-fast,h104-o700-d120,relaxed_decode,2.0,1.0,Legacy-Full,0,0.0388879155,ok,False,False,149,0.005452900019008666,"{""kind"":""sla_time"",""object"":""decode"",""request_id"":""azure-00008"",""required"":1.2865160738236914,""limit"":1.0,""time_s"":341.7228140063203,""side"":""post"",""num_prefill"":1,""num_decode"":1}",1,0.012345679012345678
h104-o700-d120-a100-fast,h104-o700-d120,relaxed_decode,2.0,1.0,Legacy-Full,0,0.064,ok,False,False,145,0.007093299995176494,"{""kind"":""sla_time"",""object"":""decode"",""request_id"":""azure-00008"",""required"":1.2865160738236914,""limit"":1.0,""time_s"":208.03125,""side"":""post"",""num_prefill"":1,""num_decode"":1}",3,0.037037037037037035
h104-o700-d120-a100-fast,h104-o700-d120,relaxed_decode,2.0,1.0,Legacy-Full,0,0.0065830219,ok,True,True,1436,0.044657899998128414,,0,0.0
h104-o700-d120-a100-fast,h104-o700-d120,relaxed_decode,2.0,1.0,Legacy-Full,0,0.045254834,ok,False,False,147,0.005569099972490221,"{""kind"":""sla_time"",""object"":""decode"",""request_id"":""azure-00008"",""required"":1.2865160738236914,""limit"":1.0,""time_s"":293.78640155878156,""side"":""post"",""num_prefill"":1,""num_decode"":1}",1,0.012345679012345678
h104-o700-d120-a100-fast,h104-o700-d120,relaxed_decode,2.0,1.0,Legacy-Full,0,0.0067271713,ok,True,True,1436,0.043666600016877055,,0,0.0
h104-o700-d120-a100-fast,h104-o700-d120,relaxed_decode,2.0,1.0,Legacy-Full,0,0.0414988658,ok,False,False,148,0.005400300025939941,"{""kind"":""sla_time"",""object"":""decode"",""request_id"":""azure-00008"",""required"":1.2865160738236914,""limit"":1.0,""time_s"":320.28583455406147,""side"":""post"",""num_prefill"":1,""num_decode"":1}",1,0.012345679012345678
h104-o700-d120-a100-fast,h104-o700-d120,relaxed_decode,2.0,1.0,Legacy-Full,0,0.001,ok,True,True,1436,0.04442019999260083,,0,0.0
h104-o700-d120-a100-fast,h104-o700-d120,relaxed_decode,2.0,1.0,Legacy-Full,0,0.008,ok,True,True,1436,0.0440587000339292,,0,0.0
h104-o700-d120-a100-fast,h104-o700-d120,relaxed_decode,2.0,1.0,Legacy-Full,0,65.536,ok,False,False,5,0.0006169000407680869,"{""kind"":""sla_time"",""object"":""decode"",""request_id"":""azure-00001"",""required"":1.9428028938293314,""limit"":1.0,""time_s"":1.0989787890625,""side"":""post"",""num_prefill"":3,""num_decode"":1}",81,1.0
h104-o700-d120-a100-fast,h104-o700-d120,relaxed_decode,2.0,1.0,Legacy-Full,0,0.004,ok,True,True,1436,0.04246569995302707,,0,0.0
h104-o700-d120-a100-fast,h104-o700-d120,relaxed_decode,2.0,1.0,Legacy-Full,0,0.0061688433,ok,True,True,1436,0.043308200023602694,,0,0.0
h104-o700-d120-a100-fast,h104-o700-d120,relaxed_decode,2.0,1.0,Legacy-Full,0,0.0364412364,ok,True,True,1436,0.05417990003479645,,0,0.0
h104-o700-d120-a100-fast,h104-o700-d120,relaxed_decode,2.0,1.0,Legacy-Full,0,4.096,ok,False,False,6,0.0006955999997444451,"{""kind"":""sla_time"",""object"":""decode"",""request_id"":""azure-00000"",""required"":1.2176280348899824,""limit"":1.0,""time_s"":2.40380859375,""side"":""post"",""num_prefill"":2,""num_decode"":2}",44,0.5432098765432098
h104-o700-d120-a100-fast,h104-o700-d120,relaxed_decode,2.0,1.0,Legacy-Full,0,0.0064419613,ok,True,True,1436,0.043726000003516674,,0,0.0
h104-o700-d120-a100-fast,h104-o700-d120,relaxed_decode,2.0,1.0,Legacy-Full,0,0.03973945,ok,False,False,149,0.00537530001020059,"{""kind"":""sla_time"",""object"":""decode"",""request_id"":""azure-00008"",""required"":1.2865160738236914,""limit"":1.0,""time_s"":334.4218264218553,""side"":""post"",""num_prefill"":1,""num_decode"":1}",2,0.024691358024691357
h104-o700-d120-a100-fast,h104-o700-d120,relaxed_decode,2.0,1.0,Legacy-Full,0,0.0380546277,ok,False,False,149,0.005975700041744858,"{""kind"":""sla_time"",""object"":""decode"",""request_id"":""azure-00008"",""required"":1.2865160738236914,""limit"":1.0,""time_s"":349.1836717587963,""side"":""post"",""num_prefill"":1,""num_decode"":1}",1,0.012345679012345678
h104-o700-d120-a100-fast,h104-o700-d120,relaxed_decode,2.0,1.0,Legacy-Full,0,0.016,ok,True,True,1436,0.045528999995440245,,0,0.0
h104-o700-d120-a100-fast,h104-o700-d120,relaxed_decode,2.0,1.0,Legacy-Full,0,0.0372391955,ok,False,True,149,0.0055602999636903405,"{""kind"":""sla_time"",""object"":""decode"",""request_id"":""azure-00008"",""required"":1.2865160738236914,""limit"":1.0,""time_s"":356.8079013817578,""side"":""post"",""num_prefill"":1,""num_decode"":1}",0,0.0
h104-o700-d120-a100-fast,h104-o700-d120,relaxed_decode,2.0,1.0,Legacy-Remaining,0,0.0348962475,ok,True,True,1436,0.05387549998704344,,0,0.0
h104-o700-d120-a100-fast,h104-o700-d120,relaxed_decode,2.0,1.0,Legacy-Remaining,0,16.384,ok,False,False,4,0.0004322999739088118,"{""kind"":""sla_time"",""object"":""decode"",""request_id"":""azure-00001"",""required"":1.3985776213793564,""limit"":1.0,""time_s"":1.213623046875,""side"":""post"",""num_prefill"":2,""num_decode"":1}",57,0.7037037037037037
h104-o700-d120-a100-fast,h104-o700-d120,relaxed_decode,2.0,1.0,Legacy-Remaining,0,0.032,ok,True,True,1436,0.0560774999903515,,0,0.0
h104-o700-d120-a100-fast,h104-o700-d120,relaxed_decode,2.0,1.0,Legacy-Remaining,0,0.256,ok,False,False,103,0.008209099993109703,"{""kind"":""sla_time"",""object"":""decode"",""request_id"":""azure-00000"",""required"":1.2865160738236914,""limit"":1.0,""time_s"":52.7578125,""side"":""post"",""num_prefill"":1,""num_decode"":4}",8,0.09876543209876543
h104-o700-d120-a100-fast,h104-o700-d120,relaxed_decode,2.0,1.0,Legacy-Remaining,0,0.0056568542,ok,True,True,1436,0.04944510001223534,,0,0.0
h104-o700-d120-a100-fast,h104-o700-d120,relaxed_decode,2.0,1.0,Legacy-Remaining,0,1.024,ok,False,False,45,0.007177199993748218,"{""kind"":""sla_time"",""object"":""decode"",""request_id"":""azure-00000"",""required"":1.2865160738236914,""limit"":1.0,""time_s"":13.939453125,""side"":""post"",""num_prefill"":1,""num_decode"":8}",28,0.345679012345679
h104-o700-d120-a100-fast,h104-o700-d120,relaxed_decode,2.0,1.0,Legacy-Remaining,0,0.0388879155,ok,False,False,149,0.005760899977758527,"{""kind"":""sla_time"",""object"":""decode"",""request_id"":""azure-00008"",""required"":1.2865160738236914,""limit"":1.0,""time_s"":341.7228140063203,""side"":""post"",""num_prefill"":1,""num_decode"":1}",1,0.012345679012345678
h104-o700-d120-a100-fast,h104-o700-d120,relaxed_decode,2.0,1.0,Legacy-Remaining,0,0.064,ok,False,False,145,0.007218100014142692,"{""kind"":""sla_time"",""object"":""decode"",""request_id"":""azure-00008"",""required"":1.2865160738236914,""limit"":1.0,""time_s"":208.03125,""side"":""post"",""num_prefill"":1,""num_decode"":1}",3,0.037037037037037035
h104-o700-d120-a100-fast,h104-o700-d120,relaxed_decode,2.0,1.0,Legacy-Remaining,0,0.0065830219,ok,True,True,1436,0.05204179999418557,,0,0.0
h104-o700-d120-a100-fast,h104-o700-d120,relaxed_decode,2.0,1.0,Legacy-Remaining,0,0.045254834,ok,False,False,147,0.00575010001193732,"{""kind"":""sla_time"",""object"":""decode"",""request_id"":""azure-00008"",""required"":1.2865160738236914,""limit"":1.0,""time_s"":293.78640155878156,""side"":""post"",""num_prefill"":1,""num_decode"":1}",1,0.012345679012345678
h104-o700-d120-a100-fast,h104-o700-d120,relaxed_decode,2.0,1.0,Legacy-Remaining,0,0.0067271713,ok,True,True,1436,0.04668810003204271,,0,0.0
h104-o700-d120-a100-fast,h104-o700-d120,relaxed_decode,2.0,1.0,Legacy-Remaining,0,0.0414988658,ok,False,False,148,0.006862899987027049,"{""kind"":""sla_time"",""object"":""decode"",""request_id"":""azure-00008"",""required"":1.2865160738236914,""limit"":1.0,""time_s"":320.28583455406147,""side"":""post"",""num_prefill"":1,""num_decode"":1}",1,0.012345679012345678
h104-o700-d120-a100-fast,h104-o700-d120,relaxed_decode,2.0,1.0,Legacy-Remaining,0,0.001,ok,True,True,1436,0.042192400025669485,,0,0.0
h104-o700-d120-a100-fast,h104-o700-d120,relaxed_decode,2.0,1.0,Legacy-Remaining,0,0.008,ok,True,True,1436,0.04239330004202202,,0,0.0
h104-o700-d120-a100-fast,h104-o700-d120,relaxed_decode,2.0,1.0,Legacy-Remaining,0,65.536,ok,False,False,5,0.0005159000284038484,"{""kind"":""sla_time"",""object"":""decode"",""request_id"":""azure-00001"",""required"":1.7882584735304594,""limit"":1.0,""time_s"":1.0989787890625,""side"":""post"",""num_prefill"":3,""num_decode"":1}",81,1.0
h104-o700-d120-a100-fast,h104-o700-d120,relaxed_decode,2.0,1.0,Legacy-Remaining,0,0.004,ok,True,True,1436,0.04360069998074323,,0,0.0
h104-o700-d120-a100-fast,h104-o700-d120,relaxed_decode,2.0,1.0,Legacy-Remaining,0,0.0061688433,ok,True,True,1436,0.05483420001110062,,0,0.0
h104-o700-d120-a100-fast,h104-o700-d120,relaxed_decode,2.0,1.0,Legacy-Remaining,0,0.0364412364,ok,True,True,1436,0.06045969994738698,,0,0.0
h104-o700-d120-a100-fast,h104-o700-d120,relaxed_decode,2.0,1.0,Legacy-Remaining,0,4.096,ok,False,False,21,0.0030018999823369086,"{""kind"":""sla_time"",""object"":""decode"",""request_id"":""azure-00000"",""required"":1.2865160738236914,""limit"":1.0,""time_s"":4.23486328125,""side"":""post"",""num_prefill"":1,""num_decode"":9}",44,0.5432098765432098
h104-o700-d120-a100-fast,h104-o700-d120,relaxed_decode,2.0,1.0,Legacy-Remaining,0,0.0064419613,ok,True,True,1436,0.04941469995537773,,0,0.0
h104-o700-d120-a100-fast,h104-o700-d120,relaxed_decode,2.0,1.0,Legacy-Remaining,0,0.03973945,ok,False,False,149,0.005693599989172071,"{""kind"":""sla_time"",""object"":""decode"",""request_id"":""azure-00008"",""required"":1.2865160738236914,""limit"":1.0,""time_s"":334.4218264218553,""side"":""post"",""num_prefill"":1,""num_decode"":1}",2,0.024691358024691357
h104-o700-d120-a100-fast,h104-o700-d120,relaxed_decode,2.0,1.0,Legacy-Remaining,0,0.0380546277,ok,False,False,149,0.005657400004565716,"{""kind"":""sla_time"",""object"":""decode"",""request_id"":""azure-00008"",""required"":1.2865160738236914,""limit"":1.0,""time_s"":349.1836717587963,""side"":""post"",""num_prefill"":1,""num_decode"":1}",1,0.012345679012345678
h104-o700-d120-a100-fast,h104-o700-d120,relaxed_decode,2.0,1.0,Legacy-Remaining,0,0.016,ok,True,True,1436,0.0466710000182502,,0,0.0
h104-o700-d120-a100-fast,h104-o700-d120,relaxed_decode,2.0,1.0,Legacy-Remaining,0,0.0372391955,ok,False,True,149,0.005204100045375526,"{""kind"":""sla_time"",""object"":""decode"",""request_id"":""azure-00008"",""required"":1.2865160738236914,""limit"":1.0,""time_s"":356.8079013817578,""side"":""post"",""num_prefill"":1,""num_decode"":1}",0,0.0
h105-o900-d30-a100-fast,h105-o900-d30,decode,2.0,0.15,Raw-Full,0,16.384,ok,False,False,4,0.0006629170384258032,"{""kind"":""sla_time"",""object"":""decode"",""request_id"":""azure-00001"",""required"":1.6588326331227035,""limit"":0.15,""time_s"":1.31191515625,""side"":""post"",""num_prefill"":2,""num_decode"":1}",14,1.0
h105-o900-d30-a100-fast,h105-o900-d30,decode,2.0,0.15,Raw-Full,0,0.032,ok,False,False,20,0.000699399970471859,"{""kind"":""sla_time"",""object"":""decode"",""request_id"":""azure-00000"",""required"":0.3911558658279259,""limit"":0.15,""time_s"":32.25,""side"":""post"",""num_prefill"":1,""num_decode"":1}",2,0.14285714285714285
h105-o900-d30-a100-fast,h105-o900-d30,decode,2.0,0.15,Raw-Full,0,0.256,ok,False,False,4,0.0007330829976126552,"{""kind"":""sla_time"",""object"":""decode"",""request_id"":""azure-00000"",""required"":0.3911558658279259,""limit"":0.15,""time_s"":4.90625,""side"":""post"",""num_prefill"":1,""num_decode"":1}",11,0.7857142857142857
h105-o900-d30-a100-fast,h105-o900-d30,decode,2.0,0.15,Raw-Full,0,0.022627417,ok,False,False,27,0.0009062000317499042,"{""kind"":""sla_time"",""object"":""decode"",""request_id"":""azure-00000"",""required"":0.3911558658279259,""limit"":0.15,""time_s"":45.19417382019344,""side"":""post"",""num_prefill"":1,""num_decode"":1}",3,0.21428571428571427
h105-o900-d30-a100-fast,h105-o900-d30,decode,2.0,0.15,Raw-Full,0,1.024,ok,False,False,3,0.0018781250109896064,"{""kind"":""sla_time"",""object"":""decode"",""request_id"":""azure-00000"",""required"":0.3911558658279259,""limit"":0.15,""time_s"":1.9765625,""side"":""post"",""num_prefill"":1,""num_decode"":1}",12,0.8571428571428571
h105-o900-d30-a100-fast,h105-o900-d30,decode,2.0,0.15,Raw-Full,0,38.9679387444,ok,False,False,7,0.0005964000010862947,"{""kind"":""sla_time"",""object"":""decode"",""request_id"":""azure-00001"",""required"":2.755528622939343,""limit"":0.15,""time_s"":1.2765421220475437,""side"":""post"",""num_prefill"":5,""num_decode"":1}",14,1.0
h105-o900-d30-a100-fast,h105-o900-d30,decode,2.0,0.15,Raw-Full,0,0.064,ok,False,False,11,0.0009568750392645597,"{""kind"":""sla_time"",""object"":""decode"",""request_id"":""azure-00000"",""required"":0.3911558658279259,""limit"":0.15,""time_s"":16.625,""side"":""post"",""num_prefill"":1,""num_decode"":1}",5,0.35714285714285715
h105-o900-d30-a100-fast,h105-o900-d30,decode,2.0,0.15,Raw-Full,0,0.0190273138,ok,False,False,240,0.007616399961989373,"{""kind"":""sla_time"",""object"":""decode"",""request_id"":""azure-00012"",""required"":0.8338285603469654,""limit"":0.15,""time_s"":1472.5687297909597,""side"":""post"",""num_prefill"":1,""num_decode"":1}",1,0.07142857142857142
h105-o900-d30-a100-fast,h105-o900-d30,decode,2.0,0.15,Raw-Full,0,34.2187633026,ok,False,False,7,0.0005929999751970172,"{""kind"":""sla_time"",""object"":""decode"",""request_id"":""azure-00001"",""required"":2.755528622939343,""limit"":0.15,""time_s"":1.2801037329314593,""side"":""post"",""num_prefill"":5,""num_decode"":1}",14,1.0
h105-o900-d30-a100-fast,h105-o900-d30,decode,2.0,0.15,Raw-Full,0,1.7221558585,ok,False,False,3,0.000242199981585145,"{""kind"":""sla_time"",""object"":""decode"",""request_id"":""azure-00000"",""required"":0.3911558658279259,""limit"":0.15,""time_s"":1.64352,""side"":""post"",""num_prefill"":1,""num_decode"":1}",14,1.0
h105-o900-d30-a100-fast,h105-o900-d30,decode,2.0,0.15,Raw-Full,0,32.768,ok,False,False,6,0.0004390000249259174,"{""kind"":""sla_time"",""object"":""decode"",""request_id"":""azure-00001"",""required"":2.494660924077567,""limit"":0.15,""time_s"":1.281397578125,""side"":""post"",""num_prefill"":4,""num_decode"":1}",14,1.0
h105-o900-d30-a100-fast,h105-o900-d30,decode,2.0,0.15,Raw-Full,0,33.4855257671,ok,False,False,6,0.0008796000038273633,"{""kind"":""sla_time"",""object"":""decode"",""request_id"":""azure-00001"",""required"":2.494660924077567,""limit"":0.15,""time_s"":1.280743649355702,""side"":""post"",""num_prefill"":4,""num_decode"":1}",14,1.0
h105-o900-d30-a100-fast,h105-o900-d30,decode,2.0,0.15,Raw-Full,0,0.001,ok,True,True,270,0.01064637501258403,,0,0.0
h105-o900-d30-a100-fast,h105-o900-d30,decode,2.0,0.15,Raw-Full,0,65.536,ok,False,False,9,0.002016749989707023,"{""kind"":""sla_time"",""object"":""decode"",""request_id"":""azure-00004"",""required"":3.774999418386449,""limit"":0.15,""time_s"":1.2226515234375,""side"":""post"",""num_prefill"":7,""num_decode"":1}",14,1.0
h105-o900-d30-a100-fast,h105-o900-d30,decode,2.0,0.15,Raw-Full,0,1.4481546879,ok,False,False,3,0.000222100003156811,"{""kind"":""sla_time"",""object"":""decode"",""request_id"":""azure-00000"",""required"":0.3911558658279259,""limit"":0.15,""time_s"":1.6905339659882062,""side"":""post"",""num_prefill"":1,""num_decode"":1}",14,1.0
h105-o900-d30-a100-fast,h105-o900-d30,decode,2.0,0.15,Raw-Full,0,0.004,ok,True,True,270,0.022429457982070744,,0,0.0
h105-o900-d30-a100-fast,h105-o900-d30,decode,2.0,0.15,Raw-Full,0,1.6138043855,ok,False,False,3,0.00022340001305565238,"{""kind"":""sla_time"",""object"":""decode"",""request_id"":""azure-00000"",""required"":0.3911558658279259,""limit"":0.15,""time_s"":1.64352,""side"":""post"",""num_prefill"":1,""num_decode"":1}",14,1.0
h105-o900-d30-a100-fast,h105-o900-d30,decode,2.0,0.15,Raw-Full,0,46.3409500118,ok,False,False,8,0.0006550999823957682,"{""kind"":""sla_time"",""object"":""decode"",""request_id"":""azure-00004"",""required"":3.047168918985887,""limit"":0.15,""time_s"":1.2668943050631798,""side"":""post"",""num_prefill"":6,""num_decode"":1}",14,1.0
h105-o900-d30-a100-fast,h105-o900-d30,decode,2.0,0.15,Raw-Full,0,1.5792238853,ok,False,False,3,0.00024669995764270425,"{""kind"":""sla_time"",""object"":""decode"",""request_id"":""azure-00000"",""required"":0.3911558658279259,""limit"":0.15,""time_s"":1.64352,""side"":""post"",""num_prefill"":1,""num_decode"":1}",14,1.0
h105-o900-d30-a100-fast,h105-o900-d30,decode,2.0,0.15,Raw-Full,0,4.096,ok,False,False,3,0.00045237498125061393,"{""kind"":""sla_time"",""object"":""decode"",""request_id"":""azure-00001"",""required"":0.8205503580409007,""limit"":0.15,""time_s"":1.495020625,""side"":""post"",""num_prefill"":1,""num_decode"":1}",14,1.0
h105-o900-d30-a100-fast,h105-o900-d30,decode,2.0,0.15,Raw-Full,0,0.0167083805,ok,True,True,270,0.008159700024407357,,0,0.0
h105-o900-d30-a100-fast,h105-o900-d30,decode,2.0,0.15,Raw-Full,0,0.0170742464,ok,True,True,270,0.008408699999563396,,0,0.0
h105-o900-d30-a100-fast,h105-o900-d30,decode,2.0,0.15,Raw-Full,0,2.048,ok,False,False,3,0.00022689998149871826,"{""kind"":""sla_time"",""object"":""decode"",""request_id"":""azure-00000"",""required"":0.3911558658279259,""limit"":0.15,""time_s"":1.64352,""side"":""post"",""num_prefill"":1,""num_decode"":1}",14,1.0
h105-o900-d30-a100-fast,h105-o900-d30,decode,2.0,0.15,Raw-Full,0,0.016,ok,True,True,270,0.020694665960036218,,0,0.0
h105-o900-d30-a100-fast,h105-o900-d30,decode,2.0,0.15,Raw-Full,0,0.0174481237,ok,False,False,243,0.00779920001514256,"{""kind"":""sla_time"",""object"":""decode"",""request_id"":""azure-00012"",""required"":0.8338285603469654,""limit"":0.15,""time_s"":1605.7570776908237,""side"":""post"",""num_prefill"":1,""num_decode"":1}",1,0.07142857142857142
h105-o900-d30-a100-fast,h105-o900-d30,decode,2.0,0.15,Raw-Full,0,1.6491421,ok,False,False,3,0.0002305000089108944,"{""kind"":""sla_time"",""object"":""decode"",""request_id"":""azure-00000"",""required"":0.3911558658279259,""limit"":0.15,""time_s"":1.64352,""side"":""post"",""num_prefill"":1,""num_decode"":1}",14,1.0
h105-o900-d30-a100-fast,h105-o900-d30,decode,2.0,0.15,Raw-Full,0,35.733757384,ok,False,False,7,0.0005657000001519918,"{""kind"":""sla_time"",""object"":""decode"",""request_id"":""azure-00001"",""required"":2.755528622939343,""limit"":0.15,""time_s"":1.27886474252942,""side"":""post"",""num_prefill"":5,""num_decode"":1}",14,1.0
h105-o900-d30-a100-fast,h105-o900-d30,decode,2.0,0.15,Raw-Remaining,0,16.384,ok,False,False,4,0.0003073999541811645,"{""kind"":""sla_time"",""object"":""decode"",""request_id"":""azure-00001"",""required"":1.2486253674977033,""limit"":0.15,""time_s"":1.31191515625,""side"":""post"",""num_prefill"":2,""num_decode"":1}",14,1.0
h105-o900-d30-a100-fast,h105-o900-d30,decode,2.0,0.15,Raw-Remaining,0,0.032,ok,False,False,20,0.0007381999748758972,"{""kind"":""sla_time"",""object"":""decode"",""request_id"":""azure-00000"",""required"":0.3911558658279259,""limit"":0.15,""time_s"":32.25,""side"":""post"",""num_prefill"":1,""num_decode"":1}",2,0.14285714285714285
h105-o900-d30-a100-fast,h105-o900-d30,decode,2.0,0.15,Raw-Remaining,0,0.256,ok,False,False,4,0.0004628999740816653,"{""kind"":""sla_time"",""object"":""decode"",""request_id"":""azure-00000"",""required"":0.3911558658279259,""limit"":0.15,""time_s"":4.90625,""side"":""post"",""num_prefill"":1,""num_decode"":1}",11,0.7857142857142857
h105-o900-d30-a100-fast,h105-o900-d30,decode,2.0,0.15,Raw-Remaining,0,0.022627417,ok,False,False,27,0.000994000001810491,"{""kind"":""sla_time"",""object"":""decode"",""request_id"":""azure-00000"",""required"":0.3911558658279259,""limit"":0.15,""time_s"":45.19417382019344,""side"":""post"",""num_prefill"":1,""num_decode"":1}",3,0.21428571428571427
h105-o900-d30-a100-fast,h105-o900-d30,decode,2.0,0.15,Raw-Remaining,0,1.024,ok,False,False,3,0.0002313000150024891,"{""kind"":""sla_time"",""object"":""decode"",""request_id"":""azure-00000"",""required"":0.3911558658279259,""limit"":0.15,""time_s"":1.9765625,""side"":""post"",""num_prefill"":1,""num_decode"":1}",12,0.8571428571428571
h105-o900-d30-a100-fast,h105-o900-d30,decode,2.0,0.15,Raw-Remaining,0,38.9679387444,ok,False,False,7,0.0006030999938957393,"{""kind"":""sla_time"",""object"":""decode"",""request_id"":""azure-00001"",""required"":2.040033185937761,""limit"":0.15,""time_s"":1.2765421220475437,""side"":""post"",""num_prefill"":5,""num_decode"":1}",14,1.0
h105-o900-d30-a100-fast,h105-o900-d30,decode,2.0,0.15,Raw-Remaining,0,0.064,ok,False,False,11,0.00047610001638531685,"{""kind"":""sla_time"",""object"":""decode"",""request_id"":""azure-00000"",""required"":0.3911558658279259,""limit"":0.15,""time_s"":16.625,""side"":""post"",""num_prefill"":1,""num_decode"":1}",5,0.35714285714285715
h105-o900-d30-a100-fast,h105-o900-d30,decode,2.0,0.15,Raw-Remaining,0,0.0190273138,ok,False,False,240,0.008515599998645484,"{""kind"":""sla_time"",""object"":""decode"",""request_id"":""azure-00012"",""required"":0.8338285603469654,""limit"":0.15,""time_s"":1472.5687297909597,""side"":""post"",""num_prefill"":1,""num_decode"":1}",1,0.07142857142857142
h105-o900-d30-a100-fast,h105-o900-d30,decode,2.0,0.15,Raw-Remaining,0,34.2187633026,ok,False,False,7,0.0005967000033706427,"{""kind"":""sla_time"",""object"":""decode"",""request_id"":""azure-00001"",""required"":2.114827014499986,""limit"":0.15,""time_s"":1.2801037329314593,""side"":""post"",""num_prefill"":5,""num_decode"":1}",14,1.0
h105-o900-d30-a100-fast,h105-o900-d30,decode,2.0,0.15,Raw-Remaining,0,1.7221558585,ok,False,False,3,0.00026509998133406043,"{""kind"":""sla_time"",""object"":""decode"",""request_id"":""azure-00000"",""required"":0.3283034024299853,""limit"":0.15,""time_s"":1.64352,""side"":""post"",""num_prefill"":1,""num_decode"":1}",14,1.0
h105-o900-d30-a100-fast,h105-o900-d30,decode,2.0,0.15,Raw-Remaining,0,32.768,ok,False,False,6,0.0004879999905824661,"{""kind"":""sla_time"",""object"":""decode"",""request_id"":""azure-00001"",""required"":1.8726106506400668,""limit"":0.15,""time_s"":1.281397578125,""side"":""post"",""num_prefill"":4,""num_decode"":1}",14,1.0
h105-o900-d30-a100-fast,h105-o900-d30,decode,2.0,0.15,Raw-Remaining,0,33.4855257671,ok,False,False,6,0.00048230000538751483,"{""kind"":""sla_time"",""object"":""decode"",""request_id"":""azure-00001"",""required"":1.8644365410238422,""limit"":0.15,""time_s"":1.280743649355702,""side"":""post"",""num_prefill"":4,""num_decode"":1}",14,1.0
h105-o900-d30-a100-fast,h105-o900-d30,decode,2.0,0.15,Raw-Remaining,0,0.001,ok,True,True,270,0.008409900008700788,,0,0.0
h105-o900-d30-a100-fast,h105-o900-d30,decode,2.0,0.15,Raw-Remaining,0,65.536,ok,False,False,9,0.0008664000197313726,"{""kind"":""sla_time"",""object"":""decode"",""request_id"":""azure-00004"",""required"":2.903084262136449,""limit"":0.15,""time_s"":1.2226515234375,""side"":""post"",""num_prefill"":7,""num_decode"":1}",14,1.0
h105-o900-d30-a100-fast,h105-o900-d30,decode,2.0,0.15,Raw-Remaining,0,1.4481546879,ok,False,False,3,0.0002497999812476337,"{""kind"":""sla_time"",""object"":""decode"",""request_id"":""azure-00000"",""required"":0.3911558658279259,""limit"":0.15,""time_s"":1.6905339659882062,""side"":""post"",""num_prefill"":1,""num_decode"":1}",14,1.0
h105-o900-d30-a100-fast,h105-o900-d30,decode,2.0,0.15,Raw-Remaining,0,0.004,ok,True,True,270,0.008486800012178719,,0,0.0
h105-o900-d30-a100-fast,h105-o900-d30,decode,2.0,0.15,Raw-Remaining,0,1.6138043855,ok,False,False,3,0.0002351000439375639,"{""kind"":""sla_time"",""object"":""decode"",""request_id"":""azure-00000"",""required"":0.36728965347714765,""limit"":0.15,""time_s"":1.64352,""side"":""post"",""num_prefill"":1,""num_decode"":1}",14,1.0
h105-o900-d30-a100-fast,h105-o900-d30,decode,2.0,0.15,Raw-Remaining,0,46.3409500118,ok,False,False,8,0.0007149000302888453,"{""kind"":""sla_time"",""object"":""decode"",""request_id"":""azure-00004"",""required"":2.136337054609916,""limit"":0.15,""time_s"":1.2668943050631798,""side"":""post"",""num_prefill"":6,""num_decode"":1}",14,1.0
h105-o900-d30-a100-fast,h105-o900-d30,decode,2.0,0.15,Raw-Remaining,0,1.5792238853,ok,False,False,3,0.0002631000243127346,"{""kind"":""sla_time"",""object"":""decode"",""request_id"":""azure-00000"",""required"":0.3808583045893769,""limit"":0.15,""time_s"":1.64352,""side"":""post"",""num_prefill"":1,""num_decode"":1}",14,1.0
h105-o900-d30-a100-fast,h105-o900-d30,decode,2.0,0.15,Raw-Remaining,0,4.096,ok,False,False,3,0.000244300055783242,"{""kind"":""sla_time"",""object"":""decode"",""request_id"":""azure-00001"",""required"":0.32552973304090066,""limit"":0.15,""time_s"":1.495020625,""side"":""post"",""num_prefill"":1,""num_decode"":1}",14,1.0
h105-o900-d30-a100-fast,h105-o900-d30,decode,2.0,0.15,Raw-Remaining,0,0.0167083805,ok,True,True,270,0.012516100017819554,,0,0.0
h105-o900-d30-a100-fast,h105-o900-d30,decode,2.0,0.15,Raw-Remaining,0,0.0170742464,ok,True,True,270,0.008364199951756746,,0,0.0
h105-o900-d30-a100-fast,h105-o900-d30,decode,2.0,0.15,Raw-Remaining,0,2.048,ok,False,False,3,0.00024179997853934765,"{""kind"":""sla_time"",""object"":""decode"",""request_id"":""azure-00000"",""required"":0.2359171158279258,""limit"":0.15,""time_s"":1.64352,""side"":""post"",""num_prefill"":1,""num_decode"":1}",14,1.0
h105-o900-d30-a100-fast,h105-o900-d30,decode,2.0,0.15,Raw-Remaining,0,0.016,ok,True,True,270,0.012390499992761761,,0,0.0
h105-o900-d30-a100-fast,h105-o900-d30,decode,2.0,0.15,Raw-Remaining,0,0.0174481237,ok,False,False,243,0.007688299985602498,"{""kind"":""sla_time"",""object"":""decode"",""request_id"":""azure-00012"",""required"":0.8338285603469654,""limit"":0.15,""time_s"":1605.7570776908237,""side"":""post"",""num_prefill"":1,""num_decode"":1}",1,0.07142857142857142
h105-o900-d30-a100-fast,h105-o900-d30,decode,2.0,0.15,Raw-Remaining,0,1.6491421,ok,False,False,3,0.00025400001322850585,"{""kind"":""sla_time"",""object"":""decode"",""request_id"":""azure-00000"",""required"":0.3540117505985589,""limit"":0.15,""time_s"":1.64352,""side"":""post"",""num_prefill"":1,""num_decode"":1}",14,1.0
h105-o900-d30-a100-fast,h105-o900-d30,decode,2.0,0.15,Raw-Remaining,0,35.733757384,ok,False,False,7,0.0006188999977894127,"{""kind"":""sla_time"",""object"":""decode"",""request_id"":""azure-00001"",""required"":2.0888082160571626,""limit"":0.15,""time_s"":1.27886474252942,""side"":""post"",""num_prefill"":5,""num_decode"":1}",14,1.0
h105-o900-d30-a100-fast,h105-o900-d30,decode,2.0,0.15,Legacy-Full,0,16.384,ok,False,False,4,0.0002531000063754618,"{""kind"":""sla_time"",""object"":""decode"",""request_id"":""azure-00001"",""required"":1.6588326331227035,""limit"":0.15,""time_s"":1.3169151562499999,""side"":""post"",""num_prefill"":2,""num_decode"":1}",14,1.0
h105-o900-d30-a100-fast,h105-o900-d30,decode,2.0,0.15,Legacy-Full,0,0.032,ok,False,False,19,0.0006709999870508909,"{""kind"":""sla_time"",""object"":""decode"",""request_id"":""azure-00000"",""required"":0.3911558658279259,""limit"":0.15,""time_s"":32.25,""side"":""post"",""num_prefill"":1,""num_decode"":1}",2,0.14285714285714285
h105-o900-d30-a100-fast,h105-o900-d30,decode,2.0,0.15,Legacy-Full,0,0.256,ok,False,False,4,0.0002204999909736216,"{""kind"":""sla_time"",""object"":""decode"",""request_id"":""azure-00000"",""required"":0.3911558658279259,""limit"":0.15,""time_s"":4.90625,""side"":""post"",""num_prefill"":1,""num_decode"":1}",11,0.7857142857142857
h105-o900-d30-a100-fast,h105-o900-d30,decode,2.0,0.15,Legacy-Full,0,0.022627417,ok,False,False,26,0.0009379999828524888,"{""kind"":""sla_time"",""object"":""decode"",""request_id"":""azure-00000"",""required"":0.3911558658279259,""limit"":0.15,""time_s"":45.19417382019344,""side"":""post"",""num_prefill"":1,""num_decode"":1}",3,0.21428571428571427
h105-o900-d30-a100-fast,h105-o900-d30,decode,2.0,0.15,Legacy-Full,0,1.024,ok,False,False,3,0.00019759999122470617,"{""kind"":""sla_time"",""object"":""decode"",""request_id"":""azure-00000"",""required"":0.3911558658279259,""limit"":0.15,""time_s"":1.9765625,""side"":""post"",""num_prefill"":1,""num_decode"":1}",12,0.8571428571428571
h105-o900-d30-a100-fast,h105-o900-d30,decode,2.0,0.15,Legacy-Full,0,38.9679387444,ok,False,False,7,0.0004915999597869813,"{""kind"":""sla_time"",""object"":""decode"",""request_id"":""azure-00001"",""required"":2.755528622939343,""limit"":0.15,""time_s"":1.2815421220475436,""side"":""post"",""num_prefill"":5,""num_decode"":1}",14,1.0
h105-o900-d30-a100-fast,h105-o900-d30,decode,2.0,0.15,Legacy-Full,0,0.064,ok,False,False,11,0.0004214000073261559,"{""kind"":""sla_time"",""object"":""decode"",""request_id"":""azure-00000"",""required"":0.3911558658279259,""limit"":0.15,""time_s"":16.625,""side"":""post"",""num_prefill"":1,""num_decode"":1}",5,0.35714285714285715
h105-o900-d30-a100-fast,h105-o900-d30,decode,2.0,0.15,Legacy-Full,0,0.0190273138,ok,False,False,239,0.007512699987273663,"{""kind"":""sla_time"",""object"":""decode"",""request_id"":""azure-00012"",""required"":0.8338285603469654,""limit"":0.15,""time_s"":1472.5687297909597,""side"":""post"",""num_prefill"":1,""num_decode"":1}",1,0.07142857142857142
h105-o900-d30-a100-fast,h105-o900-d30,decode,2.0,0.15,Legacy-Full,0,34.2187633026,ok,False,False,7,0.0004935999750159681,"{""kind"":""sla_time"",""object"":""decode"",""request_id"":""azure-00001"",""required"":2.755528622939343,""limit"":0.15,""time_s"":1.2851037329314592,""side"":""post"",""num_prefill"":5,""num_decode"":1}",14,1.0
h105-o900-d30-a100-fast,h105-o900-d30,decode,2.0,0.15,Legacy-Full,0,1.7221558585,ok,False,False,3,0.00022799998987466097,"{""kind"":""sla_time"",""object"":""decode"",""request_id"":""azure-00000"",""required"":0.3911558658279259,""limit"":0.15,""time_s"":1.64852,""side"":""post"",""num_prefill"":1,""num_decode"":1}",14,1.0
h105-o900-d30-a100-fast,h105-o900-d30,decode,2.0,0.15,Legacy-Full,0,32.768,ok,False,False,6,0.00041499995859339833,"{""kind"":""sla_time"",""object"":""decode"",""request_id"":""azure-00001"",""required"":2.494660924077567,""limit"":0.15,""time_s"":1.2863975781249999,""side"":""post"",""num_prefill"":4,""num_decode"":1}",14,1.0
h105-o900-d30-a100-fast,h105-o900-d30,decode,2.0,0.15,Legacy-Full,0,33.4855257671,ok,False,False,7,0.00048619997687637806,"{""kind"":""sla_time"",""object"":""decode"",""request_id"":""azure-00001"",""required"":2.755528622939343,""limit"":0.15,""time_s"":1.285743649355702,""side"":""post"",""num_prefill"":5,""num_decode"":1}",14,1.0
h105-o900-d30-a100-fast,h105-o900-d30,decode,2.0,0.15,Legacy-Full,0,0.001,ok,True,True,270,0.008613199985120445,,0,0.0
h105-o900-d30-a100-fast,h105-o900-d30,decode,2.0,0.15,Legacy-Full,0,65.536,ok,False,False,9,0.0006997999735176563,"{""kind"":""sla_time"",""object"":""decode"",""request_id"":""azure-00004"",""required"":3.774999418386449,""limit"":0.15,""time_s"":1.2276515234374998,""side"":""post"",""num_prefill"":7,""num_decode"":1}",14,1.0
h105-o900-d30-a100-fast,h105-o900-d30,decode,2.0,0.15,Legacy-Full,0,1.4481546879,ok,False,False,3,0.00019620003877207637,"{""kind"":""sla_time"",""object"":""decode"",""request_id"":""azure-00000"",""required"":0.3911558658279259,""limit"":0.15,""time_s"":1.6905339659882062,""side"":""post"",""num_prefill"":1,""num_decode"":1}",14,1.0
h105-o900-d30-a100-fast,h105-o900-d30,decode,2.0,0.15,Legacy-Full,0,0.004,ok,True,True,270,0.0080110999988392,,0,0.0
h105-o900-d30-a100-fast,h105-o900-d30,decode,2.0,0.15,Legacy-Full,0,1.6138043855,ok,False,False,3,0.00019260001135990024,"{""kind"":""sla_time"",""object"":""decode"",""request_id"":""azure-00000"",""required"":0.3911558658279259,""limit"":0.15,""time_s"":1.64852,""side"":""post"",""num_prefill"":1,""num_decode"":1}",14,1.0
h105-o900-d30-a100-fast,h105-o900-d30,decode,2.0,0.15,Legacy-Full,0,46.3409500118,ok,False,False,8,0.0006411999929696321,"{""kind"":""sla_time"",""object"":""decode"",""request_id"":""azure-00004"",""required"":3.047168918985887,""limit"":0.15,""time_s"":1.2718943050631797,""side"":""post"",""num_prefill"":6,""num_decode"":1}",14,1.0
h105-o900-d30-a100-fast,h105-o900-d30,decode,2.0,0.15,Legacy-Full,0,1.5792238853,ok,False,False,3,0.00019990000873804092,"{""kind"":""sla_time"",""object"":""decode"",""request_id"":""azure-00000"",""required"":0.3911558658279259,""limit"":0.15,""time_s"":1.64852,""side"":""post"",""num_prefill"":1,""num_decode"":1}",14,1.0
h105-o900-d30-a100-fast,h105-o900-d30,decode,2.0,0.15,Legacy-Full,0,4.096,ok,False,False,3,0.00019400002202019095,"{""kind"":""sla_time"",""object"":""decode"",""request_id"":""azure-00001"",""required"":0.8205503580409007,""limit"":0.15,""time_s"":1.5000206249999999,""side"":""post"",""num_prefill"":1,""num_decode"":1}",14,1.0
h105-o900-d30-a100-fast,h105-o900-d30,decode,2.0,0.15,Legacy-Full,0,0.0167083805,ok,False,True,243,0.0075579999829642475,"{""kind"":""sla_time"",""object"":""decode"",""request_id"":""azure-00012"",""required"":0.8338285603469654,""limit"":0.15,""time_s"":1676.8057431119669,""side"":""post"",""num_prefill"":1,""num_decode"":1}",0,0.0
h105-o900-d30-a100-fast,h105-o900-d30,decode,2.0,0.15,Legacy-Full,0,0.0170742464,ok,False,True,242,0.0071647000149823725,"{""kind"":""sla_time"",""object"":""decode"",""request_id"":""azure-00012"",""required"":0.8338285603469654,""limit"":0.15,""time_s"":1640.8966808866012,""side"":""post"",""num_prefill"":1,""num_decode"":1}",0,0.0
h105-o900-d30-a100-fast,h105-o900-d30,decode,2.0,0.15,Legacy-Full,0,2.048,ok,False,False,3,0.00019679998513311148,"{""kind"":""sla_time"",""object"":""decode"",""request_id"":""azure-00000"",""required"":0.3911558658279259,""limit"":0.15,""time_s"":1.64852,""side"":""post"",""num_prefill"":1,""num_decode"":1}",14,1.0
h105-o900-d30-a100-fast,h105-o900-d30,decode,2.0,0.15,Legacy-Full,0,0.016,ok,True,True,270,0.008495199959725142,,0,0.0
h105-o900-d30-a100-fast,h105-o900-d30,decode,2.0,0.15,Legacy-Full,0,0.0174481237,ok,False,False,242,0.007202899956610054,"{""kind"":""sla_time"",""object"":""decode"",""request_id"":""azure-00012"",""required"":0.8338285603469654,""limit"":0.15,""time_s"":1605.7570776908237,""side"":""post"",""num_prefill"":1,""num_decode"":1}",1,0.07142857142857142
h105-o900-d30-a100-fast,h105-o900-d30,decode,2.0,0.15,Legacy-Full,0,1.6491421,ok,False,False,3,0.0002012000186368823,"{""kind"":""sla_time"",""object"":""decode"",""request_id"":""azure-00000"",""required"":0.3911558658279259,""limit"":0.15,""time_s"":1.64852,""side"":""post"",""num_prefill"":1,""num_decode"":1}",14,1.0
h105-o900-d30-a100-fast,h105-o900-d30,decode,2.0,0.15,Legacy-Full,0,35.733757384,ok,False,False,7,0.0005139000131748617,"{""kind"":""sla_time"",""object"":""decode"",""request_id"":""azure-00001"",""required"":2.755528622939343,""limit"":0.15,""time_s"":1.2838647425294198,""side"":""post"",""num_prefill"":5,""num_decode"":1}",14,1.0
h105-o900-d30-a100-fast,h105-o900-d30,decode,2.0,0.15,Legacy-Remaining,0,16.384,ok,False,False,4,0.00023259996669366956,"{""kind"":""sla_time"",""object"":""decode"",""request_id"":""azure-00001"",""required"":1.2417435693069707,""limit"":0.15,""time_s"":1.3169151562499999,""side"":""post"",""num_prefill"":2,""num_decode"":1}",14,1.0
h105-o900-d30-a100-fast,h105-o900-d30,decode,2.0,0.15,Legacy-Remaining,0,0.032,ok,False,False,19,0.0006580000044777989,"{""kind"":""sla_time"",""object"":""decode"",""request_id"":""azure-00000"",""required"":0.3911558658279259,""limit"":0.15,""time_s"":32.25,""side"":""post"",""num_prefill"":1,""num_decode"":1}",2,0.14285714285714285
h105-o900-d30-a100-fast,h105-o900-d30,decode,2.0,0.15,Legacy-Remaining,0,0.256,ok,False,False,4,0.0002261999761685729,"{""kind"":""sla_time"",""object"":""decode"",""request_id"":""azure-00000"",""required"":0.3911558658279259,""limit"":0.15,""time_s"":4.90625,""side"":""post"",""num_prefill"":1,""num_decode"":1}",11,0.7857142857142857
h105-o900-d30-a100-fast,h105-o900-d30,decode,2.0,0.15,Legacy-Remaining,0,0.022627417,ok,False,False,26,0.0009391999919898808,"{""kind"":""sla_time"",""object"":""decode"",""request_id"":""azure-00000"",""required"":0.3911558658279259,""limit"":0.15,""time_s"":45.19417382019344,""side"":""post"",""num_prefill"":1,""num_decode"":1}",3,0.21428571428571427
h105-o900-d30-a100-fast,h105-o900-d30,decode,2.0,0.15,Legacy-Remaining,0,1.024,ok,False,False,3,0.00019079999765381217,"{""kind"":""sla_time"",""object"":""decode"",""request_id"":""azure-00000"",""required"":0.3911558658279259,""limit"":0.15,""time_s"":1.9765625,""side"":""post"",""num_prefill"":1,""num_decode"":1}",12,0.8571428571428571
h105-o900-d30-a100-fast,h105-o900-d30,decode,2.0,0.15,Legacy-Remaining,0,38.9679387444,ok,False,False,7,0.00048430002061650157,"{""kind"":""sla_time"",""object"":""decode"",""request_id"":""azure-00001"",""required"":2.024423846247052,""limit"":0.15,""time_s"":1.2815421220475436,""side"":""post"",""num_prefill"":5,""num_decode"":1}",14,1.0
h105-o900-d30-a100-fast,h105-o900-d30,decode,2.0,0.15,Legacy-Remaining,0,0.064,ok,False,False,11,0.0008646000060252845,"{""kind"":""sla_time"",""object"":""decode"",""request_id"":""azure-00000"",""required"":0.3911558658279259,""limit"":0.15,""time_s"":16.625,""side"":""post"",""num_prefill"":1,""num_decode"":1}",5,0.35714285714285715
h105-o900-d30-a100-fast,h105-o900-d30,decode,2.0,0.15,Legacy-Remaining,0,0.0190273138,ok,False,False,239,0.007217300008051097,"{""kind"":""sla_time"",""object"":""decode"",""request_id"":""azure-00012"",""required"":0.8338285603469654,""limit"":0.15,""time_s"":1472.5687297909597,""side"":""post"",""num_prefill"":1,""num_decode"":1}",1,0.07142857142857142
h105-o900-d30-a100-fast,h105-o900-d30,decode,2.0,0.15,Legacy-Remaining,0,34.2187633026,ok,False,False,7,0.0004889999981969595,"{""kind"":""sla_time"",""object"":""decode"",""request_id"":""azure-00001"",""required"":2.097545385015029,""limit"":0.15,""time_s"":1.2851037329314592,""side"":""post"",""num_prefill"":5,""num_decode"":1}",14,1.0
h105-o900-d30-a100-fast,h105-o900-d30,decode,2.0,0.15,Legacy-Remaining,0,1.7221558585,ok,False,False,3,0.00019329995848238468,"{""kind"":""sla_time"",""object"":""decode"",""request_id"":""azure-00000"",""required"":0.32462926735491,""limit"":0.15,""time_s"":1.64852,""side"":""post"",""num_prefill"":1,""num_decode"":1}",14,1.0
h105-o900-d30-a100-fast,h105-o900-d30,decode,2.0,0.15,Legacy-Remaining,0,32.768,ok,False,False,6,0.0003848000196740031,"{""kind"":""sla_time"",""object"":""decode"",""request_id"":""azure-00001"",""required"":1.859793721606093,""limit"":0.15,""time_s"":1.2863975781249999,""side"":""post"",""num_prefill"":4,""num_decode"":1}",14,1.0
h105-o900-d30-a100-fast,h105-o900-d30,decode,2.0,0.15,Legacy-Remaining,0,33.4855257671,ok,False,False,7,0.0004948999849148095,"{""kind"":""sla_time"",""object"":""decode"",""request_id"":""azure-00001"",""required"":2.110683168773174,""limit"":0.15,""time_s"":1.285743649355702,""side"":""post"",""num_prefill"":5,""num_decode"":1}",14,1.0
h105-o900-d30-a100-fast,h105-o900-d30,decode,2.0,0.15,Legacy-Remaining,0,0.001,ok,True,True,270,0.008116000040899962,,0,0.0
h105-o900-d30-a100-fast,h105-o900-d30,decode,2.0,0.15,Legacy-Remaining,0,65.536,ok,False,False,9,0.0007072000298649073,"{""kind"":""sla_time"",""object"":""decode"",""request_id"":""azure-00004"",""required"":2.879712677466022,""limit"":0.15,""time_s"":1.2276515234374998,""side"":""post"",""num_prefill"":7,""num_decode"":1}",14,1.0
h105-o900-d30-a100-fast,h105-o900-d30,decode,2.0,0.15,Legacy-Remaining,0,1.4481546879,ok,False,False,3,0.0003206999972462654,"{""kind"":""sla_time"",""object"":""decode"",""request_id"":""azure-00000"",""required"":0.3911558658279259,""limit"":0.15,""time_s"":1.6905339659882062,""side"":""post"",""num_prefill"":1,""num_decode"":1}",14,1.0
h105-o900-d30-a100-fast,h105-o900-d30,decode,2.0,0.15,Legacy-Remaining,0,0.004,ok,True,True,270,0.008276699983980507,,0,0.0
h105-o900-d30-a100-fast,h105-o900-d30,decode,2.0,0.15,Legacy-Remaining,0,1.6138043855,ok,False,False,3,0.0001914000022225082,"{""kind"":""sla_time"",""object"":""decode"",""request_id"":""azure-00000"",""required"":0.3628537110891295,""limit"":0.15,""time_s"":1.64852,""side"":""post"",""num_prefill"":1,""num_decode"":1}",14,1.0
h105-o900-d30-a100-fast,h105-o900-d30,decode,2.0,0.15,Legacy-Remaining,0,46.3409500118,ok,False,False,8,0.0006061000167392194,"{""kind"":""sla_time"",""object"":""decode"",""request_id"":""azure-00004"",""required"":2.1175427328262155,""limit"":0.15,""time_s"":1.2718943050631797,""side"":""post"",""num_prefill"":6,""num_decode"":1}",14,1.0
h105-o900-d30-a100-fast,h105-o900-d30,decode,2.0,0.15,Legacy-Remaining,0,1.5792238853,ok,False,False,3,0.0001889999839477241,"{""kind"":""sla_time"",""object"":""decode"",""request_id"":""azure-00000"",""required"":0.3761572252013543,""limit"":0.15,""time_s"":1.64852,""side"":""post"",""num_prefill"":1,""num_decode"":1}",14,1.0
h105-o900-d30-a100-fast,h105-o900-d30,decode,2.0,0.15,Legacy-Remaining,0,4.096,ok,False,False,3,0.00017169996863231063,"{""kind"":""sla_time"",""object"":""decode"",""request_id"":""azure-00001"",""required"":0.3243848232848409,""limit"":0.15,""time_s"":1.5000206249999999,""side"":""post"",""num_prefill"":1,""num_decode"":1}",14,1.0
h105-o900-d30-a100-fast,h105-o900-d30,decode,2.0,0.15,Legacy-Remaining,0,0.0167083805,ok,False,True,243,0.007550099981017411,"{""kind"":""sla_time"",""object"":""decode"",""request_id"":""azure-00012"",""required"":0.8338285603469654,""limit"":0.15,""time_s"":1676.8057431119669,""side"":""post"",""num_prefill"":1,""num_decode"":1}",0,0.0
h105-o900-d30-a100-fast,h105-o900-d30,decode,2.0,0.15,Legacy-Remaining,0,0.0170742464,ok,False,True,242,0.010683499975129962,"{""kind"":""sla_time"",""object"":""decode"",""request_id"":""azure-00012"",""required"":0.8338285603469654,""limit"":0.15,""time_s"":1640.8966808866012,""side"":""post"",""num_prefill"":1,""num_decode"":1}",0,0.0
h105-o900-d30-a100-fast,h105-o900-d30,decode,2.0,0.15,Legacy-Remaining,0,2.048,ok,False,False,3,0.00018770003225654364,"{""kind"":""sla_time"",""object"":""decode"",""request_id"":""azure-00000"",""required"":0.23404824663142754,""limit"":0.15,""time_s"":1.64852,""side"":""post"",""num_prefill"":1,""num_decode"":1}",14,1.0
h105-o900-d30-a100-fast,h105-o900-d30,decode,2.0,0.15,Legacy-Remaining,0,0.016,ok,True,True,270,0.009585699997842312,,0,0.0
h105-o900-d30-a100-fast,h105-o900-d30,decode,2.0,0.15,Legacy-Remaining,0,0.0174481237,ok,False,False,242,0.0074773000087589025,"{""kind"":""sla_time"",""object"":""decode"",""request_id"":""azure-00012"",""required"":0.8338285603469654,""limit"":0.15,""time_s"":1605.7570776908237,""side"":""post"",""num_prefill"":1,""num_decode"":1}",1,0.07142857142857142
h105-o900-d30-a100-fast,h105-o900-d30,decode,2.0,0.15,Legacy-Remaining,0,1.6491421,ok,False,False,3,0.00019860005704686046,"{""kind"":""sla_time"",""object"":""decode"",""request_id"":""azure-00000"",""required"":0.349835263870979,""limit"":0.15,""time_s"":1.64852,""side"":""post"",""num_prefill"":1,""num_decode"":1}",14,1.0
h105-o900-d30-a100-fast,h105-o900-d30,decode,2.0,0.15,Legacy-Remaining,0,35.733757384,ok,False,False,7,0.00048099999548867345,"{""kind"":""sla_time"",""object"":""decode"",""request_id"":""azure-00001"",""required"":2.0721083320441376,""limit"":0.15,""time_s"":1.2838647425294198,""side"":""post"",""num_prefill"":5,""num_decode"":1}",14,1.0
h105-o900-d30-a100-fast,h105-o900-d30,relaxed_decode,2.0,1.0,Raw-Full,0,16.384,ok,False,True,4,0.0007442500209435821,"{""kind"":""sla_time"",""object"":""decode"",""request_id"":""azure-00001"",""required"":1.6588326331227035,""limit"":1.0,""time_s"":1.31191515625,""side"":""post"",""num_prefill"":2,""num_decode"":1}",0,0.0
h105-o900-d30-a100-fast,h105-o900-d30,relaxed_decode,2.0,1.0,Raw-Full,0,0.032,ok,True,True,270,0.00894299999345094,,0,0.0
h105-o900-d30-a100-fast,h105-o900-d30,relaxed_decode,2.0,1.0,Raw-Full,0,0.256,ok,True,True,270,0.04461195896146819,,0,0.0
h105-o900-d30-a100-fast,h105-o900-d30,relaxed_decode,2.0,1.0,Raw-Full,0,0.022627417,ok,True,True,270,0.008248300000559539,,0,0.0
h105-o900-d30-a100-fast,h105-o900-d30,relaxed_decode,2.0,1.0,Raw-Full,0,1.024,ok,True,True,270,0.09046587499324232,,0,0.0
h105-o900-d30-a100-fast,h105-o900-d30,relaxed_decode,2.0,1.0,Raw-Full,0,38.9679387444,ok,False,False,7,0.0004879000480286777,"{""kind"":""sla_time"",""object"":""decode"",""request_id"":""azure-00001"",""required"":2.755528622939343,""limit"":1.0,""time_s"":1.2765421220475437,""side"":""post"",""num_prefill"":5,""num_decode"":1}",1,0.07142857142857142
h105-o900-d30-a100-fast,h105-o900-d30,relaxed_decode,2.0,1.0,Raw-Full,0,0.064,ok,True,True,270,0.026268707995768636,,0,0.0
h105-o900-d30-a100-fast,h105-o900-d30,relaxed_decode,2.0,1.0,Raw-Full,0,0.0190273138,ok,True,True,270,0.008065200003329664,,0,0.0
h105-o900-d30-a100-fast,h105-o900-d30,relaxed_decode,2.0,1.0,Raw-Full,0,34.2187633026,ok,False,False,7,0.00048559997230768204,"{""kind"":""sla_time"",""object"":""decode"",""request_id"":""azure-00001"",""required"":2.755528622939343,""limit"":1.0,""time_s"":1.2801037329314593,""side"":""post"",""num_prefill"":5,""num_decode"":1}",1,0.07142857142857142
h105-o900-d30-a100-fast,h105-o900-d30,relaxed_decode,2.0,1.0,Raw-Full,0,1.7221558585,ok,False,True,79,0.01724320003995672,"{""kind"":""sla_time"",""object"":""decode"",""request_id"":""azure-00000"",""required"":1.502624452829333,""limit"":1.0,""time_s"":17.258691024857665,""side"":""post"",""num_prefill"":2,""num_decode"":9}",0,0.0
h105-o900-d30-a100-fast,h105-o900-d30,relaxed_decode,2.0,1.0,Raw-Full,0,32.768,ok,False,True,6,0.00036200002068653703,"{""kind"":""sla_time"",""object"":""decode"",""request_id"":""azure-00001"",""required"":2.494660924077567,""limit"":1.0,""time_s"":1.281397578125,""side"":""post"",""num_prefill"":4,""num_decode"":1}",0,0.0
h105-o900-d30-a100-fast,h105-o900-d30,relaxed_decode,2.0,1.0,Raw-Full,0,33.4855257671,ok,False,True,6,0.0007588000153191388,"{""kind"":""sla_time"",""object"":""decode"",""request_id"":""azure-00001"",""required"":2.494660924077567,""limit"":1.0,""time_s"":1.280743649355702,""side"":""post"",""num_prefill"":4,""num_decode"":1}",0,0.0
h105-o900-d30-a100-fast,h105-o900-d30,relaxed_decode,2.0,1.0,Raw-Full,0,0.001,ok,True,True,270,0.010714290954638273,,0,0.0
h105-o900-d30-a100-fast,h105-o900-d30,relaxed_decode,2.0,1.0,Raw-Full,0,65.536,ok,False,False,9,0.0018010829808190465,"{""kind"":""sla_time"",""object"":""decode"",""request_id"":""azure-00004"",""required"":3.774999418386449,""limit"":1.0,""time_s"":1.2226515234375,""side"":""post"",""num_prefill"":7,""num_decode"":1}",2,0.14285714285714285
h105-o900-d30-a100-fast,h105-o900-d30,relaxed_decode,2.0,1.0,Raw-Full,0,1.4481546879,ok,True,True,270,0.05033499997807667,,0,0.0
h105-o900-d30-a100-fast,h105-o900-d30,relaxed_decode,2.0,1.0,Raw-Full,0,0.004,ok,True,True,270,0.02249379100976512,,0,0.0
h105-o900-d30-a100-fast,h105-o900-d30,relaxed_decode,2.0,1.0,Raw-Full,0,1.6138043855,ok,True,True,270,0.0572451000334695,,0,0.0
h105-o900-d30-a100-fast,h105-o900-d30,relaxed_decode,2.0,1.0,Raw-Full,0,46.3409500118,ok,False,False,8,0.0005650999955832958,"{""kind"":""sla_time"",""object"":""decode"",""request_id"":""azure-00004"",""required"":3.047168918985887,""limit"":1.0,""time_s"":1.2668943050631798,""side"":""post"",""num_prefill"":6,""num_decode"":1}",2,0.14285714285714285
h105-o900-d30-a100-fast,h105-o900-d30,relaxed_decode,2.0,1.0,Raw-Full,0,1.5792238853,ok,True,True,270,0.04414169996744022,,0,0.0
h105-o900-d30-a100-fast,h105-o900-d30,relaxed_decode,2.0,1.0,Raw-Full,0,4.096,ok,False,True,6,0.0008302500355057418,"{""kind"":""sla_time"",""object"":""decode"",""request_id"":""azure-00000"",""required"":1.6645232912538739,""limit"":1.0,""time_s"":2.46484375,""side"":""post"",""num_prefill"":2,""num_decode"":2}",0,0.0
h105-o900-d30-a100-fast,h105-o900-d30,relaxed_decode,2.0,1.0,Raw-Full,0,0.0167083805,ok,True,True,270,0.007980900001712143,,0,0.0
h105-o900-d30-a100-fast,h105-o900-d30,relaxed_decode,2.0,1.0,Raw-Full,0,0.0170742464,ok,True,True,270,0.008351100026629865,,0,0.0
h105-o900-d30-a100-fast,h105-o900-d30,relaxed_decode,2.0,1.0,Raw-Full,0,2.048,ok,False,True,73,0.011569200025405735,"{""kind"":""sla_time"",""object"":""decode"",""request_id"":""azure-00000"",""required"":1.502624452829333,""limit"":1.0,""time_s"":14.671875,""side"":""post"",""num_prefill"":2,""num_decode"":9}",0,0.0
h105-o900-d30-a100-fast,h105-o900-d30,relaxed_decode,2.0,1.0,Raw-Full,0,0.016,ok,True,True,270,0.019455958041362464,,0,0.0
h105-o900-d30-a100-fast,h105-o900-d30,relaxed_decode,2.0,1.0,Raw-Full,0,0.0174481237,ok,True,True,270,0.009077600028831512,,0,0.0
h105-o900-d30-a100-fast,h105-o900-d30,relaxed_decode,2.0,1.0,Raw-Full,0,1.6491421,ok,False,True,82,0.013794699974823743,"{""kind"":""sla_time"",""object"":""decode"",""request_id"":""azure-00000"",""required"":1.502624452829333,""limit"":1.0,""time_s"":17.97852477357773,""side"":""post"",""num_prefill"":2,""num_decode"":9}",0,0.0
h105-o900-d30-a100-fast,h105-o900-d30,relaxed_decode,2.0,1.0,Raw-Full,0,35.733757384,ok,False,False,7,0.0004601999535225332,"{""kind"":""sla_time"",""object"":""decode"",""request_id"":""azure-00001"",""required"":2.755528622939343,""limit"":1.0,""time_s"":1.27886474252942,""side"":""post"",""num_prefill"":5,""num_decode"":1}",1,0.07142857142857142
h105-o900-d30-a100-fast,h105-o900-d30,relaxed_decode,2.0,1.0,Raw-Remaining,0,16.384,ok,False,True,4,0.0002521999995224178,"{""kind"":""sla_time"",""object"":""decode"",""request_id"":""azure-00001"",""required"":1.2486253674977033,""limit"":1.0,""time_s"":1.31191515625,""side"":""post"",""num_prefill"":2,""num_decode"":1}",0,0.0
h105-o900-d30-a100-fast,h105-o900-d30,relaxed_decode,2.0,1.0,Raw-Remaining,0,0.032,ok,True,True,270,0.009515999990981072,,0,0.0
h105-o900-d30-a100-fast,h105-o900-d30,relaxed_decode,2.0,1.0,Raw-Remaining,0,0.256,ok,True,True,270,0.025925999972969294,,0,0.0
h105-o900-d30-a100-fast,h105-o900-d30,relaxed_decode,2.0,1.0,Raw-Remaining,0,0.022627417,ok,True,True,270,0.013955700036603957,,0,0.0
h105-o900-d30-a100-fast,h105-o900-d30,relaxed_decode,2.0,1.0,Raw-Remaining,0,1.024,ok,True,True,270,0.037162500026170164,,0,0.0
h105-o900-d30-a100-fast,h105-o900-d30,relaxed_decode,2.0,1.0,Raw-Remaining,0,38.9679387444,ok,False,False,7,0.0004899000050500035,"{""kind"":""sla_time"",""object"":""decode"",""request_id"":""azure-00001"",""required"":2.040033185937761,""limit"":1.0,""time_s"":1.2765421220475437,""side"":""post"",""num_prefill"":5,""num_decode"":1}",1,0.07142857142857142
h105-o900-d30-a100-fast,h105-o900-d30,relaxed_decode,2.0,1.0,Raw-Remaining,0,0.064,ok,True,True,270,0.019645599997602403,,0,0.0
h105-o900-d30-a100-fast,h105-o900-d30,relaxed_decode,2.0,1.0,Raw-Remaining,0,0.0190273138,ok,True,True,270,0.008386400004383177,,0,0.0
h105-o900-d30-a100-fast,h105-o900-d30,relaxed_decode,2.0,1.0,Raw-Remaining,0,34.2187633026,ok,False,False,7,0.0005014000344090164,"{""kind"":""sla_time"",""object"":""decode"",""request_id"":""azure-00001"",""required"":2.114827014499986,""limit"":1.0,""time_s"":1.2801037329314593,""side"":""post"",""num_prefill"":5,""num_decode"":1}",1,0.07142857142857142
h105-o900-d30-a100-fast,h105-o900-d30,relaxed_decode,2.0,1.0,Raw-Remaining,0,1.7221558585,ok,True,True,270,0.04293960001086816,,0,0.0
h105-o900-d30-a100-fast,h105-o900-d30,relaxed_decode,2.0,1.0,Raw-Remaining,0,32.768,ok,False,True,6,0.0003890999942086637,"{""kind"":""sla_time"",""object"":""decode"",""request_id"":""azure-00001"",""required"":1.8726106506400668,""limit"":1.0,""time_s"":1.281397578125,""side"":""post"",""num_prefill"":4,""num_decode"":1}",0,0.0
h105-o900-d30-a100-fast,h105-o900-d30,relaxed_decode,2.0,1.0,Raw-Remaining,0,33.4855257671,ok,False,True,6,0.0003950000391341746,"{""kind"":""sla_time"",""object"":""decode"",""request_id"":""azure-00001"",""required"":1.8644365410238422,""limit"":1.0,""time_s"":1.280743649355702,""side"":""post"",""num_prefill"":4,""num_decode"":1}",0,0.0
h105-o900-d30-a100-fast,h105-o900-d30,relaxed_decode,2.0,1.0,Raw-Remaining,0,0.001,ok,True,True,270,0.008223300043027848,,0,0.0
h105-o900-d30-a100-fast,h105-o900-d30,relaxed_decode,2.0,1.0,Raw-Remaining,0,65.536,ok,False,False,9,0.0007224999717436731,"{""kind"":""sla_time"",""object"":""decode"",""request_id"":""azure-00004"",""required"":2.903084262136449,""limit"":1.0,""time_s"":1.2226515234375,""side"":""post"",""num_prefill"":7,""num_decode"":1}",2,0.14285714285714285
h105-o900-d30-a100-fast,h105-o900-d30,relaxed_decode,2.0,1.0,Raw-Remaining,0,1.4481546879,ok,True,True,270,0.041958499990869313,,0,0.0
h105-o900-d30-a100-fast,h105-o900-d30,relaxed_decode,2.0,1.0,Raw-Remaining,0,0.004,ok,True,True,270,0.008299599983729422,,0,0.0
h105-o900-d30-a100-fast,h105-o900-d30,relaxed_decode,2.0,1.0,Raw-Remaining,0,1.6138043855,ok,True,True,270,0.04204309999477118,,0,0.0
h105-o900-d30-a100-fast,h105-o900-d30,relaxed_decode,2.0,1.0,Raw-Remaining,0,46.3409500118,ok,False,False,8,0.0006108999950811267,"{""kind"":""sla_time"",""object"":""decode"",""request_id"":""azure-00004"",""required"":2.136337054609916,""limit"":1.0,""time_s"":1.2668943050631798,""side"":""post"",""num_prefill"":6,""num_decode"":1}",2,0.14285714285714285
h105-o900-d30-a100-fast,h105-o900-d30,relaxed_decode,2.0,1.0,Raw-Remaining,0,1.5792238853,ok,True,True,270,0.04490029998123646,,0,0.0
h105-o900-d30-a100-fast,h105-o900-d30,relaxed_decode,2.0,1.0,Raw-Remaining,0,4.096,ok,False,True,6,0.00040039996383711696,"{""kind"":""sla_time"",""object"":""decode"",""request_id"":""azure-00000"",""required"":1.0541717287538739,""limit"":1.0,""time_s"":2.46484375,""side"":""post"",""num_prefill"":2,""num_decode"":2}",0,0.0
h105-o900-d30-a100-fast,h105-o900-d30,relaxed_decode,2.0,1.0,Raw-Remaining,0,0.0167083805,ok,True,True,270,0.011121399991679937,,0,0.0
h105-o900-d30-a100-fast,h105-o900-d30,relaxed_decode,2.0,1.0,Raw-Remaining,0,0.0170742464,ok,True,True,270,0.008090200019069016,,0,0.0
h105-o900-d30-a100-fast,h105-o900-d30,relaxed_decode,2.0,1.0,Raw-Remaining,0,2.048,ok,False,True,73,0.012886699987575412,"{""kind"":""sla_time"",""object"":""decode"",""request_id"":""azure-00000"",""required"":1.0143432028293329,""limit"":1.0,""time_s"":14.671875,""side"":""post"",""num_prefill"":2,""num_decode"":9}",0,0.0
h105-o900-d30-a100-fast,h105-o900-d30,relaxed_decode,2.0,1.0,Raw-Remaining,0,0.016,ok,True,True,270,0.009343999961856753,,0,0.0
h105-o900-d30-a100-fast,h105-o900-d30,relaxed_decode,2.0,1.0,Raw-Remaining,0,0.0174481237,ok,True,True,270,0.008219700015615672,,0,0.0
h105-o900-d30-a100-fast,h105-o900-d30,relaxed_decode,2.0,1.0,Raw-Remaining,0,1.6491421,ok,True,True,270,0.042681200022343546,,0,0.0
h105-o900-d30-a100-fast,h105-o900-d30,relaxed_decode,2.0,1.0,Raw-Remaining,0,35.733757384,ok,False,False,7,0.000519599998369813,"{""kind"":""sla_time"",""object"":""decode"",""request_id"":""azure-00001"",""required"":2.0888082160571626,""limit"":1.0,""time_s"":1.27886474252942,""side"":""post"",""num_prefill"":5,""num_decode"":1}",1,0.07142857142857142
h105-o900-d30-a100-fast,h105-o900-d30,relaxed_decode,2.0,1.0,Legacy-Full,0,16.384,ok,False,True,4,0.00032679998548701406,"{""kind"":""sla_time"",""object"":""decode"",""request_id"":""azure-00001"",""required"":1.6588326331227035,""limit"":1.0,""time_s"":1.3169151562499999,""side"":""post"",""num_prefill"":2,""num_decode"":1}",0,0.0
h105-o900-d30-a100-fast,h105-o900-d30,relaxed_decode,2.0,1.0,Legacy-Full,0,0.032,ok,True,True,270,0.009708199999295175,,0,0.0
h105-o900-d30-a100-fast,h105-o900-d30,relaxed_decode,2.0,1.0,Legacy-Full,0,0.256,ok,True,True,270,0.018359499983489513,,0,0.0
h105-o900-d30-a100-fast,h105-o900-d30,relaxed_decode,2.0,1.0,Legacy-Full,0,0.022627417,ok,True,True,270,0.008726299973204732,,0,0.0
h105-o900-d30-a100-fast,h105-o900-d30,relaxed_decode,2.0,1.0,Legacy-Full,0,1.024,ok,True,True,270,0.03893939999397844,,0,0.0
h105-o900-d30-a100-fast,h105-o900-d30,relaxed_decode,2.0,1.0,Legacy-Full,0,38.9679387444,ok,False,False,7,0.0004971000016666949,"{""kind"":""sla_time"",""object"":""decode"",""request_id"":""azure-00001"",""required"":2.755528622939343,""limit"":1.0,""time_s"":1.2815421220475436,""side"":""post"",""num_prefill"":5,""num_decode"":1}",1,0.07142857142857142
h105-o900-d30-a100-fast,h105-o900-d30,relaxed_decode,2.0,1.0,Legacy-Full,0,0.064,ok,True,True,270,0.01061709999339655,,0,0.0
h105-o900-d30-a100-fast,h105-o900-d30,relaxed_decode,2.0,1.0,Legacy-Full,0,0.0190273138,ok,True,True,270,0.008220199961215258,,0,0.0
h105-o900-d30-a100-fast,h105-o900-d30,relaxed_decode,2.0,1.0,Legacy-Full,0,34.2187633026,ok,False,False,7,0.0005377999623306096,"{""kind"":""sla_time"",""object"":""decode"",""request_id"":""azure-00001"",""required"":2.755528622939343,""limit"":1.0,""time_s"":1.2851037329314592,""side"":""post"",""num_prefill"":5,""num_decode"":1}",1,0.07142857142857142
h105-o900-d30-a100-fast,h105-o900-d30,relaxed_decode,2.0,1.0,Legacy-Full,0,1.7221558585,ok,False,True,78,0.01255830004811287,"{""kind"":""sla_time"",""object"":""decode"",""request_id"":""azure-00000"",""required"":1.502624452829333,""limit"":1.0,""time_s"":17.258691024857665,""side"":""post"",""num_prefill"":2,""num_decode"":9}",0,0.0
h105-o900-d30-a100-fast,h105-o900-d30,relaxed_decode,2.0,1.0,Legacy-Full,0,32.768,ok,False,True,6,0.0005182999884709716,"{""kind"":""sla_time"",""object"":""decode"",""request_id"":""azure-00001"",""required"":2.494660924077567,""limit"":1.0,""time_s"":1.2863975781249999,""side"":""post"",""num_prefill"":4,""num_decode"":1}",0,0.0
h105-o900-d30-a100-fast,h105-o900-d30,relaxed_decode,2.0,1.0,Legacy-Full,0,33.4855257671,ok,False,True,7,0.0004889999981969595,"{""kind"":""sla_time"",""object"":""decode"",""request_id"":""azure-00001"",""required"":2.755528622939343,""limit"":1.0,""time_s"":1.285743649355702,""side"":""post"",""num_prefill"":5,""num_decode"":1}",0,0.0
h105-o900-d30-a100-fast,h105-o900-d30,relaxed_decode,2.0,1.0,Legacy-Full,0,0.001,ok,True,True,270,0.008224999997764826,,0,0.0
h105-o900-d30-a100-fast,h105-o900-d30,relaxed_decode,2.0,1.0,Legacy-Full,0,65.536,ok,False,False,9,0.000819200009573251,"{""kind"":""sla_time"",""object"":""decode"",""request_id"":""azure-00004"",""required"":3.774999418386449,""limit"":1.0,""time_s"":1.2276515234374998,""side"":""post"",""num_prefill"":7,""num_decode"":1}",2,0.14285714285714285
h105-o900-d30-a100-fast,h105-o900-d30,relaxed_decode,2.0,1.0,Legacy-Full,0,1.4481546879,ok,True,True,270,0.04224159999284893,,0,0.0
h105-o900-d30-a100-fast,h105-o900-d30,relaxed_decode,2.0,1.0,Legacy-Full,0,0.004,ok,True,True,270,0.008188400010112673,,0,0.0
h105-o900-d30-a100-fast,h105-o900-d30,relaxed_decode,2.0,1.0,Legacy-Full,0,1.6138043855,ok,True,True,270,0.04306749999523163,,0,0.0
h105-o900-d30-a100-fast,h105-o900-d30,relaxed_decode,2.0,1.0,Legacy-Full,0,46.3409500118,ok,False,False,8,0.0005876999930478632,"{""kind"":""sla_time"",""object"":""decode"",""request_id"":""azure-00004"",""required"":3.047168918985887,""limit"":1.0,""time_s"":1.2718943050631797,""side"":""post"",""num_prefill"":6,""num_decode"":1}",2,0.14285714285714285
h105-o900-d30-a100-fast,h105-o900-d30,relaxed_decode,2.0,1.0,Legacy-Full,0,1.5792238853,ok,True,True,270,0.04351129999849945,,0,0.0
h105-o900-d30-a100-fast,h105-o900-d30,relaxed_decode,2.0,1.0,Legacy-Full,0,4.096,ok,False,True,6,0.00038330000825226307,"{""kind"":""sla_time"",""object"":""decode"",""request_id"":""azure-00000"",""required"":1.6645232912538739,""limit"":1.0,""time_s"":2.46484375,""side"":""post"",""num_prefill"":2,""num_decode"":2}",0,0.0
h105-o900-d30-a100-fast,h105-o900-d30,relaxed_decode,2.0,1.0,Legacy-Full,0,0.0167083805,ok,True,True,270,0.00832510000327602,,0,0.0
h105-o900-d30-a100-fast,h105-o900-d30,relaxed_decode,2.0,1.0,Legacy-Full,0,0.0170742464,ok,True,True,270,0.008226199948694557,,0,0.0
h105-o900-d30-a100-fast,h105-o900-d30,relaxed_decode,2.0,1.0,Legacy-Full,0,2.048,ok,False,True,70,0.011602699989452958,"{""kind"":""sla_time"",""object"":""decode"",""request_id"":""azure-00000"",""required"":1.502624452829333,""limit"":1.0,""time_s"":14.671875,""side"":""post"",""num_prefill"":2,""num_decode"":9}",0,0.0
h105-o900-d30-a100-fast,h105-o900-d30,relaxed_decode,2.0,1.0,Legacy-Full,0,0.016,ok,True,True,270,0.008442999969702214,,0,0.0
h105-o900-d30-a100-fast,h105-o900-d30,relaxed_decode,2.0,1.0,Legacy-Full,0,0.0174481237,ok,True,True,270,0.008722800004761666,,0,0.0
h105-o900-d30-a100-fast,h105-o900-d30,relaxed_decode,2.0,1.0,Legacy-Full,0,1.6491421,ok,False,True,79,0.012868400022853166,"{""kind"":""sla_time"",""object"":""decode"",""request_id"":""azure-00000"",""required"":1.502624452829333,""limit"":1.0,""time_s"":17.97852477357773,""side"":""post"",""num_prefill"":2,""num_decode"":9}",0,0.0
h105-o900-d30-a100-fast,h105-o900-d30,relaxed_decode,2.0,1.0,Legacy-Full,0,35.733757384,ok,False,False,7,0.000506900018081069,"{""kind"":""sla_time"",""object"":""decode"",""request_id"":""azure-00001"",""required"":2.755528622939343,""limit"":1.0,""time_s"":1.2838647425294198,""side"":""post"",""num_prefill"":5,""num_decode"":1}",1,0.07142857142857142
h105-o900-d30-a100-fast,h105-o900-d30,relaxed_decode,2.0,1.0,Legacy-Remaining,0,16.384,ok,False,True,4,0.00022769998759031296,"{""kind"":""sla_time"",""object"":""decode"",""request_id"":""azure-00001"",""required"":1.2417435693069707,""limit"":1.0,""time_s"":1.3169151562499999,""side"":""post"",""num_prefill"":2,""num_decode"":1}",0,0.0
h105-o900-d30-a100-fast,h105-o900-d30,relaxed_decode,2.0,1.0,Legacy-Remaining,0,0.032,ok,True,True,270,0.009378899994771928,,0,0.0
h105-o900-d30-a100-fast,h105-o900-d30,relaxed_decode,2.0,1.0,Legacy-Remaining,0,0.256,ok,True,True,270,0.02279879996785894,,0,0.0
h105-o900-d30-a100-fast,h105-o900-d30,relaxed_decode,2.0,1.0,Legacy-Remaining,0,0.022627417,ok,True,True,270,0.014018200046848506,,0,0.0
h105-o900-d30-a100-fast,h105-o900-d30,relaxed_decode,2.0,1.0,Legacy-Remaining,0,1.024,ok,True,True,270,0.04181469994364306,,0,0.0
h105-o900-d30-a100-fast,h105-o900-d30,relaxed_decode,2.0,1.0,Legacy-Remaining,0,38.9679387444,ok,False,False,7,0.0004749000072479248,"{""kind"":""sla_time"",""object"":""decode"",""request_id"":""azure-00001"",""required"":2.024423846247052,""limit"":1.0,""time_s"":1.2815421220475436,""side"":""post"",""num_prefill"":5,""num_decode"":1}",1,0.07142857142857142
h105-o900-d30-a100-fast,h105-o900-d30,relaxed_decode,2.0,1.0,Legacy-Remaining,0,0.064,ok,True,True,270,0.019764400029089302,,0,0.0
h105-o900-d30-a100-fast,h105-o900-d30,relaxed_decode,2.0,1.0,Legacy-Remaining,0,0.0190273138,ok,True,True,270,0.008348200004547834,,0,0.0
h105-o900-d30-a100-fast,h105-o900-d30,relaxed_decode,2.0,1.0,Legacy-Remaining,0,34.2187633026,ok,False,False,7,0.00048539997078478336,"{""kind"":""sla_time"",""object"":""decode"",""request_id"":""azure-00001"",""required"":2.097545385015029,""limit"":1.0,""time_s"":1.2851037329314592,""side"":""post"",""num_prefill"":5,""num_decode"":1}",1,0.07142857142857142
h105-o900-d30-a100-fast,h105-o900-d30,relaxed_decode,2.0,1.0,Legacy-Remaining,0,1.7221558585,ok,True,True,270,0.04640569997718558,,0,0.0
h105-o900-d30-a100-fast,h105-o900-d30,relaxed_decode,2.0,1.0,Legacy-Remaining,0,32.768,ok,False,True,6,0.0003894000547006726,"{""kind"":""sla_time"",""object"":""decode"",""request_id"":""azure-00001"",""required"":1.859793721606093,""limit"":1.0,""time_s"":1.2863975781249999,""side"":""post"",""num_prefill"":4,""num_decode"":1}",0,0.0
h105-o900-d30-a100-fast,h105-o900-d30,relaxed_decode,2.0,1.0,Legacy-Remaining,0,33.4855257671,ok,False,True,7,0.0004822000046260655,"{""kind"":""sla_time"",""object"":""decode"",""request_id"":""azure-00001"",""required"":2.110683168773174,""limit"":1.0,""time_s"":1.285743649355702,""side"":""post"",""num_prefill"":5,""num_decode"":1}",0,0.0
h105-o900-d30-a100-fast,h105-o900-d30,relaxed_decode,2.0,1.0,Legacy-Remaining,0,0.001,ok,True,True,270,0.008194299996830523,,0,0.0
h105-o900-d30-a100-fast,h105-o900-d30,relaxed_decode,2.0,1.0,Legacy-Remaining,0,65.536,ok,False,False,9,0.0012382999993860722,"{""kind"":""sla_time"",""object"":""decode"",""request_id"":""azure-00004"",""required"":2.879712677466022,""limit"":1.0,""time_s"":1.2276515234374998,""side"":""post"",""num_prefill"":7,""num_decode"":1}",2,0.14285714285714285
h105-o900-d30-a100-fast,h105-o900-d30,relaxed_decode,2.0,1.0,Legacy-Remaining,0,1.4481546879,ok,True,True,270,0.04532249999465421,,0,0.0
h105-o900-d30-a100-fast,h105-o900-d30,relaxed_decode,2.0,1.0,Legacy-Remaining,0,0.004,ok,True,True,270,0.00823169999057427,,0,0.0
h105-o900-d30-a100-fast,h105-o900-d30,relaxed_decode,2.0,1.0,Legacy-Remaining,0,1.6138043855,ok,True,True,270,0.049430200015194714,,0,0.0
h105-o900-d30-a100-fast,h105-o900-d30,relaxed_decode,2.0,1.0,Legacy-Remaining,0,46.3409500118,ok,False,False,8,0.0005850000306963921,"{""kind"":""sla_time"",""object"":""decode"",""request_id"":""azure-00004"",""required"":2.1175427328262155,""limit"":1.0,""time_s"":1.2718943050631797,""side"":""post"",""num_prefill"":6,""num_decode"":1}",2,0.14285714285714285
h105-o900-d30-a100-fast,h105-o900-d30,relaxed_decode,2.0,1.0,Legacy-Remaining,0,1.5792238853,ok,True,True,270,0.04692200000863522,,0,0.0
h105-o900-d30-a100-fast,h105-o900-d30,relaxed_decode,2.0,1.0,Legacy-Remaining,0,4.096,ok,False,True,6,0.00035289995139464736,"{""kind"":""sla_time"",""object"":""decode"",""request_id"":""azure-00000"",""required"":1.0581592866544907,""limit"":1.0,""time_s"":2.46484375,""side"":""post"",""num_prefill"":2,""num_decode"":2}",0,0.0
h105-o900-d30-a100-fast,h105-o900-d30,relaxed_decode,2.0,1.0,Legacy-Remaining,0,0.0167083805,ok,True,True,270,0.012706600013189018,,0,0.0
h105-o900-d30-a100-fast,h105-o900-d30,relaxed_decode,2.0,1.0,Legacy-Remaining,0,0.0170742464,ok,True,True,270,0.010441799997352064,,0,0.0
h105-o900-d30-a100-fast,h105-o900-d30,relaxed_decode,2.0,1.0,Legacy-Remaining,0,2.048,ok,False,True,70,0.011815600038971752,"{""kind"":""sla_time"",""object"":""decode"",""request_id"":""azure-00000"",""required"":1.0183052382885995,""limit"":1.0,""time_s"":14.671875,""side"":""post"",""num_prefill"":2,""num_decode"":9}",0,0.0
h105-o900-d30-a100-fast,h105-o900-d30,relaxed_decode,2.0,1.0,Legacy-Remaining,0,0.016,ok,True,True,270,0.008136300020851195,,0,0.0
h105-o900-d30-a100-fast,h105-o900-d30,relaxed_decode,2.0,1.0,Legacy-Remaining,0,0.0174481237,ok,True,True,270,0.009334400005172938,,0,0.0
h105-o900-d30-a100-fast,h105-o900-d30,relaxed_decode,2.0,1.0,Legacy-Remaining,0,1.6491421,ok,True,True,270,0.04260509996674955,,0,0.0
h105-o900-d30-a100-fast,h105-o900-d30,relaxed_decode,2.0,1.0,Legacy-Remaining,0,35.733757384,ok,False,False,7,0.000521400012075901,"{""kind"":""sla_time"",""object"":""decode"",""request_id"":""azure-00001"",""required"":2.0721083320441376,""limit"":1.0,""time_s"":1.2838647425294198,""side"":""post"",""num_prefill"":5,""num_decode"":1}",1,0.07142857142857142
h106-o1100-d120-a100-slow,h106-o1100-d120,decode,2.0,0.15,Raw-Full,0,16.384,ok,False,False,3,0.0003842000151053071,"{""kind"":""sla_time"",""object"":""decode"",""request_id"":""azure-00000"",""required"":0.8167565859534534,""limit"":0.15,""time_s"":1.11584,""side"":""post"",""num_prefill"":1,""num_decode"":1}",49,1.0
h106-o1100-d120-a100-slow,h106-o1100-d120,decode,2.0,0.15,Raw-Full,0,0.256,ok,False,False,5,0.00046010001096874475,"{""kind"":""sla_time"",""object"":""decode"",""request_id"":""azure-00000"",""required"":0.8167565859534534,""limit"":0.15,""time_s"":4.90625,""side"":""post"",""num_prefill"":1,""num_decode"":1}",39,0.7959183673469388
h106-o1100-d120-a100-slow,h106-o1100-d120,decode,2.0,0.15,Raw-Full,0,1.024,ok,False,False,3,0.00035909999860450625,"{""kind"":""sla_time"",""object"":""decode"",""request_id"":""azure-00000"",""required"":0.8167565859534534,""limit"":0.15,""time_s"":1.9765625,""side"":""post"",""num_prefill"":1,""num_decode"":1}",49,1.0
h106-o1100-d120-a100-slow,h106-o1100-d120,decode,2.0,0.15,Raw-Full,0,0.064,ok,False,False,11,0.000590900017414242,"{""kind"":""sla_time"",""object"":""decode"",""request_id"":""azure-00000"",""required"":0.8167565859534534,""limit"":0.15,""time_s"":16.625,""side"":""post"",""num_prefill"":1,""num_decode"":1}",23,0.46938775510204084
h106-o1100-d120-a100-slow,h106-o1100-d120,decode,2.0,0.15,Raw-Full,0,0.001,ok,False,False,392,0.012385000009089708,"{""kind"":""network"",""object"":""slow-0"",""required"":315710208.19678676,""limit"":312500000.0,""time_s"":48001.0,""side"":""post"",""num_prefill"":1,""num_decode"":0}",1,0.02040816326530612
h106-o1100-d120-a100-slow,h106-o1100-d120,decode,2.0,0.15,Raw-Full,0,65.536,ok,False,False,5,0.0005200000014156103,"{""kind"":""sla_time"",""object"":""decode"",""request_id"":""azure-00000"",""required"":1.9678023417179067,""limit"":0.15,""time_s"":1.11584,""side"":""post"",""num_prefill"":3,""num_decode"":1}",49,1.0
h106-o1100-d120-a100-slow,h106-o1100-d120,decode,2.0,0.15,Raw-Full,0,0.004,ok,False,False,392,0.01191070000641048,"{""kind"":""network"",""object"":""slow-0"",""required"":315710208.19678676,""limit"":312500000.0,""time_s"":12001.0,""side"":""post"",""num_prefill"":1,""num_decode"":0}",1,0.02040816326530612
h106-o1100-d120-a100-slow,h106-o1100-d120,decode,2.0,0.15,Raw-Full,0,0.00025,ok,False,False,392,0.011528600007295609,"{""kind"":""network"",""object"":""slow-0"",""required"":315710208.19678676,""limit"":312500000.0,""time_s"":192001.0,""side"":""post"",""num_prefill"":1,""num_decode"":0}",1,0.02040816326530612
h106-o1100-d120-a100-slow,h106-o1100-d120,decode,2.0,0.15,Raw-Full,0,4.096,ok,False,False,3,0.00037480000173673034,"{""kind"":""sla_time"",""object"":""decode"",""request_id"":""azure-00000"",""required"":0.8167565859534534,""limit"":0.15,""time_s"":1.244140625,""side"":""post"",""num_prefill"":1,""num_decode"":1}",49,1.0
h106-o1100-d120-a100-slow,h106-o1100-d120,decode,2.0,0.15,Raw-Full,0,0.016,ok,False,False,392,0.012139500002376735,"{""kind"":""network"",""object"":""slow-0"",""required"":315710208.19678676,""limit"":312500000.0,""time_s"":3001.0,""side"":""post"",""num_prefill"":1,""num_decode"":0}",1,0.02040816326530612
h106-o1100-d120-a100-slow,h106-o1100-d120,decode,2.0,0.15,Raw-Full,0,6.25e-05,ok,False,False,392,0.012075600039679557,"{""kind"":""network"",""object"":""slow-0"",""required"":315710208.19678676,""limit"":312500000.0,""time_s"":768001.0,""side"":""post"",""num_prefill"":1,""num_decode"":0}",1,0.02040816326530612
h106-o1100-d120-a100-slow,h106-o1100-d120,decode,2.0,0.15,Raw-Remaining,0,16.384,ok,False,False,3,0.00036539998836815357,"{""kind"":""sla_time"",""object"":""decode"",""request_id"":""azure-00000"",""required"":0.7619517422034534,""limit"":0.15,""time_s"":1.11584,""side"":""post"",""num_prefill"":1,""num_decode"":1}",49,1.0
h106-o1100-d120-a100-slow,h106-o1100-d120,decode,2.0,0.15,Raw-Remaining,0,0.256,ok,False,False,5,0.0004986000130884349,"{""kind"":""sla_time"",""object"":""decode"",""request_id"":""azure-00000"",""required"":0.8167565859534534,""limit"":0.15,""time_s"":4.90625,""side"":""post"",""num_prefill"":1,""num_decode"":1}",39,0.7959183673469388
h106-o1100-d120-a100-slow,h106-o1100-d120,decode,2.0,0.15,Raw-Remaining,0,1.024,ok,False,False,3,0.0003577999887056649,"{""kind"":""sla_time"",""object"":""decode"",""request_id"":""azure-00000"",""required"":0.8167565859534534,""limit"":0.15,""time_s"":1.9765625,""side"":""post"",""num_prefill"":1,""num_decode"":1}",49,1.0
h106-o1100-d120-a100-slow,h106-o1100-d120,decode,2.0,0.15,Raw-Remaining,0,0.064,ok,False,False,11,0.0005907000158913434,"{""kind"":""sla_time"",""object"":""decode"",""request_id"":""azure-00000"",""required"":0.8167565859534534,""limit"":0.15,""time_s"":16.625,""side"":""post"",""num_prefill"":1,""num_decode"":1}",23,0.46938775510204084
h106-o1100-d120-a100-slow,h106-o1100-d120,decode,2.0,0.15,Raw-Remaining,0,0.001,ok,False,False,392,0.012134899967350066,"{""kind"":""network"",""object"":""slow-0"",""required"":315710208.19678676,""limit"":312500000.0,""time_s"":48001.0,""side"":""post"",""num_prefill"":1,""num_decode"":0}",1,0.02040816326530612
h106-o1100-d120-a100-slow,h106-o1100-d120,decode,2.0,0.15,Raw-Remaining,0,65.536,ok,False,False,5,0.00057640002341941,"{""kind"":""sla_time"",""object"":""decode"",""request_id"":""azure-00000"",""required"":1.8339053885929069,""limit"":0.15,""time_s"":1.11584,""side"":""post"",""num_prefill"":3,""num_decode"":1}",49,1.0
h106-o1100-d120-a100-slow,h106-o1100-d120,decode,2.0,0.15,Raw-Remaining,0,0.004,ok,False,False,392,0.012766600004397333,"{""kind"":""network"",""object"":""slow-0"",""required"":315710208.19678676,""limit"":312500000.0,""time_s"":12001.0,""side"":""post"",""num_prefill"":1,""num_decode"":0}",1,0.02040816326530612
h106-o1100-d120-a100-slow,h106-o1100-d120,decode,2.0,0.15,Raw-Remaining,0,0.00025,ok,False,False,392,0.012502899975515902,"{""kind"":""network"",""object"":""slow-0"",""required"":315710208.19678676,""limit"":312500000.0,""time_s"":192001.0,""side"":""post"",""num_prefill"":1,""num_decode"":0}",1,0.02040816326530612
h106-o1100-d120-a100-slow,h106-o1100-d120,decode,2.0,0.15,Raw-Remaining,0,4.096,ok,False,False,3,0.0003502999898046255,"{""kind"":""sla_time"",""object"":""decode"",""request_id"":""azure-00000"",""required"":0.8167565859534534,""limit"":0.15,""time_s"":1.244140625,""side"":""post"",""num_prefill"":1,""num_decode"":1}",49,1.0
h106-o1100-d120-a100-slow,h106-o1100-d120,decode,2.0,0.15,Raw-Remaining,0,0.016,ok,False,False,392,0.01451240002643317,"{""kind"":""network"",""object"":""slow-0"",""required"":315710208.19678676,""limit"":312500000.0,""time_s"":3001.0,""side"":""post"",""num_prefill"":1,""num_decode"":0}",1,0.02040816326530612
h106-o1100-d120-a100-slow,h106-o1100-d120,decode,2.0,0.15,Raw-Remaining,0,6.25e-05,ok,False,False,392,0.016318899986799806,"{""kind"":""network"",""object"":""slow-0"",""required"":315710208.19678676,""limit"":312500000.0,""time_s"":768001.0,""side"":""post"",""num_prefill"":1,""num_decode"":0}",1,0.02040816326530612
h106-o1100-d120-a100-slow,h106-o1100-d120,decode,2.0,0.15,Legacy-Full,0,16.384,ok,False,False,3,0.000305800000205636,"{""kind"":""sla_time"",""object"":""decode"",""request_id"":""azure-00000"",""required"":0.8167565859534534,""limit"":0.15,""time_s"":1.1208399999999998,""side"":""post"",""num_prefill"":1,""num_decode"":1}",49,1.0
h106-o1100-d120-a100-slow,h106-o1100-d120,decode,2.0,0.15,Legacy-Full,0,0.256,ok,False,False,5,0.0003787999739870429,"{""kind"":""sla_time"",""object"":""decode"",""request_id"":""azure-00000"",""required"":0.8167565859534534,""limit"":0.15,""time_s"":4.90625,""side"":""post"",""num_prefill"":1,""num_decode"":1}",39,0.7959183673469388
h106-o1100-d120-a100-slow,h106-o1100-d120,decode,2.0,0.15,Legacy-Full,0,1.024,ok,False,False,3,0.00033409998286515474,"{""kind"":""sla_time"",""object"":""decode"",""request_id"":""azure-00000"",""required"":0.8167565859534534,""limit"":0.15,""time_s"":1.9765625,""side"":""post"",""num_prefill"":1,""num_decode"":1}",49,1.0
h106-o1100-d120-a100-slow,h106-o1100-d120,decode,2.0,0.15,Legacy-Full,0,0.064,ok,False,False,11,0.0005542000290006399,"{""kind"":""sla_time"",""object"":""decode"",""request_id"":""azure-00000"",""required"":0.8167565859534534,""limit"":0.15,""time_s"":16.625,""side"":""post"",""num_prefill"":1,""num_decode"":1}",23,0.46938775510204084
h106-o1100-d120-a100-slow,h106-o1100-d120,decode,2.0,0.15,Legacy-Full,0,0.001,ok,False,False,392,0.011842699954286218,"{""kind"":""network"",""object"":""slow-0"",""required"":315710208.19678676,""limit"":312500000.0,""time_s"":48001.0,""side"":""post"",""num_prefill"":1,""num_decode"":0}",1,0.02040816326530612
h106-o1100-d120-a100-slow,h106-o1100-d120,decode,2.0,0.15,Legacy-Full,0,65.536,ok,False,False,5,0.0004512000014074147,"{""kind"":""sla_time"",""object"":""decode"",""request_id"":""azure-00000"",""required"":1.9678023417179067,""limit"":0.15,""time_s"":1.1208399999999998,""side"":""post"",""num_prefill"":3,""num_decode"":1}",49,1.0
h106-o1100-d120-a100-slow,h106-o1100-d120,decode,2.0,0.15,Legacy-Full,0,0.004,ok,False,False,392,0.011943000019527972,"{""kind"":""network"",""object"":""slow-0"",""required"":315710208.19678676,""limit"":312500000.0,""time_s"":12001.0,""side"":""post"",""num_prefill"":1,""num_decode"":0}",1,0.02040816326530612
h106-o1100-d120-a100-slow,h106-o1100-d120,decode,2.0,0.15,Legacy-Full,0,0.00025,ok,False,False,392,0.011795600003097206,"{""kind"":""network"",""object"":""slow-0"",""required"":315710208.19678676,""limit"":312500000.0,""time_s"":192001.0,""side"":""post"",""num_prefill"":1,""num_decode"":0}",1,0.02040816326530612
h106-o1100-d120-a100-slow,h106-o1100-d120,decode,2.0,0.15,Legacy-Full,0,4.096,ok,False,False,3,0.0003195000463165343,"{""kind"":""sla_time"",""object"":""decode"",""request_id"":""azure-00000"",""required"":0.8167565859534534,""limit"":0.15,""time_s"":1.244140625,""side"":""post"",""num_prefill"":1,""num_decode"":1}",49,1.0
h106-o1100-d120-a100-slow,h106-o1100-d120,decode,2.0,0.15,Legacy-Full,0,0.016,ok,False,False,392,0.01209580001886934,"{""kind"":""network"",""object"":""slow-0"",""required"":315710208.19678676,""limit"":312500000.0,""time_s"":3001.0,""side"":""post"",""num_prefill"":1,""num_decode"":0}",1,0.02040816326530612
h106-o1100-d120-a100-slow,h106-o1100-d120,decode,2.0,0.15,Legacy-Full,0,6.25e-05,ok,False,False,392,0.012066100025549531,"{""kind"":""network"",""object"":""slow-0"",""required"":315710208.19678676,""limit"":312500000.0,""time_s"":768001.0,""side"":""post"",""num_prefill"":1,""num_decode"":0}",1,0.02040816326530612
h106-o1100-d120-a100-slow,h106-o1100-d120,decode,2.0,0.15,Legacy-Remaining,0,16.384,ok,False,False,3,0.00030809995951130986,"{""kind"":""sla_time"",""object"":""decode"",""request_id"":""azure-00000"",""required"":0.757415115752623,""limit"":0.15,""time_s"":1.1208399999999998,""side"":""post"",""num_prefill"":1,""num_decode"":1}",49,1.0
h106-o1100-d120-a100-slow,h106-o1100-d120,decode,2.0,0.15,Legacy-Remaining,0,0.256,ok,False,False,5,0.00039080000715330243,"{""kind"":""sla_time"",""object"":""decode"",""request_id"":""azure-00000"",""required"":0.8167565859534534,""limit"":0.15,""time_s"":4.90625,""side"":""post"",""num_prefill"":1,""num_decode"":1}",39,0.7959183673469388
h106-o1100-d120-a100-slow,h106-o1100-d120,decode,2.0,0.15,Legacy-Remaining,0,1.024,ok,False,False,3,0.00030889996560290456,"{""kind"":""sla_time"",""object"":""decode"",""request_id"":""azure-00000"",""required"":0.8167565859534534,""limit"":0.15,""time_s"":1.9765625,""side"":""post"",""num_prefill"":1,""num_decode"":1}",49,1.0
h106-o1100-d120-a100-slow,h106-o1100-d120,decode,2.0,0.15,Legacy-Remaining,0,0.064,ok,False,False,11,0.0005401999806053936,"{""kind"":""sla_time"",""object"":""decode"",""request_id"":""azure-00000"",""required"":0.8167565859534534,""limit"":0.15,""time_s"":16.625,""side"":""post"",""num_prefill"":1,""num_decode"":1}",23,0.46938775510204084
h106-o1100-d120-a100-slow,h106-o1100-d120,decode,2.0,0.15,Legacy-Remaining,0,0.001,ok,False,False,392,0.014785699953790754,"{""kind"":""network"",""object"":""slow-0"",""required"":315710208.19678676,""limit"":312500000.0,""time_s"":48001.0,""side"":""post"",""num_prefill"":1,""num_decode"":0}",1,0.02040816326530612
h106-o1100-d120-a100-slow,h106-o1100-d120,decode,2.0,0.15,Legacy-Remaining,0,65.536,ok,False,False,5,0.0004211999475955963,"{""kind"":""sla_time"",""object"":""decode"",""request_id"":""azure-00000"",""required"":1.8201202503557004,""limit"":0.15,""time_s"":1.1208399999999998,""side"":""post"",""num_prefill"":3,""num_decode"":1}",49,1.0
h106-o1100-d120-a100-slow,h106-o1100-d120,decode,2.0,0.15,Legacy-Remaining,0,0.004,ok,False,False,392,0.012015999993309379,"{""kind"":""network"",""object"":""slow-0"",""required"":315710208.19678676,""limit"":312500000.0,""time_s"":12001.0,""side"":""post"",""num_prefill"":1,""num_decode"":0}",1,0.02040816326530612
h106-o1100-d120-a100-slow,h106-o1100-d120,decode,2.0,0.15,Legacy-Remaining,0,0.00025,ok,False,False,392,0.01997219998156652,"{""kind"":""network"",""object"":""slow-0"",""required"":315710208.19678676,""limit"":312500000.0,""time_s"":192001.0,""side"":""post"",""num_prefill"":1,""num_decode"":0}",1,0.02040816326530612
h106-o1100-d120-a100-slow,h106-o1100-d120,decode,2.0,0.15,Legacy-Remaining,0,4.096,ok,False,False,3,0.00028309994377195835,"{""kind"":""sla_time"",""object"":""decode"",""request_id"":""azure-00000"",""required"":0.8167565859534534,""limit"":0.15,""time_s"":1.244140625,""side"":""post"",""num_prefill"":1,""num_decode"":1}",49,1.0
h106-o1100-d120-a100-slow,h106-o1100-d120,decode,2.0,0.15,Legacy-Remaining,0,0.016,ok,False,False,392,0.012016900000162423,"{""kind"":""network"",""object"":""slow-0"",""required"":315710208.19678676,""limit"":312500000.0,""time_s"":3001.0,""side"":""post"",""num_prefill"":1,""num_decode"":0}",1,0.02040816326530612
h106-o1100-d120-a100-slow,h106-o1100-d120,decode,2.0,0.15,Legacy-Remaining,0,6.25e-05,ok,False,False,392,0.012182999984361231,"{""kind"":""network"",""object"":""slow-0"",""required"":315710208.19678676,""limit"":312500000.0,""time_s"":768001.0,""side"":""post"",""num_prefill"":1,""num_decode"":0}",1,0.02040816326530612
h106-o1100-d120-a100-slow,h106-o1100-d120,relaxed_decode,2.0,1.0,Raw-Full,0,16.384,ok,False,False,4,0.00034169998252764344,"{""kind"":""sla_time"",""object"":""decode"",""request_id"":""azure-00000"",""required"":1.4998237593582466,""limit"":1.0,""time_s"":1.3662109375,""side"":""post"",""num_prefill"":2,""num_decode"":1}",38,0.7755102040816326
h106-o1100-d120-a100-slow,h106-o1100-d120,relaxed_decode,2.0,1.0,Raw-Full,0,0.256,ok,False,False,384,0.03136869997251779,"{""kind"":""sla_time"",""object"":""decode"",""request_id"":""azure-00014"",""required"":1.370929505839206,""limit"":1.0,""time_s"":188.5,""side"":""post"",""num_prefill"":1,""num_decode"":3}",30,0.6122448979591837
h106-o1100-d120-a100-slow,h106-o1100-d120,relaxed_decode,2.0,1.0,Raw-Full,0,1.024,ok,False,False,231,0.04480329999933019,"{""kind"":""sla_time"",""object"":""decode"",""request_id"":""azure-00002"",""required"":1.378929505839206,""limit"":1.0,""time_s"":47.875,""side"":""post"",""num_prefill"":1,""num_decode"":14}",47,0.9591836734693877
h106-o1100-d120-a100-slow,h106-o1100-d120,relaxed_decode,2.0,1.0,Raw-Full,0,0.064,ok,False,False,392,0.015069300017785281,"{""kind"":""network"",""object"":""slow-0"",""required"":315710208.19678676,""limit"":312500000.0,""time_s"":751.0,""side"":""post"",""num_prefill"":1,""num_decode"":0}",13,0.2653061224489796
h106-o1100-d120-a100-slow,h106-o1100-d120,relaxed_decode,2.0,1.0,Raw-Full,0,0.001,ok,False,False,392,0.011788400006480515,"{""kind"":""network"",""object"":""slow-0"",""required"":315710208.19678676,""limit"":312500000.0,""time_s"":48001.0,""side"":""post"",""num_prefill"":1,""num_decode"":0}",1,0.02040816326530612
h106-o1100-d120-a100-slow,h106-o1100-d120,relaxed_decode,2.0,1.0,Raw-Full,0,65.536,ok,False,False,5,0.0004047999973408878,"{""kind"":""sla_time"",""object"":""decode"",""request_id"":""azure-00000"",""required"":1.9678023417179067,""limit"":1.0,""time_s"":1.11584,""side"":""post"",""num_prefill"":3,""num_decode"":1}",49,1.0
h106-o1100-d120-a100-slow,h106-o1100-d120,relaxed_decode,2.0,1.0,Raw-Full,0,0.004,ok,False,False,392,0.011305299995001405,"{""kind"":""network"",""object"":""slow-0"",""required"":315710208.19678676,""limit"":312500000.0,""time_s"":12001.0,""side"":""post"",""num_prefill"":1,""num_decode"":0}",1,0.02040816326530612
h106-o1100-d120-a100-slow,h106-o1100-d120,relaxed_decode,2.0,1.0,Raw-Full,0,0.00025,ok,False,False,392,0.011089499981608242,"{""kind"":""network"",""object"":""slow-0"",""required"":315710208.19678676,""limit"":312500000.0,""time_s"":192001.0,""side"":""post"",""num_prefill"":1,""num_decode"":0}",1,0.02040816326530612
h106-o1100-d120-a100-slow,h106-o1100-d120,relaxed_decode,2.0,1.0,Raw-Full,0,4.096,ok,False,False,6,0.0004962999955751002,"{""kind"":""sla_time"",""object"":""decode"",""request_id"":""azure-00000"",""required"":1.2680457557644533,""limit"":1.0,""time_s"":2.708984375,""side"":""post"",""num_prefill"":2,""num_decode"":2}",34,0.6938775510204082
h106-o1100-d120-a100-slow,h106-o1100-d120,relaxed_decode,2.0,1.0,Raw-Full,0,0.016,ok,False,False,392,0.01186309999320656,"{""kind"":""network"",""object"":""slow-0"",""required"":315710208.19678676,""limit"":312500000.0,""time_s"":3001.0,""side"":""post"",""num_prefill"":1,""num_decode"":0}",1,0.02040816326530612
h106-o1100-d120-a100-slow,h106-o1100-d120,relaxed_decode,2.0,1.0,Raw-Full,0,6.25e-05,ok,False,False,392,0.011949700012337416,"{""kind"":""network"",""object"":""slow-0"",""required"":315710208.19678676,""limit"":312500000.0,""time_s"":768001.0,""side"":""post"",""num_prefill"":1,""num_decode"":0}",1,0.02040816326530612
h106-o1100-d120-a100-slow,h106-o1100-d120,relaxed_decode,2.0,1.0,Raw-Remaining,0,16.384,ok,False,False,4,0.0003910000086762011,"{""kind"":""sla_time"",""object"":""decode"",""request_id"":""azure-00000"",""required"":1.1946479781082469,""limit"":1.0,""time_s"":1.3662109375,""side"":""post"",""num_prefill"":2,""num_decode"":1}",38,0.7755102040816326
h106-o1100-d120-a100-slow,h106-o1100-d120,relaxed_decode,2.0,1.0,Raw-Remaining,0,0.256,ok,False,False,384,0.03504409996094182,"{""kind"":""sla_time"",""object"":""decode"",""request_id"":""azure-00014"",""required"":1.370929505839206,""limit"":1.0,""time_s"":188.5,""side"":""post"",""num_prefill"":1,""num_decode"":3}",30,0.6122448979591837
h106-o1100-d120-a100-slow,h106-o1100-d120,relaxed_decode,2.0,1.0,Raw-Remaining,0,1.024,ok,False,False,231,0.047071399982087314,"{""kind"":""sla_time"",""object"":""decode"",""request_id"":""azure-00002"",""required"":1.378929505839206,""limit"":1.0,""time_s"":47.875,""side"":""post"",""num_prefill"":1,""num_decode"":14}",47,0.9591836734693877
h106-o1100-d120-a100-slow,h106-o1100-d120,relaxed_decode,2.0,1.0,Raw-Remaining,0,0.064,ok,False,False,392,0.018993399979081005,"{""kind"":""network"",""object"":""slow-0"",""required"":315710208.19678676,""limit"":312500000.0,""time_s"":751.0,""side"":""post"",""num_prefill"":1,""num_decode"":0}",13,0.2653061224489796
h106-o1100-d120-a100-slow,h106-o1100-d120,relaxed_decode,2.0,1.0,Raw-Remaining,0,0.001,ok,False,False,392,0.012378500017803162,"{""kind"":""network"",""object"":""slow-0"",""required"":315710208.19678676,""limit"":312500000.0,""time_s"":48001.0,""side"":""post"",""num_prefill"":1,""num_decode"":0}",1,0.02040816326530612
h106-o1100-d120-a100-slow,h106-o1100-d120,relaxed_decode,2.0,1.0,Raw-Remaining,0,65.536,ok,False,False,5,0.00043479999294504523,"{""kind"":""sla_time"",""object"":""decode"",""request_id"":""azure-00000"",""required"":1.8339053885929069,""limit"":1.0,""time_s"":1.11584,""side"":""post"",""num_prefill"":3,""num_decode"":1}",49,1.0
h106-o1100-d120-a100-slow,h106-o1100-d120,relaxed_decode,2.0,1.0,Raw-Remaining,0,0.004,ok,False,False,392,0.01234180002938956,"{""kind"":""network"",""object"":""slow-0"",""required"":315710208.19678676,""limit"":312500000.0,""time_s"":12001.0,""side"":""post"",""num_prefill"":1,""num_decode"":0}",1,0.02040816326530612
h106-o1100-d120-a100-slow,h106-o1100-d120,relaxed_decode,2.0,1.0,Raw-Remaining,0,0.00025,ok,False,False,392,0.012024099996779114,"{""kind"":""network"",""object"":""slow-0"",""required"":315710208.19678676,""limit"":312500000.0,""time_s"":192001.0,""side"":""post"",""num_prefill"":1,""num_decode"":0}",1,0.02040816326530612
h106-o1100-d120-a100-slow,h106-o1100-d120,relaxed_decode,2.0,1.0,Raw-Remaining,0,4.096,ok,False,False,6,0.0005092000355944037,"{""kind"":""sla_time"",""object"":""decode"",""request_id"":""azure-00000"",""required"":1.0239051307644533,""limit"":1.0,""time_s"":2.708984375,""side"":""post"",""num_prefill"":2,""num_decode"":2}",34,0.6938775510204082
h106-o1100-d120-a100-slow,h106-o1100-d120,relaxed_decode,2.0,1.0,Raw-Remaining,0,0.016,ok,False,False,392,0.01447829999960959,"{""kind"":""network"",""object"":""slow-0"",""required"":315710208.19678676,""limit"":312500000.0,""time_s"":3001.0,""side"":""post"",""num_prefill"":1,""num_decode"":0}",1,0.02040816326530612
h106-o1100-d120-a100-slow,h106-o1100-d120,relaxed_decode,2.0,1.0,Raw-Remaining,0,6.25e-05,ok,False,False,392,0.012942300003487617,"{""kind"":""network"",""object"":""slow-0"",""required"":315710208.19678676,""limit"":312500000.0,""time_s"":768001.0,""side"":""post"",""num_prefill"":1,""num_decode"":0}",1,0.02040816326530612
h106-o1100-d120-a100-slow,h106-o1100-d120,relaxed_decode,2.0,1.0,Legacy-Full,0,16.384,ok,False,False,4,0.00037379999412223697,"{""kind"":""sla_time"",""object"":""decode"",""request_id"":""azure-00000"",""required"":1.4998237593582466,""limit"":1.0,""time_s"":1.3662109375,""side"":""post"",""num_prefill"":2,""num_decode"":1}",38,0.7755102040816326
h106-o1100-d120-a100-slow,h106-o1100-d120,relaxed_decode,2.0,1.0,Legacy-Full,0,0.256,ok,False,False,381,0.03438229998573661,"{""kind"":""sla_time"",""object"":""decode"",""request_id"":""azure-00014"",""required"":1.370929505839206,""limit"":1.0,""time_s"":188.5,""side"":""post"",""num_prefill"":1,""num_decode"":3}",30,0.6122448979591837
h106-o1100-d120-a100-slow,h106-o1100-d120,relaxed_decode,2.0,1.0,Legacy-Full,0,1.024,ok,False,False,220,0.0439712000079453,"{""kind"":""sla_time"",""object"":""decode"",""request_id"":""azure-00001"",""required"":1.378929505839206,""limit"":1.0,""time_s"":47.875,""side"":""post"",""num_prefill"":1,""num_decode"":15}",47,0.9591836734693877
h106-o1100-d120-a100-slow,h106-o1100-d120,relaxed_decode,2.0,1.0,Legacy-Full,0,0.064,ok,False,False,392,0.015353600028902292,"{""kind"":""network"",""object"":""slow-0"",""required"":315710208.19678676,""limit"":312500000.0,""time_s"":751.0,""side"":""post"",""num_prefill"":1,""num_decode"":0}",13,0.2653061224489796
h106-o1100-d120-a100-slow,h106-o1100-d120,relaxed_decode,2.0,1.0,Legacy-Full,0,0.001,ok,False,False,392,0.011941799952182919,"{""kind"":""network"",""object"":""slow-0"",""required"":315710208.19678676,""limit"":312500000.0,""time_s"":48001.0,""side"":""post"",""num_prefill"":1,""num_decode"":0}",1,0.02040816326530612
h106-o1100-d120-a100-slow,h106-o1100-d120,relaxed_decode,2.0,1.0,Legacy-Full,0,65.536,ok,False,False,5,0.0004352999967522919,"{""kind"":""sla_time"",""object"":""decode"",""request_id"":""azure-00000"",""required"":1.9678023417179067,""limit"":1.0,""time_s"":1.1208399999999998,""side"":""post"",""num_prefill"":3,""num_decode"":1}",49,1.0
h106-o1100-d120-a100-slow,h106-o1100-d120,relaxed_decode,2.0,1.0,Legacy-Full,0,0.004,ok,False,False,392,0.011791200027801096,"{""kind"":""network"",""object"":""slow-0"",""required"":315710208.19678676,""limit"":312500000.0,""time_s"":12001.0,""side"":""post"",""num_prefill"":1,""num_decode"":0}",1,0.02040816326530612
h106-o1100-d120-a100-slow,h106-o1100-d120,relaxed_decode,2.0,1.0,Legacy-Full,0,0.00025,ok,False,False,392,0.01155500003369525,"{""kind"":""network"",""object"":""slow-0"",""required"":315710208.19678676,""limit"":312500000.0,""time_s"":192001.0,""side"":""post"",""num_prefill"":1,""num_decode"":0}",1,0.02040816326530612
h106-o1100-d120-a100-slow,h106-o1100-d120,relaxed_decode,2.0,1.0,Legacy-Full,0,4.096,ok,False,False,6,0.0004881999921053648,"{""kind"":""sla_time"",""object"":""decode"",""request_id"":""azure-00000"",""required"":1.2680457557644533,""limit"":1.0,""time_s"":2.708984375,""side"":""post"",""num_prefill"":2,""num_decode"":2}",34,0.6938775510204082
h106-o1100-d120-a100-slow,h106-o1100-d120,relaxed_decode,2.0,1.0,Legacy-Full,0,0.016,ok,False,False,392,0.012247999955434352,"{""kind"":""network"",""object"":""slow-0"",""required"":315710208.19678676,""limit"":312500000.0,""time_s"":3001.0,""side"":""post"",""num_prefill"":1,""num_decode"":0}",1,0.02040816326530612
h106-o1100-d120-a100-slow,h106-o1100-d120,relaxed_decode,2.0,1.0,Legacy-Full,0,6.25e-05,ok,False,False,392,0.012753900024108589,"{""kind"":""network"",""object"":""slow-0"",""required"":315710208.19678676,""limit"":312500000.0,""time_s"":768001.0,""side"":""post"",""num_prefill"":1,""num_decode"":0}",1,0.02040816326530612
h106-o1100-d120-a100-slow,h106-o1100-d120,relaxed_decode,2.0,1.0,Legacy-Remaining,0,16.384,ok,False,False,4,0.00036880001425743103,"{""kind"":""sla_time"",""object"":""decode"",""request_id"":""azure-00000"",""required"":1.1970125087383994,""limit"":1.0,""time_s"":1.3662109375,""side"":""post"",""num_prefill"":2,""num_decode"":1}",38,0.7755102040816326
h106-o1100-d120-a100-slow,h106-o1100-d120,relaxed_decode,2.0,1.0,Legacy-Remaining,0,0.256,ok,False,False,381,0.034387399966362864,"{""kind"":""sla_time"",""object"":""decode"",""request_id"":""azure-00014"",""required"":1.370929505839206,""limit"":1.0,""time_s"":188.5,""side"":""post"",""num_prefill"":1,""num_decode"":3}",30,0.6122448979591837
h106-o1100-d120-a100-slow,h106-o1100-d120,relaxed_decode,2.0,1.0,Legacy-Remaining,0,1.024,ok,False,False,220,0.04547770001227036,"{""kind"":""sla_time"",""object"":""decode"",""request_id"":""azure-00001"",""required"":1.378929505839206,""limit"":1.0,""time_s"":47.875,""side"":""post"",""num_prefill"":1,""num_decode"":15}",47,0.9591836734693877
h106-o1100-d120-a100-slow,h106-o1100-d120,relaxed_decode,2.0,1.0,Legacy-Remaining,0,0.064,ok,False,False,392,0.015177800029050559,"{""kind"":""network"",""object"":""slow-0"",""required"":315710208.19678676,""limit"":312500000.0,""time_s"":751.0,""side"":""post"",""num_prefill"":1,""num_decode"":0}",13,0.2653061224489796
h106-o1100-d120-a100-slow,h106-o1100-d120,relaxed_decode,2.0,1.0,Legacy-Remaining,0,0.001,ok,False,False,392,0.015130699961446226,"{""kind"":""network"",""object"":""slow-0"",""required"":315710208.19678676,""limit"":312500000.0,""time_s"":48001.0,""side"":""post"",""num_prefill"":1,""num_decode"":0}",1,0.02040816326530612
h106-o1100-d120-a100-slow,h106-o1100-d120,relaxed_decode,2.0,1.0,Legacy-Remaining,0,65.536,ok,False,False,5,0.0004325000336393714,"{""kind"":""sla_time"",""object"":""decode"",""request_id"":""azure-00000"",""required"":1.8201202503557004,""limit"":1.0,""time_s"":1.1208399999999998,""side"":""post"",""num_prefill"":3,""num_decode"":1}",49,1.0
h106-o1100-d120-a100-slow,h106-o1100-d120,relaxed_decode,2.0,1.0,Legacy-Remaining,0,0.004,ok,False,False,392,0.011988900019787252,"{""kind"":""network"",""object"":""slow-0"",""required"":315710208.19678676,""limit"":312500000.0,""time_s"":12001.0,""side"":""post"",""num_prefill"":1,""num_decode"":0}",1,0.02040816326530612
h106-o1100-d120-a100-slow,h106-o1100-d120,relaxed_decode,2.0,1.0,Legacy-Remaining,0,0.00025,ok,False,False,392,0.021773399959784,"{""kind"":""network"",""object"":""slow-0"",""required"":315710208.19678676,""limit"":312500000.0,""time_s"":192001.0,""side"":""post"",""num_prefill"":1,""num_decode"":0}",1,0.02040816326530612
h106-o1100-d120-a100-slow,h106-o1100-d120,relaxed_decode,2.0,1.0,Legacy-Remaining,0,4.096,ok,False,False,6,0.00048429996240884066,"{""kind"":""sla_time"",""object"":""decode"",""request_id"":""azure-00000"",""required"":1.025843862619164,""limit"":1.0,""time_s"":2.708984375,""side"":""post"",""num_prefill"":2,""num_decode"":2}",34,0.6938775510204082
h106-o1100-d120-a100-slow,h106-o1100-d120,relaxed_decode,2.0,1.0,Legacy-Remaining,0,0.016,ok,False,False,392,0.020272199995815754,"{""kind"":""network"",""object"":""slow-0"",""required"":315710208.19678676,""limit"":312500000.0,""time_s"":3001.0,""side"":""post"",""num_prefill"":1,""num_decode"":0}",1,0.02040816326530612
h106-o1100-d120-a100-slow,h106-o1100-d120,relaxed_decode,2.0,1.0,Legacy-Remaining,0,6.25e-05,ok,False,False,392,0.01325289998203516,"{""kind"":""network"",""object"":""slow-0"",""required"":315710208.19678676,""limit"":312500000.0,""time_s"":768001.0,""side"":""post"",""num_prefill"":1,""num_decode"":0}",1,0.02040816326530612
