group,shift,intensity,sla,variant,runtime_s,events
w201-heterogeneous-fast,-2,0.001,TTFT5.2_TPOT0.3,Legacy-Full,0.006668799964245409,222
w201-heterogeneous-fast,-2,0.001,TTFT5.2_TPOT0.3,Legacy-Remaining,0.006662000028882176,222
w201-heterogeneous-fast,-2,0.001,TTFT5.2_TPOT0.3,Raw-Full,0.006729700020514429,222
w201-heterogeneous-fast,-2,0.001,TTFT5.2_TPOT0.3,Raw-Remaining,0.006481099990196526,222
w201-heterogeneous-fast,-2,0.001,TTFT5.2_TPOT1.2,Legacy-Full,0.0063838999485597014,222
w201-heterogeneous-fast,-2,0.001,TTFT5.2_TPOT1.2,Legacy-Remaining,0.006605700007639825,222
w201-heterogeneous-fast,-2,0.001,TTFT5.2_TPOT1.2,Raw-Full,0.006320699991192669,222
w201-heterogeneous-fast,-2,0.001,TTFT5.2_TPOT1.2,Raw-Remaining,0.006456999981310219,222
w201-heterogeneous-fast,-2,0.001,TTFT5.2_TPOT5,Legacy-Full,0.006702100043185055,222
w201-heterogeneous-fast,-2,0.001,TTFT5.2_TPOT5,Legacy-Remaining,0.00648939999518916,222
w201-heterogeneous-fast,-2,0.001,TTFT5.2_TPOT5,Raw-Full,0.0064362999983131886,222
w201-heterogeneous-fast,-2,0.001,TTFT5.2_TPOT5,Raw-Remaining,0.006327299983240664,222
w201-heterogeneous-fast,-2,0.001,TTFT5.2_TPOT10,Legacy-Full,0.006379399972502142,222
w201-heterogeneous-fast,-2,0.001,TTFT5.2_TPOT10,Legacy-Remaining,0.006396399985533208,222
w201-heterogeneous-fast,-2,0.001,TTFT5.2_TPOT10,Raw-Full,0.006303099973592907,222
w201-heterogeneous-fast,-2,0.001,TTFT5.2_TPOT10,Raw-Remaining,0.006484400015324354,222
w201-heterogeneous-fast,-1,0.001,TTFT5.2_TPOT0.3,Legacy-Remaining,0.0068042000057175756,222
w201-heterogeneous-fast,-1,0.001,TTFT5.2_TPOT0.3,Raw-Full,0.006996599957346916,222
w201-heterogeneous-fast,-1,0.001,TTFT5.2_TPOT0.3,Raw-Remaining,0.006391800008714199,222
w201-heterogeneous-fast,-1,0.001,TTFT5.2_TPOT0.3,Legacy-Full,0.006556899985298514,222
w201-heterogeneous-fast,-1,0.001,TTFT5.2_TPOT1.2,Legacy-Remaining,0.006460700009483844,222
w201-heterogeneous-fast,-1,0.001,TTFT5.2_TPOT1.2,Raw-Full,0.006572099984623492,222
w201-heterogeneous-fast,-1,0.001,TTFT5.2_TPOT1.2,Raw-Remaining,0.006256600026972592,222
w201-heterogeneous-fast,-1,0.001,TTFT5.2_TPOT1.2,Legacy-Full,0.006515600020065904,222
w201-heterogeneous-fast,-1,0.001,TTFT5.2_TPOT5,Legacy-Remaining,0.006408999965060502,222
w201-heterogeneous-fast,-1,0.001,TTFT5.2_TPOT5,Raw-Full,0.006373199983499944,222
w201-heterogeneous-fast,-1,0.001,TTFT5.2_TPOT5,Raw-Remaining,0.006571200035978109,222
w201-heterogeneous-fast,-1,0.001,TTFT5.2_TPOT5,Legacy-Full,0.006321699998807162,222
w201-heterogeneous-fast,-1,0.001,TTFT5.2_TPOT10,Legacy-Remaining,0.006543800001963973,222
w201-heterogeneous-fast,-1,0.001,TTFT5.2_TPOT10,Raw-Full,0.006253400002606213,222
w201-heterogeneous-fast,-1,0.001,TTFT5.2_TPOT10,Raw-Remaining,0.006521500006783754,222
w201-heterogeneous-fast,-1,0.001,TTFT5.2_TPOT10,Legacy-Full,0.006536100001540035,222
w201-heterogeneous-fast,0,0.001,TTFT5.2_TPOT0.3,Raw-Full,0.006423300015740097,222
w201-heterogeneous-fast,0,0.001,TTFT5.2_TPOT0.3,Raw-Remaining,0.006407999957446009,222
w201-heterogeneous-fast,0,0.001,TTFT5.2_TPOT0.3,Legacy-Full,0.006338500010315329,222
w201-heterogeneous-fast,0,0.001,TTFT5.2_TPOT0.3,Legacy-Remaining,0.008344799978658557,222
w201-heterogeneous-fast,0,0.001,TTFT5.2_TPOT1.2,Raw-Full,0.006773300003260374,222
w201-heterogeneous-fast,0,0.001,TTFT5.2_TPOT1.2,Raw-Remaining,0.006789800012484193,222
w201-heterogeneous-fast,0,0.001,TTFT5.2_TPOT1.2,Legacy-Full,0.0062269000336527824,222
w201-heterogeneous-fast,0,0.001,TTFT5.2_TPOT1.2,Legacy-Remaining,0.007666999998036772,222
w201-heterogeneous-fast,0,0.001,TTFT5.2_TPOT5,Raw-Full,0.006482099997811019,222
w201-heterogeneous-fast,0,0.001,TTFT5.2_TPOT5,Raw-Remaining,0.006500699964817613,222
w201-heterogeneous-fast,0,0.001,TTFT5.2_TPOT5,Legacy-Full,0.006393199961166829,222
w201-heterogeneous-fast,0,0.001,TTFT5.2_TPOT5,Legacy-Remaining,0.006508100021164864,222
w201-heterogeneous-fast,0,0.001,TTFT5.2_TPOT10,Raw-Full,0.006401600025128573,222
w201-heterogeneous-fast,0,0.001,TTFT5.2_TPOT10,Raw-Remaining,0.006356199970468879,222
w201-heterogeneous-fast,0,0.001,TTFT5.2_TPOT10,Legacy-Full,0.006582500005606562,222
w201-heterogeneous-fast,0,0.001,TTFT5.2_TPOT10,Legacy-Remaining,0.00649390002945438,222
w201-heterogeneous-fast,1,0.001,TTFT5.2_TPOT0.3,Raw-Remaining,0.006868899974506348,222
w201-heterogeneous-fast,1,0.001,TTFT5.2_TPOT0.3,Legacy-Full,0.006511300045531243,222
w201-heterogeneous-fast,1,0.001,TTFT5.2_TPOT0.3,Legacy-Remaining,0.006652899959590286,222
w201-heterogeneous-fast,1,0.001,TTFT5.2_TPOT0.3,Raw-Full,0.006620300002396107,222
w201-heterogeneous-fast,1,0.001,TTFT5.2_TPOT1.2,Raw-Remaining,0.006548300036229193,222
w201-heterogeneous-fast,1,0.001,TTFT5.2_TPOT1.2,Legacy-Full,0.006278100016061217,222
w201-heterogeneous-fast,1,0.001,TTFT5.2_TPOT1.2,Legacy-Remaining,0.006447100022342056,222
w201-heterogeneous-fast,1,0.001,TTFT5.2_TPOT1.2,Raw-Full,0.006609899981413037,222
w201-heterogeneous-fast,1,0.001,TTFT5.2_TPOT5,Raw-Remaining,0.006428499997127801,222
w201-heterogeneous-fast,1,0.001,TTFT5.2_TPOT5,Legacy-Full,0.0065534000168554485,222
w201-heterogeneous-fast,1,0.001,TTFT5.2_TPOT5,Legacy-Remaining,0.006360900006256998,222
w201-heterogeneous-fast,1,0.001,TTFT5.2_TPOT5,Raw-Full,0.006843400013167411,222
w201-heterogeneous-fast,1,0.001,TTFT5.2_TPOT10,Raw-Remaining,0.006438300013542175,222
w201-heterogeneous-fast,1,0.001,TTFT5.2_TPOT10,Legacy-Full,0.006429099943488836,222
w201-heterogeneous-fast,1,0.001,TTFT5.2_TPOT10,Legacy-Remaining,0.006427400046959519,222
w201-heterogeneous-fast,1,0.001,TTFT5.2_TPOT10,Raw-Full,0.00629540003137663,222
w201-heterogeneous-fast,2,0.001,TTFT5.2_TPOT0.3,Legacy-Full,0.0070192000130191445,222
w201-heterogeneous-fast,2,0.001,TTFT5.2_TPOT0.3,Legacy-Remaining,0.006482400000095367,222
w201-heterogeneous-fast,2,0.001,TTFT5.2_TPOT0.3,Raw-Full,0.006855899991933256,222
w201-heterogeneous-fast,2,0.001,TTFT5.2_TPOT0.3,Raw-Remaining,0.006580099987331778,222
w201-heterogeneous-fast,2,0.001,TTFT5.2_TPOT1.2,Legacy-Full,0.007196700025815517,222
w201-heterogeneous-fast,2,0.001,TTFT5.2_TPOT1.2,Legacy-Remaining,0.006325199967250228,222
w201-heterogeneous-fast,2,0.001,TTFT5.2_TPOT1.2,Raw-Full,0.006275499996263534,222
w201-heterogeneous-fast,2,0.001,TTFT5.2_TPOT1.2,Raw-Remaining,0.006414200004655868,222
w201-heterogeneous-fast,2,0.001,TTFT5.2_TPOT5,Legacy-Full,0.006149800028651953,222
w201-heterogeneous-fast,2,0.001,TTFT5.2_TPOT5,Legacy-Remaining,0.006871399993542582,222
w201-heterogeneous-fast,2,0.001,TTFT5.2_TPOT5,Raw-Full,0.0063637999701313674,222
w201-heterogeneous-fast,2,0.001,TTFT5.2_TPOT5,Raw-Remaining,0.006375500001013279,222
w201-heterogeneous-fast,2,0.001,TTFT5.2_TPOT10,Legacy-Full,0.006350100040435791,222
w201-heterogeneous-fast,2,0.001,TTFT5.2_TPOT10,Legacy-Remaining,0.006387499975971878,222
w201-heterogeneous-fast,2,0.001,TTFT5.2_TPOT10,Raw-Full,0.00653539999620989,222
w201-heterogeneous-fast,2,0.001,TTFT5.2_TPOT10,Raw-Remaining,0.006367699999827892,222
w201-heterogeneous-fast,-2,0.004,TTFT5.2_TPOT0.3,Legacy-Remaining,0.006460099946707487,222
w201-heterogeneous-fast,-2,0.004,TTFT5.2_TPOT0.3,Raw-Full,0.006162700010463595,222
w201-heterogeneous-fast,-2,0.004,TTFT5.2_TPOT0.3,Raw-Remaining,0.006779499992262572,222
w201-heterogeneous-fast,-2,0.004,TTFT5.2_TPOT0.3,Legacy-Full,0.006327699986286461,222
w201-heterogeneous-fast,-2,0.004,TTFT5.2_TPOT1.2,Legacy-Remaining,0.007096699962858111,222
w201-heterogeneous-fast,-2,0.004,TTFT5.2_TPOT1.2,Raw-Full,0.006393500021658838,222
w201-heterogeneous-fast,-2,0.004,TTFT5.2_TPOT1.2,Raw-Remaining,0.006371700030285865,222
w201-heterogeneous-fast,-2,0.004,TTFT5.2_TPOT1.2,Legacy-Full,0.0061250000144355,222
w201-heterogeneous-fast,-2,0.004,TTFT5.2_TPOT5,Legacy-Remaining,0.006289699987974018,222
w201-heterogeneous-fast,-2,0.004,TTFT5.2_TPOT5,Raw-Full,0.00655009999172762,222
w201-heterogeneous-fast,-2,0.004,TTFT5.2_TPOT5,Raw-Remaining,0.006326499977149069,222
w201-heterogeneous-fast,-2,0.004,TTFT5.2_TPOT5,Legacy-Full,0.006488900049589574,222
w201-heterogeneous-fast,-2,0.004,TTFT5.2_TPOT10,Legacy-Remaining,0.0061873000231571496,222
w201-heterogeneous-fast,-2,0.004,TTFT5.2_TPOT10,Raw-Full,0.006430800014641136,222
w201-heterogeneous-fast,-2,0.004,TTFT5.2_TPOT10,Raw-Remaining,0.0062476000166498125,222
w201-heterogeneous-fast,-2,0.004,TTFT5.2_TPOT10,Legacy-Full,0.006189299980178475,222
w201-heterogeneous-fast,-1,0.004,TTFT5.2_TPOT0.3,Raw-Full,0.006626199989113957,222
w201-heterogeneous-fast,-1,0.004,TTFT5.2_TPOT0.3,Raw-Remaining,0.00624779995996505,222
w201-heterogeneous-fast,-1,0.004,TTFT5.2_TPOT0.3,Legacy-Full,0.006471100030466914,222
w201-heterogeneous-fast,-1,0.004,TTFT5.2_TPOT0.3,Legacy-Remaining,0.006181899982038885,222
w201-heterogeneous-fast,-1,0.004,TTFT5.2_TPOT1.2,Raw-Full,0.006203900033142418,222
w201-heterogeneous-fast,-1,0.004,TTFT5.2_TPOT1.2,Raw-Remaining,0.006240400020033121,222
w201-heterogeneous-fast,-1,0.004,TTFT5.2_TPOT1.2,Legacy-Full,0.006205900048371404,222
w201-heterogeneous-fast,-1,0.004,TTFT5.2_TPOT1.2,Legacy-Remaining,0.006676899967715144,222
w201-heterogeneous-fast,-1,0.004,TTFT5.2_TPOT5,Raw-Full,0.00644650001777336,222
w201-heterogeneous-fast,-1,0.004,TTFT5.2_TPOT5,Raw-Remaining,0.006590900011360645,222
w201-heterogeneous-fast,-1,0.004,TTFT5.2_TPOT5,Legacy-Full,0.006364100030623376,222
w201-heterogeneous-fast,-1,0.004,TTFT5.2_TPOT5,Legacy-Remaining,0.006603300047572702,222
w201-heterogeneous-fast,-1,0.004,TTFT5.2_TPOT10,Raw-Full,0.006237299996428192,222
w201-heterogeneous-fast,-1,0.004,TTFT5.2_TPOT10,Raw-Remaining,0.006589399999938905,222
w201-heterogeneous-fast,-1,0.004,TTFT5.2_TPOT10,Legacy-Full,0.006289699987974018,222
w201-heterogeneous-fast,-1,0.004,TTFT5.2_TPOT10,Legacy-Remaining,0.006328099989332259,222
w201-heterogeneous-fast,0,0.004,TTFT5.2_TPOT0.3,Raw-Remaining,0.0063670999952591956,222
w201-heterogeneous-fast,0,0.004,TTFT5.2_TPOT0.3,Legacy-Full,0.006252999999560416,222
w201-heterogeneous-fast,0,0.004,TTFT5.2_TPOT0.3,Legacy-Remaining,0.00683460000436753,222
w201-heterogeneous-fast,0,0.004,TTFT5.2_TPOT0.3,Raw-Full,0.00640499999281019,222
w201-heterogeneous-fast,0,0.004,TTFT5.2_TPOT1.2,Raw-Remaining,0.006504900055006146,222
w201-heterogeneous-fast,0,0.004,TTFT5.2_TPOT1.2,Legacy-Full,0.0062392999534495175,222
w201-heterogeneous-fast,0,0.004,TTFT5.2_TPOT1.2,Legacy-Remaining,0.006364199973177165,222
w201-heterogeneous-fast,0,0.004,TTFT5.2_TPOT1.2,Raw-Full,0.0062135999905876815,222
w201-heterogeneous-fast,0,0.004,TTFT5.2_TPOT5,Raw-Remaining,0.006266800046432763,222
w201-heterogeneous-fast,0,0.004,TTFT5.2_TPOT5,Legacy-Full,0.006650800001807511,222
w201-heterogeneous-fast,0,0.004,TTFT5.2_TPOT5,Legacy-Remaining,0.006480100040789694,222
w201-heterogeneous-fast,0,0.004,TTFT5.2_TPOT5,Raw-Full,0.006390900001861155,222
w201-heterogeneous-fast,0,0.004,TTFT5.2_TPOT10,Raw-Remaining,0.006165200029499829,222
w201-heterogeneous-fast,0,0.004,TTFT5.2_TPOT10,Legacy-Full,0.0063307000091299415,222
w201-heterogeneous-fast,0,0.004,TTFT5.2_TPOT10,Legacy-Remaining,0.006330800009891391,222
w201-heterogeneous-fast,0,0.004,TTFT5.2_TPOT10,Raw-Full,0.006193899956997484,222
w201-heterogeneous-fast,1,0.004,TTFT5.2_TPOT0.3,Legacy-Full,0.006325399968773127,222
w201-heterogeneous-fast,1,0.004,TTFT5.2_TPOT0.3,Legacy-Remaining,0.006230300001334399,222
w201-heterogeneous-fast,1,0.004,TTFT5.2_TPOT0.3,Raw-Full,0.0066630999790504575,222
w201-heterogeneous-fast,1,0.004,TTFT5.2_TPOT0.3,Raw-Remaining,0.006300599954556674,222
w201-heterogeneous-fast,1,0.004,TTFT5.2_TPOT1.2,Legacy-Full,0.006376000004820526,222
w201-heterogeneous-fast,1,0.004,TTFT5.2_TPOT1.2,Legacy-Remaining,0.006300800014287233,222
w201-heterogeneous-fast,1,0.004,TTFT5.2_TPOT1.2,Raw-Full,0.006181899982038885,222
w201-heterogeneous-fast,1,0.004,TTFT5.2_TPOT1.2,Raw-Remaining,0.006511299987323582,222
w201-heterogeneous-fast,1,0.004,TTFT5.2_TPOT5,Legacy-Full,0.006639099970925599,222
w201-heterogeneous-fast,1,0.004,TTFT5.2_TPOT5,Legacy-Remaining,0.006618799990974367,222
w201-heterogeneous-fast,1,0.004,TTFT5.2_TPOT5,Raw-Full,0.006185900012496859,222
w201-heterogeneous-fast,1,0.004,TTFT5.2_TPOT5,Raw-Remaining,0.006306700001005083,222
w201-heterogeneous-fast,1,0.004,TTFT5.2_TPOT10,Legacy-Full,0.006384999956935644,222
w201-heterogeneous-fast,1,0.004,TTFT5.2_TPOT10,Legacy-Remaining,0.006219600036274642,222
w201-heterogeneous-fast,1,0.004,TTFT5.2_TPOT10,Raw-Full,0.006550499994773418,222
w201-heterogeneous-fast,1,0.004,TTFT5.2_TPOT10,Raw-Remaining,0.006171100016217679,222
w201-heterogeneous-fast,2,0.004,TTFT5.2_TPOT0.3,Legacy-Remaining,0.006373999989591539,222
w201-heterogeneous-fast,2,0.004,TTFT5.2_TPOT0.3,Raw-Full,0.006668600020930171,222
w201-heterogeneous-fast,2,0.004,TTFT5.2_TPOT0.3,Raw-Remaining,0.006361900013871491,222
w201-heterogeneous-fast,2,0.004,TTFT5.2_TPOT0.3,Legacy-Full,0.006218399968929589,222
w201-heterogeneous-fast,2,0.004,TTFT5.2_TPOT1.2,Legacy-Remaining,0.006223800010047853,222
w201-heterogeneous-fast,2,0.004,TTFT5.2_TPOT1.2,Raw-Full,0.006659700011368841,222
w201-heterogeneous-fast,2,0.004,TTFT5.2_TPOT1.2,Raw-Remaining,0.0061218999908305705,222
w201-heterogeneous-fast,2,0.004,TTFT5.2_TPOT1.2,Legacy-Full,0.006220000039320439,222
w201-heterogeneous-fast,2,0.004,TTFT5.2_TPOT5,Legacy-Remaining,0.006275199993979186,222
w201-heterogeneous-fast,2,0.004,TTFT5.2_TPOT5,Raw-Full,0.006113199982792139,222
w201-heterogeneous-fast,2,0.004,TTFT5.2_TPOT5,Raw-Remaining,0.006420800054911524,222
w201-heterogeneous-fast,2,0.004,TTFT5.2_TPOT5,Legacy-Full,0.0062571000307798386,222
w201-heterogeneous-fast,2,0.004,TTFT5.2_TPOT10,Legacy-Remaining,0.006640699983108789,222
w201-heterogeneous-fast,2,0.004,TTFT5.2_TPOT10,Raw-Full,0.006252899998798966,222
w201-heterogeneous-fast,2,0.004,TTFT5.2_TPOT10,Raw-Remaining,0.006607399962376803,222
w201-heterogeneous-fast,2,0.004,TTFT5.2_TPOT10,Legacy-Full,0.00618709996342659,222
w201-heterogeneous-fast,-2,0.016,TTFT5.2_TPOT0.3,Raw-Full,0.005839599994942546,207
w201-heterogeneous-fast,-2,0.016,TTFT5.2_TPOT0.3,Raw-Remaining,0.006301400018855929,207
w201-heterogeneous-fast,-2,0.016,TTFT5.2_TPOT0.3,Legacy-Full,0.0017150999628938735,58
w201-heterogeneous-fast,-2,0.016,TTFT5.2_TPOT0.3,Legacy-Remaining,0.0018099999870173633,58
w201-heterogeneous-fast,-2,0.016,TTFT5.2_TPOT1.2,Raw-Full,0.00702709995675832,222
w201-heterogeneous-fast,-2,0.016,TTFT5.2_TPOT1.2,Raw-Remaining,0.006671299983281642,222
w201-heterogeneous-fast,-2,0.016,TTFT5.2_TPOT1.2,Legacy-Full,0.0067048000055365264,222
w201-heterogeneous-fast,-2,0.016,TTFT5.2_TPOT1.2,Legacy-Remaining,0.006674800009932369,222
w201-heterogeneous-fast,-2,0.016,TTFT5.2_TPOT5,Raw-Full,0.006536500004585832,222
w201-heterogeneous-fast,-2,0.016,TTFT5.2_TPOT5,Raw-Remaining,0.0070863000000827014,222
w201-heterogeneous-fast,-2,0.016,TTFT5.2_TPOT5,Legacy-Full,0.006638700026087463,222
w201-heterogeneous-fast,-2,0.016,TTFT5.2_TPOT5,Legacy-Remaining,0.0068106999970041215,222
w201-heterogeneous-fast,-2,0.016,TTFT5.2_TPOT10,Raw-Full,0.006448199972510338,222
w201-heterogeneous-fast,-2,0.016,TTFT5.2_TPOT10,Raw-Remaining,0.007144399976823479,222
w201-heterogeneous-fast,-2,0.016,TTFT5.2_TPOT10,Legacy-Full,0.006563000031746924,222
w201-heterogeneous-fast,-2,0.016,TTFT5.2_TPOT10,Legacy-Remaining,0.0067758000222966075,222
w201-heterogeneous-fast,-1,0.016,TTFT5.2_TPOT0.3,Raw-Remaining,0.0017967000021599233,58
w201-heterogeneous-fast,-1,0.016,TTFT5.2_TPOT0.3,Legacy-Full,0.0017018999787978828,58
w201-heterogeneous-fast,-1,0.016,TTFT5.2_TPOT0.3,Legacy-Remaining,0.0016968999989330769,58
w201-heterogeneous-fast,-1,0.016,TTFT5.2_TPOT0.3,Raw-Full,0.0016796000418253243,58
w201-heterogeneous-fast,-1,0.016,TTFT5.2_TPOT1.2,Raw-Remaining,0.0067208000109530985,222
w201-heterogeneous-fast,-1,0.016,TTFT5.2_TPOT1.2,Legacy-Full,0.006533500039950013,222
w201-heterogeneous-fast,-1,0.016,TTFT5.2_TPOT1.2,Legacy-Remaining,0.006872600002679974,222
w201-heterogeneous-fast,-1,0.016,TTFT5.2_TPOT1.2,Raw-Full,0.006783799966797233,222
w201-heterogeneous-fast,-1,0.016,TTFT5.2_TPOT5,Raw-Remaining,0.006687699991744012,222
w201-heterogeneous-fast,-1,0.016,TTFT5.2_TPOT5,Legacy-Full,0.006704900006297976,222
w201-heterogeneous-fast,-1,0.016,TTFT5.2_TPOT5,Legacy-Remaining,0.006511299987323582,222
w201-heterogeneous-fast,-1,0.016,TTFT5.2_TPOT5,Raw-Full,0.006854199978988618,222
w201-heterogeneous-fast,-1,0.016,TTFT5.2_TPOT10,Raw-Remaining,0.006661100022029132,222
w201-heterogeneous-fast,-1,0.016,TTFT5.2_TPOT10,Legacy-Full,0.006888100004289299,222
w201-heterogeneous-fast,-1,0.016,TTFT5.2_TPOT10,Legacy-Remaining,0.006698200013488531,222
w201-heterogeneous-fast,-1,0.016,TTFT5.2_TPOT10,Raw-Full,0.006909499992616475,222
w201-heterogeneous-fast,0,0.016,TTFT5.2_TPOT0.3,Legacy-Full,0.001629200007300824,57
w201-heterogeneous-fast,0,0.016,TTFT5.2_TPOT0.3,Legacy-Remaining,0.0018366999574936926,57
w201-heterogeneous-fast,0,0.016,TTFT5.2_TPOT0.3,Raw-Full,0.0017167999758385122,57
w201-heterogeneous-fast,0,0.016,TTFT5.2_TPOT0.3,Raw-Remaining,0.0017005999688990414,57
w201-heterogeneous-fast,0,0.016,TTFT5.2_TPOT1.2,Legacy-Full,0.007634399982634932,222
w201-heterogeneous-fast,0,0.016,TTFT5.2_TPOT1.2,Legacy-Remaining,0.007118100009392947,222
w201-heterogeneous-fast,0,0.016,TTFT5.2_TPOT1.2,Raw-Full,0.00702859996818006,222
w201-heterogeneous-fast,0,0.016,TTFT5.2_TPOT1.2,Raw-Remaining,0.0067906000185757875,222
w201-heterogeneous-fast,0,0.016,TTFT5.2_TPOT5,Legacy-Full,0.006959299964364618,222
w201-heterogeneous-fast,0,0.016,TTFT5.2_TPOT5,Legacy-Remaining,0.006970699992962182,222
w201-heterogeneous-fast,0,0.016,TTFT5.2_TPOT5,Raw-Full,0.006732799985911697,222
w201-heterogeneous-fast,0,0.016,TTFT5.2_TPOT5,Raw-Remaining,0.006620800006203353,222
w201-heterogeneous-fast,0,0.016,TTFT5.2_TPOT10,Legacy-Full,0.0065885999938473105,222
w201-heterogeneous-fast,0,0.016,TTFT5.2_TPOT10,Legacy-Remaining,0.0068641999969258904,222
w201-heterogeneous-fast,0,0.016,TTFT5.2_TPOT10,Raw-Full,0.006864700000733137,222
w201-heterogeneous-fast,0,0.016,TTFT5.2_TPOT10,Raw-Remaining,0.00690869998652488,222
w201-heterogeneous-fast,1,0.016,TTFT5.2_TPOT0.3,Legacy-Remaining,0.001658199995290488,57
w201-heterogeneous-fast,1,0.016,TTFT5.2_TPOT0.3,Raw-Full,0.0016724999877624214,57
w201-heterogeneous-fast,1,0.016,TTFT5.2_TPOT0.3,Raw-Remaining,0.001838300027884543,57
w201-heterogeneous-fast,1,0.016,TTFT5.2_TPOT0.3,Legacy-Full,0.0017334000440314412,57
w201-heterogeneous-fast,1,0.016,TTFT5.2_TPOT1.2,Legacy-Remaining,0.007105600030627102,222
w201-heterogeneous-fast,1,0.016,TTFT5.2_TPOT1.2,Raw-Full,0.006762599979992956,222
w201-heterogeneous-fast,1,0.016,TTFT5.2_TPOT1.2,Raw-Remaining,0.007182899978943169,222
w201-heterogeneous-fast,1,0.016,TTFT5.2_TPOT1.2,Legacy-Full,0.006664799991995096,222
w201-heterogeneous-fast,1,0.016,TTFT5.2_TPOT5,Legacy-Remaining,0.006953199976123869,222
w201-heterogeneous-fast,1,0.016,TTFT5.2_TPOT5,Raw-Full,0.00662719999672845,222
w201-heterogeneous-fast,1,0.016,TTFT5.2_TPOT5,Raw-Remaining,0.0069210000219754875,222
w201-heterogeneous-fast,1,0.016,TTFT5.2_TPOT5,Legacy-Full,0.006583400012459606,222
w201-heterogeneous-fast,1,0.016,TTFT5.2_TPOT10,Legacy-Remaining,0.006919300009030849,222
w201-heterogeneous-fast,1,0.016,TTFT5.2_TPOT10,Raw-Full,0.0067180999903939664,222
w201-heterogeneous-fast,1,0.016,TTFT5.2_TPOT10,Raw-Remaining,0.006642499996814877,222
w201-heterogeneous-fast,1,0.016,TTFT5.2_TPOT10,Legacy-Full,0.006649200047831982,222
w201-heterogeneous-fast,2,0.016,TTFT5.2_TPOT0.3,Raw-Full,0.0016475000302307308,57
w201-heterogeneous-fast,2,0.016,TTFT5.2_TPOT0.3,Raw-Remaining,0.0016755000106059015,57
w201-heterogeneous-fast,2,0.016,TTFT5.2_TPOT0.3,Legacy-Full,0.001597900001797825,56
w201-heterogeneous-fast,2,0.016,TTFT5.2_TPOT0.3,Legacy-Remaining,0.0016676999512128532,56
w201-heterogeneous-fast,2,0.016,TTFT5.2_TPOT1.2,Raw-Full,0.006816300039645284,222
w201-heterogeneous-fast,2,0.016,TTFT5.2_TPOT1.2,Raw-Remaining,0.006651800009422004,222
w201-heterogeneous-fast,2,0.016,TTFT5.2_TPOT1.2,Legacy-Full,0.007024999998975545,222
w201-heterogeneous-fast,2,0.016,TTFT5.2_TPOT1.2,Legacy-Remaining,0.006853199971374124,222
w201-heterogeneous-fast,2,0.016,TTFT5.2_TPOT5,Raw-Full,0.006750400003511459,222
w201-heterogeneous-fast,2,0.016,TTFT5.2_TPOT5,Raw-Remaining,0.00672189996112138,222
w201-heterogeneous-fast,2,0.016,TTFT5.2_TPOT5,Legacy-Full,0.00669840001501143,222
w201-heterogeneous-fast,2,0.016,TTFT5.2_TPOT5,Legacy-Remaining,0.0066139999544247985,222
w201-heterogeneous-fast,2,0.016,TTFT5.2_TPOT10,Raw-Full,0.006475500005763024,222
w201-heterogeneous-fast,2,0.016,TTFT5.2_TPOT10,Raw-Remaining,0.006839999987278134,222
w201-heterogeneous-fast,2,0.016,TTFT5.2_TPOT10,Legacy-Full,0.006693100032862276,222
w201-heterogeneous-fast,2,0.016,TTFT5.2_TPOT10,Legacy-Remaining,0.006843100010883063,222
w201-heterogeneous-fast,-2,0.064,TTFT5.2_TPOT0.3,Raw-Remaining,0.0010059000342153013,33
w201-heterogeneous-fast,-2,0.064,TTFT5.2_TPOT0.3,Legacy-Full,0.0009857999975793064,33
w201-heterogeneous-fast,-2,0.064,TTFT5.2_TPOT0.3,Legacy-Remaining,0.001050200022291392,33
w201-heterogeneous-fast,-2,0.064,TTFT5.2_TPOT0.3,Raw-Full,0.0010079999919980764,33
w201-heterogeneous-fast,-2,0.064,TTFT5.2_TPOT1.2,Raw-Remaining,0.0030301999649964273,91
w201-heterogeneous-fast,-2,0.064,TTFT5.2_TPOT1.2,Legacy-Full,0.0033156999852508307,91
w201-heterogeneous-fast,-2,0.064,TTFT5.2_TPOT1.2,Legacy-Remaining,0.0030812000040896237,91
w201-heterogeneous-fast,-2,0.064,TTFT5.2_TPOT1.2,Raw-Full,0.0032657000119797885,91
w201-heterogeneous-fast,-2,0.064,TTFT5.2_TPOT5,Raw-Remaining,0.009270499984268099,222
w201-heterogeneous-fast,-2,0.064,TTFT5.2_TPOT5,Legacy-Full,0.00940819998504594,222
w201-heterogeneous-fast,-2,0.064,TTFT5.2_TPOT5,Legacy-Remaining,0.009985200013034046,222
w201-heterogeneous-fast,-2,0.064,TTFT5.2_TPOT5,Raw-Full,0.009658800030592829,222
w201-heterogeneous-fast,-2,0.064,TTFT5.2_TPOT10,Raw-Remaining,0.008978199970442802,222
w201-heterogeneous-fast,-2,0.064,TTFT5.2_TPOT10,Legacy-Full,0.009357000002637506,222
w201-heterogeneous-fast,-2,0.064,TTFT5.2_TPOT10,Legacy-Remaining,0.00930899998638779,222
w201-heterogeneous-fast,-2,0.064,TTFT5.2_TPOT10,Raw-Full,0.009312400012277067,222
w201-heterogeneous-fast,-1,0.064,TTFT5.2_TPOT0.3,Legacy-Full,0.0009651000145822763,32
w201-heterogeneous-fast,-1,0.064,TTFT5.2_TPOT0.3,Legacy-Remaining,0.0010272999643348157,32
w201-heterogeneous-fast,-1,0.064,TTFT5.2_TPOT0.3,Raw-Full,0.0009750999743118882,32
w201-heterogeneous-fast,-1,0.064,TTFT5.2_TPOT0.3,Raw-Remaining,0.0010052999714389443,32
w201-heterogeneous-fast,-1,0.064,TTFT5.2_TPOT1.2,Legacy-Full,0.003615399997215718,91
w201-heterogeneous-fast,-1,0.064,TTFT5.2_TPOT1.2,Legacy-Remaining,0.003277699986938387,91
w201-heterogeneous-fast,-1,0.064,TTFT5.2_TPOT1.2,Raw-Full,0.0031779000419192016,91
w201-heterogeneous-fast,-1,0.064,TTFT5.2_TPOT1.2,Raw-Remaining,0.003205500019248575,91
w201-heterogeneous-fast,-1,0.064,TTFT5.2_TPOT5,Legacy-Full,0.009620899974834174,222
w201-heterogeneous-fast,-1,0.064,TTFT5.2_TPOT5,Legacy-Remaining,0.010020000045187771,222
w201-heterogeneous-fast,-1,0.064,TTFT5.2_TPOT5,Raw-Full,0.00935479998588562,222
w201-heterogeneous-fast,-1,0.064,TTFT5.2_TPOT5,Raw-Remaining,0.009632300003431737,222
w201-heterogeneous-fast,-1,0.064,TTFT5.2_TPOT10,Legacy-Full,0.00998610001988709,222
w201-heterogeneous-fast,-1,0.064,TTFT5.2_TPOT10,Legacy-Remaining,0.009676699992269278,222
w201-heterogeneous-fast,-1,0.064,TTFT5.2_TPOT10,Raw-Full,0.009839500009547919,222
w201-heterogeneous-fast,-1,0.064,TTFT5.2_TPOT10,Raw-Remaining,0.00965560000622645,222
w201-heterogeneous-fast,0,0.064,TTFT5.2_TPOT0.3,Legacy-Remaining,0.0010161999962292612,31
w201-heterogeneous-fast,0,0.064,TTFT5.2_TPOT0.3,Raw-Full,0.0010553000029176474,32
w201-heterogeneous-fast,0,0.064,TTFT5.2_TPOT0.3,Raw-Remaining,0.001004899968393147,32
w201-heterogeneous-fast,0,0.064,TTFT5.2_TPOT0.3,Legacy-Full,0.000952600035816431,31
w201-heterogeneous-fast,0,0.064,TTFT5.2_TPOT1.2,Legacy-Remaining,0.0009783999994397163,31
w201-heterogeneous-fast,0,0.064,TTFT5.2_TPOT1.2,Raw-Full,0.0009517999715171754,32
w201-heterogeneous-fast,0,0.064,TTFT5.2_TPOT1.2,Raw-Remaining,0.0010008999961428344,32
w201-heterogeneous-fast,0,0.064,TTFT5.2_TPOT1.2,Legacy-Full,0.0009648000122979283,31
w201-heterogeneous-fast,0,0.064,TTFT5.2_TPOT5,Legacy-Remaining,0.01025580003624782,222
w201-heterogeneous-fast,0,0.064,TTFT5.2_TPOT5,Raw-Full,0.009990599995944649,222
w201-heterogeneous-fast,0,0.064,TTFT5.2_TPOT5,Raw-Remaining,0.009595700015779585,222
w201-heterogeneous-fast,0,0.064,TTFT5.2_TPOT5,Legacy-Full,0.010048800031654537,222
w201-heterogeneous-fast,0,0.064,TTFT5.2_TPOT10,Legacy-Remaining,0.009890599991194904,222
w201-heterogeneous-fast,0,0.064,TTFT5.2_TPOT10,Raw-Full,0.009735899977385998,222
w201-heterogeneous-fast,0,0.064,TTFT5.2_TPOT10,Raw-Remaining,0.009676899993792176,222
w201-heterogeneous-fast,0,0.064,TTFT5.2_TPOT10,Legacy-Full,0.009773299971129745,222
w201-heterogeneous-fast,1,0.064,TTFT5.2_TPOT0.3,Raw-Full,0.0009310999885201454,31
w201-heterogeneous-fast,1,0.064,TTFT5.2_TPOT0.3,Raw-Remaining,0.0010777999996207654,31
w201-heterogeneous-fast,1,0.064,TTFT5.2_TPOT0.3,Legacy-Full,0.000963500002399087,31
w201-heterogeneous-fast,1,0.064,TTFT5.2_TPOT0.3,Legacy-Remaining,0.000929199974052608,31
w201-heterogeneous-fast,1,0.064,TTFT5.2_TPOT1.2,Raw-Full,0.0009313999908044934,31
w201-heterogeneous-fast,1,0.064,TTFT5.2_TPOT1.2,Raw-Remaining,0.0009665000252425671,31
w201-heterogeneous-fast,1,0.064,TTFT5.2_TPOT1.2,Legacy-Full,0.0010769999935291708,31
w201-heterogeneous-fast,1,0.064,TTFT5.2_TPOT1.2,Legacy-Remaining,0.0009412000072188675,31
w201-heterogeneous-fast,1,0.064,TTFT5.2_TPOT5,Raw-Full,0.00990320002892986,222
w201-heterogeneous-fast,1,0.064,TTFT5.2_TPOT5,Raw-Remaining,0.010160600009839982,222
w201-heterogeneous-fast,1,0.064,TTFT5.2_TPOT5,Legacy-Full,0.010118899983353913,222
w201-heterogeneous-fast,1,0.064,TTFT5.2_TPOT5,Legacy-Remaining,0.010144199943169951,222
w201-heterogeneous-fast,1,0.064,TTFT5.2_TPOT10,Raw-Full,0.010254299966618419,222
w201-heterogeneous-fast,1,0.064,TTFT5.2_TPOT10,Raw-Remaining,0.01005119999172166,222
w201-heterogeneous-fast,1,0.064,TTFT5.2_TPOT10,Legacy-Full,0.010392300027888268,222
w201-heterogeneous-fast,1,0.064,TTFT5.2_TPOT10,Legacy-Remaining,0.010547199985012412,222
w201-heterogeneous-fast,2,0.064,TTFT5.2_TPOT0.3,Raw-Remaining,0.0009547999943606555,31
w201-heterogeneous-fast,2,0.064,TTFT5.2_TPOT0.3,Legacy-Full,0.0009168999968096614,30
w201-heterogeneous-fast,2,0.064,TTFT5.2_TPOT0.3,Legacy-Remaining,0.0011155999964103103,30
w201-heterogeneous-fast,2,0.064,TTFT5.2_TPOT0.3,Raw-Full,0.001009899948257953,31
w201-heterogeneous-fast,2,0.064,TTFT5.2_TPOT1.2,Raw-Remaining,0.000963800004683435,31
w201-heterogeneous-fast,2,0.064,TTFT5.2_TPOT1.2,Legacy-Full,0.000915299984626472,30
w201-heterogeneous-fast,2,0.064,TTFT5.2_TPOT1.2,Legacy-Remaining,0.0009292999748140574,30
w201-heterogeneous-fast,2,0.064,TTFT5.2_TPOT1.2,Raw-Full,0.000972400011960417,31
w201-heterogeneous-fast,2,0.064,TTFT5.2_TPOT5,Raw-Remaining,0.010446000029332936,222
w201-heterogeneous-fast,2,0.064,TTFT5.2_TPOT5,Legacy-Full,0.010455399984493852,222
w201-heterogeneous-fast,2,0.064,TTFT5.2_TPOT5,Legacy-Remaining,0.010492199973668903,222
w201-heterogeneous-fast,2,0.064,TTFT5.2_TPOT5,Raw-Full,0.010051599994767457,222
w201-heterogeneous-fast,2,0.064,TTFT5.2_TPOT10,Raw-Remaining,0.010254999971948564,222
w201-heterogeneous-fast,2,0.064,TTFT5.2_TPOT10,Legacy-Full,0.010197700001299381,222
w201-heterogeneous-fast,2,0.064,TTFT5.2_TPOT10,Legacy-Remaining,0.010423299972899258,222
w201-heterogeneous-fast,2,0.064,TTFT5.2_TPOT10,Raw-Full,0.010479199991095811,222
w201-heterogeneous-fast,-2,0.256,TTFT5.2_TPOT0.3,Legacy-Full,0.00023290002718567848,5
w201-heterogeneous-fast,-2,0.256,TTFT5.2_TPOT0.3,Legacy-Remaining,0.00023149995831772685,5
w201-heterogeneous-fast,-2,0.256,TTFT5.2_TPOT0.3,Raw-Full,0.00023279996821656823,5
w201-heterogeneous-fast,-2,0.256,TTFT5.2_TPOT0.3,Raw-Remaining,0.00022690003970637918,5
w201-heterogeneous-fast,-2,0.256,TTFT5.2_TPOT1.2,Legacy-Full,0.00022119999630376697,5
w201-heterogeneous-fast,-2,0.256,TTFT5.2_TPOT1.2,Legacy-Remaining,0.0002544999588280916,5
w201-heterogeneous-fast,-2,0.256,TTFT5.2_TPOT1.2,Raw-Full,0.0002432999899610877,5
w201-heterogeneous-fast,-2,0.256,TTFT5.2_TPOT1.2,Raw-Remaining,0.0002381000085733831,5
w201-heterogeneous-fast,-2,0.256,TTFT5.2_TPOT5,Legacy-Full,0.02044480002950877,222
w201-heterogeneous-fast,-2,0.256,TTFT5.2_TPOT5,Legacy-Remaining,0.019396400020923465,222
w201-heterogeneous-fast,-2,0.256,TTFT5.2_TPOT5,Raw-Full,0.018869200022891164,222
w201-heterogeneous-fast,-2,0.256,TTFT5.2_TPOT5,Raw-Remaining,0.01979440002469346,222
w201-heterogeneous-fast,-2,0.256,TTFT5.2_TPOT10,Legacy-Full,0.020202300045639277,222
w201-heterogeneous-fast,-2,0.256,TTFT5.2_TPOT10,Legacy-Remaining,0.020243599952664226,222
w201-heterogeneous-fast,-2,0.256,TTFT5.2_TPOT10,Raw-Full,0.0195584999746643,222
w201-heterogeneous-fast,-2,0.256,TTFT5.2_TPOT10,Raw-Remaining,0.0199066000059247,222
w201-heterogeneous-fast,-1,0.256,TTFT5.2_TPOT0.3,Legacy-Remaining,0.0002595999976620078,5
w201-heterogeneous-fast,-1,0.256,TTFT5.2_TPOT0.3,Raw-Full,0.0002326999674551189,5
w201-heterogeneous-fast,-1,0.256,TTFT5.2_TPOT0.3,Raw-Remaining,0.0002443999983370304,5
w201-heterogeneous-fast,-1,0.256,TTFT5.2_TPOT0.3,Legacy-Full,0.000347500026691705,5
w201-heterogeneous-fast,-1,0.256,TTFT5.2_TPOT1.2,Legacy-Remaining,0.0002305000089108944,5
w201-heterogeneous-fast,-1,0.256,TTFT5.2_TPOT1.2,Raw-Full,0.00038330000825226307,5
w201-heterogeneous-fast,-1,0.256,TTFT5.2_TPOT1.2,Raw-Remaining,0.00023700000019744039,5
w201-heterogeneous-fast,-1,0.256,TTFT5.2_TPOT1.2,Legacy-Full,0.00021810003090649843,5
w201-heterogeneous-fast,-1,0.256,TTFT5.2_TPOT5,Legacy-Remaining,0.020555399998556823,222
w201-heterogeneous-fast,-1,0.256,TTFT5.2_TPOT5,Raw-Full,0.019838000007439405,222
w201-heterogeneous-fast,-1,0.256,TTFT5.2_TPOT5,Raw-Remaining,0.02080040000146255,222
w201-heterogeneous-fast,-1,0.256,TTFT5.2_TPOT5,Legacy-Full,0.020770999952219427,222
w201-heterogeneous-fast,-1,0.256,TTFT5.2_TPOT10,Legacy-Remaining,0.020706299983430654,222
w201-heterogeneous-fast,-1,0.256,TTFT5.2_TPOT10,Raw-Full,0.02002820000052452,222
w201-heterogeneous-fast,-1,0.256,TTFT5.2_TPOT10,Raw-Remaining,0.020433099998626858,222
w201-heterogeneous-fast,-1,0.256,TTFT5.2_TPOT10,Legacy-Full,0.020506099972408265,222
w201-heterogeneous-fast,0,0.256,TTFT5.2_TPOT0.3,Raw-Full,0.00023149995831772685,5
w201-heterogeneous-fast,0,0.256,TTFT5.2_TPOT0.3,Raw-Remaining,0.00026670005172491074,5
w201-heterogeneous-fast,0,0.256,TTFT5.2_TPOT0.3,Legacy-Full,0.0002334999735467136,5
w201-heterogeneous-fast,0,0.256,TTFT5.2_TPOT0.3,Legacy-Remaining,0.00022630003513768315,5
w201-heterogeneous-fast,0,0.256,TTFT5.2_TPOT1.2,Raw-Full,0.0002169999643228948,5
w201-heterogeneous-fast,0,0.256,TTFT5.2_TPOT1.2,Raw-Remaining,0.00022720004199072719,5
w201-heterogeneous-fast,0,0.256,TTFT5.2_TPOT1.2,Legacy-Full,0.00023629999486729503,5
w201-heterogeneous-fast,0,0.256,TTFT5.2_TPOT1.2,Legacy-Remaining,0.00022550002904608846,5
w201-heterogeneous-fast,0,0.256,TTFT5.2_TPOT5,Raw-Full,0.020092299964744598,222
w201-heterogeneous-fast,0,0.256,TTFT5.2_TPOT5,Raw-Remaining,0.02043590001994744,222
w201-heterogeneous-fast,0,0.256,TTFT5.2_TPOT5,Legacy-Full,0.02058109996141866,222
w201-heterogeneous-fast,0,0.256,TTFT5.2_TPOT5,Legacy-Remaining,0.020402900001499802,222
w201-heterogeneous-fast,0,0.256,TTFT5.2_TPOT10,Raw-Full,0.019843999994918704,222
w201-heterogeneous-fast,0,0.256,TTFT5.2_TPOT10,Raw-Remaining,0.020448099996428937,222
w201-heterogeneous-fast,0,0.256,TTFT5.2_TPOT10,Legacy-Full,0.020344099961221218,222
w201-heterogeneous-fast,0,0.256,TTFT5.2_TPOT10,Legacy-Remaining,0.020498800033237785,222
w201-heterogeneous-fast,1,0.256,TTFT5.2_TPOT0.3,Raw-Remaining,0.00026030000299215317,5
w201-heterogeneous-fast,1,0.256,TTFT5.2_TPOT0.3,Legacy-Full,0.00024180003674700856,5
w201-heterogeneous-fast,1,0.256,TTFT5.2_TPOT0.3,Legacy-Remaining,0.0002511999919079244,5
w201-heterogeneous-fast,1,0.256,TTFT5.2_TPOT0.3,Raw-Full,0.00022410001838579774,5
w201-heterogeneous-fast,1,0.256,TTFT5.2_TPOT1.2,Raw-Remaining,0.00024269998539239168,5
w201-heterogeneous-fast,1,0.256,TTFT5.2_TPOT1.2,Legacy-Full,0.0002240000176243484,5
w201-heterogeneous-fast,1,0.256,TTFT5.2_TPOT1.2,Legacy-Remaining,0.00023230002261698246,5
w201-heterogeneous-fast,1,0.256,TTFT5.2_TPOT1.2,Raw-Full,0.00022500002523884177,5
w201-heterogeneous-fast,1,0.256,TTFT5.2_TPOT5,Raw-Remaining,0.020092500024475157,222
w201-heterogeneous-fast,1,0.256,TTFT5.2_TPOT5,Legacy-Full,0.020188599999528378,222
w201-heterogeneous-fast,1,0.256,TTFT5.2_TPOT5,Legacy-Remaining,0.021207299956586212,222
w201-heterogeneous-fast,1,0.256,TTFT5.2_TPOT5,Raw-Full,0.020348899997770786,222
w201-heterogeneous-fast,1,0.256,TTFT5.2_TPOT10,Raw-Remaining,0.02018550003413111,222
w201-heterogeneous-fast,1,0.256,TTFT5.2_TPOT10,Legacy-Full,0.020995200029574335,222
w201-heterogeneous-fast,1,0.256,TTFT5.2_TPOT10,Legacy-Remaining,0.02056319999974221,222
w201-heterogeneous-fast,1,0.256,TTFT5.2_TPOT10,Raw-Full,0.02036289998795837,222
w201-heterogeneous-fast,2,0.256,TTFT5.2_TPOT0.3,Legacy-Full,0.00023880001390352845,5
w201-heterogeneous-fast,2,0.256,TTFT5.2_TPOT0.3,Legacy-Remaining,0.0002729000407271087,5
w201-heterogeneous-fast,2,0.256,TTFT5.2_TPOT0.3,Raw-Full,0.00027870002668350935,5
w201-heterogeneous-fast,2,0.256,TTFT5.2_TPOT0.3,Raw-Remaining,0.0002542000147514045,5
w201-heterogeneous-fast,2,0.256,TTFT5.2_TPOT1.2,Legacy-Full,0.00021920003928244114,5
w201-heterogeneous-fast,2,0.256,TTFT5.2_TPOT1.2,Legacy-Remaining,0.0002468999591656029,5
w201-heterogeneous-fast,2,0.256,TTFT5.2_TPOT1.2,Raw-Full,0.0002607000060379505,5
w201-heterogeneous-fast,2,0.256,TTFT5.2_TPOT1.2,Raw-Remaining,0.0002277999883517623,5
w201-heterogeneous-fast,2,0.256,TTFT5.2_TPOT5,Legacy-Full,0.02056779997656122,222
w201-heterogeneous-fast,2,0.256,TTFT5.2_TPOT5,Legacy-Remaining,0.020480999955907464,222
w201-heterogeneous-fast,2,0.256,TTFT5.2_TPOT5,Raw-Full,0.020799099991563708,222
w201-heterogeneous-fast,2,0.256,TTFT5.2_TPOT5,Raw-Remaining,0.020375899970531464,222
w201-heterogeneous-fast,2,0.256,TTFT5.2_TPOT10,Legacy-Full,0.020648200006689876,222
w201-heterogeneous-fast,2,0.256,TTFT5.2_TPOT10,Legacy-Remaining,0.02130679995752871,222
w201-heterogeneous-fast,2,0.256,TTFT5.2_TPOT10,Raw-Full,0.020310299994889647,222
w201-heterogeneous-fast,2,0.256,TTFT5.2_TPOT10,Raw-Remaining,0.020664500014390796,222
w201-heterogeneous-fast,-2,1.024,TTFT5.2_TPOT0.3,Legacy-Remaining,0.0002454999485053122,3
w201-heterogeneous-fast,-2,1.024,TTFT5.2_TPOT0.3,Raw-Full,0.0001838000025600195,3
w201-heterogeneous-fast,-2,1.024,TTFT5.2_TPOT0.3,Raw-Remaining,0.00019979994976893067,3
w201-heterogeneous-fast,-2,1.024,TTFT5.2_TPOT0.3,Legacy-Full,0.00019130000146105886,3
w201-heterogeneous-fast,-2,1.024,TTFT5.2_TPOT1.2,Legacy-Remaining,0.00018500001169741154,3
w201-heterogeneous-fast,-2,1.024,TTFT5.2_TPOT1.2,Raw-Full,0.0001713000237941742,3
w201-heterogeneous-fast,-2,1.024,TTFT5.2_TPOT1.2,Raw-Remaining,0.00017409998690709472,3
w201-heterogeneous-fast,-2,1.024,TTFT5.2_TPOT1.2,Legacy-Full,0.0001750999945215881,3
w201-heterogeneous-fast,-2,1.024,TTFT5.2_TPOT5,Legacy-Remaining,0.030661400000099093,222
w201-heterogeneous-fast,-2,1.024,TTFT5.2_TPOT5,Raw-Full,0.006631999975070357,52
w201-heterogeneous-fast,-2,1.024,TTFT5.2_TPOT5,Raw-Remaining,0.029948800045531243,222
w201-heterogeneous-fast,-2,1.024,TTFT5.2_TPOT5,Legacy-Full,0.006836700020357966,52
w201-heterogeneous-fast,-2,1.024,TTFT5.2_TPOT10,Legacy-Remaining,0.029652299999725074,222
w201-heterogeneous-fast,-2,1.024,TTFT5.2_TPOT10,Raw-Full,0.029155800002627075,222
w201-heterogeneous-fast,-2,1.024,TTFT5.2_TPOT10,Raw-Remaining,0.03042029996868223,222
w201-heterogeneous-fast,-2,1.024,TTFT5.2_TPOT10,Legacy-Full,0.029750999994575977,222
w201-heterogeneous-fast,-1,1.024,TTFT5.2_TPOT0.3,Raw-Full,0.00017850002041086555,3
w201-heterogeneous-fast,-1,1.024,TTFT5.2_TPOT0.3,Raw-Remaining,0.00017800001660361886,3
w201-heterogeneous-fast,-1,1.024,TTFT5.2_TPOT0.3,Legacy-Full,0.00017549999756738544,3
w201-heterogeneous-fast,-1,1.024,TTFT5.2_TPOT0.3,Legacy-Remaining,0.00018620002083480358,3
w201-heterogeneous-fast,-1,1.024,TTFT5.2_TPOT1.2,Raw-Full,0.0001669999910518527,3
w201-heterogeneous-fast,-1,1.024,TTFT5.2_TPOT1.2,Raw-Remaining,0.00017660000594332814,3
w201-heterogeneous-fast,-1,1.024,TTFT5.2_TPOT1.2,Legacy-Full,0.0001721000298857689,3
w201-heterogeneous-fast,-1,1.024,TTFT5.2_TPOT1.2,Legacy-Remaining,0.0001762000028975308,3
w201-heterogeneous-fast,-1,1.024,TTFT5.2_TPOT5,Raw-Full,0.030042200000025332,222
w201-heterogeneous-fast,-1,1.024,TTFT5.2_TPOT5,Raw-Remaining,0.029899800021667033,222
w201-heterogeneous-fast,-1,1.024,TTFT5.2_TPOT5,Legacy-Full,0.0308336999733001,222
w201-heterogeneous-fast,-1,1.024,TTFT5.2_TPOT5,Legacy-Remaining,0.029727399989496917,222
w201-heterogeneous-fast,-1,1.024,TTFT5.2_TPOT10,Raw-Full,0.029508300009183586,222
w201-heterogeneous-fast,-1,1.024,TTFT5.2_TPOT10,Raw-Remaining,0.029549899976700544,222
w201-heterogeneous-fast,-1,1.024,TTFT5.2_TPOT10,Legacy-Full,0.03005570004461333,222
w201-heterogeneous-fast,-1,1.024,TTFT5.2_TPOT10,Legacy-Remaining,0.03000400000018999,222
w201-heterogeneous-fast,0,1.024,TTFT5.2_TPOT0.3,Raw-Remaining,0.00018229999113827944,3
w201-heterogeneous-fast,0,1.024,TTFT5.2_TPOT0.3,Legacy-Full,0.0001724000321701169,3
w201-heterogeneous-fast,0,1.024,TTFT5.2_TPOT0.3,Legacy-Remaining,0.00017579999985173345,3
w201-heterogeneous-fast,0,1.024,TTFT5.2_TPOT0.3,Raw-Full,0.00017750001279637218,3
w201-heterogeneous-fast,0,1.024,TTFT5.2_TPOT1.2,Raw-Remaining,0.00017490005120635033,3
w201-heterogeneous-fast,0,1.024,TTFT5.2_TPOT1.2,Legacy-Full,0.00028139998903498054,3
w201-heterogeneous-fast,0,1.024,TTFT5.2_TPOT1.2,Legacy-Remaining,0.00017630000365898013,3
w201-heterogeneous-fast,0,1.024,TTFT5.2_TPOT1.2,Raw-Full,0.00016870000399649143,3
w201-heterogeneous-fast,0,1.024,TTFT5.2_TPOT5,Raw-Remaining,0.02974189998349175,222
w201-heterogeneous-fast,0,1.024,TTFT5.2_TPOT5,Legacy-Full,0.029943800007458776,222
w201-heterogeneous-fast,0,1.024,TTFT5.2_TPOT5,Legacy-Remaining,0.029892100021243095,222
w201-heterogeneous-fast,0,1.024,TTFT5.2_TPOT5,Raw-Full,0.030370799999218434,222
w201-heterogeneous-fast,0,1.024,TTFT5.2_TPOT10,Raw-Remaining,0.029436099983286113,222
w201-heterogeneous-fast,0,1.024,TTFT5.2_TPOT10,Legacy-Full,0.030674600042402744,222
w201-heterogeneous-fast,0,1.024,TTFT5.2_TPOT10,Legacy-Remaining,0.029786499973852187,222
w201-heterogeneous-fast,0,1.024,TTFT5.2_TPOT10,Raw-Full,0.02988540002843365,222
w201-heterogeneous-fast,1,1.024,TTFT5.2_TPOT0.3,Legacy-Full,0.00018989999080076814,3
w201-heterogeneous-fast,1,1.024,TTFT5.2_TPOT0.3,Legacy-Remaining,0.00017830001888796687,3
w201-heterogeneous-fast,1,1.024,TTFT5.2_TPOT0.3,Raw-Full,0.00017469999147579074,3
w201-heterogeneous-fast,1,1.024,TTFT5.2_TPOT0.3,Raw-Remaining,0.0001756999990902841,3
w201-heterogeneous-fast,1,1.024,TTFT5.2_TPOT1.2,Legacy-Full,0.0001667000469751656,3
w201-heterogeneous-fast,1,1.024,TTFT5.2_TPOT1.2,Legacy-Remaining,0.00016990001313388348,3
w201-heterogeneous-fast,1,1.024,TTFT5.2_TPOT1.2,Raw-Full,0.00016270001651719213,3
w201-heterogeneous-fast,1,1.024,TTFT5.2_TPOT1.2,Raw-Remaining,0.00018019997514784336,3
w201-heterogeneous-fast,1,1.024,TTFT5.2_TPOT5,Legacy-Full,0.03041760000633076,222
w201-heterogeneous-fast,1,1.024,TTFT5.2_TPOT5,Legacy-Remaining,0.030187999946065247,222
w201-heterogeneous-fast,1,1.024,TTFT5.2_TPOT5,Raw-Full,0.030114600027445704,222
w201-heterogeneous-fast,1,1.024,TTFT5.2_TPOT5,Raw-Remaining,0.030107300030067563,222
w201-heterogeneous-fast,1,1.024,TTFT5.2_TPOT10,Legacy-Full,0.0309465000173077,222
w201-heterogeneous-fast,1,1.024,TTFT5.2_TPOT10,Legacy-Remaining,0.029858199995942414,222
w201-heterogeneous-fast,1,1.024,TTFT5.2_TPOT10,Raw-Full,0.03020979999564588,222
w201-heterogeneous-fast,1,1.024,TTFT5.2_TPOT10,Raw-Remaining,0.029810500040184706,222
w201-heterogeneous-fast,2,1.024,TTFT5.2_TPOT0.3,Legacy-Remaining,0.0002647999790497124,3
w201-heterogeneous-fast,2,1.024,TTFT5.2_TPOT0.3,Raw-Full,0.00017449998995289207,3
w201-heterogeneous-fast,2,1.024,TTFT5.2_TPOT0.3,Raw-Remaining,0.00018309999722987413,3
w201-heterogeneous-fast,2,1.024,TTFT5.2_TPOT0.3,Legacy-Full,0.00016630004392936826,3
w201-heterogeneous-fast,2,1.024,TTFT5.2_TPOT1.2,Legacy-Remaining,0.00017590000061318278,3
w201-heterogeneous-fast,2,1.024,TTFT5.2_TPOT1.2,Raw-Full,0.00016739999409765005,3
w201-heterogeneous-fast,2,1.024,TTFT5.2_TPOT1.2,Raw-Remaining,0.00016820000018924475,3
w201-heterogeneous-fast,2,1.024,TTFT5.2_TPOT1.2,Legacy-Full,0.00032729998929426074,3
w201-heterogeneous-fast,2,1.024,TTFT5.2_TPOT5,Legacy-Remaining,0.029988900001626462,222
w201-heterogeneous-fast,2,1.024,TTFT5.2_TPOT5,Raw-Full,0.030736399989109486,222
w201-heterogeneous-fast,2,1.024,TTFT5.2_TPOT5,Raw-Remaining,0.030283399973995984,222
w201-heterogeneous-fast,2,1.024,TTFT5.2_TPOT5,Legacy-Full,0.0316410000086762,222
w201-heterogeneous-fast,2,1.024,TTFT5.2_TPOT10,Legacy-Remaining,0.031170400034170598,222
w201-heterogeneous-fast,2,1.024,TTFT5.2_TPOT10,Raw-Full,0.031148200039751828,222
w201-heterogeneous-fast,2,1.024,TTFT5.2_TPOT10,Raw-Remaining,0.030342499958351254,222
w201-heterogeneous-fast,2,1.024,TTFT5.2_TPOT10,Legacy-Full,0.03071369999088347,222
w201-heterogeneous-fast,-2,4.096,TTFT5.2_TPOT0.3,Raw-Full,0.00039110000943765044,6
w201-heterogeneous-fast,-2,4.096,TTFT5.2_TPOT0.3,Raw-Remaining,0.00039080000715330243,6
w201-heterogeneous-fast,-2,4.096,TTFT5.2_TPOT0.3,Legacy-Full,0.0003924000193364918,6
w201-heterogeneous-fast,-2,4.096,TTFT5.2_TPOT0.3,Legacy-Remaining,0.0004020999767817557,6
w201-heterogeneous-fast,-2,4.096,TTFT5.2_TPOT1.2,Raw-Full,0.0003788000321947038,6
w201-heterogeneous-fast,-2,4.096,TTFT5.2_TPOT1.2,Raw-Remaining,0.00039309996645897627,6
w201-heterogeneous-fast,-2,4.096,TTFT5.2_TPOT1.2,Legacy-Full,0.00036890001501888037,6
w201-heterogeneous-fast,-2,4.096,TTFT5.2_TPOT1.2,Legacy-Remaining,0.0003907000063918531,6
w201-heterogeneous-fast,-2,4.096,TTFT5.2_TPOT5,Raw-Full,0.00037650001468136907,6
w201-heterogeneous-fast,-2,4.096,TTFT5.2_TPOT5,Raw-Remaining,0.001800999976694584,17
w201-heterogeneous-fast,-2,4.096,TTFT5.2_TPOT5,Legacy-Full,0.0003847000189125538,6
w201-heterogeneous-fast,-2,4.096,TTFT5.2_TPOT5,Legacy-Remaining,0.0018705999827943742,17
w201-heterogeneous-fast,-2,4.096,TTFT5.2_TPOT10,Raw-Full,0.0019489999976940453,18
w201-heterogeneous-fast,-2,4.096,TTFT5.2_TPOT10,Raw-Remaining,0.034193400002550334,222
w201-heterogeneous-fast,-2,4.096,TTFT5.2_TPOT10,Legacy-Full,0.0019579000072553754,18
w201-heterogeneous-fast,-2,4.096,TTFT5.2_TPOT10,Legacy-Remaining,0.034387400024570525,222
w201-heterogeneous-fast,-1,4.096,TTFT5.2_TPOT0.3,Raw-Remaining,0.0004335999838076532,6
w201-heterogeneous-fast,-1,4.096,TTFT5.2_TPOT0.3,Legacy-Full,0.00038629997288808227,6
w201-heterogeneous-fast,-1,4.096,TTFT5.2_TPOT0.3,Legacy-Remaining,0.00038029998540878296,6
w201-heterogeneous-fast,-1,4.096,TTFT5.2_TPOT0.3,Raw-Full,0.0003771000192500651,6
w201-heterogeneous-fast,-1,4.096,TTFT5.2_TPOT1.2,Raw-Remaining,0.00038599997060373425,6
w201-heterogeneous-fast,-1,4.096,TTFT5.2_TPOT1.2,Legacy-Full,0.00036509998608380556,6
w201-heterogeneous-fast,-1,4.096,TTFT5.2_TPOT1.2,Legacy-Remaining,0.0003871000371873379,6
w201-heterogeneous-fast,-1,4.096,TTFT5.2_TPOT1.2,Raw-Full,0.00036890001501888037,6
w201-heterogeneous-fast,-1,4.096,TTFT5.2_TPOT5,Raw-Remaining,0.0019251000485382974,17
w201-heterogeneous-fast,-1,4.096,TTFT5.2_TPOT5,Legacy-Full,0.0003714999766089022,6
w201-heterogeneous-fast,-1,4.096,TTFT5.2_TPOT5,Legacy-Remaining,0.00179870001738891,17
w201-heterogeneous-fast,-1,4.096,TTFT5.2_TPOT5,Raw-Full,0.00037029996747151017,6
w201-heterogeneous-fast,-1,4.096,TTFT5.2_TPOT10,Raw-Remaining,0.03377209999598563,222
w201-heterogeneous-fast,-1,4.096,TTFT5.2_TPOT10,Legacy-Full,0.0018998999730683863,18
w201-heterogeneous-fast,-1,4.096,TTFT5.2_TPOT10,Legacy-Remaining,0.0350417000008747,222
w201-heterogeneous-fast,-1,4.096,TTFT5.2_TPOT10,Raw-Full,0.0021044000168330967,18
w201-heterogeneous-fast,0,4.096,TTFT5.2_TPOT0.3,Legacy-Full,0.000408699968829751,6
w201-heterogeneous-fast,0,4.096,TTFT5.2_TPOT0.3,Legacy-Remaining,0.000388599990401417,6
w201-heterogeneous-fast,0,4.096,TTFT5.2_TPOT0.3,Raw-Full,0.000360800011549145,6
w201-heterogeneous-fast,0,4.096,TTFT5.2_TPOT0.3,Raw-Remaining,0.00038430001586675644,6
w201-heterogeneous-fast,0,4.096,TTFT5.2_TPOT1.2,Legacy-Full,0.000500400026794523,6
w201-heterogeneous-fast,0,4.096,TTFT5.2_TPOT1.2,Legacy-Remaining,0.00038049998693168163,6
w201-heterogeneous-fast,0,4.096,TTFT5.2_TPOT1.2,Raw-Full,0.0003578999894671142,6
w201-heterogeneous-fast,0,4.096,TTFT5.2_TPOT1.2,Raw-Remaining,0.0003912000101990998,6
w201-heterogeneous-fast,0,4.096,TTFT5.2_TPOT5,Legacy-Full,0.0003638999769464135,6
w201-heterogeneous-fast,0,4.096,TTFT5.2_TPOT5,Legacy-Remaining,0.0017576999962329865,17
w201-heterogeneous-fast,0,4.096,TTFT5.2_TPOT5,Raw-Full,0.00036400003591552377,6
w201-heterogeneous-fast,0,4.096,TTFT5.2_TPOT5,Raw-Remaining,0.0018127000075764954,17
w201-heterogeneous-fast,0,4.096,TTFT5.2_TPOT10,Legacy-Full,0.0025707000168040395,20
w201-heterogeneous-fast,0,4.096,TTFT5.2_TPOT10,Legacy-Remaining,0.03516189998481423,222
w201-heterogeneous-fast,0,4.096,TTFT5.2_TPOT10,Raw-Full,0.002444299985654652,20
w201-heterogeneous-fast,0,4.096,TTFT5.2_TPOT10,Raw-Remaining,0.03445199999259785,222
w201-heterogeneous-fast,1,4.096,TTFT5.2_TPOT0.3,Legacy-Remaining,0.0003969999961555004,6
w201-heterogeneous-fast,1,4.096,TTFT5.2_TPOT0.3,Raw-Full,0.0003647000412456691,6
w201-heterogeneous-fast,1,4.096,TTFT5.2_TPOT0.3,Raw-Remaining,0.0003721999819390476,6
w201-heterogeneous-fast,1,4.096,TTFT5.2_TPOT0.3,Legacy-Full,0.00036750000435858965,6
w201-heterogeneous-fast,1,4.096,TTFT5.2_TPOT1.2,Legacy-Remaining,0.0003823000006377697,6
w201-heterogeneous-fast,1,4.096,TTFT5.2_TPOT1.2,Raw-Full,0.0003779000253416598,6
w201-heterogeneous-fast,1,4.096,TTFT5.2_TPOT1.2,Raw-Remaining,0.0004450000124052167,6
w201-heterogeneous-fast,1,4.096,TTFT5.2_TPOT1.2,Legacy-Full,0.00038680003490298986,6
w201-heterogeneous-fast,1,4.096,TTFT5.2_TPOT5,Legacy-Remaining,0.0018291000160388649,17
w201-heterogeneous-fast,1,4.096,TTFT5.2_TPOT5,Raw-Full,0.0003902000025846064,6
w201-heterogeneous-fast,1,4.096,TTFT5.2_TPOT5,Raw-Remaining,0.0017732999986037612,17
w201-heterogeneous-fast,1,4.096,TTFT5.2_TPOT5,Legacy-Full,0.0003929000231437385,6
w201-heterogeneous-fast,1,4.096,TTFT5.2_TPOT10,Legacy-Remaining,0.034459999995306134,222
w201-heterogeneous-fast,1,4.096,TTFT5.2_TPOT10,Raw-Full,0.0024701000074855983,20
w201-heterogeneous-fast,1,4.096,TTFT5.2_TPOT10,Raw-Remaining,0.034230200049933046,222
w201-heterogeneous-fast,1,4.096,TTFT5.2_TPOT10,Legacy-Full,0.0023376999888569117,20
w201-heterogeneous-fast,2,4.096,TTFT5.2_TPOT0.3,Raw-Full,0.0003951000398956239,6
w201-heterogeneous-fast,2,4.096,TTFT5.2_TPOT0.3,Raw-Remaining,0.00040710001485422254,6
w201-heterogeneous-fast,2,4.096,TTFT5.2_TPOT0.3,Legacy-Full,0.0003635999746620655,6
w201-heterogeneous-fast,2,4.096,TTFT5.2_TPOT0.3,Legacy-Remaining,0.00038790004327893257,6
w201-heterogeneous-fast,2,4.096,TTFT5.2_TPOT1.2,Raw-Full,0.00035689998185262084,6
w201-heterogeneous-fast,2,4.096,TTFT5.2_TPOT1.2,Raw-Remaining,0.00037020002491772175,6
w201-heterogeneous-fast,2,4.096,TTFT5.2_TPOT1.2,Legacy-Full,0.00036880001425743103,6
w201-heterogeneous-fast,2,4.096,TTFT5.2_TPOT1.2,Legacy-Remaining,0.0003800999838858843,6
w201-heterogeneous-fast,2,4.096,TTFT5.2_TPOT5,Raw-Full,0.00035719998413696885,6
w201-heterogeneous-fast,2,4.096,TTFT5.2_TPOT5,Raw-Remaining,0.0017752000130712986,17
w201-heterogeneous-fast,2,4.096,TTFT5.2_TPOT5,Legacy-Full,0.00036150001687929034,6
w201-heterogeneous-fast,2,4.096,TTFT5.2_TPOT5,Legacy-Remaining,0.0022228999878279865,17
w201-heterogeneous-fast,2,4.096,TTFT5.2_TPOT10,Raw-Full,0.0025343000306747854,21
w201-heterogeneous-fast,2,4.096,TTFT5.2_TPOT10,Raw-Remaining,0.03415510000195354,222
w201-heterogeneous-fast,2,4.096,TTFT5.2_TPOT10,Legacy-Full,0.0025483000208623707,21
w201-heterogeneous-fast,2,4.096,TTFT5.2_TPOT10,Legacy-Remaining,0.03431090002413839,222
w201-heterogeneous-fast,-2,16.384,TTFT5.2_TPOT0.3,Raw-Remaining,0.0009695999906398356,10
w201-heterogeneous-fast,-2,16.384,TTFT5.2_TPOT0.3,Legacy-Full,0.0009874000097624958,10
w201-heterogeneous-fast,-2,16.384,TTFT5.2_TPOT0.3,Legacy-Remaining,0.0008348000119440258,10
w201-heterogeneous-fast,-2,16.384,TTFT5.2_TPOT0.3,Raw-Full,0.0008066999725997448,10
w201-heterogeneous-fast,-2,16.384,TTFT5.2_TPOT1.2,Raw-Remaining,0.0008210000232793391,10
w201-heterogeneous-fast,-2,16.384,TTFT5.2_TPOT1.2,Legacy-Full,0.0008516000234521925,10
w201-heterogeneous-fast,-2,16.384,TTFT5.2_TPOT1.2,Legacy-Remaining,0.0008145000319927931,10
w201-heterogeneous-fast,-2,16.384,TTFT5.2_TPOT1.2,Raw-Full,0.0007678000256419182,10
w201-heterogeneous-fast,-2,16.384,TTFT5.2_TPOT5,Raw-Remaining,0.0009267000132240355,10
w201-heterogeneous-fast,-2,16.384,TTFT5.2_TPOT5,Legacy-Full,0.0007813000120222569,10
w201-heterogeneous-fast,-2,16.384,TTFT5.2_TPOT5,Legacy-Remaining,0.0008502000127919018,10
w201-heterogeneous-fast,-2,16.384,TTFT5.2_TPOT5,Raw-Full,0.0007926999824121594,10
w201-heterogeneous-fast,-2,16.384,TTFT5.2_TPOT10,Raw-Remaining,0.0008160999859683216,10
w201-heterogeneous-fast,-2,16.384,TTFT5.2_TPOT10,Legacy-Full,0.0007798000006005168,10
w201-heterogeneous-fast,-2,16.384,TTFT5.2_TPOT10,Legacy-Remaining,0.001026200014166534,10
w201-heterogeneous-fast,-2,16.384,TTFT5.2_TPOT10,Raw-Full,0.0007831999682821333,10
w201-heterogeneous-fast,-1,16.384,TTFT5.2_TPOT0.3,Legacy-Full,0.0008085999870672822,10
w201-heterogeneous-fast,-1,16.384,TTFT5.2_TPOT0.3,Legacy-Remaining,0.0008219999726861715,10
w201-heterogeneous-fast,-1,16.384,TTFT5.2_TPOT0.3,Raw-Full,0.0008325000526383519,10
w201-heterogeneous-fast,-1,16.384,TTFT5.2_TPOT0.3,Raw-Remaining,0.0009535999852232635,10
w201-heterogeneous-fast,-1,16.384,TTFT5.2_TPOT1.2,Legacy-Full,0.0008894999627955258,10
w201-heterogeneous-fast,-1,16.384,TTFT5.2_TPOT1.2,Legacy-Remaining,0.0008314000442624092,10
w201-heterogeneous-fast,-1,16.384,TTFT5.2_TPOT1.2,Raw-Full,0.0007903000223450363,10
w201-heterogeneous-fast,-1,16.384,TTFT5.2_TPOT1.2,Raw-Remaining,0.000851699966005981,10
w201-heterogeneous-fast,-1,16.384,TTFT5.2_TPOT5,Legacy-Full,0.0007723000016994774,10
w201-heterogeneous-fast,-1,16.384,TTFT5.2_TPOT5,Legacy-Remaining,0.0009272000170312822,10
w201-heterogeneous-fast,-1,16.384,TTFT5.2_TPOT5,Raw-Full,0.0009403000003658235,10
w201-heterogeneous-fast,-1,16.384,TTFT5.2_TPOT5,Raw-Remaining,0.000950200017541647,10
w201-heterogeneous-fast,-1,16.384,TTFT5.2_TPOT10,Legacy-Full,0.0008010999881662428,10
w201-heterogeneous-fast,-1,16.384,TTFT5.2_TPOT10,Legacy-Remaining,0.0008096999954432249,10
w201-heterogeneous-fast,-1,16.384,TTFT5.2_TPOT10,Raw-Full,0.0007692999788559973,10
w201-heterogeneous-fast,-1,16.384,TTFT5.2_TPOT10,Raw-Remaining,0.0008882000111043453,10
w201-heterogeneous-fast,0,16.384,TTFT5.2_TPOT0.3,Legacy-Remaining,0.0008203999605029821,10
w201-heterogeneous-fast,0,16.384,TTFT5.2_TPOT0.3,Raw-Full,0.0007798000006005168,10
w201-heterogeneous-fast,0,16.384,TTFT5.2_TPOT0.3,Raw-Remaining,0.0008201999589800835,10
w201-heterogeneous-fast,0,16.384,TTFT5.2_TPOT0.3,Legacy-Full,0.0007994999759830534,10
w201-heterogeneous-fast,0,16.384,TTFT5.2_TPOT1.2,Legacy-Remaining,0.000798500026576221,10
w201-heterogeneous-fast,0,16.384,TTFT5.2_TPOT1.2,Raw-Full,0.0008010999881662428,10
w201-heterogeneous-fast,0,16.384,TTFT5.2_TPOT1.2,Raw-Remaining,0.0008285000221803784,10
w201-heterogeneous-fast,0,16.384,TTFT5.2_TPOT1.2,Legacy-Full,0.0008093000506050885,10
w201-heterogeneous-fast,0,16.384,TTFT5.2_TPOT5,Legacy-Remaining,0.0008364999666810036,10
w201-heterogeneous-fast,0,16.384,TTFT5.2_TPOT5,Raw-Full,0.0007789999945089221,10
w201-heterogeneous-fast,0,16.384,TTFT5.2_TPOT5,Raw-Remaining,0.0008259000023826957,10
w201-heterogeneous-fast,0,16.384,TTFT5.2_TPOT5,Legacy-Full,0.0008066000300459564,10
w201-heterogeneous-fast,0,16.384,TTFT5.2_TPOT10,Legacy-Remaining,0.0008111000061035156,10
w201-heterogeneous-fast,0,16.384,TTFT5.2_TPOT10,Raw-Full,0.0007794999983161688,10
w201-heterogeneous-fast,0,16.384,TTFT5.2_TPOT10,Raw-Remaining,0.0008124999585561454,10
w201-heterogeneous-fast,0,16.384,TTFT5.2_TPOT10,Legacy-Full,0.0007832999690435827,10
w201-heterogeneous-fast,1,16.384,TTFT5.2_TPOT0.3,Raw-Full,0.000798200024291873,10
w201-heterogeneous-fast,1,16.384,TTFT5.2_TPOT0.3,Raw-Remaining,0.0008114000083878636,10
w201-heterogeneous-fast,1,16.384,TTFT5.2_TPOT0.3,Legacy-Full,0.0007777999853715301,10
w201-heterogeneous-fast,1,16.384,TTFT5.2_TPOT0.3,Legacy-Remaining,0.000798500026576221,10
w201-heterogeneous-fast,1,16.384,TTFT5.2_TPOT1.2,Raw-Full,0.0008746000239625573,10
w201-heterogeneous-fast,1,16.384,TTFT5.2_TPOT1.2,Raw-Remaining,0.0008651000098325312,10
w201-heterogeneous-fast,1,16.384,TTFT5.2_TPOT1.2,Legacy-Full,0.0008614999824203551,10
w201-heterogeneous-fast,1,16.384,TTFT5.2_TPOT1.2,Legacy-Remaining,0.0008196000126190484,10
w201-heterogeneous-fast,1,16.384,TTFT5.2_TPOT5,Raw-Full,0.0007777999853715301,10
w201-heterogeneous-fast,1,16.384,TTFT5.2_TPOT5,Raw-Remaining,0.0008098000544123352,10
w201-heterogeneous-fast,1,16.384,TTFT5.2_TPOT5,Legacy-Full,0.0007663000142201781,10
w201-heterogeneous-fast,1,16.384,TTFT5.2_TPOT5,Legacy-Remaining,0.0008108000038191676,10
w201-heterogeneous-fast,1,16.384,TTFT5.2_TPOT10,Raw-Full,0.0007815000135451555,10
w201-heterogeneous-fast,1,16.384,TTFT5.2_TPOT10,Raw-Remaining,0.0008625999907962978,10
w201-heterogeneous-fast,1,16.384,TTFT5.2_TPOT10,Legacy-Full,0.0007831999682821333,10
w201-heterogeneous-fast,1,16.384,TTFT5.2_TPOT10,Legacy-Remaining,0.0008187000057660043,10
w201-heterogeneous-fast,2,16.384,TTFT5.2_TPOT0.3,Raw-Remaining,0.0008431000169366598,10
w201-heterogeneous-fast,2,16.384,TTFT5.2_TPOT0.3,Legacy-Full,0.0009536000434309244,10
w201-heterogeneous-fast,2,16.384,TTFT5.2_TPOT0.3,Legacy-Remaining,0.0008286000229418278,10
w201-heterogeneous-fast,2,16.384,TTFT5.2_TPOT0.3,Raw-Full,0.0008697999874129891,10
w201-heterogeneous-fast,2,16.384,TTFT5.2_TPOT1.2,Raw-Remaining,0.0008148000342771411,10
w201-heterogeneous-fast,2,16.384,TTFT5.2_TPOT1.2,Legacy-Full,0.0007933999877423048,10
w201-heterogeneous-fast,2,16.384,TTFT5.2_TPOT1.2,Legacy-Remaining,0.0008120000129565597,10
w201-heterogeneous-fast,2,16.384,TTFT5.2_TPOT1.2,Raw-Full,0.0007695999811403453,10
w201-heterogeneous-fast,2,16.384,TTFT5.2_TPOT5,Raw-Remaining,0.0008128000190481544,10
w201-heterogeneous-fast,2,16.384,TTFT5.2_TPOT5,Legacy-Full,0.0008148999768309295,10
w201-heterogeneous-fast,2,16.384,TTFT5.2_TPOT5,Legacy-Remaining,0.0008246999932453036,10
w201-heterogeneous-fast,2,16.384,TTFT5.2_TPOT5,Raw-Full,0.0008057000231929123,10
w201-heterogeneous-fast,2,16.384,TTFT5.2_TPOT10,Raw-Remaining,0.0008116000099107623,10
w201-heterogeneous-fast,2,16.384,TTFT5.2_TPOT10,Legacy-Full,0.0007847999804653227,10
w201-heterogeneous-fast,2,16.384,TTFT5.2_TPOT10,Legacy-Remaining,0.000819500011857599,10
w201-heterogeneous-fast,2,16.384,TTFT5.2_TPOT10,Raw-Full,0.0010397000005468726,10
w201-heterogeneous-fast,-2,65.536,TTFT5.2_TPOT0.3,Legacy-Full,0.001449099974706769,14
w201-heterogeneous-fast,-2,65.536,TTFT5.2_TPOT0.3,Legacy-Remaining,0.001409200020134449,14
w201-heterogeneous-fast,-2,65.536,TTFT5.2_TPOT0.3,Raw-Full,0.0014349000412039459,14
w201-heterogeneous-fast,-2,65.536,TTFT5.2_TPOT0.3,Raw-Remaining,0.0014189000357873738,14
w201-heterogeneous-fast,-2,65.536,TTFT5.2_TPOT1.2,Legacy-Full,0.0013787000207230449,14
w201-heterogeneous-fast,-2,65.536,TTFT5.2_TPOT1.2,Legacy-Remaining,0.0014319999609142542,14
w201-heterogeneous-fast,-2,65.536,TTFT5.2_TPOT1.2,Raw-Full,0.0014309000107459724,14
w201-heterogeneous-fast,-2,65.536,TTFT5.2_TPOT1.2,Raw-Remaining,0.0014357000472955406,14
w201-heterogeneous-fast,-2,65.536,TTFT5.2_TPOT5,Legacy-Full,0.0014846999547444284,14
w201-heterogeneous-fast,-2,65.536,TTFT5.2_TPOT5,Legacy-Remaining,0.0014355999883264303,14
w201-heterogeneous-fast,-2,65.536,TTFT5.2_TPOT5,Raw-Full,0.0013967000413686037,14
w201-heterogeneous-fast,-2,65.536,TTFT5.2_TPOT5,Raw-Remaining,0.001413599995430559,14
w201-heterogeneous-fast,-2,65.536,TTFT5.2_TPOT10,Legacy-Full,0.0013800999731756747,14
w201-heterogeneous-fast,-2,65.536,TTFT5.2_TPOT10,Legacy-Remaining,0.0014347000396810472,14
w201-heterogeneous-fast,-2,65.536,TTFT5.2_TPOT10,Raw-Full,0.001401500019710511,14
w201-heterogeneous-fast,-2,65.536,TTFT5.2_TPOT10,Raw-Remaining,0.0014276999863795936,14
w201-heterogeneous-fast,-1,65.536,TTFT5.2_TPOT0.3,Legacy-Remaining,0.0015885999891906977,14
w201-heterogeneous-fast,-1,65.536,TTFT5.2_TPOT0.3,Raw-Full,0.0013732999796047807,14
w201-heterogeneous-fast,-1,65.536,TTFT5.2_TPOT0.3,Raw-Remaining,0.001483400003053248,14
w201-heterogeneous-fast,-1,65.536,TTFT5.2_TPOT0.3,Legacy-Full,0.0014414000324904919,14
w201-heterogeneous-fast,-1,65.536,TTFT5.2_TPOT1.2,Legacy-Remaining,0.0014419000362977386,14
w201-heterogeneous-fast,-1,65.536,TTFT5.2_TPOT1.2,Raw-Full,0.0013569999719038606,14
w201-heterogeneous-fast,-1,65.536,TTFT5.2_TPOT1.2,Raw-Remaining,0.001451199990697205,14
w201-heterogeneous-fast,-1,65.536,TTFT5.2_TPOT1.2,Legacy-Full,0.00138229998992756,14
w201-heterogeneous-fast,-1,65.536,TTFT5.2_TPOT5,Legacy-Remaining,0.0014960000407882035,14
w201-heterogeneous-fast,-1,65.536,TTFT5.2_TPOT5,Raw-Full,0.0019159000366926193,14
w201-heterogeneous-fast,-1,65.536,TTFT5.2_TPOT5,Raw-Remaining,0.0015165999648161232,14
w201-heterogeneous-fast,-1,65.536,TTFT5.2_TPOT5,Legacy-Full,0.0013847000082023442,14
w201-heterogeneous-fast,-1,65.536,TTFT5.2_TPOT10,Legacy-Remaining,0.0014979999978095293,14
w201-heterogeneous-fast,-1,65.536,TTFT5.2_TPOT10,Raw-Full,0.0014491999754682183,14
w201-heterogeneous-fast,-1,65.536,TTFT5.2_TPOT10,Raw-Remaining,0.0014743999927304685,14
w201-heterogeneous-fast,-1,65.536,TTFT5.2_TPOT10,Legacy-Full,0.001400900015141815,14
w201-heterogeneous-fast,0,65.536,TTFT5.2_TPOT0.3,Raw-Full,0.0014464999549090862,14
w201-heterogeneous-fast,0,65.536,TTFT5.2_TPOT0.3,Raw-Remaining,0.0015034000389277935,14
w201-heterogeneous-fast,0,65.536,TTFT5.2_TPOT0.3,Legacy-Full,0.0014058999950066209,14
w201-heterogeneous-fast,0,65.536,TTFT5.2_TPOT0.3,Legacy-Remaining,0.0014777000178582966,14
w201-heterogeneous-fast,0,65.536,TTFT5.2_TPOT1.2,Raw-Full,0.001363899966236204,14
w201-heterogeneous-fast,0,65.536,TTFT5.2_TPOT1.2,Raw-Remaining,0.001424900023266673,14
w201-heterogeneous-fast,0,65.536,TTFT5.2_TPOT1.2,Legacy-Full,0.0013300999999046326,14
w201-heterogeneous-fast,0,65.536,TTFT5.2_TPOT1.2,Legacy-Remaining,0.0014311999548226595,14
w201-heterogeneous-fast,0,65.536,TTFT5.2_TPOT5,Raw-Full,0.001407100004144013,14
w201-heterogeneous-fast,0,65.536,TTFT5.2_TPOT5,Raw-Remaining,0.0014501999830827117,14
w201-heterogeneous-fast,0,65.536,TTFT5.2_TPOT5,Legacy-Full,0.0015451000072062016,14
w201-heterogeneous-fast,0,65.536,TTFT5.2_TPOT5,Legacy-Remaining,0.0014809999847784638,14
w201-heterogeneous-fast,0,65.536,TTFT5.2_TPOT10,Raw-Full,0.0013617000076919794,14
w201-heterogeneous-fast,0,65.536,TTFT5.2_TPOT10,Raw-Remaining,0.0014386000111699104,14
w201-heterogeneous-fast,0,65.536,TTFT5.2_TPOT10,Legacy-Full,0.0013324000174179673,14
w201-heterogeneous-fast,0,65.536,TTFT5.2_TPOT10,Legacy-Remaining,0.0014097000239416957,14
w201-heterogeneous-fast,1,65.536,TTFT5.2_TPOT0.3,Raw-Remaining,0.0014587999903596938,14
w201-heterogeneous-fast,1,65.536,TTFT5.2_TPOT0.3,Legacy-Full,0.001434599980711937,14
w201-heterogeneous-fast,1,65.536,TTFT5.2_TPOT0.3,Legacy-Remaining,0.0014412000309675932,14
w201-heterogeneous-fast,1,65.536,TTFT5.2_TPOT0.3,Raw-Full,0.0016348999924957752,14
w201-heterogeneous-fast,1,65.536,TTFT5.2_TPOT1.2,Raw-Remaining,0.001438500010408461,14
w201-heterogeneous-fast,1,65.536,TTFT5.2_TPOT1.2,Legacy-Full,0.0013502000365406275,14
w201-heterogeneous-fast,1,65.536,TTFT5.2_TPOT1.2,Legacy-Remaining,0.0014022000250406563,14
w201-heterogeneous-fast,1,65.536,TTFT5.2_TPOT1.2,Raw-Full,0.0013778000138700008,14
w201-heterogeneous-fast,1,65.536,TTFT5.2_TPOT5,Raw-Remaining,0.0014723000349476933,14
w201-heterogeneous-fast,1,65.536,TTFT5.2_TPOT5,Legacy-Full,0.001330800005234778,14
w201-heterogeneous-fast,1,65.536,TTFT5.2_TPOT5,Legacy-Remaining,0.0013922000071033835,14
w201-heterogeneous-fast,1,65.536,TTFT5.2_TPOT5,Raw-Full,0.001345900003798306,14
w201-heterogeneous-fast,1,65.536,TTFT5.2_TPOT10,Raw-Remaining,0.001909599988721311,14
w201-heterogeneous-fast,1,65.536,TTFT5.2_TPOT10,Legacy-Full,0.0014700000174343586,14
w201-heterogeneous-fast,1,65.536,TTFT5.2_TPOT10,Legacy-Remaining,0.0015300000086426735,14
w201-heterogeneous-fast,1,65.536,TTFT5.2_TPOT10,Raw-Full,0.0013457000022754073,14
w201-heterogeneous-fast,2,65.536,TTFT5.2_TPOT0.3,Legacy-Full,0.0013900999911129475,14
w201-heterogeneous-fast,2,65.536,TTFT5.2_TPOT0.3,Legacy-Remaining,0.0014209000510163605,14
w201-heterogeneous-fast,2,65.536,TTFT5.2_TPOT0.3,Raw-Full,0.001359500049147755,14
w201-heterogeneous-fast,2,65.536,TTFT5.2_TPOT0.3,Raw-Remaining,0.0014198999851942062,14
w201-heterogeneous-fast,2,65.536,TTFT5.2_TPOT1.2,Legacy-Full,0.0015600999468006194,14
w201-heterogeneous-fast,2,65.536,TTFT5.2_TPOT1.2,Legacy-Remaining,0.001417500025127083,14
w201-heterogeneous-fast,2,65.536,TTFT5.2_TPOT1.2,Raw-Full,0.0013654000358656049,14
w201-heterogeneous-fast,2,65.536,TTFT5.2_TPOT1.2,Raw-Remaining,0.0014580999850295484,14
w201-heterogeneous-fast,2,65.536,TTFT5.2_TPOT5,Legacy-Full,0.00137489999178797,14
w201-heterogeneous-fast,2,65.536,TTFT5.2_TPOT5,Legacy-Remaining,0.001436999998986721,14
w201-heterogeneous-fast,2,65.536,TTFT5.2_TPOT5,Raw-Full,0.0013779000146314502,14
w201-heterogeneous-fast,2,65.536,TTFT5.2_TPOT5,Raw-Remaining,0.001446999958716333,14
w201-heterogeneous-fast,2,65.536,TTFT5.2_TPOT10,Legacy-Full,0.0014152000076137483,14
w201-heterogeneous-fast,2,65.536,TTFT5.2_TPOT10,Legacy-Remaining,0.0015349999885074794,14
w201-heterogeneous-fast,2,65.536,TTFT5.2_TPOT10,Raw-Full,0.0013734999811276793,14
w201-heterogeneous-fast,2,65.536,TTFT5.2_TPOT10,Raw-Remaining,0.001448499970138073,14
w202-heterogeneous-slow,-2,0.001,TTFT5.2_TPOT0.3,Legacy-Full,0.025038400024641305,857
w202-heterogeneous-slow,-2,0.001,TTFT5.2_TPOT0.3,Legacy-Remaining,0.025020200002472848,857
w202-heterogeneous-slow,-2,0.001,TTFT5.2_TPOT0.3,Raw-Full,0.025482900033239275,857
w202-heterogeneous-slow,-2,0.001,TTFT5.2_TPOT0.3,Raw-Remaining,0.02466110000386834,857
w202-heterogeneous-slow,-2,0.001,TTFT5.2_TPOT1.2,Legacy-Full,0.02456769999116659,857
w202-heterogeneous-slow,-2,0.001,TTFT5.2_TPOT1.2,Legacy-Remaining,0.02429059997666627,857
w202-heterogeneous-slow,-2,0.001,TTFT5.2_TPOT1.2,Raw-Full,0.024682499992195517,857
w202-heterogeneous-slow,-2,0.001,TTFT5.2_TPOT1.2,Raw-Remaining,0.024585000006482005,857
w202-heterogeneous-slow,-2,0.001,TTFT5.2_TPOT5,Legacy-Full,0.024086699995677918,857
w202-heterogeneous-slow,-2,0.001,TTFT5.2_TPOT5,Legacy-Remaining,0.025312800018582493,857
w202-heterogeneous-slow,-2,0.001,TTFT5.2_TPOT5,Raw-Full,0.024081000010482967,857
w202-heterogeneous-slow,-2,0.001,TTFT5.2_TPOT5,Raw-Remaining,0.025141899997834116,857
w202-heterogeneous-slow,-2,0.001,TTFT5.2_TPOT10,Legacy-Full,0.0247961999848485,857
w202-heterogeneous-slow,-2,0.001,TTFT5.2_TPOT10,Legacy-Remaining,0.025128899957053363,857
w202-heterogeneous-slow,-2,0.001,TTFT5.2_TPOT10,Raw-Full,0.025307100033387542,857
w202-heterogeneous-slow,-2,0.001,TTFT5.2_TPOT10,Raw-Remaining,0.02440520003437996,857
w202-heterogeneous-slow,-1,0.001,TTFT5.2_TPOT0.3,Legacy-Remaining,0.02536510000936687,857
w202-heterogeneous-slow,-1,0.001,TTFT5.2_TPOT0.3,Raw-Full,0.024611199973151088,857
w202-heterogeneous-slow,-1,0.001,TTFT5.2_TPOT0.3,Raw-Remaining,0.02527759998338297,857
w202-heterogeneous-slow,-1,0.001,TTFT5.2_TPOT0.3,Legacy-Full,0.024211999960243702,857
w202-heterogeneous-slow,-1,0.001,TTFT5.2_TPOT1.2,Legacy-Remaining,0.025918099971022457,857
w202-heterogeneous-slow,-1,0.001,TTFT5.2_TPOT1.2,Raw-Full,0.02492970001185313,857
w202-heterogeneous-slow,-1,0.001,TTFT5.2_TPOT1.2,Raw-Remaining,0.024861699959728867,857
w202-heterogeneous-slow,-1,0.001,TTFT5.2_TPOT1.2,Legacy-Full,0.024693400016985834,857
w202-heterogeneous-slow,-1,0.001,TTFT5.2_TPOT5,Legacy-Remaining,0.025522900046780705,857
w202-heterogeneous-slow,-1,0.001,TTFT5.2_TPOT5,Raw-Full,0.02543330000480637,857
w202-heterogeneous-slow,-1,0.001,TTFT5.2_TPOT5,Raw-Remaining,0.024571700021624565,857
w202-heterogeneous-slow,-1,0.001,TTFT5.2_TPOT5,Legacy-Full,0.025256399996578693,857
w202-heterogeneous-slow,-1,0.001,TTFT5.2_TPOT10,Legacy-Remaining,0.02500490000238642,857
w202-heterogeneous-slow,-1,0.001,TTFT5.2_TPOT10,Raw-Full,0.025001099973451346,857
w202-heterogeneous-slow,-1,0.001,TTFT5.2_TPOT10,Raw-Remaining,0.024707600008696318,857
w202-heterogeneous-slow,-1,0.001,TTFT5.2_TPOT10,Legacy-Full,0.025350700016133487,857
w202-heterogeneous-slow,0,0.001,TTFT5.2_TPOT0.3,Raw-Full,0.02481400000397116,857
w202-heterogeneous-slow,0,0.001,TTFT5.2_TPOT0.3,Raw-Remaining,0.024776200007181615,857
w202-heterogeneous-slow,0,0.001,TTFT5.2_TPOT0.3,Legacy-Full,0.025910100026521832,857
w202-heterogeneous-slow,0,0.001,TTFT5.2_TPOT0.3,Legacy-Remaining,0.02581090002786368,857
w202-heterogeneous-slow,0,0.001,TTFT5.2_TPOT1.2,Raw-Full,0.02444790001027286,857
w202-heterogeneous-slow,0,0.001,TTFT5.2_TPOT1.2,Raw-Remaining,0.024455699953250587,857
w202-heterogeneous-slow,0,0.001,TTFT5.2_TPOT1.2,Legacy-Full,0.024829400004819036,857
w202-heterogeneous-slow,0,0.001,TTFT5.2_TPOT1.2,Legacy-Remaining,0.024473399971611798,857
w202-heterogeneous-slow,0,0.001,TTFT5.2_TPOT5,Raw-Full,0.024743799993302673,857
w202-heterogeneous-slow,0,0.001,TTFT5.2_TPOT5,Raw-Remaining,0.024665199976880103,857
w202-heterogeneous-slow,0,0.001,TTFT5.2_TPOT5,Legacy-Full,0.025397100020200014,857
w202-heterogeneous-slow,0,0.001,TTFT5.2_TPOT5,Legacy-Remaining,0.025619499967433512,857
w202-heterogeneous-slow,0,0.001,TTFT5.2_TPOT10,Raw-Full,0.024829300004057586,857
w202-heterogeneous-slow,0,0.001,TTFT5.2_TPOT10,Raw-Remaining,0.025412900024093688,857
w202-heterogeneous-slow,0,0.001,TTFT5.2_TPOT10,Legacy-Full,0.025315100036095828,857
w202-heterogeneous-slow,0,0.001,TTFT5.2_TPOT10,Legacy-Remaining,0.024969699967186898,857
w202-heterogeneous-slow,1,0.001,TTFT5.2_TPOT0.3,Raw-Remaining,0.02536510000936687,857
w202-heterogeneous-slow,1,0.001,TTFT5.2_TPOT0.3,Legacy-Full,0.025523899996187538,857
w202-heterogeneous-slow,1,0.001,TTFT5.2_TPOT0.3,Legacy-Remaining,0.025088599999435246,857
w202-heterogeneous-slow,1,0.001,TTFT5.2_TPOT0.3,Raw-Full,0.025266500015277416,857
w202-heterogeneous-slow,1,0.001,TTFT5.2_TPOT1.2,Raw-Remaining,0.02517969999462366,857
w202-heterogeneous-slow,1,0.001,TTFT5.2_TPOT1.2,Legacy-Full,0.024603899975772947,857
w202-heterogeneous-slow,1,0.001,TTFT5.2_TPOT1.2,Legacy-Remaining,0.025836999993771315,857
w202-heterogeneous-slow,1,0.001,TTFT5.2_TPOT1.2,Raw-Full,0.02539640001486987,857
w202-heterogeneous-slow,1,0.001,TTFT5.2_TPOT5,Raw-Remaining,0.024614499998278916,857
w202-heterogeneous-slow,1,0.001,TTFT5.2_TPOT5,Legacy-Full,0.024998499953653663,857
w202-heterogeneous-slow,1,0.001,TTFT5.2_TPOT5,Legacy-Remaining,0.0253487000009045,857
w202-heterogeneous-slow,1,0.001,TTFT5.2_TPOT5,Raw-Full,0.02601109998067841,857
w202-heterogeneous-slow,1,0.001,TTFT5.2_TPOT10,Raw-Remaining,0.02642609999747947,857
w202-heterogeneous-slow,1,0.001,TTFT5.2_TPOT10,Legacy-Full,0.02437229995848611,857
w202-heterogeneous-slow,1,0.001,TTFT5.2_TPOT10,Legacy-Remaining,0.02504790003877133,857
w202-heterogeneous-slow,1,0.001,TTFT5.2_TPOT10,Raw-Full,0.024591099994722754,857
w202-heterogeneous-slow,2,0.001,TTFT5.2_TPOT0.3,Legacy-Full,0.025754200003575534,857
w202-heterogeneous-slow,2,0.001,TTFT5.2_TPOT0.3,Legacy-Remaining,0.024747899966314435,857
w202-heterogeneous-slow,2,0.001,TTFT5.2_TPOT0.3,Raw-Full,0.024712299986276776,857
w202-heterogeneous-slow,2,0.001,TTFT5.2_TPOT0.3,Raw-Remaining,0.024546500004362315,857
w202-heterogeneous-slow,2,0.001,TTFT5.2_TPOT1.2,Legacy-Full,0.025039899977855384,857
w202-heterogeneous-slow,2,0.001,TTFT5.2_TPOT1.2,Legacy-Remaining,0.02487159997690469,857
w202-heterogeneous-slow,2,0.001,TTFT5.2_TPOT1.2,Raw-Full,0.02403319999575615,857
w202-heterogeneous-slow,2,0.001,TTFT5.2_TPOT1.2,Raw-Remaining,0.025152400019578636,857
w202-heterogeneous-slow,2,0.001,TTFT5.2_TPOT5,Legacy-Full,0.02517979999538511,857
w202-heterogeneous-slow,2,0.001,TTFT5.2_TPOT5,Legacy-Remaining,0.024956799985375255,857
w202-heterogeneous-slow,2,0.001,TTFT5.2_TPOT5,Raw-Full,0.024629299994558096,857
w202-heterogeneous-slow,2,0.001,TTFT5.2_TPOT5,Raw-Remaining,0.02487020002445206,857
w202-heterogeneous-slow,2,0.001,TTFT5.2_TPOT10,Legacy-Full,0.02480080001987517,857
w202-heterogeneous-slow,2,0.001,TTFT5.2_TPOT10,Legacy-Remaining,0.025385000044479966,857
w202-heterogeneous-slow,2,0.001,TTFT5.2_TPOT10,Raw-Full,0.023842299997340888,857
w202-heterogeneous-slow,2,0.001,TTFT5.2_TPOT10,Raw-Remaining,0.025266699958592653,857
w202-heterogeneous-slow,-2,0.004,TTFT5.2_TPOT0.3,Legacy-Remaining,0.024893700028769672,857
w202-heterogeneous-slow,-2,0.004,TTFT5.2_TPOT0.3,Raw-Full,0.02496810001321137,857
w202-heterogeneous-slow,-2,0.004,TTFT5.2_TPOT0.3,Raw-Remaining,0.0251503000035882,857
w202-heterogeneous-slow,-2,0.004,TTFT5.2_TPOT0.3,Legacy-Full,0.024617599963676184,857
w202-heterogeneous-slow,-2,0.004,TTFT5.2_TPOT1.2,Legacy-Remaining,0.025413599971216172,857
w202-heterogeneous-slow,-2,0.004,TTFT5.2_TPOT1.2,Raw-Full,0.02470559999346733,857
w202-heterogeneous-slow,-2,0.004,TTFT5.2_TPOT1.2,Raw-Remaining,0.02490739995846525,857
w202-heterogeneous-slow,-2,0.004,TTFT5.2_TPOT1.2,Legacy-Full,0.024503500026185066,857
w202-heterogeneous-slow,-2,0.004,TTFT5.2_TPOT5,Legacy-Remaining,0.025150800007395446,857
w202-heterogeneous-slow,-2,0.004,TTFT5.2_TPOT5,Raw-Full,0.02525270002661273,857
w202-heterogeneous-slow,-2,0.004,TTFT5.2_TPOT5,Raw-Remaining,0.02501090004807338,857
w202-heterogeneous-slow,-2,0.004,TTFT5.2_TPOT5,Legacy-Full,0.024881599994841963,857
w202-heterogeneous-slow,-2,0.004,TTFT5.2_TPOT10,Legacy-Remaining,0.02500359999248758,857
w202-heterogeneous-slow,-2,0.004,TTFT5.2_TPOT10,Raw-Full,0.02523169998312369,857
w202-heterogeneous-slow,-2,0.004,TTFT5.2_TPOT10,Raw-Remaining,0.025067499955184758,857
w202-heterogeneous-slow,-2,0.004,TTFT5.2_TPOT10,Legacy-Full,0.024761300010140985,857
w202-heterogeneous-slow,-1,0.004,TTFT5.2_TPOT0.3,Raw-Full,0.025692800001706928,857
w202-heterogeneous-slow,-1,0.004,TTFT5.2_TPOT0.3,Raw-Remaining,0.02604790002806112,857
w202-heterogeneous-slow,-1,0.004,TTFT5.2_TPOT0.3,Legacy-Full,0.024646000005304813,857
w202-heterogeneous-slow,-1,0.004,TTFT5.2_TPOT0.3,Legacy-Remaining,0.02623770001810044,857
w202-heterogeneous-slow,-1,0.004,TTFT5.2_TPOT1.2,Raw-Full,0.02596339996671304,857
w202-heterogeneous-slow,-1,0.004,TTFT5.2_TPOT1.2,Raw-Remaining,0.025620800035540015,857
w202-heterogeneous-slow,-1,0.004,TTFT5.2_TPOT1.2,Legacy-Full,0.025188400002662092,857
w202-heterogeneous-slow,-1,0.004,TTFT5.2_TPOT1.2,Legacy-Remaining,0.02542580000590533,857
w202-heterogeneous-slow,-1,0.004,TTFT5.2_TPOT5,Raw-Full,0.02496209996752441,857
w202-heterogeneous-slow,-1,0.004,TTFT5.2_TPOT5,Raw-Remaining,0.024886999977752566,857
w202-heterogeneous-slow,-1,0.004,TTFT5.2_TPOT5,Legacy-Full,0.024465999973472208,857
w202-heterogeneous-slow,-1,0.004,TTFT5.2_TPOT5,Legacy-Remaining,0.025289900018833578,857
w202-heterogeneous-slow,-1,0.004,TTFT5.2_TPOT10,Raw-Full,0.024833099974785,857
w202-heterogeneous-slow,-1,0.004,TTFT5.2_TPOT10,Raw-Remaining,0.02459009998710826,857
w202-heterogeneous-slow,-1,0.004,TTFT5.2_TPOT10,Legacy-Full,0.024506499990820885,857
w202-heterogeneous-slow,-1,0.004,TTFT5.2_TPOT10,Legacy-Remaining,0.024776500009465963,857
w202-heterogeneous-slow,0,0.004,TTFT5.2_TPOT0.3,Raw-Remaining,0.025467899977229536,857
w202-heterogeneous-slow,0,0.004,TTFT5.2_TPOT0.3,Legacy-Full,0.024745300004724413,857
w202-heterogeneous-slow,0,0.004,TTFT5.2_TPOT0.3,Legacy-Remaining,0.02522140002110973,857
w202-heterogeneous-slow,0,0.004,TTFT5.2_TPOT0.3,Raw-Full,0.024834100040607154,857
w202-heterogeneous-slow,0,0.004,TTFT5.2_TPOT1.2,Raw-Remaining,0.024362800002563745,857
w202-heterogeneous-slow,0,0.004,TTFT5.2_TPOT1.2,Legacy-Full,0.0253857999923639,857
w202-heterogeneous-slow,0,0.004,TTFT5.2_TPOT1.2,Legacy-Remaining,0.024877000018022954,857
w202-heterogeneous-slow,0,0.004,TTFT5.2_TPOT1.2,Raw-Full,0.024693500017747283,857
w202-heterogeneous-slow,0,0.004,TTFT5.2_TPOT5,Raw-Remaining,0.02455319999717176,857
w202-heterogeneous-slow,0,0.004,TTFT5.2_TPOT5,Legacy-Full,0.02526450000004843,857
w202-heterogeneous-slow,0,0.004,TTFT5.2_TPOT5,Legacy-Remaining,0.025526300014462322,857
w202-heterogeneous-slow,0,0.004,TTFT5.2_TPOT5,Raw-Full,0.02482600003713742,857
w202-heterogeneous-slow,0,0.004,TTFT5.2_TPOT10,Raw-Remaining,0.02536209998652339,857
w202-heterogeneous-slow,0,0.004,TTFT5.2_TPOT10,Legacy-Full,0.024987899989355356,857
w202-heterogeneous-slow,0,0.004,TTFT5.2_TPOT10,Legacy-Remaining,0.024798600003123283,857
w202-heterogeneous-slow,0,0.004,TTFT5.2_TPOT10,Raw-Full,0.024586300016380847,857
w202-heterogeneous-slow,1,0.004,TTFT5.2_TPOT0.3,Legacy-Full,0.025309399992693216,857
w202-heterogeneous-slow,1,0.004,TTFT5.2_TPOT0.3,Legacy-Remaining,0.025078199978452176,857
w202-heterogeneous-slow,1,0.004,TTFT5.2_TPOT0.3,Raw-Full,0.024689999991096556,857
w202-heterogeneous-slow,1,0.004,TTFT5.2_TPOT0.3,Raw-Remaining,0.025204000005032867,857
w202-heterogeneous-slow,1,0.004,TTFT5.2_TPOT1.2,Legacy-Full,0.024393800005782396,857
w202-heterogeneous-slow,1,0.004,TTFT5.2_TPOT1.2,Legacy-Remaining,0.024516900011803955,857
w202-heterogeneous-slow,1,0.004,TTFT5.2_TPOT1.2,Raw-Full,0.024589700042270124,857
w202-heterogeneous-slow,1,0.004,TTFT5.2_TPOT1.2,Raw-Remaining,0.024760000000242144,857
w202-heterogeneous-slow,1,0.004,TTFT5.2_TPOT5,Legacy-Full,0.02503050002269447,857
w202-heterogeneous-slow,1,0.004,TTFT5.2_TPOT5,Legacy-Remaining,0.025142400001641363,857
w202-heterogeneous-slow,1,0.004,TTFT5.2_TPOT5,Raw-Full,0.024451999983284622,857
w202-heterogeneous-slow,1,0.004,TTFT5.2_TPOT5,Raw-Remaining,0.02663310000207275,857
w202-heterogeneous-slow,1,0.004,TTFT5.2_TPOT10,Legacy-Full,0.025095899996813387,857
w202-heterogeneous-slow,1,0.004,TTFT5.2_TPOT10,Legacy-Remaining,0.02611899998737499,857
w202-heterogeneous-slow,1,0.004,TTFT5.2_TPOT10,Raw-Full,0.024922899960074574,857
w202-heterogeneous-slow,1,0.004,TTFT5.2_TPOT10,Raw-Remaining,0.025279900000896305,857
w202-heterogeneous-slow,2,0.004,TTFT5.2_TPOT0.3,Legacy-Remaining,0.0253058000234887,857
w202-heterogeneous-slow,2,0.004,TTFT5.2_TPOT0.3,Raw-Full,0.024938000016845763,857
w202-heterogeneous-slow,2,0.004,TTFT5.2_TPOT0.3,Raw-Remaining,0.024787700036540627,857
w202-heterogeneous-slow,2,0.004,TTFT5.2_TPOT0.3,Legacy-Full,0.0252496000030078,857
w202-heterogeneous-slow,2,0.004,TTFT5.2_TPOT1.2,Legacy-Remaining,0.025047600036486983,857
w202-heterogeneous-slow,2,0.004,TTFT5.2_TPOT1.2,Raw-Full,0.024553800001740456,857
w202-heterogeneous-slow,2,0.004,TTFT5.2_TPOT1.2,Raw-Remaining,0.024845600011758506,857
w202-heterogeneous-slow,2,0.004,TTFT5.2_TPOT1.2,Legacy-Full,0.024942399992141873,857
w202-heterogeneous-slow,2,0.004,TTFT5.2_TPOT5,Legacy-Remaining,0.02518900000723079,857
w202-heterogeneous-slow,2,0.004,TTFT5.2_TPOT5,Raw-Full,0.024272900016512722,857
w202-heterogeneous-slow,2,0.004,TTFT5.2_TPOT5,Raw-Remaining,0.02507889998378232,857
w202-heterogeneous-slow,2,0.004,TTFT5.2_TPOT5,Legacy-Full,0.02443450002465397,857
w202-heterogeneous-slow,2,0.004,TTFT5.2_TPOT10,Legacy-Remaining,0.02500040002632886,857
w202-heterogeneous-slow,2,0.004,TTFT5.2_TPOT10,Raw-Full,0.0249885999946855,857
w202-heterogeneous-slow,2,0.004,TTFT5.2_TPOT10,Raw-Remaining,0.02531190001172945,857
w202-heterogeneous-slow,2,0.004,TTFT5.2_TPOT10,Legacy-Full,0.02509690000442788,857
w202-heterogeneous-slow,-2,0.016,TTFT5.2_TPOT0.3,Raw-Full,0.0038725000340491533,128
w202-heterogeneous-slow,-2,0.016,TTFT5.2_TPOT0.3,Raw-Remaining,0.004267499956768006,128
w202-heterogeneous-slow,-2,0.016,TTFT5.2_TPOT0.3,Legacy-Full,0.003853400005027652,128
w202-heterogeneous-slow,-2,0.016,TTFT5.2_TPOT0.3,Legacy-Remaining,0.004027300048619509,128
w202-heterogeneous-slow,-2,0.016,TTFT5.2_TPOT1.2,Raw-Full,0.0037738000391982496,128
w202-heterogeneous-slow,-2,0.016,TTFT5.2_TPOT1.2,Raw-Remaining,0.0038337999721989036,128
w202-heterogeneous-slow,-2,0.016,TTFT5.2_TPOT1.2,Legacy-Full,0.0038763000047765672,128
w202-heterogeneous-slow,-2,0.016,TTFT5.2_TPOT1.2,Legacy-Remaining,0.004106700012926012,128
w202-heterogeneous-slow,-2,0.016,TTFT5.2_TPOT5,Raw-Full,0.025959499995224178,857
w202-heterogeneous-slow,-2,0.016,TTFT5.2_TPOT5,Raw-Remaining,0.02658589999191463,857
w202-heterogeneous-slow,-2,0.016,TTFT5.2_TPOT5,Legacy-Full,0.02667749999091029,857
w202-heterogeneous-slow,-2,0.016,TTFT5.2_TPOT5,Legacy-Remaining,0.026995099964551628,857
w202-heterogeneous-slow,-2,0.016,TTFT5.2_TPOT10,Raw-Full,0.025936699996236712,857
w202-heterogeneous-slow,-2,0.016,TTFT5.2_TPOT10,Raw-Remaining,0.02677560003940016,857
w202-heterogeneous-slow,-2,0.016,TTFT5.2_TPOT10,Legacy-Full,0.026540900056716055,857
w202-heterogeneous-slow,-2,0.016,TTFT5.2_TPOT10,Legacy-Remaining,0.026848900015465915,857
w202-heterogeneous-slow,-1,0.016,TTFT5.2_TPOT0.3,Raw-Remaining,0.0039013000205159187,128
w202-heterogeneous-slow,-1,0.016,TTFT5.2_TPOT0.3,Legacy-Full,0.0041865999810397625,127
w202-heterogeneous-slow,-1,0.016,TTFT5.2_TPOT0.3,Legacy-Remaining,0.004100400023162365,127
w202-heterogeneous-slow,-1,0.016,TTFT5.2_TPOT0.3,Raw-Full,0.0038500999798998237,128
w202-heterogeneous-slow,-1,0.016,TTFT5.2_TPOT1.2,Raw-Remaining,0.003927099984139204,128
w202-heterogeneous-slow,-1,0.016,TTFT5.2_TPOT1.2,Legacy-Full,0.0038084000116214156,127
w202-heterogeneous-slow,-1,0.016,TTFT5.2_TPOT1.2,Legacy-Remaining,0.004086900036782026,127
w202-heterogeneous-slow,-1,0.016,TTFT5.2_TPOT1.2,Raw-Full,0.003933499974664301,128
w202-heterogeneous-slow,-1,0.016,TTFT5.2_TPOT5,Raw-Remaining,0.027218899980653077,857
w202-heterogeneous-slow,-1,0.016,TTFT5.2_TPOT5,Legacy-Full,0.025654700002633035,857
w202-heterogeneous-slow,-1,0.016,TTFT5.2_TPOT5,Legacy-Remaining,0.02667789999395609,857
w202-heterogeneous-slow,-1,0.016,TTFT5.2_TPOT5,Raw-Full,0.0262170999776572,857
w202-heterogeneous-slow,-1,0.016,TTFT5.2_TPOT10,Raw-Remaining,0.026387799996882677,857
w202-heterogeneous-slow,-1,0.016,TTFT5.2_TPOT10,Legacy-Full,0.02676829998381436,857
w202-heterogeneous-slow,-1,0.016,TTFT5.2_TPOT10,Legacy-Remaining,0.027041599969379604,857
w202-heterogeneous-slow,-1,0.016,TTFT5.2_TPOT10,Raw-Full,0.0268746999790892,857
w202-heterogeneous-slow,0,0.016,TTFT5.2_TPOT0.3,Legacy-Full,0.0037453999975696206,127
w202-heterogeneous-slow,0,0.016,TTFT5.2_TPOT0.3,Legacy-Remaining,0.003955100022722036,127
w202-heterogeneous-slow,0,0.016,TTFT5.2_TPOT0.3,Raw-Full,0.004021200002171099,127
w202-heterogeneous-slow,0,0.016,TTFT5.2_TPOT0.3,Raw-Remaining,0.004081399994902313,127
w202-heterogeneous-slow,0,0.016,TTFT5.2_TPOT1.2,Legacy-Full,0.0038382000057026744,127
w202-heterogeneous-slow,0,0.016,TTFT5.2_TPOT1.2,Legacy-Remaining,0.003979399974923581,127
w202-heterogeneous-slow,0,0.016,TTFT5.2_TPOT1.2,Raw-Full,0.0037534000002779067,127
w202-heterogeneous-slow,0,0.016,TTFT5.2_TPOT1.2,Raw-Remaining,0.003882199991494417,127
w202-heterogeneous-slow,0,0.016,TTFT5.2_TPOT5,Legacy-Full,0.02658890001475811,857
w202-heterogeneous-slow,0,0.016,TTFT5.2_TPOT5,Legacy-Remaining,0.026385200035292655,857
w202-heterogeneous-slow,0,0.016,TTFT5.2_TPOT5,Raw-Full,0.02613819995895028,857
w202-heterogeneous-slow,0,0.016,TTFT5.2_TPOT5,Raw-Remaining,0.027002900023944676,857
w202-heterogeneous-slow,0,0.016,TTFT5.2_TPOT10,Legacy-Full,0.026345500024035573,857
w202-heterogeneous-slow,0,0.016,TTFT5.2_TPOT10,Legacy-Remaining,0.02619800000684336,857
w202-heterogeneous-slow,0,0.016,TTFT5.2_TPOT10,Raw-Full,0.027325900038704276,857
w202-heterogeneous-slow,0,0.016,TTFT5.2_TPOT10,Raw-Remaining,0.026603300007991493,857
w202-heterogeneous-slow,1,0.016,TTFT5.2_TPOT0.3,Legacy-Remaining,0.004137800016906112,127
w202-heterogeneous-slow,1,0.016,TTFT5.2_TPOT0.3,Raw-Full,0.004010700038634241,127
w202-heterogeneous-slow,1,0.016,TTFT5.2_TPOT0.3,Raw-Remaining,0.00401069998042658,127
w202-heterogeneous-slow,1,0.016,TTFT5.2_TPOT0.3,Legacy-Full,0.003801399958319962,127
w202-heterogeneous-slow,1,0.016,TTFT5.2_TPOT1.2,Legacy-Remaining,0.00378689996432513,127
w202-heterogeneous-slow,1,0.016,TTFT5.2_TPOT1.2,Raw-Full,0.003912699990905821,127
w202-heterogeneous-slow,1,0.016,TTFT5.2_TPOT1.2,Raw-Remaining,0.00400630000513047,127
w202-heterogeneous-slow,1,0.016,TTFT5.2_TPOT1.2,Legacy-Full,0.0038630000199191272,127
w202-heterogeneous-slow,1,0.016,TTFT5.2_TPOT5,Legacy-Remaining,0.026590999972540885,857
w202-heterogeneous-slow,1,0.016,TTFT5.2_TPOT5,Raw-Full,0.026492999983020127,857
w202-heterogeneous-slow,1,0.016,TTFT5.2_TPOT5,Raw-Remaining,0.02644680003868416,857
w202-heterogeneous-slow,1,0.016,TTFT5.2_TPOT5,Legacy-Full,0.026289900008123368,857
w202-heterogeneous-slow,1,0.016,TTFT5.2_TPOT10,Legacy-Remaining,0.02714909997303039,857
w202-heterogeneous-slow,1,0.016,TTFT5.2_TPOT10,Raw-Full,0.026331899978686124,857
w202-heterogeneous-slow,1,0.016,TTFT5.2_TPOT10,Raw-Remaining,0.0264035000000149,857
w202-heterogeneous-slow,1,0.016,TTFT5.2_TPOT10,Legacy-Full,0.026911400025710464,857
w202-heterogeneous-slow,2,0.016,TTFT5.2_TPOT0.3,Raw-Full,0.003847000014502555,126
w202-heterogeneous-slow,2,0.016,TTFT5.2_TPOT0.3,Raw-Remaining,0.0036997999995946884,126
w202-heterogeneous-slow,2,0.016,TTFT5.2_TPOT0.3,Legacy-Full,0.004059300001244992,126
w202-heterogeneous-slow,2,0.016,TTFT5.2_TPOT0.3,Legacy-Remaining,0.0038300000014714897,126
w202-heterogeneous-slow,2,0.016,TTFT5.2_TPOT1.2,Raw-Full,0.0037514999858103693,126
w202-heterogeneous-slow,2,0.016,TTFT5.2_TPOT1.2,Raw-Remaining,0.004032300028484315,126
w202-heterogeneous-slow,2,0.016,TTFT5.2_TPOT1.2,Legacy-Full,0.0038644999731332064,126
w202-heterogeneous-slow,2,0.016,TTFT5.2_TPOT1.2,Legacy-Remaining,0.0038748999941162765,126
w202-heterogeneous-slow,2,0.016,TTFT5.2_TPOT5,Raw-Full,0.02625860000262037,857
w202-heterogeneous-slow,2,0.016,TTFT5.2_TPOT5,Raw-Remaining,0.02750440000090748,857
w202-heterogeneous-slow,2,0.016,TTFT5.2_TPOT5,Legacy-Full,0.026595100003760308,857
w202-heterogeneous-slow,2,0.016,TTFT5.2_TPOT5,Legacy-Remaining,0.026847299945075065,857
w202-heterogeneous-slow,2,0.016,TTFT5.2_TPOT10,Raw-Full,0.026081099989823997,857
w202-heterogeneous-slow,2,0.016,TTFT5.2_TPOT10,Raw-Remaining,0.026116799970623106,857
w202-heterogeneous-slow,2,0.016,TTFT5.2_TPOT10,Legacy-Full,0.026147999975364655,857
w202-heterogeneous-slow,2,0.016,TTFT5.2_TPOT10,Legacy-Remaining,0.0270437000435777,857
w202-heterogeneous-slow,-2,0.064,TTFT5.2_TPOT0.3,Raw-Remaining,0.0004866000381298363,10
w202-heterogeneous-slow,-2,0.064,TTFT5.2_TPOT0.3,Legacy-Full,0.000526399991940707,10
w202-heterogeneous-slow,-2,0.064,TTFT5.2_TPOT0.3,Legacy-Remaining,0.0005539000267162919,10
w202-heterogeneous-slow,-2,0.064,TTFT5.2_TPOT0.3,Raw-Full,0.00046770001063123345,10
w202-heterogeneous-slow,-2,0.064,TTFT5.2_TPOT1.2,Raw-Remaining,0.0005446000141091645,10
w202-heterogeneous-slow,-2,0.064,TTFT5.2_TPOT1.2,Legacy-Full,0.000470499973744154,10
w202-heterogeneous-slow,-2,0.064,TTFT5.2_TPOT1.2,Legacy-Remaining,0.0005138000124134123,10
w202-heterogeneous-slow,-2,0.064,TTFT5.2_TPOT1.2,Raw-Full,0.0004689999623224139,10
w202-heterogeneous-slow,-2,0.064,TTFT5.2_TPOT5,Raw-Remaining,0.03787609998835251,857
w202-heterogeneous-slow,-2,0.064,TTFT5.2_TPOT5,Legacy-Full,0.03774100000737235,857
w202-heterogeneous-slow,-2,0.064,TTFT5.2_TPOT5,Legacy-Remaining,0.03848859999561682,857
w202-heterogeneous-slow,-2,0.064,TTFT5.2_TPOT5,Raw-Full,0.03754940000362694,857
w202-heterogeneous-slow,-2,0.064,TTFT5.2_TPOT10,Raw-Remaining,0.0382491999771446,857
w202-heterogeneous-slow,-2,0.064,TTFT5.2_TPOT10,Legacy-Full,0.03836950002005324,857
w202-heterogeneous-slow,-2,0.064,TTFT5.2_TPOT10,Legacy-Remaining,0.03999149997252971,857
w202-heterogeneous-slow,-2,0.064,TTFT5.2_TPOT10,Raw-Full,0.037797699973452836,857
w202-heterogeneous-slow,-1,0.064,TTFT5.2_TPOT0.3,Legacy-Full,0.0004729999927803874,10
w202-heterogeneous-slow,-1,0.064,TTFT5.2_TPOT0.3,Legacy-Remaining,0.0006671000155620277,10
w202-heterogeneous-slow,-1,0.064,TTFT5.2_TPOT0.3,Raw-Full,0.00048210000386461616,10
w202-heterogeneous-slow,-1,0.064,TTFT5.2_TPOT0.3,Raw-Remaining,0.0004808999947272241,10
w202-heterogeneous-slow,-1,0.064,TTFT5.2_TPOT1.2,Legacy-Full,0.00046740000834688544,10
w202-heterogeneous-slow,-1,0.064,TTFT5.2_TPOT1.2,Legacy-Remaining,0.00047879997873678803,10
w202-heterogeneous-slow,-1,0.064,TTFT5.2_TPOT1.2,Raw-Full,0.0004659999976865947,10
w202-heterogeneous-slow,-1,0.064,TTFT5.2_TPOT1.2,Raw-Remaining,0.0005302000208757818,10
w202-heterogeneous-slow,-1,0.064,TTFT5.2_TPOT5,Legacy-Full,0.03896460001124069,857
w202-heterogeneous-slow,-1,0.064,TTFT5.2_TPOT5,Legacy-Remaining,0.0401113000116311,857
w202-heterogeneous-slow,-1,0.064,TTFT5.2_TPOT5,Raw-Full,0.03784490004181862,857
w202-heterogeneous-slow,-1,0.064,TTFT5.2_TPOT5,Raw-Remaining,0.03840309998486191,857
w202-heterogeneous-slow,-1,0.064,TTFT5.2_TPOT10,Legacy-Full,0.03921469999477267,857
w202-heterogeneous-slow,-1,0.064,TTFT5.2_TPOT10,Legacy-Remaining,0.03908469999441877,857
w202-heterogeneous-slow,-1,0.064,TTFT5.2_TPOT10,Raw-Full,0.03826550004305318,857
w202-heterogeneous-slow,-1,0.064,TTFT5.2_TPOT10,Raw-Remaining,0.038741699943784624,857
w202-heterogeneous-slow,0,0.064,TTFT5.2_TPOT0.3,Legacy-Remaining,0.0005009999731555581,10
w202-heterogeneous-slow,0,0.064,TTFT5.2_TPOT0.3,Raw-Full,0.0004773000255227089,10
w202-heterogeneous-slow,0,0.064,TTFT5.2_TPOT0.3,Raw-Remaining,0.0005404999828897417,10
w202-heterogeneous-slow,0,0.064,TTFT5.2_TPOT0.3,Legacy-Full,0.0004757000133395195,10
w202-heterogeneous-slow,0,0.064,TTFT5.2_TPOT1.2,Legacy-Remaining,0.00047580001410096884,10
w202-heterogeneous-slow,0,0.064,TTFT5.2_TPOT1.2,Raw-Full,0.0005327999824658036,10
w202-heterogeneous-slow,0,0.064,TTFT5.2_TPOT1.2,Raw-Remaining,0.0004854000289924443,10
w202-heterogeneous-slow,0,0.064,TTFT5.2_TPOT1.2,Legacy-Full,0.00046200002543628216,10
w202-heterogeneous-slow,0,0.064,TTFT5.2_TPOT5,Legacy-Remaining,0.0398756000213325,857
w202-heterogeneous-slow,0,0.064,TTFT5.2_TPOT5,Raw-Full,0.03972659999271855,857
w202-heterogeneous-slow,0,0.064,TTFT5.2_TPOT5,Raw-Remaining,0.03949970001121983,857
w202-heterogeneous-slow,0,0.064,TTFT5.2_TPOT5,Legacy-Full,0.03983879997394979,857
w202-heterogeneous-slow,0,0.064,TTFT5.2_TPOT10,Legacy-Remaining,0.040077999990899116,857
w202-heterogeneous-slow,0,0.064,TTFT5.2_TPOT10,Raw-Full,0.039335999987088144,857
w202-heterogeneous-slow,0,0.064,TTFT5.2_TPOT10,Raw-Remaining,0.039638300018850714,857
w202-heterogeneous-slow,0,0.064,TTFT5.2_TPOT10,Legacy-Full,0.04015389998676255,857
w202-heterogeneous-slow,1,0.064,TTFT5.2_TPOT0.3,Raw-Full,0.0005317999748513103,10
w202-heterogeneous-slow,1,0.064,TTFT5.2_TPOT0.3,Raw-Remaining,0.0005287000094540417,10
w202-heterogeneous-slow,1,0.064,TTFT5.2_TPOT0.3,Legacy-Full,0.00048069999320432544,10
w202-heterogeneous-slow,1,0.064,TTFT5.2_TPOT0.3,Legacy-Remaining,0.0004687000182457268,10
w202-heterogeneous-slow,1,0.064,TTFT5.2_TPOT1.2,Raw-Full,0.0004718999844044447,10
w202-heterogeneous-slow,1,0.064,TTFT5.2_TPOT1.2,Raw-Remaining,0.0005110999918542802,10
w202-heterogeneous-slow,1,0.064,TTFT5.2_TPOT1.2,Legacy-Full,0.0005968999466858804,10
w202-heterogeneous-slow,1,0.064,TTFT5.2_TPOT1.2,Legacy-Remaining,0.000603599997702986,10
w202-heterogeneous-slow,1,0.064,TTFT5.2_TPOT5,Raw-Full,0.04062450001947582,857
w202-heterogeneous-slow,1,0.064,TTFT5.2_TPOT5,Raw-Remaining,0.040190499974414706,857
w202-heterogeneous-slow,1,0.064,TTFT5.2_TPOT5,Legacy-Full,0.03976580000016838,857
w202-heterogeneous-slow,1,0.064,TTFT5.2_TPOT5,Legacy-Remaining,0.041073200001847,857
w202-heterogeneous-slow,1,0.064,TTFT5.2_TPOT10,Raw-Full,0.03904310002690181,857
w202-heterogeneous-slow,1,0.064,TTFT5.2_TPOT10,Raw-Remaining,0.040300199994817376,857
w202-heterogeneous-slow,1,0.064,TTFT5.2_TPOT10,Legacy-Full,0.03991859999950975,857
w202-heterogeneous-slow,1,0.064,TTFT5.2_TPOT10,Legacy-Remaining,0.040952400013338774,857
w202-heterogeneous-slow,2,0.064,TTFT5.2_TPOT0.3,Raw-Remaining,0.0005226999637670815,10
w202-heterogeneous-slow,2,0.064,TTFT5.2_TPOT0.3,Legacy-Full,0.0007075999747030437,10
w202-heterogeneous-slow,2,0.064,TTFT5.2_TPOT0.3,Legacy-Remaining,0.000506300013512373,10
w202-heterogeneous-slow,2,0.064,TTFT5.2_TPOT0.3,Raw-Full,0.00047799997264519334,10
w202-heterogeneous-slow,2,0.064,TTFT5.2_TPOT1.2,Raw-Remaining,0.00048560003051534295,10
w202-heterogeneous-slow,2,0.064,TTFT5.2_TPOT1.2,Legacy-Full,0.0004724000464193523,10
w202-heterogeneous-slow,2,0.064,TTFT5.2_TPOT1.2,Legacy-Remaining,0.00047940004151314497,10
w202-heterogeneous-slow,2,0.064,TTFT5.2_TPOT1.2,Raw-Full,0.0005280000041238964,10
w202-heterogeneous-slow,2,0.064,TTFT5.2_TPOT5,Raw-Remaining,0.04096030001528561,857
w202-heterogeneous-slow,2,0.064,TTFT5.2_TPOT5,Legacy-Full,0.041623400000389665,857
w202-heterogeneous-slow,2,0.064,TTFT5.2_TPOT5,Legacy-Remaining,0.042598499974701554,857
w202-heterogeneous-slow,2,0.064,TTFT5.2_TPOT5,Raw-Full,0.04087739996612072,857
w202-heterogeneous-slow,2,0.064,TTFT5.2_TPOT10,Raw-Remaining,0.040645400003995746,857
w202-heterogeneous-slow,2,0.064,TTFT5.2_TPOT10,Legacy-Full,0.04127590003190562,857
w202-heterogeneous-slow,2,0.064,TTFT5.2_TPOT10,Legacy-Remaining,0.042084500018972903,857
w202-heterogeneous-slow,2,0.064,TTFT5.2_TPOT10,Raw-Full,0.0404778000083752,857
w202-heterogeneous-slow,-2,0.256,TTFT5.2_TPOT0.3,Legacy-Full,0.0003918000147677958,7
w202-heterogeneous-slow,-2,0.256,TTFT5.2_TPOT0.3,Legacy-Remaining,0.0003831999492831528,7
w202-heterogeneous-slow,-2,0.256,TTFT5.2_TPOT0.3,Raw-Full,0.00037379999412223697,7
w202-heterogeneous-slow,-2,0.256,TTFT5.2_TPOT0.3,Raw-Remaining,0.0004895000020042062,7
w202-heterogeneous-slow,-2,0.256,TTFT5.2_TPOT1.2,Legacy-Full,0.00038029998540878296,7
w202-heterogeneous-slow,-2,0.256,TTFT5.2_TPOT1.2,Legacy-Remaining,0.0004798000445589423,7
w202-heterogeneous-slow,-2,0.256,TTFT5.2_TPOT1.2,Raw-Full,0.00038029998540878296,7
w202-heterogeneous-slow,-2,0.256,TTFT5.2_TPOT1.2,Raw-Remaining,0.0004026000387966633,7
w202-heterogeneous-slow,-2,0.256,TTFT5.2_TPOT5,Legacy-Full,0.009890199988149107,102
w202-heterogeneous-slow,-2,0.256,TTFT5.2_TPOT5,Legacy-Remaining,0.09974069998133928,857
w202-heterogeneous-slow,-2,0.256,TTFT5.2_TPOT5,Raw-Full,0.009579000005032867,102
w202-heterogeneous-slow,-2,0.256,TTFT5.2_TPOT5,Raw-Remaining,0.09881880000466481,857
w202-heterogeneous-slow,-2,0.256,TTFT5.2_TPOT10,Legacy-Full,0.10085410001920536,857
w202-heterogeneous-slow,-2,0.256,TTFT5.2_TPOT10,Legacy-Remaining,0.09920340002281591,857
w202-heterogeneous-slow,-2,0.256,TTFT5.2_TPOT10,Raw-Full,0.09765670000342652,857
w202-heterogeneous-slow,-2,0.256,TTFT5.2_TPOT10,Raw-Remaining,0.09859890001825988,857
w202-heterogeneous-slow,-1,0.256,TTFT5.2_TPOT0.3,Legacy-Remaining,0.0004042999935336411,7
w202-heterogeneous-slow,-1,0.256,TTFT5.2_TPOT0.3,Raw-Full,0.00042779999785125256,7
w202-heterogeneous-slow,-1,0.256,TTFT5.2_TPOT0.3,Raw-Remaining,0.00048459996469318867,7
w202-heterogeneous-slow,-1,0.256,TTFT5.2_TPOT0.3,Legacy-Full,0.0003798999823629856,7
w202-heterogeneous-slow,-1,0.256,TTFT5.2_TPOT1.2,Legacy-Remaining,0.00038649997441098094,7
w202-heterogeneous-slow,-1,0.256,TTFT5.2_TPOT1.2,Raw-Full,0.0003730000462383032,7
w202-heterogeneous-slow,-1,0.256,TTFT5.2_TPOT1.2,Raw-Remaining,0.00037839997094124556,7
w202-heterogeneous-slow,-1,0.256,TTFT5.2_TPOT1.2,Legacy-Full,0.0004189999890513718,7
w202-heterogeneous-slow,-1,0.256,TTFT5.2_TPOT5,Legacy-Remaining,0.10164999996777624,857
w202-heterogeneous-slow,-1,0.256,TTFT5.2_TPOT5,Raw-Full,0.01005409995559603,102
w202-heterogeneous-slow,-1,0.256,TTFT5.2_TPOT5,Raw-Remaining,0.09965419996296987,857
w202-heterogeneous-slow,-1,0.256,TTFT5.2_TPOT5,Legacy-Full,0.009435400017537177,98
w202-heterogeneous-slow,-1,0.256,TTFT5.2_TPOT10,Legacy-Remaining,0.10155239998130128,857
w202-heterogeneous-slow,-1,0.256,TTFT5.2_TPOT10,Raw-Full,0.10588219994679093,857
w202-heterogeneous-slow,-1,0.256,TTFT5.2_TPOT10,Raw-Remaining,0.10495860001537949,857
w202-heterogeneous-slow,-1,0.256,TTFT5.2_TPOT10,Legacy-Full,0.10770310001680627,857
w202-heterogeneous-slow,0,0.256,TTFT5.2_TPOT0.3,Raw-Full,0.00041829998372122645,7
w202-heterogeneous-slow,0,0.256,TTFT5.2_TPOT0.3,Raw-Remaining,0.0004192999913357198,7
w202-heterogeneous-slow,0,0.256,TTFT5.2_TPOT0.3,Legacy-Full,0.000401899975258857,7
w202-heterogeneous-slow,0,0.256,TTFT5.2_TPOT0.3,Legacy-Remaining,0.00041229999624192715,7
w202-heterogeneous-slow,0,0.256,TTFT5.2_TPOT1.2,Raw-Full,0.0003986000083386898,7
w202-heterogeneous-slow,0,0.256,TTFT5.2_TPOT1.2,Raw-Remaining,0.00040989997796714306,7
w202-heterogeneous-slow,0,0.256,TTFT5.2_TPOT1.2,Legacy-Full,0.0004268000484444201,7
w202-heterogeneous-slow,0,0.256,TTFT5.2_TPOT1.2,Legacy-Remaining,0.0004113999893888831,7
w202-heterogeneous-slow,0,0.256,TTFT5.2_TPOT5,Raw-Full,0.009973200038075447,97
w202-heterogeneous-slow,0,0.256,TTFT5.2_TPOT5,Raw-Remaining,0.10554249997949228,857
w202-heterogeneous-slow,0,0.256,TTFT5.2_TPOT5,Legacy-Full,0.009736499981954694,97
w202-heterogeneous-slow,0,0.256,TTFT5.2_TPOT5,Legacy-Remaining,0.1180750000057742,857
w202-heterogeneous-slow,0,0.256,TTFT5.2_TPOT10,Raw-Full,0.11722640000516549,857
w202-heterogeneous-slow,0,0.256,TTFT5.2_TPOT10,Raw-Remaining,0.1025796999456361,857
w202-heterogeneous-slow,0,0.256,TTFT5.2_TPOT10,Legacy-Full,0.10438500001328066,857
w202-heterogeneous-slow,0,0.256,TTFT5.2_TPOT10,Legacy-Remaining,0.10561120003694668,857
w202-heterogeneous-slow,1,0.256,TTFT5.2_TPOT0.3,Raw-Remaining,0.00040829996578395367,7
w202-heterogeneous-slow,1,0.256,TTFT5.2_TPOT0.3,Legacy-Full,0.00043539999751374125,7
w202-heterogeneous-slow,1,0.256,TTFT5.2_TPOT0.3,Legacy-Remaining,0.00039569998625665903,7
w202-heterogeneous-slow,1,0.256,TTFT5.2_TPOT0.3,Raw-Full,0.00039950001519173384,7
w202-heterogeneous-slow,1,0.256,TTFT5.2_TPOT1.2,Raw-Remaining,0.000404000049456954,7
w202-heterogeneous-slow,1,0.256,TTFT5.2_TPOT1.2,Legacy-Full,0.00037940003676339984,7
w202-heterogeneous-slow,1,0.256,TTFT5.2_TPOT1.2,Legacy-Remaining,0.0003860999713651836,7
w202-heterogeneous-slow,1,0.256,TTFT5.2_TPOT1.2,Raw-Full,0.0004132000030949712,7
w202-heterogeneous-slow,1,0.256,TTFT5.2_TPOT5,Raw-Remaining,0.10441099997842684,857
w202-heterogeneous-slow,1,0.256,TTFT5.2_TPOT5,Legacy-Full,0.010067700000945479,95
w202-heterogeneous-slow,1,0.256,TTFT5.2_TPOT5,Legacy-Remaining,0.10599130002083257,857
w202-heterogeneous-slow,1,0.256,TTFT5.2_TPOT5,Raw-Full,0.009436700027436018,97
w202-heterogeneous-slow,1,0.256,TTFT5.2_TPOT10,Raw-Remaining,0.10462679999182001,857
w202-heterogeneous-slow,1,0.256,TTFT5.2_TPOT10,Legacy-Full,0.10521960002370179,857
w202-heterogeneous-slow,1,0.256,TTFT5.2_TPOT10,Legacy-Remaining,0.10598379996372387,857
w202-heterogeneous-slow,1,0.256,TTFT5.2_TPOT10,Raw-Full,0.10347790003288537,857
w202-heterogeneous-slow,2,0.256,TTFT5.2_TPOT0.3,Legacy-Full,0.00040040002204477787,7
w202-heterogeneous-slow,2,0.256,TTFT5.2_TPOT0.3,Legacy-Remaining,0.0004075999604538083,7
w202-heterogeneous-slow,2,0.256,TTFT5.2_TPOT0.3,Raw-Full,0.00037429999792948365,7
w202-heterogeneous-slow,2,0.256,TTFT5.2_TPOT0.3,Raw-Remaining,0.00041089998558163643,7
w202-heterogeneous-slow,2,0.256,TTFT5.2_TPOT1.2,Legacy-Full,0.00040229997830465436,7
w202-heterogeneous-slow,2,0.256,TTFT5.2_TPOT1.2,Legacy-Remaining,0.00039140001172199845,7
w202-heterogeneous-slow,2,0.256,TTFT5.2_TPOT1.2,Raw-Full,0.0004450000124052167,7
w202-heterogeneous-slow,2,0.256,TTFT5.2_TPOT1.2,Raw-Remaining,0.00041009997949004173,7
w202-heterogeneous-slow,2,0.256,TTFT5.2_TPOT5,Legacy-Full,0.009433700004592538,92
w202-heterogeneous-slow,2,0.256,TTFT5.2_TPOT5,Legacy-Remaining,0.10756100004073232,857
w202-heterogeneous-slow,2,0.256,TTFT5.2_TPOT5,Raw-Full,0.009355399990454316,95
w202-heterogeneous-slow,2,0.256,TTFT5.2_TPOT5,Raw-Remaining,0.10624380002263933,857
w202-heterogeneous-slow,2,0.256,TTFT5.2_TPOT10,Legacy-Full,0.10814389999723062,857
w202-heterogeneous-slow,2,0.256,TTFT5.2_TPOT10,Legacy-Remaining,0.10896149999462068,857
w202-heterogeneous-slow,2,0.256,TTFT5.2_TPOT10,Raw-Full,0.1055476000183262,857
w202-heterogeneous-slow,2,0.256,TTFT5.2_TPOT10,Raw-Remaining,0.10850249999202788,857
w202-heterogeneous-slow,-2,1.024,TTFT5.2_TPOT0.3,Legacy-Remaining,0.00030040001729503274,3
w202-heterogeneous-slow,-2,1.024,TTFT5.2_TPOT0.3,Raw-Full,0.00028529996052384377,3
w202-heterogeneous-slow,-2,1.024,TTFT5.2_TPOT0.3,Raw-Remaining,0.00028450001263991,3
w202-heterogeneous-slow,-2,1.024,TTFT5.2_TPOT0.3,Legacy-Full,0.00029310001991689205,3
w202-heterogeneous-slow,-2,1.024,TTFT5.2_TPOT1.2,Legacy-Remaining,0.0003043999895453453,3
w202-heterogeneous-slow,-2,1.024,TTFT5.2_TPOT1.2,Raw-Full,0.00027769996086135507,3
w202-heterogeneous-slow,-2,1.024,TTFT5.2_TPOT1.2,Raw-Remaining,0.00031839997973293066,3
w202-heterogeneous-slow,-2,1.024,TTFT5.2_TPOT1.2,Legacy-Full,0.0002859999658539891,3
w202-heterogeneous-slow,-2,1.024,TTFT5.2_TPOT5,Legacy-Remaining,0.0035832999856211245,35
w202-heterogeneous-slow,-2,1.024,TTFT5.2_TPOT5,Raw-Full,0.00038330000825226307,4
w202-heterogeneous-slow,-2,1.024,TTFT5.2_TPOT5,Raw-Remaining,0.0037057999870739877,35
w202-heterogeneous-slow,-2,1.024,TTFT5.2_TPOT5,Legacy-Full,0.00034140003845095634,4
w202-heterogeneous-slow,-2,1.024,TTFT5.2_TPOT10,Legacy-Remaining,0.004134599992539734,37
w202-heterogeneous-slow,-2,1.024,TTFT5.2_TPOT10,Raw-Full,0.003976800013333559,37
w202-heterogeneous-slow,-2,1.024,TTFT5.2_TPOT10,Raw-Remaining,0.004216399975121021,37
w202-heterogeneous-slow,-2,1.024,TTFT5.2_TPOT10,Legacy-Full,0.0039919999544508755,37
w202-heterogeneous-slow,-1,1.024,TTFT5.2_TPOT0.3,Raw-Full,0.00028609996661543846,3
w202-heterogeneous-slow,-1,1.024,TTFT5.2_TPOT0.3,Raw-Remaining,0.00028600002406165004,3
w202-heterogeneous-slow,-1,1.024,TTFT5.2_TPOT0.3,Legacy-Full,0.0002736999886110425,3
w202-heterogeneous-slow,-1,1.024,TTFT5.2_TPOT0.3,Legacy-Remaining,0.00028870004462078214,3
w202-heterogeneous-slow,-1,1.024,TTFT5.2_TPOT1.2,Raw-Full,0.00029850000282749534,3
w202-heterogeneous-slow,-1,1.024,TTFT5.2_TPOT1.2,Raw-Remaining,0.000291300006210804,3
w202-heterogeneous-slow,-1,1.024,TTFT5.2_TPOT1.2,Legacy-Full,0.00028089998522773385,3
w202-heterogeneous-slow,-1,1.024,TTFT5.2_TPOT1.2,Legacy-Remaining,0.00030610000248998404,3
w202-heterogeneous-slow,-1,1.024,TTFT5.2_TPOT5,Raw-Full,0.00032810005359351635,4
w202-heterogeneous-slow,-1,1.024,TTFT5.2_TPOT5,Raw-Remaining,0.0040348999900743365,35
w202-heterogeneous-slow,-1,1.024,TTFT5.2_TPOT5,Legacy-Full,0.0003380999551154673,4
w202-heterogeneous-slow,-1,1.024,TTFT5.2_TPOT5,Legacy-Remaining,0.0037114000297151506,34
w202-heterogeneous-slow,-1,1.024,TTFT5.2_TPOT10,Raw-Full,0.004032599972561002,37
w202-heterogeneous-slow,-1,1.024,TTFT5.2_TPOT10,Raw-Remaining,0.004155200032982975,37
w202-heterogeneous-slow,-1,1.024,TTFT5.2_TPOT10,Legacy-Full,0.003952500002924353,37
w202-heterogeneous-slow,-1,1.024,TTFT5.2_TPOT10,Legacy-Remaining,0.004055400029756129,37
w202-heterogeneous-slow,0,1.024,TTFT5.2_TPOT0.3,Raw-Remaining,0.0004964999970979989,3
w202-heterogeneous-slow,0,1.024,TTFT5.2_TPOT0.3,Legacy-Full,0.0002799000358209014,3
w202-heterogeneous-slow,0,1.024,TTFT5.2_TPOT0.3,Legacy-Remaining,0.00032349996035918593,3
w202-heterogeneous-slow,0,1.024,TTFT5.2_TPOT0.3,Raw-Full,0.00027810002211481333,3
w202-heterogeneous-slow,0,1.024,TTFT5.2_TPOT1.2,Raw-Remaining,0.0002826000563800335,3
w202-heterogeneous-slow,0,1.024,TTFT5.2_TPOT1.2,Legacy-Full,0.0002823999966494739,3
w202-heterogeneous-slow,0,1.024,TTFT5.2_TPOT1.2,Legacy-Remaining,0.0003256000345572829,3
w202-heterogeneous-slow,0,1.024,TTFT5.2_TPOT1.2,Raw-Full,0.00034090003464370966,3
w202-heterogeneous-slow,0,1.024,TTFT5.2_TPOT5,Raw-Remaining,0.003555100003723055,34
w202-heterogeneous-slow,0,1.024,TTFT5.2_TPOT5,Legacy-Full,0.00033300003269687295,4
w202-heterogeneous-slow,0,1.024,TTFT5.2_TPOT5,Legacy-Remaining,0.0035025000106543303,34
w202-heterogeneous-slow,0,1.024,TTFT5.2_TPOT5,Raw-Full,0.0003380999551154673,4
w202-heterogeneous-slow,0,1.024,TTFT5.2_TPOT10,Raw-Remaining,0.2944090000237338,857
w202-heterogeneous-slow,0,1.024,TTFT5.2_TPOT10,Legacy-Full,0.2976488000131212,857
w202-heterogeneous-slow,0,1.024,TTFT5.2_TPOT10,Legacy-Remaining,0.29612390004331246,857
w202-heterogeneous-slow,0,1.024,TTFT5.2_TPOT10,Raw-Full,0.29550449998350814,857
w202-heterogeneous-slow,1,1.024,TTFT5.2_TPOT0.3,Legacy-Full,0.00032350001856684685,3
w202-heterogeneous-slow,1,1.024,TTFT5.2_TPOT0.3,Legacy-Remaining,0.0002956999815069139,3
w202-heterogeneous-slow,1,1.024,TTFT5.2_TPOT0.3,Raw-Full,0.0003200999926775694,3
w202-heterogeneous-slow,1,1.024,TTFT5.2_TPOT0.3,Raw-Remaining,0.00045110000064596534,3
w202-heterogeneous-slow,1,1.024,TTFT5.2_TPOT1.2,Legacy-Full,0.00029930000891909003,3
w202-heterogeneous-slow,1,1.024,TTFT5.2_TPOT1.2,Legacy-Remaining,0.00032400002237409353,3
w202-heterogeneous-slow,1,1.024,TTFT5.2_TPOT1.2,Raw-Full,0.0002937999670393765,3
w202-heterogeneous-slow,1,1.024,TTFT5.2_TPOT1.2,Raw-Remaining,0.00031269999453797936,3
w202-heterogeneous-slow,1,1.024,TTFT5.2_TPOT5,Legacy-Full,0.000341000035405159,4
w202-heterogeneous-slow,1,1.024,TTFT5.2_TPOT5,Legacy-Remaining,0.0036110999644733965,33
w202-heterogeneous-slow,1,1.024,TTFT5.2_TPOT5,Raw-Full,0.00035390001721680164,4
w202-heterogeneous-slow,1,1.024,TTFT5.2_TPOT5,Raw-Remaining,0.0036560999578796327,34
w202-heterogeneous-slow,1,1.024,TTFT5.2_TPOT10,Legacy-Full,0.30873069999506697,857
w202-heterogeneous-slow,1,1.024,TTFT5.2_TPOT10,Legacy-Remaining,0.30835880001541227,857
w202-heterogeneous-slow,1,1.024,TTFT5.2_TPOT10,Raw-Full,0.3028542000101879,857
w202-heterogeneous-slow,1,1.024,TTFT5.2_TPOT10,Raw-Remaining,0.3063640999607742,857
w202-heterogeneous-slow,2,1.024,TTFT5.2_TPOT0.3,Legacy-Remaining,0.0003078999579884112,3
w202-heterogeneous-slow,2,1.024,TTFT5.2_TPOT0.3,Raw-Full,0.00032190000638365746,3
w202-heterogeneous-slow,2,1.024,TTFT5.2_TPOT0.3,Raw-Remaining,0.00031619996298104525,3
w202-heterogeneous-slow,2,1.024,TTFT5.2_TPOT0.3,Legacy-Full,0.0002972999936901033,3
w202-heterogeneous-slow,2,1.024,TTFT5.2_TPOT1.2,Legacy-Remaining,0.0003483999753370881,3
w202-heterogeneous-slow,2,1.024,TTFT5.2_TPOT1.2,Raw-Full,0.0002867000293917954,3
w202-heterogeneous-slow,2,1.024,TTFT5.2_TPOT1.2,Raw-Remaining,0.0003008000203408301,3
w202-heterogeneous-slow,2,1.024,TTFT5.2_TPOT1.2,Legacy-Full,0.00027080002473667264,3
w202-heterogeneous-slow,2,1.024,TTFT5.2_TPOT5,Legacy-Remaining,0.0032896999618969858,33
w202-heterogeneous-slow,2,1.024,TTFT5.2_TPOT5,Raw-Full,0.0003405000315979123,4
w202-heterogeneous-slow,2,1.024,TTFT5.2_TPOT5,Raw-Remaining,0.003327900019939989,33
w202-heterogeneous-slow,2,1.024,TTFT5.2_TPOT5,Legacy-Full,0.00032270001247525215,4
w202-heterogeneous-slow,2,1.024,TTFT5.2_TPOT10,Legacy-Remaining,0.3031011000275612,857
w202-heterogeneous-slow,2,1.024,TTFT5.2_TPOT10,Raw-Full,0.29781120002735406,857
w202-heterogeneous-slow,2,1.024,TTFT5.2_TPOT10,Raw-Remaining,0.29885400005150586,857
w202-heterogeneous-slow,2,1.024,TTFT5.2_TPOT10,Legacy-Full,0.2987299999804236,857
w202-heterogeneous-slow,-2,4.096,TTFT5.2_TPOT0.3,Raw-Full,0.00032379996264353395,3
w202-heterogeneous-slow,-2,4.096,TTFT5.2_TPOT0.3,Raw-Remaining,0.00029559998074546456,3
w202-heterogeneous-slow,-2,4.096,TTFT5.2_TPOT0.3,Legacy-Full,0.00027730001602321863,3
w202-heterogeneous-slow,-2,4.096,TTFT5.2_TPOT0.3,Legacy-Remaining,0.00031949998810887337,3
w202-heterogeneous-slow,-2,4.096,TTFT5.2_TPOT1.2,Raw-Full,0.00031889998354017735,3
w202-heterogeneous-slow,-2,4.096,TTFT5.2_TPOT1.2,Raw-Remaining,0.000291600008495152,3
w202-heterogeneous-slow,-2,4.096,TTFT5.2_TPOT1.2,Legacy-Full,0.0002759000053629279,3
w202-heterogeneous-slow,-2,4.096,TTFT5.2_TPOT1.2,Legacy-Remaining,0.000304899993352592,3
w202-heterogeneous-slow,-2,4.096,TTFT5.2_TPOT5,Raw-Full,0.00033379998058080673,4
w202-heterogeneous-slow,-2,4.096,TTFT5.2_TPOT5,Raw-Remaining,0.0003377000102773309,4
w202-heterogeneous-slow,-2,4.096,TTFT5.2_TPOT5,Legacy-Full,0.0003340000403113663,4
w202-heterogeneous-slow,-2,4.096,TTFT5.2_TPOT5,Legacy-Remaining,0.00034139998024329543,4
w202-heterogeneous-slow,-2,4.096,TTFT5.2_TPOT10,Raw-Full,0.000451300002168864,6
w202-heterogeneous-slow,-2,4.096,TTFT5.2_TPOT10,Raw-Remaining,0.0021946000051684678,17
w202-heterogeneous-slow,-2,4.096,TTFT5.2_TPOT10,Legacy-Full,0.00048589997459203005,6
w202-heterogeneous-slow,-2,4.096,TTFT5.2_TPOT10,Legacy-Remaining,0.001893899985589087,17
w202-heterogeneous-slow,-1,4.096,TTFT5.2_TPOT0.3,Raw-Remaining,0.000291300006210804,3
w202-heterogeneous-slow,-1,4.096,TTFT5.2_TPOT0.3,Legacy-Full,0.0002774999593384564,3
w202-heterogeneous-slow,-1,4.096,TTFT5.2_TPOT0.3,Legacy-Remaining,0.0002906000008806586,3
w202-heterogeneous-slow,-1,4.096,TTFT5.2_TPOT0.3,Raw-Full,0.0003801999846473336,3
w202-heterogeneous-slow,-1,4.096,TTFT5.2_TPOT1.2,Raw-Remaining,0.0002861999673768878,3
w202-heterogeneous-slow,-1,4.096,TTFT5.2_TPOT1.2,Legacy-Full,0.0002914000069722533,3
w202-heterogeneous-slow,-1,4.096,TTFT5.2_TPOT1.2,Legacy-Remaining,0.00028709997422993183,3
w202-heterogeneous-slow,-1,4.096,TTFT5.2_TPOT1.2,Raw-Full,0.0002804999821819365,3
w202-heterogeneous-slow,-1,4.096,TTFT5.2_TPOT5,Raw-Remaining,0.00043109996477141976,4
w202-heterogeneous-slow,-1,4.096,TTFT5.2_TPOT5,Legacy-Full,0.00037860003067180514,4
w202-heterogeneous-slow,-1,4.096,TTFT5.2_TPOT5,Legacy-Remaining,0.00034630001755431294,4
w202-heterogeneous-slow,-1,4.096,TTFT5.2_TPOT5,Raw-Full,0.00032920000376179814,4
w202-heterogeneous-slow,-1,4.096,TTFT5.2_TPOT10,Raw-Remaining,0.0017752000130712986,17
w202-heterogeneous-slow,-1,4.096,TTFT5.2_TPOT10,Legacy-Full,0.0006454000249505043,6
w202-heterogeneous-slow,-1,4.096,TTFT5.2_TPOT10,Legacy-Remaining,0.0018016999820247293,17
w202-heterogeneous-slow,-1,4.096,TTFT5.2_TPOT10,Raw-Full,0.000525799987372011,6
w202-heterogeneous-slow,0,4.096,TTFT5.2_TPOT0.3,Legacy-Full,0.0002882999833673239,3
w202-heterogeneous-slow,0,4.096,TTFT5.2_TPOT0.3,Legacy-Remaining,0.00030150002567097545,3
w202-heterogeneous-slow,0,4.096,TTFT5.2_TPOT0.3,Raw-Full,0.0002842999529093504,3
w202-heterogeneous-slow,0,4.096,TTFT5.2_TPOT0.3,Raw-Remaining,0.0002856999635696411,3
w202-heterogeneous-slow,0,4.096,TTFT5.2_TPOT1.2,Legacy-Full,0.00027709995629265904,3
w202-heterogeneous-slow,0,4.096,TTFT5.2_TPOT1.2,Legacy-Remaining,0.00028909998945891857,3
w202-heterogeneous-slow,0,4.096,TTFT5.2_TPOT1.2,Raw-Full,0.000285700021777302,3
w202-heterogeneous-slow,0,4.096,TTFT5.2_TPOT1.2,Raw-Remaining,0.00028789998032152653,3
w202-heterogeneous-slow,0,4.096,TTFT5.2_TPOT5,Legacy-Full,0.00033170002279803157,4
w202-heterogeneous-slow,0,4.096,TTFT5.2_TPOT5,Legacy-Remaining,0.0003493999829515815,4
w202-heterogeneous-slow,0,4.096,TTFT5.2_TPOT5,Raw-Full,0.00036130001535639167,4
w202-heterogeneous-slow,0,4.096,TTFT5.2_TPOT5,Raw-Remaining,0.0003546999651007354,4
w202-heterogeneous-slow,0,4.096,TTFT5.2_TPOT10,Legacy-Full,0.00047229998745024204,6
w202-heterogeneous-slow,0,4.096,TTFT5.2_TPOT10,Legacy-Remaining,0.0018069000216200948,17
w202-heterogeneous-slow,0,4.096,TTFT5.2_TPOT10,Raw-Full,0.0004760000156238675,6
w202-heterogeneous-slow,0,4.096,TTFT5.2_TPOT10,Raw-Remaining,0.001887099992018193,17
w202-heterogeneous-slow,1,4.096,TTFT5.2_TPOT0.3,Legacy-Remaining,0.0002992000081576407,3
w202-heterogeneous-slow,1,4.096,TTFT5.2_TPOT0.3,Raw-Full,0.0002762000076472759,3
w202-heterogeneous-slow,1,4.096,TTFT5.2_TPOT0.3,Raw-Remaining,0.0003106999793089926,3
w202-heterogeneous-slow,1,4.096,TTFT5.2_TPOT0.3,Legacy-Full,0.0002823999966494739,3
w202-heterogeneous-slow,1,4.096,TTFT5.2_TPOT1.2,Legacy-Remaining,0.00034339999547228217,3
w202-heterogeneous-slow,1,4.096,TTFT5.2_TPOT1.2,Raw-Full,0.00029389996780082583,3
w202-heterogeneous-slow,1,4.096,TTFT5.2_TPOT1.2,Raw-Remaining,0.0002914000069722533,3
w202-heterogeneous-slow,1,4.096,TTFT5.2_TPOT1.2,Legacy-Full,0.0003130999975837767,3
w202-heterogeneous-slow,1,4.096,TTFT5.2_TPOT5,Legacy-Remaining,0.00035149999894201756,4
w202-heterogeneous-slow,1,4.096,TTFT5.2_TPOT5,Raw-Full,0.00033980002626776695,4
w202-heterogeneous-slow,1,4.096,TTFT5.2_TPOT5,Raw-Remaining,0.0003626999678090215,4
w202-heterogeneous-slow,1,4.096,TTFT5.2_TPOT5,Legacy-Full,0.0003525000065565109,4
w202-heterogeneous-slow,1,4.096,TTFT5.2_TPOT10,Legacy-Remaining,0.0018364000134170055,17
w202-heterogeneous-slow,1,4.096,TTFT5.2_TPOT10,Raw-Full,0.00048290000995621085,6
w202-heterogeneous-slow,1,4.096,TTFT5.2_TPOT10,Raw-Remaining,0.002382699982263148,17
w202-heterogeneous-slow,1,4.096,TTFT5.2_TPOT10,Legacy-Full,0.0005864000413566828,6
w202-heterogeneous-slow,2,4.096,TTFT5.2_TPOT0.3,Raw-Full,0.00032130000181496143,3
w202-heterogeneous-slow,2,4.096,TTFT5.2_TPOT0.3,Raw-Remaining,0.000299000006634742,3
w202-heterogeneous-slow,2,4.096,TTFT5.2_TPOT0.3,Legacy-Full,0.00027840002439916134,3
w202-heterogeneous-slow,2,4.096,TTFT5.2_TPOT0.3,Legacy-Remaining,0.0002957000397145748,3
w202-heterogeneous-slow,2,4.096,TTFT5.2_TPOT1.2,Raw-Full,0.000291600008495152,3
w202-heterogeneous-slow,2,4.096,TTFT5.2_TPOT1.2,Raw-Remaining,0.00029440002981573343,3
w202-heterogeneous-slow,2,4.096,TTFT5.2_TPOT1.2,Legacy-Full,0.0002872999757528305,3
w202-heterogeneous-slow,2,4.096,TTFT5.2_TPOT1.2,Legacy-Remaining,0.00030200002947822213,3
w202-heterogeneous-slow,2,4.096,TTFT5.2_TPOT5,Raw-Full,0.0003344999859109521,4
w202-heterogeneous-slow,2,4.096,TTFT5.2_TPOT5,Raw-Remaining,0.00036750000435858965,4
w202-heterogeneous-slow,2,4.096,TTFT5.2_TPOT5,Legacy-Full,0.0003884999896399677,4
w202-heterogeneous-slow,2,4.096,TTFT5.2_TPOT5,Legacy-Remaining,0.0003451000084169209,4
w202-heterogeneous-slow,2,4.096,TTFT5.2_TPOT10,Raw-Full,0.00046279997332021594,6
w202-heterogeneous-slow,2,4.096,TTFT5.2_TPOT10,Raw-Remaining,0.0018991000251844525,17
w202-heterogeneous-slow,2,4.096,TTFT5.2_TPOT10,Legacy-Full,0.00048370001604780555,6
w202-heterogeneous-slow,2,4.096,TTFT5.2_TPOT10,Legacy-Remaining,0.0019099999917671084,16
w202-heterogeneous-slow,-2,16.384,TTFT5.2_TPOT0.3,Raw-Remaining,0.0005916000227443874,7
w202-heterogeneous-slow,-2,16.384,TTFT5.2_TPOT0.3,Legacy-Full,0.000567799957934767,7
w202-heterogeneous-slow,-2,16.384,TTFT5.2_TPOT0.3,Legacy-Remaining,0.0006564999930560589,7
w202-heterogeneous-slow,-2,16.384,TTFT5.2_TPOT0.3,Raw-Full,0.0005763000226579607,7
w202-heterogeneous-slow,-2,16.384,TTFT5.2_TPOT1.2,Raw-Remaining,0.0006011000368744135,7
w202-heterogeneous-slow,-2,16.384,TTFT5.2_TPOT1.2,Legacy-Full,0.0005703000351786613,7
w202-heterogeneous-slow,-2,16.384,TTFT5.2_TPOT1.2,Legacy-Remaining,0.0005950999911874533,7
w202-heterogeneous-slow,-2,16.384,TTFT5.2_TPOT1.2,Raw-Full,0.0005785000394098461,7
w202-heterogeneous-slow,-2,16.384,TTFT5.2_TPOT5,Raw-Remaining,0.0005785999819636345,7
w202-heterogeneous-slow,-2,16.384,TTFT5.2_TPOT5,Legacy-Full,0.0005568999913521111,7
w202-heterogeneous-slow,-2,16.384,TTFT5.2_TPOT5,Legacy-Remaining,0.0005947999889031053,7
w202-heterogeneous-slow,-2,16.384,TTFT5.2_TPOT5,Raw-Full,0.0006206000107340515,7
w202-heterogeneous-slow,-2,16.384,TTFT5.2_TPOT10,Raw-Remaining,0.0005901000113226473,7
w202-heterogeneous-slow,-2,16.384,TTFT5.2_TPOT10,Legacy-Full,0.0005631999811157584,7
w202-heterogeneous-slow,-2,16.384,TTFT5.2_TPOT10,Legacy-Remaining,0.0006492999964393675,7
w202-heterogeneous-slow,-2,16.384,TTFT5.2_TPOT10,Raw-Full,0.0005825000116601586,7
w202-heterogeneous-slow,-1,16.384,TTFT5.2_TPOT0.3,Legacy-Full,0.000577600032556802,7
w202-heterogeneous-slow,-1,16.384,TTFT5.2_TPOT0.3,Legacy-Remaining,0.0005845000268891454,7
w202-heterogeneous-slow,-1,16.384,TTFT5.2_TPOT0.3,Raw-Full,0.0005793999880552292,7
w202-heterogeneous-slow,-1,16.384,TTFT5.2_TPOT0.3,Raw-Remaining,0.0005892999470233917,7
w202-heterogeneous-slow,-1,16.384,TTFT5.2_TPOT1.2,Legacy-Full,0.0005550000350922346,7
w202-heterogeneous-slow,-1,16.384,TTFT5.2_TPOT1.2,Legacy-Remaining,0.0005814000032842159,7
w202-heterogeneous-slow,-1,16.384,TTFT5.2_TPOT1.2,Raw-Full,0.0005592999514192343,7
w202-heterogeneous-slow,-1,16.384,TTFT5.2_TPOT1.2,Raw-Remaining,0.0005811000009998679,7
w202-heterogeneous-slow,-1,16.384,TTFT5.2_TPOT5,Legacy-Full,0.0005685000214725733,7
w202-heterogeneous-slow,-1,16.384,TTFT5.2_TPOT5,Legacy-Remaining,0.0005874999915249646,7
w202-heterogeneous-slow,-1,16.384,TTFT5.2_TPOT5,Raw-Full,0.0005771000287495553,7
w202-heterogeneous-slow,-1,16.384,TTFT5.2_TPOT5,Raw-Remaining,0.0005820999504067004,7
w202-heterogeneous-slow,-1,16.384,TTFT5.2_TPOT10,Legacy-Full,0.0005533000221475959,7
w202-heterogeneous-slow,-1,16.384,TTFT5.2_TPOT10,Legacy-Remaining,0.0005843000253662467,7
w202-heterogeneous-slow,-1,16.384,TTFT5.2_TPOT10,Raw-Full,0.0006709999870508909,7
w202-heterogeneous-slow,-1,16.384,TTFT5.2_TPOT10,Raw-Remaining,0.0005881999968551099,7
w202-heterogeneous-slow,0,16.384,TTFT5.2_TPOT0.3,Legacy-Remaining,0.000596800004132092,7
w202-heterogeneous-slow,0,16.384,TTFT5.2_TPOT0.3,Raw-Full,0.0005781999789178371,7
w202-heterogeneous-slow,0,16.384,TTFT5.2_TPOT0.3,Raw-Remaining,0.0005817000055685639,7
w202-heterogeneous-slow,0,16.384,TTFT5.2_TPOT0.3,Legacy-Full,0.0005735000013373792,7
w202-heterogeneous-slow,0,16.384,TTFT5.2_TPOT1.2,Legacy-Remaining,0.0005831000162288547,7
w202-heterogeneous-slow,0,16.384,TTFT5.2_TPOT1.2,Raw-Full,0.0005542999715544283,7
w202-heterogeneous-slow,0,16.384,TTFT5.2_TPOT1.2,Raw-Remaining,0.0005865999846719205,7
w202-heterogeneous-slow,0,16.384,TTFT5.2_TPOT1.2,Legacy-Full,0.0006179999909363687,7
w202-heterogeneous-slow,0,16.384,TTFT5.2_TPOT5,Legacy-Remaining,0.0005797999911010265,7
w202-heterogeneous-slow,0,16.384,TTFT5.2_TPOT5,Raw-Full,0.0005814000032842159,7
w202-heterogeneous-slow,0,16.384,TTFT5.2_TPOT5,Raw-Remaining,0.0005831000162288547,7
w202-heterogeneous-slow,0,16.384,TTFT5.2_TPOT5,Legacy-Full,0.000561299966648221,7
w202-heterogeneous-slow,0,16.384,TTFT5.2_TPOT10,Legacy-Remaining,0.0006483999895863235,7
w202-heterogeneous-slow,0,16.384,TTFT5.2_TPOT10,Raw-Full,0.000588800001423806,7
w202-heterogeneous-slow,0,16.384,TTFT5.2_TPOT10,Raw-Remaining,0.0005822000093758106,7
w202-heterogeneous-slow,0,16.384,TTFT5.2_TPOT10,Legacy-Full,0.0011391000007279217,7
w202-heterogeneous-slow,1,16.384,TTFT5.2_TPOT0.3,Raw-Full,0.0005726999952457845,7
w202-heterogeneous-slow,1,16.384,TTFT5.2_TPOT0.3,Raw-Remaining,0.0006152000278234482,7
w202-heterogeneous-slow,1,16.384,TTFT5.2_TPOT0.3,Legacy-Full,0.000574899953790009,7
w202-heterogeneous-slow,1,16.384,TTFT5.2_TPOT0.3,Legacy-Remaining,0.0005818000063300133,7
w202-heterogeneous-slow,1,16.384,TTFT5.2_TPOT1.2,Raw-Full,0.0005738000036217272,7
w202-heterogeneous-slow,1,16.384,TTFT5.2_TPOT1.2,Raw-Remaining,0.0005840000230818987,7
w202-heterogeneous-slow,1,16.384,TTFT5.2_TPOT1.2,Legacy-Full,0.0005805999971926212,7
w202-heterogeneous-slow,1,16.384,TTFT5.2_TPOT1.2,Legacy-Remaining,0.0005914000212214887,7
w202-heterogeneous-slow,1,16.384,TTFT5.2_TPOT5,Raw-Full,0.0005972000071778893,7
w202-heterogeneous-slow,1,16.384,TTFT5.2_TPOT5,Raw-Remaining,0.000596800004132092,7
w202-heterogeneous-slow,1,16.384,TTFT5.2_TPOT5,Legacy-Full,0.0005794000462628901,7
w202-heterogeneous-slow,1,16.384,TTFT5.2_TPOT5,Legacy-Remaining,0.0005849999724887311,7
w202-heterogeneous-slow,1,16.384,TTFT5.2_TPOT10,Raw-Full,0.0005681000184267759,7
w202-heterogeneous-slow,1,16.384,TTFT5.2_TPOT10,Raw-Remaining,0.0006117000011727214,7
w202-heterogeneous-slow,1,16.384,TTFT5.2_TPOT10,Legacy-Full,0.0006015999824739993,7
w202-heterogeneous-slow,1,16.384,TTFT5.2_TPOT10,Legacy-Remaining,0.000590000010561198,7
w202-heterogeneous-slow,2,16.384,TTFT5.2_TPOT0.3,Raw-Remaining,0.0006492999964393675,7
w202-heterogeneous-slow,2,16.384,TTFT5.2_TPOT0.3,Legacy-Full,0.0005678000161424279,7
w202-heterogeneous-slow,2,16.384,TTFT5.2_TPOT0.3,Legacy-Remaining,0.0006158000323921442,7
w202-heterogeneous-slow,2,16.384,TTFT5.2_TPOT0.3,Raw-Full,0.0005643999902531505,7
w202-heterogeneous-slow,2,16.384,TTFT5.2_TPOT1.2,Raw-Remaining,0.00060299999313429,7
w202-heterogeneous-slow,2,16.384,TTFT5.2_TPOT1.2,Legacy-Full,0.0005855999770574272,7
w202-heterogeneous-slow,2,16.384,TTFT5.2_TPOT1.2,Legacy-Remaining,0.00058970000827685,7
w202-heterogeneous-slow,2,16.384,TTFT5.2_TPOT1.2,Raw-Full,0.0005677000153809786,7
w202-heterogeneous-slow,2,16.384,TTFT5.2_TPOT5,Raw-Remaining,0.0007846999797038734,7
w202-heterogeneous-slow,2,16.384,TTFT5.2_TPOT5,Legacy-Full,0.0005684999632649124,7
w202-heterogeneous-slow,2,16.384,TTFT5.2_TPOT5,Legacy-Remaining,0.0005887000006623566,7
w202-heterogeneous-slow,2,16.384,TTFT5.2_TPOT5,Raw-Full,0.0005884999991394579,7
w202-heterogeneous-slow,2,16.384,TTFT5.2_TPOT10,Raw-Remaining,0.0005905999569222331,7
w202-heterogeneous-slow,2,16.384,TTFT5.2_TPOT10,Legacy-Full,0.0006605000235140324,7
w202-heterogeneous-slow,2,16.384,TTFT5.2_TPOT10,Legacy-Remaining,0.0006095999851822853,7
w202-heterogeneous-slow,2,16.384,TTFT5.2_TPOT10,Raw-Full,0.0006151000270619988,7
w202-heterogeneous-slow,-2,65.536,TTFT5.2_TPOT0.3,Legacy-Full,0.0006680999649688601,8
w202-heterogeneous-slow,-2,65.536,TTFT5.2_TPOT0.3,Legacy-Remaining,0.0007618999807164073,8
w202-heterogeneous-slow,-2,65.536,TTFT5.2_TPOT0.3,Raw-Full,0.0006821999559178948,8
w202-heterogeneous-slow,-2,65.536,TTFT5.2_TPOT0.3,Raw-Remaining,0.0006982000195421278,8
w202-heterogeneous-slow,-2,65.536,TTFT5.2_TPOT1.2,Legacy-Full,0.0007096999906934798,8
w202-heterogeneous-slow,-2,65.536,TTFT5.2_TPOT1.2,Legacy-Remaining,0.0006953999982215464,8
w202-heterogeneous-slow,-2,65.536,TTFT5.2_TPOT1.2,Raw-Full,0.0006758000236004591,8
w202-heterogeneous-slow,-2,65.536,TTFT5.2_TPOT1.2,Raw-Remaining,0.0007220000261440873,8
w202-heterogeneous-slow,-2,65.536,TTFT5.2_TPOT5,Legacy-Full,0.000674300012178719,8
w202-heterogeneous-slow,-2,65.536,TTFT5.2_TPOT5,Legacy-Remaining,0.0007092999876476824,8
w202-heterogeneous-slow,-2,65.536,TTFT5.2_TPOT5,Raw-Full,0.0006603999645449221,8
w202-heterogeneous-slow,-2,65.536,TTFT5.2_TPOT5,Raw-Remaining,0.0009438999695703387,8
w202-heterogeneous-slow,-2,65.536,TTFT5.2_TPOT10,Legacy-Full,0.0007674000225961208,8
w202-heterogeneous-slow,-2,65.536,TTFT5.2_TPOT10,Legacy-Remaining,0.000707699975464493,8
w202-heterogeneous-slow,-2,65.536,TTFT5.2_TPOT10,Raw-Full,0.0006874999962747097,8
w202-heterogeneous-slow,-2,65.536,TTFT5.2_TPOT10,Raw-Remaining,0.0007040000054985285,8
w202-heterogeneous-slow,-1,65.536,TTFT5.2_TPOT0.3,Legacy-Remaining,0.0007031999994069338,8
w202-heterogeneous-slow,-1,65.536,TTFT5.2_TPOT0.3,Raw-Full,0.0007111999439075589,8
w202-heterogeneous-slow,-1,65.536,TTFT5.2_TPOT0.3,Raw-Remaining,0.0007146000280044973,8
w202-heterogeneous-slow,-1,65.536,TTFT5.2_TPOT0.3,Legacy-Full,0.0006756999646313488,8
w202-heterogeneous-slow,-1,65.536,TTFT5.2_TPOT1.2,Legacy-Remaining,0.0007053000153973699,8
w202-heterogeneous-slow,-1,65.536,TTFT5.2_TPOT1.2,Raw-Full,0.0007017999887466431,8
w202-heterogeneous-slow,-1,65.536,TTFT5.2_TPOT1.2,Raw-Remaining,0.0006961000035516918,8
w202-heterogeneous-slow,-1,65.536,TTFT5.2_TPOT1.2,Legacy-Full,0.0009550999966450036,8
w202-heterogeneous-slow,-1,65.536,TTFT5.2_TPOT5,Legacy-Remaining,0.0008034000056795776,8
w202-heterogeneous-slow,-1,65.536,TTFT5.2_TPOT5,Raw-Full,0.0006626999820582569,8
w202-heterogeneous-slow,-1,65.536,TTFT5.2_TPOT5,Raw-Remaining,0.0006846999749541283,8
w202-heterogeneous-slow,-1,65.536,TTFT5.2_TPOT5,Legacy-Full,0.0006443000165745616,8
w202-heterogeneous-slow,-1,65.536,TTFT5.2_TPOT10,Legacy-Remaining,0.0007963000098243356,8
w202-heterogeneous-slow,-1,65.536,TTFT5.2_TPOT10,Raw-Full,0.0006899000145494938,8
w202-heterogeneous-slow,-1,65.536,TTFT5.2_TPOT10,Raw-Remaining,0.0006995000294409692,8
w202-heterogeneous-slow,-1,65.536,TTFT5.2_TPOT10,Legacy-Full,0.0006748000159859657,8
w202-heterogeneous-slow,0,65.536,TTFT5.2_TPOT0.3,Raw-Full,0.0006867999909445643,8
w202-heterogeneous-slow,0,65.536,TTFT5.2_TPOT0.3,Raw-Remaining,0.0006750999600626528,8
w202-heterogeneous-slow,0,65.536,TTFT5.2_TPOT0.3,Legacy-Full,0.0006679999642074108,8
w202-heterogeneous-slow,0,65.536,TTFT5.2_TPOT0.3,Legacy-Remaining,0.000812400016002357,8
w202-heterogeneous-slow,0,65.536,TTFT5.2_TPOT1.2,Raw-Full,0.0006668000132776797,8
w202-heterogeneous-slow,0,65.536,TTFT5.2_TPOT1.2,Raw-Remaining,0.0006915000267326832,8
w202-heterogeneous-slow,0,65.536,TTFT5.2_TPOT1.2,Legacy-Full,0.0006704999832436442,8
w202-heterogeneous-slow,0,65.536,TTFT5.2_TPOT1.2,Legacy-Remaining,0.0006952999974600971,8
w202-heterogeneous-slow,0,65.536,TTFT5.2_TPOT5,Raw-Full,0.0006667000125162303,8
w202-heterogeneous-slow,0,65.536,TTFT5.2_TPOT5,Raw-Remaining,0.0007365999626927078,8
w202-heterogeneous-slow,0,65.536,TTFT5.2_TPOT5,Legacy-Full,0.0006768000312149525,8
w202-heterogeneous-slow,0,65.536,TTFT5.2_TPOT5,Legacy-Remaining,0.0006919000297784805,8
w202-heterogeneous-slow,0,65.536,TTFT5.2_TPOT10,Raw-Full,0.0006804000004194677,8
w202-heterogeneous-slow,0,65.536,TTFT5.2_TPOT10,Raw-Remaining,0.000680199998896569,8
w202-heterogeneous-slow,0,65.536,TTFT5.2_TPOT10,Legacy-Full,0.000667500018607825,8
w202-heterogeneous-slow,0,65.536,TTFT5.2_TPOT10,Legacy-Remaining,0.000700899981893599,8
w202-heterogeneous-slow,1,65.536,TTFT5.2_TPOT0.3,Raw-Remaining,0.0008231000392697752,8
w202-heterogeneous-slow,1,65.536,TTFT5.2_TPOT0.3,Legacy-Full,0.0006709999870508909,8
w202-heterogeneous-slow,1,65.536,TTFT5.2_TPOT0.3,Legacy-Remaining,0.0007238999824039638,8
w202-heterogeneous-slow,1,65.536,TTFT5.2_TPOT0.3,Raw-Full,0.0006779999821446836,8
w202-heterogeneous-slow,1,65.536,TTFT5.2_TPOT1.2,Raw-Remaining,0.0007124000112526119,8
w202-heterogeneous-slow,1,65.536,TTFT5.2_TPOT1.2,Legacy-Full,0.0006647999980486929,8
w202-heterogeneous-slow,1,65.536,TTFT5.2_TPOT1.2,Legacy-Remaining,0.0007117000059224665,8
w202-heterogeneous-slow,1,65.536,TTFT5.2_TPOT1.2,Raw-Full,0.0006688999710604548,8
w202-heterogeneous-slow,1,65.536,TTFT5.2_TPOT5,Raw-Remaining,0.0007085999823175371,8
w202-heterogeneous-slow,1,65.536,TTFT5.2_TPOT5,Legacy-Full,0.0006620999774895608,8
w202-heterogeneous-slow,1,65.536,TTFT5.2_TPOT5,Legacy-Remaining,0.0007207999587990344,8
w202-heterogeneous-slow,1,65.536,TTFT5.2_TPOT5,Raw-Full,0.0006972999544814229,8
w202-heterogeneous-slow,1,65.536,TTFT5.2_TPOT10,Raw-Remaining,0.0007399999885819852,8
w202-heterogeneous-slow,1,65.536,TTFT5.2_TPOT10,Legacy-Full,0.0006836000247858465,8
w202-heterogeneous-slow,1,65.536,TTFT5.2_TPOT10,Legacy-Remaining,0.0007702999864704907,8
w202-heterogeneous-slow,1,65.536,TTFT5.2_TPOT10,Raw-Full,0.0006746000144630671,8
w202-heterogeneous-slow,2,65.536,TTFT5.2_TPOT0.3,Legacy-Full,0.0006741000106558204,8
w202-heterogeneous-slow,2,65.536,TTFT5.2_TPOT0.3,Legacy-Remaining,0.0008240999886766076,8
w202-heterogeneous-slow,2,65.536,TTFT5.2_TPOT0.3,Raw-Full,0.0006638000486418605,8
w202-heterogeneous-slow,2,65.536,TTFT5.2_TPOT0.3,Raw-Remaining,0.00069500005338341,8
w202-heterogeneous-slow,2,65.536,TTFT5.2_TPOT1.2,Legacy-Full,0.0006775000365450978,8
w202-heterogeneous-slow,2,65.536,TTFT5.2_TPOT1.2,Legacy-Remaining,0.0007495000027120113,8
w202-heterogeneous-slow,2,65.536,TTFT5.2_TPOT1.2,Raw-Full,0.0006788999889977276,8
w202-heterogeneous-slow,2,65.536,TTFT5.2_TPOT1.2,Raw-Remaining,0.0006923000328242779,8
w202-heterogeneous-slow,2,65.536,TTFT5.2_TPOT5,Legacy-Full,0.000687899999320507,8
w202-heterogeneous-slow,2,65.536,TTFT5.2_TPOT5,Legacy-Remaining,0.0008140999707393348,8
w202-heterogeneous-slow,2,65.536,TTFT5.2_TPOT5,Raw-Full,0.0006804000004194677,8
w202-heterogeneous-slow,2,65.536,TTFT5.2_TPOT5,Raw-Remaining,0.0007078000344336033,8
w202-heterogeneous-slow,2,65.536,TTFT5.2_TPOT10,Legacy-Full,0.0006807999452576041,8
w202-heterogeneous-slow,2,65.536,TTFT5.2_TPOT10,Legacy-Remaining,0.0006813000072725117,8
w202-heterogeneous-slow,2,65.536,TTFT5.2_TPOT10,Raw-Full,0.0006833000225014985,8
w202-heterogeneous-slow,2,65.536,TTFT5.2_TPOT10,Raw-Remaining,0.0006810000049881637,8
w203-heterogeneous-slow,-2,0.001,TTFT5.2_TPOT0.3,Legacy-Full,0.0019847999792546034,66
w203-heterogeneous-slow,-2,0.001,TTFT5.2_TPOT0.3,Legacy-Remaining,0.0019302000291645527,66
w203-heterogeneous-slow,-2,0.001,TTFT5.2_TPOT0.3,Raw-Full,0.0018557000439614058,66
w203-heterogeneous-slow,-2,0.001,TTFT5.2_TPOT0.3,Raw-Remaining,0.0021784999989904463,66
w203-heterogeneous-slow,-2,0.001,TTFT5.2_TPOT1.2,Legacy-Full,0.0019228000310249627,66
w203-heterogeneous-slow,-2,0.001,TTFT5.2_TPOT1.2,Legacy-Remaining,0.0024656999739818275,66
w203-heterogeneous-slow,-2,0.001,TTFT5.2_TPOT1.2,Raw-Full,0.002320899977348745,66
w203-heterogeneous-slow,-2,0.001,TTFT5.2_TPOT1.2,Raw-Remaining,0.0019301999709568918,66
w203-heterogeneous-slow,-2,0.001,TTFT5.2_TPOT5,Legacy-Full,0.0018874999950639904,66
w203-heterogeneous-slow,-2,0.001,TTFT5.2_TPOT5,Legacy-Remaining,0.001900399976875633,66
w203-heterogeneous-slow,-2,0.001,TTFT5.2_TPOT5,Raw-Full,0.002169199986383319,66
w203-heterogeneous-slow,-2,0.001,TTFT5.2_TPOT5,Raw-Remaining,0.0018794000498019159,66
w203-heterogeneous-slow,-2,0.001,TTFT5.2_TPOT10,Legacy-Full,0.0019920000340789557,66
w203-heterogeneous-slow,-2,0.001,TTFT5.2_TPOT10,Legacy-Remaining,0.0019179999944753945,66
w203-heterogeneous-slow,-2,0.001,TTFT5.2_TPOT10,Raw-Full,0.001839499978814274,66
w203-heterogeneous-slow,-2,0.001,TTFT5.2_TPOT10,Raw-Remaining,0.0019451999687589705,66
w203-heterogeneous-slow,-1,0.001,TTFT5.2_TPOT0.3,Legacy-Remaining,0.0022788000060245395,66
w203-heterogeneous-slow,-1,0.001,TTFT5.2_TPOT0.3,Raw-Full,0.001970199984498322,66
w203-heterogeneous-slow,-1,0.001,TTFT5.2_TPOT0.3,Raw-Remaining,0.001888300001155585,66
w203-heterogeneous-slow,-1,0.001,TTFT5.2_TPOT0.3,Legacy-Full,0.0019715999951586127,66
w203-heterogeneous-slow,-1,0.001,TTFT5.2_TPOT1.2,Legacy-Remaining,0.0018788999877870083,66
w203-heterogeneous-slow,-1,0.001,TTFT5.2_TPOT1.2,Raw-Full,0.0019300999701954424,66
w203-heterogeneous-slow,-1,0.001,TTFT5.2_TPOT1.2,Raw-Remaining,0.0018959000008180737,66
w203-heterogeneous-slow,-1,0.001,TTFT5.2_TPOT1.2,Legacy-Full,0.002109199995175004,66
w203-heterogeneous-slow,-1,0.001,TTFT5.2_TPOT5,Legacy-Remaining,0.0020401999936439097,66
w203-heterogeneous-slow,-1,0.001,TTFT5.2_TPOT5,Raw-Full,0.0019315999816171825,66
w203-heterogeneous-slow,-1,0.001,TTFT5.2_TPOT5,Raw-Remaining,0.0019090999849140644,66
w203-heterogeneous-slow,-1,0.001,TTFT5.2_TPOT5,Legacy-Full,0.0019400000455789268,66
w203-heterogeneous-slow,-1,0.001,TTFT5.2_TPOT10,Legacy-Remaining,0.0019538000342436135,66
w203-heterogeneous-slow,-1,0.001,TTFT5.2_TPOT10,Raw-Full,0.0019005999783985317,66
w203-heterogeneous-slow,-1,0.001,TTFT5.2_TPOT10,Raw-Remaining,0.002031200041528791,66
w203-heterogeneous-slow,-1,0.001,TTFT5.2_TPOT10,Legacy-Full,0.0018946000491268933,66
w203-heterogeneous-slow,0,0.001,TTFT5.2_TPOT0.3,Raw-Full,0.0019835999701172113,66
w203-heterogeneous-slow,0,0.001,TTFT5.2_TPOT0.3,Raw-Remaining,0.0019120000069960952,66
w203-heterogeneous-slow,0,0.001,TTFT5.2_TPOT0.3,Legacy-Full,0.001879999996162951,66
w203-heterogeneous-slow,0,0.001,TTFT5.2_TPOT0.3,Legacy-Remaining,0.0018999000312760472,66
w203-heterogeneous-slow,0,0.001,TTFT5.2_TPOT1.2,Raw-Full,0.001930000027641654,66
w203-heterogeneous-slow,0,0.001,TTFT5.2_TPOT1.2,Raw-Remaining,0.0020918999798595905,66
w203-heterogeneous-slow,0,0.001,TTFT5.2_TPOT1.2,Legacy-Full,0.0018649999983608723,66
w203-heterogeneous-slow,0,0.001,TTFT5.2_TPOT1.2,Legacy-Remaining,0.0019841999746859074,66
w203-heterogeneous-slow,0,0.001,TTFT5.2_TPOT5,Raw-Full,0.0019214999629184604,66
w203-heterogeneous-slow,0,0.001,TTFT5.2_TPOT5,Raw-Remaining,0.0019896000158041716,66
w203-heterogeneous-slow,0,0.001,TTFT5.2_TPOT5,Legacy-Full,0.0018871999927796423,66
w203-heterogeneous-slow,0,0.001,TTFT5.2_TPOT5,Legacy-Remaining,0.001980800007004291,66
w203-heterogeneous-slow,0,0.001,TTFT5.2_TPOT10,Raw-Full,0.0020800000056624413,66
w203-heterogeneous-slow,0,0.001,TTFT5.2_TPOT10,Raw-Remaining,0.0019845999777317047,66
w203-heterogeneous-slow,0,0.001,TTFT5.2_TPOT10,Legacy-Full,0.001920800015795976,66
w203-heterogeneous-slow,0,0.001,TTFT5.2_TPOT10,Legacy-Remaining,0.0019543999806046486,66
w203-heterogeneous-slow,1,0.001,TTFT5.2_TPOT0.3,Raw-Remaining,0.002092299982905388,66
w203-heterogeneous-slow,1,0.001,TTFT5.2_TPOT0.3,Legacy-Full,0.0019008999806828797,66
w203-heterogeneous-slow,1,0.001,TTFT5.2_TPOT0.3,Legacy-Remaining,0.0019322999869473279,66
w203-heterogeneous-slow,1,0.001,TTFT5.2_TPOT0.3,Raw-Full,0.0019857999868690968,66
w203-heterogeneous-slow,1,0.001,TTFT5.2_TPOT1.2,Raw-Remaining,0.001927300007082522,66
w203-heterogeneous-slow,1,0.001,TTFT5.2_TPOT1.2,Legacy-Full,0.0019230000325478613,66
w203-heterogeneous-slow,1,0.001,TTFT5.2_TPOT1.2,Legacy-Remaining,0.001900100032798946,66
w203-heterogeneous-slow,1,0.001,TTFT5.2_TPOT1.2,Raw-Full,0.0018905000179074705,66
w203-heterogeneous-slow,1,0.001,TTFT5.2_TPOT5,Raw-Remaining,0.001878199982456863,66
w203-heterogeneous-slow,1,0.001,TTFT5.2_TPOT5,Legacy-Full,0.002485700009856373,66
w203-heterogeneous-slow,1,0.001,TTFT5.2_TPOT5,Legacy-Remaining,0.0019222000264562666,66
w203-heterogeneous-slow,1,0.001,TTFT5.2_TPOT5,Raw-Full,0.0018603999633342028,66
w203-heterogeneous-slow,1,0.001,TTFT5.2_TPOT10,Raw-Remaining,0.0019558999920263886,66
w203-heterogeneous-slow,1,0.001,TTFT5.2_TPOT10,Legacy-Full,0.001895099994726479,66
w203-heterogeneous-slow,1,0.001,TTFT5.2_TPOT10,Legacy-Remaining,0.0018924000323750079,66
w203-heterogeneous-slow,1,0.001,TTFT5.2_TPOT10,Raw-Full,0.0018396999803371727,66
w203-heterogeneous-slow,2,0.001,TTFT5.2_TPOT0.3,Legacy-Full,0.0024073999957181513,66
w203-heterogeneous-slow,2,0.001,TTFT5.2_TPOT0.3,Legacy-Remaining,0.0019064000225625932,66
w203-heterogeneous-slow,2,0.001,TTFT5.2_TPOT0.3,Raw-Full,0.001956899999640882,66
w203-heterogeneous-slow,2,0.001,TTFT5.2_TPOT0.3,Raw-Remaining,0.0019364000181667507,66
w203-heterogeneous-slow,2,0.001,TTFT5.2_TPOT1.2,Legacy-Full,0.0018814000068232417,66
w203-heterogeneous-slow,2,0.001,TTFT5.2_TPOT1.2,Legacy-Remaining,0.0018851999775506556,66
w203-heterogeneous-slow,2,0.001,TTFT5.2_TPOT1.2,Raw-Full,0.001956599997356534,66
w203-heterogeneous-slow,2,0.001,TTFT5.2_TPOT1.2,Raw-Remaining,0.0022354000248014927,66
w203-heterogeneous-slow,2,0.001,TTFT5.2_TPOT5,Legacy-Full,0.0019318999839015305,66
w203-heterogeneous-slow,2,0.001,TTFT5.2_TPOT5,Legacy-Remaining,0.0019357999553903937,66
w203-heterogeneous-slow,2,0.001,TTFT5.2_TPOT5,Raw-Full,0.001853699970524758,66
w203-heterogeneous-slow,2,0.001,TTFT5.2_TPOT5,Raw-Remaining,0.0018949999939650297,66
w203-heterogeneous-slow,2,0.001,TTFT5.2_TPOT10,Legacy-Full,0.0018832000205293298,66
w203-heterogeneous-slow,2,0.001,TTFT5.2_TPOT10,Legacy-Remaining,0.0019356999546289444,66
w203-heterogeneous-slow,2,0.001,TTFT5.2_TPOT10,Raw-Full,0.002022000029683113,66
w203-heterogeneous-slow,2,0.001,TTFT5.2_TPOT10,Raw-Remaining,0.0020143999718129635,66
w203-heterogeneous-slow,-2,0.004,TTFT5.2_TPOT0.3,Legacy-Remaining,0.0019206000142730772,66
w203-heterogeneous-slow,-2,0.004,TTFT5.2_TPOT0.3,Raw-Full,0.001941499998793006,66
w203-heterogeneous-slow,-2,0.004,TTFT5.2_TPOT0.3,Raw-Remaining,0.0019673999631777406,66
w203-heterogeneous-slow,-2,0.004,TTFT5.2_TPOT0.3,Legacy-Full,0.0018678999622352421,66
w203-heterogeneous-slow,-2,0.004,TTFT5.2_TPOT1.2,Legacy-Remaining,0.001939200039487332,66
w203-heterogeneous-slow,-2,0.004,TTFT5.2_TPOT1.2,Raw-Full,0.0022512999712489545,66
w203-heterogeneous-slow,-2,0.004,TTFT5.2_TPOT1.2,Raw-Remaining,0.0021523000323213637,66
w203-heterogeneous-slow,-2,0.004,TTFT5.2_TPOT1.2,Legacy-Full,0.0019143999670632184,66
w203-heterogeneous-slow,-2,0.004,TTFT5.2_TPOT5,Legacy-Remaining,0.0019576000049710274,66
w203-heterogeneous-slow,-2,0.004,TTFT5.2_TPOT5,Raw-Full,0.0018637000466696918,66
w203-heterogeneous-slow,-2,0.004,TTFT5.2_TPOT5,Raw-Remaining,0.0019887000089511275,66
w203-heterogeneous-slow,-2,0.004,TTFT5.2_TPOT5,Legacy-Full,0.001915499975439161,66
w203-heterogeneous-slow,-2,0.004,TTFT5.2_TPOT10,Legacy-Remaining,0.0020537999807856977,66
w203-heterogeneous-slow,-2,0.004,TTFT5.2_TPOT10,Raw-Full,0.0019150999723933637,66
w203-heterogeneous-slow,-2,0.004,TTFT5.2_TPOT10,Raw-Remaining,0.0020106000010855496,66
w203-heterogeneous-slow,-2,0.004,TTFT5.2_TPOT10,Legacy-Full,0.00195130001520738,66
w203-heterogeneous-slow,-1,0.004,TTFT5.2_TPOT0.3,Raw-Full,0.001858100004028529,66
w203-heterogeneous-slow,-1,0.004,TTFT5.2_TPOT0.3,Raw-Remaining,0.0019200000097043812,66
w203-heterogeneous-slow,-1,0.004,TTFT5.2_TPOT0.3,Legacy-Full,0.0019662000122480094,66
w203-heterogeneous-slow,-1,0.004,TTFT5.2_TPOT0.3,Legacy-Remaining,0.0019571000011637807,66
w203-heterogeneous-slow,-1,0.004,TTFT5.2_TPOT1.2,Raw-Full,0.0018372000195086002,66
w203-heterogeneous-slow,-1,0.004,TTFT5.2_TPOT1.2,Raw-Remaining,0.0019280000124126673,66
w203-heterogeneous-slow,-1,0.004,TTFT5.2_TPOT1.2,Legacy-Full,0.001976699975784868,66
w203-heterogeneous-slow,-1,0.004,TTFT5.2_TPOT1.2,Legacy-Remaining,0.0019114000024273992,66
w203-heterogeneous-slow,-1,0.004,TTFT5.2_TPOT5,Raw-Full,0.0018437000107951462,66
w203-heterogeneous-slow,-1,0.004,TTFT5.2_TPOT5,Raw-Remaining,0.0019385999767109752,66
w203-heterogeneous-slow,-1,0.004,TTFT5.2_TPOT5,Legacy-Full,0.002199999988079071,66
w203-heterogeneous-slow,-1,0.004,TTFT5.2_TPOT5,Legacy-Remaining,0.0019118000054731965,66
w203-heterogeneous-slow,-1,0.004,TTFT5.2_TPOT10,Raw-Full,0.0018287000129930675,66
w203-heterogeneous-slow,-1,0.004,TTFT5.2_TPOT10,Raw-Remaining,0.001974400016479194,66
w203-heterogeneous-slow,-1,0.004,TTFT5.2_TPOT10,Legacy-Full,0.0018326000426895916,66
w203-heterogeneous-slow,-1,0.004,TTFT5.2_TPOT10,Legacy-Remaining,0.0018683999660424888,66
w203-heterogeneous-slow,0,0.004,TTFT5.2_TPOT0.3,Raw-Remaining,0.002050100010819733,66
w203-heterogeneous-slow,0,0.004,TTFT5.2_TPOT0.3,Legacy-Full,0.0020942999981343746,66
w203-heterogeneous-slow,0,0.004,TTFT5.2_TPOT0.3,Legacy-Remaining,0.0018779999809339643,66
w203-heterogeneous-slow,0,0.004,TTFT5.2_TPOT0.3,Raw-Full,0.002013599965721369,66
w203-heterogeneous-slow,0,0.004,TTFT5.2_TPOT1.2,Raw-Remaining,0.0018682999652810395,66
w203-heterogeneous-slow,0,0.004,TTFT5.2_TPOT1.2,Legacy-Full,0.0019079000339843333,66
w203-heterogeneous-slow,0,0.004,TTFT5.2_TPOT1.2,Legacy-Remaining,0.0019082000362686813,66
w203-heterogeneous-slow,0,0.004,TTFT5.2_TPOT1.2,Raw-Full,0.0020380999776534736,66
w203-heterogeneous-slow,0,0.004,TTFT5.2_TPOT5,Raw-Remaining,0.001934400002937764,66
w203-heterogeneous-slow,0,0.004,TTFT5.2_TPOT5,Legacy-Full,0.0018863999866880476,66
w203-heterogeneous-slow,0,0.004,TTFT5.2_TPOT5,Legacy-Remaining,0.001832399982959032,66
w203-heterogeneous-slow,0,0.004,TTFT5.2_TPOT5,Raw-Full,0.0019094999879598618,66
w203-heterogeneous-slow,0,0.004,TTFT5.2_TPOT10,Raw-Remaining,0.0019161999807693064,66
w203-heterogeneous-slow,0,0.004,TTFT5.2_TPOT10,Legacy-Full,0.0018834999646060169,66
w203-heterogeneous-slow,0,0.004,TTFT5.2_TPOT10,Legacy-Remaining,0.001861700031440705,66
w203-heterogeneous-slow,0,0.004,TTFT5.2_TPOT10,Raw-Full,0.002134900016244501,66
w203-heterogeneous-slow,1,0.004,TTFT5.2_TPOT0.3,Legacy-Full,0.001902199990581721,66
w203-heterogeneous-slow,1,0.004,TTFT5.2_TPOT0.3,Legacy-Remaining,0.0019446999649517238,66
w203-heterogeneous-slow,1,0.004,TTFT5.2_TPOT0.3,Raw-Full,0.0019102999940514565,66
w203-heterogeneous-slow,1,0.004,TTFT5.2_TPOT0.3,Raw-Remaining,0.0019159999792464077,66
w203-heterogeneous-slow,1,0.004,TTFT5.2_TPOT1.2,Legacy-Full,0.001874400011729449,66
w203-heterogeneous-slow,1,0.004,TTFT5.2_TPOT1.2,Legacy-Remaining,0.002178700000513345,66
w203-heterogeneous-slow,1,0.004,TTFT5.2_TPOT1.2,Raw-Full,0.001879099989309907,66
w203-heterogeneous-slow,1,0.004,TTFT5.2_TPOT1.2,Raw-Remaining,0.0019052000134252012,66
w203-heterogeneous-slow,1,0.004,TTFT5.2_TPOT5,Legacy-Full,0.001931800041347742,66
w203-heterogeneous-slow,1,0.004,TTFT5.2_TPOT5,Legacy-Remaining,0.0018677000189200044,66
w203-heterogeneous-slow,1,0.004,TTFT5.2_TPOT5,Raw-Full,0.0019198000081814826,66
w203-heterogeneous-slow,1,0.004,TTFT5.2_TPOT5,Raw-Remaining,0.0018863999866880476,66
w203-heterogeneous-slow,1,0.004,TTFT5.2_TPOT10,Legacy-Full,0.0024905999889597297,66
w203-heterogeneous-slow,1,0.004,TTFT5.2_TPOT10,Legacy-Remaining,0.002340999955777079,66
w203-heterogeneous-slow,1,0.004,TTFT5.2_TPOT10,Raw-Full,0.0021673000301234424,66
w203-heterogeneous-slow,1,0.004,TTFT5.2_TPOT10,Raw-Remaining,0.0019097999902442098,66
w203-heterogeneous-slow,2,0.004,TTFT5.2_TPOT0.3,Legacy-Remaining,0.001959300017915666,66
w203-heterogeneous-slow,2,0.004,TTFT5.2_TPOT0.3,Raw-Full,0.0019262999994680285,66
w203-heterogeneous-slow,2,0.004,TTFT5.2_TPOT0.3,Raw-Remaining,0.0021111000096425414,66
w203-heterogeneous-slow,2,0.004,TTFT5.2_TPOT0.3,Legacy-Full,0.0019037000020034611,66
w203-heterogeneous-slow,2,0.004,TTFT5.2_TPOT1.2,Legacy-Remaining,0.001947699987795204,66
w203-heterogeneous-slow,2,0.004,TTFT5.2_TPOT1.2,Raw-Full,0.0019626999855972826,66
w203-heterogeneous-slow,2,0.004,TTFT5.2_TPOT1.2,Raw-Remaining,0.001921099959872663,66
w203-heterogeneous-slow,2,0.004,TTFT5.2_TPOT1.2,Legacy-Full,0.0019561999943107367,66
w203-heterogeneous-slow,2,0.004,TTFT5.2_TPOT5,Legacy-Remaining,0.0019207000150345266,66
w203-heterogeneous-slow,2,0.004,TTFT5.2_TPOT5,Raw-Full,0.002094399998895824,66
w203-heterogeneous-slow,2,0.004,TTFT5.2_TPOT5,Raw-Remaining,0.0019467000383883715,66
w203-heterogeneous-slow,2,0.004,TTFT5.2_TPOT5,Legacy-Full,0.0019043000065721571,66
w203-heterogeneous-slow,2,0.004,TTFT5.2_TPOT10,Legacy-Remaining,0.0018837000243365765,66
w203-heterogeneous-slow,2,0.004,TTFT5.2_TPOT10,Raw-Full,0.0019191000028513372,66
w203-heterogeneous-slow,2,0.004,TTFT5.2_TPOT10,Raw-Remaining,0.0018984999624080956,66
w203-heterogeneous-slow,2,0.004,TTFT5.2_TPOT10,Legacy-Full,0.0019266000017523766,66
w203-heterogeneous-slow,-2,0.016,TTFT5.2_TPOT0.3,Raw-Full,0.0025281000416725874,66
w203-heterogeneous-slow,-2,0.016,TTFT5.2_TPOT0.3,Raw-Remaining,0.0019039000035263598,66
w203-heterogeneous-slow,-2,0.016,TTFT5.2_TPOT0.3,Legacy-Full,0.0019434000132605433,66
w203-heterogeneous-slow,-2,0.016,TTFT5.2_TPOT0.3,Legacy-Remaining,0.0020134999649599195,66
w203-heterogeneous-slow,-2,0.016,TTFT5.2_TPOT1.2,Raw-Full,0.001874700014013797,66
w203-heterogeneous-slow,-2,0.016,TTFT5.2_TPOT1.2,Raw-Remaining,0.0018767999717965722,66
w203-heterogeneous-slow,-2,0.016,TTFT5.2_TPOT1.2,Legacy-Full,0.002173599961679429,66
w203-heterogeneous-slow,-2,0.016,TTFT5.2_TPOT1.2,Legacy-Remaining,0.0019221000256948173,66
w203-heterogeneous-slow,-2,0.016,TTFT5.2_TPOT5,Raw-Full,0.0020691000390797853,66
w203-heterogeneous-slow,-2,0.016,TTFT5.2_TPOT5,Raw-Remaining,0.0019530000281520188,66
w203-heterogeneous-slow,-2,0.016,TTFT5.2_TPOT5,Legacy-Full,0.0019085000385530293,66
w203-heterogeneous-slow,-2,0.016,TTFT5.2_TPOT5,Legacy-Remaining,0.0018709999858401716,66
w203-heterogeneous-slow,-2,0.016,TTFT5.2_TPOT10,Raw-Full,0.0019845000351779163,66
w203-heterogeneous-slow,-2,0.016,TTFT5.2_TPOT10,Raw-Remaining,0.0020186000037938356,66
w203-heterogeneous-slow,-2,0.016,TTFT5.2_TPOT10,Legacy-Full,0.0020249999943189323,66
w203-heterogeneous-slow,-2,0.016,TTFT5.2_TPOT10,Legacy-Remaining,0.001956899999640882,66
w203-heterogeneous-slow,-1,0.016,TTFT5.2_TPOT0.3,Raw-Remaining,0.0019256999948993325,66
w203-heterogeneous-slow,-1,0.016,TTFT5.2_TPOT0.3,Legacy-Full,0.0019326999899931252,66
w203-heterogeneous-slow,-1,0.016,TTFT5.2_TPOT0.3,Legacy-Remaining,0.002077000041026622,66
w203-heterogeneous-slow,-1,0.016,TTFT5.2_TPOT0.3,Raw-Full,0.001973100006580353,66
w203-heterogeneous-slow,-1,0.016,TTFT5.2_TPOT1.2,Raw-Remaining,0.002018700004555285,66
w203-heterogeneous-slow,-1,0.016,TTFT5.2_TPOT1.2,Legacy-Full,0.001994699996430427,66
w203-heterogeneous-slow,-1,0.016,TTFT5.2_TPOT1.2,Legacy-Remaining,0.0019736000103875995,66
w203-heterogeneous-slow,-1,0.016,TTFT5.2_TPOT1.2,Raw-Full,0.0018721999949775636,66
w203-heterogeneous-slow,-1,0.016,TTFT5.2_TPOT5,Raw-Remaining,0.0020027999999001622,66
w203-heterogeneous-slow,-1,0.016,TTFT5.2_TPOT5,Legacy-Full,0.0019678999669849873,66
w203-heterogeneous-slow,-1,0.016,TTFT5.2_TPOT5,Legacy-Remaining,0.001927000004798174,66
w203-heterogeneous-slow,-1,0.016,TTFT5.2_TPOT5,Raw-Full,0.0021093999966979027,66
w203-heterogeneous-slow,-1,0.016,TTFT5.2_TPOT10,Raw-Remaining,0.0019256999948993325,66
w203-heterogeneous-slow,-1,0.016,TTFT5.2_TPOT10,Legacy-Full,0.001998000021558255,66
w203-heterogeneous-slow,-1,0.016,TTFT5.2_TPOT10,Legacy-Remaining,0.0019245999865233898,66
w203-heterogeneous-slow,-1,0.016,TTFT5.2_TPOT10,Raw-Full,0.001898299960885197,66
w203-heterogeneous-slow,0,0.016,TTFT5.2_TPOT0.3,Legacy-Full,0.0018640999915078282,66
w203-heterogeneous-slow,0,0.016,TTFT5.2_TPOT0.3,Legacy-Remaining,0.002140600001439452,66
w203-heterogeneous-slow,0,0.016,TTFT5.2_TPOT0.3,Raw-Full,0.0018975000130012631,66
w203-heterogeneous-slow,0,0.016,TTFT5.2_TPOT0.3,Raw-Remaining,0.001951900019776076,66
w203-heterogeneous-slow,0,0.016,TTFT5.2_TPOT1.2,Legacy-Full,0.001908099977299571,66
w203-heterogeneous-slow,0,0.016,TTFT5.2_TPOT1.2,Legacy-Remaining,0.001887399994302541,66
w203-heterogeneous-slow,0,0.016,TTFT5.2_TPOT1.2,Raw-Full,0.0019280000124126673,66
w203-heterogeneous-slow,0,0.016,TTFT5.2_TPOT1.2,Raw-Remaining,0.0019375999690964818,66
w203-heterogeneous-slow,0,0.016,TTFT5.2_TPOT5,Legacy-Full,0.0019156999769620597,66
w203-heterogeneous-slow,0,0.016,TTFT5.2_TPOT5,Legacy-Remaining,0.0019466999801807106,66
w203-heterogeneous-slow,0,0.016,TTFT5.2_TPOT5,Raw-Full,0.0018829000182449818,66
w203-heterogeneous-slow,0,0.016,TTFT5.2_TPOT5,Raw-Remaining,0.001900999981444329,66
w203-heterogeneous-slow,0,0.016,TTFT5.2_TPOT10,Legacy-Full,0.0019249999895691872,66
w203-heterogeneous-slow,0,0.016,TTFT5.2_TPOT10,Legacy-Remaining,0.0018832000205293298,66
w203-heterogeneous-slow,0,0.016,TTFT5.2_TPOT10,Raw-Full,0.0018903000163845718,66
w203-heterogeneous-slow,0,0.016,TTFT5.2_TPOT10,Raw-Remaining,0.001887400052510202,66
w203-heterogeneous-slow,1,0.016,TTFT5.2_TPOT0.3,Legacy-Remaining,0.002281300025060773,66
w203-heterogeneous-slow,1,0.016,TTFT5.2_TPOT0.3,Raw-Full,0.001949199999216944,66
w203-heterogeneous-slow,1,0.016,TTFT5.2_TPOT0.3,Raw-Remaining,0.0019524999661371112,66
w203-heterogeneous-slow,1,0.016,TTFT5.2_TPOT0.3,Legacy-Full,0.002027000009547919,66
w203-heterogeneous-slow,1,0.016,TTFT5.2_TPOT1.2,Legacy-Remaining,0.001910200051497668,66
w203-heterogeneous-slow,1,0.016,TTFT5.2_TPOT1.2,Raw-Full,0.0018783000414259732,66
w203-heterogeneous-slow,1,0.016,TTFT5.2_TPOT1.2,Raw-Remaining,0.0018994000274688005,66
w203-heterogeneous-slow,1,0.016,TTFT5.2_TPOT1.2,Legacy-Full,0.002152099972590804,66
w203-heterogeneous-slow,1,0.016,TTFT5.2_TPOT5,Legacy-Remaining,0.0019265000009909272,66
w203-heterogeneous-slow,1,0.016,TTFT5.2_TPOT5,Raw-Full,0.0019169000443071127,66
w203-heterogeneous-slow,1,0.016,TTFT5.2_TPOT5,Raw-Remaining,0.0019412999972701073,66
w203-heterogeneous-slow,1,0.016,TTFT5.2_TPOT5,Legacy-Full,0.0018781000399030745,66
w203-heterogeneous-slow,1,0.016,TTFT5.2_TPOT10,Legacy-Remaining,0.0019023000495508313,66
w203-heterogeneous-slow,1,0.016,TTFT5.2_TPOT10,Raw-Full,0.0018978000152856112,66
w203-heterogeneous-slow,1,0.016,TTFT5.2_TPOT10,Raw-Remaining,0.002062999992631376,66
w203-heterogeneous-slow,1,0.016,TTFT5.2_TPOT10,Legacy-Full,0.001932400045916438,66
w203-heterogeneous-slow,2,0.016,TTFT5.2_TPOT0.3,Raw-Full,0.0018834000220522285,66
w203-heterogeneous-slow,2,0.016,TTFT5.2_TPOT0.3,Raw-Remaining,0.0019919999758712947,66
w203-heterogeneous-slow,2,0.016,TTFT5.2_TPOT0.3,Legacy-Full,0.0019093999871984124,66
w203-heterogeneous-slow,2,0.016,TTFT5.2_TPOT0.3,Legacy-Remaining,0.001915500033646822,66
w203-heterogeneous-slow,2,0.016,TTFT5.2_TPOT1.2,Raw-Full,0.0019063999643549323,66
w203-heterogeneous-slow,2,0.016,TTFT5.2_TPOT1.2,Raw-Remaining,0.00198090000776574,66
w203-heterogeneous-slow,2,0.016,TTFT5.2_TPOT1.2,Legacy-Full,0.0018612000276334584,66
w203-heterogeneous-slow,2,0.016,TTFT5.2_TPOT1.2,Legacy-Remaining,0.0018961000023409724,66
w203-heterogeneous-slow,2,0.016,TTFT5.2_TPOT5,Raw-Full,0.0018549999804235995,66
w203-heterogeneous-slow,2,0.016,TTFT5.2_TPOT5,Raw-Remaining,0.0019593999604694545,66
w203-heterogeneous-slow,2,0.016,TTFT5.2_TPOT5,Legacy-Full,0.0019467999809421599,66
w203-heterogeneous-slow,2,0.016,TTFT5.2_TPOT5,Legacy-Remaining,0.001922299969010055,66
w203-heterogeneous-slow,2,0.016,TTFT5.2_TPOT10,Raw-Full,0.002338999998755753,66
w203-heterogeneous-slow,2,0.016,TTFT5.2_TPOT10,Raw-Remaining,0.0019242999842390418,66
w203-heterogeneous-slow,2,0.016,TTFT5.2_TPOT10,Legacy-Full,0.0018768999725580215,66
w203-heterogeneous-slow,2,0.016,TTFT5.2_TPOT10,Legacy-Remaining,0.001986699993722141,66
w203-heterogeneous-slow,-2,0.064,TTFT5.2_TPOT0.3,Raw-Remaining,0.0018412999925203621,66
w203-heterogeneous-slow,-2,0.064,TTFT5.2_TPOT0.3,Legacy-Full,0.0018354000058025122,66
w203-heterogeneous-slow,-2,0.064,TTFT5.2_TPOT0.3,Legacy-Remaining,0.001915199973154813,66
w203-heterogeneous-slow,-2,0.064,TTFT5.2_TPOT0.3,Raw-Full,0.0023221999872475863,66
w203-heterogeneous-slow,-2,0.064,TTFT5.2_TPOT1.2,Raw-Remaining,0.0018970000091940165,66
w203-heterogeneous-slow,-2,0.064,TTFT5.2_TPOT1.2,Legacy-Full,0.0018788999877870083,66
w203-heterogeneous-slow,-2,0.064,TTFT5.2_TPOT1.2,Legacy-Remaining,0.0018759999657049775,66
w203-heterogeneous-slow,-2,0.064,TTFT5.2_TPOT1.2,Raw-Full,0.002008099982049316,66
w203-heterogeneous-slow,-2,0.064,TTFT5.2_TPOT5,Raw-Remaining,0.0020406999974511564,66
w203-heterogeneous-slow,-2,0.064,TTFT5.2_TPOT5,Legacy-Full,0.002591199998278171,66
w203-heterogeneous-slow,-2,0.064,TTFT5.2_TPOT5,Legacy-Remaining,0.0020260000019334257,66
w203-heterogeneous-slow,-2,0.064,TTFT5.2_TPOT5,Raw-Full,0.002054200042039156,66
w203-heterogeneous-slow,-2,0.064,TTFT5.2_TPOT10,Raw-Remaining,0.0019020999898202717,66
w203-heterogeneous-slow,-2,0.064,TTFT5.2_TPOT10,Legacy-Full,0.0019233999773859978,66
w203-heterogeneous-slow,-2,0.064,TTFT5.2_TPOT10,Legacy-Remaining,0.001975600025616586,66
w203-heterogeneous-slow,-2,0.064,TTFT5.2_TPOT10,Raw-Full,0.0019242000416852534,66
w203-heterogeneous-slow,-1,0.064,TTFT5.2_TPOT0.3,Legacy-Full,0.0023048999719321728,66
w203-heterogeneous-slow,-1,0.064,TTFT5.2_TPOT0.3,Legacy-Remaining,0.0018979000160470605,66
w203-heterogeneous-slow,-1,0.064,TTFT5.2_TPOT0.3,Raw-Full,0.0019638999947346747,66
w203-heterogeneous-slow,-1,0.064,TTFT5.2_TPOT0.3,Raw-Remaining,0.0019361000158824027,66
w203-heterogeneous-slow,-1,0.064,TTFT5.2_TPOT1.2,Legacy-Full,0.0019090999849140644,66
w203-heterogeneous-slow,-1,0.064,TTFT5.2_TPOT1.2,Legacy-Remaining,0.0020142000284977257,66
w203-heterogeneous-slow,-1,0.064,TTFT5.2_TPOT1.2,Raw-Full,0.0018800999969244003,66
w203-heterogeneous-slow,-1,0.064,TTFT5.2_TPOT1.2,Raw-Remaining,0.0024723000242374837,66
w203-heterogeneous-slow,-1,0.064,TTFT5.2_TPOT5,Legacy-Full,0.0018708999850787222,66
w203-heterogeneous-slow,-1,0.064,TTFT5.2_TPOT5,Legacy-Remaining,0.0018678999622352421,66
w203-heterogeneous-slow,-1,0.064,TTFT5.2_TPOT5,Raw-Full,0.0019130000146105886,66
w203-heterogeneous-slow,-1,0.064,TTFT5.2_TPOT5,Raw-Remaining,0.001865500002168119,66
w203-heterogeneous-slow,-1,0.064,TTFT5.2_TPOT10,Legacy-Full,0.0018529000226408243,66
w203-heterogeneous-slow,-1,0.064,TTFT5.2_TPOT10,Legacy-Remaining,0.002002499997615814,66
w203-heterogeneous-slow,-1,0.064,TTFT5.2_TPOT10,Raw-Full,0.0018686000257730484,66
w203-heterogeneous-slow,-1,0.064,TTFT5.2_TPOT10,Raw-Remaining,0.0018855000380426645,66
w203-heterogeneous-slow,0,0.064,TTFT5.2_TPOT0.3,Legacy-Remaining,0.0008762000361457467,27
w203-heterogeneous-slow,0,0.064,TTFT5.2_TPOT0.3,Raw-Full,0.001851599954534322,66
w203-heterogeneous-slow,0,0.064,TTFT5.2_TPOT0.3,Raw-Remaining,0.0018954999977722764,66
w203-heterogeneous-slow,0,0.064,TTFT5.2_TPOT0.3,Legacy-Full,0.0008414000039920211,27
w203-heterogeneous-slow,0,0.064,TTFT5.2_TPOT1.2,Legacy-Remaining,0.0009054000256583095,27
w203-heterogeneous-slow,0,0.064,TTFT5.2_TPOT1.2,Raw-Full,0.0019265000009909272,66
w203-heterogeneous-slow,0,0.064,TTFT5.2_TPOT1.2,Raw-Remaining,0.0020741000189445913,66
w203-heterogeneous-slow,0,0.064,TTFT5.2_TPOT1.2,Legacy-Full,0.0008407999994233251,27
w203-heterogeneous-slow,0,0.064,TTFT5.2_TPOT5,Legacy-Remaining,0.002047099987976253,66
w203-heterogeneous-slow,0,0.064,TTFT5.2_TPOT5,Raw-Full,0.0018822999554686248,66
w203-heterogeneous-slow,0,0.064,TTFT5.2_TPOT5,Raw-Remaining,0.0018999000312760472,66
w203-heterogeneous-slow,0,0.064,TTFT5.2_TPOT5,Legacy-Full,0.0019975000177510083,66
w203-heterogeneous-slow,0,0.064,TTFT5.2_TPOT10,Legacy-Remaining,0.0019895000150427222,66
w203-heterogeneous-slow,0,0.064,TTFT5.2_TPOT10,Raw-Full,0.0020991999772377312,66
w203-heterogeneous-slow,0,0.064,TTFT5.2_TPOT10,Raw-Remaining,0.0022613999899476767,66
w203-heterogeneous-slow,0,0.064,TTFT5.2_TPOT10,Legacy-Full,0.0019783999887295067,66
w203-heterogeneous-slow,1,0.064,TTFT5.2_TPOT0.3,Raw-Full,0.0008483999990858138,27
w203-heterogeneous-slow,1,0.064,TTFT5.2_TPOT0.3,Raw-Remaining,0.0008604999748058617,27
w203-heterogeneous-slow,1,0.064,TTFT5.2_TPOT0.3,Legacy-Full,0.0009614999871701002,27
w203-heterogeneous-slow,1,0.064,TTFT5.2_TPOT0.3,Legacy-Remaining,0.0008326999959535897,27
w203-heterogeneous-slow,1,0.064,TTFT5.2_TPOT1.2,Raw-Full,0.0008165999897755682,27
w203-heterogeneous-slow,1,0.064,TTFT5.2_TPOT1.2,Raw-Remaining,0.0008882000111043453,27
w203-heterogeneous-slow,1,0.064,TTFT5.2_TPOT1.2,Legacy-Full,0.0008643000037409365,27
w203-heterogeneous-slow,1,0.064,TTFT5.2_TPOT1.2,Legacy-Remaining,0.0008384999819099903,27
w203-heterogeneous-slow,1,0.064,TTFT5.2_TPOT5,Raw-Full,0.0021042999578639865,66
w203-heterogeneous-slow,1,0.064,TTFT5.2_TPOT5,Raw-Remaining,0.001994099991861731,66
w203-heterogeneous-slow,1,0.064,TTFT5.2_TPOT5,Legacy-Full,0.0020176999969407916,66
w203-heterogeneous-slow,1,0.064,TTFT5.2_TPOT5,Legacy-Remaining,0.0020821000216528773,66
w203-heterogeneous-slow,1,0.064,TTFT5.2_TPOT10,Raw-Full,0.0019249999895691872,66
w203-heterogeneous-slow,1,0.064,TTFT5.2_TPOT10,Raw-Remaining,0.0019293000223115087,66
w203-heterogeneous-slow,1,0.064,TTFT5.2_TPOT10,Legacy-Full,0.0021250999998301268,66
w203-heterogeneous-slow,1,0.064,TTFT5.2_TPOT10,Legacy-Remaining,0.0020673999679274857,66
w203-heterogeneous-slow,2,0.064,TTFT5.2_TPOT0.3,Raw-Remaining,0.0009333000052720308,27
w203-heterogeneous-slow,2,0.064,TTFT5.2_TPOT0.3,Legacy-Full,0.0008175999973900616,26
w203-heterogeneous-slow,2,0.064,TTFT5.2_TPOT0.3,Legacy-Remaining,0.0008529000333510339,26
w203-heterogeneous-slow,2,0.064,TTFT5.2_TPOT0.3,Raw-Full,0.0008411000017076731,27
w203-heterogeneous-slow,2,0.064,TTFT5.2_TPOT1.2,Raw-Remaining,0.0008786999969743192,27
w203-heterogeneous-slow,2,0.064,TTFT5.2_TPOT1.2,Legacy-Full,0.0008114000083878636,26
w203-heterogeneous-slow,2,0.064,TTFT5.2_TPOT1.2,Legacy-Remaining,0.0008268000092357397,26
w203-heterogeneous-slow,2,0.064,TTFT5.2_TPOT1.2,Raw-Full,0.000921799975913018,27
w203-heterogeneous-slow,2,0.064,TTFT5.2_TPOT5,Raw-Remaining,0.0019970000139437616,66
w203-heterogeneous-slow,2,0.064,TTFT5.2_TPOT5,Legacy-Full,0.002355900011025369,66
w203-heterogeneous-slow,2,0.064,TTFT5.2_TPOT5,Legacy-Remaining,0.002080499951262027,66
w203-heterogeneous-slow,2,0.064,TTFT5.2_TPOT5,Raw-Full,0.0019391999812796712,66
w203-heterogeneous-slow,2,0.064,TTFT5.2_TPOT10,Raw-Remaining,0.002026399946771562,66
w203-heterogeneous-slow,2,0.064,TTFT5.2_TPOT10,Legacy-Full,0.0020400999928824604,66
w203-heterogeneous-slow,2,0.064,TTFT5.2_TPOT10,Legacy-Remaining,0.002094099996611476,66
w203-heterogeneous-slow,2,0.064,TTFT5.2_TPOT10,Raw-Full,0.0019447999657131732,66
w203-heterogeneous-slow,-2,0.256,TTFT5.2_TPOT0.3,Legacy-Full,0.00035119999665766954,9
w203-heterogeneous-slow,-2,0.256,TTFT5.2_TPOT0.3,Legacy-Remaining,0.0003252000315114856,9
w203-heterogeneous-slow,-2,0.256,TTFT5.2_TPOT0.3,Raw-Full,0.0003239000216126442,9
w203-heterogeneous-slow,-2,0.256,TTFT5.2_TPOT0.3,Raw-Remaining,0.00032680004369467497,9
w203-heterogeneous-slow,-2,0.256,TTFT5.2_TPOT1.2,Legacy-Full,0.00031160004436969757,9
w203-heterogeneous-slow,-2,0.256,TTFT5.2_TPOT1.2,Legacy-Remaining,0.0003700000233948231,9
w203-heterogeneous-slow,-2,0.256,TTFT5.2_TPOT1.2,Raw-Full,0.00031479995232075453,9
w203-heterogeneous-slow,-2,0.256,TTFT5.2_TPOT1.2,Raw-Remaining,0.00032160000409930944,9
w203-heterogeneous-slow,-2,0.256,TTFT5.2_TPOT5,Legacy-Full,0.0032965000136755407,66
w203-heterogeneous-slow,-2,0.256,TTFT5.2_TPOT5,Legacy-Remaining,0.0033138999715447426,66
w203-heterogeneous-slow,-2,0.256,TTFT5.2_TPOT5,Raw-Full,0.0033334000036120415,66
w203-heterogeneous-slow,-2,0.256,TTFT5.2_TPOT5,Raw-Remaining,0.0031649000011384487,66
w203-heterogeneous-slow,-2,0.256,TTFT5.2_TPOT10,Legacy-Full,0.003196000005118549,66
w203-heterogeneous-slow,-2,0.256,TTFT5.2_TPOT10,Legacy-Remaining,0.003192199976183474,66
w203-heterogeneous-slow,-2,0.256,TTFT5.2_TPOT10,Raw-Full,0.0031962000066414475,66
w203-heterogeneous-slow,-2,0.256,TTFT5.2_TPOT10,Raw-Remaining,0.0033165999921038747,66
w203-heterogeneous-slow,-1,0.256,TTFT5.2_TPOT0.3,Legacy-Remaining,0.00029609998455271125,8
w203-heterogeneous-slow,-1,0.256,TTFT5.2_TPOT0.3,Raw-Full,0.00034630001755431294,9
w203-heterogeneous-slow,-1,0.256,TTFT5.2_TPOT0.3,Raw-Remaining,0.0003217000048607588,9
w203-heterogeneous-slow,-1,0.256,TTFT5.2_TPOT0.3,Legacy-Full,0.0003315000212751329,8
w203-heterogeneous-slow,-1,0.256,TTFT5.2_TPOT1.2,Legacy-Remaining,0.00029660004656761885,8
w203-heterogeneous-slow,-1,0.256,TTFT5.2_TPOT1.2,Raw-Full,0.000320300052408129,9
w203-heterogeneous-slow,-1,0.256,TTFT5.2_TPOT1.2,Raw-Remaining,0.00036419997923076153,9
w203-heterogeneous-slow,-1,0.256,TTFT5.2_TPOT1.2,Legacy-Full,0.00028979999478906393,8
w203-heterogeneous-slow,-1,0.256,TTFT5.2_TPOT5,Legacy-Remaining,0.0033520000288262963,66
w203-heterogeneous-slow,-1,0.256,TTFT5.2_TPOT5,Raw-Full,0.0031869999947957695,66
w203-heterogeneous-slow,-1,0.256,TTFT5.2_TPOT5,Raw-Remaining,0.0037107999669387937,66
w203-heterogeneous-slow,-1,0.256,TTFT5.2_TPOT5,Legacy-Full,0.003277999989222735,66
w203-heterogeneous-slow,-1,0.256,TTFT5.2_TPOT10,Legacy-Remaining,0.0032925999839790165,66
w203-heterogeneous-slow,-1,0.256,TTFT5.2_TPOT10,Raw-Full,0.003132999991066754,66
w203-heterogeneous-slow,-1,0.256,TTFT5.2_TPOT10,Raw-Remaining,0.003920099989045411,66
w203-heterogeneous-slow,-1,0.256,TTFT5.2_TPOT10,Legacy-Full,0.003438299987465143,66
w203-heterogeneous-slow,0,0.256,TTFT5.2_TPOT0.3,Raw-Full,0.00029659998835995793,8
w203-heterogeneous-slow,0,0.256,TTFT5.2_TPOT0.3,Raw-Remaining,0.000291600008495152,8
w203-heterogeneous-slow,0,0.256,TTFT5.2_TPOT0.3,Legacy-Full,0.0003622000222094357,8
w203-heterogeneous-slow,0,0.256,TTFT5.2_TPOT0.3,Legacy-Remaining,0.0002994999522343278,8
w203-heterogeneous-slow,0,0.256,TTFT5.2_TPOT1.2,Raw-Full,0.00028440001187846065,8
w203-heterogeneous-slow,0,0.256,TTFT5.2_TPOT1.2,Raw-Remaining,0.0002927000168710947,8
w203-heterogeneous-slow,0,0.256,TTFT5.2_TPOT1.2,Legacy-Full,0.00027710001450031996,8
w203-heterogeneous-slow,0,0.256,TTFT5.2_TPOT1.2,Legacy-Remaining,0.0002950999769382179,8
w203-heterogeneous-slow,0,0.256,TTFT5.2_TPOT5,Raw-Full,0.0032253999961540103,66
w203-heterogeneous-slow,0,0.256,TTFT5.2_TPOT5,Raw-Remaining,0.0032908000284805894,66
w203-heterogeneous-slow,0,0.256,TTFT5.2_TPOT5,Legacy-Full,0.0032541999826207757,66
w203-heterogeneous-slow,0,0.256,TTFT5.2_TPOT5,Legacy-Remaining,0.003297500021290034,66
w203-heterogeneous-slow,0,0.256,TTFT5.2_TPOT10,Raw-Full,0.0031543999793939292,66
w203-heterogeneous-slow,0,0.256,TTFT5.2_TPOT10,Raw-Remaining,0.0033009000471793115,66
w203-heterogeneous-slow,0,0.256,TTFT5.2_TPOT10,Legacy-Full,0.0033389999880455434,66
w203-heterogeneous-slow,0,0.256,TTFT5.2_TPOT10,Legacy-Remaining,0.0033224999788217247,66
w203-heterogeneous-slow,1,0.256,TTFT5.2_TPOT0.3,Raw-Remaining,0.0002969999914057553,8
w203-heterogeneous-slow,1,0.256,TTFT5.2_TPOT0.3,Legacy-Full,0.0003288000007160008,8
w203-heterogeneous-slow,1,0.256,TTFT5.2_TPOT0.3,Legacy-Remaining,0.0002953999792225659,8
w203-heterogeneous-slow,1,0.256,TTFT5.2_TPOT0.3,Raw-Full,0.0002818999928422272,8
w203-heterogeneous-slow,1,0.256,TTFT5.2_TPOT1.2,Raw-Remaining,0.0002986000035889447,8
w203-heterogeneous-slow,1,0.256,TTFT5.2_TPOT1.2,Legacy-Full,0.0002826999989338219,8
w203-heterogeneous-slow,1,0.256,TTFT5.2_TPOT1.2,Legacy-Remaining,0.0002899999963119626,8
w203-heterogeneous-slow,1,0.256,TTFT5.2_TPOT1.2,Raw-Full,0.00029830000130459666,8
w203-heterogeneous-slow,1,0.256,TTFT5.2_TPOT5,Raw-Remaining,0.0036795000196434557,66
w203-heterogeneous-slow,1,0.256,TTFT5.2_TPOT5,Legacy-Full,0.0033381999819539487,66
w203-heterogeneous-slow,1,0.256,TTFT5.2_TPOT5,Legacy-Remaining,0.0034083000500686467,66
w203-heterogeneous-slow,1,0.256,TTFT5.2_TPOT5,Raw-Full,0.0032542000408284366,66
w203-heterogeneous-slow,1,0.256,TTFT5.2_TPOT10,Raw-Remaining,0.003361599985510111,66
w203-heterogeneous-slow,1,0.256,TTFT5.2_TPOT10,Legacy-Full,0.003339199989568442,66
w203-heterogeneous-slow,1,0.256,TTFT5.2_TPOT10,Legacy-Remaining,0.003268800035584718,66
w203-heterogeneous-slow,1,0.256,TTFT5.2_TPOT10,Raw-Full,0.003253400034736842,66
w203-heterogeneous-slow,2,0.256,TTFT5.2_TPOT0.3,Legacy-Full,0.00029830000130459666,8
w203-heterogeneous-slow,2,0.256,TTFT5.2_TPOT0.3,Legacy-Remaining,0.000291300006210804,8
w203-heterogeneous-slow,2,0.256,TTFT5.2_TPOT0.3,Raw-Full,0.0002986000035889447,8
w203-heterogeneous-slow,2,0.256,TTFT5.2_TPOT0.3,Raw-Remaining,0.0002964999875985086,8
w203-heterogeneous-slow,2,0.256,TTFT5.2_TPOT1.2,Legacy-Full,0.0002820999943651259,8
w203-heterogeneous-slow,2,0.256,TTFT5.2_TPOT1.2,Legacy-Remaining,0.0003418000414967537,8
w203-heterogeneous-slow,2,0.256,TTFT5.2_TPOT1.2,Raw-Full,0.00028739997651427984,8
w203-heterogeneous-slow,2,0.256,TTFT5.2_TPOT1.2,Raw-Remaining,0.00028639996889978647,8
w203-heterogeneous-slow,2,0.256,TTFT5.2_TPOT5,Legacy-Full,0.0034033999545499682,66
w203-heterogeneous-slow,2,0.256,TTFT5.2_TPOT5,Legacy-Remaining,0.0034559000050649047,66
w203-heterogeneous-slow,2,0.256,TTFT5.2_TPOT5,Raw-Full,0.0032728000078350306,66
w203-heterogeneous-slow,2,0.256,TTFT5.2_TPOT5,Raw-Remaining,0.0034058000310324132,66
w203-heterogeneous-slow,2,0.256,TTFT5.2_TPOT10,Legacy-Full,0.0035447999835014343,66
w203-heterogeneous-slow,2,0.256,TTFT5.2_TPOT10,Legacy-Remaining,0.0033770999871194363,66
w203-heterogeneous-slow,2,0.256,TTFT5.2_TPOT10,Raw-Full,0.0033106000046245754,66
w203-heterogeneous-slow,2,0.256,TTFT5.2_TPOT10,Raw-Remaining,0.0035722999600693583,66
w203-heterogeneous-slow,-2,1.024,TTFT5.2_TPOT0.3,Legacy-Remaining,0.00018700002692639828,4
w203-heterogeneous-slow,-2,1.024,TTFT5.2_TPOT0.3,Raw-Full,0.00017579999985173345,4
w203-heterogeneous-slow,-2,1.024,TTFT5.2_TPOT0.3,Raw-Remaining,0.00017830001888796687,4
w203-heterogeneous-slow,-2,1.024,TTFT5.2_TPOT0.3,Legacy-Full,0.00016689999029040337,4
w203-heterogeneous-slow,-2,1.024,TTFT5.2_TPOT1.2,Legacy-Remaining,0.00017230003140866756,4
w203-heterogeneous-slow,-2,1.024,TTFT5.2_TPOT1.2,Raw-Full,0.00017460004892200232,4
w203-heterogeneous-slow,-2,1.024,TTFT5.2_TPOT1.2,Raw-Remaining,0.0001737999846227467,4
w203-heterogeneous-slow,-2,1.024,TTFT5.2_TPOT1.2,Legacy-Full,0.0001789000234566629,4
w203-heterogeneous-slow,-2,1.024,TTFT5.2_TPOT5,Legacy-Remaining,0.00419729994609952,66
w203-heterogeneous-slow,-2,1.024,TTFT5.2_TPOT5,Raw-Full,0.004166600003372878,66
w203-heterogeneous-slow,-2,1.024,TTFT5.2_TPOT5,Raw-Remaining,0.004371500050183386,66
w203-heterogeneous-slow,-2,1.024,TTFT5.2_TPOT5,Legacy-Full,0.004224999982398003,66
w203-heterogeneous-slow,-2,1.024,TTFT5.2_TPOT10,Legacy-Remaining,0.004130000015720725,66
w203-heterogeneous-slow,-2,1.024,TTFT5.2_TPOT10,Raw-Full,0.004155600036028773,66
w203-heterogeneous-slow,-2,1.024,TTFT5.2_TPOT10,Raw-Remaining,0.005100200010929257,66
w203-heterogeneous-slow,-2,1.024,TTFT5.2_TPOT10,Legacy-Full,0.004294699989259243,66
w203-heterogeneous-slow,-1,1.024,TTFT5.2_TPOT0.3,Raw-Full,0.00018370000179857016,4
w203-heterogeneous-slow,-1,1.024,TTFT5.2_TPOT0.3,Raw-Remaining,0.00017870002193376422,4
w203-heterogeneous-slow,-1,1.024,TTFT5.2_TPOT0.3,Legacy-Full,0.00014659995213150978,3
w203-heterogeneous-slow,-1,1.024,TTFT5.2_TPOT0.3,Legacy-Remaining,0.000146100006531924,3
w203-heterogeneous-slow,-1,1.024,TTFT5.2_TPOT1.2,Raw-Full,0.0001756999990902841,4
w203-heterogeneous-slow,-1,1.024,TTFT5.2_TPOT1.2,Raw-Remaining,0.00017449998995289207,4
w203-heterogeneous-slow,-1,1.024,TTFT5.2_TPOT1.2,Legacy-Full,0.0001431000418961048,3
w203-heterogeneous-slow,-1,1.024,TTFT5.2_TPOT1.2,Legacy-Remaining,0.00014399999054148793,3
w203-heterogeneous-slow,-1,1.024,TTFT5.2_TPOT5,Raw-Full,0.004405500018037856,66
w203-heterogeneous-slow,-1,1.024,TTFT5.2_TPOT5,Raw-Remaining,0.004152200010139495,66
w203-heterogeneous-slow,-1,1.024,TTFT5.2_TPOT5,Legacy-Full,0.004157799994572997,66
w203-heterogeneous-slow,-1,1.024,TTFT5.2_TPOT5,Legacy-Remaining,0.004230900027323514,66
w203-heterogeneous-slow,-1,1.024,TTFT5.2_TPOT10,Raw-Full,0.004236400010995567,66
w203-heterogeneous-slow,-1,1.024,TTFT5.2_TPOT10,Raw-Remaining,0.004242099996190518,66
w203-heterogeneous-slow,-1,1.024,TTFT5.2_TPOT10,Legacy-Full,0.004413000016938895,66
w203-heterogeneous-slow,-1,1.024,TTFT5.2_TPOT10,Legacy-Remaining,0.004221900017000735,66
w203-heterogeneous-slow,0,1.024,TTFT5.2_TPOT0.3,Raw-Remaining,0.00015590002294629812,3
w203-heterogeneous-slow,0,1.024,TTFT5.2_TPOT0.3,Legacy-Full,0.000152900000102818,3
w203-heterogeneous-slow,0,1.024,TTFT5.2_TPOT0.3,Legacy-Remaining,0.00015000003622844815,3
w203-heterogeneous-slow,0,1.024,TTFT5.2_TPOT0.3,Raw-Full,0.00014630000805482268,3
w203-heterogeneous-slow,0,1.024,TTFT5.2_TPOT1.2,Raw-Remaining,0.0001433000434190035,3
w203-heterogeneous-slow,0,1.024,TTFT5.2_TPOT1.2,Legacy-Full,0.000145500001963228,3
w203-heterogeneous-slow,0,1.024,TTFT5.2_TPOT1.2,Legacy-Remaining,0.00014269998064264655,3
w203-heterogeneous-slow,0,1.024,TTFT5.2_TPOT1.2,Raw-Full,0.00013559998478740454,3
w203-heterogeneous-slow,0,1.024,TTFT5.2_TPOT5,Raw-Remaining,0.004197500005830079,66
w203-heterogeneous-slow,0,1.024,TTFT5.2_TPOT5,Legacy-Full,0.004218699992634356,66
w203-heterogeneous-slow,0,1.024,TTFT5.2_TPOT5,Legacy-Remaining,0.004685699997935444,66
w203-heterogeneous-slow,0,1.024,TTFT5.2_TPOT5,Raw-Full,0.0041946000419557095,66
w203-heterogeneous-slow,0,1.024,TTFT5.2_TPOT10,Raw-Remaining,0.004135600000154227,66
w203-heterogeneous-slow,0,1.024,TTFT5.2_TPOT10,Legacy-Full,0.004387499997392297,66
w203-heterogeneous-slow,0,1.024,TTFT5.2_TPOT10,Legacy-Remaining,0.004157699993811548,66
w203-heterogeneous-slow,0,1.024,TTFT5.2_TPOT10,Raw-Full,0.004196499998215586,66
w203-heterogeneous-slow,1,1.024,TTFT5.2_TPOT0.3,Legacy-Full,0.00014830002328380942,3
w203-heterogeneous-slow,1,1.024,TTFT5.2_TPOT0.3,Legacy-Remaining,0.00015009997878223658,3
w203-heterogeneous-slow,1,1.024,TTFT5.2_TPOT0.3,Raw-Full,0.00016820000018924475,3
w203-heterogeneous-slow,1,1.024,TTFT5.2_TPOT0.3,Raw-Remaining,0.00015020003775134683,3
w203-heterogeneous-slow,1,1.024,TTFT5.2_TPOT1.2,Legacy-Full,0.00013940001372247934,3
w203-heterogeneous-slow,1,1.024,TTFT5.2_TPOT1.2,Legacy-Remaining,0.00014210003428161144,3
w203-heterogeneous-slow,1,1.024,TTFT5.2_TPOT1.2,Raw-Full,0.00017950002802535892,3
w203-heterogeneous-slow,1,1.024,TTFT5.2_TPOT1.2,Raw-Remaining,0.00015079998411238194,3
w203-heterogeneous-slow,1,1.024,TTFT5.2_TPOT5,Legacy-Full,0.00440029997844249,66
w203-heterogeneous-slow,1,1.024,TTFT5.2_TPOT5,Legacy-Remaining,0.004193499975372106,66
w203-heterogeneous-slow,1,1.024,TTFT5.2_TPOT5,Raw-Full,0.004315699974540621,66
w203-heterogeneous-slow,1,1.024,TTFT5.2_TPOT5,Raw-Remaining,0.004821999988052994,66
w203-heterogeneous-slow,1,1.024,TTFT5.2_TPOT10,Legacy-Full,0.004224499978590757,66
w203-heterogeneous-slow,1,1.024,TTFT5.2_TPOT10,Legacy-Remaining,0.004313099954742938,66
w203-heterogeneous-slow,1,1.024,TTFT5.2_TPOT10,Raw-Full,0.004497199959587306,66
w203-heterogeneous-slow,1,1.024,TTFT5.2_TPOT10,Raw-Remaining,0.004245600022841245,66
w203-heterogeneous-slow,2,1.024,TTFT5.2_TPOT0.3,Legacy-Remaining,0.00016430002870038152,3
w203-heterogeneous-slow,2,1.024,TTFT5.2_TPOT0.3,Raw-Full,0.000145500001963228,3
w203-heterogeneous-slow,2,1.024,TTFT5.2_TPOT0.3,Raw-Remaining,0.00014670001110062003,3
w203-heterogeneous-slow,2,1.024,TTFT5.2_TPOT0.3,Legacy-Full,0.00014240003656595945,3
w203-heterogeneous-slow,2,1.024,TTFT5.2_TPOT1.2,Legacy-Remaining,0.00013780000153928995,3
w203-heterogeneous-slow,2,1.024,TTFT5.2_TPOT1.2,Raw-Full,0.00014189997455105186,3
w203-heterogeneous-slow,2,1.024,TTFT5.2_TPOT1.2,Raw-Remaining,0.0001553000183776021,3
w203-heterogeneous-slow,2,1.024,TTFT5.2_TPOT1.2,Legacy-Full,0.00013920001219958067,3
w203-heterogeneous-slow,2,1.024,TTFT5.2_TPOT5,Legacy-Remaining,0.004191800020635128,66
w203-heterogeneous-slow,2,1.024,TTFT5.2_TPOT5,Raw-Full,0.004421000019647181,66
w203-heterogeneous-slow,2,1.024,TTFT5.2_TPOT5,Raw-Remaining,0.004275800019968301,66
w203-heterogeneous-slow,2,1.024,TTFT5.2_TPOT5,Legacy-Full,0.004207499965559691,66
w203-heterogeneous-slow,2,1.024,TTFT5.2_TPOT10,Legacy-Remaining,0.004404600011184812,66
w203-heterogeneous-slow,2,1.024,TTFT5.2_TPOT10,Raw-Full,0.004309300042223185,66
w203-heterogeneous-slow,2,1.024,TTFT5.2_TPOT10,Raw-Remaining,0.004267800017260015,66
w203-heterogeneous-slow,2,1.024,TTFT5.2_TPOT10,Legacy-Full,0.004185400030110031,66
w203-heterogeneous-slow,-2,4.096,TTFT5.2_TPOT0.3,Raw-Full,0.0003114999854005873,4
w203-heterogeneous-slow,-2,4.096,TTFT5.2_TPOT0.3,Raw-Remaining,0.00042289996054023504,4
w203-heterogeneous-slow,-2,4.096,TTFT5.2_TPOT0.3,Legacy-Full,0.0002107000327669084,4
w203-heterogeneous-slow,-2,4.096,TTFT5.2_TPOT0.3,Legacy-Remaining,0.0002136999974027276,4
w203-heterogeneous-slow,-2,4.096,TTFT5.2_TPOT1.2,Raw-Full,0.00019639998208731413,4
w203-heterogeneous-slow,-2,4.096,TTFT5.2_TPOT1.2,Raw-Remaining,0.00022079999325796962,4
w203-heterogeneous-slow,-2,4.096,TTFT5.2_TPOT1.2,Legacy-Full,0.00020340003538876772,4
w203-heterogeneous-slow,-2,4.096,TTFT5.2_TPOT1.2,Legacy-Remaining,0.00020619999850168824,4
w203-heterogeneous-slow,-2,4.096,TTFT5.2_TPOT5,Raw-Full,0.0003336999798193574,6
w203-heterogeneous-slow,-2,4.096,TTFT5.2_TPOT5,Raw-Remaining,0.00457220000680536,66
w203-heterogeneous-slow,-2,4.096,TTFT5.2_TPOT5,Legacy-Full,0.00033920002169907093,6
w203-heterogeneous-slow,-2,4.096,TTFT5.2_TPOT5,Legacy-Remaining,0.004459299962036312,66
w203-heterogeneous-slow,-2,4.096,TTFT5.2_TPOT10,Raw-Full,0.0045535999815911055,66
w203-heterogeneous-slow,-2,4.096,TTFT5.2_TPOT10,Raw-Remaining,0.004448799998499453,66
w203-heterogeneous-slow,-2,4.096,TTFT5.2_TPOT10,Legacy-Full,0.004229700018186122,66
w203-heterogeneous-slow,-2,4.096,TTFT5.2_TPOT10,Legacy-Remaining,0.004501699993852526,66
w203-heterogeneous-slow,-1,4.096,TTFT5.2_TPOT0.3,Raw-Remaining,0.0002250999677926302,4
w203-heterogeneous-slow,-1,4.096,TTFT5.2_TPOT0.3,Legacy-Full,0.0002169999643228948,4
w203-heterogeneous-slow,-1,4.096,TTFT5.2_TPOT0.3,Legacy-Remaining,0.00020840001525357366,4
w203-heterogeneous-slow,-1,4.096,TTFT5.2_TPOT0.3,Raw-Full,0.00019589997828006744,4
w203-heterogeneous-slow,-1,4.096,TTFT5.2_TPOT1.2,Raw-Remaining,0.00021169998217374086,4
w203-heterogeneous-slow,-1,4.096,TTFT5.2_TPOT1.2,Legacy-Full,0.00020219996804371476,4
w203-heterogeneous-slow,-1,4.096,TTFT5.2_TPOT1.2,Legacy-Remaining,0.00020650000078603625,4
w203-heterogeneous-slow,-1,4.096,TTFT5.2_TPOT1.2,Raw-Full,0.00019809999503195286,4
w203-heterogeneous-slow,-1,4.096,TTFT5.2_TPOT5,Raw-Remaining,0.004357099998742342,66
w203-heterogeneous-slow,-1,4.096,TTFT5.2_TPOT5,Legacy-Full,0.0003366999444551766,6
w203-heterogeneous-slow,-1,4.096,TTFT5.2_TPOT5,Legacy-Remaining,0.0046662999666295946,66
w203-heterogeneous-slow,-1,4.096,TTFT5.2_TPOT5,Raw-Full,0.0003459000145085156,6
w203-heterogeneous-slow,-1,4.096,TTFT5.2_TPOT10,Raw-Remaining,0.004369599977508187,66
w203-heterogeneous-slow,-1,4.096,TTFT5.2_TPOT10,Legacy-Full,0.004430899978615344,66
w203-heterogeneous-slow,-1,4.096,TTFT5.2_TPOT10,Legacy-Remaining,0.004537999979220331,66
w203-heterogeneous-slow,-1,4.096,TTFT5.2_TPOT10,Raw-Full,0.004298999963793904,66
w203-heterogeneous-slow,0,4.096,TTFT5.2_TPOT0.3,Legacy-Full,0.0002590999938547611,4
w203-heterogeneous-slow,0,4.096,TTFT5.2_TPOT0.3,Legacy-Remaining,0.0002150999498553574,4
w203-heterogeneous-slow,0,4.096,TTFT5.2_TPOT0.3,Raw-Full,0.00020220002625137568,4
w203-heterogeneous-slow,0,4.096,TTFT5.2_TPOT0.3,Raw-Remaining,0.00020370003767311573,4
w203-heterogeneous-slow,0,4.096,TTFT5.2_TPOT1.2,Legacy-Full,0.00020840001525357366,4
w203-heterogeneous-slow,0,4.096,TTFT5.2_TPOT1.2,Legacy-Remaining,0.0002077000099234283,4
w203-heterogeneous-slow,0,4.096,TTFT5.2_TPOT1.2,Raw-Full,0.00019789999350905418,4
w203-heterogeneous-slow,0,4.096,TTFT5.2_TPOT1.2,Raw-Remaining,0.00021460000425577164,4
w203-heterogeneous-slow,0,4.096,TTFT5.2_TPOT5,Legacy-Full,0.0003291000030003488,6
w203-heterogeneous-slow,0,4.096,TTFT5.2_TPOT5,Legacy-Remaining,0.004473400011193007,66
w203-heterogeneous-slow,0,4.096,TTFT5.2_TPOT5,Raw-Full,0.00034149998100474477,6
w203-heterogeneous-slow,0,4.096,TTFT5.2_TPOT5,Raw-Remaining,0.004442800011020154,66
w203-heterogeneous-slow,0,4.096,TTFT5.2_TPOT10,Legacy-Full,0.004329100018367171,66
w203-heterogeneous-slow,0,4.096,TTFT5.2_TPOT10,Legacy-Remaining,0.0044784999918192625,66
w203-heterogeneous-slow,0,4.096,TTFT5.2_TPOT10,Raw-Full,0.004681899969000369,66
w203-heterogeneous-slow,0,4.096,TTFT5.2_TPOT10,Raw-Remaining,0.0043444999610073864,66
w203-heterogeneous-slow,1,4.096,TTFT5.2_TPOT0.3,Legacy-Remaining,0.00022030004765838385,4
w203-heterogeneous-slow,1,4.096,TTFT5.2_TPOT0.3,Raw-Full,0.00021300005028024316,4
w203-heterogeneous-slow,1,4.096,TTFT5.2_TPOT0.3,Raw-Remaining,0.0002209999947808683,4
w203-heterogeneous-slow,1,4.096,TTFT5.2_TPOT0.3,Legacy-Full,0.00020740000763908029,4
w203-heterogeneous-slow,1,4.096,TTFT5.2_TPOT1.2,Legacy-Remaining,0.00021600001491606236,4
w203-heterogeneous-slow,1,4.096,TTFT5.2_TPOT1.2,Raw-Full,0.0002028000308200717,4
w203-heterogeneous-slow,1,4.096,TTFT5.2_TPOT1.2,Raw-Remaining,0.00020780001068487763,4
w203-heterogeneous-slow,1,4.096,TTFT5.2_TPOT1.2,Legacy-Full,0.00021280004875734448,4
w203-heterogeneous-slow,1,4.096,TTFT5.2_TPOT5,Legacy-Remaining,0.004855800012592226,66
w203-heterogeneous-slow,1,4.096,TTFT5.2_TPOT5,Raw-Full,0.0003449000068940222,6
w203-heterogeneous-slow,1,4.096,TTFT5.2_TPOT5,Raw-Remaining,0.004461499978788197,66
w203-heterogeneous-slow,1,4.096,TTFT5.2_TPOT5,Legacy-Full,0.0003486999776214361,6
w203-heterogeneous-slow,1,4.096,TTFT5.2_TPOT10,Legacy-Remaining,0.004336300014983863,66
w203-heterogeneous-slow,1,4.096,TTFT5.2_TPOT10,Raw-Full,0.004539299989119172,66
w203-heterogeneous-slow,1,4.096,TTFT5.2_TPOT10,Raw-Remaining,0.004339399980381131,66
w203-heterogeneous-slow,1,4.096,TTFT5.2_TPOT10,Legacy-Full,0.004513999971095473,66
w203-heterogeneous-slow,2,4.096,TTFT5.2_TPOT0.3,Raw-Full,0.00020810001296922565,4
w203-heterogeneous-slow,2,4.096,TTFT5.2_TPOT0.3,Raw-Remaining,0.00021399999968707561,4
w203-heterogeneous-slow,2,4.096,TTFT5.2_TPOT0.3,Legacy-Full,0.00022200000239536166,4
w203-heterogeneous-slow,2,4.096,TTFT5.2_TPOT0.3,Legacy-Remaining,0.00020790001144632697,4
w203-heterogeneous-slow,2,4.096,TTFT5.2_TPOT1.2,Raw-Full,0.00020430004224181175,4
w203-heterogeneous-slow,2,4.096,TTFT5.2_TPOT1.2,Raw-Remaining,0.00021899997955188155,4
w203-heterogeneous-slow,2,4.096,TTFT5.2_TPOT1.2,Legacy-Full,0.0002077000099234283,4
w203-heterogeneous-slow,2,4.096,TTFT5.2_TPOT1.2,Legacy-Remaining,0.0002050000475719571,4
w203-heterogeneous-slow,2,4.096,TTFT5.2_TPOT5,Raw-Full,0.0003294000052846968,6
w203-heterogeneous-slow,2,4.096,TTFT5.2_TPOT5,Raw-Remaining,0.004399700032081455,66
w203-heterogeneous-slow,2,4.096,TTFT5.2_TPOT5,Legacy-Full,0.00032759999157860875,6
w203-heterogeneous-slow,2,4.096,TTFT5.2_TPOT5,Legacy-Remaining,0.0045897000236436725,66
w203-heterogeneous-slow,2,4.096,TTFT5.2_TPOT10,Raw-Full,0.004389000008814037,66
w203-heterogeneous-slow,2,4.096,TTFT5.2_TPOT10,Raw-Remaining,0.004354199976660311,66
w203-heterogeneous-slow,2,4.096,TTFT5.2_TPOT10,Legacy-Full,0.004444599966518581,66
w203-heterogeneous-slow,2,4.096,TTFT5.2_TPOT10,Legacy-Remaining,0.004465900012291968,66
w203-heterogeneous-slow,-2,16.384,TTFT5.2_TPOT0.3,Raw-Remaining,0.0004187000449746847,5
w203-heterogeneous-slow,-2,16.384,TTFT5.2_TPOT0.3,Legacy-Full,0.0002853999612852931,5
w203-heterogeneous-slow,-2,16.384,TTFT5.2_TPOT0.3,Legacy-Remaining,0.0002731000422500074,5
w203-heterogeneous-slow,-2,16.384,TTFT5.2_TPOT0.3,Raw-Full,0.0002612000098451972,5
w203-heterogeneous-slow,-2,16.384,TTFT5.2_TPOT1.2,Raw-Remaining,0.0002906000008806586,5
w203-heterogeneous-slow,-2,16.384,TTFT5.2_TPOT1.2,Legacy-Full,0.000264700036495924,5
w203-heterogeneous-slow,-2,16.384,TTFT5.2_TPOT1.2,Legacy-Remaining,0.00027849996695294976,5
w203-heterogeneous-slow,-2,16.384,TTFT5.2_TPOT1.2,Raw-Full,0.00026539998361840844,5
w203-heterogeneous-slow,-2,16.384,TTFT5.2_TPOT5,Raw-Remaining,0.00027139997109770775,5
w203-heterogeneous-slow,-2,16.384,TTFT5.2_TPOT5,Legacy-Full,0.0002649999805726111,5
w203-heterogeneous-slow,-2,16.384,TTFT5.2_TPOT5,Legacy-Remaining,0.0002893999917432666,5
w203-heterogeneous-slow,-2,16.384,TTFT5.2_TPOT5,Raw-Full,0.0003229000139981508,5
w203-heterogeneous-slow,-2,16.384,TTFT5.2_TPOT10,Raw-Remaining,0.004442000004928559,66
w203-heterogeneous-slow,-2,16.384,TTFT5.2_TPOT10,Legacy-Full,0.004757300019264221,66
w203-heterogeneous-slow,-2,16.384,TTFT5.2_TPOT10,Legacy-Remaining,0.0044101999956183136,66
w203-heterogeneous-slow,-2,16.384,TTFT5.2_TPOT10,Raw-Full,0.004562700050882995,66
w203-heterogeneous-slow,-1,16.384,TTFT5.2_TPOT0.3,Legacy-Full,0.0002747999969869852,5
w203-heterogeneous-slow,-1,16.384,TTFT5.2_TPOT0.3,Legacy-Remaining,0.00029419997008517385,5
w203-heterogeneous-slow,-1,16.384,TTFT5.2_TPOT0.3,Raw-Full,0.0003073000116273761,5
w203-heterogeneous-slow,-1,16.384,TTFT5.2_TPOT0.3,Raw-Remaining,0.0002846000134013593,5
w203-heterogeneous-slow,-1,16.384,TTFT5.2_TPOT1.2,Legacy-Full,0.00039140001172199845,5
w203-heterogeneous-slow,-1,16.384,TTFT5.2_TPOT1.2,Legacy-Remaining,0.00039110000943765044,5
w203-heterogeneous-slow,-1,16.384,TTFT5.2_TPOT1.2,Raw-Full,0.0002772000152617693,5
w203-heterogeneous-slow,-1,16.384,TTFT5.2_TPOT1.2,Raw-Remaining,0.00029440002981573343,5
w203-heterogeneous-slow,-1,16.384,TTFT5.2_TPOT5,Legacy-Full,0.0002711999695748091,5
w203-heterogeneous-slow,-1,16.384,TTFT5.2_TPOT5,Legacy-Remaining,0.0003334000357426703,5
w203-heterogeneous-slow,-1,16.384,TTFT5.2_TPOT5,Raw-Full,0.0002673999988473952,5
w203-heterogeneous-slow,-1,16.384,TTFT5.2_TPOT5,Raw-Remaining,0.0002935999655164778,5
w203-heterogeneous-slow,-1,16.384,TTFT5.2_TPOT10,Legacy-Full,0.004253600025549531,66
w203-heterogeneous-slow,-1,16.384,TTFT5.2_TPOT10,Legacy-Remaining,0.00444029999198392,66
w203-heterogeneous-slow,-1,16.384,TTFT5.2_TPOT10,Raw-Full,0.004760000039823353,66
w203-heterogeneous-slow,-1,16.384,TTFT5.2_TPOT10,Raw-Remaining,0.004387299995869398,66
w203-heterogeneous-slow,0,16.384,TTFT5.2_TPOT0.3,Legacy-Remaining,0.000292200013063848,5
w203-heterogeneous-slow,0,16.384,TTFT5.2_TPOT0.3,Raw-Full,0.00031839997973293066,5
w203-heterogeneous-slow,0,16.384,TTFT5.2_TPOT0.3,Raw-Remaining,0.000285100017208606,5
w203-heterogeneous-slow,0,16.384,TTFT5.2_TPOT0.3,Legacy-Full,0.0002620000159367919,5
w203-heterogeneous-slow,0,16.384,TTFT5.2_TPOT1.2,Legacy-Remaining,0.0002893999917432666,5
w203-heterogeneous-slow,0,16.384,TTFT5.2_TPOT1.2,Raw-Full,0.00026460003573447466,5
w203-heterogeneous-slow,0,16.384,TTFT5.2_TPOT1.2,Raw-Remaining,0.000278300023637712,5
w203-heterogeneous-slow,0,16.384,TTFT5.2_TPOT1.2,Legacy-Full,0.0002799000358209014,5
w203-heterogeneous-slow,0,16.384,TTFT5.2_TPOT5,Legacy-Remaining,0.0002823999966494739,5
w203-heterogeneous-slow,0,16.384,TTFT5.2_TPOT5,Raw-Full,0.0002597999991849065,5
w203-heterogeneous-slow,0,16.384,TTFT5.2_TPOT5,Raw-Remaining,0.00028659997042268515,5
w203-heterogeneous-slow,0,16.384,TTFT5.2_TPOT5,Legacy-Full,0.0002666999935172498,5
w203-heterogeneous-slow,0,16.384,TTFT5.2_TPOT10,Legacy-Remaining,0.004616999998688698,66
w203-heterogeneous-slow,0,16.384,TTFT5.2_TPOT10,Raw-Full,0.004323999979533255,66
w203-heterogeneous-slow,0,16.384,TTFT5.2_TPOT10,Raw-Remaining,0.004346300032921135,66
w203-heterogeneous-slow,0,16.384,TTFT5.2_TPOT10,Legacy-Full,0.00447429995983839,66
w203-heterogeneous-slow,1,16.384,TTFT5.2_TPOT0.3,Raw-Full,0.00029120000544935465,5
w203-heterogeneous-slow,1,16.384,TTFT5.2_TPOT0.3,Raw-Remaining,0.0002840000088326633,5
w203-heterogeneous-slow,1,16.384,TTFT5.2_TPOT0.3,Legacy-Full,0.00026890001026913524,5
w203-heterogeneous-slow,1,16.384,TTFT5.2_TPOT0.3,Legacy-Remaining,0.00028219999512657523,5
w203-heterogeneous-slow,1,16.384,TTFT5.2_TPOT1.2,Raw-Full,0.0003206999972462654,5
w203-heterogeneous-slow,1,16.384,TTFT5.2_TPOT1.2,Raw-Remaining,0.00029279995942488313,5
w203-heterogeneous-slow,1,16.384,TTFT5.2_TPOT1.2,Legacy-Full,0.00026780000189319253,5
w203-heterogeneous-slow,1,16.384,TTFT5.2_TPOT1.2,Legacy-Remaining,0.00027249997947365046,5
w203-heterogeneous-slow,1,16.384,TTFT5.2_TPOT5,Raw-Full,0.00026560004334896803,5
w203-heterogeneous-slow,1,16.384,TTFT5.2_TPOT5,Raw-Remaining,0.0002926999586634338,5
w203-heterogeneous-slow,1,16.384,TTFT5.2_TPOT5,Legacy-Full,0.00026220001745969057,5
w203-heterogeneous-slow,1,16.384,TTFT5.2_TPOT5,Legacy-Remaining,0.0002825999981723726,5
w203-heterogeneous-slow,1,16.384,TTFT5.2_TPOT10,Raw-Full,0.0043481000466272235,66
w203-heterogeneous-slow,1,16.384,TTFT5.2_TPOT10,Raw-Remaining,0.00487010000506416,66
w203-heterogeneous-slow,1,16.384,TTFT5.2_TPOT10,Legacy-Full,0.004296200000680983,66
w203-heterogeneous-slow,1,16.384,TTFT5.2_TPOT10,Legacy-Remaining,0.004333799995947629,66
w203-heterogeneous-slow,2,16.384,TTFT5.2_TPOT0.3,Raw-Remaining,0.00028680003015324473,5
w203-heterogeneous-slow,2,16.384,TTFT5.2_TPOT0.3,Legacy-Full,0.00028639996889978647,5
w203-heterogeneous-slow,2,16.384,TTFT5.2_TPOT0.3,Legacy-Remaining,0.00027820002287626266,5
w203-heterogeneous-slow,2,16.384,TTFT5.2_TPOT0.3,Raw-Full,0.0003522000042721629,5
w203-heterogeneous-slow,2,16.384,TTFT5.2_TPOT1.2,Raw-Remaining,0.00036809995071962476,5
w203-heterogeneous-slow,2,16.384,TTFT5.2_TPOT1.2,Legacy-Full,0.0002770000137388706,5
w203-heterogeneous-slow,2,16.384,TTFT5.2_TPOT1.2,Legacy-Remaining,0.00027840002439916134,5
w203-heterogeneous-slow,2,16.384,TTFT5.2_TPOT1.2,Raw-Full,0.00027050002245232463,5
w203-heterogeneous-slow,2,16.384,TTFT5.2_TPOT5,Raw-Remaining,0.0003389000194147229,5
w203-heterogeneous-slow,2,16.384,TTFT5.2_TPOT5,Legacy-Full,0.0002699000178836286,5
w203-heterogeneous-slow,2,16.384,TTFT5.2_TPOT5,Legacy-Remaining,0.00027820002287626266,5
w203-heterogeneous-slow,2,16.384,TTFT5.2_TPOT5,Raw-Full,0.00026270002126693726,5
w203-heterogeneous-slow,2,16.384,TTFT5.2_TPOT10,Raw-Remaining,0.004405400017276406,66
w203-heterogeneous-slow,2,16.384,TTFT5.2_TPOT10,Legacy-Full,0.00428930000634864,66
w203-heterogeneous-slow,2,16.384,TTFT5.2_TPOT10,Legacy-Remaining,0.004508399986661971,66
w203-heterogeneous-slow,2,16.384,TTFT5.2_TPOT10,Raw-Full,0.004298900021240115,66
w203-heterogeneous-slow,-2,65.536,TTFT5.2_TPOT0.3,Legacy-Full,0.0003519000019878149,6
w203-heterogeneous-slow,-2,65.536,TTFT5.2_TPOT0.3,Legacy-Remaining,0.00035960000241175294,6
w203-heterogeneous-slow,-2,65.536,TTFT5.2_TPOT0.3,Raw-Full,0.00035249994834885,6
w203-heterogeneous-slow,-2,65.536,TTFT5.2_TPOT0.3,Raw-Remaining,0.00036369997542351484,6
w203-heterogeneous-slow,-2,65.536,TTFT5.2_TPOT1.2,Legacy-Full,0.00036120001459494233,6
w203-heterogeneous-slow,-2,65.536,TTFT5.2_TPOT1.2,Legacy-Remaining,0.0003535000141710043,6
w203-heterogeneous-slow,-2,65.536,TTFT5.2_TPOT1.2,Raw-Full,0.0003353999927639961,6
w203-heterogeneous-slow,-2,65.536,TTFT5.2_TPOT1.2,Raw-Remaining,0.00036800000816583633,6
w203-heterogeneous-slow,-2,65.536,TTFT5.2_TPOT5,Legacy-Full,0.0003423999878577888,6
w203-heterogeneous-slow,-2,65.536,TTFT5.2_TPOT5,Legacy-Remaining,0.0004202999989502132,6
w203-heterogeneous-slow,-2,65.536,TTFT5.2_TPOT5,Raw-Full,0.00035370001569390297,6
w203-heterogeneous-slow,-2,65.536,TTFT5.2_TPOT5,Raw-Remaining,0.00035010004648938775,6
w203-heterogeneous-slow,-2,65.536,TTFT5.2_TPOT10,Legacy-Full,0.004580100008752197,66
w203-heterogeneous-slow,-2,65.536,TTFT5.2_TPOT10,Legacy-Remaining,0.004474899964407086,66
w203-heterogeneous-slow,-2,65.536,TTFT5.2_TPOT10,Raw-Full,0.004336400015745312,66
w203-heterogeneous-slow,-2,65.536,TTFT5.2_TPOT10,Raw-Remaining,0.00538559997221455,66
w203-heterogeneous-slow,-1,65.536,TTFT5.2_TPOT0.3,Legacy-Remaining,0.0004304000176489353,6
w203-heterogeneous-slow,-1,65.536,TTFT5.2_TPOT0.3,Raw-Full,0.0003513999981805682,6
w203-heterogeneous-slow,-1,65.536,TTFT5.2_TPOT0.3,Raw-Remaining,0.0003933999687433243,6
w203-heterogeneous-slow,-1,65.536,TTFT5.2_TPOT0.3,Legacy-Full,0.00038159999530762434,6
w203-heterogeneous-slow,-1,65.536,TTFT5.2_TPOT1.2,Legacy-Remaining,0.00036559998989105225,6
w203-heterogeneous-slow,-1,65.536,TTFT5.2_TPOT1.2,Raw-Full,0.0004091999726369977,6
w203-heterogeneous-slow,-1,65.536,TTFT5.2_TPOT1.2,Raw-Remaining,0.000375300005543977,6
w203-heterogeneous-slow,-1,65.536,TTFT5.2_TPOT1.2,Legacy-Full,0.0003417999832890928,6
w203-heterogeneous-slow,-1,65.536,TTFT5.2_TPOT5,Legacy-Remaining,0.00035340001340955496,6
w203-heterogeneous-slow,-1,65.536,TTFT5.2_TPOT5,Raw-Full,0.00033569999504834414,6
w203-heterogeneous-slow,-1,65.536,TTFT5.2_TPOT5,Raw-Remaining,0.00036040000850334764,6
w203-heterogeneous-slow,-1,65.536,TTFT5.2_TPOT5,Legacy-Full,0.0003507999936118722,6
w203-heterogeneous-slow,-1,65.536,TTFT5.2_TPOT10,Legacy-Remaining,0.004584299982525408,66
w203-heterogeneous-slow,-1,65.536,TTFT5.2_TPOT10,Raw-Full,0.004386699991300702,66
w203-heterogeneous-slow,-1,65.536,TTFT5.2_TPOT10,Raw-Remaining,0.004334400000516325,66
w203-heterogeneous-slow,-1,65.536,TTFT5.2_TPOT10,Legacy-Full,0.00443289999384433,66
w203-heterogeneous-slow,0,65.536,TTFT5.2_TPOT0.3,Raw-Full,0.00036539998836815357,6
w203-heterogeneous-slow,0,65.536,TTFT5.2_TPOT0.3,Raw-Remaining,0.0003626999678090215,6
w203-heterogeneous-slow,0,65.536,TTFT5.2_TPOT0.3,Legacy-Full,0.0003465000190772116,6
w203-heterogeneous-slow,0,65.536,TTFT5.2_TPOT0.3,Legacy-Remaining,0.0003671000013127923,6
w203-heterogeneous-slow,0,65.536,TTFT5.2_TPOT1.2,Raw-Full,0.00033980002626776695,6
w203-heterogeneous-slow,0,65.536,TTFT5.2_TPOT1.2,Raw-Remaining,0.0003695999621413648,6
w203-heterogeneous-slow,0,65.536,TTFT5.2_TPOT1.2,Legacy-Full,0.0003369000041857362,6
w203-heterogeneous-slow,0,65.536,TTFT5.2_TPOT1.2,Legacy-Remaining,0.0003621999640017748,6
w203-heterogeneous-slow,0,65.536,TTFT5.2_TPOT5,Raw-Full,0.0003325999714434147,6
w203-heterogeneous-slow,0,65.536,TTFT5.2_TPOT5,Raw-Remaining,0.00035309995291754603,6
w203-heterogeneous-slow,0,65.536,TTFT5.2_TPOT5,Legacy-Full,0.000338899961207062,6
w203-heterogeneous-slow,0,65.536,TTFT5.2_TPOT5,Legacy-Remaining,0.0003721999819390476,6
w203-heterogeneous-slow,0,65.536,TTFT5.2_TPOT10,Raw-Full,0.004463899997062981,66
w203-heterogeneous-slow,0,65.536,TTFT5.2_TPOT10,Raw-Remaining,0.0043938999879173934,66
w203-heterogeneous-slow,0,65.536,TTFT5.2_TPOT10,Legacy-Full,0.004324599984101951,66
w203-heterogeneous-slow,0,65.536,TTFT5.2_TPOT10,Legacy-Remaining,0.004399599973112345,66
w203-heterogeneous-slow,1,65.536,TTFT5.2_TPOT0.3,Raw-Remaining,0.0004621000261977315,6
w203-heterogeneous-slow,1,65.536,TTFT5.2_TPOT0.3,Legacy-Full,0.0003700000233948231,6
w203-heterogeneous-slow,1,65.536,TTFT5.2_TPOT0.3,Legacy-Remaining,0.0003577999887056649,6
w203-heterogeneous-slow,1,65.536,TTFT5.2_TPOT0.3,Raw-Full,0.000361400016117841,6
w203-heterogeneous-slow,1,65.536,TTFT5.2_TPOT1.2,Raw-Remaining,0.00036780000664293766,6
w203-heterogeneous-slow,1,65.536,TTFT5.2_TPOT1.2,Legacy-Full,0.000355200027115643,6
w203-heterogeneous-slow,1,65.536,TTFT5.2_TPOT1.2,Legacy-Remaining,0.0004121999954804778,6
w203-heterogeneous-slow,1,65.536,TTFT5.2_TPOT1.2,Raw-Full,0.00034549995325505733,6
w203-heterogeneous-slow,1,65.536,TTFT5.2_TPOT5,Raw-Remaining,0.00035640003625303507,6
w203-heterogeneous-slow,1,65.536,TTFT5.2_TPOT5,Legacy-Full,0.00033569999504834414,6
w203-heterogeneous-slow,1,65.536,TTFT5.2_TPOT5,Legacy-Remaining,0.0010334000107832253,6
w203-heterogeneous-slow,1,65.536,TTFT5.2_TPOT5,Raw-Full,0.0003391000209376216,6
w203-heterogeneous-slow,1,65.536,TTFT5.2_TPOT10,Raw-Remaining,0.004477799986489117,66
w203-heterogeneous-slow,1,65.536,TTFT5.2_TPOT10,Legacy-Full,0.004563800001051277,66
w203-heterogeneous-slow,1,65.536,TTFT5.2_TPOT10,Legacy-Remaining,0.004387199995107949,66
w203-heterogeneous-slow,1,65.536,TTFT5.2_TPOT10,Raw-Full,0.004371999995782971,66
w203-heterogeneous-slow,2,65.536,TTFT5.2_TPOT0.3,Legacy-Full,0.0003483000327832997,6
w203-heterogeneous-slow,2,65.536,TTFT5.2_TPOT0.3,Legacy-Remaining,0.0003570999833755195,6
w203-heterogeneous-slow,2,65.536,TTFT5.2_TPOT0.3,Raw-Full,0.0003475999692454934,6
w203-heterogeneous-slow,2,65.536,TTFT5.2_TPOT0.3,Raw-Remaining,0.00037240004166960716,6
w203-heterogeneous-slow,2,65.536,TTFT5.2_TPOT1.2,Legacy-Full,0.00034719996619969606,6
w203-heterogeneous-slow,2,65.536,TTFT5.2_TPOT1.2,Legacy-Remaining,0.0004214000073261559,6
w203-heterogeneous-slow,2,65.536,TTFT5.2_TPOT1.2,Raw-Full,0.0003809999907389283,6
w203-heterogeneous-slow,2,65.536,TTFT5.2_TPOT1.2,Raw-Remaining,0.00035580003168433905,6
w203-heterogeneous-slow,2,65.536,TTFT5.2_TPOT5,Legacy-Full,0.00033380003878846765,6
w203-heterogeneous-slow,2,65.536,TTFT5.2_TPOT5,Legacy-Remaining,0.00036099995486438274,6
w203-heterogeneous-slow,2,65.536,TTFT5.2_TPOT5,Raw-Full,0.00034060003235936165,6
w203-heterogeneous-slow,2,65.536,TTFT5.2_TPOT5,Raw-Remaining,0.0004599000094458461,6
w203-heterogeneous-slow,2,65.536,TTFT5.2_TPOT10,Legacy-Full,0.004433399997651577,66
w203-heterogeneous-slow,2,65.536,TTFT5.2_TPOT10,Legacy-Remaining,0.00446409999858588,66
w203-heterogeneous-slow,2,65.536,TTFT5.2_TPOT10,Raw-Full,0.004869199998211116,66
w203-heterogeneous-slow,2,65.536,TTFT5.2_TPOT10,Raw-Remaining,0.004599999985657632,66
w204-heterogeneous-fast,-2,0.001,TTFT5.2_TPOT0.3,Legacy-Full,0.02070270001422614,711
w204-heterogeneous-fast,-2,0.001,TTFT5.2_TPOT0.3,Legacy-Remaining,0.020890400046482682,711
w204-heterogeneous-fast,-2,0.001,TTFT5.2_TPOT0.3,Raw-Full,0.02005819999612868,711
w204-heterogeneous-fast,-2,0.001,TTFT5.2_TPOT0.3,Raw-Remaining,0.020105800009332597,711
w204-heterogeneous-fast,-2,0.001,TTFT5.2_TPOT1.2,Legacy-Full,0.02013359998818487,711
w204-heterogeneous-fast,-2,0.001,TTFT5.2_TPOT1.2,Legacy-Remaining,0.020183200016617775,711
w204-heterogeneous-fast,-2,0.001,TTFT5.2_TPOT1.2,Raw-Full,0.01996629999484867,711
w204-heterogeneous-fast,-2,0.001,TTFT5.2_TPOT1.2,Raw-Remaining,0.019953700015321374,711
w204-heterogeneous-fast,-2,0.001,TTFT5.2_TPOT5,Legacy-Full,0.020094299979973584,711
w204-heterogeneous-fast,-2,0.001,TTFT5.2_TPOT5,Legacy-Remaining,0.02016899996669963,711
w204-heterogeneous-fast,-2,0.001,TTFT5.2_TPOT5,Raw-Full,0.01996329997200519,711
w204-heterogeneous-fast,-2,0.001,TTFT5.2_TPOT5,Raw-Remaining,0.02051750000100583,711
w204-heterogeneous-fast,-2,0.001,TTFT5.2_TPOT10,Legacy-Full,0.019839599961414933,711
w204-heterogeneous-fast,-2,0.001,TTFT5.2_TPOT10,Legacy-Remaining,0.02012920001288876,711
w204-heterogeneous-fast,-2,0.001,TTFT5.2_TPOT10,Raw-Full,0.020400699984747916,711
w204-heterogeneous-fast,-2,0.001,TTFT5.2_TPOT10,Raw-Remaining,0.02019750000908971,711
w204-heterogeneous-fast,-1,0.001,TTFT5.2_TPOT0.3,Legacy-Remaining,0.021732799999881536,711
w204-heterogeneous-fast,-1,0.001,TTFT5.2_TPOT0.3,Raw-Full,0.020422800036612898,711
w204-heterogeneous-fast,-1,0.001,TTFT5.2_TPOT0.3,Raw-Remaining,0.020676399988587946,711
w204-heterogeneous-fast,-1,0.001,TTFT5.2_TPOT0.3,Legacy-Full,0.02021819999208674,711
w204-heterogeneous-fast,-1,0.001,TTFT5.2_TPOT1.2,Legacy-Remaining,0.020876099995803088,711
w204-heterogeneous-fast,-1,0.001,TTFT5.2_TPOT1.2,Raw-Full,0.02046680002240464,711
w204-heterogeneous-fast,-1,0.001,TTFT5.2_TPOT1.2,Raw-Remaining,0.02069070003926754,711
w204-heterogeneous-fast,-1,0.001,TTFT5.2_TPOT1.2,Legacy-Full,0.020567199971992522,711
w204-heterogeneous-fast,-1,0.001,TTFT5.2_TPOT5,Legacy-Remaining,0.020485099987126887,711
w204-heterogeneous-fast,-1,0.001,TTFT5.2_TPOT5,Raw-Full,0.020162499975413084,711
w204-heterogeneous-fast,-1,0.001,TTFT5.2_TPOT5,Raw-Remaining,0.02113809995353222,711
w204-heterogeneous-fast,-1,0.001,TTFT5.2_TPOT5,Legacy-Full,0.01998520002234727,711
w204-heterogeneous-fast,-1,0.001,TTFT5.2_TPOT10,Legacy-Remaining,0.021474100009072572,711
w204-heterogeneous-fast,-1,0.001,TTFT5.2_TPOT10,Raw-Full,0.020729900046717376,711
w204-heterogeneous-fast,-1,0.001,TTFT5.2_TPOT10,Raw-Remaining,0.020668100041802973,711
w204-heterogeneous-fast,-1,0.001,TTFT5.2_TPOT10,Legacy-Full,0.02066090004518628,711
w204-heterogeneous-fast,0,0.001,TTFT5.2_TPOT0.3,Raw-Full,0.020744700042996556,711
w204-heterogeneous-fast,0,0.001,TTFT5.2_TPOT0.3,Raw-Remaining,0.02068329998292029,711
w204-heterogeneous-fast,0,0.001,TTFT5.2_TPOT0.3,Legacy-Full,0.020497000019531697,711
w204-heterogeneous-fast,0,0.001,TTFT5.2_TPOT0.3,Legacy-Remaining,0.020959299989044666,711
w204-heterogeneous-fast,0,0.001,TTFT5.2_TPOT1.2,Raw-Full,0.02046990004600957,711
w204-heterogeneous-fast,0,0.001,TTFT5.2_TPOT1.2,Raw-Remaining,0.02124919998459518,711
w204-heterogeneous-fast,0,0.001,TTFT5.2_TPOT1.2,Legacy-Full,0.020284099970012903,711
w204-heterogeneous-fast,0,0.001,TTFT5.2_TPOT1.2,Legacy-Remaining,0.02117810002528131,711
w204-heterogeneous-fast,0,0.001,TTFT5.2_TPOT5,Raw-Full,0.020626399957109243,711
w204-heterogeneous-fast,0,0.001,TTFT5.2_TPOT5,Raw-Remaining,0.020306399965193123,711
w204-heterogeneous-fast,0,0.001,TTFT5.2_TPOT5,Legacy-Full,0.020560799981467426,711
w204-heterogeneous-fast,0,0.001,TTFT5.2_TPOT5,Legacy-Remaining,0.020821599988266826,711
w204-heterogeneous-fast,0,0.001,TTFT5.2_TPOT10,Raw-Full,0.020676899992395192,711
w204-heterogeneous-fast,0,0.001,TTFT5.2_TPOT10,Raw-Remaining,0.020745799993164837,711
w204-heterogeneous-fast,0,0.001,TTFT5.2_TPOT10,Legacy-Full,0.02015589998336509,711
w204-heterogeneous-fast,0,0.001,TTFT5.2_TPOT10,Legacy-Remaining,0.020809600013308227,711
w204-heterogeneous-fast,1,0.001,TTFT5.2_TPOT0.3,Raw-Remaining,0.021550399949774146,711
w204-heterogeneous-fast,1,0.001,TTFT5.2_TPOT0.3,Legacy-Full,0.02014520001830533,711
w204-heterogeneous-fast,1,0.001,TTFT5.2_TPOT0.3,Legacy-Remaining,0.0202669000136666,711
w204-heterogeneous-fast,1,0.001,TTFT5.2_TPOT0.3,Raw-Full,0.019815700012259185,711
w204-heterogeneous-fast,1,0.001,TTFT5.2_TPOT1.2,Raw-Remaining,0.020522599981632084,711
w204-heterogeneous-fast,1,0.001,TTFT5.2_TPOT1.2,Legacy-Full,0.020313100016210228,711
w204-heterogeneous-fast,1,0.001,TTFT5.2_TPOT1.2,Legacy-Remaining,0.020877800008747727,711
w204-heterogeneous-fast,1,0.001,TTFT5.2_TPOT1.2,Raw-Full,0.02038830000674352,711
w204-heterogeneous-fast,1,0.001,TTFT5.2_TPOT5,Raw-Remaining,0.02073629997903481,711
w204-heterogeneous-fast,1,0.001,TTFT5.2_TPOT5,Legacy-Full,0.02015890000620857,711
w204-heterogeneous-fast,1,0.001,TTFT5.2_TPOT5,Legacy-Remaining,0.02113080001436174,711
w204-heterogeneous-fast,1,0.001,TTFT5.2_TPOT5,Raw-Full,0.020153400022536516,711
w204-heterogeneous-fast,1,0.001,TTFT5.2_TPOT10,Raw-Remaining,0.020280900003854185,711
w204-heterogeneous-fast,1,0.001,TTFT5.2_TPOT10,Legacy-Full,0.020741899963468313,711
w204-heterogeneous-fast,1,0.001,TTFT5.2_TPOT10,Legacy-Remaining,0.020316099980846047,711
w204-heterogeneous-fast,1,0.001,TTFT5.2_TPOT10,Raw-Full,0.020072299987077713,711
w204-heterogeneous-fast,2,0.001,TTFT5.2_TPOT0.3,Legacy-Full,0.020702000008895993,711
w204-heterogeneous-fast,2,0.001,TTFT5.2_TPOT0.3,Legacy-Remaining,0.020417699997778982,711
w204-heterogeneous-fast,2,0.001,TTFT5.2_TPOT0.3,Raw-Full,0.02023559994995594,711
w204-heterogeneous-fast,2,0.001,TTFT5.2_TPOT0.3,Raw-Remaining,0.02105199999641627,711
w204-heterogeneous-fast,2,0.001,TTFT5.2_TPOT1.2,Legacy-Full,0.021473700006026775,711
w204-heterogeneous-fast,2,0.001,TTFT5.2_TPOT1.2,Legacy-Remaining,0.02083890000358224,711
w204-heterogeneous-fast,2,0.001,TTFT5.2_TPOT1.2,Raw-Full,0.020526800013612956,711
w204-heterogeneous-fast,2,0.001,TTFT5.2_TPOT1.2,Raw-Remaining,0.020955000014510006,711
w204-heterogeneous-fast,2,0.001,TTFT5.2_TPOT5,Legacy-Full,0.02047879999736324,711
w204-heterogeneous-fast,2,0.001,TTFT5.2_TPOT5,Legacy-Remaining,0.02091299998573959,711
w204-heterogeneous-fast,2,0.001,TTFT5.2_TPOT5,Raw-Full,0.020688699965830892,711
w204-heterogeneous-fast,2,0.001,TTFT5.2_TPOT5,Raw-Remaining,0.02047869999660179,711
w204-heterogeneous-fast,2,0.001,TTFT5.2_TPOT10,Legacy-Full,0.02059740002732724,711
w204-heterogeneous-fast,2,0.001,TTFT5.2_TPOT10,Legacy-Remaining,0.021060500002931803,711
w204-heterogeneous-fast,2,0.001,TTFT5.2_TPOT10,Raw-Full,0.02020790003007278,711
w204-heterogeneous-fast,2,0.001,TTFT5.2_TPOT10,Raw-Remaining,0.020966799987945706,711
w204-heterogeneous-fast,-2,0.004,TTFT5.2_TPOT0.3,Legacy-Remaining,0.02092889999039471,711
w204-heterogeneous-fast,-2,0.004,TTFT5.2_TPOT0.3,Raw-Full,0.01984160003485158,711
w204-heterogeneous-fast,-2,0.004,TTFT5.2_TPOT0.3,Raw-Remaining,0.021176200010813773,711
w204-heterogeneous-fast,-2,0.004,TTFT5.2_TPOT0.3,Legacy-Full,0.02038990001892671,711
w204-heterogeneous-fast,-2,0.004,TTFT5.2_TPOT1.2,Legacy-Remaining,0.0207185999606736,711
w204-heterogeneous-fast,-2,0.004,TTFT5.2_TPOT1.2,Raw-Full,0.020516200049314648,711
w204-heterogeneous-fast,-2,0.004,TTFT5.2_TPOT1.2,Raw-Remaining,0.020426300005055964,711
w204-heterogeneous-fast,-2,0.004,TTFT5.2_TPOT1.2,Legacy-Full,0.02075139997759834,711
w204-heterogeneous-fast,-2,0.004,TTFT5.2_TPOT5,Legacy-Remaining,0.020751900039613247,711
w204-heterogeneous-fast,-2,0.004,TTFT5.2_TPOT5,Raw-Full,0.02077980001922697,711
w204-heterogeneous-fast,-2,0.004,TTFT5.2_TPOT5,Raw-Remaining,0.02184770000167191,711
w204-heterogeneous-fast,-2,0.004,TTFT5.2_TPOT5,Legacy-Full,0.020509399997536093,711
w204-heterogeneous-fast,-2,0.004,TTFT5.2_TPOT10,Legacy-Remaining,0.020569799991790205,711
w204-heterogeneous-fast,-2,0.004,TTFT5.2_TPOT10,Raw-Full,0.020409900054801255,711
w204-heterogeneous-fast,-2,0.004,TTFT5.2_TPOT10,Raw-Remaining,0.02044149994617328,711
w204-heterogeneous-fast,-2,0.004,TTFT5.2_TPOT10,Legacy-Full,0.020880900032352656,711
w204-heterogeneous-fast,-1,0.004,TTFT5.2_TPOT0.3,Raw-Full,0.02049830002943054,711
w204-heterogeneous-fast,-1,0.004,TTFT5.2_TPOT0.3,Raw-Remaining,0.020683799986727536,711
w204-heterogeneous-fast,-1,0.004,TTFT5.2_TPOT0.3,Legacy-Full,0.020810400019399822,711
w204-heterogeneous-fast,-1,0.004,TTFT5.2_TPOT0.3,Legacy-Remaining,0.02050370001234114,711
w204-heterogeneous-fast,-1,0.004,TTFT5.2_TPOT1.2,Raw-Full,0.020725100010167807,711
w204-heterogeneous-fast,-1,0.004,TTFT5.2_TPOT1.2,Raw-Remaining,0.020473600015975535,711
w204-heterogeneous-fast,-1,0.004,TTFT5.2_TPOT1.2,Legacy-Full,0.020898699993267655,711
w204-heterogeneous-fast,-1,0.004,TTFT5.2_TPOT1.2,Legacy-Remaining,0.020608399994671345,711
w204-heterogeneous-fast,-1,0.004,TTFT5.2_TPOT5,Raw-Full,0.020759399980306625,711
w204-heterogeneous-fast,-1,0.004,TTFT5.2_TPOT5,Raw-Remaining,0.020714000042062253,711
w204-heterogeneous-fast,-1,0.004,TTFT5.2_TPOT5,Legacy-Full,0.020856999966781586,711
w204-heterogeneous-fast,-1,0.004,TTFT5.2_TPOT5,Legacy-Remaining,0.020862900011707097,711
w204-heterogeneous-fast,-1,0.004,TTFT5.2_TPOT10,Raw-Full,0.021873500023502856,711
w204-heterogeneous-fast,-1,0.004,TTFT5.2_TPOT10,Raw-Remaining,0.020600699994247407,711
w204-heterogeneous-fast,-1,0.004,TTFT5.2_TPOT10,Legacy-Full,0.02071280003292486,711
w204-heterogeneous-fast,-1,0.004,TTFT5.2_TPOT10,Legacy-Remaining,0.021276899962686002,711
w204-heterogeneous-fast,0,0.004,TTFT5.2_TPOT0.3,Raw-Remaining,0.021092500013764948,711
w204-heterogeneous-fast,0,0.004,TTFT5.2_TPOT0.3,Legacy-Full,0.020446599985007197,711
w204-heterogeneous-fast,0,0.004,TTFT5.2_TPOT0.3,Legacy-Remaining,0.02150089998031035,711
w204-heterogeneous-fast,0,0.004,TTFT5.2_TPOT0.3,Raw-Full,0.020377500040922314,711
w204-heterogeneous-fast,0,0.004,TTFT5.2_TPOT1.2,Raw-Remaining,0.021310599986463785,711
w204-heterogeneous-fast,0,0.004,TTFT5.2_TPOT1.2,Legacy-Full,0.02053209999576211,711
w204-heterogeneous-fast,0,0.004,TTFT5.2_TPOT1.2,Legacy-Remaining,0.020594000001437962,711
w204-heterogeneous-fast,0,0.004,TTFT5.2_TPOT1.2,Raw-Full,0.020222100021783262,711
w204-heterogeneous-fast,0,0.004,TTFT5.2_TPOT5,Raw-Remaining,0.020768900052644312,711
w204-heterogeneous-fast,0,0.004,TTFT5.2_TPOT5,Legacy-Full,0.020342800009530038,711
w204-heterogeneous-fast,0,0.004,TTFT5.2_TPOT5,Legacy-Remaining,0.020765000022947788,711
w204-heterogeneous-fast,0,0.004,TTFT5.2_TPOT5,Raw-Full,0.020300000032875687,711
w204-heterogeneous-fast,0,0.004,TTFT5.2_TPOT10,Raw-Remaining,0.020519100013189018,711
w204-heterogeneous-fast,0,0.004,TTFT5.2_TPOT10,Legacy-Full,0.01994260004721582,711
w204-heterogeneous-fast,0,0.004,TTFT5.2_TPOT10,Legacy-Remaining,0.0204033000045456,711
w204-heterogeneous-fast,0,0.004,TTFT5.2_TPOT10,Raw-Full,0.020345800032373518,711
w204-heterogeneous-fast,1,0.004,TTFT5.2_TPOT0.3,Legacy-Full,0.020238400029484183,711
w204-heterogeneous-fast,1,0.004,TTFT5.2_TPOT0.3,Legacy-Remaining,0.021068800007924438,711
w204-heterogeneous-fast,1,0.004,TTFT5.2_TPOT0.3,Raw-Full,0.02009659999748692,711
w204-heterogeneous-fast,1,0.004,TTFT5.2_TPOT0.3,Raw-Remaining,0.020560699980705976,711
w204-heterogeneous-fast,1,0.004,TTFT5.2_TPOT1.2,Legacy-Full,0.020542800019029528,711
w204-heterogeneous-fast,1,0.004,TTFT5.2_TPOT1.2,Legacy-Remaining,0.02028619998600334,711
w204-heterogeneous-fast,1,0.004,TTFT5.2_TPOT1.2,Raw-Full,0.020299699972383678,711
w204-heterogeneous-fast,1,0.004,TTFT5.2_TPOT1.2,Raw-Remaining,0.02106080000521615,711
w204-heterogeneous-fast,1,0.004,TTFT5.2_TPOT5,Legacy-Full,0.020226299995556474,711
w204-heterogeneous-fast,1,0.004,TTFT5.2_TPOT5,Legacy-Remaining,0.020428899966645986,711
w204-heterogeneous-fast,1,0.004,TTFT5.2_TPOT5,Raw-Full,0.020955000014510006,711
w204-heterogeneous-fast,1,0.004,TTFT5.2_TPOT5,Raw-Remaining,0.02043149998644367,711
w204-heterogeneous-fast,1,0.004,TTFT5.2_TPOT10,Legacy-Full,0.020225899992510676,711
w204-heterogeneous-fast,1,0.004,TTFT5.2_TPOT10,Legacy-Remaining,0.022082499985117465,711
w204-heterogeneous-fast,1,0.004,TTFT5.2_TPOT10,Raw-Full,0.021061900013592094,711
w204-heterogeneous-fast,1,0.004,TTFT5.2_TPOT10,Raw-Remaining,0.020732800010591745,711
w204-heterogeneous-fast,2,0.004,TTFT5.2_TPOT0.3,Legacy-Remaining,0.02077820000704378,711
w204-heterogeneous-fast,2,0.004,TTFT5.2_TPOT0.3,Raw-Full,0.02054669999051839,711
w204-heterogeneous-fast,2,0.004,TTFT5.2_TPOT0.3,Raw-Remaining,0.02107259997865185,711
w204-heterogeneous-fast,2,0.004,TTFT5.2_TPOT0.3,Legacy-Full,0.02052479999838397,711
w204-heterogeneous-fast,2,0.004,TTFT5.2_TPOT1.2,Legacy-Remaining,0.020703100017271936,711
w204-heterogeneous-fast,2,0.004,TTFT5.2_TPOT1.2,Raw-Full,0.02064000000245869,711
w204-heterogeneous-fast,2,0.004,TTFT5.2_TPOT1.2,Raw-Remaining,0.021084000007249415,711
w204-heterogeneous-fast,2,0.004,TTFT5.2_TPOT1.2,Legacy-Full,0.020713199977762997,711
w204-heterogeneous-fast,2,0.004,TTFT5.2_TPOT5,Legacy-Remaining,0.020732799952384084,711
w204-heterogeneous-fast,2,0.004,TTFT5.2_TPOT5,Raw-Full,0.020928799989633262,711
w204-heterogeneous-fast,2,0.004,TTFT5.2_TPOT5,Raw-Remaining,0.020557800016831607,711
w204-heterogeneous-fast,2,0.004,TTFT5.2_TPOT5,Legacy-Full,0.020731399999931455,711
w204-heterogeneous-fast,2,0.004,TTFT5.2_TPOT10,Legacy-Remaining,0.021430600027088076,711
w204-heterogeneous-fast,2,0.004,TTFT5.2_TPOT10,Raw-Full,0.02077510004164651,711
w204-heterogeneous-fast,2,0.004,TTFT5.2_TPOT10,Raw-Remaining,0.021016200014855713,711
w204-heterogeneous-fast,2,0.004,TTFT5.2_TPOT10,Legacy-Full,0.02063399995677173,711
w204-heterogeneous-fast,-2,0.016,TTFT5.2_TPOT0.3,Raw-Full,0.006543600000441074,215
w204-heterogeneous-fast,-2,0.016,TTFT5.2_TPOT0.3,Raw-Remaining,0.00630419998196885,215
w204-heterogeneous-fast,-2,0.016,TTFT5.2_TPOT0.3,Legacy-Full,0.0062744999886490405,214
w204-heterogeneous-fast,-2,0.016,TTFT5.2_TPOT0.3,Legacy-Remaining,0.006593999976757914,214
w204-heterogeneous-fast,-2,0.016,TTFT5.2_TPOT1.2,Raw-Full,0.006355800025630742,215
w204-heterogeneous-fast,-2,0.016,TTFT5.2_TPOT1.2,Raw-Remaining,0.006852699967566878,215
w204-heterogeneous-fast,-2,0.016,TTFT5.2_TPOT1.2,Legacy-Full,0.0063532000058330595,214
w204-heterogeneous-fast,-2,0.016,TTFT5.2_TPOT1.2,Legacy-Remaining,0.0063387000118382275,214
w204-heterogeneous-fast,-2,0.016,TTFT5.2_TPOT5,Raw-Full,0.022633899992797524,711
w204-heterogeneous-fast,-2,0.016,TTFT5.2_TPOT5,Raw-Remaining,0.0232506999745965,711
w204-heterogeneous-fast,-2,0.016,TTFT5.2_TPOT5,Legacy-Full,0.022995499952230603,711
w204-heterogeneous-fast,-2,0.016,TTFT5.2_TPOT5,Legacy-Remaining,0.022976999985985458,711
w204-heterogeneous-fast,-2,0.016,TTFT5.2_TPOT10,Raw-Full,0.022492700023576617,711
w204-heterogeneous-fast,-2,0.016,TTFT5.2_TPOT10,Raw-Remaining,0.02287020004587248,711
w204-heterogeneous-fast,-2,0.016,TTFT5.2_TPOT10,Legacy-Full,0.022732899989932775,711
w204-heterogeneous-fast,-2,0.016,TTFT5.2_TPOT10,Legacy-Remaining,0.02305810002144426,711
w204-heterogeneous-fast,-1,0.016,TTFT5.2_TPOT0.3,Raw-Remaining,0.006414899951778352,214
w204-heterogeneous-fast,-1,0.016,TTFT5.2_TPOT0.3,Legacy-Full,0.0062763000023551285,214
w204-heterogeneous-fast,-1,0.016,TTFT5.2_TPOT0.3,Legacy-Remaining,0.006438299955334514,214
w204-heterogeneous-fast,-1,0.016,TTFT5.2_TPOT0.3,Raw-Full,0.006609099975321442,214
w204-heterogeneous-fast,-1,0.016,TTFT5.2_TPOT1.2,Raw-Remaining,0.006559400004334748,214
w204-heterogeneous-fast,-1,0.016,TTFT5.2_TPOT1.2,Legacy-Full,0.006305399991106242,214
w204-heterogeneous-fast,-1,0.016,TTFT5.2_TPOT1.2,Legacy-Remaining,0.006319600041024387,214
w204-heterogeneous-fast,-1,0.016,TTFT5.2_TPOT1.2,Raw-Full,0.006218699971213937,214
w204-heterogeneous-fast,-1,0.016,TTFT5.2_TPOT5,Raw-Remaining,0.02286260004620999,711
w204-heterogeneous-fast,-1,0.016,TTFT5.2_TPOT5,Legacy-Full,0.022669100027997047,711
w204-heterogeneous-fast,-1,0.016,TTFT5.2_TPOT5,Legacy-Remaining,0.02269230003003031,711
w204-heterogeneous-fast,-1,0.016,TTFT5.2_TPOT5,Raw-Full,0.022949500009417534,711
w204-heterogeneous-fast,-1,0.016,TTFT5.2_TPOT10,Raw-Remaining,0.02286849997472018,711
w204-heterogeneous-fast,-1,0.016,TTFT5.2_TPOT10,Legacy-Full,0.02287310000974685,711
w204-heterogeneous-fast,-1,0.016,TTFT5.2_TPOT10,Legacy-Remaining,0.022791300027165562,711
w204-heterogeneous-fast,-1,0.016,TTFT5.2_TPOT10,Raw-Full,0.022439600026700646,711
w204-heterogeneous-fast,0,0.016,TTFT5.2_TPOT0.3,Legacy-Full,0.006442600046284497,214
w204-heterogeneous-fast,0,0.016,TTFT5.2_TPOT0.3,Legacy-Remaining,0.006514999957289547,214
w204-heterogeneous-fast,0,0.016,TTFT5.2_TPOT0.3,Raw-Full,0.00626730005024001,214
w204-heterogeneous-fast,0,0.016,TTFT5.2_TPOT0.3,Raw-Remaining,0.006262799957767129,214
w204-heterogeneous-fast,0,0.016,TTFT5.2_TPOT1.2,Legacy-Full,0.006484600016847253,214
w204-heterogeneous-fast,0,0.016,TTFT5.2_TPOT1.2,Legacy-Remaining,0.006411699985619634,214
w204-heterogeneous-fast,0,0.016,TTFT5.2_TPOT1.2,Raw-Full,0.006173499976284802,214
w204-heterogeneous-fast,0,0.016,TTFT5.2_TPOT1.2,Raw-Remaining,0.006544500007294118,214
w204-heterogeneous-fast,0,0.016,TTFT5.2_TPOT5,Legacy-Full,0.02319460001308471,711
w204-heterogeneous-fast,0,0.016,TTFT5.2_TPOT5,Legacy-Remaining,0.02295459999004379,711
w204-heterogeneous-fast,0,0.016,TTFT5.2_TPOT5,Raw-Full,0.022784700035117567,711
w204-heterogeneous-fast,0,0.016,TTFT5.2_TPOT5,Raw-Remaining,0.022771699994336814,711
w204-heterogeneous-fast,0,0.016,TTFT5.2_TPOT10,Legacy-Full,0.022863800055347383,711
w204-heterogeneous-fast,0,0.016,TTFT5.2_TPOT10,Legacy-Remaining,0.02262699999846518,711
w204-heterogeneous-fast,0,0.016,TTFT5.2_TPOT10,Raw-Full,0.02249669999582693,711
w204-heterogeneous-fast,0,0.016,TTFT5.2_TPOT10,Raw-Remaining,0.02281520003452897,711
w204-heterogeneous-fast,1,0.016,TTFT5.2_TPOT0.3,Legacy-Remaining,0.006529100006446242,213
w204-heterogeneous-fast,1,0.016,TTFT5.2_TPOT0.3,Raw-Full,0.0062411000253632665,214
w204-heterogeneous-fast,1,0.016,TTFT5.2_TPOT0.3,Raw-Remaining,0.006235299981199205,214
w204-heterogeneous-fast,1,0.016,TTFT5.2_TPOT0.3,Legacy-Full,0.006271800026297569,213
w204-heterogeneous-fast,1,0.016,TTFT5.2_TPOT1.2,Legacy-Remaining,0.006452700006775558,213
w204-heterogeneous-fast,1,0.016,TTFT5.2_TPOT1.2,Raw-Full,0.00622559996554628,214
w204-heterogeneous-fast,1,0.016,TTFT5.2_TPOT1.2,Raw-Remaining,0.006536500004585832,214
w204-heterogeneous-fast,1,0.016,TTFT5.2_TPOT1.2,Legacy-Full,0.006180700031109154,213
w204-heterogeneous-fast,1,0.016,TTFT5.2_TPOT5,Legacy-Remaining,0.023482599994167686,711
w204-heterogeneous-fast,1,0.016,TTFT5.2_TPOT5,Raw-Full,0.02302109997253865,711
w204-heterogeneous-fast,1,0.016,TTFT5.2_TPOT5,Raw-Remaining,0.02306570002110675,711
w204-heterogeneous-fast,1,0.016,TTFT5.2_TPOT5,Legacy-Full,0.02257969998754561,711
w204-heterogeneous-fast,1,0.016,TTFT5.2_TPOT10,Legacy-Remaining,0.023643099993932992,711
w204-heterogeneous-fast,1,0.016,TTFT5.2_TPOT10,Raw-Full,0.02274550002766773,711
w204-heterogeneous-fast,1,0.016,TTFT5.2_TPOT10,Raw-Remaining,0.0229158999864012,711
w204-heterogeneous-fast,1,0.016,TTFT5.2_TPOT10,Legacy-Full,0.022790900024119765,711
w204-heterogeneous-fast,2,0.016,TTFT5.2_TPOT0.3,Raw-Full,0.0063108999747782946,213
w204-heterogeneous-fast,2,0.016,TTFT5.2_TPOT0.3,Raw-Remaining,0.006366999994497746,213
w204-heterogeneous-fast,2,0.016,TTFT5.2_TPOT0.3,Legacy-Full,0.006131500005722046,213
w204-heterogeneous-fast,2,0.016,TTFT5.2_TPOT0.3,Legacy-Remaining,0.0064282999956049025,213
w204-heterogeneous-fast,2,0.016,TTFT5.2_TPOT1.2,Raw-Full,0.006295999977737665,213
w204-heterogeneous-fast,2,0.016,TTFT5.2_TPOT1.2,Raw-Remaining,0.006506400008220226,213
w204-heterogeneous-fast,2,0.016,TTFT5.2_TPOT1.2,Legacy-Full,0.006272499973420054,213
w204-heterogeneous-fast,2,0.016,TTFT5.2_TPOT1.2,Legacy-Remaining,0.00634570000693202,213
w204-heterogeneous-fast,2,0.016,TTFT5.2_TPOT5,Raw-Full,0.023087300010956824,711
w204-heterogeneous-fast,2,0.016,TTFT5.2_TPOT5,Raw-Remaining,0.022877999988850206,711
w204-heterogeneous-fast,2,0.016,TTFT5.2_TPOT5,Legacy-Full,0.02327750000404194,711
w204-heterogeneous-fast,2,0.016,TTFT5.2_TPOT5,Legacy-Remaining,0.023260700050741434,711
w204-heterogeneous-fast,2,0.016,TTFT5.2_TPOT10,Raw-Full,0.022268100001383573,711
w204-heterogeneous-fast,2,0.016,TTFT5.2_TPOT10,Raw-Remaining,0.02388769999379292,711
w204-heterogeneous-fast,2,0.016,TTFT5.2_TPOT10,Legacy-Full,0.022566800005733967,711
w204-heterogeneous-fast,2,0.016,TTFT5.2_TPOT10,Legacy-Remaining,0.02288309996947646,711
w204-heterogeneous-fast,-2,0.064,TTFT5.2_TPOT0.3,Raw-Remaining,0.0006710999878123403,16
w204-heterogeneous-fast,-2,0.064,TTFT5.2_TPOT0.3,Legacy-Full,0.0006398999830707908,15
w204-heterogeneous-fast,-2,0.064,TTFT5.2_TPOT0.3,Legacy-Remaining,0.0006282000103965402,15
w204-heterogeneous-fast,-2,0.064,TTFT5.2_TPOT0.3,Raw-Full,0.0007083999807946384,16
w204-heterogeneous-fast,-2,0.064,TTFT5.2_TPOT1.2,Raw-Remaining,0.0007161999819800258,16
w204-heterogeneous-fast,-2,0.064,TTFT5.2_TPOT1.2,Legacy-Full,0.0006157999741844833,15
w204-heterogeneous-fast,-2,0.064,TTFT5.2_TPOT1.2,Legacy-Remaining,0.0006681000231765211,15
w204-heterogeneous-fast,-2,0.064,TTFT5.2_TPOT1.2,Raw-Full,0.000644999963697046,16
w204-heterogeneous-fast,-2,0.064,TTFT5.2_TPOT5,Raw-Remaining,0.03372459998354316,711
w204-heterogeneous-fast,-2,0.064,TTFT5.2_TPOT5,Legacy-Full,0.034891099960077554,711
w204-heterogeneous-fast,-2,0.064,TTFT5.2_TPOT5,Legacy-Remaining,0.03416420001303777,711
w204-heterogeneous-fast,-2,0.064,TTFT5.2_TPOT5,Raw-Full,0.03354540001600981,711
w204-heterogeneous-fast,-2,0.064,TTFT5.2_TPOT10,Raw-Remaining,0.03347039996879175,711
w204-heterogeneous-fast,-2,0.064,TTFT5.2_TPOT10,Legacy-Full,0.03346990002319217,711
w204-heterogeneous-fast,-2,0.064,TTFT5.2_TPOT10,Legacy-Remaining,0.03632419998757541,711
w204-heterogeneous-fast,-2,0.064,TTFT5.2_TPOT10,Raw-Full,0.035162099986337125,711
w204-heterogeneous-fast,-1,0.064,TTFT5.2_TPOT0.3,Legacy-Full,0.0007266000029630959,15
w204-heterogeneous-fast,-1,0.064,TTFT5.2_TPOT0.3,Legacy-Remaining,0.0006460000295192003,15
w204-heterogeneous-fast,-1,0.064,TTFT5.2_TPOT0.3,Raw-Full,0.0006400999845936894,15
w204-heterogeneous-fast,-1,0.064,TTFT5.2_TPOT0.3,Raw-Remaining,0.0006337999948300421,15
w204-heterogeneous-fast,-1,0.064,TTFT5.2_TPOT1.2,Legacy-Full,0.0006469000363722444,15
w204-heterogeneous-fast,-1,0.064,TTFT5.2_TPOT1.2,Legacy-Remaining,0.0006286000134423375,15
w204-heterogeneous-fast,-1,0.064,TTFT5.2_TPOT1.2,Raw-Full,0.0006236000335775316,15
w204-heterogeneous-fast,-1,0.064,TTFT5.2_TPOT1.2,Raw-Remaining,0.0006498000002466142,15
w204-heterogeneous-fast,-1,0.064,TTFT5.2_TPOT5,Legacy-Full,0.03503300005104393,711
w204-heterogeneous-fast,-1,0.064,TTFT5.2_TPOT5,Legacy-Remaining,0.03469170001335442,711
w204-heterogeneous-fast,-1,0.064,TTFT5.2_TPOT5,Raw-Full,0.03446779999649152,711
w204-heterogeneous-fast,-1,0.064,TTFT5.2_TPOT5,Raw-Remaining,0.0344514999887906,711
w204-heterogeneous-fast,-1,0.064,TTFT5.2_TPOT10,Legacy-Full,0.035059899964835495,711
w204-heterogeneous-fast,-1,0.064,TTFT5.2_TPOT10,Legacy-Remaining,0.034702999982982874,711
w204-heterogeneous-fast,-1,0.064,TTFT5.2_TPOT10,Raw-Full,0.034077699994668365,711
w204-heterogeneous-fast,-1,0.064,TTFT5.2_TPOT10,Raw-Remaining,0.03458710003178567,711
w204-heterogeneous-fast,0,0.064,TTFT5.2_TPOT0.3,Legacy-Remaining,0.0006293000187724829,15
w204-heterogeneous-fast,0,0.064,TTFT5.2_TPOT0.3,Raw-Full,0.0006076999707147479,15
w204-heterogeneous-fast,0,0.064,TTFT5.2_TPOT0.3,Raw-Remaining,0.0006874999962747097,15
w204-heterogeneous-fast,0,0.064,TTFT5.2_TPOT0.3,Legacy-Full,0.0006463000318035483,15
w204-heterogeneous-fast,0,0.064,TTFT5.2_TPOT1.2,Legacy-Remaining,0.0006246999837458134,15
w204-heterogeneous-fast,0,0.064,TTFT5.2_TPOT1.2,Raw-Full,0.0006185999955050647,15
w204-heterogeneous-fast,0,0.064,TTFT5.2_TPOT1.2,Raw-Remaining,0.0006168000400066376,15
w204-heterogeneous-fast,0,0.064,TTFT5.2_TPOT1.2,Legacy-Full,0.0006179000483825803,15
w204-heterogeneous-fast,0,0.064,TTFT5.2_TPOT5,Legacy-Remaining,0.034664500039070845,711
w204-heterogeneous-fast,0,0.064,TTFT5.2_TPOT5,Raw-Full,0.03445050003938377,711
w204-heterogeneous-fast,0,0.064,TTFT5.2_TPOT5,Raw-Remaining,0.03458239999599755,711
w204-heterogeneous-fast,0,0.064,TTFT5.2_TPOT5,Legacy-Full,0.03427339997142553,711
w204-heterogeneous-fast,0,0.064,TTFT5.2_TPOT10,Legacy-Remaining,0.0354191999649629,711
w204-heterogeneous-fast,0,0.064,TTFT5.2_TPOT10,Raw-Full,0.03431740001542494,711
w204-heterogeneous-fast,0,0.064,TTFT5.2_TPOT10,Raw-Remaining,0.03426790004596114,711
w204-heterogeneous-fast,0,0.064,TTFT5.2_TPOT10,Legacy-Full,0.03457779996097088,711
w204-heterogeneous-fast,1,0.064,TTFT5.2_TPOT0.3,Raw-Full,0.0006340999971143901,15
w204-heterogeneous-fast,1,0.064,TTFT5.2_TPOT0.3,Raw-Remaining,0.0006991999689489603,15
w204-heterogeneous-fast,1,0.064,TTFT5.2_TPOT0.3,Legacy-Full,0.0005940000410191715,14
w204-heterogeneous-fast,1,0.064,TTFT5.2_TPOT0.3,Legacy-Remaining,0.0005905000143684447,14
w204-heterogeneous-fast,1,0.064,TTFT5.2_TPOT1.2,Raw-Full,0.000609199982136488,15
w204-heterogeneous-fast,1,0.064,TTFT5.2_TPOT1.2,Raw-Remaining,0.0006141000194475055,15
w204-heterogeneous-fast,1,0.064,TTFT5.2_TPOT1.2,Legacy-Full,0.000590900017414242,14
w204-heterogeneous-fast,1,0.064,TTFT5.2_TPOT1.2,Legacy-Remaining,0.0005924000288359821,14
w204-heterogeneous-fast,1,0.064,TTFT5.2_TPOT5,Raw-Full,0.03492770000593737,711
w204-heterogeneous-fast,1,0.064,TTFT5.2_TPOT5,Raw-Remaining,0.034714700013864785,711
w204-heterogeneous-fast,1,0.064,TTFT5.2_TPOT5,Legacy-Full,0.03514190000714734,711
w204-heterogeneous-fast,1,0.064,TTFT5.2_TPOT5,Legacy-Remaining,0.03605170000810176,711
w204-heterogeneous-fast,1,0.064,TTFT5.2_TPOT10,Raw-Full,0.034905700013041496,711
w204-heterogeneous-fast,1,0.064,TTFT5.2_TPOT10,Raw-Remaining,0.035436299978755414,711
w204-heterogeneous-fast,1,0.064,TTFT5.2_TPOT10,Legacy-Full,0.03499639994697645,711
w204-heterogeneous-fast,1,0.064,TTFT5.2_TPOT10,Legacy-Remaining,0.03590710001299158,711
w204-heterogeneous-fast,2,0.064,TTFT5.2_TPOT0.3,Raw-Remaining,0.0006003999733366072,14
w204-heterogeneous-fast,2,0.064,TTFT5.2_TPOT0.3,Legacy-Full,0.0005932000349275768,14
w204-heterogeneous-fast,2,0.064,TTFT5.2_TPOT0.3,Legacy-Remaining,0.0006081999745219946,14
w204-heterogeneous-fast,2,0.064,TTFT5.2_TPOT0.3,Raw-Full,0.0006402999861165881,14
w204-heterogeneous-fast,2,0.064,TTFT5.2_TPOT1.2,Raw-Remaining,0.0005991000216454268,14
w204-heterogeneous-fast,2,0.064,TTFT5.2_TPOT1.2,Legacy-Full,0.0005833000177517533,14
w204-heterogeneous-fast,2,0.064,TTFT5.2_TPOT1.2,Legacy-Remaining,0.0005969000048935413,14
w204-heterogeneous-fast,2,0.064,TTFT5.2_TPOT1.2,Raw-Full,0.0006022999878041446,14
w204-heterogeneous-fast,2,0.064,TTFT5.2_TPOT5,Raw-Remaining,0.035373799968510866,711
w204-heterogeneous-fast,2,0.064,TTFT5.2_TPOT5,Legacy-Full,0.03631009999662638,711
w204-heterogeneous-fast,2,0.064,TTFT5.2_TPOT5,Legacy-Remaining,0.03565510001499206,711
w204-heterogeneous-fast,2,0.064,TTFT5.2_TPOT5,Raw-Full,0.03639969998039305,711
w204-heterogeneous-fast,2,0.064,TTFT5.2_TPOT10,Raw-Remaining,0.03601480001816526,711
w204-heterogeneous-fast,2,0.064,TTFT5.2_TPOT10,Legacy-Full,0.036409799999091774,711
w204-heterogeneous-fast,2,0.064,TTFT5.2_TPOT10,Legacy-Remaining,0.036289800016675144,711
w204-heterogeneous-fast,2,0.064,TTFT5.2_TPOT10,Raw-Full,0.0356171999592334,711
w204-heterogeneous-fast,-2,0.256,TTFT5.2_TPOT0.3,Legacy-Full,0.00036780000664293766,5
w204-heterogeneous-fast,-2,0.256,TTFT5.2_TPOT0.3,Legacy-Remaining,0.00034710002364590764,5
w204-heterogeneous-fast,-2,0.256,TTFT5.2_TPOT0.3,Raw-Full,0.0003252000315114856,5
w204-heterogeneous-fast,-2,0.256,TTFT5.2_TPOT0.3,Raw-Remaining,0.0003350999904796481,5
w204-heterogeneous-fast,-2,0.256,TTFT5.2_TPOT1.2,Legacy-Full,0.0003279999946244061,5
w204-heterogeneous-fast,-2,0.256,TTFT5.2_TPOT1.2,Legacy-Remaining,0.0003692999598570168,5
w204-heterogeneous-fast,-2,0.256,TTFT5.2_TPOT1.2,Raw-Full,0.00033219996839761734,5
w204-heterogeneous-fast,-2,0.256,TTFT5.2_TPOT1.2,Raw-Remaining,0.00033090001670643687,5
w204-heterogeneous-fast,-2,0.256,TTFT5.2_TPOT5,Legacy-Full,0.08251659997040406,711
w204-heterogeneous-fast,-2,0.256,TTFT5.2_TPOT5,Legacy-Remaining,0.08218450000276789,711
w204-heterogeneous-fast,-2,0.256,TTFT5.2_TPOT5,Raw-Full,0.07982779998565093,711
w204-heterogeneous-fast,-2,0.256,TTFT5.2_TPOT5,Raw-Remaining,0.08088880003197119,711
w204-heterogeneous-fast,-2,0.256,TTFT5.2_TPOT10,Legacy-Full,0.08292690000962466,711
w204-heterogeneous-fast,-2,0.256,TTFT5.2_TPOT10,Legacy-Remaining,0.08158109994838014,711
w204-heterogeneous-fast,-2,0.256,TTFT5.2_TPOT10,Raw-Full,0.07905520003987476,711
w204-heterogeneous-fast,-2,0.256,TTFT5.2_TPOT10,Raw-Remaining,0.07991740002762526,711
w204-heterogeneous-fast,-1,0.256,TTFT5.2_TPOT0.3,Legacy-Remaining,0.00036419997923076153,5
w204-heterogeneous-fast,-1,0.256,TTFT5.2_TPOT0.3,Raw-Full,0.0003245000261813402,5
w204-heterogeneous-fast,-1,0.256,TTFT5.2_TPOT0.3,Raw-Remaining,0.0003347999881953001,5
w204-heterogeneous-fast,-1,0.256,TTFT5.2_TPOT0.3,Legacy-Full,0.00033490004716441035,5
w204-heterogeneous-fast,-1,0.256,TTFT5.2_TPOT1.2,Legacy-Remaining,0.00033170002279803157,5
w204-heterogeneous-fast,-1,0.256,TTFT5.2_TPOT1.2,Raw-Full,0.00032490002922713757,5
w204-heterogeneous-fast,-1,0.256,TTFT5.2_TPOT1.2,Raw-Remaining,0.00034799997229129076,5
w204-heterogeneous-fast,-1,0.256,TTFT5.2_TPOT1.2,Legacy-Full,0.0003350000479258597,5
w204-heterogeneous-fast,-1,0.256,TTFT5.2_TPOT5,Legacy-Remaining,0.08442600001581013,711
w204-heterogeneous-fast,-1,0.256,TTFT5.2_TPOT5,Raw-Full,0.08196979999775067,711
w204-heterogeneous-fast,-1,0.256,TTFT5.2_TPOT5,Raw-Remaining,0.0829096999950707,711
w204-heterogeneous-fast,-1,0.256,TTFT5.2_TPOT5,Legacy-Full,0.0829830999718979,711
w204-heterogeneous-fast,-1,0.256,TTFT5.2_TPOT10,Legacy-Remaining,0.08413229999132454,711
w204-heterogeneous-fast,-1,0.256,TTFT5.2_TPOT10,Raw-Full,0.08132950001163408,711
w204-heterogeneous-fast,-1,0.256,TTFT5.2_TPOT10,Raw-Remaining,0.08204539999132976,711
w204-heterogeneous-fast,-1,0.256,TTFT5.2_TPOT10,Legacy-Full,0.08442779997130856,711
w204-heterogeneous-fast,0,0.256,TTFT5.2_TPOT0.3,Raw-Full,0.0003381000133231282,5
w204-heterogeneous-fast,0,0.256,TTFT5.2_TPOT0.3,Raw-Remaining,0.00033680000342428684,5
w204-heterogeneous-fast,0,0.256,TTFT5.2_TPOT0.3,Legacy-Full,0.00033220002660527825,5
w204-heterogeneous-fast,0,0.256,TTFT5.2_TPOT0.3,Legacy-Remaining,0.00034929998219013214,5
w204-heterogeneous-fast,0,0.256,TTFT5.2_TPOT1.2,Raw-Full,0.0003233000170439482,5
w204-heterogeneous-fast,0,0.256,TTFT5.2_TPOT1.2,Raw-Remaining,0.0003619999624788761,5
w204-heterogeneous-fast,0,0.256,TTFT5.2_TPOT1.2,Legacy-Full,0.0003601000062189996,5
w204-heterogeneous-fast,0,0.256,TTFT5.2_TPOT1.2,Legacy-Remaining,0.00034139998024329543,5
w204-heterogeneous-fast,0,0.256,TTFT5.2_TPOT5,Raw-Full,0.08451329998206347,711
w204-heterogeneous-fast,0,0.256,TTFT5.2_TPOT5,Raw-Remaining,0.08466769999358803,711
w204-heterogeneous-fast,0,0.256,TTFT5.2_TPOT5,Legacy-Full,0.0861667999997735,711
w204-heterogeneous-fast,0,0.256,TTFT5.2_TPOT5,Legacy-Remaining,0.08602479996625334,711
w204-heterogeneous-fast,0,0.256,TTFT5.2_TPOT10,Raw-Full,0.08463589998427778,711
w204-heterogeneous-fast,0,0.256,TTFT5.2_TPOT10,Raw-Remaining,0.08337370003573596,711
w204-heterogeneous-fast,0,0.256,TTFT5.2_TPOT10,Legacy-Full,0.0861428999924101,711
w204-heterogeneous-fast,0,0.256,TTFT5.2_TPOT10,Legacy-Remaining,0.08533430000534281,711
w204-heterogeneous-fast,1,0.256,TTFT5.2_TPOT0.3,Raw-Remaining,0.00034089997643604875,5
w204-heterogeneous-fast,1,0.256,TTFT5.2_TPOT0.3,Legacy-Full,0.0004292000085115433,5
w204-heterogeneous-fast,1,0.256,TTFT5.2_TPOT0.3,Legacy-Remaining,0.00033549999352544546,5
w204-heterogeneous-fast,1,0.256,TTFT5.2_TPOT0.3,Raw-Full,0.0003285999991931021,5
w204-heterogeneous-fast,1,0.256,TTFT5.2_TPOT1.2,Raw-Remaining,0.0003266000421717763,5
w204-heterogeneous-fast,1,0.256,TTFT5.2_TPOT1.2,Legacy-Full,0.00033110001822933555,5
w204-heterogeneous-fast,1,0.256,TTFT5.2_TPOT1.2,Legacy-Remaining,0.0003451000084169209,5
w204-heterogeneous-fast,1,0.256,TTFT5.2_TPOT1.2,Raw-Full,0.00032649998320266604,5
w204-heterogeneous-fast,1,0.256,TTFT5.2_TPOT5,Raw-Remaining,0.08502749999752268,711
w204-heterogeneous-fast,1,0.256,TTFT5.2_TPOT5,Legacy-Full,0.08799059997545555,711
w204-heterogeneous-fast,1,0.256,TTFT5.2_TPOT5,Legacy-Remaining,0.08894310001051053,711
w204-heterogeneous-fast,1,0.256,TTFT5.2_TPOT5,Raw-Full,0.08589099999517202,711
w204-heterogeneous-fast,1,0.256,TTFT5.2_TPOT10,Raw-Remaining,0.08630340005038306,711
w204-heterogeneous-fast,1,0.256,TTFT5.2_TPOT10,Legacy-Full,0.08766540000215173,711
w204-heterogeneous-fast,1,0.256,TTFT5.2_TPOT10,Legacy-Remaining,0.08797950000735,711
w204-heterogeneous-fast,1,0.256,TTFT5.2_TPOT10,Raw-Full,0.08544509997591376,711
w204-heterogeneous-fast,2,0.256,TTFT5.2_TPOT0.3,Legacy-Full,0.0003426999901421368,5
w204-heterogeneous-fast,2,0.256,TTFT5.2_TPOT0.3,Legacy-Remaining,0.0003404999733902514,5
w204-heterogeneous-fast,2,0.256,TTFT5.2_TPOT0.3,Raw-Full,0.00033219996839761734,5
w204-heterogeneous-fast,2,0.256,TTFT5.2_TPOT0.3,Raw-Remaining,0.00033710000570863485,5
w204-heterogeneous-fast,2,0.256,TTFT5.2_TPOT1.2,Legacy-Full,0.00034309999318793416,5
w204-heterogeneous-fast,2,0.256,TTFT5.2_TPOT1.2,Legacy-Remaining,0.00040660001104697585,5
w204-heterogeneous-fast,2,0.256,TTFT5.2_TPOT1.2,Raw-Full,0.0003364000003784895,5
w204-heterogeneous-fast,2,0.256,TTFT5.2_TPOT1.2,Raw-Remaining,0.0003902000025846064,5
w204-heterogeneous-fast,2,0.256,TTFT5.2_TPOT5,Legacy-Full,0.08738560002529994,711
w204-heterogeneous-fast,2,0.256,TTFT5.2_TPOT5,Legacy-Remaining,0.09061360004125163,711
w204-heterogeneous-fast,2,0.256,TTFT5.2_TPOT5,Raw-Full,0.09299239999381825,711
w204-heterogeneous-fast,2,0.256,TTFT5.2_TPOT5,Raw-Remaining,0.09280260000377893,711
w204-heterogeneous-fast,2,0.256,TTFT5.2_TPOT10,Legacy-Full,0.08895200002007186,711
w204-heterogeneous-fast,2,0.256,TTFT5.2_TPOT10,Legacy-Remaining,0.09188540000468493,711
w204-heterogeneous-fast,2,0.256,TTFT5.2_TPOT10,Raw-Full,0.08982399996602908,711
w204-heterogeneous-fast,2,0.256,TTFT5.2_TPOT10,Raw-Remaining,0.08822380000492558,711
w204-heterogeneous-fast,-2,1.024,TTFT5.2_TPOT0.3,Legacy-Remaining,0.00029360002372413874,3
w204-heterogeneous-fast,-2,1.024,TTFT5.2_TPOT0.3,Raw-Full,0.0002834000042639673,3
w204-heterogeneous-fast,-2,1.024,TTFT5.2_TPOT0.3,Raw-Remaining,0.0003079000161960721,3
w204-heterogeneous-fast,-2,1.024,TTFT5.2_TPOT0.3,Legacy-Full,0.00027790002059191465,3
w204-heterogeneous-fast,-2,1.024,TTFT5.2_TPOT1.2,Legacy-Remaining,0.00029579998226836324,3
w204-heterogeneous-fast,-2,1.024,TTFT5.2_TPOT1.2,Raw-Full,0.000318799982778728,3
w204-heterogeneous-fast,-2,1.024,TTFT5.2_TPOT1.2,Raw-Remaining,0.00030529999639838934,3
w204-heterogeneous-fast,-2,1.024,TTFT5.2_TPOT1.2,Legacy-Full,0.0002693000133149326,3
w204-heterogeneous-fast,-2,1.024,TTFT5.2_TPOT5,Legacy-Remaining,0.013113300024997443,84
w204-heterogeneous-fast,-2,1.024,TTFT5.2_TPOT5,Raw-Full,0.009244700020644814,72
w204-heterogeneous-fast,-2,1.024,TTFT5.2_TPOT5,Raw-Remaining,0.012559299997519702,86
w204-heterogeneous-fast,-2,1.024,TTFT5.2_TPOT5,Legacy-Full,0.00865849998081103,70
w204-heterogeneous-fast,-2,1.024,TTFT5.2_TPOT10,Legacy-Remaining,0.23092040000483394,711
w204-heterogeneous-fast,-2,1.024,TTFT5.2_TPOT10,Raw-Full,0.2181527999928221,711
w204-heterogeneous-fast,-2,1.024,TTFT5.2_TPOT10,Raw-Remaining,0.2214372999733314,711
w204-heterogeneous-fast,-2,1.024,TTFT5.2_TPOT10,Legacy-Full,0.21608019998529926,711
w204-heterogeneous-fast,-1,1.024,TTFT5.2_TPOT0.3,Raw-Full,0.00043650000588968396,3
w204-heterogeneous-fast,-1,1.024,TTFT5.2_TPOT0.3,Raw-Remaining,0.0003066000062972307,3
w204-heterogeneous-fast,-1,1.024,TTFT5.2_TPOT0.3,Legacy-Full,0.0002750999992713332,3
w204-heterogeneous-fast,-1,1.024,TTFT5.2_TPOT0.3,Legacy-Remaining,0.0002722999779507518,3
w204-heterogeneous-fast,-1,1.024,TTFT5.2_TPOT1.2,Raw-Full,0.0002747999969869852,3
w204-heterogeneous-fast,-1,1.024,TTFT5.2_TPOT1.2,Raw-Remaining,0.00027849996695294976,3
w204-heterogeneous-fast,-1,1.024,TTFT5.2_TPOT1.2,Legacy-Full,0.000291600008495152,3
w204-heterogeneous-fast,-1,1.024,TTFT5.2_TPOT1.2,Legacy-Remaining,0.0002758000046014786,3
w204-heterogeneous-fast,-1,1.024,TTFT5.2_TPOT5,Raw-Full,0.009816300007514656,77
w204-heterogeneous-fast,-1,1.024,TTFT5.2_TPOT5,Raw-Remaining,0.012163300008978695,84
w204-heterogeneous-fast,-1,1.024,TTFT5.2_TPOT5,Legacy-Full,0.01012209994951263,76
w204-heterogeneous-fast,-1,1.024,TTFT5.2_TPOT5,Legacy-Remaining,0.01175060000969097,84
w204-heterogeneous-fast,-1,1.024,TTFT5.2_TPOT10,Raw-Full,0.21714760002214462,711
w204-heterogeneous-fast,-1,1.024,TTFT5.2_TPOT10,Raw-Remaining,0.2161447000107728,711
w204-heterogeneous-fast,-1,1.024,TTFT5.2_TPOT10,Legacy-Full,0.21721949998755008,711
w204-heterogeneous-fast,-1,1.024,TTFT5.2_TPOT10,Legacy-Remaining,0.21844780002720654,711
w204-heterogeneous-fast,0,1.024,TTFT5.2_TPOT0.3,Raw-Remaining,0.00030069996137171984,3
w204-heterogeneous-fast,0,1.024,TTFT5.2_TPOT0.3,Legacy-Full,0.0002680000034160912,3
w204-heterogeneous-fast,0,1.024,TTFT5.2_TPOT0.3,Legacy-Remaining,0.0002891999902203679,3
w204-heterogeneous-fast,0,1.024,TTFT5.2_TPOT0.3,Raw-Full,0.0002734999870881438,3
w204-heterogeneous-fast,0,1.024,TTFT5.2_TPOT1.2,Raw-Remaining,0.0002794000320136547,3
w204-heterogeneous-fast,0,1.024,TTFT5.2_TPOT1.2,Legacy-Full,0.00032210000790655613,3
w204-heterogeneous-fast,0,1.024,TTFT5.2_TPOT1.2,Legacy-Remaining,0.0002793999738059938,3
w204-heterogeneous-fast,0,1.024,TTFT5.2_TPOT1.2,Raw-Full,0.0002647999790497124,3
w204-heterogeneous-fast,0,1.024,TTFT5.2_TPOT5,Raw-Remaining,0.01251659996341914,84
w204-heterogeneous-fast,0,1.024,TTFT5.2_TPOT5,Legacy-Full,0.00999039999442175,74
w204-heterogeneous-fast,0,1.024,TTFT5.2_TPOT5,Legacy-Remaining,0.011960000032559037,83
w204-heterogeneous-fast,0,1.024,TTFT5.2_TPOT5,Raw-Full,0.009792700002435595,75
w204-heterogeneous-fast,0,1.024,TTFT5.2_TPOT10,Raw-Remaining,0.2211156000266783,711
w204-heterogeneous-fast,0,1.024,TTFT5.2_TPOT10,Legacy-Full,0.21911260002525523,711
w204-heterogeneous-fast,0,1.024,TTFT5.2_TPOT10,Legacy-Remaining,0.22191639995435253,711
w204-heterogeneous-fast,0,1.024,TTFT5.2_TPOT10,Raw-Full,0.21850680001080036,711
w204-heterogeneous-fast,1,1.024,TTFT5.2_TPOT0.3,Legacy-Full,0.00029230001382529736,3
w204-heterogeneous-fast,1,1.024,TTFT5.2_TPOT0.3,Legacy-Remaining,0.00029200001154094934,3
w204-heterogeneous-fast,1,1.024,TTFT5.2_TPOT0.3,Raw-Full,0.0002671999973244965,3
w204-heterogeneous-fast,1,1.024,TTFT5.2_TPOT0.3,Raw-Remaining,0.00027189997490495443,3
w204-heterogeneous-fast,1,1.024,TTFT5.2_TPOT1.2,Legacy-Full,0.0002698999596759677,3
w204-heterogeneous-fast,1,1.024,TTFT5.2_TPOT1.2,Legacy-Remaining,0.0003024000325240195,3
w204-heterogeneous-fast,1,1.024,TTFT5.2_TPOT1.2,Raw-Full,0.00026320002507418394,3
w204-heterogeneous-fast,1,1.024,TTFT5.2_TPOT1.2,Raw-Remaining,0.0002793999738059938,3
w204-heterogeneous-fast,1,1.024,TTFT5.2_TPOT5,Legacy-Full,0.011421900009736419,79
w204-heterogeneous-fast,1,1.024,TTFT5.2_TPOT5,Legacy-Remaining,0.012386700022034347,82
w204-heterogeneous-fast,1,1.024,TTFT5.2_TPOT5,Raw-Full,0.01126619998831302,80
w204-heterogeneous-fast,1,1.024,TTFT5.2_TPOT5,Raw-Remaining,0.011608099972363561,83
w204-heterogeneous-fast,1,1.024,TTFT5.2_TPOT10,Legacy-Full,0.2228575000190176,711
w204-heterogeneous-fast,1,1.024,TTFT5.2_TPOT10,Legacy-Remaining,0.22504340001614764,711
w204-heterogeneous-fast,1,1.024,TTFT5.2_TPOT10,Raw-Full,0.22238259995356202,711
w204-heterogeneous-fast,1,1.024,TTFT5.2_TPOT10,Raw-Remaining,0.2194927999516949,711
w204-heterogeneous-fast,2,1.024,TTFT5.2_TPOT0.3,Legacy-Remaining,0.00028639996889978647,3
w204-heterogeneous-fast,2,1.024,TTFT5.2_TPOT0.3,Raw-Full,0.00026530004106462,3
w204-heterogeneous-fast,2,1.024,TTFT5.2_TPOT0.3,Raw-Remaining,0.00028529996052384377,3
w204-heterogeneous-fast,2,1.024,TTFT5.2_TPOT0.3,Legacy-Full,0.0003470999654382467,3
w204-heterogeneous-fast,2,1.024,TTFT5.2_TPOT1.2,Legacy-Remaining,0.00028029998065903783,3
w204-heterogeneous-fast,2,1.024,TTFT5.2_TPOT1.2,Raw-Full,0.0002639000304043293,3
w204-heterogeneous-fast,2,1.024,TTFT5.2_TPOT1.2,Raw-Remaining,0.00029500003438442945,3
w204-heterogeneous-fast,2,1.024,TTFT5.2_TPOT1.2,Legacy-Full,0.00026539998361840844,3
w204-heterogeneous-fast,2,1.024,TTFT5.2_TPOT5,Legacy-Remaining,0.012128699978347868,81
w204-heterogeneous-fast,2,1.024,TTFT5.2_TPOT5,Raw-Full,0.01115629996638745,79
w204-heterogeneous-fast,2,1.024,TTFT5.2_TPOT5,Raw-Remaining,0.011684399971272796,82
w204-heterogeneous-fast,2,1.024,TTFT5.2_TPOT5,Legacy-Full,0.010115100012626499,76
w204-heterogeneous-fast,2,1.024,TTFT5.2_TPOT10,Legacy-Remaining,0.2272765000234358,711
w204-heterogeneous-fast,2,1.024,TTFT5.2_TPOT10,Raw-Full,0.22236370004247874,711
w204-heterogeneous-fast,2,1.024,TTFT5.2_TPOT10,Raw-Remaining,0.2230926000047475,711
w204-heterogeneous-fast,2,1.024,TTFT5.2_TPOT10,Legacy-Full,0.22707180003635585,711
w204-heterogeneous-fast,-2,4.096,TTFT5.2_TPOT0.3,Raw-Full,0.000277700019069016,3
w204-heterogeneous-fast,-2,4.096,TTFT5.2_TPOT0.3,Raw-Remaining,0.00029340002220124006,3
w204-heterogeneous-fast,-2,4.096,TTFT5.2_TPOT0.3,Legacy-Full,0.0002739000483416021,3
w204-heterogeneous-fast,-2,4.096,TTFT5.2_TPOT0.3,Legacy-Remaining,0.0002785000251606107,3
w204-heterogeneous-fast,-2,4.096,TTFT5.2_TPOT1.2,Raw-Full,0.00027439999394118786,3
w204-heterogeneous-fast,-2,4.096,TTFT5.2_TPOT1.2,Raw-Remaining,0.0004640000406652689,6
w204-heterogeneous-fast,-2,4.096,TTFT5.2_TPOT1.2,Legacy-Full,0.00032079999800771475,3
w204-heterogeneous-fast,-2,4.096,TTFT5.2_TPOT1.2,Legacy-Remaining,0.000501600035931915,6
w204-heterogeneous-fast,-2,4.096,TTFT5.2_TPOT5,Raw-Full,0.003512699971906841,26
w204-heterogeneous-fast,-2,4.096,TTFT5.2_TPOT5,Raw-Remaining,0.004219099995680153,30
w204-heterogeneous-fast,-2,4.096,TTFT5.2_TPOT5,Legacy-Full,0.0030966000049374998,25
w204-heterogeneous-fast,-2,4.096,TTFT5.2_TPOT5,Legacy-Remaining,0.00435740000102669,30
w204-heterogeneous-fast,-2,4.096,TTFT5.2_TPOT10,Raw-Full,0.0048531999927945435,33
w204-heterogeneous-fast,-2,4.096,TTFT5.2_TPOT10,Raw-Remaining,0.005469099967740476,35
w204-heterogeneous-fast,-2,4.096,TTFT5.2_TPOT10,Legacy-Full,0.0049767000018619,33
w204-heterogeneous-fast,-2,4.096,TTFT5.2_TPOT10,Legacy-Remaining,0.005238400015514344,34
w204-heterogeneous-fast,-1,4.096,TTFT5.2_TPOT0.3,Raw-Remaining,0.0002846000134013593,3
w204-heterogeneous-fast,-1,4.096,TTFT5.2_TPOT0.3,Legacy-Full,0.000320900056976825,3
w204-heterogeneous-fast,-1,4.096,TTFT5.2_TPOT0.3,Legacy-Remaining,0.0002886999864131212,3
w204-heterogeneous-fast,-1,4.096,TTFT5.2_TPOT0.3,Raw-Full,0.0002728999825194478,3
w204-heterogeneous-fast,-1,4.096,TTFT5.2_TPOT1.2,Raw-Remaining,0.00046799995470792055,6
w204-heterogeneous-fast,-1,4.096,TTFT5.2_TPOT1.2,Legacy-Full,0.0002796000335365534,3
w204-heterogeneous-fast,-1,4.096,TTFT5.2_TPOT1.2,Legacy-Remaining,0.00045900000259280205,6
w204-heterogeneous-fast,-1,4.096,TTFT5.2_TPOT1.2,Raw-Full,0.000270900025498122,3
w204-heterogeneous-fast,-1,4.096,TTFT5.2_TPOT5,Raw-Remaining,0.004433699999935925,30
w204-heterogeneous-fast,-1,4.096,TTFT5.2_TPOT5,Legacy-Full,0.0030501000001095235,25
w204-heterogeneous-fast,-1,4.096,TTFT5.2_TPOT5,Legacy-Remaining,0.004086099972482771,29
w204-heterogeneous-fast,-1,4.096,TTFT5.2_TPOT5,Raw-Full,0.0032620999845676124,25
w204-heterogeneous-fast,-1,4.096,TTFT5.2_TPOT10,Raw-Remaining,0.30388680001487955,711
w204-heterogeneous-fast,-1,4.096,TTFT5.2_TPOT10,Legacy-Full,0.004839800007175654,33
w204-heterogeneous-fast,-1,4.096,TTFT5.2_TPOT10,Legacy-Remaining,0.3016939000226557,711
w204-heterogeneous-fast,-1,4.096,TTFT5.2_TPOT10,Raw-Full,0.004867499985266477,33
w204-heterogeneous-fast,0,4.096,TTFT5.2_TPOT0.3,Legacy-Full,0.00030239997431635857,3
w204-heterogeneous-fast,0,4.096,TTFT5.2_TPOT0.3,Legacy-Remaining,0.0002919000107795,3
w204-heterogeneous-fast,0,4.096,TTFT5.2_TPOT0.3,Raw-Full,0.00027549994410946965,3
w204-heterogeneous-fast,0,4.096,TTFT5.2_TPOT0.3,Raw-Remaining,0.00028119998751208186,3
w204-heterogeneous-fast,0,4.096,TTFT5.2_TPOT1.2,Legacy-Full,0.00026760000037029386,3
w204-heterogeneous-fast,0,4.096,TTFT5.2_TPOT1.2,Legacy-Remaining,0.00044869998237118125,6
w204-heterogeneous-fast,0,4.096,TTFT5.2_TPOT1.2,Raw-Full,0.0002796999760903418,3
w204-heterogeneous-fast,0,4.096,TTFT5.2_TPOT1.2,Raw-Remaining,0.0006826000171713531,6
w204-heterogeneous-fast,0,4.096,TTFT5.2_TPOT5,Legacy-Full,0.0032296000281348825,25
w204-heterogeneous-fast,0,4.096,TTFT5.2_TPOT5,Legacy-Remaining,0.0041514000040479004,29
w204-heterogeneous-fast,0,4.096,TTFT5.2_TPOT5,Raw-Full,0.003041599993593991,25
w204-heterogeneous-fast,0,4.096,TTFT5.2_TPOT5,Raw-Remaining,0.004153100016992539,29
w204-heterogeneous-fast,0,4.096,TTFT5.2_TPOT10,Legacy-Full,0.005018699972424656,33
w204-heterogeneous-fast,0,4.096,TTFT5.2_TPOT10,Legacy-Remaining,0.30726670002331957,711
w204-heterogeneous-fast,0,4.096,TTFT5.2_TPOT10,Raw-Full,0.005024900019634515,33
w204-heterogeneous-fast,0,4.096,TTFT5.2_TPOT10,Raw-Remaining,0.30738669994752854,711
w204-heterogeneous-fast,1,4.096,TTFT5.2_TPOT0.3,Legacy-Remaining,0.00028600002406165004,3
w204-heterogeneous-fast,1,4.096,TTFT5.2_TPOT0.3,Raw-Full,0.00028719997499138117,3
w204-heterogeneous-fast,1,4.096,TTFT5.2_TPOT0.3,Raw-Remaining,0.00030319998040795326,3
w204-heterogeneous-fast,1,4.096,TTFT5.2_TPOT0.3,Legacy-Full,0.00027540000155568123,3
w204-heterogeneous-fast,1,4.096,TTFT5.2_TPOT1.2,Legacy-Remaining,0.00045739999040961266,6
w204-heterogeneous-fast,1,4.096,TTFT5.2_TPOT1.2,Raw-Full,0.0002769000129774213,3
w204-heterogeneous-fast,1,4.096,TTFT5.2_TPOT1.2,Raw-Remaining,0.00045980000868439674,6
w204-heterogeneous-fast,1,4.096,TTFT5.2_TPOT1.2,Legacy-Full,0.00026890001026913524,3
w204-heterogeneous-fast,1,4.096,TTFT5.2_TPOT5,Legacy-Remaining,0.004734499962069094,29
w204-heterogeneous-fast,1,4.096,TTFT5.2_TPOT5,Raw-Full,0.0031913999700918794,25
w204-heterogeneous-fast,1,4.096,TTFT5.2_TPOT5,Raw-Remaining,0.004073799995239824,29
w204-heterogeneous-fast,1,4.096,TTFT5.2_TPOT5,Legacy-Full,0.003146299975924194,25
w204-heterogeneous-fast,1,4.096,TTFT5.2_TPOT10,Legacy-Remaining,0.3076034000259824,711
w204-heterogeneous-fast,1,4.096,TTFT5.2_TPOT10,Raw-Full,0.00505219999467954,33
w204-heterogeneous-fast,1,4.096,TTFT5.2_TPOT10,Raw-Remaining,0.30570099997567013,711
w204-heterogeneous-fast,1,4.096,TTFT5.2_TPOT10,Legacy-Full,0.005224100023042411,33
w204-heterogeneous-fast,2,4.096,TTFT5.2_TPOT0.3,Raw-Full,0.0003168999683111906,3
w204-heterogeneous-fast,2,4.096,TTFT5.2_TPOT0.3,Raw-Remaining,0.00036880001425743103,3
w204-heterogeneous-fast,2,4.096,TTFT5.2_TPOT0.3,Legacy-Full,0.0002747000544331968,3
w204-heterogeneous-fast,2,4.096,TTFT5.2_TPOT0.3,Legacy-Remaining,0.0002867000293917954,3
w204-heterogeneous-fast,2,4.096,TTFT5.2_TPOT1.2,Raw-Full,0.00027000001864507794,3
w204-heterogeneous-fast,2,4.096,TTFT5.2_TPOT1.2,Raw-Remaining,0.00045950000640004873,6
w204-heterogeneous-fast,2,4.096,TTFT5.2_TPOT1.2,Legacy-Full,0.0003474999684840441,3
w204-heterogeneous-fast,2,4.096,TTFT5.2_TPOT1.2,Legacy-Remaining,0.0004868999822065234,6
w204-heterogeneous-fast,2,4.096,TTFT5.2_TPOT5,Raw-Full,0.003085100033786148,25
w204-heterogeneous-fast,2,4.096,TTFT5.2_TPOT5,Raw-Remaining,0.004345599969383329,29
w204-heterogeneous-fast,2,4.096,TTFT5.2_TPOT5,Legacy-Full,0.003091600025072694,25
w204-heterogeneous-fast,2,4.096,TTFT5.2_TPOT5,Legacy-Remaining,0.0038528000004589558,28
w204-heterogeneous-fast,2,4.096,TTFT5.2_TPOT10,Raw-Full,0.005019400035962462,33
w204-heterogeneous-fast,2,4.096,TTFT5.2_TPOT10,Raw-Remaining,0.30373210000107065,711
w204-heterogeneous-fast,2,4.096,TTFT5.2_TPOT10,Legacy-Full,0.004814699990674853,33
w204-heterogeneous-fast,2,4.096,TTFT5.2_TPOT10,Legacy-Remaining,0.2981343000428751,711
w204-heterogeneous-fast,-2,16.384,TTFT5.2_TPOT0.3,Raw-Remaining,0.0005889000021852553,7
w204-heterogeneous-fast,-2,16.384,TTFT5.2_TPOT0.3,Legacy-Full,0.0005536000244319439,7
w204-heterogeneous-fast,-2,16.384,TTFT5.2_TPOT0.3,Legacy-Remaining,0.0005722999921999872,7
w204-heterogeneous-fast,-2,16.384,TTFT5.2_TPOT0.3,Raw-Full,0.0005646999925374985,7
w204-heterogeneous-fast,-2,16.384,TTFT5.2_TPOT1.2,Raw-Remaining,0.0008117000106722116,7
w204-heterogeneous-fast,-2,16.384,TTFT5.2_TPOT1.2,Legacy-Full,0.0007016999879851937,7
w204-heterogeneous-fast,-2,16.384,TTFT5.2_TPOT1.2,Legacy-Remaining,0.0005682999617420137,7
w204-heterogeneous-fast,-2,16.384,TTFT5.2_TPOT1.2,Raw-Full,0.0005458000232465565,7
w204-heterogeneous-fast,-2,16.384,TTFT5.2_TPOT5,Raw-Remaining,0.0006614999729208648,8
w204-heterogeneous-fast,-2,16.384,TTFT5.2_TPOT5,Legacy-Full,0.000589100003708154,7
w204-heterogeneous-fast,-2,16.384,TTFT5.2_TPOT5,Legacy-Remaining,0.000719799951184541,8
w204-heterogeneous-fast,-2,16.384,TTFT5.2_TPOT5,Raw-Full,0.0005505000008270144,7
w204-heterogeneous-fast,-2,16.384,TTFT5.2_TPOT10,Raw-Remaining,0.0029421999934129417,21
w204-heterogeneous-fast,-2,16.384,TTFT5.2_TPOT10,Legacy-Full,0.0006428000051528215,8
w204-heterogeneous-fast,-2,16.384,TTFT5.2_TPOT10,Legacy-Remaining,0.00255880004260689,19
w204-heterogeneous-fast,-2,16.384,TTFT5.2_TPOT10,Raw-Full,0.0009574000141583383,8
w204-heterogeneous-fast,-1,16.384,TTFT5.2_TPOT0.3,Legacy-Full,0.0006098000449128449,7
w204-heterogeneous-fast,-1,16.384,TTFT5.2_TPOT0.3,Legacy-Remaining,0.0005943999858573079,7
w204-heterogeneous-fast,-1,16.384,TTFT5.2_TPOT0.3,Raw-Full,0.0005546000320464373,7
w204-heterogeneous-fast,-1,16.384,TTFT5.2_TPOT0.3,Raw-Remaining,0.0005675999564118683,7
w204-heterogeneous-fast,-1,16.384,TTFT5.2_TPOT1.2,Legacy-Full,0.0005522000137716532,7
w204-heterogeneous-fast,-1,16.384,TTFT5.2_TPOT1.2,Legacy-Remaining,0.0005800999933853745,7
w204-heterogeneous-fast,-1,16.384,TTFT5.2_TPOT1.2,Raw-Full,0.0005857999785803258,7
w204-heterogeneous-fast,-1,16.384,TTFT5.2_TPOT1.2,Raw-Remaining,0.00059120001969859,7
w204-heterogeneous-fast,-1,16.384,TTFT5.2_TPOT5,Legacy-Full,0.0005525000160560012,7
w204-heterogeneous-fast,-1,16.384,TTFT5.2_TPOT5,Legacy-Remaining,0.0007066999678499997,8
w204-heterogeneous-fast,-1,16.384,TTFT5.2_TPOT5,Raw-Full,0.0005570999928750098,7
w204-heterogeneous-fast,-1,16.384,TTFT5.2_TPOT5,Raw-Remaining,0.0006781999836675823,8
w204-heterogeneous-fast,-1,16.384,TTFT5.2_TPOT10,Legacy-Full,0.0006512000109069049,8
w204-heterogeneous-fast,-1,16.384,TTFT5.2_TPOT10,Legacy-Remaining,0.0029491999885067344,21
w204-heterogeneous-fast,-1,16.384,TTFT5.2_TPOT10,Raw-Full,0.0006437000120058656,8
w204-heterogeneous-fast,-1,16.384,TTFT5.2_TPOT10,Raw-Remaining,0.00318689999403432,21
w204-heterogeneous-fast,0,16.384,TTFT5.2_TPOT0.3,Legacy-Remaining,0.0005914000212214887,7
w204-heterogeneous-fast,0,16.384,TTFT5.2_TPOT0.3,Raw-Full,0.0006388999754562974,7
w204-heterogeneous-fast,0,16.384,TTFT5.2_TPOT0.3,Raw-Remaining,0.0005771999713033438,7
w204-heterogeneous-fast,0,16.384,TTFT5.2_TPOT0.3,Legacy-Full,0.0005688999663107097,7
w204-heterogeneous-fast,0,16.384,TTFT5.2_TPOT1.2,Legacy-Remaining,0.0005626999773085117,7
w204-heterogeneous-fast,0,16.384,TTFT5.2_TPOT1.2,Raw-Full,0.0005613999674096704,7
w204-heterogeneous-fast,0,16.384,TTFT5.2_TPOT1.2,Raw-Remaining,0.0005878999945707619,7
w204-heterogeneous-fast,0,16.384,TTFT5.2_TPOT1.2,Legacy-Full,0.0005518000107258558,7
w204-heterogeneous-fast,0,16.384,TTFT5.2_TPOT5,Legacy-Remaining,0.000660700025036931,8
w204-heterogeneous-fast,0,16.384,TTFT5.2_TPOT5,Raw-Full,0.0006494999979622662,7
w204-heterogeneous-fast,0,16.384,TTFT5.2_TPOT5,Raw-Remaining,0.0006838999688625336,8
w204-heterogeneous-fast,0,16.384,TTFT5.2_TPOT5,Legacy-Full,0.0005913000204600394,7
w204-heterogeneous-fast,0,16.384,TTFT5.2_TPOT10,Legacy-Remaining,0.002785300021059811,21
w204-heterogeneous-fast,0,16.384,TTFT5.2_TPOT10,Raw-Full,0.0006431000074371696,8
w204-heterogeneous-fast,0,16.384,TTFT5.2_TPOT10,Raw-Remaining,0.0028936000308021903,21
w204-heterogeneous-fast,0,16.384,TTFT5.2_TPOT10,Legacy-Full,0.0006448999629355967,8
w204-heterogeneous-fast,1,16.384,TTFT5.2_TPOT0.3,Raw-Full,0.0005600000149570405,7
w204-heterogeneous-fast,1,16.384,TTFT5.2_TPOT0.3,Raw-Remaining,0.0005872999900020659,7
w204-heterogeneous-fast,1,16.384,TTFT5.2_TPOT0.3,Legacy-Full,0.0005442999536171556,7
w204-heterogeneous-fast,1,16.384,TTFT5.2_TPOT0.3,Legacy-Remaining,0.0005753000150434673,7
w204-heterogeneous-fast,1,16.384,TTFT5.2_TPOT1.2,Raw-Full,0.0007602000259794295,7
w204-heterogeneous-fast,1,16.384,TTFT5.2_TPOT1.2,Raw-Remaining,0.0005819000070914626,7
w204-heterogeneous-fast,1,16.384,TTFT5.2_TPOT1.2,Legacy-Full,0.0006015999824739993,7
w204-heterogeneous-fast,1,16.384,TTFT5.2_TPOT1.2,Legacy-Remaining,0.0005800999933853745,7
w204-heterogeneous-fast,1,16.384,TTFT5.2_TPOT5,Raw-Full,0.0005587000050581992,7
w204-heterogeneous-fast,1,16.384,TTFT5.2_TPOT5,Raw-Remaining,0.0006857000407762825,8
w204-heterogeneous-fast,1,16.384,TTFT5.2_TPOT5,Legacy-Full,0.0006017999839968979,7
w204-heterogeneous-fast,1,16.384,TTFT5.2_TPOT5,Legacy-Remaining,0.000679299992043525,8
w204-heterogeneous-fast,1,16.384,TTFT5.2_TPOT10,Raw-Full,0.0007321000448428094,8
w204-heterogeneous-fast,1,16.384,TTFT5.2_TPOT10,Raw-Remaining,0.0030824000132270157,21
w204-heterogeneous-fast,1,16.384,TTFT5.2_TPOT10,Legacy-Full,0.0006639999919570982,8
w204-heterogeneous-fast,1,16.384,TTFT5.2_TPOT10,Legacy-Remaining,0.0029078000225126743,21
w204-heterogeneous-fast,2,16.384,TTFT5.2_TPOT0.3,Raw-Remaining,0.0005815000040456653,7
w204-heterogeneous-fast,2,16.384,TTFT5.2_TPOT0.3,Legacy-Full,0.0005507000023499131,7
w204-heterogeneous-fast,2,16.384,TTFT5.2_TPOT0.3,Legacy-Remaining,0.0005660000024363399,7
w204-heterogeneous-fast,2,16.384,TTFT5.2_TPOT0.3,Raw-Full,0.0005517000099644065,7
w204-heterogeneous-fast,2,16.384,TTFT5.2_TPOT1.2,Raw-Remaining,0.0005611000233329833,7
w204-heterogeneous-fast,2,16.384,TTFT5.2_TPOT1.2,Legacy-Full,0.0005465000285767019,7
w204-heterogeneous-fast,2,16.384,TTFT5.2_TPOT1.2,Legacy-Remaining,0.0006087999790906906,7
w204-heterogeneous-fast,2,16.384,TTFT5.2_TPOT1.2,Raw-Full,0.0005532000213861465,7
w204-heterogeneous-fast,2,16.384,TTFT5.2_TPOT5,Raw-Remaining,0.0007054000161588192,8
w204-heterogeneous-fast,2,16.384,TTFT5.2_TPOT5,Legacy-Full,0.0005631999811157584,7
w204-heterogeneous-fast,2,16.384,TTFT5.2_TPOT5,Legacy-Remaining,0.0006848999764770269,8
w204-heterogeneous-fast,2,16.384,TTFT5.2_TPOT5,Raw-Full,0.0005379000212997198,7
w204-heterogeneous-fast,2,16.384,TTFT5.2_TPOT10,Raw-Remaining,0.0028869000379927456,21
w204-heterogeneous-fast,2,16.384,TTFT5.2_TPOT10,Legacy-Full,0.000665100000333041,8
w204-heterogeneous-fast,2,16.384,TTFT5.2_TPOT10,Legacy-Remaining,0.0028377000126056373,21
w204-heterogeneous-fast,2,16.384,TTFT5.2_TPOT10,Raw-Full,0.0006639999919570982,8
w204-heterogeneous-fast,-2,65.536,TTFT5.2_TPOT0.3,Legacy-Full,0.0010343000176362693,10
w204-heterogeneous-fast,-2,65.536,TTFT5.2_TPOT0.3,Legacy-Remaining,0.0010036000167019665,10
w204-heterogeneous-fast,-2,65.536,TTFT5.2_TPOT0.3,Raw-Full,0.0009343000128865242,10
w204-heterogeneous-fast,-2,65.536,TTFT5.2_TPOT0.3,Raw-Remaining,0.0009175000013783574,10
w204-heterogeneous-fast,-2,65.536,TTFT5.2_TPOT1.2,Legacy-Full,0.000889600021764636,10
w204-heterogeneous-fast,-2,65.536,TTFT5.2_TPOT1.2,Legacy-Remaining,0.0010277999681420624,10
w204-heterogeneous-fast,-2,65.536,TTFT5.2_TPOT1.2,Raw-Full,0.0009334000060334802,10
w204-heterogeneous-fast,-2,65.536,TTFT5.2_TPOT1.2,Raw-Remaining,0.0009722999529913068,10
w204-heterogeneous-fast,-2,65.536,TTFT5.2_TPOT5,Legacy-Full,0.0008691999828442931,10
w204-heterogeneous-fast,-2,65.536,TTFT5.2_TPOT5,Legacy-Remaining,0.0013072000001557171,10
w204-heterogeneous-fast,-2,65.536,TTFT5.2_TPOT5,Raw-Full,0.0008802999509498477,10
w204-heterogeneous-fast,-2,65.536,TTFT5.2_TPOT5,Raw-Remaining,0.0009175000013783574,10
w204-heterogeneous-fast,-2,65.536,TTFT5.2_TPOT10,Legacy-Full,0.0009734999621286988,10
w204-heterogeneous-fast,-2,65.536,TTFT5.2_TPOT10,Legacy-Remaining,0.0009276000200770795,10
w204-heterogeneous-fast,-2,65.536,TTFT5.2_TPOT10,Raw-Full,0.0008734999573789537,10
w204-heterogeneous-fast,-2,65.536,TTFT5.2_TPOT10,Raw-Remaining,0.0009120999602600932,10
w204-heterogeneous-fast,-1,65.536,TTFT5.2_TPOT0.3,Legacy-Remaining,0.00100760004715994,10
w204-heterogeneous-fast,-1,65.536,TTFT5.2_TPOT0.3,Raw-Full,0.0008747999672777951,10
w204-heterogeneous-fast,-1,65.536,TTFT5.2_TPOT0.3,Raw-Remaining,0.0010618999949656427,10
w204-heterogeneous-fast,-1,65.536,TTFT5.2_TPOT0.3,Legacy-Full,0.0008951999479904771,10
w204-heterogeneous-fast,-1,65.536,TTFT5.2_TPOT1.2,Legacy-Remaining,0.0009542999905534089,10
w204-heterogeneous-fast,-1,65.536,TTFT5.2_TPOT1.2,Raw-Full,0.0009827000321820378,10
w204-heterogeneous-fast,-1,65.536,TTFT5.2_TPOT1.2,Raw-Remaining,0.0009218999766744673,10
w204-heterogeneous-fast,-1,65.536,TTFT5.2_TPOT1.2,Legacy-Full,0.0008833000320009887,10
w204-heterogeneous-fast,-1,65.536,TTFT5.2_TPOT5,Legacy-Remaining,0.0009642000077292323,10
w204-heterogeneous-fast,-1,65.536,TTFT5.2_TPOT5,Raw-Full,0.0009037000127136707,10
w204-heterogeneous-fast,-1,65.536,TTFT5.2_TPOT5,Raw-Remaining,0.0009834999800659716,10
w204-heterogeneous-fast,-1,65.536,TTFT5.2_TPOT5,Legacy-Full,0.0009506000205874443,10
w204-heterogeneous-fast,-1,65.536,TTFT5.2_TPOT10,Legacy-Remaining,0.0009553999989293516,10
w204-heterogeneous-fast,-1,65.536,TTFT5.2_TPOT10,Raw-Full,0.0008690999820828438,10
w204-heterogeneous-fast,-1,65.536,TTFT5.2_TPOT10,Raw-Remaining,0.0009394999942742288,10
w204-heterogeneous-fast,-1,65.536,TTFT5.2_TPOT10,Legacy-Full,0.00118680001469329,10
w204-heterogeneous-fast,0,65.536,TTFT5.2_TPOT0.3,Raw-Full,0.0008700999896973372,10
w204-heterogeneous-fast,0,65.536,TTFT5.2_TPOT0.3,Raw-Remaining,0.0008985000313259661,10
w204-heterogeneous-fast,0,65.536,TTFT5.2_TPOT0.3,Legacy-Full,0.0008533999789506197,10
w204-heterogeneous-fast,0,65.536,TTFT5.2_TPOT0.3,Legacy-Remaining,0.0009139999747276306,10
w204-heterogeneous-fast,0,65.536,TTFT5.2_TPOT1.2,Raw-Full,0.000860599975567311,10
w204-heterogeneous-fast,0,65.536,TTFT5.2_TPOT1.2,Raw-Remaining,0.0008999999845400453,10
w204-heterogeneous-fast,0,65.536,TTFT5.2_TPOT1.2,Legacy-Full,0.0008553999941796064,10
w204-heterogeneous-fast,0,65.536,TTFT5.2_TPOT1.2,Legacy-Remaining,0.0008938999962992966,10
w204-heterogeneous-fast,0,65.536,TTFT5.2_TPOT5,Raw-Full,0.0009539999882690609,10
w204-heterogeneous-fast,0,65.536,TTFT5.2_TPOT5,Raw-Remaining,0.0009292999748140574,10
w204-heterogeneous-fast,0,65.536,TTFT5.2_TPOT5,Legacy-Full,0.0009588999673724174,10
w204-heterogeneous-fast,0,65.536,TTFT5.2_TPOT5,Legacy-Remaining,0.0009162999922409654,10
w204-heterogeneous-fast,0,65.536,TTFT5.2_TPOT10,Raw-Full,0.0008841000380925834,10
w204-heterogeneous-fast,0,65.536,TTFT5.2_TPOT10,Raw-Remaining,0.0009717000066302717,10
w204-heterogeneous-fast,0,65.536,TTFT5.2_TPOT10,Legacy-Full,0.0008850999874994159,10
w204-heterogeneous-fast,0,65.536,TTFT5.2_TPOT10,Legacy-Remaining,0.0009783999994397163,10
w204-heterogeneous-fast,1,65.536,TTFT5.2_TPOT0.3,Raw-Remaining,0.0009697999921627343,10
w204-heterogeneous-fast,1,65.536,TTFT5.2_TPOT0.3,Legacy-Full,0.0009237999911420047,10
w204-heterogeneous-fast,1,65.536,TTFT5.2_TPOT0.3,Legacy-Remaining,0.0008809999562799931,10
w204-heterogeneous-fast,1,65.536,TTFT5.2_TPOT0.3,Raw-Full,0.0008696999866515398,10
w204-heterogeneous-fast,1,65.536,TTFT5.2_TPOT1.2,Raw-Remaining,0.0008722000056877732,10
w204-heterogeneous-fast,1,65.536,TTFT5.2_TPOT1.2,Legacy-Full,0.0008857999928295612,10
w204-heterogeneous-fast,1,65.536,TTFT5.2_TPOT1.2,Legacy-Remaining,0.0008936999947763979,10
w204-heterogeneous-fast,1,65.536,TTFT5.2_TPOT1.2,Raw-Full,0.0012123999767936766,10
w204-heterogeneous-fast,1,65.536,TTFT5.2_TPOT5,Raw-Remaining,0.0009621999925002456,10
w204-heterogeneous-fast,1,65.536,TTFT5.2_TPOT5,Legacy-Full,0.0008702999912202358,10
w204-heterogeneous-fast,1,65.536,TTFT5.2_TPOT5,Legacy-Remaining,0.0008903999696485698,10
w204-heterogeneous-fast,1,65.536,TTFT5.2_TPOT5,Raw-Full,0.0008578000124543905,10
w204-heterogeneous-fast,1,65.536,TTFT5.2_TPOT10,Raw-Remaining,0.0008812000160105526,10
w204-heterogeneous-fast,1,65.536,TTFT5.2_TPOT10,Legacy-Full,0.000865899957716465,10
w204-heterogeneous-fast,1,65.536,TTFT5.2_TPOT10,Legacy-Remaining,0.0009578000172041357,10
w204-heterogeneous-fast,1,65.536,TTFT5.2_TPOT10,Raw-Full,0.0008837000350467861,10
w204-heterogeneous-fast,2,65.536,TTFT5.2_TPOT0.3,Legacy-Full,0.0008687999797984958,10
w204-heterogeneous-fast,2,65.536,TTFT5.2_TPOT0.3,Legacy-Remaining,0.0009076999849639833,10
w204-heterogeneous-fast,2,65.536,TTFT5.2_TPOT0.3,Raw-Full,0.0010701999999582767,10
w204-heterogeneous-fast,2,65.536,TTFT5.2_TPOT0.3,Raw-Remaining,0.0009665999677963555,10
w204-heterogeneous-fast,2,65.536,TTFT5.2_TPOT1.2,Legacy-Full,0.0009426000178791583,10
w204-heterogeneous-fast,2,65.536,TTFT5.2_TPOT1.2,Legacy-Remaining,0.0010202000266872346,10
w204-heterogeneous-fast,2,65.536,TTFT5.2_TPOT1.2,Raw-Full,0.0009139000321738422,10
w204-heterogeneous-fast,2,65.536,TTFT5.2_TPOT1.2,Raw-Remaining,0.0009370000334456563,10
w204-heterogeneous-fast,2,65.536,TTFT5.2_TPOT5,Legacy-Full,0.000938400044105947,10
w204-heterogeneous-fast,2,65.536,TTFT5.2_TPOT5,Legacy-Remaining,0.0009143000352196395,10
w204-heterogeneous-fast,2,65.536,TTFT5.2_TPOT5,Raw-Full,0.0008674999698996544,10
w204-heterogeneous-fast,2,65.536,TTFT5.2_TPOT5,Raw-Remaining,0.0008875000057742,10
w204-heterogeneous-fast,2,65.536,TTFT5.2_TPOT10,Legacy-Full,0.0008477999945171177,10
w204-heterogeneous-fast,2,65.536,TTFT5.2_TPOT10,Legacy-Remaining,0.0009156000451184809,10
w204-heterogeneous-fast,2,65.536,TTFT5.2_TPOT10,Raw-Full,0.0009363999706692994,10
w204-heterogeneous-fast,2,65.536,TTFT5.2_TPOT10,Raw-Remaining,0.0010411000112071633,10
